{
  "disease_name": "Fast Transmission, High Severity (1918 Influenza)",
  "R0": 1.8,
  "beta_scale": 10.0,
  "tau": 1.2,
  "kappa": 1.9,
  "gamma": 4.1,
  "chi": 1.0,
  "rho": 0.39,
  "nu": "0.002013710,0.000766899,0.001312944,0.000481093,0.000127993"
}
