{
"type": "FeatureCollection",
"name": "Florida_counties_2023",
"crs": { "type": "name", "properties": { "name": "urn:ogc:def:crs:OGC:1.3:CRS84" } },
"features": [
{ "type": "Feature", "properties": { "STATEFP": "12", "COUNTYFP": "123", "COUNTYNS": "00295728", "GEOIDFQ": "0500000US12123", "GEOID": "12123", "NAME": "Taylor", "NAMELSAD": "Taylor County", "STUSPS": "FL", "STATE_NAME": "Florida", "LSAD": "06", "ALAND": 2702230205.0, "AWATER": 1213570858.0, "STATE_NAME_HYPHEN": "Florida" }, "geometry": { "type": "MultiPolygon", "coordinates": [ [ [ [ -83.830815, 29.971061 ], [ -83.829032, 29.969825 ], [ -83.827012, 29.971061 ], [ -83.827844, 29.972811 ], [ -83.830048, 29.973025 ], [ -83.830815, 29.971061 ] ] ], [ [ [ -83.992284, 30.089108 ], [ -83.9913856, 30.0860222 ], [ -83.989644, 30.087273 ], [ -83.98605, 30.084595 ], [ -83.986867, 30.081103 ], [ -83.989241, 30.077688 ], [ -83.983227, 30.073082 ], [ -83.973587, 30.072506 ], [ -83.969567, 30.070413 ], [ -83.967518, 30.065764 ], [ -83.95968, 30.064943 ], [ -83.957724, 30.062733 ], [ -83.95166, 30.058633 ], [ -83.95088, 30.053407 ], [ -83.945689, 30.055009 ], [ -83.943861, 30.050776 ], [ -83.939085, 30.0501 ], [ -83.933432, 30.046305 ], [ -83.931879, 30.044175 ], [ -83.933668, 30.041152 ], [ -83.93151, 30.039068 ], [ -83.925364, 30.034568 ], [ -83.920004, 30.034611 ], [ -83.913824, 30.032553 ], [ -83.91315, 30.028992 ], [ -83.874032, 30.011131 ], [ -83.862961, 30.007858 ], [ -83.858882, 30.004762 ], [ -83.845427, 29.998068 ], [ -83.82869, 29.983187 ], [ -83.822032, 29.982153 ], [ -83.819465, 29.984186 ], [ -83.812573, 29.981921 ], [ -83.807729, 29.976711 ], [ -83.802649, 29.977598 ], [ -83.795757, 29.975745 ], [ -83.7926353, 29.9762945 ], [ -83.788729, 29.976982 ], [ -83.782447, 29.975539 ], [ -83.780772, 29.97217 ], [ -83.775792, 29.972245 ], [ -83.774003, 29.968076 ], [ -83.770325, 29.968539 ], [ -83.767235, 29.968127 ], [ -83.765571, 29.964832 ], [ -83.762012, 29.960824 ], [ -83.757249, 29.957943 ], [ -83.75258, 29.955688 ], [ -83.749409, 29.958861 ], [ -83.746319, 29.957831 ], [ -83.74323, 29.954124 ], [ -83.73917, 29.949212 ], [ -83.727887, 29.94097 ], [ -83.71756, 29.937237 ], [ -83.711746, 29.933268 ], [ -83.697319, 29.927837 ], [ -83.688843, 29.922162 ], [ -83.684285, 29.923436 ], [ -83.680791, 29.921574 ], [ -83.679219, 29.918513 ], [ -83.679024, 29.914445 ], [ -83.677182, 29.911581 ], [ -83.671636, 29.909788 ], [ -83.668703, 29.906 ], [ -83.662287, 29.902465 ], [ -83.659951, 29.899524 ], [ -83.653657, 29.8947184 ], [ -83.65357, 29.894652 ], [ -83.63798, 29.886073 ], [ -83.636494, 29.882725 ], [ -83.636987, 29.876458 ], [ -83.632565, 29.873874 ], [ -83.629273, 29.863441 ], [ -83.623422, 29.853942 ], [ -83.619636, 29.847601 ], [ -83.618568, 29.842336 ], [ -83.613037, 29.839867 ], [ -83.610604, 29.836674 ], [ -83.605244, 29.836387 ], [ -83.601421, 29.833092 ], [ -83.602594, 29.830478 ], [ -83.595493, 29.827984 ], [ -83.594362, 29.818552 ], [ -83.59252, 29.818647 ], [ -83.590401, 29.821416 ], [ -83.586836, 29.818941 ], [ -83.587549, 29.816054 ], [ -83.585899, 29.811754 ], [ -83.588975, 29.805331 ], [ -83.588477, 29.802242 ], [ -83.585438, 29.80044 ], [ -83.58446, 29.796874 ], [ -83.581903, 29.792063 ], [ -83.583045, 29.787307 ], [ -83.586089, 29.784644 ], [ -83.589213, 29.783261 ], [ -83.586968, 29.778929 ], [ -83.584716, 29.77608 ], [ -83.5812903, 29.7715001 ], [ -83.578955, 29.768378 ], [ -83.583271, 29.765725 ], [ -83.585648, 29.761392 ], [ -83.584222, 29.758503 ], [ -83.579873, 29.759203 ], [ -83.573289, 29.763249 ], [ -83.566018, 29.761434 ], [ -83.563068, 29.754583 ], [ -83.560803, 29.749241 ], [ -83.559977, 29.743034 ], [ -83.55388, 29.741123 ], [ -83.547172, 29.732223 ], [ -83.549283, 29.729612 ], [ -83.547927, 29.728081 ], [ -83.542485, 29.728152 ], [ -83.535735, 29.725691 ], [ -83.526228, 29.72115 ], [ -83.512716, 29.71648 ], [ -83.509575, 29.712405 ], [ -83.504124, 29.713718 ], [ -83.492953, 29.712686 ], [ -83.498657, 29.709796 ], [ -83.495673, 29.707776 ], [ -83.490906, 29.708361 ], [ -83.487724, 29.7003 ], [ -83.483567, 29.698542 ], [ -83.483691, 29.688209 ], [ -83.47849, 29.687565 ], [ -83.463956, 29.68213 ], [ -83.458489, 29.680478 ], [ -83.458326, 29.678155 ], [ -83.455356, 29.676444 ], [ -83.448194, 29.675254 ], [ -83.444635, 29.677155 ], [ -83.436259, 29.677389 ], [ -83.428759, 29.675005 ], [ -83.424976, 29.669533 ], [ -83.418559, 29.66912 ], [ -83.414701, 29.670536 ], [ -83.410953, 29.669946 ], [ -83.4096242, 29.6684444 ], [ -83.402953, 29.671872 ], [ -83.40075, 29.673492 ], [ -83.398512, 29.673935 ], [ -83.39496, 29.67151 ], [ -83.390366, 29.671381 ], [ -83.387663, 29.669495 ], [ -83.386042, 29.668889 ], [ -83.381837, 29.669593 ], [ -83.374859, 29.66718 ], [ -83.373351, 29.665951 ], [ -83.369354, 29.666673 ], [ -83.366398, 29.665701 ], [ -83.365278, 29.667051 ], [ -83.363207, 29.668238 ], [ -83.363072, 29.670377 ], [ -83.364388, 29.671227 ], [ -83.363968, 29.673573 ], [ -83.365437, 29.675834 ], [ -83.364994, 29.676715 ], [ -83.362336, 29.678407 ], [ -83.359547, 29.682884 ], [ -83.357843, 29.684572 ], [ -83.35371, 29.691192 ], [ -83.352826, 29.69309 ], [ -83.35074, 29.695301 ], [ -83.350615, 29.697899 ], [ -83.351284, 29.70051 ], [ -83.351296, 29.705204 ], [ -83.351372, 29.706694 ], [ -83.350141, 29.712396 ], [ -83.346963, 29.715071 ], [ -83.347099, 29.717747 ], [ -83.346106, 29.719733 ], [ -83.347399, 29.721341 ], [ -83.347026, 29.72351 ], [ -83.344902, 29.726811 ], [ -83.346576, 29.730793 ], [ -83.347763, 29.73209 ], [ -83.347642, 29.733856 ], [ -83.343749, 29.735396 ], [ -83.343267, 29.73713 ], [ -83.344773, 29.740423 ], [ -83.345676, 29.74349 ], [ -83.342884, 29.745389 ], [ -83.341821, 29.747845 ], [ -83.341488, 29.751516 ], [ -83.338799, 29.755274 ], [ -83.33843, 29.757709 ], [ -83.336561, 29.760721 ], [ -83.333956, 29.761768 ], [ -83.331678, 29.761876 ], [ -83.330684, 29.764884 ], [ -83.328462, 29.765755 ], [ -83.328572, 29.767698 ], [ -83.327575, 29.769166 ], [ -83.326161, 29.769337 ], [ -83.32591, 29.770717 ], [ -83.326887, 29.77274 ], [ -83.326483, 29.773757 ], [ -83.32401, 29.774598 ], [ -83.32199, 29.776804 ], [ -83.321587, 29.778178 ], [ -83.319462, 29.778328 ], [ -83.318859, 29.822623 ], [ -83.35286, 29.822222 ], [ -83.352986, 29.887859 ], [ -83.37089, 29.887934 ], [ -83.370481, 30.006028 ], [ -83.36845, 30.128672 ], [ -83.36836, 30.13038 ], [ -83.368564, 30.187217 ], [ -83.367699, 30.197016 ], [ -83.36678, 30.20109 ], [ -83.36702, 30.22656 ], [ -83.36726, 30.26044 ], [ -83.427372, 30.260806 ], [ -83.43038, 30.26074 ], [ -83.433789, 30.260169 ], [ -83.469267, 30.260351 ], [ -83.468768, 30.304212 ], [ -83.578973, 30.30391 ], [ -83.586689, 30.303595 ], [ -83.636827, 30.30401 ], [ -83.708172, 30.303591 ], [ -83.710841, 30.303697 ], [ -83.717479, 30.303547 ], [ -83.820235, 30.30354 ], [ -83.820267, 30.299667 ], [ -83.821002, 30.299974 ], [ -83.822616, 30.299045 ], [ -83.822849, 30.298045 ], [ -83.825802, 30.29709 ], [ -83.826215, 30.295334 ], [ -83.828418, 30.292674 ], [ -83.827509, 30.291559 ], [ -83.829317, 30.291785 ], [ -83.828859, 30.29064 ], [ -83.827762, 30.290505 ], [ -83.829465, 30.287863 ], [ -83.833734, 30.286706 ], [ -83.834854, 30.285309 ], [ -83.834454, 30.284517 ], [ -83.836835, 30.283271 ], [ -83.836356, 30.282056 ], [ -83.837652, 30.280764 ], [ -83.838245, 30.282031 ], [ -83.838496, 30.280399 ], [ -83.839791, 30.280717 ], [ -83.841735, 30.279824 ], [ -83.842738, 30.278386 ], [ -83.844485, 30.27814 ], [ -83.844874, 30.277432 ], [ -83.847738, 30.278492 ], [ -83.847784, 30.277795 ], [ -83.849474, 30.276921 ], [ -83.850297, 30.277837 ], [ -83.853754, 30.277027 ], [ -83.854263, 30.274061 ], [ -83.856574, 30.2744 ], [ -83.856987, 30.273318 ], [ -83.860044, 30.272201 ], [ -83.861386, 30.270861 ], [ -83.863331, 30.271503 ], [ -83.86468, 30.270518 ], [ -83.866351, 30.270383 ], [ -83.867654, 30.271271 ], [ -83.869514, 30.270787 ], [ -83.871024, 30.269629 ], [ -83.87326, 30.268857 ], [ -83.876516, 30.268825 ], [ -83.877335, 30.269418 ], [ -83.878346, 30.268479 ], [ -83.879118, 30.269166 ], [ -83.88167, 30.267609 ], [ -83.882941, 30.264992 ], [ -83.884268, 30.265735 ], [ -83.884919, 30.264382 ], [ -83.886269, 30.263488 ], [ -83.888162, 30.263256 ], [ -83.890474, 30.261458 ], [ -83.89238, 30.260777 ], [ -83.893402, 30.258085 ], [ -83.89549, 30.257875 ], [ -83.896873, 30.256472 ], [ -83.896166, 30.255023 ], [ -83.897026, 30.254776 ], [ -83.897327, 30.252127 ], [ -83.899654, 30.249936 ], [ -83.902611, 30.249545 ], [ -83.90196, 30.248637 ], [ -83.902519, 30.247499 ], [ -83.904767, 30.248158 ], [ -83.906325, 30.248047 ], [ -83.906575, 30.247004 ], [ -83.910118, 30.247679 ], [ -83.910463, 30.24678 ], [ -83.912194, 30.245878 ], [ -83.913751, 30.246171 ], [ -83.915533, 30.245386 ], [ -83.915327, 30.242128 ], [ -83.916391, 30.240866 ], [ -83.91583, 30.239634 ], [ -83.916677, 30.235423 ], [ -83.916001, 30.234416 ], [ -83.917543, 30.231704 ], [ -83.92064, 30.230112 ], [ -83.921603, 30.228779 ], [ -83.919056, 30.22792 ], [ -83.918239, 30.225042 ], [ -83.916604, 30.225515 ], [ -83.916561, 30.223423 ], [ -83.917772, 30.222194 ], [ -83.917601, 30.2209 ], [ -83.918915, 30.219893 ], [ -83.9174, 30.217565 ], [ -83.918193, 30.216012 ], [ -83.918043, 30.21481 ], [ -83.919294, 30.213514 ], [ -83.920541, 30.213336 ], [ -83.921172, 30.210684 ], [ -83.923622, 30.208632 ], [ -83.923869, 30.206759 ], [ -83.925791, 30.204582 ], [ -83.923688, 30.203046 ], [ -83.923644, 30.201793 ], [ -83.924764, 30.20129 ], [ -83.924395, 30.198347 ], [ -83.927029, 30.194297 ], [ -83.925453, 30.19286 ], [ -83.927257, 30.19089 ], [ -83.927887, 30.191172 ], [ -83.929323, 30.189801 ], [ -83.93101, 30.189123 ], [ -83.932653, 30.191112 ], [ -83.934618, 30.191035 ], [ -83.936397, 30.19176 ], [ -83.94083, 30.19209 ], [ -83.943317, 30.191032 ], [ -83.944346, 30.189838 ], [ -83.947938, 30.188674 ], [ -83.948798, 30.18749 ], [ -83.951299, 30.186282 ], [ -83.951753, 30.185148 ], [ -83.950779, 30.184043 ], [ -83.950801, 30.181252 ], [ -83.952206, 30.179627 ], [ -83.953066, 30.177462 ], [ -83.952705, 30.175791 ], [ -83.953656, 30.175111 ], [ -83.954704, 30.175703 ], [ -83.956924, 30.174399 ], [ -83.958115, 30.171422 ], [ -83.956885, 30.168503 ], [ -83.95758, 30.16631 ], [ -83.957794, 30.162037 ], [ -83.959995, 30.160616 ], [ -83.962876, 30.157834 ], [ -83.963048, 30.157024 ], [ -83.961866, 30.154039 ], [ -83.960354, 30.152398 ], [ -83.96133, 30.151162 ], [ -83.966558, 30.149375 ], [ -83.969926, 30.147327 ], [ -83.972426, 30.146459 ], [ -83.973327, 30.145625 ], [ -83.973323, 30.142238 ], [ -83.972487, 30.141571 ], [ -83.972643, 30.140365 ], [ -83.971826, 30.139213 ], [ -83.969146, 30.137586 ], [ -83.968652, 30.136815 ], [ -83.969665, 30.133828 ], [ -83.970535, 30.133308 ], [ -83.970999, 30.131516 ], [ -83.973693, 30.128437 ], [ -83.97401, 30.126662 ], [ -83.97574, 30.125303 ], [ -83.97772, 30.123094 ], [ -83.978397, 30.119908 ], [ -83.980005, 30.118293 ], [ -83.980183, 30.114308 ], [ -83.981483, 30.110208 ], [ -83.982983, 30.108708 ], [ -83.984683, 30.104808 ], [ -83.987984, 30.103608 ], [ -83.989684, 30.100908 ], [ -83.989784, 30.098608 ], [ -83.992184, 30.096208 ], [ -83.991984, 30.093408 ], [ -83.992284, 30.089108 ] ] ] ] } },
{ "type": "Feature", "properties": { "STATEFP": "12", "COUNTYFP": "017", "COUNTYNS": "00295752", "GEOIDFQ": "0500000US12017", "GEOID": "12017", "NAME": "Citrus", "NAMELSAD": "Citrus County", "STUSPS": "FL", "STATE_NAME": "Florida", "LSAD": "06", "ALAND": 1507146172.0, "AWATER": 981162732.0, "STATE_NAME_HYPHEN": "Florida" }, "geometry": { "type": "MultiPolygon", "coordinates": [ [ [ [ -82.756146, 28.799062 ], [ -82.749253, 28.797604 ], [ -82.746401, 28.791355 ], [ -82.747481, 28.783381 ], [ -82.741172, 28.77719 ], [ -82.736707, 28.77371 ], [ -82.734334, 28.777106 ], [ -82.731427, 28.784065 ], [ -82.723815, 28.790452 ], [ -82.730476, 28.797396 ], [ -82.734041, 28.799062 ], [ -82.742123, 28.803228 ], [ -82.751154, 28.802186 ], [ -82.757334, 28.800728 ], [ -82.756146, 28.799062 ] ] ], [ [ [ -82.7594209, 28.9924122 ], [ -82.751981, 28.98797 ], [ -82.757165, 28.985952 ], [ -82.754869, 28.983824 ], [ -82.753332, 28.981436 ], [ -82.750917, 28.982397 ], [ -82.743582, 28.978194 ], [ -82.743669, 28.97019 ], [ -82.732615, 28.966594 ], [ -82.725723, 28.962227 ], [ -82.7253702, 28.9605746 ], [ -82.723861, 28.953506 ], [ -82.708793, 28.935979 ], [ -82.702618, 28.932955 ], [ -82.696013, 28.930821 ], [ -82.69625, 28.925204 ], [ -82.701479, 28.919379 ], [ -82.695537, 28.916259 ], [ -82.6954332, 28.9162529 ], [ -82.691972, 28.916051 ], [ -82.692316, 28.912473 ], [ -82.695775, 28.910433 ], [ -82.688864, 28.905609 ], [ -82.688657, 28.89518 ], [ -82.689775, 28.885495 ], [ -82.6951958, 28.881995 ], [ -82.700612, 28.878498 ], [ -82.710671, 28.875451 ], [ -82.727888, 28.871251 ], [ -82.730964, 28.858397 ], [ -82.733827, 28.852194 ], [ -82.729391, 28.847679 ], [ -82.727624, 28.839253 ], [ -82.736589, 28.835913 ], [ -82.738695, 28.824796 ], [ -82.73214, 28.820513 ], [ -82.730239, 28.815931 ], [ -82.722395, 28.809476 ], [ -82.715027, 28.806352 ], [ -82.714366, 28.8040346 ], [ -82.713126, 28.799687 ], [ -82.706708, 28.797604 ], [ -82.705282, 28.795729 ], [ -82.700326, 28.792236 ], [ -82.698152, 28.796354 ], [ -82.695062, 28.795729 ], [ -82.691497, 28.792188 ], [ -82.691972, 28.788856 ], [ -82.696726, 28.784273 ], [ -82.702545, 28.777431 ], [ -82.697201, 28.774065 ], [ -82.696906, 28.768009 ], [ -82.698281, 28.75701 ], [ -82.6979338, 28.7481106 ], [ -82.697914, 28.747604 ], [ -82.693693, 28.742188 ], [ -82.690071, 28.736559 ], [ -82.693874, 28.733432 ], [ -82.698865, 28.733432 ], [ -82.704807, 28.735933 ], [ -82.708372, 28.72843 ], [ -82.715027, 28.726971 ], [ -82.720731, 28.718634 ], [ -82.720838, 28.713698 ], [ -82.71266, 28.713858 ], [ -82.704807, 28.714465 ], [ -82.695287, 28.708015 ], [ -82.691031, 28.701717 ], [ -82.683416, 28.700498 ], [ -82.675097, 28.698205 ], [ -82.6745857, 28.6940609 ], [ -82.552629, 28.694635 ], [ -82.552402, 28.694642 ], [ -82.550684, 28.694677 ], [ -82.507397, 28.694671 ], [ -82.451416, 28.694813 ], [ -82.418353, 28.694859 ], [ -82.418049, 28.669539 ], [ -82.417785, 28.665898 ], [ -82.359878, 28.665954 ], [ -82.32269, 28.666853 ], [ -82.277208, 28.66693 ], [ -82.27429, 28.666919 ], [ -82.268422, 28.666915 ], [ -82.263052, 28.667634 ], [ -82.261603, 28.669342 ], [ -82.260454, 28.672195 ], [ -82.259638, 28.677769 ], [ -82.25997, 28.682723 ], [ -82.257285, 28.686877 ], [ -82.254016, 28.689624 ], [ -82.253575, 28.692315 ], [ -82.25076, 28.696439 ], [ -82.249947, 28.699763 ], [ -82.248603, 28.701494 ], [ -82.249115, 28.703651 ], [ -82.250955, 28.704867 ], [ -82.251072, 28.705794 ], [ -82.248926, 28.707403 ], [ -82.251026, 28.709632 ], [ -82.25114, 28.710931 ], [ -82.249338, 28.713492 ], [ -82.249207, 28.717393 ], [ -82.246268, 28.718894 ], [ -82.241926, 28.723782 ], [ -82.239321, 28.724572 ], [ -82.238016, 28.72557 ], [ -82.236497, 28.728145 ], [ -82.234268, 28.729287 ], [ -82.232681, 28.730711 ], [ -82.232431, 28.733312 ], [ -82.231357, 28.736076 ], [ -82.229647, 28.737375 ], [ -82.227874, 28.737929 ], [ -82.224409, 28.741059 ], [ -82.222169, 28.741941 ], [ -82.218591, 28.744022 ], [ -82.217759, 28.74482 ], [ -82.217352, 28.747751 ], [ -82.216309, 28.748291 ], [ -82.213504, 28.747431 ], [ -82.212636, 28.748395 ], [ -82.212039, 28.751719 ], [ -82.210702, 28.754063 ], [ -82.208145, 28.755584 ], [ -82.207314, 28.756874 ], [ -82.206173, 28.757159 ], [ -82.203851, 28.756639 ], [ -82.201662, 28.757759 ], [ -82.199022, 28.757308 ], [ -82.195475, 28.760065 ], [ -82.189439, 28.758969 ], [ -82.18628, 28.760468 ], [ -82.183361, 28.763503 ], [ -82.183062, 28.765778 ], [ -82.18239, 28.76695 ], [ -82.182241, 28.768879 ], [ -82.18312, 28.76976 ], [ -82.185628, 28.770056 ], [ -82.187943, 28.77124 ], [ -82.188373, 28.772237 ], [ -82.188315, 28.776783 ], [ -82.186898, 28.779501 ], [ -82.184148, 28.783321 ], [ -82.178509, 28.78587 ], [ -82.178001, 28.787321 ], [ -82.175842, 28.787515 ], [ -82.170848, 28.79019 ], [ -82.169289, 28.791929 ], [ -82.169141, 28.792954 ], [ -82.169779, 28.796715 ], [ -82.176792, 28.801727 ], [ -82.178909, 28.802739 ], [ -82.179307, 28.803316 ], [ -82.179476, 28.806355 ], [ -82.181206, 28.809173 ], [ -82.181465, 28.813221 ], [ -82.182763, 28.816997 ], [ -82.182602, 28.821785 ], [ -82.183637, 28.823626 ], [ -82.185806, 28.825721 ], [ -82.186973, 28.826313 ], [ -82.191213, 28.826834 ], [ -82.196074, 28.830212 ], [ -82.198583, 28.83067 ], [ -82.204977, 28.834748 ], [ -82.206568, 28.837822 ], [ -82.206701, 28.840029 ], [ -82.208647, 28.841596 ], [ -82.210836, 28.841889 ], [ -82.212231, 28.842733 ], [ -82.217964, 28.849558 ], [ -82.219217, 28.850764 ], [ -82.221373, 28.851829 ], [ -82.2224, 28.852737 ], [ -82.227501, 28.855211 ], [ -82.228812, 28.855311 ], [ -82.231952, 28.856582 ], [ -82.233157, 28.858231 ], [ -82.236224, 28.860583 ], [ -82.236771, 28.861871 ], [ -82.236157, 28.863595 ], [ -82.236958, 28.86516 ], [ -82.240142, 28.866785 ], [ -82.240328, 28.867666 ], [ -82.239183, 28.870016 ], [ -82.241838, 28.874197 ], [ -82.242529, 28.876813 ], [ -82.244419, 28.877112 ], [ -82.246245, 28.879408 ], [ -82.251032, 28.881151 ], [ -82.253273, 28.883178 ], [ -82.255152, 28.884064 ], [ -82.258081, 28.886352 ], [ -82.25898, 28.886638 ], [ -82.2621, 28.889272 ], [ -82.265659, 28.890341 ], [ -82.267645, 28.892028 ], [ -82.268786, 28.893998 ], [ -82.270066, 28.895218 ], [ -82.273585, 28.897216 ], [ -82.274265, 28.899311 ], [ -82.276248, 28.901668 ], [ -82.274731, 28.903352 ], [ -82.276092, 28.904674 ], [ -82.277317, 28.910553 ], [ -82.280428, 28.912636 ], [ -82.282184, 28.914693 ], [ -82.28193, 28.917827 ], [ -82.284132, 28.921295 ], [ -82.284398, 28.923176 ], [ -82.286843, 28.925582 ], [ -82.288595, 28.928786 ], [ -82.28863, 28.931687 ], [ -82.289992, 28.935593 ], [ -82.290642, 28.93633 ], [ -82.292246, 28.937239 ], [ -82.293927, 28.937365 ], [ -82.295944, 28.938397 ], [ -82.294848, 28.941569 ], [ -82.295611, 28.943688 ], [ -82.295358, 28.944713 ], [ -82.296438, 28.946114 ], [ -82.297091, 28.948354 ], [ -82.299041, 28.950048 ], [ -82.302387, 28.952263 ], [ -82.305106, 28.952537 ], [ -82.306835, 28.954473 ], [ -82.308701, 28.955558 ], [ -82.309791, 28.957614 ], [ -82.311268, 28.958428 ], [ -82.311697, 28.960391 ], [ -82.311753, 28.9606 ], [ -82.311686, 28.963737 ], [ -82.312067, 28.9649 ], [ -82.312254, 28.966645 ], [ -82.313397, 28.969476 ], [ -82.315619, 28.970876 ], [ -82.315836, 28.973271 ], [ -82.317697, 28.973424 ], [ -82.319271, 28.974405 ], [ -82.319309, 28.973803 ], [ -82.319833, 28.973118 ], [ -82.320274, 28.973146 ], [ -82.32106, 28.973493 ], [ -82.321284, 28.974027 ], [ -82.321281, 28.97535 ], [ -82.323163, 28.975335 ], [ -82.323238, 28.976086 ], [ -82.32493, 28.976706 ], [ -82.327325, 28.978809 ], [ -82.329674, 28.97895 ], [ -82.330095, 28.980026 ], [ -82.331349, 28.980424 ], [ -82.332096, 28.98197 ], [ -82.333224, 28.982368 ], [ -82.333944, 28.981523 ], [ -82.335335, 28.983124 ], [ -82.337157, 28.983519 ], [ -82.337856, 28.984761 ], [ -82.339901, 28.98604 ], [ -82.341364, 28.987776 ], [ -82.342901, 28.987244 ], [ -82.345809, 28.987104 ], [ -82.347834, 28.987842 ], [ -82.349612, 28.988672 ], [ -82.352394, 28.991242 ], [ -82.356336, 28.991703 ], [ -82.357609, 28.993144 ], [ -82.361575, 28.993649 ], [ -82.362074, 28.995671 ], [ -82.363247, 28.996963 ], [ -82.361831, 28.998315 ], [ -82.363169, 28.999085 ], [ -82.364362, 29.001073 ], [ -82.363933, 29.001811 ], [ -82.366411, 29.002616 ], [ -82.368799, 29.00105 ], [ -82.369613, 29.001795 ], [ -82.373446, 29.002368 ], [ -82.375, 29.001968 ], [ -82.37698, 29.000696 ], [ -82.37871, 29.002502 ], [ -82.377953, 29.0046 ], [ -82.378647, 29.005217 ], [ -82.381837, 29.006265 ], [ -82.385858, 29.008078 ], [ -82.386871, 29.009262 ], [ -82.389583, 29.008059 ], [ -82.390767, 29.008463 ], [ -82.390635, 29.009914 ], [ -82.391955, 29.008372 ], [ -82.393503, 29.008006 ], [ -82.394888, 29.010147 ], [ -82.397577, 29.011491 ], [ -82.397367, 29.012552 ], [ -82.395444, 29.013184 ], [ -82.395042, 29.014544 ], [ -82.397612, 29.015051 ], [ -82.398315, 29.015836 ], [ -82.397676, 29.017011 ], [ -82.400303, 29.016504 ], [ -82.40122, 29.015583 ], [ -82.402166, 29.016104 ], [ -82.401637, 29.018996 ], [ -82.403273, 29.018863 ], [ -82.405023, 29.016685 ], [ -82.407041, 29.016563 ], [ -82.40838, 29.017025 ], [ -82.409677, 29.0152 ], [ -82.410607, 29.015455 ], [ -82.412959, 29.014814 ], [ -82.416365, 29.013337 ], [ -82.418226, 29.01305 ], [ -82.42033, 29.014616 ], [ -82.419553, 29.017692 ], [ -82.42047, 29.01854 ], [ -82.423884, 29.018615 ], [ -82.425739, 29.019396 ], [ -82.424706, 29.021064 ], [ -82.425011, 29.021694 ], [ -82.426997, 29.021385 ], [ -82.429601, 29.021334 ], [ -82.429142, 29.022742 ], [ -82.431085, 29.023208 ], [ -82.429751, 29.02377 ], [ -82.431972, 29.024624 ], [ -82.432112, 29.027057 ], [ -82.432794, 29.027798 ], [ -82.434242, 29.026645 ], [ -82.436532, 29.027691 ], [ -82.435124, 29.029406 ], [ -82.436619, 29.029875 ], [ -82.437433, 29.0292 ], [ -82.437875, 29.031111 ], [ -82.438871, 29.032845 ], [ -82.441498, 29.032549 ], [ -82.44235, 29.034036 ], [ -82.441777, 29.035484 ], [ -82.444398, 29.036018 ], [ -82.445061, 29.036582 ], [ -82.451493, 29.040066 ], [ -82.452625, 29.039524 ], [ -82.454028, 29.040057 ], [ -82.457113, 29.042792 ], [ -82.45835, 29.044348 ], [ -82.458566, 29.04765 ], [ -82.460797, 29.046742 ], [ -82.46349, 29.044641 ], [ -82.464326, 29.045191 ], [ -82.4648, 29.045762 ], [ -82.467054, 29.048029 ], [ -82.468233, 29.04786 ], [ -82.468983, 29.046811 ], [ -82.470546, 29.046582 ], [ -82.473176, 29.048494 ], [ -82.473588, 29.049621 ], [ -82.472923, 29.051203 ], [ -82.476646, 29.051148 ], [ -82.477893, 29.052565 ], [ -82.47881, 29.052217 ], [ -82.482059, 29.052483 ], [ -82.483388, 29.051246 ], [ -82.485111, 29.051506 ], [ -82.488072, 29.051449 ], [ -82.488588, 29.05014 ], [ -82.487118, 29.048375 ], [ -82.489757, 29.048395 ], [ -82.491064, 29.047332 ], [ -82.494051, 29.046214 ], [ -82.495227, 29.044354 ], [ -82.498379, 29.041784 ], [ -82.500156, 29.041843 ], [ -82.500612, 29.041134 ], [ -82.502719, 29.041647 ], [ -82.508131, 29.037479 ], [ -82.510041, 29.03786 ], [ -82.508606, 29.040333 ], [ -82.509652, 29.041402 ], [ -82.511769, 29.0412 ], [ -82.511583, 29.043234 ], [ -82.513, 29.043157 ], [ -82.516939, 29.044199 ], [ -82.516825, 29.042353 ], [ -82.520483, 29.039788 ], [ -82.52313, 29.039999 ], [ -82.523197, 29.041767 ], [ -82.524208, 29.041957 ], [ -82.52501, 29.04059 ], [ -82.525683, 29.041471 ], [ -82.524945, 29.042255 ], [ -82.52581, 29.043118 ], [ -82.52776, 29.042529 ], [ -82.530378, 29.043627 ], [ -82.531203, 29.043076 ], [ -82.531931, 29.041057 ], [ -82.534922, 29.040866 ], [ -82.533914, 29.042559 ], [ -82.534477, 29.044532 ], [ -82.535591, 29.044855 ], [ -82.537166, 29.044313 ], [ -82.536613, 29.042963 ], [ -82.538085, 29.04225 ], [ -82.54205, 29.042146 ], [ -82.542773, 29.042694 ], [ -82.545817, 29.041793 ], [ -82.549887, 29.039223 ], [ -82.550625, 29.037881 ], [ -82.556737, 29.033605 ], [ -82.558081, 29.034049 ], [ -82.558273, 29.035186 ], [ -82.562203, 29.034742 ], [ -82.563888, 29.035877 ], [ -82.565931, 29.034809 ], [ -82.567875, 29.034398 ], [ -82.56895, 29.033488 ], [ -82.572704, 29.032383 ], [ -82.573192, 29.030842 ], [ -82.574803, 29.029117 ], [ -82.576974, 29.028065 ], [ -82.583592, 29.027983 ], [ -82.588529, 29.028632 ], [ -82.593616, 29.030039 ], [ -82.596641, 29.029178 ], [ -82.597884, 29.027926 ], [ -82.600283, 29.024091 ], [ -82.601684, 29.021294 ], [ -82.601811, 29.018489 ], [ -82.600715, 29.016394 ], [ -82.602131, 29.013451 ], [ -82.603476, 29.012344 ], [ -82.607473, 29.010443 ], [ -82.612653, 29.009271 ], [ -82.615541, 29.010131 ], [ -82.618224, 29.01029 ], [ -82.620956, 29.012495 ], [ -82.622973, 29.012478 ], [ -82.625838, 29.013877 ], [ -82.628241, 29.013586 ], [ -82.629043, 29.01399 ], [ -82.630942, 29.016477 ], [ -82.633577, 29.016154 ], [ -82.63441, 29.017833 ], [ -82.635802, 29.017755 ], [ -82.638975, 29.018249 ], [ -82.639418, 29.019059 ], [ -82.639952, 29.021148 ], [ -82.640988, 29.021461 ], [ -82.644072, 29.020076 ], [ -82.64613, 29.021514 ], [ -82.648329, 29.021895 ], [ -82.649538, 29.020955 ], [ -82.650036, 29.021762 ], [ -82.652692, 29.023035 ], [ -82.654533, 29.023117 ], [ -82.657429, 29.022192 ], [ -82.65968, 29.023579 ], [ -82.662489, 29.02401 ], [ -82.6648, 29.023811 ], [ -82.666307, 29.024927 ], [ -82.669342, 29.025287 ], [ -82.672863, 29.025502 ], [ -82.675472, 29.026196 ], [ -82.675588, 29.027396 ], [ -82.676907, 29.03026 ], [ -82.677095, 29.03056 ], [ -82.677394, 29.030569 ], [ -82.67775, 29.030446 ], [ -82.678023, 29.030259 ], [ -82.67844, 29.030175 ], [ -82.67891, 29.030189 ], [ -82.680018, 29.030398 ], [ -82.680276, 29.030494 ], [ -82.683541, 29.030564 ], [ -82.689814, 29.033962 ], [ -82.692386, 29.032736 ], [ -82.696516, 29.0329 ], [ -82.696907, 29.031891 ], [ -82.698633, 29.03225 ], [ -82.700692, 29.031942 ], [ -82.702833, 29.032821 ], [ -82.705961, 29.030767 ], [ -82.708178, 29.031467 ], [ -82.709803, 29.030899 ], [ -82.712039, 29.030834 ], [ -82.713243, 29.029624 ], [ -82.716921, 29.027904 ], [ -82.717536, 29.026978 ], [ -82.719336, 29.026122 ], [ -82.723736, 29.021407 ], [ -82.725309, 29.019051 ], [ -82.726915, 29.017865 ], [ -82.727945, 29.014914 ], [ -82.733467, 29.014945 ], [ -82.734479, 29.013987 ], [ -82.737214, 29.012406 ], [ -82.739686, 29.012453 ], [ -82.741897, 29.011415 ], [ -82.742738, 29.010175 ], [ -82.741892, 29.008656 ], [ -82.742741, 29.00785 ], [ -82.744292, 29.007748 ], [ -82.748176, 29.005055 ], [ -82.752351, 29.002996 ], [ -82.755421, 29.001865 ], [ -82.755588, 29.000268 ], [ -82.754485, 28.997922 ], [ -82.756278, 28.996346 ], [ -82.7594209, 28.9924122 ] ] ] ] } },
{ "type": "Feature", "properties": { "STATEFP": "12", "COUNTYFP": "071", "COUNTYNS": "00295758", "GEOIDFQ": "0500000US12071", "GEOID": "12071", "NAME": "Lee", "NAMELSAD": "Lee County", "STUSPS": "FL", "STATE_NAME": "Florida", "LSAD": "06", "ALAND": 2022848994.0, "AWATER": 1900537643.0, "STATE_NAME_HYPHEN": "Florida" }, "geometry": { "type": "MultiPolygon", "coordinates": [ [ [ [ -82.183813, 26.687796 ], [ -82.1821724, 26.6833559 ], [ -82.181565, 26.681712 ], [ -82.175732, 26.678452 ], [ -82.17288, 26.678664 ], [ -82.169314, 26.67654 ], [ -82.166028, 26.669295 ], [ -82.1611687, 26.6647091 ], [ -82.1546817, 26.6585871 ], [ -82.1527759, 26.6567885 ], [ -82.1504014, 26.6545476 ], [ -82.149943, 26.654115 ], [ -82.1466226, 26.6495296 ], [ -82.1455216, 26.6480092 ], [ -82.142554, 26.643911 ], [ -82.144358, 26.638943 ], [ -82.147686, 26.634481 ], [ -82.144596, 26.622796 ], [ -82.138654, 26.612596 ], [ -82.132007, 26.610205 ], [ -82.1300747, 26.6031541 ], [ -82.1272499, 26.5928462 ], [ -82.126568, 26.590358 ], [ -82.123498, 26.589633 ], [ -82.122083, 26.5863583 ], [ -82.121611, 26.585266 ], [ -82.124393, 26.582417 ], [ -82.1246646, 26.5769918 ], [ -82.124788099999989, 26.5745242 ], [ -82.125106, 26.568175 ], [ -82.122491, 26.554994 ], [ -82.113935, 26.540749 ], [ -82.113697, 26.532243 ], [ -82.112034, 26.527565 ], [ -82.105163, 26.5237966 ], [ -82.104666, 26.523524 ], [ -82.102051, 26.519484 ], [ -82.107042, 26.518208 ], [ -82.109149, 26.515233 ], [ -82.100625, 26.510764 ], [ -82.1009005, 26.5092993 ], [ -82.1012878, 26.5072402 ], [ -82.1019324, 26.5038131 ], [ -82.102707, 26.499695 ], [ -82.106501, 26.491392 ], [ -82.105672, 26.48393 ], [ -82.096109, 26.48393 ], [ -82.085889, 26.489493 ], [ -82.0847854, 26.4897319 ], [ -82.0815002, 26.4904431 ], [ -82.0744971, 26.4919593 ], [ -82.07175, 26.492554 ], [ -82.0693414, 26.4927476 ], [ -82.0577517, 26.4936789 ], [ -82.056892, 26.493748 ], [ -82.056892, 26.4967868 ], [ -82.056892, 26.497151 ], [ -82.058972, 26.4990126 ], [ -82.0627474, 26.5023914 ], [ -82.063309, 26.502894 ], [ -82.0651623, 26.5066634 ], [ -82.068538, 26.513529 ], [ -82.0712168, 26.524038 ], [ -82.071628, 26.525651 ], [ -82.069251, 26.535433 ], [ -82.0657867, 26.5394555 ], [ -82.0647303, 26.5406821 ], [ -82.0590772, 26.5472462 ], [ -82.05808, 26.548404 ], [ -82.0573676, 26.5483295 ], [ -82.054706, 26.548051 ], [ -82.051188, 26.542237 ], [ -82.044714, 26.539831 ], [ -82.042697, 26.536368 ], [ -82.044003, 26.534451 ], [ -82.043106, 26.532669 ], [ -82.039415, 26.532244 ], [ -82.038507, 26.529225 ], [ -82.039978, 26.526952 ], [ -82.038724, 26.525647 ], [ -82.025518, 26.53033 ], [ -82.017519299999989, 26.5291646 ], [ -82.015298, 26.528841 ], [ -82.0135351, 26.5298861 ], [ -82.0064232, 26.5341022 ], [ -82.005899, 26.534413 ], [ -82.0053158, 26.5342864 ], [ -82.0002589, 26.5331889 ], [ -81.998117, 26.532724 ], [ -81.9981639, 26.5312049 ], [ -81.9982131, 26.5296125 ], [ -81.9982946, 26.5269727 ], [ -81.998313, 26.526377 ], [ -82.00905, 26.52007 ], [ -82.010122, 26.512923 ], [ -82.007582, 26.506303 ], [ -82.008339, 26.502105 ], [ -82.007249, 26.49714 ], [ -82.010817, 26.493598 ], [ -82.012715, 26.486878 ], [ -82.0095166, 26.4844703 ], [ -82.008961, 26.484052 ], [ -81.998026, 26.4847878 ], [ -81.997012, 26.484856 ], [ -81.980712, 26.480957 ], [ -81.9727451, 26.477791 ], [ -81.969509, 26.476505 ], [ -81.956622, 26.467046 ], [ -81.9565457, 26.466691 ], [ -81.9551405, 26.4601511 ], [ -81.954839, 26.458748 ], [ -81.9552943, 26.4582182 ], [ -81.955909, 26.457503 ], [ -81.961399, 26.459546 ], [ -81.964394, 26.462068 ], [ -81.965632, 26.464799 ], [ -81.966854, 26.465515 ], [ -81.968943, 26.464836 ], [ -81.969278, 26.463887 ], [ -81.967424, 26.460855 ], [ -81.963931, 26.457216 ], [ -81.956588, 26.452844 ], [ -81.956158, 26.452588 ], [ -81.938411, 26.445058 ], [ -81.9237313, 26.4367263 ], [ -81.923611, 26.436658 ], [ -81.912844, 26.429394 ], [ -81.9072596, 26.4236127 ], [ -81.906546, 26.422874 ], [ -81.9030227, 26.4170867 ], [ -81.903015, 26.417074 ], [ -81.901721, 26.411107 ], [ -81.893902, 26.403629 ], [ -81.884558, 26.403663 ], [ -81.882513, 26.402651 ], [ -81.8825453, 26.4022329 ], [ -81.8826473, 26.4009144 ], [ -81.882669, 26.400634 ], [ -81.885571, 26.397727 ], [ -81.884271, 26.393959 ], [ -81.876519, 26.386977 ], [ -81.868983, 26.378648 ], [ -81.862902, 26.36597 ], [ -81.863132, 26.364246 ], [ -81.8587148, 26.3568064 ], [ -81.856555899999989, 26.3531702 ], [ -81.854977, 26.350511 ], [ -81.8457753, 26.3303815 ], [ -81.84105, 26.33035 ], [ -81.838816, 26.330288 ], [ -81.831651, 26.330381 ], [ -81.821163, 26.33043 ], [ -81.819119, 26.330424 ], [ -81.81908, 26.323348 ], [ -81.819019, 26.316245 ], [ -81.805169, 26.316288 ], [ -81.804973, 26.316288 ], [ -81.802816, 26.31627 ], [ -81.789135, 26.316281 ], [ -81.788111, 26.316428 ], [ -81.786217, 26.316366 ], [ -81.762536, 26.316633 ], [ -81.754404, 26.316753 ], [ -81.746167, 26.316896 ], [ -81.737237, 26.316965 ], [ -81.729606, 26.317011 ], [ -81.722405, 26.317081 ], [ -81.722098, 26.317084 ], [ -81.714649, 26.317142 ], [ -81.706262, 26.317208 ], [ -81.690494, 26.317334 ], [ -81.690036, 26.317341 ], [ -81.670527, 26.317501 ], [ -81.658911, 26.317548 ], [ -81.6579, 26.317563 ], [ -81.658064, 26.332368 ], [ -81.659506, 26.421077 ], [ -81.658356, 26.421097 ], [ -81.56252, 26.422619 ], [ -81.562216, 26.423158 ], [ -81.562743, 26.454395 ], [ -81.563075, 26.473259 ], [ -81.563763, 26.513331 ], [ -81.56382, 26.518259 ], [ -81.563827, 26.518469 ], [ -81.56421, 26.542476 ], [ -81.564591, 26.563936 ], [ -81.564888, 26.58635 ], [ -81.565103, 26.600333 ], [ -81.56576, 26.644057 ], [ -81.56609, 26.67277 ], [ -81.566258, 26.68725 ], [ -81.566385, 26.695946 ], [ -81.566515, 26.709544 ], [ -81.566527, 26.713919 ], [ -81.566502, 26.714464 ], [ -81.566401, 26.725419 ], [ -81.566275, 26.736336 ], [ -81.565748, 26.769601 ], [ -81.661695, 26.769609 ], [ -81.76074, 26.7696 ], [ -81.805526, 26.769745 ], [ -81.858643, 26.769886 ], [ -81.863598, 26.770036 ], [ -81.878528, 26.769934 ], [ -81.879008, 26.769937 ], [ -81.89214, 26.769967 ], [ -81.931098, 26.770049 ], [ -81.931333, 26.770051 ], [ -82.03816, 26.770367 ], [ -82.054229, 26.770475 ], [ -82.058926, 26.770379 ], [ -82.0598739, 26.7704053 ], [ -82.062754700000013, 26.7584762 ], [ -82.0634126, 26.7557522 ], [ -82.066575, 26.742657 ], [ -82.0701375, 26.7356868 ], [ -82.0746122, 26.726932 ], [ -82.0762843, 26.7236606 ], [ -82.079799, 26.716784 ], [ -82.083984700000016, 26.7051586 ], [ -82.084974, 26.702411 ], [ -82.0855637, 26.6965109 ], [ -82.086698, 26.685162 ], [ -82.0912244, 26.6672866 ], [ -82.091355, 26.666771 ], [ -82.0909511, 26.666197 ], [ -82.0902405, 26.6651874 ], [ -82.0865953, 26.6600082 ], [ -82.082086, 26.653601 ], [ -82.0825702, 26.65306 ], [ -82.08779, 26.647228 ], [ -82.098961, 26.645954 ], [ -82.103952, 26.654238 ], [ -82.103624, 26.665432 ], [ -82.1050344, 26.6664574 ], [ -82.106247, 26.667339 ], [ -82.1075533, 26.6707049 ], [ -82.111796, 26.681637 ], [ -82.118896, 26.690912 ], [ -82.119618800000012, 26.6918155 ], [ -82.1228677, 26.6958768 ], [ -82.125795, 26.699536 ], [ -82.139019, 26.702986 ], [ -82.151668, 26.704136 ], [ -82.158143, 26.707331 ], [ -82.17383, 26.705633 ], [ -82.1799416, 26.6994684 ], [ -82.181198, 26.698201 ], [ -82.183575, 26.695016 ], [ -82.183813, 26.687796 ] ] ], [ [ [ -82.224443, 26.593249 ], [ -82.220891, 26.583905 ], [ -82.213672, 26.579912 ], [ -82.205321, 26.567928 ], [ -82.201402, 26.55631 ], [ -82.201675, 26.551382 ], [ -82.198838, 26.545976 ], [ -82.1938011, 26.5229162 ], [ -82.1914412, 26.5121123 ], [ -82.1888712, 26.5003469 ], [ -82.186441, 26.489221 ], [ -82.1831047, 26.4816649 ], [ -82.180717, 26.476257 ], [ -82.177017, 26.471558 ], [ -82.172917, 26.467658 ], [ -82.148716, 26.455458 ], [ -82.1402762, 26.4481155 ], [ -82.1369331, 26.4452069 ], [ -82.126671, 26.436279 ], [ -82.1078233, 26.4288075 ], [ -82.098115, 26.424959 ], [ -82.082915, 26.422059 ], [ -82.0803245, 26.422059 ], [ -82.075015, 26.422059 ], [ -82.063114, 26.425459 ], [ -82.0399102, 26.4380034 ], [ -82.0209166, 26.4482717 ], [ -82.013913, 26.452058 ], [ -82.013713, 26.454258 ], [ -82.015607, 26.454858 ], [ -82.020527, 26.453111 ], [ -82.032173, 26.452685 ], [ -82.0356823, 26.4541639 ], [ -82.0360973, 26.4543388 ], [ -82.036214, 26.454388 ], [ -82.0363078, 26.4544663 ], [ -82.040815, 26.458228 ], [ -82.056447, 26.4667883 ], [ -82.062551, 26.470131 ], [ -82.066637, 26.466091 ], [ -82.076924, 26.466106 ], [ -82.088423, 26.455182 ], [ -82.120046, 26.473581 ], [ -82.128433, 26.47758 ], [ -82.132474, 26.479069 ], [ -82.140065, 26.477305 ], [ -82.149368, 26.477605 ], [ -82.1525544, 26.4797438 ], [ -82.15418, 26.480835 ], [ -82.159739, 26.481976 ], [ -82.159996, 26.486132 ], [ -82.161661, 26.486654 ], [ -82.163907, 26.485606 ], [ -82.168496, 26.487738 ], [ -82.168802, 26.492335 ], [ -82.170069, 26.493446 ], [ -82.17303, 26.493592 ], [ -82.175525, 26.491903 ], [ -82.1772736, 26.4921412 ], [ -82.17783, 26.492217 ], [ -82.178198, 26.494298 ], [ -82.176079, 26.497567 ], [ -82.176832, 26.500512 ], [ -82.179779, 26.505989 ], [ -82.179535, 26.512465 ], [ -82.1876554, 26.5232612 ], [ -82.187853, 26.523524 ], [ -82.1880052, 26.5244447 ], [ -82.1885685, 26.5278531 ], [ -82.1889005, 26.5298622 ], [ -82.1891859, 26.531589 ], [ -82.1902, 26.537725 ], [ -82.1902987, 26.5380703 ], [ -82.191884, 26.543619 ], [ -82.194792, 26.5488685 ], [ -82.197361, 26.553506 ], [ -82.199024, 26.560947 ], [ -82.206352, 26.583627 ], [ -82.214337, 26.602944 ], [ -82.21994, 26.607071 ], [ -82.224073, 26.602896 ], [ -82.224443, 26.593249 ] ] ], [ [ [ -82.262485, 26.677602 ], [ -82.254404, 26.667195 ], [ -82.248283, 26.661658 ], [ -82.244598, 26.653515 ], [ -82.236102, 26.637881 ], [ -82.231466, 26.634726 ], [ -82.227918, 26.627133 ], [ -82.223899, 26.614178 ], [ -82.223127, 26.612544 ], [ -82.221129, 26.613446 ], [ -82.220891, 26.618121 ], [ -82.218514, 26.623221 ], [ -82.218752, 26.625133 ], [ -82.223743, 26.626833 ], [ -82.227784, 26.637031 ], [ -82.228259, 26.644467 ], [ -82.23325, 26.649565 ], [ -82.234914, 26.6553 ], [ -82.238479, 26.662523 ], [ -82.237528, 26.669107 ], [ -82.235389, 26.674417 ], [ -82.234201, 26.676753 ], [ -82.242757, 26.681425 ], [ -82.245372, 26.68631 ], [ -82.244897, 26.692468 ], [ -82.24252, 26.696715 ], [ -82.24561, 26.703085 ], [ -82.246085, 26.706057 ], [ -82.250126, 26.707756 ], [ -82.253453, 26.705845 ], [ -82.25583, 26.703934 ], [ -82.257256, 26.69353 ], [ -82.258444, 26.688008 ], [ -82.262485, 26.683974 ], [ -82.262485, 26.677602 ] ] ], [ [ [ -82.269499, 26.784674 ], [ -82.264682, 26.756836 ], [ -82.263804, 26.725644 ], [ -82.264268, 26.720162 ], [ -82.261941, 26.717085 ], [ -82.258801, 26.718478 ], [ -82.2593855, 26.7243493 ], [ -82.259752, 26.728031 ], [ -82.257386400000016, 26.7357772 ], [ -82.254404, 26.745543 ], [ -82.253215, 26.754033 ], [ -82.249888, 26.762946 ], [ -82.238717, 26.767827 ], [ -82.2380636, 26.7680844 ], [ -82.230636, 26.77101 ], [ -82.220653, 26.766554 ], [ -82.210002, 26.768077 ], [ -82.205442, 26.764432 ], [ -82.203303, 26.765705 ], [ -82.202114, 26.770162 ], [ -82.2010205, 26.7707662 ], [ -82.205562, 26.770528 ], [ -82.20749, 26.771029 ], [ -82.208794, 26.771724 ], [ -82.213197, 26.775288 ], [ -82.218118, 26.779788 ], [ -82.221492, 26.781754 ], [ -82.222403, 26.781988 ], [ -82.228066, 26.782178 ], [ -82.233914, 26.783221 ], [ -82.242631, 26.785739 ], [ -82.248032, 26.786857 ], [ -82.249816, 26.786886 ], [ -82.261346, 26.788862 ], [ -82.264676, 26.789429 ], [ -82.2720924, 26.7895176 ], [ -82.269499, 26.784674 ] ] ] ] } },
{ "type": "Feature", "properties": { "STATEFP": "12", "COUNTYFP": "101", "COUNTYNS": "00295739", "GEOIDFQ": "0500000US12101", "GEOID": "12101", "NAME": "Pasco", "NAMELSAD": "Pasco County", "STUSPS": "FL", "STATE_NAME": "Florida", "LSAD": "06", "ALAND": 1933694371.0, "AWATER": 694082239.0, "STATE_NAME_HYPHEN": "Florida" }, "geometry": { "type": "MultiPolygon", "coordinates": [ [ [ [ -82.7987451, 28.1844667 ], [ -82.797382, 28.181687 ], [ -82.791347, 28.177851 ], [ -82.788931, 28.176272 ], [ -82.788873, 28.174875 ], [ -82.790438, 28.174748 ], [ -82.792977, 28.176054 ], [ -82.794355, 28.175912 ], [ -82.794719, 28.175457 ], [ -82.793858, 28.174544 ], [ -82.792515, 28.173544 ], [ -82.7927715, 28.1729837 ], [ -82.786039, 28.172936 ], [ -82.78549, 28.172567 ], [ -82.783716, 28.172863 ], [ -82.773372, 28.172879 ], [ -82.765518, 28.172888 ], [ -82.76397, 28.172895 ], [ -82.761218, 28.172913 ], [ -82.759073, 28.172931 ], [ -82.757077, 28.172951 ], [ -82.752903, 28.172993 ], [ -82.750906, 28.173003 ], [ -82.750487, 28.173007 ], [ -82.750202, 28.172755 ], [ -82.749711, 28.173191 ], [ -82.740626, 28.173301 ], [ -82.730723, 28.173303 ], [ -82.729319, 28.17317 ], [ -82.724079, 28.173221 ], [ -82.721623, 28.173162 ], [ -82.720215, 28.17319 ], [ -82.699024, 28.173247 ], [ -82.674455, 28.173312 ], [ -82.672144, 28.173319 ], [ -82.65408, 28.173281 ], [ -82.651165, 28.173266 ], [ -82.620798, 28.173348 ], [ -82.6005, 28.173264 ], [ -82.591801, 28.173211 ], [ -82.579729, 28.172959 ], [ -82.55571, 28.172859 ], [ -82.536009, 28.172576 ], [ -82.535772, 28.17279 ], [ -82.516514, 28.17272 ], [ -82.516248, 28.172714 ], [ -82.502031, 28.17222 ], [ -82.497979, 28.172496 ], [ -82.487149, 28.172264 ], [ -82.474026, 28.171935 ], [ -82.461702, 28.171828 ], [ -82.457724, 28.171766 ], [ -82.454554, 28.171752 ], [ -82.449167, 28.171769 ], [ -82.434486, 28.171386 ], [ -82.432434, 28.171086 ], [ -82.428168, 28.17128 ], [ -82.410512, 28.171213 ], [ -82.4033, 28.171175 ], [ -82.394629, 28.171257 ], [ -82.393996, 28.17126 ], [ -82.393694, 28.171257 ], [ -82.392002, 28.171257 ], [ -82.383556, 28.171241 ], [ -82.381861, 28.171044 ], [ -82.362172, 28.171277 ], [ -82.353925, 28.171281 ], [ -82.3537, 28.17128 ], [ -82.351927, 28.171265 ], [ -82.324464, 28.171326 ], [ -82.320478, 28.171343 ], [ -82.319875, 28.17133 ], [ -82.310388, 28.171397 ], [ -82.29445, 28.171454 ], [ -82.286526, 28.171471 ], [ -82.259741, 28.171462 ], [ -82.254309, 28.171467 ], [ -82.21196, 28.171868 ], [ -82.194826, 28.171898 ], [ -82.184055, 28.171653 ], [ -82.155736, 28.171662 ], [ -82.139296, 28.171655 ], [ -82.138758, 28.171802 ], [ -82.124806, 28.172149 ], [ -82.105853, 28.17165 ], [ -82.105857, 28.197322 ], [ -82.106205, 28.224196 ], [ -82.106205, 28.259226 ], [ -82.075588, 28.259196 ], [ -82.055531, 28.258928 ], [ -82.055501, 28.294603 ], [ -82.055818, 28.299628 ], [ -82.055819, 28.312794 ], [ -82.054694, 28.478397 ], [ -82.152775, 28.478426 ], [ -82.155158, 28.478428 ], [ -82.178276, 28.478496 ], [ -82.195978, 28.478522 ], [ -82.198402, 28.47851 ], [ -82.204121, 28.478727 ], [ -82.20663, 28.478584 ], [ -82.251907, 28.478794 ], [ -82.253293, 28.478491 ], [ -82.25331, 28.456782 ], [ -82.253439, 28.434824 ], [ -82.281206, 28.43479 ], [ -82.302823, 28.434897 ], [ -82.319373, 28.434939 ], [ -82.320301, 28.434847 ], [ -82.370756, 28.434058 ], [ -82.452909, 28.433751 ], [ -82.459181, 28.433687 ], [ -82.461889, 28.433776 ], [ -82.469355, 28.433767 ], [ -82.484968, 28.433698 ], [ -82.485112, 28.433697 ], [ -82.485241, 28.433697 ], [ -82.508465, 28.433708 ], [ -82.518788, 28.433719 ], [ -82.527948, 28.433741 ], [ -82.546129, 28.433819 ], [ -82.551281, 28.433848 ], [ -82.566733, 28.433848 ], [ -82.567828, 28.43385 ], [ -82.58255, 28.433869 ], [ -82.600636, 28.43391 ], [ -82.602149, 28.433904 ], [ -82.617183, 28.433843 ], [ -82.627337, 28.43385 ], [ -82.633599, 28.433854 ], [ -82.639965, 28.433842 ], [ -82.654137, 28.433651 ], [ -82.657179, 28.433625 ], [ -82.6698903, 28.4335757 ], [ -82.669882, 28.433055 ], [ -82.674427, 28.430514 ], [ -82.677348, 28.430582 ], [ -82.677934, 28.427863 ], [ -82.678787, 28.4275612 ], [ -82.682578, 28.42622 ], [ -82.685656, 28.420871 ], [ -82.692937, 28.422765 ], [ -82.694531, 28.422811 ], [ -82.697262, 28.4202 ], [ -82.697434, 28.419452 ], [ -82.694466, 28.417857 ], [ -82.694465, 28.415197 ], [ -82.699525, 28.413134 ], [ -82.699942, 28.41246 ], [ -82.699476, 28.411938 ], [ -82.692857, 28.411799 ], [ -82.689556, 28.413296 ], [ -82.6877521, 28.4123971 ], [ -82.687485, 28.412264 ], [ -82.687174, 28.409972 ], [ -82.687844, 28.40869 ], [ -82.69008, 28.408409 ], [ -82.694849, 28.405843 ], [ -82.700905, 28.403518 ], [ -82.702652, 28.403153 ], [ -82.703872, 28.404122 ], [ -82.706398, 28.403081 ], [ -82.706808, 28.4021 ], [ -82.704587, 28.401224 ], [ -82.704522, 28.399256 ], [ -82.706338, 28.394852 ], [ -82.70685, 28.392256 ], [ -82.705719, 28.39101 ], [ -82.7067231, 28.3868855 ], [ -82.706891, 28.386196 ], [ -82.704, 28.380492 ], [ -82.705431, 28.378239 ], [ -82.7015776, 28.3750553 ], [ -82.701294, 28.374821 ], [ -82.703686, 28.371958 ], [ -82.707245, 28.371706 ], [ -82.708524, 28.371133 ], [ -82.70865, 28.369899 ], [ -82.7071194, 28.3696418 ], [ -82.706038, 28.36946 ], [ -82.705914, 28.368404 ], [ -82.7060194, 28.3682949 ], [ -82.709916, 28.364262 ], [ -82.7120514, 28.3609391 ], [ -82.7128997, 28.359619 ], [ -82.713061, 28.359368 ], [ -82.718089, 28.357329 ], [ -82.718073500000017, 28.3569411 ], [ -82.7180057, 28.3552497 ], [ -82.717956, 28.35401 ], [ -82.717533, 28.353497 ], [ -82.711525, 28.35348 ], [ -82.710392, 28.35198 ], [ -82.7115963, 28.3495323 ], [ -82.711839, 28.349039 ], [ -82.7119179, 28.3490302 ], [ -82.713048700000016, 28.3489048 ], [ -82.7131911, 28.348889 ], [ -82.715354, 28.348649 ], [ -82.715822, 28.345501 ], [ -82.7164184, 28.3447198 ], [ -82.7182163, 28.3423646 ], [ -82.731461, 28.325015 ], [ -82.732458, 28.3203096 ], [ -82.733555, 28.315132 ], [ -82.731716, 28.313683 ], [ -82.7324967, 28.3121238 ], [ -82.735227, 28.306671 ], [ -82.732309, 28.30277 ], [ -82.735339, 28.299357 ], [ -82.732792, 28.291933 ], [ -82.725952, 28.291781 ], [ -82.725366, 28.290135 ], [ -82.727142, 28.288196 ], [ -82.7297909, 28.2878267 ], [ -82.73227, 28.287481 ], [ -82.733293, 28.285625 ], [ -82.7332672, 28.2854937 ], [ -82.7332213, 28.2852604 ], [ -82.7329726, 28.2839963 ], [ -82.732576, 28.28198 ], [ -82.735801, 28.280762 ], [ -82.738945, 28.282606 ], [ -82.740254, 28.282261 ], [ -82.7425678, 28.2797291 ], [ -82.743544, 28.278661 ], [ -82.7430072, 28.2778755 ], [ -82.742905, 28.277726 ], [ -82.736962, 28.276385 ], [ -82.736963, 28.2763264 ], [ -82.7369755, 28.275571 ], [ -82.736993, 28.274511 ], [ -82.7373671, 28.2744625 ], [ -82.739514, 28.2741844 ], [ -82.7400702, 28.2741123 ], [ -82.743106, 28.273719 ], [ -82.74312, 28.267863 ], [ -82.7433684, 28.2673229 ], [ -82.7443167, 28.2652609 ], [ -82.746188, 28.261192 ], [ -82.74925, 28.255857 ], [ -82.756656, 28.255913 ], [ -82.75822, 28.254931 ], [ -82.758131, 28.253877 ], [ -82.7579747, 28.2538073 ], [ -82.753061, 28.251617 ], [ -82.750906, 28.252157 ], [ -82.749434, 28.250567 ], [ -82.7486202, 28.2476735 ], [ -82.748379, 28.246816 ], [ -82.7548024, 28.241744 ], [ -82.756008, 28.240792 ], [ -82.761345, 28.24285 ], [ -82.762211, 28.242125 ], [ -82.764468, 28.232057 ], [ -82.763827, 28.231276 ], [ -82.763629, 28.2312298 ], [ -82.757252, 28.229741 ], [ -82.755986, 28.228061 ], [ -82.757688, 28.226404 ], [ -82.76446, 28.220069 ], [ -82.762643, 28.219013 ], [ -82.7665823, 28.2130502 ], [ -82.7695194, 28.2086044 ], [ -82.770014, 28.2078557 ], [ -82.770101, 28.207724 ], [ -82.77429, 28.207033 ], [ -82.778075, 28.208922 ], [ -82.782539, 28.207452 ], [ -82.787217, 28.192989 ], [ -82.797762, 28.187789 ], [ -82.799145, 28.185282 ], [ -82.7987451, 28.1844667 ] ] ], [ [ [ -82.801029, 28.173999 ], [ -82.800115, 28.173231 ], [ -82.798433, 28.173887 ], [ -82.798318, 28.174915 ], [ -82.799476, 28.175418 ], [ -82.800717, 28.175013 ], [ -82.801029, 28.173999 ] ] ], [ [ [ -82.804278, 28.176409 ], [ -82.802525, 28.175925 ], [ -82.801632, 28.176547 ], [ -82.801881, 28.177413 ], [ -82.80352, 28.177909 ], [ -82.804328, 28.177312 ], [ -82.804278, 28.176409 ] ] ], [ [ [ -82.806071, 28.173048 ], [ -82.805048, 28.172574 ], [ -82.8041194, 28.1730839 ], [ -82.804101, 28.173094 ], [ -82.804164, 28.174098 ], [ -82.80513, 28.174535 ], [ -82.806128, 28.174061 ], [ -82.806071, 28.173048 ] ] ], [ [ [ -82.849871, 28.179788 ], [ -82.8480485, 28.171717 ], [ -82.847773, 28.171682 ], [ -82.8430269, 28.1717337 ], [ -82.844339, 28.174167 ], [ -82.847022, 28.181844 ], [ -82.847055, 28.187284 ], [ -82.844221, 28.187953 ], [ -82.843063, 28.190478 ], [ -82.845774, 28.194934 ], [ -82.844385, 28.196571 ], [ -82.844929, 28.199079 ], [ -82.848442, 28.204472 ], [ -82.847606, 28.207472 ], [ -82.846062, 28.208249 ], [ -82.842837, 28.206938 ], [ -82.841041, 28.208715 ], [ -82.840446, 28.212004 ], [ -82.846018, 28.213259 ], [ -82.849496, 28.213354 ], [ -82.852432, 28.210173 ], [ -82.849871, 28.179788 ] ] ] ] } },
{ "type": "Feature", "properties": { "STATEFP": "12", "COUNTYFP": "033", "COUNTYNS": "00295737", "GEOIDFQ": "0500000US12033", "GEOID": "12033", "NAME": "Escambia", "NAMELSAD": "Escambia County", "STUSPS": "FL", "STATE_NAME": "Florida", "LSAD": "06", "ALAND": 1701606700.0, "AWATER": 1213969803.0, "STATE_NAME_HYPHEN": "Florida" }, "geometry": { "type": "MultiPolygon", "coordinates": [ [ [ [ -87.634938, 30.865886 ], [ -87.628245, 30.860131 ], [ -87.626228, 30.857127 ], [ -87.62538, 30.854355 ], [ -87.626497, 30.85188 ], [ -87.627323, 30.847961 ], [ -87.626075, 30.846494 ], [ -87.624137, 30.845713 ], [ -87.617281, 30.840353 ], [ -87.615367, 30.837031 ], [ -87.615923, 30.834693 ], [ -87.610982, 30.832632 ], [ -87.605776, 30.831304 ], [ -87.60357, 30.828624 ], [ -87.60163, 30.82514 ], [ -87.600486, 30.820627 ], [ -87.594297, 30.816984 ], [ -87.58787, 30.815037 ], [ -87.581869, 30.812403 ], [ -87.576849, 30.808163 ], [ -87.572043, 30.800532 ], [ -87.56814, 30.799088 ], [ -87.564209, 30.796246 ], [ -87.560068, 30.792258 ], [ -87.559484, 30.790447 ], [ -87.554838, 30.787125 ], [ -87.552954, 30.786941 ], [ -87.552051, 30.786254 ], [ -87.545044, 30.778666 ], [ -87.545364, 30.774105 ], [ -87.54616, 30.77202 ], [ -87.54226, 30.767504 ], [ -87.537085, 30.76253 ], [ -87.536528, 30.761383 ], [ -87.535416, 30.75476 ], [ -87.535365, 30.749775 ], [ -87.532607, 30.743489 ], [ -87.523613, 30.738306 ], [ -87.511729, 30.733535 ], [ -87.505153, 30.726313 ], [ -87.502317, 30.72159 ], [ -87.4984823, 30.7204185 ], [ -87.497515, 30.720123 ], [ -87.496772, 30.720353 ], [ -87.487036, 30.7185 ], [ -87.481225, 30.716508 ], [ -87.479819, 30.71495 ], [ -87.479579, 30.712865 ], [ -87.474429, 30.706586 ], [ -87.470397, 30.705281 ], [ -87.467717, 30.701683 ], [ -87.466338, 30.700835 ], [ -87.456948, 30.69756 ], [ -87.451404, 30.699806 ], [ -87.449362, 30.698913 ], [ -87.44358, 30.694604 ], [ -87.44228, 30.692679 ], [ -87.4401022, 30.6907361 ], [ -87.439814, 30.690479 ], [ -87.436021, 30.688668 ], [ -87.430372, 30.688645 ], [ -87.424883, 30.683374 ], [ -87.419527, 30.679981 ], [ -87.412739, 30.678055 ], [ -87.406958, 30.675165 ], [ -87.406561, 30.674019 ], [ -87.407118, 30.671796 ], [ -87.405874, 30.666616 ], [ -87.400707, 30.657148 ], [ -87.400177, 30.657217 ], [ -87.397262, 30.654351 ], [ -87.396177, 30.650454 ], [ -87.397185, 30.648117 ], [ -87.395941, 30.643968 ], [ -87.393588, 30.63088 ], [ -87.393616, 30.6303001 ], [ -87.3937572, 30.6273737 ], [ -87.393775, 30.627006 ], [ -87.394479, 30.625192 ], [ -87.395659, 30.623372 ], [ -87.39643, 30.617734 ], [ -87.39643, 30.616909 ], [ -87.395053, 30.6159 ], [ -87.395026, 30.615281 ], [ -87.397308, 30.608728 ], [ -87.39927, 30.605611 ], [ -87.401178, 30.604397 ], [ -87.404597, 30.603389 ], [ -87.406558, 30.599928 ], [ -87.408736, 30.583701 ], [ -87.4124646, 30.5738787 ], [ -87.412471, 30.5738618 ], [ -87.412712, 30.573227 ], [ -87.414513, 30.573456 ], [ -87.416261, 30.572448 ], [ -87.418354, 30.570043 ], [ -87.418513, 30.569561 ], [ -87.416951, 30.568003 ], [ -87.41666, 30.566306 ], [ -87.418647, 30.561837 ], [ -87.420925, 30.560668 ], [ -87.422408, 30.560439 ], [ -87.422805, 30.561379 ], [ -87.423362, 30.561425 ], [ -87.426037, 30.560073 ], [ -87.427891, 30.554159 ], [ -87.431441, 30.550263 ], [ -87.434963, 30.549599 ], [ -87.43544, 30.54914 ], [ -87.446586, 30.527068 ], [ -87.4464721, 30.522224 ], [ -87.446427, 30.520306 ], [ -87.444944, 30.514943 ], [ -87.445182, 30.51398 ], [ -87.446499, 30.513569 ], [ -87.447305, 30.512629 ], [ -87.447782, 30.511913 ], [ -87.447702, 30.510458 ], [ -87.444714, 30.507494 ], [ -87.44322, 30.506782 ], [ -87.43969, 30.506649 ], [ -87.438269, 30.505357 ], [ -87.431178, 30.495795 ], [ -87.430578, 30.491096 ], [ -87.432978, 30.484896 ], [ -87.434765399999989, 30.4818711 ], [ -87.435578, 30.480496 ], [ -87.434678, 30.479196 ], [ -87.431578, 30.477696 ], [ -87.430578, 30.476596 ], [ -87.429578, 30.470596 ], [ -87.425078, 30.465596 ], [ -87.414677, 30.457296 ], [ -87.407877, 30.456396 ], [ -87.404677, 30.452897 ], [ -87.399877, 30.450997 ], [ -87.396877, 30.450597 ], [ -87.391976, 30.451597 ], [ -87.381176, 30.450097 ], [ -87.378268600000013, 30.4491942 ], [ -87.370768, 30.446865 ], [ -87.36868, 30.444631 ], [ -87.366939, 30.44048 ], [ -87.366591, 30.436648 ], [ -87.367612200000011, 30.4345795 ], [ -87.368191, 30.433407 ], [ -87.371169, 30.43049 ], [ -87.382076, 30.422897 ], [ -87.3843548, 30.4216251 ], [ -87.386376, 30.420497 ], [ -87.395676, 30.417597 ], [ -87.398776, 30.415098 ], [ -87.401777, 30.411398 ], [ -87.403477, 30.410198 ], [ -87.4047734, 30.4098619 ], [ -87.408877, 30.408798 ], [ -87.413177, 30.408998 ], [ -87.419177, 30.410198 ], [ -87.422677, 30.410098 ], [ -87.426177, 30.409198 ], [ -87.429578, 30.406498 ], [ -87.4306802, 30.4048448 ], [ -87.4306855, 30.4048367 ], [ -87.431778, 30.403198 ], [ -87.434278, 30.397498 ], [ -87.437278, 30.395898 ], [ -87.438393, 30.3944551 ], [ -87.440678, 30.391498 ], [ -87.441178, 30.388598 ], [ -87.440878, 30.386698 ], [ -87.438678, 30.382098 ], [ -87.438678, 30.380798 ], [ -87.441823, 30.376304 ], [ -87.449078, 30.370399 ], [ -87.451378, 30.367199 ], [ -87.451878, 30.364999 ], [ -87.451978, 30.360299 ], [ -87.450962, 30.346262 ], [ -87.452278, 30.344099 ], [ -87.459978, 30.3363 ], [ -87.462978, 30.334 ], [ -87.464878, 30.3333 ], [ -87.4672696, 30.3328754 ], [ -87.475579, 30.3314 ], [ -87.491879, 30.3309 ], [ -87.4920423, 30.3308608 ], [ -87.49998, 30.328957 ], [ -87.502572, 30.327405 ], [ -87.504701, 30.324039 ], [ -87.505943, 30.319396 ], [ -87.5058412, 30.3150874 ], [ -87.50578, 30.3125 ], [ -87.5050022, 30.3099553 ], [ -87.50468, 30.308901 ], [ -87.50278, 30.307301 ], [ -87.5023015, 30.3071617 ], [ -87.494879, 30.305001 ], [ -87.483679, 30.304801 ], [ -87.481879, 30.306001 ], [ -87.475879, 30.3079 ], [ -87.468678, 30.3082 ], [ -87.465778, 30.3076 ], [ -87.462978, 30.3078 ], [ -87.459578, 30.3083 ], [ -87.455578, 30.3102 ], [ -87.450078, 30.3111 ], [ -87.452378, 30.300201 ], [ -87.49998, 30.287901 ], [ -87.50548, 30.287101 ], [ -87.51838, 30.283901 ], [ -87.5183644, 30.2829343 ], [ -87.5183424, 30.2815723 ], [ -87.518324, 30.280435 ], [ -87.5006179, 30.2836257 ], [ -87.492176, 30.285147 ], [ -87.481599, 30.28761 ], [ -87.464962, 30.290586 ], [ -87.453553, 30.292946 ], [ -87.4512002, 30.2932507 ], [ -87.427408, 30.296332 ], [ -87.414336, 30.299 ], [ -87.383438, 30.306388 ], [ -87.350638, 30.313364 ], [ -87.330079, 30.317673 ], [ -87.314392, 30.321469 ], [ -87.312371, 30.324238 ], [ -87.31249, 30.325777 ], [ -87.3106014, 30.326532 ], [ -87.3037696, 30.3292628 ], [ -87.3012, 30.33029 ], [ -87.30025, 30.328136 ], [ -87.29609, 30.325674 ], [ -87.287772, 30.321161 ], [ -87.270896, 30.31675 ], [ -87.24998, 30.317468 ], [ -87.226313, 30.319349 ], [ -87.20601, 30.321469 ], [ -87.1918961, 30.3232198 ], [ -87.155392, 30.327748 ], [ -87.093501, 30.33939 ], [ -87.048547, 30.348239 ], [ -87.005883, 30.35593 ], [ -86.953, 30.365364 ], [ -86.9188717, 30.3709251 ], [ -86.918937, 30.386514 ], [ -86.951738, 30.383222 ], [ -86.972699, 30.381113 ], [ -87.032312, 30.367806 ], [ -87.074408, 30.358669 ], [ -87.094439, 30.354462 ], [ -87.101405, 30.353146 ], [ -87.10207, 30.353147 ], [ -87.113927, 30.351964 ], [ -87.126057, 30.350821 ], [ -87.131402, 30.350101 ], [ -87.137299, 30.349589 ], [ -87.14778, 30.349095 ], [ -87.153125, 30.348375 ], [ -87.153628, 30.348144 ], [ -87.168822, 30.340854 ], [ -87.170868, 30.339119 ], [ -87.175587, 30.337026 ], [ -87.179021, 30.33593 ], [ -87.182006, 30.336254 ], [ -87.187736, 30.337385 ], [ -87.192092, 30.337771 ], [ -87.196422, 30.338374 ], [ -87.20245, 30.339959 ], [ -87.207419, 30.341825 ], [ -87.228974, 30.342841 ], [ -87.231429, 30.343309 ], [ -87.233053, 30.366967 ], [ -87.233284, 30.370331 ], [ -87.224399, 30.374731 ], [ -87.220181, 30.375985 ], [ -87.216209, 30.377381 ], [ -87.213011, 30.379021 ], [ -87.208887, 30.381137 ], [ -87.184652, 30.393565 ], [ -87.182305, 30.394773 ], [ -87.161175, 30.405612 ], [ -87.151906, 30.412598 ], [ -87.151354, 30.413543 ], [ -87.148205, 30.418997 ], [ -87.144718, 30.42746 ], [ -87.141553, 30.436484 ], [ -87.14138, 30.437094 ], [ -87.139378, 30.444978 ], [ -87.134516, 30.46204 ], [ -87.13357, 30.467229 ], [ -87.133312, 30.468641 ], [ -87.127065, 30.482548 ], [ -87.125714, 30.485501 ], [ -87.121451, 30.497419 ], [ -87.136815, 30.511643 ], [ -87.143104, 30.519544 ], [ -87.143236, 30.519772 ], [ -87.145808, 30.524148 ], [ -87.148097, 30.527051 ], [ -87.15204, 30.532825 ], [ -87.154086, 30.5353 ], [ -87.157292, 30.537953 ], [ -87.159333, 30.539257 ], [ -87.179811, 30.544754 ], [ -87.189888, 30.5488 ], [ -87.194777, 30.548889 ], [ -87.195302, 30.54891 ], [ -87.19717, 30.549602 ], [ -87.200418, 30.552322 ], [ -87.20309, 30.553266 ], [ -87.207667, 30.554306 ], [ -87.209715, 30.555266 ], [ -87.212019, 30.557554 ], [ -87.213891, 30.56045 ], [ -87.216531, 30.563426 ], [ -87.217043, 30.564018 ], [ -87.21829, 30.565975 ], [ -87.222914, 30.572598 ], [ -87.225219, 30.581394 ], [ -87.226515, 30.582786 ], [ -87.230815, 30.585449 ], [ -87.232399, 30.5869 ], [ -87.232282, 30.588179 ], [ -87.230744, 30.58889 ], [ -87.230474, 30.589956 ], [ -87.234277, 30.591549 ], [ -87.234054, 30.594483 ], [ -87.23477, 30.595813 ], [ -87.23658, 30.596609 ], [ -87.240388, 30.595665 ], [ -87.2425, 30.597025 ], [ -87.24378, 30.597121 ], [ -87.246423, 30.597934 ], [ -87.246412, 30.600167 ], [ -87.243748, 30.602228 ], [ -87.245508, 30.605841 ], [ -87.248952, 30.60675 ], [ -87.249665, 30.605887 ], [ -87.251092, 30.607777 ], [ -87.2537, 30.608673 ], [ -87.25626, 30.611153 ], [ -87.258884, 30.611281 ], [ -87.259508, 30.612049 ], [ -87.25738, 30.613857 ], [ -87.257156, 30.614689 ], [ -87.258612, 30.616849 ], [ -87.258772, 30.618785 ], [ -87.259684, 30.619905 ], [ -87.260757, 30.620289 ], [ -87.259866, 30.621491 ], [ -87.257315, 30.621711 ], [ -87.256212, 30.623488 ], [ -87.25226, 30.62336 ], [ -87.251956, 30.623904 ], [ -87.252245, 30.62493 ], [ -87.253973, 30.625856 ], [ -87.256211, 30.626129 ], [ -87.256945, 30.628556 ], [ -87.259515, 30.629929 ], [ -87.258691, 30.631045 ], [ -87.258368, 30.633426 ], [ -87.256743, 30.634356 ], [ -87.256821, 30.635309 ], [ -87.259142, 30.638002 ], [ -87.261006, 30.641914 ], [ -87.261471, 30.645628 ], [ -87.263558, 30.646886 ], [ -87.264458, 30.648683 ], [ -87.264741, 30.651282 ], [ -87.263836, 30.652535 ], [ -87.264273, 30.656567 ], [ -87.266439, 30.658492 ], [ -87.264288, 30.661884 ], [ -87.264597, 30.663979 ], [ -87.266884, 30.664897 ], [ -87.266231, 30.667786 ], [ -87.266702, 30.670292 ], [ -87.266753, 30.672899 ], [ -87.268059, 30.674196 ], [ -87.266313, 30.676594 ], [ -87.266642, 30.678144 ], [ -87.268884, 30.678573 ], [ -87.268802, 30.679334 ], [ -87.267768, 30.680593 ], [ -87.265814, 30.685494 ], [ -87.267472, 30.686305 ], [ -87.2655, 30.687997 ], [ -87.265786, 30.689049 ], [ -87.268145, 30.689566 ], [ -87.270375, 30.691407 ], [ -87.270218, 30.692994 ], [ -87.271599, 30.694 ], [ -87.273364, 30.693521 ], [ -87.271778, 30.695785 ], [ -87.27312, 30.698661 ], [ -87.272511, 30.700552 ], [ -87.269178, 30.699647 ], [ -87.267844, 30.701073 ], [ -87.268088, 30.702331 ], [ -87.270511, 30.703286 ], [ -87.270389, 30.704173 ], [ -87.268443, 30.706257 ], [ -87.269407, 30.711687 ], [ -87.270203, 30.712977 ], [ -87.272453, 30.713659 ], [ -87.273127, 30.7147 ], [ -87.272231, 30.716176 ], [ -87.273086, 30.717318 ], [ -87.275086, 30.71643 ], [ -87.274713, 30.714007 ], [ -87.277096, 30.713448 ], [ -87.276501, 30.715754 ], [ -87.278858, 30.716474 ], [ -87.280907, 30.719363 ], [ -87.283515, 30.719762 ], [ -87.287527, 30.719353 ], [ -87.288673, 30.720834 ], [ -87.289559, 30.720821 ], [ -87.291953, 30.718477 ], [ -87.292808, 30.718602 ], [ -87.292538, 30.720557 ], [ -87.294045, 30.721094 ], [ -87.295748, 30.720855 ], [ -87.29642, 30.720392 ], [ -87.294874, 30.719626 ], [ -87.294828, 30.717805 ], [ -87.297847, 30.717663 ], [ -87.298189, 30.719594 ], [ -87.299807, 30.719933 ], [ -87.302661, 30.71937 ], [ -87.301452, 30.721418 ], [ -87.304879, 30.723449 ], [ -87.308502, 30.72691 ], [ -87.312409, 30.73477 ], [ -87.311978, 30.73649 ], [ -87.312596, 30.73735 ], [ -87.31134, 30.737922 ], [ -87.312373, 30.740638 ], [ -87.311547, 30.741369 ], [ -87.3106, 30.740419 ], [ -87.309538, 30.741713 ], [ -87.311116, 30.742888 ], [ -87.310794, 30.743921 ], [ -87.30815, 30.745036 ], [ -87.31029, 30.746899 ], [ -87.309694, 30.748635 ], [ -87.310483, 30.750655 ], [ -87.310326, 30.751662 ], [ -87.308743, 30.753855 ], [ -87.307358, 30.753616 ], [ -87.305732, 30.755495 ], [ -87.307116, 30.756211 ], [ -87.307425, 30.758759 ], [ -87.306044, 30.759565 ], [ -87.304175, 30.757903 ], [ -87.302044, 30.760623 ], [ -87.304105, 30.76022 ], [ -87.3052, 30.76095 ], [ -87.304582, 30.763739 ], [ -87.30309, 30.763374 ], [ -87.301751, 30.764304 ], [ -87.300386, 30.763406 ], [ -87.299628, 30.764107 ], [ -87.299614, 30.766108 ], [ -87.300764, 30.767524 ], [ -87.302064, 30.767101 ], [ -87.302611, 30.765834 ], [ -87.303002, 30.765512 ], [ -87.304194, 30.765529 ], [ -87.30437, 30.765952 ], [ -87.305771, 30.770144 ], [ -87.309207, 30.770516 ], [ -87.310594, 30.771708 ], [ -87.310232, 30.772951 ], [ -87.307458, 30.775114 ], [ -87.305533, 30.775985 ], [ -87.305181, 30.777235 ], [ -87.306373, 30.777607 ], [ -87.307321, 30.776204 ], [ -87.308796, 30.775968 ], [ -87.309969, 30.778478 ], [ -87.309213, 30.780453 ], [ -87.309567, 30.782595 ], [ -87.311541, 30.783471 ], [ -87.31268, 30.785521 ], [ -87.311883, 30.78649 ], [ -87.309538, 30.786516 ], [ -87.3073, 30.787454 ], [ -87.305558, 30.787275 ], [ -87.305924, 30.788716 ], [ -87.3082, 30.788379 ], [ -87.309537, 30.789334 ], [ -87.307653, 30.790869 ], [ -87.306033, 30.791189 ], [ -87.304402, 30.7891 ], [ -87.302267, 30.789442 ], [ -87.301914, 30.790142 ], [ -87.30315, 30.792162 ], [ -87.305715, 30.792631 ], [ -87.305461, 30.798574 ], [ -87.303672, 30.799442 ], [ -87.302731, 30.801669 ], [ -87.299326, 30.801388 ], [ -87.297418, 30.804497 ], [ -87.29646, 30.808684 ], [ -87.29392, 30.809884 ], [ -87.292766, 30.811283 ], [ -87.293084, 30.812349 ], [ -87.296876, 30.815116 ], [ -87.297398, 30.816931 ], [ -87.297365, 30.820789 ], [ -87.296921, 30.824242 ], [ -87.298363, 30.82735 ], [ -87.30027, 30.828081 ], [ -87.301595, 30.827992 ], [ -87.301675, 30.831301 ], [ -87.302508, 30.832665 ], [ -87.302527, 30.833941 ], [ -87.300316, 30.834403 ], [ -87.299905, 30.835055 ], [ -87.300649, 30.837152 ], [ -87.303445, 30.838483 ], [ -87.30364, 30.839106 ], [ -87.30332, 30.839827 ], [ -87.301355, 30.840696 ], [ -87.302532, 30.842238 ], [ -87.306586, 30.841536 ], [ -87.307975, 30.843009 ], [ -87.307249, 30.845132 ], [ -87.305901, 30.846367 ], [ -87.306278, 30.847987 ], [ -87.308757, 30.847197 ], [ -87.311498, 30.846841 ], [ -87.313611, 30.847266 ], [ -87.313839, 30.847977 ], [ -87.313908, 30.848708 ], [ -87.310621, 30.854948 ], [ -87.30986, 30.858204 ], [ -87.310209, 30.859994 ], [ -87.309181, 30.861557 ], [ -87.309138, 30.863783 ], [ -87.308117, 30.864438 ], [ -87.305219, 30.863005 ], [ -87.30153, 30.863426 ], [ -87.301524, 30.866718 ], [ -87.300892, 30.868065 ], [ -87.298816, 30.869566 ], [ -87.297457, 30.871745 ], [ -87.297663, 30.872834 ], [ -87.299335, 30.873498 ], [ -87.299569, 30.874865 ], [ -87.298806, 30.875628 ], [ -87.298725, 30.877777 ], [ -87.296644, 30.87854 ], [ -87.296735, 30.879417 ], [ -87.298484, 30.880434 ], [ -87.298438, 30.881248 ], [ -87.294869, 30.883318 ], [ -87.294039, 30.884454 ], [ -87.288763, 30.886799 ], [ -87.285297, 30.887471 ], [ -87.284486, 30.887986 ], [ -87.283138, 30.892086 ], [ -87.283466, 30.89324 ], [ -87.286014, 30.895027 ], [ -87.285232, 30.901754 ], [ -87.285454, 30.903623 ], [ -87.286654, 30.905062 ], [ -87.290506, 30.908232 ], [ -87.290095, 30.909395 ], [ -87.28814, 30.909602 ], [ -87.286467, 30.907927 ], [ -87.284402, 30.908562 ], [ -87.282179, 30.9104 ], [ -87.283489, 30.913001 ], [ -87.283252, 30.914945 ], [ -87.284283, 30.915795 ], [ -87.286461, 30.915174 ], [ -87.288664, 30.915778 ], [ -87.288622, 30.917215 ], [ -87.285364, 30.917729 ], [ -87.283213, 30.918836 ], [ -87.283473, 30.921087 ], [ -87.287006, 30.924683 ], [ -87.286882, 30.925441 ], [ -87.284277, 30.924768 ], [ -87.28229, 30.924829 ], [ -87.279129, 30.926007 ], [ -87.276758, 30.925886 ], [ -87.275394, 30.927047 ], [ -87.27598, 30.930093 ], [ -87.274091, 30.931901 ], [ -87.270778, 30.932284 ], [ -87.267582, 30.934735 ], [ -87.265847, 30.934833 ], [ -87.265098, 30.933913 ], [ -87.265468, 30.931905 ], [ -87.264871, 30.930733 ], [ -87.26331, 30.931334 ], [ -87.261763, 30.935151 ], [ -87.26045, 30.935469 ], [ -87.259372, 30.931652 ], [ -87.255998, 30.931186 ], [ -87.255496, 30.931591 ], [ -87.253033, 30.937001 ], [ -87.250594, 30.938745 ], [ -87.250621, 30.939925 ], [ -87.252203, 30.942567 ], [ -87.251834, 30.943925 ], [ -87.250773, 30.944282 ], [ -87.248532, 30.942022 ], [ -87.246059, 30.942722 ], [ -87.245795, 30.946099 ], [ -87.244929, 30.947292 ], [ -87.242602, 30.947889 ], [ -87.241221, 30.94919 ], [ -87.242224, 30.951426 ], [ -87.239994, 30.953303 ], [ -87.239663, 30.955515 ], [ -87.238295, 30.958192 ], [ -87.241226, 30.959456 ], [ -87.24183, 30.96141 ], [ -87.237539, 30.962899 ], [ -87.235897, 30.964003 ], [ -87.232992, 30.967494 ], [ -87.231431, 30.968318 ], [ -87.229973, 30.967227 ], [ -87.231329, 30.965173 ], [ -87.231225, 30.963779 ], [ -87.229887, 30.962589 ], [ -87.227635, 30.961112 ], [ -87.21838, 30.963754 ], [ -87.214199, 30.961935 ], [ -87.213203, 30.962034 ], [ -87.212548, 30.963543 ], [ -87.212993, 30.966942 ], [ -87.208968, 30.9687 ], [ -87.204893, 30.969878 ], [ -87.203509, 30.970669 ], [ -87.201977, 30.97244 ], [ -87.199508, 30.973864 ], [ -87.197127, 30.976497 ], [ -87.195357, 30.976557 ], [ -87.191971, 30.975541 ], [ -87.189251, 30.976556 ], [ -87.187156, 30.981444 ], [ -87.184842, 30.983262 ], [ -87.176765, 30.98751 ], [ -87.174958, 30.98862 ], [ -87.174148, 30.991182 ], [ -87.176215, 30.994642 ], [ -87.176004, 30.996586 ], [ -87.173668, 30.995867 ], [ -87.170907, 30.99341 ], [ -87.169126, 30.993202 ], [ -87.165942, 30.99584 ], [ -87.163516, 30.996405 ], [ -87.162982, 30.998404 ], [ -87.1636472, 30.9990236 ], [ -87.1636528, 30.9990235 ], [ -87.1748003, 30.9986851 ], [ -87.224746, 30.997169 ], [ -87.237685, 30.996393 ], [ -87.2383167, 30.9964621 ], [ -87.2399698, 30.9966429 ], [ -87.2499289, 30.9977324 ], [ -87.25498, 30.998285 ], [ -87.255592, 30.998216 ], [ -87.257002, 30.998194 ], [ -87.25796, 30.998263 ], [ -87.259689, 30.998172 ], [ -87.26054, 30.998195 ], [ -87.265564, 30.998267 ], [ -87.2664843, 30.9982701 ], [ -87.276274, 30.9983028 ], [ -87.288905, 30.998345 ], [ -87.290995, 30.998352 ], [ -87.297721, 30.9984042 ], [ -87.301567, 30.998434 ], [ -87.30403, 30.998191 ], [ -87.312183, 30.998435 ], [ -87.333973, 30.998272 ], [ -87.3478773, 30.998254 ], [ -87.355656, 30.998244 ], [ -87.3638727, 30.9982184 ], [ -87.364011, 30.998218 ], [ -87.367842, 30.998292 ], [ -87.425774, 30.99809 ], [ -87.432292, 30.998205 ], [ -87.449811, 30.998272 ], [ -87.455705, 30.998318 ], [ -87.458658, 30.998386 ], [ -87.461638, 30.998202 ], [ -87.461783, 30.998201 ], [ -87.466827, 30.998178 ], [ -87.466879, 30.998178 ], [ -87.4778009, 30.9982103 ], [ -87.478706, 30.998213 ], [ -87.479703, 30.998197 ], [ -87.480243, 30.998202 ], [ -87.4837736, 30.9981466 ], [ -87.4884222, 30.9980737 ], [ -87.4983757, 30.9979176 ], [ -87.5149108, 30.9976583 ], [ -87.51952, 30.997586 ], [ -87.548543, 30.997927 ], [ -87.571281, 30.99787 ], [ -87.598928, 30.997457 ], [ -87.599172, 30.995722 ], [ -87.596722, 30.98761 ], [ -87.593395, 30.982959 ], [ -87.592676, 30.98014 ], [ -87.594164, 30.977572 ], [ -87.5941267, 30.9767009 ], [ -87.594111, 30.976335 ], [ -87.593046, 30.972966 ], [ -87.590917, 30.969414 ], [ -87.589187, 30.964464 ], [ -87.592055, 30.951492 ], [ -87.59689, 30.941131 ], [ -87.598299, 30.938793 ], [ -87.600691, 30.937074 ], [ -87.602684, 30.934277 ], [ -87.607811, 30.92449 ], [ -87.608262, 30.9219 ], [ -87.6102, 30.916628 ], [ -87.611847, 30.914541 ], [ -87.614209, 30.908536 ], [ -87.614951, 30.904226 ], [ -87.616013, 30.901453 ], [ -87.620715, 30.89893 ], [ -87.622203, 30.897508 ], [ -87.622519, 30.89368 ], [ -87.620922, 30.889923 ], [ -87.620788, 30.887494 ], [ -87.622062, 30.885408 ], [ -87.6244, 30.884696 ], [ -87.629454, 30.880115 ], [ -87.629987, 30.877686 ], [ -87.6348443, 30.8661093 ], [ -87.634938, 30.865886 ] ] ] ] } },
{ "type": "Feature", "properties": { "STATEFP": "12", "COUNTYFP": "037", "COUNTYNS": "00306911", "GEOIDFQ": "0500000US12037", "GEOID": "12037", "NAME": "Franklin", "NAMELSAD": "Franklin County", "STUSPS": "FL", "STATE_NAME": "Florida", "LSAD": "06", "ALAND": 1411539848.0, "AWATER": 2270399638.0, "STATE_NAME_HYPHEN": "Florida" }, "geometry": { "type": "MultiPolygon", "coordinates": [ [ [ [ -84.673919, 29.783212 ], [ -84.672068, 29.77958 ], [ -84.667907, 29.777897 ], [ -84.659228, 29.779264 ], [ -84.644854, 29.78319 ], [ -84.623741, 29.788498 ], [ -84.610271, 29.794844 ], [ -84.582819, 29.805982 ], [ -84.579406, 29.807853 ], [ -84.574081, 29.814004 ], [ -84.572124, 29.818665 ], [ -84.571518, 29.824167 ], [ -84.57248, 29.828459 ], [ -84.573975, 29.830572 ], [ -84.574976, 29.828872 ], [ -84.576521, 29.827841 ], [ -84.580323, 29.826913 ], [ -84.581106, 29.824379 ], [ -84.582104, 29.822927 ], [ -84.58625, 29.81959 ], [ -84.585552, 29.816809 ], [ -84.588523, 29.815056 ], [ -84.591257, 29.815881 ], [ -84.594849, 29.814777 ], [ -84.60306, 29.811648 ], [ -84.604736, 29.810293 ], [ -84.607581, 29.805173 ], [ -84.611221, 29.800412 ], [ -84.617164, 29.795669 ], [ -84.624532, 29.7901 ], [ -84.62988, 29.788656 ], [ -84.634871, 29.788038 ], [ -84.641764, 29.789585 ], [ -84.644089, 29.789671 ], [ -84.648538, 29.783706 ], [ -84.656738, 29.781746 ], [ -84.661928, 29.781719 ], [ -84.671809, 29.786557 ], [ -84.674683, 29.786234 ], [ -84.673919, 29.783212 ] ] ], [ [ [ -85.097726, 29.624028 ], [ -85.09539, 29.621169 ], [ -85.084231, 29.615163 ], [ -85.069453, 29.605282 ], [ -85.060995, 29.598536 ], [ -85.056039, 29.594365 ], [ -85.050573, 29.590231 ], [ -85.045074, 29.586991 ], [ -85.036219, 29.588919 ], [ -84.979982, 29.606455 ], [ -84.9611281, 29.6126651 ], [ -84.960849, 29.612757 ], [ -84.956452, 29.613997 ], [ -84.937825, 29.623442 ], [ -84.884632, 29.652248 ], [ -84.870055, 29.658723 ], [ -84.853829, 29.66472 ], [ -84.82963, 29.672172 ], [ -84.820579, 29.673895 ], [ -84.799129, 29.681565 ], [ -84.7969911, 29.6825895 ], [ -84.776954, 29.692191 ], [ -84.765117, 29.699724 ], [ -84.745882, 29.716383 ], [ -84.719118, 29.739098 ], [ -84.699413, 29.758151 ], [ -84.692619, 29.763039 ], [ -84.692027, 29.764924 ], [ -84.693408, 29.768864 ], [ -84.694885, 29.770915 ], [ -84.696668, 29.770709 ], [ -84.697557, 29.767735 ], [ -84.700023, 29.764213 ], [ -84.702531, 29.763955 ], [ -84.705803, 29.760586 ], [ -84.707508, 29.75409 ], [ -84.711067, 29.749998 ], [ -84.716695, 29.744707 ], [ -84.720641, 29.745221 ], [ -84.723473, 29.743435 ], [ -84.723957, 29.739394 ], [ -84.725767, 29.736089 ], [ -84.739872, 29.726749 ], [ -84.745725, 29.726252 ], [ -84.751104, 29.721776 ], [ -84.755768, 29.720031 ], [ -84.761199, 29.716222 ], [ -84.767022, 29.711413 ], [ -84.772471, 29.709826 ], [ -84.777208, 29.707398 ], [ -84.779054, 29.702549 ], [ -84.777278, 29.695864 ], [ -84.782212, 29.692606 ], [ -84.786948, 29.695006 ], [ -84.789711, 29.698435 ], [ -84.794644, 29.70272 ], [ -84.798587, 29.702074 ], [ -84.798591, 29.697749 ], [ -84.797802, 29.694835 ], [ -84.793855, 29.694664 ], [ -84.791684, 29.692949 ], [ -84.790105, 29.691749 ], [ -84.7905, 29.689521 ], [ -84.795236, 29.687121 ], [ -84.797604, 29.686949 ], [ -84.8009713, 29.684891 ], [ -84.802933, 29.683692 ], [ -84.808281, 29.684337 ], [ -84.81308, 29.681214 ], [ -84.823388, 29.678712 ], [ -84.834634, 29.675857 ], [ -84.853057, 29.671861 ], [ -84.861429, 29.672771 ], [ -84.863122, 29.669804 ], [ -84.867645, 29.670954 ], [ -84.867845, 29.666824 ], [ -84.872924, 29.664315 ], [ -84.879488, 29.663663 ], [ -84.883387, 29.660091 ], [ -84.885859, 29.656581 ], [ -84.889905, 29.656728 ], [ -84.893341, 29.656467 ], [ -84.898651, 29.653729 ], [ -84.90117, 29.650864 ], [ -84.903815, 29.648737 ], [ -84.907233, 29.649315 ], [ -84.913182, 29.649894 ], [ -84.920333, 29.648638 ], [ -84.92404, 29.646889 ], [ -84.925842, 29.644949 ], [ -84.926468, 29.640822 ], [ -84.928047, 29.638249 ], [ -84.932592, 29.637232 ], [ -84.943045, 29.627271 ], [ -84.948404, 29.622598 ], [ -84.955854, 29.620018 ], [ -84.959109, 29.617609 ], [ -84.9628702, 29.6165235 ], [ -84.963111, 29.616454 ], [ -84.969121, 29.61344 ], [ -84.981498, 29.608642 ], [ -84.987558, 29.607633 ], [ -84.997921, 29.604688 ], [ -85.00274, 29.605053 ], [ -85.007926, 29.60461 ], [ -85.011363, 29.603611 ], [ -85.013376, 29.604277 ], [ -85.014679, 29.603252 ], [ -85.014327, 29.599635 ], [ -85.015745, 29.598174 ], [ -85.020861, 29.598434 ], [ -85.027047, 29.596726 ], [ -85.038497, 29.599552 ], [ -85.048767, 29.603154 ], [ -85.052392, 29.603281 ], [ -85.069018, 29.609441 ], [ -85.073909, 29.612844 ], [ -85.078276, 29.617459 ], [ -85.083946, 29.61938 ], [ -85.089599, 29.624439 ], [ -85.091724, 29.626469 ], [ -85.094882, 29.627757 ], [ -85.097168, 29.626242 ], [ -85.097726, 29.624028 ] ] ], [ [ [ -85.2174996, 29.6947431 ], [ -85.202414, 29.698169 ], [ -85.196497, 29.697368 ], [ -85.187945, 29.699635 ], [ -85.177284, 29.700193 ], [ -85.172295, 29.703497 ], [ -85.161523, 29.705721 ], [ -85.153238, 29.708231 ], [ -85.121473, 29.715854 ], [ -85.101682, 29.718748 ], [ -85.072123, 29.719027 ], [ -85.05332, 29.715533 ], [ -85.048066, 29.715186 ], [ -85.040217, 29.712859 ], [ -85.037194, 29.711098 ], [ -85.035859, 29.708618 ], [ -85.032621, 29.708677 ], [ -85.029063, 29.711274 ], [ -85.025146, 29.712141 ], [ -85.013851, 29.709519 ], [ -85.005869, 29.711629 ], [ -85.004926, 29.713583 ], [ -85.0041338, 29.7136239 ], [ -84.997689, 29.713957 ], [ -84.993264, 29.714961 ], [ -84.986698, 29.717484 ], [ -84.981646, 29.720666 ], [ -84.9793557, 29.7209339 ], [ -84.977004, 29.721209 ], [ -84.968841, 29.72708 ], [ -84.9682661, 29.7286424 ], [ -84.964176, 29.739758 ], [ -84.946595, 29.745032 ], [ -84.9458166, 29.7455221 ], [ -84.93837, 29.750211 ], [ -84.934091, 29.755774 ], [ -84.927558, 29.761198 ], [ -84.920917, 29.772901 ], [ -84.916403, 29.777001 ], [ -84.91511, 29.783303 ], [ -84.909629, 29.783706 ], [ -84.90413, 29.786279 ], [ -84.893992, 29.785176 ], [ -84.889545, 29.784943 ], [ -84.888, 29.784428 ], [ -84.885148, 29.784531 ], [ -84.884197, 29.785975 ], [ -84.88182, 29.787316 ], [ -84.882533, 29.788863 ], [ -84.882177, 29.790822 ], [ -84.881701, 29.793297 ], [ -84.882058, 29.796494 ], [ -84.877661, 29.798144 ], [ -84.87362, 29.79701 ], [ -84.870649, 29.797113 ], [ -84.872551, 29.7901 ], [ -84.872313, 29.787109 ], [ -84.870887, 29.783396 ], [ -84.8710651, 29.7818521 ], [ -84.871125, 29.781333 ], [ -84.877111, 29.772888 ], [ -84.880024, 29.769223 ], [ -84.882768, 29.768441 ], [ -84.884918, 29.767028 ], [ -84.88618, 29.76544 ], [ -84.889033, 29.759599 ], [ -84.890066, 29.755802 ], [ -84.895839, 29.744827 ], [ -84.896828200000016, 29.743615 ], [ -84.900101, 29.739605 ], [ -84.900688, 29.737279 ], [ -84.902142, 29.73532 ], [ -84.900375, 29.733006 ], [ -84.899443, 29.731109 ], [ -84.894893, 29.728097 ], [ -84.892818, 29.725157 ], [ -84.892794, 29.723166 ], [ -84.8881244, 29.7224209 ], [ -84.888031, 29.722406 ], [ -84.885428, 29.725621 ], [ -84.884765, 29.729063 ], [ -84.881777, 29.733882 ], [ -84.868271, 29.742454 ], [ -84.857864, 29.746962 ], [ -84.850446, 29.749353 ], [ -84.837168, 29.755926 ], [ -84.8368159, 29.7560242 ], [ -84.833177, 29.7570394 ], [ -84.831325, 29.757556 ], [ -84.824197, 29.758288 ], [ -84.813854, 29.762883 ], [ -84.807895, 29.766135 ], [ -84.803464, 29.767916 ], [ -84.798409, 29.768922 ], [ -84.791438, 29.773704 ], [ -84.778247, 29.780727 ], [ -84.76752, 29.785696 ], [ -84.76175, 29.788652 ], [ -84.758574, 29.787897 ], [ -84.755595, 29.78854 ], [ -84.750359, 29.792344 ], [ -84.744834, 29.797246 ], [ -84.736593, 29.803556 ], [ -84.73432, 29.805132 ], [ -84.730327, 29.8069 ], [ -84.727805, 29.807016 ], [ -84.717187, 29.813563 ], [ -84.706839, 29.821202 ], [ -84.701814, 29.824333 ], [ -84.692053, 29.829059 ], [ -84.683975, 29.830748 ], [ -84.674423, 29.830147 ], [ -84.674386, 29.831433 ], [ -84.67505, 29.833881 ], [ -84.671812, 29.834746 ], [ -84.668284, 29.837302 ], [ -84.6667776, 29.8369478 ], [ -84.666281, 29.836831 ], [ -84.66461, 29.834741 ], [ -84.662555, 29.837086 ], [ -84.661886, 29.8371026 ], [ -84.661102, 29.837122 ], [ -84.65645, 29.834277 ], [ -84.654595, 29.835945 ], [ -84.653767, 29.839799 ], [ -84.652697, 29.84351 ], [ -84.652039, 29.844009 ], [ -84.647958, 29.847104 ], [ -84.64336, 29.849863 ], [ -84.636416, 29.85289 ], [ -84.633683, 29.856291 ], [ -84.62491, 29.860423 ], [ -84.6149954, 29.8667997 ], [ -84.613154, 29.867984 ], [ -84.603303, 29.876117 ], [ -84.593699, 29.880956 ], [ -84.57744, 29.887828 ], [ -84.568073, 29.891472 ], [ -84.561614, 29.8952071 ], [ -84.555489, 29.898749 ], [ -84.5528267, 29.9002885 ], [ -84.535873, 29.910092 ], [ -84.528639, 29.912342 ], [ -84.521814, 29.914078 ], [ -84.515416, 29.915361 ], [ -84.51306, 29.915228 ], [ -84.51041, 29.916336 ], [ -84.505994, 29.916413 ], [ -84.500788, 29.916091 ], [ -84.498442, 29.914744 ], [ -84.494562, 29.913957 ], [ -84.492811, 29.9123 ], [ -84.493095, 29.91049 ], [ -84.492025, 29.909872 ], [ -84.488698, 29.913168 ], [ -84.484539, 29.916258 ], [ -84.480907, 29.917744 ], [ -84.470323, 29.924524 ], [ -84.460176, 29.927794 ], [ -84.451705, 29.929085 ], [ -84.45055, 29.927691 ], [ -84.448768, 29.921614 ], [ -84.443658, 29.916876 ], [ -84.440805, 29.912962 ], [ -84.4332, 29.907502 ], [ -84.425237, 29.904824 ], [ -84.423336, 29.903279 ], [ -84.409071, 29.901949 ], [ -84.404958, 29.901229 ], [ -84.380861, 29.893712 ], [ -84.377498, 29.893396 ], [ -84.372021, 29.894054 ], [ -84.366768, 29.895758 ], [ -84.358559, 29.896719 ], [ -84.351705, 29.896376 ], [ -84.349066, 29.896812 ], [ -84.34446, 29.899025 ], [ -84.341555, 29.902189 ], [ -84.339175, 29.906668 ], [ -84.335953, 29.912962 ], [ -84.333746, 29.923721 ], [ -84.333945, 29.929654 ], [ -84.336511, 29.942508 ], [ -84.338625, 29.94649 ], [ -84.341251, 29.94776 ], [ -84.344224, 29.947072 ], [ -84.346565, 29.947979 ], [ -84.351914, 29.951424 ], [ -84.35591, 29.953099 ], [ -84.360826, 29.954157 ], [ -84.364035, 29.952303 ], [ -84.368075, 29.95148 ], [ -84.372116, 29.952509 ], [ -84.37687, 29.956937 ], [ -84.381148, 29.960746 ], [ -84.384133, 29.961375 ], [ -84.389229, 29.960541 ], [ -84.393983, 29.959923 ], [ -84.396835, 29.959717 ], [ -84.402064, 29.960026 ], [ -84.404322, 29.95982 ], [ -84.406936, 29.96157 ], [ -84.408362, 29.963423 ], [ -84.410382, 29.964247 ], [ -84.417816, 29.9655 ], [ -84.419771, 29.964247 ], [ -84.423336, 29.961364 ], [ -84.426188, 29.960026 ], [ -84.432368, 29.95982 ], [ -84.434269, 29.961055 ], [ -84.43629, 29.960952 ], [ -84.438904, 29.960232 ], [ -84.440924, 29.961879 ], [ -84.442588, 29.962188 ], [ -84.442469, 29.965071 ], [ -84.441994, 29.96785 ], [ -84.436527, 29.969703 ], [ -84.43415, 29.973615 ], [ -84.432416, 29.974237 ], [ -84.432566, 29.976198 ], [ -84.436408, 29.978557 ], [ -84.4362834, 29.9789757 ], [ -84.43816, 29.977207 ], [ -84.438881, 29.977442 ], [ -84.442145, 29.981726 ], [ -84.443417, 29.982177 ], [ -84.444191, 29.981799 ], [ -84.446912, 29.977039 ], [ -84.449482, 29.973344 ], [ -84.452486, 29.971247 ], [ -84.454551, 29.971333 ], [ -84.456892, 29.972685 ], [ -84.458403, 29.975198 ], [ -84.458864, 29.983574 ], [ -84.458846, 29.98869 ], [ -84.459675, 29.993376 ], [ -84.461612, 29.996478 ], [ -84.464211, 29.998988 ], [ -84.467713, 30.001853 ], [ -84.470202, 30.002501 ], [ -84.472119, 30.002399 ], [ -84.476742, 29.99967 ], [ -84.481151, 29.993862 ], [ -84.484267, 29.990596 ], [ -84.487087, 29.988457 ], [ -84.491511, 29.987117 ], [ -84.494222, 29.986997 ], [ -84.50204, 29.98741 ], [ -84.508287, 29.989126 ], [ -84.511918, 29.9894 ], [ -84.51413, 29.989076 ], [ -84.514591, 29.987592 ], [ -84.513466, 29.985149 ], [ -84.511955, 29.98338 ], [ -84.512102, 29.982039 ], [ -84.514093, 29.980477 ], [ -84.515826, 29.980268 ], [ -84.521743, 29.98075 ], [ -84.524969, 29.982495 ], [ -84.525393, 29.983709 ], [ -84.524692, 29.986653 ], [ -84.522702, 29.989889 ], [ -84.519807, 29.992944 ], [ -84.51896, 29.995129 ], [ -84.520324, 29.99877 ], [ -84.525007, 30.005221 ], [ -84.528122, 30.00743 ], [ -84.531218, 30.007366 ], [ -84.538126, 30.004546 ], [ -84.54124, 30.002395 ], [ -84.542419, 30.002445 ], [ -84.544631, 30.004313 ], [ -84.548208, 30.006192 ], [ -84.548871, 30.007087 ], [ -84.548411, 30.008983 ], [ -84.54445, 30.01103 ], [ -84.602142, 30.010918 ], [ -84.609568, 30.011196 ], [ -84.760975, 30.011488 ], [ -84.874909, 30.012131 ], [ -84.972664, 30.013715 ], [ -84.978967, 30.013794 ], [ -84.983333, 30.013792 ], [ -85.007626, 30.013883 ], [ -85.007309, 30.01258 ], [ -85.005234, 30.011034 ], [ -85.005321, 30.00925 ], [ -85.006736, 30.008684 ], [ -85.010421, 30.005705 ], [ -85.010935, 30.002912 ], [ -85.010101, 30.00163 ], [ -85.011309, 30.000339 ], [ -85.011077, 29.998987 ], [ -85.013788, 29.998906 ], [ -85.014578, 29.998175 ], [ -85.014963, 29.99746 ], [ -85.01401, 29.996041 ], [ -85.015299, 29.995871 ], [ -85.015439, 29.993496 ], [ -85.016166, 29.992869 ], [ -85.016534, 29.989762 ], [ -85.015158, 29.989047 ], [ -85.015455, 29.988349 ], [ -85.01752, 29.988443 ], [ -85.018255, 29.984357 ], [ -85.019005, 29.982498 ], [ -85.018196, 29.981037 ], [ -85.020295, 29.977878 ], [ -85.021652, 29.977011 ], [ -85.02357, 29.973034 ], [ -85.025439, 29.971399 ], [ -85.023369, 29.962164 ], [ -85.021551, 29.958612 ], [ -85.019723, 29.95348 ], [ -85.017939, 29.950973 ], [ -85.019359, 29.949874 ], [ -85.021288, 29.949573 ], [ -85.023409, 29.949893 ], [ -85.025126, 29.952695 ], [ -85.02647, 29.952836 ], [ -85.026665, 29.952332 ], [ -85.025208, 29.948183 ], [ -85.026215, 29.944588 ], [ -85.031523, 29.940373 ], [ -85.033239, 29.937235 ], [ -85.033223, 29.936468 ], [ -85.02976, 29.932747 ], [ -85.029642, 29.931096 ], [ -85.030995, 29.930773 ], [ -85.034878, 29.931425 ], [ -85.037622, 29.931206 ], [ -85.039142, 29.928277 ], [ -85.040208, 29.928026 ], [ -85.040202, 29.930192 ], [ -85.04118, 29.931151 ], [ -85.041687, 29.930063 ], [ -85.041772, 29.927616 ], [ -85.04416, 29.923418 ], [ -85.045342, 29.920697 ], [ -85.04657, 29.919559 ], [ -85.048913, 29.918554 ], [ -85.049538, 29.917215 ], [ -85.047753, 29.914827 ], [ -85.0484, 29.910408 ], [ -85.049137, 29.909359 ], [ -85.050186, 29.909158 ], [ -85.053109, 29.910609 ], [ -85.053757, 29.910296 ], [ -85.05331, 29.909158 ], [ -85.051085, 29.907398 ], [ -85.051324, 29.905319 ], [ -85.053533, 29.903422 ], [ -85.054359, 29.90186 ], [ -85.053511, 29.900164 ], [ -85.052842, 29.897508 ], [ -85.051246, 29.895343 ], [ -85.051302, 29.893089 ], [ -85.04869, 29.888871 ], [ -85.046905, 29.886549 ], [ -85.046022, 29.884626 ], [ -85.046436, 29.882264 ], [ -85.045276, 29.880457 ], [ -85.042912, 29.879487 ], [ -85.041953, 29.878227 ], [ -85.041214, 29.875852 ], [ -85.041609, 29.874085 ], [ -85.041268, 29.870799 ], [ -85.038664, 29.866273 ], [ -85.037691, 29.863638 ], [ -85.038297, 29.858006 ], [ -85.037775, 29.852527 ], [ -85.034239, 29.848188 ], [ -85.03256, 29.844279 ], [ -85.03177, 29.839225 ], [ -85.031921, 29.834991 ], [ -85.032573, 29.83007 ], [ -85.03159, 29.828008 ], [ -85.029349, 29.826357 ], [ -85.023829, 29.824598 ], [ -85.021902, 29.82354 ], [ -85.020758, 29.822364 ], [ -85.019693, 29.819874 ], [ -85.019812, 29.817247 ], [ -85.020413, 29.813861 ], [ -85.019417, 29.810151 ], [ -85.020534, 29.807373 ], [ -85.022961, 29.80508 ], [ -85.024951, 29.803966 ], [ -85.031294, 29.798921 ], [ -85.034344, 29.795061 ], [ -85.036005, 29.792371 ], [ -85.037747, 29.78741 ], [ -85.038614, 29.781188 ], [ -85.040078, 29.779346 ], [ -85.041621, 29.778984 ], [ -85.044493, 29.779374 ], [ -85.046363, 29.78096 ], [ -85.047757, 29.781139 ], [ -85.048332, 29.780436 ], [ -85.048536, 29.77808 ], [ -85.054186, 29.780811 ], [ -85.060675, 29.786296 ], [ -85.062696, 29.786968 ], [ -85.064765, 29.787026 ], [ -85.066624, 29.786421 ], [ -85.06867, 29.784467 ], [ -85.069564, 29.781727 ], [ -85.070532, 29.774722 ], [ -85.072638, 29.770811 ], [ -85.076484, 29.768882 ], [ -85.078222, 29.768616 ], [ -85.082377, 29.769645 ], [ -85.090784, 29.772761 ], [ -85.104127, 29.774181 ], [ -85.10542, 29.774553 ], [ -85.109401, 29.776793 ], [ -85.168427, 29.736574 ], [ -85.206226, 29.711188 ], [ -85.2174996, 29.6947431 ] ] ], [ [ [ -85.222456, 29.677804 ], [ -85.218926, 29.676208 ], [ -85.204314, 29.672695 ], [ -85.187155, 29.665689 ], [ -85.175315, 29.659001 ], [ -85.156765, 29.647682 ], [ -85.151831, 29.643394 ], [ -85.145886, 29.638799 ], [ -85.14101, 29.634038 ], [ -85.135523, 29.632004 ], [ -85.120454, 29.630015 ], [ -85.100006, 29.631818 ], [ -85.096764, 29.633057 ], [ -85.091335, 29.650461 ], [ -85.088364, 29.655625 ], [ -85.081764, 29.665244 ], [ -85.077237, 29.670862 ], [ -85.074308, 29.673981 ], [ -85.080455, 29.674911 ], [ -85.08532, 29.679934 ], [ -85.091742, 29.682365 ], [ -85.093902, 29.684838 ], [ -85.0984, 29.6855 ], [ -85.100408, 29.68469 ], [ -85.10398, 29.686322 ], [ -85.114268, 29.688658 ], [ -85.11853, 29.688286 ], [ -85.12246, 29.688702 ], [ -85.12424, 29.687635 ], [ -85.134639, 29.686569 ], [ -85.138399, 29.685129 ], [ -85.139644, 29.68379 ], [ -85.156415, 29.679628 ], [ -85.168625, 29.682409 ], [ -85.184776, 29.68271 ], [ -85.201856, 29.682576 ], [ -85.207103, 29.680443 ], [ -85.216157, 29.680739 ], [ -85.220324, 29.680138 ], [ -85.222476, 29.679336 ], [ -85.222456, 29.677804 ] ] ] ] } },
{ "type": "Feature", "properties": { "STATEFP": "12", "COUNTYFP": "065", "COUNTYNS": "00295733", "GEOIDFQ": "0500000US12065", "GEOID": "12065", "NAME": "Jefferson", "NAMELSAD": "Jefferson County", "STUSPS": "FL", "STATE_NAME": "Florida", "LSAD": "06", "ALAND": 1549018611.0, "AWATER": 193063920.0, "STATE_NAME_HYPHEN": "Florida" }, "geometry": { "type": "MultiPolygon", "coordinates": [ [ [ [ -84.076132, 30.09752 ], [ -84.0760426, 30.0954641 ], [ -84.06299, 30.101378 ], [ -84.060709, 30.100497 ], [ -84.053933, 30.102431 ], [ -84.048715, 30.103208 ], [ -84.042979, 30.101517 ], [ -84.040281, 30.099636 ], [ -84.036705, 30.102285 ], [ -84.024274, 30.103271 ], [ -84.01404, 30.09733 ], [ -84.006757, 30.097555 ], [ -84.001528, 30.094676 ], [ -83.999151, 30.091386 ], [ -84.002003, 30.085216 ], [ -83.996537, 30.08172 ], [ -83.992547, 30.085188 ], [ -83.9913856, 30.0860222 ], [ -83.992284, 30.089108 ], [ -83.991984, 30.093408 ], [ -83.992184, 30.096208 ], [ -83.989784, 30.098608 ], [ -83.989684, 30.100908 ], [ -83.987984, 30.103608 ], [ -83.984683, 30.104808 ], [ -83.982983, 30.108708 ], [ -83.981483, 30.110208 ], [ -83.980183, 30.114308 ], [ -83.980005, 30.118293 ], [ -83.978397, 30.119908 ], [ -83.97772, 30.123094 ], [ -83.97574, 30.125303 ], [ -83.97401, 30.126662 ], [ -83.973693, 30.128437 ], [ -83.970999, 30.131516 ], [ -83.970535, 30.133308 ], [ -83.969665, 30.133828 ], [ -83.968652, 30.136815 ], [ -83.969146, 30.137586 ], [ -83.971826, 30.139213 ], [ -83.972643, 30.140365 ], [ -83.972487, 30.141571 ], [ -83.973323, 30.142238 ], [ -83.973327, 30.145625 ], [ -83.972426, 30.146459 ], [ -83.969926, 30.147327 ], [ -83.966558, 30.149375 ], [ -83.96133, 30.151162 ], [ -83.960354, 30.152398 ], [ -83.961866, 30.154039 ], [ -83.963048, 30.157024 ], [ -83.962876, 30.157834 ], [ -83.959995, 30.160616 ], [ -83.957794, 30.162037 ], [ -83.95758, 30.16631 ], [ -83.956885, 30.168503 ], [ -83.958115, 30.171422 ], [ -83.956924, 30.174399 ], [ -83.954704, 30.175703 ], [ -83.953656, 30.175111 ], [ -83.952705, 30.175791 ], [ -83.953066, 30.177462 ], [ -83.952206, 30.179627 ], [ -83.950801, 30.181252 ], [ -83.950779, 30.184043 ], [ -83.951753, 30.185148 ], [ -83.951299, 30.186282 ], [ -83.948798, 30.18749 ], [ -83.947938, 30.188674 ], [ -83.944346, 30.189838 ], [ -83.943317, 30.191032 ], [ -83.94083, 30.19209 ], [ -83.936397, 30.19176 ], [ -83.934618, 30.191035 ], [ -83.932653, 30.191112 ], [ -83.93101, 30.189123 ], [ -83.929323, 30.189801 ], [ -83.927887, 30.191172 ], [ -83.927257, 30.19089 ], [ -83.925453, 30.19286 ], [ -83.927029, 30.194297 ], [ -83.924395, 30.198347 ], [ -83.924764, 30.20129 ], [ -83.923644, 30.201793 ], [ -83.923688, 30.203046 ], [ -83.925791, 30.204582 ], [ -83.923869, 30.206759 ], [ -83.923622, 30.208632 ], [ -83.921172, 30.210684 ], [ -83.920541, 30.213336 ], [ -83.919294, 30.213514 ], [ -83.918043, 30.21481 ], [ -83.918193, 30.216012 ], [ -83.9174, 30.217565 ], [ -83.918915, 30.219893 ], [ -83.917601, 30.2209 ], [ -83.917772, 30.222194 ], [ -83.916561, 30.223423 ], [ -83.916604, 30.225515 ], [ -83.918239, 30.225042 ], [ -83.919056, 30.22792 ], [ -83.921603, 30.228779 ], [ -83.92064, 30.230112 ], [ -83.917543, 30.231704 ], [ -83.916001, 30.234416 ], [ -83.916677, 30.235423 ], [ -83.91583, 30.239634 ], [ -83.916391, 30.240866 ], [ -83.915327, 30.242128 ], [ -83.915533, 30.245386 ], [ -83.913751, 30.246171 ], [ -83.912194, 30.245878 ], [ -83.910463, 30.24678 ], [ -83.910118, 30.247679 ], [ -83.906575, 30.247004 ], [ -83.906325, 30.248047 ], [ -83.904767, 30.248158 ], [ -83.902519, 30.247499 ], [ -83.90196, 30.248637 ], [ -83.902611, 30.249545 ], [ -83.899654, 30.249936 ], [ -83.897327, 30.252127 ], [ -83.897026, 30.254776 ], [ -83.896166, 30.255023 ], [ -83.896873, 30.256472 ], [ -83.89549, 30.257875 ], [ -83.893402, 30.258085 ], [ -83.89238, 30.260777 ], [ -83.890474, 30.261458 ], [ -83.888162, 30.263256 ], [ -83.886269, 30.263488 ], [ -83.884919, 30.264382 ], [ -83.884268, 30.265735 ], [ -83.882941, 30.264992 ], [ -83.88167, 30.267609 ], [ -83.879118, 30.269166 ], [ -83.878346, 30.268479 ], [ -83.877335, 30.269418 ], [ -83.876516, 30.268825 ], [ -83.87326, 30.268857 ], [ -83.871024, 30.269629 ], [ -83.869514, 30.270787 ], [ -83.867654, 30.271271 ], [ -83.866351, 30.270383 ], [ -83.86468, 30.270518 ], [ -83.863331, 30.271503 ], [ -83.861386, 30.270861 ], [ -83.860044, 30.272201 ], [ -83.856987, 30.273318 ], [ -83.856574, 30.2744 ], [ -83.854263, 30.274061 ], [ -83.853754, 30.277027 ], [ -83.850297, 30.277837 ], [ -83.849474, 30.276921 ], [ -83.847784, 30.277795 ], [ -83.847738, 30.278492 ], [ -83.844874, 30.277432 ], [ -83.844485, 30.27814 ], [ -83.842738, 30.278386 ], [ -83.841735, 30.279824 ], [ -83.839791, 30.280717 ], [ -83.838496, 30.280399 ], [ -83.838245, 30.282031 ], [ -83.837652, 30.280764 ], [ -83.836356, 30.282056 ], [ -83.836835, 30.283271 ], [ -83.834454, 30.284517 ], [ -83.834854, 30.285309 ], [ -83.833734, 30.286706 ], [ -83.829465, 30.287863 ], [ -83.827762, 30.290505 ], [ -83.828859, 30.29064 ], [ -83.829317, 30.291785 ], [ -83.827509, 30.291559 ], [ -83.828418, 30.292674 ], [ -83.826215, 30.295334 ], [ -83.825802, 30.29709 ], [ -83.822849, 30.298045 ], [ -83.822616, 30.299045 ], [ -83.821002, 30.299974 ], [ -83.820267, 30.299667 ], [ -83.820235, 30.30354 ], [ -83.818128, 30.304277 ], [ -83.818945, 30.305935 ], [ -83.821862, 30.307397 ], [ -83.820463, 30.309231 ], [ -83.819972, 30.311276 ], [ -83.820521, 30.313144 ], [ -83.81645, 30.315044 ], [ -83.815707, 30.317063 ], [ -83.814547, 30.317636 ], [ -83.81208, 30.31749 ], [ -83.811133, 30.318327 ], [ -83.807624, 30.317601 ], [ -83.805874, 30.315795 ], [ -83.803007, 30.315816 ], [ -83.801258, 30.315343 ], [ -83.798942, 30.317679 ], [ -83.798544, 30.317042 ], [ -83.797226, 30.318482 ], [ -83.794864, 30.319306 ], [ -83.792544, 30.319186 ], [ -83.791165, 30.321907 ], [ -83.791463, 30.322743 ], [ -83.788876, 30.324318 ], [ -83.789262, 30.326276 ], [ -83.788512, 30.328198 ], [ -83.787711, 30.328375 ], [ -83.787107, 30.331672 ], [ -83.790624, 30.333713 ], [ -83.791906, 30.333878 ], [ -83.793577, 30.335506 ], [ -83.793668, 30.337273 ], [ -83.795699, 30.338257 ], [ -83.795954, 30.339329 ], [ -83.797614, 30.341334 ], [ -83.796635, 30.342339 ], [ -83.798122, 30.343684 ], [ -83.799534, 30.346072 ], [ -83.799212, 30.346872 ], [ -83.802769, 30.347845 ], [ -83.807037, 30.348394 ], [ -83.807559, 30.348728 ], [ -83.806808, 30.349985 ], [ -83.805087, 30.350999 ], [ -83.804086, 30.353094 ], [ -83.804561, 30.356165 ], [ -83.80584, 30.357733 ], [ -83.806548, 30.362459 ], [ -83.808093, 30.364689 ], [ -83.806616, 30.368015 ], [ -83.807015, 30.370402 ], [ -83.806667, 30.371689 ], [ -83.804249, 30.373711 ], [ -83.805, 30.374956 ], [ -83.804607, 30.376903 ], [ -83.803787, 30.377586 ], [ -83.801657, 30.377704 ], [ -83.800869, 30.379849 ], [ -83.798342, 30.382174 ], [ -83.795737, 30.382146 ], [ -83.794893, 30.383872 ], [ -83.795007, 30.386081 ], [ -83.79294, 30.386713 ], [ -83.792655, 30.387889 ], [ -83.791437, 30.389895 ], [ -83.790023, 30.390285 ], [ -83.787974, 30.389443 ], [ -83.787452, 30.386685 ], [ -83.788471, 30.384343 ], [ -83.788396, 30.382206 ], [ -83.786723, 30.380276 ], [ -83.784491, 30.379819 ], [ -83.783186, 30.378863 ], [ -83.780827, 30.380214 ], [ -83.779798, 30.382053 ], [ -83.777726, 30.381679 ], [ -83.776638, 30.382235 ], [ -83.773869, 30.382525 ], [ -83.773046, 30.383294 ], [ -83.770673, 30.383168 ], [ -83.768405, 30.38195 ], [ -83.767456, 30.38251 ], [ -83.766151, 30.382117 ], [ -83.764768, 30.383134 ], [ -83.762892, 30.383144 ], [ -83.761008, 30.384418 ], [ -83.760887, 30.38538 ], [ -83.758403, 30.384901 ], [ -83.757261, 30.385467 ], [ -83.755212, 30.391774 ], [ -83.754948, 30.393952 ], [ -83.755836, 30.394843 ], [ -83.755819, 30.396531 ], [ -83.754464, 30.397241 ], [ -83.753906, 30.398349 ], [ -83.753285, 30.397178 ], [ -83.751979, 30.398084 ], [ -83.751496, 30.400112 ], [ -83.752072, 30.401019 ], [ -83.751304, 30.403344 ], [ -83.750136, 30.404975 ], [ -83.751073, 30.407598 ], [ -83.748732, 30.410594 ], [ -83.746665, 30.411551 ], [ -83.745868, 30.413602 ], [ -83.743186, 30.415752 ], [ -83.740634, 30.420832 ], [ -83.739417, 30.422025 ], [ -83.737901, 30.422427 ], [ -83.737198, 30.423367 ], [ -83.733126, 30.424248 ], [ -83.733146, 30.425782 ], [ -83.730896, 30.427893 ], [ -83.727864, 30.429142 ], [ -83.727777, 30.431373 ], [ -83.727079, 30.432533 ], [ -83.723521, 30.432941 ], [ -83.72172, 30.434354 ], [ -83.722412, 30.435679 ], [ -83.721639, 30.436619 ], [ -83.72254, 30.438323 ], [ -83.722815, 30.442252 ], [ -83.724393, 30.44554 ], [ -83.726776, 30.44877 ], [ -83.726371, 30.450249 ], [ -83.727672, 30.451386 ], [ -83.727692, 30.453222 ], [ -83.728339, 30.45459 ], [ -83.728023, 30.455772 ], [ -83.726241, 30.45796 ], [ -83.726838, 30.459119 ], [ -83.723944, 30.461198 ], [ -83.7245, 30.46565 ], [ -83.725366, 30.467058 ], [ -83.724907, 30.468563 ], [ -83.727967, 30.470738 ], [ -83.728933, 30.472733 ], [ -83.728731, 30.474118 ], [ -83.727683, 30.475092 ], [ -83.727387, 30.47956 ], [ -83.727889, 30.479873 ], [ -83.728081, 30.483012 ], [ -83.726412, 30.48465 ], [ -83.72725, 30.485595 ], [ -83.726966, 30.48775 ], [ -83.727653, 30.489998 ], [ -83.731107, 30.492315 ], [ -83.731508, 30.495003 ], [ -83.732803, 30.496014 ], [ -83.733528, 30.498311 ], [ -83.73542, 30.498618 ], [ -83.735389, 30.501243 ], [ -83.736411, 30.502072 ], [ -83.736336, 30.504161 ], [ -83.736922, 30.508091 ], [ -83.73467, 30.510378 ], [ -83.733897, 30.513286 ], [ -83.731936, 30.515073 ], [ -83.72997, 30.518751 ], [ -83.727393, 30.520598 ], [ -83.726036, 30.522951 ], [ -83.70436, 30.523021 ], [ -83.704467, 30.524035 ], [ -83.704293, 30.538094 ], [ -83.671073, 30.53802 ], [ -83.671117, 30.552861 ], [ -83.637412, 30.552671 ], [ -83.637343, 30.567471 ], [ -83.624878, 30.567473 ], [ -83.621189, 30.567351 ], [ -83.620621, 30.579831 ], [ -83.62073, 30.58198 ], [ -83.606131, 30.582107 ], [ -83.604186, 30.581916 ], [ -83.604599, 30.620525 ], [ -83.604401, 30.638236 ], [ -83.612122, 30.638736 ], [ -83.61172, 30.651258 ], [ -83.6422263, 30.6529654 ], [ -83.674058, 30.654747 ], [ -83.676773, 30.654905 ], [ -83.743729, 30.6583964 ], [ -83.8087558, 30.6617872 ], [ -83.810536, 30.66188 ], [ -83.820886, 30.662612 ], [ -83.855216, 30.664412 ], [ -83.8798935, 30.6658135 ], [ -83.88022, 30.665832 ], [ -83.880317, 30.665807 ], [ -84.007391, 30.672097 ], [ -84.007454, 30.6721004 ], [ -84.007876, 30.626235 ], [ -84.007783, 30.625168 ], [ -84.007687, 30.609299 ], [ -84.00572, 30.609207 ], [ -84.003088, 30.606956 ], [ -84.004678, 30.604792 ], [ -84.003853, 30.602654 ], [ -84.00447, 30.601231 ], [ -84.003779, 30.599159 ], [ -84.001818, 30.596674 ], [ -84.001655, 30.593475 ], [ -84.001943, 30.591371 ], [ -84.001595, 30.589255 ], [ -84.002657, 30.587865 ], [ -84.001699, 30.585897 ], [ -84.001357, 30.583875 ], [ -83.999575, 30.582451 ], [ -83.998723, 30.581056 ], [ -83.996594, 30.57904 ], [ -83.9962, 30.577738 ], [ -83.996503, 30.57493 ], [ -83.99771, 30.573959 ], [ -83.998023, 30.571471 ], [ -83.996646, 30.570973 ], [ -83.995098, 30.568132 ], [ -83.992954, 30.565634 ], [ -83.993035, 30.564952 ], [ -83.990842, 30.562128 ], [ -83.990874, 30.561105 ], [ -83.987755, 30.559333 ], [ -83.984991, 30.557405 ], [ -83.980335, 30.553142 ], [ -83.979013, 30.550593 ], [ -83.980485, 30.549625 ], [ -83.981712, 30.551878 ], [ -83.983756, 30.551646 ], [ -83.985023, 30.55012 ], [ -83.986734, 30.549561 ], [ -83.987003, 30.54711 ], [ -83.985733, 30.543636 ], [ -83.985651, 30.542041 ], [ -83.983367, 30.539017 ], [ -83.98309, 30.535315 ], [ -83.984211, 30.533547 ], [ -83.983965, 30.532612 ], [ -83.981797, 30.530767 ], [ -83.980734, 30.528771 ], [ -83.979794, 30.525344 ], [ -83.978607, 30.522687 ], [ -83.977424, 30.522234 ], [ -84.041152, 30.521901 ], [ -84.041105, 30.518526 ], [ -84.041192, 30.483967 ], [ -84.041196, 30.483708 ], [ -84.041293, 30.47354 ], [ -84.041488, 30.463308 ], [ -84.062292, 30.445144 ], [ -84.074691, 30.434302 ], [ -84.074753, 30.430781 ], [ -84.074892, 30.413106 ], [ -84.074891, 30.412939 ], [ -84.075376, 30.375202 ], [ -84.075819, 30.369819 ], [ -84.075539, 30.273617 ], [ -84.075638, 30.26339 ], [ -84.075813, 30.26269 ], [ -84.076229, 30.12529 ], [ -84.076132, 30.09752 ] ] ] ] } },
{ "type": "Feature", "properties": { "STATEFP": "12", "COUNTYFP": "107", "COUNTYNS": "00306910", "GEOIDFQ": "0500000US12107", "GEOID": "12107", "NAME": "Putnam", "NAMELSAD": "Putnam County", "STUSPS": "FL", "STATE_NAME": "Florida", "LSAD": "06", "ALAND": 1886428661.0, "AWATER": 255286691.0, "STATE_NAME_HYPHEN": "Florida" }, "geometry": { "type": "MultiPolygon", "coordinates": [ [ [ [ -82.056151, 29.645355 ], [ -82.056014, 29.643532 ], [ -82.055961, 29.631151 ], [ -82.055337, 29.59482 ], [ -82.055413, 29.594097 ], [ -82.055363, 29.565814 ], [ -82.055527, 29.563922 ], [ -82.056104, 29.50802 ], [ -82.055957, 29.506908 ], [ -82.055899, 29.471232 ], [ -82.049809, 29.474305 ], [ -82.04418, 29.478002 ], [ -82.04225, 29.479703 ], [ -82.037581, 29.486176 ], [ -82.035403, 29.487597 ], [ -82.032026, 29.491368 ], [ -82.029565, 29.4921 ], [ -82.026295, 29.494739 ], [ -82.024333, 29.494805 ], [ -82.020911, 29.496278 ], [ -82.019654, 29.496289 ], [ -82.017767, 29.497301 ], [ -82.015176, 29.498042 ], [ -82.014238, 29.498911 ], [ -82.012647, 29.498839 ], [ -82.009924, 29.499647 ], [ -82.006585, 29.499563 ], [ -82.004385, 29.501715 ], [ -82.00163, 29.501659 ], [ -81.998619, 29.502141 ], [ -81.9966, 29.501554 ], [ -81.994575, 29.501676 ], [ -81.990859, 29.501259 ], [ -81.989343, 29.5022 ], [ -81.986834, 29.501591 ], [ -81.983999, 29.503231 ], [ -81.981766, 29.502269 ], [ -81.977515, 29.502501 ], [ -81.97693, 29.503404 ], [ -81.975584, 29.503124 ], [ -81.971327, 29.503862 ], [ -81.968406, 29.50305 ], [ -81.966277, 29.503924 ], [ -81.964158, 29.503814 ], [ -81.962517, 29.504788 ], [ -81.959184, 29.505663 ], [ -81.958014, 29.506665 ], [ -81.953505, 29.507084 ], [ -81.951845, 29.507887 ], [ -81.94992, 29.508129 ], [ -81.94631, 29.509607 ], [ -81.944581, 29.511854 ], [ -81.942726, 29.511337 ], [ -81.94182, 29.512558 ], [ -81.940606, 29.512151 ], [ -81.938537, 29.513444 ], [ -81.937072, 29.512707 ], [ -81.935524, 29.514423 ], [ -81.931821, 29.516445 ], [ -81.930411, 29.516245 ], [ -81.929685, 29.514827 ], [ -81.926982, 29.514204 ], [ -81.924763, 29.512846 ], [ -81.92239, 29.512862 ], [ -81.920898, 29.511058 ], [ -81.919351, 29.511598 ], [ -81.917701, 29.509124 ], [ -81.912911, 29.505826 ], [ -81.913341, 29.504582 ], [ -81.911821, 29.503968 ], [ -81.910638, 29.505692 ], [ -81.909954, 29.504854 ], [ -81.908122, 29.508377 ], [ -81.907013, 29.509252 ], [ -81.907732, 29.5115 ], [ -81.906327, 29.51252 ], [ -81.906692, 29.514235 ], [ -81.904134, 29.512822 ], [ -81.90471, 29.514706 ], [ -81.902947, 29.514735 ], [ -81.901689, 29.515955 ], [ -81.896569, 29.515077 ], [ -81.896681, 29.513252 ], [ -81.894442, 29.513392 ], [ -81.891179, 29.510477 ], [ -81.88794, 29.5092 ], [ -81.887418, 29.510842 ], [ -81.885768, 29.511516 ], [ -81.886023, 29.512666 ], [ -81.884113, 29.513093 ], [ -81.882879, 29.511909 ], [ -81.882008, 29.512923 ], [ -81.87687, 29.513276 ], [ -81.873427, 29.515041 ], [ -81.870506, 29.51408 ], [ -81.869867, 29.514685 ], [ -81.86582, 29.515214 ], [ -81.865021, 29.514626 ], [ -81.863603, 29.515353 ], [ -81.86115, 29.514892 ], [ -81.859225, 29.516833 ], [ -81.853845, 29.516814 ], [ -81.853459, 29.518027 ], [ -81.852445, 29.517541 ], [ -81.85072, 29.518058 ], [ -81.84946, 29.519245 ], [ -81.850867, 29.520485 ], [ -81.849611, 29.521341 ], [ -81.844929, 29.521678 ], [ -81.843009, 29.521004 ], [ -81.842701, 29.505529 ], [ -81.842779, 29.486533 ], [ -81.83086, 29.48642 ], [ -81.788738, 29.487241 ], [ -81.784536, 29.48731 ], [ -81.776205, 29.487448 ], [ -81.775945, 29.475782 ], [ -81.774905, 29.429249 ], [ -81.74183, 29.42994 ], [ -81.741931, 29.422587 ], [ -81.74139, 29.41268 ], [ -81.741312, 29.404387 ], [ -81.741623, 29.374873 ], [ -81.741422, 29.371049 ], [ -81.735706, 29.370937 ], [ -81.71808, 29.370989 ], [ -81.711696, 29.370768 ], [ -81.706191, 29.371102 ], [ -81.696113, 29.370977 ], [ -81.668525, 29.371704 ], [ -81.668033, 29.370026 ], [ -81.666469, 29.368758 ], [ -81.664926, 29.365952 ], [ -81.662645, 29.36347 ], [ -81.661136, 29.360061 ], [ -81.661851, 29.359339 ], [ -81.662406, 29.357091 ], [ -81.661255, 29.352959 ], [ -81.659468, 29.351134 ], [ -81.657723, 29.348031 ], [ -81.658959, 29.346089 ], [ -81.660252, 29.345651 ], [ -81.660725, 29.343274 ], [ -81.659125, 29.342419 ], [ -81.656563, 29.340284 ], [ -81.656256, 29.338243 ], [ -81.657054, 29.337286 ], [ -81.659032, 29.337209 ], [ -81.661283, 29.339314 ], [ -81.664016, 29.341243 ], [ -81.667392, 29.341134 ], [ -81.671947, 29.339485 ], [ -81.673997, 29.33934 ], [ -81.675403, 29.338646 ], [ -81.677247, 29.336662 ], [ -81.678924, 29.334015 ], [ -81.680399, 29.330401 ], [ -81.680795, 29.328415 ], [ -81.680903, 29.32443 ], [ -81.6581, 29.329552 ], [ -81.643167, 29.333047 ], [ -81.540873, 29.356556 ], [ -81.521764, 29.362194 ], [ -81.518045, 29.361868 ], [ -81.509772, 29.363855 ], [ -81.508231, 29.364419 ], [ -81.507989, 29.364511 ], [ -81.463938, 29.375316 ], [ -81.461123, 29.375794 ], [ -81.450892, 29.378464 ], [ -81.446954, 29.380291 ], [ -81.445886, 29.380142 ], [ -81.444171, 29.38247 ], [ -81.443216, 29.382937 ], [ -81.441545, 29.385083 ], [ -81.440346, 29.385336 ], [ -81.440829, 29.387366 ], [ -81.440276, 29.388274 ], [ -81.439849, 29.391438 ], [ -81.437739, 29.3936 ], [ -81.435307, 29.395256 ], [ -81.433583, 29.398166 ], [ -81.433992, 29.398552 ], [ -81.436392, 29.398152 ], [ -81.438792, 29.397152 ], [ -81.442192, 29.394952 ], [ -81.448292, 29.391652 ], [ -81.451692, 29.390152 ], [ -81.454998, 29.389652 ], [ -81.461193, 29.390452 ], [ -81.468093, 29.392252 ], [ -81.476293, 29.396152 ], [ -81.478793, 29.399052 ], [ -81.479694, 29.401652 ], [ -81.480094, 29.404752 ], [ -81.480394, 29.413952 ], [ -81.480894, 29.416452 ], [ -81.482194, 29.418951 ], [ -81.484433, 29.421969 ], [ -81.485994, 29.424151 ], [ -81.486394, 29.427551 ], [ -81.486467, 29.435292 ], [ -81.486394, 29.440451 ], [ -81.486694, 29.445551 ], [ -81.487594, 29.448251 ], [ -81.490694, 29.454151 ], [ -81.496695, 29.46225 ], [ -81.501107, 29.46882 ], [ -81.515228, 29.486723 ], [ -81.517646, 29.490161 ], [ -81.520467, 29.496513 ], [ -81.52167, 29.538516 ], [ -81.522284, 29.559834 ], [ -81.522689, 29.579473 ], [ -81.52366, 29.622432 ], [ -81.523837, 29.631374 ], [ -81.523866, 29.631538 ], [ -81.524296, 29.688686 ], [ -81.524512, 29.690811 ], [ -81.524693, 29.71244 ], [ -81.52523, 29.759497 ], [ -81.527264, 29.760321 ], [ -81.528261, 29.760777 ], [ -81.533424, 29.763921 ], [ -81.541235, 29.770001 ], [ -81.541733, 29.771042 ], [ -81.542628, 29.775145 ], [ -81.544298, 29.779129 ], [ -81.546297, 29.781825 ], [ -81.549967, 29.785395 ], [ -81.553852, 29.788493 ], [ -81.562096, 29.795612 ], [ -81.564171, 29.798517 ], [ -81.566524, 29.802902 ], [ -81.571768, 29.815285 ], [ -81.579475, 29.836239 ], [ -81.581207, 29.840176 ], [ -81.66182, 29.83878 ], [ -81.7573, 29.83705 ], [ -81.7573, 29.837069 ], [ -81.797218, 29.836649 ], [ -81.797232, 29.83665 ], [ -81.81243, 29.83649 ], [ -81.81581, 29.83361 ], [ -81.81914, 29.83024 ], [ -81.821872, 29.82634 ], [ -81.822884, 29.825671 ], [ -81.826073, 29.82521 ], [ -81.827892, 29.82442 ], [ -81.83219, 29.82095 ], [ -81.837001, 29.816142 ], [ -81.847213, 29.809493 ], [ -81.853337, 29.806965 ], [ -81.855328, 29.80535 ], [ -81.86014, 29.80255 ], [ -81.861994, 29.800187 ], [ -81.86656, 29.800765 ], [ -81.87033, 29.800868 ], [ -81.88251, 29.79944 ], [ -81.89068, 29.79821 ], [ -81.90019, 29.79413 ], [ -81.90474, 29.79307 ], [ -81.90926, 29.79356 ], [ -81.910409, 29.793256 ], [ -81.914192, 29.791399 ], [ -81.916571, 29.788848 ], [ -81.919525, 29.786869 ], [ -81.920218, 29.78616 ], [ -81.923497, 29.780919 ], [ -81.924269, 29.778434 ], [ -81.924906, 29.774832 ], [ -81.92712, 29.770228 ], [ -81.927781, 29.767671 ], [ -81.928346, 29.76111 ], [ -81.929094, 29.759356 ], [ -81.93111, 29.75613 ], [ -81.93724, 29.74992 ], [ -81.939427, 29.747497 ], [ -81.976228, 29.747114 ], [ -81.982559, 29.745777 ], [ -81.985912, 29.744983 ], [ -81.985864, 29.743652 ], [ -81.991073, 29.743952 ], [ -81.99523, 29.7426 ], [ -82.004625, 29.740352 ], [ -82.00707, 29.73949 ], [ -82.01293, 29.73446 ], [ -82.024913, 29.725236 ], [ -82.028917, 29.718681 ], [ -82.049244, 29.71867 ], [ -82.055625, 29.718232 ], [ -82.055474, 29.717209 ], [ -82.052027, 29.71678 ], [ -82.050324, 29.715498 ], [ -82.049436, 29.713456 ], [ -82.049981, 29.713467 ], [ -82.050291, 29.709735 ], [ -82.052302, 29.690543 ], [ -82.052741, 29.688442 ], [ -82.055027, 29.669608 ], [ -82.056071, 29.656846 ], [ -82.056151, 29.645355 ] ] ] ] } },
{ "type": "Feature", "properties": { "STATEFP": "12", "COUNTYFP": "001", "COUNTYNS": "00308548", "GEOIDFQ": "0500000US12001", "GEOID": "12001", "NAME": "Alachua", "NAMELSAD": "Alachua County", "STUSPS": "FL", "STATE_NAME": "Florida", "LSAD": "06", "ALAND": 2267910953.0, "AWATER": 241291892.0, "STATE_NAME_HYPHEN": "Florida" }, "geometry": { "type": "MultiPolygon", "coordinates": [ [ [ [ -82.658128, 29.828068 ], [ -82.658097, 29.821778 ], [ -82.657229, 29.751461 ], [ -82.657043, 29.726635 ], [ -82.656905, 29.711299 ], [ -82.657019, 29.68196 ], [ -82.65657, 29.679848 ], [ -82.656551, 29.647642 ], [ -82.656434, 29.643146 ], [ -82.656297, 29.627862 ], [ -82.656284, 29.627463 ], [ -82.656286, 29.62735 ], [ -82.656281, 29.619954 ], [ -82.656287, 29.607161 ], [ -82.656298, 29.601389 ], [ -82.656295, 29.596266 ], [ -82.656272, 29.583534 ], [ -82.656338, 29.582393 ], [ -82.656451, 29.572227 ], [ -82.656303, 29.5649 ], [ -82.656301, 29.564811 ], [ -82.656335, 29.550895 ], [ -82.656133, 29.55083 ], [ -82.656382, 29.550325 ], [ -82.656331, 29.53562 ], [ -82.639496, 29.536144 ], [ -82.636209, 29.536053 ], [ -82.623637, 29.536491 ], [ -82.614637, 29.537081 ], [ -82.610097, 29.537105 ], [ -82.589171, 29.537849 ], [ -82.573579, 29.537483 ], [ -82.568411, 29.537685 ], [ -82.557565, 29.537606 ], [ -82.55703, 29.537362 ], [ -82.556669, 29.534556 ], [ -82.556511, 29.511982 ], [ -82.556921, 29.500245 ], [ -82.556766, 29.480055 ], [ -82.523096, 29.479266 ], [ -82.499828, 29.478678 ], [ -82.496331, 29.478371 ], [ -82.496247, 29.485499 ], [ -82.490817, 29.485419 ], [ -82.466603, 29.48507 ], [ -82.451522, 29.485215 ], [ -82.447696, 29.485386 ], [ -82.412932, 29.485092 ], [ -82.40662, 29.485048 ], [ -82.287204, 29.484331 ], [ -82.24389, 29.484271 ], [ -82.215143, 29.484213 ], [ -82.214002, 29.483412 ], [ -82.211883, 29.484089 ], [ -82.211644, 29.482741 ], [ -82.210336, 29.481317 ], [ -82.21097, 29.479672 ], [ -82.213328, 29.478923 ], [ -82.214811, 29.477311 ], [ -82.211686, 29.474088 ], [ -82.210623, 29.474088 ], [ -82.212012, 29.472102 ], [ -82.21159, 29.471068 ], [ -82.208303, 29.470777 ], [ -82.20817, 29.466762 ], [ -82.206661, 29.465992 ], [ -82.205335, 29.467054 ], [ -82.206643, 29.470673 ], [ -82.205832, 29.472318 ], [ -82.204556, 29.471278 ], [ -82.203613, 29.471994 ], [ -82.201639, 29.469117 ], [ -82.20018, 29.468276 ], [ -82.201161, 29.467461 ], [ -82.199199, 29.466526 ], [ -82.196703, 29.464123 ], [ -82.192837, 29.462258 ], [ -82.191844, 29.463034 ], [ -82.18938, 29.460949 ], [ -82.190813, 29.45975 ], [ -82.189172, 29.458969 ], [ -82.188116, 29.456911 ], [ -82.188795, 29.454425 ], [ -82.191586, 29.453187 ], [ -82.191636, 29.452466 ], [ -82.193641, 29.453192 ], [ -82.196331, 29.454892 ], [ -82.199013, 29.455772 ], [ -82.198623, 29.45795 ], [ -82.195581, 29.457583 ], [ -82.193347, 29.459797 ], [ -82.193455, 29.46144 ], [ -82.194486, 29.461319 ], [ -82.196083, 29.462715 ], [ -82.198964, 29.460662 ], [ -82.204183, 29.460568 ], [ -82.205272, 29.46233 ], [ -82.206624, 29.46169 ], [ -82.208857, 29.463269 ], [ -82.209548, 29.46451 ], [ -82.211661, 29.466056 ], [ -82.212727, 29.465623 ], [ -82.211782, 29.464008 ], [ -82.213703, 29.462905 ], [ -82.213398, 29.461676 ], [ -82.214929, 29.461392 ], [ -82.216446, 29.460197 ], [ -82.217722, 29.457095 ], [ -82.216878, 29.45504 ], [ -82.214087, 29.452997 ], [ -82.214596, 29.451985 ], [ -82.211572, 29.449504 ], [ -82.211704, 29.447898 ], [ -82.211314, 29.447772 ], [ -82.212886, 29.444356 ], [ -82.212846, 29.441989 ], [ -82.213644, 29.441022 ], [ -82.212475, 29.440207 ], [ -82.213731, 29.437017 ], [ -82.213245, 29.431764 ], [ -82.210165, 29.428496 ], [ -82.207237, 29.42727 ], [ -82.203624, 29.426946 ], [ -82.202122, 29.426402 ], [ -82.200142, 29.424097 ], [ -82.200079, 29.422761 ], [ -82.197735, 29.422095 ], [ -82.198043, 29.42308 ], [ -82.193626, 29.420935 ], [ -82.183233, 29.421287 ], [ -82.180387, 29.422288 ], [ -82.178131, 29.422492 ], [ -82.175825, 29.42066 ], [ -82.175492, 29.421969 ], [ -82.173682, 29.421831 ], [ -82.172281, 29.423272 ], [ -82.173399, 29.424048 ], [ -82.170502, 29.425258 ], [ -82.167267, 29.424559 ], [ -82.168423, 29.425703 ], [ -82.167888, 29.427167 ], [ -82.165155, 29.425004 ], [ -82.162862, 29.424448 ], [ -82.159085, 29.424877 ], [ -82.157289, 29.422461 ], [ -82.155762, 29.422367 ], [ -82.154875, 29.423666 ], [ -82.156301, 29.425641 ], [ -82.153079, 29.422405 ], [ -82.15365, 29.42427 ], [ -82.150658, 29.426498 ], [ -82.150019, 29.422905 ], [ -82.151552, 29.421723 ], [ -82.151018, 29.420512 ], [ -82.149467, 29.420072 ], [ -82.148519, 29.417178 ], [ -82.146483, 29.418184 ], [ -82.145792, 29.417628 ], [ -82.143479, 29.418469 ], [ -82.141758, 29.419789 ], [ -82.140338, 29.420075 ], [ -82.140563, 29.421527 ], [ -82.14251, 29.421753 ], [ -82.145298, 29.423459 ], [ -82.144174, 29.424928 ], [ -82.14406, 29.426606 ], [ -82.142483, 29.426429 ], [ -82.140849, 29.427908 ], [ -82.141024, 29.428634 ], [ -82.137586, 29.431032 ], [ -82.137824, 29.432523 ], [ -82.134505, 29.435041 ], [ -82.133059, 29.434738 ], [ -82.131973, 29.433351 ], [ -82.128637, 29.432244 ], [ -82.128096, 29.433058 ], [ -82.126613, 29.432348 ], [ -82.127193, 29.430048 ], [ -82.125239, 29.42887 ], [ -82.121148, 29.42898 ], [ -82.119319, 29.428249 ], [ -82.118465, 29.428393 ], [ -82.117782, 29.431903 ], [ -82.116004, 29.432558 ], [ -82.113886, 29.432306 ], [ -82.111933, 29.435013 ], [ -82.109795, 29.435379 ], [ -82.105914, 29.435709 ], [ -82.105688, 29.435966 ], [ -82.105231, 29.437636 ], [ -82.104124, 29.438273 ], [ -82.101143, 29.438313 ], [ -82.100499, 29.436584 ], [ -82.098914, 29.436328 ], [ -82.099438, 29.434658 ], [ -82.09751, 29.433141 ], [ -82.097859, 29.431672 ], [ -82.095897, 29.430316 ], [ -82.096999, 29.428244 ], [ -82.098716, 29.427258 ], [ -82.098515, 29.424337 ], [ -82.096817, 29.421835 ], [ -82.097787, 29.421062 ], [ -82.099425, 29.422489 ], [ -82.099674, 29.421109 ], [ -82.098839, 29.419761 ], [ -82.099941, 29.418898 ], [ -82.099199, 29.418815 ], [ -82.095629, 29.420499 ], [ -82.095524, 29.421776 ], [ -82.096683, 29.423731 ], [ -82.096874, 29.425242 ], [ -82.095455, 29.427811 ], [ -82.095729, 29.428781 ], [ -82.094537, 29.430352 ], [ -82.093048, 29.430632 ], [ -82.092514, 29.429553 ], [ -82.090951, 29.430936 ], [ -82.090473, 29.429669 ], [ -82.08893, 29.428942 ], [ -82.089427, 29.428046 ], [ -82.088123, 29.426198 ], [ -82.086535, 29.426655 ], [ -82.088277, 29.428971 ], [ -82.086053, 29.431106 ], [ -82.086692, 29.432123 ], [ -82.088886, 29.432646 ], [ -82.087613, 29.435704 ], [ -82.085674, 29.43723 ], [ -82.083806, 29.437892 ], [ -82.080943, 29.440386 ], [ -82.078387, 29.440149 ], [ -82.075901, 29.43875 ], [ -82.076102, 29.43682 ], [ -82.074024, 29.434647 ], [ -82.070522, 29.434236 ], [ -82.070088, 29.436811 ], [ -82.070326, 29.439195 ], [ -82.071726, 29.442609 ], [ -82.071291, 29.443271 ], [ -82.067155, 29.443798 ], [ -82.065089, 29.4419 ], [ -82.064016, 29.439576 ], [ -82.059614, 29.439331 ], [ -82.056747, 29.439951 ], [ -82.055643, 29.441847 ], [ -82.055899, 29.471232 ], [ -82.055957, 29.506908 ], [ -82.056104, 29.50802 ], [ -82.055527, 29.563922 ], [ -82.055363, 29.565814 ], [ -82.055413, 29.594097 ], [ -82.055337, 29.59482 ], [ -82.055961, 29.631151 ], [ -82.056014, 29.643532 ], [ -82.056151, 29.645355 ], [ -82.056071, 29.656846 ], [ -82.055027, 29.669608 ], [ -82.052741, 29.688442 ], [ -82.052302, 29.690543 ], [ -82.050291, 29.709735 ], [ -82.049981, 29.713467 ], [ -82.049436, 29.713456 ], [ -82.050324, 29.715498 ], [ -82.052027, 29.71678 ], [ -82.055474, 29.717209 ], [ -82.055625, 29.718232 ], [ -82.055694, 29.719745 ], [ -82.05413, 29.725202 ], [ -82.053998, 29.72787 ], [ -82.05454, 29.728948 ], [ -82.054389, 29.732705 ], [ -82.055025, 29.734416 ], [ -82.054528, 29.737562 ], [ -82.055101, 29.738139 ], [ -82.056368, 29.744207 ], [ -82.057931, 29.747822 ], [ -82.060331, 29.750443 ], [ -82.066856, 29.756511 ], [ -82.070708, 29.75925 ], [ -82.073142, 29.760361 ], [ -82.076723, 29.761208 ], [ -82.082655, 29.761251 ], [ -82.085246, 29.760386 ], [ -82.088153, 29.760931 ], [ -82.087504, 29.761938 ], [ -82.08362, 29.763638 ], [ -82.082095, 29.763572 ], [ -82.08004, 29.767038 ], [ -82.080035, 29.772231 ], [ -82.079348, 29.776005 ], [ -82.081606, 29.778051 ], [ -82.084494, 29.778765 ], [ -82.089759, 29.77916 ], [ -82.093543, 29.779165 ], [ -82.094319, 29.780089 ], [ -82.093726, 29.781552 ], [ -82.094697, 29.780606 ], [ -82.098039, 29.780941 ], [ -82.101244, 29.78336 ], [ -82.104355, 29.783284 ], [ -82.109123, 29.783085 ], [ -82.108889, 29.790713 ], [ -82.117552, 29.790595 ], [ -82.117597, 29.798188 ], [ -82.119545, 29.798225 ], [ -82.119645, 29.801846 ], [ -82.121695, 29.801852 ], [ -82.12167, 29.805333 ], [ -82.124054, 29.805289 ], [ -82.123923, 29.823686 ], [ -82.129933, 29.823675 ], [ -82.130243, 29.825353 ], [ -82.130178, 29.830823 ], [ -82.133127, 29.83081 ], [ -82.133126, 29.835949 ], [ -82.13853, 29.835959 ], [ -82.146561, 29.835895 ], [ -82.1471, 29.838728 ], [ -82.16192, 29.838744 ], [ -82.164932, 29.839561 ], [ -82.173204, 29.836976 ], [ -82.17798, 29.838198 ], [ -82.182131, 29.840683 ], [ -82.18509, 29.84405 ], [ -82.188258, 29.845947 ], [ -82.190271, 29.848087 ], [ -82.191943, 29.848422 ], [ -82.198076, 29.848207 ], [ -82.205851, 29.84549 ], [ -82.208209, 29.843977 ], [ -82.210283, 29.844276 ], [ -82.210258, 29.845315 ], [ -82.219701, 29.845304 ], [ -82.233514, 29.845297 ], [ -82.233656, 29.84898 ], [ -82.238187, 29.84904 ], [ -82.238154, 29.850754 ], [ -82.241061, 29.852185 ], [ -82.244135, 29.852392 ], [ -82.246198, 29.851962 ], [ -82.247175, 29.850906 ], [ -82.249553, 29.85009 ], [ -82.252488, 29.850088 ], [ -82.257392, 29.848478 ], [ -82.260377, 29.846565 ], [ -82.263655, 29.846622 ], [ -82.264005, 29.847076 ], [ -82.265019, 29.847513 ], [ -82.267826, 29.846416 ], [ -82.267061, 29.845818 ], [ -82.269606, 29.844922 ], [ -82.269507, 29.844037 ], [ -82.271774, 29.843235 ], [ -82.272563, 29.843011 ], [ -82.275075, 29.844245 ], [ -82.278175, 29.844073 ], [ -82.279689, 29.844742 ], [ -82.281837, 29.844448 ], [ -82.283874, 29.845257 ], [ -82.286278, 29.847958 ], [ -82.289704, 29.849037 ], [ -82.289622, 29.849801 ], [ -82.293243, 29.851199 ], [ -82.294878, 29.850913 ], [ -82.295906, 29.852459 ], [ -82.299509, 29.853158 ], [ -82.305027, 29.853171 ], [ -82.305203, 29.859924 ], [ -82.313914, 29.859959 ], [ -82.314176, 29.867604 ], [ -82.323079, 29.867233 ], [ -82.325837, 29.869031 ], [ -82.326692, 29.871903 ], [ -82.329297, 29.874256 ], [ -82.332831, 29.875037 ], [ -82.334962, 29.878714 ], [ -82.336211, 29.878798 ], [ -82.343266, 29.876613 ], [ -82.348117, 29.876789 ], [ -82.350122, 29.878221 ], [ -82.351359, 29.877599 ], [ -82.354086, 29.878528 ], [ -82.356421, 29.877493 ], [ -82.35839, 29.877371 ], [ -82.361548, 29.881154 ], [ -82.363069, 29.881429 ], [ -82.366117, 29.880454 ], [ -82.367846, 29.880415 ], [ -82.369524, 29.879144 ], [ -82.372245, 29.879852 ], [ -82.373893, 29.879292 ], [ -82.375003, 29.879433 ], [ -82.377198, 29.881387 ], [ -82.37897, 29.880942 ], [ -82.378646, 29.882526 ], [ -82.37954, 29.882724 ], [ -82.380686, 29.881643 ], [ -82.38271, 29.88153 ], [ -82.382684, 29.880922 ], [ -82.387415, 29.881903 ], [ -82.388614, 29.881798 ], [ -82.388771, 29.884131 ], [ -82.389584, 29.884594 ], [ -82.391695, 29.8841 ], [ -82.393271, 29.885114 ], [ -82.39439, 29.88659 ], [ -82.397519, 29.886069 ], [ -82.397954, 29.88783 ], [ -82.398771, 29.887319 ], [ -82.39867, 29.889391 ], [ -82.400926, 29.890026 ], [ -82.401284, 29.892825 ], [ -82.402359, 29.893711 ], [ -82.402856, 29.895787 ], [ -82.404456, 29.89575 ], [ -82.403573, 29.897652 ], [ -82.404655, 29.898409 ], [ -82.403957, 29.899601 ], [ -82.405781, 29.902515 ], [ -82.406003, 29.904071 ], [ -82.404468, 29.90478 ], [ -82.405462, 29.90661 ], [ -82.406485, 29.907379 ], [ -82.405862, 29.908893 ], [ -82.407022, 29.910178 ], [ -82.405503, 29.911204 ], [ -82.405776, 29.912202 ], [ -82.406629, 29.914054 ], [ -82.407752, 29.913615 ], [ -82.407659, 29.914675 ], [ -82.409658, 29.915031 ], [ -82.40871, 29.915849 ], [ -82.408996, 29.916912 ], [ -82.41114, 29.917238 ], [ -82.410304, 29.918052 ], [ -82.411095, 29.919664 ], [ -82.412309, 29.920184 ], [ -82.411043, 29.920582 ], [ -82.413257, 29.92122 ], [ -82.412456, 29.922018 ], [ -82.414799, 29.922045 ], [ -82.418012, 29.922569 ], [ -82.418728, 29.923093 ], [ -82.420455, 29.920846 ], [ -82.422399, 29.919923 ], [ -82.423944, 29.920677 ], [ -82.426292, 29.921807 ], [ -82.42667, 29.922096 ], [ -82.42927, 29.925535 ], [ -82.433362, 29.929265 ], [ -82.433743, 29.929548 ], [ -82.434186, 29.929276 ], [ -82.433807, 29.928327 ], [ -82.435115, 29.928364 ], [ -82.435531, 29.928616 ], [ -82.436108, 29.930312 ], [ -82.436587, 29.93085 ], [ -82.437583, 29.930331 ], [ -82.439438, 29.930983 ], [ -82.439774, 29.929339 ], [ -82.441713, 29.929112 ], [ -82.444165, 29.930962 ], [ -82.446597, 29.931818 ], [ -82.448948, 29.931515 ], [ -82.450371, 29.928976 ], [ -82.451215, 29.92667 ], [ -82.453061, 29.925675 ], [ -82.456679, 29.927568 ], [ -82.458325, 29.929169 ], [ -82.458786, 29.930518 ], [ -82.460127, 29.930372 ], [ -82.461284, 29.931621 ], [ -82.463373, 29.928636 ], [ -82.464932, 29.929588 ], [ -82.468379, 29.928265 ], [ -82.469141, 29.928426 ], [ -82.46913, 29.927134 ], [ -82.469989, 29.925794 ], [ -82.472129, 29.926547 ], [ -82.47544, 29.930432 ], [ -82.475676, 29.932384 ], [ -82.477253, 29.93212 ], [ -82.47671, 29.933003 ], [ -82.477572, 29.934893 ], [ -82.479661, 29.935815 ], [ -82.481167, 29.937014 ], [ -82.482042, 29.935904 ], [ -82.484318, 29.936878 ], [ -82.483847, 29.938461 ], [ -82.484532, 29.93973 ], [ -82.485636, 29.939094 ], [ -82.486221, 29.939872 ], [ -82.490726, 29.939021 ], [ -82.491412, 29.938267 ], [ -82.492045, 29.939245 ], [ -82.495445, 29.940114 ], [ -82.496081, 29.939514 ], [ -82.49899, 29.938881 ], [ -82.499248, 29.940194 ], [ -82.501105, 29.941138 ], [ -82.50156, 29.942015 ], [ -82.503157, 29.941825 ], [ -82.504798, 29.942835 ], [ -82.510972, 29.945207 ], [ -82.516432, 29.943363 ], [ -82.52014, 29.943937 ], [ -82.522148, 29.943538 ], [ -82.52218, 29.944621 ], [ -82.524103, 29.945254 ], [ -82.525368, 29.94496 ], [ -82.526572, 29.943308 ], [ -82.526516, 29.942417 ], [ -82.527949, 29.941216 ], [ -82.529705, 29.940881 ], [ -82.530262, 29.939138 ], [ -82.529269, 29.936761 ], [ -82.529439, 29.934277 ], [ -82.530453, 29.932378 ], [ -82.531777, 29.931058 ], [ -82.535067, 29.929283 ], [ -82.539572, 29.928868 ], [ -82.541554, 29.925495 ], [ -82.545235, 29.925099 ], [ -82.548134, 29.925571 ], [ -82.551334, 29.928712 ], [ -82.554735, 29.928541 ], [ -82.558649, 29.926637 ], [ -82.560837, 29.924916 ], [ -82.562052, 29.922665 ], [ -82.560934, 29.922154 ], [ -82.56325, 29.921427 ], [ -82.564739, 29.920227 ], [ -82.566583, 29.920566 ], [ -82.566286, 29.919335 ], [ -82.567856, 29.917196 ], [ -82.570621, 29.917533 ], [ -82.571552, 29.918276 ], [ -82.578266, 29.915845 ], [ -82.578786, 29.915362 ], [ -82.579526, 29.914444 ], [ -82.575966, 29.913095 ], [ -82.575876, 29.894865 ], [ -82.580029, 29.894851 ], [ -82.579997, 29.88764 ], [ -82.592553, 29.887515 ], [ -82.59234, 29.873221 ], [ -82.590225, 29.873204 ], [ -82.589558, 29.870452 ], [ -82.586792, 29.867668 ], [ -82.586485, 29.866702 ], [ -82.588376, 29.86686 ], [ -82.591231, 29.866042 ], [ -82.592897, 29.861933 ], [ -82.594379, 29.86122 ], [ -82.595449, 29.859708 ], [ -82.597171, 29.858897 ], [ -82.599863, 29.858978 ], [ -82.600552, 29.858272 ], [ -82.602422, 29.857656 ], [ -82.603676, 29.854736 ], [ -82.606276, 29.852864 ], [ -82.608466, 29.852927 ], [ -82.609924, 29.852147 ], [ -82.611351, 29.852292 ], [ -82.61387, 29.854348 ], [ -82.615882, 29.856584 ], [ -82.616452, 29.857786 ], [ -82.619739, 29.859111 ], [ -82.622927, 29.854005 ], [ -82.622394, 29.852094 ], [ -82.61847, 29.850891 ], [ -82.617514, 29.849485 ], [ -82.617813, 29.84726 ], [ -82.618497, 29.847002 ], [ -82.622037, 29.848512 ], [ -82.629262, 29.849373 ], [ -82.631251, 29.849112 ], [ -82.632104, 29.846807 ], [ -82.630571, 29.842908 ], [ -82.630646, 29.842782 ], [ -82.63083, 29.84247 ], [ -82.631659, 29.841463 ], [ -82.634513, 29.839656 ], [ -82.635011, 29.838132 ], [ -82.634587, 29.835252 ], [ -82.634734, 29.833596 ], [ -82.635797, 29.832351 ], [ -82.640627, 29.828849 ], [ -82.641377, 29.827423 ], [ -82.644367, 29.826795 ], [ -82.649151, 29.826482 ], [ -82.652107, 29.82563 ], [ -82.653674, 29.826943 ], [ -82.65456, 29.829052 ], [ -82.655512, 29.829693 ], [ -82.658554, 29.830144 ], [ -82.658128, 29.828068 ] ] ] ] } },
{ "type": "Feature", "properties": { "STATEFP": "12", "COUNTYFP": "129", "COUNTYNS": "00306912", "GEOIDFQ": "0500000US12129", "GEOID": "12129", "NAME": "Wakulla", "NAMELSAD": "Wakulla County", "STUSPS": "FL", "STATE_NAME": "Florida", "LSAD": "06", "ALAND": 1570615734.0, "AWATER": 804111188.0, "STATE_NAME_HYPHEN": "Florida" }, "geometry": { "type": "MultiPolygon", "coordinates": [ [ [ [ -84.737846, 30.265646 ], [ -84.735054, 30.263626 ], [ -84.728386, 30.257875 ], [ -84.726608, 30.25672 ], [ -84.718513, 30.253553 ], [ -84.715744, 30.252697 ], [ -84.715721, 30.251646 ], [ -84.712219, 30.250439 ], [ -84.709277, 30.251667 ], [ -84.709927, 30.253089 ], [ -84.708305, 30.253439 ], [ -84.707425, 30.251358 ], [ -84.705543, 30.251803 ], [ -84.704185, 30.249521 ], [ -84.701294, 30.24828 ], [ -84.699897, 30.246115 ], [ -84.698814, 30.246082 ], [ -84.69825, 30.244781 ], [ -84.700401, 30.244236 ], [ -84.700394, 30.242695 ], [ -84.698586, 30.241419 ], [ -84.697571, 30.239525 ], [ -84.697807, 30.238438 ], [ -84.699409, 30.238121 ], [ -84.697243, 30.237148 ], [ -84.699097, 30.236374 ], [ -84.698593, 30.233582 ], [ -84.70118, 30.235432 ], [ -84.701515, 30.234739 ], [ -84.701027, 30.231972 ], [ -84.697372, 30.229315 ], [ -84.699473, 30.227655 ], [ -84.695486, 30.227329 ], [ -84.695945, 30.225465 ], [ -84.693611, 30.224115 ], [ -84.694824, 30.222834 ], [ -84.692716, 30.222143 ], [ -84.690094, 30.222824 ], [ -84.688828, 30.221695 ], [ -84.687645, 30.222263 ], [ -84.685184, 30.220033 ], [ -84.683866, 30.22008 ], [ -84.683297, 30.218258 ], [ -84.681871, 30.21771 ], [ -84.682133, 30.212096 ], [ -84.681462, 30.209145 ], [ -84.680136, 30.206763 ], [ -84.681757, 30.204984 ], [ -84.681442, 30.202188 ], [ -84.677162, 30.201813 ], [ -84.675964, 30.200735 ], [ -84.678095, 30.195439 ], [ -84.677652, 30.194053 ], [ -84.678198, 30.192486 ], [ -84.678255, 30.18809 ], [ -84.677094, 30.186146 ], [ -84.674706, 30.185574 ], [ -84.674751, 30.183786 ], [ -84.672821, 30.185801 ], [ -84.672867, 30.187124 ], [ -84.672254, 30.186523 ], [ -84.672656, 30.184336 ], [ -84.671272, 30.183945 ], [ -84.670881, 30.184965 ], [ -84.668337, 30.182591 ], [ -84.667898, 30.18041 ], [ -84.668457, 30.177711 ], [ -84.668263, 30.174462 ], [ -84.670151, 30.173363 ], [ -84.668686, 30.173066 ], [ -84.668465, 30.171041 ], [ -84.66658, 30.171465 ], [ -84.666186, 30.172561 ], [ -84.664944, 30.169774 ], [ -84.667192, 30.168596 ], [ -84.665138, 30.166096 ], [ -84.667834, 30.167044 ], [ -84.669492, 30.165691 ], [ -84.66798, 30.164878 ], [ -84.667213, 30.163431 ], [ -84.66911, 30.163558 ], [ -84.667641, 30.161437 ], [ -84.668688, 30.160991 ], [ -84.668404, 30.159533 ], [ -84.66926, 30.158003 ], [ -84.670623, 30.157559 ], [ -84.669492, 30.15473 ], [ -84.670665, 30.154087 ], [ -84.669001, 30.153108 ], [ -84.669293, 30.152118 ], [ -84.67088, 30.152138 ], [ -84.672538, 30.150406 ], [ -84.670373, 30.149839 ], [ -84.671684, 30.147943 ], [ -84.670631, 30.146152 ], [ -84.66923, 30.146469 ], [ -84.669617, 30.144455 ], [ -84.668391, 30.143046 ], [ -84.670067, 30.142662 ], [ -84.672157, 30.140898 ], [ -84.670128, 30.138826 ], [ -84.671608, 30.137678 ], [ -84.668907, 30.136854 ], [ -84.667274, 30.13735 ], [ -84.668047, 30.135691 ], [ -84.667572, 30.134779 ], [ -84.665492, 30.134622 ], [ -84.668326, 30.132714 ], [ -84.666143, 30.132526 ], [ -84.668237, 30.131076 ], [ -84.668091, 30.12915 ], [ -84.669431, 30.128957 ], [ -84.670357, 30.127626 ], [ -84.669258, 30.1252 ], [ -84.665947, 30.123873 ], [ -84.6675, 30.123352 ], [ -84.664324, 30.120196 ], [ -84.660812, 30.120202 ], [ -84.661476, 30.118855 ], [ -84.661034, 30.116903 ], [ -84.659897, 30.116533 ], [ -84.659623, 30.115079 ], [ -84.658118, 30.115134 ], [ -84.657397, 30.11415 ], [ -84.656239, 30.115234 ], [ -84.655993, 30.11758 ], [ -84.653223, 30.11824 ], [ -84.652779, 30.116129 ], [ -84.651685, 30.114759 ], [ -84.651708, 30.112291 ], [ -84.650277, 30.11016 ], [ -84.648095, 30.108834 ], [ -84.648436, 30.10808 ], [ -84.651924, 30.106815 ], [ -84.651985, 30.104616 ], [ -84.649025, 30.105942 ], [ -84.64814, 30.105364 ], [ -84.650948, 30.103156 ], [ -84.652588, 30.103189 ], [ -84.65052, 30.101242 ], [ -84.653107, 30.100906 ], [ -84.654549, 30.09992 ], [ -84.652832, 30.097973 ], [ -84.654274, 30.0972 ], [ -84.652718, 30.096722 ], [ -84.651382, 30.097652 ], [ -84.651459, 30.096264 ], [ -84.649734, 30.095385 ], [ -84.648285, 30.093456 ], [ -84.649969, 30.09326 ], [ -84.648079, 30.091991 ], [ -84.647491, 30.092728 ], [ -84.644768, 30.09128 ], [ -84.643951, 30.088711 ], [ -84.64257, 30.087364 ], [ -84.642414, 30.083294 ], [ -84.640732, 30.082573 ], [ -84.637886, 30.083738 ], [ -84.639087, 30.080724 ], [ -84.639011, 30.078899 ], [ -84.63559, 30.077396 ], [ -84.63636, 30.076304 ], [ -84.634836, 30.074231 ], [ -84.632663, 30.072937 ], [ -84.634884, 30.0727 ], [ -84.635082, 30.071639 ], [ -84.632267, 30.068253 ], [ -84.628871, 30.069307 ], [ -84.628169, 30.068307 ], [ -84.631081, 30.067199 ], [ -84.631475, 30.066169 ], [ -84.630162, 30.064953 ], [ -84.627513, 30.065623 ], [ -84.625798, 30.065296 ], [ -84.626532, 30.062899 ], [ -84.626084, 30.062392 ], [ -84.621991, 30.063585 ], [ -84.621126, 30.066514 ], [ -84.619956, 30.066919 ], [ -84.617943, 30.064672 ], [ -84.616036, 30.065361 ], [ -84.612397, 30.061555 ], [ -84.609777, 30.059719 ], [ -84.608963, 30.058529 ], [ -84.607614, 30.054827 ], [ -84.605553, 30.052267 ], [ -84.603916, 30.046335 ], [ -84.601987, 30.045485 ], [ -84.599891, 30.045824 ], [ -84.597235, 30.047422 ], [ -84.596468, 30.046362 ], [ -84.597444, 30.044964 ], [ -84.600144, 30.044061 ], [ -84.600015, 30.043179 ], [ -84.59419, 30.042309 ], [ -84.59308, 30.040667 ], [ -84.594048, 30.040033 ], [ -84.596288, 30.041195 ], [ -84.598618, 30.04089 ], [ -84.599323, 30.040131 ], [ -84.598808, 30.03787 ], [ -84.596786, 30.037049 ], [ -84.595471, 30.03552 ], [ -84.595177, 30.033417 ], [ -84.593224, 30.032238 ], [ -84.591048, 30.029637 ], [ -84.587055, 30.027553 ], [ -84.584711, 30.026684 ], [ -84.581211, 30.024164 ], [ -84.576263, 30.02215 ], [ -84.572458, 30.019637 ], [ -84.570368, 30.016884 ], [ -84.56907, 30.017011 ], [ -84.569409, 30.01888 ], [ -84.568329, 30.020398 ], [ -84.566865, 30.019846 ], [ -84.566176, 30.017386 ], [ -84.565137, 30.017417 ], [ -84.563723, 30.019331 ], [ -84.561203, 30.020205 ], [ -84.562871, 30.022653 ], [ -84.558376, 30.02212 ], [ -84.555709, 30.019745 ], [ -84.555323, 30.018014 ], [ -84.55569, 30.014778 ], [ -84.550566, 30.014609 ], [ -84.549001, 30.013733 ], [ -84.548061, 30.011411 ], [ -84.547195, 30.012063 ], [ -84.547583, 30.015412 ], [ -84.546143, 30.015194 ], [ -84.543021, 30.012835 ], [ -84.543032, 30.011732 ], [ -84.54445, 30.01103 ], [ -84.548411, 30.008983 ], [ -84.548871, 30.007087 ], [ -84.548208, 30.006192 ], [ -84.544631, 30.004313 ], [ -84.542419, 30.002445 ], [ -84.54124, 30.002395 ], [ -84.538126, 30.004546 ], [ -84.531218, 30.007366 ], [ -84.528122, 30.00743 ], [ -84.525007, 30.005221 ], [ -84.520324, 29.99877 ], [ -84.51896, 29.995129 ], [ -84.519807, 29.992944 ], [ -84.522702, 29.989889 ], [ -84.524692, 29.986653 ], [ -84.525393, 29.983709 ], [ -84.524969, 29.982495 ], [ -84.521743, 29.98075 ], [ -84.515826, 29.980268 ], [ -84.514093, 29.980477 ], [ -84.512102, 29.982039 ], [ -84.511955, 29.98338 ], [ -84.513466, 29.985149 ], [ -84.514591, 29.987592 ], [ -84.51413, 29.989076 ], [ -84.511918, 29.9894 ], [ -84.508287, 29.989126 ], [ -84.50204, 29.98741 ], [ -84.494222, 29.986997 ], [ -84.491511, 29.987117 ], [ -84.487087, 29.988457 ], [ -84.484267, 29.990596 ], [ -84.481151, 29.993862 ], [ -84.476742, 29.99967 ], [ -84.472119, 30.002399 ], [ -84.470202, 30.002501 ], [ -84.467713, 30.001853 ], [ -84.464211, 29.998988 ], [ -84.461612, 29.996478 ], [ -84.459675, 29.993376 ], [ -84.458846, 29.98869 ], [ -84.458864, 29.983574 ], [ -84.458403, 29.975198 ], [ -84.456892, 29.972685 ], [ -84.454551, 29.971333 ], [ -84.452486, 29.971247 ], [ -84.449482, 29.973344 ], [ -84.446912, 29.977039 ], [ -84.444191, 29.981799 ], [ -84.443417, 29.982177 ], [ -84.442145, 29.981726 ], [ -84.438881, 29.977442 ], [ -84.43816, 29.977207 ], [ -84.4362834, 29.9789757 ], [ -84.435458, 29.981748 ], [ -84.436171, 29.985762 ], [ -84.437597, 29.98813 ], [ -84.435577, 29.989674 ], [ -84.43415, 29.990497 ], [ -84.432606, 29.990188 ], [ -84.428921, 29.986895 ], [ -84.426426, 29.985762 ], [ -84.4254307, 29.9854388 ], [ -84.41882, 29.983292 ], [ -84.415611, 29.983086 ], [ -84.412284, 29.984321 ], [ -84.4091862, 29.9848963 ], [ -84.408956, 29.984939 ], [ -84.4088048, 29.9849099 ], [ -84.402539, 29.983704 ], [ -84.399212, 29.983292 ], [ -84.394696, 29.982365 ], [ -84.3936013, 29.9816647 ], [ -84.391962, 29.980616 ], [ -84.385307, 29.977219 ], [ -84.3832181, 29.9769721 ], [ -84.382693, 29.97691 ], [ -84.378058, 29.97691 ], [ -84.372829, 29.976086 ], [ -84.36962, 29.974645 ], [ -84.362371, 29.972895 ], [ -84.36047, 29.971248 ], [ -84.353802, 29.969747 ], [ -84.350725, 29.969703 ], [ -84.348302, 29.969059 ], [ -84.341754, 29.970258 ], [ -84.340845, 29.971966 ], [ -84.340148, 29.975366 ], [ -84.341133, 29.978889 ], [ -84.343238, 29.98288 ], [ -84.344664, 29.985042 ], [ -84.346565, 29.985042 ], [ -84.3477, 29.984123 ], [ -84.350368, 29.980513 ], [ -84.352151, 29.979071 ], [ -84.353517, 29.98006 ], [ -84.356429, 29.98041 ], [ -84.358093, 29.98288 ], [ -84.359986, 29.984739 ], [ -84.361962, 29.987739 ], [ -84.362502, 29.992817 ], [ -84.360886, 29.997959 ], [ -84.363775, 30.004787 ], [ -84.366115, 30.008662 ], [ -84.361599, 30.01566 ], [ -84.356622, 30.01856 ], [ -84.355195, 30.016708 ], [ -84.355433, 30.014032 ], [ -84.352389, 30.012906 ], [ -84.346889, 30.018602 ], [ -84.344323, 30.02247 ], [ -84.345451, 30.026997 ], [ -84.339509, 30.029261 ], [ -84.337607, 30.02638 ], [ -84.3339, 30.02901 ], [ -84.337132, 30.032348 ], [ -84.33428, 30.03708 ], [ -84.329526, 30.039344 ], [ -84.32544, 30.0423132 ], [ -84.317474, 30.048102 ], [ -84.314523, 30.04951 ], [ -84.297836, 30.057451 ], [ -84.293234, 30.058418 ], [ -84.289727, 30.057197 ], [ -84.282228, 30.061151 ], [ -84.277168, 30.060263 ], [ -84.273055, 30.063755 ], [ -84.270792, 30.068094 ], [ -84.270368, 30.075469 ], [ -84.274003, 30.083079 ], [ -84.272511, 30.092358 ], [ -84.269363, 30.09766 ], [ -84.263831, 30.100284 ], [ -84.262263, 30.103724 ], [ -84.256083, 30.104752 ], [ -84.247491, 30.10114 ], [ -84.245668, 30.093021 ], [ -84.239208, 30.090152 ], [ -84.237014, 30.08556 ], [ -84.227788, 30.085311 ], [ -84.218736, 30.083966 ], [ -84.20801, 30.084776 ], [ -84.203413, 30.08461 ], [ -84.201585, 30.087982 ], [ -84.19853, 30.087937 ], [ -84.201676, 30.09443 ], [ -84.204506, 30.09591 ], [ -84.208785, 30.107219 ], [ -84.205589, 30.114323 ], [ -84.2031087, 30.112835 ], [ -84.202152, 30.112261 ], [ -84.19356, 30.097826 ], [ -84.18806, 30.094045 ], [ -84.179811, 30.091982 ], [ -84.177062, 30.096107 ], [ -84.174999, 30.095763 ], [ -84.173846, 30.090975 ], [ -84.177405, 30.085452 ], [ -84.182217, 30.082359 ], [ -84.184493, 30.077254 ], [ -84.179149, 30.073187 ], [ -84.167881, 30.071422 ], [ -84.157278, 30.072714 ], [ -84.135683, 30.083018 ], [ -84.124889, 30.090601 ], [ -84.120606, 30.09118 ], [ -84.118942, 30.088507 ], [ -84.11384, 30.085478 ], [ -84.105646, 30.091172 ], [ -84.09374, 30.093955 ], [ -84.087034, 30.092103 ], [ -84.083057, 30.092286 ], [ -84.0760426, 30.0954641 ], [ -84.076132, 30.09752 ], [ -84.076229, 30.12529 ], [ -84.075813, 30.26269 ], [ -84.075638, 30.26339 ], [ -84.075539, 30.273617 ], [ -84.124891, 30.273679 ], [ -84.149841, 30.27379 ], [ -84.1617, 30.27387 ], [ -84.231896, 30.274159 ], [ -84.238967, 30.274159 ], [ -84.241222, 30.274244 ], [ -84.241539, 30.276236 ], [ -84.247673, 30.303493 ], [ -84.253997, 30.303201 ], [ -84.285942, 30.303301 ], [ -84.292831, 30.303431 ], [ -84.31193, 30.303265 ], [ -84.327899, 30.303301 ], [ -84.3409, 30.303501 ], [ -84.34642, 30.303399 ], [ -84.378532, 30.303428 ], [ -84.378531, 30.302709 ], [ -84.400432, 30.302566 ], [ -84.421052, 30.302407 ], [ -84.499844, 30.301909 ], [ -84.504342, 30.301864 ], [ -84.627725, 30.300495 ], [ -84.628293, 30.300342 ], [ -84.713351, 30.30017 ], [ -84.727414, 30.288745 ], [ -84.729207, 30.287439 ], [ -84.730991, 30.283338 ], [ -84.730841, 30.28044 ], [ -84.729714, 30.279054 ], [ -84.727524, 30.278749 ], [ -84.727661, 30.275846 ], [ -84.730942, 30.275158 ], [ -84.730476, 30.27256 ], [ -84.731003, 30.271385 ], [ -84.730579, 30.269686 ], [ -84.73217, 30.267942 ], [ -84.735085, 30.267288 ], [ -84.736557, 30.26812 ], [ -84.737846, 30.265646 ] ] ] ] } },
{ "type": "Feature", "properties": { "STATEFP": "12", "COUNTYFP": "041", "COUNTYNS": "00303633", "GEOIDFQ": "0500000US12041", "GEOID": "12041", "NAME": "Gilchrist", "NAMELSAD": "Gilchrist County", "STUSPS": "FL", "STATE_NAME": "Florida", "LSAD": "06", "ALAND": 905705571.0, "AWATER": 14362143.0, "STATE_NAME_HYPHEN": "Florida" }, "geometry": { "type": "MultiPolygon", "coordinates": [ [ [ [ -82.972431, 29.621494 ], [ -82.971541, 29.620386 ], [ -82.968249, 29.617736 ], [ -82.967701, 29.616548 ], [ -82.968586, 29.614832 ], [ -82.971441, 29.612429 ], [ -82.972362, 29.611052 ], [ -82.97216, 29.608969 ], [ -82.963706, 29.603365 ], [ -82.962093, 29.601092 ], [ -82.960257, 29.593524 ], [ -82.958874, 29.590748 ], [ -82.957881, 29.588884 ], [ -82.954879, 29.585605 ], [ -82.952162, 29.584474 ], [ -82.95051, 29.58459 ], [ -82.948826, 29.585416 ], [ -82.947703, 29.586776 ], [ -82.946258, 29.589708 ], [ -82.943901, 29.592186 ], [ -82.94181, 29.59322 ], [ -82.939189, 29.593204 ], [ -82.937329, 29.591196 ], [ -82.930428, 29.590971 ], [ -82.925345, 29.590844 ], [ -82.92325, 29.59092 ], [ -82.92163, 29.590913 ], [ -82.917704, 29.590937 ], [ -82.915387, 29.590979 ], [ -82.91492, 29.590979 ], [ -82.906572, 29.591083 ], [ -82.898341, 29.591149 ], [ -82.873844, 29.591098 ], [ -82.87337, 29.5912 ], [ -82.856612, 29.591315 ], [ -82.856518, 29.584243 ], [ -82.840053, 29.584359 ], [ -82.82324, 29.58423 ], [ -82.814672, 29.584197 ], [ -82.810442, 29.584213 ], [ -82.7926, 29.58468 ], [ -82.781298, 29.585026 ], [ -82.77291, 29.584879 ], [ -82.772965, 29.581383 ], [ -82.773025, 29.577647 ], [ -82.756868, 29.57768 ], [ -82.756458, 29.562467 ], [ -82.656301, 29.564811 ], [ -82.656303, 29.5649 ], [ -82.656451, 29.572227 ], [ -82.656338, 29.582393 ], [ -82.656272, 29.583534 ], [ -82.656295, 29.596266 ], [ -82.656298, 29.601389 ], [ -82.656287, 29.607161 ], [ -82.656281, 29.619954 ], [ -82.656286, 29.62735 ], [ -82.656284, 29.627463 ], [ -82.656297, 29.627862 ], [ -82.656434, 29.643146 ], [ -82.656551, 29.647642 ], [ -82.65657, 29.679848 ], [ -82.657019, 29.68196 ], [ -82.656905, 29.711299 ], [ -82.657043, 29.726635 ], [ -82.657229, 29.751461 ], [ -82.658097, 29.821778 ], [ -82.658128, 29.828068 ], [ -82.658554, 29.830144 ], [ -82.660541, 29.829656 ], [ -82.66189, 29.830554 ], [ -82.666877, 29.831957 ], [ -82.670183, 29.831353 ], [ -82.672248, 29.832182 ], [ -82.673756, 29.833358 ], [ -82.677081, 29.833704 ], [ -82.677805, 29.832749 ], [ -82.678982, 29.833106 ], [ -82.682649, 29.832743 ], [ -82.690533, 29.834227 ], [ -82.693668, 29.834216 ], [ -82.696452, 29.835538 ], [ -82.697727, 29.836568 ], [ -82.699859, 29.83694 ], [ -82.702021, 29.839077 ], [ -82.703779, 29.838166 ], [ -82.704555, 29.838645 ], [ -82.704256, 29.840606 ], [ -82.706235, 29.841272 ], [ -82.707644, 29.843481 ], [ -82.710446, 29.845706 ], [ -82.708953, 29.847266 ], [ -82.712772, 29.847999 ], [ -82.715203, 29.849221 ], [ -82.71605, 29.850639 ], [ -82.719658, 29.852082 ], [ -82.720848, 29.853366 ], [ -82.724843, 29.853995 ], [ -82.730546, 29.856766 ], [ -82.731593, 29.856105 ], [ -82.732941, 29.85647 ], [ -82.734696, 29.859068 ], [ -82.736237, 29.860133 ], [ -82.737184, 29.86471 ], [ -82.73775, 29.86531 ], [ -82.74007, 29.865028 ], [ -82.741595, 29.867126 ], [ -82.744893, 29.86939 ], [ -82.746602, 29.872489 ], [ -82.747772, 29.873542 ], [ -82.747789, 29.876559 ], [ -82.749568, 29.877244 ], [ -82.752854, 29.880206 ], [ -82.753315, 29.881413 ], [ -82.752879, 29.885252 ], [ -82.751906, 29.886239 ], [ -82.752976, 29.888717 ], [ -82.752943, 29.892103 ], [ -82.753646, 29.893499 ], [ -82.757372, 29.895877 ], [ -82.758321, 29.89874 ], [ -82.75976, 29.898768 ], [ -82.762406, 29.89704 ], [ -82.766903, 29.8969 ], [ -82.769019, 29.897351 ], [ -82.769383, 29.898224 ], [ -82.768514, 29.899865 ], [ -82.767032, 29.901051 ], [ -82.766868, 29.903704 ], [ -82.767428, 29.906348 ], [ -82.76532, 29.90743 ], [ -82.765352, 29.908196 ], [ -82.768752, 29.908662 ], [ -82.771058, 29.908455 ], [ -82.773299, 29.91023 ], [ -82.774296, 29.911702 ], [ -82.773813, 29.913401 ], [ -82.772829, 29.913718 ], [ -82.772025, 29.915422 ], [ -82.772418, 29.916902 ], [ -82.771408, 29.917874 ], [ -82.771073, 29.922254 ], [ -82.772445, 29.924137 ], [ -82.772078, 29.925132 ], [ -82.770723, 29.925789 ], [ -82.769861, 29.927813 ], [ -82.772162, 29.928325 ], [ -82.776626, 29.926732 ], [ -82.778397, 29.927347 ], [ -82.780486, 29.925753 ], [ -82.782815, 29.928868 ], [ -82.783586, 29.930471 ], [ -82.78373, 29.932337 ], [ -82.785564, 29.933367 ], [ -82.788702, 29.932494 ], [ -82.789814, 29.933133 ], [ -82.790581, 29.935007 ], [ -82.791854, 29.935453 ], [ -82.793449, 29.933882 ], [ -82.793546, 29.932172 ], [ -82.795074, 29.931465 ], [ -82.796546, 29.93277 ], [ -82.797959, 29.932831 ], [ -82.800477, 29.932126 ], [ -82.803355, 29.931016 ], [ -82.80635, 29.932746 ], [ -82.808508, 29.933079 ], [ -82.810247, 29.932132 ], [ -82.81116, 29.93082 ], [ -82.814423, 29.929831 ], [ -82.817574, 29.925884 ], [ -82.818848, 29.924937 ], [ -82.822515, 29.923559 ], [ -82.823693, 29.922698 ], [ -82.825103, 29.919803 ], [ -82.82951, 29.916406 ], [ -82.831473, 29.912808 ], [ -82.832741, 29.912663 ], [ -82.834599, 29.913993 ], [ -82.837535, 29.913923 ], [ -82.839917, 29.914302 ], [ -82.84081, 29.912352 ], [ -82.842353, 29.91184 ], [ -82.848716, 29.913796 ], [ -82.851606, 29.913883 ], [ -82.855338, 29.913255 ], [ -82.858071, 29.911662 ], [ -82.86005, 29.911592 ], [ -82.863266, 29.91105 ], [ -82.864658, 29.908822 ], [ -82.86424, 29.907558 ], [ -82.864909, 29.905227 ], [ -82.86577, 29.903959 ], [ -82.866946, 29.903672 ], [ -82.867514, 29.902269 ], [ -82.866578, 29.900398 ], [ -82.866765, 29.898756 ], [ -82.868727, 29.898297 ], [ -82.870747, 29.898817 ], [ -82.871725, 29.898452 ], [ -82.872934, 29.896423 ], [ -82.874577, 29.890672 ], [ -82.878749, 29.889186 ], [ -82.879802, 29.886847 ], [ -82.878779, 29.88718 ], [ -82.876804, 29.88615 ], [ -82.876033, 29.884398 ], [ -82.87592, 29.882301 ], [ -82.875305, 29.880718 ], [ -82.87522, 29.877265 ], [ -82.876436, 29.874085 ], [ -82.876947, 29.871567 ], [ -82.875542, 29.866955 ], [ -82.877939, 29.862131 ], [ -82.882366, 29.858076 ], [ -82.885545, 29.854746 ], [ -82.887496, 29.851971 ], [ -82.888403, 29.850115 ], [ -82.890246, 29.845129 ], [ -82.89096, 29.842425 ], [ -82.891429, 29.837315 ], [ -82.892366, 29.833264 ], [ -82.892548, 29.828461 ], [ -82.893371, 29.826839 ], [ -82.895033, 29.825783 ], [ -82.902258, 29.825219 ], [ -82.903956, 29.824294 ], [ -82.907862, 29.821843 ], [ -82.909496, 29.821183 ], [ -82.91231, 29.820766 ], [ -82.913241, 29.821001 ], [ -82.916827, 29.823524 ], [ -82.918708, 29.824083 ], [ -82.920608, 29.824143 ], [ -82.923828, 29.823368 ], [ -82.92585, 29.822305 ], [ -82.930023, 29.818506 ], [ -82.931833, 29.816054 ], [ -82.935355, 29.809455 ], [ -82.935524, 29.807033 ], [ -82.935139, 29.804724 ], [ -82.933417, 29.801454 ], [ -82.931361, 29.800386 ], [ -82.928908, 29.799972 ], [ -82.92592, 29.800082 ], [ -82.921577, 29.798462 ], [ -82.920131, 29.797314 ], [ -82.91984, 29.795714 ], [ -82.920364, 29.79465 ], [ -82.92472, 29.791692 ], [ -82.933301, 29.78743 ], [ -82.934999, 29.786398 ], [ -82.937381, 29.783583 ], [ -82.938861, 29.778894 ], [ -82.941227, 29.772842 ], [ -82.943157, 29.770575 ], [ -82.946017, 29.768349 ], [ -82.947623, 29.766113 ], [ -82.947875, 29.762311 ], [ -82.949677, 29.757921 ], [ -82.949707, 29.754409 ], [ -82.947542, 29.752841 ], [ -82.946058, 29.752816 ], [ -82.943133, 29.754162 ], [ -82.941336, 29.754039 ], [ -82.939853, 29.753167 ], [ -82.93879, 29.750232 ], [ -82.93834, 29.746486 ], [ -82.938538, 29.744487 ], [ -82.939281, 29.743089 ], [ -82.940883, 29.741586 ], [ -82.941692, 29.740117 ], [ -82.943403, 29.735492 ], [ -82.944722, 29.732905 ], [ -82.946804, 29.729712 ], [ -82.949689, 29.726283 ], [ -82.94969, 29.723758 ], [ -82.948346, 29.722843 ], [ -82.945013, 29.722716 ], [ -82.943282, 29.721821 ], [ -82.942773, 29.720404 ], [ -82.943183, 29.717567 ], [ -82.944278, 29.715212 ], [ -82.946289, 29.714915 ], [ -82.949583, 29.717745 ], [ -82.952077, 29.721221 ], [ -82.954458, 29.722452 ], [ -82.956303, 29.72058 ], [ -82.956591, 29.718718 ], [ -82.955642, 29.716265 ], [ -82.953537, 29.714221 ], [ -82.952182, 29.713499 ], [ -82.948424, 29.712683 ], [ -82.946835, 29.711458 ], [ -82.94498, 29.706914 ], [ -82.943299, 29.704898 ], [ -82.937887, 29.704558 ], [ -82.937101, 29.704075 ], [ -82.937199, 29.70272 ], [ -82.939319, 29.700932 ], [ -82.945335, 29.699937 ], [ -82.947834, 29.7005 ], [ -82.94937, 29.701474 ], [ -82.950638, 29.703406 ], [ -82.952474, 29.703915 ], [ -82.955713, 29.702547 ], [ -82.957376, 29.700496 ], [ -82.957677, 29.698255 ], [ -82.956677, 29.693572 ], [ -82.956507, 29.691676 ], [ -82.957123, 29.689349 ], [ -82.959263, 29.685785 ], [ -82.959408, 29.684317 ], [ -82.958375, 29.682016 ], [ -82.954771, 29.679055 ], [ -82.954325, 29.67763 ], [ -82.954729, 29.675398 ], [ -82.959077, 29.67116 ], [ -82.959135, 29.670023 ], [ -82.954354, 29.666179 ], [ -82.953173, 29.664796 ], [ -82.951833, 29.661864 ], [ -82.951819, 29.659814 ], [ -82.952654, 29.658434 ], [ -82.957077, 29.656551 ], [ -82.957585, 29.653934 ], [ -82.956342, 29.648984 ], [ -82.955722, 29.641893 ], [ -82.956018, 29.640144 ], [ -82.956989, 29.638878 ], [ -82.962518, 29.634789 ], [ -82.967447, 29.631377 ], [ -82.969166, 29.629915 ], [ -82.972002, 29.626502 ], [ -82.973054, 29.624281 ], [ -82.972431, 29.621494 ] ] ] ] } },
{ "type": "Feature", "properties": { "STATEFP": "12", "COUNTYFP": "075", "COUNTYNS": "00295724", "GEOIDFQ": "0500000US12075", "GEOID": "12075", "NAME": "Levy", "NAMELSAD": "Levy County", "STUSPS": "FL", "STATE_NAME": "Florida", "LSAD": "06", "ALAND": 2896264178.0, "AWATER": 1224291300.0, "STATE_NAME_HYPHEN": "Florida" }, "geometry": { "type": "MultiPolygon", "coordinates": [ [ [ [ -83.034469, 29.121813 ], [ -83.026542, 29.11788 ], [ -83.024011, 29.119322 ], [ -83.02386, 29.124034 ], [ -83.027814, 29.127004 ], [ -83.032805, 29.127835 ], [ -83.034469, 29.125343 ], [ -83.034469, 29.121813 ] ] ], [ [ [ -83.035325, 29.096307 ], [ -83.03405, 29.095547 ], [ -83.029477, 29.093779 ], [ -83.025912, 29.096271 ], [ -83.030666, 29.098971 ], [ -83.034469, 29.099594 ], [ -83.035325, 29.096307 ] ] ], [ [ [ -83.077251, 29.100217 ], [ -83.070718, 29.096609 ], [ -83.065367, 29.095648 ], [ -83.062039, 29.09731 ], [ -83.059928, 29.09966 ], [ -83.061802, 29.102502 ], [ -83.069854, 29.102777 ], [ -83.075959, 29.101632 ], [ -83.077251, 29.100217 ] ] ], [ [ [ -83.093922, 29.128523 ], [ -83.090086, 29.126381 ], [ -83.089973, 29.122751 ], [ -83.090253, 29.118715 ], [ -83.085651, 29.12019 ], [ -83.083291, 29.12454 ], [ -83.082604, 29.128917 ], [ -83.085094, 29.132195 ], [ -83.088422, 29.134894 ], [ -83.093413, 29.131779 ], [ -83.093922, 29.128523 ] ] ], [ [ [ -83.1669508, 29.2885929 ], [ -83.161568, 29.2857 ], [ -83.158011, 29.287987 ], [ -83.155048, 29.291481 ], [ -83.151531, 29.291966 ], [ -83.14983, 29.289524 ], [ -83.146445, 29.289194 ], [ -83.138097, 29.284055 ], [ -83.128027, 29.282733 ], [ -83.125567, 29.278845 ], [ -83.113843, 29.277937 ], [ -83.103425, 29.271585 ], [ -83.09721, 29.272342 ], [ -83.09522, 29.269195 ], [ -83.089013, 29.266502 ], [ -83.077265, 29.255331 ], [ -83.074734, 29.247975 ], [ -83.080285, 29.241692 ], [ -83.082084, 29.239327 ], [ -83.080773, 29.234384 ], [ -83.086738, 29.224676 ], [ -83.087839, 29.21642 ], [ -83.086088, 29.20952 ], [ -83.078986, 29.196944 ], [ -83.073686, 29.185952 ], [ -83.067744, 29.178897 ], [ -83.066793, 29.172049 ], [ -83.065842, 29.164577 ], [ -83.068249, 29.153135 ], [ -83.064654, 29.142367 ], [ -83.060851, 29.147972 ], [ -83.056867, 29.146263 ], [ -83.057999, 29.139046 ], [ -83.056542, 29.129909 ], [ -83.05316, 29.126747 ], [ -83.048254, 29.129703 ], [ -83.0482024, 29.130154 ], [ -83.0478962, 29.1328314 ], [ -83.047779, 29.133856 ], [ -83.043738, 29.136347 ], [ -83.0431761, 29.1366413 ], [ -83.041361, 29.137592 ], [ -83.037321, 29.134478 ], [ -83.034435, 29.133466 ], [ -83.026355, 29.1370504 ], [ -83.020921, 29.139461 ], [ -83.016405, 29.13863 ], [ -83.014504, 29.140499 ], [ -83.017593, 29.144651 ], [ -83.01688, 29.146934 ], [ -83.016643, 29.150463 ], [ -83.013629, 29.154523 ], [ -83.007373, 29.156275 ], [ -83.00318, 29.157317 ], [ -82.999643, 29.163317 ], [ -82.998379, 29.168649 ], [ -82.998579, 29.174124 ], [ -82.994776, 29.175162 ], [ -82.991686, 29.173501 ], [ -82.98622, 29.172671 ], [ -82.979522, 29.171817 ], [ -82.974676, 29.17091 ], [ -82.945302, 29.167821 ], [ -82.932405, 29.167891 ], [ -82.922613, 29.169769 ], [ -82.911706, 29.167296 ], [ -82.907082, 29.164755 ], [ -82.887211, 29.161741 ], [ -82.876396, 29.159415 ], [ -82.868286, 29.161355 ], [ -82.858179, 29.162275 ], [ -82.841466, 29.158779 ], [ -82.834216, 29.15492 ], [ -82.832048, 29.1569 ], [ -82.827073, 29.158425 ], [ -82.822458, 29.157935 ], [ -82.820557, 29.162294 ], [ -82.813902, 29.162502 ], [ -82.81105, 29.156898 ], [ -82.807009, 29.152539 ], [ -82.808095, 29.148399 ], [ -82.804736, 29.146624 ], [ -82.805136, 29.13968 ], [ -82.806735, 29.136277 ], [ -82.805703, 29.129848 ], [ -82.808446, 29.125612 ], [ -82.802749, 29.121028 ], [ -82.80178, 29.116622 ], [ -82.807722, 29.108524 ], [ -82.812871, 29.10651 ], [ -82.815364, 29.102033 ], [ -82.823659, 29.098902 ], [ -82.819368, 29.09191 ], [ -82.82019, 29.087216 ], [ -82.814615, 29.087133 ], [ -82.814615, 29.080278 ], [ -82.816925, 29.076215 ], [ -82.815566, 29.073008 ], [ -82.808198, 29.0728 ], [ -82.79985, 29.074978 ], [ -82.787995, 29.071554 ], [ -82.783479, 29.069269 ], [ -82.784905, 29.064906 ], [ -82.792986, 29.06179 ], [ -82.7935783, 29.061579 ], [ -82.805821, 29.057219 ], [ -82.80487, 29.05431 ], [ -82.798928, 29.055349 ], [ -82.78847, 29.057219 ], [ -82.783241, 29.057635 ], [ -82.777061, 29.057427 ], [ -82.771119, 29.055349 ], [ -82.763751, 29.054518 ], [ -82.7625094, 29.0528295 ], [ -82.761612, 29.051609 ], [ -82.759473, 29.042051 ], [ -82.757334, 29.034155 ], [ -82.753513, 29.026496 ], [ -82.758285, 29.019191 ], [ -82.759378, 29.006619 ], [ -82.764055, 28.999707 ], [ -82.760551, 28.993087 ], [ -82.7603142, 28.9929456 ], [ -82.7594209, 28.9924122 ], [ -82.756278, 28.996346 ], [ -82.754485, 28.997922 ], [ -82.755588, 29.000268 ], [ -82.755421, 29.001865 ], [ -82.752351, 29.002996 ], [ -82.748176, 29.005055 ], [ -82.744292, 29.007748 ], [ -82.742741, 29.00785 ], [ -82.741892, 29.008656 ], [ -82.742738, 29.010175 ], [ -82.741897, 29.011415 ], [ -82.739686, 29.012453 ], [ -82.737214, 29.012406 ], [ -82.734479, 29.013987 ], [ -82.733467, 29.014945 ], [ -82.727945, 29.014914 ], [ -82.726915, 29.017865 ], [ -82.725309, 29.019051 ], [ -82.723736, 29.021407 ], [ -82.719336, 29.026122 ], [ -82.717536, 29.026978 ], [ -82.716921, 29.027904 ], [ -82.713243, 29.029624 ], [ -82.712039, 29.030834 ], [ -82.709803, 29.030899 ], [ -82.708178, 29.031467 ], [ -82.705961, 29.030767 ], [ -82.702833, 29.032821 ], [ -82.700692, 29.031942 ], [ -82.698633, 29.03225 ], [ -82.696907, 29.031891 ], [ -82.696516, 29.0329 ], [ -82.692386, 29.032736 ], [ -82.689814, 29.033962 ], [ -82.683541, 29.030564 ], [ -82.680276, 29.030494 ], [ -82.680018, 29.030398 ], [ -82.67891, 29.030189 ], [ -82.67844, 29.030175 ], [ -82.678023, 29.030259 ], [ -82.67775, 29.030446 ], [ -82.677394, 29.030569 ], [ -82.677095, 29.03056 ], [ -82.676907, 29.03026 ], [ -82.675588, 29.027396 ], [ -82.675472, 29.026196 ], [ -82.672863, 29.025502 ], [ -82.669342, 29.025287 ], [ -82.666307, 29.024927 ], [ -82.6648, 29.023811 ], [ -82.662489, 29.02401 ], [ -82.65968, 29.023579 ], [ -82.657429, 29.022192 ], [ -82.654533, 29.023117 ], [ -82.652692, 29.023035 ], [ -82.650036, 29.021762 ], [ -82.649538, 29.020955 ], [ -82.648329, 29.021895 ], [ -82.64613, 29.021514 ], [ -82.644072, 29.020076 ], [ -82.640988, 29.021461 ], [ -82.639952, 29.021148 ], [ -82.639418, 29.019059 ], [ -82.638975, 29.018249 ], [ -82.635802, 29.017755 ], [ -82.63441, 29.017833 ], [ -82.633577, 29.016154 ], [ -82.630942, 29.016477 ], [ -82.629043, 29.01399 ], [ -82.628241, 29.013586 ], [ -82.625838, 29.013877 ], [ -82.622973, 29.012478 ], [ -82.620956, 29.012495 ], [ -82.618224, 29.01029 ], [ -82.615541, 29.010131 ], [ -82.612653, 29.009271 ], [ -82.607473, 29.010443 ], [ -82.603476, 29.012344 ], [ -82.602131, 29.013451 ], [ -82.600715, 29.016394 ], [ -82.601811, 29.018489 ], [ -82.601684, 29.021294 ], [ -82.600283, 29.024091 ], [ -82.597884, 29.027926 ], [ -82.596641, 29.029178 ], [ -82.593616, 29.030039 ], [ -82.588529, 29.028632 ], [ -82.583592, 29.027983 ], [ -82.576974, 29.028065 ], [ -82.574803, 29.029117 ], [ -82.573192, 29.030842 ], [ -82.572704, 29.032383 ], [ -82.56895, 29.033488 ], [ -82.567875, 29.034398 ], [ -82.565931, 29.034809 ], [ -82.563888, 29.035877 ], [ -82.562203, 29.034742 ], [ -82.558273, 29.035186 ], [ -82.558081, 29.034049 ], [ -82.556737, 29.033605 ], [ -82.550625, 29.037881 ], [ -82.549887, 29.039223 ], [ -82.545817, 29.041793 ], [ -82.542773, 29.042694 ], [ -82.54205, 29.042146 ], [ -82.538085, 29.04225 ], [ -82.536613, 29.042963 ], [ -82.537166, 29.044313 ], [ -82.535591, 29.044855 ], [ -82.535007, 29.05379 ], [ -82.535713, 29.113163 ], [ -82.535886, 29.131058 ], [ -82.534779, 29.150124 ], [ -82.53459, 29.15642 ], [ -82.534626, 29.159832 ], [ -82.53467, 29.17002 ], [ -82.5346, 29.17185 ], [ -82.53486, 29.21468 ], [ -82.527739, 29.21472 ], [ -82.51415, 29.21479 ], [ -82.51364, 29.21472 ], [ -82.44005, 29.21523 ], [ -82.403237, 29.215623 ], [ -82.403518, 29.223696 ], [ -82.40329, 29.2273 ], [ -82.403887, 29.247595 ], [ -82.404594, 29.27886 ], [ -82.405193, 29.315182 ], [ -82.405152, 29.33026 ], [ -82.405478, 29.361097 ], [ -82.40542, 29.36241 ], [ -82.40559, 29.38865 ], [ -82.40543, 29.40325 ], [ -82.405526, 29.428998 ], [ -82.406944, 29.429017 ], [ -82.40662, 29.485048 ], [ -82.412932, 29.485092 ], [ -82.447696, 29.485386 ], [ -82.451522, 29.485215 ], [ -82.466603, 29.48507 ], [ -82.490817, 29.485419 ], [ -82.496247, 29.485499 ], [ -82.496331, 29.478371 ], [ -82.499828, 29.478678 ], [ -82.523096, 29.479266 ], [ -82.556766, 29.480055 ], [ -82.556921, 29.500245 ], [ -82.556511, 29.511982 ], [ -82.556669, 29.534556 ], [ -82.55703, 29.537362 ], [ -82.557565, 29.537606 ], [ -82.568411, 29.537685 ], [ -82.573579, 29.537483 ], [ -82.589171, 29.537849 ], [ -82.610097, 29.537105 ], [ -82.614637, 29.537081 ], [ -82.623637, 29.536491 ], [ -82.636209, 29.536053 ], [ -82.639496, 29.536144 ], [ -82.656331, 29.53562 ], [ -82.656382, 29.550325 ], [ -82.656133, 29.55083 ], [ -82.656335, 29.550895 ], [ -82.656301, 29.564811 ], [ -82.756458, 29.562467 ], [ -82.756868, 29.57768 ], [ -82.773025, 29.577647 ], [ -82.772965, 29.581383 ], [ -82.77291, 29.584879 ], [ -82.781298, 29.585026 ], [ -82.7926, 29.58468 ], [ -82.810442, 29.584213 ], [ -82.814672, 29.584197 ], [ -82.82324, 29.58423 ], [ -82.840053, 29.584359 ], [ -82.856518, 29.584243 ], [ -82.856612, 29.591315 ], [ -82.87337, 29.5912 ], [ -82.873844, 29.591098 ], [ -82.898341, 29.591149 ], [ -82.906572, 29.591083 ], [ -82.91492, 29.590979 ], [ -82.915387, 29.590979 ], [ -82.917704, 29.590937 ], [ -82.92163, 29.590913 ], [ -82.92325, 29.59092 ], [ -82.925345, 29.590844 ], [ -82.930428, 29.590971 ], [ -82.937329, 29.591196 ], [ -82.937096, 29.588255 ], [ -82.937683, 29.587176 ], [ -82.941729, 29.586158 ], [ -82.943091, 29.585226 ], [ -82.944462, 29.582302 ], [ -82.944802, 29.576189 ], [ -82.945579, 29.573259 ], [ -82.947934, 29.569055 ], [ -82.948744, 29.565903 ], [ -82.948251, 29.563068 ], [ -82.947394, 29.561048 ], [ -82.947239, 29.558981 ], [ -82.947901, 29.557531 ], [ -82.950048, 29.55611 ], [ -82.954935, 29.554707 ], [ -82.956947, 29.554447 ], [ -82.95936, 29.553245 ], [ -82.969476, 29.544669 ], [ -82.972269, 29.542927 ], [ -82.976836, 29.540634 ], [ -82.977347, 29.539893 ], [ -82.979031, 29.535041 ], [ -82.978879, 29.532892 ], [ -82.978557, 29.531868 ], [ -82.976568, 29.529424 ], [ -82.970766, 29.525854 ], [ -82.969496, 29.52355 ], [ -82.969401, 29.522315 ], [ -82.970505, 29.519083 ], [ -82.97268, 29.517266 ], [ -82.974995, 29.517242 ], [ -82.977913, 29.518357 ], [ -82.979452, 29.518418 ], [ -82.981966, 29.51716 ], [ -82.982878, 29.515444 ], [ -82.98349, 29.511024 ], [ -82.983089, 29.508028 ], [ -82.983324, 29.5033 ], [ -82.984122, 29.499348 ], [ -82.984244, 29.495217 ], [ -82.983345, 29.492519 ], [ -82.982026, 29.489456 ], [ -82.981865, 29.485418 ], [ -82.983932, 29.481237 ], [ -82.986469, 29.478683 ], [ -82.986804, 29.476543 ], [ -82.986676, 29.475414 ], [ -82.985242, 29.473162 ], [ -82.984371, 29.471004 ], [ -82.984923, 29.469077 ], [ -82.985855, 29.467275 ], [ -82.986891, 29.46603 ], [ -82.989937, 29.463345 ], [ -82.993531, 29.462827 ], [ -82.997543, 29.463585 ], [ -82.999847, 29.463253 ], [ -83.000842, 29.46213 ], [ -83.001005, 29.459696 ], [ -83.001991, 29.45653 ], [ -83.004542, 29.453567 ], [ -83.007937, 29.450437 ], [ -83.010419, 29.448856 ], [ -83.012839, 29.445899 ], [ -83.012806, 29.439769 ], [ -83.016715, 29.435202 ], [ -83.021184, 29.431196 ], [ -83.021746, 29.429637 ], [ -83.021141, 29.427141 ], [ -83.01781, 29.424484 ], [ -83.016067, 29.422704 ], [ -83.016273, 29.419631 ], [ -83.017179, 29.418875 ], [ -83.017951, 29.418628 ], [ -83.023476, 29.420289 ], [ -83.026074, 29.420018 ], [ -83.026881, 29.418946 ], [ -83.027051, 29.417677 ], [ -83.026145, 29.416452 ], [ -83.023662, 29.415486 ], [ -83.022217, 29.414427 ], [ -83.021948, 29.411603 ], [ -83.025168, 29.409192 ], [ -83.025869, 29.405685 ], [ -83.023922, 29.400969 ], [ -83.022901, 29.399257 ], [ -83.02325, 29.398564 ], [ -83.025424, 29.397013 ], [ -83.031259, 29.398197 ], [ -83.032957, 29.397947 ], [ -83.034117, 29.39665 ], [ -83.034221, 29.395534 ], [ -83.033442, 29.391737 ], [ -83.033861, 29.390551 ], [ -83.035866, 29.388198 ], [ -83.040684, 29.385204 ], [ -83.0421, 29.383433 ], [ -83.045386, 29.380682 ], [ -83.048634, 29.379144 ], [ -83.053393, 29.378455 ], [ -83.056858, 29.37834 ], [ -83.060347, 29.376738 ], [ -83.064654, 29.373979 ], [ -83.06629, 29.37085 ], [ -83.06593, 29.368478 ], [ -83.062248, 29.364229 ], [ -83.063262, 29.361818 ], [ -83.065794, 29.359848 ], [ -83.070642, 29.357353 ], [ -83.072067, 29.355342 ], [ -83.072051, 29.353862 ], [ -83.069921, 29.352811 ], [ -83.066319, 29.352549 ], [ -83.061415, 29.352683 ], [ -83.060528, 29.349457 ], [ -83.06167, 29.348374 ], [ -83.068522, 29.343953 ], [ -83.07398, 29.342465 ], [ -83.076921, 29.341104 ], [ -83.0822, 29.339857 ], [ -83.090389, 29.332753 ], [ -83.092494, 29.332251 ], [ -83.094954, 29.335923 ], [ -83.096256, 29.336806 ], [ -83.098798, 29.336865 ], [ -83.101228, 29.33347 ], [ -83.101518, 29.331596 ], [ -83.103487, 29.326953 ], [ -83.10452, 29.32544 ], [ -83.110232, 29.325465 ], [ -83.111888, 29.324684 ], [ -83.112652, 29.322182 ], [ -83.112947, 29.318141 ], [ -83.116188, 29.31725 ], [ -83.119523, 29.317153 ], [ -83.128805, 29.319406 ], [ -83.129807, 29.320901 ], [ -83.132332, 29.32209 ], [ -83.136165, 29.32344 ], [ -83.13957, 29.323985 ], [ -83.142026, 29.322592 ], [ -83.143318, 29.321248 ], [ -83.143844, 29.318888 ], [ -83.146174, 29.311303 ], [ -83.148028, 29.307769 ], [ -83.150812, 29.30543 ], [ -83.154063, 29.304339 ], [ -83.158063, 29.302239 ], [ -83.161357, 29.296633 ], [ -83.164817, 29.289161 ], [ -83.1669508, 29.2885929 ] ] ] ] } },
{ "type": "Feature", "properties": { "STATEFP": "12", "COUNTYFP": "057", "COUNTYNS": "00295757", "GEOIDFQ": "0500000US12057", "GEOID": "12057", "NAME": "Hillsborough", "NAMELSAD": "Hillsborough County", "STUSPS": "FL", "STATE_NAME": "Florida", "LSAD": "06", "ALAND": 2648267124.0, "AWATER": 790775123.0, "STATE_NAME_HYPHEN": "Florida" }, "geometry": { "type": "MultiPolygon", "coordinates": [ [ [ [ -82.421396, 27.844604 ], [ -82.419878, 27.843628 ], [ -82.418129, 27.844197 ], [ -82.417027, 27.845825 ], [ -82.4099886, 27.8471395 ], [ -82.405601, 27.847959 ], [ -82.405218, 27.849009 ], [ -82.40605, 27.849954 ], [ -82.4146, 27.848361 ], [ -82.420554, 27.846539 ], [ -82.421396, 27.844604 ] ] ], [ [ [ -82.437417, 27.864331 ], [ -82.434803, 27.863491 ], [ -82.429779, 27.863234 ], [ -82.424278, 27.868217 ], [ -82.424454, 27.884027 ], [ -82.424622, 27.884199 ], [ -82.435448, 27.884199 ], [ -82.43746, 27.867023 ], [ -82.437417, 27.864331 ] ] ], [ [ [ -82.441689, 27.823534 ], [ -82.438606, 27.822299 ], [ -82.43222, 27.822289 ], [ -82.431221, 27.838608 ], [ -82.438576, 27.839603 ], [ -82.440982, 27.835961 ], [ -82.441689, 27.823534 ] ] ], [ [ [ -82.5766946, 27.6350782 ], [ -82.5726354, 27.6368727 ], [ -82.572698, 27.636943 ], [ -82.576403, 27.637754 ], [ -82.5766946, 27.6350782 ] ] ], [ [ [ -82.650602, 28.144928 ], [ -82.649149, 28.098901 ], [ -82.649089, 28.091142 ], [ -82.649058, 28.085996 ], [ -82.649012, 28.078411 ], [ -82.648909, 28.06349 ], [ -82.648577, 28.059595 ], [ -82.648372, 28.05623 ], [ -82.648557, 28.03863 ], [ -82.648555, 28.033671 ], [ -82.6485278, 28.0181268 ], [ -82.646906, 28.017171 ], [ -82.6438724, 28.0169956 ], [ -82.6406821, 28.0168111 ], [ -82.6404825, 28.0167996 ], [ -82.640472, 28.016799 ], [ -82.6404214, 28.0164699 ], [ -82.639401, 28.009827 ], [ -82.6381581, 28.0081383 ], [ -82.636496, 28.00588 ], [ -82.630807, 28.002652 ], [ -82.627628, 28.001419 ], [ -82.6239147, 28.0004796 ], [ -82.622588, 28.000144 ], [ -82.620607, 27.995541 ], [ -82.614416, 27.990458 ], [ -82.611569, 27.990307 ], [ -82.611317, 27.988352 ], [ -82.602417, 27.982301 ], [ -82.596439, 27.979846 ], [ -82.58359, 27.978997 ], [ -82.5834541, 27.9789459 ], [ -82.5834278, 27.9789361 ], [ -82.5830869, 27.978808 ], [ -82.5806562, 27.9778949 ], [ -82.5746396, 27.9756346 ], [ -82.572836, 27.974957 ], [ -82.568632, 27.97553 ], [ -82.5669179, 27.9732747 ], [ -82.566295, 27.972455 ], [ -82.57028, 27.970391 ], [ -82.5711911, 27.9682248 ], [ -82.57337, 27.963044 ], [ -82.568854, 27.961364 ], [ -82.565506, 27.967076 ], [ -82.553918, 27.966998 ], [ -82.5490945, 27.9616176 ], [ -82.54421, 27.956169 ], [ -82.54372, 27.952979 ], [ -82.545656, 27.952277 ], [ -82.545597, 27.950297 ], [ -82.541218, 27.948998 ], [ -82.540453, 27.94704 ], [ -82.544735, 27.943664 ], [ -82.5445856, 27.9431019 ], [ -82.543921, 27.940601 ], [ -82.53826, 27.940663 ], [ -82.536667, 27.938506 ], [ -82.533376, 27.938538 ], [ -82.531643, 27.936412 ], [ -82.5324264, 27.9356022 ], [ -82.533306, 27.934693 ], [ -82.533718, 27.932999 ], [ -82.533442, 27.929657 ], [ -82.5321955, 27.9289834 ], [ -82.530844, 27.928253 ], [ -82.530866, 27.926416 ], [ -82.533323, 27.924841 ], [ -82.5333783, 27.9240808 ], [ -82.5334205, 27.9235012 ], [ -82.533452, 27.923068 ], [ -82.535137, 27.92203 ], [ -82.53522, 27.920772 ], [ -82.5346447, 27.9203105 ], [ -82.534143, 27.919908 ], [ -82.534182, 27.918736 ], [ -82.535373, 27.918154 ], [ -82.534824, 27.916597 ], [ -82.532001, 27.915954 ], [ -82.5319431, 27.9148001 ], [ -82.5316262, 27.9084865 ], [ -82.531551, 27.906987 ], [ -82.530776, 27.905029 ], [ -82.5312002, 27.9041454 ], [ -82.531318, 27.9039 ], [ -82.535492, 27.903214 ], [ -82.5359, 27.900799 ], [ -82.535269, 27.898659 ], [ -82.5319, 27.898231 ], [ -82.531923, 27.8978934 ], [ -82.532053, 27.895987 ], [ -82.5322984, 27.8957737 ], [ -82.534794, 27.893605 ], [ -82.542035, 27.893578 ], [ -82.5423491, 27.8905615 ], [ -82.542354, 27.890514 ], [ -82.540893, 27.889495 ], [ -82.541539, 27.884389 ], [ -82.539372, 27.884474 ], [ -82.538872, 27.885552 ], [ -82.530929, 27.886212 ], [ -82.52995, 27.885097 ], [ -82.531365, 27.882822 ], [ -82.531833, 27.879157 ], [ -82.5304426, 27.8779546 ], [ -82.529918, 27.877501 ], [ -82.531619, 27.871711 ], [ -82.5362238, 27.8672305 ], [ -82.538618, 27.864901 ], [ -82.552918, 27.862702 ], [ -82.551818, 27.856514 ], [ -82.554659, 27.850287 ], [ -82.554572, 27.847961 ], [ -82.553001, 27.847391 ], [ -82.549953, 27.851808 ], [ -82.547817, 27.851452 ], [ -82.546527, 27.849136 ], [ -82.542094, 27.845679 ], [ -82.536676, 27.840787 ], [ -82.5359176, 27.8408101 ], [ -82.535163, 27.840833 ], [ -82.534599, 27.839942 ], [ -82.537343, 27.8367 ], [ -82.537514, 27.835655 ], [ -82.533889, 27.832925 ], [ -82.528522, 27.836634 ], [ -82.511193, 27.828015 ], [ -82.489849, 27.822607 ], [ -82.475273, 27.820991 ], [ -82.47244, 27.822559 ], [ -82.4702703, 27.8350562 ], [ -82.46884, 27.843295 ], [ -82.471624, 27.847342 ], [ -82.479122800000013, 27.8525427 ], [ -82.480137, 27.853246 ], [ -82.480715, 27.8539356 ], [ -82.488466, 27.863183 ], [ -82.4886913, 27.8646594 ], [ -82.489363, 27.869061 ], [ -82.4875093, 27.8738258 ], [ -82.487282, 27.87441 ], [ -82.484256, 27.877817 ], [ -82.482067, 27.878727 ], [ -82.4818167, 27.8807199 ], [ -82.480739, 27.889302 ], [ -82.4874859, 27.8947545 ], [ -82.48812, 27.895267 ], [ -82.4892701, 27.9014826 ], [ -82.490603400000012, 27.908688 ], [ -82.491365, 27.9128039 ], [ -82.491717, 27.914706 ], [ -82.490417, 27.919806 ], [ -82.488004600000011, 27.9215112 ], [ -82.4859011, 27.922998 ], [ -82.4827937, 27.9251944 ], [ -82.4825236, 27.9253853 ], [ -82.4764993, 27.9296435 ], [ -82.4741552, 27.9313004 ], [ -82.47313, 27.932025 ], [ -82.467613, 27.933242 ], [ -82.466414, 27.936169 ], [ -82.4641011, 27.937414 ], [ -82.4635877, 27.9376903 ], [ -82.461894, 27.938602 ], [ -82.4614303, 27.9381626 ], [ -82.460254, 27.937048 ], [ -82.462006699999989, 27.9223685 ], [ -82.462271, 27.920155 ], [ -82.461796, 27.909722 ], [ -82.46053, 27.908439 ], [ -82.455047, 27.9085253 ], [ -82.453731, 27.908546 ], [ -82.451591, 27.907506 ], [ -82.449016, 27.907124 ], [ -82.44559, 27.909965 ], [ -82.446238, 27.912378 ], [ -82.444615, 27.915638 ], [ -82.4438762, 27.9155174 ], [ -82.442434, 27.915282 ], [ -82.4354328, 27.9032201 ], [ -82.432895, 27.898848 ], [ -82.429734, 27.900317 ], [ -82.415318, 27.900378 ], [ -82.402615, 27.882602 ], [ -82.401577, 27.876363 ], [ -82.403299, 27.874012 ], [ -82.40129, 27.860759 ], [ -82.40438, 27.857817 ], [ -82.402329, 27.853962 ], [ -82.3981136, 27.8538495 ], [ -82.397831, 27.853842 ], [ -82.397463, 27.851631 ], [ -82.396929, 27.845506 ], [ -82.396481, 27.844991 ], [ -82.394405, 27.845796 ], [ -82.392403, 27.846052 ], [ -82.392153, 27.845512 ], [ -82.393284, 27.843609 ], [ -82.394733, 27.84219 ], [ -82.3945335, 27.8414998 ], [ -82.393383, 27.837519 ], [ -82.393517, 27.8370535 ], [ -82.39468, 27.833012 ], [ -82.391901, 27.823857 ], [ -82.386868, 27.823978 ], [ -82.385854, 27.819651 ], [ -82.391981, 27.817201 ], [ -82.39369, 27.814126 ], [ -82.398506, 27.814215 ], [ -82.402906, 27.812111 ], [ -82.410493, 27.810729 ], [ -82.411885, 27.805915 ], [ -82.41211, 27.802079 ], [ -82.411817, 27.793981 ], [ -82.412882200000013, 27.7932656 ], [ -82.414049, 27.792482 ], [ -82.419239, 27.792394 ], [ -82.421221, 27.790356 ], [ -82.427066599999989, 27.784345 ], [ -82.435753, 27.775413 ], [ -82.43219, 27.773063 ], [ -82.430225, 27.774873 ], [ -82.4297019, 27.7747902 ], [ -82.428506, 27.774601 ], [ -82.428744, 27.77311 ], [ -82.428921699999989, 27.7727325 ], [ -82.429528, 27.771444 ], [ -82.432761, 27.768473 ], [ -82.4327066, 27.7681671 ], [ -82.4324294, 27.7666087 ], [ -82.432378, 27.76632 ], [ -82.4324579, 27.7662516 ], [ -82.438084, 27.7614388 ], [ -82.442638, 27.757543 ], [ -82.445238, 27.758179 ], [ -82.4457937, 27.7578145 ], [ -82.4461655, 27.7575706 ], [ -82.447723, 27.756549 ], [ -82.451637, 27.755263 ], [ -82.452632, 27.753593 ], [ -82.455231, 27.753761 ], [ -82.457543, 27.752571 ], [ -82.460386, 27.747609 ], [ -82.461391, 27.74739 ], [ -82.461956, 27.748108 ], [ -82.463242, 27.750692 ], [ -82.467076, 27.74887 ], [ -82.468128, 27.747842 ], [ -82.470478, 27.74864 ], [ -82.478339, 27.74625 ], [ -82.481419, 27.743366 ], [ -82.479242, 27.740124 ], [ -82.477129, 27.735216 ], [ -82.4769471, 27.7339646 ], [ -82.476197, 27.728803 ], [ -82.478084, 27.725749 ], [ -82.477093, 27.725138 ], [ -82.476714, 27.723687 ], [ -82.478463, 27.721914 ], [ -82.479469, 27.722163 ], [ -82.482116, 27.7201404 ], [ -82.4823937, 27.7199283 ], [ -82.482449, 27.719886 ], [ -82.483859099999989, 27.7197814 ], [ -82.4942446, 27.719011 ], [ -82.494891, 27.718963 ], [ -82.511527, 27.7074782 ], [ -82.512850899999989, 27.7065643 ], [ -82.514265, 27.705588 ], [ -82.517001, 27.701684 ], [ -82.517010500000012, 27.7007873 ], [ -82.5170164, 27.7002249 ], [ -82.51704, 27.697997 ], [ -82.52417, 27.688737 ], [ -82.528582, 27.684506 ], [ -82.5306768, 27.6816752 ], [ -82.5347473, 27.6761745 ], [ -82.535899, 27.6746182 ], [ -82.537146, 27.672933 ], [ -82.5540886, 27.6458028 ], [ -82.549548, 27.645557 ], [ -82.524947, 27.645422 ], [ -82.52475, 27.645422 ], [ -82.499817, 27.645425 ], [ -82.498489, 27.645496 ], [ -82.453735, 27.64591 ], [ -82.452281, 27.645928 ], [ -82.384884, 27.646389 ], [ -82.344923, 27.646332 ], [ -82.336369, 27.646492 ], [ -82.318254, 27.646553 ], [ -82.298342, 27.64668 ], [ -82.290507, 27.646487 ], [ -82.282883, 27.646658 ], [ -82.268161, 27.646367 ], [ -82.146271, 27.646285 ], [ -82.134623, 27.646317 ], [ -82.056351, 27.646229 ], [ -82.054349, 27.646382 ], [ -82.054035, 27.850683 ], [ -82.054036, 27.854647 ], [ -82.055231, 27.865271 ], [ -82.055274, 27.869414 ], [ -82.055253, 27.878049 ], [ -82.054866, 27.907242 ], [ -82.055258, 27.927085 ], [ -82.055262, 27.927253 ], [ -82.055304, 27.938178 ], [ -82.055363, 27.95041 ], [ -82.055389, 27.952862 ], [ -82.055651, 27.974695 ], [ -82.055659, 27.976328 ], [ -82.055782, 27.97745 ], [ -82.055892, 27.982059 ], [ -82.055948, 27.989483 ], [ -82.055511, 27.992809 ], [ -82.055853, 27.996368 ], [ -82.055851, 27.996472 ], [ -82.055858, 28.001615 ], [ -82.055921, 28.00275 ], [ -82.055617, 28.004713 ], [ -82.055743, 28.025149 ], [ -82.055667, 28.026181 ], [ -82.055686, 28.026851 ], [ -82.055767, 28.027236 ], [ -82.055788, 28.027417 ], [ -82.055938, 28.032986 ], [ -82.055947, 28.036734 ], [ -82.055946, 28.036937 ], [ -82.056159, 28.047552 ], [ -82.056404, 28.080385 ], [ -82.056441, 28.098661 ], [ -82.056605, 28.105694 ], [ -82.056502, 28.113252 ], [ -82.056285, 28.131059 ], [ -82.056342, 28.158854 ], [ -82.056349, 28.160149 ], [ -82.056261, 28.171592 ], [ -82.06523, 28.171585 ], [ -82.105853, 28.17165 ], [ -82.124806, 28.172149 ], [ -82.138758, 28.171802 ], [ -82.139296, 28.171655 ], [ -82.155736, 28.171662 ], [ -82.184055, 28.171653 ], [ -82.194826, 28.171898 ], [ -82.21196, 28.171868 ], [ -82.254309, 28.171467 ], [ -82.259741, 28.171462 ], [ -82.286526, 28.171471 ], [ -82.29445, 28.171454 ], [ -82.310388, 28.171397 ], [ -82.319875, 28.17133 ], [ -82.320478, 28.171343 ], [ -82.324464, 28.171326 ], [ -82.351927, 28.171265 ], [ -82.3537, 28.17128 ], [ -82.353925, 28.171281 ], [ -82.362172, 28.171277 ], [ -82.381861, 28.171044 ], [ -82.383556, 28.171241 ], [ -82.392002, 28.171257 ], [ -82.393694, 28.171257 ], [ -82.393996, 28.17126 ], [ -82.394629, 28.171257 ], [ -82.4033, 28.171175 ], [ -82.410512, 28.171213 ], [ -82.428168, 28.17128 ], [ -82.432434, 28.171086 ], [ -82.434486, 28.171386 ], [ -82.449167, 28.171769 ], [ -82.454554, 28.171752 ], [ -82.457724, 28.171766 ], [ -82.461702, 28.171828 ], [ -82.474026, 28.171935 ], [ -82.487149, 28.172264 ], [ -82.497979, 28.172496 ], [ -82.502031, 28.17222 ], [ -82.516248, 28.172714 ], [ -82.516514, 28.17272 ], [ -82.535772, 28.17279 ], [ -82.536009, 28.172576 ], [ -82.55571, 28.172859 ], [ -82.579729, 28.172959 ], [ -82.591801, 28.173211 ], [ -82.6005, 28.173264 ], [ -82.620798, 28.173348 ], [ -82.651165, 28.173266 ], [ -82.650602, 28.144928 ] ] ], [ [ [ -82.764176, 27.58859 ], [ -82.763319, 27.582146 ], [ -82.762505, 27.581184 ], [ -82.761297, 27.579809 ], [ -82.758927, 27.577112 ], [ -82.757566, 27.576037 ], [ -82.756101, 27.576085 ], [ -82.756698, 27.577624 ], [ -82.758977, 27.579885 ], [ -82.760056, 27.582769 ], [ -82.760636, 27.585564 ], [ -82.760351, 27.587463 ], [ -82.759194, 27.594315 ], [ -82.758652, 27.59696 ], [ -82.75885, 27.60047 ], [ -82.760463, 27.602423 ], [ -82.761494, 27.603077 ], [ -82.762551, 27.603149 ], [ -82.763102, 27.602394 ], [ -82.763373, 27.600663 ], [ -82.763482, 27.596287 ], [ -82.764241, 27.591285 ], [ -82.764176, 27.58859 ] ] ] ] } },
{ "type": "Feature", "properties": { "STATEFP": "12", "COUNTYFP": "009", "COUNTYNS": "00295749", "GEOIDFQ": "0500000US12009", "GEOID": "12009", "NAME": "Brevard", "NAMELSAD": "Brevard County", "STUSPS": "FL", "STATE_NAME": "Florida", "LSAD": "06", "ALAND": 2628759927.0, "AWATER": 1403943647.0, "STATE_NAME_HYPHEN": "Florida" }, "geometry": { "type": "MultiPolygon", "coordinates": [ [ [ [ -80.9863, 28.611823 ], [ -80.985037, 28.611407 ], [ -80.984394, 28.61281 ], [ -80.983738, 28.610166 ], [ -80.980599, 28.610946 ], [ -80.980871, 28.609807 ], [ -80.979832, 28.609113 ], [ -80.977964, 28.609132 ], [ -80.975587, 28.607838 ], [ -80.974621, 28.608701 ], [ -80.973123, 28.611318 ], [ -80.972599, 28.611485 ], [ -80.970987, 28.611155 ], [ -80.970638, 28.610701 ], [ -80.970786, 28.609403 ], [ -80.970649, 28.608581 ], [ -80.969485, 28.608379 ], [ -80.969526, 28.605194 ], [ -80.967922, 28.604272 ], [ -80.967597, 28.605202 ], [ -80.965192, 28.604385 ], [ -80.964032, 28.605097 ], [ -80.961484, 28.605485 ], [ -80.960391, 28.60495 ], [ -80.959961, 28.602923 ], [ -80.956951, 28.601906 ], [ -80.956499, 28.603822 ], [ -80.955098, 28.603638 ], [ -80.954299, 28.604793 ], [ -80.952222, 28.604244 ], [ -80.95202, 28.602137 ], [ -80.953096, 28.601063 ], [ -80.950596, 28.599631 ], [ -80.949577, 28.600359 ], [ -80.949547, 28.598546 ], [ -80.946573, 28.597196 ], [ -80.947704, 28.595596 ], [ -80.946344, 28.595703 ], [ -80.943344, 28.593668 ], [ -80.943868, 28.592621 ], [ -80.945076, 28.59228 ], [ -80.943885, 28.590499 ], [ -80.944256, 28.589055 ], [ -80.945085, 28.58889 ], [ -80.945718, 28.586438 ], [ -80.947144, 28.587346 ], [ -80.946324, 28.586076 ], [ -80.947146, 28.584969 ], [ -80.944736, 28.583828 ], [ -80.945828, 28.582881 ], [ -80.944491, 28.582597 ], [ -80.94384, 28.581288 ], [ -80.944165, 28.580032 ], [ -80.942598, 28.579898 ], [ -80.941598, 28.578259 ], [ -80.940438, 28.578094 ], [ -80.940255, 28.575908 ], [ -80.939071, 28.57525 ], [ -80.940299, 28.574294 ], [ -80.93926, 28.57244 ], [ -80.937345, 28.570929 ], [ -80.936323, 28.571445 ], [ -80.934377, 28.569367 ], [ -80.933722, 28.56762 ], [ -80.932001, 28.566463 ], [ -80.932028, 28.564707 ], [ -80.930043, 28.563217 ], [ -80.932181, 28.561797 ], [ -80.931556, 28.559939 ], [ -80.934086, 28.559333 ], [ -80.931741, 28.555881 ], [ -80.93383, 28.554994 ], [ -80.933661, 28.552069 ], [ -80.932625, 28.551598 ], [ -80.934145, 28.547657 ], [ -80.934203, 28.544848 ], [ -80.932928, 28.543785 ], [ -80.932806, 28.54361 ], [ -80.932091, 28.542893 ], [ -80.933076, 28.541109 ], [ -80.934895, 28.540563 ], [ -80.935435, 28.541568 ], [ -80.938975, 28.542024 ], [ -80.939651, 28.540696 ], [ -80.938968, 28.539452 ], [ -80.939456, 28.535255 ], [ -80.937717, 28.534739 ], [ -80.937217, 28.536422 ], [ -80.935769, 28.536577 ], [ -80.935476, 28.534746 ], [ -80.933655, 28.53335 ], [ -80.931825, 28.535387 ], [ -80.928714, 28.53291 ], [ -80.927521, 28.532693 ], [ -80.924379, 28.533126 ], [ -80.923377, 28.532728 ], [ -80.921074, 28.52881 ], [ -80.920638, 28.5252 ], [ -80.917517, 28.522983 ], [ -80.916314, 28.522774 ], [ -80.911412, 28.524569 ], [ -80.910549, 28.523481 ], [ -80.912474, 28.522579 ], [ -80.911111, 28.521264 ], [ -80.909888, 28.521853 ], [ -80.907034, 28.520363 ], [ -80.907968, 28.518096 ], [ -80.906047, 28.518038 ], [ -80.905445, 28.51658 ], [ -80.906899, 28.514886 ], [ -80.90713, 28.513784 ], [ -80.905619, 28.512688 ], [ -80.90663, 28.51161 ], [ -80.90458, 28.51052 ], [ -80.903091, 28.511052 ], [ -80.901984, 28.510456 ], [ -80.899945, 28.511436 ], [ -80.898646, 28.509689 ], [ -80.896435, 28.509422 ], [ -80.894882, 28.509979 ], [ -80.893543, 28.511719 ], [ -80.890331, 28.511847 ], [ -80.885741, 28.510312 ], [ -80.884992, 28.50922 ], [ -80.883312, 28.50429 ], [ -80.881318, 28.503975 ], [ -80.880155, 28.501165 ], [ -80.879907, 28.497596 ], [ -80.880987, 28.496648 ], [ -80.88335, 28.496159 ], [ -80.884077, 28.494867 ], [ -80.882591, 28.491491 ], [ -80.88013, 28.491011 ], [ -80.87984, 28.490214 ], [ -80.87795, 28.489766 ], [ -80.875871, 28.490068 ], [ -80.875273, 28.488696 ], [ -80.877329, 28.487971 ], [ -80.87796, 28.486445 ], [ -80.875585, 28.485845 ], [ -80.875186, 28.483386 ], [ -80.873403, 28.482233 ], [ -80.873947, 28.480417 ], [ -80.873146, 28.47855 ], [ -80.87384, 28.478283 ], [ -80.874191, 28.476345 ], [ -80.87088, 28.471745 ], [ -80.871292, 28.470764 ], [ -80.872665, 28.471157 ], [ -80.875143, 28.468842 ], [ -80.876384, 28.469563 ], [ -80.875809, 28.470814 ], [ -80.879521, 28.469488 ], [ -80.879667, 28.468316 ], [ -80.880834, 28.468331 ], [ -80.881681, 28.470375 ], [ -80.882512, 28.469545 ], [ -80.884217, 28.469545 ], [ -80.88475, 28.468722 ], [ -80.886659, 28.469608 ], [ -80.887271, 28.468474 ], [ -80.889574, 28.466601 ], [ -80.890945, 28.466878 ], [ -80.890812, 28.468383 ], [ -80.894425, 28.4671 ], [ -80.894761, 28.465666 ], [ -80.894212, 28.464631 ], [ -80.892719, 28.464731 ], [ -80.893298, 28.463409 ], [ -80.895845, 28.463203 ], [ -80.894808, 28.461955 ], [ -80.89444, 28.459845 ], [ -80.893446, 28.460068 ], [ -80.894103, 28.458021 ], [ -80.895542, 28.458065 ], [ -80.89646, 28.456702 ], [ -80.897569, 28.457762 ], [ -80.898346, 28.455084 ], [ -80.897057, 28.45476 ], [ -80.897279, 28.452938 ], [ -80.897226, 28.45285 ], [ -80.895724, 28.451161 ], [ -80.893898, 28.450761 ], [ -80.891952, 28.449107 ], [ -80.890172, 28.445285 ], [ -80.893866, 28.443897 ], [ -80.893099, 28.441908 ], [ -80.894011, 28.441033 ], [ -80.894682, 28.438511 ], [ -80.894258, 28.437861 ], [ -80.895487, 28.436328 ], [ -80.896411, 28.437358 ], [ -80.89816, 28.436495 ], [ -80.897032, 28.435443 ], [ -80.898664, 28.434858 ], [ -80.899355, 28.433516 ], [ -80.90118, 28.433158 ], [ -80.900116, 28.43149 ], [ -80.898328, 28.43175 ], [ -80.897838, 28.429634 ], [ -80.896894, 28.428148 ], [ -80.897057, 28.426408 ], [ -80.898698, 28.426136 ], [ -80.896484, 28.425011 ], [ -80.89687, 28.423269 ], [ -80.895759, 28.423119 ], [ -80.895547, 28.420688 ], [ -80.896538, 28.418746 ], [ -80.894862, 28.418168 ], [ -80.894456, 28.41923 ], [ -80.892364, 28.418498 ], [ -80.891073, 28.41619 ], [ -80.888244, 28.415815 ], [ -80.88791, 28.412848 ], [ -80.885024, 28.410851 ], [ -80.884755, 28.408668 ], [ -80.88299, 28.408156 ], [ -80.883199, 28.406454 ], [ -80.885032, 28.406286 ], [ -80.886403, 28.403805 ], [ -80.885504, 28.402398 ], [ -80.886669, 28.400036 ], [ -80.886248, 28.39915 ], [ -80.884674, 28.398427 ], [ -80.884727, 28.395889 ], [ -80.886877, 28.396451 ], [ -80.887085, 28.394632 ], [ -80.887994, 28.393607 ], [ -80.889558, 28.393087 ], [ -80.889601, 28.392316 ], [ -80.887846, 28.388009 ], [ -80.888388, 28.385468 ], [ -80.885542, 28.384766 ], [ -80.882487, 28.382051 ], [ -80.88144, 28.380619 ], [ -80.879604, 28.380421 ], [ -80.879465, 28.379741 ], [ -80.879782, 28.376809 ], [ -80.88186, 28.375477 ], [ -80.881501, 28.374586 ], [ -80.880083, 28.374915 ], [ -80.880299, 28.37369 ], [ -80.87929, 28.372395 ], [ -80.877833, 28.372223 ], [ -80.876687, 28.373297 ], [ -80.875314, 28.37321 ], [ -80.872792, 28.369612 ], [ -80.87254, 28.366843 ], [ -80.873801, 28.36421 ], [ -80.873907, 28.36158 ], [ -80.871791, 28.357227 ], [ -80.868652, 28.352472 ], [ -80.86671, 28.350316 ], [ -80.862908, 28.347487 ], [ -80.862815, 28.347221 ], [ -80.861576, 28.246558 ], [ -80.86164, 28.238674 ], [ -80.862823, 28.092117 ], [ -80.862827, 28.091885 ], [ -80.862877, 28.084745 ], [ -80.869313, 28.084727 ], [ -80.869283, 28.065095 ], [ -80.870135, 28.057077 ], [ -80.86953, 28.048486 ], [ -80.869973, 27.982571 ], [ -80.869597, 27.977911 ], [ -80.869402, 27.96395 ], [ -80.869358, 27.950162 ], [ -80.869566, 27.947866 ], [ -80.868881, 27.822522 ], [ -80.827508, 27.822917 ], [ -80.770115, 27.823673 ], [ -80.74163, 27.823007 ], [ -80.60711, 27.82235 ], [ -80.554462, 27.822188 ], [ -80.509075, 27.822058 ], [ -80.507333, 27.827989 ], [ -80.50534, 27.828811 ], [ -80.499763, 27.834647 ], [ -80.499156, 27.835432 ], [ -80.497076, 27.83809 ], [ -80.496901, 27.838388 ], [ -80.494387, 27.845934 ], [ -80.494787, 27.850937 ], [ -80.494421, 27.851911 ], [ -80.491079, 27.854601 ], [ -80.478844, 27.854615 ], [ -80.478642, 27.854615 ], [ -80.4549, 27.854641 ], [ -80.454033, 27.854797 ], [ -80.451385, 27.856802 ], [ -80.449497, 27.859135 ], [ -80.4470841, 27.860755 ], [ -80.446973, 27.861954 ], [ -80.457768, 27.879893 ], [ -80.466979, 27.896483 ], [ -80.473909, 27.908303 ], [ -80.492826, 27.940534 ], [ -80.508871, 27.970477 ], [ -80.5110583, 27.9748932 ], [ -80.514033, 27.980899 ], [ -80.524253, 28.000503 ], [ -80.530964, 28.013656 ], [ -80.5360405, 28.0243306 ], [ -80.539955, 28.0325618 ], [ -80.5443827, 28.0418722 ], [ -80.5445884, 28.0423047 ], [ -80.544643, 28.0424194 ], [ -80.547675, 28.048795 ], [ -80.5483977, 28.0504304 ], [ -80.5510739, 28.0564857 ], [ -80.5537249, 28.0624843 ], [ -80.557853, 28.071825 ], [ -80.5598969, 28.0770843 ], [ -80.560252, 28.0779981 ], [ -80.563375, 28.086034 ], [ -80.56543090000001, 28.0918337 ], [ -80.5667704, 28.0956124 ], [ -80.567001, 28.096263 ], [ -80.571995, 28.111594 ], [ -80.5724995, 28.113457 ], [ -80.5793384, 28.1387113 ], [ -80.5804388, 28.1427751 ], [ -80.581091, 28.1451834 ], [ -80.5833728, 28.1536095 ], [ -80.5844504, 28.157589 ], [ -80.5863664, 28.1646644 ], [ -80.588434, 28.1722996 ], [ -80.5899689, 28.1779673 ], [ -80.589975, 28.17799 ], [ -80.5920884, 28.1870076 ], [ -80.594164, 28.195864 ], [ -80.5944861, 28.1979638 ], [ -80.5953162, 28.2033756 ], [ -80.59607960000001, 28.2083522 ], [ -80.5967381, 28.2126444 ], [ -80.598154, 28.221875 ], [ -80.603339, 28.252555 ], [ -80.603418, 28.255908 ], [ -80.6047703, 28.2719909 ], [ -80.6062252, 28.2892942 ], [ -80.606823, 28.296404 ], [ -80.6068045, 28.2987936 ], [ -80.606683, 28.314506 ], [ -80.606732, 28.3201448 ], [ -80.606792, 28.32706 ], [ -80.606204, 28.339014 ], [ -80.604276, 28.354846 ], [ -80.6037578, 28.3578751 ], [ -80.60202, 28.368033 ], [ -80.6016381, 28.3695126 ], [ -80.6012201, 28.3711325 ], [ -80.5990859, 28.3794021 ], [ -80.5989618, 28.3798829 ], [ -80.5989572, 28.3799007 ], [ -80.5983158, 28.3823859 ], [ -80.597508, 28.385516 ], [ -80.595467, 28.3914749 ], [ -80.594149, 28.395323 ], [ -80.5898014, 28.4059809 ], [ -80.58903, 28.407872 ], [ -80.586826, 28.4098932 ], [ -80.5847, 28.411843 ], [ -80.582747, 28.416862 ], [ -80.578105, 28.423075 ], [ -80.572814, 28.427751 ], [ -80.563782, 28.435798 ], [ -80.557602, 28.439142 ], [ -80.542281, 28.445714 ], [ -80.53924, 28.446886 ], [ -80.535854, 28.446979 ], [ -80.528962, 28.449696 ], [ -80.526732, 28.451705 ], [ -80.525224, 28.455029 ], [ -80.525094, 28.459454 ], [ -80.536115, 28.478647 ], [ -80.545727, 28.498791 ], [ -80.554184, 28.513817 ], [ -80.560973, 28.530736 ], [ -80.564138, 28.543067 ], [ -80.567361, 28.562353 ], [ -80.5690258, 28.5687139 ], [ -80.570318, 28.573651 ], [ -80.57424, 28.585339 ], [ -80.583884, 28.597705 ], [ -80.595297, 28.609486 ], [ -80.61679, 28.634561 ], [ -80.622223100000014, 28.6425276 ], [ -80.6223865, 28.6427671 ], [ -80.6275494, 28.6503375 ], [ -80.643404, 28.673585 ], [ -80.647288, 28.677875 ], [ -80.709725, 28.756692 ], [ -80.7329248, 28.7912446 ], [ -80.805873, 28.791246 ], [ -80.806763, 28.791325 ], [ -80.842922, 28.791148 ], [ -80.880762, 28.791136 ], [ -80.882733, 28.791201 ], [ -80.899304, 28.790968 ], [ -80.899593, 28.790965 ], [ -80.967895, 28.790197 ], [ -80.964632, 28.614328 ], [ -80.964463, 28.613001 ], [ -80.967243, 28.612694 ], [ -80.974224, 28.612671 ], [ -80.980426, 28.613077 ], [ -80.98725, 28.612997 ], [ -80.9863, 28.611823 ] ] ] ] } },
{ "type": "Feature", "properties": { "STATEFP": "12", "COUNTYFP": "113", "COUNTYNS": "00306914", "GEOIDFQ": "0500000US12113", "GEOID": "12113", "NAME": "Santa Rosa", "NAMELSAD": "Santa Rosa County", "STUSPS": "FL", "STATE_NAME": "Florida", "LSAD": "06", "ALAND": 2622106400.0, "AWATER": 543294939.0, "STATE_NAME_HYPHEN": "Florida" }, "geometry": { "type": "MultiPolygon", "coordinates": [ [ [ [ -87.313839, 30.847977 ], [ -87.313611, 30.847266 ], [ -87.311498, 30.846841 ], [ -87.308757, 30.847197 ], [ -87.306278, 30.847987 ], [ -87.305901, 30.846367 ], [ -87.307249, 30.845132 ], [ -87.307975, 30.843009 ], [ -87.306586, 30.841536 ], [ -87.302532, 30.842238 ], [ -87.301355, 30.840696 ], [ -87.30332, 30.839827 ], [ -87.30364, 30.839106 ], [ -87.303445, 30.838483 ], [ -87.300649, 30.837152 ], [ -87.299905, 30.835055 ], [ -87.300316, 30.834403 ], [ -87.302527, 30.833941 ], [ -87.302508, 30.832665 ], [ -87.301675, 30.831301 ], [ -87.301595, 30.827992 ], [ -87.30027, 30.828081 ], [ -87.298363, 30.82735 ], [ -87.296921, 30.824242 ], [ -87.297365, 30.820789 ], [ -87.297398, 30.816931 ], [ -87.296876, 30.815116 ], [ -87.293084, 30.812349 ], [ -87.292766, 30.811283 ], [ -87.29392, 30.809884 ], [ -87.29646, 30.808684 ], [ -87.297418, 30.804497 ], [ -87.299326, 30.801388 ], [ -87.302731, 30.801669 ], [ -87.303672, 30.799442 ], [ -87.305461, 30.798574 ], [ -87.305715, 30.792631 ], [ -87.30315, 30.792162 ], [ -87.301914, 30.790142 ], [ -87.302267, 30.789442 ], [ -87.304402, 30.7891 ], [ -87.306033, 30.791189 ], [ -87.307653, 30.790869 ], [ -87.309537, 30.789334 ], [ -87.3082, 30.788379 ], [ -87.305924, 30.788716 ], [ -87.305558, 30.787275 ], [ -87.3073, 30.787454 ], [ -87.309538, 30.786516 ], [ -87.311883, 30.78649 ], [ -87.31268, 30.785521 ], [ -87.311541, 30.783471 ], [ -87.309567, 30.782595 ], [ -87.309213, 30.780453 ], [ -87.309969, 30.778478 ], [ -87.308796, 30.775968 ], [ -87.307321, 30.776204 ], [ -87.306373, 30.777607 ], [ -87.305181, 30.777235 ], [ -87.305533, 30.775985 ], [ -87.307458, 30.775114 ], [ -87.310232, 30.772951 ], [ -87.310594, 30.771708 ], [ -87.309207, 30.770516 ], [ -87.305771, 30.770144 ], [ -87.30437, 30.765952 ], [ -87.304194, 30.765529 ], [ -87.303002, 30.765512 ], [ -87.302611, 30.765834 ], [ -87.302064, 30.767101 ], [ -87.300764, 30.767524 ], [ -87.299614, 30.766108 ], [ -87.299628, 30.764107 ], [ -87.300386, 30.763406 ], [ -87.301751, 30.764304 ], [ -87.30309, 30.763374 ], [ -87.304582, 30.763739 ], [ -87.3052, 30.76095 ], [ -87.304105, 30.76022 ], [ -87.302044, 30.760623 ], [ -87.304175, 30.757903 ], [ -87.306044, 30.759565 ], [ -87.307425, 30.758759 ], [ -87.307116, 30.756211 ], [ -87.305732, 30.755495 ], [ -87.307358, 30.753616 ], [ -87.308743, 30.753855 ], [ -87.310326, 30.751662 ], [ -87.310483, 30.750655 ], [ -87.309694, 30.748635 ], [ -87.31029, 30.746899 ], [ -87.30815, 30.745036 ], [ -87.310794, 30.743921 ], [ -87.311116, 30.742888 ], [ -87.309538, 30.741713 ], [ -87.3106, 30.740419 ], [ -87.311547, 30.741369 ], [ -87.312373, 30.740638 ], [ -87.31134, 30.737922 ], [ -87.312596, 30.73735 ], [ -87.311978, 30.73649 ], [ -87.312409, 30.73477 ], [ -87.308502, 30.72691 ], [ -87.304879, 30.723449 ], [ -87.301452, 30.721418 ], [ -87.302661, 30.71937 ], [ -87.299807, 30.719933 ], [ -87.298189, 30.719594 ], [ -87.297847, 30.717663 ], [ -87.294828, 30.717805 ], [ -87.294874, 30.719626 ], [ -87.29642, 30.720392 ], [ -87.295748, 30.720855 ], [ -87.294045, 30.721094 ], [ -87.292538, 30.720557 ], [ -87.292808, 30.718602 ], [ -87.291953, 30.718477 ], [ -87.289559, 30.720821 ], [ -87.288673, 30.720834 ], [ -87.287527, 30.719353 ], [ -87.283515, 30.719762 ], [ -87.280907, 30.719363 ], [ -87.278858, 30.716474 ], [ -87.276501, 30.715754 ], [ -87.277096, 30.713448 ], [ -87.274713, 30.714007 ], [ -87.275086, 30.71643 ], [ -87.273086, 30.717318 ], [ -87.272231, 30.716176 ], [ -87.273127, 30.7147 ], [ -87.272453, 30.713659 ], [ -87.270203, 30.712977 ], [ -87.269407, 30.711687 ], [ -87.268443, 30.706257 ], [ -87.270389, 30.704173 ], [ -87.270511, 30.703286 ], [ -87.268088, 30.702331 ], [ -87.267844, 30.701073 ], [ -87.269178, 30.699647 ], [ -87.272511, 30.700552 ], [ -87.27312, 30.698661 ], [ -87.271778, 30.695785 ], [ -87.273364, 30.693521 ], [ -87.271599, 30.694 ], [ -87.270218, 30.692994 ], [ -87.270375, 30.691407 ], [ -87.268145, 30.689566 ], [ -87.265786, 30.689049 ], [ -87.2655, 30.687997 ], [ -87.267472, 30.686305 ], [ -87.265814, 30.685494 ], [ -87.267768, 30.680593 ], [ -87.268802, 30.679334 ], [ -87.268884, 30.678573 ], [ -87.266642, 30.678144 ], [ -87.266313, 30.676594 ], [ -87.268059, 30.674196 ], [ -87.266753, 30.672899 ], [ -87.266702, 30.670292 ], [ -87.266231, 30.667786 ], [ -87.266884, 30.664897 ], [ -87.264597, 30.663979 ], [ -87.264288, 30.661884 ], [ -87.266439, 30.658492 ], [ -87.264273, 30.656567 ], [ -87.263836, 30.652535 ], [ -87.264741, 30.651282 ], [ -87.264458, 30.648683 ], [ -87.263558, 30.646886 ], [ -87.261471, 30.645628 ], [ -87.261006, 30.641914 ], [ -87.259142, 30.638002 ], [ -87.256821, 30.635309 ], [ -87.256743, 30.634356 ], [ -87.258368, 30.633426 ], [ -87.258691, 30.631045 ], [ -87.259515, 30.629929 ], [ -87.256945, 30.628556 ], [ -87.256211, 30.626129 ], [ -87.253973, 30.625856 ], [ -87.252245, 30.62493 ], [ -87.251956, 30.623904 ], [ -87.25226, 30.62336 ], [ -87.256212, 30.623488 ], [ -87.257315, 30.621711 ], [ -87.259866, 30.621491 ], [ -87.260757, 30.620289 ], [ -87.259684, 30.619905 ], [ -87.258772, 30.618785 ], [ -87.258612, 30.616849 ], [ -87.257156, 30.614689 ], [ -87.25738, 30.613857 ], [ -87.259508, 30.612049 ], [ -87.258884, 30.611281 ], [ -87.25626, 30.611153 ], [ -87.2537, 30.608673 ], [ -87.251092, 30.607777 ], [ -87.249665, 30.605887 ], [ -87.248952, 30.60675 ], [ -87.245508, 30.605841 ], [ -87.243748, 30.602228 ], [ -87.246412, 30.600167 ], [ -87.246423, 30.597934 ], [ -87.24378, 30.597121 ], [ -87.2425, 30.597025 ], [ -87.240388, 30.595665 ], [ -87.23658, 30.596609 ], [ -87.23477, 30.595813 ], [ -87.234054, 30.594483 ], [ -87.234277, 30.591549 ], [ -87.230474, 30.589956 ], [ -87.230744, 30.58889 ], [ -87.232282, 30.588179 ], [ -87.232399, 30.5869 ], [ -87.230815, 30.585449 ], [ -87.226515, 30.582786 ], [ -87.225219, 30.581394 ], [ -87.222914, 30.572598 ], [ -87.21829, 30.565975 ], [ -87.217043, 30.564018 ], [ -87.216531, 30.563426 ], [ -87.213891, 30.56045 ], [ -87.212019, 30.557554 ], [ -87.209715, 30.555266 ], [ -87.207667, 30.554306 ], [ -87.20309, 30.553266 ], [ -87.200418, 30.552322 ], [ -87.19717, 30.549602 ], [ -87.195302, 30.54891 ], [ -87.194777, 30.548889 ], [ -87.189888, 30.5488 ], [ -87.179811, 30.544754 ], [ -87.159333, 30.539257 ], [ -87.157292, 30.537953 ], [ -87.154086, 30.5353 ], [ -87.15204, 30.532825 ], [ -87.148097, 30.527051 ], [ -87.145808, 30.524148 ], [ -87.143236, 30.519772 ], [ -87.143104, 30.519544 ], [ -87.136815, 30.511643 ], [ -87.121451, 30.497419 ], [ -87.125714, 30.485501 ], [ -87.127065, 30.482548 ], [ -87.133312, 30.468641 ], [ -87.13357, 30.467229 ], [ -87.134516, 30.46204 ], [ -87.139378, 30.444978 ], [ -87.14138, 30.437094 ], [ -87.141553, 30.436484 ], [ -87.144718, 30.42746 ], [ -87.148205, 30.418997 ], [ -87.151354, 30.413543 ], [ -87.151906, 30.412598 ], [ -87.161175, 30.405612 ], [ -87.182305, 30.394773 ], [ -87.184652, 30.393565 ], [ -87.208887, 30.381137 ], [ -87.213011, 30.379021 ], [ -87.216209, 30.377381 ], [ -87.220181, 30.375985 ], [ -87.224399, 30.374731 ], [ -87.233284, 30.370331 ], [ -87.233053, 30.366967 ], [ -87.231429, 30.343309 ], [ -87.228974, 30.342841 ], [ -87.207419, 30.341825 ], [ -87.20245, 30.339959 ], [ -87.196422, 30.338374 ], [ -87.192092, 30.337771 ], [ -87.187736, 30.337385 ], [ -87.182006, 30.336254 ], [ -87.179021, 30.33593 ], [ -87.175587, 30.337026 ], [ -87.170868, 30.339119 ], [ -87.168822, 30.340854 ], [ -87.153628, 30.348144 ], [ -87.153125, 30.348375 ], [ -87.14778, 30.349095 ], [ -87.137299, 30.349589 ], [ -87.131402, 30.350101 ], [ -87.126057, 30.350821 ], [ -87.113927, 30.351964 ], [ -87.10207, 30.353147 ], [ -87.101405, 30.353146 ], [ -87.094439, 30.354462 ], [ -87.074408, 30.358669 ], [ -87.032312, 30.367806 ], [ -86.972699, 30.381113 ], [ -86.951738, 30.383222 ], [ -86.918937, 30.386514 ], [ -86.9188717, 30.3709251 ], [ -86.909679, 30.372423 ], [ -86.875962, 30.377671 ], [ -86.861842600000017, 30.3797581 ], [ -86.8506113, 30.3814182 ], [ -86.850322, 30.381461 ], [ -86.83618, 30.383307 ], [ -86.799481, 30.3872241 ], [ -86.799239, 30.397151 ], [ -86.799388, 30.406186 ], [ -86.799385, 30.409819 ], [ -86.799191, 30.416394 ], [ -86.799184, 30.416633 ], [ -86.798926, 30.430998 ], [ -86.795663, 30.606271 ], [ -86.795178, 30.625909 ], [ -86.79386, 30.625943 ], [ -86.793582, 30.636646 ], [ -86.792847, 30.663753 ], [ -86.792756, 30.664124 ], [ -86.792753, 30.669912 ], [ -86.792432, 30.684896 ], [ -86.791841, 30.724274 ], [ -86.791628, 30.750189 ], [ -86.791466, 30.751731 ], [ -86.790955, 30.78075 ], [ -86.790274, 30.799821 ], [ -86.788143, 30.871975 ], [ -86.788376, 30.87389 ], [ -86.788112, 30.879122 ], [ -86.787736, 30.893758 ], [ -86.787657, 30.896778 ], [ -86.787344, 30.900385 ], [ -86.785987, 30.993674 ], [ -86.7856925, 30.9969742 ], [ -86.785918, 30.996978 ], [ -86.8099752, 30.9972063 ], [ -86.830497, 30.997401 ], [ -86.831934, 30.997378 ], [ -86.872989, 30.997631 ], [ -86.888135, 30.997577 ], [ -86.9062578, 30.997635 ], [ -86.92781, 30.997704 ], [ -86.998477, 30.998661 ], [ -87.004359, 30.999316 ], [ -87.0241722, 30.9992629 ], [ -87.027107, 30.999255 ], [ -87.036366, 30.999348 ], [ -87.0364585, 30.9993543 ], [ -87.039989, 30.999594 ], [ -87.053737, 30.999131 ], [ -87.064063, 30.999191 ], [ -87.068633, 30.999143 ], [ -87.070993, 30.9991563 ], [ -87.076108, 30.9991853 ], [ -87.0969117, 30.9993029 ], [ -87.115073, 30.9994055 ], [ -87.118873, 30.999427 ], [ -87.124969, 30.998802 ], [ -87.140755, 30.999532 ], [ -87.1505898, 30.9993174 ], [ -87.162614, 30.999055 ], [ -87.1636472, 30.9990236 ], [ -87.162982, 30.998404 ], [ -87.163516, 30.996405 ], [ -87.165942, 30.99584 ], [ -87.169126, 30.993202 ], [ -87.170907, 30.99341 ], [ -87.173668, 30.995867 ], [ -87.176004, 30.996586 ], [ -87.176215, 30.994642 ], [ -87.174148, 30.991182 ], [ -87.174958, 30.98862 ], [ -87.176765, 30.98751 ], [ -87.184842, 30.983262 ], [ -87.187156, 30.981444 ], [ -87.189251, 30.976556 ], [ -87.191971, 30.975541 ], [ -87.195357, 30.976557 ], [ -87.197127, 30.976497 ], [ -87.199508, 30.973864 ], [ -87.201977, 30.97244 ], [ -87.203509, 30.970669 ], [ -87.204893, 30.969878 ], [ -87.208968, 30.9687 ], [ -87.212993, 30.966942 ], [ -87.212548, 30.963543 ], [ -87.213203, 30.962034 ], [ -87.214199, 30.961935 ], [ -87.21838, 30.963754 ], [ -87.227635, 30.961112 ], [ -87.229887, 30.962589 ], [ -87.231225, 30.963779 ], [ -87.231329, 30.965173 ], [ -87.229973, 30.967227 ], [ -87.231431, 30.968318 ], [ -87.232992, 30.967494 ], [ -87.235897, 30.964003 ], [ -87.237539, 30.962899 ], [ -87.24183, 30.96141 ], [ -87.241226, 30.959456 ], [ -87.238295, 30.958192 ], [ -87.239663, 30.955515 ], [ -87.239994, 30.953303 ], [ -87.242224, 30.951426 ], [ -87.241221, 30.94919 ], [ -87.242602, 30.947889 ], [ -87.244929, 30.947292 ], [ -87.245795, 30.946099 ], [ -87.246059, 30.942722 ], [ -87.248532, 30.942022 ], [ -87.250773, 30.944282 ], [ -87.251834, 30.943925 ], [ -87.252203, 30.942567 ], [ -87.250621, 30.939925 ], [ -87.250594, 30.938745 ], [ -87.253033, 30.937001 ], [ -87.255496, 30.931591 ], [ -87.255998, 30.931186 ], [ -87.259372, 30.931652 ], [ -87.26045, 30.935469 ], [ -87.261763, 30.935151 ], [ -87.26331, 30.931334 ], [ -87.264871, 30.930733 ], [ -87.265468, 30.931905 ], [ -87.265098, 30.933913 ], [ -87.265847, 30.934833 ], [ -87.267582, 30.934735 ], [ -87.270778, 30.932284 ], [ -87.274091, 30.931901 ], [ -87.27598, 30.930093 ], [ -87.275394, 30.927047 ], [ -87.276758, 30.925886 ], [ -87.279129, 30.926007 ], [ -87.28229, 30.924829 ], [ -87.284277, 30.924768 ], [ -87.286882, 30.925441 ], [ -87.287006, 30.924683 ], [ -87.283473, 30.921087 ], [ -87.283213, 30.918836 ], [ -87.285364, 30.917729 ], [ -87.288622, 30.917215 ], [ -87.288664, 30.915778 ], [ -87.286461, 30.915174 ], [ -87.284283, 30.915795 ], [ -87.283252, 30.914945 ], [ -87.283489, 30.913001 ], [ -87.282179, 30.9104 ], [ -87.284402, 30.908562 ], [ -87.286467, 30.907927 ], [ -87.28814, 30.909602 ], [ -87.290095, 30.909395 ], [ -87.290506, 30.908232 ], [ -87.286654, 30.905062 ], [ -87.285454, 30.903623 ], [ -87.285232, 30.901754 ], [ -87.286014, 30.895027 ], [ -87.283466, 30.89324 ], [ -87.283138, 30.892086 ], [ -87.284486, 30.887986 ], [ -87.285297, 30.887471 ], [ -87.288763, 30.886799 ], [ -87.294039, 30.884454 ], [ -87.294869, 30.883318 ], [ -87.298438, 30.881248 ], [ -87.298484, 30.880434 ], [ -87.296735, 30.879417 ], [ -87.296644, 30.87854 ], [ -87.298725, 30.877777 ], [ -87.298806, 30.875628 ], [ -87.299569, 30.874865 ], [ -87.299335, 30.873498 ], [ -87.297663, 30.872834 ], [ -87.297457, 30.871745 ], [ -87.298816, 30.869566 ], [ -87.300892, 30.868065 ], [ -87.301524, 30.866718 ], [ -87.30153, 30.863426 ], [ -87.305219, 30.863005 ], [ -87.308117, 30.864438 ], [ -87.309138, 30.863783 ], [ -87.309181, 30.861557 ], [ -87.310209, 30.859994 ], [ -87.30986, 30.858204 ], [ -87.310621, 30.854948 ], [ -87.313908, 30.848708 ], [ -87.313839, 30.847977 ] ] ] ] } },
{ "type": "Feature", "properties": { "STATEFP": "12", "COUNTYFP": "131", "COUNTYNS": "00295727", "GEOIDFQ": "0500000US12131", "GEOID": "12131", "NAME": "Walton", "NAMELSAD": "Walton County", "STUSPS": "FL", "STATE_NAME": "Florida", "LSAD": "06", "ALAND": 2689179222.0, "AWATER": 961275980.0, "STATE_NAME_HYPHEN": "Florida" }, "geometry": { "type": "MultiPolygon", "coordinates": [ [ [ [ -86.3973611, 30.3786614 ], [ -86.387828, 30.37757 ], [ -86.380826399999989, 30.3766683 ], [ -86.364175, 30.374524 ], [ -86.3514326, 30.3726438 ], [ -86.3424, 30.371311 ], [ -86.3170886, 30.3669255 ], [ -86.313998, 30.36639 ], [ -86.2987, 30.363049 ], [ -86.280128, 30.358904 ], [ -86.26361, 30.35511 ], [ -86.2490931, 30.3511815 ], [ -86.2472827, 30.3506916 ], [ -86.243526, 30.349675 ], [ -86.2269497, 30.3448599 ], [ -86.222561, 30.343585 ], [ -86.205804, 30.338529 ], [ -86.2008934, 30.3372797 ], [ -86.188741, 30.334188 ], [ -86.1797282, 30.3313942 ], [ -86.1565121, 30.3241977 ], [ -86.1426885, 30.3199127 ], [ -86.1240857, 30.3141463 ], [ -86.0977094, 30.3059702 ], [ -86.089963, 30.303569 ], [ -85.999937, 30.27078 ], [ -85.9959271, 30.2691393 ], [ -85.995732, 30.274656 ], [ -85.995528, 30.281311 ], [ -85.994624, 30.309704 ], [ -85.994712, 30.311702 ], [ -85.994766, 30.313152 ], [ -85.992668, 30.387302 ], [ -85.992736, 30.38932 ], [ -85.993458, 30.396115 ], [ -85.99369, 30.401272 ], [ -85.993596, 30.405082 ], [ -85.993112, 30.406251 ], [ -85.98989, 30.40858 ], [ -85.987682, 30.411867 ], [ -85.98736, 30.414021 ], [ -85.985431, 30.416794 ], [ -85.983727, 30.418482 ], [ -85.98363, 30.42136 ], [ -85.986077, 30.421659 ], [ -85.98659, 30.423515 ], [ -85.984781, 30.425897 ], [ -85.982805, 30.427367 ], [ -85.981883, 30.429522 ], [ -85.979566, 30.430811 ], [ -85.979221, 30.432579 ], [ -85.978143, 30.430868 ], [ -85.975641, 30.431975 ], [ -85.974196, 30.431579 ], [ -85.974848, 30.433485 ], [ -85.97151, 30.435865 ], [ -85.968872, 30.435754 ], [ -85.970819, 30.431671 ], [ -85.969113, 30.431105 ], [ -85.966936, 30.432669 ], [ -85.965912, 30.436458 ], [ -85.963701, 30.439935 ], [ -85.962415, 30.440585 ], [ -85.958821, 30.440569 ], [ -85.952825, 30.44417 ], [ -85.949591, 30.444756 ], [ -85.946986, 30.444623 ], [ -85.943465, 30.443641 ], [ -85.939932, 30.44393 ], [ -85.935938, 30.445245 ], [ -85.933193, 30.444887 ], [ -85.933172, 30.44243 ], [ -85.932434, 30.441644 ], [ -85.92848, 30.441445 ], [ -85.92441, 30.440093 ], [ -85.916153, 30.438502 ], [ -85.914786, 30.438621 ], [ -85.911742, 30.440043 ], [ -85.908879, 30.442713 ], [ -85.904942, 30.441997 ], [ -85.90272, 30.442441 ], [ -85.901219, 30.443849 ], [ -85.898293, 30.451142 ], [ -85.897445, 30.453513 ], [ -85.897674, 30.455908 ], [ -85.893862, 30.455169 ], [ -85.893537, 30.45725 ], [ -85.894472, 30.458814 ], [ -85.891365, 30.46264 ], [ -85.889659, 30.468105 ], [ -85.889359, 30.47114 ], [ -85.888461, 30.472134 ], [ -85.887057, 30.47247 ], [ -85.885732, 30.471509 ], [ -85.886882, 30.468371 ], [ -85.886454, 30.465917 ], [ -85.884331, 30.46537 ], [ -85.87802, 30.466845 ], [ -85.877354, 30.467895 ], [ -85.874934, 30.475829 ], [ -85.871479, 30.482134 ], [ -85.866818, 30.487637 ], [ -85.859769, 30.490134 ], [ -85.859354, 30.491613 ], [ -85.860056, 30.493223 ], [ -85.858001, 30.496905 ], [ -85.860373, 30.497312 ], [ -85.865745, 30.498277 ], [ -85.866656, 30.500194 ], [ -85.865375, 30.502136 ], [ -85.867462, 30.502659 ], [ -85.868716, 30.504235 ], [ -85.868244, 30.50704 ], [ -85.870258, 30.505826 ], [ -85.873678, 30.504864 ], [ -85.874934, 30.507467 ], [ -85.875886, 30.505301 ], [ -85.878047, 30.504366 ], [ -85.880411, 30.505045 ], [ -85.883821, 30.507842 ], [ -85.883844, 30.508923 ], [ -85.882471, 30.508996 ], [ -85.880266, 30.50747 ], [ -85.881302, 30.510287 ], [ -85.879126, 30.512158 ], [ -85.881264, 30.514516 ], [ -85.881645, 30.516346 ], [ -85.883516, 30.517244 ], [ -85.886298, 30.517437 ], [ -85.887563, 30.518546 ], [ -85.886701, 30.519937 ], [ -85.883445, 30.520262 ], [ -85.882365, 30.520951 ], [ -85.883625, 30.523062 ], [ -85.886199, 30.524538 ], [ -85.886894, 30.525528 ], [ -85.887063, 30.527957 ], [ -85.883478, 30.530139 ], [ -85.881655, 30.533873 ], [ -85.880595, 30.534983 ], [ -85.879815, 30.533636 ], [ -85.880038, 30.53128 ], [ -85.878646, 30.530864 ], [ -85.877278, 30.53195 ], [ -85.879538, 30.539959 ], [ -85.879354, 30.541618 ], [ -85.880264, 30.542535 ], [ -85.88013, 30.543923 ], [ -85.8783, 30.546293 ], [ -85.879375, 30.548557 ], [ -85.879827, 30.556205 ], [ -85.882147, 30.559176 ], [ -85.885307, 30.560069 ], [ -85.887732, 30.559384 ], [ -85.888434, 30.559777 ], [ -85.888593, 30.561931 ], [ -85.890553, 30.563845 ], [ -85.891216, 30.565909 ], [ -85.888688, 30.568782 ], [ -85.889272, 30.574259 ], [ -85.890169, 30.578638 ], [ -85.889052, 30.581537 ], [ -85.889548, 30.581778 ], [ -85.893485, 30.580814 ], [ -85.894086, 30.581521 ], [ -85.893106, 30.583695 ], [ -85.89357, 30.585283 ], [ -85.89535, 30.58635 ], [ -85.897656, 30.586044 ], [ -85.899622, 30.585118 ], [ -85.903199, 30.584807 ], [ -85.90685, 30.586587 ], [ -85.909458, 30.586877 ], [ -85.908458, 30.588913 ], [ -85.908318, 30.590891 ], [ -85.91027, 30.592885 ], [ -85.910409, 30.594596 ], [ -85.908812, 30.596756 ], [ -85.909406, 30.598012 ], [ -85.910621, 30.59821 ], [ -85.912789, 30.596121 ], [ -85.914357, 30.59597 ], [ -85.915921, 30.596788 ], [ -85.914998, 30.599115 ], [ -85.913059, 30.599993 ], [ -85.91271, 30.601415 ], [ -85.911249, 30.602549 ], [ -85.910946, 30.603882 ], [ -85.911961, 30.60709 ], [ -85.909631, 30.608365 ], [ -85.908276, 30.612476 ], [ -85.908264, 30.614042 ], [ -85.909969, 30.614835 ], [ -85.910226, 30.615883 ], [ -85.913367, 30.616374 ], [ -85.913663, 30.617615 ], [ -85.91074, 30.619346 ], [ -85.91084, 30.6214 ], [ -85.913278, 30.621416 ], [ -85.91302, 30.622207 ], [ -85.911033, 30.622851 ], [ -85.910982, 30.623941 ], [ -85.912287, 30.625191 ], [ -85.911309, 30.628252 ], [ -85.91104, 30.630867 ], [ -85.912852, 30.632147 ], [ -85.912493, 30.633657 ], [ -85.914593, 30.635188 ], [ -85.915174, 30.636974 ], [ -85.912043, 30.637822 ], [ -85.91133, 30.63933 ], [ -85.908107, 30.639831 ], [ -85.906639, 30.641369 ], [ -85.905846, 30.644896 ], [ -85.903706, 30.644107 ], [ -85.902699, 30.644589 ], [ -85.901395, 30.64759 ], [ -85.899335, 30.648335 ], [ -85.898266, 30.647687 ], [ -85.897929, 30.645239 ], [ -85.896987, 30.645705 ], [ -85.896794, 30.647796 ], [ -85.894465, 30.650931 ], [ -85.893985, 30.652351 ], [ -85.892644, 30.652484 ], [ -85.890282, 30.651485 ], [ -85.889289, 30.653356 ], [ -85.890679, 30.655354 ], [ -85.890601, 30.656452 ], [ -85.888942, 30.656851 ], [ -85.886461, 30.656092 ], [ -85.884527, 30.656729 ], [ -85.881649, 30.656832 ], [ -85.879451, 30.659652 ], [ -85.879418, 30.661145 ], [ -85.877861, 30.661714 ], [ -85.876557, 30.659884 ], [ -85.874934, 30.660019 ], [ -85.873583, 30.661009 ], [ -85.872917, 30.66321 ], [ -85.870045, 30.662421 ], [ -85.867122, 30.66313 ], [ -85.869184, 30.664154 ], [ -85.87119, 30.666154 ], [ -85.873234, 30.666079 ], [ -85.875612, 30.668466 ], [ -85.87441, 30.669011 ], [ -85.872602, 30.667763 ], [ -85.871414, 30.66803 ], [ -85.870913, 30.669634 ], [ -85.87208, 30.671589 ], [ -85.872325, 30.673231 ], [ -85.871019, 30.675096 ], [ -85.872699, 30.677992 ], [ -85.875423, 30.679511 ], [ -85.875493, 30.680836 ], [ -85.873203, 30.681784 ], [ -85.87043, 30.680225 ], [ -85.867344, 30.680492 ], [ -85.863308, 30.68549 ], [ -85.863555, 30.686913 ], [ -85.86575, 30.689829 ], [ -85.865821, 30.691146 ], [ -85.863595, 30.691358 ], [ -85.860482, 30.692806 ], [ -85.858064, 30.697467 ], [ -85.857988, 30.698574 ], [ -85.855697, 30.698447 ], [ -85.853482, 30.700094 ], [ -85.852264, 30.698631 ], [ -85.850754, 30.701214 ], [ -85.846543, 30.701604 ], [ -85.844421, 30.70313 ], [ -85.863138, 30.703017 ], [ -85.875648, 30.703284 ], [ -85.876483, 30.703112 ], [ -85.88854, 30.703295 ], [ -85.919345, 30.70342 ], [ -85.936362, 30.703531 ], [ -85.944787, 30.703611 ], [ -85.948994, 30.703651 ], [ -85.952884, 30.703689 ], [ -85.954483, 30.703704 ], [ -85.999937, 30.704389 ], [ -86.037238, 30.704571 ], [ -86.037591, 30.704572 ], [ -86.037559, 30.713051 ], [ -86.037527, 30.722085 ], [ -86.037417, 30.805748 ], [ -86.036187, 30.868754 ], [ -86.036289, 30.876179 ], [ -86.036055, 30.88023 ], [ -86.035895, 30.888184 ], [ -86.036122, 30.891918 ], [ -86.035568, 30.927299 ], [ -86.035039, 30.99332 ], [ -86.052462, 30.993247 ], [ -86.056213, 30.993133 ], [ -86.116918, 30.992917 ], [ -86.1327395, 30.9931803 ], [ -86.162886, 30.993682 ], [ -86.168979, 30.993706 ], [ -86.175204, 30.993798 ], [ -86.180232, 30.994005 ], [ -86.1872473, 30.9940491 ], [ -86.238335, 30.99437 ], [ -86.256448, 30.993853 ], [ -86.2711934, 30.9938283 ], [ -86.2888492, 30.9937987 ], [ -86.2890658, 30.9937983 ], [ -86.289247, 30.993798 ], [ -86.2971487, 30.9939169 ], [ -86.304596, 30.994029 ], [ -86.3091206, 30.994061 ], [ -86.3225459, 30.9941558 ], [ -86.3340425, 30.994237 ], [ -86.3485063, 30.9943392 ], [ -86.3502303, 30.9943513 ], [ -86.364907, 30.994455 ], [ -86.36927, 30.994477 ], [ -86.374545, 30.994474 ], [ -86.388646, 30.994181 ], [ -86.388635, 30.966639 ], [ -86.388627, 30.966502 ], [ -86.38882, 30.921554 ], [ -86.388983, 30.90648 ], [ -86.389285, 30.877136 ], [ -86.389677, 30.875186 ], [ -86.39004, 30.866327 ], [ -86.390934, 30.812804 ], [ -86.391685, 30.756824 ], [ -86.392057, 30.750188 ], [ -86.39183, 30.74831 ], [ -86.391609, 30.72869 ], [ -86.391604, 30.721885 ], [ -86.391837, 30.70686 ], [ -86.392182, 30.627401 ], [ -86.391953, 30.625227 ], [ -86.391779, 30.620399 ], [ -86.392526, 30.56527 ], [ -86.392709, 30.562692 ], [ -86.39325, 30.497151 ], [ -86.393549, 30.493541 ], [ -86.394291, 30.46738 ], [ -86.394172, 30.467077 ], [ -86.394239, 30.464075 ], [ -86.394454, 30.454877 ], [ -86.394639, 30.454048 ], [ -86.394783, 30.450066 ], [ -86.395383, 30.433336 ], [ -86.396777, 30.401269 ], [ -86.396905, 30.39826 ], [ -86.397201, 30.38574 ], [ -86.397205, 30.385581 ], [ -86.3973611, 30.3786614 ] ] ] ] } },
{ "type": "Feature", "properties": { "STATEFP": "12", "COUNTYFP": "029", "COUNTYNS": "00295725", "GEOIDFQ": "0500000US12029", "GEOID": "12029", "NAME": "Dixie", "NAMELSAD": "Dixie County", "STUSPS": "FL", "STATE_NAME": "Florida", "LSAD": "06", "ALAND": 1826030991.0, "AWATER": 876346098.0, "STATE_NAME_HYPHEN": "Florida" }, "geometry": { "type": "MultiPolygon", "coordinates": [ [ [ [ -82.916827, 29.823524 ], [ -82.913241, 29.821001 ], [ -82.91231, 29.820766 ], [ -82.909496, 29.821183 ], [ -82.907862, 29.821843 ], [ -82.903956, 29.824294 ], [ -82.918708, 29.824083 ], [ -82.916827, 29.823524 ] ] ], [ [ [ -83.411712, 29.657041 ], [ -83.406437, 29.650325 ], [ -83.404081, 29.640798 ], [ -83.401446, 29.633386 ], [ -83.39948, 29.612956 ], [ -83.401684, 29.600946 ], [ -83.405068, 29.59557 ], [ -83.406913, 29.588545 ], [ -83.405256, 29.578319 ], [ -83.40715, 29.570562 ], [ -83.403052, 29.565008 ], [ -83.400358, 29.550132 ], [ -83.40311, 29.543271 ], [ -83.39983, 29.533042 ], [ -83.396455, 29.52983 ], [ -83.395742, 29.526314 ], [ -83.401552, 29.523291 ], [ -83.400252, 29.517242 ], [ -83.388374, 29.512457 ], [ -83.383973, 29.512995 ], [ -83.379254, 29.503558 ], [ -83.370288, 29.499901 ], [ -83.356722, 29.499901 ], [ -83.350067, 29.489358 ], [ -83.339934, 29.485759 ], [ -83.33113, 29.475594 ], [ -83.321056, 29.47725 ], [ -83.31438, 29.47508 ], [ -83.307828, 29.468861 ], [ -83.307071, 29.462406 ], [ -83.297988, 29.450442 ], [ -83.296517, 29.447513 ], [ -83.289703, 29.444781 ], [ -83.2898392, 29.444112 ], [ -83.290306, 29.441819 ], [ -83.293909, 29.439905 ], [ -83.295285, 29.438142 ], [ -83.293718, 29.437019 ], [ -83.284726, 29.437845 ], [ -83.2846554, 29.4378238 ], [ -83.281685, 29.436932 ], [ -83.280229, 29.433413 ], [ -83.272019, 29.432256 ], [ -83.2666952, 29.4346026 ], [ -83.263965, 29.435806 ], [ -83.25765, 29.432999 ], [ -83.240509, 29.433178 ], [ -83.230423, 29.427475 ], [ -83.228551, 29.421204 ], [ -83.218075, 29.420492 ], [ -83.213709, 29.41321 ], [ -83.214491, 29.410177 ], [ -83.21043, 29.404866 ], [ -83.212366, 29.400538 ], [ -83.211331, 29.398325 ], [ -83.202446, 29.394422 ], [ -83.201908, 29.388077 ], [ -83.204114, 29.383361 ], [ -83.201239, 29.380189 ], [ -83.200702, 29.373855 ], [ -83.202508, 29.371293 ], [ -83.198468, 29.367979 ], [ -83.193714, 29.37005 ], [ -83.1911, 29.368186 ], [ -83.187616, 29.358792 ], [ -83.179906, 29.348736 ], [ -83.173948, 29.346776 ], [ -83.170897, 29.342498 ], [ -83.172574, 29.33009 ], [ -83.168736, 29.329428 ], [ -83.164594, 29.324828 ], [ -83.158289, 29.326589 ], [ -83.156174, 29.324861 ], [ -83.15668, 29.322215 ], [ -83.163895, 29.318525 ], [ -83.163975, 29.31643 ], [ -83.173613, 29.309902 ], [ -83.174604, 29.307116 ], [ -83.170029, 29.301071 ], [ -83.167582, 29.300129 ], [ -83.165297, 29.299689 ], [ -83.164578, 29.296823 ], [ -83.16918, 29.291255 ], [ -83.169115, 29.289756 ], [ -83.1669508, 29.2885929 ], [ -83.164817, 29.289161 ], [ -83.161357, 29.296633 ], [ -83.158063, 29.302239 ], [ -83.154063, 29.304339 ], [ -83.150812, 29.30543 ], [ -83.148028, 29.307769 ], [ -83.146174, 29.311303 ], [ -83.143844, 29.318888 ], [ -83.143318, 29.321248 ], [ -83.142026, 29.322592 ], [ -83.13957, 29.323985 ], [ -83.136165, 29.32344 ], [ -83.132332, 29.32209 ], [ -83.129807, 29.320901 ], [ -83.128805, 29.319406 ], [ -83.119523, 29.317153 ], [ -83.116188, 29.31725 ], [ -83.112947, 29.318141 ], [ -83.112652, 29.322182 ], [ -83.111888, 29.324684 ], [ -83.110232, 29.325465 ], [ -83.10452, 29.32544 ], [ -83.103487, 29.326953 ], [ -83.101518, 29.331596 ], [ -83.101228, 29.33347 ], [ -83.098798, 29.336865 ], [ -83.096256, 29.336806 ], [ -83.094954, 29.335923 ], [ -83.092494, 29.332251 ], [ -83.090389, 29.332753 ], [ -83.0822, 29.339857 ], [ -83.076921, 29.341104 ], [ -83.07398, 29.342465 ], [ -83.068522, 29.343953 ], [ -83.06167, 29.348374 ], [ -83.060528, 29.349457 ], [ -83.061415, 29.352683 ], [ -83.066319, 29.352549 ], [ -83.069921, 29.352811 ], [ -83.072051, 29.353862 ], [ -83.072067, 29.355342 ], [ -83.070642, 29.357353 ], [ -83.065794, 29.359848 ], [ -83.063262, 29.361818 ], [ -83.062248, 29.364229 ], [ -83.06593, 29.368478 ], [ -83.06629, 29.37085 ], [ -83.064654, 29.373979 ], [ -83.060347, 29.376738 ], [ -83.056858, 29.37834 ], [ -83.053393, 29.378455 ], [ -83.048634, 29.379144 ], [ -83.045386, 29.380682 ], [ -83.0421, 29.383433 ], [ -83.040684, 29.385204 ], [ -83.035866, 29.388198 ], [ -83.033861, 29.390551 ], [ -83.033442, 29.391737 ], [ -83.034221, 29.395534 ], [ -83.034117, 29.39665 ], [ -83.032957, 29.397947 ], [ -83.031259, 29.398197 ], [ -83.025424, 29.397013 ], [ -83.02325, 29.398564 ], [ -83.022901, 29.399257 ], [ -83.023922, 29.400969 ], [ -83.025869, 29.405685 ], [ -83.025168, 29.409192 ], [ -83.021948, 29.411603 ], [ -83.022217, 29.414427 ], [ -83.023662, 29.415486 ], [ -83.026145, 29.416452 ], [ -83.027051, 29.417677 ], [ -83.026881, 29.418946 ], [ -83.026074, 29.420018 ], [ -83.023476, 29.420289 ], [ -83.017951, 29.418628 ], [ -83.017179, 29.418875 ], [ -83.016273, 29.419631 ], [ -83.016067, 29.422704 ], [ -83.01781, 29.424484 ], [ -83.021141, 29.427141 ], [ -83.021746, 29.429637 ], [ -83.021184, 29.431196 ], [ -83.016715, 29.435202 ], [ -83.012806, 29.439769 ], [ -83.012839, 29.445899 ], [ -83.010419, 29.448856 ], [ -83.007937, 29.450437 ], [ -83.004542, 29.453567 ], [ -83.001991, 29.45653 ], [ -83.001005, 29.459696 ], [ -83.000842, 29.46213 ], [ -82.999847, 29.463253 ], [ -82.997543, 29.463585 ], [ -82.993531, 29.462827 ], [ -82.989937, 29.463345 ], [ -82.986891, 29.46603 ], [ -82.985855, 29.467275 ], [ -82.984923, 29.469077 ], [ -82.984371, 29.471004 ], [ -82.985242, 29.473162 ], [ -82.986676, 29.475414 ], [ -82.986804, 29.476543 ], [ -82.986469, 29.478683 ], [ -82.983932, 29.481237 ], [ -82.981865, 29.485418 ], [ -82.982026, 29.489456 ], [ -82.983345, 29.492519 ], [ -82.984244, 29.495217 ], [ -82.984122, 29.499348 ], [ -82.983324, 29.5033 ], [ -82.983089, 29.508028 ], [ -82.98349, 29.511024 ], [ -82.982878, 29.515444 ], [ -82.981966, 29.51716 ], [ -82.979452, 29.518418 ], [ -82.977913, 29.518357 ], [ -82.974995, 29.517242 ], [ -82.97268, 29.517266 ], [ -82.970505, 29.519083 ], [ -82.969401, 29.522315 ], [ -82.969496, 29.52355 ], [ -82.970766, 29.525854 ], [ -82.976568, 29.529424 ], [ -82.978557, 29.531868 ], [ -82.978879, 29.532892 ], [ -82.979031, 29.535041 ], [ -82.977347, 29.539893 ], [ -82.976836, 29.540634 ], [ -82.972269, 29.542927 ], [ -82.969476, 29.544669 ], [ -82.95936, 29.553245 ], [ -82.956947, 29.554447 ], [ -82.954935, 29.554707 ], [ -82.950048, 29.55611 ], [ -82.947901, 29.557531 ], [ -82.947239, 29.558981 ], [ -82.947394, 29.561048 ], [ -82.948251, 29.563068 ], [ -82.948744, 29.565903 ], [ -82.947934, 29.569055 ], [ -82.945579, 29.573259 ], [ -82.944802, 29.576189 ], [ -82.944462, 29.582302 ], [ -82.943091, 29.585226 ], [ -82.941729, 29.586158 ], [ -82.937683, 29.587176 ], [ -82.937096, 29.588255 ], [ -82.937329, 29.591196 ], [ -82.939189, 29.593204 ], [ -82.94181, 29.59322 ], [ -82.943901, 29.592186 ], [ -82.946258, 29.589708 ], [ -82.947703, 29.586776 ], [ -82.948826, 29.585416 ], [ -82.95051, 29.58459 ], [ -82.952162, 29.584474 ], [ -82.954879, 29.585605 ], [ -82.957881, 29.588884 ], [ -82.958874, 29.590748 ], [ -82.960257, 29.593524 ], [ -82.962093, 29.601092 ], [ -82.963706, 29.603365 ], [ -82.97216, 29.608969 ], [ -82.972362, 29.611052 ], [ -82.971441, 29.612429 ], [ -82.968586, 29.614832 ], [ -82.967701, 29.616548 ], [ -82.968249, 29.617736 ], [ -82.971541, 29.620386 ], [ -82.972431, 29.621494 ], [ -82.973054, 29.624281 ], [ -82.972002, 29.626502 ], [ -82.969166, 29.629915 ], [ -82.967447, 29.631377 ], [ -82.962518, 29.634789 ], [ -82.956989, 29.638878 ], [ -82.956018, 29.640144 ], [ -82.955722, 29.641893 ], [ -82.956342, 29.648984 ], [ -82.957585, 29.653934 ], [ -82.957077, 29.656551 ], [ -82.952654, 29.658434 ], [ -82.951819, 29.659814 ], [ -82.951833, 29.661864 ], [ -82.953173, 29.664796 ], [ -82.954354, 29.666179 ], [ -82.959135, 29.670023 ], [ -82.959077, 29.67116 ], [ -82.954729, 29.675398 ], [ -82.954325, 29.67763 ], [ -82.954771, 29.679055 ], [ -82.958375, 29.682016 ], [ -82.959408, 29.684317 ], [ -82.959263, 29.685785 ], [ -82.957123, 29.689349 ], [ -82.956507, 29.691676 ], [ -82.956677, 29.693572 ], [ -82.957677, 29.698255 ], [ -82.957376, 29.700496 ], [ -82.955713, 29.702547 ], [ -82.952474, 29.703915 ], [ -82.950638, 29.703406 ], [ -82.94937, 29.701474 ], [ -82.947834, 29.7005 ], [ -82.945335, 29.699937 ], [ -82.939319, 29.700932 ], [ -82.937199, 29.70272 ], [ -82.937101, 29.704075 ], [ -82.937887, 29.704558 ], [ -82.943299, 29.704898 ], [ -82.94498, 29.706914 ], [ -82.946835, 29.711458 ], [ -82.948424, 29.712683 ], [ -82.952182, 29.713499 ], [ -82.953537, 29.714221 ], [ -82.955642, 29.716265 ], [ -82.956591, 29.718718 ], [ -82.956303, 29.72058 ], [ -82.954458, 29.722452 ], [ -82.952077, 29.721221 ], [ -82.949583, 29.717745 ], [ -82.946289, 29.714915 ], [ -82.944278, 29.715212 ], [ -82.943183, 29.717567 ], [ -82.942773, 29.720404 ], [ -82.943282, 29.721821 ], [ -82.945013, 29.722716 ], [ -82.948346, 29.722843 ], [ -82.94969, 29.723758 ], [ -82.949689, 29.726283 ], [ -82.946804, 29.729712 ], [ -82.944722, 29.732905 ], [ -82.943403, 29.735492 ], [ -82.941692, 29.740117 ], [ -82.940883, 29.741586 ], [ -82.939281, 29.743089 ], [ -82.938538, 29.744487 ], [ -82.93834, 29.746486 ], [ -82.93879, 29.750232 ], [ -82.939853, 29.753167 ], [ -82.941336, 29.754039 ], [ -82.943133, 29.754162 ], [ -82.946058, 29.752816 ], [ -82.947542, 29.752841 ], [ -82.949707, 29.754409 ], [ -82.949677, 29.757921 ], [ -82.947875, 29.762311 ], [ -82.947623, 29.766113 ], [ -82.946017, 29.768349 ], [ -82.943157, 29.770575 ], [ -82.941227, 29.772842 ], [ -82.938861, 29.778894 ], [ -82.937381, 29.783583 ], [ -82.934999, 29.786398 ], [ -82.933301, 29.78743 ], [ -82.92472, 29.791692 ], [ -82.920364, 29.79465 ], [ -82.91984, 29.795714 ], [ -82.920131, 29.797314 ], [ -82.921577, 29.798462 ], [ -82.92592, 29.800082 ], [ -82.928908, 29.799972 ], [ -82.931361, 29.800386 ], [ -82.933417, 29.801454 ], [ -82.935139, 29.804724 ], [ -82.935524, 29.807033 ], [ -82.935355, 29.809455 ], [ -82.931833, 29.816054 ], [ -82.930023, 29.818506 ], [ -82.92585, 29.822305 ], [ -82.923828, 29.823368 ], [ -82.920608, 29.824143 ], [ -82.95907, 29.82401 ], [ -82.959199, 29.825409 ], [ -82.9685, 29.825339 ], [ -82.9809, 29.82527 ], [ -82.985254, 29.825085 ], [ -82.999851, 29.825189 ], [ -83.000811, 29.825272 ], [ -83.071755, 29.824522 ], [ -83.318859, 29.822623 ], [ -83.319462, 29.778328 ], [ -83.321587, 29.778178 ], [ -83.32199, 29.776804 ], [ -83.32401, 29.774598 ], [ -83.326483, 29.773757 ], [ -83.326887, 29.77274 ], [ -83.32591, 29.770717 ], [ -83.326161, 29.769337 ], [ -83.327575, 29.769166 ], [ -83.328572, 29.767698 ], [ -83.328462, 29.765755 ], [ -83.330684, 29.764884 ], [ -83.331678, 29.761876 ], [ -83.333956, 29.761768 ], [ -83.336561, 29.760721 ], [ -83.33843, 29.757709 ], [ -83.338799, 29.755274 ], [ -83.341488, 29.751516 ], [ -83.341821, 29.747845 ], [ -83.342884, 29.745389 ], [ -83.345676, 29.74349 ], [ -83.344773, 29.740423 ], [ -83.343267, 29.73713 ], [ -83.343749, 29.735396 ], [ -83.347642, 29.733856 ], [ -83.347763, 29.73209 ], [ -83.346576, 29.730793 ], [ -83.344902, 29.726811 ], [ -83.347026, 29.72351 ], [ -83.347399, 29.721341 ], [ -83.346106, 29.719733 ], [ -83.347099, 29.717747 ], [ -83.346963, 29.715071 ], [ -83.350141, 29.712396 ], [ -83.351372, 29.706694 ], [ -83.351296, 29.705204 ], [ -83.351284, 29.70051 ], [ -83.350615, 29.697899 ], [ -83.35074, 29.695301 ], [ -83.352826, 29.69309 ], [ -83.35371, 29.691192 ], [ -83.357843, 29.684572 ], [ -83.359547, 29.682884 ], [ -83.362336, 29.678407 ], [ -83.364994, 29.676715 ], [ -83.365437, 29.675834 ], [ -83.363968, 29.673573 ], [ -83.364388, 29.671227 ], [ -83.363072, 29.670377 ], [ -83.363207, 29.668238 ], [ -83.365278, 29.667051 ], [ -83.366398, 29.665701 ], [ -83.369354, 29.666673 ], [ -83.373351, 29.665951 ], [ -83.374859, 29.66718 ], [ -83.381837, 29.669593 ], [ -83.386042, 29.668889 ], [ -83.387663, 29.669495 ], [ -83.390366, 29.671381 ], [ -83.39496, 29.67151 ], [ -83.398512, 29.673935 ], [ -83.40075, 29.673492 ], [ -83.402953, 29.671872 ], [ -83.4096242, 29.6684444 ], [ -83.408577, 29.667261 ], [ -83.410716, 29.66437 ], [ -83.414774, 29.663559 ], [ -83.411712, 29.657041 ] ] ] ] } },
{ "type": "Feature", "properties": { "STATEFP": "12", "COUNTYFP": "073", "COUNTYNS": "00306916", "GEOIDFQ": "0500000US12073", "GEOID": "12073", "NAME": "Leon", "NAMELSAD": "Leon County", "STUSPS": "FL", "STATE_NAME": "Florida", "LSAD": "06", "ALAND": 1731219899.0, "AWATER": 86414547.0, "STATE_NAME_HYPHEN": "Florida" }, "geometry": { "type": "MultiPolygon", "coordinates": [ [ [ [ -84.715138, 30.33014 ], [ -84.711115, 30.325126 ], [ -84.709496, 30.323488 ], [ -84.706912, 30.322416 ], [ -84.705786, 30.322693 ], [ -84.704129, 30.321712 ], [ -84.702578, 30.32279 ], [ -84.702626, 30.3204 ], [ -84.701017, 30.319035 ], [ -84.701113, 30.317671 ], [ -84.702105, 30.315933 ], [ -84.70524, 30.312805 ], [ -84.708449, 30.310152 ], [ -84.71155, 30.304353 ], [ -84.711068, 30.301871 ], [ -84.713351, 30.30017 ], [ -84.628293, 30.300342 ], [ -84.627725, 30.300495 ], [ -84.504342, 30.301864 ], [ -84.499844, 30.301909 ], [ -84.421052, 30.302407 ], [ -84.400432, 30.302566 ], [ -84.378531, 30.302709 ], [ -84.378532, 30.303428 ], [ -84.34642, 30.303399 ], [ -84.3409, 30.303501 ], [ -84.327899, 30.303301 ], [ -84.31193, 30.303265 ], [ -84.292831, 30.303431 ], [ -84.285942, 30.303301 ], [ -84.253997, 30.303201 ], [ -84.247673, 30.303493 ], [ -84.241539, 30.276236 ], [ -84.241222, 30.274244 ], [ -84.238967, 30.274159 ], [ -84.231896, 30.274159 ], [ -84.1617, 30.27387 ], [ -84.149841, 30.27379 ], [ -84.124891, 30.273679 ], [ -84.075539, 30.273617 ], [ -84.075819, 30.369819 ], [ -84.075376, 30.375202 ], [ -84.074891, 30.412939 ], [ -84.074892, 30.413106 ], [ -84.074753, 30.430781 ], [ -84.074691, 30.434302 ], [ -84.062292, 30.445144 ], [ -84.041488, 30.463308 ], [ -84.041293, 30.47354 ], [ -84.041196, 30.483708 ], [ -84.041192, 30.483967 ], [ -84.041105, 30.518526 ], [ -84.041152, 30.521901 ], [ -83.977424, 30.522234 ], [ -83.978607, 30.522687 ], [ -83.979794, 30.525344 ], [ -83.980734, 30.528771 ], [ -83.981797, 30.530767 ], [ -83.983965, 30.532612 ], [ -83.984211, 30.533547 ], [ -83.98309, 30.535315 ], [ -83.983367, 30.539017 ], [ -83.985651, 30.542041 ], [ -83.985733, 30.543636 ], [ -83.987003, 30.54711 ], [ -83.986734, 30.549561 ], [ -83.985023, 30.55012 ], [ -83.983756, 30.551646 ], [ -83.981712, 30.551878 ], [ -83.980485, 30.549625 ], [ -83.979013, 30.550593 ], [ -83.980335, 30.553142 ], [ -83.984991, 30.557405 ], [ -83.987755, 30.559333 ], [ -83.990874, 30.561105 ], [ -83.990842, 30.562128 ], [ -83.993035, 30.564952 ], [ -83.992954, 30.565634 ], [ -83.995098, 30.568132 ], [ -83.996646, 30.570973 ], [ -83.998023, 30.571471 ], [ -83.99771, 30.573959 ], [ -83.996503, 30.57493 ], [ -83.9962, 30.577738 ], [ -83.996594, 30.57904 ], [ -83.998723, 30.581056 ], [ -83.999575, 30.582451 ], [ -84.001357, 30.583875 ], [ -84.001699, 30.585897 ], [ -84.002657, 30.587865 ], [ -84.001595, 30.589255 ], [ -84.001943, 30.591371 ], [ -84.001655, 30.593475 ], [ -84.001818, 30.596674 ], [ -84.003779, 30.599159 ], [ -84.00447, 30.601231 ], [ -84.003853, 30.602654 ], [ -84.004678, 30.604792 ], [ -84.003088, 30.606956 ], [ -84.00572, 30.609207 ], [ -84.007687, 30.609299 ], [ -84.007783, 30.625168 ], [ -84.007876, 30.626235 ], [ -84.007454, 30.6721004 ], [ -84.0190933, 30.6727206 ], [ -84.0191402, 30.6727231 ], [ -84.039707, 30.673819 ], [ -84.04181, 30.673878 ], [ -84.046605, 30.6742 ], [ -84.057228, 30.674705 ], [ -84.0727432, 30.6753546 ], [ -84.0727703, 30.6753557 ], [ -84.0837567, 30.6758156 ], [ -84.107699, 30.676818 ], [ -84.124895, 30.678046 ], [ -84.1552097, 30.6795251 ], [ -84.2499, 30.684145 ], [ -84.2541178, 30.6842947 ], [ -84.28121, 30.685256 ], [ -84.2825596, 30.6853214 ], [ -84.282561199999989, 30.6853214 ], [ -84.28326, 30.684191 ], [ -84.284646, 30.68502 ], [ -84.286351, 30.684066 ], [ -84.286179, 30.682952 ], [ -84.287932, 30.68394 ], [ -84.286861, 30.681984 ], [ -84.288666, 30.681648 ], [ -84.289331, 30.683428 ], [ -84.290579, 30.68416 ], [ -84.290772, 30.681872 ], [ -84.292107, 30.680713 ], [ -84.297497, 30.682522 ], [ -84.297769, 30.678832 ], [ -84.299759, 30.678768 ], [ -84.299829, 30.680075 ], [ -84.301153, 30.680139 ], [ -84.30029, 30.676617 ], [ -84.298073, 30.676832 ], [ -84.300482, 30.673835 ], [ -84.300405, 30.676056 ], [ -84.302513, 30.675934 ], [ -84.303498, 30.677686 ], [ -84.304419, 30.675843 ], [ -84.30305, 30.674791 ], [ -84.302813, 30.67312 ], [ -84.304099, 30.672515 ], [ -84.305324, 30.670208 ], [ -84.304769, 30.668512 ], [ -84.304395, 30.668156 ], [ -84.302308, 30.667573 ], [ -84.301829, 30.666671 ], [ -84.302125, 30.666327 ], [ -84.301818, 30.665859 ], [ -84.300209, 30.665147 ], [ -84.300798, 30.664236 ], [ -84.30117, 30.664619 ], [ -84.301782, 30.664492 ], [ -84.302187, 30.663856 ], [ -84.302631, 30.663812 ], [ -84.302716, 30.663513 ], [ -84.302671, 30.663203 ], [ -84.302424, 30.662781 ], [ -84.302183, 30.662549 ], [ -84.30131, 30.662626 ], [ -84.300116, 30.663143 ], [ -84.299213, 30.66126 ], [ -84.302123, 30.660094 ], [ -84.302502, 30.659481 ], [ -84.302496, 30.659133 ], [ -84.301959, 30.658046 ], [ -84.301116, 30.657739 ], [ -84.300883, 30.657102 ], [ -84.300968, 30.656619 ], [ -84.301837, 30.656136 ], [ -84.303047, 30.657157 ], [ -84.303751, 30.657216 ], [ -84.304058, 30.657024 ], [ -84.30404, 30.656456 ], [ -84.303506, 30.656083 ], [ -84.299766, 30.654324 ], [ -84.299378, 30.653531 ], [ -84.302341, 30.651193 ], [ -84.301918, 30.650132 ], [ -84.300256, 30.648744 ], [ -84.301171, 30.645952 ], [ -84.301015, 30.645186 ], [ -84.300715, 30.644583 ], [ -84.300316, 30.644407 ], [ -84.29981, 30.644305 ], [ -84.299699, 30.64416 ], [ -84.299804, 30.643845 ], [ -84.300038, 30.643598 ], [ -84.300608, 30.643376 ], [ -84.300648, 30.64295 ], [ -84.300481, 30.642763 ], [ -84.29993, 30.642624 ], [ -84.300583, 30.640068 ], [ -84.301977, 30.638477 ], [ -84.303654, 30.638483 ], [ -84.305465, 30.637584 ], [ -84.305666, 30.636744 ], [ -84.305209, 30.635983 ], [ -84.303565, 30.635042 ], [ -84.30504, 30.634704 ], [ -84.305679, 30.633486 ], [ -84.305627, 30.632528 ], [ -84.306162, 30.632399 ], [ -84.306449, 30.632956 ], [ -84.306997, 30.633419 ], [ -84.307624, 30.633419 ], [ -84.308211, 30.63299 ], [ -84.308459, 30.63237 ], [ -84.309047, 30.632386 ], [ -84.309618, 30.63312 ], [ -84.310115, 30.633153 ], [ -84.310887, 30.63244 ], [ -84.310958, 30.632066 ], [ -84.31036, 30.631049 ], [ -84.311944, 30.630504 ], [ -84.312749, 30.630858 ], [ -84.313547, 30.630387 ], [ -84.313697, 30.629833 ], [ -84.313352, 30.629489 ], [ -84.312649, 30.629457 ], [ -84.312229, 30.629124 ], [ -84.312116, 30.628372 ], [ -84.312489, 30.627975 ], [ -84.313274, 30.62798 ], [ -84.313549, 30.628109 ], [ -84.313897, 30.627805 ], [ -84.313901, 30.627374 ], [ -84.313482, 30.627114 ], [ -84.311969, 30.626852 ], [ -84.312414, 30.626506 ], [ -84.31477, 30.626541 ], [ -84.315503, 30.625997 ], [ -84.315535, 30.625737 ], [ -84.31543, 30.625516 ], [ -84.315047, 30.625093 ], [ -84.314911, 30.625078 ], [ -84.314627, 30.624975 ], [ -84.314604, 30.625043 ], [ -84.314601, 30.624186 ], [ -84.315084, 30.623905 ], [ -84.316245, 30.623765 ], [ -84.316891, 30.62328 ], [ -84.317367, 30.621273 ], [ -84.318482, 30.622452 ], [ -84.319284, 30.621922 ], [ -84.319107, 30.620039 ], [ -84.319669, 30.619003 ], [ -84.320596, 30.620902 ], [ -84.321386, 30.621003 ], [ -84.322658, 30.620609 ], [ -84.322756, 30.620169 ], [ -84.322412, 30.618394 ], [ -84.322958, 30.617453 ], [ -84.323271, 30.617425 ], [ -84.323513, 30.617487 ], [ -84.323846, 30.61787 ], [ -84.324126, 30.618123 ], [ -84.324368, 30.618214 ], [ -84.324759, 30.618112 ], [ -84.32504, 30.617278 ], [ -84.324335, 30.61676 ], [ -84.323532, 30.616838 ], [ -84.323206, 30.615785 ], [ -84.324851, 30.616461 ], [ -84.32502, 30.616404 ], [ -84.32519, 30.616063 ], [ -84.325211, 30.615783 ], [ -84.325166, 30.615378 ], [ -84.324453, 30.613897 ], [ -84.32596, 30.612955 ], [ -84.325614, 30.611766 ], [ -84.327069, 30.612341 ], [ -84.32765, 30.611631 ], [ -84.326169, 30.608712 ], [ -84.32703, 30.607878 ], [ -84.327812, 30.609918 ], [ -84.328877, 30.609861 ], [ -84.329314, 30.608982 ], [ -84.32981, 30.608757 ], [ -84.330345, 30.608751 ], [ -84.330573, 30.608407 ], [ -84.330417, 30.60803 ], [ -84.328896, 30.607168 ], [ -84.329608, 30.606441 ], [ -84.331063, 30.607218 ], [ -84.331408, 30.606908 ], [ -84.331278, 30.606215 ], [ -84.330136, 30.605466 ], [ -84.330254, 30.604908 ], [ -84.330926, 30.604288 ], [ -84.330652, 30.603364 ], [ -84.331134, 30.602783 ], [ -84.331865, 30.602563 ], [ -84.332609, 30.602518 ], [ -84.332505, 30.602186 ], [ -84.331741, 30.601977 ], [ -84.331859, 30.601188 ], [ -84.331722, 30.600766 ], [ -84.332303, 30.600377 ], [ -84.332825, 30.600692 ], [ -84.333001, 30.601137 ], [ -84.333431, 30.601261 ], [ -84.333674, 30.600878 ], [ -84.333738, 30.599858 ], [ -84.332727, 30.599306 ], [ -84.332179, 30.599503 ], [ -84.330325, 30.60014 ], [ -84.331859, 30.598342 ], [ -84.332766, 30.598359 ], [ -84.332981, 30.597998 ], [ -84.332903, 30.596956 ], [ -84.332107, 30.596494 ], [ -84.332577, 30.596223 ], [ -84.33409, 30.597491 ], [ -84.334678, 30.597452 ], [ -84.335324, 30.596454 ], [ -84.335492, 30.595795 ], [ -84.336707, 30.596798 ], [ -84.33908, 30.597125 ], [ -84.339735, 30.597734 ], [ -84.339069, 30.599086 ], [ -84.339193, 30.599599 ], [ -84.340864, 30.600213 ], [ -84.340329, 30.598618 ], [ -84.340818, 30.597384 ], [ -84.342774, 30.598067 ], [ -84.343715, 30.596291 ], [ -84.342918, 30.595554 ], [ -84.344022, 30.594983 ], [ -84.346084, 30.595367 ], [ -84.346991, 30.592904 ], [ -84.34634, 30.591941 ], [ -84.348591, 30.591745 ], [ -84.349577, 30.593211 ], [ -84.350319, 30.593195 ], [ -84.352001, 30.591443 ], [ -84.35307, 30.591979 ], [ -84.353492, 30.591935 ], [ -84.35378, 30.591073 ], [ -84.355424, 30.591189 ], [ -84.355872, 30.589891 ], [ -84.357471, 30.589576 ], [ -84.357643, 30.589201 ], [ -84.357279, 30.588515 ], [ -84.357541, 30.587759 ], [ -84.357119, 30.586598 ], [ -84.359487, 30.585428 ], [ -84.360963, 30.584123 ], [ -84.362179, 30.584123 ], [ -84.363695, 30.585339 ], [ -84.364411, 30.585405 ], [ -84.364699, 30.585245 ], [ -84.364053, 30.583737 ], [ -84.365825, 30.582681 ], [ -84.366548, 30.583262 ], [ -84.368013, 30.583129 ], [ -84.370111, 30.582228 ], [ -84.369976, 30.581217 ], [ -84.371403, 30.581107 ], [ -84.371058, 30.579698 ], [ -84.372586, 30.579289 ], [ -84.373066, 30.578168 ], [ -84.372286, 30.576521 ], [ -84.372574, 30.575267 ], [ -84.374083, 30.57493 ], [ -84.375497, 30.574295 ], [ -84.376667, 30.575109 ], [ -84.378384, 30.573467 ], [ -84.378631, 30.569853 ], [ -84.379361, 30.568859 ], [ -84.379757, 30.566925 ], [ -84.379316, 30.565798 ], [ -84.380889, 30.565544 ], [ -84.381588, 30.565006 ], [ -84.381625, 30.564185 ], [ -84.381235, 30.563627 ], [ -84.38199, 30.563025 ], [ -84.380205, 30.56166 ], [ -84.381005, 30.561169 ], [ -84.381779, 30.561644 ], [ -84.38206, 30.56129 ], [ -84.381638, 30.560274 ], [ -84.379565, 30.560019 ], [ -84.37906, 30.559285 ], [ -84.381075, 30.557307 ], [ -84.381081, 30.555169 ], [ -84.382233, 30.555688 ], [ -84.382169, 30.554561 ], [ -84.384083, 30.55389 ], [ -84.384234, 30.553827 ], [ -84.386401, 30.55238 ], [ -84.388284, 30.549325 ], [ -84.388434, 30.546295 ], [ -84.387474, 30.54498 ], [ -84.389222, 30.540958 ], [ -84.390878, 30.535168 ], [ -84.391587, 30.531492 ], [ -84.390992, 30.529416 ], [ -84.38949, 30.529642 ], [ -84.389414, 30.527277 ], [ -84.388303, 30.526218 ], [ -84.391105, 30.525036 ], [ -84.391379, 30.522645 ], [ -84.390662, 30.521437 ], [ -84.391936, 30.51994 ], [ -84.393757, 30.520741 ], [ -84.393751, 30.517889 ], [ -84.391824, 30.516929 ], [ -84.394319, 30.516675 ], [ -84.395915, 30.517165 ], [ -84.395994, 30.516056 ], [ -84.394957, 30.515575 ], [ -84.392891, 30.515826 ], [ -84.392423, 30.514838 ], [ -84.393229, 30.51443 ], [ -84.395346, 30.515216 ], [ -84.396331, 30.51429 ], [ -84.39445, 30.513 ], [ -84.395595, 30.512465 ], [ -84.396067, 30.513756 ], [ -84.397462, 30.51419 ], [ -84.398548, 30.512154 ], [ -84.401977, 30.510063 ], [ -84.402859, 30.510772 ], [ -84.403805, 30.509889 ], [ -84.40373, 30.50847 ], [ -84.404956, 30.507737 ], [ -84.403409, 30.506596 ], [ -84.404038, 30.505421 ], [ -84.401949, 30.505274 ], [ -84.403823, 30.504049 ], [ -84.403132, 30.502052 ], [ -84.404558, 30.50166 ], [ -84.404564, 30.499116 ], [ -84.402439, 30.499935 ], [ -84.402328, 30.49827 ], [ -84.400859, 30.497426 ], [ -84.400877, 30.495748 ], [ -84.402041, 30.494766 ], [ -84.400531, 30.494093 ], [ -84.398829, 30.494968 ], [ -84.398183, 30.493819 ], [ -84.399021, 30.493014 ], [ -84.398017, 30.49233 ], [ -84.396673, 30.493039 ], [ -84.397638, 30.491377 ], [ -84.396326, 30.489896 ], [ -84.397765, 30.488571 ], [ -84.396446, 30.485972 ], [ -84.397486, 30.485275 ], [ -84.397406, 30.485008 ], [ -84.397233, 30.483321 ], [ -84.402696, 30.480095 ], [ -84.402114, 30.477824 ], [ -84.402926, 30.475769 ], [ -84.40586, 30.475699 ], [ -84.405402, 30.474012 ], [ -84.407272, 30.473304 ], [ -84.407955, 30.473094 ], [ -84.413724, 30.470519 ], [ -84.418842, 30.466661 ], [ -84.420939, 30.463664 ], [ -84.422741, 30.463518 ], [ -84.423974, 30.464472 ], [ -84.423326, 30.466629 ], [ -84.423959, 30.467369 ], [ -84.425503, 30.465745 ], [ -84.427311, 30.466376 ], [ -84.430373, 30.465875 ], [ -84.433781, 30.463776 ], [ -84.434004, 30.465653 ], [ -84.43481, 30.466107 ], [ -84.437052, 30.462561 ], [ -84.438608, 30.46249 ], [ -84.437886, 30.46124 ], [ -84.439296, 30.460808 ], [ -84.441137, 30.462127 ], [ -84.443578, 30.461219 ], [ -84.445719, 30.461512 ], [ -84.447419, 30.460697 ], [ -84.448502, 30.461527 ], [ -84.450104, 30.46106 ], [ -84.450284, 30.462161 ], [ -84.452614, 30.46238 ], [ -84.455158, 30.459544 ], [ -84.460506, 30.455908 ], [ -84.462606, 30.456558 ], [ -84.464086, 30.457698 ], [ -84.465856, 30.457778 ], [ -84.467706, 30.459298 ], [ -84.469846, 30.458448 ], [ -84.471137, 30.458588 ], [ -84.472517, 30.460308 ], [ -84.473407, 30.460088 ], [ -84.473967, 30.457938 ], [ -84.476757, 30.457408 ], [ -84.478437, 30.459248 ], [ -84.479227, 30.457818 ], [ -84.481011, 30.459126 ], [ -84.483411, 30.456534 ], [ -84.485715, 30.456422 ], [ -84.487523, 30.458438 ], [ -84.490323, 30.45975 ], [ -84.493523, 30.460422 ], [ -84.495307, 30.460298 ], [ -84.497598, 30.457628 ], [ -84.497896, 30.454922 ], [ -84.499168, 30.453048 ], [ -84.502115, 30.451887 ], [ -84.503379, 30.451993 ], [ -84.504385, 30.450906 ], [ -84.507044, 30.450611 ], [ -84.507917, 30.451265 ], [ -84.509769, 30.450283 ], [ -84.510604, 30.450857 ], [ -84.51133, 30.450285 ], [ -84.512294, 30.451497 ], [ -84.513477, 30.450821 ], [ -84.51431, 30.452113 ], [ -84.515605, 30.45088 ], [ -84.516477, 30.451519 ], [ -84.518971, 30.450312 ], [ -84.520177, 30.451475 ], [ -84.523037, 30.448906 ], [ -84.52499, 30.448279 ], [ -84.526974, 30.44641 ], [ -84.529375, 30.44083 ], [ -84.530567, 30.439802 ], [ -84.534153, 30.439482 ], [ -84.537877, 30.440165 ], [ -84.53942, 30.439345 ], [ -84.542158, 30.440793 ], [ -84.542884, 30.439439 ], [ -84.543971, 30.439947 ], [ -84.546396, 30.440046 ], [ -84.545889, 30.436857 ], [ -84.549029, 30.437279 ], [ -84.549691, 30.436103 ], [ -84.551298, 30.436912 ], [ -84.553129, 30.436408 ], [ -84.555994, 30.434767 ], [ -84.556847, 30.43606 ], [ -84.558596, 30.435328 ], [ -84.559462, 30.434025 ], [ -84.560167, 30.43514 ], [ -84.560087, 30.437813 ], [ -84.561463, 30.437912 ], [ -84.562302, 30.435704 ], [ -84.564287, 30.434413 ], [ -84.564762, 30.43325 ], [ -84.566382, 30.433683 ], [ -84.566523, 30.432417 ], [ -84.565065, 30.431843 ], [ -84.565346, 30.430843 ], [ -84.566609, 30.431384 ], [ -84.567726, 30.430401 ], [ -84.567812, 30.429006 ], [ -84.569842, 30.426152 ], [ -84.571647, 30.425097 ], [ -84.572569, 30.424006 ], [ -84.573603, 30.422541 ], [ -84.5771, 30.419962 ], [ -84.579037, 30.420201 ], [ -84.580057, 30.41898 ], [ -84.580092, 30.417346 ], [ -84.582546, 30.416712 ], [ -84.582891, 30.415899 ], [ -84.587654, 30.414059 ], [ -84.590539, 30.411918 ], [ -84.591357, 30.411751 ], [ -84.592667, 30.4135 ], [ -84.594926, 30.412649 ], [ -84.598532, 30.413298 ], [ -84.600271, 30.414719 ], [ -84.603245, 30.415571 ], [ -84.605804, 30.414871 ], [ -84.60692, 30.416136 ], [ -84.609502, 30.414026 ], [ -84.610807, 30.412183 ], [ -84.612614, 30.411073 ], [ -84.613173, 30.40999 ], [ -84.618438, 30.410813 ], [ -84.621739, 30.40973 ], [ -84.623591, 30.40954 ], [ -84.626025, 30.408454 ], [ -84.62827, 30.406034 ], [ -84.631868, 30.403258 ], [ -84.635303, 30.399551 ], [ -84.638981, 30.397828 ], [ -84.639659, 30.396496 ], [ -84.642359, 30.396452 ], [ -84.642244, 30.397905 ], [ -84.643472, 30.397861 ], [ -84.645602, 30.395938 ], [ -84.647668, 30.394612 ], [ -84.647444, 30.392889 ], [ -84.645666, 30.391844 ], [ -84.646408, 30.388281 ], [ -84.647956, 30.387151 ], [ -84.655044, 30.383685 ], [ -84.663577, 30.378402 ], [ -84.664658, 30.377221 ], [ -84.665304, 30.373978 ], [ -84.66334, 30.372442 ], [ -84.663507, 30.370475 ], [ -84.665861, 30.369867 ], [ -84.667038, 30.367514 ], [ -84.668534, 30.366586 ], [ -84.670479, 30.364144 ], [ -84.673524, 30.364332 ], [ -84.674522, 30.366608 ], [ -84.67726, 30.367094 ], [ -84.679396, 30.368235 ], [ -84.681272, 30.367598 ], [ -84.680886, 30.365225 ], [ -84.681234, 30.361531 ], [ -84.682524, 30.360077 ], [ -84.684099, 30.360206 ], [ -84.683671, 30.357702 ], [ -84.685406, 30.35561 ], [ -84.685358, 30.354778 ], [ -84.682623, 30.354949 ], [ -84.684216, 30.353473 ], [ -84.686309, 30.353361 ], [ -84.686473, 30.352266 ], [ -84.684395, 30.351037 ], [ -84.685358, 30.349924 ], [ -84.689065, 30.349501 ], [ -84.690914, 30.349622 ], [ -84.69029, 30.347838 ], [ -84.691157, 30.347415 ], [ -84.693057, 30.348915 ], [ -84.693706, 30.347998 ], [ -84.693133, 30.346915 ], [ -84.694598, 30.3452 ], [ -84.695564, 30.34525 ], [ -84.695622, 30.347092 ], [ -84.696399, 30.347145 ], [ -84.698292, 30.344534 ], [ -84.700385, 30.34419 ], [ -84.70199, 30.342114 ], [ -84.700995, 30.340808 ], [ -84.702178, 30.340239 ], [ -84.703052, 30.341065 ], [ -84.703832, 30.340336 ], [ -84.701955, 30.338653 ], [ -84.703114, 30.337719 ], [ -84.703061, 30.336492 ], [ -84.704347, 30.335888 ], [ -84.70617, 30.336775 ], [ -84.70846, 30.335722 ], [ -84.708933, 30.334457 ], [ -84.710805, 30.333872 ], [ -84.711908, 30.334466 ], [ -84.713987, 30.332797 ], [ -84.715144, 30.333077 ], [ -84.715138, 30.33014 ] ] ] ] } },
{ "type": "Feature", "properties": { "STATEFP": "12", "COUNTYFP": "079", "COUNTYNS": "00295731", "GEOIDFQ": "0500000US12079", "GEOID": "12079", "NAME": "Madison", "NAMELSAD": "Madison County", "STUSPS": "FL", "STATE_NAME": "Florida", "LSAD": "06", "ALAND": 1804001484.0, "AWATER": 49634046.0, "STATE_NAME_HYPHEN": "Florida" }, "geometry": { "type": "MultiPolygon", "coordinates": [ [ [ [ -83.821862, 30.307397 ], [ -83.818945, 30.305935 ], [ -83.818128, 30.304277 ], [ -83.820235, 30.30354 ], [ -83.717479, 30.303547 ], [ -83.710841, 30.303697 ], [ -83.708172, 30.303591 ], [ -83.636827, 30.30401 ], [ -83.586689, 30.303595 ], [ -83.578973, 30.30391 ], [ -83.468768, 30.304212 ], [ -83.469267, 30.260351 ], [ -83.433789, 30.260169 ], [ -83.43038, 30.26074 ], [ -83.427372, 30.260806 ], [ -83.36726, 30.26044 ], [ -83.355585, 30.26042 ], [ -83.283153, 30.260252 ], [ -83.280089, 30.26011 ], [ -83.266509, 30.26026 ], [ -83.249862, 30.260353 ], [ -83.247253, 30.26067 ], [ -83.23936, 30.260408 ], [ -83.236954, 30.261628 ], [ -83.2369, 30.262897 ], [ -83.240199, 30.266698 ], [ -83.239965, 30.268211 ], [ -83.236498, 30.274238 ], [ -83.234661, 30.27833 ], [ -83.231671, 30.283817 ], [ -83.23176, 30.287577 ], [ -83.232984, 30.289716 ], [ -83.233007, 30.29202 ], [ -83.228784, 30.29844 ], [ -83.224829, 30.301966 ], [ -83.222514, 30.30317 ], [ -83.213145, 30.306951 ], [ -83.211939, 30.307965 ], [ -83.209924, 30.311878 ], [ -83.21033, 30.313932 ], [ -83.214149, 30.319053 ], [ -83.214357, 30.319834 ], [ -83.214024, 30.322581 ], [ -83.2122, 30.325727 ], [ -83.20881, 30.329393 ], [ -83.207897, 30.331087 ], [ -83.209103, 30.334136 ], [ -83.210822, 30.336572 ], [ -83.211576, 30.34107 ], [ -83.212755, 30.344341 ], [ -83.212551, 30.345851 ], [ -83.211554, 30.347481 ], [ -83.20871, 30.350533 ], [ -83.204864, 30.351222 ], [ -83.203258, 30.351088 ], [ -83.201396, 30.350078 ], [ -83.200052, 30.348365 ], [ -83.1983, 30.348279 ], [ -83.193507, 30.34999 ], [ -83.19121, 30.351153 ], [ -83.190137, 30.35287 ], [ -83.19207, 30.354941 ], [ -83.193592, 30.357624 ], [ -83.193547, 30.359627 ], [ -83.192079, 30.363696 ], [ -83.192121, 30.365675 ], [ -83.192891, 30.367782 ], [ -83.192869, 30.374032 ], [ -83.192161, 30.375217 ], [ -83.18534, 30.379989 ], [ -83.180369, 30.382402 ], [ -83.177946, 30.384139 ], [ -83.175622, 30.384455 ], [ -83.174359, 30.38449 ], [ -83.170969, 30.385225 ], [ -83.171963, 30.38944 ], [ -83.173871, 30.391479 ], [ -83.175599, 30.391009 ], [ -83.178009, 30.392147 ], [ -83.178382, 30.393165 ], [ -83.177525, 30.395225 ], [ -83.17503, 30.396887 ], [ -83.174791, 30.398314 ], [ -83.176682, 30.399853 ], [ -83.177898, 30.402137 ], [ -83.178453, 30.40413 ], [ -83.180314, 30.408199 ], [ -83.180033, 30.41016 ], [ -83.183053, 30.411239 ], [ -83.186751, 30.412932 ], [ -83.189203, 30.413571 ], [ -83.19244, 30.415263 ], [ -83.194777, 30.416946 ], [ -83.198506, 30.415853 ], [ -83.2041, 30.414869 ], [ -83.204882, 30.412136 ], [ -83.206163, 30.412141 ], [ -83.206979, 30.413023 ], [ -83.207612, 30.415727 ], [ -83.207489, 30.419443 ], [ -83.209417, 30.420976 ], [ -83.210971, 30.421582 ], [ -83.213791, 30.420691 ], [ -83.215279, 30.418257 ], [ -83.217078, 30.418726 ], [ -83.220087, 30.422484 ], [ -83.222208, 30.423531 ], [ -83.221777, 30.425686 ], [ -83.219477, 30.425367 ], [ -83.218703, 30.425889 ], [ -83.218547, 30.42784 ], [ -83.220564, 30.433562 ], [ -83.222134, 30.435673 ], [ -83.222085, 30.436825 ], [ -83.220174, 30.43917 ], [ -83.21981, 30.44035 ], [ -83.220686, 30.443026 ], [ -83.220548, 30.443976 ], [ -83.218787, 30.446192 ], [ -83.217482, 30.44677 ], [ -83.217658, 30.448415 ], [ -83.219497, 30.44894 ], [ -83.221495, 30.448896 ], [ -83.222564, 30.449872 ], [ -83.222788, 30.452097 ], [ -83.221078, 30.454254 ], [ -83.217659, 30.455857 ], [ -83.219143, 30.459047 ], [ -83.21958, 30.462016 ], [ -83.217804, 30.463561 ], [ -83.217797, 30.464226 ], [ -83.221894, 30.464263 ], [ -83.223048, 30.464795 ], [ -83.225866, 30.468021 ], [ -83.226907, 30.468605 ], [ -83.231689, 30.470163 ], [ -83.236009, 30.471006 ], [ -83.239156, 30.472662 ], [ -83.243599, 30.472984 ], [ -83.243565, 30.475377 ], [ -83.241903, 30.478201 ], [ -83.243644, 30.47873 ], [ -83.244005, 30.479619 ], [ -83.243611, 30.482243 ], [ -83.243945, 30.48405 ], [ -83.24323, 30.488656 ], [ -83.244987, 30.492056 ], [ -83.244099, 30.492963 ], [ -83.242714, 30.492774 ], [ -83.240802, 30.49334 ], [ -83.240677, 30.494417 ], [ -83.242199, 30.49708 ], [ -83.242827, 30.502152 ], [ -83.240766, 30.504952 ], [ -83.240564, 30.505932 ], [ -83.244055, 30.510858 ], [ -83.246106, 30.512457 ], [ -83.243821, 30.513535 ], [ -83.242569, 30.516489 ], [ -83.24034, 30.51506 ], [ -83.239502, 30.51508 ], [ -83.238938, 30.518022 ], [ -83.239784, 30.520296 ], [ -83.241008, 30.524269 ], [ -83.242424, 30.52528 ], [ -83.244027, 30.525449 ], [ -83.245048, 30.530778 ], [ -83.245698, 30.531215 ], [ -83.249012, 30.531636 ], [ -83.249509, 30.533535 ], [ -83.247357, 30.53375 ], [ -83.246008, 30.534528 ], [ -83.245803, 30.535719 ], [ -83.246934, 30.537386 ], [ -83.246867, 30.540022 ], [ -83.247332, 30.541043 ], [ -83.2518, 30.546024 ], [ -83.254357, 30.549131 ], [ -83.260807, 30.552821 ], [ -83.259881, 30.557377 ], [ -83.25841, 30.558441 ], [ -83.256023, 30.55937 ], [ -83.256016, 30.562228 ], [ -83.25684, 30.56298 ], [ -83.257918, 30.565941 ], [ -83.259585, 30.566812 ], [ -83.261937, 30.568896 ], [ -83.262224, 30.569942 ], [ -83.259789, 30.573056 ], [ -83.259634, 30.574256 ], [ -83.261659, 30.577704 ], [ -83.262733, 30.580955 ], [ -83.262421, 30.583174 ], [ -83.26127, 30.585035 ], [ -83.256619, 30.5862 ], [ -83.2566, 30.587434 ], [ -83.258248, 30.591295 ], [ -83.259892, 30.596665 ], [ -83.262044, 30.599425 ], [ -83.263549, 30.60337 ], [ -83.267021, 30.608532 ], [ -83.267793, 30.610874 ], [ -83.266906, 30.613292 ], [ -83.266908, 30.615063 ], [ -83.26831, 30.618257 ], [ -83.268245, 30.619948 ], [ -83.269107, 30.622204 ], [ -83.270907, 30.62324 ], [ -83.272339, 30.625546 ], [ -83.272014, 30.62724 ], [ -83.275647, 30.628725 ], [ -83.279128, 30.628696 ], [ -83.284505, 30.62814 ], [ -83.285967, 30.629681 ], [ -83.287046, 30.629917 ], [ -83.2899, 30.62912 ], [ -83.293119, 30.628987 ], [ -83.294848, 30.63233 ], [ -83.298828, 30.632045 ], [ -83.300691, 30.632487 ], [ -83.30184, 30.630871 ], [ -83.304809, 30.632081 ], [ -83.309287, 30.632946 ], [ -83.3092496, 30.6344049 ], [ -83.309455, 30.634417 ], [ -83.311647, 30.634577 ], [ -83.3118745, 30.6345907 ], [ -83.3408517, 30.6363364 ], [ -83.341011, 30.636346 ], [ -83.357703, 30.6373593 ], [ -83.37946, 30.63868 ], [ -83.390062, 30.639333 ], [ -83.429477, 30.641519 ], [ -83.429584, 30.641496 ], [ -83.440021, 30.642023 ], [ -83.448895, 30.64241 ], [ -83.448944, 30.6424131 ], [ -83.499876, 30.645671 ], [ -83.5368726, 30.647519 ], [ -83.611667, 30.651255 ], [ -83.61172, 30.651258 ], [ -83.612122, 30.638736 ], [ -83.604401, 30.638236 ], [ -83.604599, 30.620525 ], [ -83.604186, 30.581916 ], [ -83.606131, 30.582107 ], [ -83.62073, 30.58198 ], [ -83.620621, 30.579831 ], [ -83.621189, 30.567351 ], [ -83.624878, 30.567473 ], [ -83.637343, 30.567471 ], [ -83.637412, 30.552671 ], [ -83.671117, 30.552861 ], [ -83.671073, 30.53802 ], [ -83.704293, 30.538094 ], [ -83.704467, 30.524035 ], [ -83.70436, 30.523021 ], [ -83.726036, 30.522951 ], [ -83.727393, 30.520598 ], [ -83.72997, 30.518751 ], [ -83.731936, 30.515073 ], [ -83.733897, 30.513286 ], [ -83.73467, 30.510378 ], [ -83.736922, 30.508091 ], [ -83.736336, 30.504161 ], [ -83.736411, 30.502072 ], [ -83.735389, 30.501243 ], [ -83.73542, 30.498618 ], [ -83.733528, 30.498311 ], [ -83.732803, 30.496014 ], [ -83.731508, 30.495003 ], [ -83.731107, 30.492315 ], [ -83.727653, 30.489998 ], [ -83.726966, 30.48775 ], [ -83.72725, 30.485595 ], [ -83.726412, 30.48465 ], [ -83.728081, 30.483012 ], [ -83.727889, 30.479873 ], [ -83.727387, 30.47956 ], [ -83.727683, 30.475092 ], [ -83.728731, 30.474118 ], [ -83.728933, 30.472733 ], [ -83.727967, 30.470738 ], [ -83.724907, 30.468563 ], [ -83.725366, 30.467058 ], [ -83.7245, 30.46565 ], [ -83.723944, 30.461198 ], [ -83.726838, 30.459119 ], [ -83.726241, 30.45796 ], [ -83.728023, 30.455772 ], [ -83.728339, 30.45459 ], [ -83.727692, 30.453222 ], [ -83.727672, 30.451386 ], [ -83.726371, 30.450249 ], [ -83.726776, 30.44877 ], [ -83.724393, 30.44554 ], [ -83.722815, 30.442252 ], [ -83.72254, 30.438323 ], [ -83.721639, 30.436619 ], [ -83.722412, 30.435679 ], [ -83.72172, 30.434354 ], [ -83.723521, 30.432941 ], [ -83.727079, 30.432533 ], [ -83.727777, 30.431373 ], [ -83.727864, 30.429142 ], [ -83.730896, 30.427893 ], [ -83.733146, 30.425782 ], [ -83.733126, 30.424248 ], [ -83.737198, 30.423367 ], [ -83.737901, 30.422427 ], [ -83.739417, 30.422025 ], [ -83.740634, 30.420832 ], [ -83.743186, 30.415752 ], [ -83.745868, 30.413602 ], [ -83.746665, 30.411551 ], [ -83.748732, 30.410594 ], [ -83.751073, 30.407598 ], [ -83.750136, 30.404975 ], [ -83.751304, 30.403344 ], [ -83.752072, 30.401019 ], [ -83.751496, 30.400112 ], [ -83.751979, 30.398084 ], [ -83.753285, 30.397178 ], [ -83.753906, 30.398349 ], [ -83.754464, 30.397241 ], [ -83.755819, 30.396531 ], [ -83.755836, 30.394843 ], [ -83.754948, 30.393952 ], [ -83.755212, 30.391774 ], [ -83.757261, 30.385467 ], [ -83.758403, 30.384901 ], [ -83.760887, 30.38538 ], [ -83.761008, 30.384418 ], [ -83.762892, 30.383144 ], [ -83.764768, 30.383134 ], [ -83.766151, 30.382117 ], [ -83.767456, 30.38251 ], [ -83.768405, 30.38195 ], [ -83.770673, 30.383168 ], [ -83.773046, 30.383294 ], [ -83.773869, 30.382525 ], [ -83.776638, 30.382235 ], [ -83.777726, 30.381679 ], [ -83.779798, 30.382053 ], [ -83.780827, 30.380214 ], [ -83.783186, 30.378863 ], [ -83.784491, 30.379819 ], [ -83.786723, 30.380276 ], [ -83.788396, 30.382206 ], [ -83.788471, 30.384343 ], [ -83.787452, 30.386685 ], [ -83.787974, 30.389443 ], [ -83.790023, 30.390285 ], [ -83.791437, 30.389895 ], [ -83.792655, 30.387889 ], [ -83.79294, 30.386713 ], [ -83.795007, 30.386081 ], [ -83.794893, 30.383872 ], [ -83.795737, 30.382146 ], [ -83.798342, 30.382174 ], [ -83.800869, 30.379849 ], [ -83.801657, 30.377704 ], [ -83.803787, 30.377586 ], [ -83.804607, 30.376903 ], [ -83.805, 30.374956 ], [ -83.804249, 30.373711 ], [ -83.806667, 30.371689 ], [ -83.807015, 30.370402 ], [ -83.806616, 30.368015 ], [ -83.808093, 30.364689 ], [ -83.806548, 30.362459 ], [ -83.80584, 30.357733 ], [ -83.804561, 30.356165 ], [ -83.804086, 30.353094 ], [ -83.805087, 30.350999 ], [ -83.806808, 30.349985 ], [ -83.807559, 30.348728 ], [ -83.807037, 30.348394 ], [ -83.802769, 30.347845 ], [ -83.799212, 30.346872 ], [ -83.799534, 30.346072 ], [ -83.798122, 30.343684 ], [ -83.796635, 30.342339 ], [ -83.797614, 30.341334 ], [ -83.795954, 30.339329 ], [ -83.795699, 30.338257 ], [ -83.793668, 30.337273 ], [ -83.793577, 30.335506 ], [ -83.791906, 30.333878 ], [ -83.790624, 30.333713 ], [ -83.787107, 30.331672 ], [ -83.787711, 30.328375 ], [ -83.788512, 30.328198 ], [ -83.789262, 30.326276 ], [ -83.788876, 30.324318 ], [ -83.791463, 30.322743 ], [ -83.791165, 30.321907 ], [ -83.792544, 30.319186 ], [ -83.794864, 30.319306 ], [ -83.797226, 30.318482 ], [ -83.798544, 30.317042 ], [ -83.798942, 30.317679 ], [ -83.801258, 30.315343 ], [ -83.803007, 30.315816 ], [ -83.805874, 30.315795 ], [ -83.807624, 30.317601 ], [ -83.811133, 30.318327 ], [ -83.81208, 30.31749 ], [ -83.814547, 30.317636 ], [ -83.815707, 30.317063 ], [ -83.81645, 30.315044 ], [ -83.820521, 30.313144 ], [ -83.819972, 30.311276 ], [ -83.820463, 30.309231 ], [ -83.821862, 30.307397 ] ] ] ] } },
{ "type": "Feature", "properties": { "STATEFP": "12", "COUNTYFP": "023", "COUNTYNS": "00306909", "GEOIDFQ": "0500000US12023", "GEOID": "12023", "NAME": "Columbia", "NAMELSAD": "Columbia County", "STUSPS": "FL", "STATE_NAME": "Florida", "LSAD": "06", "ALAND": 2065197086.0, "AWATER": 10207202.0, "STATE_NAME_HYPHEN": "Florida" }, "geometry": { "type": "MultiPolygon", "coordinates": [ [ [ [ -82.800477, 29.932126 ], [ -82.797959, 29.932831 ], [ -82.796546, 29.93277 ], [ -82.795074, 29.931465 ], [ -82.793546, 29.932172 ], [ -82.793449, 29.933882 ], [ -82.791854, 29.935453 ], [ -82.790581, 29.935007 ], [ -82.789814, 29.933133 ], [ -82.788702, 29.932494 ], [ -82.785564, 29.933367 ], [ -82.78373, 29.932337 ], [ -82.783586, 29.930471 ], [ -82.782815, 29.928868 ], [ -82.780486, 29.925753 ], [ -82.778397, 29.927347 ], [ -82.776626, 29.926732 ], [ -82.772162, 29.928325 ], [ -82.769861, 29.927813 ], [ -82.770723, 29.925789 ], [ -82.772078, 29.925132 ], [ -82.772445, 29.924137 ], [ -82.771073, 29.922254 ], [ -82.771408, 29.917874 ], [ -82.772418, 29.916902 ], [ -82.772025, 29.915422 ], [ -82.772829, 29.913718 ], [ -82.773813, 29.913401 ], [ -82.774296, 29.911702 ], [ -82.773299, 29.91023 ], [ -82.771058, 29.908455 ], [ -82.768752, 29.908662 ], [ -82.765352, 29.908196 ], [ -82.76532, 29.90743 ], [ -82.767428, 29.906348 ], [ -82.766868, 29.903704 ], [ -82.767032, 29.901051 ], [ -82.768514, 29.899865 ], [ -82.769383, 29.898224 ], [ -82.769019, 29.897351 ], [ -82.766903, 29.8969 ], [ -82.762406, 29.89704 ], [ -82.75976, 29.898768 ], [ -82.758321, 29.89874 ], [ -82.757372, 29.895877 ], [ -82.753646, 29.893499 ], [ -82.752943, 29.892103 ], [ -82.752976, 29.888717 ], [ -82.751906, 29.886239 ], [ -82.752879, 29.885252 ], [ -82.753315, 29.881413 ], [ -82.752854, 29.880206 ], [ -82.749568, 29.877244 ], [ -82.747789, 29.876559 ], [ -82.747772, 29.873542 ], [ -82.746602, 29.872489 ], [ -82.744893, 29.86939 ], [ -82.741595, 29.867126 ], [ -82.74007, 29.865028 ], [ -82.73775, 29.86531 ], [ -82.737184, 29.86471 ], [ -82.736237, 29.860133 ], [ -82.734696, 29.859068 ], [ -82.732941, 29.85647 ], [ -82.731593, 29.856105 ], [ -82.730546, 29.856766 ], [ -82.724843, 29.853995 ], [ -82.720848, 29.853366 ], [ -82.719658, 29.852082 ], [ -82.71605, 29.850639 ], [ -82.715203, 29.849221 ], [ -82.712772, 29.847999 ], [ -82.708953, 29.847266 ], [ -82.710446, 29.845706 ], [ -82.707644, 29.843481 ], [ -82.706235, 29.841272 ], [ -82.704256, 29.840606 ], [ -82.704555, 29.838645 ], [ -82.703779, 29.838166 ], [ -82.702021, 29.839077 ], [ -82.699859, 29.83694 ], [ -82.697727, 29.836568 ], [ -82.696452, 29.835538 ], [ -82.693668, 29.834216 ], [ -82.690533, 29.834227 ], [ -82.682649, 29.832743 ], [ -82.678982, 29.833106 ], [ -82.677805, 29.832749 ], [ -82.677081, 29.833704 ], [ -82.673756, 29.833358 ], [ -82.672248, 29.832182 ], [ -82.670183, 29.831353 ], [ -82.666877, 29.831957 ], [ -82.66189, 29.830554 ], [ -82.660541, 29.829656 ], [ -82.658554, 29.830144 ], [ -82.655512, 29.829693 ], [ -82.65456, 29.829052 ], [ -82.653674, 29.826943 ], [ -82.652107, 29.82563 ], [ -82.649151, 29.826482 ], [ -82.644367, 29.826795 ], [ -82.641377, 29.827423 ], [ -82.640627, 29.828849 ], [ -82.635797, 29.832351 ], [ -82.634734, 29.833596 ], [ -82.634587, 29.835252 ], [ -82.635011, 29.838132 ], [ -82.634513, 29.839656 ], [ -82.631659, 29.841463 ], [ -82.63083, 29.84247 ], [ -82.630646, 29.842782 ], [ -82.630571, 29.842908 ], [ -82.632104, 29.846807 ], [ -82.631251, 29.849112 ], [ -82.629262, 29.849373 ], [ -82.622037, 29.848512 ], [ -82.618497, 29.847002 ], [ -82.617813, 29.84726 ], [ -82.617514, 29.849485 ], [ -82.61847, 29.850891 ], [ -82.622394, 29.852094 ], [ -82.622927, 29.854005 ], [ -82.619739, 29.859111 ], [ -82.616452, 29.857786 ], [ -82.615882, 29.856584 ], [ -82.61387, 29.854348 ], [ -82.611351, 29.852292 ], [ -82.609924, 29.852147 ], [ -82.608466, 29.852927 ], [ -82.606276, 29.852864 ], [ -82.603676, 29.854736 ], [ -82.602422, 29.857656 ], [ -82.600552, 29.858272 ], [ -82.599863, 29.858978 ], [ -82.597171, 29.858897 ], [ -82.595449, 29.859708 ], [ -82.594379, 29.86122 ], [ -82.592897, 29.861933 ], [ -82.591231, 29.866042 ], [ -82.588376, 29.86686 ], [ -82.586485, 29.866702 ], [ -82.586792, 29.867668 ], [ -82.589558, 29.870452 ], [ -82.590225, 29.873204 ], [ -82.59234, 29.873221 ], [ -82.592553, 29.887515 ], [ -82.579997, 29.88764 ], [ -82.580029, 29.894851 ], [ -82.575876, 29.894865 ], [ -82.575966, 29.913095 ], [ -82.579526, 29.914444 ], [ -82.578786, 29.915362 ], [ -82.578266, 29.915845 ], [ -82.571552, 29.918276 ], [ -82.570621, 29.917533 ], [ -82.567856, 29.917196 ], [ -82.566286, 29.919335 ], [ -82.566583, 29.920566 ], [ -82.564739, 29.920227 ], [ -82.56325, 29.921427 ], [ -82.560934, 29.922154 ], [ -82.562052, 29.922665 ], [ -82.560837, 29.924916 ], [ -82.558649, 29.926637 ], [ -82.554735, 29.928541 ], [ -82.551334, 29.928712 ], [ -82.548134, 29.925571 ], [ -82.545235, 29.925099 ], [ -82.541554, 29.925495 ], [ -82.539572, 29.928868 ], [ -82.535067, 29.929283 ], [ -82.531777, 29.931058 ], [ -82.530453, 29.932378 ], [ -82.529439, 29.934277 ], [ -82.529269, 29.936761 ], [ -82.530262, 29.939138 ], [ -82.529705, 29.940881 ], [ -82.531112, 29.948413 ], [ -82.530163, 29.950263 ], [ -82.530044, 29.951509 ], [ -82.531015, 29.95575 ], [ -82.533301, 29.958357 ], [ -82.536149, 29.960085 ], [ -82.538581, 29.96102 ], [ -82.539901, 29.962742 ], [ -82.542143, 29.962748 ], [ -82.543596, 29.963402 ], [ -82.550582, 29.962732 ], [ -82.553228, 29.963018 ], [ -82.555313, 29.963975 ], [ -82.555578, 29.966659 ], [ -82.556709, 29.96876 ], [ -82.559172, 29.969657 ], [ -82.564302, 29.972242 ], [ -82.565926, 29.973447 ], [ -82.56928, 29.97498 ], [ -82.570044, 29.976977 ], [ -82.570013, 29.979402 ], [ -82.570954, 29.97916 ], [ -82.571157, 29.981244 ], [ -82.572401, 29.981624 ], [ -82.573709, 29.983983 ], [ -82.572996, 29.986744 ], [ -82.573836, 29.986914 ], [ -82.574424, 29.988916 ], [ -82.575991, 29.990857 ], [ -82.573553, 29.993206 ], [ -82.574065, 29.995632 ], [ -82.573535, 29.997661 ], [ -82.572151, 29.998706 ], [ -82.571718, 30.002677 ], [ -82.572351, 30.003973 ], [ -82.572243, 30.005954 ], [ -82.573488, 30.007456 ], [ -82.573116, 30.010651 ], [ -82.57158, 30.010706 ], [ -82.567542, 30.013457 ], [ -82.565501, 30.013545 ], [ -82.562606, 30.01613 ], [ -82.560029, 30.015817 ], [ -82.558271, 30.015668 ], [ -82.555023, 30.017163 ], [ -82.553284, 30.018775 ], [ -82.548911, 30.020166 ], [ -82.544961, 30.019995 ], [ -82.540144, 30.022211 ], [ -82.540549, 30.023685 ], [ -82.539657, 30.024367 ], [ -82.536566, 30.025323 ], [ -82.536629, 30.026313 ], [ -82.534689, 30.027781 ], [ -82.53501, 30.029607 ], [ -82.534315, 30.030558 ], [ -82.535218, 30.032412 ], [ -82.537184, 30.032721 ], [ -82.539497, 30.0348 ], [ -82.538832, 30.040157 ], [ -82.537966, 30.040767 ], [ -82.539078, 30.041526 ], [ -82.539116, 30.04426 ], [ -82.537383, 30.046624 ], [ -82.53711, 30.050315 ], [ -82.535624, 30.051343 ], [ -82.535415, 30.055061 ], [ -82.533262, 30.057352 ], [ -82.531468, 30.059977 ], [ -82.53186, 30.061247 ], [ -82.528337, 30.06392 ], [ -82.526085, 30.067345 ], [ -82.525137, 30.067879 ], [ -82.5221, 30.072272 ], [ -82.519582, 30.074686 ], [ -82.519019, 30.076011 ], [ -82.51721, 30.077116 ], [ -82.516615, 30.078106 ], [ -82.513509, 30.079359 ], [ -82.51194, 30.081069 ], [ -82.50879, 30.082349 ], [ -82.505355, 30.084141 ], [ -82.50342, 30.084541 ], [ -82.501996, 30.086339 ], [ -82.500598, 30.086927 ], [ -82.499039, 30.088822 ], [ -82.491729, 30.089755 ], [ -82.489945, 30.089706 ], [ -82.487909, 30.090769 ], [ -82.485145, 30.091342 ], [ -82.482205, 30.093466 ], [ -82.480422, 30.094209 ], [ -82.477342, 30.094452 ], [ -82.475982, 30.095063 ], [ -82.473423, 30.095322 ], [ -82.470537, 30.096786 ], [ -82.468172, 30.096968 ], [ -82.459311, 30.10158 ], [ -82.457174, 30.103472 ], [ -82.455985, 30.105584 ], [ -82.455322, 30.108349 ], [ -82.455398, 30.110619 ], [ -82.454538, 30.116047 ], [ -82.453723, 30.119728 ], [ -82.45258, 30.122069 ], [ -82.452518, 30.123887 ], [ -82.454494, 30.126116 ], [ -82.458257, 30.128989 ], [ -82.458364, 30.136449 ], [ -82.457507, 30.257226 ], [ -82.4576, 30.286652 ], [ -82.457887, 30.293058 ], [ -82.45789, 30.313812 ], [ -82.457684, 30.315513 ], [ -82.458316, 30.442757 ], [ -82.457073, 30.442757 ], [ -82.459484, 30.580782 ], [ -82.4597918, 30.5842869 ], [ -82.524899, 30.588189 ], [ -82.536233, 30.588885 ], [ -82.545055, 30.589361 ], [ -82.553159, 30.589934 ], [ -82.565476, 30.590622 ], [ -82.569237, 30.590965 ], [ -82.5840019, 30.5917958 ], [ -82.689271, 30.597719 ], [ -82.6895389, 30.5977337 ], [ -82.69174, 30.594616 ], [ -82.695429, 30.595133 ], [ -82.69652, 30.596047 ], [ -82.697343, 30.594443 ], [ -82.695978, 30.593037 ], [ -82.696227, 30.591521 ], [ -82.697763, 30.59111 ], [ -82.699295, 30.58931 ], [ -82.700921, 30.589404 ], [ -82.703832, 30.585964 ], [ -82.706656, 30.584318 ], [ -82.70657, 30.583667 ], [ -82.70429, 30.582857 ], [ -82.703569, 30.580919 ], [ -82.704299, 30.579769 ], [ -82.70489, 30.57671 ], [ -82.706724, 30.574274 ], [ -82.713633, 30.570765 ], [ -82.71703, 30.569648 ], [ -82.718273, 30.567593 ], [ -82.716934, 30.566816 ], [ -82.716163, 30.568306 ], [ -82.714943, 30.567566 ], [ -82.715496, 30.565949 ], [ -82.71692, 30.564366 ], [ -82.718996, 30.562962 ], [ -82.722618, 30.563562 ], [ -82.723943, 30.564888 ], [ -82.724604, 30.56347 ], [ -82.722899, 30.562326 ], [ -82.722798, 30.560773 ], [ -82.724561, 30.559448 ], [ -82.726583, 30.559486 ], [ -82.726908, 30.558267 ], [ -82.7262, 30.556675 ], [ -82.724405, 30.555835 ], [ -82.724171, 30.554061 ], [ -82.721606, 30.554373 ], [ -82.720785, 30.553713 ], [ -82.720634, 30.55182 ], [ -82.722892, 30.550313 ], [ -82.722544, 30.547948 ], [ -82.721631, 30.547009 ], [ -82.721255, 30.544868 ], [ -82.719372, 30.543548 ], [ -82.719262, 30.54166 ], [ -82.716601, 30.541306 ], [ -82.717075, 30.540017 ], [ -82.7156, 30.536957 ], [ -82.714528, 30.531842 ], [ -82.717339, 30.530614 ], [ -82.720614, 30.530142 ], [ -82.725386, 30.531169 ], [ -82.727628, 30.530548 ], [ -82.727457, 30.528114 ], [ -82.728622, 30.525707 ], [ -82.725478, 30.521686 ], [ -82.724265, 30.518029 ], [ -82.723031, 30.517367 ], [ -82.721878, 30.517922 ], [ -82.72019, 30.521304 ], [ -82.718396, 30.521023 ], [ -82.717983, 30.51983 ], [ -82.718349, 30.517628 ], [ -82.71614, 30.512505 ], [ -82.716525, 30.510607 ], [ -82.716466, 30.507378 ], [ -82.715014, 30.505468 ], [ -82.710344, 30.506669 ], [ -82.707554, 30.506204 ], [ -82.705974, 30.504152 ], [ -82.705839, 30.502378 ], [ -82.707511, 30.50061 ], [ -82.708334, 30.497751 ], [ -82.707013, 30.496141 ], [ -82.705156, 30.495105 ], [ -82.706068, 30.492392 ], [ -82.704197, 30.492088 ], [ -82.700888, 30.490119 ], [ -82.697957, 30.490333 ], [ -82.696663, 30.489418 ], [ -82.696703, 30.484602 ], [ -82.699187, 30.483568 ], [ -82.701118, 30.483865 ], [ -82.702427, 30.483283 ], [ -82.70158, 30.481615 ], [ -82.699653, 30.479917 ], [ -82.699802, 30.478998 ], [ -82.7018, 30.478538 ], [ -82.701802, 30.477713 ], [ -82.699064, 30.475376 ], [ -82.695047, 30.473643 ], [ -82.688407, 30.472015 ], [ -82.685785, 30.472011 ], [ -82.68201, 30.471052 ], [ -82.678035, 30.472201 ], [ -82.67733, 30.471935 ], [ -82.676736, 30.470362 ], [ -82.677365, 30.467686 ], [ -82.675818, 30.466239 ], [ -82.675934, 30.464738 ], [ -82.67763, 30.464956 ], [ -82.681, 30.464281 ], [ -82.680494, 30.461474 ], [ -82.677144, 30.458378 ], [ -82.672889, 30.455655 ], [ -82.67216, 30.454262 ], [ -82.67047, 30.453054 ], [ -82.668661, 30.453542 ], [ -82.66512, 30.453322 ], [ -82.663281, 30.452054 ], [ -82.662063, 30.449678 ], [ -82.662931, 30.448789 ], [ -82.666302, 30.45131 ], [ -82.668058, 30.449331 ], [ -82.667856, 30.44722 ], [ -82.669816, 30.447012 ], [ -82.670258, 30.448729 ], [ -82.671531, 30.449203 ], [ -82.672895, 30.448571 ], [ -82.671421, 30.445487 ], [ -82.670228, 30.444356 ], [ -82.666297, 30.442647 ], [ -82.662191, 30.439141 ], [ -82.661024, 30.438931 ], [ -82.659993, 30.441052 ], [ -82.659099, 30.440696 ], [ -82.658003, 30.437737 ], [ -82.65559, 30.43492 ], [ -82.655327, 30.433843 ], [ -82.656314, 30.4322 ], [ -82.654181, 30.430925 ], [ -82.652749, 30.42944 ], [ -82.6525, 30.428066 ], [ -82.654368, 30.426286 ], [ -82.653115, 30.425079 ], [ -82.653899, 30.422012 ], [ -82.64955, 30.418986 ], [ -82.649367, 30.417233 ], [ -82.651529, 30.415608 ], [ -82.650202, 30.411709 ], [ -82.649986, 30.410108 ], [ -82.648506, 30.408554 ], [ -82.645768, 30.407992 ], [ -82.645555, 30.406417 ], [ -82.646213, 30.404718 ], [ -82.647075, 30.400771 ], [ -82.646699, 30.397364 ], [ -82.647048, 30.395129 ], [ -82.649948, 30.391905 ], [ -82.653732, 30.391083 ], [ -82.657814, 30.391489 ], [ -82.65863, 30.389671 ], [ -82.658169, 30.385979 ], [ -82.658357, 30.384586 ], [ -82.659887, 30.381922 ], [ -82.664431, 30.380247 ], [ -82.665421, 30.379245 ], [ -82.665665, 30.377505 ], [ -82.665052, 30.374942 ], [ -82.662281, 30.370351 ], [ -82.665776, 30.366971 ], [ -82.67029, 30.365627 ], [ -82.672262, 30.365488 ], [ -82.674435, 30.364698 ], [ -82.675787, 30.363595 ], [ -82.675988, 30.362168 ], [ -82.681287, 30.358781 ], [ -82.682181, 30.357422 ], [ -82.683003, 30.354894 ], [ -82.683783, 30.354134 ], [ -82.686076, 30.354291 ], [ -82.686949, 30.353336 ], [ -82.684257, 30.347878 ], [ -82.683996, 30.346645 ], [ -82.681873, 30.344512 ], [ -82.681473, 30.342805 ], [ -82.683231, 30.34013 ], [ -82.684158, 30.337964 ], [ -82.688981, 30.335072 ], [ -82.689922, 30.333109 ], [ -82.693659, 30.332043 ], [ -82.697327, 30.333451 ], [ -82.700819, 30.333514 ], [ -82.703126, 30.332614 ], [ -82.710312, 30.328359 ], [ -82.7132, 30.325741 ], [ -82.715136, 30.322128 ], [ -82.71643, 30.321242 ], [ -82.717773, 30.321391 ], [ -82.721489, 30.324393 ], [ -82.724914, 30.328483 ], [ -82.724743, 30.329548 ], [ -82.72262, 30.331549 ], [ -82.722965, 30.333481 ], [ -82.723815, 30.33383 ], [ -82.724638, 30.333796 ], [ -82.730087, 30.331129 ], [ -82.734933, 30.329233 ], [ -82.73655, 30.328351 ], [ -82.738229, 30.326392 ], [ -82.73833, 30.326129 ], [ -82.738637, 30.325197 ], [ -82.739825, 30.321588 ], [ -82.740425, 30.320979 ], [ -82.744257, 30.319335 ], [ -82.74453, 30.317874 ], [ -82.745411, 30.317369 ], [ -82.746741, 30.317426 ], [ -82.748857, 30.318606 ], [ -82.749217, 30.319133 ], [ -82.750092, 30.319663 ], [ -82.753007, 30.319479 ], [ -82.760754, 30.324255 ], [ -82.761241, 30.32601 ], [ -82.759675, 30.327438 ], [ -82.760592, 30.329338 ], [ -82.763732, 30.330925 ], [ -82.765786, 30.329992 ], [ -82.766861, 30.328644 ], [ -82.77155, 30.325858 ], [ -82.777752, 30.323257 ], [ -82.77957, 30.324955 ], [ -82.784497, 30.32472 ], [ -82.788503, 30.324013 ], [ -82.78788, 30.326484 ], [ -82.789341, 30.327879 ], [ -82.791978, 30.326515 ], [ -82.793158, 30.327624 ], [ -82.79281, 30.329467 ], [ -82.79349, 30.333232 ], [ -82.792125, 30.335889 ], [ -82.794594, 30.337024 ], [ -82.79479, 30.32017 ], [ -82.794673, 30.318392 ], [ -82.794879, 30.285497 ], [ -82.79466, 30.28101 ], [ -82.79467, 30.27435 ], [ -82.794746, 30.241604 ], [ -82.794486, 30.238062 ], [ -82.794407, 30.226582 ], [ -82.79449, 30.22617 ], [ -82.794721, 30.203453 ], [ -82.794856, 30.161381 ], [ -82.7944, 30.15438 ], [ -82.79492, 30.14669 ], [ -82.79477, 30.1178 ], [ -82.794955, 30.117097 ], [ -82.794745, 30.116043 ], [ -82.794508, 30.104128 ], [ -82.794666, 30.103051 ], [ -82.79453, 30.07386 ], [ -82.794374, 30.057194 ], [ -82.793975, 29.986202 ], [ -82.768947, 29.98656 ], [ -82.76154, 29.98633 ], [ -82.760411, 29.986205 ], [ -82.760394, 29.982074 ], [ -82.758776, 29.980094 ], [ -82.759305, 29.977353 ], [ -82.758583, 29.975707 ], [ -82.760002, 29.972337 ], [ -82.760099, 29.969681 ], [ -82.761369, 29.968159 ], [ -82.761354, 29.965978 ], [ -82.762206, 29.964377 ], [ -82.767714, 29.962349 ], [ -82.770557, 29.960541 ], [ -82.772215, 29.9603 ], [ -82.773198, 29.959038 ], [ -82.773882, 29.959578 ], [ -82.779163, 29.958011 ], [ -82.780387, 29.956546 ], [ -82.783033, 29.954684 ], [ -82.785765, 29.954884 ], [ -82.785989, 29.952785 ], [ -82.788083, 29.951142 ], [ -82.788488, 29.948827 ], [ -82.789585, 29.948207 ], [ -82.789547, 29.946371 ], [ -82.791911, 29.944011 ], [ -82.791453, 29.942105 ], [ -82.795324, 29.940103 ], [ -82.796669, 29.937822 ], [ -82.798924, 29.935747 ], [ -82.798903, 29.933637 ], [ -82.800477, 29.932126 ] ] ] ] } },
{ "type": "Feature", "properties": { "STATEFP": "12", "COUNTYFP": "055", "COUNTYNS": "00295756", "GEOIDFQ": "0500000US12055", "GEOID": "12055", "NAME": "Highlands", "NAMELSAD": "Highlands County", "STUSPS": "FL", "STATE_NAME": "Florida", "LSAD": "06", "ALAND": 2635726557.0, "AWATER": 230667873.0, "STATE_NAME_HYPHEN": "Florida" }, "geometry": { "type": "MultiPolygon", "coordinates": [ [ [ [ -81.563957, 27.373233 ], [ -81.564062, 27.340641 ], [ -81.562976, 27.211973 ], [ -81.56313, 27.20965 ], [ -81.562613, 27.037969 ], [ -81.562503, 27.037436 ], [ -81.562624, 27.033835 ], [ -81.562531, 27.033687 ], [ -81.342661, 27.032319 ], [ -81.342552, 27.035153 ], [ -81.341801, 27.039726 ], [ -81.33301, 27.039621 ], [ -81.33301, 27.032367 ], [ -81.267216, 27.032474 ], [ -81.267335, 27.067374 ], [ -81.267677, 27.121097 ], [ -81.230228, 27.121198 ], [ -81.168281, 27.121734 ], [ -81.169138, 27.209585 ], [ -81.148543, 27.209768 ], [ -81.094503, 27.210207 ], [ -81.094506, 27.21013 ], [ -80.961824, 27.210771 ], [ -80.940676, 27.205939 ], [ -80.942477, 27.206994 ], [ -80.943609, 27.208855 ], [ -80.943445, 27.210603 ], [ -80.942104, 27.211369 ], [ -80.943597, 27.212575 ], [ -80.944091, 27.214042 ], [ -80.945259, 27.215082 ], [ -80.94606, 27.217247 ], [ -80.949392, 27.219866 ], [ -80.948255, 27.222338 ], [ -80.950257, 27.222314 ], [ -80.951346, 27.221081 ], [ -80.952557, 27.221579 ], [ -80.951048, 27.224228 ], [ -80.952765, 27.224175 ], [ -80.953507, 27.222767 ], [ -80.955613, 27.223346 ], [ -80.957457, 27.21906 ], [ -80.959426, 27.219157 ], [ -80.961169, 27.218316 ], [ -80.96411, 27.217795 ], [ -80.963959, 27.216799 ], [ -80.960716, 27.216156 ], [ -80.961255, 27.215196 ], [ -80.964714, 27.215866 ], [ -80.967488, 27.217042 ], [ -80.971144, 27.217787 ], [ -80.97325, 27.220411 ], [ -80.976002, 27.225143 ], [ -80.979434, 27.228346 ], [ -80.981778, 27.231552 ], [ -80.982847, 27.231881 ], [ -80.984126, 27.230883 ], [ -80.985279, 27.231644 ], [ -80.984838, 27.232934 ], [ -80.983078, 27.233433 ], [ -80.98255, 27.23566 ], [ -80.981653, 27.237302 ], [ -80.982539, 27.238892 ], [ -80.982692, 27.240717 ], [ -80.983481, 27.242087 ], [ -80.981616, 27.241376 ], [ -80.981337, 27.242113 ], [ -80.983446, 27.244821 ], [ -80.981722, 27.244894 ], [ -80.980731, 27.244243 ], [ -80.980612, 27.246411 ], [ -80.981927, 27.246899 ], [ -80.984006, 27.246813 ], [ -80.98629, 27.24863 ], [ -80.990894, 27.250165 ], [ -80.99262, 27.250311 ], [ -80.993833, 27.253575 ], [ -80.992614, 27.253535 ], [ -80.995568, 27.256947 ], [ -80.996944, 27.256181 ], [ -80.99713, 27.257585 ], [ -80.996553, 27.260412 ], [ -80.997495, 27.258669 ], [ -80.998256, 27.259028 ], [ -80.997473, 27.261259 ], [ -80.99863, 27.262919 ], [ -80.997174, 27.264224 ], [ -80.998871, 27.268153 ], [ -81.000634, 27.267602 ], [ -80.999677, 27.270671 ], [ -80.998393, 27.271594 ], [ -80.998703, 27.27413 ], [ -80.997848, 27.275732 ], [ -80.999319, 27.276525 ], [ -80.998083, 27.277217 ], [ -80.997691, 27.278613 ], [ -80.998769, 27.278002 ], [ -80.998691, 27.281189 ], [ -80.996948, 27.281303 ], [ -80.997719, 27.283982 ], [ -80.998539, 27.284124 ], [ -80.998167, 27.285554 ], [ -80.996967, 27.286356 ], [ -80.997366, 27.290046 ], [ -80.998491, 27.291196 ], [ -80.99723, 27.293523 ], [ -80.994402, 27.296415 ], [ -80.994624, 27.297351 ], [ -80.996397, 27.29696 ], [ -80.997768, 27.295148 ], [ -80.999867, 27.296037 ], [ -81.00003, 27.297963 ], [ -81.003075, 27.298379 ], [ -81.004097, 27.299943 ], [ -81.004102, 27.302012 ], [ -81.005034, 27.302725 ], [ -81.006716, 27.302789 ], [ -81.007276, 27.301225 ], [ -81.009917, 27.300878 ], [ -81.010584, 27.30011 ], [ -81.011727, 27.301255 ], [ -81.013397, 27.299492 ], [ -81.011244, 27.299947 ], [ -81.012912, 27.299031 ], [ -81.012621, 27.297539 ], [ -81.013306, 27.297313 ], [ -81.01623, 27.301896 ], [ -81.015912, 27.300227 ], [ -81.01704, 27.300172 ], [ -81.019974, 27.302997 ], [ -81.020885, 27.302674 ], [ -81.020702, 27.30072 ], [ -81.021463, 27.300366 ], [ -81.02243, 27.301419 ], [ -81.024673, 27.301807 ], [ -81.026051, 27.302736 ], [ -81.02879, 27.305794 ], [ -81.029273, 27.309102 ], [ -81.028072, 27.308983 ], [ -81.028187, 27.307416 ], [ -81.026585, 27.308303 ], [ -81.027094, 27.310225 ], [ -81.027216, 27.31376 ], [ -81.027916, 27.313991 ], [ -81.02853, 27.311871 ], [ -81.030347, 27.316011 ], [ -81.03041, 27.318154 ], [ -81.032172, 27.318529 ], [ -81.032962, 27.319698 ], [ -81.032896, 27.321865 ], [ -81.031474, 27.32226 ], [ -81.030571, 27.321127 ], [ -81.029701, 27.322557 ], [ -81.029998, 27.323578 ], [ -81.033539, 27.326793 ], [ -81.034822, 27.326941 ], [ -81.035381, 27.327939 ], [ -81.037565, 27.328086 ], [ -81.037736, 27.329841 ], [ -81.038674, 27.329771 ], [ -81.039037, 27.328357 ], [ -81.040175, 27.330549 ], [ -81.042218, 27.32823 ], [ -81.043573, 27.328663 ], [ -81.044109, 27.329673 ], [ -81.044005, 27.332202 ], [ -81.045374, 27.336399 ], [ -81.046118, 27.337547 ], [ -81.045661, 27.340666 ], [ -81.045274, 27.341358 ], [ -81.041837, 27.343627 ], [ -81.041559, 27.344803 ], [ -81.042588, 27.346535 ], [ -81.042067, 27.347631 ], [ -81.039429, 27.346975 ], [ -81.036071, 27.348212 ], [ -81.035177, 27.350394 ], [ -81.034125, 27.350085 ], [ -81.033308, 27.348809 ], [ -81.033859, 27.347612 ], [ -81.036367, 27.346587 ], [ -81.036238, 27.345684 ], [ -81.03493, 27.34545 ], [ -81.034157, 27.345849 ], [ -81.032748, 27.347614 ], [ -81.032327, 27.348709 ], [ -81.030733, 27.35152 ], [ -81.030862, 27.352621 ], [ -81.031574, 27.353638 ], [ -81.034338, 27.354014 ], [ -81.035158, 27.355098 ], [ -81.034584, 27.356061 ], [ -81.033352, 27.355824 ], [ -81.033524, 27.357013 ], [ -81.035114, 27.357828 ], [ -81.034393, 27.359 ], [ -81.035095, 27.359622 ], [ -81.036994, 27.359716 ], [ -81.036796, 27.359111 ], [ -81.037906, 27.359332 ], [ -81.039107, 27.360056 ], [ -81.040053, 27.359619 ], [ -81.040731, 27.360066 ], [ -81.039847, 27.360811 ], [ -81.03977, 27.361677 ], [ -81.040521, 27.362547 ], [ -81.043516, 27.363243 ], [ -81.045203, 27.363175 ], [ -81.049422, 27.362618 ], [ -81.051145, 27.363018 ], [ -81.051298, 27.364732 ], [ -81.052774, 27.365137 ], [ -81.05256, 27.365726 ], [ -81.051189, 27.365995 ], [ -81.051628, 27.367027 ], [ -81.049823, 27.369352 ], [ -81.050021, 27.370659 ], [ -81.051067, 27.370795 ], [ -81.052884, 27.372292 ], [ -81.055356, 27.3724 ], [ -81.055907, 27.373118 ], [ -81.05876, 27.373025 ], [ -81.059217, 27.37415 ], [ -81.059927, 27.374659 ], [ -81.060928, 27.37374 ], [ -81.061466, 27.375196 ], [ -81.061384, 27.376419 ], [ -81.062494, 27.378209 ], [ -81.063569, 27.37937 ], [ -81.063323, 27.380329 ], [ -81.065775, 27.380448 ], [ -81.068402, 27.382346 ], [ -81.07049, 27.382177 ], [ -81.072363, 27.383423 ], [ -81.073393, 27.382678 ], [ -81.076934, 27.383966 ], [ -81.078188, 27.383352 ], [ -81.07965, 27.384327 ], [ -81.080874, 27.384254 ], [ -81.080771, 27.385731 ], [ -81.081598, 27.38559 ], [ -81.081875, 27.384936 ], [ -81.08372, 27.384549 ], [ -81.08529, 27.383946 ], [ -81.087086, 27.383814 ], [ -81.088112, 27.382367 ], [ -81.089168, 27.382213 ], [ -81.090693, 27.383842 ], [ -81.09116, 27.383037 ], [ -81.092096, 27.382809 ], [ -81.092793, 27.383408 ], [ -81.093186, 27.382924 ], [ -81.092362, 27.382168 ], [ -81.092797, 27.381651 ], [ -81.094653, 27.381438 ], [ -81.096338, 27.380112 ], [ -81.097772, 27.37982 ], [ -81.098335, 27.379079 ], [ -81.100064, 27.380486 ], [ -81.100028, 27.381198 ], [ -81.101919, 27.383331 ], [ -81.105825, 27.383077 ], [ -81.107462, 27.383752 ], [ -81.109819, 27.384326 ], [ -81.111321, 27.384317 ], [ -81.113462, 27.384813 ], [ -81.113808, 27.385775 ], [ -81.115361, 27.386648 ], [ -81.115053, 27.387528 ], [ -81.116808, 27.387897 ], [ -81.11737, 27.389157 ], [ -81.116603, 27.38988 ], [ -81.118178, 27.390191 ], [ -81.119049, 27.389699 ], [ -81.121296, 27.389808 ], [ -81.121415, 27.390533 ], [ -81.120621, 27.391137 ], [ -81.122214, 27.391463 ], [ -81.125235, 27.393602 ], [ -81.125367, 27.394457 ], [ -81.124839, 27.395843 ], [ -81.124109, 27.396222 ], [ -81.125503, 27.398053 ], [ -81.125522, 27.399559 ], [ -81.12674, 27.401356 ], [ -81.125866, 27.401233 ], [ -81.123491, 27.402517 ], [ -81.123217, 27.402944 ], [ -81.124059, 27.402381 ], [ -81.124834, 27.402796 ], [ -81.125073, 27.403634 ], [ -81.12727, 27.403943 ], [ -81.130198, 27.40572 ], [ -81.128681, 27.407295 ], [ -81.1301, 27.407261 ], [ -81.131013, 27.407319 ], [ -81.132049, 27.40851 ], [ -81.132524, 27.408076 ], [ -81.132743, 27.406168 ], [ -81.133681, 27.407347 ], [ -81.133187, 27.408341 ], [ -81.133751, 27.408985 ], [ -81.134595, 27.408634 ], [ -81.135061, 27.407756 ], [ -81.13679, 27.408593 ], [ -81.13661, 27.410559 ], [ -81.137556, 27.410002 ], [ -81.138284, 27.408459 ], [ -81.139563, 27.410152 ], [ -81.138313, 27.410886 ], [ -81.13861, 27.411807 ], [ -81.141146, 27.412189 ], [ -81.143814, 27.41195 ], [ -81.143719, 27.413075 ], [ -81.142274, 27.41249 ], [ -81.141865, 27.413192 ], [ -81.142362, 27.414426 ], [ -81.143745, 27.415815 ], [ -81.143357, 27.416711 ], [ -81.142071, 27.416679 ], [ -81.14196, 27.418064 ], [ -81.140876, 27.421154 ], [ -81.141364, 27.422856 ], [ -81.140574, 27.423963 ], [ -81.138901, 27.423793 ], [ -81.139191, 27.424959 ], [ -81.14046, 27.425001 ], [ -81.139977, 27.428098 ], [ -81.141069, 27.428668 ], [ -81.14044, 27.429715 ], [ -81.140409, 27.430546 ], [ -81.139729, 27.431848 ], [ -81.139054, 27.434007 ], [ -81.140209, 27.434257 ], [ -81.139662, 27.435157 ], [ -81.140963, 27.435995 ], [ -81.140764, 27.437508 ], [ -81.141436, 27.438471 ], [ -81.141596, 27.439738 ], [ -81.143159, 27.440906 ], [ -81.143572, 27.441735 ], [ -81.143529, 27.443135 ], [ -81.144956, 27.443585 ], [ -81.144872, 27.445007 ], [ -81.146576, 27.445928 ], [ -81.147181, 27.447203 ], [ -81.147867, 27.446204 ], [ -81.148744, 27.447295 ], [ -81.150046, 27.445759 ], [ -81.151347, 27.447232 ], [ -81.150867, 27.448655 ], [ -81.151338, 27.449272 ], [ -81.152458, 27.448671 ], [ -81.153652, 27.450516 ], [ -81.153975, 27.451627 ], [ -81.153471, 27.452015 ], [ -81.151749, 27.451984 ], [ -81.154557, 27.454118 ], [ -81.156293, 27.453992 ], [ -81.157412, 27.454785 ], [ -81.158443, 27.454463 ], [ -81.158508, 27.453651 ], [ -81.159589, 27.454039 ], [ -81.158547, 27.4555 ], [ -81.159878, 27.457284 ], [ -81.160537, 27.456918 ], [ -81.159867, 27.45643 ], [ -81.160113, 27.455855 ], [ -81.16107, 27.45604 ], [ -81.163564, 27.457364 ], [ -81.164918, 27.456906 ], [ -81.166613, 27.458762 ], [ -81.167107, 27.460211 ], [ -81.16785, 27.459447 ], [ -81.168838, 27.459521 ], [ -81.170937, 27.461447 ], [ -81.171497, 27.46247 ], [ -81.172643, 27.462948 ], [ -81.172934, 27.463583 ], [ -81.171441, 27.463967 ], [ -81.171919, 27.465703 ], [ -81.171727, 27.466475 ], [ -81.170711, 27.467005 ], [ -81.170888, 27.467658 ], [ -81.172179, 27.467817 ], [ -81.172369, 27.469288 ], [ -81.173484, 27.470541 ], [ -81.173207, 27.471299 ], [ -81.174174, 27.471493 ], [ -81.176243, 27.472995 ], [ -81.176491, 27.473937 ], [ -81.177506, 27.474904 ], [ -81.177365, 27.477833 ], [ -81.180619, 27.480876 ], [ -81.181471, 27.480956 ], [ -81.180901, 27.482293 ], [ -81.182232, 27.482798 ], [ -81.182505, 27.483673 ], [ -81.183552, 27.483787 ], [ -81.183972, 27.482389 ], [ -81.184995, 27.482706 ], [ -81.186078, 27.481835 ], [ -81.187787, 27.482585 ], [ -81.189243, 27.482601 ], [ -81.190783, 27.484147 ], [ -81.191166, 27.485086 ], [ -81.192511, 27.485204 ], [ -81.192903, 27.486232 ], [ -81.19374, 27.486066 ], [ -81.19427, 27.485054 ], [ -81.194869, 27.485703 ], [ -81.197372, 27.48634 ], [ -81.199224, 27.486277 ], [ -81.199934, 27.48695 ], [ -81.199751, 27.487803 ], [ -81.20025, 27.48861 ], [ -81.201479, 27.489454 ], [ -81.203626, 27.489011 ], [ -81.205096, 27.489702 ], [ -81.205635, 27.491824 ], [ -81.205424, 27.492595 ], [ -81.204519, 27.493167 ], [ -81.203856, 27.496974 ], [ -81.204304, 27.49851 ], [ -81.204077, 27.499186 ], [ -81.2033, 27.499238 ], [ -81.202, 27.498672 ], [ -81.20223, 27.499987 ], [ -81.201554, 27.500699 ], [ -81.200399, 27.500179 ], [ -81.200268, 27.501071 ], [ -81.202081, 27.502841 ], [ -81.202481, 27.503928 ], [ -81.201257, 27.505621 ], [ -81.200589, 27.507964 ], [ -81.202228, 27.507439 ], [ -81.201505, 27.509263 ], [ -81.200218, 27.509822 ], [ -81.199052, 27.509572 ], [ -81.198459, 27.510376 ], [ -81.199688, 27.511302 ], [ -81.200011, 27.512234 ], [ -81.199437, 27.515046 ], [ -81.200476, 27.516003 ], [ -81.201428, 27.515539 ], [ -81.201732, 27.514807 ], [ -81.201449, 27.51329 ], [ -81.2027, 27.513816 ], [ -81.202809, 27.515536 ], [ -81.204384, 27.514984 ], [ -81.205548, 27.51644 ], [ -81.207719, 27.51789 ], [ -81.206422, 27.518895 ], [ -81.206384, 27.519657 ], [ -81.20903, 27.520789 ], [ -81.210578, 27.522349 ], [ -81.212073, 27.52457 ], [ -81.210836, 27.524945 ], [ -81.210432, 27.525686 ], [ -81.210409, 27.527267 ], [ -81.210853, 27.528291 ], [ -81.211997, 27.528505 ], [ -81.213133, 27.528151 ], [ -81.214284, 27.528709 ], [ -81.213926, 27.529471 ], [ -81.212702, 27.52968 ], [ -81.212086, 27.530387 ], [ -81.212436, 27.531168 ], [ -81.211138, 27.531245 ], [ -81.210107, 27.530611 ], [ -81.208356, 27.529907 ], [ -81.208039, 27.530524 ], [ -81.208839, 27.532599 ], [ -81.208096, 27.53323 ], [ -81.208046, 27.534285 ], [ -81.209535, 27.53488 ], [ -81.209241, 27.535482 ], [ -81.208254, 27.535827 ], [ -81.206582, 27.536942 ], [ -81.204918, 27.537502 ], [ -81.202471, 27.539396 ], [ -81.20249, 27.540071 ], [ -81.203914, 27.540821 ], [ -81.204252, 27.542107 ], [ -81.205385, 27.542973 ], [ -81.204573, 27.544545 ], [ -81.205848, 27.546084 ], [ -81.205979, 27.547344 ], [ -81.204093, 27.547575 ], [ -81.202648, 27.546484 ], [ -81.200148, 27.546141 ], [ -81.19868, 27.546964 ], [ -81.197904, 27.548638 ], [ -81.19495, 27.550789 ], [ -81.195022, 27.551799 ], [ -81.193272, 27.553238 ], [ -81.192704, 27.552371 ], [ -81.190449, 27.553294 ], [ -81.190317, 27.554743 ], [ -81.191592, 27.554693 ], [ -81.190015, 27.555678 ], [ -81.190626, 27.556664 ], [ -81.188876, 27.557055 ], [ -81.185094, 27.558937 ], [ -81.18453, 27.557946 ], [ -81.18262, 27.557519 ], [ -81.180494, 27.558104 ], [ -81.177958, 27.557707 ], [ -81.176786, 27.558363 ], [ -81.178068, 27.558885 ], [ -81.176895, 27.559658 ], [ -81.175854, 27.559386 ], [ -81.174872, 27.564317 ], [ -81.173097, 27.565193 ], [ -81.170676, 27.565556 ], [ -81.171167, 27.567814 ], [ -81.170178, 27.568152 ], [ -81.169103, 27.570114 ], [ -81.168352, 27.570471 ], [ -81.168248, 27.57302 ], [ -81.165731, 27.574865 ], [ -81.164128, 27.572856 ], [ -81.163371, 27.574171 ], [ -81.160169, 27.574694 ], [ -81.159214, 27.574053 ], [ -81.160837, 27.573674 ], [ -81.161592, 27.571665 ], [ -81.160684, 27.570921 ], [ -81.160384, 27.572401 ], [ -81.156551, 27.574975 ], [ -81.157423, 27.57519 ], [ -81.158559, 27.57851 ], [ -81.157752, 27.583516 ], [ -81.155454, 27.585852 ], [ -81.15475, 27.587499 ], [ -81.155372, 27.590991 ], [ -81.155146, 27.591824 ], [ -81.153911, 27.592028 ], [ -81.153851, 27.593195 ], [ -81.14998, 27.594582 ], [ -81.149627, 27.596578 ], [ -81.148923, 27.597068 ], [ -81.143784, 27.59723 ], [ -81.142441, 27.5982 ], [ -81.14289, 27.599795 ], [ -81.140907, 27.600215 ], [ -81.140472, 27.601302 ], [ -81.141317, 27.603868 ], [ -81.140109, 27.604799 ], [ -81.141823, 27.606883 ], [ -81.140601, 27.607981 ], [ -81.143071, 27.612653 ], [ -81.14262, 27.613488 ], [ -81.143354, 27.614885 ], [ -81.144604, 27.615236 ], [ -81.144732, 27.616986 ], [ -81.143176, 27.618105 ], [ -81.143733, 27.620231 ], [ -81.142575, 27.620925 ], [ -81.142151, 27.625004 ], [ -81.141332, 27.625929 ], [ -81.141869, 27.627135 ], [ -81.141021, 27.628443 ], [ -81.14203, 27.62824 ], [ -81.142856, 27.629147 ], [ -81.142932, 27.630827 ], [ -81.141532, 27.633271 ], [ -81.142515, 27.636558 ], [ -81.143803, 27.63646 ], [ -81.144239, 27.639134 ], [ -81.141976, 27.63935 ], [ -81.142777, 27.640598 ], [ -81.14095, 27.642499 ], [ -81.142556, 27.64212 ], [ -81.142164, 27.643238 ], [ -81.361576, 27.646492 ], [ -81.403478, 27.646631 ], [ -81.47747, 27.646632 ], [ -81.5299, 27.646422 ], [ -81.543536, 27.646522 ], [ -81.555689, 27.646592 ], [ -81.563533, 27.646645 ], [ -81.563463, 27.613923 ], [ -81.56357, 27.591571 ], [ -81.563483, 27.588902 ], [ -81.56369, 27.559217 ], [ -81.563721, 27.493984 ], [ -81.563733, 27.485464 ], [ -81.563885, 27.434176 ], [ -81.56379, 27.414913 ], [ -81.564086, 27.373302 ], [ -81.563957, 27.373233 ] ] ] ] } },
{ "type": "Feature", "properties": { "STATEFP": "12", "COUNTYFP": "097", "COUNTYNS": "00295748", "GEOIDFQ": "0500000US12097", "GEOID": "12097", "NAME": "Osceola", "NAMELSAD": "Osceola County", "STUSPS": "FL", "STATE_NAME": "Florida", "LSAD": "06", "ALAND": 3438317678.0, "AWATER": 462146368.0, "STATE_NAME_HYPHEN": "Florida" }, "geometry": { "type": "MultiPolygon", "coordinates": [ [ [ [ -81.65694, 28.327521 ], [ -81.657262, 28.321181 ], [ -81.657226, 28.303027 ], [ -81.657, 28.288407 ], [ -81.657189, 28.259217 ], [ -81.640236, 28.259282 ], [ -81.623255, 28.259321 ], [ -81.614226, 28.259429 ], [ -81.613553, 28.25946 ], [ -81.590572, 28.259417 ], [ -81.580255, 28.259468 ], [ -81.558134, 28.259362 ], [ -81.557459, 28.259362 ], [ -81.554739, 28.254354 ], [ -81.551345, 28.249045 ], [ -81.539507, 28.228202 ], [ -81.524083, 28.201012 ], [ -81.524227, 28.142805 ], [ -81.51732, 28.142787 ], [ -81.501483, 28.14275 ], [ -81.500866, 28.142752 ], [ -81.473281, 28.142757 ], [ -81.47009, 28.143281 ], [ -81.460761, 28.143111 ], [ -81.456214, 28.143163 ], [ -81.456143, 28.125043 ], [ -81.455967, 28.111809 ], [ -81.455753, 28.092523 ], [ -81.455758, 28.08489 ], [ -81.444956, 28.085241 ], [ -81.424802, 28.085203 ], [ -81.375467, 28.0851 ], [ -81.374793, 28.085106 ], [ -81.346418, 28.084696 ], [ -81.347842, 28.083867 ], [ -81.348673, 28.081506 ], [ -81.347258, 28.080306 ], [ -81.347186, 28.076295 ], [ -81.346586, 28.075255 ], [ -81.346474, 28.073142 ], [ -81.346336, 28.069669 ], [ -81.348792, 28.067737 ], [ -81.350306, 28.06854 ], [ -81.353213, 28.067685 ], [ -81.353494, 28.067061 ], [ -81.360419, 28.068388 ], [ -81.362442, 28.070006 ], [ -81.365009, 28.068222 ], [ -81.365716, 28.066114 ], [ -81.365101, 28.06487 ], [ -81.366273, 28.063632 ], [ -81.366811, 28.061667 ], [ -81.365558, 28.060782 ], [ -81.365414, 28.059576 ], [ -81.364316, 28.058251 ], [ -81.364061, 28.056908 ], [ -81.365133, 28.055191 ], [ -81.364152, 28.052935 ], [ -81.364356, 28.051581 ], [ -81.363803, 28.049485 ], [ -81.364465, 28.046876 ], [ -81.361865, 28.043718 ], [ -81.362944, 28.042221 ], [ -81.362583, 28.040482 ], [ -81.363364, 28.03997 ], [ -81.363723, 28.037763 ], [ -81.364858, 28.037752 ], [ -81.367369, 28.036326 ], [ -81.367455, 28.034554 ], [ -81.368645, 28.034361 ], [ -81.372421, 28.031855 ], [ -81.375558, 28.029709 ], [ -81.375937, 28.028592 ], [ -81.375157, 28.026875 ], [ -81.376107, 28.024718 ], [ -81.37901, 28.022034 ], [ -81.379216, 28.021159 ], [ -81.377872, 28.017389 ], [ -81.376478, 28.015847 ], [ -81.377607, 28.013443 ], [ -81.378507, 28.013356 ], [ -81.378718, 28.011743 ], [ -81.381545, 28.013049 ], [ -81.382476, 28.012361 ], [ -81.385691, 28.017227 ], [ -81.387403, 28.017618 ], [ -81.390819, 28.019667 ], [ -81.392052, 28.019601 ], [ -81.392535, 28.021263 ], [ -81.392714, 28.024339 ], [ -81.393495, 28.02478 ], [ -81.393971, 28.028027 ], [ -81.397239, 28.029354 ], [ -81.399801, 28.028925 ], [ -81.402678, 28.029284 ], [ -81.405847, 28.028965 ], [ -81.407651, 28.029692 ], [ -81.410045, 28.031976 ], [ -81.410826, 28.033605 ], [ -81.414652, 28.036539 ], [ -81.417858, 28.03802 ], [ -81.423161, 28.038587 ], [ -81.423985, 28.040431 ], [ -81.425697, 28.039319 ], [ -81.428042, 28.039347 ], [ -81.428327, 28.040602 ], [ -81.427632, 28.041339 ], [ -81.429697, 28.042528 ], [ -81.430932, 28.042005 ], [ -81.432532, 28.04326 ], [ -81.43402, 28.045929 ], [ -81.434591, 28.050001 ], [ -81.435408, 28.052949 ], [ -81.438468, 28.056995 ], [ -81.440701, 28.058569 ], [ -81.443362, 28.059185 ], [ -81.450626, 28.056664 ], [ -81.453895, 28.057555 ], [ -81.455712, 28.056614 ], [ -81.457449, 28.055084 ], [ -81.458633, 28.052536 ], [ -81.458248, 28.051733 ], [ -81.459204, 28.052063 ], [ -81.45965, 28.051694 ], [ -81.45854, 28.051287 ], [ -81.459966, 28.04717 ], [ -81.45981, 28.044958 ], [ -81.458488, 28.041827 ], [ -81.458814, 28.040069 ], [ -81.455889, 28.038922 ], [ -81.450896, 28.033833 ], [ -81.44834, 28.032303 ], [ -81.445085, 28.033211 ], [ -81.442573, 28.033195 ], [ -81.440297, 28.033872 ], [ -81.43709, 28.030653 ], [ -81.435528, 28.026691 ], [ -81.432452, 28.022382 ], [ -81.429203, 28.020978 ], [ -81.428564, 28.018783 ], [ -81.428093, 28.02154 ], [ -81.426785, 28.017055 ], [ -81.424888, 28.013874 ], [ -81.424547, 28.012476 ], [ -81.424224, 28.010743 ], [ -81.422259, 28.007358 ], [ -81.421683, 28.004722 ], [ -81.419978, 28.001794 ], [ -81.415603, 27.998172 ], [ -81.413811, 27.999542 ], [ -81.414634, 28.000324 ], [ -81.4135, 28.000825 ], [ -81.408862, 28.001033 ], [ -81.403697, 28.002782 ], [ -81.402209, 28.002479 ], [ -81.398167, 28.003006 ], [ -81.392511, 28.004562 ], [ -81.386988, 28.003619 ], [ -81.386058, 28.001626 ], [ -81.385769, 27.99938 ], [ -81.384833, 27.999628 ], [ -81.383439, 27.997151 ], [ -81.382726, 27.997789 ], [ -81.378453, 27.988509 ], [ -81.380542, 27.988345 ], [ -81.381845, 27.985985 ], [ -81.381022, 27.983393 ], [ -81.379255, 27.982968 ], [ -81.377023, 27.983902 ], [ -81.376505, 27.978251 ], [ -81.375006, 27.97819 ], [ -81.373044, 27.977048 ], [ -81.370596, 27.977927 ], [ -81.369145, 27.976137 ], [ -81.368688, 27.973809 ], [ -81.365148, 27.972895 ], [ -81.349831, 27.963758 ], [ -81.347961, 27.960669 ], [ -81.348456, 27.95547 ], [ -81.34899, 27.953325 ], [ -81.34713, 27.953403 ], [ -81.346052, 27.952583 ], [ -81.343629, 27.952264 ], [ -81.342836, 27.953002 ], [ -81.340517, 27.950917 ], [ -81.337499, 27.950697 ], [ -81.33665, 27.94958 ], [ -81.336655, 27.945343 ], [ -81.33847, 27.939983 ], [ -81.338398, 27.939197 ], [ -81.338983, 27.939949 ], [ -81.343484, 27.941351 ], [ -81.345873, 27.941451 ], [ -81.347566, 27.938929 ], [ -81.347094, 27.937279 ], [ -81.34546, 27.935677 ], [ -81.34376, 27.93597 ], [ -81.342117, 27.933318 ], [ -81.338664, 27.931336 ], [ -81.33827, 27.933407 ], [ -81.333356, 27.930403 ], [ -81.328095, 27.928824 ], [ -81.319055, 27.92538 ], [ -81.317816, 27.924263 ], [ -81.317072, 27.92467 ], [ -81.317649, 27.926723 ], [ -81.318844, 27.928131 ], [ -81.31618, 27.928572 ], [ -81.314377, 27.925793 ], [ -81.312357, 27.925292 ], [ -81.308553, 27.921578 ], [ -81.308721, 27.917412 ], [ -81.309173, 27.915304 ], [ -81.312388, 27.909906 ], [ -81.312599, 27.908167 ], [ -81.313931, 27.904738 ], [ -81.31481, 27.903836 ], [ -81.314909, 27.901244 ], [ -81.314129, 27.898057 ], [ -81.31198, 27.894326 ], [ -81.308096, 27.889715 ], [ -81.306108, 27.886176 ], [ -81.304616, 27.881251 ], [ -81.304548, 27.879853 ], [ -81.305914, 27.877523 ], [ -81.305515, 27.875002 ], [ -81.303379, 27.870385 ], [ -81.297707, 27.863489 ], [ -81.297385, 27.862311 ], [ -81.298915, 27.862493 ], [ -81.300729, 27.86492 ], [ -81.302227, 27.863858 ], [ -81.301608, 27.861943 ], [ -81.300946, 27.862185 ], [ -81.297943, 27.860881 ], [ -81.297113, 27.859582 ], [ -81.292049, 27.857628 ], [ -81.289646, 27.857297 ], [ -81.281324, 27.857472 ], [ -81.281523, 27.855793 ], [ -81.28018, 27.854258 ], [ -81.279097, 27.852001 ], [ -81.276119, 27.85052 ], [ -81.272943, 27.850238 ], [ -81.266585, 27.848409 ], [ -81.265211, 27.847594 ], [ -81.26081, 27.846955 ], [ -81.258481, 27.848175 ], [ -81.259107, 27.845985 ], [ -81.255714, 27.847453 ], [ -81.254172, 27.848829 ], [ -81.250482, 27.848854 ], [ -81.251238, 27.846929 ], [ -81.251419, 27.844557 ], [ -81.250664, 27.843671 ], [ -81.248805, 27.844942 ], [ -81.247692, 27.847837 ], [ -81.246473, 27.848789 ], [ -81.24171, 27.84566 ], [ -81.241321, 27.847179 ], [ -81.238064, 27.845755 ], [ -81.234789, 27.84365 ], [ -81.23334, 27.843701 ], [ -81.229516, 27.841832 ], [ -81.223561, 27.836212 ], [ -81.220815, 27.834929 ], [ -81.215292, 27.829731 ], [ -81.214409, 27.82855 ], [ -81.215591, 27.826847 ], [ -81.213077, 27.823353 ], [ -81.208124, 27.821125 ], [ -81.210039, 27.819228 ], [ -81.209244, 27.817597 ], [ -81.209934, 27.81724 ], [ -81.206711, 27.812342 ], [ -81.20491, 27.810152 ], [ -81.204025, 27.810521 ], [ -81.203821, 27.808837 ], [ -81.201787, 27.804956 ], [ -81.200693, 27.803653 ], [ -81.200089, 27.796957 ], [ -81.198838, 27.797451 ], [ -81.19749, 27.794985 ], [ -81.197166, 27.792424 ], [ -81.196307, 27.790769 ], [ -81.194309, 27.789815 ], [ -81.191984, 27.786872 ], [ -81.18956, 27.785319 ], [ -81.189443, 27.782275 ], [ -81.185981, 27.779038 ], [ -81.185705, 27.778183 ], [ -81.18771, 27.775453 ], [ -81.186414, 27.773864 ], [ -81.184675, 27.772934 ], [ -81.182519, 27.774478 ], [ -81.180788, 27.773735 ], [ -81.180814, 27.769882 ], [ -81.178202, 27.770528 ], [ -81.179119, 27.765815 ], [ -81.175037, 27.764412 ], [ -81.174222, 27.762177 ], [ -81.172899, 27.760487 ], [ -81.173731, 27.758634 ], [ -81.174311, 27.759403 ], [ -81.17801, 27.758929 ], [ -81.17899, 27.755895 ], [ -81.1785, 27.751936 ], [ -81.177281, 27.751505 ], [ -81.175418, 27.749266 ], [ -81.175979, 27.748523 ], [ -81.174487, 27.745557 ], [ -81.17287, 27.747439 ], [ -81.170562, 27.745422 ], [ -81.170648, 27.743837 ], [ -81.171775, 27.743152 ], [ -81.167935, 27.742227 ], [ -81.166445, 27.743027 ], [ -81.165015, 27.742184 ], [ -81.164932, 27.738685 ], [ -81.164409, 27.736036 ], [ -81.165059, 27.734464 ], [ -81.166615, 27.734716 ], [ -81.166738, 27.733355 ], [ -81.168628, 27.732226 ], [ -81.168222, 27.729596 ], [ -81.166961, 27.728911 ], [ -81.168169, 27.728334 ], [ -81.168735, 27.725993 ], [ -81.167044, 27.724434 ], [ -81.166878, 27.723101 ], [ -81.165478, 27.724239 ], [ -81.162388, 27.724286 ], [ -81.160759, 27.723789 ], [ -81.159969, 27.719263 ], [ -81.15904, 27.718452 ], [ -81.156764, 27.71883 ], [ -81.1526, 27.718285 ], [ -81.152113, 27.716363 ], [ -81.150491, 27.717381 ], [ -81.150677, 27.715732 ], [ -81.148907, 27.712763 ], [ -81.145768, 27.710175 ], [ -81.146785, 27.709073 ], [ -81.145899, 27.706468 ], [ -81.147643, 27.705476 ], [ -81.147609, 27.704109 ], [ -81.149251, 27.703146 ], [ -81.147988, 27.699195 ], [ -81.150233, 27.699808 ], [ -81.148588, 27.698168 ], [ -81.147306, 27.695807 ], [ -81.149001, 27.692032 ], [ -81.147171, 27.691508 ], [ -81.146679, 27.690475 ], [ -81.147674, 27.688993 ], [ -81.146222, 27.686512 ], [ -81.144905, 27.682201 ], [ -81.146654, 27.681697 ], [ -81.144652, 27.679471 ], [ -81.145417, 27.677447 ], [ -81.144295, 27.676448 ], [ -81.145069, 27.674683 ], [ -81.144094, 27.669275 ], [ -81.142959, 27.670946 ], [ -81.141951, 27.67028 ], [ -81.141927, 27.668833 ], [ -81.140322, 27.667598 ], [ -81.137605, 27.66422 ], [ -81.135144, 27.66318 ], [ -81.134089, 27.662065 ], [ -81.131842, 27.661509 ], [ -81.131044, 27.659307 ], [ -81.131985, 27.653757 ], [ -81.13121, 27.651386 ], [ -81.131495, 27.6494 ], [ -81.132469, 27.647468 ], [ -81.133899, 27.649119 ], [ -81.134647, 27.647575 ], [ -81.133765, 27.647232 ], [ -81.136808, 27.644311 ], [ -81.138201, 27.644395 ], [ -81.137258, 27.6453 ], [ -81.137311, 27.647038 ], [ -81.14005, 27.646666 ], [ -81.142164, 27.643238 ], [ -81.068408, 27.642367 ], [ -81.065649, 27.642202 ], [ -81.022917, 27.64199 ], [ -80.87315, 27.642288 ], [ -80.873357, 27.665002 ], [ -80.873486, 27.68348 ], [ -80.873599, 27.69968 ], [ -80.873795, 27.733854 ], [ -80.880073, 27.733699 ], [ -80.881566, 27.822511 ], [ -80.868881, 27.822522 ], [ -80.869566, 27.947866 ], [ -80.869358, 27.950162 ], [ -80.869402, 27.96395 ], [ -80.869597, 27.977911 ], [ -80.869973, 27.982571 ], [ -80.86953, 28.048486 ], [ -80.870135, 28.057077 ], [ -80.869283, 28.065095 ], [ -80.869313, 28.084727 ], [ -80.862877, 28.084745 ], [ -80.862827, 28.091885 ], [ -80.862823, 28.092117 ], [ -80.86164, 28.238674 ], [ -80.861576, 28.246558 ], [ -80.862815, 28.347221 ], [ -80.862908, 28.347487 ], [ -81.1742, 28.348182 ], [ -81.211126, 28.348083 ], [ -81.23193, 28.34815 ], [ -81.232159, 28.348151 ], [ -81.239511, 28.348119 ], [ -81.260071, 28.348056 ], [ -81.293006, 28.348072 ], [ -81.309571, 28.348051 ], [ -81.317736, 28.34802 ], [ -81.319697, 28.348123 ], [ -81.321913, 28.34799 ], [ -81.341732, 28.347986 ], [ -81.349892, 28.347986 ], [ -81.354894, 28.347964 ], [ -81.362693, 28.347934 ], [ -81.362831, 28.347932 ], [ -81.367577, 28.347912 ], [ -81.382969, 28.347886 ], [ -81.383207, 28.347886 ], [ -81.383383, 28.347886 ], [ -81.388525, 28.347883 ], [ -81.388843, 28.347879 ], [ -81.391893, 28.347786 ], [ -81.404158, 28.347886 ], [ -81.419542, 28.347922 ], [ -81.419781, 28.347923 ], [ -81.424441, 28.347933 ], [ -81.439531, 28.347967 ], [ -81.447928, 28.347905 ], [ -81.45775, 28.347284 ], [ -81.468592, 28.347213 ], [ -81.487591, 28.347088 ], [ -81.51028, 28.347196 ], [ -81.531528, 28.347282 ], [ -81.531924, 28.347284 ], [ -81.533168, 28.34729 ], [ -81.540875, 28.347248 ], [ -81.601355, 28.347072 ], [ -81.607652, 28.347039 ], [ -81.608289, 28.347106 ], [ -81.616267, 28.347057 ], [ -81.63863, 28.346952 ], [ -81.648234, 28.346917 ], [ -81.657268, 28.347098 ], [ -81.65694, 28.327521 ] ] ] ] } },
{ "type": "Feature", "properties": { "STATEFP": "12", "COUNTYFP": "013", "COUNTYNS": "00306919", "GEOIDFQ": "0500000US12013", "GEOID": "12013", "NAME": "Calhoun", "NAMELSAD": "Calhoun County", "STUSPS": "FL", "STATE_NAME": "Florida", "LSAD": "06", "ALAND": 1469394597.0, "AWATER": 18070425.0, "STATE_NAME_HYPHEN": "Florida" }, "geometry": { "type": "MultiPolygon", "coordinates": [ [ [ [ -85.389679, 30.200973 ], [ -85.386263, 30.201385 ], [ -85.340333, 30.200587 ], [ -85.229835, 30.200771 ], [ -85.228104, 30.200879 ], [ -85.208163, 30.200922 ], [ -85.191279, 30.2008 ], [ -85.11566, 30.199976 ], [ -85.115314, 30.202477 ], [ -85.118882, 30.20701 ], [ -85.11892, 30.209718 ], [ -85.11823, 30.210491 ], [ -85.116468, 30.210658 ], [ -85.113374, 30.208782 ], [ -85.111385, 30.208272 ], [ -85.109917, 30.209301 ], [ -85.109471, 30.21059 ], [ -85.111569, 30.214567 ], [ -85.111997, 30.2161 ], [ -85.11137, 30.218005 ], [ -85.108486, 30.218156 ], [ -85.106076, 30.216024 ], [ -85.106299, 30.214325 ], [ -85.104864, 30.212634 ], [ -85.101812, 30.211739 ], [ -85.100319, 30.212525 ], [ -85.099544, 30.213709 ], [ -85.100253, 30.217297 ], [ -85.099512, 30.219657 ], [ -85.098487, 30.220242 ], [ -85.096578, 30.220063 ], [ -85.093098, 30.220745 ], [ -85.09091, 30.222418 ], [ -85.090591, 30.223641 ], [ -85.092076, 30.227568 ], [ -85.091024, 30.229694 ], [ -85.088531, 30.229665 ], [ -85.084704, 30.22838 ], [ -85.081336, 30.228531 ], [ -85.079847, 30.229715 ], [ -85.079653, 30.231553 ], [ -85.082613, 30.234611 ], [ -85.083429, 30.237155 ], [ -85.083259, 30.238653 ], [ -85.079741, 30.241229 ], [ -85.078461, 30.242497 ], [ -85.077913, 30.244338 ], [ -85.078074, 30.247281 ], [ -85.078711, 30.248844 ], [ -85.076768, 30.250989 ], [ -85.07436, 30.251049 ], [ -85.073118, 30.249707 ], [ -85.070031, 30.249392 ], [ -85.069264, 30.250197 ], [ -85.069027, 30.254765 ], [ -85.068612, 30.25748 ], [ -85.067742, 30.258765 ], [ -85.065779, 30.259875 ], [ -85.062416, 30.260308 ], [ -85.059712, 30.261548 ], [ -85.059092, 30.263229 ], [ -85.060112, 30.265344 ], [ -85.063374, 30.267948 ], [ -85.064079, 30.269272 ], [ -85.063951, 30.270863 ], [ -85.062404, 30.272416 ], [ -85.05907, 30.274319 ], [ -85.057996, 30.27609 ], [ -85.058071, 30.277544 ], [ -85.059732, 30.280748 ], [ -85.060022, 30.284027 ], [ -85.059282, 30.285401 ], [ -85.057735, 30.286082 ], [ -85.054203, 30.286216 ], [ -85.052777, 30.287406 ], [ -85.056009, 30.297781 ], [ -85.057253, 30.301301 ], [ -85.05692, 30.303458 ], [ -85.054993, 30.304834 ], [ -85.050877, 30.302925 ], [ -85.04893, 30.302516 ], [ -85.047448, 30.303067 ], [ -85.04717, 30.304222 ], [ -85.050464, 30.31013 ], [ -85.050232, 30.311269 ], [ -85.048148, 30.312669 ], [ -85.04596, 30.312284 ], [ -85.040314, 30.310168 ], [ -85.039109, 30.309927 ], [ -85.03656, 30.310367 ], [ -85.03429, 30.312478 ], [ -85.034262, 30.314308 ], [ -85.036954, 30.315953 ], [ -85.042181, 30.31739 ], [ -85.044881, 30.318752 ], [ -85.046271, 30.32017 ], [ -85.046522, 30.322264 ], [ -85.045328, 30.324745 ], [ -85.044381, 30.326357 ], [ -85.044271, 30.328789 ], [ -85.045533, 30.331396 ], [ -85.047592, 30.333639 ], [ -85.049744, 30.336544 ], [ -85.049968, 30.338167 ], [ -85.049171, 30.340026 ], [ -85.045492, 30.343674 ], [ -85.044288, 30.347084 ], [ -85.043909, 30.349403 ], [ -85.04277, 30.352466 ], [ -85.041417, 30.354535 ], [ -85.038969, 30.357018 ], [ -85.037263, 30.358013 ], [ -85.033063, 30.359351 ], [ -85.029196, 30.360244 ], [ -85.027898, 30.360843 ], [ -85.026007, 30.363043 ], [ -85.026183, 30.364198 ], [ -85.02648, 30.364771 ], [ -85.029021, 30.36539 ], [ -85.034493, 30.364915 ], [ -85.037294, 30.365033 ], [ -85.038574, 30.365629 ], [ -85.040179, 30.367671 ], [ -85.040718, 30.370214 ], [ -85.040199, 30.372089 ], [ -85.037239, 30.375196 ], [ -85.03124, 30.378658 ], [ -85.028667, 30.37783 ], [ -85.028035, 30.376402 ], [ -85.026242, 30.375589 ], [ -85.024635, 30.3763 ], [ -85.023392, 30.379254 ], [ -85.021219, 30.381983 ], [ -85.015248, 30.38582 ], [ -85.014607, 30.387394 ], [ -85.014572, 30.394269 ], [ -85.015566, 30.396172 ], [ -85.017164, 30.396865 ], [ -85.027413, 30.398196 ], [ -85.029298, 30.399808 ], [ -85.029968, 30.401308 ], [ -85.029885, 30.403269 ], [ -85.029003, 30.404577 ], [ -85.027303, 30.405603 ], [ -85.023345, 30.405985 ], [ -85.019787, 30.406714 ], [ -85.015931, 30.408 ], [ -85.014269, 30.409018 ], [ -85.013656, 30.410648 ], [ -85.014074, 30.411939 ], [ -85.015533, 30.413172 ], [ -85.018098, 30.413598 ], [ -85.024564, 30.412512 ], [ -85.027342, 30.412453 ], [ -85.029424, 30.413008 ], [ -85.03053, 30.413911 ], [ -85.031664, 30.415507 ], [ -85.032855, 30.418322 ], [ -85.032931, 30.420299 ], [ -85.031882, 30.422648 ], [ -85.027013, 30.427154 ], [ -85.024375, 30.429109 ], [ -85.01997, 30.431824 ], [ -85.015176, 30.434361 ], [ -85.010074, 30.435817 ], [ -85.004795, 30.436345 ], [ -85.000894, 30.437211 ], [ -85.000777, 30.437243 ], [ -84.996742, 30.438313 ], [ -84.989489, 30.441073 ], [ -84.983203, 30.441837 ], [ -84.981229, 30.444129 ], [ -84.980835, 30.445458 ], [ -84.981527, 30.446935 ], [ -84.982807, 30.447632 ], [ -84.986308, 30.447374 ], [ -84.990547, 30.44536 ], [ -84.993426, 30.444932 ], [ -84.997445, 30.445698 ], [ -84.999916, 30.44701 ], [ -85.000809, 30.448071 ], [ -85.001534, 30.449781 ], [ -85.001525, 30.452895 ], [ -84.999916, 30.456199 ], [ -84.995197, 30.460389 ], [ -84.991856, 30.463073 ], [ -84.988947, 30.464018 ], [ -84.986909, 30.465714 ], [ -84.986694, 30.469583 ], [ -84.988313, 30.472118 ], [ -84.990095, 30.472396 ], [ -84.994257, 30.471833 ], [ -84.997359, 30.471873 ], [ -84.999916, 30.472418 ], [ -85.00373, 30.474679 ], [ -85.004307, 30.476211 ], [ -85.003238, 30.47881 ], [ -84.99865, 30.482847 ], [ -84.995762, 30.485992 ], [ -84.994463, 30.489076 ], [ -84.994455, 30.492091 ], [ -84.993805, 30.495555 ], [ -84.99213, 30.500195 ], [ -84.991616, 30.500595 ], [ -84.991013, 30.504295 ], [ -84.991217, 30.507095 ], [ -84.992317, 30.510395 ], [ -84.992917, 30.514695 ], [ -84.992279, 30.519315 ], [ -84.991217, 30.522395 ], [ -84.990017, 30.524795 ], [ -84.986017, 30.530395 ], [ -84.984617, 30.532695 ], [ -84.982817, 30.536695 ], [ -84.975718, 30.549894 ], [ -84.973718, 30.552994 ], [ -84.970218, 30.556594 ], [ -84.967118, 30.558894 ], [ -84.962218, 30.563594 ], [ -84.961518, 30.565094 ], [ -84.961718, 30.566494 ], [ -84.964818, 30.570394 ], [ -84.965318, 30.571594 ], [ -84.965818, 30.578994 ], [ -84.965418, 30.580194 ], [ -84.963419, 30.582194 ], [ -84.962119, 30.582494 ], [ -84.958488, 30.581018 ], [ -84.955818, 30.579394 ], [ -84.951318, 30.578594 ], [ -84.946818, 30.579894 ], [ -84.944318, 30.581694 ], [ -84.943518, 30.584794 ], [ -84.944318, 30.587494 ], [ -84.945519, 30.589494 ], [ -84.945819, 30.591394 ], [ -84.944919, 30.595493 ], [ -84.938019, 30.598593 ], [ -84.935819, 30.600293 ], [ -84.934219, 30.602693 ], [ -84.932519, 30.606393 ], [ -85.013167, 30.6061 ], [ -85.097148, 30.607393 ], [ -85.167713, 30.608026 ], [ -85.165127, 30.605614 ], [ -85.165383, 30.604281 ], [ -85.167049, 30.601847 ], [ -85.167464, 30.595063 ], [ -85.169645, 30.593703 ], [ -85.169748, 30.59254 ], [ -85.17131, 30.590427 ], [ -85.172416, 30.585183 ], [ -85.172046, 30.584283 ], [ -85.169811, 30.582559 ], [ -85.169237, 30.580956 ], [ -85.169616, 30.57939 ], [ -85.171079, 30.579742 ], [ -85.173086, 30.577668 ], [ -85.172565, 30.575882 ], [ -85.173608, 30.574931 ], [ -85.17359, 30.569041 ], [ -85.172021, 30.566356 ], [ -85.171891, 30.564336 ], [ -85.256793, 30.565999 ], [ -85.267165, 30.565564 ], [ -85.268498, 30.565724 ], [ -85.273105, 30.56568 ], [ -85.33902, 30.566286 ], [ -85.339273, 30.566352 ], [ -85.365942, 30.566891 ], [ -85.373664, 30.566702 ], [ -85.383948, 30.566856 ], [ -85.38378, 30.564484 ], [ -85.38381, 30.552133 ], [ -85.384554, 30.544945 ], [ -85.384601, 30.537624 ], [ -85.385046, 30.516521 ], [ -85.385084, 30.508473 ], [ -85.385789, 30.480488 ], [ -85.386772, 30.435556 ], [ -85.38652, 30.432056 ], [ -85.386795, 30.425268 ], [ -85.387985, 30.421724 ], [ -85.388259, 30.41697 ], [ -85.387943, 30.413957 ], [ -85.388046, 30.383068 ], [ -85.38848, 30.371229 ], [ -85.388244, 30.365346 ], [ -85.388381, 30.317516 ], [ -85.388626, 30.309114 ], [ -85.388977, 30.305728 ], [ -85.388694, 30.265893 ], [ -85.389289, 30.259546 ], [ -85.389656, 30.248992 ], [ -85.389679, 30.200973 ] ] ] ] } },
{ "type": "Feature", "properties": { "STATEFP": "12", "COUNTYFP": "077", "COUNTYNS": "00308549", "GEOIDFQ": "0500000US12077", "GEOID": "12077", "NAME": "Liberty", "NAMELSAD": "Liberty County", "STUSPS": "FL", "STATE_NAME": "Florida", "LSAD": "06", "ALAND": 2164099095.0, "AWATER": 19582444.0, "STATE_NAME_HYPHEN": "Florida" }, "geometry": { "type": "MultiPolygon", "coordinates": [ [ [ [ -85.154015, 30.092043 ], [ -85.153773, 30.091294 ], [ -85.151567, 30.09012 ], [ -85.149176, 30.08964 ], [ -85.14696, 30.088555 ], [ -85.143634, 30.088964 ], [ -85.141159, 30.087371 ], [ -85.138601, 30.087496 ], [ -85.137192, 30.086563 ], [ -85.135977, 30.084204 ], [ -85.134346, 30.082046 ], [ -85.13441, 30.080224 ], [ -85.136224, 30.076174 ], [ -85.138353, 30.072778 ], [ -85.138278, 30.071633 ], [ -85.137138, 30.069563 ], [ -85.133413, 30.068633 ], [ -85.13218, 30.067466 ], [ -85.132541, 30.066434 ], [ -85.136357, 30.064566 ], [ -85.136894, 30.063816 ], [ -85.136309, 30.061124 ], [ -85.13602, 30.057449 ], [ -85.136509, 30.052764 ], [ -85.135711, 30.050017 ], [ -85.134608, 30.047793 ], [ -85.135504, 30.044656 ], [ -85.135254, 30.04327 ], [ -85.132744, 30.043419 ], [ -85.129001, 30.042546 ], [ -85.128343, 30.041499 ], [ -85.128861, 30.040466 ], [ -85.131593, 30.039455 ], [ -85.131213, 30.037965 ], [ -85.124914, 30.032983 ], [ -85.119111, 30.02891 ], [ -85.117873, 30.027701 ], [ -85.11569, 30.024064 ], [ -85.113691, 30.023173 ], [ -85.109678, 30.025459 ], [ -85.107941, 30.025394 ], [ -85.107208, 30.02435 ], [ -85.107715, 30.022187 ], [ -85.107072, 30.021065 ], [ -85.104518, 30.020174 ], [ -85.101557, 30.020599 ], [ -85.100714, 30.021191 ], [ -85.099867, 30.024377 ], [ -85.098317, 30.024551 ], [ -85.096772, 30.023295 ], [ -85.097349, 30.019851 ], [ -85.100408, 30.017645 ], [ -85.100563, 30.016602 ], [ -85.098981, 30.015322 ], [ -85.09316, 30.015726 ], [ -85.091309, 30.014269 ], [ -85.091498, 30.011901 ], [ -85.090115, 30.012172 ], [ -85.085238, 30.01469 ], [ -85.083287, 30.014243 ], [ -85.080984, 30.010201 ], [ -85.077897, 30.008489 ], [ -85.075251, 30.008221 ], [ -85.073662, 30.007555 ], [ -85.071919, 30.004796 ], [ -85.068614, 30.004748 ], [ -85.06411, 30.003993 ], [ -85.058214, 30.003927 ], [ -85.055147, 30.002424 ], [ -85.054002, 30.00128 ], [ -85.052862, 29.997005 ], [ -85.050625, 29.993839 ], [ -85.050625, 29.990988 ], [ -85.049732, 29.99012 ], [ -85.04734, 29.989944 ], [ -85.044618, 29.988443 ], [ -85.042601, 29.988571 ], [ -85.038445, 29.990626 ], [ -85.03664, 29.990527 ], [ -85.031953, 29.987817 ], [ -85.0298, 29.987412 ], [ -85.029641, 29.984473 ], [ -85.027255, 29.982118 ], [ -85.026897, 29.979756 ], [ -85.025691, 29.976315 ], [ -85.025439, 29.971399 ], [ -85.02357, 29.973034 ], [ -85.021652, 29.977011 ], [ -85.020295, 29.977878 ], [ -85.018196, 29.981037 ], [ -85.019005, 29.982498 ], [ -85.018255, 29.984357 ], [ -85.01752, 29.988443 ], [ -85.015455, 29.988349 ], [ -85.015158, 29.989047 ], [ -85.016534, 29.989762 ], [ -85.016166, 29.992869 ], [ -85.015439, 29.993496 ], [ -85.015299, 29.995871 ], [ -85.01401, 29.996041 ], [ -85.014963, 29.99746 ], [ -85.014578, 29.998175 ], [ -85.013788, 29.998906 ], [ -85.011077, 29.998987 ], [ -85.011309, 30.000339 ], [ -85.010101, 30.00163 ], [ -85.010935, 30.002912 ], [ -85.010421, 30.005705 ], [ -85.006736, 30.008684 ], [ -85.005321, 30.00925 ], [ -85.005234, 30.011034 ], [ -85.007309, 30.01258 ], [ -85.007626, 30.013883 ], [ -84.983333, 30.013792 ], [ -84.978967, 30.013794 ], [ -84.972664, 30.013715 ], [ -84.874909, 30.012131 ], [ -84.760975, 30.011488 ], [ -84.609568, 30.011196 ], [ -84.602142, 30.010918 ], [ -84.54445, 30.01103 ], [ -84.543032, 30.011732 ], [ -84.543021, 30.012835 ], [ -84.546143, 30.015194 ], [ -84.547583, 30.015412 ], [ -84.547195, 30.012063 ], [ -84.548061, 30.011411 ], [ -84.549001, 30.013733 ], [ -84.550566, 30.014609 ], [ -84.55569, 30.014778 ], [ -84.555323, 30.018014 ], [ -84.555709, 30.019745 ], [ -84.558376, 30.02212 ], [ -84.562871, 30.022653 ], [ -84.561203, 30.020205 ], [ -84.563723, 30.019331 ], [ -84.565137, 30.017417 ], [ -84.566176, 30.017386 ], [ -84.566865, 30.019846 ], [ -84.568329, 30.020398 ], [ -84.569409, 30.01888 ], [ -84.56907, 30.017011 ], [ -84.570368, 30.016884 ], [ -84.572458, 30.019637 ], [ -84.576263, 30.02215 ], [ -84.581211, 30.024164 ], [ -84.584711, 30.026684 ], [ -84.587055, 30.027553 ], [ -84.591048, 30.029637 ], [ -84.593224, 30.032238 ], [ -84.595177, 30.033417 ], [ -84.595471, 30.03552 ], [ -84.596786, 30.037049 ], [ -84.598808, 30.03787 ], [ -84.599323, 30.040131 ], [ -84.598618, 30.04089 ], [ -84.596288, 30.041195 ], [ -84.594048, 30.040033 ], [ -84.59308, 30.040667 ], [ -84.59419, 30.042309 ], [ -84.600015, 30.043179 ], [ -84.600144, 30.044061 ], [ -84.597444, 30.044964 ], [ -84.596468, 30.046362 ], [ -84.597235, 30.047422 ], [ -84.599891, 30.045824 ], [ -84.601987, 30.045485 ], [ -84.603916, 30.046335 ], [ -84.605553, 30.052267 ], [ -84.607614, 30.054827 ], [ -84.608963, 30.058529 ], [ -84.609777, 30.059719 ], [ -84.612397, 30.061555 ], [ -84.616036, 30.065361 ], [ -84.617943, 30.064672 ], [ -84.619956, 30.066919 ], [ -84.621126, 30.066514 ], [ -84.621991, 30.063585 ], [ -84.626084, 30.062392 ], [ -84.626532, 30.062899 ], [ -84.625798, 30.065296 ], [ -84.627513, 30.065623 ], [ -84.630162, 30.064953 ], [ -84.631475, 30.066169 ], [ -84.631081, 30.067199 ], [ -84.628169, 30.068307 ], [ -84.628871, 30.069307 ], [ -84.632267, 30.068253 ], [ -84.635082, 30.071639 ], [ -84.634884, 30.0727 ], [ -84.632663, 30.072937 ], [ -84.634836, 30.074231 ], [ -84.63636, 30.076304 ], [ -84.63559, 30.077396 ], [ -84.639011, 30.078899 ], [ -84.639087, 30.080724 ], [ -84.637886, 30.083738 ], [ -84.640732, 30.082573 ], [ -84.642414, 30.083294 ], [ -84.64257, 30.087364 ], [ -84.643951, 30.088711 ], [ -84.644768, 30.09128 ], [ -84.647491, 30.092728 ], [ -84.648079, 30.091991 ], [ -84.649969, 30.09326 ], [ -84.648285, 30.093456 ], [ -84.649734, 30.095385 ], [ -84.651459, 30.096264 ], [ -84.651382, 30.097652 ], [ -84.652718, 30.096722 ], [ -84.654274, 30.0972 ], [ -84.652832, 30.097973 ], [ -84.654549, 30.09992 ], [ -84.653107, 30.100906 ], [ -84.65052, 30.101242 ], [ -84.652588, 30.103189 ], [ -84.650948, 30.103156 ], [ -84.64814, 30.105364 ], [ -84.649025, 30.105942 ], [ -84.651985, 30.104616 ], [ -84.651924, 30.106815 ], [ -84.648436, 30.10808 ], [ -84.648095, 30.108834 ], [ -84.650277, 30.11016 ], [ -84.651708, 30.112291 ], [ -84.651685, 30.114759 ], [ -84.652779, 30.116129 ], [ -84.653223, 30.11824 ], [ -84.655993, 30.11758 ], [ -84.656239, 30.115234 ], [ -84.657397, 30.11415 ], [ -84.658118, 30.115134 ], [ -84.659623, 30.115079 ], [ -84.659897, 30.116533 ], [ -84.661034, 30.116903 ], [ -84.661476, 30.118855 ], [ -84.660812, 30.120202 ], [ -84.664324, 30.120196 ], [ -84.6675, 30.123352 ], [ -84.665947, 30.123873 ], [ -84.669258, 30.1252 ], [ -84.670357, 30.127626 ], [ -84.669431, 30.128957 ], [ -84.668091, 30.12915 ], [ -84.668237, 30.131076 ], [ -84.666143, 30.132526 ], [ -84.668326, 30.132714 ], [ -84.665492, 30.134622 ], [ -84.667572, 30.134779 ], [ -84.668047, 30.135691 ], [ -84.667274, 30.13735 ], [ -84.668907, 30.136854 ], [ -84.671608, 30.137678 ], [ -84.670128, 30.138826 ], [ -84.672157, 30.140898 ], [ -84.670067, 30.142662 ], [ -84.668391, 30.143046 ], [ -84.669617, 30.144455 ], [ -84.66923, 30.146469 ], [ -84.670631, 30.146152 ], [ -84.671684, 30.147943 ], [ -84.670373, 30.149839 ], [ -84.672538, 30.150406 ], [ -84.67088, 30.152138 ], [ -84.669293, 30.152118 ], [ -84.669001, 30.153108 ], [ -84.670665, 30.154087 ], [ -84.669492, 30.15473 ], [ -84.670623, 30.157559 ], [ -84.66926, 30.158003 ], [ -84.668404, 30.159533 ], [ -84.668688, 30.160991 ], [ -84.667641, 30.161437 ], [ -84.66911, 30.163558 ], [ -84.667213, 30.163431 ], [ -84.66798, 30.164878 ], [ -84.669492, 30.165691 ], [ -84.667834, 30.167044 ], [ -84.665138, 30.166096 ], [ -84.667192, 30.168596 ], [ -84.664944, 30.169774 ], [ -84.666186, 30.172561 ], [ -84.66658, 30.171465 ], [ -84.668465, 30.171041 ], [ -84.668686, 30.173066 ], [ -84.670151, 30.173363 ], [ -84.668263, 30.174462 ], [ -84.668457, 30.177711 ], [ -84.667898, 30.18041 ], [ -84.668337, 30.182591 ], [ -84.670881, 30.184965 ], [ -84.671272, 30.183945 ], [ -84.672656, 30.184336 ], [ -84.672254, 30.186523 ], [ -84.672867, 30.187124 ], [ -84.672821, 30.185801 ], [ -84.674751, 30.183786 ], [ -84.674706, 30.185574 ], [ -84.677094, 30.186146 ], [ -84.678255, 30.18809 ], [ -84.678198, 30.192486 ], [ -84.677652, 30.194053 ], [ -84.678095, 30.195439 ], [ -84.675964, 30.200735 ], [ -84.677162, 30.201813 ], [ -84.681442, 30.202188 ], [ -84.681757, 30.204984 ], [ -84.680136, 30.206763 ], [ -84.681462, 30.209145 ], [ -84.682133, 30.212096 ], [ -84.681871, 30.21771 ], [ -84.683297, 30.218258 ], [ -84.683866, 30.22008 ], [ -84.685184, 30.220033 ], [ -84.687645, 30.222263 ], [ -84.688828, 30.221695 ], [ -84.690094, 30.222824 ], [ -84.692716, 30.222143 ], [ -84.694824, 30.222834 ], [ -84.693611, 30.224115 ], [ -84.695945, 30.225465 ], [ -84.695486, 30.227329 ], [ -84.699473, 30.227655 ], [ -84.697372, 30.229315 ], [ -84.701027, 30.231972 ], [ -84.701515, 30.234739 ], [ -84.70118, 30.235432 ], [ -84.698593, 30.233582 ], [ -84.699097, 30.236374 ], [ -84.697243, 30.237148 ], [ -84.699409, 30.238121 ], [ -84.697807, 30.238438 ], [ -84.697571, 30.239525 ], [ -84.698586, 30.241419 ], [ -84.700394, 30.242695 ], [ -84.700401, 30.244236 ], [ -84.69825, 30.244781 ], [ -84.698814, 30.246082 ], [ -84.699897, 30.246115 ], [ -84.701294, 30.24828 ], [ -84.704185, 30.249521 ], [ -84.705543, 30.251803 ], [ -84.707425, 30.251358 ], [ -84.708305, 30.253439 ], [ -84.709927, 30.253089 ], [ -84.709277, 30.251667 ], [ -84.712219, 30.250439 ], [ -84.715721, 30.251646 ], [ -84.715744, 30.252697 ], [ -84.718513, 30.253553 ], [ -84.726608, 30.25672 ], [ -84.728386, 30.257875 ], [ -84.735054, 30.263626 ], [ -84.737846, 30.265646 ], [ -84.736557, 30.26812 ], [ -84.735085, 30.267288 ], [ -84.73217, 30.267942 ], [ -84.730579, 30.269686 ], [ -84.731003, 30.271385 ], [ -84.730476, 30.27256 ], [ -84.730942, 30.275158 ], [ -84.727661, 30.275846 ], [ -84.727524, 30.278749 ], [ -84.729714, 30.279054 ], [ -84.730841, 30.28044 ], [ -84.730991, 30.283338 ], [ -84.729207, 30.287439 ], [ -84.727414, 30.288745 ], [ -84.713351, 30.30017 ], [ -84.711068, 30.301871 ], [ -84.71155, 30.304353 ], [ -84.708449, 30.310152 ], [ -84.70524, 30.312805 ], [ -84.702105, 30.315933 ], [ -84.701113, 30.317671 ], [ -84.701017, 30.319035 ], [ -84.702626, 30.3204 ], [ -84.702578, 30.32279 ], [ -84.704129, 30.321712 ], [ -84.705786, 30.322693 ], [ -84.706912, 30.322416 ], [ -84.709496, 30.323488 ], [ -84.711115, 30.325126 ], [ -84.715138, 30.33014 ], [ -84.715144, 30.333077 ], [ -84.713987, 30.332797 ], [ -84.711908, 30.334466 ], [ -84.710805, 30.333872 ], [ -84.708933, 30.334457 ], [ -84.70846, 30.335722 ], [ -84.70617, 30.336775 ], [ -84.704347, 30.335888 ], [ -84.703061, 30.336492 ], [ -84.703114, 30.337719 ], [ -84.701955, 30.338653 ], [ -84.703832, 30.340336 ], [ -84.703052, 30.341065 ], [ -84.702178, 30.340239 ], [ -84.700995, 30.340808 ], [ -84.70199, 30.342114 ], [ -84.700385, 30.34419 ], [ -84.698292, 30.344534 ], [ -84.696399, 30.347145 ], [ -84.695622, 30.347092 ], [ -84.695564, 30.34525 ], [ -84.694598, 30.3452 ], [ -84.693133, 30.346915 ], [ -84.693706, 30.347998 ], [ -84.693057, 30.348915 ], [ -84.691157, 30.347415 ], [ -84.69029, 30.347838 ], [ -84.690914, 30.349622 ], [ -84.689065, 30.349501 ], [ -84.685358, 30.349924 ], [ -84.684395, 30.351037 ], [ -84.686473, 30.352266 ], [ -84.686309, 30.353361 ], [ -84.684216, 30.353473 ], [ -84.682623, 30.354949 ], [ -84.685358, 30.354778 ], [ -84.685406, 30.35561 ], [ -84.683671, 30.357702 ], [ -84.684099, 30.360206 ], [ -84.682524, 30.360077 ], [ -84.681234, 30.361531 ], [ -84.680886, 30.365225 ], [ -84.681272, 30.367598 ], [ -84.679396, 30.368235 ], [ -84.67726, 30.367094 ], [ -84.674522, 30.366608 ], [ -84.673524, 30.364332 ], [ -84.670479, 30.364144 ], [ -84.668534, 30.366586 ], [ -84.667038, 30.367514 ], [ -84.665861, 30.369867 ], [ -84.663507, 30.370475 ], [ -84.66334, 30.372442 ], [ -84.665304, 30.373978 ], [ -84.664658, 30.377221 ], [ -84.663577, 30.378402 ], [ -84.655044, 30.383685 ], [ -84.647956, 30.387151 ], [ -84.646408, 30.388281 ], [ -84.651325, 30.388311 ], [ -84.666921, 30.387799 ], [ -84.680632, 30.387973 ], [ -84.680395, 30.393287 ], [ -84.680525, 30.417269 ], [ -84.714124, 30.417199 ], [ -84.714097, 30.460401 ], [ -84.741423, 30.46031 ], [ -84.781111, 30.459794 ], [ -84.781787, 30.516732 ], [ -84.781813, 30.518693 ], [ -84.815618, 30.518491 ], [ -84.815648, 30.52076 ], [ -84.815816, 30.533093 ], [ -84.882616, 30.533094 ], [ -84.883317, 30.562194 ], [ -84.883318, 30.58317 ], [ -84.883316, 30.605589 ], [ -84.912119, 30.605793 ], [ -84.932519, 30.606393 ], [ -84.934219, 30.602693 ], [ -84.935819, 30.600293 ], [ -84.938019, 30.598593 ], [ -84.944919, 30.595493 ], [ -84.945819, 30.591394 ], [ -84.945519, 30.589494 ], [ -84.944318, 30.587494 ], [ -84.943518, 30.584794 ], [ -84.944318, 30.581694 ], [ -84.946818, 30.579894 ], [ -84.951318, 30.578594 ], [ -84.955818, 30.579394 ], [ -84.958488, 30.581018 ], [ -84.962119, 30.582494 ], [ -84.963419, 30.582194 ], [ -84.965418, 30.580194 ], [ -84.965818, 30.578994 ], [ -84.965318, 30.571594 ], [ -84.964818, 30.570394 ], [ -84.961718, 30.566494 ], [ -84.961518, 30.565094 ], [ -84.962218, 30.563594 ], [ -84.967118, 30.558894 ], [ -84.970218, 30.556594 ], [ -84.973718, 30.552994 ], [ -84.975718, 30.549894 ], [ -84.982817, 30.536695 ], [ -84.984617, 30.532695 ], [ -84.986017, 30.530395 ], [ -84.990017, 30.524795 ], [ -84.991217, 30.522395 ], [ -84.992279, 30.519315 ], [ -84.992917, 30.514695 ], [ -84.992317, 30.510395 ], [ -84.991217, 30.507095 ], [ -84.991013, 30.504295 ], [ -84.991616, 30.500595 ], [ -84.99213, 30.500195 ], [ -84.993805, 30.495555 ], [ -84.994455, 30.492091 ], [ -84.994463, 30.489076 ], [ -84.995762, 30.485992 ], [ -84.99865, 30.482847 ], [ -85.003238, 30.47881 ], [ -85.004307, 30.476211 ], [ -85.00373, 30.474679 ], [ -84.999916, 30.472418 ], [ -84.997359, 30.471873 ], [ -84.994257, 30.471833 ], [ -84.990095, 30.472396 ], [ -84.988313, 30.472118 ], [ -84.986694, 30.469583 ], [ -84.986909, 30.465714 ], [ -84.988947, 30.464018 ], [ -84.991856, 30.463073 ], [ -84.995197, 30.460389 ], [ -84.999916, 30.456199 ], [ -85.001525, 30.452895 ], [ -85.001534, 30.449781 ], [ -85.000809, 30.448071 ], [ -84.999916, 30.44701 ], [ -84.997445, 30.445698 ], [ -84.993426, 30.444932 ], [ -84.990547, 30.44536 ], [ -84.986308, 30.447374 ], [ -84.982807, 30.447632 ], [ -84.981527, 30.446935 ], [ -84.980835, 30.445458 ], [ -84.981229, 30.444129 ], [ -84.983203, 30.441837 ], [ -84.989489, 30.441073 ], [ -84.996742, 30.438313 ], [ -85.000777, 30.437243 ], [ -85.000894, 30.437211 ], [ -85.004795, 30.436345 ], [ -85.010074, 30.435817 ], [ -85.015176, 30.434361 ], [ -85.01997, 30.431824 ], [ -85.024375, 30.429109 ], [ -85.027013, 30.427154 ], [ -85.031882, 30.422648 ], [ -85.032931, 30.420299 ], [ -85.032855, 30.418322 ], [ -85.031664, 30.415507 ], [ -85.03053, 30.413911 ], [ -85.029424, 30.413008 ], [ -85.027342, 30.412453 ], [ -85.024564, 30.412512 ], [ -85.018098, 30.413598 ], [ -85.015533, 30.413172 ], [ -85.014074, 30.411939 ], [ -85.013656, 30.410648 ], [ -85.014269, 30.409018 ], [ -85.015931, 30.408 ], [ -85.019787, 30.406714 ], [ -85.023345, 30.405985 ], [ -85.027303, 30.405603 ], [ -85.029003, 30.404577 ], [ -85.029885, 30.403269 ], [ -85.029968, 30.401308 ], [ -85.029298, 30.399808 ], [ -85.027413, 30.398196 ], [ -85.017164, 30.396865 ], [ -85.015566, 30.396172 ], [ -85.014572, 30.394269 ], [ -85.014607, 30.387394 ], [ -85.015248, 30.38582 ], [ -85.021219, 30.381983 ], [ -85.023392, 30.379254 ], [ -85.024635, 30.3763 ], [ -85.026242, 30.375589 ], [ -85.028035, 30.376402 ], [ -85.028667, 30.37783 ], [ -85.03124, 30.378658 ], [ -85.037239, 30.375196 ], [ -85.040199, 30.372089 ], [ -85.040718, 30.370214 ], [ -85.040179, 30.367671 ], [ -85.038574, 30.365629 ], [ -85.037294, 30.365033 ], [ -85.034493, 30.364915 ], [ -85.029021, 30.36539 ], [ -85.02648, 30.364771 ], [ -85.026183, 30.364198 ], [ -85.026007, 30.363043 ], [ -85.027898, 30.360843 ], [ -85.029196, 30.360244 ], [ -85.033063, 30.359351 ], [ -85.037263, 30.358013 ], [ -85.038969, 30.357018 ], [ -85.041417, 30.354535 ], [ -85.04277, 30.352466 ], [ -85.043909, 30.349403 ], [ -85.044288, 30.347084 ], [ -85.045492, 30.343674 ], [ -85.049171, 30.340026 ], [ -85.049968, 30.338167 ], [ -85.049744, 30.336544 ], [ -85.047592, 30.333639 ], [ -85.045533, 30.331396 ], [ -85.044271, 30.328789 ], [ -85.044381, 30.326357 ], [ -85.045328, 30.324745 ], [ -85.046522, 30.322264 ], [ -85.046271, 30.32017 ], [ -85.044881, 30.318752 ], [ -85.042181, 30.31739 ], [ -85.036954, 30.315953 ], [ -85.034262, 30.314308 ], [ -85.03429, 30.312478 ], [ -85.03656, 30.310367 ], [ -85.039109, 30.309927 ], [ -85.040314, 30.310168 ], [ -85.04596, 30.312284 ], [ -85.048148, 30.312669 ], [ -85.050232, 30.311269 ], [ -85.050464, 30.31013 ], [ -85.04717, 30.304222 ], [ -85.047448, 30.303067 ], [ -85.04893, 30.302516 ], [ -85.050877, 30.302925 ], [ -85.054993, 30.304834 ], [ -85.05692, 30.303458 ], [ -85.057253, 30.301301 ], [ -85.056009, 30.297781 ], [ -85.052777, 30.287406 ], [ -85.054203, 30.286216 ], [ -85.057735, 30.286082 ], [ -85.059282, 30.285401 ], [ -85.060022, 30.284027 ], [ -85.059732, 30.280748 ], [ -85.058071, 30.277544 ], [ -85.057996, 30.27609 ], [ -85.05907, 30.274319 ], [ -85.062404, 30.272416 ], [ -85.063951, 30.270863 ], [ -85.064079, 30.269272 ], [ -85.063374, 30.267948 ], [ -85.060112, 30.265344 ], [ -85.059092, 30.263229 ], [ -85.059712, 30.261548 ], [ -85.062416, 30.260308 ], [ -85.065779, 30.259875 ], [ -85.067742, 30.258765 ], [ -85.068612, 30.25748 ], [ -85.069027, 30.254765 ], [ -85.069264, 30.250197 ], [ -85.070031, 30.249392 ], [ -85.073118, 30.249707 ], [ -85.07436, 30.251049 ], [ -85.076768, 30.250989 ], [ -85.078711, 30.248844 ], [ -85.078074, 30.247281 ], [ -85.077913, 30.244338 ], [ -85.078461, 30.242497 ], [ -85.079741, 30.241229 ], [ -85.083259, 30.238653 ], [ -85.083429, 30.237155 ], [ -85.082613, 30.234611 ], [ -85.079653, 30.231553 ], [ -85.079847, 30.229715 ], [ -85.081336, 30.228531 ], [ -85.084704, 30.22838 ], [ -85.088531, 30.229665 ], [ -85.091024, 30.229694 ], [ -85.092076, 30.227568 ], [ -85.090591, 30.223641 ], [ -85.09091, 30.222418 ], [ -85.093098, 30.220745 ], [ -85.096578, 30.220063 ], [ -85.098487, 30.220242 ], [ -85.099512, 30.219657 ], [ -85.100253, 30.217297 ], [ -85.099544, 30.213709 ], [ -85.100319, 30.212525 ], [ -85.101812, 30.211739 ], [ -85.104864, 30.212634 ], [ -85.106299, 30.214325 ], [ -85.106076, 30.216024 ], [ -85.108486, 30.218156 ], [ -85.11137, 30.218005 ], [ -85.111997, 30.2161 ], [ -85.111569, 30.214567 ], [ -85.109471, 30.21059 ], [ -85.109917, 30.209301 ], [ -85.111385, 30.208272 ], [ -85.113374, 30.208782 ], [ -85.116468, 30.210658 ], [ -85.11823, 30.210491 ], [ -85.11892, 30.209718 ], [ -85.118882, 30.20701 ], [ -85.115314, 30.202477 ], [ -85.11566, 30.199976 ], [ -85.119312, 30.197615 ], [ -85.121504, 30.195386 ], [ -85.123512, 30.192382 ], [ -85.125692, 30.185329 ], [ -85.127839, 30.182988 ], [ -85.133629, 30.181779 ], [ -85.134773, 30.18077 ], [ -85.135107, 30.179409 ], [ -85.133938, 30.175987 ], [ -85.135348, 30.174459 ], [ -85.138669, 30.172546 ], [ -85.138729, 30.170687 ], [ -85.137547, 30.167848 ], [ -85.137511, 30.166813 ], [ -85.139855, 30.163499 ], [ -85.138792, 30.161831 ], [ -85.137147, 30.161688 ], [ -85.134866, 30.162244 ], [ -85.133184, 30.161024 ], [ -85.133179, 30.159487 ], [ -85.13574, 30.150899 ], [ -85.138522, 30.148388 ], [ -85.138454, 30.146341 ], [ -85.135645, 30.145378 ], [ -85.132606, 30.145568 ], [ -85.132096, 30.14482 ], [ -85.132498, 30.143237 ], [ -85.134001, 30.142018 ], [ -85.136932, 30.140445 ], [ -85.137622, 30.137969 ], [ -85.137365, 30.134733 ], [ -85.138423, 30.133728 ], [ -85.142072, 30.131402 ], [ -85.144603, 30.129032 ], [ -85.145237, 30.127409 ], [ -85.145424, 30.124664 ], [ -85.144904, 30.123149 ], [ -85.14303, 30.121741 ], [ -85.138636, 30.120539 ], [ -85.133232, 30.120933 ], [ -85.131832, 30.120686 ], [ -85.130182, 30.119414 ], [ -85.129959, 30.118463 ], [ -85.130237, 30.117359 ], [ -85.13183, 30.11543 ], [ -85.132998, 30.114977 ], [ -85.139208, 30.115645 ], [ -85.14185, 30.115447 ], [ -85.142257, 30.113294 ], [ -85.139892, 30.110871 ], [ -85.140141, 30.109178 ], [ -85.140948, 30.108863 ], [ -85.142922, 30.109303 ], [ -85.145759, 30.111661 ], [ -85.147873, 30.111907 ], [ -85.148605, 30.111455 ], [ -85.149077, 30.110495 ], [ -85.147619, 30.104927 ], [ -85.144928, 30.099401 ], [ -85.144917, 30.097474 ], [ -85.145742, 30.096788 ], [ -85.15032, 30.096861 ], [ -85.151848, 30.094602 ], [ -85.153811, 30.092849 ], [ -85.154015, 30.092043 ] ] ] ] } },
{ "type": "Feature", "properties": { "STATEFP": "12", "COUNTYFP": "125", "COUNTYNS": "00306913", "GEOIDFQ": "0500000US12125", "GEOID": "12125", "NAME": "Union", "NAMELSAD": "Union County", "STUSPS": "FL", "STATE_NAME": "Florida", "LSAD": "06", "ALAND": 630804542.0, "AWATER": 16049423.0, "STATE_NAME_HYPHEN": "Florida" }, "geometry": { "type": "MultiPolygon", "coordinates": [ [ [ [ -82.574424, 29.988916 ], [ -82.573836, 29.986914 ], [ -82.572996, 29.986744 ], [ -82.573709, 29.983983 ], [ -82.572401, 29.981624 ], [ -82.571157, 29.981244 ], [ -82.570954, 29.97916 ], [ -82.570013, 29.979402 ], [ -82.570044, 29.976977 ], [ -82.56928, 29.97498 ], [ -82.565926, 29.973447 ], [ -82.564302, 29.972242 ], [ -82.559172, 29.969657 ], [ -82.556709, 29.96876 ], [ -82.555578, 29.966659 ], [ -82.555313, 29.963975 ], [ -82.553228, 29.963018 ], [ -82.550582, 29.962732 ], [ -82.543596, 29.963402 ], [ -82.542143, 29.962748 ], [ -82.539901, 29.962742 ], [ -82.538581, 29.96102 ], [ -82.536149, 29.960085 ], [ -82.533301, 29.958357 ], [ -82.531015, 29.95575 ], [ -82.530044, 29.951509 ], [ -82.530163, 29.950263 ], [ -82.531112, 29.948413 ], [ -82.529705, 29.940881 ], [ -82.527949, 29.941216 ], [ -82.526516, 29.942417 ], [ -82.526572, 29.943308 ], [ -82.525368, 29.94496 ], [ -82.524103, 29.945254 ], [ -82.52218, 29.944621 ], [ -82.522148, 29.943538 ], [ -82.52014, 29.943937 ], [ -82.516432, 29.943363 ], [ -82.510972, 29.945207 ], [ -82.504798, 29.942835 ], [ -82.503157, 29.941825 ], [ -82.50156, 29.942015 ], [ -82.501105, 29.941138 ], [ -82.499248, 29.940194 ], [ -82.49899, 29.938881 ], [ -82.496081, 29.939514 ], [ -82.495445, 29.940114 ], [ -82.492045, 29.939245 ], [ -82.491412, 29.938267 ], [ -82.490726, 29.939021 ], [ -82.486221, 29.939872 ], [ -82.485636, 29.939094 ], [ -82.484532, 29.93973 ], [ -82.483847, 29.938461 ], [ -82.484318, 29.936878 ], [ -82.482042, 29.935904 ], [ -82.481167, 29.937014 ], [ -82.479661, 29.935815 ], [ -82.477572, 29.934893 ], [ -82.47671, 29.933003 ], [ -82.477253, 29.93212 ], [ -82.475676, 29.932384 ], [ -82.47544, 29.930432 ], [ -82.472129, 29.926547 ], [ -82.469989, 29.925794 ], [ -82.46913, 29.927134 ], [ -82.469141, 29.928426 ], [ -82.468379, 29.928265 ], [ -82.464932, 29.929588 ], [ -82.463373, 29.928636 ], [ -82.461284, 29.931621 ], [ -82.460127, 29.930372 ], [ -82.458786, 29.930518 ], [ -82.458325, 29.929169 ], [ -82.456679, 29.927568 ], [ -82.453061, 29.925675 ], [ -82.451215, 29.92667 ], [ -82.450371, 29.928976 ], [ -82.448948, 29.931515 ], [ -82.446597, 29.931818 ], [ -82.444165, 29.930962 ], [ -82.441713, 29.929112 ], [ -82.439774, 29.929339 ], [ -82.439438, 29.930983 ], [ -82.437583, 29.930331 ], [ -82.436587, 29.93085 ], [ -82.436108, 29.930312 ], [ -82.435531, 29.928616 ], [ -82.435115, 29.928364 ], [ -82.433807, 29.928327 ], [ -82.434186, 29.929276 ], [ -82.433743, 29.929548 ], [ -82.433362, 29.929265 ], [ -82.42927, 29.925535 ], [ -82.42667, 29.922096 ], [ -82.426292, 29.921807 ], [ -82.423944, 29.920677 ], [ -82.422399, 29.919923 ], [ -82.420455, 29.920846 ], [ -82.418728, 29.923093 ], [ -82.416315, 29.925925 ], [ -82.41498, 29.92642 ], [ -82.414376, 29.926354 ], [ -82.413821, 29.926216 ], [ -82.413025, 29.92621 ], [ -82.412659, 29.926018 ], [ -82.412255, 29.926067 ], [ -82.411566, 29.926645 ], [ -82.411226, 29.926715 ], [ -82.408668, 29.927051 ], [ -82.407089, 29.926044 ], [ -82.404419, 29.925279 ], [ -82.402897, 29.925504 ], [ -82.401166, 29.926956 ], [ -82.400725, 29.926153 ], [ -82.399202, 29.926955 ], [ -82.396386, 29.926636 ], [ -82.39251, 29.925325 ], [ -82.390432, 29.925572 ], [ -82.386251, 29.927045 ], [ -82.384249, 29.928161 ], [ -82.379947, 29.931844 ], [ -82.377508, 29.933268 ], [ -82.37142, 29.935229 ], [ -82.370062, 29.935367 ], [ -82.364504, 29.934099 ], [ -82.362818, 29.934237 ], [ -82.360589, 29.933309 ], [ -82.358025, 29.933574 ], [ -82.356763, 29.935296 ], [ -82.354079, 29.936111 ], [ -82.351768, 29.937492 ], [ -82.351926, 29.939725 ], [ -82.349353, 29.940901 ], [ -82.349345, 29.942067 ], [ -82.347686, 29.941734 ], [ -82.347047, 29.943144 ], [ -82.348107, 29.943463 ], [ -82.346595, 29.945582 ], [ -82.345271, 29.946429 ], [ -82.345654, 29.947372 ], [ -82.345363, 29.950161 ], [ -82.344094, 29.95157 ], [ -82.344536, 29.952439 ], [ -82.345201, 29.95685 ], [ -82.343705, 29.959771 ], [ -82.342569, 29.961086 ], [ -82.340623, 29.961488 ], [ -82.339953, 29.960564 ], [ -82.337509, 29.960498 ], [ -82.335291, 29.959124 ], [ -82.332518, 29.959773 ], [ -82.330415, 29.95897 ], [ -82.328551, 29.957645 ], [ -82.327111, 29.958096 ], [ -82.325209, 29.955709 ], [ -82.326498, 29.954967 ], [ -82.323301, 29.95489 ], [ -82.322265, 29.953988 ], [ -82.322581, 29.955297 ], [ -82.32099, 29.955369 ], [ -82.318956, 29.954505 ], [ -82.313385, 29.954704 ], [ -82.307409, 29.956156 ], [ -82.304744, 29.958389 ], [ -82.303177, 29.961937 ], [ -82.302981, 29.96434 ], [ -82.301263, 29.965622 ], [ -82.300959, 29.967354 ], [ -82.297447, 29.968916 ], [ -82.29624, 29.970517 ], [ -82.295823, 29.972244 ], [ -82.294098, 29.973536 ], [ -82.292114, 29.973652 ], [ -82.292291, 29.974361 ], [ -82.290604, 29.975824 ], [ -82.290787, 29.977848 ], [ -82.290262, 29.979267 ], [ -82.288442, 29.979223 ], [ -82.287185, 29.981153 ], [ -82.286079, 29.981615 ], [ -82.284417, 29.983639 ], [ -82.282786, 29.984915 ], [ -82.280315, 29.98844 ], [ -82.279266, 29.988649 ], [ -82.27936, 29.989804 ], [ -82.276566, 29.995474 ], [ -82.274985, 29.996761 ], [ -82.273999, 29.998323 ], [ -82.273215, 29.999241 ], [ -82.272066, 30.004398 ], [ -82.272597, 30.005169 ], [ -82.271724, 30.006752 ], [ -82.269821, 30.008132 ], [ -82.268108, 30.010107 ], [ -82.267273, 30.012064 ], [ -82.266065, 30.012735 ], [ -82.267152, 30.01356 ], [ -82.265691, 30.015689 ], [ -82.26538, 30.017421 ], [ -82.265442, 30.020969 ], [ -82.263457, 30.021177 ], [ -82.262312, 30.024163 ], [ -82.261401, 30.02457 ], [ -82.259971, 30.02809 ], [ -82.259269, 30.028557 ], [ -82.256178, 30.028253 ], [ -82.253573, 30.028725 ], [ -82.252442, 30.028136 ], [ -82.247008, 30.029465 ], [ -82.245087, 30.029439 ], [ -82.243678, 30.030358 ], [ -82.241604, 30.029358 ], [ -82.23967, 30.029793 ], [ -82.239152, 30.030624 ], [ -82.237862, 30.030267 ], [ -82.237692, 30.031147 ], [ -82.237003, 30.031532 ], [ -82.234777, 30.031088 ], [ -82.230815, 30.032943 ], [ -82.225638, 30.034264 ], [ -82.225177, 30.035167 ], [ -82.221669, 30.037107 ], [ -82.220209, 30.039161 ], [ -82.217783, 30.041775 ], [ -82.218042, 30.043304 ], [ -82.216696, 30.045279 ], [ -82.214989, 30.04491 ], [ -82.213914, 30.043981 ], [ -82.212625, 30.046319 ], [ -82.208383, 30.050159 ], [ -82.208359, 30.051881 ], [ -82.207644, 30.052717 ], [ -82.18644, 30.06485 ], [ -82.184015, 30.066846 ], [ -82.17972, 30.071224 ], [ -82.177565, 30.075243 ], [ -82.176673, 30.078758 ], [ -82.176692, 30.080298 ], [ -82.175205, 30.082251 ], [ -82.17549, 30.084308 ], [ -82.174294, 30.088499 ], [ -82.174148, 30.091238 ], [ -82.172851, 30.094423 ], [ -82.170257, 30.097266 ], [ -82.169921, 30.099203 ], [ -82.166967, 30.100709 ], [ -82.163918, 30.101748 ], [ -82.162981, 30.102782 ], [ -82.158926, 30.104492 ], [ -82.154326, 30.106928 ], [ -82.152143, 30.107566 ], [ -82.150574, 30.108803 ], [ -82.14734, 30.109985 ], [ -82.146188, 30.112366 ], [ -82.142372, 30.116303 ], [ -82.140091, 30.122331 ], [ -82.138895, 30.123931 ], [ -82.137909, 30.127354 ], [ -82.137959, 30.128822 ], [ -82.140571, 30.132723 ], [ -82.141419, 30.132932 ], [ -82.144052, 30.131657 ], [ -82.14569, 30.132037 ], [ -82.14598, 30.135503 ], [ -82.145308, 30.138005 ], [ -82.142877, 30.141404 ], [ -82.142578, 30.143117 ], [ -82.145454, 30.143091 ], [ -82.186629, 30.142742 ], [ -82.212119, 30.142528 ], [ -82.215793, 30.142699 ], [ -82.287015, 30.141734 ], [ -82.359395, 30.141041 ], [ -82.359381, 30.139294 ], [ -82.443667, 30.138086 ], [ -82.447354, 30.137812 ], [ -82.458364, 30.136449 ], [ -82.458257, 30.128989 ], [ -82.454494, 30.126116 ], [ -82.452518, 30.123887 ], [ -82.45258, 30.122069 ], [ -82.453723, 30.119728 ], [ -82.454538, 30.116047 ], [ -82.455398, 30.110619 ], [ -82.455322, 30.108349 ], [ -82.455985, 30.105584 ], [ -82.457174, 30.103472 ], [ -82.459311, 30.10158 ], [ -82.468172, 30.096968 ], [ -82.470537, 30.096786 ], [ -82.473423, 30.095322 ], [ -82.475982, 30.095063 ], [ -82.477342, 30.094452 ], [ -82.480422, 30.094209 ], [ -82.482205, 30.093466 ], [ -82.485145, 30.091342 ], [ -82.487909, 30.090769 ], [ -82.489945, 30.089706 ], [ -82.491729, 30.089755 ], [ -82.499039, 30.088822 ], [ -82.500598, 30.086927 ], [ -82.501996, 30.086339 ], [ -82.50342, 30.084541 ], [ -82.505355, 30.084141 ], [ -82.50879, 30.082349 ], [ -82.51194, 30.081069 ], [ -82.513509, 30.079359 ], [ -82.516615, 30.078106 ], [ -82.51721, 30.077116 ], [ -82.519019, 30.076011 ], [ -82.519582, 30.074686 ], [ -82.5221, 30.072272 ], [ -82.525137, 30.067879 ], [ -82.526085, 30.067345 ], [ -82.528337, 30.06392 ], [ -82.53186, 30.061247 ], [ -82.531468, 30.059977 ], [ -82.533262, 30.057352 ], [ -82.535415, 30.055061 ], [ -82.535624, 30.051343 ], [ -82.53711, 30.050315 ], [ -82.537383, 30.046624 ], [ -82.539116, 30.04426 ], [ -82.539078, 30.041526 ], [ -82.537966, 30.040767 ], [ -82.538832, 30.040157 ], [ -82.539497, 30.0348 ], [ -82.537184, 30.032721 ], [ -82.535218, 30.032412 ], [ -82.534315, 30.030558 ], [ -82.53501, 30.029607 ], [ -82.534689, 30.027781 ], [ -82.536629, 30.026313 ], [ -82.536566, 30.025323 ], [ -82.539657, 30.024367 ], [ -82.540549, 30.023685 ], [ -82.540144, 30.022211 ], [ -82.544961, 30.019995 ], [ -82.548911, 30.020166 ], [ -82.553284, 30.018775 ], [ -82.555023, 30.017163 ], [ -82.558271, 30.015668 ], [ -82.560029, 30.015817 ], [ -82.562606, 30.01613 ], [ -82.565501, 30.013545 ], [ -82.567542, 30.013457 ], [ -82.57158, 30.010706 ], [ -82.573116, 30.010651 ], [ -82.573488, 30.007456 ], [ -82.572243, 30.005954 ], [ -82.572351, 30.003973 ], [ -82.571718, 30.002677 ], [ -82.572151, 29.998706 ], [ -82.573535, 29.997661 ], [ -82.574065, 29.995632 ], [ -82.573553, 29.993206 ], [ -82.575991, 29.990857 ], [ -82.574424, 29.988916 ] ] ] ] } },
{ "type": "Feature", "properties": { "STATEFP": "12", "COUNTYFP": "069", "COUNTYNS": "00308551", "GEOIDFQ": "0500000US12069", "GEOID": "12069", "NAME": "Lake", "NAMELSAD": "Lake County", "STUSPS": "FL", "STATE_NAME": "Florida", "LSAD": "06", "ALAND": 2466005448.0, "AWATER": 529992538.0, "STATE_NAME_HYPHEN": "Florida" }, "geometry": { "type": "MultiPolygon", "coordinates": [ [ [ [ -81.957641, 28.34518 ], [ -81.940285, 28.345185 ], [ -81.857512, 28.345965 ], [ -81.857624, 28.361868 ], [ -81.818903, 28.361712 ], [ -81.790887, 28.361837 ], [ -81.790727, 28.346413 ], [ -81.706077, 28.346603 ], [ -81.683011, 28.34685 ], [ -81.673781, 28.347024 ], [ -81.664299, 28.347067 ], [ -81.657268, 28.347098 ], [ -81.657189, 28.34757 ], [ -81.657169, 28.360978 ], [ -81.657182, 28.381087 ], [ -81.657263, 28.384076 ], [ -81.657399, 28.434142 ], [ -81.65743, 28.45006 ], [ -81.657496, 28.450591 ], [ -81.65749, 28.474163 ], [ -81.65746, 28.508814 ], [ -81.657398, 28.514239 ], [ -81.657492, 28.522191 ], [ -81.657495, 28.522399 ], [ -81.657292, 28.544729 ], [ -81.657273, 28.546148 ], [ -81.657275, 28.546179 ], [ -81.657288, 28.546391 ], [ -81.65739, 28.553122 ], [ -81.657295, 28.557002 ], [ -81.657247, 28.563215 ], [ -81.657205, 28.569827 ], [ -81.652877, 28.570946 ], [ -81.651404, 28.575116 ], [ -81.652058, 28.577218 ], [ -81.65197, 28.580151 ], [ -81.650635, 28.58195 ], [ -81.649058, 28.582456 ], [ -81.648104, 28.58448 ], [ -81.649892, 28.587006 ], [ -81.653457, 28.590446 ], [ -81.657199, 28.592567 ], [ -81.657168, 28.59517 ], [ -81.656926, 28.607803 ], [ -81.658206, 28.658942 ], [ -81.658466, 28.676798 ], [ -81.658603, 28.740313 ], [ -81.658561, 28.745827 ], [ -81.658597, 28.766442 ], [ -81.656373, 28.769835 ], [ -81.655941, 28.768977 ], [ -81.653947, 28.76745 ], [ -81.653209, 28.766097 ], [ -81.651028, 28.766137 ], [ -81.648957, 28.766946 ], [ -81.646546, 28.769812 ], [ -81.645169, 28.772685 ], [ -81.644762, 28.776027 ], [ -81.646, 28.781813 ], [ -81.647714, 28.783911 ], [ -81.646513, 28.785872 ], [ -81.635725, 28.785886 ], [ -81.62464, 28.785932 ], [ -81.622337, 28.78597 ], [ -81.592971, 28.78597 ], [ -81.559935, 28.78607 ], [ -81.547533, 28.78607 ], [ -81.543341, 28.786087 ], [ -81.543327, 28.786086 ], [ -81.539202, 28.786069 ], [ -81.533131, 28.786068 ], [ -81.528563, 28.786069 ], [ -81.527392, 28.786069 ], [ -81.517267, 28.786071 ], [ -81.477368, 28.78619 ], [ -81.469354, 28.785779 ], [ -81.450197, 28.785655 ], [ -81.414682, 28.785564 ], [ -81.415529, 28.78589 ], [ -81.414009, 28.789783 ], [ -81.413762, 28.792604 ], [ -81.415108, 28.797143 ], [ -81.415708, 28.802576 ], [ -81.418187, 28.806474 ], [ -81.418031, 28.80816 ], [ -81.41885, 28.810574 ], [ -81.419555, 28.815181 ], [ -81.419199, 28.818315 ], [ -81.416846, 28.824569 ], [ -81.41575, 28.826372 ], [ -81.414377, 28.8275 ], [ -81.412004, 28.830577 ], [ -81.40911, 28.832476 ], [ -81.409232, 28.833191 ], [ -81.407288, 28.834769 ], [ -81.403862, 28.83483 ], [ -81.403047, 28.837176 ], [ -81.400525, 28.838705 ], [ -81.398393, 28.840668 ], [ -81.398397, 28.841887 ], [ -81.39466, 28.842106 ], [ -81.390122, 28.849013 ], [ -81.388068, 28.849898 ], [ -81.386304, 28.849915 ], [ -81.382965, 28.851994 ], [ -81.382008, 28.85392 ], [ -81.380007, 28.856477 ], [ -81.379918, 28.858106 ], [ -81.376917, 28.861142 ], [ -81.375013, 28.862288 ], [ -81.376006, 28.865901 ], [ -81.375684, 28.866477 ], [ -81.374115, 28.869764 ], [ -81.37238, 28.8689 ], [ -81.369692, 28.870536 ], [ -81.368608, 28.872921 ], [ -81.366296, 28.873602 ], [ -81.36694, 28.879227 ], [ -81.366312, 28.88 ], [ -81.364169, 28.879096 ], [ -81.363052, 28.879707 ], [ -81.365372, 28.882859 ], [ -81.365964, 28.884747 ], [ -81.366124, 28.887755 ], [ -81.364535, 28.890262 ], [ -81.361774, 28.889808 ], [ -81.358912, 28.887272 ], [ -81.357168, 28.887149 ], [ -81.355771, 28.890155 ], [ -81.354835, 28.892607 ], [ -81.354758, 28.895091 ], [ -81.355755, 28.896602 ], [ -81.352788, 28.896685 ], [ -81.354059, 28.898458 ], [ -81.356507, 28.898826 ], [ -81.357819, 28.90041 ], [ -81.357531, 28.903722 ], [ -81.360171, 28.90665 ], [ -81.359029, 28.908673 ], [ -81.356667, 28.910538 ], [ -81.357035, 28.911514 ], [ -81.359451, 28.913178 ], [ -81.359543, 28.913961 ], [ -81.357579, 28.916842 ], [ -81.354123, 28.920905 ], [ -81.351998, 28.920651 ], [ -81.352767, 28.923117 ], [ -81.353323, 28.926441 ], [ -81.355147, 28.928425 ], [ -81.355371, 28.929929 ], [ -81.354379, 28.931481 ], [ -81.351435, 28.932841 ], [ -81.351467, 28.934089 ], [ -81.353499, 28.936809 ], [ -81.350603, 28.938313 ], [ -81.349723, 28.939641 ], [ -81.353214, 28.939126 ], [ -81.354678, 28.939582 ], [ -81.35556, 28.941172 ], [ -81.355229, 28.942504 ], [ -81.353685, 28.944282 ], [ -81.352966, 28.946246 ], [ -81.354875, 28.947241 ], [ -81.35742, 28.944825 ], [ -81.359302, 28.944571 ], [ -81.359172, 28.945815 ], [ -81.354619, 28.948391 ], [ -81.353956, 28.949575 ], [ -81.355608, 28.951126 ], [ -81.359593, 28.951113 ], [ -81.360375, 28.95174 ], [ -81.360264, 28.953721 ], [ -81.359019, 28.954211 ], [ -81.35892, 28.955945 ], [ -81.359658, 28.956351 ], [ -81.361673, 28.957104 ], [ -81.363618, 28.955805 ], [ -81.368078, 28.955407 ], [ -81.370889, 28.958262 ], [ -81.370633, 28.958851 ], [ -81.366817, 28.959694 ], [ -81.36581, 28.960855 ], [ -81.36613, 28.962308 ], [ -81.369392, 28.967446 ], [ -81.369193, 28.968937 ], [ -81.367034, 28.967969 ], [ -81.364244, 28.968642 ], [ -81.363387, 28.97004 ], [ -81.362664, 28.974381 ], [ -81.360762, 28.976775 ], [ -81.356874, 28.979911 ], [ -81.355674, 28.981591 ], [ -81.354682, 28.984807 ], [ -81.355898, 28.987047 ], [ -81.358394, 28.989367 ], [ -81.361706, 28.991399 ], [ -81.36441, 28.992727 ], [ -81.369626, 28.993207 ], [ -81.372955, 28.993095 ], [ -81.375674, 28.993999 ], [ -81.375289, 28.995585 ], [ -81.372298, 28.997143 ], [ -81.37281, 28.99919 ], [ -81.375284, 28.99924 ], [ -81.376939, 28.998609 ], [ -81.378154, 28.99894 ], [ -81.379105, 29.00274 ], [ -81.380772, 29.007395 ], [ -81.382546, 29.008322 ], [ -81.388189, 29.010689 ], [ -81.388669, 29.01195 ], [ -81.387502, 29.014454 ], [ -81.387726, 29.016191 ], [ -81.392084, 29.019979 ], [ -81.393437, 29.019822 ], [ -81.395227, 29.018668 ], [ -81.395763, 29.019754 ], [ -81.394955, 29.021213 ], [ -81.394756, 29.024138 ], [ -81.395313, 29.025152 ], [ -81.400644, 29.029943 ], [ -81.402855, 29.032469 ], [ -81.40397, 29.032935 ], [ -81.40671, 29.032543 ], [ -81.408448, 29.031154 ], [ -81.409896, 29.031267 ], [ -81.410923, 29.032351 ], [ -81.41149, 29.03505 ], [ -81.413193, 29.037199 ], [ -81.415385, 29.038356 ], [ -81.418753, 29.037986 ], [ -81.420766, 29.039421 ], [ -81.423115, 29.042673 ], [ -81.42579, 29.044812 ], [ -81.427544, 29.045548 ], [ -81.429401, 29.045346 ], [ -81.430558, 29.044194 ], [ -81.43221, 29.04442 ], [ -81.433757, 29.046244 ], [ -81.436321, 29.048035 ], [ -81.438036, 29.050646 ], [ -81.441444, 29.054789 ], [ -81.445457, 29.061367 ], [ -81.446699, 29.062323 ], [ -81.452262, 29.061647 ], [ -81.454564, 29.062363 ], [ -81.455289, 29.063071 ], [ -81.455954, 29.065944 ], [ -81.455297, 29.068584 ], [ -81.455764, 29.071548 ], [ -81.457077, 29.072609 ], [ -81.459535, 29.073462 ], [ -81.460703, 29.074661 ], [ -81.460919, 29.076632 ], [ -81.460484, 29.078259 ], [ -81.458218, 29.080203 ], [ -81.455891, 29.080489 ], [ -81.454383, 29.081984 ], [ -81.454608, 29.083462 ], [ -81.456792, 29.08755 ], [ -81.457262, 29.091606 ], [ -81.459158, 29.094224 ], [ -81.463046, 29.095086 ], [ -81.466351, 29.096703 ], [ -81.467856, 29.097043 ], [ -81.47033, 29.096796 ], [ -81.472891, 29.09515 ], [ -81.475308, 29.094442 ], [ -81.48142, 29.093991 ], [ -81.484194, 29.093136 ], [ -81.48697, 29.092911 ], [ -81.488841, 29.093193 ], [ -81.492001, 29.095537 ], [ -81.497483, 29.095671 ], [ -81.500993, 29.096812 ], [ -81.502055, 29.097802 ], [ -81.501477, 29.099725 ], [ -81.500486, 29.101338 ], [ -81.500316, 29.102501 ], [ -81.501576, 29.105118 ], [ -81.502797, 29.106274 ], [ -81.506739, 29.112184 ], [ -81.506333, 29.117819 ], [ -81.504534, 29.123711 ], [ -81.506192, 29.126659 ], [ -81.507592, 29.128259 ], [ -81.509992, 29.132758 ], [ -81.512892, 29.135558 ], [ -81.514092, 29.138358 ], [ -81.514693, 29.142558 ], [ -81.516093, 29.144958 ], [ -81.517288, 29.148275 ], [ -81.519826, 29.152484 ], [ -81.5226, 29.156031 ], [ -81.523573, 29.158668 ], [ -81.5236, 29.161005 ], [ -81.52182, 29.166164 ], [ -81.52258, 29.1677 ], [ -81.523874, 29.169164 ], [ -81.526182, 29.17035 ], [ -81.529708, 29.17094 ], [ -81.531481, 29.172334 ], [ -81.531056, 29.175923 ], [ -81.531465, 29.176919 ], [ -81.532576, 29.177615 ], [ -81.540234, 29.179194 ], [ -81.542857, 29.180484 ], [ -81.544067, 29.181081 ], [ -81.546502, 29.184569 ], [ -81.548919, 29.185061 ], [ -81.551942, 29.184452 ], [ -81.553957, 29.184647 ], [ -81.554464, 29.185344 ], [ -81.553588, 29.188034 ], [ -81.554101, 29.189529 ], [ -81.555212, 29.190526 ], [ -81.557145, 29.193913 ], [ -81.558074, 29.197402 ], [ -81.560905, 29.20019 ], [ -81.564331, 29.200581 ], [ -81.570578, 29.201962 ], [ -81.572055, 29.203352 ], [ -81.575813, 29.20287 ], [ -81.57823, 29.20175 ], [ -81.580215, 29.20145 ], [ -81.582579, 29.200256 ], [ -81.585526, 29.200106 ], [ -81.588824, 29.199264 ], [ -81.5931, 29.198999 ], [ -81.599948, 29.199757 ], [ -81.604608, 29.200531 ], [ -81.610252, 29.202565 ], [ -81.612259, 29.202828 ], [ -81.612322, 29.2045 ], [ -81.614317, 29.20631 ], [ -81.6146, 29.207636 ], [ -81.616834, 29.210512 ], [ -81.617312, 29.212927 ], [ -81.614988, 29.217291 ], [ -81.61583, 29.221208 ], [ -81.61674, 29.222429 ], [ -81.619303, 29.22859 ], [ -81.621681, 29.230168 ], [ -81.622748, 29.232176 ], [ -81.625878, 29.235884 ], [ -81.629389, 29.239148 ], [ -81.62967, 29.240128 ], [ -81.632442, 29.242929 ], [ -81.63399, 29.244779 ], [ -81.634811, 29.247267 ], [ -81.63371, 29.250258 ], [ -81.634242, 29.251678 ], [ -81.63389, 29.25434 ], [ -81.635707, 29.25861 ], [ -81.63711, 29.263001 ], [ -81.638206, 29.267431 ], [ -81.640387, 29.273857 ], [ -81.641916, 29.276766 ], [ -81.642019, 29.270065 ], [ -81.642025, 29.269717 ], [ -81.641898, 29.250454 ], [ -81.640517, 29.1316 ], [ -81.638696, 29.04776 ], [ -81.641143, 29.04776 ], [ -81.659197, 29.04776 ], [ -81.659164, 29.000262 ], [ -81.659033, 28.989593 ], [ -81.658698, 28.960345 ], [ -81.681783, 28.960081 ], [ -81.690426, 28.960195 ], [ -81.696067, 28.960068 ], [ -81.719094, 28.961104 ], [ -81.734926, 28.96113 ], [ -81.761654, 28.960932 ], [ -81.785347, 28.960871 ], [ -81.842194, 28.961024 ], [ -81.842314, 28.959891 ], [ -81.854842, 28.959778 ], [ -81.874803, 28.960322 ], [ -81.883271, 28.960004 ], [ -81.894542, 28.960228 ], [ -81.895973, 28.959913 ], [ -81.92743, 28.960053 ], [ -81.929148, 28.959999 ], [ -81.936059, 28.960047 ], [ -81.940894, 28.960012 ], [ -81.941747, 28.960006 ], [ -81.949542, 28.960065 ], [ -81.95419, 28.960053 ], [ -81.954182, 28.958124 ], [ -81.954148, 28.953535 ], [ -81.954121, 28.949161 ], [ -81.954078, 28.935167 ], [ -81.954002, 28.929047 ], [ -81.953968, 28.925802 ], [ -81.953902, 28.920378 ], [ -81.953893, 28.919683 ], [ -81.953855, 28.916623 ], [ -81.953754, 28.916028 ], [ -81.95363, 28.90878 ], [ -81.953615, 28.90565 ], [ -81.953607, 28.904703 ], [ -81.95359, 28.903258 ], [ -81.953539, 28.89525 ], [ -81.953519, 28.892354 ], [ -81.95348, 28.88726 ], [ -81.95346, 28.886991 ], [ -81.953382, 28.882139 ], [ -81.953333, 28.878504 ], [ -81.953412, 28.865411 ], [ -81.953435, 28.86356 ], [ -81.953436, 28.863438 ], [ -81.953444, 28.861764 ], [ -81.953517, 28.847917 ], [ -81.953521, 28.847147 ], [ -81.95358, 28.836434 ], [ -81.953591, 28.83451 ], [ -81.953626, 28.828879 ], [ -81.953628, 28.82076 ], [ -81.953624, 28.820568 ], [ -81.953672, 28.810433 ], [ -81.953634, 28.803184 ], [ -81.953616, 28.799553 ], [ -81.953585, 28.791247 ], [ -81.953657, 28.785081 ], [ -81.953788, 28.76953 ], [ -81.953661, 28.75533 ], [ -81.953668, 28.755171 ], [ -81.953983, 28.748314 ], [ -81.953995, 28.748028 ], [ -81.954045, 28.729016 ], [ -81.953925, 28.727816 ], [ -81.954334, 28.700619 ], [ -81.954353, 28.687887 ], [ -81.954341, 28.682508 ], [ -81.954342, 28.680247 ], [ -81.954365, 28.677022 ], [ -81.954385, 28.673369 ], [ -81.954417, 28.667883 ], [ -81.954496, 28.655692 ], [ -81.954928, 28.642426 ], [ -81.954072, 28.580684 ], [ -81.954814, 28.52384 ], [ -81.95619, 28.41592 ], [ -81.95607, 28.41416 ], [ -81.95616, 28.41358 ], [ -81.957641, 28.34518 ] ] ] ] } },
{ "type": "Feature", "properties": { "STATEFP": "12", "COUNTYFP": "083", "COUNTYNS": "00306922", "GEOIDFQ": "0500000US12083", "GEOID": "12083", "NAME": "Marion", "NAMELSAD": "Marion County", "STUSPS": "FL", "STATE_NAME": "Florida", "LSAD": "06", "ALAND": 4113994500.0, "AWATER": 192281277.0, "STATE_NAME_HYPHEN": "Florida" }, "geometry": { "type": "MultiPolygon", "coordinates": [ [ [ [ -82.535713, 29.113163 ], [ -82.535007, 29.05379 ], [ -82.535591, 29.044855 ], [ -82.534477, 29.044532 ], [ -82.533914, 29.042559 ], [ -82.534922, 29.040866 ], [ -82.531931, 29.041057 ], [ -82.531203, 29.043076 ], [ -82.530378, 29.043627 ], [ -82.52776, 29.042529 ], [ -82.52581, 29.043118 ], [ -82.524945, 29.042255 ], [ -82.525683, 29.041471 ], [ -82.52501, 29.04059 ], [ -82.524208, 29.041957 ], [ -82.523197, 29.041767 ], [ -82.52313, 29.039999 ], [ -82.520483, 29.039788 ], [ -82.516825, 29.042353 ], [ -82.516939, 29.044199 ], [ -82.513, 29.043157 ], [ -82.511583, 29.043234 ], [ -82.511769, 29.0412 ], [ -82.509652, 29.041402 ], [ -82.508606, 29.040333 ], [ -82.510041, 29.03786 ], [ -82.508131, 29.037479 ], [ -82.502719, 29.041647 ], [ -82.500612, 29.041134 ], [ -82.500156, 29.041843 ], [ -82.498379, 29.041784 ], [ -82.495227, 29.044354 ], [ -82.494051, 29.046214 ], [ -82.491064, 29.047332 ], [ -82.489757, 29.048395 ], [ -82.487118, 29.048375 ], [ -82.488588, 29.05014 ], [ -82.488072, 29.051449 ], [ -82.485111, 29.051506 ], [ -82.483388, 29.051246 ], [ -82.482059, 29.052483 ], [ -82.47881, 29.052217 ], [ -82.477893, 29.052565 ], [ -82.476646, 29.051148 ], [ -82.472923, 29.051203 ], [ -82.473588, 29.049621 ], [ -82.473176, 29.048494 ], [ -82.470546, 29.046582 ], [ -82.468983, 29.046811 ], [ -82.468233, 29.04786 ], [ -82.467054, 29.048029 ], [ -82.4648, 29.045762 ], [ -82.464326, 29.045191 ], [ -82.46349, 29.044641 ], [ -82.460797, 29.046742 ], [ -82.458566, 29.04765 ], [ -82.45835, 29.044348 ], [ -82.457113, 29.042792 ], [ -82.454028, 29.040057 ], [ -82.452625, 29.039524 ], [ -82.451493, 29.040066 ], [ -82.445061, 29.036582 ], [ -82.444398, 29.036018 ], [ -82.441777, 29.035484 ], [ -82.44235, 29.034036 ], [ -82.441498, 29.032549 ], [ -82.438871, 29.032845 ], [ -82.437875, 29.031111 ], [ -82.437433, 29.0292 ], [ -82.436619, 29.029875 ], [ -82.435124, 29.029406 ], [ -82.436532, 29.027691 ], [ -82.434242, 29.026645 ], [ -82.432794, 29.027798 ], [ -82.432112, 29.027057 ], [ -82.431972, 29.024624 ], [ -82.429751, 29.02377 ], [ -82.431085, 29.023208 ], [ -82.429142, 29.022742 ], [ -82.429601, 29.021334 ], [ -82.426997, 29.021385 ], [ -82.425011, 29.021694 ], [ -82.424706, 29.021064 ], [ -82.425739, 29.019396 ], [ -82.423884, 29.018615 ], [ -82.42047, 29.01854 ], [ -82.419553, 29.017692 ], [ -82.42033, 29.014616 ], [ -82.418226, 29.01305 ], [ -82.416365, 29.013337 ], [ -82.412959, 29.014814 ], [ -82.410607, 29.015455 ], [ -82.409677, 29.0152 ], [ -82.40838, 29.017025 ], [ -82.407041, 29.016563 ], [ -82.405023, 29.016685 ], [ -82.403273, 29.018863 ], [ -82.401637, 29.018996 ], [ -82.402166, 29.016104 ], [ -82.40122, 29.015583 ], [ -82.400303, 29.016504 ], [ -82.397676, 29.017011 ], [ -82.398315, 29.015836 ], [ -82.397612, 29.015051 ], [ -82.395042, 29.014544 ], [ -82.395444, 29.013184 ], [ -82.397367, 29.012552 ], [ -82.397577, 29.011491 ], [ -82.394888, 29.010147 ], [ -82.393503, 29.008006 ], [ -82.391955, 29.008372 ], [ -82.390635, 29.009914 ], [ -82.390767, 29.008463 ], [ -82.389583, 29.008059 ], [ -82.386871, 29.009262 ], [ -82.385858, 29.008078 ], [ -82.381837, 29.006265 ], [ -82.378647, 29.005217 ], [ -82.377953, 29.0046 ], [ -82.37871, 29.002502 ], [ -82.37698, 29.000696 ], [ -82.375, 29.001968 ], [ -82.373446, 29.002368 ], [ -82.369613, 29.001795 ], [ -82.368799, 29.00105 ], [ -82.366411, 29.002616 ], [ -82.363933, 29.001811 ], [ -82.364362, 29.001073 ], [ -82.363169, 28.999085 ], [ -82.361831, 28.998315 ], [ -82.363247, 28.996963 ], [ -82.362074, 28.995671 ], [ -82.361575, 28.993649 ], [ -82.357609, 28.993144 ], [ -82.356336, 28.991703 ], [ -82.352394, 28.991242 ], [ -82.349612, 28.988672 ], [ -82.347834, 28.987842 ], [ -82.345809, 28.987104 ], [ -82.342901, 28.987244 ], [ -82.341364, 28.987776 ], [ -82.339901, 28.98604 ], [ -82.337856, 28.984761 ], [ -82.337157, 28.983519 ], [ -82.335335, 28.983124 ], [ -82.333944, 28.981523 ], [ -82.333224, 28.982368 ], [ -82.332096, 28.98197 ], [ -82.331349, 28.980424 ], [ -82.330095, 28.980026 ], [ -82.329674, 28.97895 ], [ -82.327325, 28.978809 ], [ -82.32493, 28.976706 ], [ -82.323238, 28.976086 ], [ -82.323163, 28.975335 ], [ -82.321281, 28.97535 ], [ -82.321284, 28.974027 ], [ -82.32106, 28.973493 ], [ -82.320274, 28.973146 ], [ -82.319833, 28.973118 ], [ -82.319309, 28.973803 ], [ -82.319271, 28.974405 ], [ -82.317697, 28.973424 ], [ -82.315836, 28.973271 ], [ -82.315619, 28.970876 ], [ -82.313397, 28.969476 ], [ -82.312254, 28.966645 ], [ -82.312067, 28.9649 ], [ -82.311686, 28.963737 ], [ -82.311753, 28.9606 ], [ -82.311697, 28.960391 ], [ -82.311266, 28.960399 ], [ -82.311328, 28.960374 ], [ -82.249815, 28.96053 ], [ -82.247993, 28.960308 ], [ -82.21946, 28.960113 ], [ -82.173113, 28.95999 ], [ -82.123879, 28.960186 ], [ -82.123647, 28.960197 ], [ -82.11992, 28.96006 ], [ -82.07966, 28.9602 ], [ -82.078633, 28.960256 ], [ -82.040671, 28.960116 ], [ -82.040189, 28.96013 ], [ -82.01639, 28.96014 ], [ -82.016302, 28.960138 ], [ -82.002212, 28.959937 ], [ -81.995662, 28.959921 ], [ -81.988774, 28.95995 ], [ -81.965419, 28.960043 ], [ -81.965139, 28.960043 ], [ -81.95419, 28.960053 ], [ -81.949542, 28.960065 ], [ -81.941747, 28.960006 ], [ -81.940894, 28.960012 ], [ -81.936059, 28.960047 ], [ -81.929148, 28.959999 ], [ -81.92743, 28.960053 ], [ -81.895973, 28.959913 ], [ -81.894542, 28.960228 ], [ -81.883271, 28.960004 ], [ -81.874803, 28.960322 ], [ -81.854842, 28.959778 ], [ -81.842314, 28.959891 ], [ -81.842194, 28.961024 ], [ -81.785347, 28.960871 ], [ -81.761654, 28.960932 ], [ -81.734926, 28.96113 ], [ -81.719094, 28.961104 ], [ -81.696067, 28.960068 ], [ -81.690426, 28.960195 ], [ -81.681783, 28.960081 ], [ -81.658698, 28.960345 ], [ -81.659033, 28.989593 ], [ -81.659164, 29.000262 ], [ -81.659197, 29.04776 ], [ -81.641143, 29.04776 ], [ -81.638696, 29.04776 ], [ -81.640517, 29.1316 ], [ -81.641898, 29.250454 ], [ -81.642025, 29.269717 ], [ -81.642019, 29.270065 ], [ -81.641916, 29.276766 ], [ -81.645303, 29.281292 ], [ -81.646507, 29.284357 ], [ -81.647774, 29.286008 ], [ -81.648507, 29.288352 ], [ -81.648438, 29.290173 ], [ -81.652139, 29.296352 ], [ -81.653569, 29.29737 ], [ -81.655677, 29.29994 ], [ -81.660059, 29.29916 ], [ -81.661383, 29.299732 ], [ -81.664308, 29.299892 ], [ -81.667885, 29.301488 ], [ -81.672134, 29.305274 ], [ -81.673264, 29.306644 ], [ -81.675523, 29.310628 ], [ -81.679584, 29.320157 ], [ -81.680903, 29.32443 ], [ -81.680795, 29.328415 ], [ -81.680399, 29.330401 ], [ -81.678924, 29.334015 ], [ -81.677247, 29.336662 ], [ -81.675403, 29.338646 ], [ -81.673997, 29.33934 ], [ -81.671947, 29.339485 ], [ -81.667392, 29.341134 ], [ -81.664016, 29.341243 ], [ -81.661283, 29.339314 ], [ -81.659032, 29.337209 ], [ -81.657054, 29.337286 ], [ -81.656256, 29.338243 ], [ -81.656563, 29.340284 ], [ -81.659125, 29.342419 ], [ -81.660725, 29.343274 ], [ -81.660252, 29.345651 ], [ -81.658959, 29.346089 ], [ -81.657723, 29.348031 ], [ -81.659468, 29.351134 ], [ -81.661255, 29.352959 ], [ -81.662406, 29.357091 ], [ -81.661851, 29.359339 ], [ -81.661136, 29.360061 ], [ -81.662645, 29.36347 ], [ -81.664926, 29.365952 ], [ -81.666469, 29.368758 ], [ -81.668033, 29.370026 ], [ -81.668525, 29.371704 ], [ -81.696113, 29.370977 ], [ -81.706191, 29.371102 ], [ -81.711696, 29.370768 ], [ -81.71808, 29.370989 ], [ -81.735706, 29.370937 ], [ -81.741422, 29.371049 ], [ -81.741623, 29.374873 ], [ -81.741312, 29.404387 ], [ -81.74139, 29.41268 ], [ -81.741931, 29.422587 ], [ -81.74183, 29.42994 ], [ -81.774905, 29.429249 ], [ -81.775945, 29.475782 ], [ -81.776205, 29.487448 ], [ -81.784536, 29.48731 ], [ -81.788738, 29.487241 ], [ -81.83086, 29.48642 ], [ -81.842779, 29.486533 ], [ -81.842701, 29.505529 ], [ -81.843009, 29.521004 ], [ -81.844929, 29.521678 ], [ -81.849611, 29.521341 ], [ -81.850867, 29.520485 ], [ -81.84946, 29.519245 ], [ -81.85072, 29.518058 ], [ -81.852445, 29.517541 ], [ -81.853459, 29.518027 ], [ -81.853845, 29.516814 ], [ -81.859225, 29.516833 ], [ -81.86115, 29.514892 ], [ -81.863603, 29.515353 ], [ -81.865021, 29.514626 ], [ -81.86582, 29.515214 ], [ -81.869867, 29.514685 ], [ -81.870506, 29.51408 ], [ -81.873427, 29.515041 ], [ -81.87687, 29.513276 ], [ -81.882008, 29.512923 ], [ -81.882879, 29.511909 ], [ -81.884113, 29.513093 ], [ -81.886023, 29.512666 ], [ -81.885768, 29.511516 ], [ -81.887418, 29.510842 ], [ -81.88794, 29.5092 ], [ -81.891179, 29.510477 ], [ -81.894442, 29.513392 ], [ -81.896681, 29.513252 ], [ -81.896569, 29.515077 ], [ -81.901689, 29.515955 ], [ -81.902947, 29.514735 ], [ -81.90471, 29.514706 ], [ -81.904134, 29.512822 ], [ -81.906692, 29.514235 ], [ -81.906327, 29.51252 ], [ -81.907732, 29.5115 ], [ -81.907013, 29.509252 ], [ -81.908122, 29.508377 ], [ -81.909954, 29.504854 ], [ -81.910638, 29.505692 ], [ -81.911821, 29.503968 ], [ -81.913341, 29.504582 ], [ -81.912911, 29.505826 ], [ -81.917701, 29.509124 ], [ -81.919351, 29.511598 ], [ -81.920898, 29.511058 ], [ -81.92239, 29.512862 ], [ -81.924763, 29.512846 ], [ -81.926982, 29.514204 ], [ -81.929685, 29.514827 ], [ -81.930411, 29.516245 ], [ -81.931821, 29.516445 ], [ -81.935524, 29.514423 ], [ -81.937072, 29.512707 ], [ -81.938537, 29.513444 ], [ -81.940606, 29.512151 ], [ -81.94182, 29.512558 ], [ -81.942726, 29.511337 ], [ -81.944581, 29.511854 ], [ -81.94631, 29.509607 ], [ -81.94992, 29.508129 ], [ -81.951845, 29.507887 ], [ -81.953505, 29.507084 ], [ -81.958014, 29.506665 ], [ -81.959184, 29.505663 ], [ -81.962517, 29.504788 ], [ -81.964158, 29.503814 ], [ -81.966277, 29.503924 ], [ -81.968406, 29.50305 ], [ -81.971327, 29.503862 ], [ -81.975584, 29.503124 ], [ -81.97693, 29.503404 ], [ -81.977515, 29.502501 ], [ -81.981766, 29.502269 ], [ -81.983999, 29.503231 ], [ -81.986834, 29.501591 ], [ -81.989343, 29.5022 ], [ -81.990859, 29.501259 ], [ -81.994575, 29.501676 ], [ -81.9966, 29.501554 ], [ -81.998619, 29.502141 ], [ -82.00163, 29.501659 ], [ -82.004385, 29.501715 ], [ -82.006585, 29.499563 ], [ -82.009924, 29.499647 ], [ -82.012647, 29.498839 ], [ -82.014238, 29.498911 ], [ -82.015176, 29.498042 ], [ -82.017767, 29.497301 ], [ -82.019654, 29.496289 ], [ -82.020911, 29.496278 ], [ -82.024333, 29.494805 ], [ -82.026295, 29.494739 ], [ -82.029565, 29.4921 ], [ -82.032026, 29.491368 ], [ -82.035403, 29.487597 ], [ -82.037581, 29.486176 ], [ -82.04225, 29.479703 ], [ -82.04418, 29.478002 ], [ -82.049809, 29.474305 ], [ -82.055899, 29.471232 ], [ -82.055643, 29.441847 ], [ -82.056747, 29.439951 ], [ -82.059614, 29.439331 ], [ -82.064016, 29.439576 ], [ -82.065089, 29.4419 ], [ -82.067155, 29.443798 ], [ -82.071291, 29.443271 ], [ -82.071726, 29.442609 ], [ -82.070326, 29.439195 ], [ -82.070088, 29.436811 ], [ -82.070522, 29.434236 ], [ -82.074024, 29.434647 ], [ -82.076102, 29.43682 ], [ -82.075901, 29.43875 ], [ -82.078387, 29.440149 ], [ -82.080943, 29.440386 ], [ -82.083806, 29.437892 ], [ -82.085674, 29.43723 ], [ -82.087613, 29.435704 ], [ -82.088886, 29.432646 ], [ -82.086692, 29.432123 ], [ -82.086053, 29.431106 ], [ -82.088277, 29.428971 ], [ -82.086535, 29.426655 ], [ -82.088123, 29.426198 ], [ -82.089427, 29.428046 ], [ -82.08893, 29.428942 ], [ -82.090473, 29.429669 ], [ -82.090951, 29.430936 ], [ -82.092514, 29.429553 ], [ -82.093048, 29.430632 ], [ -82.094537, 29.430352 ], [ -82.095729, 29.428781 ], [ -82.095455, 29.427811 ], [ -82.096874, 29.425242 ], [ -82.096683, 29.423731 ], [ -82.095524, 29.421776 ], [ -82.095629, 29.420499 ], [ -82.099199, 29.418815 ], [ -82.099941, 29.418898 ], [ -82.098839, 29.419761 ], [ -82.099674, 29.421109 ], [ -82.099425, 29.422489 ], [ -82.097787, 29.421062 ], [ -82.096817, 29.421835 ], [ -82.098515, 29.424337 ], [ -82.098716, 29.427258 ], [ -82.096999, 29.428244 ], [ -82.095897, 29.430316 ], [ -82.097859, 29.431672 ], [ -82.09751, 29.433141 ], [ -82.099438, 29.434658 ], [ -82.098914, 29.436328 ], [ -82.100499, 29.436584 ], [ -82.101143, 29.438313 ], [ -82.104124, 29.438273 ], [ -82.105231, 29.437636 ], [ -82.105688, 29.435966 ], [ -82.105914, 29.435709 ], [ -82.109795, 29.435379 ], [ -82.111933, 29.435013 ], [ -82.113886, 29.432306 ], [ -82.116004, 29.432558 ], [ -82.117782, 29.431903 ], [ -82.118465, 29.428393 ], [ -82.119319, 29.428249 ], [ -82.121148, 29.42898 ], [ -82.125239, 29.42887 ], [ -82.127193, 29.430048 ], [ -82.126613, 29.432348 ], [ -82.128096, 29.433058 ], [ -82.128637, 29.432244 ], [ -82.131973, 29.433351 ], [ -82.133059, 29.434738 ], [ -82.134505, 29.435041 ], [ -82.137824, 29.432523 ], [ -82.137586, 29.431032 ], [ -82.141024, 29.428634 ], [ -82.140849, 29.427908 ], [ -82.142483, 29.426429 ], [ -82.14406, 29.426606 ], [ -82.144174, 29.424928 ], [ -82.145298, 29.423459 ], [ -82.14251, 29.421753 ], [ -82.140563, 29.421527 ], [ -82.140338, 29.420075 ], [ -82.141758, 29.419789 ], [ -82.143479, 29.418469 ], [ -82.145792, 29.417628 ], [ -82.146483, 29.418184 ], [ -82.148519, 29.417178 ], [ -82.149467, 29.420072 ], [ -82.151018, 29.420512 ], [ -82.151552, 29.421723 ], [ -82.150019, 29.422905 ], [ -82.150658, 29.426498 ], [ -82.15365, 29.42427 ], [ -82.153079, 29.422405 ], [ -82.156301, 29.425641 ], [ -82.154875, 29.423666 ], [ -82.155762, 29.422367 ], [ -82.157289, 29.422461 ], [ -82.159085, 29.424877 ], [ -82.162862, 29.424448 ], [ -82.165155, 29.425004 ], [ -82.167888, 29.427167 ], [ -82.168423, 29.425703 ], [ -82.167267, 29.424559 ], [ -82.170502, 29.425258 ], [ -82.173399, 29.424048 ], [ -82.172281, 29.423272 ], [ -82.173682, 29.421831 ], [ -82.175492, 29.421969 ], [ -82.175825, 29.42066 ], [ -82.178131, 29.422492 ], [ -82.180387, 29.422288 ], [ -82.183233, 29.421287 ], [ -82.193626, 29.420935 ], [ -82.198043, 29.42308 ], [ -82.197735, 29.422095 ], [ -82.200079, 29.422761 ], [ -82.200142, 29.424097 ], [ -82.202122, 29.426402 ], [ -82.203624, 29.426946 ], [ -82.207237, 29.42727 ], [ -82.210165, 29.428496 ], [ -82.213245, 29.431764 ], [ -82.213731, 29.437017 ], [ -82.212475, 29.440207 ], [ -82.213644, 29.441022 ], [ -82.212846, 29.441989 ], [ -82.212886, 29.444356 ], [ -82.211314, 29.447772 ], [ -82.211704, 29.447898 ], [ -82.211572, 29.449504 ], [ -82.214596, 29.451985 ], [ -82.214087, 29.452997 ], [ -82.216878, 29.45504 ], [ -82.217722, 29.457095 ], [ -82.216446, 29.460197 ], [ -82.214929, 29.461392 ], [ -82.213398, 29.461676 ], [ -82.213703, 29.462905 ], [ -82.211782, 29.464008 ], [ -82.212727, 29.465623 ], [ -82.211661, 29.466056 ], [ -82.209548, 29.46451 ], [ -82.208857, 29.463269 ], [ -82.206624, 29.46169 ], [ -82.205272, 29.46233 ], [ -82.204183, 29.460568 ], [ -82.198964, 29.460662 ], [ -82.196083, 29.462715 ], [ -82.194486, 29.461319 ], [ -82.193455, 29.46144 ], [ -82.193347, 29.459797 ], [ -82.195581, 29.457583 ], [ -82.198623, 29.45795 ], [ -82.199013, 29.455772 ], [ -82.196331, 29.454892 ], [ -82.193641, 29.453192 ], [ -82.191636, 29.452466 ], [ -82.191586, 29.453187 ], [ -82.188795, 29.454425 ], [ -82.188116, 29.456911 ], [ -82.189172, 29.458969 ], [ -82.190813, 29.45975 ], [ -82.18938, 29.460949 ], [ -82.191844, 29.463034 ], [ -82.192837, 29.462258 ], [ -82.196703, 29.464123 ], [ -82.199199, 29.466526 ], [ -82.201161, 29.467461 ], [ -82.20018, 29.468276 ], [ -82.201639, 29.469117 ], [ -82.203613, 29.471994 ], [ -82.204556, 29.471278 ], [ -82.205832, 29.472318 ], [ -82.206643, 29.470673 ], [ -82.205335, 29.467054 ], [ -82.206661, 29.465992 ], [ -82.20817, 29.466762 ], [ -82.208303, 29.470777 ], [ -82.21159, 29.471068 ], [ -82.212012, 29.472102 ], [ -82.210623, 29.474088 ], [ -82.211686, 29.474088 ], [ -82.214811, 29.477311 ], [ -82.213328, 29.478923 ], [ -82.21097, 29.479672 ], [ -82.210336, 29.481317 ], [ -82.211644, 29.482741 ], [ -82.211883, 29.484089 ], [ -82.214002, 29.483412 ], [ -82.215143, 29.484213 ], [ -82.24389, 29.484271 ], [ -82.287204, 29.484331 ], [ -82.40662, 29.485048 ], [ -82.406944, 29.429017 ], [ -82.405526, 29.428998 ], [ -82.40543, 29.40325 ], [ -82.40559, 29.38865 ], [ -82.40542, 29.36241 ], [ -82.405478, 29.361097 ], [ -82.405152, 29.33026 ], [ -82.405193, 29.315182 ], [ -82.404594, 29.27886 ], [ -82.403887, 29.247595 ], [ -82.40329, 29.2273 ], [ -82.403518, 29.223696 ], [ -82.403237, 29.215623 ], [ -82.44005, 29.21523 ], [ -82.51364, 29.21472 ], [ -82.51415, 29.21479 ], [ -82.527739, 29.21472 ], [ -82.53486, 29.21468 ], [ -82.5346, 29.17185 ], [ -82.53467, 29.17002 ], [ -82.534626, 29.159832 ], [ -82.53459, 29.15642 ], [ -82.534779, 29.150124 ], [ -82.535886, 29.131058 ], [ -82.535713, 29.113163 ] ] ] ] } },
{ "type": "Feature", "properties": { "STATEFP": "12", "COUNTYFP": "127", "COUNTYNS": "00306921", "GEOIDFQ": "0500000US12127", "GEOID": "12127", "NAME": "Volusia", "NAMELSAD": "Volusia County", "STUSPS": "FL", "STATE_NAME": "Florida", "LSAD": "06", "ALAND": 2851876987.0, "AWATER": 858119062.0, "STATE_NAME_HYPHEN": "Florida" }, "geometry": { "type": "MultiPolygon", "coordinates": [ [ [ [ -81.679584, 29.320157 ], [ -81.675523, 29.310628 ], [ -81.673264, 29.306644 ], [ -81.672134, 29.305274 ], [ -81.667885, 29.301488 ], [ -81.664308, 29.299892 ], [ -81.661383, 29.299732 ], [ -81.660059, 29.29916 ], [ -81.655677, 29.29994 ], [ -81.653569, 29.29737 ], [ -81.652139, 29.296352 ], [ -81.648438, 29.290173 ], [ -81.648507, 29.288352 ], [ -81.647774, 29.286008 ], [ -81.646507, 29.284357 ], [ -81.645303, 29.281292 ], [ -81.641916, 29.276766 ], [ -81.640387, 29.273857 ], [ -81.638206, 29.267431 ], [ -81.63711, 29.263001 ], [ -81.635707, 29.25861 ], [ -81.63389, 29.25434 ], [ -81.634242, 29.251678 ], [ -81.63371, 29.250258 ], [ -81.634811, 29.247267 ], [ -81.63399, 29.244779 ], [ -81.632442, 29.242929 ], [ -81.62967, 29.240128 ], [ -81.629389, 29.239148 ], [ -81.625878, 29.235884 ], [ -81.622748, 29.232176 ], [ -81.621681, 29.230168 ], [ -81.619303, 29.22859 ], [ -81.61674, 29.222429 ], [ -81.61583, 29.221208 ], [ -81.614988, 29.217291 ], [ -81.617312, 29.212927 ], [ -81.616834, 29.210512 ], [ -81.6146, 29.207636 ], [ -81.614317, 29.20631 ], [ -81.612322, 29.2045 ], [ -81.612259, 29.202828 ], [ -81.610252, 29.202565 ], [ -81.604608, 29.200531 ], [ -81.599948, 29.199757 ], [ -81.5931, 29.198999 ], [ -81.588824, 29.199264 ], [ -81.585526, 29.200106 ], [ -81.582579, 29.200256 ], [ -81.580215, 29.20145 ], [ -81.57823, 29.20175 ], [ -81.575813, 29.20287 ], [ -81.572055, 29.203352 ], [ -81.570578, 29.201962 ], [ -81.564331, 29.200581 ], [ -81.560905, 29.20019 ], [ -81.558074, 29.197402 ], [ -81.557145, 29.193913 ], [ -81.555212, 29.190526 ], [ -81.554101, 29.189529 ], [ -81.553588, 29.188034 ], [ -81.554464, 29.185344 ], [ -81.553957, 29.184647 ], [ -81.551942, 29.184452 ], [ -81.548919, 29.185061 ], [ -81.546502, 29.184569 ], [ -81.544067, 29.181081 ], [ -81.542857, 29.180484 ], [ -81.540234, 29.179194 ], [ -81.532576, 29.177615 ], [ -81.531465, 29.176919 ], [ -81.531056, 29.175923 ], [ -81.531481, 29.172334 ], [ -81.529708, 29.17094 ], [ -81.526182, 29.17035 ], [ -81.523874, 29.169164 ], [ -81.52258, 29.1677 ], [ -81.52182, 29.166164 ], [ -81.5236, 29.161005 ], [ -81.523573, 29.158668 ], [ -81.5226, 29.156031 ], [ -81.519826, 29.152484 ], [ -81.517288, 29.148275 ], [ -81.516093, 29.144958 ], [ -81.514693, 29.142558 ], [ -81.514092, 29.138358 ], [ -81.512892, 29.135558 ], [ -81.509992, 29.132758 ], [ -81.507592, 29.128259 ], [ -81.506192, 29.126659 ], [ -81.504534, 29.123711 ], [ -81.506333, 29.117819 ], [ -81.506739, 29.112184 ], [ -81.502797, 29.106274 ], [ -81.501576, 29.105118 ], [ -81.500316, 29.102501 ], [ -81.500486, 29.101338 ], [ -81.501477, 29.099725 ], [ -81.502055, 29.097802 ], [ -81.500993, 29.096812 ], [ -81.497483, 29.095671 ], [ -81.492001, 29.095537 ], [ -81.488841, 29.093193 ], [ -81.48697, 29.092911 ], [ -81.484194, 29.093136 ], [ -81.48142, 29.093991 ], [ -81.475308, 29.094442 ], [ -81.472891, 29.09515 ], [ -81.47033, 29.096796 ], [ -81.467856, 29.097043 ], [ -81.466351, 29.096703 ], [ -81.463046, 29.095086 ], [ -81.459158, 29.094224 ], [ -81.457262, 29.091606 ], [ -81.456792, 29.08755 ], [ -81.454608, 29.083462 ], [ -81.454383, 29.081984 ], [ -81.455891, 29.080489 ], [ -81.458218, 29.080203 ], [ -81.460484, 29.078259 ], [ -81.460919, 29.076632 ], [ -81.460703, 29.074661 ], [ -81.459535, 29.073462 ], [ -81.457077, 29.072609 ], [ -81.455764, 29.071548 ], [ -81.455297, 29.068584 ], [ -81.455954, 29.065944 ], [ -81.455289, 29.063071 ], [ -81.454564, 29.062363 ], [ -81.452262, 29.061647 ], [ -81.446699, 29.062323 ], [ -81.445457, 29.061367 ], [ -81.441444, 29.054789 ], [ -81.438036, 29.050646 ], [ -81.436321, 29.048035 ], [ -81.433757, 29.046244 ], [ -81.43221, 29.04442 ], [ -81.430558, 29.044194 ], [ -81.429401, 29.045346 ], [ -81.427544, 29.045548 ], [ -81.42579, 29.044812 ], [ -81.423115, 29.042673 ], [ -81.420766, 29.039421 ], [ -81.418753, 29.037986 ], [ -81.415385, 29.038356 ], [ -81.413193, 29.037199 ], [ -81.41149, 29.03505 ], [ -81.410923, 29.032351 ], [ -81.409896, 29.031267 ], [ -81.408448, 29.031154 ], [ -81.40671, 29.032543 ], [ -81.40397, 29.032935 ], [ -81.402855, 29.032469 ], [ -81.400644, 29.029943 ], [ -81.395313, 29.025152 ], [ -81.394756, 29.024138 ], [ -81.394955, 29.021213 ], [ -81.395763, 29.019754 ], [ -81.395227, 29.018668 ], [ -81.393437, 29.019822 ], [ -81.392084, 29.019979 ], [ -81.387726, 29.016191 ], [ -81.387502, 29.014454 ], [ -81.388669, 29.01195 ], [ -81.388189, 29.010689 ], [ -81.382546, 29.008322 ], [ -81.380772, 29.007395 ], [ -81.379105, 29.00274 ], [ -81.378154, 28.99894 ], [ -81.376939, 28.998609 ], [ -81.375284, 28.99924 ], [ -81.37281, 28.99919 ], [ -81.372298, 28.997143 ], [ -81.375289, 28.995585 ], [ -81.375674, 28.993999 ], [ -81.372955, 28.993095 ], [ -81.369626, 28.993207 ], [ -81.36441, 28.992727 ], [ -81.361706, 28.991399 ], [ -81.358394, 28.989367 ], [ -81.355898, 28.987047 ], [ -81.354682, 28.984807 ], [ -81.355674, 28.981591 ], [ -81.356874, 28.979911 ], [ -81.360762, 28.976775 ], [ -81.362664, 28.974381 ], [ -81.363387, 28.97004 ], [ -81.364244, 28.968642 ], [ -81.367034, 28.967969 ], [ -81.369193, 28.968937 ], [ -81.369392, 28.967446 ], [ -81.36613, 28.962308 ], [ -81.36581, 28.960855 ], [ -81.366817, 28.959694 ], [ -81.370633, 28.958851 ], [ -81.370889, 28.958262 ], [ -81.368078, 28.955407 ], [ -81.363618, 28.955805 ], [ -81.361673, 28.957104 ], [ -81.359658, 28.956351 ], [ -81.35892, 28.955945 ], [ -81.359019, 28.954211 ], [ -81.360264, 28.953721 ], [ -81.360375, 28.95174 ], [ -81.359593, 28.951113 ], [ -81.355608, 28.951126 ], [ -81.353956, 28.949575 ], [ -81.354619, 28.948391 ], [ -81.359172, 28.945815 ], [ -81.359302, 28.944571 ], [ -81.35742, 28.944825 ], [ -81.354875, 28.947241 ], [ -81.352966, 28.946246 ], [ -81.353685, 28.944282 ], [ -81.355229, 28.942504 ], [ -81.35556, 28.941172 ], [ -81.354678, 28.939582 ], [ -81.353214, 28.939126 ], [ -81.349723, 28.939641 ], [ -81.350603, 28.938313 ], [ -81.353499, 28.936809 ], [ -81.351467, 28.934089 ], [ -81.351435, 28.932841 ], [ -81.354379, 28.931481 ], [ -81.355371, 28.929929 ], [ -81.355147, 28.928425 ], [ -81.353323, 28.926441 ], [ -81.352767, 28.923117 ], [ -81.351998, 28.920651 ], [ -81.354123, 28.920905 ], [ -81.357579, 28.916842 ], [ -81.359543, 28.913961 ], [ -81.359451, 28.913178 ], [ -81.357035, 28.911514 ], [ -81.356667, 28.910538 ], [ -81.359029, 28.908673 ], [ -81.360171, 28.90665 ], [ -81.357531, 28.903722 ], [ -81.357819, 28.90041 ], [ -81.356507, 28.898826 ], [ -81.354059, 28.898458 ], [ -81.352788, 28.896685 ], [ -81.355755, 28.896602 ], [ -81.354758, 28.895091 ], [ -81.354835, 28.892607 ], [ -81.355771, 28.890155 ], [ -81.357168, 28.887149 ], [ -81.358912, 28.887272 ], [ -81.361774, 28.889808 ], [ -81.364535, 28.890262 ], [ -81.366124, 28.887755 ], [ -81.365964, 28.884747 ], [ -81.365372, 28.882859 ], [ -81.363052, 28.879707 ], [ -81.364169, 28.879096 ], [ -81.366312, 28.88 ], [ -81.36694, 28.879227 ], [ -81.365292, 28.876523 ], [ -81.360668, 28.872459 ], [ -81.360475, 28.870523 ], [ -81.363035, 28.869899 ], [ -81.364571, 28.867436 ], [ -81.364651, 28.865692 ], [ -81.363483, 28.864732 ], [ -81.357931, 28.864028 ], [ -81.353691, 28.8631 ], [ -81.352123, 28.862316 ], [ -81.351115, 28.858108 ], [ -81.353484, 28.859201 ], [ -81.355003, 28.857996 ], [ -81.355019, 28.854572 ], [ -81.355657, 28.853341 ], [ -81.3583, 28.851929 ], [ -81.359627, 28.8503 ], [ -81.359339, 28.84894 ], [ -81.358027, 28.847804 ], [ -81.352491, 28.847229 ], [ -81.347627, 28.846221 ], [ -81.344907, 28.846333 ], [ -81.341547, 28.847053 ], [ -81.339051, 28.845181 ], [ -81.333483, 28.840398 ], [ -81.32993, 28.839038 ], [ -81.324238, 28.837623 ], [ -81.320473, 28.83453 ], [ -81.319796, 28.834532 ], [ -81.309571, 28.834564 ], [ -81.30409, 28.834434 ], [ -81.289485, 28.834089 ], [ -81.27298, 28.833699 ], [ -81.254787, 28.833233 ], [ -81.24997, 28.833106 ], [ -81.225678, 28.832453 ], [ -81.222874, 28.826862 ], [ -81.22287, 28.825919 ], [ -81.224627, 28.821585 ], [ -81.221345, 28.82034 ], [ -81.218635, 28.816984 ], [ -81.215898, 28.814423 ], [ -81.216002, 28.811687 ], [ -81.216742, 28.810403 ], [ -81.216345, 28.808302 ], [ -81.214312, 28.80753 ], [ -81.213717, 28.804212 ], [ -81.212636, 28.803275 ], [ -81.210452, 28.802453 ], [ -81.208035, 28.801762 ], [ -81.204768, 28.798764 ], [ -81.203928, 28.796934 ], [ -81.198707, 28.794477 ], [ -81.197369, 28.79192 ], [ -81.195021, 28.792302 ], [ -81.191336, 28.795673 ], [ -81.190437, 28.794545 ], [ -81.18817, 28.793773 ], [ -81.186331, 28.794681 ], [ -81.184295, 28.796992 ], [ -81.181915, 28.797168 ], [ -81.180416, 28.795957 ], [ -81.179513, 28.790272 ], [ -81.180586, 28.785957 ], [ -81.181241, 28.782872 ], [ -81.178936, 28.781886 ], [ -81.177462, 28.78292 ], [ -81.177892, 28.78511 ], [ -81.177576, 28.78587 ], [ -81.171588, 28.786031 ], [ -81.170808, 28.785006 ], [ -81.170984, 28.78315 ], [ -81.169736, 28.783614 ], [ -81.167112, 28.78731 ], [ -81.164328, 28.789438 ], [ -81.160376, 28.790862 ], [ -81.156392, 28.791774 ], [ -81.153944, 28.791422 ], [ -81.148919, 28.792206 ], [ -81.144359, 28.791566 ], [ -81.137863, 28.791294 ], [ -81.136167, 28.792222 ], [ -81.135639, 28.793502 ], [ -81.137255, 28.794926 ], [ -81.138903, 28.794862 ], [ -81.140407, 28.795966 ], [ -81.138375, 28.79739 ], [ -81.133543, 28.798446 ], [ -81.130263, 28.798542 ], [ -81.129287, 28.799454 ], [ -81.129175, 28.802253 ], [ -81.129767, 28.804253 ], [ -81.131191, 28.805741 ], [ -81.130407, 28.806989 ], [ -81.12484, 28.810655 ], [ -81.123687, 28.811981 ], [ -81.123142, 28.814125 ], [ -81.125261, 28.819323 ], [ -81.126499, 28.82043 ], [ -81.126237, 28.821441 ], [ -81.124182, 28.822285 ], [ -81.122134, 28.823693 ], [ -81.120502, 28.825677 ], [ -81.118294, 28.826477 ], [ -81.115126, 28.826141 ], [ -81.113446, 28.826733 ], [ -81.111718, 28.828221 ], [ -81.10575, 28.828541 ], [ -81.10423, 28.827853 ], [ -81.103894, 28.825325 ], [ -81.102966, 28.824413 ], [ -81.099478, 28.823181 ], [ -81.098726, 28.821917 ], [ -81.097331, 28.82153 ], [ -81.096006, 28.822093 ], [ -81.094822, 28.823853 ], [ -81.093286, 28.824797 ], [ -81.091942, 28.824653 ], [ -81.090934, 28.823517 ], [ -81.089318, 28.820541 ], [ -81.086982, 28.818285 ], [ -81.085254, 28.815949 ], [ -81.083173, 28.815629 ], [ -81.079749, 28.816925 ], [ -81.078165, 28.819245 ], [ -81.076085, 28.819325 ], [ -81.075349, 28.818509 ], [ -81.074741, 28.816301 ], [ -81.073157, 28.814861 ], [ -81.070645, 28.814909 ], [ -81.067413, 28.812989 ], [ -81.066149, 28.810077 ], [ -81.066245, 28.808061 ], [ -81.067733, 28.805261 ], [ -81.067445, 28.803037 ], [ -81.063365, 28.799437 ], [ -81.059173, 28.794941 ], [ -81.05706, 28.790446 ], [ -81.056644, 28.787166 ], [ -81.055525, 28.784839 ], [ -81.053087, 28.773557 ], [ -81.060562, 28.761994 ], [ -81.061091, 28.756744 ], [ -81.06111, 28.750001 ], [ -81.057683, 28.745119 ], [ -81.040946, 28.72974 ], [ -81.040707, 28.728343 ], [ -81.041443, 28.726662 ], [ -81.037221, 28.725427 ], [ -81.036042, 28.724104 ], [ -81.036393, 28.722534 ], [ -81.038734, 28.722361 ], [ -81.038828, 28.72159 ], [ -81.037554, 28.720223 ], [ -81.035135, 28.719436 ], [ -81.033999, 28.718565 ], [ -81.03385, 28.716712 ], [ -81.035263, 28.714178 ], [ -81.03553, 28.712221 ], [ -81.034741, 28.709387 ], [ -81.033355, 28.708065 ], [ -81.02751, 28.704577 ], [ -81.023506, 28.702539 ], [ -81.021446, 28.701143 ], [ -81.020397, 28.699575 ], [ -81.020449, 28.697811 ], [ -81.016646, 28.693037 ], [ -81.016377, 28.691221 ], [ -81.017023, 28.690086 ], [ -81.019972, 28.688548 ], [ -81.019946, 28.687259 ], [ -81.0213, 28.685242 ], [ -81.021623, 28.682893 ], [ -81.021169, 28.677586 ], [ -81.021287, 28.674253 ], [ -81.020477, 28.673218 ], [ -81.014069, 28.670345 ], [ -81.011042, 28.66808 ], [ -81.007231, 28.663451 ], [ -81.008432, 28.660138 ], [ -81.008266, 28.65875 ], [ -81.005904, 28.653172 ], [ -81.005821, 28.651807 ], [ -81.004523, 28.649518 ], [ -81.003087, 28.648129 ], [ -81.003292, 28.64496 ], [ -81.001225, 28.641053 ], [ -81.001309, 28.639527 ], [ -81.002575, 28.639862 ], [ -81.005106, 28.638894 ], [ -81.007047, 28.637108 ], [ -81.007099, 28.636326 ], [ -81.002443, 28.631404 ], [ -80.999999, 28.630275 ], [ -80.998177, 28.630583 ], [ -80.998221, 28.629592 ], [ -80.999668, 28.628096 ], [ -80.998502, 28.626062 ], [ -80.99612, 28.624124 ], [ -80.994218, 28.621649 ], [ -80.989637, 28.624767 ], [ -80.989073, 28.624748 ], [ -80.988347, 28.623542 ], [ -80.988557, 28.621924 ], [ -80.986941, 28.618298 ], [ -80.987347, 28.617257 ], [ -80.990011, 28.617119 ], [ -80.990406, 28.616522 ], [ -80.989885, 28.613926 ], [ -80.98725, 28.612997 ], [ -80.980426, 28.613077 ], [ -80.974224, 28.612671 ], [ -80.967243, 28.612694 ], [ -80.964463, 28.613001 ], [ -80.964632, 28.614328 ], [ -80.967895, 28.790197 ], [ -80.899593, 28.790965 ], [ -80.899304, 28.790968 ], [ -80.882733, 28.791201 ], [ -80.880762, 28.791136 ], [ -80.842922, 28.791148 ], [ -80.806763, 28.791325 ], [ -80.805873, 28.791246 ], [ -80.7329248, 28.7912446 ], [ -80.739857, 28.801569 ], [ -80.787021, 28.875266 ], [ -80.7905793, 28.8805981 ], [ -80.8012419, 28.8965759 ], [ -80.8040845, 28.9008357 ], [ -80.8661372, 28.9938215 ], [ -80.8748387, 29.0068608 ], [ -80.8770793, 29.0102183 ], [ -80.877994, 29.011589 ], [ -80.882163, 29.0185928 ], [ -80.8892816, 29.0305519 ], [ -80.8893524, 29.030671 ], [ -80.893087, 29.036945 ], [ -80.8940638, 29.0388258 ], [ -80.9054581, 29.0607638 ], [ -80.907275, 29.064262 ], [ -80.909586, 29.070925 ], [ -80.912222, 29.073951 ], [ -80.9135103, 29.0749705 ], [ -80.9141636, 29.0754875 ], [ -80.917877, 29.078426 ], [ -80.9240988, 29.0852297 ], [ -80.929939, 29.091616 ], [ -80.9382971, 29.1027576 ], [ -80.944376, 29.110861 ], [ -80.9511131, 29.1223261 ], [ -80.9597659, 29.1370514 ], [ -80.962532, 29.1417587 ], [ -80.966176, 29.14796 ], [ -80.9680282, 29.151639 ], [ -80.9749968, 29.1654803 ], [ -80.9824336, 29.1802515 ], [ -80.9929623, 29.2011639 ], [ -80.995423100000011, 29.2060517 ], [ -80.9988197, 29.2127981 ], [ -81.0026621, 29.2204301 ], [ -81.002728499999989, 29.2205618 ], [ -81.0061151, 29.2272884 ], [ -81.0062198, 29.2274964 ], [ -81.0098301, 29.2346673 ], [ -81.0139448, 29.2428401 ], [ -81.0204208, 29.2557029 ], [ -81.0204934, 29.2558473 ], [ -81.0269927, 29.26875630000001 ], [ -81.027087, 29.2689436 ], [ -81.0331203, 29.2809271 ], [ -81.0358855, 29.2864195 ], [ -81.0376548, 29.2899338 ], [ -81.0430736, 29.3006968 ], [ -81.0435437, 29.3016306 ], [ -81.046678, 29.307856 ], [ -81.0466885, 29.3078787 ], [ -81.0510706, 29.317336 ], [ -81.0543013, 29.3243083 ], [ -81.055647, 29.3272125 ], [ -81.0562551, 29.328525 ], [ -81.0570548, 29.3302509 ], [ -81.05887, 29.3341683 ], [ -81.0589179, 29.3342717 ], [ -81.0599897, 29.3365847 ], [ -81.0639489, 29.3451294 ], [ -81.0678437, 29.353535 ], [ -81.070517, 29.3593044 ], [ -81.0706513, 29.3595943 ], [ -81.0735899, 29.3659363 ], [ -81.0772711, 29.3738808 ], [ -81.101596, 29.426378 ], [ -81.1019098, 29.4270547 ], [ -81.102528, 29.42707 ], [ -81.105631, 29.427008 ], [ -81.10692, 29.426956 ], [ -81.10706, 29.426951 ], [ -81.107722, 29.426988 ], [ -81.107732, 29.426998 ], [ -81.110239, 29.426989 ], [ -81.129385, 29.421654 ], [ -81.148731, 29.416788 ], [ -81.148205, 29.414933 ], [ -81.148152, 29.411846 ], [ -81.155881, 29.410954 ], [ -81.155341, 29.403763 ], [ -81.154526, 29.394852 ], [ -81.154659, 29.392988 ], [ -81.15379, 29.38289 ], [ -81.152667, 29.353902 ], [ -81.152576, 29.351842 ], [ -81.152558, 29.351337 ], [ -81.152669, 29.350407 ], [ -81.152629, 29.349125 ], [ -81.15255, 29.346524 ], [ -81.150384, 29.275887 ], [ -81.150222, 29.270561 ], [ -81.150081, 29.265957 ], [ -81.195797, 29.264783 ], [ -81.200004, 29.264416 ], [ -81.208326, 29.264284 ], [ -81.20945, 29.264061 ], [ -81.25024, 29.26342 ], [ -81.267628, 29.263193 ], [ -81.268583, 29.26318 ], [ -81.329817, 29.26228 ], [ -81.333417, 29.262251 ], [ -81.363205, 29.261666 ], [ -81.401839, 29.261202 ], [ -81.407376, 29.261146 ], [ -81.41729, 29.261156 ], [ -81.417293, 29.261222 ], [ -81.417664, 29.269302 ], [ -81.420745, 29.399645 ], [ -81.422945, 29.400448 ], [ -81.424691, 29.397318 ], [ -81.426901, 29.396851 ], [ -81.429439, 29.397103 ], [ -81.431694, 29.399663 ], [ -81.433573, 29.399767 ], [ -81.43454, 29.399294 ], [ -81.433992, 29.398552 ], [ -81.433583, 29.398166 ], [ -81.435307, 29.395256 ], [ -81.437739, 29.3936 ], [ -81.439849, 29.391438 ], [ -81.440276, 29.388274 ], [ -81.440829, 29.387366 ], [ -81.440346, 29.385336 ], [ -81.441545, 29.385083 ], [ -81.443216, 29.382937 ], [ -81.444171, 29.38247 ], [ -81.445886, 29.380142 ], [ -81.446954, 29.380291 ], [ -81.450892, 29.378464 ], [ -81.461123, 29.375794 ], [ -81.463938, 29.375316 ], [ -81.507989, 29.364511 ], [ -81.508231, 29.364419 ], [ -81.509772, 29.363855 ], [ -81.518045, 29.361868 ], [ -81.521764, 29.362194 ], [ -81.540873, 29.356556 ], [ -81.643167, 29.333047 ], [ -81.6581, 29.329552 ], [ -81.680903, 29.32443 ], [ -81.679584, 29.320157 ] ] ] ] } },
{ "type": "Feature", "properties": { "STATEFP": "12", "COUNTYFP": "031", "COUNTYNS": "00293656", "GEOIDFQ": "0500000US12031", "GEOID": "12031", "NAME": "Duval", "NAMELSAD": "Duval County", "STUSPS": "FL", "STATE_NAME": "Florida", "LSAD": "06", "ALAND": 1975169546.0, "AWATER": 403639667.0, "STATE_NAME_HYPHEN": "Florida" }, "geometry": { "type": "MultiPolygon", "coordinates": [ [ [ [ -82.049411, 30.186933 ], [ -82.020311, 30.186933 ], [ -82.018534, 30.186743 ], [ -81.95552, 30.186327 ], [ -81.9204, 30.186941 ], [ -81.890725, 30.187539 ], [ -81.868048, 30.188018 ], [ -81.845945, 30.188538 ], [ -81.837661, 30.188624 ], [ -81.837585, 30.188624 ], [ -81.826533, 30.188739 ], [ -81.825991, 30.188748 ], [ -81.825865, 30.18875 ], [ -81.808633, 30.18904 ], [ -81.802666, 30.189139 ], [ -81.798227, 30.188998 ], [ -81.764308, 30.189339 ], [ -81.743134, 30.189339 ], [ -81.739472, 30.189329 ], [ -81.738924, 30.189321 ], [ -81.73349, 30.193466 ], [ -81.725203, 30.191008 ], [ -81.717621, 30.191108 ], [ -81.711348, 30.191193 ], [ -81.7088, 30.191208 ], [ -81.707592, 30.190657 ], [ -81.706357, 30.189596 ], [ -81.703442, 30.189034 ], [ -81.703279, 30.18906 ], [ -81.702625, 30.191481 ], [ -81.698839, 30.191488 ], [ -81.694322, 30.19126 ], [ -81.691231, 30.191212 ], [ -81.679626, 30.190495 ], [ -81.681716, 30.18144 ], [ -81.690516, 30.17194 ], [ -81.690436, 30.169104 ], [ -81.690216, 30.16134 ], [ -81.692116, 30.14474 ], [ -81.691815, 30.142339 ], [ -81.680215, 30.12124 ], [ -81.650514, 30.121541 ], [ -81.641665, 30.125522 ], [ -81.629184, 30.131511 ], [ -81.623688, 30.133633 ], [ -81.613199, 30.132994 ], [ -81.612312, 30.132941 ], [ -81.601682, 30.130643 ], [ -81.601212, 30.130541 ], [ -81.590511, 30.125841 ], [ -81.583504, 30.125676 ], [ -81.580882, 30.1261 ], [ -81.576756, 30.122907 ], [ -81.575781, 30.121752 ], [ -81.573716, 30.120573 ], [ -81.572299, 30.120464 ], [ -81.567787, 30.117789 ], [ -81.565373, 30.117963 ], [ -81.564333, 30.117465 ], [ -81.56218, 30.117543 ], [ -81.559987, 30.117011 ], [ -81.557966, 30.117082 ], [ -81.556216, 30.117796 ], [ -81.539009, 30.119942 ], [ -81.538707, 30.103748 ], [ -81.514381, 30.104157 ], [ -81.504264, 30.104348 ], [ -81.494496, 30.104456 ], [ -81.478979, 30.104784 ], [ -81.434653, 30.105277 ], [ -81.433783, 30.105536 ], [ -81.433737, 30.106028 ], [ -81.433923, 30.115092 ], [ -81.434324, 30.134688 ], [ -81.436585, 30.237046 ], [ -81.436929, 30.252335 ], [ -81.434315, 30.252344 ], [ -81.430186, 30.252243 ], [ -81.430095, 30.252243 ], [ -81.40061, 30.252717 ], [ -81.388411, 30.252841 ], [ -81.381831, 30.252841 ], [ -81.3798769, 30.2529135 ], [ -81.380924, 30.256809 ], [ -81.3826838, 30.2652525 ], [ -81.38449, 30.273919 ], [ -81.3845032, 30.2739782 ], [ -81.3857163, 30.2794121 ], [ -81.3869002, 30.2847149 ], [ -81.3877882, 30.2886927 ], [ -81.388293, 30.290954 ], [ -81.3908291, 30.3003618 ], [ -81.391922, 30.304416 ], [ -81.3924487, 30.3076974 ], [ -81.3935419, 30.3145077 ], [ -81.3951671, 30.3246325 ], [ -81.396203, 30.331086 ], [ -81.396516, 30.3362785 ], [ -81.397994, 30.3608012 ], [ -81.398048, 30.361697 ], [ -81.397569, 30.379488 ], [ -81.3970988, 30.3813305 ], [ -81.393469, 30.395553 ], [ -81.394733, 30.396503 ], [ -81.402998, 30.394585 ], [ -81.404811, 30.397206 ], [ -81.410463, 30.400514 ], [ -81.411581, 30.402181 ], [ -81.4113169, 30.4024062 ], [ -81.410013, 30.403518 ], [ -81.403678, 30.40477 ], [ -81.40371, 30.409094 ], [ -81.412475, 30.422891 ], [ -81.408082, 30.434638 ], [ -81.408278, 30.44066 ], [ -81.410159, 30.453465 ], [ -81.412396, 30.468205 ], [ -81.413197, 30.482909 ], [ -81.415589, 30.484758 ], [ -81.432395, 30.487224 ], [ -81.443699, 30.498788 ], [ -81.455926, 30.513383 ], [ -81.4555496, 30.5220161 ], [ -81.458952, 30.524203 ], [ -81.459789, 30.524731 ], [ -81.479939, 30.533454 ], [ -81.484397, 30.537444 ], [ -81.488003, 30.542168 ], [ -81.49053, 30.55115 ], [ -81.490962, 30.554623 ], [ -81.499575, 30.563793 ], [ -81.502734, 30.564692 ], [ -81.514014, 30.567337 ], [ -81.515382, 30.565801 ], [ -81.523814, 30.556337 ], [ -81.521014, 30.550537 ], [ -81.519783, 30.546679 ], [ -81.519948, 30.543645 ], [ -81.521375, 30.538801 ], [ -81.525184, 30.533397 ], [ -81.526312, 30.531175 ], [ -81.529089, 30.528037 ], [ -81.530238, 30.52629 ], [ -81.533276, 30.525104 ], [ -81.537209, 30.524113 ], [ -81.543018, 30.523889 ], [ -81.544068, 30.524723 ], [ -81.546953, 30.525939 ], [ -81.54911, 30.52842 ], [ -81.550778, 30.531562 ], [ -81.551003, 30.534793 ], [ -81.550688, 30.539783 ], [ -81.550926, 30.543027 ], [ -81.555251, 30.544528 ], [ -81.559258, 30.542545 ], [ -81.562876, 30.539085 ], [ -81.564956, 30.53752 ], [ -81.567809, 30.536636 ], [ -81.577218, 30.538037 ], [ -81.579749, 30.539533 ], [ -81.58541, 30.544206 ], [ -81.58782, 30.546688 ], [ -81.588915, 30.549047 ], [ -81.588803, 30.550468 ], [ -81.58675, 30.554237 ], [ -81.58571, 30.557919 ], [ -81.584274, 30.560014 ], [ -81.583239, 30.564489 ], [ -81.584406, 30.565988 ], [ -81.586535, 30.566688 ], [ -81.589767, 30.566215 ], [ -81.592127, 30.565326 ], [ -81.597224, 30.561835 ], [ -81.598668, 30.561119 ], [ -81.601754, 30.560561 ], [ -81.604204, 30.558586 ], [ -81.605723, 30.554401 ], [ -81.607311, 30.5536 ], [ -81.60963, 30.553965 ], [ -81.610651, 30.555005 ], [ -81.612072, 30.55834 ], [ -81.613484, 30.560339 ], [ -81.614177, 30.563052 ], [ -81.613074, 30.564185 ], [ -81.607728, 30.566341 ], [ -81.603578, 30.566736 ], [ -81.60146, 30.567665 ], [ -81.601568, 30.569545 ], [ -81.603325, 30.572586 ], [ -81.604972, 30.573498 ], [ -81.608717, 30.574892 ], [ -81.611002, 30.575938 ], [ -81.610504, 30.577817 ], [ -81.606945, 30.580174 ], [ -81.604313, 30.584029 ], [ -81.605968, 30.585512 ], [ -81.607896, 30.585475 ], [ -81.609388, 30.584758 ], [ -81.613756, 30.580518 ], [ -81.614382, 30.58018 ], [ -81.616992, 30.580628 ], [ -81.620334, 30.582241 ], [ -81.622809, 30.58411 ], [ -81.624513, 30.586232 ], [ -81.62643, 30.585497 ], [ -81.628677, 30.583547 ], [ -81.634498, 30.581801 ], [ -81.636065, 30.580578 ], [ -81.637016, 30.578316 ], [ -81.638609, 30.578267 ], [ -81.640212, 30.579596 ], [ -81.641857, 30.580089 ], [ -81.643591, 30.579496 ], [ -81.645774, 30.575607 ], [ -81.646006, 30.575618 ], [ -81.649078, 30.576795 ], [ -81.649898, 30.576624 ], [ -81.650808, 30.575533 ], [ -81.650501, 30.573028 ], [ -81.651121, 30.571813 ], [ -81.654929, 30.570875 ], [ -81.656179, 30.570033 ], [ -81.659004, 30.566551 ], [ -81.659623, 30.565295 ], [ -81.659413, 30.562831 ], [ -81.660896, 30.561646 ], [ -81.661564, 30.560094 ], [ -81.660952, 30.558281 ], [ -81.663742, 30.55857 ], [ -81.662395, 30.557233 ], [ -81.662283, 30.554587 ], [ -81.659328, 30.553864 ], [ -81.658633, 30.552831 ], [ -81.660113, 30.551575 ], [ -81.663733, 30.550842 ], [ -81.666669, 30.551701 ], [ -81.668498, 30.554813 ], [ -81.672616, 30.556075 ], [ -81.673006, 30.556601 ], [ -81.671543, 30.557155 ], [ -81.667674, 30.557609 ], [ -81.668135, 30.558882 ], [ -81.667833, 30.560671 ], [ -81.672938, 30.560085 ], [ -81.672128, 30.562319 ], [ -81.669702, 30.562753 ], [ -81.669397, 30.563301 ], [ -81.672016, 30.56458 ], [ -81.673941, 30.566187 ], [ -81.674917, 30.565774 ], [ -81.676445, 30.563114 ], [ -81.677568, 30.562139 ], [ -81.681144, 30.563028 ], [ -81.684202, 30.566362 ], [ -81.685537, 30.564942 ], [ -81.686411, 30.562908 ], [ -81.687648, 30.562783 ], [ -81.688468, 30.564266 ], [ -81.68813, 30.566303 ], [ -81.692095, 30.567172 ], [ -81.693153, 30.566494 ], [ -81.693067, 30.564099 ], [ -81.695521, 30.56317 ], [ -81.696155, 30.56379 ], [ -81.695188, 30.565866 ], [ -81.695532, 30.567324 ], [ -81.69756, 30.569643 ], [ -81.69873, 30.569338 ], [ -81.700356, 30.566825 ], [ -81.701552, 30.565926 ], [ -81.700993, 30.56393 ], [ -81.702595, 30.563449 ], [ -81.704592, 30.563643 ], [ -81.705125, 30.56515 ], [ -81.703841, 30.566594 ], [ -81.703935, 30.56736 ], [ -81.708118, 30.566701 ], [ -81.709575, 30.565896 ], [ -81.710591, 30.566346 ], [ -81.711547, 30.567906 ], [ -81.713456, 30.56977 ], [ -81.71594, 30.571236 ], [ -81.717738, 30.57133 ], [ -81.720435, 30.570519 ], [ -81.721883, 30.571934 ], [ -81.722444, 30.570939 ], [ -81.722465, 30.56842 ], [ -81.723168, 30.567316 ], [ -81.725778, 30.565894 ], [ -81.726222, 30.567627 ], [ -81.729104, 30.565445 ], [ -81.72908, 30.56448 ], [ -81.72794, 30.565248 ], [ -81.725168, 30.563527 ], [ -81.725551, 30.561335 ], [ -81.726786, 30.559444 ], [ -81.727377, 30.559558 ], [ -81.728281, 30.562546 ], [ -81.730935, 30.562417 ], [ -81.731844, 30.560839 ], [ -81.729813, 30.558256 ], [ -81.731123, 30.556987 ], [ -81.733002, 30.558594 ], [ -81.73521, 30.559031 ], [ -81.736311, 30.557089 ], [ -81.73633, 30.556072 ], [ -81.734524, 30.556468 ], [ -81.734235, 30.55354 ], [ -81.733106, 30.552258 ], [ -81.733494, 30.551484 ], [ -81.736282, 30.552566 ], [ -81.736932, 30.550551 ], [ -81.737779, 30.549861 ], [ -81.737306, 30.5484 ], [ -81.734504, 30.547778 ], [ -81.734135, 30.546185 ], [ -81.736789, 30.547088 ], [ -81.737488, 30.545938 ], [ -81.735651, 30.54486 ], [ -81.737651, 30.543399 ], [ -81.737946, 30.542628 ], [ -81.735198, 30.542138 ], [ -81.737483, 30.540387 ], [ -81.7367, 30.538627 ], [ -81.737232, 30.536766 ], [ -81.738419, 30.536242 ], [ -81.738424, 30.534572 ], [ -81.740152, 30.534517 ], [ -81.74127, 30.533268 ], [ -81.742506, 30.533119 ], [ -81.743343, 30.531982 ], [ -81.745815, 30.53211 ], [ -81.746923, 30.530819 ], [ -81.749623, 30.531452 ], [ -81.756141, 30.53115 ], [ -81.763748, 30.534916 ], [ -81.765316, 30.518652 ], [ -81.781624, 30.503336 ], [ -81.791112, 30.505533 ], [ -81.794918, 30.505406 ], [ -81.801932, 30.494656 ], [ -81.809526, 30.484537 ], [ -81.831212, 30.467449 ], [ -81.83454, 30.464325 ], [ -81.866028, 30.436326 ], [ -81.866291, 30.436259 ], [ -81.915929, 30.391637 ], [ -81.917388, 30.39047 ], [ -81.935495, 30.373981 ], [ -81.952432, 30.359343 ], [ -81.954872, 30.356996 ], [ -82.011499, 30.306117 ], [ -82.024033, 30.295236 ], [ -82.024732, 30.294737 ], [ -82.037542, 30.283457 ], [ -82.049236, 30.273432 ], [ -82.049331, 30.27334 ], [ -82.049411, 30.186933 ] ] ] ] } },
{ "type": "Feature", "properties": { "STATEFP": "12", "COUNTYFP": "053", "COUNTYNS": "00295751", "GEOIDFQ": "0500000US12053", "GEOID": "12053", "NAME": "Hernando", "NAMELSAD": "Hernando County", "STUSPS": "FL", "STATE_NAME": "Florida", "LSAD": "06", "ALAND": 1224975155.0, "AWATER": 627920761.0, "STATE_NAME_HYPHEN": "Florida" }, "geometry": { "type": "MultiPolygon", "coordinates": [ [ [ [ -82.680473, 28.460808 ], [ -82.675122, 28.459345 ], [ -82.674191, 28.457283 ], [ -82.66806, 28.455863 ], [ -82.6683317, 28.4550371 ], [ -82.66873, 28.453826 ], [ -82.666487, 28.452852 ], [ -82.664633, 28.452047 ], [ -82.664493, 28.449568 ], [ -82.6648559, 28.4494578 ], [ -82.667764, 28.448575 ], [ -82.667211, 28.442232 ], [ -82.670942, 28.440623 ], [ -82.6718569, 28.4367112 ], [ -82.671998, 28.436108 ], [ -82.66991, 28.434807 ], [ -82.6698903, 28.4335757 ], [ -82.657179, 28.433625 ], [ -82.654137, 28.433651 ], [ -82.639965, 28.433842 ], [ -82.633599, 28.433854 ], [ -82.627337, 28.43385 ], [ -82.617183, 28.433843 ], [ -82.602149, 28.433904 ], [ -82.600636, 28.43391 ], [ -82.58255, 28.433869 ], [ -82.567828, 28.43385 ], [ -82.566733, 28.433848 ], [ -82.551281, 28.433848 ], [ -82.546129, 28.433819 ], [ -82.527948, 28.433741 ], [ -82.518788, 28.433719 ], [ -82.508465, 28.433708 ], [ -82.485241, 28.433697 ], [ -82.485112, 28.433697 ], [ -82.484968, 28.433698 ], [ -82.469355, 28.433767 ], [ -82.461889, 28.433776 ], [ -82.459181, 28.433687 ], [ -82.452909, 28.433751 ], [ -82.370756, 28.434058 ], [ -82.320301, 28.434847 ], [ -82.319373, 28.434939 ], [ -82.302823, 28.434897 ], [ -82.281206, 28.43479 ], [ -82.253439, 28.434824 ], [ -82.25331, 28.456782 ], [ -82.253293, 28.478491 ], [ -82.251907, 28.478794 ], [ -82.20663, 28.478584 ], [ -82.204121, 28.478727 ], [ -82.198402, 28.47851 ], [ -82.195978, 28.478522 ], [ -82.178276, 28.478496 ], [ -82.155158, 28.478428 ], [ -82.152775, 28.478426 ], [ -82.054694, 28.478397 ], [ -82.054469, 28.521367 ], [ -82.058382, 28.525388 ], [ -82.061671, 28.527215 ], [ -82.065178, 28.530015 ], [ -82.067783, 28.531435 ], [ -82.070343, 28.531919 ], [ -82.072517, 28.531478 ], [ -82.076149, 28.529811 ], [ -82.078548, 28.529183 ], [ -82.080565, 28.528081 ], [ -82.083594, 28.528181 ], [ -82.085824, 28.527053 ], [ -82.086876, 28.524615 ], [ -82.091921, 28.52325 ], [ -82.09498, 28.523618 ], [ -82.096614, 28.524738 ], [ -82.098464, 28.528888 ], [ -82.100153, 28.530824 ], [ -82.103244, 28.532952 ], [ -82.104665, 28.53469 ], [ -82.107185, 28.540896 ], [ -82.109423, 28.543838 ], [ -82.11219, 28.544063 ], [ -82.115061, 28.542543 ], [ -82.116873, 28.540694 ], [ -82.119073, 28.540726 ], [ -82.124707, 28.543353 ], [ -82.126296, 28.544588 ], [ -82.128639, 28.544941 ], [ -82.129797, 28.54629 ], [ -82.130769, 28.546417 ], [ -82.131994, 28.550098 ], [ -82.131987, 28.551319 ], [ -82.133053, 28.552167 ], [ -82.133936, 28.55439 ], [ -82.135331, 28.556311 ], [ -82.135056, 28.557829 ], [ -82.135772, 28.558869 ], [ -82.135479, 28.560239 ], [ -82.136419, 28.562181 ], [ -82.137665, 28.562936 ], [ -82.138025, 28.565516 ], [ -82.143615, 28.565919 ], [ -82.145135, 28.567791 ], [ -82.150362, 28.571258 ], [ -82.15174, 28.570554 ], [ -82.153266, 28.572007 ], [ -82.155316, 28.572738 ], [ -82.156164, 28.57335 ], [ -82.158178, 28.571518 ], [ -82.157486, 28.570148 ], [ -82.159462, 28.569505 ], [ -82.162391, 28.567965 ], [ -82.165153, 28.564109 ], [ -82.166835, 28.563981 ], [ -82.168206, 28.566997 ], [ -82.17212, 28.565787 ], [ -82.172982, 28.567042 ], [ -82.174284, 28.566784 ], [ -82.177329, 28.568412 ], [ -82.180595, 28.568919 ], [ -82.18143, 28.568037 ], [ -82.183169, 28.568197 ], [ -82.184845, 28.570267 ], [ -82.186603, 28.568582 ], [ -82.188048, 28.569463 ], [ -82.187257, 28.57004 ], [ -82.186958, 28.572417 ], [ -82.187749, 28.573137 ], [ -82.18985, 28.573501 ], [ -82.190417, 28.572929 ], [ -82.191994, 28.574822 ], [ -82.192561, 28.573907 ], [ -82.193633, 28.57487 ], [ -82.196543, 28.57569 ], [ -82.198432, 28.574188 ], [ -82.198862, 28.573116 ], [ -82.20195, 28.572226 ], [ -82.208184, 28.572054 ], [ -82.209703, 28.572775 ], [ -82.213724, 28.575363 ], [ -82.215298, 28.576908 ], [ -82.217253, 28.580305 ], [ -82.219284, 28.582654 ], [ -82.220568, 28.586099 ], [ -82.220351, 28.587079 ], [ -82.221472, 28.59055 ], [ -82.222302, 28.591778 ], [ -82.22165, 28.593239 ], [ -82.224057, 28.595446 ], [ -82.224929, 28.596945 ], [ -82.227559, 28.598432 ], [ -82.228651, 28.60074 ], [ -82.232747, 28.600265 ], [ -82.233365, 28.601068 ], [ -82.232786, 28.602849 ], [ -82.234562, 28.605619 ], [ -82.234203, 28.608662 ], [ -82.236659, 28.610352 ], [ -82.238188, 28.612525 ], [ -82.239786, 28.613404 ], [ -82.241931, 28.612998 ], [ -82.241564, 28.614602 ], [ -82.243322, 28.615989 ], [ -82.242455, 28.618348 ], [ -82.242902, 28.619165 ], [ -82.246338, 28.620057 ], [ -82.247356, 28.622528 ], [ -82.2472, 28.623784 ], [ -82.245803, 28.624695 ], [ -82.246069, 28.626919 ], [ -82.247058, 28.627182 ], [ -82.248409, 28.629869 ], [ -82.250455, 28.630099 ], [ -82.252117, 28.629136 ], [ -82.255451, 28.632695 ], [ -82.258375, 28.633478 ], [ -82.260155, 28.635044 ], [ -82.260697, 28.636738 ], [ -82.259622, 28.639647 ], [ -82.259927, 28.641531 ], [ -82.259636, 28.642605 ], [ -82.257508, 28.644591 ], [ -82.25675, 28.645646 ], [ -82.256811, 28.64883 ], [ -82.258459, 28.648676 ], [ -82.258511, 28.64755 ], [ -82.260858, 28.64698 ], [ -82.264145, 28.648071 ], [ -82.267007, 28.648131 ], [ -82.2705, 28.650163 ], [ -82.273605, 28.653797 ], [ -82.274823, 28.656198 ], [ -82.274621, 28.658911 ], [ -82.274006, 28.660683 ], [ -82.271218, 28.661378 ], [ -82.267688, 28.660107 ], [ -82.266537, 28.660712 ], [ -82.267771, 28.662809 ], [ -82.263052, 28.667634 ], [ -82.268422, 28.666915 ], [ -82.27429, 28.666919 ], [ -82.277208, 28.66693 ], [ -82.32269, 28.666853 ], [ -82.359878, 28.665954 ], [ -82.417785, 28.665898 ], [ -82.418049, 28.669539 ], [ -82.418353, 28.694859 ], [ -82.451416, 28.694813 ], [ -82.507397, 28.694671 ], [ -82.550684, 28.694677 ], [ -82.552402, 28.694642 ], [ -82.552629, 28.694635 ], [ -82.6745857, 28.6940609 ], [ -82.674568, 28.693917 ], [ -82.667253, 28.691741 ], [ -82.666303, 28.688822 ], [ -82.669335, 28.685401 ], [ -82.668034, 28.683285 ], [ -82.660123, 28.682567 ], [ -82.655132, 28.680482 ], [ -82.655132, 28.674852 ], [ -82.658459, 28.670681 ], [ -82.662024, 28.667345 ], [ -82.669393, 28.669221 ], [ -82.66963, 28.666093 ], [ -82.667966, 28.663174 ], [ -82.671294, 28.661297 ], [ -82.675294, 28.661035 ], [ -82.677711, 28.654831 ], [ -82.672482, 28.651285 ], [ -82.667966, 28.647531 ], [ -82.669155, 28.643985 ], [ -82.671581, 28.642618 ], [ -82.672882, 28.641205 ], [ -82.672572, 28.636857 ], [ -82.671148, 28.631096 ], [ -82.671024, 28.628704 ], [ -82.666026, 28.626441 ], [ -82.665822, 28.623051 ], [ -82.659877, 28.622181 ], [ -82.653251, 28.616256 ], [ -82.653932, 28.613483 ], [ -82.663514, 28.606693 ], [ -82.66375, 28.60537 ], [ -82.662713, 28.604997 ], [ -82.656823, 28.60537 ], [ -82.655418, 28.604404 ], [ -82.656258, 28.600488 ], [ -82.655362, 28.592297 ], [ -82.653996, 28.591469 ], [ -82.648059, 28.590724 ], [ -82.647823, 28.589442 ], [ -82.64919, 28.587621 ], [ -82.644269, 28.584178 ], [ -82.645939, 28.580466 ], [ -82.6534314, 28.5767591 ], [ -82.6547609, 28.5761014 ], [ -82.6549864, 28.5759898 ], [ -82.656219, 28.57538 ], [ -82.6559662, 28.5746033 ], [ -82.655488, 28.573134 ], [ -82.656689, 28.568689 ], [ -82.6566527, 28.568613 ], [ -82.6563527, 28.5679847 ], [ -82.651091, 28.556966 ], [ -82.65228, 28.552165 ], [ -82.656796, 28.554044 ], [ -82.66165, 28.554143 ], [ -82.663128, 28.550769 ], [ -82.6622658, 28.549971 ], [ -82.656694, 28.544814 ], [ -82.652755, 28.537758 ], [ -82.654894, 28.532747 ], [ -82.6593026, 28.5314691 ], [ -82.663705, 28.530193 ], [ -82.66804, 28.528199 ], [ -82.669416, 28.519879 ], [ -82.669747, 28.511226 ], [ -82.668917, 28.507686 ], [ -82.678187, 28.499332 ], [ -82.670146, 28.500769 ], [ -82.6667569, 28.4976659 ], [ -82.66639, 28.49733 ], [ -82.6673384, 28.4960431 ], [ -82.6679514, 28.4952113 ], [ -82.668917, 28.493901 ], [ -82.66823380000001, 28.4923996 ], [ -82.6680566, 28.49201 ], [ -82.667016, 28.489723 ], [ -82.66447, 28.488788 ], [ -82.665055, 28.484434 ], [ -82.667911, 28.477973 ], [ -82.666698, 28.475596 ], [ -82.669993, 28.468337 ], [ -82.673584, 28.46833 ], [ -82.679715, 28.466266 ], [ -82.681222, 28.464239 ], [ -82.680473, 28.460808 ] ] ] ] } },
{ "type": "Feature", "properties": { "STATEFP": "12", "COUNTYFP": "047", "COUNTYNS": "00295736", "GEOIDFQ": "0500000US12047", "GEOID": "12047", "NAME": "Hamilton", "NAMELSAD": "Hamilton County", "STUSPS": "FL", "STATE_NAME": "Florida", "LSAD": "06", "ALAND": 1332018549.0, "AWATER": 12330813.0, "STATE_NAME_HYPHEN": "Florida" }, "geometry": { "type": "MultiPolygon", "coordinates": [ [ [ [ -83.309287, 30.632946 ], [ -83.304809, 30.632081 ], [ -83.30184, 30.630871 ], [ -83.300691, 30.632487 ], [ -83.298828, 30.632045 ], [ -83.294848, 30.63233 ], [ -83.293119, 30.628987 ], [ -83.2899, 30.62912 ], [ -83.287046, 30.629917 ], [ -83.285967, 30.629681 ], [ -83.284505, 30.62814 ], [ -83.279128, 30.628696 ], [ -83.275647, 30.628725 ], [ -83.272014, 30.62724 ], [ -83.272339, 30.625546 ], [ -83.270907, 30.62324 ], [ -83.269107, 30.622204 ], [ -83.268245, 30.619948 ], [ -83.26831, 30.618257 ], [ -83.266908, 30.615063 ], [ -83.266906, 30.613292 ], [ -83.267793, 30.610874 ], [ -83.267021, 30.608532 ], [ -83.263549, 30.60337 ], [ -83.262044, 30.599425 ], [ -83.259892, 30.596665 ], [ -83.258248, 30.591295 ], [ -83.2566, 30.587434 ], [ -83.256619, 30.5862 ], [ -83.26127, 30.585035 ], [ -83.262421, 30.583174 ], [ -83.262733, 30.580955 ], [ -83.261659, 30.577704 ], [ -83.259634, 30.574256 ], [ -83.259789, 30.573056 ], [ -83.262224, 30.569942 ], [ -83.261937, 30.568896 ], [ -83.259585, 30.566812 ], [ -83.257918, 30.565941 ], [ -83.25684, 30.56298 ], [ -83.256016, 30.562228 ], [ -83.256023, 30.55937 ], [ -83.25841, 30.558441 ], [ -83.259881, 30.557377 ], [ -83.260807, 30.552821 ], [ -83.254357, 30.549131 ], [ -83.2518, 30.546024 ], [ -83.247332, 30.541043 ], [ -83.246867, 30.540022 ], [ -83.246934, 30.537386 ], [ -83.245803, 30.535719 ], [ -83.246008, 30.534528 ], [ -83.247357, 30.53375 ], [ -83.249509, 30.533535 ], [ -83.249012, 30.531636 ], [ -83.245698, 30.531215 ], [ -83.245048, 30.530778 ], [ -83.244027, 30.525449 ], [ -83.242424, 30.52528 ], [ -83.241008, 30.524269 ], [ -83.239784, 30.520296 ], [ -83.238938, 30.518022 ], [ -83.239502, 30.51508 ], [ -83.24034, 30.51506 ], [ -83.242569, 30.516489 ], [ -83.243821, 30.513535 ], [ -83.246106, 30.512457 ], [ -83.244055, 30.510858 ], [ -83.240564, 30.505932 ], [ -83.240766, 30.504952 ], [ -83.242827, 30.502152 ], [ -83.242199, 30.49708 ], [ -83.240677, 30.494417 ], [ -83.240802, 30.49334 ], [ -83.242714, 30.492774 ], [ -83.244099, 30.492963 ], [ -83.244987, 30.492056 ], [ -83.24323, 30.488656 ], [ -83.243945, 30.48405 ], [ -83.243611, 30.482243 ], [ -83.244005, 30.479619 ], [ -83.243644, 30.47873 ], [ -83.241903, 30.478201 ], [ -83.243565, 30.475377 ], [ -83.243599, 30.472984 ], [ -83.239156, 30.472662 ], [ -83.236009, 30.471006 ], [ -83.231689, 30.470163 ], [ -83.226907, 30.468605 ], [ -83.225866, 30.468021 ], [ -83.223048, 30.464795 ], [ -83.221894, 30.464263 ], [ -83.217797, 30.464226 ], [ -83.217804, 30.463561 ], [ -83.21958, 30.462016 ], [ -83.219143, 30.459047 ], [ -83.217659, 30.455857 ], [ -83.221078, 30.454254 ], [ -83.222788, 30.452097 ], [ -83.222564, 30.449872 ], [ -83.221495, 30.448896 ], [ -83.219497, 30.44894 ], [ -83.217658, 30.448415 ], [ -83.217482, 30.44677 ], [ -83.218787, 30.446192 ], [ -83.220548, 30.443976 ], [ -83.220686, 30.443026 ], [ -83.21981, 30.44035 ], [ -83.220174, 30.43917 ], [ -83.222085, 30.436825 ], [ -83.222134, 30.435673 ], [ -83.220564, 30.433562 ], [ -83.218547, 30.42784 ], [ -83.218703, 30.425889 ], [ -83.219477, 30.425367 ], [ -83.221777, 30.425686 ], [ -83.222208, 30.423531 ], [ -83.220087, 30.422484 ], [ -83.217078, 30.418726 ], [ -83.215279, 30.418257 ], [ -83.213791, 30.420691 ], [ -83.210971, 30.421582 ], [ -83.209417, 30.420976 ], [ -83.207489, 30.419443 ], [ -83.207612, 30.415727 ], [ -83.206979, 30.413023 ], [ -83.206163, 30.412141 ], [ -83.204882, 30.412136 ], [ -83.2041, 30.414869 ], [ -83.198506, 30.415853 ], [ -83.194777, 30.416946 ], [ -83.19244, 30.415263 ], [ -83.189203, 30.413571 ], [ -83.186751, 30.412932 ], [ -83.183053, 30.411239 ], [ -83.180033, 30.41016 ], [ -83.180314, 30.408199 ], [ -83.178453, 30.40413 ], [ -83.177898, 30.402137 ], [ -83.176682, 30.399853 ], [ -83.174791, 30.398314 ], [ -83.17503, 30.396887 ], [ -83.177525, 30.395225 ], [ -83.178382, 30.393165 ], [ -83.178009, 30.392147 ], [ -83.175599, 30.391009 ], [ -83.173871, 30.391479 ], [ -83.171963, 30.38944 ], [ -83.170969, 30.385225 ], [ -83.169333, 30.386912 ], [ -83.16968, 30.389625 ], [ -83.169032, 30.390989 ], [ -83.167224, 30.392128 ], [ -83.164311, 30.393151 ], [ -83.165498, 30.396064 ], [ -83.165406, 30.398581 ], [ -83.164355, 30.399665 ], [ -83.161947, 30.400334 ], [ -83.159594, 30.400146 ], [ -83.158412, 30.400525 ], [ -83.158458, 30.402927 ], [ -83.155433, 30.408253 ], [ -83.156117, 30.409151 ], [ -83.158662, 30.409044 ], [ -83.159713, 30.409786 ], [ -83.158052, 30.414109 ], [ -83.156568, 30.415164 ], [ -83.15545, 30.416824 ], [ -83.154457, 30.417382 ], [ -83.152272, 30.417284 ], [ -83.150107, 30.418911 ], [ -83.148302, 30.417492 ], [ -83.143151, 30.419824 ], [ -83.141643, 30.422659 ], [ -83.137915, 30.421913 ], [ -83.136161, 30.420523 ], [ -83.135586, 30.418682 ], [ -83.134548, 30.419156 ], [ -83.134294, 30.421406 ], [ -83.132229, 30.423759 ], [ -83.130912, 30.425847 ], [ -83.128626, 30.428553 ], [ -83.127229, 30.429505 ], [ -83.124232, 30.430288 ], [ -83.122103, 30.43261 ], [ -83.118334, 30.431508 ], [ -83.116191, 30.431954 ], [ -83.112406, 30.433798 ], [ -83.108696, 30.434168 ], [ -83.104998, 30.433628 ], [ -83.101566, 30.435331 ], [ -83.096468, 30.436232 ], [ -83.095872, 30.436748 ], [ -83.091491, 30.437027 ], [ -83.089526, 30.437049 ], [ -83.084116, 30.438071 ], [ -83.082708, 30.439339 ], [ -83.083408, 30.44142 ], [ -83.083156, 30.442606 ], [ -83.082017, 30.442865 ], [ -83.08151, 30.442514 ], [ -83.078706, 30.438116 ], [ -83.078447, 30.434413 ], [ -83.077815, 30.431207 ], [ -83.076716, 30.429366 ], [ -83.076016, 30.426004 ], [ -83.07535, 30.425435 ], [ -83.073434, 30.425758 ], [ -83.071771, 30.425417 ], [ -83.070572, 30.424466 ], [ -83.069015, 30.424538 ], [ -83.068199, 30.425879 ], [ -83.068021, 30.428709 ], [ -83.06489, 30.427926 ], [ -83.059417, 30.427539 ], [ -83.061301, 30.428491 ], [ -83.060323, 30.430065 ], [ -83.059329, 30.429366 ], [ -83.057719, 30.429583 ], [ -83.055212, 30.428999 ], [ -83.054034, 30.429432 ], [ -83.051698, 30.427896 ], [ -83.049261, 30.430009 ], [ -83.048118, 30.430384 ], [ -83.046507, 30.429859 ], [ -83.044467, 30.430454 ], [ -83.041583, 30.429716 ], [ -83.03868, 30.430796 ], [ -83.03597, 30.428987 ], [ -83.035364, 30.430553 ], [ -83.034304, 30.43085 ], [ -83.03207, 30.430013 ], [ -83.029994, 30.428482 ], [ -83.027475, 30.427857 ], [ -83.020731, 30.425378 ], [ -83.017772, 30.424667 ], [ -83.015682, 30.422922 ], [ -83.012303, 30.423461 ], [ -83.007856, 30.422514 ], [ -83.007232, 30.424545 ], [ -83.006279, 30.425289 ], [ -83.004937, 30.427766 ], [ -83.002616, 30.428363 ], [ -83.002072, 30.429478 ], [ -83.004611, 30.431046 ], [ -83.00422, 30.431933 ], [ -82.999727, 30.430485 ], [ -82.997757, 30.430672 ], [ -82.995472, 30.428238 ], [ -82.990882, 30.42746 ], [ -82.987941, 30.425635 ], [ -82.984849, 30.425514 ], [ -82.984693, 30.423698 ], [ -82.983728, 30.421637 ], [ -82.983406, 30.41951 ], [ -82.982742, 30.419009 ], [ -82.979159, 30.419207 ], [ -82.977347, 30.419735 ], [ -82.977636, 30.41849 ], [ -82.974498, 30.41755 ], [ -82.972328, 30.418989 ], [ -82.971711, 30.417282 ], [ -82.96988, 30.417557 ], [ -82.968378, 30.41682 ], [ -82.966174, 30.417503 ], [ -82.964952, 30.415611 ], [ -82.959836, 30.414019 ], [ -82.958286, 30.41425 ], [ -82.9559, 30.413486 ], [ -82.954453, 30.411768 ], [ -82.955556, 30.410472 ], [ -82.954872, 30.409707 ], [ -82.952138, 30.409322 ], [ -82.951268, 30.408768 ], [ -82.949911, 30.406335 ], [ -82.947608, 30.40661 ], [ -82.947103, 30.405457 ], [ -82.948309, 30.404635 ], [ -82.948775, 30.401002 ], [ -82.94572, 30.400824 ], [ -82.94382, 30.400113 ], [ -82.942839, 30.400378 ], [ -82.939047, 30.399993 ], [ -82.937702, 30.398258 ], [ -82.935719, 30.395154 ], [ -82.934537, 30.394622 ], [ -82.932834, 30.395057 ], [ -82.932988, 30.393429 ], [ -82.931525, 30.390388 ], [ -82.929376, 30.389058 ], [ -82.929188, 30.390248 ], [ -82.927656, 30.390987 ], [ -82.924839, 30.388293 ], [ -82.920067, 30.38592 ], [ -82.915941, 30.385527 ], [ -82.914921, 30.383125 ], [ -82.913054, 30.383804 ], [ -82.911069, 30.383432 ], [ -82.909358, 30.382253 ], [ -82.90836, 30.380079 ], [ -82.908025, 30.383785 ], [ -82.907182, 30.384526 ], [ -82.905161, 30.384139 ], [ -82.903246, 30.383188 ], [ -82.902484, 30.385445 ], [ -82.903698, 30.38645 ], [ -82.905715, 30.38618 ], [ -82.906565, 30.387253 ], [ -82.905758, 30.388105 ], [ -82.901563, 30.387349 ], [ -82.896682, 30.386801 ], [ -82.892013, 30.387569 ], [ -82.888943, 30.386094 ], [ -82.88911, 30.38466 ], [ -82.891587, 30.381526 ], [ -82.890765, 30.380036 ], [ -82.890564, 30.37812 ], [ -82.893357, 30.374622 ], [ -82.892256, 30.372926 ], [ -82.890245, 30.371923 ], [ -82.888463, 30.368811 ], [ -82.887273, 30.367827 ], [ -82.885671, 30.367454 ], [ -82.884538, 30.367046 ], [ -82.885102, 30.365295 ], [ -82.882063, 30.365072 ], [ -82.881595, 30.366781 ], [ -82.879171, 30.367231 ], [ -82.877358, 30.365763 ], [ -82.874664, 30.365594 ], [ -82.872092, 30.366364 ], [ -82.871612, 30.365705 ], [ -82.871089, 30.362659 ], [ -82.870379, 30.362102 ], [ -82.868711, 30.362584 ], [ -82.866255, 30.358341 ], [ -82.863408, 30.35725 ], [ -82.861854, 30.357435 ], [ -82.859132, 30.358984 ], [ -82.85708, 30.358324 ], [ -82.855654, 30.355832 ], [ -82.855085, 30.353234 ], [ -82.853332, 30.352924 ], [ -82.853111, 30.357159 ], [ -82.851928, 30.356909 ], [ -82.851626, 30.35602 ], [ -82.851882, 30.351187 ], [ -82.852611, 30.349004 ], [ -82.850661, 30.346577 ], [ -82.849538, 30.346377 ], [ -82.848374, 30.344775 ], [ -82.845121, 30.342053 ], [ -82.844246, 30.340904 ], [ -82.841921, 30.341545 ], [ -82.841385, 30.343318 ], [ -82.837871, 30.342264 ], [ -82.836054, 30.342368 ], [ -82.833574, 30.344493 ], [ -82.832875, 30.346525 ], [ -82.832247, 30.34677 ], [ -82.827211, 30.345784 ], [ -82.827114, 30.34306 ], [ -82.825746, 30.341932 ], [ -82.823748, 30.342503 ], [ -82.823252, 30.341677 ], [ -82.819126, 30.341112 ], [ -82.815859, 30.341872 ], [ -82.814049, 30.340647 ], [ -82.811983, 30.340352 ], [ -82.811238, 30.339299 ], [ -82.810906, 30.33704 ], [ -82.809776, 30.337366 ], [ -82.806857, 30.340972 ], [ -82.806779, 30.344257 ], [ -82.804967, 30.345385 ], [ -82.803943, 30.345399 ], [ -82.799598, 30.344225 ], [ -82.795718, 30.340578 ], [ -82.795354, 30.33812 ], [ -82.794594, 30.337024 ], [ -82.792125, 30.335889 ], [ -82.79349, 30.333232 ], [ -82.79281, 30.329467 ], [ -82.793158, 30.327624 ], [ -82.791978, 30.326515 ], [ -82.789341, 30.327879 ], [ -82.78788, 30.326484 ], [ -82.788503, 30.324013 ], [ -82.784497, 30.32472 ], [ -82.77957, 30.324955 ], [ -82.777752, 30.323257 ], [ -82.77155, 30.325858 ], [ -82.766861, 30.328644 ], [ -82.765786, 30.329992 ], [ -82.763732, 30.330925 ], [ -82.760592, 30.329338 ], [ -82.759675, 30.327438 ], [ -82.761241, 30.32601 ], [ -82.760754, 30.324255 ], [ -82.753007, 30.319479 ], [ -82.750092, 30.319663 ], [ -82.749217, 30.319133 ], [ -82.748857, 30.318606 ], [ -82.746741, 30.317426 ], [ -82.745411, 30.317369 ], [ -82.74453, 30.317874 ], [ -82.744257, 30.319335 ], [ -82.740425, 30.320979 ], [ -82.739825, 30.321588 ], [ -82.738637, 30.325197 ], [ -82.73833, 30.326129 ], [ -82.738229, 30.326392 ], [ -82.73655, 30.328351 ], [ -82.734933, 30.329233 ], [ -82.730087, 30.331129 ], [ -82.724638, 30.333796 ], [ -82.723815, 30.33383 ], [ -82.722965, 30.333481 ], [ -82.72262, 30.331549 ], [ -82.724743, 30.329548 ], [ -82.724914, 30.328483 ], [ -82.721489, 30.324393 ], [ -82.717773, 30.321391 ], [ -82.71643, 30.321242 ], [ -82.715136, 30.322128 ], [ -82.7132, 30.325741 ], [ -82.710312, 30.328359 ], [ -82.703126, 30.332614 ], [ -82.700819, 30.333514 ], [ -82.697327, 30.333451 ], [ -82.693659, 30.332043 ], [ -82.689922, 30.333109 ], [ -82.688981, 30.335072 ], [ -82.684158, 30.337964 ], [ -82.683231, 30.34013 ], [ -82.681473, 30.342805 ], [ -82.681873, 30.344512 ], [ -82.683996, 30.346645 ], [ -82.684257, 30.347878 ], [ -82.686949, 30.353336 ], [ -82.686076, 30.354291 ], [ -82.683783, 30.354134 ], [ -82.683003, 30.354894 ], [ -82.682181, 30.357422 ], [ -82.681287, 30.358781 ], [ -82.675988, 30.362168 ], [ -82.675787, 30.363595 ], [ -82.674435, 30.364698 ], [ -82.672262, 30.365488 ], [ -82.67029, 30.365627 ], [ -82.665776, 30.366971 ], [ -82.662281, 30.370351 ], [ -82.665052, 30.374942 ], [ -82.665665, 30.377505 ], [ -82.665421, 30.379245 ], [ -82.664431, 30.380247 ], [ -82.659887, 30.381922 ], [ -82.658357, 30.384586 ], [ -82.658169, 30.385979 ], [ -82.65863, 30.389671 ], [ -82.657814, 30.391489 ], [ -82.653732, 30.391083 ], [ -82.649948, 30.391905 ], [ -82.647048, 30.395129 ], [ -82.646699, 30.397364 ], [ -82.647075, 30.400771 ], [ -82.646213, 30.404718 ], [ -82.645555, 30.406417 ], [ -82.645768, 30.407992 ], [ -82.648506, 30.408554 ], [ -82.649986, 30.410108 ], [ -82.650202, 30.411709 ], [ -82.651529, 30.415608 ], [ -82.649367, 30.417233 ], [ -82.64955, 30.418986 ], [ -82.653899, 30.422012 ], [ -82.653115, 30.425079 ], [ -82.654368, 30.426286 ], [ -82.6525, 30.428066 ], [ -82.652749, 30.42944 ], [ -82.654181, 30.430925 ], [ -82.656314, 30.4322 ], [ -82.655327, 30.433843 ], [ -82.65559, 30.43492 ], [ -82.658003, 30.437737 ], [ -82.659099, 30.440696 ], [ -82.659993, 30.441052 ], [ -82.661024, 30.438931 ], [ -82.662191, 30.439141 ], [ -82.666297, 30.442647 ], [ -82.670228, 30.444356 ], [ -82.671421, 30.445487 ], [ -82.672895, 30.448571 ], [ -82.671531, 30.449203 ], [ -82.670258, 30.448729 ], [ -82.669816, 30.447012 ], [ -82.667856, 30.44722 ], [ -82.668058, 30.449331 ], [ -82.666302, 30.45131 ], [ -82.662931, 30.448789 ], [ -82.662063, 30.449678 ], [ -82.663281, 30.452054 ], [ -82.66512, 30.453322 ], [ -82.668661, 30.453542 ], [ -82.67047, 30.453054 ], [ -82.67216, 30.454262 ], [ -82.672889, 30.455655 ], [ -82.677144, 30.458378 ], [ -82.680494, 30.461474 ], [ -82.681, 30.464281 ], [ -82.67763, 30.464956 ], [ -82.675934, 30.464738 ], [ -82.675818, 30.466239 ], [ -82.677365, 30.467686 ], [ -82.676736, 30.470362 ], [ -82.67733, 30.471935 ], [ -82.678035, 30.472201 ], [ -82.68201, 30.471052 ], [ -82.685785, 30.472011 ], [ -82.688407, 30.472015 ], [ -82.695047, 30.473643 ], [ -82.699064, 30.475376 ], [ -82.701802, 30.477713 ], [ -82.7018, 30.478538 ], [ -82.699802, 30.478998 ], [ -82.699653, 30.479917 ], [ -82.70158, 30.481615 ], [ -82.702427, 30.483283 ], [ -82.701118, 30.483865 ], [ -82.699187, 30.483568 ], [ -82.696703, 30.484602 ], [ -82.696663, 30.489418 ], [ -82.697957, 30.490333 ], [ -82.700888, 30.490119 ], [ -82.704197, 30.492088 ], [ -82.706068, 30.492392 ], [ -82.705156, 30.495105 ], [ -82.707013, 30.496141 ], [ -82.708334, 30.497751 ], [ -82.707511, 30.50061 ], [ -82.705839, 30.502378 ], [ -82.705974, 30.504152 ], [ -82.707554, 30.506204 ], [ -82.710344, 30.506669 ], [ -82.715014, 30.505468 ], [ -82.716466, 30.507378 ], [ -82.716525, 30.510607 ], [ -82.71614, 30.512505 ], [ -82.718349, 30.517628 ], [ -82.717983, 30.51983 ], [ -82.718396, 30.521023 ], [ -82.72019, 30.521304 ], [ -82.721878, 30.517922 ], [ -82.723031, 30.517367 ], [ -82.724265, 30.518029 ], [ -82.725478, 30.521686 ], [ -82.728622, 30.525707 ], [ -82.727457, 30.528114 ], [ -82.727628, 30.530548 ], [ -82.725386, 30.531169 ], [ -82.720614, 30.530142 ], [ -82.717339, 30.530614 ], [ -82.714528, 30.531842 ], [ -82.7156, 30.536957 ], [ -82.717075, 30.540017 ], [ -82.716601, 30.541306 ], [ -82.719262, 30.54166 ], [ -82.719372, 30.543548 ], [ -82.721255, 30.544868 ], [ -82.721631, 30.547009 ], [ -82.722544, 30.547948 ], [ -82.722892, 30.550313 ], [ -82.720634, 30.55182 ], [ -82.720785, 30.553713 ], [ -82.721606, 30.554373 ], [ -82.724171, 30.554061 ], [ -82.724405, 30.555835 ], [ -82.7262, 30.556675 ], [ -82.726908, 30.558267 ], [ -82.726583, 30.559486 ], [ -82.724561, 30.559448 ], [ -82.722798, 30.560773 ], [ -82.722899, 30.562326 ], [ -82.724604, 30.56347 ], [ -82.723943, 30.564888 ], [ -82.722618, 30.563562 ], [ -82.718996, 30.562962 ], [ -82.71692, 30.564366 ], [ -82.715496, 30.565949 ], [ -82.714943, 30.567566 ], [ -82.716163, 30.568306 ], [ -82.716934, 30.566816 ], [ -82.718273, 30.567593 ], [ -82.71703, 30.569648 ], [ -82.713633, 30.570765 ], [ -82.706724, 30.574274 ], [ -82.70489, 30.57671 ], [ -82.704299, 30.579769 ], [ -82.703569, 30.580919 ], [ -82.70429, 30.582857 ], [ -82.70657, 30.583667 ], [ -82.706656, 30.584318 ], [ -82.703832, 30.585964 ], [ -82.700921, 30.589404 ], [ -82.699295, 30.58931 ], [ -82.697763, 30.59111 ], [ -82.696227, 30.591521 ], [ -82.695978, 30.593037 ], [ -82.697343, 30.594443 ], [ -82.69652, 30.596047 ], [ -82.695429, 30.595133 ], [ -82.69174, 30.594616 ], [ -82.6895389, 30.5977337 ], [ -82.698618, 30.598232 ], [ -82.698902, 30.598271 ], [ -82.877259, 30.609024 ], [ -82.878779, 30.609082 ], [ -82.939918, 30.6125919 ], [ -83.0235294, 30.617392 ], [ -83.0557133, 30.6192396 ], [ -83.0559507, 30.6192533 ], [ -83.1185671, 30.622848 ], [ -83.1214094, 30.6230112 ], [ -83.13137, 30.623583 ], [ -83.1366141, 30.6239892 ], [ -83.15617, 30.625504 ], [ -83.163309, 30.625895 ], [ -83.172354, 30.6263423 ], [ -83.1724155, 30.6263453 ], [ -83.174411, 30.626444 ], [ -83.187391, 30.627223 ], [ -83.2562185, 30.6312794 ], [ -83.3092491, 30.6344049 ], [ -83.3092496, 30.6344049 ], [ -83.309287, 30.632946 ] ] ] ] } },
{ "type": "Feature", "properties": { "STATEFP": "12", "COUNTYFP": "117", "COUNTYNS": "00303665", "GEOIDFQ": "0500000US12117", "GEOID": "12117", "NAME": "Seminole", "NAMELSAD": "Seminole County", "STUSPS": "FL", "STATE_NAME": "Florida", "LSAD": "06", "ALAND": 801287619.0, "AWATER": 93136452.0, "STATE_NAME_HYPHEN": "Florida" }, "geometry": { "type": "MultiPolygon", "coordinates": [ [ [ [ -81.459728, 28.640196 ], [ -81.457962, 28.640197 ], [ -81.45656, 28.640193 ], [ -81.443603, 28.64015 ], [ -81.435572, 28.640065 ], [ -81.427327, 28.6402 ], [ -81.415204, 28.640057 ], [ -81.39652, 28.640185 ], [ -81.391583, 28.64021 ], [ -81.387981, 28.640229 ], [ -81.387409, 28.640242 ], [ -81.377956, 28.640335 ], [ -81.375921, 28.64035 ], [ -81.373329, 28.64029 ], [ -81.371585, 28.640376 ], [ -81.365234, 28.640404 ], [ -81.365117, 28.640404 ], [ -81.361655, 28.64041 ], [ -81.361633, 28.639326 ], [ -81.357245, 28.63934 ], [ -81.357049, 28.63934 ], [ -81.345395, 28.639497 ], [ -81.338708, 28.639547 ], [ -81.335506, 28.639548 ], [ -81.331099, 28.639581 ], [ -81.32848, 28.639628 ], [ -81.32835, 28.632749 ], [ -81.328341, 28.632334 ], [ -81.328304, 28.631099 ], [ -81.327977, 28.621067 ], [ -81.328011, 28.617668 ], [ -81.327911, 28.611268 ], [ -81.327888, 28.610501 ], [ -81.314478, 28.61067 ], [ -81.31132, 28.610709 ], [ -81.309022, 28.610735 ], [ -81.308826, 28.610744 ], [ -81.305089, 28.610768 ], [ -81.302414, 28.610778 ], [ -81.298982, 28.610826 ], [ -81.29799, 28.610811 ], [ -81.294809, 28.610935 ], [ -81.282305, 28.611123 ], [ -81.278511, 28.611199 ], [ -81.277834, 28.611209 ], [ -81.26233, 28.611491 ], [ -81.24581, 28.611652 ], [ -81.244698, 28.611536 ], [ -81.233209, 28.611709 ], [ -81.226185, 28.611817 ], [ -81.225323, 28.611769 ], [ -81.224087, 28.611785 ], [ -81.217895, 28.611858 ], [ -81.207495, 28.611876 ], [ -81.201221, 28.612036 ], [ -81.194017, 28.612068 ], [ -81.192027, 28.612081 ], [ -81.189333, 28.611943 ], [ -81.186918, 28.611965 ], [ -81.174531, 28.612038 ], [ -81.157812, 28.612225 ], [ -81.128991, 28.612487 ], [ -81.106182, 28.612643 ], [ -81.098036, 28.612731 ], [ -81.067743, 28.612677 ], [ -80.995375, 28.613172 ], [ -80.992244, 28.613009 ], [ -80.992226, 28.612975 ], [ -80.98725, 28.612997 ], [ -80.989885, 28.613926 ], [ -80.990406, 28.616522 ], [ -80.990011, 28.617119 ], [ -80.987347, 28.617257 ], [ -80.986941, 28.618298 ], [ -80.988557, 28.621924 ], [ -80.988347, 28.623542 ], [ -80.989073, 28.624748 ], [ -80.989637, 28.624767 ], [ -80.994218, 28.621649 ], [ -80.99612, 28.624124 ], [ -80.998502, 28.626062 ], [ -80.999668, 28.628096 ], [ -80.998221, 28.629592 ], [ -80.998177, 28.630583 ], [ -80.999999, 28.630275 ], [ -81.002443, 28.631404 ], [ -81.007099, 28.636326 ], [ -81.007047, 28.637108 ], [ -81.005106, 28.638894 ], [ -81.002575, 28.639862 ], [ -81.001309, 28.639527 ], [ -81.001225, 28.641053 ], [ -81.003292, 28.64496 ], [ -81.003087, 28.648129 ], [ -81.004523, 28.649518 ], [ -81.005821, 28.651807 ], [ -81.005904, 28.653172 ], [ -81.008266, 28.65875 ], [ -81.008432, 28.660138 ], [ -81.007231, 28.663451 ], [ -81.011042, 28.66808 ], [ -81.014069, 28.670345 ], [ -81.020477, 28.673218 ], [ -81.021287, 28.674253 ], [ -81.021169, 28.677586 ], [ -81.021623, 28.682893 ], [ -81.0213, 28.685242 ], [ -81.019946, 28.687259 ], [ -81.019972, 28.688548 ], [ -81.017023, 28.690086 ], [ -81.016377, 28.691221 ], [ -81.016646, 28.693037 ], [ -81.020449, 28.697811 ], [ -81.020397, 28.699575 ], [ -81.021446, 28.701143 ], [ -81.023506, 28.702539 ], [ -81.02751, 28.704577 ], [ -81.033355, 28.708065 ], [ -81.034741, 28.709387 ], [ -81.03553, 28.712221 ], [ -81.035263, 28.714178 ], [ -81.03385, 28.716712 ], [ -81.033999, 28.718565 ], [ -81.035135, 28.719436 ], [ -81.037554, 28.720223 ], [ -81.038828, 28.72159 ], [ -81.038734, 28.722361 ], [ -81.036393, 28.722534 ], [ -81.036042, 28.724104 ], [ -81.037221, 28.725427 ], [ -81.041443, 28.726662 ], [ -81.040707, 28.728343 ], [ -81.040946, 28.72974 ], [ -81.057683, 28.745119 ], [ -81.06111, 28.750001 ], [ -81.061091, 28.756744 ], [ -81.060562, 28.761994 ], [ -81.053087, 28.773557 ], [ -81.055525, 28.784839 ], [ -81.056644, 28.787166 ], [ -81.05706, 28.790446 ], [ -81.059173, 28.794941 ], [ -81.063365, 28.799437 ], [ -81.067445, 28.803037 ], [ -81.067733, 28.805261 ], [ -81.066245, 28.808061 ], [ -81.066149, 28.810077 ], [ -81.067413, 28.812989 ], [ -81.070645, 28.814909 ], [ -81.073157, 28.814861 ], [ -81.074741, 28.816301 ], [ -81.075349, 28.818509 ], [ -81.076085, 28.819325 ], [ -81.078165, 28.819245 ], [ -81.079749, 28.816925 ], [ -81.083173, 28.815629 ], [ -81.085254, 28.815949 ], [ -81.086982, 28.818285 ], [ -81.089318, 28.820541 ], [ -81.090934, 28.823517 ], [ -81.091942, 28.824653 ], [ -81.093286, 28.824797 ], [ -81.094822, 28.823853 ], [ -81.096006, 28.822093 ], [ -81.097331, 28.82153 ], [ -81.098726, 28.821917 ], [ -81.099478, 28.823181 ], [ -81.102966, 28.824413 ], [ -81.103894, 28.825325 ], [ -81.10423, 28.827853 ], [ -81.10575, 28.828541 ], [ -81.111718, 28.828221 ], [ -81.113446, 28.826733 ], [ -81.115126, 28.826141 ], [ -81.118294, 28.826477 ], [ -81.120502, 28.825677 ], [ -81.122134, 28.823693 ], [ -81.124182, 28.822285 ], [ -81.126237, 28.821441 ], [ -81.126499, 28.82043 ], [ -81.125261, 28.819323 ], [ -81.123142, 28.814125 ], [ -81.123687, 28.811981 ], [ -81.12484, 28.810655 ], [ -81.130407, 28.806989 ], [ -81.131191, 28.805741 ], [ -81.129767, 28.804253 ], [ -81.129175, 28.802253 ], [ -81.129287, 28.799454 ], [ -81.130263, 28.798542 ], [ -81.133543, 28.798446 ], [ -81.138375, 28.79739 ], [ -81.140407, 28.795966 ], [ -81.138903, 28.794862 ], [ -81.137255, 28.794926 ], [ -81.135639, 28.793502 ], [ -81.136167, 28.792222 ], [ -81.137863, 28.791294 ], [ -81.144359, 28.791566 ], [ -81.148919, 28.792206 ], [ -81.153944, 28.791422 ], [ -81.156392, 28.791774 ], [ -81.160376, 28.790862 ], [ -81.164328, 28.789438 ], [ -81.167112, 28.78731 ], [ -81.169736, 28.783614 ], [ -81.170984, 28.78315 ], [ -81.170808, 28.785006 ], [ -81.171588, 28.786031 ], [ -81.177576, 28.78587 ], [ -81.177892, 28.78511 ], [ -81.177462, 28.78292 ], [ -81.178936, 28.781886 ], [ -81.181241, 28.782872 ], [ -81.180586, 28.785957 ], [ -81.179513, 28.790272 ], [ -81.180416, 28.795957 ], [ -81.181915, 28.797168 ], [ -81.184295, 28.796992 ], [ -81.186331, 28.794681 ], [ -81.18817, 28.793773 ], [ -81.190437, 28.794545 ], [ -81.191336, 28.795673 ], [ -81.195021, 28.792302 ], [ -81.197369, 28.79192 ], [ -81.198707, 28.794477 ], [ -81.203928, 28.796934 ], [ -81.204768, 28.798764 ], [ -81.208035, 28.801762 ], [ -81.210452, 28.802453 ], [ -81.212636, 28.803275 ], [ -81.213717, 28.804212 ], [ -81.214312, 28.80753 ], [ -81.216345, 28.808302 ], [ -81.216742, 28.810403 ], [ -81.216002, 28.811687 ], [ -81.215898, 28.814423 ], [ -81.218635, 28.816984 ], [ -81.221345, 28.82034 ], [ -81.224627, 28.821585 ], [ -81.22287, 28.825919 ], [ -81.222874, 28.826862 ], [ -81.225678, 28.832453 ], [ -81.24997, 28.833106 ], [ -81.254787, 28.833233 ], [ -81.27298, 28.833699 ], [ -81.289485, 28.834089 ], [ -81.30409, 28.834434 ], [ -81.309571, 28.834564 ], [ -81.319796, 28.834532 ], [ -81.320473, 28.83453 ], [ -81.324238, 28.837623 ], [ -81.32993, 28.839038 ], [ -81.333483, 28.840398 ], [ -81.339051, 28.845181 ], [ -81.341547, 28.847053 ], [ -81.344907, 28.846333 ], [ -81.347627, 28.846221 ], [ -81.352491, 28.847229 ], [ -81.358027, 28.847804 ], [ -81.359339, 28.84894 ], [ -81.359627, 28.8503 ], [ -81.3583, 28.851929 ], [ -81.355657, 28.853341 ], [ -81.355019, 28.854572 ], [ -81.355003, 28.857996 ], [ -81.353484, 28.859201 ], [ -81.351115, 28.858108 ], [ -81.352123, 28.862316 ], [ -81.353691, 28.8631 ], [ -81.357931, 28.864028 ], [ -81.363483, 28.864732 ], [ -81.364651, 28.865692 ], [ -81.364571, 28.867436 ], [ -81.363035, 28.869899 ], [ -81.360475, 28.870523 ], [ -81.360668, 28.872459 ], [ -81.365292, 28.876523 ], [ -81.36694, 28.879227 ], [ -81.366296, 28.873602 ], [ -81.368608, 28.872921 ], [ -81.369692, 28.870536 ], [ -81.37238, 28.8689 ], [ -81.374115, 28.869764 ], [ -81.375684, 28.866477 ], [ -81.376006, 28.865901 ], [ -81.375013, 28.862288 ], [ -81.376917, 28.861142 ], [ -81.379918, 28.858106 ], [ -81.380007, 28.856477 ], [ -81.382008, 28.85392 ], [ -81.382965, 28.851994 ], [ -81.386304, 28.849915 ], [ -81.388068, 28.849898 ], [ -81.390122, 28.849013 ], [ -81.39466, 28.842106 ], [ -81.398397, 28.841887 ], [ -81.398393, 28.840668 ], [ -81.400525, 28.838705 ], [ -81.403047, 28.837176 ], [ -81.403862, 28.83483 ], [ -81.407288, 28.834769 ], [ -81.409232, 28.833191 ], [ -81.40911, 28.832476 ], [ -81.412004, 28.830577 ], [ -81.414377, 28.8275 ], [ -81.41575, 28.826372 ], [ -81.416846, 28.824569 ], [ -81.419199, 28.818315 ], [ -81.419555, 28.815181 ], [ -81.41885, 28.810574 ], [ -81.418031, 28.80816 ], [ -81.418187, 28.806474 ], [ -81.415708, 28.802576 ], [ -81.415108, 28.797143 ], [ -81.413762, 28.792604 ], [ -81.414009, 28.789783 ], [ -81.415529, 28.78589 ], [ -81.414682, 28.785564 ], [ -81.415132, 28.784482 ], [ -81.415526, 28.782664 ], [ -81.415134, 28.780259 ], [ -81.415345, 28.778581 ], [ -81.414688, 28.777039 ], [ -81.414882, 28.774679 ], [ -81.415668, 28.773822 ], [ -81.415841, 28.771057 ], [ -81.41637, 28.769519 ], [ -81.415639, 28.766502 ], [ -81.415834, 28.764468 ], [ -81.415215, 28.763672 ], [ -81.415671, 28.759748 ], [ -81.416328, 28.75841 ], [ -81.41646, 28.755697 ], [ -81.418474, 28.754632 ], [ -81.421542, 28.744546 ], [ -81.421884, 28.739739 ], [ -81.42277, 28.736915 ], [ -81.423761, 28.73534 ], [ -81.425043, 28.735241 ], [ -81.426876, 28.733747 ], [ -81.431505, 28.728135 ], [ -81.431638, 28.727046 ], [ -81.436227, 28.721795 ], [ -81.438198, 28.720577 ], [ -81.439435, 28.719086 ], [ -81.440996, 28.715857 ], [ -81.44142, 28.715096 ], [ -81.444274, 28.713894 ], [ -81.446396, 28.713696 ], [ -81.447522, 28.71516 ], [ -81.448724, 28.715323 ], [ -81.450543, 28.714351 ], [ -81.457952, 28.714317 ], [ -81.459524, 28.713264 ], [ -81.459512, 28.709398 ], [ -81.459596, 28.688589 ], [ -81.459654, 28.683747 ], [ -81.459622, 28.680214 ], [ -81.459649, 28.674553 ], [ -81.459661, 28.672918 ], [ -81.459664, 28.67274 ], [ -81.459699, 28.664508 ], [ -81.459705, 28.662567 ], [ -81.459707, 28.661598 ], [ -81.459689, 28.644357 ], [ -81.459728, 28.640196 ] ] ] ] } },
{ "type": "Feature", "properties": { "STATEFP": "12", "COUNTYFP": "121", "COUNTYNS": "00295729", "GEOIDFQ": "0500000US12121", "GEOID": "12121", "NAME": "Suwannee", "NAMELSAD": "Suwannee County", "STUSPS": "FL", "STATE_NAME": "Florida", "LSAD": "06", "ALAND": 1783430092.0, "AWATER": 9505389.0, "STATE_NAME_HYPHEN": "Florida" }, "geometry": { "type": "MultiPolygon", "coordinates": [ [ [ [ -83.253093, 30.251098 ], [ -83.251719, 30.248341 ], [ -83.250495, 30.247485 ], [ -83.246255, 30.249446 ], [ -83.242941, 30.249564 ], [ -83.242525, 30.248231 ], [ -83.244503, 30.245891 ], [ -83.248094, 30.245635 ], [ -83.249551, 30.244535 ], [ -83.251023, 30.243141 ], [ -83.253048, 30.238725 ], [ -83.252712, 30.235654 ], [ -83.252035, 30.234105 ], [ -83.250362, 30.232 ], [ -83.247297, 30.230116 ], [ -83.242854, 30.228846 ], [ -83.240132, 30.227529 ], [ -83.239683, 30.226741 ], [ -83.239859, 30.225377 ], [ -83.240835, 30.224083 ], [ -83.243674, 30.219121 ], [ -83.244035, 30.217812 ], [ -83.243945, 30.214079 ], [ -83.24483, 30.211227 ], [ -83.247221, 30.20735 ], [ -83.248866, 30.202228 ], [ -83.250076, 30.200644 ], [ -83.250056, 30.196579 ], [ -83.249147, 30.193461 ], [ -83.249996, 30.190487 ], [ -83.248851, 30.183931 ], [ -83.247115, 30.179748 ], [ -83.24491, 30.176963 ], [ -83.239808, 30.172906 ], [ -83.23613, 30.170823 ], [ -83.232979, 30.168728 ], [ -83.231601, 30.166841 ], [ -83.23126, 30.165021 ], [ -83.23179, 30.161897 ], [ -83.233192, 30.159115 ], [ -83.237534, 30.154638 ], [ -83.238702, 30.15276 ], [ -83.238586, 30.152011 ], [ -83.235024, 30.148951 ], [ -83.232811, 30.146359 ], [ -83.227178, 30.141126 ], [ -83.225128, 30.137993 ], [ -83.224594, 30.135278 ], [ -83.22509, 30.130776 ], [ -83.22526, 30.124821 ], [ -83.22636, 30.114621 ], [ -83.225859, 30.113621 ], [ -83.223659, 30.111821 ], [ -83.220359, 30.110421 ], [ -83.217959, 30.108221 ], [ -83.216159, 30.105322 ], [ -83.214959, 30.104022 ], [ -83.212159, 30.103222 ], [ -83.207259, 30.104622 ], [ -83.201059, 30.105822 ], [ -83.198908, 30.105822 ], [ -83.195258, 30.104622 ], [ -83.191958, 30.102422 ], [ -83.188258, 30.097522 ], [ -83.185158, 30.094422 ], [ -83.184358, 30.094122 ], [ -83.182058, 30.094522 ], [ -83.180358, 30.098822 ], [ -83.176058, 30.100022 ], [ -83.171735, 30.099257 ], [ -83.169857, 30.099622 ], [ -83.167657, 30.100822 ], [ -83.165857, 30.103222 ], [ -83.164757, 30.106822 ], [ -83.163857, 30.108722 ], [ -83.162457, 30.110022 ], [ -83.160557, 30.109823 ], [ -83.155457, 30.107423 ], [ -83.151757, 30.104923 ], [ -83.149057, 30.103923 ], [ -83.146357, 30.103823 ], [ -83.142857, 30.104323 ], [ -83.139056, 30.102723 ], [ -83.135156, 30.097723 ], [ -83.132856, 30.096923 ], [ -83.129256, 30.098823 ], [ -83.125656, 30.101523 ], [ -83.124856, 30.102723 ], [ -83.12215, 30.104945 ], [ -83.119203, 30.104973 ], [ -83.117768, 30.104592 ], [ -83.114243, 30.102424 ], [ -83.11406, 30.093628 ], [ -83.112954, 30.091932 ], [ -83.111149, 30.090929 ], [ -83.10784, 30.090973 ], [ -83.102361, 30.091521 ], [ -83.099757, 30.091308 ], [ -83.096749, 30.090157 ], [ -83.094839, 30.087846 ], [ -83.091568, 30.085259 ], [ -83.087415, 30.082944 ], [ -83.085164, 30.082626 ], [ -83.081391, 30.082773 ], [ -83.075312, 30.082617 ], [ -83.071634, 30.082151 ], [ -83.069553, 30.081252 ], [ -83.068863, 30.079749 ], [ -83.069018, 30.078152 ], [ -83.069993, 30.07524 ], [ -83.07042, 30.072562 ], [ -83.06949, 30.068736 ], [ -83.066529, 30.065373 ], [ -83.062718, 30.063683 ], [ -83.056166, 30.061666 ], [ -83.054074, 30.060766 ], [ -83.04742, 30.056533 ], [ -83.041499, 30.054569 ], [ -83.040123, 30.053541 ], [ -83.038058, 30.051075 ], [ -83.036468, 30.047933 ], [ -83.034717, 30.045783 ], [ -83.030199, 30.045008 ], [ -83.02822, 30.04418 ], [ -83.023436, 30.040844 ], [ -83.019878, 30.036617 ], [ -83.016007, 30.034268 ], [ -83.013293, 30.032123 ], [ -83.010945, 30.028995 ], [ -83.008197, 30.024147 ], [ -83.006098, 30.019421 ], [ -83.0044, 30.013872 ], [ -83.003192, 30.010795 ], [ -83.001312, 30.008789 ], [ -82.996661, 30.007017 ], [ -82.995302, 30.006138 ], [ -82.993311, 30.006071 ], [ -82.986948, 30.007224 ], [ -82.983649, 30.007575 ], [ -82.97942, 30.007393 ], [ -82.977608, 30.006116 ], [ -82.976667, 30.003962 ], [ -82.975111, 29.997637 ], [ -82.974148, 29.996635 ], [ -82.969545, 29.996127 ], [ -82.966577, 29.995799 ], [ -82.96385, 29.994544 ], [ -82.963112, 29.99305 ], [ -82.962636, 29.986887 ], [ -82.960377, 29.975154 ], [ -82.957321, 29.969118 ], [ -82.954241, 29.966375 ], [ -82.953834, 29.961364 ], [ -82.952399, 29.959361 ], [ -82.950569, 29.958317 ], [ -82.935806, 29.956836 ], [ -82.931813, 29.957812 ], [ -82.930782, 29.957399 ], [ -82.929536, 29.955173 ], [ -82.926174, 29.949887 ], [ -82.925091, 29.946384 ], [ -82.923471, 29.943181 ], [ -82.92396, 29.936515 ], [ -82.922754, 29.934899 ], [ -82.920546, 29.930072 ], [ -82.920702, 29.928943 ], [ -82.925353, 29.924685 ], [ -82.925884, 29.921331 ], [ -82.924747, 29.920296 ], [ -82.921627, 29.919337 ], [ -82.918586, 29.915071 ], [ -82.91921, 29.908966 ], [ -82.919012, 29.908255 ], [ -82.915294, 29.907158 ], [ -82.91295, 29.905967 ], [ -82.912101, 29.904836 ], [ -82.912736, 29.902433 ], [ -82.917027, 29.900781 ], [ -82.918465, 29.89817 ], [ -82.918607, 29.896388 ], [ -82.91555, 29.891791 ], [ -82.913001, 29.889777 ], [ -82.910708, 29.889151 ], [ -82.909, 29.889494 ], [ -82.907378, 29.893161 ], [ -82.90721, 29.89479 ], [ -82.907628, 29.898138 ], [ -82.90565, 29.900118 ], [ -82.903753, 29.900954 ], [ -82.900576, 29.901527 ], [ -82.897866, 29.90144 ], [ -82.895034, 29.900256 ], [ -82.894031, 29.898624 ], [ -82.892043, 29.896726 ], [ -82.88826, 29.894625 ], [ -82.885156, 29.891576 ], [ -82.884796, 29.889219 ], [ -82.885902, 29.887996 ], [ -82.887321, 29.88812 ], [ -82.888947, 29.890214 ], [ -82.890851, 29.890912 ], [ -82.893092, 29.88957 ], [ -82.892863, 29.888118 ], [ -82.89133, 29.885912 ], [ -82.890093, 29.884916 ], [ -82.884196, 29.882334 ], [ -82.882724, 29.883115 ], [ -82.880492, 29.886409 ], [ -82.879802, 29.886847 ], [ -82.878749, 29.889186 ], [ -82.874577, 29.890672 ], [ -82.872934, 29.896423 ], [ -82.871725, 29.898452 ], [ -82.870747, 29.898817 ], [ -82.868727, 29.898297 ], [ -82.866765, 29.898756 ], [ -82.866578, 29.900398 ], [ -82.867514, 29.902269 ], [ -82.866946, 29.903672 ], [ -82.86577, 29.903959 ], [ -82.864909, 29.905227 ], [ -82.86424, 29.907558 ], [ -82.864658, 29.908822 ], [ -82.863266, 29.91105 ], [ -82.86005, 29.911592 ], [ -82.858071, 29.911662 ], [ -82.855338, 29.913255 ], [ -82.851606, 29.913883 ], [ -82.848716, 29.913796 ], [ -82.842353, 29.91184 ], [ -82.84081, 29.912352 ], [ -82.839917, 29.914302 ], [ -82.837535, 29.913923 ], [ -82.834599, 29.913993 ], [ -82.832741, 29.912663 ], [ -82.831473, 29.912808 ], [ -82.82951, 29.916406 ], [ -82.825103, 29.919803 ], [ -82.823693, 29.922698 ], [ -82.822515, 29.923559 ], [ -82.818848, 29.924937 ], [ -82.817574, 29.925884 ], [ -82.814423, 29.929831 ], [ -82.81116, 29.93082 ], [ -82.810247, 29.932132 ], [ -82.808508, 29.933079 ], [ -82.80635, 29.932746 ], [ -82.803355, 29.931016 ], [ -82.800477, 29.932126 ], [ -82.798903, 29.933637 ], [ -82.798924, 29.935747 ], [ -82.796669, 29.937822 ], [ -82.795324, 29.940103 ], [ -82.791453, 29.942105 ], [ -82.791911, 29.944011 ], [ -82.789547, 29.946371 ], [ -82.789585, 29.948207 ], [ -82.788488, 29.948827 ], [ -82.788083, 29.951142 ], [ -82.785989, 29.952785 ], [ -82.785765, 29.954884 ], [ -82.783033, 29.954684 ], [ -82.780387, 29.956546 ], [ -82.779163, 29.958011 ], [ -82.773882, 29.959578 ], [ -82.773198, 29.959038 ], [ -82.772215, 29.9603 ], [ -82.770557, 29.960541 ], [ -82.767714, 29.962349 ], [ -82.762206, 29.964377 ], [ -82.761354, 29.965978 ], [ -82.761369, 29.968159 ], [ -82.760099, 29.969681 ], [ -82.760002, 29.972337 ], [ -82.758583, 29.975707 ], [ -82.759305, 29.977353 ], [ -82.758776, 29.980094 ], [ -82.760394, 29.982074 ], [ -82.760411, 29.986205 ], [ -82.76154, 29.98633 ], [ -82.768947, 29.98656 ], [ -82.793975, 29.986202 ], [ -82.794374, 30.057194 ], [ -82.79453, 30.07386 ], [ -82.794666, 30.103051 ], [ -82.794508, 30.104128 ], [ -82.794745, 30.116043 ], [ -82.794955, 30.117097 ], [ -82.79477, 30.1178 ], [ -82.79492, 30.14669 ], [ -82.7944, 30.15438 ], [ -82.794856, 30.161381 ], [ -82.794721, 30.203453 ], [ -82.79449, 30.22617 ], [ -82.794407, 30.226582 ], [ -82.794486, 30.238062 ], [ -82.794746, 30.241604 ], [ -82.79467, 30.27435 ], [ -82.79466, 30.28101 ], [ -82.794879, 30.285497 ], [ -82.794673, 30.318392 ], [ -82.79479, 30.32017 ], [ -82.794594, 30.337024 ], [ -82.795354, 30.33812 ], [ -82.795718, 30.340578 ], [ -82.799598, 30.344225 ], [ -82.803943, 30.345399 ], [ -82.804967, 30.345385 ], [ -82.806779, 30.344257 ], [ -82.806857, 30.340972 ], [ -82.809776, 30.337366 ], [ -82.810906, 30.33704 ], [ -82.811238, 30.339299 ], [ -82.811983, 30.340352 ], [ -82.814049, 30.340647 ], [ -82.815859, 30.341872 ], [ -82.819126, 30.341112 ], [ -82.823252, 30.341677 ], [ -82.823748, 30.342503 ], [ -82.825746, 30.341932 ], [ -82.827114, 30.34306 ], [ -82.827211, 30.345784 ], [ -82.832247, 30.34677 ], [ -82.832875, 30.346525 ], [ -82.833574, 30.344493 ], [ -82.836054, 30.342368 ], [ -82.837871, 30.342264 ], [ -82.841385, 30.343318 ], [ -82.841921, 30.341545 ], [ -82.844246, 30.340904 ], [ -82.845121, 30.342053 ], [ -82.848374, 30.344775 ], [ -82.849538, 30.346377 ], [ -82.850661, 30.346577 ], [ -82.852611, 30.349004 ], [ -82.851882, 30.351187 ], [ -82.851626, 30.35602 ], [ -82.851928, 30.356909 ], [ -82.853111, 30.357159 ], [ -82.853332, 30.352924 ], [ -82.855085, 30.353234 ], [ -82.855654, 30.355832 ], [ -82.85708, 30.358324 ], [ -82.859132, 30.358984 ], [ -82.861854, 30.357435 ], [ -82.863408, 30.35725 ], [ -82.866255, 30.358341 ], [ -82.868711, 30.362584 ], [ -82.870379, 30.362102 ], [ -82.871089, 30.362659 ], [ -82.871612, 30.365705 ], [ -82.872092, 30.366364 ], [ -82.874664, 30.365594 ], [ -82.877358, 30.365763 ], [ -82.879171, 30.367231 ], [ -82.881595, 30.366781 ], [ -82.882063, 30.365072 ], [ -82.885102, 30.365295 ], [ -82.884538, 30.367046 ], [ -82.885671, 30.367454 ], [ -82.887273, 30.367827 ], [ -82.888463, 30.368811 ], [ -82.890245, 30.371923 ], [ -82.892256, 30.372926 ], [ -82.893357, 30.374622 ], [ -82.890564, 30.37812 ], [ -82.890765, 30.380036 ], [ -82.891587, 30.381526 ], [ -82.88911, 30.38466 ], [ -82.888943, 30.386094 ], [ -82.892013, 30.387569 ], [ -82.896682, 30.386801 ], [ -82.901563, 30.387349 ], [ -82.905758, 30.388105 ], [ -82.906565, 30.387253 ], [ -82.905715, 30.38618 ], [ -82.903698, 30.38645 ], [ -82.902484, 30.385445 ], [ -82.903246, 30.383188 ], [ -82.905161, 30.384139 ], [ -82.907182, 30.384526 ], [ -82.908025, 30.383785 ], [ -82.90836, 30.380079 ], [ -82.909358, 30.382253 ], [ -82.911069, 30.383432 ], [ -82.913054, 30.383804 ], [ -82.914921, 30.383125 ], [ -82.915941, 30.385527 ], [ -82.920067, 30.38592 ], [ -82.924839, 30.388293 ], [ -82.927656, 30.390987 ], [ -82.929188, 30.390248 ], [ -82.929376, 30.389058 ], [ -82.931525, 30.390388 ], [ -82.932988, 30.393429 ], [ -82.932834, 30.395057 ], [ -82.934537, 30.394622 ], [ -82.935719, 30.395154 ], [ -82.937702, 30.398258 ], [ -82.939047, 30.399993 ], [ -82.942839, 30.400378 ], [ -82.94382, 30.400113 ], [ -82.94572, 30.400824 ], [ -82.948775, 30.401002 ], [ -82.948309, 30.404635 ], [ -82.947103, 30.405457 ], [ -82.947608, 30.40661 ], [ -82.949911, 30.406335 ], [ -82.951268, 30.408768 ], [ -82.952138, 30.409322 ], [ -82.954872, 30.409707 ], [ -82.955556, 30.410472 ], [ -82.954453, 30.411768 ], [ -82.9559, 30.413486 ], [ -82.958286, 30.41425 ], [ -82.959836, 30.414019 ], [ -82.964952, 30.415611 ], [ -82.966174, 30.417503 ], [ -82.968378, 30.41682 ], [ -82.96988, 30.417557 ], [ -82.971711, 30.417282 ], [ -82.972328, 30.418989 ], [ -82.974498, 30.41755 ], [ -82.977636, 30.41849 ], [ -82.977347, 30.419735 ], [ -82.979159, 30.419207 ], [ -82.982742, 30.419009 ], [ -82.983406, 30.41951 ], [ -82.983728, 30.421637 ], [ -82.984693, 30.423698 ], [ -82.984849, 30.425514 ], [ -82.987941, 30.425635 ], [ -82.990882, 30.42746 ], [ -82.995472, 30.428238 ], [ -82.997757, 30.430672 ], [ -82.999727, 30.430485 ], [ -83.00422, 30.431933 ], [ -83.004611, 30.431046 ], [ -83.002072, 30.429478 ], [ -83.002616, 30.428363 ], [ -83.004937, 30.427766 ], [ -83.006279, 30.425289 ], [ -83.007232, 30.424545 ], [ -83.007856, 30.422514 ], [ -83.012303, 30.423461 ], [ -83.015682, 30.422922 ], [ -83.017772, 30.424667 ], [ -83.020731, 30.425378 ], [ -83.027475, 30.427857 ], [ -83.029994, 30.428482 ], [ -83.03207, 30.430013 ], [ -83.034304, 30.43085 ], [ -83.035364, 30.430553 ], [ -83.03597, 30.428987 ], [ -83.03868, 30.430796 ], [ -83.041583, 30.429716 ], [ -83.044467, 30.430454 ], [ -83.046507, 30.429859 ], [ -83.048118, 30.430384 ], [ -83.049261, 30.430009 ], [ -83.051698, 30.427896 ], [ -83.054034, 30.429432 ], [ -83.055212, 30.428999 ], [ -83.057719, 30.429583 ], [ -83.059329, 30.429366 ], [ -83.060323, 30.430065 ], [ -83.061301, 30.428491 ], [ -83.059417, 30.427539 ], [ -83.06489, 30.427926 ], [ -83.068021, 30.428709 ], [ -83.068199, 30.425879 ], [ -83.069015, 30.424538 ], [ -83.070572, 30.424466 ], [ -83.071771, 30.425417 ], [ -83.073434, 30.425758 ], [ -83.07535, 30.425435 ], [ -83.076016, 30.426004 ], [ -83.076716, 30.429366 ], [ -83.077815, 30.431207 ], [ -83.078447, 30.434413 ], [ -83.078706, 30.438116 ], [ -83.08151, 30.442514 ], [ -83.082017, 30.442865 ], [ -83.083156, 30.442606 ], [ -83.083408, 30.44142 ], [ -83.082708, 30.439339 ], [ -83.084116, 30.438071 ], [ -83.089526, 30.437049 ], [ -83.091491, 30.437027 ], [ -83.095872, 30.436748 ], [ -83.096468, 30.436232 ], [ -83.101566, 30.435331 ], [ -83.104998, 30.433628 ], [ -83.108696, 30.434168 ], [ -83.112406, 30.433798 ], [ -83.116191, 30.431954 ], [ -83.118334, 30.431508 ], [ -83.122103, 30.43261 ], [ -83.124232, 30.430288 ], [ -83.127229, 30.429505 ], [ -83.128626, 30.428553 ], [ -83.130912, 30.425847 ], [ -83.132229, 30.423759 ], [ -83.134294, 30.421406 ], [ -83.134548, 30.419156 ], [ -83.135586, 30.418682 ], [ -83.136161, 30.420523 ], [ -83.137915, 30.421913 ], [ -83.141643, 30.422659 ], [ -83.143151, 30.419824 ], [ -83.148302, 30.417492 ], [ -83.150107, 30.418911 ], [ -83.152272, 30.417284 ], [ -83.154457, 30.417382 ], [ -83.15545, 30.416824 ], [ -83.156568, 30.415164 ], [ -83.158052, 30.414109 ], [ -83.159713, 30.409786 ], [ -83.158662, 30.409044 ], [ -83.156117, 30.409151 ], [ -83.155433, 30.408253 ], [ -83.158458, 30.402927 ], [ -83.158412, 30.400525 ], [ -83.159594, 30.400146 ], [ -83.161947, 30.400334 ], [ -83.164355, 30.399665 ], [ -83.165406, 30.398581 ], [ -83.165498, 30.396064 ], [ -83.164311, 30.393151 ], [ -83.167224, 30.392128 ], [ -83.169032, 30.390989 ], [ -83.16968, 30.389625 ], [ -83.169333, 30.386912 ], [ -83.170969, 30.385225 ], [ -83.174359, 30.38449 ], [ -83.175622, 30.384455 ], [ -83.177946, 30.384139 ], [ -83.180369, 30.382402 ], [ -83.18534, 30.379989 ], [ -83.192161, 30.375217 ], [ -83.192869, 30.374032 ], [ -83.192891, 30.367782 ], [ -83.192121, 30.365675 ], [ -83.192079, 30.363696 ], [ -83.193547, 30.359627 ], [ -83.193592, 30.357624 ], [ -83.19207, 30.354941 ], [ -83.190137, 30.35287 ], [ -83.19121, 30.351153 ], [ -83.193507, 30.34999 ], [ -83.1983, 30.348279 ], [ -83.200052, 30.348365 ], [ -83.201396, 30.350078 ], [ -83.203258, 30.351088 ], [ -83.204864, 30.351222 ], [ -83.20871, 30.350533 ], [ -83.211554, 30.347481 ], [ -83.212551, 30.345851 ], [ -83.212755, 30.344341 ], [ -83.211576, 30.34107 ], [ -83.210822, 30.336572 ], [ -83.209103, 30.334136 ], [ -83.207897, 30.331087 ], [ -83.20881, 30.329393 ], [ -83.2122, 30.325727 ], [ -83.214024, 30.322581 ], [ -83.214357, 30.319834 ], [ -83.214149, 30.319053 ], [ -83.21033, 30.313932 ], [ -83.209924, 30.311878 ], [ -83.211939, 30.307965 ], [ -83.213145, 30.306951 ], [ -83.222514, 30.30317 ], [ -83.224829, 30.301966 ], [ -83.228784, 30.29844 ], [ -83.233007, 30.29202 ], [ -83.232984, 30.289716 ], [ -83.23176, 30.287577 ], [ -83.231671, 30.283817 ], [ -83.234661, 30.27833 ], [ -83.236498, 30.274238 ], [ -83.239965, 30.268211 ], [ -83.240199, 30.266698 ], [ -83.2369, 30.262897 ], [ -83.236954, 30.261628 ], [ -83.23936, 30.260408 ], [ -83.247253, 30.26067 ], [ -83.250564, 30.259578 ], [ -83.251709, 30.258738 ], [ -83.252652, 30.256793 ], [ -83.253236, 30.253646 ], [ -83.253093, 30.251098 ] ] ] ] } },
{ "type": "Feature", "properties": { "STATEFP": "12", "COUNTYFP": "049", "COUNTYNS": "00295746", "GEOIDFQ": "0500000US12049", "GEOID": "12049", "NAME": "Hardee", "NAMELSAD": "Hardee County", "STUSPS": "FL", "STATE_NAME": "Florida", "LSAD": "06", "ALAND": 1651297014.0, "AWATER": 1472455.0, "STATE_NAME_HYPHEN": "Florida" }, "geometry": { "type": "MultiPolygon", "coordinates": [ [ [ [ -82.055753, 27.338264 ], [ -81.95052, 27.3373 ], [ -81.858943, 27.336709 ], [ -81.858829, 27.340262 ], [ -81.841062, 27.34012 ], [ -81.829029, 27.340122 ], [ -81.805822, 27.34013 ], [ -81.7315, 27.340167 ], [ -81.724207, 27.340233 ], [ -81.711471, 27.340264 ], [ -81.710632, 27.34017 ], [ -81.679427, 27.340325 ], [ -81.661709, 27.340571 ], [ -81.564062, 27.340641 ], [ -81.563957, 27.373233 ], [ -81.564086, 27.373302 ], [ -81.56379, 27.414913 ], [ -81.563885, 27.434176 ], [ -81.563733, 27.485464 ], [ -81.563721, 27.493984 ], [ -81.56369, 27.559217 ], [ -81.563483, 27.588902 ], [ -81.56357, 27.591571 ], [ -81.563463, 27.613923 ], [ -81.563533, 27.646645 ], [ -81.661941, 27.646479 ], [ -81.662271, 27.646479 ], [ -81.741321, 27.646277 ], [ -81.817918, 27.646201 ], [ -81.822686, 27.646196 ], [ -81.834267, 27.64622 ], [ -81.878269, 27.646244 ], [ -81.879257, 27.646292 ], [ -81.891572, 27.646214 ], [ -81.895124, 27.646118 ], [ -81.909362, 27.646455 ], [ -81.926751, 27.646375 ], [ -81.948974, 27.646287 ], [ -82.054349, 27.646382 ], [ -82.054467, 27.595246 ], [ -82.055487, 27.473096 ], [ -82.055753, 27.338264 ] ] ] ] } },
{ "type": "Feature", "properties": { "STATEFP": "12", "COUNTYFP": "105", "COUNTYNS": "00295747", "GEOIDFQ": "0500000US12105", "GEOID": "12105", "NAME": "Polk", "NAMELSAD": "Polk County", "STUSPS": "FL", "STATE_NAME": "Florida", "LSAD": "06", "ALAND": 4657106267.0, "AWATER": 549837376.0, "STATE_NAME_HYPHEN": "Florida" }, "geometry": { "type": "MultiPolygon", "coordinates": [ [ [ [ -82.106205, 28.224196 ], [ -82.105857, 28.197322 ], [ -82.105853, 28.17165 ], [ -82.06523, 28.171585 ], [ -82.056261, 28.171592 ], [ -82.056349, 28.160149 ], [ -82.056342, 28.158854 ], [ -82.056285, 28.131059 ], [ -82.056502, 28.113252 ], [ -82.056605, 28.105694 ], [ -82.056441, 28.098661 ], [ -82.056404, 28.080385 ], [ -82.056159, 28.047552 ], [ -82.055946, 28.036937 ], [ -82.055947, 28.036734 ], [ -82.055938, 28.032986 ], [ -82.055788, 28.027417 ], [ -82.055767, 28.027236 ], [ -82.055686, 28.026851 ], [ -82.055667, 28.026181 ], [ -82.055743, 28.025149 ], [ -82.055617, 28.004713 ], [ -82.055921, 28.00275 ], [ -82.055858, 28.001615 ], [ -82.055851, 27.996472 ], [ -82.055853, 27.996368 ], [ -82.055511, 27.992809 ], [ -82.055948, 27.989483 ], [ -82.055892, 27.982059 ], [ -82.055782, 27.97745 ], [ -82.055659, 27.976328 ], [ -82.055651, 27.974695 ], [ -82.055389, 27.952862 ], [ -82.055363, 27.95041 ], [ -82.055304, 27.938178 ], [ -82.055262, 27.927253 ], [ -82.055258, 27.927085 ], [ -82.054866, 27.907242 ], [ -82.055253, 27.878049 ], [ -82.055274, 27.869414 ], [ -82.055231, 27.865271 ], [ -82.054036, 27.854647 ], [ -82.054035, 27.850683 ], [ -82.054349, 27.646382 ], [ -81.948974, 27.646287 ], [ -81.926751, 27.646375 ], [ -81.909362, 27.646455 ], [ -81.895124, 27.646118 ], [ -81.891572, 27.646214 ], [ -81.879257, 27.646292 ], [ -81.878269, 27.646244 ], [ -81.834267, 27.64622 ], [ -81.822686, 27.646196 ], [ -81.817918, 27.646201 ], [ -81.741321, 27.646277 ], [ -81.662271, 27.646479 ], [ -81.661941, 27.646479 ], [ -81.563533, 27.646645 ], [ -81.555689, 27.646592 ], [ -81.543536, 27.646522 ], [ -81.5299, 27.646422 ], [ -81.47747, 27.646632 ], [ -81.403478, 27.646631 ], [ -81.361576, 27.646492 ], [ -81.142164, 27.643238 ], [ -81.14005, 27.646666 ], [ -81.137311, 27.647038 ], [ -81.137258, 27.6453 ], [ -81.138201, 27.644395 ], [ -81.136808, 27.644311 ], [ -81.133765, 27.647232 ], [ -81.134647, 27.647575 ], [ -81.133899, 27.649119 ], [ -81.132469, 27.647468 ], [ -81.131495, 27.6494 ], [ -81.13121, 27.651386 ], [ -81.131985, 27.653757 ], [ -81.131044, 27.659307 ], [ -81.131842, 27.661509 ], [ -81.134089, 27.662065 ], [ -81.135144, 27.66318 ], [ -81.137605, 27.66422 ], [ -81.140322, 27.667598 ], [ -81.141927, 27.668833 ], [ -81.141951, 27.67028 ], [ -81.142959, 27.670946 ], [ -81.144094, 27.669275 ], [ -81.145069, 27.674683 ], [ -81.144295, 27.676448 ], [ -81.145417, 27.677447 ], [ -81.144652, 27.679471 ], [ -81.146654, 27.681697 ], [ -81.144905, 27.682201 ], [ -81.146222, 27.686512 ], [ -81.147674, 27.688993 ], [ -81.146679, 27.690475 ], [ -81.147171, 27.691508 ], [ -81.149001, 27.692032 ], [ -81.147306, 27.695807 ], [ -81.148588, 27.698168 ], [ -81.150233, 27.699808 ], [ -81.147988, 27.699195 ], [ -81.149251, 27.703146 ], [ -81.147609, 27.704109 ], [ -81.147643, 27.705476 ], [ -81.145899, 27.706468 ], [ -81.146785, 27.709073 ], [ -81.145768, 27.710175 ], [ -81.148907, 27.712763 ], [ -81.150677, 27.715732 ], [ -81.150491, 27.717381 ], [ -81.152113, 27.716363 ], [ -81.1526, 27.718285 ], [ -81.156764, 27.71883 ], [ -81.15904, 27.718452 ], [ -81.159969, 27.719263 ], [ -81.160759, 27.723789 ], [ -81.162388, 27.724286 ], [ -81.165478, 27.724239 ], [ -81.166878, 27.723101 ], [ -81.167044, 27.724434 ], [ -81.168735, 27.725993 ], [ -81.168169, 27.728334 ], [ -81.166961, 27.728911 ], [ -81.168222, 27.729596 ], [ -81.168628, 27.732226 ], [ -81.166738, 27.733355 ], [ -81.166615, 27.734716 ], [ -81.165059, 27.734464 ], [ -81.164409, 27.736036 ], [ -81.164932, 27.738685 ], [ -81.165015, 27.742184 ], [ -81.166445, 27.743027 ], [ -81.167935, 27.742227 ], [ -81.171775, 27.743152 ], [ -81.170648, 27.743837 ], [ -81.170562, 27.745422 ], [ -81.17287, 27.747439 ], [ -81.174487, 27.745557 ], [ -81.175979, 27.748523 ], [ -81.175418, 27.749266 ], [ -81.177281, 27.751505 ], [ -81.1785, 27.751936 ], [ -81.17899, 27.755895 ], [ -81.17801, 27.758929 ], [ -81.174311, 27.759403 ], [ -81.173731, 27.758634 ], [ -81.172899, 27.760487 ], [ -81.174222, 27.762177 ], [ -81.175037, 27.764412 ], [ -81.179119, 27.765815 ], [ -81.178202, 27.770528 ], [ -81.180814, 27.769882 ], [ -81.180788, 27.773735 ], [ -81.182519, 27.774478 ], [ -81.184675, 27.772934 ], [ -81.186414, 27.773864 ], [ -81.18771, 27.775453 ], [ -81.185705, 27.778183 ], [ -81.185981, 27.779038 ], [ -81.189443, 27.782275 ], [ -81.18956, 27.785319 ], [ -81.191984, 27.786872 ], [ -81.194309, 27.789815 ], [ -81.196307, 27.790769 ], [ -81.197166, 27.792424 ], [ -81.19749, 27.794985 ], [ -81.198838, 27.797451 ], [ -81.200089, 27.796957 ], [ -81.200693, 27.803653 ], [ -81.201787, 27.804956 ], [ -81.203821, 27.808837 ], [ -81.204025, 27.810521 ], [ -81.20491, 27.810152 ], [ -81.206711, 27.812342 ], [ -81.209934, 27.81724 ], [ -81.209244, 27.817597 ], [ -81.210039, 27.819228 ], [ -81.208124, 27.821125 ], [ -81.213077, 27.823353 ], [ -81.215591, 27.826847 ], [ -81.214409, 27.82855 ], [ -81.215292, 27.829731 ], [ -81.220815, 27.834929 ], [ -81.223561, 27.836212 ], [ -81.229516, 27.841832 ], [ -81.23334, 27.843701 ], [ -81.234789, 27.84365 ], [ -81.238064, 27.845755 ], [ -81.241321, 27.847179 ], [ -81.24171, 27.84566 ], [ -81.246473, 27.848789 ], [ -81.247692, 27.847837 ], [ -81.248805, 27.844942 ], [ -81.250664, 27.843671 ], [ -81.251419, 27.844557 ], [ -81.251238, 27.846929 ], [ -81.250482, 27.848854 ], [ -81.254172, 27.848829 ], [ -81.255714, 27.847453 ], [ -81.259107, 27.845985 ], [ -81.258481, 27.848175 ], [ -81.26081, 27.846955 ], [ -81.265211, 27.847594 ], [ -81.266585, 27.848409 ], [ -81.272943, 27.850238 ], [ -81.276119, 27.85052 ], [ -81.279097, 27.852001 ], [ -81.28018, 27.854258 ], [ -81.281523, 27.855793 ], [ -81.281324, 27.857472 ], [ -81.289646, 27.857297 ], [ -81.292049, 27.857628 ], [ -81.297113, 27.859582 ], [ -81.297943, 27.860881 ], [ -81.300946, 27.862185 ], [ -81.301608, 27.861943 ], [ -81.302227, 27.863858 ], [ -81.300729, 27.86492 ], [ -81.298915, 27.862493 ], [ -81.297385, 27.862311 ], [ -81.297707, 27.863489 ], [ -81.303379, 27.870385 ], [ -81.305515, 27.875002 ], [ -81.305914, 27.877523 ], [ -81.304548, 27.879853 ], [ -81.304616, 27.881251 ], [ -81.306108, 27.886176 ], [ -81.308096, 27.889715 ], [ -81.31198, 27.894326 ], [ -81.314129, 27.898057 ], [ -81.314909, 27.901244 ], [ -81.31481, 27.903836 ], [ -81.313931, 27.904738 ], [ -81.312599, 27.908167 ], [ -81.312388, 27.909906 ], [ -81.309173, 27.915304 ], [ -81.308721, 27.917412 ], [ -81.308553, 27.921578 ], [ -81.312357, 27.925292 ], [ -81.314377, 27.925793 ], [ -81.31618, 27.928572 ], [ -81.318844, 27.928131 ], [ -81.317649, 27.926723 ], [ -81.317072, 27.92467 ], [ -81.317816, 27.924263 ], [ -81.319055, 27.92538 ], [ -81.328095, 27.928824 ], [ -81.333356, 27.930403 ], [ -81.33827, 27.933407 ], [ -81.338664, 27.931336 ], [ -81.342117, 27.933318 ], [ -81.34376, 27.93597 ], [ -81.34546, 27.935677 ], [ -81.347094, 27.937279 ], [ -81.347566, 27.938929 ], [ -81.345873, 27.941451 ], [ -81.343484, 27.941351 ], [ -81.338983, 27.939949 ], [ -81.338398, 27.939197 ], [ -81.33847, 27.939983 ], [ -81.336655, 27.945343 ], [ -81.33665, 27.94958 ], [ -81.337499, 27.950697 ], [ -81.340517, 27.950917 ], [ -81.342836, 27.953002 ], [ -81.343629, 27.952264 ], [ -81.346052, 27.952583 ], [ -81.34713, 27.953403 ], [ -81.34899, 27.953325 ], [ -81.348456, 27.95547 ], [ -81.347961, 27.960669 ], [ -81.349831, 27.963758 ], [ -81.365148, 27.972895 ], [ -81.368688, 27.973809 ], [ -81.369145, 27.976137 ], [ -81.370596, 27.977927 ], [ -81.373044, 27.977048 ], [ -81.375006, 27.97819 ], [ -81.376505, 27.978251 ], [ -81.377023, 27.983902 ], [ -81.379255, 27.982968 ], [ -81.381022, 27.983393 ], [ -81.381845, 27.985985 ], [ -81.380542, 27.988345 ], [ -81.378453, 27.988509 ], [ -81.382726, 27.997789 ], [ -81.383439, 27.997151 ], [ -81.384833, 27.999628 ], [ -81.385769, 27.99938 ], [ -81.386058, 28.001626 ], [ -81.386988, 28.003619 ], [ -81.392511, 28.004562 ], [ -81.398167, 28.003006 ], [ -81.402209, 28.002479 ], [ -81.403697, 28.002782 ], [ -81.408862, 28.001033 ], [ -81.4135, 28.000825 ], [ -81.414634, 28.000324 ], [ -81.413811, 27.999542 ], [ -81.415603, 27.998172 ], [ -81.419978, 28.001794 ], [ -81.421683, 28.004722 ], [ -81.422259, 28.007358 ], [ -81.424224, 28.010743 ], [ -81.424547, 28.012476 ], [ -81.424888, 28.013874 ], [ -81.426785, 28.017055 ], [ -81.428093, 28.02154 ], [ -81.428564, 28.018783 ], [ -81.429203, 28.020978 ], [ -81.432452, 28.022382 ], [ -81.435528, 28.026691 ], [ -81.43709, 28.030653 ], [ -81.440297, 28.033872 ], [ -81.442573, 28.033195 ], [ -81.445085, 28.033211 ], [ -81.44834, 28.032303 ], [ -81.450896, 28.033833 ], [ -81.455889, 28.038922 ], [ -81.458814, 28.040069 ], [ -81.458488, 28.041827 ], [ -81.45981, 28.044958 ], [ -81.459966, 28.04717 ], [ -81.45854, 28.051287 ], [ -81.45965, 28.051694 ], [ -81.459204, 28.052063 ], [ -81.458248, 28.051733 ], [ -81.458633, 28.052536 ], [ -81.457449, 28.055084 ], [ -81.455712, 28.056614 ], [ -81.453895, 28.057555 ], [ -81.450626, 28.056664 ], [ -81.443362, 28.059185 ], [ -81.440701, 28.058569 ], [ -81.438468, 28.056995 ], [ -81.435408, 28.052949 ], [ -81.434591, 28.050001 ], [ -81.43402, 28.045929 ], [ -81.432532, 28.04326 ], [ -81.430932, 28.042005 ], [ -81.429697, 28.042528 ], [ -81.427632, 28.041339 ], [ -81.428327, 28.040602 ], [ -81.428042, 28.039347 ], [ -81.425697, 28.039319 ], [ -81.423985, 28.040431 ], [ -81.423161, 28.038587 ], [ -81.417858, 28.03802 ], [ -81.414652, 28.036539 ], [ -81.410826, 28.033605 ], [ -81.410045, 28.031976 ], [ -81.407651, 28.029692 ], [ -81.405847, 28.028965 ], [ -81.402678, 28.029284 ], [ -81.399801, 28.028925 ], [ -81.397239, 28.029354 ], [ -81.393971, 28.028027 ], [ -81.393495, 28.02478 ], [ -81.392714, 28.024339 ], [ -81.392535, 28.021263 ], [ -81.392052, 28.019601 ], [ -81.390819, 28.019667 ], [ -81.387403, 28.017618 ], [ -81.385691, 28.017227 ], [ -81.382476, 28.012361 ], [ -81.381545, 28.013049 ], [ -81.378718, 28.011743 ], [ -81.378507, 28.013356 ], [ -81.377607, 28.013443 ], [ -81.376478, 28.015847 ], [ -81.377872, 28.017389 ], [ -81.379216, 28.021159 ], [ -81.37901, 28.022034 ], [ -81.376107, 28.024718 ], [ -81.375157, 28.026875 ], [ -81.375937, 28.028592 ], [ -81.375558, 28.029709 ], [ -81.372421, 28.031855 ], [ -81.368645, 28.034361 ], [ -81.367455, 28.034554 ], [ -81.367369, 28.036326 ], [ -81.364858, 28.037752 ], [ -81.363723, 28.037763 ], [ -81.363364, 28.03997 ], [ -81.362583, 28.040482 ], [ -81.362944, 28.042221 ], [ -81.361865, 28.043718 ], [ -81.364465, 28.046876 ], [ -81.363803, 28.049485 ], [ -81.364356, 28.051581 ], [ -81.364152, 28.052935 ], [ -81.365133, 28.055191 ], [ -81.364061, 28.056908 ], [ -81.364316, 28.058251 ], [ -81.365414, 28.059576 ], [ -81.365558, 28.060782 ], [ -81.366811, 28.061667 ], [ -81.366273, 28.063632 ], [ -81.365101, 28.06487 ], [ -81.365716, 28.066114 ], [ -81.365009, 28.068222 ], [ -81.362442, 28.070006 ], [ -81.360419, 28.068388 ], [ -81.353494, 28.067061 ], [ -81.353213, 28.067685 ], [ -81.350306, 28.06854 ], [ -81.348792, 28.067737 ], [ -81.346336, 28.069669 ], [ -81.346474, 28.073142 ], [ -81.346586, 28.075255 ], [ -81.347186, 28.076295 ], [ -81.347258, 28.080306 ], [ -81.348673, 28.081506 ], [ -81.347842, 28.083867 ], [ -81.346418, 28.084696 ], [ -81.374793, 28.085106 ], [ -81.375467, 28.0851 ], [ -81.424802, 28.085203 ], [ -81.444956, 28.085241 ], [ -81.455758, 28.08489 ], [ -81.455753, 28.092523 ], [ -81.455967, 28.111809 ], [ -81.456143, 28.125043 ], [ -81.456214, 28.143163 ], [ -81.460761, 28.143111 ], [ -81.47009, 28.143281 ], [ -81.473281, 28.142757 ], [ -81.500866, 28.142752 ], [ -81.501483, 28.14275 ], [ -81.51732, 28.142787 ], [ -81.524227, 28.142805 ], [ -81.524083, 28.201012 ], [ -81.539507, 28.228202 ], [ -81.551345, 28.249045 ], [ -81.554739, 28.254354 ], [ -81.557459, 28.259362 ], [ -81.558134, 28.259362 ], [ -81.580255, 28.259468 ], [ -81.590572, 28.259417 ], [ -81.613553, 28.25946 ], [ -81.614226, 28.259429 ], [ -81.623255, 28.259321 ], [ -81.640236, 28.259282 ], [ -81.657189, 28.259217 ], [ -81.657, 28.288407 ], [ -81.657226, 28.303027 ], [ -81.657262, 28.321181 ], [ -81.65694, 28.327521 ], [ -81.657268, 28.347098 ], [ -81.664299, 28.347067 ], [ -81.673781, 28.347024 ], [ -81.683011, 28.34685 ], [ -81.706077, 28.346603 ], [ -81.790727, 28.346413 ], [ -81.790887, 28.361837 ], [ -81.818903, 28.361712 ], [ -81.857624, 28.361868 ], [ -81.857512, 28.345965 ], [ -81.940285, 28.345185 ], [ -81.957641, 28.34518 ], [ -81.958029, 28.308925 ], [ -81.960267, 28.309228 ], [ -81.965185, 28.308049 ], [ -81.97173, 28.308356 ], [ -81.973446, 28.308505 ], [ -81.974977, 28.310171 ], [ -81.976326, 28.309548 ], [ -81.977363, 28.306676 ], [ -81.978899, 28.305735 ], [ -81.985781, 28.30532 ], [ -81.988306, 28.307046 ], [ -81.990321, 28.30983 ], [ -81.992388, 28.314236 ], [ -81.994703, 28.317927 ], [ -81.995698, 28.318829 ], [ -81.999199, 28.320313 ], [ -82.002425, 28.320315 ], [ -82.004221, 28.322082 ], [ -82.007642, 28.323205 ], [ -82.010382, 28.322145 ], [ -82.01581, 28.323572 ], [ -82.016867, 28.322654 ], [ -82.017769, 28.323589 ], [ -82.019821, 28.323177 ], [ -82.02056, 28.323783 ], [ -82.021699, 28.322479 ], [ -82.022476, 28.323316 ], [ -82.025474, 28.322871 ], [ -82.027235, 28.323391 ], [ -82.028097, 28.322147 ], [ -82.032531, 28.320897 ], [ -82.033892, 28.321134 ], [ -82.03531, 28.320045 ], [ -82.039283, 28.319094 ], [ -82.039893, 28.320315 ], [ -82.041914, 28.318907 ], [ -82.045489, 28.318302 ], [ -82.048318, 28.316327 ], [ -82.052142, 28.315183 ], [ -82.05461, 28.314077 ], [ -82.055819, 28.312794 ], [ -82.055818, 28.299628 ], [ -82.055501, 28.294603 ], [ -82.055531, 28.258928 ], [ -82.075588, 28.259196 ], [ -82.106205, 28.259226 ], [ -82.106205, 28.224196 ] ] ] ] } },
{ "type": "Feature", "properties": { "STATEFP": "12", "COUNTYFP": "091", "COUNTYNS": "00306915", "GEOIDFQ": "0500000US12091", "GEOID": "12091", "NAME": "Okaloosa", "NAMELSAD": "Okaloosa County", "STUSPS": "FL", "STATE_NAME": "Florida", "LSAD": "06", "ALAND": 2408331330.0, "AWATER": 820578555.0, "STATE_NAME_HYPHEN": "Florida" }, "geometry": { "type": "MultiPolygon", "coordinates": [ [ [ [ -86.799481, 30.3872241 ], [ -86.78912, 30.38833 ], [ -86.754894, 30.391815 ], [ -86.738613, 30.393353 ], [ -86.713062, 30.394788 ], [ -86.681451, 30.396018 ], [ -86.657088, 30.396838 ], [ -86.64366, 30.397043 ], [ -86.62512, 30.396633 ], [ -86.621379499999989, 30.3963193 ], [ -86.608008, 30.395198 ], [ -86.596718, 30.393763 ], [ -86.586865, 30.392763 ], [ -86.580556, 30.392943 ], [ -86.563537, 30.390944 ], [ -86.559543, 30.390213 ], [ -86.548825, 30.389355 ], [ -86.541101, 30.388945 ], [ -86.526246, 30.387407 ], [ -86.520223, 30.386641 ], [ -86.514139, 30.385126 ], [ -86.5118542, 30.3843178 ], [ -86.5068831, 30.3825593 ], [ -86.50615, 30.3823 ], [ -86.489524, 30.383512 ], [ -86.470849, 30.3839 ], [ -86.44389, 30.383204 ], [ -86.4229592, 30.3813237 ], [ -86.412076, 30.380346 ], [ -86.4031096, 30.3793195 ], [ -86.4023962, 30.3792378 ], [ -86.3973611, 30.3786614 ], [ -86.397205, 30.385581 ], [ -86.397201, 30.38574 ], [ -86.396905, 30.39826 ], [ -86.396777, 30.401269 ], [ -86.395383, 30.433336 ], [ -86.394783, 30.450066 ], [ -86.394639, 30.454048 ], [ -86.394454, 30.454877 ], [ -86.394239, 30.464075 ], [ -86.394172, 30.467077 ], [ -86.394291, 30.46738 ], [ -86.393549, 30.493541 ], [ -86.39325, 30.497151 ], [ -86.392709, 30.562692 ], [ -86.392526, 30.56527 ], [ -86.391779, 30.620399 ], [ -86.391953, 30.625227 ], [ -86.392182, 30.627401 ], [ -86.391837, 30.70686 ], [ -86.391604, 30.721885 ], [ -86.391609, 30.72869 ], [ -86.39183, 30.74831 ], [ -86.392057, 30.750188 ], [ -86.391685, 30.756824 ], [ -86.390934, 30.812804 ], [ -86.39004, 30.866327 ], [ -86.389677, 30.875186 ], [ -86.389285, 30.877136 ], [ -86.388983, 30.90648 ], [ -86.38882, 30.921554 ], [ -86.388627, 30.966502 ], [ -86.388635, 30.966639 ], [ -86.388646, 30.994181 ], [ -86.388647, 30.994181 ], [ -86.391937, 30.994172 ], [ -86.404912, 30.994049 ], [ -86.454704, 30.993791 ], [ -86.458319, 30.993998 ], [ -86.49995, 30.99334 ], [ -86.512834, 30.9937 ], [ -86.519938, 30.993245 ], [ -86.542488, 30.9942704 ], [ -86.563436, 30.995223 ], [ -86.567586, 30.995109 ], [ -86.6277544, 30.9947527 ], [ -86.664681, 30.994534 ], [ -86.678383, 30.994537 ], [ -86.688313, 30.9945961 ], [ -86.706261, 30.994703 ], [ -86.725379, 30.996872 ], [ -86.727293, 30.996882 ], [ -86.728392, 30.996739 ], [ -86.74524, 30.99629 ], [ -86.7856925, 30.9969742 ], [ -86.785987, 30.993674 ], [ -86.787344, 30.900385 ], [ -86.787657, 30.896778 ], [ -86.787736, 30.893758 ], [ -86.788112, 30.879122 ], [ -86.788376, 30.87389 ], [ -86.788143, 30.871975 ], [ -86.790274, 30.799821 ], [ -86.790955, 30.78075 ], [ -86.791466, 30.751731 ], [ -86.791628, 30.750189 ], [ -86.791841, 30.724274 ], [ -86.792432, 30.684896 ], [ -86.792753, 30.669912 ], [ -86.792756, 30.664124 ], [ -86.792847, 30.663753 ], [ -86.793582, 30.636646 ], [ -86.79386, 30.625943 ], [ -86.795178, 30.625909 ], [ -86.795663, 30.606271 ], [ -86.798926, 30.430998 ], [ -86.799184, 30.416633 ], [ -86.799191, 30.416394 ], [ -86.799385, 30.409819 ], [ -86.799388, 30.406186 ], [ -86.799239, 30.397151 ], [ -86.799481, 30.3872241 ] ] ] ] } },
{ "type": "Feature", "properties": { "STATEFP": "12", "COUNTYFP": "089", "COUNTYNS": "00295730", "GEOIDFQ": "0500000US12089", "GEOID": "12089", "NAME": "Nassau", "NAMELSAD": "Nassau County", "STUSPS": "FL", "STATE_NAME": "Florida", "LSAD": "06", "ALAND": 1680075565.0, "AWATER": 200050173.0, "STATE_NAME_HYPHEN": "Florida" }, "geometry": { "type": "MultiPolygon", "coordinates": [ [ [ [ -82.048473, 30.668947 ], [ -82.046994, 30.665926 ], [ -82.047179, 30.662904 ], [ -82.048843, 30.660678 ], [ -82.049507, 30.655548 ], [ -82.046114, 30.651767 ], [ -82.042271, 30.649452 ], [ -82.039595, 30.643309 ], [ -82.039092, 30.641132 ], [ -82.039941, 30.637144 ], [ -82.037609, 30.633271 ], [ -82.033927, 30.629603 ], [ -82.028499, 30.621829 ], [ -82.026541, 30.613303 ], [ -82.027338, 30.606726 ], [ -82.026941, 30.606153 ], [ -82.0204448, 30.6038696 ], [ -82.016503, 30.602484 ], [ -82.015708, 30.601704 ], [ -82.012109, 30.593773 ], [ -82.008091, 30.577018 ], [ -82.005477, 30.563495 ], [ -82.013216, 30.550091 ], [ -82.018361, 30.531184 ], [ -82.0188106, 30.5246602 ], [ -82.018868, 30.523828 ], [ -82.017678600000011, 30.520997 ], [ -82.01699, 30.519358 ], [ -82.015826, 30.518166 ], [ -82.01477, 30.513009 ], [ -82.015892, 30.495499 ], [ -82.018222, 30.492085 ], [ -82.017297, 30.487638 ], [ -82.016982, 30.478779 ], [ -82.017779, 30.475081 ], [ -82.023734, 30.467289 ], [ -82.025457, 30.457755 ], [ -82.028212, 30.447396 ], [ -82.030064, 30.444853 ], [ -82.036203, 30.43846 ], [ -82.037209, 30.434518 ], [ -82.0360017, 30.4316723 ], [ -82.034464, 30.428048 ], [ -82.034005, 30.422357 ], [ -82.039971, 30.41428 ], [ -82.041164, 30.409966 ], [ -82.0416899, 30.4057002 ], [ -82.04199, 30.403266 ], [ -82.041164, 30.396841 ], [ -82.035871, 30.385287 ], [ -82.036825, 30.377884 ], [ -82.040746, 30.370158 ], [ -82.047917, 30.363265 ], [ -82.049966, 30.3623824 ], [ -82.050057, 30.361399 ], [ -82.049702, 30.292389 ], [ -82.049578, 30.281366 ], [ -82.049236, 30.273432 ], [ -82.037542, 30.283457 ], [ -82.024732, 30.294737 ], [ -82.024033, 30.295236 ], [ -82.011499, 30.306117 ], [ -81.954872, 30.356996 ], [ -81.952432, 30.359343 ], [ -81.935495, 30.373981 ], [ -81.917388, 30.39047 ], [ -81.915929, 30.391637 ], [ -81.866291, 30.436259 ], [ -81.866028, 30.436326 ], [ -81.83454, 30.464325 ], [ -81.831212, 30.467449 ], [ -81.809526, 30.484537 ], [ -81.801932, 30.494656 ], [ -81.794918, 30.505406 ], [ -81.791112, 30.505533 ], [ -81.781624, 30.503336 ], [ -81.765316, 30.518652 ], [ -81.763748, 30.534916 ], [ -81.756141, 30.53115 ], [ -81.749623, 30.531452 ], [ -81.746923, 30.530819 ], [ -81.745815, 30.53211 ], [ -81.743343, 30.531982 ], [ -81.742506, 30.533119 ], [ -81.74127, 30.533268 ], [ -81.740152, 30.534517 ], [ -81.738424, 30.534572 ], [ -81.738419, 30.536242 ], [ -81.737232, 30.536766 ], [ -81.7367, 30.538627 ], [ -81.737483, 30.540387 ], [ -81.735198, 30.542138 ], [ -81.737946, 30.542628 ], [ -81.737651, 30.543399 ], [ -81.735651, 30.54486 ], [ -81.737488, 30.545938 ], [ -81.736789, 30.547088 ], [ -81.734135, 30.546185 ], [ -81.734504, 30.547778 ], [ -81.737306, 30.5484 ], [ -81.737779, 30.549861 ], [ -81.736932, 30.550551 ], [ -81.736282, 30.552566 ], [ -81.733494, 30.551484 ], [ -81.733106, 30.552258 ], [ -81.734235, 30.55354 ], [ -81.734524, 30.556468 ], [ -81.73633, 30.556072 ], [ -81.736311, 30.557089 ], [ -81.73521, 30.559031 ], [ -81.733002, 30.558594 ], [ -81.731123, 30.556987 ], [ -81.729813, 30.558256 ], [ -81.731844, 30.560839 ], [ -81.730935, 30.562417 ], [ -81.728281, 30.562546 ], [ -81.727377, 30.559558 ], [ -81.726786, 30.559444 ], [ -81.725551, 30.561335 ], [ -81.725168, 30.563527 ], [ -81.72794, 30.565248 ], [ -81.72908, 30.56448 ], [ -81.729104, 30.565445 ], [ -81.726222, 30.567627 ], [ -81.725778, 30.565894 ], [ -81.723168, 30.567316 ], [ -81.722465, 30.56842 ], [ -81.722444, 30.570939 ], [ -81.721883, 30.571934 ], [ -81.720435, 30.570519 ], [ -81.717738, 30.57133 ], [ -81.71594, 30.571236 ], [ -81.713456, 30.56977 ], [ -81.711547, 30.567906 ], [ -81.710591, 30.566346 ], [ -81.709575, 30.565896 ], [ -81.708118, 30.566701 ], [ -81.703935, 30.56736 ], [ -81.703841, 30.566594 ], [ -81.705125, 30.56515 ], [ -81.704592, 30.563643 ], [ -81.702595, 30.563449 ], [ -81.700993, 30.56393 ], [ -81.701552, 30.565926 ], [ -81.700356, 30.566825 ], [ -81.69873, 30.569338 ], [ -81.69756, 30.569643 ], [ -81.695532, 30.567324 ], [ -81.695188, 30.565866 ], [ -81.696155, 30.56379 ], [ -81.695521, 30.56317 ], [ -81.693067, 30.564099 ], [ -81.693153, 30.566494 ], [ -81.692095, 30.567172 ], [ -81.68813, 30.566303 ], [ -81.688468, 30.564266 ], [ -81.687648, 30.562783 ], [ -81.686411, 30.562908 ], [ -81.685537, 30.564942 ], [ -81.684202, 30.566362 ], [ -81.681144, 30.563028 ], [ -81.677568, 30.562139 ], [ -81.676445, 30.563114 ], [ -81.674917, 30.565774 ], [ -81.673941, 30.566187 ], [ -81.672016, 30.56458 ], [ -81.669397, 30.563301 ], [ -81.669702, 30.562753 ], [ -81.672128, 30.562319 ], [ -81.672938, 30.560085 ], [ -81.667833, 30.560671 ], [ -81.668135, 30.558882 ], [ -81.667674, 30.557609 ], [ -81.671543, 30.557155 ], [ -81.673006, 30.556601 ], [ -81.672616, 30.556075 ], [ -81.668498, 30.554813 ], [ -81.666669, 30.551701 ], [ -81.663733, 30.550842 ], [ -81.660113, 30.551575 ], [ -81.658633, 30.552831 ], [ -81.659328, 30.553864 ], [ -81.662283, 30.554587 ], [ -81.662395, 30.557233 ], [ -81.663742, 30.55857 ], [ -81.660952, 30.558281 ], [ -81.661564, 30.560094 ], [ -81.660896, 30.561646 ], [ -81.659413, 30.562831 ], [ -81.659623, 30.565295 ], [ -81.659004, 30.566551 ], [ -81.656179, 30.570033 ], [ -81.654929, 30.570875 ], [ -81.651121, 30.571813 ], [ -81.650501, 30.573028 ], [ -81.650808, 30.575533 ], [ -81.649898, 30.576624 ], [ -81.649078, 30.576795 ], [ -81.646006, 30.575618 ], [ -81.645774, 30.575607 ], [ -81.643591, 30.579496 ], [ -81.641857, 30.580089 ], [ -81.640212, 30.579596 ], [ -81.638609, 30.578267 ], [ -81.637016, 30.578316 ], [ -81.636065, 30.580578 ], [ -81.634498, 30.581801 ], [ -81.628677, 30.583547 ], [ -81.62643, 30.585497 ], [ -81.624513, 30.586232 ], [ -81.622809, 30.58411 ], [ -81.620334, 30.582241 ], [ -81.616992, 30.580628 ], [ -81.614382, 30.58018 ], [ -81.613756, 30.580518 ], [ -81.609388, 30.584758 ], [ -81.607896, 30.585475 ], [ -81.605968, 30.585512 ], [ -81.604313, 30.584029 ], [ -81.606945, 30.580174 ], [ -81.610504, 30.577817 ], [ -81.611002, 30.575938 ], [ -81.608717, 30.574892 ], [ -81.604972, 30.573498 ], [ -81.603325, 30.572586 ], [ -81.601568, 30.569545 ], [ -81.60146, 30.567665 ], [ -81.603578, 30.566736 ], [ -81.607728, 30.566341 ], [ -81.613074, 30.564185 ], [ -81.614177, 30.563052 ], [ -81.613484, 30.560339 ], [ -81.612072, 30.55834 ], [ -81.610651, 30.555005 ], [ -81.60963, 30.553965 ], [ -81.607311, 30.5536 ], [ -81.605723, 30.554401 ], [ -81.604204, 30.558586 ], [ -81.601754, 30.560561 ], [ -81.598668, 30.561119 ], [ -81.597224, 30.561835 ], [ -81.592127, 30.565326 ], [ -81.589767, 30.566215 ], [ -81.586535, 30.566688 ], [ -81.584406, 30.565988 ], [ -81.583239, 30.564489 ], [ -81.584274, 30.560014 ], [ -81.58571, 30.557919 ], [ -81.58675, 30.554237 ], [ -81.588803, 30.550468 ], [ -81.588915, 30.549047 ], [ -81.58782, 30.546688 ], [ -81.58541, 30.544206 ], [ -81.579749, 30.539533 ], [ -81.577218, 30.538037 ], [ -81.567809, 30.536636 ], [ -81.564956, 30.53752 ], [ -81.562876, 30.539085 ], [ -81.559258, 30.542545 ], [ -81.555251, 30.544528 ], [ -81.550926, 30.543027 ], [ -81.550688, 30.539783 ], [ -81.551003, 30.534793 ], [ -81.550778, 30.531562 ], [ -81.54911, 30.52842 ], [ -81.546953, 30.525939 ], [ -81.544068, 30.524723 ], [ -81.543018, 30.523889 ], [ -81.537209, 30.524113 ], [ -81.533276, 30.525104 ], [ -81.530238, 30.52629 ], [ -81.529089, 30.528037 ], [ -81.526312, 30.531175 ], [ -81.525184, 30.533397 ], [ -81.521375, 30.538801 ], [ -81.519948, 30.543645 ], [ -81.519783, 30.546679 ], [ -81.521014, 30.550537 ], [ -81.523814, 30.556337 ], [ -81.515382, 30.565801 ], [ -81.514014, 30.567337 ], [ -81.502734, 30.564692 ], [ -81.499575, 30.563793 ], [ -81.490962, 30.554623 ], [ -81.49053, 30.55115 ], [ -81.488003, 30.542168 ], [ -81.484397, 30.537444 ], [ -81.479939, 30.533454 ], [ -81.459789, 30.524731 ], [ -81.458952, 30.524203 ], [ -81.4555496, 30.5220161 ], [ -81.455524, 30.522603 ], [ -81.446609, 30.523061 ], [ -81.4454862, 30.5218773 ], [ -81.441296, 30.51746 ], [ -81.437594, 30.518685 ], [ -81.435829, 30.526071 ], [ -81.439616, 30.541568 ], [ -81.441892, 30.552729 ], [ -81.443393, 30.570486 ], [ -81.4432244, 30.5739498 ], [ -81.441889, 30.601385 ], [ -81.4412082, 30.6055779 ], [ -81.4382331, 30.6238996 ], [ -81.437023, 30.631352 ], [ -81.43552, 30.638566 ], [ -81.432145, 30.654765 ], [ -81.4320514, 30.6552709 ], [ -81.4298328, 30.6672552 ], [ -81.429174, 30.670814 ], [ -81.427866, 30.683693 ], [ -81.427599, 30.692279 ], [ -81.425846, 30.700452 ], [ -81.426950800000014, 30.7005411 ], [ -81.429193, 30.700722 ], [ -81.432725, 30.703017 ], [ -81.438045, 30.705045 ], [ -81.444124, 30.709714 ], [ -81.448718, 30.709353 ], [ -81.459978, 30.710434 ], [ -81.464465, 30.711045 ], [ -81.4653858, 30.7113017 ], [ -81.472597, 30.713312 ], [ -81.475754, 30.714754 ], [ -81.483786, 30.723891 ], [ -81.487332, 30.726081 ], [ -81.489537, 30.7261 ], [ -81.507216, 30.722936 ], [ -81.516116, 30.722236 ], [ -81.521417, 30.722536 ], [ -81.526245, 30.723392 ], [ -81.531156, 30.724219 ], [ -81.533366, 30.723433 ], [ -81.534248, 30.72097 ], [ -81.534517, 30.717936 ], [ -81.533963, 30.714727 ], [ -81.533813, 30.712055 ], [ -81.535148, 30.709702 ], [ -81.538391, 30.708656 ], [ -81.541595, 30.710062 ], [ -81.544679, 30.713969 ], [ -81.546096, 30.71703 ], [ -81.5489619, 30.7181585 ], [ -81.549301, 30.718292 ], [ -81.552566, 30.716974 ], [ -81.556149, 30.71375 ], [ -81.560709, 30.711689 ], [ -81.563461, 30.713423 ], [ -81.563796, 30.717749 ], [ -81.5666646, 30.7185134 ], [ -81.568412, 30.718979 ], [ -81.571419, 30.721636 ], [ -81.5724395, 30.7219466 ], [ -81.573719, 30.722336 ], [ -81.5761558, 30.7225962 ], [ -81.58682, 30.723735 ], [ -81.589292, 30.722839 ], [ -81.593841, 30.718481 ], [ -81.597106, 30.719326 ], [ -81.596092, 30.724615 ], [ -81.596452, 30.72725 ], [ -81.600877, 30.729444 ], [ -81.604293, 30.728939 ], [ -81.606018, 30.726219 ], [ -81.605827, 30.71969 ], [ -81.60762, 30.716373 ], [ -81.610656, 30.716217 ], [ -81.613044, 30.720451 ], [ -81.615066, 30.722691 ], [ -81.621139, 30.72254 ], [ -81.623542, 30.72468 ], [ -81.621127, 30.728832 ], [ -81.620823, 30.73162 ], [ -81.624366, 30.73634 ], [ -81.6249205, 30.7362077 ], [ -81.628331, 30.735394 ], [ -81.629142, 30.728725 ], [ -81.630692, 30.728095 ], [ -81.632843, 30.728762 ], [ -81.635047, 30.733276 ], [ -81.638058, 30.733368 ], [ -81.641915, 30.728922 ], [ -81.646137, 30.727591 ], [ -81.649024, 30.727499 ], [ -81.653133, 30.729799 ], [ -81.65409, 30.733093 ], [ -81.651504, 30.740677 ], [ -81.652328, 30.743101 ], [ -81.6543373, 30.7442208 ], [ -81.6543398, 30.7442222 ], [ -81.654632, 30.744385 ], [ -81.659886, 30.74218 ], [ -81.662689, 30.74304 ], [ -81.663544, 30.745728 ], [ -81.659774, 30.749441 ], [ -81.660835, 30.753193 ], [ -81.663345, 30.754402 ], [ -81.669844, 30.751669 ], [ -81.678435, 30.75107 ], [ -81.683096, 30.748492 ], [ -81.682357, 30.745485 ], [ -81.679306, 30.744745 ], [ -81.672468, 30.748435 ], [ -81.669075, 30.744986 ], [ -81.668838, 30.742514 ], [ -81.670124, 30.740235 ], [ -81.672824, 30.738935 ], [ -81.680091, 30.7416 ], [ -81.688426, 30.741482 ], [ -81.691047, 30.74328 ], [ -81.692413, 30.747637 ], [ -81.694778, 30.748414 ], [ -81.702468, 30.74544 ], [ -81.709114, 30.747976 ], [ -81.7113858, 30.7472739 ], [ -81.719927, 30.744634 ], [ -81.724457, 30.746546 ], [ -81.729301, 30.748255 ], [ -81.732841, 30.750486 ], [ -81.732955, 30.752016 ], [ -81.731353, 30.754007 ], [ -81.73234, 30.755296 ], [ -81.741996, 30.759071 ], [ -81.742744, 30.760588 ], [ -81.742141, 30.761953 ], [ -81.740387, 30.763599 ], [ -81.740753, 30.765007 ], [ -81.744038, 30.766396 ], [ -81.750038, 30.767111 ], [ -81.754879, 30.768701 ], [ -81.7582088, 30.770874 ], [ -81.758529, 30.771083 ], [ -81.760467, 30.774654 ], [ -81.76172, 30.775698 ], [ -81.769637, 30.777116 ], [ -81.771302, 30.776324 ], [ -81.770356, 30.773482 ], [ -81.772468, 30.77124 ], [ -81.773483, 30.766996 ], [ -81.771569, 30.765158 ], [ -81.771949, 30.763811 ], [ -81.78215, 30.761341 ], [ -81.783523, 30.762465 ], [ -81.782585, 30.766073 ], [ -81.786697, 30.769802 ], [ -81.783676, 30.772879 ], [ -81.7881892, 30.7792624 ], [ -81.7918172, 30.7843938 ], [ -81.792583, 30.785477 ], [ -81.794417, 30.787004 ], [ -81.796608, 30.78562 ], [ -81.79675, 30.783055 ], [ -81.798453, 30.782251 ], [ -81.802398, 30.787197 ], [ -81.807449, 30.790119 ], [ -81.819213, 30.789911 ], [ -81.823702, 30.786831 ], [ -81.828491, 30.789356 ], [ -81.839243, 30.7866 ], [ -81.8407294, 30.7873359 ], [ -81.841774, 30.787853 ], [ -81.839691, 30.791197 ], [ -81.840622, 30.791865 ], [ -81.841185, 30.792269 ], [ -81.845638, 30.790721 ], [ -81.853508, 30.794628 ], [ -81.863739, 30.794275 ], [ -81.868263, 30.79285 ], [ -81.870407, 30.794819 ], [ -81.870353, 30.797483 ], [ -81.87619, 30.799805 ], [ -81.881492, 30.799917 ], [ -81.884819, 30.811529 ], [ -81.889099, 30.81356 ], [ -81.891495, 30.816752 ], [ -81.891021, 30.82247 ], [ -81.892906, 30.825513 ], [ -81.894851, 30.825167 ], [ -81.901443, 30.829922 ], [ -81.904823, 30.828276 ], [ -81.90727, 30.825555 ], [ -81.906718, 30.82339 ], [ -81.904091, 30.82041 ], [ -81.904533, 30.817743 ], [ -81.910916, 30.816125 ], [ -81.918728, 30.817493 ], [ -81.92705, 30.817569 ], [ -81.932808, 30.82041 ], [ -81.93621, 30.825417 ], [ -81.936976, 30.828511 ], [ -81.938788, 30.828836 ], [ -81.943695, 30.825981 ], [ -81.949501, 30.827867 ], [ -81.955705, 30.822751 ], [ -81.9628634, 30.8187022 ], [ -81.963928, 30.8181 ], [ -81.962739, 30.813636 ], [ -81.962441, 30.808441 ], [ -81.964501, 30.807452 ], [ -81.961723, 30.800993 ], [ -81.962898, 30.795847 ], [ -81.966621, 30.793915 ], [ -81.969955, 30.789076 ], [ -81.970827, 30.783856 ], [ -81.973442, 30.778828 ], [ -81.977722, 30.776636 ], [ -81.9787976, 30.7769167 ], [ -81.9788693, 30.7769355 ], [ -81.983423, 30.778124 ], [ -81.992099, 30.782996 ], [ -81.994972, 30.786073 ], [ -82.004754, 30.791389 ], [ -82.008053, 30.792053 ], [ -82.012505, 30.789333 ], [ -82.015868, 30.791591 ], [ -82.0162002, 30.7911778 ], [ -82.018753, 30.788002 ], [ -82.021972, 30.788233 ], [ -82.023759, 30.785263 ], [ -82.023269, 30.782693 ], [ -82.01796, 30.774943 ], [ -82.018449, 30.772759 ], [ -82.01516, 30.771971 ], [ -82.011375, 30.7626 ], [ -82.013923, 30.760902 ], [ -82.018864, 30.756574 ], [ -82.018839, 30.754595 ], [ -82.023731, 30.753507 ], [ -82.027141, 30.751128 ], [ -82.031884, 30.750476 ], [ -82.0348, 30.754449 ], [ -82.036773, 30.754434 ], [ -82.038665, 30.751087 ], [ -82.039634, 30.747727 ], [ -82.039421, 30.737194 ], [ -82.044792, 30.728481 ], [ -82.044456, 30.726152 ], [ -82.040039, 30.724585 ], [ -82.039154, 30.723178 ], [ -82.037563, 30.71864 ], [ -82.038536, 30.715918 ], [ -82.036804, 30.713033 ], [ -82.0366333, 30.7101219 ], [ -82.036426, 30.706585 ], [ -82.043014, 30.698257 ], [ -82.04142, 30.693592 ], [ -82.043541, 30.684734 ], [ -82.050432, 30.676266 ], [ -82.048473, 30.668947 ] ] ] ] } },
{ "type": "Feature", "properties": { "STATEFP": "12", "COUNTYFP": "039", "COUNTYNS": "00306918", "GEOIDFQ": "0500000US12039", "GEOID": "12039", "NAME": "Gadsden", "NAMELSAD": "Gadsden County", "STUSPS": "FL", "STATE_NAME": "Florida", "LSAD": "06", "ALAND": 1337405282.0, "AWATER": 31475262.0, "STATE_NAME_HYPHEN": "Florida" }, "geometry": { "type": "MultiPolygon", "coordinates": [ [ [ [ -84.932519, 30.606393 ], [ -84.912119, 30.605793 ], [ -84.883316, 30.605589 ], [ -84.883318, 30.58317 ], [ -84.883317, 30.562194 ], [ -84.882616, 30.533094 ], [ -84.815816, 30.533093 ], [ -84.815648, 30.52076 ], [ -84.815618, 30.518491 ], [ -84.781813, 30.518693 ], [ -84.781787, 30.516732 ], [ -84.781111, 30.459794 ], [ -84.741423, 30.46031 ], [ -84.714097, 30.460401 ], [ -84.714124, 30.417199 ], [ -84.680525, 30.417269 ], [ -84.680395, 30.393287 ], [ -84.680632, 30.387973 ], [ -84.666921, 30.387799 ], [ -84.651325, 30.388311 ], [ -84.646408, 30.388281 ], [ -84.645666, 30.391844 ], [ -84.647444, 30.392889 ], [ -84.647668, 30.394612 ], [ -84.645602, 30.395938 ], [ -84.643472, 30.397861 ], [ -84.642244, 30.397905 ], [ -84.642359, 30.396452 ], [ -84.639659, 30.396496 ], [ -84.638981, 30.397828 ], [ -84.635303, 30.399551 ], [ -84.631868, 30.403258 ], [ -84.62827, 30.406034 ], [ -84.626025, 30.408454 ], [ -84.623591, 30.40954 ], [ -84.621739, 30.40973 ], [ -84.618438, 30.410813 ], [ -84.613173, 30.40999 ], [ -84.612614, 30.411073 ], [ -84.610807, 30.412183 ], [ -84.609502, 30.414026 ], [ -84.60692, 30.416136 ], [ -84.605804, 30.414871 ], [ -84.603245, 30.415571 ], [ -84.600271, 30.414719 ], [ -84.598532, 30.413298 ], [ -84.594926, 30.412649 ], [ -84.592667, 30.4135 ], [ -84.591357, 30.411751 ], [ -84.590539, 30.411918 ], [ -84.587654, 30.414059 ], [ -84.582891, 30.415899 ], [ -84.582546, 30.416712 ], [ -84.580092, 30.417346 ], [ -84.580057, 30.41898 ], [ -84.579037, 30.420201 ], [ -84.5771, 30.419962 ], [ -84.573603, 30.422541 ], [ -84.572569, 30.424006 ], [ -84.571647, 30.425097 ], [ -84.569842, 30.426152 ], [ -84.567812, 30.429006 ], [ -84.567726, 30.430401 ], [ -84.566609, 30.431384 ], [ -84.565346, 30.430843 ], [ -84.565065, 30.431843 ], [ -84.566523, 30.432417 ], [ -84.566382, 30.433683 ], [ -84.564762, 30.43325 ], [ -84.564287, 30.434413 ], [ -84.562302, 30.435704 ], [ -84.561463, 30.437912 ], [ -84.560087, 30.437813 ], [ -84.560167, 30.43514 ], [ -84.559462, 30.434025 ], [ -84.558596, 30.435328 ], [ -84.556847, 30.43606 ], [ -84.555994, 30.434767 ], [ -84.553129, 30.436408 ], [ -84.551298, 30.436912 ], [ -84.549691, 30.436103 ], [ -84.549029, 30.437279 ], [ -84.545889, 30.436857 ], [ -84.546396, 30.440046 ], [ -84.543971, 30.439947 ], [ -84.542884, 30.439439 ], [ -84.542158, 30.440793 ], [ -84.53942, 30.439345 ], [ -84.537877, 30.440165 ], [ -84.534153, 30.439482 ], [ -84.530567, 30.439802 ], [ -84.529375, 30.44083 ], [ -84.526974, 30.44641 ], [ -84.52499, 30.448279 ], [ -84.523037, 30.448906 ], [ -84.520177, 30.451475 ], [ -84.518971, 30.450312 ], [ -84.516477, 30.451519 ], [ -84.515605, 30.45088 ], [ -84.51431, 30.452113 ], [ -84.513477, 30.450821 ], [ -84.512294, 30.451497 ], [ -84.51133, 30.450285 ], [ -84.510604, 30.450857 ], [ -84.509769, 30.450283 ], [ -84.507917, 30.451265 ], [ -84.507044, 30.450611 ], [ -84.504385, 30.450906 ], [ -84.503379, 30.451993 ], [ -84.502115, 30.451887 ], [ -84.499168, 30.453048 ], [ -84.497896, 30.454922 ], [ -84.497598, 30.457628 ], [ -84.495307, 30.460298 ], [ -84.493523, 30.460422 ], [ -84.490323, 30.45975 ], [ -84.487523, 30.458438 ], [ -84.485715, 30.456422 ], [ -84.483411, 30.456534 ], [ -84.481011, 30.459126 ], [ -84.479227, 30.457818 ], [ -84.478437, 30.459248 ], [ -84.476757, 30.457408 ], [ -84.473967, 30.457938 ], [ -84.473407, 30.460088 ], [ -84.472517, 30.460308 ], [ -84.471137, 30.458588 ], [ -84.469846, 30.458448 ], [ -84.467706, 30.459298 ], [ -84.465856, 30.457778 ], [ -84.464086, 30.457698 ], [ -84.462606, 30.456558 ], [ -84.460506, 30.455908 ], [ -84.455158, 30.459544 ], [ -84.452614, 30.46238 ], [ -84.450284, 30.462161 ], [ -84.450104, 30.46106 ], [ -84.448502, 30.461527 ], [ -84.447419, 30.460697 ], [ -84.445719, 30.461512 ], [ -84.443578, 30.461219 ], [ -84.441137, 30.462127 ], [ -84.439296, 30.460808 ], [ -84.437886, 30.46124 ], [ -84.438608, 30.46249 ], [ -84.437052, 30.462561 ], [ -84.43481, 30.466107 ], [ -84.434004, 30.465653 ], [ -84.433781, 30.463776 ], [ -84.430373, 30.465875 ], [ -84.427311, 30.466376 ], [ -84.425503, 30.465745 ], [ -84.423959, 30.467369 ], [ -84.423326, 30.466629 ], [ -84.423974, 30.464472 ], [ -84.422741, 30.463518 ], [ -84.420939, 30.463664 ], [ -84.418842, 30.466661 ], [ -84.413724, 30.470519 ], [ -84.407955, 30.473094 ], [ -84.407272, 30.473304 ], [ -84.405402, 30.474012 ], [ -84.40586, 30.475699 ], [ -84.402926, 30.475769 ], [ -84.402114, 30.477824 ], [ -84.402696, 30.480095 ], [ -84.397233, 30.483321 ], [ -84.397406, 30.485008 ], [ -84.397486, 30.485275 ], [ -84.396446, 30.485972 ], [ -84.397765, 30.488571 ], [ -84.396326, 30.489896 ], [ -84.397638, 30.491377 ], [ -84.396673, 30.493039 ], [ -84.398017, 30.49233 ], [ -84.399021, 30.493014 ], [ -84.398183, 30.493819 ], [ -84.398829, 30.494968 ], [ -84.400531, 30.494093 ], [ -84.402041, 30.494766 ], [ -84.400877, 30.495748 ], [ -84.400859, 30.497426 ], [ -84.402328, 30.49827 ], [ -84.402439, 30.499935 ], [ -84.404564, 30.499116 ], [ -84.404558, 30.50166 ], [ -84.403132, 30.502052 ], [ -84.403823, 30.504049 ], [ -84.401949, 30.505274 ], [ -84.404038, 30.505421 ], [ -84.403409, 30.506596 ], [ -84.404956, 30.507737 ], [ -84.40373, 30.50847 ], [ -84.403805, 30.509889 ], [ -84.402859, 30.510772 ], [ -84.401977, 30.510063 ], [ -84.398548, 30.512154 ], [ -84.397462, 30.51419 ], [ -84.396067, 30.513756 ], [ -84.395595, 30.512465 ], [ -84.39445, 30.513 ], [ -84.396331, 30.51429 ], [ -84.395346, 30.515216 ], [ -84.393229, 30.51443 ], [ -84.392423, 30.514838 ], [ -84.392891, 30.515826 ], [ -84.394957, 30.515575 ], [ -84.395994, 30.516056 ], [ -84.395915, 30.517165 ], [ -84.394319, 30.516675 ], [ -84.391824, 30.516929 ], [ -84.393751, 30.517889 ], [ -84.393757, 30.520741 ], [ -84.391936, 30.51994 ], [ -84.390662, 30.521437 ], [ -84.391379, 30.522645 ], [ -84.391105, 30.525036 ], [ -84.388303, 30.526218 ], [ -84.389414, 30.527277 ], [ -84.38949, 30.529642 ], [ -84.390992, 30.529416 ], [ -84.391587, 30.531492 ], [ -84.390878, 30.535168 ], [ -84.389222, 30.540958 ], [ -84.387474, 30.54498 ], [ -84.388434, 30.546295 ], [ -84.388284, 30.549325 ], [ -84.386401, 30.55238 ], [ -84.384234, 30.553827 ], [ -84.384083, 30.55389 ], [ -84.382169, 30.554561 ], [ -84.382233, 30.555688 ], [ -84.381081, 30.555169 ], [ -84.381075, 30.557307 ], [ -84.37906, 30.559285 ], [ -84.379565, 30.560019 ], [ -84.381638, 30.560274 ], [ -84.38206, 30.56129 ], [ -84.381779, 30.561644 ], [ -84.381005, 30.561169 ], [ -84.380205, 30.56166 ], [ -84.38199, 30.563025 ], [ -84.381235, 30.563627 ], [ -84.381625, 30.564185 ], [ -84.381588, 30.565006 ], [ -84.380889, 30.565544 ], [ -84.379316, 30.565798 ], [ -84.379757, 30.566925 ], [ -84.379361, 30.568859 ], [ -84.378631, 30.569853 ], [ -84.378384, 30.573467 ], [ -84.376667, 30.575109 ], [ -84.375497, 30.574295 ], [ -84.374083, 30.57493 ], [ -84.372574, 30.575267 ], [ -84.372286, 30.576521 ], [ -84.373066, 30.578168 ], [ -84.372586, 30.579289 ], [ -84.371058, 30.579698 ], [ -84.371403, 30.581107 ], [ -84.369976, 30.581217 ], [ -84.370111, 30.582228 ], [ -84.368013, 30.583129 ], [ -84.366548, 30.583262 ], [ -84.365825, 30.582681 ], [ -84.364053, 30.583737 ], [ -84.364699, 30.585245 ], [ -84.364411, 30.585405 ], [ -84.363695, 30.585339 ], [ -84.362179, 30.584123 ], [ -84.360963, 30.584123 ], [ -84.359487, 30.585428 ], [ -84.357119, 30.586598 ], [ -84.357541, 30.587759 ], [ -84.357279, 30.588515 ], [ -84.357643, 30.589201 ], [ -84.357471, 30.589576 ], [ -84.355872, 30.589891 ], [ -84.355424, 30.591189 ], [ -84.35378, 30.591073 ], [ -84.353492, 30.591935 ], [ -84.35307, 30.591979 ], [ -84.352001, 30.591443 ], [ -84.350319, 30.593195 ], [ -84.349577, 30.593211 ], [ -84.348591, 30.591745 ], [ -84.34634, 30.591941 ], [ -84.346991, 30.592904 ], [ -84.346084, 30.595367 ], [ -84.344022, 30.594983 ], [ -84.342918, 30.595554 ], [ -84.343715, 30.596291 ], [ -84.342774, 30.598067 ], [ -84.340818, 30.597384 ], [ -84.340329, 30.598618 ], [ -84.340864, 30.600213 ], [ -84.339193, 30.599599 ], [ -84.339069, 30.599086 ], [ -84.339735, 30.597734 ], [ -84.33908, 30.597125 ], [ -84.336707, 30.596798 ], [ -84.335492, 30.595795 ], [ -84.335324, 30.596454 ], [ -84.334678, 30.597452 ], [ -84.33409, 30.597491 ], [ -84.332577, 30.596223 ], [ -84.332107, 30.596494 ], [ -84.332903, 30.596956 ], [ -84.332981, 30.597998 ], [ -84.332766, 30.598359 ], [ -84.331859, 30.598342 ], [ -84.330325, 30.60014 ], [ -84.332179, 30.599503 ], [ -84.332727, 30.599306 ], [ -84.333738, 30.599858 ], [ -84.333674, 30.600878 ], [ -84.333431, 30.601261 ], [ -84.333001, 30.601137 ], [ -84.332825, 30.600692 ], [ -84.332303, 30.600377 ], [ -84.331722, 30.600766 ], [ -84.331859, 30.601188 ], [ -84.331741, 30.601977 ], [ -84.332505, 30.602186 ], [ -84.332609, 30.602518 ], [ -84.331865, 30.602563 ], [ -84.331134, 30.602783 ], [ -84.330652, 30.603364 ], [ -84.330926, 30.604288 ], [ -84.330254, 30.604908 ], [ -84.330136, 30.605466 ], [ -84.331278, 30.606215 ], [ -84.331408, 30.606908 ], [ -84.331063, 30.607218 ], [ -84.329608, 30.606441 ], [ -84.328896, 30.607168 ], [ -84.330417, 30.60803 ], [ -84.330573, 30.608407 ], [ -84.330345, 30.608751 ], [ -84.32981, 30.608757 ], [ -84.329314, 30.608982 ], [ -84.328877, 30.609861 ], [ -84.327812, 30.609918 ], [ -84.32703, 30.607878 ], [ -84.326169, 30.608712 ], [ -84.32765, 30.611631 ], [ -84.327069, 30.612341 ], [ -84.325614, 30.611766 ], [ -84.32596, 30.612955 ], [ -84.324453, 30.613897 ], [ -84.325166, 30.615378 ], [ -84.325211, 30.615783 ], [ -84.32519, 30.616063 ], [ -84.32502, 30.616404 ], [ -84.324851, 30.616461 ], [ -84.323206, 30.615785 ], [ -84.323532, 30.616838 ], [ -84.324335, 30.61676 ], [ -84.32504, 30.617278 ], [ -84.324759, 30.618112 ], [ -84.324368, 30.618214 ], [ -84.324126, 30.618123 ], [ -84.323846, 30.61787 ], [ -84.323513, 30.617487 ], [ -84.323271, 30.617425 ], [ -84.322958, 30.617453 ], [ -84.322412, 30.618394 ], [ -84.322756, 30.620169 ], [ -84.322658, 30.620609 ], [ -84.321386, 30.621003 ], [ -84.320596, 30.620902 ], [ -84.319669, 30.619003 ], [ -84.319107, 30.620039 ], [ -84.319284, 30.621922 ], [ -84.318482, 30.622452 ], [ -84.317367, 30.621273 ], [ -84.316891, 30.62328 ], [ -84.316245, 30.623765 ], [ -84.315084, 30.623905 ], [ -84.314601, 30.624186 ], [ -84.314604, 30.625043 ], [ -84.314627, 30.624975 ], [ -84.314911, 30.625078 ], [ -84.315047, 30.625093 ], [ -84.31543, 30.625516 ], [ -84.315535, 30.625737 ], [ -84.315503, 30.625997 ], [ -84.31477, 30.626541 ], [ -84.312414, 30.626506 ], [ -84.311969, 30.626852 ], [ -84.313482, 30.627114 ], [ -84.313901, 30.627374 ], [ -84.313897, 30.627805 ], [ -84.313549, 30.628109 ], [ -84.313274, 30.62798 ], [ -84.312489, 30.627975 ], [ -84.312116, 30.628372 ], [ -84.312229, 30.629124 ], [ -84.312649, 30.629457 ], [ -84.313352, 30.629489 ], [ -84.313697, 30.629833 ], [ -84.313547, 30.630387 ], [ -84.312749, 30.630858 ], [ -84.311944, 30.630504 ], [ -84.31036, 30.631049 ], [ -84.310958, 30.632066 ], [ -84.310887, 30.63244 ], [ -84.310115, 30.633153 ], [ -84.309618, 30.63312 ], [ -84.309047, 30.632386 ], [ -84.308459, 30.63237 ], [ -84.308211, 30.63299 ], [ -84.307624, 30.633419 ], [ -84.306997, 30.633419 ], [ -84.306449, 30.632956 ], [ -84.306162, 30.632399 ], [ -84.305627, 30.632528 ], [ -84.305679, 30.633486 ], [ -84.30504, 30.634704 ], [ -84.303565, 30.635042 ], [ -84.305209, 30.635983 ], [ -84.305666, 30.636744 ], [ -84.305465, 30.637584 ], [ -84.303654, 30.638483 ], [ -84.301977, 30.638477 ], [ -84.300583, 30.640068 ], [ -84.29993, 30.642624 ], [ -84.300481, 30.642763 ], [ -84.300648, 30.64295 ], [ -84.300608, 30.643376 ], [ -84.300038, 30.643598 ], [ -84.299804, 30.643845 ], [ -84.299699, 30.64416 ], [ -84.29981, 30.644305 ], [ -84.300316, 30.644407 ], [ -84.300715, 30.644583 ], [ -84.301015, 30.645186 ], [ -84.301171, 30.645952 ], [ -84.300256, 30.648744 ], [ -84.301918, 30.650132 ], [ -84.302341, 30.651193 ], [ -84.299378, 30.653531 ], [ -84.299766, 30.654324 ], [ -84.303506, 30.656083 ], [ -84.30404, 30.656456 ], [ -84.304058, 30.657024 ], [ -84.303751, 30.657216 ], [ -84.303047, 30.657157 ], [ -84.301837, 30.656136 ], [ -84.300968, 30.656619 ], [ -84.300883, 30.657102 ], [ -84.301116, 30.657739 ], [ -84.301959, 30.658046 ], [ -84.302496, 30.659133 ], [ -84.302502, 30.659481 ], [ -84.302123, 30.660094 ], [ -84.299213, 30.66126 ], [ -84.300116, 30.663143 ], [ -84.30131, 30.662626 ], [ -84.302183, 30.662549 ], [ -84.302424, 30.662781 ], [ -84.302671, 30.663203 ], [ -84.302716, 30.663513 ], [ -84.302631, 30.663812 ], [ -84.302187, 30.663856 ], [ -84.301782, 30.664492 ], [ -84.30117, 30.664619 ], [ -84.300798, 30.664236 ], [ -84.300209, 30.665147 ], [ -84.301818, 30.665859 ], [ -84.302125, 30.666327 ], [ -84.301829, 30.666671 ], [ -84.302308, 30.667573 ], [ -84.304395, 30.668156 ], [ -84.304769, 30.668512 ], [ -84.305324, 30.670208 ], [ -84.304099, 30.672515 ], [ -84.302813, 30.67312 ], [ -84.30305, 30.674791 ], [ -84.304419, 30.675843 ], [ -84.303498, 30.677686 ], [ -84.302513, 30.675934 ], [ -84.300405, 30.676056 ], [ -84.300482, 30.673835 ], [ -84.298073, 30.676832 ], [ -84.30029, 30.676617 ], [ -84.301153, 30.680139 ], [ -84.299829, 30.680075 ], [ -84.299759, 30.678768 ], [ -84.297769, 30.678832 ], [ -84.297497, 30.682522 ], [ -84.292107, 30.680713 ], [ -84.290772, 30.681872 ], [ -84.290579, 30.68416 ], [ -84.289331, 30.683428 ], [ -84.288666, 30.681648 ], [ -84.286861, 30.681984 ], [ -84.287932, 30.68394 ], [ -84.286179, 30.682952 ], [ -84.286351, 30.684066 ], [ -84.284646, 30.68502 ], [ -84.28326, 30.684191 ], [ -84.282561199999989, 30.6853214 ], [ -84.374905, 30.689794 ], [ -84.3807057, 30.6899688 ], [ -84.3807379, 30.6899698 ], [ -84.4523169, 30.6921272 ], [ -84.474409, 30.692793 ], [ -84.525889400000011, 30.69596 ], [ -84.535042, 30.696523 ], [ -84.53937, 30.696775 ], [ -84.5508029, 30.6973044 ], [ -84.606249, 30.699872 ], [ -84.606386, 30.699865 ], [ -84.6252084, 30.7009068 ], [ -84.62522, 30.7009074 ], [ -84.644815, 30.701992 ], [ -84.6647468, 30.7028992 ], [ -84.665851, 30.7029495 ], [ -84.725154500000016, 30.7056488 ], [ -84.8011355, 30.7091073 ], [ -84.836324, 30.710709 ], [ -84.8634605, 30.7115058 ], [ -84.864693, 30.711542 ], [ -84.859655, 30.701781 ], [ -84.859231, 30.701238 ], [ -84.858395, 30.700173 ], [ -84.857921, 30.698409 ], [ -84.858341, 30.696621 ], [ -84.862121, 30.691457 ], [ -84.862386, 30.690926 ], [ -84.863554, 30.689514 ], [ -84.865857, 30.687244 ], [ -84.869109, 30.683187 ], [ -84.871352, 30.677565 ], [ -84.872247, 30.675837 ], [ -84.87492, 30.671992 ], [ -84.88382, 30.666692 ], [ -84.88812, 30.663092 ], [ -84.88992, 30.659992 ], [ -84.891119, 30.655292 ], [ -84.891919, 30.649692 ], [ -84.893019, 30.646692 ], [ -84.894719, 30.644592 ], [ -84.901119, 30.640492 ], [ -84.903419, 30.638492 ], [ -84.904219, 30.636293 ], [ -84.904253, 30.633669 ], [ -84.904119, 30.625593 ], [ -84.905619, 30.621993 ], [ -84.908119, 30.619493 ], [ -84.911919, 30.617193 ], [ -84.916019, 30.615593 ], [ -84.927519, 30.612493 ], [ -84.929919, 30.610493 ], [ -84.931919, 30.606893 ], [ -84.932519, 30.606393 ] ] ] ] } },
{ "type": "Feature", "properties": { "STATEFP": "12", "COUNTYFP": "095", "COUNTYNS": "00295750", "GEOIDFQ": "0500000US12095", "GEOID": "12095", "NAME": "Orange", "NAMELSAD": "Orange County", "STUSPS": "FL", "STATE_NAME": "Florida", "LSAD": "06", "ALAND": 2338738374.0, "AWATER": 260147532.0, "STATE_NAME_HYPHEN": "Florida" }, "geometry": { "type": "MultiPolygon", "coordinates": [ [ [ [ -81.658603, 28.740313 ], [ -81.658466, 28.676798 ], [ -81.658206, 28.658942 ], [ -81.656926, 28.607803 ], [ -81.657168, 28.59517 ], [ -81.657199, 28.592567 ], [ -81.653457, 28.590446 ], [ -81.649892, 28.587006 ], [ -81.648104, 28.58448 ], [ -81.649058, 28.582456 ], [ -81.650635, 28.58195 ], [ -81.65197, 28.580151 ], [ -81.652058, 28.577218 ], [ -81.651404, 28.575116 ], [ -81.652877, 28.570946 ], [ -81.657205, 28.569827 ], [ -81.657247, 28.563215 ], [ -81.657295, 28.557002 ], [ -81.65739, 28.553122 ], [ -81.657288, 28.546391 ], [ -81.657275, 28.546179 ], [ -81.657273, 28.546148 ], [ -81.657292, 28.544729 ], [ -81.657495, 28.522399 ], [ -81.657492, 28.522191 ], [ -81.657398, 28.514239 ], [ -81.65746, 28.508814 ], [ -81.65749, 28.474163 ], [ -81.657496, 28.450591 ], [ -81.65743, 28.45006 ], [ -81.657399, 28.434142 ], [ -81.657263, 28.384076 ], [ -81.657182, 28.381087 ], [ -81.657169, 28.360978 ], [ -81.657189, 28.34757 ], [ -81.657268, 28.347098 ], [ -81.648234, 28.346917 ], [ -81.63863, 28.346952 ], [ -81.616267, 28.347057 ], [ -81.608289, 28.347106 ], [ -81.607652, 28.347039 ], [ -81.601355, 28.347072 ], [ -81.540875, 28.347248 ], [ -81.533168, 28.34729 ], [ -81.531924, 28.347284 ], [ -81.531528, 28.347282 ], [ -81.51028, 28.347196 ], [ -81.487591, 28.347088 ], [ -81.468592, 28.347213 ], [ -81.45775, 28.347284 ], [ -81.447928, 28.347905 ], [ -81.439531, 28.347967 ], [ -81.424441, 28.347933 ], [ -81.419781, 28.347923 ], [ -81.419542, 28.347922 ], [ -81.404158, 28.347886 ], [ -81.391893, 28.347786 ], [ -81.388843, 28.347879 ], [ -81.388525, 28.347883 ], [ -81.383383, 28.347886 ], [ -81.383207, 28.347886 ], [ -81.382969, 28.347886 ], [ -81.367577, 28.347912 ], [ -81.362831, 28.347932 ], [ -81.362693, 28.347934 ], [ -81.354894, 28.347964 ], [ -81.349892, 28.347986 ], [ -81.341732, 28.347986 ], [ -81.321913, 28.34799 ], [ -81.319697, 28.348123 ], [ -81.317736, 28.34802 ], [ -81.309571, 28.348051 ], [ -81.293006, 28.348072 ], [ -81.260071, 28.348056 ], [ -81.239511, 28.348119 ], [ -81.232159, 28.348151 ], [ -81.23193, 28.34815 ], [ -81.211126, 28.348083 ], [ -81.1742, 28.348182 ], [ -80.862908, 28.347487 ], [ -80.86671, 28.350316 ], [ -80.868652, 28.352472 ], [ -80.871791, 28.357227 ], [ -80.873907, 28.36158 ], [ -80.873801, 28.36421 ], [ -80.87254, 28.366843 ], [ -80.872792, 28.369612 ], [ -80.875314, 28.37321 ], [ -80.876687, 28.373297 ], [ -80.877833, 28.372223 ], [ -80.87929, 28.372395 ], [ -80.880299, 28.37369 ], [ -80.880083, 28.374915 ], [ -80.881501, 28.374586 ], [ -80.88186, 28.375477 ], [ -80.879782, 28.376809 ], [ -80.879465, 28.379741 ], [ -80.879604, 28.380421 ], [ -80.88144, 28.380619 ], [ -80.882487, 28.382051 ], [ -80.885542, 28.384766 ], [ -80.888388, 28.385468 ], [ -80.887846, 28.388009 ], [ -80.889601, 28.392316 ], [ -80.889558, 28.393087 ], [ -80.887994, 28.393607 ], [ -80.887085, 28.394632 ], [ -80.886877, 28.396451 ], [ -80.884727, 28.395889 ], [ -80.884674, 28.398427 ], [ -80.886248, 28.39915 ], [ -80.886669, 28.400036 ], [ -80.885504, 28.402398 ], [ -80.886403, 28.403805 ], [ -80.885032, 28.406286 ], [ -80.883199, 28.406454 ], [ -80.88299, 28.408156 ], [ -80.884755, 28.408668 ], [ -80.885024, 28.410851 ], [ -80.88791, 28.412848 ], [ -80.888244, 28.415815 ], [ -80.891073, 28.41619 ], [ -80.892364, 28.418498 ], [ -80.894456, 28.41923 ], [ -80.894862, 28.418168 ], [ -80.896538, 28.418746 ], [ -80.895547, 28.420688 ], [ -80.895759, 28.423119 ], [ -80.89687, 28.423269 ], [ -80.896484, 28.425011 ], [ -80.898698, 28.426136 ], [ -80.897057, 28.426408 ], [ -80.896894, 28.428148 ], [ -80.897838, 28.429634 ], [ -80.898328, 28.43175 ], [ -80.900116, 28.43149 ], [ -80.90118, 28.433158 ], [ -80.899355, 28.433516 ], [ -80.898664, 28.434858 ], [ -80.897032, 28.435443 ], [ -80.89816, 28.436495 ], [ -80.896411, 28.437358 ], [ -80.895487, 28.436328 ], [ -80.894258, 28.437861 ], [ -80.894682, 28.438511 ], [ -80.894011, 28.441033 ], [ -80.893099, 28.441908 ], [ -80.893866, 28.443897 ], [ -80.890172, 28.445285 ], [ -80.891952, 28.449107 ], [ -80.893898, 28.450761 ], [ -80.895724, 28.451161 ], [ -80.897226, 28.45285 ], [ -80.897279, 28.452938 ], [ -80.897057, 28.45476 ], [ -80.898346, 28.455084 ], [ -80.897569, 28.457762 ], [ -80.89646, 28.456702 ], [ -80.895542, 28.458065 ], [ -80.894103, 28.458021 ], [ -80.893446, 28.460068 ], [ -80.89444, 28.459845 ], [ -80.894808, 28.461955 ], [ -80.895845, 28.463203 ], [ -80.893298, 28.463409 ], [ -80.892719, 28.464731 ], [ -80.894212, 28.464631 ], [ -80.894761, 28.465666 ], [ -80.894425, 28.4671 ], [ -80.890812, 28.468383 ], [ -80.890945, 28.466878 ], [ -80.889574, 28.466601 ], [ -80.887271, 28.468474 ], [ -80.886659, 28.469608 ], [ -80.88475, 28.468722 ], [ -80.884217, 28.469545 ], [ -80.882512, 28.469545 ], [ -80.881681, 28.470375 ], [ -80.880834, 28.468331 ], [ -80.879667, 28.468316 ], [ -80.879521, 28.469488 ], [ -80.875809, 28.470814 ], [ -80.876384, 28.469563 ], [ -80.875143, 28.468842 ], [ -80.872665, 28.471157 ], [ -80.871292, 28.470764 ], [ -80.87088, 28.471745 ], [ -80.874191, 28.476345 ], [ -80.87384, 28.478283 ], [ -80.873146, 28.47855 ], [ -80.873947, 28.480417 ], [ -80.873403, 28.482233 ], [ -80.875186, 28.483386 ], [ -80.875585, 28.485845 ], [ -80.87796, 28.486445 ], [ -80.877329, 28.487971 ], [ -80.875273, 28.488696 ], [ -80.875871, 28.490068 ], [ -80.87795, 28.489766 ], [ -80.87984, 28.490214 ], [ -80.88013, 28.491011 ], [ -80.882591, 28.491491 ], [ -80.884077, 28.494867 ], [ -80.88335, 28.496159 ], [ -80.880987, 28.496648 ], [ -80.879907, 28.497596 ], [ -80.880155, 28.501165 ], [ -80.881318, 28.503975 ], [ -80.883312, 28.50429 ], [ -80.884992, 28.50922 ], [ -80.885741, 28.510312 ], [ -80.890331, 28.511847 ], [ -80.893543, 28.511719 ], [ -80.894882, 28.509979 ], [ -80.896435, 28.509422 ], [ -80.898646, 28.509689 ], [ -80.899945, 28.511436 ], [ -80.901984, 28.510456 ], [ -80.903091, 28.511052 ], [ -80.90458, 28.51052 ], [ -80.90663, 28.51161 ], [ -80.905619, 28.512688 ], [ -80.90713, 28.513784 ], [ -80.906899, 28.514886 ], [ -80.905445, 28.51658 ], [ -80.906047, 28.518038 ], [ -80.907968, 28.518096 ], [ -80.907034, 28.520363 ], [ -80.909888, 28.521853 ], [ -80.911111, 28.521264 ], [ -80.912474, 28.522579 ], [ -80.910549, 28.523481 ], [ -80.911412, 28.524569 ], [ -80.916314, 28.522774 ], [ -80.917517, 28.522983 ], [ -80.920638, 28.5252 ], [ -80.921074, 28.52881 ], [ -80.923377, 28.532728 ], [ -80.924379, 28.533126 ], [ -80.927521, 28.532693 ], [ -80.928714, 28.53291 ], [ -80.931825, 28.535387 ], [ -80.933655, 28.53335 ], [ -80.935476, 28.534746 ], [ -80.935769, 28.536577 ], [ -80.937217, 28.536422 ], [ -80.937717, 28.534739 ], [ -80.939456, 28.535255 ], [ -80.938968, 28.539452 ], [ -80.939651, 28.540696 ], [ -80.938975, 28.542024 ], [ -80.935435, 28.541568 ], [ -80.934895, 28.540563 ], [ -80.933076, 28.541109 ], [ -80.932091, 28.542893 ], [ -80.932806, 28.54361 ], [ -80.932928, 28.543785 ], [ -80.934203, 28.544848 ], [ -80.934145, 28.547657 ], [ -80.932625, 28.551598 ], [ -80.933661, 28.552069 ], [ -80.93383, 28.554994 ], [ -80.931741, 28.555881 ], [ -80.934086, 28.559333 ], [ -80.931556, 28.559939 ], [ -80.932181, 28.561797 ], [ -80.930043, 28.563217 ], [ -80.932028, 28.564707 ], [ -80.932001, 28.566463 ], [ -80.933722, 28.56762 ], [ -80.934377, 28.569367 ], [ -80.936323, 28.571445 ], [ -80.937345, 28.570929 ], [ -80.93926, 28.57244 ], [ -80.940299, 28.574294 ], [ -80.939071, 28.57525 ], [ -80.940255, 28.575908 ], [ -80.940438, 28.578094 ], [ -80.941598, 28.578259 ], [ -80.942598, 28.579898 ], [ -80.944165, 28.580032 ], [ -80.94384, 28.581288 ], [ -80.944491, 28.582597 ], [ -80.945828, 28.582881 ], [ -80.944736, 28.583828 ], [ -80.947146, 28.584969 ], [ -80.946324, 28.586076 ], [ -80.947144, 28.587346 ], [ -80.945718, 28.586438 ], [ -80.945085, 28.58889 ], [ -80.944256, 28.589055 ], [ -80.943885, 28.590499 ], [ -80.945076, 28.59228 ], [ -80.943868, 28.592621 ], [ -80.943344, 28.593668 ], [ -80.946344, 28.595703 ], [ -80.947704, 28.595596 ], [ -80.946573, 28.597196 ], [ -80.949547, 28.598546 ], [ -80.949577, 28.600359 ], [ -80.950596, 28.599631 ], [ -80.953096, 28.601063 ], [ -80.95202, 28.602137 ], [ -80.952222, 28.604244 ], [ -80.954299, 28.604793 ], [ -80.955098, 28.603638 ], [ -80.956499, 28.603822 ], [ -80.956951, 28.601906 ], [ -80.959961, 28.602923 ], [ -80.960391, 28.60495 ], [ -80.961484, 28.605485 ], [ -80.964032, 28.605097 ], [ -80.965192, 28.604385 ], [ -80.967597, 28.605202 ], [ -80.967922, 28.604272 ], [ -80.969526, 28.605194 ], [ -80.969485, 28.608379 ], [ -80.970649, 28.608581 ], [ -80.970786, 28.609403 ], [ -80.970638, 28.610701 ], [ -80.970987, 28.611155 ], [ -80.972599, 28.611485 ], [ -80.973123, 28.611318 ], [ -80.974621, 28.608701 ], [ -80.975587, 28.607838 ], [ -80.977964, 28.609132 ], [ -80.979832, 28.609113 ], [ -80.980871, 28.609807 ], [ -80.980599, 28.610946 ], [ -80.983738, 28.610166 ], [ -80.984394, 28.61281 ], [ -80.985037, 28.611407 ], [ -80.9863, 28.611823 ], [ -80.98725, 28.612997 ], [ -80.992226, 28.612975 ], [ -80.992244, 28.613009 ], [ -80.995375, 28.613172 ], [ -81.067743, 28.612677 ], [ -81.098036, 28.612731 ], [ -81.106182, 28.612643 ], [ -81.128991, 28.612487 ], [ -81.157812, 28.612225 ], [ -81.174531, 28.612038 ], [ -81.186918, 28.611965 ], [ -81.189333, 28.611943 ], [ -81.192027, 28.612081 ], [ -81.194017, 28.612068 ], [ -81.201221, 28.612036 ], [ -81.207495, 28.611876 ], [ -81.217895, 28.611858 ], [ -81.224087, 28.611785 ], [ -81.225323, 28.611769 ], [ -81.226185, 28.611817 ], [ -81.233209, 28.611709 ], [ -81.244698, 28.611536 ], [ -81.24581, 28.611652 ], [ -81.26233, 28.611491 ], [ -81.277834, 28.611209 ], [ -81.278511, 28.611199 ], [ -81.282305, 28.611123 ], [ -81.294809, 28.610935 ], [ -81.29799, 28.610811 ], [ -81.298982, 28.610826 ], [ -81.302414, 28.610778 ], [ -81.305089, 28.610768 ], [ -81.308826, 28.610744 ], [ -81.309022, 28.610735 ], [ -81.31132, 28.610709 ], [ -81.314478, 28.61067 ], [ -81.327888, 28.610501 ], [ -81.327911, 28.611268 ], [ -81.328011, 28.617668 ], [ -81.327977, 28.621067 ], [ -81.328304, 28.631099 ], [ -81.328341, 28.632334 ], [ -81.32835, 28.632749 ], [ -81.32848, 28.639628 ], [ -81.331099, 28.639581 ], [ -81.335506, 28.639548 ], [ -81.338708, 28.639547 ], [ -81.345395, 28.639497 ], [ -81.357049, 28.63934 ], [ -81.357245, 28.63934 ], [ -81.361633, 28.639326 ], [ -81.361655, 28.64041 ], [ -81.365117, 28.640404 ], [ -81.365234, 28.640404 ], [ -81.371585, 28.640376 ], [ -81.373329, 28.64029 ], [ -81.375921, 28.64035 ], [ -81.377956, 28.640335 ], [ -81.387409, 28.640242 ], [ -81.387981, 28.640229 ], [ -81.391583, 28.64021 ], [ -81.39652, 28.640185 ], [ -81.415204, 28.640057 ], [ -81.427327, 28.6402 ], [ -81.435572, 28.640065 ], [ -81.443603, 28.64015 ], [ -81.45656, 28.640193 ], [ -81.457962, 28.640197 ], [ -81.459728, 28.640196 ], [ -81.459689, 28.644357 ], [ -81.459707, 28.661598 ], [ -81.459705, 28.662567 ], [ -81.459699, 28.664508 ], [ -81.459664, 28.67274 ], [ -81.459661, 28.672918 ], [ -81.459649, 28.674553 ], [ -81.459622, 28.680214 ], [ -81.459654, 28.683747 ], [ -81.459596, 28.688589 ], [ -81.459512, 28.709398 ], [ -81.459524, 28.713264 ], [ -81.457952, 28.714317 ], [ -81.450543, 28.714351 ], [ -81.448724, 28.715323 ], [ -81.447522, 28.71516 ], [ -81.446396, 28.713696 ], [ -81.444274, 28.713894 ], [ -81.44142, 28.715096 ], [ -81.440996, 28.715857 ], [ -81.439435, 28.719086 ], [ -81.438198, 28.720577 ], [ -81.436227, 28.721795 ], [ -81.431638, 28.727046 ], [ -81.431505, 28.728135 ], [ -81.426876, 28.733747 ], [ -81.425043, 28.735241 ], [ -81.423761, 28.73534 ], [ -81.42277, 28.736915 ], [ -81.421884, 28.739739 ], [ -81.421542, 28.744546 ], [ -81.418474, 28.754632 ], [ -81.41646, 28.755697 ], [ -81.416328, 28.75841 ], [ -81.415671, 28.759748 ], [ -81.415215, 28.763672 ], [ -81.415834, 28.764468 ], [ -81.415639, 28.766502 ], [ -81.41637, 28.769519 ], [ -81.415841, 28.771057 ], [ -81.415668, 28.773822 ], [ -81.414882, 28.774679 ], [ -81.414688, 28.777039 ], [ -81.415345, 28.778581 ], [ -81.415134, 28.780259 ], [ -81.415526, 28.782664 ], [ -81.415132, 28.784482 ], [ -81.414682, 28.785564 ], [ -81.450197, 28.785655 ], [ -81.469354, 28.785779 ], [ -81.477368, 28.78619 ], [ -81.517267, 28.786071 ], [ -81.527392, 28.786069 ], [ -81.528563, 28.786069 ], [ -81.533131, 28.786068 ], [ -81.539202, 28.786069 ], [ -81.543327, 28.786086 ], [ -81.543341, 28.786087 ], [ -81.547533, 28.78607 ], [ -81.559935, 28.78607 ], [ -81.592971, 28.78597 ], [ -81.622337, 28.78597 ], [ -81.62464, 28.785932 ], [ -81.635725, 28.785886 ], [ -81.646513, 28.785872 ], [ -81.647714, 28.783911 ], [ -81.646, 28.781813 ], [ -81.644762, 28.776027 ], [ -81.645169, 28.772685 ], [ -81.646546, 28.769812 ], [ -81.648957, 28.766946 ], [ -81.651028, 28.766137 ], [ -81.653209, 28.766097 ], [ -81.653947, 28.76745 ], [ -81.655941, 28.768977 ], [ -81.656373, 28.769835 ], [ -81.658597, 28.766442 ], [ -81.658561, 28.745827 ], [ -81.658603, 28.740313 ] ] ] ] } },
{ "type": "Feature", "properties": { "STATEFP": "12", "COUNTYFP": "045", "COUNTYNS": "00306917", "GEOIDFQ": "0500000US12045", "GEOID": "12045", "NAME": "Gulf", "NAMELSAD": "Gulf County", "STUSPS": "FL", "STATE_NAME": "Florida", "LSAD": "06", "ALAND": 1433456928.0, "AWATER": 624416742.0, "STATE_NAME_HYPHEN": "Florida" }, "geometry": { "type": "MultiPolygon", "coordinates": [ [ [ [ -85.416682, 29.820246 ], [ -85.413481, 29.799531 ], [ -85.411528, 29.792364 ], [ -85.409633, 29.781618 ], [ -85.404287, 29.761954 ], [ -85.398407, 29.742964 ], [ -85.387313, 29.715367 ], [ -85.380867, 29.702082 ], [ -85.3753, 29.691854 ], [ -85.367676, 29.680815 ], [ -85.365061, 29.677304 ], [ -85.36209, 29.675343 ], [ -85.356743, 29.66956 ], [ -85.351514, 29.666669 ], [ -85.346541, 29.668567 ], [ -85.342838, 29.671212 ], [ -85.336064, 29.675446 ], [ -85.32834, 29.67875 ], [ -85.318349, 29.681573 ], [ -85.306592, 29.683293 ], [ -85.298623, 29.684019 ], [ -85.29074, 29.684081 ], [ -85.276634, 29.683485 ], [ -85.259719, 29.681296 ], [ -85.249985, 29.679145 ], [ -85.242246, 29.676933 ], [ -85.232229, 29.677355 ], [ -85.224583, 29.680978 ], [ -85.221505, 29.683945 ], [ -85.222039, 29.685467 ], [ -85.225385, 29.685839 ], [ -85.229606, 29.682431 ], [ -85.245917, 29.681621 ], [ -85.249544, 29.682945 ], [ -85.251784, 29.684855 ], [ -85.250913, 29.687155 ], [ -85.2174996, 29.6947431 ], [ -85.206226, 29.711188 ], [ -85.168427, 29.736574 ], [ -85.109401, 29.776793 ], [ -85.10542, 29.774553 ], [ -85.104127, 29.774181 ], [ -85.090784, 29.772761 ], [ -85.082377, 29.769645 ], [ -85.078222, 29.768616 ], [ -85.076484, 29.768882 ], [ -85.072638, 29.770811 ], [ -85.070532, 29.774722 ], [ -85.069564, 29.781727 ], [ -85.06867, 29.784467 ], [ -85.066624, 29.786421 ], [ -85.064765, 29.787026 ], [ -85.062696, 29.786968 ], [ -85.060675, 29.786296 ], [ -85.054186, 29.780811 ], [ -85.048536, 29.77808 ], [ -85.048332, 29.780436 ], [ -85.047757, 29.781139 ], [ -85.046363, 29.78096 ], [ -85.044493, 29.779374 ], [ -85.041621, 29.778984 ], [ -85.040078, 29.779346 ], [ -85.038614, 29.781188 ], [ -85.037747, 29.78741 ], [ -85.036005, 29.792371 ], [ -85.034344, 29.795061 ], [ -85.031294, 29.798921 ], [ -85.024951, 29.803966 ], [ -85.022961, 29.80508 ], [ -85.020534, 29.807373 ], [ -85.019417, 29.810151 ], [ -85.020413, 29.813861 ], [ -85.019812, 29.817247 ], [ -85.019693, 29.819874 ], [ -85.020758, 29.822364 ], [ -85.021902, 29.82354 ], [ -85.023829, 29.824598 ], [ -85.029349, 29.826357 ], [ -85.03159, 29.828008 ], [ -85.032573, 29.83007 ], [ -85.031921, 29.834991 ], [ -85.03177, 29.839225 ], [ -85.03256, 29.844279 ], [ -85.034239, 29.848188 ], [ -85.037775, 29.852527 ], [ -85.038297, 29.858006 ], [ -85.037691, 29.863638 ], [ -85.038664, 29.866273 ], [ -85.041268, 29.870799 ], [ -85.041609, 29.874085 ], [ -85.041214, 29.875852 ], [ -85.041953, 29.878227 ], [ -85.042912, 29.879487 ], [ -85.045276, 29.880457 ], [ -85.046436, 29.882264 ], [ -85.046022, 29.884626 ], [ -85.046905, 29.886549 ], [ -85.04869, 29.888871 ], [ -85.051302, 29.893089 ], [ -85.051246, 29.895343 ], [ -85.052842, 29.897508 ], [ -85.053511, 29.900164 ], [ -85.054359, 29.90186 ], [ -85.053533, 29.903422 ], [ -85.051324, 29.905319 ], [ -85.051085, 29.907398 ], [ -85.05331, 29.909158 ], [ -85.053757, 29.910296 ], [ -85.053109, 29.910609 ], [ -85.050186, 29.909158 ], [ -85.049137, 29.909359 ], [ -85.0484, 29.910408 ], [ -85.047753, 29.914827 ], [ -85.049538, 29.917215 ], [ -85.048913, 29.918554 ], [ -85.04657, 29.919559 ], [ -85.045342, 29.920697 ], [ -85.04416, 29.923418 ], [ -85.041772, 29.927616 ], [ -85.041687, 29.930063 ], [ -85.04118, 29.931151 ], [ -85.040202, 29.930192 ], [ -85.040208, 29.928026 ], [ -85.039142, 29.928277 ], [ -85.037622, 29.931206 ], [ -85.034878, 29.931425 ], [ -85.030995, 29.930773 ], [ -85.029642, 29.931096 ], [ -85.02976, 29.932747 ], [ -85.033223, 29.936468 ], [ -85.033239, 29.937235 ], [ -85.031523, 29.940373 ], [ -85.026215, 29.944588 ], [ -85.025208, 29.948183 ], [ -85.026665, 29.952332 ], [ -85.02647, 29.952836 ], [ -85.025126, 29.952695 ], [ -85.023409, 29.949893 ], [ -85.021288, 29.949573 ], [ -85.019359, 29.949874 ], [ -85.017939, 29.950973 ], [ -85.019723, 29.95348 ], [ -85.021551, 29.958612 ], [ -85.023369, 29.962164 ], [ -85.025439, 29.971399 ], [ -85.025691, 29.976315 ], [ -85.026897, 29.979756 ], [ -85.027255, 29.982118 ], [ -85.029641, 29.984473 ], [ -85.0298, 29.987412 ], [ -85.031953, 29.987817 ], [ -85.03664, 29.990527 ], [ -85.038445, 29.990626 ], [ -85.042601, 29.988571 ], [ -85.044618, 29.988443 ], [ -85.04734, 29.989944 ], [ -85.049732, 29.99012 ], [ -85.050625, 29.990988 ], [ -85.050625, 29.993839 ], [ -85.052862, 29.997005 ], [ -85.054002, 30.00128 ], [ -85.055147, 30.002424 ], [ -85.058214, 30.003927 ], [ -85.06411, 30.003993 ], [ -85.068614, 30.004748 ], [ -85.071919, 30.004796 ], [ -85.073662, 30.007555 ], [ -85.075251, 30.008221 ], [ -85.077897, 30.008489 ], [ -85.080984, 30.010201 ], [ -85.083287, 30.014243 ], [ -85.085238, 30.01469 ], [ -85.090115, 30.012172 ], [ -85.091498, 30.011901 ], [ -85.091309, 30.014269 ], [ -85.09316, 30.015726 ], [ -85.098981, 30.015322 ], [ -85.100563, 30.016602 ], [ -85.100408, 30.017645 ], [ -85.097349, 30.019851 ], [ -85.096772, 30.023295 ], [ -85.098317, 30.024551 ], [ -85.099867, 30.024377 ], [ -85.100714, 30.021191 ], [ -85.101557, 30.020599 ], [ -85.104518, 30.020174 ], [ -85.107072, 30.021065 ], [ -85.107715, 30.022187 ], [ -85.107208, 30.02435 ], [ -85.107941, 30.025394 ], [ -85.109678, 30.025459 ], [ -85.113691, 30.023173 ], [ -85.11569, 30.024064 ], [ -85.117873, 30.027701 ], [ -85.119111, 30.02891 ], [ -85.124914, 30.032983 ], [ -85.131213, 30.037965 ], [ -85.131593, 30.039455 ], [ -85.128861, 30.040466 ], [ -85.128343, 30.041499 ], [ -85.129001, 30.042546 ], [ -85.132744, 30.043419 ], [ -85.135254, 30.04327 ], [ -85.135504, 30.044656 ], [ -85.134608, 30.047793 ], [ -85.135711, 30.050017 ], [ -85.136509, 30.052764 ], [ -85.13602, 30.057449 ], [ -85.136309, 30.061124 ], [ -85.136894, 30.063816 ], [ -85.136357, 30.064566 ], [ -85.132541, 30.066434 ], [ -85.13218, 30.067466 ], [ -85.133413, 30.068633 ], [ -85.137138, 30.069563 ], [ -85.138278, 30.071633 ], [ -85.138353, 30.072778 ], [ -85.136224, 30.076174 ], [ -85.13441, 30.080224 ], [ -85.134346, 30.082046 ], [ -85.135977, 30.084204 ], [ -85.137192, 30.086563 ], [ -85.138601, 30.087496 ], [ -85.141159, 30.087371 ], [ -85.143634, 30.088964 ], [ -85.14696, 30.088555 ], [ -85.149176, 30.08964 ], [ -85.151567, 30.09012 ], [ -85.153773, 30.091294 ], [ -85.154015, 30.092043 ], [ -85.153811, 30.092849 ], [ -85.151848, 30.094602 ], [ -85.15032, 30.096861 ], [ -85.145742, 30.096788 ], [ -85.144917, 30.097474 ], [ -85.144928, 30.099401 ], [ -85.147619, 30.104927 ], [ -85.149077, 30.110495 ], [ -85.148605, 30.111455 ], [ -85.147873, 30.111907 ], [ -85.145759, 30.111661 ], [ -85.142922, 30.109303 ], [ -85.140948, 30.108863 ], [ -85.140141, 30.109178 ], [ -85.139892, 30.110871 ], [ -85.142257, 30.113294 ], [ -85.14185, 30.115447 ], [ -85.139208, 30.115645 ], [ -85.132998, 30.114977 ], [ -85.13183, 30.11543 ], [ -85.130237, 30.117359 ], [ -85.129959, 30.118463 ], [ -85.130182, 30.119414 ], [ -85.131832, 30.120686 ], [ -85.133232, 30.120933 ], [ -85.138636, 30.120539 ], [ -85.14303, 30.121741 ], [ -85.144904, 30.123149 ], [ -85.145424, 30.124664 ], [ -85.145237, 30.127409 ], [ -85.144603, 30.129032 ], [ -85.142072, 30.131402 ], [ -85.138423, 30.133728 ], [ -85.137365, 30.134733 ], [ -85.137622, 30.137969 ], [ -85.136932, 30.140445 ], [ -85.134001, 30.142018 ], [ -85.132498, 30.143237 ], [ -85.132096, 30.14482 ], [ -85.132606, 30.145568 ], [ -85.135645, 30.145378 ], [ -85.138454, 30.146341 ], [ -85.138522, 30.148388 ], [ -85.13574, 30.150899 ], [ -85.133179, 30.159487 ], [ -85.133184, 30.161024 ], [ -85.134866, 30.162244 ], [ -85.137147, 30.161688 ], [ -85.138792, 30.161831 ], [ -85.139855, 30.163499 ], [ -85.137511, 30.166813 ], [ -85.137547, 30.167848 ], [ -85.138729, 30.170687 ], [ -85.138669, 30.172546 ], [ -85.135348, 30.174459 ], [ -85.133938, 30.175987 ], [ -85.135107, 30.179409 ], [ -85.134773, 30.18077 ], [ -85.133629, 30.181779 ], [ -85.127839, 30.182988 ], [ -85.125692, 30.185329 ], [ -85.123512, 30.192382 ], [ -85.121504, 30.195386 ], [ -85.119312, 30.197615 ], [ -85.11566, 30.199976 ], [ -85.191279, 30.2008 ], [ -85.208163, 30.200922 ], [ -85.228104, 30.200879 ], [ -85.229835, 30.200771 ], [ -85.340333, 30.200587 ], [ -85.386263, 30.201385 ], [ -85.389679, 30.200973 ], [ -85.389884, 30.198253 ], [ -85.389953, 30.188215 ], [ -85.389544, 30.175438 ], [ -85.389692, 30.171716 ], [ -85.38964, 30.154561 ], [ -85.389823, 30.153173 ], [ -85.389635, 30.145194 ], [ -85.389884, 30.138488 ], [ -85.390296, 30.121433 ], [ -85.3902, 30.118269 ], [ -85.390312, 30.099805 ], [ -85.390091, 30.097758 ], [ -85.390335, 30.091175 ], [ -85.390229, 30.090803 ], [ -85.391296, 30.027635 ], [ -85.391502, 30.000389 ], [ -85.391281, 29.999835 ], [ -85.389154, 29.955241 ], [ -85.388956, 29.945725 ], [ -85.388764, 29.943362 ], [ -85.388374, 29.926919 ], [ -85.388465, 29.926076 ], [ -85.3886762, 29.9243546 ], [ -85.38473, 29.920949 ], [ -85.3680113, 29.9034063 ], [ -85.363731, 29.898915 ], [ -85.350165, 29.877019 ], [ -85.3481196, 29.8722886 ], [ -85.343618, 29.861878 ], [ -85.3431382, 29.8594526 ], [ -85.342838, 29.857935 ], [ -85.336654, 29.849295 ], [ -85.3359086, 29.8487161 ], [ -85.332289, 29.845905 ], [ -85.3299262, 29.8456003 ], [ -85.3258773, 29.8450781 ], [ -85.325008, 29.844966 ], [ -85.3190809, 29.8401954 ], [ -85.317464, 29.838894 ], [ -85.31454, 29.832732 ], [ -85.314783, 29.830575 ], [ -85.314079, 29.826289 ], [ -85.314547, 29.822279 ], [ -85.3139969, 29.8208881 ], [ -85.31142, 29.814373 ], [ -85.308634, 29.813323 ], [ -85.306365, 29.811434 ], [ -85.3056336, 29.8109084 ], [ -85.302789, 29.808864 ], [ -85.3010691, 29.8001274 ], [ -85.300841, 29.798969 ], [ -85.301668, 29.795344 ], [ -85.3020169, 29.7894581 ], [ -85.302323300000012, 29.7842906 ], [ -85.302382, 29.7833 ], [ -85.303391, 29.774858 ], [ -85.3046382, 29.7710766 ], [ -85.305021, 29.769916 ], [ -85.303421, 29.757561 ], [ -85.304573, 29.750552 ], [ -85.304251, 29.74152 ], [ -85.303884, 29.731942 ], [ -85.30396, 29.720621 ], [ -85.305583, 29.713682 ], [ -85.308377, 29.712357 ], [ -85.308749, 29.708193 ], [ -85.307082, 29.703505 ], [ -85.309769, 29.693175 ], [ -85.313731, 29.68646 ], [ -85.321772, 29.68542 ], [ -85.325732, 29.685696 ], [ -85.328862, 29.686434 ], [ -85.331486, 29.684454 ], [ -85.339327, 29.683733 ], [ -85.346481, 29.681517 ], [ -85.35126, 29.681833 ], [ -85.353782, 29.680035 ], [ -85.360782, 29.67866 ], [ -85.363594, 29.680544 ], [ -85.361853, 29.688042 ], [ -85.363093, 29.691099 ], [ -85.367376, 29.692368 ], [ -85.369201, 29.690983 ], [ -85.371532, 29.692095 ], [ -85.371586, 29.694058 ], [ -85.372879, 29.696728 ], [ -85.371381, 29.699449 ], [ -85.371574, 29.703107 ], [ -85.37796, 29.709621 ], [ -85.38227, 29.719435 ], [ -85.385991, 29.725377 ], [ -85.388579, 29.730158 ], [ -85.389325, 29.733615 ], [ -85.389216, 29.738826 ], [ -85.389082, 29.742159 ], [ -85.391764, 29.750566 ], [ -85.392194, 29.754322 ], [ -85.395528, 29.762368 ], [ -85.397472, 29.763875 ], [ -85.401465, 29.764132 ], [ -85.40332, 29.768348 ], [ -85.403904, 29.772629 ], [ -85.401013, 29.776545 ], [ -85.402792, 29.779551 ], [ -85.404283, 29.784702 ], [ -85.405456, 29.791297 ], [ -85.406807, 29.795343 ], [ -85.408398, 29.79842 ], [ -85.409696, 29.802353 ], [ -85.410421, 29.808099 ], [ -85.40892, 29.813793 ], [ -85.40742, 29.81679 ], [ -85.406988, 29.819187 ], [ -85.408639, 29.822858 ], [ -85.410467, 29.82607 ], [ -85.410432, 29.830733 ], [ -85.408292, 29.835545 ], [ -85.405047, 29.841009 ], [ -85.403555, 29.845326 ], [ -85.400148, 29.850523 ], [ -85.399263, 29.854 ], [ -85.398951, 29.860578 ], [ -85.39752, 29.863509 ], [ -85.394476, 29.867948 ], [ -85.391282, 29.872639 ], [ -85.391232, 29.87432 ], [ -85.393388, 29.874619 ], [ -85.398316, 29.871784 ], [ -85.407132, 29.865995 ], [ -85.411765, 29.85979 ], [ -85.413575, 29.85294 ], [ -85.415806, 29.842577 ], [ -85.417495, 29.829933 ], [ -85.416682, 29.820246 ] ] ] ] } },
{ "type": "Feature", "properties": { "STATEFP": "12", "COUNTYFP": "015", "COUNTYNS": "00295742", "GEOIDFQ": "0500000US12015", "GEOID": "12015", "NAME": "Charlotte", "NAMELSAD": "Charlotte County", "STUSPS": "FL", "STATE_NAME": "Florida", "LSAD": "06", "ALAND": 1764086777.0, "AWATER": 689242503.0, "STATE_NAME_HYPHEN": "Florida" }, "geometry": { "type": "MultiPolygon", "coordinates": [ [ [ [ -82.371007, 26.938653 ], [ -82.358784, 26.919542 ], [ -82.351649, 26.908384 ], [ -82.342469, 26.894676 ], [ -82.3415976, 26.8935404 ], [ -82.334545, 26.88435 ], [ -82.325779, 26.877472 ], [ -82.3217553, 26.8714667 ], [ -82.3026572, 26.8429629 ], [ -82.301736, 26.841588 ], [ -82.3010337, 26.8407243 ], [ -82.289582, 26.826641 ], [ -82.282533, 26.815992 ], [ -82.282255, 26.810962 ], [ -82.284364, 26.809297 ], [ -82.28268, 26.804206 ], [ -82.274246, 26.79354 ], [ -82.2720924, 26.7895176 ], [ -82.264676, 26.789429 ], [ -82.261346, 26.788862 ], [ -82.249816, 26.786886 ], [ -82.248032, 26.786857 ], [ -82.242631, 26.785739 ], [ -82.233914, 26.783221 ], [ -82.228066, 26.782178 ], [ -82.222403, 26.781988 ], [ -82.221492, 26.781754 ], [ -82.218118, 26.779788 ], [ -82.213197, 26.775288 ], [ -82.208794, 26.771724 ], [ -82.20749, 26.771029 ], [ -82.205562, 26.770528 ], [ -82.2010205, 26.7707662 ], [ -82.197123, 26.77292 ], [ -82.190706, 26.772496 ], [ -82.1871864, 26.7708459 ], [ -82.185476, 26.770044 ], [ -82.172167, 26.769949 ], [ -82.1711207, 26.7707982 ], [ -82.161709, 26.778437 ], [ -82.151093, 26.783479 ], [ -82.146259, 26.782893 ], [ -82.145071, 26.788834 ], [ -82.15339, 26.853952 ], [ -82.170503, 26.899109 ], [ -82.1786921, 26.9161488 ], [ -82.181198, 26.921363 ], [ -82.1831, 26.935773 ], [ -82.1783679, 26.9388815 ], [ -82.174068, 26.941706 ], [ -82.167888, 26.938316 ], [ -82.166561, 26.934254 ], [ -82.158882, 26.929819 ], [ -82.154303, 26.924871 ], [ -82.141428, 26.92393 ], [ -82.135567, 26.928954 ], [ -82.133163, 26.933686 ], [ -82.126538, 26.939787 ], [ -82.124645, 26.945615 ], [ -82.115478, 26.951132 ], [ -82.117063800000011, 26.9549187 ], [ -82.118451, 26.958231 ], [ -82.118102, 26.961057 ], [ -82.119557, 26.96316 ], [ -82.117841, 26.965136 ], [ -82.1178028, 26.9651309 ], [ -82.11418, 26.964647 ], [ -82.113425, 26.962153 ], [ -82.101573, 26.959213 ], [ -82.099383, 26.953374 ], [ -82.09536, 26.953856 ], [ -82.087381, 26.958989 ], [ -82.082376599999989, 26.9590804 ], [ -82.078838, 26.959145 ], [ -82.066161, 26.954418 ], [ -82.060932, 26.949969 ], [ -82.0579288, 26.9456854 ], [ -82.0575237, 26.9451075 ], [ -82.053802, 26.939799 ], [ -82.055228, 26.935773 ], [ -82.061976, 26.931241 ], [ -82.0669411, 26.9282614 ], [ -82.067725, 26.927791 ], [ -82.078758, 26.926025 ], [ -82.083249, 26.927791 ], [ -82.08684, 26.927721 ], [ -82.092306, 26.923058 ], [ -82.097114, 26.914514 ], [ -82.0956392, 26.9097125 ], [ -82.095511, 26.909295 ], [ -82.0954168, 26.9088027 ], [ -82.093098, 26.896681 ], [ -82.0914793, 26.8946333 ], [ -82.086661, 26.888538 ], [ -82.065621, 26.883451 ], [ -82.0606881, 26.8806024 ], [ -82.060284, 26.880369 ], [ -82.051105, 26.864955 ], [ -82.051479, 26.846724 ], [ -82.052164, 26.8436638 ], [ -82.054557, 26.832973 ], [ -82.049217, 26.814367 ], [ -82.0499494, 26.8079682 ], [ -82.050974, 26.799017 ], [ -82.051004, 26.791858 ], [ -82.055797, 26.786493 ], [ -82.056302, 26.775799 ], [ -82.059753, 26.770906 ], [ -82.0598739, 26.7704053 ], [ -82.058926, 26.770379 ], [ -82.054229, 26.770475 ], [ -82.03816, 26.770367 ], [ -81.931333, 26.770051 ], [ -81.931098, 26.770049 ], [ -81.89214, 26.769967 ], [ -81.879008, 26.769937 ], [ -81.878528, 26.769934 ], [ -81.863598, 26.770036 ], [ -81.858643, 26.769886 ], [ -81.805526, 26.769745 ], [ -81.76074, 26.7696 ], [ -81.661695, 26.769609 ], [ -81.565748, 26.769601 ], [ -81.564859, 26.857079 ], [ -81.563767, 26.944699 ], [ -81.5638, 26.944972 ], [ -81.562531, 27.033687 ], [ -81.562624, 27.033835 ], [ -81.771689, 27.033911 ], [ -81.958556, 27.035049 ], [ -81.983242, 27.03525 ], [ -81.991139, 27.032228 ], [ -81.99154, 27.032075 ], [ -81.992522, 27.0317 ], [ -82.007841, 27.031726 ], [ -82.040198, 27.03195 ], [ -82.057506, 27.032119 ], [ -82.067588, 27.032079 ], [ -82.076404, 27.03212 ], [ -82.088588, 27.0322 ], [ -82.103323, 27.032366 ], [ -82.113256, 27.032475 ], [ -82.118728, 27.032503 ], [ -82.13893, 27.032627 ], [ -82.139759, 27.032632 ], [ -82.15082, 27.032704 ], [ -82.15616, 27.032732 ], [ -82.163535, 27.032748 ], [ -82.177185, 27.032789 ], [ -82.1944, 27.032826 ], [ -82.203442, 27.032843 ], [ -82.204768, 27.03284 ], [ -82.205071, 27.03284 ], [ -82.206968, 27.032855 ], [ -82.219378, 27.032896 ], [ -82.238531, 27.032958 ], [ -82.251003, 27.032997 ], [ -82.251598, 27.032936 ], [ -82.252252, 27.032985 ], [ -82.255169, 27.03302 ], [ -82.255183, 27.031137 ], [ -82.255252, 27.012292 ], [ -82.255279, 27.00559 ], [ -82.255297, 27.000336 ], [ -82.255298, 26.998945 ], [ -82.255521, 26.945264 ], [ -82.263651, 26.94533 ], [ -82.272445, 26.945396 ], [ -82.288996, 26.945506 ], [ -82.299896, 26.945564 ], [ -82.304261, 26.945642 ], [ -82.312691, 26.945728 ], [ -82.317132, 26.945746 ], [ -82.317717, 26.945727 ], [ -82.320845, 26.945625 ], [ -82.323284, 26.945675 ], [ -82.337275, 26.94588 ], [ -82.3382, 26.945919 ], [ -82.349254, 26.945909 ], [ -82.350234, 26.945896 ], [ -82.35266, 26.945936 ], [ -82.36164, 26.946073 ], [ -82.365117, 26.946139 ], [ -82.3752262, 26.9460407 ], [ -82.371007, 26.938653 ] ] ] ] } },
{ "type": "Feature", "properties": { "STATEFP": "12", "COUNTYFP": "007", "COUNTYNS": "00303634", "GEOIDFQ": "0500000US12007", "GEOID": "12007", "NAME": "Bradford", "NAMELSAD": "Bradford County", "STUSPS": "FL", "STATE_NAME": "Florida", "LSAD": "06", "ALAND": 761368539.0, "AWATER": 16898784.0, "STATE_NAME_HYPHEN": "Florida" }, "geometry": { "type": "MultiPolygon", "coordinates": [ [ [ [ -82.418012, 29.922569 ], [ -82.414799, 29.922045 ], [ -82.412456, 29.922018 ], [ -82.413257, 29.92122 ], [ -82.411043, 29.920582 ], [ -82.412309, 29.920184 ], [ -82.411095, 29.919664 ], [ -82.410304, 29.918052 ], [ -82.41114, 29.917238 ], [ -82.408996, 29.916912 ], [ -82.40871, 29.915849 ], [ -82.409658, 29.915031 ], [ -82.407659, 29.914675 ], [ -82.407752, 29.913615 ], [ -82.406629, 29.914054 ], [ -82.405776, 29.912202 ], [ -82.405503, 29.911204 ], [ -82.407022, 29.910178 ], [ -82.405862, 29.908893 ], [ -82.406485, 29.907379 ], [ -82.405462, 29.90661 ], [ -82.404468, 29.90478 ], [ -82.406003, 29.904071 ], [ -82.405781, 29.902515 ], [ -82.403957, 29.899601 ], [ -82.404655, 29.898409 ], [ -82.403573, 29.897652 ], [ -82.404456, 29.89575 ], [ -82.402856, 29.895787 ], [ -82.402359, 29.893711 ], [ -82.401284, 29.892825 ], [ -82.400926, 29.890026 ], [ -82.39867, 29.889391 ], [ -82.398771, 29.887319 ], [ -82.397954, 29.88783 ], [ -82.397519, 29.886069 ], [ -82.39439, 29.88659 ], [ -82.393271, 29.885114 ], [ -82.391695, 29.8841 ], [ -82.389584, 29.884594 ], [ -82.388771, 29.884131 ], [ -82.388614, 29.881798 ], [ -82.387415, 29.881903 ], [ -82.382684, 29.880922 ], [ -82.38271, 29.88153 ], [ -82.380686, 29.881643 ], [ -82.37954, 29.882724 ], [ -82.378646, 29.882526 ], [ -82.37897, 29.880942 ], [ -82.377198, 29.881387 ], [ -82.375003, 29.879433 ], [ -82.373893, 29.879292 ], [ -82.372245, 29.879852 ], [ -82.369524, 29.879144 ], [ -82.367846, 29.880415 ], [ -82.366117, 29.880454 ], [ -82.363069, 29.881429 ], [ -82.361548, 29.881154 ], [ -82.35839, 29.877371 ], [ -82.356421, 29.877493 ], [ -82.354086, 29.878528 ], [ -82.351359, 29.877599 ], [ -82.350122, 29.878221 ], [ -82.348117, 29.876789 ], [ -82.343266, 29.876613 ], [ -82.336211, 29.878798 ], [ -82.334962, 29.878714 ], [ -82.332831, 29.875037 ], [ -82.329297, 29.874256 ], [ -82.326692, 29.871903 ], [ -82.325837, 29.869031 ], [ -82.323079, 29.867233 ], [ -82.314176, 29.867604 ], [ -82.313914, 29.859959 ], [ -82.305203, 29.859924 ], [ -82.305027, 29.853171 ], [ -82.299509, 29.853158 ], [ -82.295906, 29.852459 ], [ -82.294878, 29.850913 ], [ -82.293243, 29.851199 ], [ -82.289622, 29.849801 ], [ -82.289704, 29.849037 ], [ -82.286278, 29.847958 ], [ -82.283874, 29.845257 ], [ -82.281837, 29.844448 ], [ -82.279689, 29.844742 ], [ -82.278175, 29.844073 ], [ -82.275075, 29.844245 ], [ -82.272563, 29.843011 ], [ -82.271774, 29.843235 ], [ -82.269507, 29.844037 ], [ -82.269606, 29.844922 ], [ -82.267061, 29.845818 ], [ -82.267826, 29.846416 ], [ -82.265019, 29.847513 ], [ -82.264005, 29.847076 ], [ -82.263655, 29.846622 ], [ -82.260377, 29.846565 ], [ -82.257392, 29.848478 ], [ -82.252488, 29.850088 ], [ -82.249553, 29.85009 ], [ -82.247175, 29.850906 ], [ -82.246198, 29.851962 ], [ -82.244135, 29.852392 ], [ -82.241061, 29.852185 ], [ -82.238154, 29.850754 ], [ -82.238187, 29.84904 ], [ -82.233656, 29.84898 ], [ -82.233514, 29.845297 ], [ -82.219701, 29.845304 ], [ -82.210258, 29.845315 ], [ -82.210283, 29.844276 ], [ -82.208209, 29.843977 ], [ -82.205851, 29.84549 ], [ -82.198076, 29.848207 ], [ -82.191943, 29.848422 ], [ -82.190271, 29.848087 ], [ -82.188258, 29.845947 ], [ -82.18509, 29.84405 ], [ -82.182131, 29.840683 ], [ -82.17798, 29.838198 ], [ -82.173204, 29.836976 ], [ -82.164932, 29.839561 ], [ -82.16192, 29.838744 ], [ -82.1471, 29.838728 ], [ -82.146561, 29.835895 ], [ -82.13853, 29.835959 ], [ -82.133126, 29.835949 ], [ -82.133127, 29.83081 ], [ -82.130178, 29.830823 ], [ -82.130243, 29.825353 ], [ -82.129933, 29.823675 ], [ -82.123923, 29.823686 ], [ -82.124054, 29.805289 ], [ -82.12167, 29.805333 ], [ -82.121695, 29.801852 ], [ -82.119645, 29.801846 ], [ -82.119545, 29.798225 ], [ -82.117597, 29.798188 ], [ -82.117552, 29.790595 ], [ -82.108889, 29.790713 ], [ -82.109123, 29.783085 ], [ -82.104355, 29.783284 ], [ -82.101244, 29.78336 ], [ -82.098039, 29.780941 ], [ -82.094697, 29.780606 ], [ -82.093726, 29.781552 ], [ -82.094319, 29.780089 ], [ -82.093543, 29.779165 ], [ -82.089759, 29.77916 ], [ -82.084494, 29.778765 ], [ -82.081606, 29.778051 ], [ -82.079348, 29.776005 ], [ -82.080035, 29.772231 ], [ -82.08004, 29.767038 ], [ -82.082095, 29.763572 ], [ -82.08362, 29.763638 ], [ -82.087504, 29.761938 ], [ -82.088153, 29.760931 ], [ -82.085246, 29.760386 ], [ -82.082655, 29.761251 ], [ -82.076723, 29.761208 ], [ -82.073142, 29.760361 ], [ -82.070708, 29.75925 ], [ -82.066856, 29.756511 ], [ -82.060331, 29.750443 ], [ -82.057931, 29.747822 ], [ -82.056368, 29.744207 ], [ -82.055101, 29.738139 ], [ -82.054528, 29.737562 ], [ -82.055025, 29.734416 ], [ -82.054389, 29.732705 ], [ -82.05454, 29.728948 ], [ -82.053998, 29.72787 ], [ -82.05413, 29.725202 ], [ -82.055694, 29.719745 ], [ -82.055625, 29.718232 ], [ -82.049244, 29.71867 ], [ -82.04886, 29.72068 ], [ -82.047572, 29.732664 ], [ -82.046112, 29.747129 ], [ -82.046253, 29.758855 ], [ -82.046454, 29.769001 ], [ -82.046299, 29.775044 ], [ -82.04637, 29.790081 ], [ -82.046537, 29.792584 ], [ -82.046615, 29.794391 ], [ -82.046649, 29.795152 ], [ -82.046818, 29.798157 ], [ -82.04651, 29.813389 ], [ -82.046792, 29.8168 ], [ -82.046504, 29.819594 ], [ -82.046862, 29.827462 ], [ -82.047415, 29.864887 ], [ -82.047987, 29.91024 ], [ -82.048326, 29.93853 ], [ -82.04824, 29.95656 ], [ -82.04832, 29.9573 ], [ -82.04845, 29.97376 ], [ -82.04777, 29.978 ], [ -82.047737, 29.993716 ], [ -82.049201, 30.055904 ], [ -82.049389, 30.110447 ], [ -82.049425, 30.143136 ], [ -82.142578, 30.143117 ], [ -82.142877, 30.141404 ], [ -82.145308, 30.138005 ], [ -82.14598, 30.135503 ], [ -82.14569, 30.132037 ], [ -82.144052, 30.131657 ], [ -82.141419, 30.132932 ], [ -82.140571, 30.132723 ], [ -82.137959, 30.128822 ], [ -82.137909, 30.127354 ], [ -82.138895, 30.123931 ], [ -82.140091, 30.122331 ], [ -82.142372, 30.116303 ], [ -82.146188, 30.112366 ], [ -82.14734, 30.109985 ], [ -82.150574, 30.108803 ], [ -82.152143, 30.107566 ], [ -82.154326, 30.106928 ], [ -82.158926, 30.104492 ], [ -82.162981, 30.102782 ], [ -82.163918, 30.101748 ], [ -82.166967, 30.100709 ], [ -82.169921, 30.099203 ], [ -82.170257, 30.097266 ], [ -82.172851, 30.094423 ], [ -82.174148, 30.091238 ], [ -82.174294, 30.088499 ], [ -82.17549, 30.084308 ], [ -82.175205, 30.082251 ], [ -82.176692, 30.080298 ], [ -82.176673, 30.078758 ], [ -82.177565, 30.075243 ], [ -82.17972, 30.071224 ], [ -82.184015, 30.066846 ], [ -82.18644, 30.06485 ], [ -82.207644, 30.052717 ], [ -82.208359, 30.051881 ], [ -82.208383, 30.050159 ], [ -82.212625, 30.046319 ], [ -82.213914, 30.043981 ], [ -82.214989, 30.04491 ], [ -82.216696, 30.045279 ], [ -82.218042, 30.043304 ], [ -82.217783, 30.041775 ], [ -82.220209, 30.039161 ], [ -82.221669, 30.037107 ], [ -82.225177, 30.035167 ], [ -82.225638, 30.034264 ], [ -82.230815, 30.032943 ], [ -82.234777, 30.031088 ], [ -82.237003, 30.031532 ], [ -82.237692, 30.031147 ], [ -82.237862, 30.030267 ], [ -82.239152, 30.030624 ], [ -82.23967, 30.029793 ], [ -82.241604, 30.029358 ], [ -82.243678, 30.030358 ], [ -82.245087, 30.029439 ], [ -82.247008, 30.029465 ], [ -82.252442, 30.028136 ], [ -82.253573, 30.028725 ], [ -82.256178, 30.028253 ], [ -82.259269, 30.028557 ], [ -82.259971, 30.02809 ], [ -82.261401, 30.02457 ], [ -82.262312, 30.024163 ], [ -82.263457, 30.021177 ], [ -82.265442, 30.020969 ], [ -82.26538, 30.017421 ], [ -82.265691, 30.015689 ], [ -82.267152, 30.01356 ], [ -82.266065, 30.012735 ], [ -82.267273, 30.012064 ], [ -82.268108, 30.010107 ], [ -82.269821, 30.008132 ], [ -82.271724, 30.006752 ], [ -82.272597, 30.005169 ], [ -82.272066, 30.004398 ], [ -82.273215, 29.999241 ], [ -82.273999, 29.998323 ], [ -82.274985, 29.996761 ], [ -82.276566, 29.995474 ], [ -82.27936, 29.989804 ], [ -82.279266, 29.988649 ], [ -82.280315, 29.98844 ], [ -82.282786, 29.984915 ], [ -82.284417, 29.983639 ], [ -82.286079, 29.981615 ], [ -82.287185, 29.981153 ], [ -82.288442, 29.979223 ], [ -82.290262, 29.979267 ], [ -82.290787, 29.977848 ], [ -82.290604, 29.975824 ], [ -82.292291, 29.974361 ], [ -82.292114, 29.973652 ], [ -82.294098, 29.973536 ], [ -82.295823, 29.972244 ], [ -82.29624, 29.970517 ], [ -82.297447, 29.968916 ], [ -82.300959, 29.967354 ], [ -82.301263, 29.965622 ], [ -82.302981, 29.96434 ], [ -82.303177, 29.961937 ], [ -82.304744, 29.958389 ], [ -82.307409, 29.956156 ], [ -82.313385, 29.954704 ], [ -82.318956, 29.954505 ], [ -82.32099, 29.955369 ], [ -82.322581, 29.955297 ], [ -82.322265, 29.953988 ], [ -82.323301, 29.95489 ], [ -82.326498, 29.954967 ], [ -82.325209, 29.955709 ], [ -82.327111, 29.958096 ], [ -82.328551, 29.957645 ], [ -82.330415, 29.95897 ], [ -82.332518, 29.959773 ], [ -82.335291, 29.959124 ], [ -82.337509, 29.960498 ], [ -82.339953, 29.960564 ], [ -82.340623, 29.961488 ], [ -82.342569, 29.961086 ], [ -82.343705, 29.959771 ], [ -82.345201, 29.95685 ], [ -82.344536, 29.952439 ], [ -82.344094, 29.95157 ], [ -82.345363, 29.950161 ], [ -82.345654, 29.947372 ], [ -82.345271, 29.946429 ], [ -82.346595, 29.945582 ], [ -82.348107, 29.943463 ], [ -82.347047, 29.943144 ], [ -82.347686, 29.941734 ], [ -82.349345, 29.942067 ], [ -82.349353, 29.940901 ], [ -82.351926, 29.939725 ], [ -82.351768, 29.937492 ], [ -82.354079, 29.936111 ], [ -82.356763, 29.935296 ], [ -82.358025, 29.933574 ], [ -82.360589, 29.933309 ], [ -82.362818, 29.934237 ], [ -82.364504, 29.934099 ], [ -82.370062, 29.935367 ], [ -82.37142, 29.935229 ], [ -82.377508, 29.933268 ], [ -82.379947, 29.931844 ], [ -82.384249, 29.928161 ], [ -82.386251, 29.927045 ], [ -82.390432, 29.925572 ], [ -82.39251, 29.925325 ], [ -82.396386, 29.926636 ], [ -82.399202, 29.926955 ], [ -82.400725, 29.926153 ], [ -82.401166, 29.926956 ], [ -82.402897, 29.925504 ], [ -82.404419, 29.925279 ], [ -82.407089, 29.926044 ], [ -82.408668, 29.927051 ], [ -82.411226, 29.926715 ], [ -82.411566, 29.926645 ], [ -82.412255, 29.926067 ], [ -82.412659, 29.926018 ], [ -82.413025, 29.92621 ], [ -82.413821, 29.926216 ], [ -82.414376, 29.926354 ], [ -82.41498, 29.92642 ], [ -82.416315, 29.925925 ], [ -82.418728, 29.923093 ], [ -82.418012, 29.922569 ] ] ] ] } },
{ "type": "Feature", "properties": { "STATEFP": "12", "COUNTYFP": "103", "COUNTYNS": "00295745", "GEOIDFQ": "0500000US12103", "GEOID": "12103", "NAME": "Pinellas", "NAMELSAD": "Pinellas County", "STUSPS": "FL", "STATE_NAME": "Florida", "LSAD": "06", "ALAND": 709091780.0, "AWATER": 1535981840.0, "STATE_NAME_HYPHEN": "Florida" }, "geometry": { "type": "MultiPolygon", "coordinates": [ [ [ [ -82.695062, 27.661584 ], [ -82.691201, 27.662837 ], [ -82.687219, 27.662637 ], [ -82.685555, 27.664742 ], [ -82.687888, 27.668012 ], [ -82.693907, 27.668738 ], [ -82.69547, 27.665486 ], [ -82.695062, 27.661584 ] ] ], [ [ [ -82.842743, 28.111225 ], [ -82.832405, 28.106716 ], [ -82.832679, 28.109895 ], [ -82.838383, 28.113459 ], [ -82.839809, 28.119329 ], [ -82.837837, 28.124039 ], [ -82.832237, 28.129057 ], [ -82.833786, 28.13026 ], [ -82.838145, 28.12939 ], [ -82.842201, 28.125402 ], [ -82.843374, 28.119538 ], [ -82.842743, 28.111225 ] ] ], [ [ [ -82.8480485, 28.171717 ], [ -82.846601, 28.165307 ], [ -82.842651, 28.163849 ], [ -82.840401, 28.166864 ], [ -82.8430269, 28.1717337 ], [ -82.847773, 28.171682 ], [ -82.8480485, 28.171717 ] ] ], [ [ [ -82.851118, 27.874206 ], [ -82.8506533, 27.8716387 ], [ -82.849126, 27.8632 ], [ -82.8473767, 27.8572126 ], [ -82.846526, 27.854301 ], [ -82.84212, 27.84396 ], [ -82.8418833, 27.843581 ], [ -82.8375586, 27.8366578 ], [ -82.8308519, 27.8259213 ], [ -82.828561, 27.822254 ], [ -82.8285447, 27.8222369 ], [ -82.8276507, 27.8213007 ], [ -82.827279, 27.8209115 ], [ -82.8259461, 27.8195155 ], [ -82.820433, 27.813742 ], [ -82.8203781, 27.8137003 ], [ -82.807413, 27.8038595 ], [ -82.7963756, 27.7954819 ], [ -82.790534, 27.791048 ], [ -82.7843, 27.783125 ], [ -82.7840401, 27.7822689 ], [ -82.783355, 27.780012 ], [ -82.780047, 27.774829 ], [ -82.770476, 27.766272 ], [ -82.7633986, 27.7506645 ], [ -82.760923, 27.745205 ], [ -82.7555448, 27.7385576 ], [ -82.753723, 27.736306 ], [ -82.7496634, 27.7328022 ], [ -82.746638, 27.730191 ], [ -82.7434552, 27.7241505 ], [ -82.740323, 27.718206 ], [ -82.738022, 27.706807 ], [ -82.7380434, 27.7054453 ], [ -82.738386, 27.683681 ], [ -82.7394838, 27.6811074 ], [ -82.7412514, 27.6769634 ], [ -82.741885, 27.675478 ], [ -82.7429716, 27.6705688 ], [ -82.742972, 27.670567 ], [ -82.745339, 27.653777 ], [ -82.7453329, 27.6537488 ], [ -82.744259, 27.6487422 ], [ -82.744168, 27.648318 ], [ -82.739977, 27.63718 ], [ -82.737573, 27.632757 ], [ -82.737223, 27.627471 ], [ -82.735847, 27.624894 ], [ -82.736552, 27.617326 ], [ -82.736983, 27.612636 ], [ -82.734653, 27.611854 ], [ -82.730571, 27.614332 ], [ -82.705017, 27.62531 ], [ -82.702496, 27.62785 ], [ -82.698203, 27.637786 ], [ -82.698856, 27.638628 ], [ -82.700236, 27.638044 ], [ -82.704338, 27.630433 ], [ -82.706341, 27.629162 ], [ -82.70796, 27.630129 ], [ -82.711148, 27.641804 ], [ -82.713528, 27.641726 ], [ -82.714756, 27.642887 ], [ -82.7144501, 27.6448072 ], [ -82.714354, 27.64541 ], [ -82.712555, 27.646647 ], [ -82.7162836, 27.6513605 ], [ -82.716322, 27.651409 ], [ -82.718102, 27.657821 ], [ -82.7216963, 27.660737 ], [ -82.723693, 27.662357 ], [ -82.723802, 27.663556 ], [ -82.7227763, 27.6638669 ], [ -82.721097, 27.664376 ], [ -82.721228, 27.665308 ], [ -82.724184, 27.668695 ], [ -82.7242834, 27.6722034 ], [ -82.724315, 27.673319 ], [ -82.719611, 27.67407 ], [ -82.719131, 27.686004 ], [ -82.7190927, 27.686043 ], [ -82.7173597, 27.6878117 ], [ -82.716453, 27.688737 ], [ -82.718822, 27.692007 ], [ -82.7177336, 27.6934017 ], [ -82.713629, 27.698661 ], [ -82.713456, 27.7019247 ], [ -82.713363, 27.703679 ], [ -82.711462, 27.705363 ], [ -82.7073201, 27.7062456 ], [ -82.698627, 27.708098 ], [ -82.697676, 27.701996 ], [ -82.693748, 27.700217 ], [ -82.68912, 27.69947 ], [ -82.684842, 27.703679 ], [ -82.6839226, 27.7041074 ], [ -82.680326, 27.705783 ], [ -82.6800966, 27.7007631 ], [ -82.6800862, 27.7005363 ], [ -82.679828, 27.694886 ], [ -82.6791943, 27.6949263 ], [ -82.6789839, 27.6949397 ], [ -82.677236, 27.695051 ], [ -82.6772765, 27.7003648 ], [ -82.677321, 27.706207 ], [ -82.671621, 27.705907 ], [ -82.662921, 27.702307 ], [ -82.6607539, 27.7018902 ], [ -82.6532313, 27.7004436 ], [ -82.652521, 27.700307 ], [ -82.6462918, 27.7020726 ], [ -82.6413807, 27.7034646 ], [ -82.63982, 27.703907 ], [ -82.63362, 27.710607 ], [ -82.6292051, 27.7197716 ], [ -82.62572, 27.727006 ], [ -82.6255473, 27.7284124 ], [ -82.62502, 27.732706 ], [ -82.627187, 27.741061 ], [ -82.6255843, 27.7424752 ], [ -82.623201, 27.744578 ], [ -82.624551, 27.748407 ], [ -82.629328, 27.749313 ], [ -82.63052, 27.753905 ], [ -82.62933, 27.7560478 ], [ -82.628036, 27.758378 ], [ -82.623979, 27.760373 ], [ -82.62343, 27.768901 ], [ -82.6232238, 27.7694726 ], [ -82.6226639, 27.7710245 ], [ -82.621606, 27.773957 ], [ -82.6240085, 27.777745 ], [ -82.62437, 27.778315 ], [ -82.625665, 27.780919 ], [ -82.6240058, 27.7851501 ], [ -82.62242, 27.789194 ], [ -82.6222957, 27.7891893 ], [ -82.619085, 27.789067 ], [ -82.61163, 27.790306 ], [ -82.607091, 27.792888 ], [ -82.605676, 27.796464 ], [ -82.60742, 27.798904 ], [ -82.6069683, 27.7993548 ], [ -82.606348, 27.799974 ], [ -82.605828, 27.80307 ], [ -82.602305, 27.805943 ], [ -82.6004078, 27.8088109 ], [ -82.597186, 27.813681 ], [ -82.5969253, 27.8136513 ], [ -82.591624, 27.813047 ], [ -82.588488, 27.815383 ], [ -82.587625, 27.81901 ], [ -82.59314, 27.821589 ], [ -82.5935291, 27.8227054 ], [ -82.5940291, 27.8241397 ], [ -82.594406, 27.825221 ], [ -82.59146, 27.826707 ], [ -82.588746, 27.83043 ], [ -82.589319, 27.835702 ], [ -82.594819, 27.843402 ], [ -82.598443, 27.857582 ], [ -82.5980926, 27.8578314 ], [ -82.596609, 27.858887 ], [ -82.596394, 27.864081 ], [ -82.603318, 27.865172 ], [ -82.6088909, 27.8720978 ], [ -82.6095055, 27.8728616 ], [ -82.61002, 27.873501 ], [ -82.616469, 27.880844 ], [ -82.6175019, 27.8815208 ], [ -82.621604, 27.8842089 ], [ -82.63212, 27.8911 ], [ -82.632815, 27.8913043 ], [ -82.6374441, 27.8926651 ], [ -82.638257, 27.892904 ], [ -82.6382151, 27.8953645 ], [ -82.638169, 27.898076 ], [ -82.634126, 27.903422 ], [ -82.629653, 27.906965 ], [ -82.6307917, 27.9078279 ], [ -82.631482, 27.908351 ], [ -82.637154, 27.904465 ], [ -82.638423, 27.90463 ], [ -82.644294, 27.910138 ], [ -82.645456, 27.910129 ], [ -82.647504, 27.905877 ], [ -82.6480587, 27.9059666 ], [ -82.6487257, 27.9060744 ], [ -82.651495, 27.906522 ], [ -82.661285, 27.909913 ], [ -82.666802, 27.912411 ], [ -82.6717028, 27.9130998 ], [ -82.676748, 27.913809 ], [ -82.684285, 27.915829 ], [ -82.688274, 27.919102 ], [ -82.688902, 27.924401 ], [ -82.691538, 27.925259 ], [ -82.693222, 27.922661 ], [ -82.6953433, 27.9227939 ], [ -82.697676, 27.92294 ], [ -82.6983009, 27.9230585 ], [ -82.698577, 27.9231109 ], [ -82.7020916, 27.9237776 ], [ -82.702958, 27.923942 ], [ -82.7096218, 27.9285534 ], [ -82.7099909, 27.9288089 ], [ -82.7147919, 27.9321312 ], [ -82.720608, 27.936156 ], [ -82.7219172, 27.936172 ], [ -82.725855, 27.93622 ], [ -82.7256674, 27.9366185 ], [ -82.72485, 27.938355 ], [ -82.7203428, 27.9408287 ], [ -82.720047, 27.940991 ], [ -82.7201689, 27.9412815 ], [ -82.721307, 27.943993 ], [ -82.721484, 27.945741 ], [ -82.724881, 27.945752 ], [ -82.7242068, 27.949271 ], [ -82.723812, 27.951332 ], [ -82.721801, 27.954613 ], [ -82.7214432, 27.9548696 ], [ -82.716522, 27.958398 ], [ -82.71061, 27.957026 ], [ -82.7100755, 27.9574778 ], [ -82.7087089, 27.9586331 ], [ -82.7086209, 27.9587076 ], [ -82.7075347, 27.9596258 ], [ -82.706471, 27.960525 ], [ -82.700134, 27.960307 ], [ -82.6993343, 27.9609061 ], [ -82.696119, 27.963315 ], [ -82.691609, 27.971044 ], [ -82.688654, 27.972986 ], [ -82.689645, 27.974873 ], [ -82.693685, 27.976071 ], [ -82.694079, 27.977567 ], [ -82.6937925, 27.9788533 ], [ -82.692685, 27.983825 ], [ -82.6905713, 27.9862282 ], [ -82.687668, 27.989529 ], [ -82.6876151, 27.9896018 ], [ -82.6875624, 27.9896743 ], [ -82.684539, 27.993832 ], [ -82.6835026, 27.9951739 ], [ -82.6801714, 27.9994869 ], [ -82.6761286, 28.0047214 ], [ -82.675572, 28.005442 ], [ -82.6757529, 28.0060168 ], [ -82.676761, 28.009219 ], [ -82.6824582, 28.0136687 ], [ -82.6829234, 28.0140321 ], [ -82.68294, 28.014045 ], [ -82.6834807, 28.0156967 ], [ -82.684318, 28.0182547 ], [ -82.6850163, 28.0203878 ], [ -82.685108, 28.020668 ], [ -82.689122, 28.0261718 ], [ -82.690071, 28.027473 ], [ -82.6899891, 28.0275401 ], [ -82.6884302, 28.028818 ], [ -82.686743, 28.030201 ], [ -82.680563, 28.03146 ], [ -82.676998, 28.032928 ], [ -82.6765306, 28.0327683 ], [ -82.66963, 28.030411 ], [ -82.665352, 28.028103 ], [ -82.665114, 28.024956 ], [ -82.665827, 28.019081 ], [ -82.66765, 28.016348 ], [ -82.664118, 28.009339 ], [ -82.663698, 28.005537 ], [ -82.664975, 28.001326 ], [ -82.663556, 27.99987 ], [ -82.661641, 28.000649 ], [ -82.657882, 28.00017 ], [ -82.657271, 28.002714 ], [ -82.654894, 28.009429 ], [ -82.657271, 28.010268 ], [ -82.6573779, 28.0123585 ], [ -82.657446, 28.013689 ], [ -82.655132, 28.016773 ], [ -82.648652, 28.0182 ], [ -82.6485278, 28.0181268 ], [ -82.648555, 28.033671 ], [ -82.648557, 28.03863 ], [ -82.648372, 28.05623 ], [ -82.648577, 28.059595 ], [ -82.648909, 28.06349 ], [ -82.649012, 28.078411 ], [ -82.649058, 28.085996 ], [ -82.649089, 28.091142 ], [ -82.649149, 28.098901 ], [ -82.650602, 28.144928 ], [ -82.651165, 28.173266 ], [ -82.65408, 28.173281 ], [ -82.672144, 28.173319 ], [ -82.674455, 28.173312 ], [ -82.699024, 28.173247 ], [ -82.720215, 28.17319 ], [ -82.721623, 28.173162 ], [ -82.724079, 28.173221 ], [ -82.729319, 28.17317 ], [ -82.730723, 28.173303 ], [ -82.740626, 28.173301 ], [ -82.749711, 28.173191 ], [ -82.750202, 28.172755 ], [ -82.750487, 28.173007 ], [ -82.750906, 28.173003 ], [ -82.752903, 28.172993 ], [ -82.757077, 28.172951 ], [ -82.759073, 28.172931 ], [ -82.761218, 28.172913 ], [ -82.76397, 28.172895 ], [ -82.765518, 28.172888 ], [ -82.773372, 28.172879 ], [ -82.783716, 28.172863 ], [ -82.78549, 28.172567 ], [ -82.786039, 28.172936 ], [ -82.7927715, 28.1729837 ], [ -82.792906, 28.17269 ], [ -82.797846, 28.172345 ], [ -82.800882, 28.17091 ], [ -82.80025, 28.169469 ], [ -82.796588, 28.169134 ], [ -82.794341, 28.165607 ], [ -82.794949, 28.164257 ], [ -82.798527, 28.162471 ], [ -82.7983369, 28.1616555 ], [ -82.798181, 28.160987 ], [ -82.79398, 28.160865 ], [ -82.791888, 28.155582 ], [ -82.788091, 28.149851 ], [ -82.785613, 28.1435228 ], [ -82.785182, 28.142422 ], [ -82.787368, 28.139189 ], [ -82.783842, 28.137477 ], [ -82.7820067, 28.1302713 ], [ -82.781324, 28.127591 ], [ -82.7818779, 28.1268513 ], [ -82.783915, 28.124131 ], [ -82.782984, 28.122872 ], [ -82.78086, 28.123005 ], [ -82.7807431, 28.1229398 ], [ -82.778313, 28.121585 ], [ -82.778092, 28.120002 ], [ -82.778985, 28.11819 ], [ -82.781485, 28.117462 ], [ -82.782252, 28.114635 ], [ -82.781161, 28.112509 ], [ -82.783575, 28.110022 ], [ -82.7825003, 28.1084707 ], [ -82.78208, 28.107864 ], [ -82.783585, 28.10537 ], [ -82.780344, 28.097064 ], [ -82.783765, 28.082151 ], [ -82.783676, 28.079898 ], [ -82.7798115, 28.0770634 ], [ -82.778873, 28.076375 ], [ -82.779201, 28.072782 ], [ -82.786569, 28.065232 ], [ -82.783479, 28.060617 ], [ -82.783479, 28.056211 ], [ -82.783479, 28.052647 ], [ -82.790372, 28.053067 ], [ -82.793224, 28.052647 ], [ -82.7960423, 28.052647 ], [ -82.800354, 28.052647 ], [ -82.805108, 28.056423 ], [ -82.812487, 28.061778 ], [ -82.817705, 28.062295 ], [ -82.821206, 28.060187 ], [ -82.825553, 28.063735 ], [ -82.824626, 28.072566 ], [ -82.82531, 28.078654 ], [ -82.827126, 28.082998 ], [ -82.836244, 28.091864 ], [ -82.838621, 28.079492 ], [ -82.834105, 28.063764 ], [ -82.822304, 28.054069 ], [ -82.81509, 28.054954 ], [ -82.805583, 28.052018 ], [ -82.799166, 28.048452 ], [ -82.7915179, 28.0486168 ], [ -82.789421, 28.048662 ], [ -82.7890174, 28.0485758 ], [ -82.786064, 28.047945 ], [ -82.788754, 28.041544 ], [ -82.78847, 28.036495 ], [ -82.7886618, 28.0362918 ], [ -82.790847, 28.033977 ], [ -82.7915393, 28.0232856 ], [ -82.791798, 28.019291 ], [ -82.7939652, 28.0127838 ], [ -82.794174, 28.012157 ], [ -82.7939378, 28.0110304 ], [ -82.792986, 28.006491 ], [ -82.7954231, 27.9974498 ], [ -82.7973272, 27.9903857 ], [ -82.797511, 27.989704 ], [ -82.799403, 27.988023 ], [ -82.799875, 27.982402 ], [ -82.802731, 27.974589 ], [ -82.80487, 27.965983 ], [ -82.8064274, 27.9669184 ], [ -82.8084745, 27.968148 ], [ -82.810812, 27.969552 ], [ -82.809861, 27.976898 ], [ -82.810812, 27.982566 ], [ -82.813189, 27.985504 ], [ -82.81376, 27.9869106 ], [ -82.817705, 27.996628 ], [ -82.8160502, 28.0003617 ], [ -82.8160316, 28.0004035 ], [ -82.8160126, 28.0004464 ], [ -82.815566, 28.001454 ], [ -82.810812, 28.004392 ], [ -82.809148, 28.006491 ], [ -82.816279, 28.011947 ], [ -82.815803, 28.020759 ], [ -82.813664, 28.03125 ], [ -82.816516, 28.045725 ], [ -82.818497, 28.048696 ], [ -82.828163, 28.02013 ], [ -82.8282301, 28.019033 ], [ -82.828326, 28.0174652 ], [ -82.829113, 28.004602 ], [ -82.8296151, 27.9890853 ], [ -82.829826, 27.982566 ], [ -82.831994, 27.97019 ], [ -82.8316859, 27.9664115 ], [ -82.8315392, 27.9646117 ], [ -82.831527, 27.964462 ], [ -82.832494, 27.9590418 ], [ -82.832679, 27.958005 ], [ -82.833443, 27.955372 ], [ -82.835055, 27.949817 ], [ -82.8415944, 27.936514 ], [ -82.842899, 27.93386 ], [ -82.8448514, 27.9244841 ], [ -82.847826, 27.910199 ], [ -82.8478987, 27.9097931 ], [ -82.8489067, 27.9041693 ], [ -82.850649, 27.8944478 ], [ -82.852168, 27.885972 ], [ -82.851118, 27.874206 ] ] ] ] } },
{ "type": "Feature", "properties": { "STATEFP": "12", "COUNTYFP": "119", "COUNTYNS": "00295740", "GEOIDFQ": "0500000US12119", "GEOID": "12119", "NAME": "Sumter", "NAMELSAD": "Sumter County", "STUSPS": "FL", "STATE_NAME": "Florida", "LSAD": "06", "ALAND": 1442996400.0, "AWATER": 58752793.0, "STATE_NAME_HYPHEN": "Florida" }, "geometry": { "type": "MultiPolygon", "coordinates": [ [ [ [ -82.311268, 28.958428 ], [ -82.309791, 28.957614 ], [ -82.308701, 28.955558 ], [ -82.306835, 28.954473 ], [ -82.305106, 28.952537 ], [ -82.302387, 28.952263 ], [ -82.299041, 28.950048 ], [ -82.297091, 28.948354 ], [ -82.296438, 28.946114 ], [ -82.295358, 28.944713 ], [ -82.295611, 28.943688 ], [ -82.294848, 28.941569 ], [ -82.295944, 28.938397 ], [ -82.293927, 28.937365 ], [ -82.292246, 28.937239 ], [ -82.290642, 28.93633 ], [ -82.289992, 28.935593 ], [ -82.28863, 28.931687 ], [ -82.288595, 28.928786 ], [ -82.286843, 28.925582 ], [ -82.284398, 28.923176 ], [ -82.284132, 28.921295 ], [ -82.28193, 28.917827 ], [ -82.282184, 28.914693 ], [ -82.280428, 28.912636 ], [ -82.277317, 28.910553 ], [ -82.276092, 28.904674 ], [ -82.274731, 28.903352 ], [ -82.276248, 28.901668 ], [ -82.274265, 28.899311 ], [ -82.273585, 28.897216 ], [ -82.270066, 28.895218 ], [ -82.268786, 28.893998 ], [ -82.267645, 28.892028 ], [ -82.265659, 28.890341 ], [ -82.2621, 28.889272 ], [ -82.25898, 28.886638 ], [ -82.258081, 28.886352 ], [ -82.255152, 28.884064 ], [ -82.253273, 28.883178 ], [ -82.251032, 28.881151 ], [ -82.246245, 28.879408 ], [ -82.244419, 28.877112 ], [ -82.242529, 28.876813 ], [ -82.241838, 28.874197 ], [ -82.239183, 28.870016 ], [ -82.240328, 28.867666 ], [ -82.240142, 28.866785 ], [ -82.236958, 28.86516 ], [ -82.236157, 28.863595 ], [ -82.236771, 28.861871 ], [ -82.236224, 28.860583 ], [ -82.233157, 28.858231 ], [ -82.231952, 28.856582 ], [ -82.228812, 28.855311 ], [ -82.227501, 28.855211 ], [ -82.2224, 28.852737 ], [ -82.221373, 28.851829 ], [ -82.219217, 28.850764 ], [ -82.217964, 28.849558 ], [ -82.212231, 28.842733 ], [ -82.210836, 28.841889 ], [ -82.208647, 28.841596 ], [ -82.206701, 28.840029 ], [ -82.206568, 28.837822 ], [ -82.204977, 28.834748 ], [ -82.198583, 28.83067 ], [ -82.196074, 28.830212 ], [ -82.191213, 28.826834 ], [ -82.186973, 28.826313 ], [ -82.185806, 28.825721 ], [ -82.183637, 28.823626 ], [ -82.182602, 28.821785 ], [ -82.182763, 28.816997 ], [ -82.181465, 28.813221 ], [ -82.181206, 28.809173 ], [ -82.179476, 28.806355 ], [ -82.179307, 28.803316 ], [ -82.178909, 28.802739 ], [ -82.176792, 28.801727 ], [ -82.169779, 28.796715 ], [ -82.169141, 28.792954 ], [ -82.169289, 28.791929 ], [ -82.170848, 28.79019 ], [ -82.175842, 28.787515 ], [ -82.178001, 28.787321 ], [ -82.178509, 28.78587 ], [ -82.184148, 28.783321 ], [ -82.186898, 28.779501 ], [ -82.188315, 28.776783 ], [ -82.188373, 28.772237 ], [ -82.187943, 28.77124 ], [ -82.185628, 28.770056 ], [ -82.18312, 28.76976 ], [ -82.182241, 28.768879 ], [ -82.18239, 28.76695 ], [ -82.183062, 28.765778 ], [ -82.183361, 28.763503 ], [ -82.18628, 28.760468 ], [ -82.189439, 28.758969 ], [ -82.195475, 28.760065 ], [ -82.199022, 28.757308 ], [ -82.201662, 28.757759 ], [ -82.203851, 28.756639 ], [ -82.206173, 28.757159 ], [ -82.207314, 28.756874 ], [ -82.208145, 28.755584 ], [ -82.210702, 28.754063 ], [ -82.212039, 28.751719 ], [ -82.212636, 28.748395 ], [ -82.213504, 28.747431 ], [ -82.216309, 28.748291 ], [ -82.217352, 28.747751 ], [ -82.217759, 28.74482 ], [ -82.218591, 28.744022 ], [ -82.222169, 28.741941 ], [ -82.224409, 28.741059 ], [ -82.227874, 28.737929 ], [ -82.229647, 28.737375 ], [ -82.231357, 28.736076 ], [ -82.232431, 28.733312 ], [ -82.232681, 28.730711 ], [ -82.234268, 28.729287 ], [ -82.236497, 28.728145 ], [ -82.238016, 28.72557 ], [ -82.239321, 28.724572 ], [ -82.241926, 28.723782 ], [ -82.246268, 28.718894 ], [ -82.249207, 28.717393 ], [ -82.249338, 28.713492 ], [ -82.25114, 28.710931 ], [ -82.251026, 28.709632 ], [ -82.248926, 28.707403 ], [ -82.251072, 28.705794 ], [ -82.250955, 28.704867 ], [ -82.249115, 28.703651 ], [ -82.248603, 28.701494 ], [ -82.249947, 28.699763 ], [ -82.25076, 28.696439 ], [ -82.253575, 28.692315 ], [ -82.254016, 28.689624 ], [ -82.257285, 28.686877 ], [ -82.25997, 28.682723 ], [ -82.259638, 28.677769 ], [ -82.260454, 28.672195 ], [ -82.261603, 28.669342 ], [ -82.263052, 28.667634 ], [ -82.267771, 28.662809 ], [ -82.266537, 28.660712 ], [ -82.267688, 28.660107 ], [ -82.271218, 28.661378 ], [ -82.274006, 28.660683 ], [ -82.274621, 28.658911 ], [ -82.274823, 28.656198 ], [ -82.273605, 28.653797 ], [ -82.2705, 28.650163 ], [ -82.267007, 28.648131 ], [ -82.264145, 28.648071 ], [ -82.260858, 28.64698 ], [ -82.258511, 28.64755 ], [ -82.258459, 28.648676 ], [ -82.256811, 28.64883 ], [ -82.25675, 28.645646 ], [ -82.257508, 28.644591 ], [ -82.259636, 28.642605 ], [ -82.259927, 28.641531 ], [ -82.259622, 28.639647 ], [ -82.260697, 28.636738 ], [ -82.260155, 28.635044 ], [ -82.258375, 28.633478 ], [ -82.255451, 28.632695 ], [ -82.252117, 28.629136 ], [ -82.250455, 28.630099 ], [ -82.248409, 28.629869 ], [ -82.247058, 28.627182 ], [ -82.246069, 28.626919 ], [ -82.245803, 28.624695 ], [ -82.2472, 28.623784 ], [ -82.247356, 28.622528 ], [ -82.246338, 28.620057 ], [ -82.242902, 28.619165 ], [ -82.242455, 28.618348 ], [ -82.243322, 28.615989 ], [ -82.241564, 28.614602 ], [ -82.241931, 28.612998 ], [ -82.239786, 28.613404 ], [ -82.238188, 28.612525 ], [ -82.236659, 28.610352 ], [ -82.234203, 28.608662 ], [ -82.234562, 28.605619 ], [ -82.232786, 28.602849 ], [ -82.233365, 28.601068 ], [ -82.232747, 28.600265 ], [ -82.228651, 28.60074 ], [ -82.227559, 28.598432 ], [ -82.224929, 28.596945 ], [ -82.224057, 28.595446 ], [ -82.22165, 28.593239 ], [ -82.222302, 28.591778 ], [ -82.221472, 28.59055 ], [ -82.220351, 28.587079 ], [ -82.220568, 28.586099 ], [ -82.219284, 28.582654 ], [ -82.217253, 28.580305 ], [ -82.215298, 28.576908 ], [ -82.213724, 28.575363 ], [ -82.209703, 28.572775 ], [ -82.208184, 28.572054 ], [ -82.20195, 28.572226 ], [ -82.198862, 28.573116 ], [ -82.198432, 28.574188 ], [ -82.196543, 28.57569 ], [ -82.193633, 28.57487 ], [ -82.192561, 28.573907 ], [ -82.191994, 28.574822 ], [ -82.190417, 28.572929 ], [ -82.18985, 28.573501 ], [ -82.187749, 28.573137 ], [ -82.186958, 28.572417 ], [ -82.187257, 28.57004 ], [ -82.188048, 28.569463 ], [ -82.186603, 28.568582 ], [ -82.184845, 28.570267 ], [ -82.183169, 28.568197 ], [ -82.18143, 28.568037 ], [ -82.180595, 28.568919 ], [ -82.177329, 28.568412 ], [ -82.174284, 28.566784 ], [ -82.172982, 28.567042 ], [ -82.17212, 28.565787 ], [ -82.168206, 28.566997 ], [ -82.166835, 28.563981 ], [ -82.165153, 28.564109 ], [ -82.162391, 28.567965 ], [ -82.159462, 28.569505 ], [ -82.157486, 28.570148 ], [ -82.158178, 28.571518 ], [ -82.156164, 28.57335 ], [ -82.155316, 28.572738 ], [ -82.153266, 28.572007 ], [ -82.15174, 28.570554 ], [ -82.150362, 28.571258 ], [ -82.145135, 28.567791 ], [ -82.143615, 28.565919 ], [ -82.138025, 28.565516 ], [ -82.137665, 28.562936 ], [ -82.136419, 28.562181 ], [ -82.135479, 28.560239 ], [ -82.135772, 28.558869 ], [ -82.135056, 28.557829 ], [ -82.135331, 28.556311 ], [ -82.133936, 28.55439 ], [ -82.133053, 28.552167 ], [ -82.131987, 28.551319 ], [ -82.131994, 28.550098 ], [ -82.130769, 28.546417 ], [ -82.129797, 28.54629 ], [ -82.128639, 28.544941 ], [ -82.126296, 28.544588 ], [ -82.124707, 28.543353 ], [ -82.119073, 28.540726 ], [ -82.116873, 28.540694 ], [ -82.115061, 28.542543 ], [ -82.11219, 28.544063 ], [ -82.109423, 28.543838 ], [ -82.107185, 28.540896 ], [ -82.104665, 28.53469 ], [ -82.103244, 28.532952 ], [ -82.100153, 28.530824 ], [ -82.098464, 28.528888 ], [ -82.096614, 28.524738 ], [ -82.09498, 28.523618 ], [ -82.091921, 28.52325 ], [ -82.086876, 28.524615 ], [ -82.085824, 28.527053 ], [ -82.083594, 28.528181 ], [ -82.080565, 28.528081 ], [ -82.078548, 28.529183 ], [ -82.076149, 28.529811 ], [ -82.072517, 28.531478 ], [ -82.070343, 28.531919 ], [ -82.067783, 28.531435 ], [ -82.065178, 28.530015 ], [ -82.061671, 28.527215 ], [ -82.058382, 28.525388 ], [ -82.054469, 28.521367 ], [ -82.054694, 28.478397 ], [ -82.055819, 28.312794 ], [ -82.05461, 28.314077 ], [ -82.052142, 28.315183 ], [ -82.048318, 28.316327 ], [ -82.045489, 28.318302 ], [ -82.041914, 28.318907 ], [ -82.039893, 28.320315 ], [ -82.039283, 28.319094 ], [ -82.03531, 28.320045 ], [ -82.033892, 28.321134 ], [ -82.032531, 28.320897 ], [ -82.028097, 28.322147 ], [ -82.027235, 28.323391 ], [ -82.025474, 28.322871 ], [ -82.022476, 28.323316 ], [ -82.021699, 28.322479 ], [ -82.02056, 28.323783 ], [ -82.019821, 28.323177 ], [ -82.017769, 28.323589 ], [ -82.016867, 28.322654 ], [ -82.01581, 28.323572 ], [ -82.010382, 28.322145 ], [ -82.007642, 28.323205 ], [ -82.004221, 28.322082 ], [ -82.002425, 28.320315 ], [ -81.999199, 28.320313 ], [ -81.995698, 28.318829 ], [ -81.994703, 28.317927 ], [ -81.992388, 28.314236 ], [ -81.990321, 28.30983 ], [ -81.988306, 28.307046 ], [ -81.985781, 28.30532 ], [ -81.978899, 28.305735 ], [ -81.977363, 28.306676 ], [ -81.976326, 28.309548 ], [ -81.974977, 28.310171 ], [ -81.973446, 28.308505 ], [ -81.97173, 28.308356 ], [ -81.965185, 28.308049 ], [ -81.960267, 28.309228 ], [ -81.958029, 28.308925 ], [ -81.957641, 28.34518 ], [ -81.95616, 28.41358 ], [ -81.95607, 28.41416 ], [ -81.95619, 28.41592 ], [ -81.954814, 28.52384 ], [ -81.954072, 28.580684 ], [ -81.954928, 28.642426 ], [ -81.954496, 28.655692 ], [ -81.954417, 28.667883 ], [ -81.954385, 28.673369 ], [ -81.954365, 28.677022 ], [ -81.954342, 28.680247 ], [ -81.954341, 28.682508 ], [ -81.954353, 28.687887 ], [ -81.954334, 28.700619 ], [ -81.953925, 28.727816 ], [ -81.954045, 28.729016 ], [ -81.953995, 28.748028 ], [ -81.953983, 28.748314 ], [ -81.953668, 28.755171 ], [ -81.953661, 28.75533 ], [ -81.953788, 28.76953 ], [ -81.953657, 28.785081 ], [ -81.953585, 28.791247 ], [ -81.953616, 28.799553 ], [ -81.953634, 28.803184 ], [ -81.953672, 28.810433 ], [ -81.953624, 28.820568 ], [ -81.953628, 28.82076 ], [ -81.953626, 28.828879 ], [ -81.953591, 28.83451 ], [ -81.95358, 28.836434 ], [ -81.953521, 28.847147 ], [ -81.953517, 28.847917 ], [ -81.953444, 28.861764 ], [ -81.953436, 28.863438 ], [ -81.953435, 28.86356 ], [ -81.953412, 28.865411 ], [ -81.953333, 28.878504 ], [ -81.953382, 28.882139 ], [ -81.95346, 28.886991 ], [ -81.95348, 28.88726 ], [ -81.953519, 28.892354 ], [ -81.953539, 28.89525 ], [ -81.95359, 28.903258 ], [ -81.953607, 28.904703 ], [ -81.953615, 28.90565 ], [ -81.95363, 28.90878 ], [ -81.953754, 28.916028 ], [ -81.953855, 28.916623 ], [ -81.953893, 28.919683 ], [ -81.953902, 28.920378 ], [ -81.953968, 28.925802 ], [ -81.954002, 28.929047 ], [ -81.954078, 28.935167 ], [ -81.954121, 28.949161 ], [ -81.954148, 28.953535 ], [ -81.954182, 28.958124 ], [ -81.95419, 28.960053 ], [ -81.965139, 28.960043 ], [ -81.965419, 28.960043 ], [ -81.988774, 28.95995 ], [ -81.995662, 28.959921 ], [ -82.002212, 28.959937 ], [ -82.016302, 28.960138 ], [ -82.01639, 28.96014 ], [ -82.040189, 28.96013 ], [ -82.040671, 28.960116 ], [ -82.078633, 28.960256 ], [ -82.07966, 28.9602 ], [ -82.11992, 28.96006 ], [ -82.123647, 28.960197 ], [ -82.123879, 28.960186 ], [ -82.173113, 28.95999 ], [ -82.21946, 28.960113 ], [ -82.247993, 28.960308 ], [ -82.249815, 28.96053 ], [ -82.311328, 28.960374 ], [ -82.311266, 28.960399 ], [ -82.311697, 28.960391 ], [ -82.311268, 28.958428 ] ] ] ] } },
{ "type": "Feature", "properties": { "STATEFP": "12", "COUNTYFP": "081", "COUNTYNS": "00295744", "GEOIDFQ": "0500000US12081", "GEOID": "12081", "NAME": "Manatee", "NAMELSAD": "Manatee County", "STUSPS": "FL", "STATE_NAME": "Florida", "LSAD": "06", "ALAND": 1923744064.0, "AWATER": 573084393.0, "STATE_NAME_HYPHEN": "Florida" }, "geometry": { "type": "MultiPolygon", "coordinates": [ [ [ [ -82.576697, 27.635056 ], [ -82.573608, 27.631266 ], [ -82.569178, 27.630531 ], [ -82.569329, 27.633161 ], [ -82.5726354, 27.6368727 ], [ -82.5766946, 27.6350782 ], [ -82.576697, 27.635056 ] ] ], [ [ [ -82.7444747, 27.5352216 ], [ -82.743017, 27.531086 ], [ -82.7384202, 27.5267434 ], [ -82.73686, 27.5252695 ], [ -82.7324939, 27.5211449 ], [ -82.7316475, 27.5203454 ], [ -82.7314869, 27.5201936 ], [ -82.724863, 27.5139361 ], [ -82.724522, 27.513614 ], [ -82.722341200000017, 27.5107358 ], [ -82.7153911, 27.5015633 ], [ -82.714521, 27.500415 ], [ -82.7123512, 27.4962697 ], [ -82.707821, 27.487615 ], [ -82.7068466, 27.4851071 ], [ -82.7025652, 27.4740876 ], [ -82.691004, 27.444331 ], [ -82.6910812, 27.4436592 ], [ -82.691821, 27.437218 ], [ -82.690071, 27.434415 ], [ -82.675121, 27.424318 ], [ -82.6750862, 27.424289 ], [ -82.661078, 27.412603 ], [ -82.6577821, 27.408472 ], [ -82.6428345, 27.389737 ], [ -82.639924, 27.389718 ], [ -82.617056, 27.389547 ], [ -82.616585, 27.389542 ], [ -82.59652, 27.38932 ], [ -82.576801, 27.389188 ], [ -82.565477, 27.389084 ], [ -82.559339, 27.389041 ], [ -82.54261, 27.389014 ], [ -82.531583, 27.388788 ], [ -82.53024, 27.388688 ], [ -82.529063, 27.388661 ], [ -82.51998, 27.389019 ], [ -82.513871, 27.388974 ], [ -82.505701, 27.388905 ], [ -82.505618, 27.388904 ], [ -82.501612, 27.388445 ], [ -82.487087, 27.388356 ], [ -82.480792, 27.388318 ], [ -82.478728, 27.388315 ], [ -82.472264, 27.388271 ], [ -82.463604, 27.38824 ], [ -82.45505, 27.388688 ], [ -82.449001, 27.388608 ], [ -82.448609, 27.388605 ], [ -82.447461, 27.388587 ], [ -82.447088, 27.386123 ], [ -82.433337, 27.386348 ], [ -82.416859, 27.38642 ], [ -82.416733, 27.386415 ], [ -82.398117, 27.386451 ], [ -82.392004, 27.38683 ], [ -82.374815, 27.386611 ], [ -82.352925, 27.386547 ], [ -82.350649, 27.386534 ], [ -82.346959, 27.386513 ], [ -82.268238, 27.386304 ], [ -82.252264, 27.386243 ], [ -82.252588, 27.364421 ], [ -82.253117, 27.300104 ], [ -82.252986, 27.299432 ], [ -82.253051, 27.290546 ], [ -82.253189, 27.289878 ], [ -82.253197, 27.289774 ], [ -82.253596, 27.208916 ], [ -82.112918, 27.208189 ], [ -82.056497, 27.207769 ], [ -82.056067, 27.249711 ], [ -82.056126, 27.250336 ], [ -82.056273, 27.275667 ], [ -82.056221, 27.292023 ], [ -82.055753, 27.338264 ], [ -82.055487, 27.473096 ], [ -82.054467, 27.595246 ], [ -82.054349, 27.646382 ], [ -82.056351, 27.646229 ], [ -82.134623, 27.646317 ], [ -82.146271, 27.646285 ], [ -82.268161, 27.646367 ], [ -82.282883, 27.646658 ], [ -82.290507, 27.646487 ], [ -82.298342, 27.64668 ], [ -82.318254, 27.646553 ], [ -82.336369, 27.646492 ], [ -82.344923, 27.646332 ], [ -82.384884, 27.646389 ], [ -82.452281, 27.645928 ], [ -82.453735, 27.64591 ], [ -82.498489, 27.645496 ], [ -82.499817, 27.645425 ], [ -82.52475, 27.645422 ], [ -82.524947, 27.645422 ], [ -82.549548, 27.645557 ], [ -82.5540886, 27.6458028 ], [ -82.5544072, 27.6452926 ], [ -82.558538, 27.638678 ], [ -82.562912, 27.638004 ], [ -82.563723, 27.63144 ], [ -82.566002, 27.624528 ], [ -82.564453, 27.621779 ], [ -82.565667, 27.615713 ], [ -82.570607, 27.608882 ], [ -82.572512, 27.607135 ], [ -82.577738, 27.605388 ], [ -82.578537, 27.602076 ], [ -82.57745, 27.599556 ], [ -82.581451, 27.596306 ], [ -82.584629, 27.596021 ], [ -82.587631, 27.594133 ], [ -82.596488, 27.594045 ], [ -82.601727, 27.589888 ], [ -82.611717, 27.585283 ], [ -82.6125905, 27.5836216 ], [ -82.613003, 27.582837 ], [ -82.612019, 27.571231 ], [ -82.626722, 27.558894 ], [ -82.632053, 27.551908 ], [ -82.6341193, 27.5427829 ], [ -82.634929, 27.539207 ], [ -82.646014, 27.53354 ], [ -82.646672, 27.531832 ], [ -82.6438438, 27.5284739 ], [ -82.641346, 27.525508 ], [ -82.6452595, 27.5237727 ], [ -82.648477, 27.522346 ], [ -82.655618, 27.521262 ], [ -82.66202, 27.522814 ], [ -82.674621, 27.519614 ], [ -82.6833729, 27.5132942 ], [ -82.683621, 27.513115 ], [ -82.686921, 27.508015 ], [ -82.686133, 27.498128 ], [ -82.6884101, 27.4972183 ], [ -82.690421, 27.496415 ], [ -82.6974351, 27.4972704 ], [ -82.699327, 27.4975011 ], [ -82.7033407, 27.4979906 ], [ -82.706821, 27.498415 ], [ -82.7075492, 27.4990474 ], [ -82.710621, 27.501715 ], [ -82.711579, 27.508938 ], [ -82.709616, 27.513348 ], [ -82.7092377, 27.5156965 ], [ -82.7084356, 27.5206751 ], [ -82.708044, 27.523106 ], [ -82.716713, 27.526373 ], [ -82.7189867, 27.5261281 ], [ -82.719155, 27.52611 ], [ -82.720908, 27.528074 ], [ -82.7221942, 27.5286977 ], [ -82.7306416, 27.5327942 ], [ -82.734858, 27.534839 ], [ -82.742437, 27.53936 ], [ -82.745748, 27.538834 ], [ -82.7444747, 27.5352216 ] ] ] ] } },
{ "type": "Feature", "properties": { "STATEFP": "12", "COUNTYFP": "063", "COUNTYNS": "00295734", "GEOIDFQ": "0500000US12063", "GEOID": "12063", "NAME": "Jackson", "NAMELSAD": "Jackson County", "STUSPS": "FL", "STATE_NAME": "Florida", "LSAD": "06", "ALAND": 2378205370.0, "AWATER": 94103479.0, "STATE_NAME_HYPHEN": "Florida" }, "geometry": { "type": "MultiPolygon", "coordinates": [ [ [ [ -85.599934, 30.830552 ], [ -85.53301, 30.829989 ], [ -85.494449, 30.829574 ], [ -85.488918, 30.829664 ], [ -85.482276, 30.829509 ], [ -85.482718, 30.785892 ], [ -85.456109, 30.785626 ], [ -85.432274, 30.785457 ], [ -85.432578, 30.760335 ], [ -85.432407, 30.756085 ], [ -85.432606, 30.746469 ], [ -85.432675, 30.728474 ], [ -85.432895, 30.701138 ], [ -85.433582, 30.670548 ], [ -85.434975, 30.625193 ], [ -85.435189, 30.624766 ], [ -85.434782, 30.56756 ], [ -85.388023, 30.566933 ], [ -85.383948, 30.566856 ], [ -85.373664, 30.566702 ], [ -85.365942, 30.566891 ], [ -85.339273, 30.566352 ], [ -85.33902, 30.566286 ], [ -85.273105, 30.56568 ], [ -85.268498, 30.565724 ], [ -85.267165, 30.565564 ], [ -85.256793, 30.565999 ], [ -85.171891, 30.564336 ], [ -85.172021, 30.566356 ], [ -85.17359, 30.569041 ], [ -85.173608, 30.574931 ], [ -85.172565, 30.575882 ], [ -85.173086, 30.577668 ], [ -85.171079, 30.579742 ], [ -85.169616, 30.57939 ], [ -85.169237, 30.580956 ], [ -85.169811, 30.582559 ], [ -85.172046, 30.584283 ], [ -85.172416, 30.585183 ], [ -85.17131, 30.590427 ], [ -85.169748, 30.59254 ], [ -85.169645, 30.593703 ], [ -85.167464, 30.595063 ], [ -85.167049, 30.601847 ], [ -85.165383, 30.604281 ], [ -85.165127, 30.605614 ], [ -85.167713, 30.608026 ], [ -85.097148, 30.607393 ], [ -85.013167, 30.6061 ], [ -84.932519, 30.606393 ], [ -84.931919, 30.606893 ], [ -84.929919, 30.610493 ], [ -84.927519, 30.612493 ], [ -84.916019, 30.615593 ], [ -84.911919, 30.617193 ], [ -84.908119, 30.619493 ], [ -84.905619, 30.621993 ], [ -84.904119, 30.625593 ], [ -84.904253, 30.633669 ], [ -84.904219, 30.636293 ], [ -84.903419, 30.638492 ], [ -84.901119, 30.640492 ], [ -84.894719, 30.644592 ], [ -84.893019, 30.646692 ], [ -84.891919, 30.649692 ], [ -84.891119, 30.655292 ], [ -84.88992, 30.659992 ], [ -84.88812, 30.663092 ], [ -84.88382, 30.666692 ], [ -84.87492, 30.671992 ], [ -84.872247, 30.675837 ], [ -84.871352, 30.677565 ], [ -84.869109, 30.683187 ], [ -84.865857, 30.687244 ], [ -84.863554, 30.689514 ], [ -84.862386, 30.690926 ], [ -84.862121, 30.691457 ], [ -84.858341, 30.696621 ], [ -84.857921, 30.698409 ], [ -84.858395, 30.700173 ], [ -84.859231, 30.701238 ], [ -84.859655, 30.701781 ], [ -84.864693, 30.711542 ], [ -84.869752, 30.721897 ], [ -84.875421, 30.727491 ], [ -84.883821, 30.732591 ], [ -84.885221, 30.734991 ], [ -84.887522, 30.741791 ], [ -84.896122, 30.750591 ], [ -84.897622, 30.751391 ], [ -84.900222, 30.751891 ], [ -84.903122, 30.751791 ], [ -84.906322, 30.750591 ], [ -84.911122, 30.751191 ], [ -84.913522, 30.752291 ], [ -84.914322, 30.753591 ], [ -84.915022, 30.761191 ], [ -84.9172385, 30.7632763 ], [ -84.920123, 30.76599 ], [ -84.918023, 30.77209 ], [ -84.917423, 30.77589 ], [ -84.918023, 30.77809 ], [ -84.926723, 30.79019 ], [ -84.928323, 30.79309 ], [ -84.928786100000011, 30.7958688 ], [ -84.929023, 30.79729 ], [ -84.927923, 30.80279 ], [ -84.928323, 30.80509 ], [ -84.930923, 30.810489 ], [ -84.936824, 30.818489 ], [ -84.937424, 30.820889 ], [ -84.935745, 30.833961 ], [ -84.932324, 30.838089 ], [ -84.926956, 30.839192 ], [ -84.925665, 30.842685 ], [ -84.927824, 30.847889 ], [ -84.933224, 30.851488 ], [ -84.936624, 30.858988 ], [ -84.935325, 30.861287 ], [ -84.932524, 30.863188 ], [ -84.933124, 30.865888 ], [ -84.939324, 30.871488 ], [ -84.939224, 30.874888 ], [ -84.934324, 30.881888 ], [ -84.9349, 30.884528 ], [ -84.9379841, 30.8863459 ], [ -84.939372, 30.887164 ], [ -84.942525, 30.888488 ], [ -84.949625, 30.897387 ], [ -84.952325, 30.902287 ], [ -84.956125, 30.907587 ], [ -84.966726, 30.917287 ], [ -84.969426, 30.921987 ], [ -84.971026, 30.928187 ], [ -84.975226, 30.930787 ], [ -84.980627, 30.932687 ], [ -84.983127, 30.934786 ], [ -84.983627, 30.936986 ], [ -84.983027, 30.942586 ], [ -84.982227, 30.946886 ], [ -84.979627, 30.954686 ], [ -84.979627, 30.958986 ], [ -84.980127, 30.961286 ], [ -84.982527, 30.965586 ], [ -84.984827, 30.967486 ], [ -84.988027, 30.968786 ], [ -84.997628, 30.971186 ], [ -84.999828, 30.971486 ], [ -84.999928, 30.971186 ], [ -85.004026, 30.973468 ], [ -85.005105, 30.974704 ], [ -85.005931, 30.97704 ], [ -85.0059313, 30.977353 ], [ -85.0059314, 30.9773763 ], [ -85.005934, 30.979804 ], [ -85.00254, 30.986899 ], [ -85.001819, 30.997889 ], [ -85.0019, 31.000681 ], [ -85.002499, 31.000682 ], [ -85.024108, 31.000681 ], [ -85.027512, 31.00067 ], [ -85.030107, 31.000653 ], [ -85.031155, 31.000647 ], [ -85.0408004, 31.0006184 ], [ -85.052088, 31.000585 ], [ -85.054802, 31.000585 ], [ -85.057534, 31.000585 ], [ -85.1172048, 31.0006593 ], [ -85.1280332, 31.0006728 ], [ -85.145835, 31.000695 ], [ -85.152085, 31.000888 ], [ -85.152218, 31.000834 ], [ -85.154452, 31.000835 ], [ -85.20341, 31.0008619 ], [ -85.240092, 31.0008821 ], [ -85.243632, 31.000884 ], [ -85.3129422, 30.9998072 ], [ -85.3289204, 30.999559 ], [ -85.3290575, 30.9995569 ], [ -85.3817483, 30.9987383 ], [ -85.4075438, 30.9983375 ], [ -85.488298, 30.997083 ], [ -85.4926482, 30.9970154 ], [ -85.497992, 30.9969323 ], [ -85.501709, 30.992091 ], [ -85.503037, 30.990562 ], [ -85.509008, 30.986028 ], [ -85.510362, 30.985562 ], [ -85.514857, 30.982281 ], [ -85.518874, 30.9778 ], [ -85.52207, 30.975541 ], [ -85.528057, 30.975221 ], [ -85.530453, 30.97163 ], [ -85.530396, 30.96819 ], [ -85.53128, 30.966738 ], [ -85.532473, 30.966091 ], [ -85.531883, 30.964466 ], [ -85.532457, 30.958557 ], [ -85.530417, 30.953382 ], [ -85.530692, 30.946952 ], [ -85.531015, 30.946602 ], [ -85.531594, 30.945089 ], [ -85.531103, 30.942515 ], [ -85.531869, 30.942026 ], [ -85.530294, 30.939315 ], [ -85.531583, 30.93794 ], [ -85.536784, 30.934499 ], [ -85.538666, 30.933812 ], [ -85.544478, 30.933158 ], [ -85.547745, 30.932185 ], [ -85.548651, 30.930415 ], [ -85.551215, 30.928506 ], [ -85.553148, 30.926163 ], [ -85.55399, 30.923711 ], [ -85.555773, 30.920732 ], [ -85.556759, 30.919311 ], [ -85.556741, 30.917811 ], [ -85.55912, 30.913929 ], [ -85.560045, 30.913527 ], [ -85.564829, 30.909843 ], [ -85.566404, 30.906208 ], [ -85.567916, 30.904635 ], [ -85.569612, 30.904624 ], [ -85.570129, 30.902688 ], [ -85.571825, 30.90068 ], [ -85.575574, 30.898601 ], [ -85.575714, 30.896418 ], [ -85.576958, 30.895648 ], [ -85.578035, 30.89121 ], [ -85.579648, 30.88835 ], [ -85.581796, 30.88648 ], [ -85.582995, 30.884473 ], [ -85.583893, 30.88202 ], [ -85.583306, 30.879864 ], [ -85.583408, 30.876773 ], [ -85.584396, 30.876251 ], [ -85.584105, 30.87446 ], [ -85.586336, 30.872375 ], [ -85.587222, 30.868867 ], [ -85.588573, 30.867316 ], [ -85.592193, 30.864543 ], [ -85.592486, 30.862519 ], [ -85.594653, 30.859274 ], [ -85.594391, 30.856792 ], [ -85.595034, 30.854594 ], [ -85.596238, 30.854011 ], [ -85.595728, 30.851564 ], [ -85.596428, 30.84855 ], [ -85.597422, 30.84745 ], [ -85.599391, 30.844513 ], [ -85.599619, 30.842159 ], [ -85.598439, 30.840432 ], [ -85.599204, 30.838865 ], [ -85.598139, 30.837693 ], [ -85.599777, 30.836857 ], [ -85.599011, 30.835433 ], [ -85.600062, 30.833783 ], [ -85.599934, 30.830552 ] ] ] ] } },
{ "type": "Feature", "properties": { "STATEFP": "12", "COUNTYFP": "021", "COUNTYNS": "00295754", "GEOIDFQ": "0500000US12021", "GEOID": "12021", "NAME": "Collier", "NAMELSAD": "Collier County", "STUSPS": "FL", "STATE_NAME": "Florida", "LSAD": "06", "ALAND": 5171811319.0, "AWATER": 1575210652.0, "STATE_NAME_HYPHEN": "Florida" }, "geometry": { "type": "MultiPolygon", "coordinates": [ [ [ [ -81.844555, 26.327712 ], [ -81.833142, 26.294518 ], [ -81.8317429, 26.2880333 ], [ -81.8307054, 26.2832248 ], [ -81.828349, 26.2723033 ], [ -81.8244378, 26.2541753 ], [ -81.8243848, 26.2539293 ], [ -81.820675, 26.236735 ], [ -81.8202658, 26.2336048 ], [ -81.8201165, 26.2324619 ], [ -81.818511, 26.2201794 ], [ -81.8184013, 26.2193402 ], [ -81.8172971, 26.2108929 ], [ -81.81681, 26.207166 ], [ -81.8156588, 26.1893751 ], [ -81.8146585, 26.1739168 ], [ -81.81461, 26.173167 ], [ -81.8097707, 26.1556418 ], [ -81.808833, 26.152246 ], [ -81.8053398, 26.1222492 ], [ -81.8018666, 26.0924232 ], [ -81.801748, 26.091405 ], [ -81.79614, 26.0789165 ], [ -81.784957, 26.054013 ], [ -81.77316, 26.033018 ], [ -81.762439, 26.00607 ], [ -81.757864, 25.998723 ], [ -81.752589, 25.993431 ], [ -81.749167, 25.991645 ], [ -81.747232, 25.984072 ], [ -81.745056, 25.978888 ], [ -81.7411475, 25.9765967 ], [ -81.739589, 25.975683 ], [ -81.738869, 25.973741 ], [ -81.738163, 25.971837 ], [ -81.744581, 25.970127 ], [ -81.7529, 25.961152 ], [ -81.755514, 25.957306 ], [ -81.7534266, 25.9518632 ], [ -81.753137, 25.951108 ], [ -81.745496, 25.946231 ], [ -81.738857, 25.941104 ], [ -81.734618, 25.936133 ], [ -81.73195, 25.931506 ], [ -81.7298776, 25.9211545 ], [ -81.729336, 25.918449 ], [ -81.729489, 25.909408 ], [ -81.72857, 25.908161 ], [ -81.722714, 25.908785 ], [ -81.717961, 25.90793 ], [ -81.7178252, 25.9050107 ], [ -81.717687, 25.902039 ], [ -81.716505900000016, 25.9008694 ], [ -81.713172, 25.897568 ], [ -81.700656, 25.873811 ], [ -81.68954, 25.85271 ], [ -81.6848, 25.847205 ], [ -81.68059, 25.845265 ], [ -81.678287, 25.845301 ], [ -81.677506, 25.850356 ], [ -81.672633, 25.856654 ], [ -81.669608, 25.866357 ], [ -81.6709, 25.871794 ], [ -81.675178, 25.876498 ], [ -81.672088, 25.881845 ], [ -81.664783, 25.885606 ], [ -81.660338, 25.890133 ], [ -81.654217, 25.895947 ], [ -81.642345, 25.905431 ], [ -81.6388729, 25.905431 ], [ -81.63858, 25.905431 ], [ -81.637398, 25.901711 ], [ -81.635874, 25.898582 ], [ -81.622625, 25.890658 ], [ -81.617717, 25.891283 ], [ -81.604965, 25.892077 ], [ -81.59304, 25.883336 ], [ -81.587825, 25.879384 ], [ -81.582483, 25.876712 ], [ -81.581338, 25.870816 ], [ -81.579123, 25.864855 ], [ -81.572738, 25.865592 ], [ -81.569375, 25.859417 ], [ -81.564393, 25.856209 ], [ -81.56133, 25.861742 ], [ -81.552536, 25.85832 ], [ -81.547894, 25.849608 ], [ -81.542355, 25.85255 ], [ -81.534234, 25.856609 ], [ -81.527817, 25.849978 ], [ -81.530006, 25.838613 ], [ -81.522826, 25.840994 ], [ -81.514982, 25.838641 ], [ -81.511535, 25.8323 ], [ -81.505172, 25.836153 ], [ -81.499616, 25.834805 ], [ -81.493045, 25.830877 ], [ -81.491296, 25.824779 ], [ -81.489538, 25.822115 ], [ -81.479447, 25.821304 ], [ -81.476478, 25.817247 ], [ -81.468118, 25.815151 ], [ -81.4647035, 25.8119675 ], [ -81.46398, 25.811293 ], [ -81.4700317, 25.8035786 ], [ -81.452552, 25.803674 ], [ -81.324779, 25.803475 ], [ -81.321397, 25.803719 ], [ -81.301473, 25.804002 ], [ -81.259917, 25.804092 ], [ -80.873096, 25.805377 ], [ -80.873187, 25.806161 ], [ -80.872932, 25.979434 ], [ -80.87297, 25.992944 ], [ -80.872558, 25.99854 ], [ -80.879166, 26.172879 ], [ -80.87971, 26.259308 ], [ -81.106798, 26.255972 ], [ -81.268236, 26.253069 ], [ -81.271932, 26.422648 ], [ -81.271964, 26.457918 ], [ -81.272066, 26.458184 ], [ -81.271802, 26.463338 ], [ -81.271768, 26.517069 ], [ -81.386505, 26.516082 ], [ -81.435118, 26.515592 ], [ -81.451333, 26.515477 ], [ -81.46627, 26.513843 ], [ -81.544425, 26.513506 ], [ -81.563763, 26.513331 ], [ -81.563075, 26.473259 ], [ -81.562743, 26.454395 ], [ -81.562216, 26.423158 ], [ -81.56252, 26.422619 ], [ -81.658356, 26.421097 ], [ -81.659506, 26.421077 ], [ -81.658064, 26.332368 ], [ -81.6579, 26.317563 ], [ -81.658911, 26.317548 ], [ -81.670527, 26.317501 ], [ -81.690036, 26.317341 ], [ -81.690494, 26.317334 ], [ -81.706262, 26.317208 ], [ -81.714649, 26.317142 ], [ -81.722098, 26.317084 ], [ -81.722405, 26.317081 ], [ -81.729606, 26.317011 ], [ -81.737237, 26.316965 ], [ -81.746167, 26.316896 ], [ -81.754404, 26.316753 ], [ -81.762536, 26.316633 ], [ -81.786217, 26.316366 ], [ -81.788111, 26.316428 ], [ -81.789135, 26.316281 ], [ -81.802816, 26.31627 ], [ -81.804973, 26.316288 ], [ -81.805169, 26.316288 ], [ -81.819019, 26.316245 ], [ -81.81908, 26.323348 ], [ -81.819119, 26.330424 ], [ -81.821163, 26.33043 ], [ -81.831651, 26.330381 ], [ -81.838816, 26.330288 ], [ -81.84105, 26.33035 ], [ -81.8457753, 26.3303815 ], [ -81.844555, 26.327712 ] ] ] ] } },
{ "type": "Feature", "properties": { "STATEFP": "12", "COUNTYFP": "011", "COUNTYNS": "00295753", "GEOIDFQ": "0500000US12011", "GEOID": "12011", "NAME": "Broward", "NAMELSAD": "Broward County", "STUSPS": "FL", "STATE_NAME": "Florida", "LSAD": "06", "ALAND": 3115520735.0, "AWATER": 273292460.0, "STATE_NAME_HYPHEN": "Florida" }, "geometry": { "type": "MultiPolygon", "coordinates": [ [ [ [ -80.881216, 26.329412 ], [ -80.879715, 26.259474 ], [ -80.87971, 26.259308 ], [ -80.879166, 26.172879 ], [ -80.872558, 25.99854 ], [ -80.87297, 25.992944 ], [ -80.872932, 25.979434 ], [ -80.680038, 25.978749 ], [ -80.680016, 25.956857 ], [ -80.55175, 25.956974 ], [ -80.550844, 25.957018 ], [ -80.440928, 25.956858 ], [ -80.439389, 25.956852 ], [ -80.43577, 25.95685 ], [ -80.431359, 25.956965 ], [ -80.408726, 25.956903 ], [ -80.407382, 25.956939 ], [ -80.375067, 25.957072 ], [ -80.352088, 25.956968 ], [ -80.351384, 25.956963 ], [ -80.342815, 25.95717 ], [ -80.340877, 25.957153 ], [ -80.340043, 25.957117 ], [ -80.339101, 25.957078 ], [ -80.333248, 25.957097 ], [ -80.331785, 25.957102 ], [ -80.326712, 25.957118 ], [ -80.317372, 25.95715 ], [ -80.310617, 25.957165 ], [ -80.294972, 25.95677 ], [ -80.294976, 25.956929 ], [ -80.295072, 25.963555 ], [ -80.295104, 25.970572 ], [ -80.278764, 25.970968 ], [ -80.262568, 25.971296 ], [ -80.262482, 25.971299 ], [ -80.262198, 25.971306 ], [ -80.246924, 25.97187 ], [ -80.246715, 25.971875 ], [ -80.23421, 25.972098 ], [ -80.229759, 25.972235 ], [ -80.229586, 25.972232 ], [ -80.223122, 25.972326 ], [ -80.219536, 25.972241 ], [ -80.217202, 25.972284 ], [ -80.214846, 25.972335 ], [ -80.214256, 25.972396 ], [ -80.212546, 25.972385 ], [ -80.206219, 25.972647 ], [ -80.198029, 25.973033 ], [ -80.194422, 25.973169 ], [ -80.190839, 25.973228 ], [ -80.185446, 25.973359 ], [ -80.18276, 25.973415 ], [ -80.181085, 25.973484 ], [ -80.18012, 25.97347 ], [ -80.174465, 25.973569 ], [ -80.166474, 25.973579 ], [ -80.165724, 25.973783 ], [ -80.165036, 25.973885 ], [ -80.158226, 25.974076 ], [ -80.157434, 25.974098 ], [ -80.154211, 25.974187 ], [ -80.148063, 25.974407 ], [ -80.147864, 25.974408 ], [ -80.143501, 25.974511 ], [ -80.142125, 25.974676 ], [ -80.133867, 25.974868 ], [ -80.133862, 25.97411 ], [ -80.130411, 25.974227 ], [ -80.123874, 25.974484 ], [ -80.123309, 25.975103 ], [ -80.119465, 25.9752 ], [ -80.1178961, 25.9752479 ], [ -80.117284, 25.986584 ], [ -80.1172422, 25.986992 ], [ -80.1166629, 25.9926438 ], [ -80.1161769, 25.9973868 ], [ -80.116101, 25.998127 ], [ -80.1156567, 26.0041827 ], [ -80.1151708, 26.0108037 ], [ -80.114983900000013, 26.0133513 ], [ -80.1141179, 26.0251535 ], [ -80.112482, 26.047448 ], [ -80.1115436, 26.054855 ], [ -80.111091, 26.058428 ], [ -80.1110507, 26.0592283 ], [ -80.110595, 26.06828 ], [ -80.110207, 26.072568 ], [ -80.109107, 26.081011 ], [ -80.108994, 26.087258 ], [ -80.108775, 26.090088 ], [ -80.107977, 26.092174 ], [ -80.1068344, 26.0933074 ], [ -80.104864, 26.095262 ], [ -80.1045279, 26.1015739 ], [ -80.1040704, 26.110165 ], [ -80.103985, 26.111769 ], [ -80.1039201, 26.1140963 ], [ -80.103702, 26.121924 ], [ -80.10292, 26.130573 ], [ -80.102922, 26.135117 ], [ -80.1025609, 26.1380519 ], [ -80.101366, 26.147762 ], [ -80.0996149, 26.1575688 ], [ -80.09803, 26.166445 ], [ -80.0980276, 26.1664628 ], [ -80.0978794, 26.167582 ], [ -80.0972105, 26.172632 ], [ -80.0967474, 26.1761278 ], [ -80.095936, 26.1822536 ], [ -80.0949545, 26.1896636 ], [ -80.09493, 26.1898484 ], [ -80.0942935, 26.1946535 ], [ -80.0938733, 26.1978259 ], [ -80.0933935, 26.2014483 ], [ -80.093316, 26.202033 ], [ -80.0929402, 26.2048701 ], [ -80.092907, 26.205121 ], [ -80.092195, 26.2085146 ], [ -80.0914088, 26.212262 ], [ -80.090635, 26.21595 ], [ -80.0905199, 26.2165668 ], [ -80.0904724, 26.216821 ], [ -80.089514, 26.221955 ], [ -80.0892154, 26.2262507 ], [ -80.0888344, 26.2317313 ], [ -80.0888264, 26.2318468 ], [ -80.088802, 26.232198 ], [ -80.087259, 26.241274 ], [ -80.085051, 26.248815 ], [ -80.084966, 26.2492514 ], [ -80.0843893, 26.2522115 ], [ -80.08355, 26.256519 ], [ -80.08206, 26.257781 ], [ -80.0813638, 26.2581413 ], [ -80.080234, 26.258726 ], [ -80.079865, 26.264358 ], [ -80.0763893, 26.3053761 ], [ -80.0760512, 26.3093655 ], [ -80.0756124, 26.3145443 ], [ -80.075264, 26.318656 ], [ -80.0748372, 26.3210316 ], [ -80.075733, 26.32091 ], [ -80.076757, 26.32089 ], [ -80.079383, 26.320779 ], [ -80.080522, 26.320814 ], [ -80.080612, 26.320811 ], [ -80.087907, 26.320772 ], [ -80.088807, 26.322107 ], [ -80.089499, 26.325042 ], [ -80.090778, 26.325546 ], [ -80.090909, 26.325607 ], [ -80.092046, 26.326354 ], [ -80.095633, 26.324154 ], [ -80.096367, 26.322435 ], [ -80.098268, 26.322599 ], [ -80.098823, 26.322834 ], [ -80.099141, 26.323468 ], [ -80.098535, 26.324692 ], [ -80.09845, 26.325201 ], [ -80.098437, 26.32673 ], [ -80.099241, 26.327637 ], [ -80.107273, 26.327863 ], [ -80.117036, 26.327847 ], [ -80.120125, 26.327791 ], [ -80.128334, 26.327718 ], [ -80.128662, 26.327797 ], [ -80.153449, 26.327772 ], [ -80.169785, 26.32781 ], [ -80.170149, 26.327781 ], [ -80.170332, 26.327782 ], [ -80.186594, 26.327788 ], [ -80.190105, 26.327792 ], [ -80.202478, 26.327842 ], [ -80.202937, 26.32783 ], [ -80.203064, 26.327825 ], [ -80.204083, 26.327822 ], [ -80.212653, 26.330366 ], [ -80.218865, 26.332228 ], [ -80.219777, 26.3325 ], [ -80.222802, 26.333398 ], [ -80.227364, 26.334661 ], [ -80.234723, 26.336954 ], [ -80.24977, 26.341526 ], [ -80.251225, 26.341718 ], [ -80.296881, 26.355431 ], [ -80.297062, 26.35532 ], [ -80.296986, 26.334356 ], [ -80.535907, 26.334587 ], [ -80.539899, 26.334698 ], [ -80.881285, 26.333806 ], [ -80.881216, 26.329412 ] ] ] ] } },
{ "type": "Feature", "properties": { "STATEFP": "12", "COUNTYFP": "061", "COUNTYNS": "00307624", "GEOIDFQ": "0500000US12061", "GEOID": "12061", "NAME": "Indian River", "NAMELSAD": "Indian River County", "STUSPS": "FL", "STATE_NAME": "Florida", "LSAD": "06", "ALAND": 1301540085.0, "AWATER": 295514461.0, "STATE_NAME_HYPHEN": "Florida" }, "geometry": { "type": "MultiPolygon", "coordinates": [ [ [ [ -80.880073, 27.733699 ], [ -80.873795, 27.733854 ], [ -80.873599, 27.69968 ], [ -80.873486, 27.68348 ], [ -80.873357, 27.665002 ], [ -80.87315, 27.642288 ], [ -80.867024, 27.642387 ], [ -80.863778, 27.642144 ], [ -80.858712, 27.642349 ], [ -80.853528, 27.642317 ], [ -80.778047, 27.643195 ], [ -80.777166, 27.558733 ], [ -80.744487, 27.558914 ], [ -80.679659, 27.558736 ], [ -80.578576, 27.558515 ], [ -80.52939, 27.558334 ], [ -80.525704, 27.558714 ], [ -80.48061, 27.558409 ], [ -80.463877, 27.558235 ], [ -80.447552, 27.558098 ], [ -80.41457, 27.557763 ], [ -80.39802, 27.557676 ], [ -80.397945, 27.557675 ], [ -80.390115, 27.557632 ], [ -80.369013, 27.557375 ], [ -80.368866, 27.557374 ], [ -80.348422, 27.557248 ], [ -80.348167, 27.557249 ], [ -80.328168, 27.557243 ], [ -80.328554, 27.557524 ], [ -80.323254, 27.557552 ], [ -80.323051, 27.556979 ], [ -80.3214532, 27.5570017 ], [ -80.324876, 27.568677 ], [ -80.330875, 27.596128 ], [ -80.331699, 27.5982958 ], [ -80.332302, 27.599882 ], [ -80.335784, 27.605674 ], [ -80.3392162, 27.6101409 ], [ -80.343924, 27.616268 ], [ -80.3449019, 27.6180734 ], [ -80.3460778, 27.6202442 ], [ -80.3464035, 27.6208456 ], [ -80.348091, 27.623961 ], [ -80.3508668, 27.6320153 ], [ -80.350977, 27.632335 ], [ -80.351423, 27.639986 ], [ -80.355073, 27.653218 ], [ -80.35517870000001, 27.6535018 ], [ -80.357926, 27.660878 ], [ -80.3581808, 27.6622964 ], [ -80.359047, 27.667119 ], [ -80.361703, 27.673756 ], [ -80.3623815, 27.6762911 ], [ -80.3633421, 27.6798799 ], [ -80.364626, 27.684677 ], [ -80.36736, 27.6921465 ], [ -80.371963, 27.704722 ], [ -80.378775, 27.725162 ], [ -80.380509, 27.732029 ], [ -80.3813884, 27.7340955 ], [ -80.384408, 27.741191 ], [ -80.3877045, 27.7475532 ], [ -80.391492, 27.754863 ], [ -80.395377, 27.760815 ], [ -80.3966366, 27.7632894 ], [ -80.3997566, 27.7694184 ], [ -80.4037, 27.777165 ], [ -80.4041873, 27.7780188 ], [ -80.4146285, 27.7963117 ], [ -80.415994, 27.798704 ], [ -80.428337, 27.823744 ], [ -80.447179, 27.859731 ], [ -80.4470841, 27.860755 ], [ -80.449497, 27.859135 ], [ -80.451385, 27.856802 ], [ -80.454033, 27.854797 ], [ -80.4549, 27.854641 ], [ -80.478642, 27.854615 ], [ -80.478844, 27.854615 ], [ -80.491079, 27.854601 ], [ -80.494421, 27.851911 ], [ -80.494787, 27.850937 ], [ -80.494387, 27.845934 ], [ -80.496901, 27.838388 ], [ -80.497076, 27.83809 ], [ -80.499156, 27.835432 ], [ -80.499763, 27.834647 ], [ -80.50534, 27.828811 ], [ -80.507333, 27.827989 ], [ -80.509075, 27.822058 ], [ -80.554462, 27.822188 ], [ -80.60711, 27.82235 ], [ -80.74163, 27.823007 ], [ -80.770115, 27.823673 ], [ -80.827508, 27.822917 ], [ -80.868881, 27.822522 ], [ -80.881566, 27.822511 ], [ -80.880073, 27.733699 ] ] ] ] } },
{ "type": "Feature", "properties": { "STATEFP": "12", "COUNTYFP": "005", "COUNTYNS": "00295738", "GEOIDFQ": "0500000US12005", "GEOID": "12005", "NAME": "Bay", "NAMELSAD": "Bay County", "STUSPS": "FL", "STATE_NAME": "Florida", "LSAD": "06", "ALAND": 1964760713.0, "AWATER": 1834028527.0, "STATE_NAME_HYPHEN": "Florida" }, "geometry": { "type": "MultiPolygon", "coordinates": [ [ [ [ -85.9959271, 30.2691393 ], [ -85.966552, 30.25712 ], [ -85.947647, 30.249076 ], [ -85.9355298, 30.2435681 ], [ -85.922554, 30.23767 ], [ -85.9212063, 30.2370009 ], [ -85.920409, 30.2366051 ], [ -85.9015531, 30.2272438 ], [ -85.8954181, 30.224198 ], [ -85.8952591, 30.224119 ], [ -85.8924385, 30.2227187 ], [ -85.8920997, 30.2225505 ], [ -85.878138, 30.215619 ], [ -85.8666545, 30.2092184 ], [ -85.8485623, 30.1991342 ], [ -85.8380594, 30.1932802 ], [ -85.8313138, 30.1895203 ], [ -85.8200746, 30.1832559 ], [ -85.811219, 30.17832 ], [ -85.8054992, 30.1748016 ], [ -85.8003684, 30.1716455 ], [ -85.7907241, 30.1657131 ], [ -85.7903921, 30.1655089 ], [ -85.7837656, 30.1614328 ], [ -85.775405, 30.15629 ], [ -85.7722859, 30.1538715 ], [ -85.7684003, 30.1508586 ], [ -85.7649561, 30.148188 ], [ -85.7587569, 30.1433813 ], [ -85.74993, 30.136537 ], [ -85.7448633, 30.1321458 ], [ -85.7380636, 30.1262527 ], [ -85.733646, 30.122424 ], [ -85.7333291, 30.122134799999987 ], [ -85.729068, 30.118246 ], [ -85.71745, 30.110092 ], [ -85.699675, 30.098723 ], [ -85.683369, 30.091012 ], [ -85.65301, 30.078148 ], [ -85.6320903, 30.0688889 ], [ -85.627791, 30.066986 ], [ -85.617167, 30.062233 ], [ -85.6168622, 30.0620795 ], [ -85.6132676, 30.0602696 ], [ -85.606901, 30.057064 ], [ -85.595611, 30.050583 ], [ -85.588362, 30.045131 ], [ -85.58139, 30.037783 ], [ -85.568991, 30.026098 ], [ -85.553779, 30.011898 ], [ -85.544985, 30.005415 ], [ -85.537142, 30.003871 ], [ -85.530605, 29.997593 ], [ -85.529773, 29.995329 ], [ -85.524545, 29.987507 ], [ -85.514918, 29.977316 ], [ -85.50862, 29.971963 ], [ -85.502321, 29.967845 ], [ -85.496142, 29.964756 ], [ -85.49329, 29.962903 ], [ -85.487823, 29.960638 ], [ -85.481287, 29.957858 ], [ -85.471067, 29.956725 ], [ -85.4656, 29.957549 ], [ -85.455142, 29.956725 ], [ -85.4472399, 29.9546584 ], [ -85.446745, 29.954529 ], [ -85.445243, 29.9539663 ], [ -85.438476, 29.951431 ], [ -85.428321, 29.950017 ], [ -85.420433, 29.947165 ], [ -85.412574, 29.943031 ], [ -85.405052, 29.938487 ], [ -85.388685600000017, 29.9243627 ], [ -85.3886762, 29.9243546 ], [ -85.388465, 29.926076 ], [ -85.388374, 29.926919 ], [ -85.388764, 29.943362 ], [ -85.388956, 29.945725 ], [ -85.389154, 29.955241 ], [ -85.391281, 29.999835 ], [ -85.391502, 30.000389 ], [ -85.391296, 30.027635 ], [ -85.390229, 30.090803 ], [ -85.390335, 30.091175 ], [ -85.390091, 30.097758 ], [ -85.390312, 30.099805 ], [ -85.3902, 30.118269 ], [ -85.390296, 30.121433 ], [ -85.389884, 30.138488 ], [ -85.389635, 30.145194 ], [ -85.389823, 30.153173 ], [ -85.38964, 30.154561 ], [ -85.389692, 30.171716 ], [ -85.389544, 30.175438 ], [ -85.389953, 30.188215 ], [ -85.389884, 30.198253 ], [ -85.389679, 30.200973 ], [ -85.389656, 30.248992 ], [ -85.389289, 30.259546 ], [ -85.388694, 30.265893 ], [ -85.388977, 30.305728 ], [ -85.388626, 30.309114 ], [ -85.388381, 30.317516 ], [ -85.388244, 30.365346 ], [ -85.38848, 30.371229 ], [ -85.388046, 30.383068 ], [ -85.387943, 30.413957 ], [ -85.388259, 30.41697 ], [ -85.387985, 30.421724 ], [ -85.386795, 30.425268 ], [ -85.38652, 30.432056 ], [ -85.386772, 30.435556 ], [ -85.385789, 30.480488 ], [ -85.385084, 30.508473 ], [ -85.385046, 30.516521 ], [ -85.384601, 30.537624 ], [ -85.384554, 30.544945 ], [ -85.38381, 30.552133 ], [ -85.38378, 30.564484 ], [ -85.383948, 30.566856 ], [ -85.388023, 30.566933 ], [ -85.434782, 30.56756 ], [ -85.447814, 30.567682 ], [ -85.452119, 30.567344 ], [ -85.485651, 30.567569 ], [ -85.486358, 30.567574 ], [ -85.48644, 30.524259 ], [ -85.486306, 30.520381 ], [ -85.485847, 30.519454 ], [ -85.486053, 30.510852 ], [ -85.485977, 30.509708 ], [ -85.486236, 30.508579 ], [ -85.486557, 30.500635 ], [ -85.4869, 30.499866 ], [ -85.486503, 30.495433 ], [ -85.486534, 30.487863 ], [ -85.487052, 30.480369 ], [ -85.487266, 30.471399 ], [ -85.487731, 30.46128 ], [ -85.487545, 30.458354 ], [ -85.487777, 30.441471 ], [ -85.487988, 30.437017 ], [ -85.535702, 30.43718 ], [ -85.538878, 30.437373 ], [ -85.548601, 30.437303 ], [ -85.555198, 30.437408 ], [ -85.559394, 30.437746 ], [ -85.569953, 30.437576 ], [ -85.602882, 30.437944 ], [ -85.60559, 30.43831 ], [ -85.649612, 30.43851 ], [ -85.654426, 30.438875 ], [ -85.655784, 30.438627 ], [ -85.664069, 30.439078 ], [ -85.666893, 30.438844 ], [ -85.68666, 30.438827 ], [ -85.686958, 30.438781 ], [ -85.688072, 30.438859 ], [ -85.695198, 30.439416 ], [ -85.700073, 30.439065 ], [ -85.812141, 30.439928 ], [ -85.824562, 30.441356 ], [ -85.832885, 30.441322 ], [ -85.844955, 30.440622 ], [ -85.8535, 30.440623 ], [ -85.85458, 30.440076 ], [ -85.858799, 30.438475 ], [ -85.86082, 30.437209 ], [ -85.862802, 30.433794 ], [ -85.863779, 30.431272 ], [ -85.864069, 30.428041 ], [ -85.866368, 30.42506 ], [ -85.868958, 30.422309 ], [ -85.870358, 30.419764 ], [ -85.87552, 30.415337 ], [ -85.878006, 30.414032 ], [ -85.879091, 30.412474 ], [ -85.881815, 30.411765 ], [ -85.883984, 30.410253 ], [ -85.88701, 30.410159 ], [ -85.889342, 30.410611 ], [ -85.891963, 30.41029 ], [ -85.895643, 30.409814 ], [ -85.898575, 30.410926 ], [ -85.901916, 30.407333 ], [ -85.905616, 30.40683 ], [ -85.907638, 30.405819 ], [ -85.911932, 30.408278 ], [ -85.915211, 30.409479 ], [ -85.917028, 30.412744 ], [ -85.921516, 30.41583 ], [ -85.923934, 30.416379 ], [ -85.92726, 30.416058 ], [ -85.929911, 30.413362 ], [ -85.933194, 30.412091 ], [ -85.934793, 30.410885 ], [ -85.937885, 30.410352 ], [ -85.940246, 30.408622 ], [ -85.945213, 30.40842 ], [ -85.946938, 30.410106 ], [ -85.948486, 30.410133 ], [ -85.949898, 30.411917 ], [ -85.952186, 30.412424 ], [ -85.960067, 30.411346 ], [ -85.961585, 30.410749 ], [ -85.964967, 30.410708 ], [ -85.965644, 30.4092 ], [ -85.964439, 30.408304 ], [ -85.964889, 30.407155 ], [ -85.967032, 30.406527 ], [ -85.966882, 30.405579 ], [ -85.968666, 30.405761 ], [ -85.974464, 30.401023 ], [ -85.974374, 30.399458 ], [ -85.976949, 30.398408 ], [ -85.976375, 30.395994 ], [ -85.979995, 30.394775 ], [ -85.981834, 30.39219 ], [ -85.984611, 30.391864 ], [ -85.986696, 30.390797 ], [ -85.989898, 30.390432 ], [ -85.992736, 30.38932 ], [ -85.992668, 30.387302 ], [ -85.994766, 30.313152 ], [ -85.994712, 30.311702 ], [ -85.994624, 30.309704 ], [ -85.995528, 30.281311 ], [ -85.995732, 30.274656 ], [ -85.9959271, 30.2691393 ] ] ] ] } },
{ "type": "Feature", "properties": { "STATEFP": "12", "COUNTYFP": "087", "COUNTYNS": "00295759", "GEOIDFQ": "0500000US12087", "GEOID": "12087", "NAME": "Monroe", "NAMELSAD": "Monroe County", "STUSPS": "FL", "STATE_NAME": "Florida", "LSAD": "06", "ALAND": 2546045482.0, "AWATER": 11153864045.0, "STATE_NAME_HYPHEN": "Florida" }, "geometry": { "type": "MultiPolygon", "coordinates": [ [ [ [ -80.296776, 25.325538 ], [ -80.295262, 25.324495 ], [ -80.293713, 25.324611 ], [ -80.293668, 25.326819 ], [ -80.294843, 25.327697 ], [ -80.296177, 25.327095 ], [ -80.296776, 25.325538 ] ] ], [ [ [ -80.3791366, 25.288302 ], [ -80.37649, 25.287532 ], [ -80.372449, 25.287102 ], [ -80.372305, 25.289024 ], [ -80.371261, 25.2914 ], [ -80.372061, 25.292076 ], [ -80.374113, 25.292797 ], [ -80.37447, 25.293979 ], [ -80.37378, 25.296235 ], [ -80.375891, 25.299487 ], [ -80.377064, 25.30219 ], [ -80.376288, 25.30448 ], [ -80.3761038, 25.3058749 ], [ -80.379021, 25.305895 ], [ -80.3794, 25.296829 ], [ -80.3791366, 25.288302 ] ] ], [ [ [ -80.460984, 25.049575 ], [ -80.460428, 25.048837 ], [ -80.459074, 25.048056 ], [ -80.455781, 25.048353 ], [ -80.451744, 25.04929 ], [ -80.448275, 25.050149 ], [ -80.446662, 25.051173 ], [ -80.446311, 25.052813 ], [ -80.44749, 25.053628 ], [ -80.448638, 25.053666 ], [ -80.451726, 25.053226 ], [ -80.455927, 25.052598 ], [ -80.459311, 25.051727 ], [ -80.460852, 25.050808 ], [ -80.460984, 25.049575 ] ] ], [ [ [ -80.482307, 25.112364 ], [ -80.479189, 25.110561 ], [ -80.477416, 25.107891 ], [ -80.475942, 25.10832 ], [ -80.475008, 25.109784 ], [ -80.477147, 25.112259 ], [ -80.476915, 25.114316 ], [ -80.480673, 25.116026 ], [ -80.482307, 25.112364 ] ] ], [ [ [ -80.483802, 25.085139 ], [ -80.482495, 25.084278 ], [ -80.480831, 25.086 ], [ -80.48, 25.088045 ], [ -80.478455, 25.089014 ], [ -80.476316, 25.088906 ], [ -80.474652, 25.090736 ], [ -80.471443, 25.091597 ], [ -80.468829, 25.092027 ], [ -80.470492, 25.093319 ], [ -80.471087, 25.094503 ], [ -80.473939, 25.097085 ], [ -80.475721, 25.098807 ], [ -80.476672, 25.102466 ], [ -80.477742, 25.103543 ], [ -80.478573, 25.101713 ], [ -80.477504, 25.098054 ], [ -80.476316, 25.096225 ], [ -80.474295, 25.095364 ], [ -80.473939, 25.093642 ], [ -80.474889, 25.092135 ], [ -80.477029, 25.090951 ], [ -80.478573, 25.091704 ], [ -80.480475, 25.092673 ], [ -80.481544, 25.091489 ], [ -80.481426, 25.089444 ], [ -80.482376, 25.088368 ], [ -80.482614, 25.086431 ], [ -80.483802, 25.085139 ] ] ], [ [ [ -80.496994, 25.099668 ], [ -80.494498, 25.097839 ], [ -80.493169, 25.09947 ], [ -80.491527, 25.099561 ], [ -80.490457, 25.100852 ], [ -80.489031, 25.102574 ], [ -80.487249, 25.105049 ], [ -80.486892, 25.106771 ], [ -80.486179, 25.1086 ], [ -80.48784, 25.109293 ], [ -80.488348, 25.10888 ], [ -80.488722, 25.107218 ], [ -80.488993, 25.104994 ], [ -80.490794, 25.10354 ], [ -80.493787, 25.103203 ], [ -80.495582, 25.102244 ], [ -80.498063, 25.102682 ], [ -80.496994, 25.099668 ] ] ], [ [ [ -80.501873, 25.074761 ], [ -80.498465, 25.075912 ], [ -80.495951, 25.078551 ], [ -80.493276, 25.078446 ], [ -80.49285, 25.079996 ], [ -80.496256, 25.081809 ], [ -80.499054, 25.080866 ], [ -80.500417, 25.077993 ], [ -80.502891, 25.076204 ], [ -80.501873, 25.074761 ] ] ], [ [ [ -80.509989, 25.137033 ], [ -80.508093, 25.135263 ], [ -80.507737, 25.13408 ], [ -80.509163, 25.13139 ], [ -80.507737, 25.13096 ], [ -80.506548, 25.131713 ], [ -80.506187, 25.133476 ], [ -80.504928, 25.135743 ], [ -80.505356, 25.137824 ], [ -80.506898, 25.138007 ], [ -80.508409, 25.139516 ], [ -80.509938, 25.139974 ], [ -80.510599, 25.138971 ], [ -80.509989, 25.137033 ] ] ], [ [ [ -80.51397, 25.148711 ], [ -80.509759, 25.149258 ], [ -80.506644, 25.147339 ], [ -80.505434, 25.148743 ], [ -80.508152, 25.154562 ], [ -80.509337, 25.155186 ], [ -80.510744, 25.153764 ], [ -80.510928, 25.151559 ], [ -80.514404, 25.150354 ], [ -80.51397, 25.148711 ] ] ], [ [ [ -80.519306, 25.085122 ], [ -80.517832, 25.083 ], [ -80.512066, 25.081322 ], [ -80.510588, 25.081913 ], [ -80.511144, 25.083179 ], [ -80.51478, 25.084861 ], [ -80.518681, 25.08598 ], [ -80.519306, 25.085122 ] ] ], [ [ [ -80.544387, 25.182293 ], [ -80.542796, 25.181875 ], [ -80.540588, 25.181968 ], [ -80.53795, 25.182683 ], [ -80.536225, 25.183256 ], [ -80.533944, 25.18462 ], [ -80.532443, 25.185019 ], [ -80.531294, 25.185605 ], [ -80.530332, 25.187603 ], [ -80.532745, 25.188545 ], [ -80.534052, 25.19017 ], [ -80.534844, 25.192785 ], [ -80.535636, 25.195097 ], [ -80.537447, 25.193024 ], [ -80.536734, 25.190658 ], [ -80.535783, 25.189905 ], [ -80.534832, 25.188292 ], [ -80.535783, 25.187001 ], [ -80.537803, 25.186786 ], [ -80.540418, 25.186356 ], [ -80.543032, 25.185173 ], [ -80.545464, 25.183296 ], [ -80.544387, 25.182293 ] ] ], [ [ [ -80.555867, 25.158177 ], [ -80.55281, 25.158287 ], [ -80.551437, 25.159321 ], [ -80.550354, 25.160433 ], [ -80.550058, 25.161854 ], [ -80.550578, 25.162393 ], [ -80.553221, 25.161413 ], [ -80.555867, 25.158177 ] ] ], [ [ [ -80.559907, 25.063267 ], [ -80.558363, 25.062513 ], [ -80.556223, 25.063482 ], [ -80.554787, 25.064049 ], [ -80.552658, 25.062944 ], [ -80.551945, 25.064774 ], [ -80.553772, 25.065321 ], [ -80.554779, 25.067808 ], [ -80.554459, 25.069696 ], [ -80.554878, 25.071278 ], [ -80.555844, 25.072206 ], [ -80.556801, 25.070396 ], [ -80.558291, 25.067391 ], [ -80.558136, 25.06596 ], [ -80.559789, 25.064558 ], [ -80.559907, 25.063267 ] ] ], [ [ [ -80.570833, 25.129247 ], [ -80.570198, 25.127871 ], [ -80.567731, 25.125708 ], [ -80.567972, 25.122476 ], [ -80.566466, 25.123918 ], [ -80.564991, 25.12476 ], [ -80.564955, 25.127871 ], [ -80.566328, 25.129099 ], [ -80.568161, 25.12944 ], [ -80.569652, 25.131498 ], [ -80.570603, 25.131175 ], [ -80.570833, 25.129247 ] ] ], [ [ [ -80.570365, 25.147205 ], [ -80.568226, 25.147958 ], [ -80.5655, 25.148438 ], [ -80.564272, 25.146897 ], [ -80.564164, 25.144612 ], [ -80.563734, 25.142476 ], [ -80.561763, 25.141408 ], [ -80.561944, 25.13957 ], [ -80.558503, 25.139762 ], [ -80.557233, 25.140384 ], [ -80.557983, 25.142091 ], [ -80.560873, 25.145691 ], [ -80.563377, 25.148339 ], [ -80.565018, 25.149679 ], [ -80.568345, 25.150217 ], [ -80.570128, 25.149464 ], [ -80.570841, 25.148065 ], [ -80.570365, 25.147205 ] ] ], [ [ [ -80.573099, 25.103951 ], [ -80.57096, 25.103736 ], [ -80.568107, 25.10449 ], [ -80.567157, 25.105781 ], [ -80.565018, 25.106534 ], [ -80.562047, 25.106534 ], [ -80.560739, 25.107395 ], [ -80.56169, 25.10987 ], [ -80.563354, 25.110946 ], [ -80.566563, 25.115681 ], [ -80.567632, 25.119124 ], [ -80.568583, 25.118801 ], [ -80.568345, 25.115681 ], [ -80.567621, 25.112577 ], [ -80.567294, 25.109665 ], [ -80.567157, 25.108256 ], [ -80.570841, 25.106427 ], [ -80.574168, 25.104597 ], [ -80.573099, 25.103951 ] ] ], [ [ [ -80.578941, 25.158033 ], [ -80.577779, 25.156029 ], [ -80.57675, 25.153778 ], [ -80.576426, 25.150217 ], [ -80.575119, 25.148388 ], [ -80.574406, 25.149679 ], [ -80.574525, 25.151723 ], [ -80.574615, 25.153866 ], [ -80.57412, 25.155424 ], [ -80.572928, 25.156745 ], [ -80.573799, 25.157826 ], [ -80.574561, 25.159899 ], [ -80.577513, 25.159899 ], [ -80.57905, 25.159949 ], [ -80.578941, 25.158033 ] ] ], [ [ [ -80.589322, 25.058228 ], [ -80.588246, 25.056483 ], [ -80.586409, 25.055623 ], [ -80.585049, 25.056974 ], [ -80.583278, 25.056946 ], [ -80.582813, 25.058791 ], [ -80.582693, 25.061169 ], [ -80.585524, 25.062536 ], [ -80.586356, 25.062545 ], [ -80.587558, 25.061086 ], [ -80.589027, 25.060463 ], [ -80.589322, 25.058228 ] ] ], [ [ [ -80.607412, 25.174421 ], [ -80.605645, 25.173624 ], [ -80.603666, 25.171483 ], [ -80.602927, 25.169738 ], [ -80.602037, 25.166011 ], [ -80.599853, 25.163732 ], [ -80.59762, 25.1631 ], [ -80.596193, 25.162434 ], [ -80.593102, 25.16309 ], [ -80.591384, 25.162551 ], [ -80.589327, 25.161549 ], [ -80.587645, 25.161638 ], [ -80.586799, 25.16264 ], [ -80.587283, 25.164153 ], [ -80.587241, 25.16641 ], [ -80.586007, 25.168018 ], [ -80.586044, 25.16924 ], [ -80.586631, 25.171442 ], [ -80.589136, 25.171734 ], [ -80.590568, 25.171192 ], [ -80.592113, 25.170762 ], [ -80.594371, 25.170224 ], [ -80.596154, 25.170977 ], [ -80.598055, 25.171622 ], [ -80.599481, 25.173558 ], [ -80.602333, 25.173558 ], [ -80.604354, 25.174849 ], [ -80.607696, 25.174917 ], [ -80.607412, 25.174421 ] ] ], [ [ [ -80.619565, 25.069833 ], [ -80.61802, 25.068864 ], [ -80.615944, 25.069116 ], [ -80.613375, 25.068715 ], [ -80.613385, 25.066065 ], [ -80.614217, 25.057776 ], [ -80.613385, 25.056161 ], [ -80.609464, 25.055946 ], [ -80.607919, 25.056915 ], [ -80.607562, 25.059391 ], [ -80.608275, 25.061114 ], [ -80.60982, 25.064235 ], [ -80.60982, 25.06585 ], [ -80.608521, 25.067698 ], [ -80.606871, 25.068723 ], [ -80.605916, 25.069433 ], [ -80.60553, 25.070358 ], [ -80.606715, 25.070578 ], [ -80.608528, 25.07017 ], [ -80.610058, 25.070371 ], [ -80.610578, 25.072553 ], [ -80.610627, 25.074975 ], [ -80.615601, 25.072612 ], [ -80.618544, 25.072358 ], [ -80.619408, 25.071509 ], [ -80.619565, 25.069833 ] ] ], [ [ [ -80.620159, 25.001352 ], [ -80.618984, 25.001389 ], [ -80.615982, 25.003532 ], [ -80.614146, 25.003219 ], [ -80.613028, 25.004414 ], [ -80.612751, 25.00666 ], [ -80.614348, 25.007883 ], [ -80.615531, 25.007777 ], [ -80.617783, 25.005651 ], [ -80.618351, 25.004027 ], [ -80.619782, 25.002903 ], [ -80.620159, 25.001352 ] ] ], [ [ [ -80.626172, 24.999077 ], [ -80.623887, 24.998781 ], [ -80.622785, 24.999997 ], [ -80.623225, 25.001586 ], [ -80.626002, 25.002625 ], [ -80.627171, 25.000401 ], [ -80.626172, 24.999077 ] ] ], [ [ [ -80.627334, 24.959076 ], [ -80.623203, 24.95862 ], [ -80.622944, 24.959853 ], [ -80.623036, 24.962022 ], [ -80.623882, 24.963673 ], [ -80.625146, 24.961366 ], [ -80.627357, 24.959814 ], [ -80.627334, 24.959076 ] ] ], [ [ [ -80.636854, 25.026445 ], [ -80.635229, 25.025624 ], [ -80.634227, 25.024297 ], [ -80.633242, 25.024247 ], [ -80.631628, 25.025463 ], [ -80.632255, 25.027517 ], [ -80.634152, 25.028118 ], [ -80.636835, 25.02813 ], [ -80.637434, 25.027073 ], [ -80.636854, 25.026445 ] ] ], [ [ [ -80.648224, 25.049147 ], [ -80.646376, 25.047462 ], [ -80.644236, 25.046938 ], [ -80.641855, 25.048044 ], [ -80.641141, 25.049794 ], [ -80.641298, 25.0516 ], [ -80.642748, 25.052305 ], [ -80.644777, 25.052808 ], [ -80.647629, 25.052054 ], [ -80.648224, 25.05087 ], [ -80.648224, 25.049147 ] ] ], [ [ [ -80.649498, 25.034344 ], [ -80.648532, 25.032356 ], [ -80.646338, 25.033159 ], [ -80.645564, 25.035444 ], [ -80.64586, 25.036275 ], [ -80.646681, 25.036429 ], [ -80.649208, 25.035533 ], [ -80.649498, 25.034344 ] ] ], [ [ [ -80.654128, 24.98164 ], [ -80.652685, 24.980814 ], [ -80.65077, 24.982162 ], [ -80.649984, 24.982933 ], [ -80.647894, 24.985189 ], [ -80.646438, 24.986296 ], [ -80.646576, 24.987369 ], [ -80.647744, 24.988515 ], [ -80.650226, 24.989504 ], [ -80.651177, 24.988858 ], [ -80.651414, 24.98735 ], [ -80.651414, 24.98638 ], [ -80.651058, 24.984334 ], [ -80.653553, 24.982826 ], [ -80.654128, 24.98164 ] ] ], [ [ [ -80.658544, 25.105377 ], [ -80.655608, 25.104453 ], [ -80.653055, 25.103181 ], [ -80.651396, 25.100291 ], [ -80.650758, 25.098211 ], [ -80.650503, 25.093818 ], [ -80.649544, 25.090761 ], [ -80.650375, 25.088732 ], [ -80.648077, 25.085032 ], [ -80.64836, 25.082512 ], [ -80.649134, 25.07827 ], [ -80.646566, 25.074806 ], [ -80.642976, 25.07273 ], [ -80.640643, 25.073373 ], [ -80.640207, 25.075322 ], [ -80.639807, 25.077573 ], [ -80.640096, 25.080315 ], [ -80.637792, 25.08207 ], [ -80.637616, 25.082874 ], [ -80.640089, 25.08233 ], [ -80.641243, 25.08429 ], [ -80.642131, 25.086663 ], [ -80.644248, 25.0885 ], [ -80.644119, 25.091167 ], [ -80.641411, 25.092344 ], [ -80.640778, 25.095031 ], [ -80.641228, 25.097717 ], [ -80.643482, 25.098442 ], [ -80.644248, 25.100176 ], [ -80.646163, 25.102488 ], [ -80.644886, 25.103412 ], [ -80.64361, 25.10399 ], [ -80.643227, 25.105493 ], [ -80.638375, 25.106499 ], [ -80.637154, 25.1099 ], [ -80.63665, 25.112574 ], [ -80.634537, 25.116995 ], [ -80.632135, 25.118588 ], [ -80.63225, 25.119319 ], [ -80.634293, 25.120028 ], [ -80.635834, 25.123964 ], [ -80.63768, 25.124367 ], [ -80.639427, 25.126993 ], [ -80.64045, 25.129217 ], [ -80.64222, 25.130104 ], [ -80.642907, 25.131858 ], [ -80.641822, 25.132653 ], [ -80.63927, 25.133462 ], [ -80.638504, 25.135427 ], [ -80.637482, 25.137276 ], [ -80.641184, 25.137045 ], [ -80.643865, 25.137507 ], [ -80.645948, 25.139622 ], [ -80.647439, 25.138662 ], [ -80.647056, 25.13716 ], [ -80.64629, 25.135196 ], [ -80.646928, 25.132884 ], [ -80.647439, 25.130689 ], [ -80.646035, 25.128609 ], [ -80.643992, 25.127453 ], [ -80.642078, 25.126991 ], [ -80.641695, 25.125488 ], [ -80.639397, 25.122946 ], [ -80.638759, 25.12075 ], [ -80.63927, 25.118207 ], [ -80.640801, 25.116705 ], [ -80.643482, 25.112081 ], [ -80.646418, 25.108845 ], [ -80.647822, 25.108614 ], [ -80.649737, 25.107111 ], [ -80.651651, 25.107227 ], [ -80.6528, 25.108614 ], [ -80.656247, 25.10977 ], [ -80.658672, 25.107111 ], [ -80.658544, 25.105377 ] ] ], [ [ [ -80.6606659, 24.899147 ], [ -80.660431, 24.89846 ], [ -80.6599322, 24.8982584 ], [ -80.657695, 24.897354 ], [ -80.656264, 24.898582 ], [ -80.653136, 24.901102 ], [ -80.650015, 24.902918 ], [ -80.646459, 24.905191 ], [ -80.641907, 24.9084 ], [ -80.636338, 24.912276 ], [ -80.633839, 24.914283 ], [ -80.631242, 24.917078 ], [ -80.628005, 24.920655 ], [ -80.626888, 24.922484 ], [ -80.6267121, 24.9226702 ], [ -80.62285, 24.926758 ], [ -80.619727, 24.928587 ], [ -80.617973, 24.931294 ], [ -80.612065, 24.936322 ], [ -80.607405, 24.940491 ], [ -80.601279, 24.943904 ], [ -80.598084, 24.947435 ], [ -80.594866, 24.9478 ], [ -80.590012, 24.950064 ], [ -80.5872051, 24.9505735 ], [ -80.586563, 24.95069 ], [ -80.5852536, 24.9507112 ], [ -80.583719, 24.950736 ], [ -80.581177, 24.951793 ], [ -80.577753, 24.952526 ], [ -80.575821, 24.952366 ], [ -80.573943, 24.953759 ], [ -80.5723645, 24.9537374 ], [ -80.57220860000001, 24.9537352 ], [ -80.571534, 24.953726 ], [ -80.569342, 24.954772 ], [ -80.568521, 24.956418 ], [ -80.565779, 24.957096 ], [ -80.5657688, 24.9573277 ], [ -80.5657576, 24.9575822 ], [ -80.565688, 24.95916 ], [ -80.56256, 24.962059 ], [ -80.561304, 24.964775 ], [ -80.560332, 24.9652063 ], [ -80.557721, 24.966365 ], [ -80.5552609, 24.9686433 ], [ -80.55492, 24.968959 ], [ -80.551695, 24.971535 ], [ -80.550336, 24.973655 ], [ -80.547689, 24.978906 ], [ -80.543159, 24.982683 ], [ -80.541108, 24.985038 ], [ -80.539752, 24.988039 ], [ -80.536924, 24.991352 ], [ -80.535601, 24.991605 ], [ -80.534284, 24.993124 ], [ -80.532979, 24.995348 ], [ -80.532791, 24.9958164 ], [ -80.5325806, 24.9963403 ], [ -80.5319016, 24.9980317 ], [ -80.531814, 24.99825 ], [ -80.5311576, 24.998538 ], [ -80.530406, 24.9988677 ], [ -80.52922, 24.999388 ], [ -80.524176, 25.001615 ], [ -80.521023, 25.002523 ], [ -80.518365, 25.001961 ], [ -80.516371, 25.003793 ], [ -80.515952, 25.007928 ], [ -80.514121, 25.010283 ], [ -80.511831, 25.010657 ], [ -80.511026, 25.011948 ], [ -80.509597, 25.014348 ], [ -80.506525, 25.014437 ], [ -80.504778, 25.015994 ], [ -80.504131, 25.016732 ], [ -80.502475, 25.017711 ], [ -80.498873, 25.019038 ], [ -80.497514, 25.020751 ], [ -80.494524, 25.023053 ], [ -80.493462, 25.024689 ], [ -80.49249, 25.027337 ], [ -80.489573, 25.030024 ], [ -80.489453, 25.03297 ], [ -80.4912181, 25.0345099 ], [ -80.492518, 25.035644 ], [ -80.4926253, 25.0359509 ], [ -80.4928958, 25.0367241 ], [ -80.493631, 25.038826 ], [ -80.490158, 25.041145 ], [ -80.487222, 25.043871 ], [ -80.484757, 25.045705 ], [ -80.4836018, 25.0470908 ], [ -80.48097, 25.050248 ], [ -80.478239, 25.054504 ], [ -80.474862, 25.057731 ], [ -80.472137, 25.061535 ], [ -80.467956, 25.064867 ], [ -80.464723, 25.067482 ], [ -80.462351, 25.068691 ], [ -80.461457, 25.0701 ], [ -80.454137, 25.0717929 ], [ -80.453155, 25.07202 ], [ -80.448839, 25.07338 ], [ -80.446204, 25.075081 ], [ -80.443152, 25.076188 ], [ -80.441641, 25.078104 ], [ -80.439029, 25.080322 ], [ -80.435892, 25.084407 ], [ -80.43345, 25.086928 ], [ -80.433153, 25.088965 ], [ -80.430457, 25.089708 ], [ -80.429413, 25.096188 ], [ -80.430124, 25.097789 ], [ -80.4284585, 25.0999736 ], [ -80.42664, 25.102359 ], [ -80.4239216, 25.104392 ], [ -80.423907, 25.104403 ], [ -80.4214121, 25.1032432 ], [ -80.41951, 25.102359 ], [ -80.4191748, 25.1003082 ], [ -80.419035, 25.099453 ], [ -80.41738, 25.098856 ], [ -80.414616, 25.100783 ], [ -80.414128, 25.102582 ], [ -80.412184, 25.103277 ], [ -80.410323, 25.102874 ], [ -80.407076, 25.104349 ], [ -80.404404, 25.106242 ], [ -80.400057, 25.106026 ], [ -80.399421, 25.107006 ], [ -80.399717, 25.108492 ], [ -80.397927, 25.110683 ], [ -80.395737, 25.114079 ], [ -80.392205, 25.116802 ], [ -80.388829, 25.120886 ], [ -80.385352, 25.12132 ], [ -80.384637, 25.124127 ], [ -80.381426, 25.128027 ], [ -80.380764, 25.1282996 ], [ -80.378396, 25.129275 ], [ -80.377137, 25.130342 ], [ -80.376265, 25.132995 ], [ -80.374474, 25.13565 ], [ -80.371445, 25.136989 ], [ -80.373093, 25.140382 ], [ -80.371279, 25.143545 ], [ -80.371256, 25.146474 ], [ -80.370047, 25.147504 ], [ -80.369522, 25.149915 ], [ -80.365138, 25.151888 ], [ -80.362882, 25.153011 ], [ -80.358183, 25.153228 ], [ -80.3581447, 25.1533119 ], [ -80.3560813, 25.1578351 ], [ -80.355669, 25.158739 ], [ -80.3544093, 25.1631137 ], [ -80.354358, 25.163292 ], [ -80.35264, 25.164201 ], [ -80.3518, 25.166039 ], [ -80.349847, 25.168936 ], [ -80.3498751, 25.1690194 ], [ -80.350284, 25.170232 ], [ -80.3536143, 25.1702448 ], [ -80.353673, 25.170245 ], [ -80.358426, 25.169062 ], [ -80.364368, 25.167234 ], [ -80.366626, 25.167126 ], [ -80.367339, 25.16874 ], [ -80.365001, 25.1717961 ], [ -80.364805, 25.1720523 ], [ -80.3645915, 25.1723313 ], [ -80.363061, 25.174332 ], [ -80.360447, 25.177129 ], [ -80.3588397, 25.1777105 ], [ -80.356287, 25.178634 ], [ -80.353051, 25.183071 ], [ -80.352744, 25.187101 ], [ -80.35142, 25.190503 ], [ -80.346357, 25.192921 ], [ -80.344861, 25.19479 ], [ -80.34352, 25.195453 ], [ -80.342444, 25.198312 ], [ -80.342481, 25.201565 ], [ -80.340739, 25.204951 ], [ -80.337538, 25.206394 ], [ -80.337115, 25.209361 ], [ -80.3363117, 25.2105542 ], [ -80.3346831, 25.2129734 ], [ -80.334647, 25.213027 ], [ -80.334599, 25.216204 ], [ -80.331695, 25.218197 ], [ -80.330424, 25.21899 ], [ -80.330382, 25.221263 ], [ -80.327405, 25.223812 ], [ -80.325995, 25.228156 ], [ -80.32398, 25.229725 ], [ -80.322225, 25.233975 ], [ -80.318594, 25.235984 ], [ -80.31587, 25.238924 ], [ -80.314127, 25.242502 ], [ -80.314067, 25.244957 ], [ -80.31282, 25.246647 ], [ -80.312202, 25.248183 ], [ -80.307948, 25.256028 ], [ -80.305126, 25.259221 ], [ -80.2970012, 25.2717162 ], [ -80.29679, 25.272041 ], [ -80.287392, 25.28409 ], [ -80.283921, 25.290376 ], [ -80.278974, 25.300394 ], [ -80.278562, 25.303191 ], [ -80.279225, 25.305209 ], [ -80.2776866, 25.3101761 ], [ -80.277647, 25.310304 ], [ -80.2775098, 25.3105453 ], [ -80.276087, 25.313047 ], [ -80.274207, 25.314105 ], [ -80.272195, 25.316691 ], [ -80.2702224, 25.3195206 ], [ -80.269693, 25.32028 ], [ -80.266325, 25.321556 ], [ -80.263181, 25.322744 ], [ -80.26, 25.324851 ], [ -80.258515, 25.327999 ], [ -80.257333, 25.331235 ], [ -80.256508, 25.332958 ], [ -80.254442, 25.33695 ], [ -80.253015, 25.338346 ], [ -80.253015, 25.340494 ], [ -80.254599, 25.341744 ], [ -80.257531, 25.342857 ], [ -80.260502, 25.346402 ], [ -80.259433, 25.349194 ], [ -80.25765, 25.350698 ], [ -80.260978, 25.351879 ], [ -80.264305, 25.352416 ], [ -80.266973, 25.352063 ], [ -80.268918, 25.350528 ], [ -80.271792, 25.348442 ], [ -80.273694, 25.347153 ], [ -80.274324, 25.345647 ], [ -80.274864, 25.342102 ], [ -80.276137, 25.337979 ], [ -80.278253, 25.333934 ], [ -80.279459, 25.331383 ], [ -80.2796284, 25.3309818 ], [ -80.280578, 25.328732 ], [ -80.286832, 25.324924 ], [ -80.28917, 25.323914 ], [ -80.29046, 25.315202 ], [ -80.291368, 25.31428 ], [ -80.296436, 25.311941 ], [ -80.297885, 25.309072 ], [ -80.299972, 25.307491 ], [ -80.304635, 25.305322 ], [ -80.305105, 25.303082 ], [ -80.30662, 25.300614 ], [ -80.314905, 25.296251 ], [ -80.31976, 25.291796 ], [ -80.325708, 25.288098 ], [ -80.329239, 25.286763 ], [ -80.329322, 25.285955 ], [ -80.332688, 25.285338 ], [ -80.334744, 25.287044 ], [ -80.336693, 25.287217 ], [ -80.338561, 25.289993 ], [ -80.339831, 25.290852 ], [ -80.342376, 25.29053 ], [ -80.343033, 25.288681 ], [ -80.346002, 25.287034 ], [ -80.350894, 25.286631 ], [ -80.353309, 25.284439 ], [ -80.356627, 25.283601 ], [ -80.363718, 25.285845 ], [ -80.365913, 25.285383 ], [ -80.366508, 25.282589 ], [ -80.363061, 25.283449 ], [ -80.3628036, 25.2832307 ], [ -80.36116, 25.281837 ], [ -80.3604516, 25.27955 ], [ -80.360328, 25.279151 ], [ -80.355693, 25.277324 ], [ -80.353554, 25.279043 ], [ -80.351771, 25.279258 ], [ -80.350108, 25.276679 ], [ -80.348206, 25.276572 ], [ -80.346899, 25.277324 ], [ -80.344166, 25.276572 ], [ -80.343215, 25.273992 ], [ -80.34369, 25.271843 ], [ -80.342858, 25.271306 ], [ -80.341195, 25.271628 ], [ -80.341432, 25.269479 ], [ -80.342502, 25.267329 ], [ -80.340244, 25.264858 ], [ -80.333708, 25.265717 ], [ -80.333351, 25.26432 ], [ -80.332163, 25.263031 ], [ -80.332757, 25.251423 ], [ -80.332824, 25.2513146 ], [ -80.335015, 25.247768 ], [ -80.334421, 25.240459 ], [ -80.335966, 25.236697 ], [ -80.339769, 25.227022 ], [ -80.34274, 25.224011 ], [ -80.345116, 25.221969 ], [ -80.345354, 25.219818 ], [ -80.346751, 25.218517 ], [ -80.3471766, 25.2176193 ], [ -80.347612, 25.216701 ], [ -80.3476921, 25.2165198 ], [ -80.3491795, 25.2131562 ], [ -80.349276, 25.212938 ], [ -80.3517805, 25.2104747 ], [ -80.352009, 25.21025 ], [ -80.351653, 25.208637 ], [ -80.3519956, 25.2083267 ], [ -80.3527348, 25.2076572 ], [ -80.352841, 25.207561 ], [ -80.3565001, 25.2082974 ], [ -80.357119, 25.208422 ], [ -80.36211, 25.206594 ], [ -80.364725, 25.206916 ], [ -80.367221, 25.206809 ], [ -80.369597, 25.206056 ], [ -80.371855, 25.20628 ], [ -80.373519, 25.205303 ], [ -80.3732574, 25.2048005 ], [ -80.372568, 25.203476 ], [ -80.372212, 25.200895 ], [ -80.3725228, 25.1990174 ], [ -80.372568, 25.198744 ], [ -80.37447, 25.197561 ], [ -80.376252, 25.198207 ], [ -80.378391, 25.198529 ], [ -80.380531, 25.20025 ], [ -80.3842764, 25.1985038 ], [ -80.384452, 25.198422 ], [ -80.386591, 25.198529 ], [ -80.389444, 25.197884 ], [ -80.389681, 25.195518 ], [ -80.391464, 25.192615 ], [ -80.393365, 25.192615 ], [ -80.397406, 25.191755 ], [ -80.401684, 25.192077 ], [ -80.404536, 25.194228 ], [ -80.40727, 25.19369 ], [ -80.412974, 25.196056 ], [ -80.416658, 25.198744 ], [ -80.420817, 25.206486 ], [ -80.420461, 25.21197 ], [ -80.418084, 25.217561 ], [ -80.414756, 25.224119 ], [ -80.41333, 25.225086 ], [ -80.413093, 25.226484 ], [ -80.414638, 25.230892 ], [ -80.413568, 25.235514 ], [ -80.40822, 25.236589 ], [ -80.399783, 25.238417 ], [ -80.40002, 25.241964 ], [ -80.397049, 25.247876 ], [ -80.397881, 25.253358 ], [ -80.397863, 25.2534798 ], [ -80.410955, 25.253466 ], [ -80.413355, 25.250389 ], [ -80.418649, 25.244749 ], [ -80.41887, 25.23631 ], [ -80.426877, 25.236412 ], [ -80.429306, 25.235661 ], [ -80.432343, 25.236725 ], [ -80.433478, 25.236417 ], [ -80.435957, 25.235812 ], [ -80.434731, 25.238375 ], [ -80.435381, 25.240497 ], [ -80.436944, 25.240646 ], [ -80.439676, 25.239314 ], [ -80.439065, 25.242106 ], [ -80.441431, 25.243941 ], [ -80.443077, 25.244313 ], [ -80.4445, 25.244069 ], [ -80.445598, 25.242729 ], [ -80.445627, 25.241474 ], [ -80.444459, 25.240156 ], [ -80.447579, 25.240722 ], [ -80.450659, 25.240241 ], [ -80.453407, 25.238359 ], [ -80.455223, 25.239116 ], [ -80.456534, 25.238816 ], [ -80.457367, 25.23761 ], [ -80.45686, 25.235101 ], [ -80.459055, 25.23652 ], [ -80.460795, 25.236818 ], [ -80.46382, 25.235898 ], [ -80.464678, 25.23489 ], [ -80.467149, 25.234727 ], [ -80.468207, 25.233602 ], [ -80.468432, 25.230185 ], [ -80.470853, 25.230413 ], [ -80.472667, 25.228555 ], [ -80.474484, 25.230618 ], [ -80.476199, 25.230662 ], [ -80.477182, 25.229582 ], [ -80.480408, 25.228228 ], [ -80.481415, 25.226116 ], [ -80.482826, 25.224786 ], [ -80.485198, 25.22577 ], [ -80.4854, 25.22671 ], [ -80.487318, 25.228728 ], [ -80.48916, 25.228818 ], [ -80.490696, 25.227279 ], [ -80.493646, 25.227346 ], [ -80.495133, 25.226062 ], [ -80.496038, 25.222735 ], [ -80.494448, 25.221038 ], [ -80.495051, 25.21934 ], [ -80.494872, 25.216014 ], [ -80.491818, 25.213471 ], [ -80.489043, 25.213311 ], [ -80.487034, 25.212306 ], [ -80.488183, 25.209534 ], [ -80.4878664, 25.2081547 ], [ -80.486329, 25.211043 ], [ -80.479434, 25.213764 ], [ -80.476662, 25.213347 ], [ -80.472919, 25.211697 ], [ -80.471752, 25.210253 ], [ -80.468116, 25.211647 ], [ -80.465501, 25.211755 ], [ -80.46455, 25.209067 ], [ -80.461619, 25.20635 ], [ -80.458533, 25.20597 ], [ -80.457171, 25.203207 ], [ -80.454785, 25.200371 ], [ -80.451102, 25.198677 ], [ -80.449686, 25.198017 ], [ -80.448935, 25.195633 ], [ -80.44735, 25.191835 ], [ -80.445536, 25.191432 ], [ -80.442684, 25.191647 ], [ -80.442922, 25.189281 ], [ -80.44304, 25.18498 ], [ -80.443991, 25.182936 ], [ -80.446249, 25.182614 ], [ -80.446724, 25.181861 ], [ -80.446368, 25.179925 ], [ -80.447794, 25.178957 ], [ -80.450089, 25.179718 ], [ -80.451868, 25.178584 ], [ -80.452818, 25.17664 ], [ -80.453253, 25.17457 ], [ -80.454674, 25.173084 ], [ -80.458236, 25.167744 ], [ -80.458303, 25.166197 ], [ -80.461121, 25.161776 ], [ -80.461858, 25.160108 ], [ -80.460981, 25.157966 ], [ -80.460805, 25.155957 ], [ -80.460732, 25.153496 ], [ -80.461718, 25.151949 ], [ -80.461808, 25.149786 ], [ -80.458559, 25.143912 ], [ -80.457047, 25.141617 ], [ -80.457706, 25.139806 ], [ -80.458153, 25.13849 ], [ -80.458413, 25.136998 ], [ -80.45883, 25.135093 ], [ -80.461007, 25.134146 ], [ -80.461342, 25.132487 ], [ -80.457658, 25.130874 ], [ -80.455519, 25.128184 ], [ -80.451835, 25.126893 ], [ -80.448982, 25.125602 ], [ -80.4472, 25.123127 ], [ -80.4468102, 25.1230564 ], [ -80.442446, 25.122266 ], [ -80.438406, 25.119253 ], [ -80.438287, 25.116778 ], [ -80.4366277, 25.1156817 ], [ -80.43389, 25.113873 ], [ -80.434009, 25.111506 ], [ -80.4337471, 25.1101622 ], [ -80.433296, 25.107847 ], [ -80.436504, 25.105587 ], [ -80.439119, 25.101498 ], [ -80.4418287, 25.0991465 ], [ -80.441971, 25.099023 ], [ -80.44304, 25.097839 ], [ -80.443397, 25.095364 ], [ -80.4458389, 25.0929755 ], [ -80.4463094, 25.0925153 ], [ -80.446368, 25.092458 ], [ -80.451359, 25.088476 ], [ -80.453855, 25.087184 ], [ -80.455994, 25.086323 ], [ -80.4566127, 25.0871636 ], [ -80.456945, 25.087615 ], [ -80.45742, 25.089552 ], [ -80.45757540000001, 25.0898428 ], [ -80.4576034, 25.0898952 ], [ -80.458937, 25.0923903 ], [ -80.4591532, 25.0927947 ], [ -80.459203, 25.092888 ], [ -80.461579, 25.092996 ], [ -80.465739, 25.091704 ], [ -80.4656796, 25.091404 ], [ -80.465559, 25.090795 ], [ -80.463362, 25.090628 ], [ -80.461223, 25.089337 ], [ -80.4610768, 25.0890558 ], [ -80.460272, 25.087507 ], [ -80.459916, 25.085462 ], [ -80.460866, 25.083202 ], [ -80.461051, 25.07911 ], [ -80.463481, 25.076851 ], [ -80.46669, 25.07373 ], [ -80.469661, 25.0705 ], [ -80.472513, 25.067594 ], [ -80.47429, 25.065405 ], [ -80.477196, 25.062718 ], [ -80.479257, 25.06035 ], [ -80.480819, 25.057322 ], [ -80.483781, 25.054568 ], [ -80.486706, 25.052833 ], [ -80.488886, 25.050196 ], [ -80.49099, 25.050553 ], [ -80.4916807, 25.0501276 ], [ -80.4947003, 25.0482679 ], [ -80.496741, 25.047011 ], [ -80.4977527, 25.0458867 ], [ -80.50134, 25.0419 ], [ -80.5010266, 25.0399528 ], [ -80.5009702, 25.0396022 ], [ -80.500797, 25.038526 ], [ -80.501483, 25.0379735 ], [ -80.501866, 25.037665 ], [ -80.503415, 25.037365 ], [ -80.50495, 25.035026 ], [ -80.504269, 25.032917 ], [ -80.505943, 25.031717 ], [ -80.507726, 25.029555 ], [ -80.509718, 25.028057 ], [ -80.5122863, 25.0284219 ], [ -80.512597, 25.028466 ], [ -80.513933, 25.027883 ], [ -80.5138218, 25.0276003 ], [ -80.513037, 25.025605 ], [ -80.513869, 25.022482 ], [ -80.513394, 25.019682 ], [ -80.513275, 25.017528 ], [ -80.5133171, 25.0174829 ], [ -80.5134063, 25.0173874 ], [ -80.515889, 25.014728 ], [ -80.5169591, 25.0149705 ], [ -80.521118, 25.015913 ], [ -80.524089, 25.017205 ], [ -80.526858, 25.01826 ], [ -80.5297072, 25.0176778 ], [ -80.530871, 25.01744 ], [ -80.535645, 25.015535 ], [ -80.536171, 25.0152878 ], [ -80.539977, 25.013499 ], [ -80.543826, 25.013973 ], [ -80.5442873, 25.013076 ], [ -80.544763, 25.012151 ], [ -80.54338, 25.008589 ], [ -80.543483, 25.005692 ], [ -80.542866, 25.003312 ], [ -80.542866, 25.001374 ], [ -80.544767, 24.999112 ], [ -80.547455, 24.998268 ], [ -80.5494, 24.994757 ], [ -80.54908, 24.993551 ], [ -80.549309, 24.991199 ], [ -80.551361, 24.990656 ], [ -80.5517319, 24.9902818 ], [ -80.552841, 24.989163 ], [ -80.55092, 24.98728 ], [ -80.55263, 24.983713 ], [ -80.5527995, 24.9835054 ], [ -80.556611, 24.978836 ], [ -80.555906, 24.974513 ], [ -80.558405, 24.971294 ], [ -80.56102, 24.969719 ], [ -80.563837, 24.969932 ], [ -80.563912300000013, 24.9698102 ], [ -80.566552, 24.965543 ], [ -80.569245, 24.964217 ], [ -80.569425, 24.961989 ], [ -80.572621, 24.961603 ], [ -80.574157, 24.962776 ], [ -80.576422, 24.961883 ], [ -80.578105, 24.962305 ], [ -80.579168, 24.965 ], [ -80.581548, 24.965259 ], [ -80.582399, 24.967103 ], [ -80.583604400000013, 24.9667212 ], [ -80.585411, 24.966149 ], [ -80.583034, 24.96421 ], [ -80.583747, 24.963025 ], [ -80.5850675, 24.9624263 ], [ -80.5856389, 24.9621673 ], [ -80.586599, 24.961732 ], [ -80.588714400000015, 24.9642664 ], [ -80.589926, 24.965718 ], [ -80.594436, 24.967921 ], [ -80.598839, 24.966149 ], [ -80.5993047, 24.9654048 ], [ -80.600934, 24.962801 ], [ -80.600622, 24.959577 ], [ -80.5976985, 24.9569271 ], [ -80.5967, 24.956022 ], [ -80.5965182, 24.9556302 ], [ -80.59575, 24.953975 ], [ -80.5969491, 24.9516547 ], [ -80.597629, 24.950339 ], [ -80.5984584, 24.9499591 ], [ -80.601454, 24.948587 ], [ -80.60286090000001, 24.9494801 ], [ -80.605008, 24.950843 ], [ -80.6051023, 24.950843 ], [ -80.607266, 24.950843 ], [ -80.610885, 24.952748 ], [ -80.6122094, 24.9518774 ], [ -80.612388, 24.95176 ], [ -80.611937, 24.9493666 ], [ -80.611644, 24.947812 ], [ -80.613338, 24.944169 ], [ -80.6162113, 24.9431084 ], [ -80.616234, 24.9431 ], [ -80.6162593, 24.9431265 ], [ -80.6185978, 24.9455783 ], [ -80.619702, 24.946736 ], [ -80.623184, 24.94671 ], [ -80.6234106, 24.9445384 ], [ -80.623894, 24.939907 ], [ -80.6235609, 24.9389863 ], [ -80.6228315, 24.93697 ], [ -80.62162, 24.933621 ], [ -80.622851, 24.931484 ], [ -80.6290833, 24.925321 ], [ -80.629499, 24.92491 ], [ -80.632022, 24.924333 ], [ -80.633757, 24.921951 ], [ -80.6340219, 24.9216985 ], [ -80.6356503, 24.920147 ], [ -80.635877, 24.919931 ], [ -80.639116, 24.915785 ], [ -80.643333, 24.912843 ], [ -80.643908, 24.9129982 ], [ -80.648367, 24.914202 ], [ -80.64971, 24.913527 ], [ -80.652133, 24.907274 ], [ -80.655851, 24.906471 ], [ -80.659606, 24.905007 ], [ -80.660651, 24.903978 ], [ -80.661032, 24.900218 ], [ -80.6606659, 24.899147 ] ] ], [ [ [ -80.664962, 24.988104 ], [ -80.661634, 24.987565 ], [ -80.659614, 24.987888 ], [ -80.657594, 24.987781 ], [ -80.657832, 24.989504 ], [ -80.657713, 24.990797 ], [ -80.656405, 24.991551 ], [ -80.655098, 24.992305 ], [ -80.654148, 24.993382 ], [ -80.654271, 24.994916 ], [ -80.65529, 24.995998 ], [ -80.65651, 24.996103 ], [ -80.658582, 24.995371 ], [ -80.660582, 24.99574 ], [ -80.661826, 24.995273 ], [ -80.663488, 24.992999 ], [ -80.665556, 24.989396 ], [ -80.664962, 24.988104 ] ] ], [ [ [ -80.66936, 25.034634 ], [ -80.668406, 25.033527 ], [ -80.667058, 25.033312 ], [ -80.66498, 25.033104 ], [ -80.664029, 25.033643 ], [ -80.663816, 25.035153 ], [ -80.66464, 25.037154 ], [ -80.667106, 25.036676 ], [ -80.669088, 25.035768 ], [ -80.66936, 25.034634 ] ] ], [ [ [ -80.670837, 24.92021 ], [ -80.669006, 24.918413 ], [ -80.666389, 24.918518 ], [ -80.663322, 24.92024 ], [ -80.661392, 24.921898 ], [ -80.660828, 24.924028 ], [ -80.662079, 24.926638 ], [ -80.665154, 24.928158 ], [ -80.666542, 24.927647 ], [ -80.668503, 24.926441 ], [ -80.669914, 24.923468 ], [ -80.670837, 24.92021 ] ] ], [ [ [ -80.671384, 24.987638 ], [ -80.669288, 24.987082 ], [ -80.667322, 24.986395 ], [ -80.666745, 24.987242 ], [ -80.667339, 24.988104 ], [ -80.668408, 24.989504 ], [ -80.670085, 24.990165 ], [ -80.671317, 24.989472 ], [ -80.671843, 24.988712 ], [ -80.671384, 24.987638 ] ] ], [ [ [ -80.68042, 25.099282 ], [ -80.678855, 25.098804 ], [ -80.676781, 25.099024 ], [ -80.674368, 25.098523 ], [ -80.672736, 25.098286 ], [ -80.669786, 25.096914 ], [ -80.666932, 25.095962 ], [ -80.666841, 25.097402 ], [ -80.668756, 25.098326 ], [ -80.66965, 25.100869 ], [ -80.671181, 25.102257 ], [ -80.6745, 25.104106 ], [ -80.676926, 25.103644 ], [ -80.678202, 25.101563 ], [ -80.680244, 25.100754 ], [ -80.68042, 25.099282 ] ] ], [ [ [ -80.680001, 25.032251 ], [ -80.678648, 25.031937 ], [ -80.676237, 25.03099 ], [ -80.673729, 25.032916 ], [ -80.67379, 25.03355 ], [ -80.675101, 25.033831 ], [ -80.678061, 25.035262 ], [ -80.680636, 25.032945 ], [ -80.680001, 25.032251 ] ] ], [ [ [ -80.685861, 25.112891 ], [ -80.68318, 25.112659 ], [ -80.681776, 25.114162 ], [ -80.681393, 25.116358 ], [ -80.680627, 25.117629 ], [ -80.679479, 25.117167 ], [ -80.678713, 25.115318 ], [ -80.677691, 25.114624 ], [ -80.675904, 25.114509 ], [ -80.676798, 25.116358 ], [ -80.677691, 25.118554 ], [ -80.677691, 25.120981 ], [ -80.679479, 25.123177 ], [ -80.680755, 25.122137 ], [ -80.682159, 25.123639 ], [ -80.684074, 25.122946 ], [ -80.683691, 25.120403 ], [ -80.685223, 25.119363 ], [ -80.684457, 25.117629 ], [ -80.683308, 25.11682 ], [ -80.683691, 25.115202 ], [ -80.684712, 25.114624 ], [ -80.685861, 25.112891 ] ] ], [ [ [ -80.687065, 25.027197 ], [ -80.684639, 25.026108 ], [ -80.682111, 25.025314 ], [ -80.681831, 25.02795 ], [ -80.682053, 25.03072 ], [ -80.68483, 25.031134 ], [ -80.685989, 25.030594 ], [ -80.687065, 25.027197 ] ] ], [ [ [ -80.69998, 25.053237 ], [ -80.697726, 25.04962 ], [ -80.69448, 25.050071 ], [ -80.692504, 25.052169 ], [ -80.695012, 25.054426 ], [ -80.692698, 25.057272 ], [ -80.692643, 25.060086 ], [ -80.69485, 25.062122 ], [ -80.695635, 25.062084 ], [ -80.698705, 25.057795 ], [ -80.700645, 25.055092 ], [ -80.69998, 25.053237 ] ] ], [ [ [ -80.701538, 25.095759 ], [ -80.698672, 25.0962 ], [ -80.697222, 25.098326 ], [ -80.697222, 25.10006 ], [ -80.698243, 25.102257 ], [ -80.698498, 25.105609 ], [ -80.699136, 25.107342 ], [ -80.700892, 25.108069 ], [ -80.700709, 25.104341 ], [ -80.700157, 25.101447 ], [ -80.702173, 25.09877 ], [ -80.701538, 25.095759 ] ] ], [ [ [ -80.702838, 25.121328 ], [ -80.7007, 25.118386 ], [ -80.700903, 25.11582 ], [ -80.699519, 25.115896 ], [ -80.697094, 25.118438 ], [ -80.694413, 25.119941 ], [ -80.694541, 25.122252 ], [ -80.696711, 25.122483 ], [ -80.698626, 25.121212 ], [ -80.700157, 25.122252 ], [ -80.701562, 25.122599 ], [ -80.702838, 25.121328 ] ] ], [ [ [ -80.704353, 24.898529 ], [ -80.70259, 24.897037 ], [ -80.698975, 24.896603 ], [ -80.696421, 24.896647 ], [ -80.694436, 24.897467 ], [ -80.693404, 24.899532 ], [ -80.69519, 24.904162 ], [ -80.696965, 24.908076 ], [ -80.698058, 24.908869 ], [ -80.69935, 24.908538 ], [ -80.700491, 24.90807 ], [ -80.702567, 24.904965 ], [ -80.704003, 24.902058 ], [ -80.704353, 24.898529 ] ] ], [ [ [ -80.713633, 25.139346 ], [ -80.71186, 25.136385 ], [ -80.710028, 25.13486 ], [ -80.707711, 25.132593 ], [ -80.706017, 25.128904 ], [ -80.704373, 25.128191 ], [ -80.701817, 25.127684 ], [ -80.701179, 25.126182 ], [ -80.699647, 25.125719 ], [ -80.698626, 25.127106 ], [ -80.700285, 25.12988 ], [ -80.700923, 25.131498 ], [ -80.701689, 25.133347 ], [ -80.703476, 25.133693 ], [ -80.705263, 25.135542 ], [ -80.708199, 25.136814 ], [ -80.709603, 25.137507 ], [ -80.710369, 25.139702 ], [ -80.709603, 25.14132 ], [ -80.711135, 25.143054 ], [ -80.712539, 25.143169 ], [ -80.71356, 25.141667 ], [ -80.714958, 25.140795 ], [ -80.713633, 25.139346 ] ] ], [ [ [ -80.715231, 25.148818 ], [ -80.714637, 25.146559 ], [ -80.712973, 25.143977 ], [ -80.711309, 25.144408 ], [ -80.710953, 25.145806 ], [ -80.712498, 25.148065 ], [ -80.714756, 25.149787 ], [ -80.715231, 25.148818 ] ] ], [ [ [ -80.72734, 25.093261 ], [ -80.726205, 25.093192 ], [ -80.724637, 25.093824 ], [ -80.723228, 25.095847 ], [ -80.723231, 25.098128 ], [ -80.725196, 25.099155 ], [ -80.728296, 25.094736 ], [ -80.72734, 25.093261 ] ] ], [ [ [ -80.73063, 24.993232 ], [ -80.728903, 24.994097 ], [ -80.726251, 24.996229 ], [ -80.725605, 24.999998 ], [ -80.72388, 25.003847 ], [ -80.723687, 25.005051 ], [ -80.730093, 25.002447 ], [ -80.730168, 25.000389 ], [ -80.731633, 24.995539 ], [ -80.73063, 24.993232 ] ] ], [ [ [ -80.736778, 25.064829 ], [ -80.735672, 25.064835 ], [ -80.733835, 25.065766 ], [ -80.731979, 25.065144 ], [ -80.731012, 25.063614 ], [ -80.729941, 25.062012 ], [ -80.727989, 25.062618 ], [ -80.727119, 25.06356 ], [ -80.727065, 25.065052 ], [ -80.727997, 25.067182 ], [ -80.72844, 25.068525 ], [ -80.727965, 25.069494 ], [ -80.728203, 25.070893 ], [ -80.729867, 25.070463 ], [ -80.73058, 25.06874 ], [ -80.731781, 25.068012 ], [ -80.733002, 25.069267 ], [ -80.733335, 25.071442 ], [ -80.734321, 25.072157 ], [ -80.736097, 25.070643 ], [ -80.735795, 25.068964 ], [ -80.736344, 25.066948 ], [ -80.737149, 25.065548 ], [ -80.736778, 25.064829 ] ] ], [ [ [ -80.740108, 25.008277 ], [ -80.7384, 25.004321 ], [ -80.736917, 25.002469 ], [ -80.735857, 25.002888 ], [ -80.735532, 25.005445 ], [ -80.73785, 25.01044 ], [ -80.739, 25.010466 ], [ -80.740108, 25.008277 ] ] ], [ [ [ -80.741319, 24.852514 ], [ -80.739411, 24.850351 ], [ -80.73748, 24.848739 ], [ -80.7353918, 24.8488142 ], [ -80.735175, 24.848822 ], [ -80.73415, 24.850612 ], [ -80.732051, 24.852633 ], [ -80.7310437, 24.8538392 ], [ -80.729807, 24.85532 ], [ -80.725765, 24.857914 ], [ -80.721264, 24.859859 ], [ -80.718434, 24.860894 ], [ -80.714601, 24.862388 ], [ -80.710735, 24.863973 ], [ -80.708642, 24.866098 ], [ -80.705468, 24.867717 ], [ -80.703332, 24.868351 ], [ -80.701817, 24.870217 ], [ -80.700502, 24.872221 ], [ -80.698191, 24.875167 ], [ -80.695986, 24.877725 ], [ -80.69403, 24.879013 ], [ -80.691535, 24.879823 ], [ -80.689872, 24.881761 ], [ -80.690651, 24.884221 ], [ -80.691429, 24.885064 ], [ -80.6962131, 24.8844726 ], [ -80.69642, 24.884447 ], [ -80.699498, 24.882801 ], [ -80.704085, 24.880301 ], [ -80.705026, 24.87795 ], [ -80.704352, 24.874748 ], [ -80.704666, 24.872551 ], [ -80.706898, 24.870811 ], [ -80.710706, 24.869418 ], [ -80.712323, 24.866819 ], [ -80.714471, 24.866009 ], [ -80.716805, 24.865145 ], [ -80.718511, 24.863004 ], [ -80.72065, 24.862465 ], [ -80.722852, 24.863762 ], [ -80.726299, 24.866574 ], [ -80.727855, 24.866095 ], [ -80.728756500000017, 24.8658582 ], [ -80.729296, 24.8657164 ], [ -80.731235, 24.865207 ], [ -80.732966, 24.864315 ], [ -80.734118, 24.862922 ], [ -80.7359536, 24.8605979 ], [ -80.7363328, 24.8601178 ], [ -80.736489, 24.85992 ], [ -80.738854, 24.858764 ], [ -80.7393298, 24.8581573 ], [ -80.74053, 24.856627 ], [ -80.740793, 24.854949 ], [ -80.7410596, 24.853715 ], [ -80.741319, 24.852514 ] ] ], [ [ [ -80.758285, 25.0293 ], [ -80.753951, 25.028585 ], [ -80.750672, 25.026353 ], [ -80.749596, 25.027061 ], [ -80.749776, 25.028221 ], [ -80.753117, 25.030363 ], [ -80.75567, 25.030914 ], [ -80.75559, 25.034525 ], [ -80.753988, 25.036473 ], [ -80.753691, 25.037893 ], [ -80.754511, 25.03908 ], [ -80.755697, 25.038571 ], [ -80.758024, 25.036293 ], [ -80.759065, 25.032709 ], [ -80.758285, 25.0293 ] ] ], [ [ [ -80.762767, 25.143655 ], [ -80.760886, 25.143528 ], [ -80.759271, 25.143857 ], [ -80.758845, 25.145268 ], [ -80.760509, 25.146344 ], [ -80.762529, 25.145268 ], [ -80.762767, 25.143655 ] ] ], [ [ [ -80.787986, 24.938723 ], [ -80.786893, 24.937544 ], [ -80.784714, 24.936768 ], [ -80.783693, 24.937186 ], [ -80.783246, 24.938033 ], [ -80.782672, 24.939327 ], [ -80.783891, 24.940841 ], [ -80.786331, 24.940963 ], [ -80.788172, 24.940462 ], [ -80.787986, 24.938723 ] ] ], [ [ [ -80.791534, 25.023567 ], [ -80.789232, 25.023182 ], [ -80.787135, 25.023011 ], [ -80.785788, 25.023655 ], [ -80.785232, 25.024756 ], [ -80.786301, 25.026556 ], [ -80.789648, 25.026551 ], [ -80.791243, 25.025307 ], [ -80.791534, 25.023567 ] ] ], [ [ [ -80.791292, 25.129316 ], [ -80.789617, 25.128105 ], [ -80.786703, 25.124423 ], [ -80.784417, 25.123399 ], [ -80.782186, 25.121587 ], [ -80.781182, 25.122027 ], [ -80.780918, 25.123904 ], [ -80.784277, 25.127302 ], [ -80.78701, 25.129561 ], [ -80.789268, 25.132036 ], [ -80.791289, 25.132573 ], [ -80.792239, 25.131713 ], [ -80.791292, 25.129316 ] ] ], [ [ [ -80.792398, 25.09398 ], [ -80.791123, 25.09147 ], [ -80.790053, 25.090038 ], [ -80.787672, 25.089118 ], [ -80.785495, 25.091837 ], [ -80.78567, 25.092476 ], [ -80.787115, 25.092223 ], [ -80.789454, 25.092091 ], [ -80.790252, 25.093804 ], [ -80.791594, 25.094558 ], [ -80.792398, 25.09398 ] ] ], [ [ [ -80.792952, 25.069454 ], [ -80.7923, 25.067924 ], [ -80.789755, 25.066734 ], [ -80.787519, 25.068677 ], [ -80.788673, 25.071034 ], [ -80.792444, 25.071177 ], [ -80.792952, 25.069454 ] ] ], [ [ [ -80.832497, 24.992512 ], [ -80.830025, 24.989725 ], [ -80.829765, 24.987682 ], [ -80.829315, 24.987165 ], [ -80.827909, 24.987926 ], [ -80.827196, 24.988895 ], [ -80.827771, 24.990621 ], [ -80.829231, 24.992121 ], [ -80.829887, 24.994453 ], [ -80.831711, 24.994608 ], [ -80.832726, 24.993469 ], [ -80.832497, 24.992512 ] ] ], [ [ [ -80.833488, 25.11768 ], [ -80.831934, 25.116657 ], [ -80.830858, 25.115236 ], [ -80.829219, 25.11467 ], [ -80.828657, 25.114961 ], [ -80.830114, 25.117587 ], [ -80.831118, 25.119349 ], [ -80.831826, 25.120114 ], [ -80.832298, 25.121699 ], [ -80.833471, 25.121408 ], [ -80.834154, 25.119772 ], [ -80.833488, 25.11768 ] ] ], [ [ [ -80.849276, 24.803514 ], [ -80.84669, 24.802757 ], [ -80.840918, 24.805473 ], [ -80.835017, 24.806939 ], [ -80.828993, 24.809622 ], [ -80.824377, 24.812375 ], [ -80.807373, 24.812436 ], [ -80.797704, 24.811571 ], [ -80.794531, 24.81205 ], [ -80.786881, 24.822771 ], [ -80.788397, 24.825326 ], [ -80.791148, 24.825668 ], [ -80.799647, 24.817453 ], [ -80.80733, 24.818698 ], [ -80.8088962, 24.8216761 ], [ -80.810211, 24.824176 ], [ -80.809732, 24.8251788 ], [ -80.808877, 24.826969 ], [ -80.801937, 24.833456 ], [ -80.796637, 24.837193 ], [ -80.790546, 24.840159 ], [ -80.790477, 24.84295 ], [ -80.792714, 24.843482 ], [ -80.804677, 24.83479 ], [ -80.808878, 24.833527 ], [ -80.8121077, 24.8299733 ], [ -80.813614, 24.828316 ], [ -80.813024, 24.827078 ], [ -80.815607, 24.825407 ], [ -80.816489, 24.823764 ], [ -80.8170212, 24.8237217 ], [ -80.819986, 24.823486 ], [ -80.829357, 24.814905 ], [ -80.830486, 24.812394 ], [ -80.836221, 24.809296 ], [ -80.846142, 24.807488 ], [ -80.848245, 24.805826 ], [ -80.849276, 24.803514 ] ] ], [ [ [ -80.8524, 25.10851 ], [ -80.851471, 25.107736 ], [ -80.849757, 25.108473 ], [ -80.8498, 25.109667 ], [ -80.850375, 25.110719 ], [ -80.852044, 25.110801 ], [ -80.852636, 25.109865 ], [ -80.8524, 25.10851 ] ] ], [ [ [ -80.865802, 25.031146 ], [ -80.865342, 25.029951 ], [ -80.863547, 25.029655 ], [ -80.860895, 25.031059 ], [ -80.861578, 25.031676 ], [ -80.862189, 25.033801 ], [ -80.8626, 25.03396 ], [ -80.864135, 25.03298 ], [ -80.865385, 25.032385 ], [ -80.865802, 25.031146 ] ] ], [ [ [ -80.88343, 25.109129 ], [ -80.8825, 25.108339 ], [ -80.880226, 25.108561 ], [ -80.878067, 25.109367 ], [ -80.876076, 25.110876 ], [ -80.875795, 25.112098 ], [ -80.875381, 25.115257 ], [ -80.876534, 25.117168 ], [ -80.879288, 25.118916 ], [ -80.880821, 25.119213 ], [ -80.881348, 25.118399 ], [ -80.881142, 25.117611 ], [ -80.880875, 25.117054 ], [ -80.88089, 25.115562 ], [ -80.881195, 25.113785 ], [ -80.883118, 25.110668 ], [ -80.88343, 25.109129 ] ] ], [ [ [ -80.887148, 25.059383 ], [ -80.886369, 25.058447 ], [ -80.885359, 25.058095 ], [ -80.88392, 25.059201 ], [ -80.883582, 25.059878 ], [ -80.884814, 25.061199 ], [ -80.885781, 25.061062 ], [ -80.887311, 25.059835 ], [ -80.887148, 25.059383 ] ] ], [ [ [ -80.904901, 25.050657 ], [ -80.904055, 25.04966 ], [ -80.902273, 25.049313 ], [ -80.901583, 25.050331 ], [ -80.901776, 25.052214 ], [ -80.903444, 25.05233 ], [ -80.904955, 25.051648 ], [ -80.904901, 25.050657 ] ] ], [ [ [ -80.908605, 25.132541 ], [ -80.905406, 25.132562 ], [ -80.900573, 25.134901 ], [ -80.900209, 25.137411 ], [ -80.904231, 25.137429 ], [ -80.909391, 25.133438 ], [ -80.908605, 25.132541 ] ] ], [ [ [ -80.913992, 25.107044 ], [ -80.912832, 25.105056 ], [ -80.912179, 25.103493 ], [ -80.911067, 25.101951 ], [ -80.909767, 25.101874 ], [ -80.907814, 25.102897 ], [ -80.907384, 25.104329 ], [ -80.908792, 25.106135 ], [ -80.910624, 25.107968 ], [ -80.9115, 25.109653 ], [ -80.91202, 25.110325 ], [ -80.913332, 25.110077 ], [ -80.914995, 25.108624 ], [ -80.913992, 25.107044 ] ] ], [ [ [ -80.922944, 24.765688 ], [ -80.919652, 24.766497 ], [ -80.916119, 24.766502 ], [ -80.913188, 24.765863 ], [ -80.912115, 24.765968 ], [ -80.909643, 24.767393 ], [ -80.907616, 24.76862 ], [ -80.906531, 24.770652 ], [ -80.907362, 24.772584 ], [ -80.907862, 24.774555 ], [ -80.908386, 24.776872 ], [ -80.90876, 24.777604 ], [ -80.910913, 24.777469 ], [ -80.912458, 24.777037 ], [ -80.914003, 24.778656 ], [ -80.91531, 24.7779 ], [ -80.91424, 24.776498 ], [ -80.914478, 24.774555 ], [ -80.91531, 24.773261 ], [ -80.916736, 24.770563 ], [ -80.920658, 24.769052 ], [ -80.922203, 24.767973 ], [ -80.923153, 24.766678 ], [ -80.922944, 24.765688 ] ] ], [ [ [ -80.9313577, 24.7668243 ], [ -80.931353, 24.766786 ], [ -80.9312462, 24.7646369 ], [ -80.931235, 24.764412 ], [ -80.931531, 24.763398 ], [ -80.928353, 24.764257 ], [ -80.926362, 24.765923 ], [ -80.925768, 24.767649 ], [ -80.9258166, 24.7679134 ], [ -80.926006, 24.768944 ], [ -80.928228, 24.7692628 ], [ -80.928264, 24.769268 ], [ -80.929333, 24.770023 ], [ -80.930997, 24.770131 ], [ -80.9312027, 24.7696455 ], [ -80.931591, 24.768729 ], [ -80.9313577, 24.7668243 ] ] ], [ [ [ -80.932211, 25.080004 ], [ -80.931183, 25.079211 ], [ -80.929877, 25.078468 ], [ -80.927345, 25.078445 ], [ -80.926009, 25.079249 ], [ -80.925168, 25.080554 ], [ -80.929533, 25.08089 ], [ -80.931574, 25.080643 ], [ -80.932211, 25.080004 ] ] ], [ [ [ -80.944036, 25.107662 ], [ -80.941642, 25.10617 ], [ -80.939187, 25.106341 ], [ -80.938159, 25.107178 ], [ -80.935245, 25.107811 ], [ -80.932481, 25.109231 ], [ -80.935317, 25.111092 ], [ -80.939217, 25.109694 ], [ -80.943413, 25.108626 ], [ -80.944036, 25.107662 ] ] ], [ [ [ -81.124094, 24.704873 ], [ -81.12019, 24.704183 ], [ -81.1200878, 24.7040592 ], [ -81.115973, 24.699071 ], [ -81.112848, 24.692245 ], [ -81.1117755, 24.6911784 ], [ -81.1113675, 24.6907725 ], [ -81.110081, 24.689493 ], [ -81.108041, 24.688592 ], [ -81.097547, 24.690009 ], [ -81.094438, 24.689343 ], [ -81.0932913, 24.6896554 ], [ -81.0871628, 24.6913249 ], [ -81.086696, 24.691452 ], [ -81.085304, 24.691638 ], [ -81.08244, 24.691955 ], [ -81.081777, 24.690678 ], [ -81.079307, 24.689494 ], [ -81.0773, 24.689974 ], [ -81.075414, 24.690833 ], [ -81.075492, 24.691813 ], [ -81.078439, 24.692382 ], [ -81.0785791, 24.6944939 ], [ -81.0785865, 24.6946055 ], [ -81.078716, 24.696557 ], [ -81.077034, 24.7010891 ], [ -81.075855, 24.704266 ], [ -81.073439, 24.706436 ], [ -81.0732899, 24.706751 ], [ -81.0719578, 24.7095649 ], [ -81.071758, 24.709987 ], [ -81.071034, 24.711722 ], [ -81.067135, 24.714931 ], [ -81.064554, 24.715453 ], [ -81.0640769, 24.7154835 ], [ -81.060149, 24.715735 ], [ -81.057118, 24.717475 ], [ -81.056842, 24.7176691 ], [ -81.0535374, 24.7199933 ], [ -81.053471, 24.72004 ], [ -81.053243, 24.7201157 ], [ -81.0505161, 24.7210211 ], [ -81.0503945, 24.7210615 ], [ -81.049634, 24.721314 ], [ -81.0451347, 24.7230813 ], [ -81.0410661, 24.7246794 ], [ -81.0407355, 24.7248093 ], [ -81.0399311, 24.7251252 ], [ -81.0348898, 24.7271054 ], [ -81.03429, 24.727341 ], [ -81.032447, 24.727323 ], [ -81.0313874, 24.7276479 ], [ -81.029753, 24.728149 ], [ -81.0291473, 24.7275986 ], [ -81.028415099999989, 24.7269332 ], [ -81.028208, 24.726745 ], [ -81.029159, 24.723939 ], [ -81.030286, 24.722837 ], [ -81.029457, 24.721116 ], [ -81.023794, 24.716901 ], [ -81.015933, 24.719881 ], [ -81.011784, 24.721909 ], [ -81.0112036, 24.7225262 ], [ -81.009951, 24.723858 ], [ -81.006629, 24.726808 ], [ -80.9967189, 24.7312372 ], [ -80.992343, 24.733193 ], [ -80.979874, 24.741154 ], [ -80.976118, 24.742413 ], [ -80.975503, 24.744932 ], [ -80.9715546, 24.7468903 ], [ -80.970543, 24.747392 ], [ -80.96762, 24.747917 ], [ -80.964254, 24.751705 ], [ -80.9628272, 24.7525835 ], [ -80.943221, 24.7646548 ], [ -80.943098, 24.7647306 ], [ -80.938543, 24.767535 ], [ -80.9384523, 24.7676077 ], [ -80.9355071, 24.7699693 ], [ -80.9353396, 24.7701037 ], [ -80.933017, 24.771966 ], [ -80.931235, 24.772937 ], [ -80.9312716, 24.7732216 ], [ -80.931416, 24.774344 ], [ -80.932043, 24.775241 ], [ -80.9325142, 24.7752349 ], [ -80.9336236, 24.7752205 ], [ -80.935432, 24.775197 ], [ -80.9367555, 24.7749668 ], [ -80.939065, 24.774565 ], [ -80.947278, 24.768621 ], [ -80.949417, 24.765923 ], [ -80.95215, 24.766139 ], [ -80.9520552, 24.767687 ], [ -80.9520221, 24.7682277 ], [ -80.951932, 24.769699 ], [ -80.953814, 24.770887 ], [ -80.955245, 24.76933 ], [ -80.9563221, 24.7680237 ], [ -80.958489, 24.765396 ], [ -80.9591988, 24.7649886 ], [ -80.961895, 24.763441 ], [ -80.9636341, 24.7636678 ], [ -80.963958, 24.76371 ], [ -80.965814, 24.760682 ], [ -80.966953, 24.758369 ], [ -80.969624, 24.758622 ], [ -80.9707673, 24.7589761 ], [ -80.971939, 24.759339 ], [ -80.9743175, 24.7582112 ], [ -80.9751322, 24.7578248 ], [ -80.977072, 24.756905 ], [ -80.9777433, 24.7559656 ], [ -80.9789164, 24.7543241 ], [ -80.979959, 24.752865 ], [ -80.983168, 24.754592 ], [ -80.9845746, 24.7571231 ], [ -80.9858325, 24.7593866 ], [ -80.986115, 24.759895 ], [ -80.988683, 24.76016 ], [ -80.9873355, 24.7550431 ], [ -80.987198, 24.754521 ], [ -80.989397, 24.749816 ], [ -80.994268, 24.7486699 ], [ -80.994527, 24.748609 ], [ -80.994575, 24.747959 ], [ -80.99385, 24.745925 ], [ -80.9938662, 24.7458707 ], [ -80.994426, 24.743991 ], [ -80.9958009, 24.7432699 ], [ -80.99843, 24.741891 ], [ -81.000236, 24.742373 ], [ -81.002245, 24.741814 ], [ -81.003014, 24.740778 ], [ -81.005919, 24.7396915 ], [ -81.008142, 24.73886 ], [ -81.010089, 24.740545 ], [ -81.011825, 24.739901 ], [ -81.0121095, 24.7394212 ], [ -81.013353, 24.737324 ], [ -81.016918, 24.734676 ], [ -81.0185401, 24.7341863 ], [ -81.0187428, 24.7341251 ], [ -81.021072, 24.733422 ], [ -81.0227646, 24.7343559 ], [ -81.023573, 24.734802 ], [ -81.02595, 24.733546 ], [ -81.0266245, 24.7346829 ], [ -81.027286, 24.735798 ], [ -81.0288253, 24.7376286 ], [ -81.02894, 24.737765 ], [ -81.030923, 24.737723 ], [ -81.034744, 24.740454 ], [ -81.036698, 24.742827 ], [ -81.0414513, 24.7432649 ], [ -81.041593, 24.743278 ], [ -81.041793, 24.743162 ], [ -81.045957199999989, 24.7407466 ], [ -81.046272, 24.740564 ], [ -81.0468279, 24.7401782 ], [ -81.05057, 24.737581 ], [ -81.0508405, 24.737285 ], [ -81.0514764, 24.7365892 ], [ -81.05646, 24.731136 ], [ -81.061451, 24.728992 ], [ -81.0653187, 24.7253398 ], [ -81.0666333, 24.7240985 ], [ -81.066816, 24.723926 ], [ -81.065405, 24.720916 ], [ -81.0662927, 24.7208373 ], [ -81.0691708, 24.7205822 ], [ -81.071667, 24.720361 ], [ -81.0730844, 24.7193189 ], [ -81.076932, 24.71649 ], [ -81.077617, 24.721333 ], [ -81.080733, 24.7182 ], [ -81.0823449, 24.7179237 ], [ -81.0831788, 24.7177808 ], [ -81.0896655, 24.716669 ], [ -81.090214, 24.716575 ], [ -81.092201, 24.7155545 ], [ -81.0956416, 24.7137873 ], [ -81.099135, 24.711993 ], [ -81.1006434, 24.7118182 ], [ -81.1029547, 24.7115503 ], [ -81.1050316, 24.7113096 ], [ -81.105287, 24.71128 ], [ -81.1072981, 24.7127193 ], [ -81.107355, 24.71276 ], [ -81.1126354, 24.7104341 ], [ -81.113171, 24.7101982 ], [ -81.116318400000011, 24.7088118 ], [ -81.118586, 24.707813 ], [ -81.124761, 24.707129 ], [ -81.124094, 24.704873 ] ] ], [ [ [ -81.231461, 24.780889 ], [ -81.230055, 24.776859 ], [ -81.227745, 24.775318 ], [ -81.226135, 24.775721 ], [ -81.227076, 24.77828 ], [ -81.227978, 24.781785 ], [ -81.230997, 24.782133 ], [ -81.231461, 24.780889 ] ] ], [ [ [ -81.281778, 24.65375 ], [ -81.276826, 24.655817 ], [ -81.27324, 24.659066 ], [ -81.268838, 24.660598 ], [ -81.267254, 24.660122 ], [ -81.257711, 24.664309 ], [ -81.254921, 24.664811 ], [ -81.251613, 24.666173 ], [ -81.24988, 24.66784 ], [ -81.247705, 24.669414 ], [ -81.244761, 24.669202 ], [ -81.242992, 24.672462 ], [ -81.243232, 24.673998 ], [ -81.246095, 24.675832 ], [ -81.249799, 24.673357 ], [ -81.252102, 24.67287 ], [ -81.253531, 24.674153 ], [ -81.257785, 24.675061 ], [ -81.260006, 24.674848 ], [ -81.263878, 24.670697 ], [ -81.265481, 24.66865 ], [ -81.267908, 24.664986 ], [ -81.271972, 24.663636 ], [ -81.274156, 24.662992 ], [ -81.27769, 24.660031 ], [ -81.280808, 24.655625 ], [ -81.281778, 24.65375 ] ] ], [ [ [ -81.295242, 24.775444 ], [ -81.293946, 24.77257 ], [ -81.289243, 24.769035 ], [ -81.285734, 24.768242 ], [ -81.284979, 24.771682 ], [ -81.286384, 24.774171 ], [ -81.287758, 24.776352 ], [ -81.290616, 24.778092 ], [ -81.293233, 24.780834 ], [ -81.294433, 24.779573 ], [ -81.295626, 24.777344 ], [ -81.295242, 24.775444 ] ] ], [ [ [ -81.314255, 24.750815 ], [ -81.311997, 24.749843 ], [ -81.30974, 24.748548 ], [ -81.307244, 24.748332 ], [ -81.303203, 24.74639 ], [ -81.298959, 24.743645 ], [ -81.299509, 24.747033 ], [ -81.302811, 24.751446 ], [ -81.305054, 24.755185 ], [ -81.306097, 24.757079 ], [ -81.309793, 24.756848 ], [ -81.31176, 24.756103 ], [ -81.312948, 24.753297 ], [ -81.314255, 24.752541 ], [ -81.314255, 24.750815 ] ] ], [ [ [ -81.327592, 24.762307 ], [ -81.324, 24.759556 ], [ -81.318415, 24.756642 ], [ -81.317345, 24.75675 ], [ -81.317702, 24.758153 ], [ -81.319265, 24.761026 ], [ -81.321643, 24.764026 ], [ -81.324221, 24.76706 ], [ -81.325126, 24.767115 ], [ -81.327073, 24.763855 ], [ -81.327592, 24.762307 ] ] ], [ [ [ -81.329348, 24.726638 ], [ -81.322289, 24.728781 ], [ -81.317055, 24.728306 ], [ -81.312767, 24.727354 ], [ -81.309914, 24.724974 ], [ -81.305153, 24.715933 ], [ -81.303253, 24.714029 ], [ -81.301181, 24.713994 ], [ -81.297401, 24.716732 ], [ -81.299282, 24.716922 ], [ -81.302134, 24.72124 ], [ -81.302253, 24.730308 ], [ -81.303679, 24.732466 ], [ -81.307838, 24.735381 ], [ -81.310453, 24.738727 ], [ -81.313305, 24.737971 ], [ -81.317464, 24.739266 ], [ -81.321267, 24.743368 ], [ -81.324119, 24.74585 ], [ -81.325902, 24.746174 ], [ -81.328397, 24.750275 ], [ -81.330376, 24.749722 ], [ -81.32816, 24.743691 ], [ -81.325664, 24.739806 ], [ -81.325664, 24.737216 ], [ -81.325545, 24.733006 ], [ -81.325189, 24.730955 ], [ -81.328754, 24.729768 ], [ -81.330645, 24.729531 ], [ -81.329348, 24.726638 ] ] ], [ [ [ -81.342064, 24.738187 ], [ -81.340281, 24.737216 ], [ -81.337667, 24.737216 ], [ -81.336122, 24.735273 ], [ -81.334102, 24.73387 ], [ -81.332913, 24.731603 ], [ -81.332081, 24.732682 ], [ -81.331606, 24.734733 ], [ -81.331487, 24.738835 ], [ -81.330893, 24.741641 ], [ -81.333626, 24.744231 ], [ -81.335884, 24.744987 ], [ -81.33636, 24.744771 ], [ -81.33636, 24.74326 ], [ -81.335765, 24.740885 ], [ -81.33636, 24.740022 ], [ -81.338736, 24.73959 ], [ -81.342183, 24.739158 ], [ -81.342064, 24.738187 ] ] ], [ [ [ -81.357004, 25.696645 ], [ -81.355624, 25.692516 ], [ -81.350556, 25.689832 ], [ -81.341146, 25.692179 ], [ -81.338242, 25.692895 ], [ -81.337988, 25.697514 ], [ -81.336009, 25.704439 ], [ -81.336009, 25.707865 ], [ -81.338386, 25.710863 ], [ -81.341238, 25.712577 ], [ -81.352154, 25.707345 ], [ -81.355986, 25.703526 ], [ -81.357004, 25.696645 ] ] ], [ [ [ -81.444312, 24.632921 ], [ -81.442059, 24.632513 ], [ -81.440873, 24.632971 ], [ -81.440764, 24.634611 ], [ -81.441716, 24.636031 ], [ -81.442945, 24.636241 ], [ -81.444252, 24.635283 ], [ -81.444312, 24.632921 ] ] ], [ [ [ -81.470229, 25.803327 ], [ -81.457889, 25.797754 ], [ -81.441368, 25.799226 ], [ -81.435597, 25.796064 ], [ -81.423989, 25.79372 ], [ -81.41504, 25.78435 ], [ -81.395192, 25.779157 ], [ -81.389012, 25.781297 ], [ -81.38381, 25.776751 ], [ -81.381406, 25.775519 ], [ -81.380576, 25.766724 ], [ -81.379448, 25.757147 ], [ -81.381881, 25.74919 ], [ -81.369997, 25.743409 ], [ -81.360159, 25.741793 ], [ -81.36049, 25.736987 ], [ -81.355248, 25.728727 ], [ -81.346078, 25.721473 ], [ -81.335037, 25.715649 ], [ -81.330305, 25.710649 ], [ -81.318183, 25.70551 ], [ -81.311899, 25.702911 ], [ -81.303259, 25.693734 ], [ -81.290328, 25.687506 ], [ -81.287523, 25.679379 ], [ -81.291853, 25.672484 ], [ -81.284907, 25.668884 ], [ -81.289424, 25.663741 ], [ -81.289424, 25.657957 ], [ -81.289899, 25.654315 ], [ -81.28372, 25.653672 ], [ -81.283007, 25.644887 ], [ -81.274211, 25.639953 ], [ -81.273325, 25.638499 ], [ -81.275268, 25.624724 ], [ -81.271489, 25.61434 ], [ -81.251158, 25.608457 ], [ -81.241708, 25.606524 ], [ -81.240519, 25.599041 ], [ -81.242839, 25.592381 ], [ -81.240224, 25.583163 ], [ -81.239036, 25.579733 ], [ -81.232705, 25.573366 ], [ -81.233577, 25.568906 ], [ -81.228435, 25.564542 ], [ -81.225557, 25.55847 ], [ -81.220044, 25.553667 ], [ -81.21408, 25.54993 ], [ -81.209321, 25.548611 ], [ -81.204389, 25.538908 ], [ -81.203175, 25.53416 ], [ -81.210149, 25.516888 ], [ -81.209707, 25.506491 ], [ -81.18898, 25.480728 ], [ -81.180235, 25.47525 ], [ -81.173436, 25.472064 ], [ -81.16797, 25.469489 ], [ -81.168652, 25.463848 ], [ -81.167109, 25.450878 ], [ -81.162537, 25.441148 ], [ -81.157151, 25.434494 ], [ -81.157512, 25.426565 ], [ -81.151826, 25.421567 ], [ -81.149859, 25.41613 ], [ -81.150482, 25.413457 ], [ -81.149696, 25.409185 ], [ -81.146765, 25.407577 ], [ -81.147144, 25.404297 ], [ -81.150656, 25.399206 ], [ -81.150508, 25.387255 ], [ -81.146868, 25.383614 ], [ -81.141395, 25.381358 ], [ -81.128492, 25.380511 ], [ -81.123048, 25.379116 ], [ -81.12186, 25.37568 ], [ -81.12445, 25.371309 ], [ -81.122527, 25.366933 ], [ -81.125159, 25.363935 ], [ -81.12514, 25.361214 ], [ -81.119157, 25.359261 ], [ -81.117265, 25.354953 ], [ -81.118208, 25.34522 ], [ -81.12141, 25.33875 ], [ -81.133913, 25.342996 ], [ -81.140099, 25.341117 ], [ -81.148103, 25.332793 ], [ -81.151916, 25.324766 ], [ -81.148915, 25.318067 ], [ -81.1523, 25.305543 ], [ -81.159293, 25.298595 ], [ -81.16207, 25.289833 ], [ -81.162761, 25.28481 ], [ -81.161204, 25.280879 ], [ -81.161623, 25.275352 ], [ -81.164214, 25.27424 ], [ -81.167115, 25.269968 ], [ -81.168307, 25.253178 ], [ -81.170907, 25.245857 ], [ -81.172044, 25.222276 ], [ -81.161847, 25.214734 ], [ -81.155481, 25.208098 ], [ -81.149017, 25.19771 ], [ -81.142278, 25.183 ], [ -81.141024, 25.163868 ], [ -81.140985, 25.157189 ], [ -81.133567, 25.156295 ], [ -81.127394, 25.155389 ], [ -81.120616, 25.152302 ], [ -81.111943, 25.14547 ], [ -81.103449, 25.137052 ], [ -81.097261, 25.131273 ], [ -81.094524, 25.127054 ], [ -81.090666, 25.11791 ], [ -81.087927, 25.116171 ], [ -81.08393, 25.116194 ], [ -81.079859, 25.118797 ], [ -81.066076, 25.124286 ], [ -81.050505, 25.128273 ], [ -81.022989, 25.129393 ], [ -81.009598, 25.125403 ], [ -80.999176, 25.124222 ], [ -80.971765, 25.133958 ], [ -80.966675, 25.134027 ], [ -80.964303, 25.132172 ], [ -80.96166, 25.134336 ], [ -80.957427, 25.135704 ], [ -80.949819, 25.134442 ], [ -80.949178, 25.130231 ], [ -80.945543, 25.128436 ], [ -80.943216, 25.134443 ], [ -80.915924, 25.141301 ], [ -80.900577, 25.139669 ], [ -80.898911, 25.147652 ], [ -80.901617, 25.153803 ], [ -80.900066, 25.162034 ], [ -80.894648, 25.165426 ], [ -80.888072, 25.166442 ], [ -80.88552, 25.165241 ], [ -80.883389, 25.166952 ], [ -80.880466, 25.171416 ], [ -80.87546, 25.174321 ], [ -80.868151, 25.175953 ], [ -80.858167, 25.176576 ], [ -80.8578515, 25.1766113 ], [ -80.858107, 25.211138 ], [ -80.857989, 25.243 ], [ -80.861991, 25.242898 ], [ -80.862191, 25.364193 ], [ -80.87319, 25.363993 ], [ -80.873094, 25.623461 ], [ -80.87327, 25.625385 ], [ -80.873096, 25.805377 ], [ -81.259917, 25.804092 ], [ -81.301473, 25.804002 ], [ -81.321397, 25.803719 ], [ -81.324779, 25.803475 ], [ -81.452552, 25.803674 ], [ -81.4700317, 25.8035786 ], [ -81.470229, 25.803327 ] ] ], [ [ [ -81.482815, 24.617157 ], [ -81.480265, 24.616758 ], [ -81.477095, 24.614798 ], [ -81.473471, 24.612284 ], [ -81.471471, 24.609851 ], [ -81.468893, 24.60847 ], [ -81.467665, 24.609973 ], [ -81.467557, 24.611586 ], [ -81.469039, 24.613155 ], [ -81.471213, 24.614079 ], [ -81.472917, 24.61425 ], [ -81.475905, 24.616027 ], [ -81.47917, 24.617838 ], [ -81.480986, 24.618613 ], [ -81.482815, 24.618093 ], [ -81.482815, 24.617157 ] ] ], [ [ [ -81.81204, 24.566092 ], [ -81.810805, 24.566 ], [ -81.809222, 24.568361 ], [ -81.809588, 24.569509 ], [ -81.810945, 24.569536 ], [ -81.812306, 24.567331 ], [ -81.81204, 24.566092 ] ] ], [ [ [ -81.812536, 24.545469 ], [ -81.803556, 24.544506 ], [ -81.7972025, 24.5453071 ], [ -81.794018, 24.5457086 ], [ -81.7933812, 24.5457889 ], [ -81.7870576, 24.5465862 ], [ -81.785981, 24.546722 ], [ -81.7845117, 24.5472254 ], [ -81.7838598, 24.5474487 ], [ -81.7760095, 24.5501382 ], [ -81.775219, 24.550409 ], [ -81.7742108, 24.5505803 ], [ -81.7673291, 24.5517498 ], [ -81.766137, 24.5519523 ], [ -81.763385, 24.55242 ], [ -81.755019, 24.551746 ], [ -81.748763, 24.554622 ], [ -81.7423519, 24.5556745 ], [ -81.7386008, 24.5562902 ], [ -81.735331, 24.556827 ], [ -81.7341079, 24.5568438 ], [ -81.7226582, 24.5570011 ], [ -81.717205, 24.557076 ], [ -81.711234, 24.5564 ], [ -81.697793, 24.559518 ], [ -81.685243, 24.558676 ], [ -81.677307, 24.562969 ], [ -81.6691089, 24.5699028 ], [ -81.665142, 24.573258 ], [ -81.6580257, 24.5738199 ], [ -81.644131, 24.574917 ], [ -81.638254, 24.579127 ], [ -81.6354327, 24.5791105 ], [ -81.628187, 24.579068 ], [ -81.611852, 24.585578 ], [ -81.604333, 24.586164 ], [ -81.59195, 24.593484 ], [ -81.585321, 24.595379 ], [ -81.574556, 24.600935 ], [ -81.564126, 24.603837 ], [ -81.559184, 24.609571 ], [ -81.550841, 24.612227 ], [ -81.54161, 24.614401 ], [ -81.534316, 24.617907 ], [ -81.52468, 24.618643 ], [ -81.519025, 24.618812 ], [ -81.517404, 24.621239 ], [ -81.510768, 24.625669 ], [ -81.509998, 24.628668 ], [ -81.508169, 24.638148 ], [ -81.508011, 24.642403 ], [ -81.509628, 24.647057 ], [ -81.508424, 24.6494928 ], [ -81.505944, 24.65451 ], [ -81.5053516, 24.6543456 ], [ -81.48182, 24.647814 ], [ -81.480512, 24.644573 ], [ -81.477304, 24.645653 ], [ -81.473025, 24.649002 ], [ -81.4647769, 24.650399 ], [ -81.4628177, 24.6507308 ], [ -81.446881, 24.65343 ], [ -81.446049, 24.644357 ], [ -81.443915, 24.642677 ], [ -81.43571, 24.65073 ], [ -81.4314743, 24.6493983 ], [ -81.422561, 24.646596 ], [ -81.412537, 24.646732 ], [ -81.406403, 24.64246 ], [ -81.4036531, 24.6309365 ], [ -81.401889, 24.623544 ], [ -81.394795, 24.621135 ], [ -81.389922, 24.622374 ], [ -81.376404, 24.627332 ], [ -81.366326, 24.631111 ], [ -81.363099, 24.630963 ], [ -81.3613, 24.632995 ], [ -81.348156, 24.635509 ], [ -81.346598, 24.635807 ], [ -81.337961, 24.640301 ], [ -81.332673, 24.639691 ], [ -81.327915, 24.645401 ], [ -81.3214791, 24.6462032 ], [ -81.313072, 24.647251 ], [ -81.296895, 24.655382 ], [ -81.308831, 24.664632 ], [ -81.312048, 24.68176 ], [ -81.316429, 24.697665 ], [ -81.319603, 24.702672 ], [ -81.331012, 24.704831 ], [ -81.336241, 24.704507 ], [ -81.341826, 24.707098 ], [ -81.351215, 24.720269 ], [ -81.35276, 24.721996 ], [ -81.359415, 24.72858 ], [ -81.360187, 24.734031 ], [ -81.361316, 24.737216 ], [ -81.366307, 24.742396 ], [ -81.365506, 24.7693 ], [ -81.371822, 24.779089 ], [ -81.377831, 24.782174 ], [ -81.401231, 24.791473 ], [ -81.405467, 24.792709 ], [ -81.410862, 24.790472 ], [ -81.420203, 24.777992 ], [ -81.4378261, 24.7717327 ], [ -81.451517, 24.76687 ], [ -81.456951, 24.773644 ], [ -81.457964, 24.781839 ], [ -81.451057, 24.788946 ], [ -81.4474493, 24.7936208 ], [ -81.439636, 24.803745 ], [ -81.439728, 24.808511 ], [ -81.441208, 24.812887 ], [ -81.44351, 24.813364 ], [ -81.4547423, 24.8084439 ], [ -81.466095, 24.803471 ], [ -81.470292, 24.802067 ], [ -81.475283, 24.798939 ], [ -81.492086, 24.79466 ], [ -81.498101, 24.792574 ], [ -81.500757, 24.789516 ], [ -81.513778, 24.757754 ], [ -81.515804, 24.756165 ], [ -81.5195699, 24.7565127 ], [ -81.561432, 24.760378 ], [ -81.571151, 24.756354 ], [ -81.5815354, 24.7411744 ], [ -81.5815407, 24.7411666 ], [ -81.5815632, 24.7411336 ], [ -81.584599, 24.736696 ], [ -81.599293, 24.729714 ], [ -81.623536, 24.720215 ], [ -81.643866, 24.712345 ], [ -81.656509, 24.702905 ], [ -81.672338, 24.699514 ], [ -81.6827807, 24.690288 ], [ -81.68741, 24.686198 ], [ -81.6892781, 24.6850595 ], [ -81.701315, 24.677724 ], [ -81.745651, 24.659882 ], [ -81.7477168, 24.6584843 ], [ -81.754281, 24.654043 ], [ -81.76139, 24.642035 ], [ -81.765336, 24.632626 ], [ -81.751377, 24.628233 ], [ -81.737978, 24.6220327 ], [ -81.728349, 24.617577 ], [ -81.7237936, 24.6097458 ], [ -81.721995, 24.606654 ], [ -81.726607199999989, 24.6022402 ], [ -81.739286, 24.590107 ], [ -81.7454051, 24.5856935 ], [ -81.746418, 24.584963 ], [ -81.752834, 24.580234 ], [ -81.7544569, 24.5809235 ], [ -81.7618843, 24.5840791 ], [ -81.765182, 24.5854801 ], [ -81.766441, 24.586015 ], [ -81.770466200000016, 24.5853577 ], [ -81.774084, 24.584767 ], [ -81.7811461, 24.5788347 ], [ -81.782247, 24.57791 ], [ -81.794012, 24.575749 ], [ -81.7939255, 24.5825059 ], [ -81.793893, 24.585043 ], [ -81.7941911, 24.5866149 ], [ -81.795377, 24.592868 ], [ -81.797147, 24.594614 ], [ -81.799495, 24.594168 ], [ -81.7995502, 24.5936475 ], [ -81.800062, 24.588818 ], [ -81.7999177, 24.5862744 ], [ -81.7998985, 24.5859357 ], [ -81.7995481, 24.5797583 ], [ -81.7993504, 24.5762721 ], [ -81.79934, 24.576089 ], [ -81.7990005, 24.5759569 ], [ -81.797534, 24.575386 ], [ -81.797416, 24.573888 ], [ -81.7988661, 24.572432 ], [ -81.799857, 24.571437 ], [ -81.7990486, 24.5698004 ], [ -81.799042, 24.569787 ], [ -81.799309, 24.5680387 ], [ -81.799854, 24.564471 ], [ -81.8007346, 24.5640197 ], [ -81.802408, 24.563162 ], [ -81.8034218, 24.5628157 ], [ -81.80718, 24.561532 ], [ -81.809461, 24.556618 ], [ -81.8095565, 24.5563412 ], [ -81.809794, 24.5556533 ], [ -81.8109944, 24.5521755 ], [ -81.811473, 24.550789 ], [ -81.812048, 24.548805 ], [ -81.812536, 24.545469 ] ] ], [ [ [ -81.815622, 24.562065 ], [ -81.814591, 24.560424 ], [ -81.813356, 24.560332 ], [ -81.812259, 24.560775 ], [ -81.812076, 24.562805 ], [ -81.812797, 24.563589 ], [ -81.815293, 24.56284 ], [ -81.815622, 24.562065 ] ] ], [ [ [ -81.893114, 24.562144 ], [ -81.891917, 24.559909 ], [ -81.889455, 24.559016 ], [ -81.888228, 24.557772 ], [ -81.885875, 24.559287 ], [ -81.883743, 24.56033 ], [ -81.883857, 24.561216 ], [ -81.885878, 24.562968 ], [ -81.890429, 24.562567 ], [ -81.89309, 24.562733 ], [ -81.893114, 24.562144 ] ] ], [ [ [ -81.924232, 24.601097 ], [ -81.923309, 24.600487 ], [ -81.922508, 24.600519 ], [ -81.921082, 24.60129 ], [ -81.920189, 24.602749 ], [ -81.918884, 24.604279 ], [ -81.919472, 24.60548 ], [ -81.920479, 24.605673 ], [ -81.921471, 24.606747 ], [ -81.92308, 24.606625 ], [ -81.923531, 24.605001 ], [ -81.923515, 24.602646 ], [ -81.924232, 24.601097 ] ] ], [ [ [ -81.925379, 24.541891 ], [ -81.924892, 24.539964 ], [ -81.922857, 24.541142 ], [ -81.921654, 24.541797 ], [ -81.919631, 24.542325 ], [ -81.917549, 24.543877 ], [ -81.916766, 24.545353 ], [ -81.916977, 24.546757 ], [ -81.917976, 24.547494 ], [ -81.919859, 24.548265 ], [ -81.921328, 24.54848 ], [ -81.922562, 24.547902 ], [ -81.924476, 24.546311 ], [ -81.925132, 24.54482 ], [ -81.925379, 24.541891 ] ] ], [ [ [ -81.928329, 24.526587 ], [ -81.925995, 24.526514 ], [ -81.923508, 24.527777 ], [ -81.921173, 24.528442 ], [ -81.918999, 24.528551 ], [ -81.917809, 24.52924 ], [ -81.917725, 24.530521 ], [ -81.919807, 24.531277 ], [ -81.924411, 24.532807 ], [ -81.925584, 24.532863 ], [ -81.927238, 24.530643 ], [ -81.928337, 24.529245 ], [ -81.928329, 24.526587 ] ] ], [ [ [ -81.965055, 24.524211 ], [ -81.964274, 24.521304 ], [ -81.963069, 24.521311 ], [ -81.962379, 24.522129 ], [ -81.963085, 24.524966 ], [ -81.964362, 24.525122 ], [ -81.965055, 24.524211 ] ] ], [ [ [ -81.978544, 24.523246 ], [ -81.968177, 24.523495 ], [ -81.96818, 24.524852 ], [ -81.970856, 24.526957 ], [ -81.974621, 24.526871 ], [ -81.978873, 24.524629 ], [ -81.978544, 24.523246 ] ] ], [ [ [ -82.009315, 24.532618 ], [ -82.00759, 24.528307 ], [ -82.006453, 24.527437 ], [ -82.004293, 24.527932 ], [ -82.00271, 24.528129 ], [ -82.000977, 24.528855 ], [ -81.998994, 24.529629 ], [ -81.998308, 24.530863 ], [ -81.999817, 24.533531 ], [ -82.001943, 24.534928 ], [ -82.004487, 24.536602 ], [ -82.007484, 24.537902 ], [ -82.009314, 24.536455 ], [ -82.009772, 24.534914 ], [ -82.009315, 24.532618 ] ] ], [ [ [ -82.145602, 24.586473 ], [ -82.143758, 24.586123 ], [ -82.14245, 24.587744 ], [ -82.141856, 24.589798 ], [ -82.139479, 24.590662 ], [ -82.137103, 24.589689 ], [ -82.134964, 24.588717 ], [ -82.13223, 24.588285 ], [ -82.129616, 24.586988 ], [ -82.125694, 24.585367 ], [ -82.123674, 24.583962 ], [ -82.121891, 24.581693 ], [ -82.121059, 24.57845 ], [ -82.119158, 24.574776 ], [ -82.118682, 24.571426 ], [ -82.118088, 24.569696 ], [ -82.115949, 24.569696 ], [ -82.11274, 24.570669 ], [ -82.110364, 24.568616 ], [ -82.11072, 24.565805 ], [ -82.11179, 24.562239 ], [ -82.112859, 24.559861 ], [ -82.114167, 24.558672 ], [ -82.116424, 24.557158 ], [ -82.119277, 24.555645 ], [ -82.122961, 24.551754 ], [ -82.125219, 24.551105 ], [ -82.127595, 24.552727 ], [ -82.130448, 24.552511 ], [ -82.133537, 24.552402 ], [ -82.133537, 24.550024 ], [ -82.130253, 24.548207 ], [ -82.126894, 24.548397 ], [ -82.124245, 24.54872 ], [ -82.121064, 24.548502 ], [ -82.118675, 24.548542 ], [ -82.116087, 24.549544 ], [ -82.113446, 24.551467 ], [ -82.11264, 24.552827 ], [ -82.111642, 24.555486 ], [ -82.108493, 24.558187 ], [ -82.105986, 24.558565 ], [ -82.104356, 24.560707 ], [ -82.103225, 24.562914 ], [ -82.101336, 24.565497 ], [ -82.100199, 24.569824 ], [ -82.099551, 24.57458 ], [ -82.099925, 24.577063 ], [ -82.100233, 24.580564 ], [ -82.101631, 24.585039 ], [ -82.103896, 24.587499 ], [ -82.108117, 24.590619 ], [ -82.114385, 24.592934 ], [ -82.11981, 24.59482 ], [ -82.124827, 24.597064 ], [ -82.130023, 24.597508 ], [ -82.13511, 24.596695 ], [ -82.14, 24.595144 ], [ -82.143408, 24.592927 ], [ -82.145407, 24.5899 ], [ -82.145602, 24.586473 ] ] ], [ [ [ -82.148868, 24.550673 ], [ -82.146016, 24.548943 ], [ -82.144503, 24.549864 ], [ -82.144114, 24.551321 ], [ -82.145184, 24.552511 ], [ -82.147442, 24.552402 ], [ -82.148868, 24.551646 ], [ -82.148868, 24.550673 ] ] ], [ [ [ -82.16522, 24.552802 ], [ -82.162638, 24.549708 ], [ -82.16126, 24.548656 ], [ -82.159034, 24.547935 ], [ -82.156426, 24.549107 ], [ -82.15576, 24.55143 ], [ -82.157068, 24.553483 ], [ -82.158613, 24.553375 ], [ -82.159207, 24.552078 ], [ -82.160633, 24.551105 ], [ -82.162178, 24.55197 ], [ -82.16301, 24.553808 ], [ -82.162891, 24.557267 ], [ -82.162653, 24.561158 ], [ -82.161702, 24.562887 ], [ -82.158256, 24.564184 ], [ -82.156711, 24.56613 ], [ -82.157662, 24.566886 ], [ -82.159445, 24.566346 ], [ -82.161672, 24.56598 ], [ -82.16452, 24.563393 ], [ -82.164717, 24.560433 ], [ -82.165218, 24.558314 ], [ -82.165664, 24.556589 ], [ -82.16522, 24.552802 ] ] ], [ [ [ -82.873656, 24.626469 ], [ -82.872302, 24.626329 ], [ -82.868254, 24.627095 ], [ -82.864393, 24.626569 ], [ -82.864144, 24.624733 ], [ -82.863492, 24.624434 ], [ -82.862886, 24.625699 ], [ -82.863299, 24.628879 ], [ -82.867653, 24.628907 ], [ -82.870764, 24.630099 ], [ -82.873122, 24.630579 ], [ -82.8752, 24.629252 ], [ -82.873656, 24.626469 ] ] ], [ [ [ -82.926114, 24.628051 ], [ -82.923621, 24.628905 ], [ -82.922519, 24.629726 ], [ -82.920749, 24.631451 ], [ -82.918617, 24.633421 ], [ -82.917406, 24.634784 ], [ -82.91672, 24.636246 ], [ -82.917623, 24.636016 ], [ -82.919339, 24.635162 ], [ -82.921802, 24.633418 ], [ -82.92429, 24.630827 ], [ -82.926114, 24.628051 ] ] ] ] } },
{ "type": "Feature", "properties": { "STATEFP": "12", "COUNTYFP": "043", "COUNTYNS": "00295743", "GEOIDFQ": "0500000US12043", "GEOID": "12043", "NAME": "Glades", "NAMELSAD": "Glades County", "STUSPS": "FL", "STATE_NAME": "Florida", "LSAD": "06", "ALAND": 2089659352.0, "AWATER": 467293938.0, "STATE_NAME_HYPHEN": "Florida" }, "geometry": { "type": "MultiPolygon", "coordinates": [ [ [ [ -81.565748, 26.769601 ], [ -81.492484, 26.768993 ], [ -81.459454, 26.768856 ], [ -81.459328, 26.783467 ], [ -81.43711, 26.78347 ], [ -81.434921, 26.78346 ], [ -81.434935, 26.770019 ], [ -81.434557, 26.768772 ], [ -81.426104, 26.768731 ], [ -81.401338, 26.768649 ], [ -81.386386, 26.76862 ], [ -81.377518, 26.768589 ], [ -81.376536, 26.768718 ], [ -81.35883, 26.768692 ], [ -81.353362, 26.768685 ], [ -81.311539, 26.768661 ], [ -81.271681, 26.768607 ], [ -81.247363, 26.76855 ], [ -81.185606, 26.768399 ], [ -81.173688, 26.768282 ], [ -81.173139, 26.768161 ], [ -81.0831, 26.768296 ], [ -80.97774, 26.768812 ], [ -80.967446, 26.768872 ], [ -80.959422, 26.768984 ], [ -80.957283, 26.769002 ], [ -80.945319, 26.769099 ], [ -80.935282, 26.800821 ], [ -80.897675, 26.91955 ], [ -80.888273, 26.949232 ], [ -80.885639, 26.958919 ], [ -80.87772, 27.058763 ], [ -80.874784, 27.095233 ], [ -80.874784, 27.100146 ], [ -80.874637, 27.101156 ], [ -80.87237, 27.130461 ], [ -80.871818, 27.138072 ], [ -80.871164, 27.147064 ], [ -80.871875, 27.147928 ], [ -80.873311, 27.150054 ], [ -80.870236, 27.152273 ], [ -80.871169, 27.154951 ], [ -80.87324, 27.156086 ], [ -80.876623, 27.158502 ], [ -80.880353, 27.164856 ], [ -80.88067, 27.166501 ], [ -80.878866, 27.167484 ], [ -80.878517, 27.168829 ], [ -80.882775, 27.167819 ], [ -80.887036, 27.166206 ], [ -80.890522, 27.164233 ], [ -80.891623, 27.166331 ], [ -80.894597, 27.165392 ], [ -80.895153, 27.166618 ], [ -80.897023, 27.165894 ], [ -80.898277, 27.166909 ], [ -80.897145, 27.168482 ], [ -80.896919, 27.170007 ], [ -80.897651, 27.170544 ], [ -80.903478, 27.16909 ], [ -80.901885, 27.170235 ], [ -80.903845, 27.170479 ], [ -80.904234, 27.171511 ], [ -80.906005, 27.171746 ], [ -80.907022, 27.172916 ], [ -80.9082, 27.172918 ], [ -80.908375, 27.174298 ], [ -80.910189, 27.175016 ], [ -80.910084, 27.176164 ], [ -80.908279, 27.176205 ], [ -80.90845, 27.177675 ], [ -80.906569, 27.178543 ], [ -80.906207, 27.180225 ], [ -80.907501, 27.179387 ], [ -80.908611, 27.182257 ], [ -80.907548, 27.183734 ], [ -80.908823, 27.1844 ], [ -80.90863, 27.185916 ], [ -80.907464, 27.185858 ], [ -80.906782, 27.189113 ], [ -80.907866, 27.189094 ], [ -80.908445, 27.187473 ], [ -80.9092, 27.18839 ], [ -80.910959, 27.188796 ], [ -80.910929, 27.191395 ], [ -80.912789, 27.191308 ], [ -80.912831, 27.189984 ], [ -80.913905, 27.189224 ], [ -80.915928, 27.190374 ], [ -80.917465, 27.189957 ], [ -80.919414, 27.191613 ], [ -80.919899, 27.193629 ], [ -80.922525, 27.192781 ], [ -80.925298, 27.195502 ], [ -80.925145, 27.197418 ], [ -80.928469, 27.196159 ], [ -80.929578, 27.196655 ], [ -80.926542, 27.198577 ], [ -80.929049, 27.199223 ], [ -80.930787, 27.200228 ], [ -80.933455, 27.196672 ], [ -80.935048, 27.196485 ], [ -80.934293, 27.198015 ], [ -80.934828, 27.198758 ], [ -80.936778, 27.198572 ], [ -80.937445, 27.199128 ], [ -80.937985, 27.202123 ], [ -80.937668, 27.204555 ], [ -80.939905, 27.204992 ], [ -80.940676, 27.205939 ], [ -80.961824, 27.210771 ], [ -81.094506, 27.21013 ], [ -81.094503, 27.210207 ], [ -81.148543, 27.209768 ], [ -81.169138, 27.209585 ], [ -81.168281, 27.121734 ], [ -81.230228, 27.121198 ], [ -81.267677, 27.121097 ], [ -81.267335, 27.067374 ], [ -81.267216, 27.032474 ], [ -81.33301, 27.032367 ], [ -81.33301, 27.039621 ], [ -81.341801, 27.039726 ], [ -81.342552, 27.035153 ], [ -81.342661, 27.032319 ], [ -81.562531, 27.033687 ], [ -81.5638, 26.944972 ], [ -81.563767, 26.944699 ], [ -81.564859, 26.857079 ], [ -81.565748, 26.769601 ] ] ] ] } },
{ "type": "Feature", "properties": { "STATEFP": "12", "COUNTYFP": "051", "COUNTYNS": "00307626", "GEOIDFQ": "0500000US12051", "GEOID": "12051", "NAME": "Hendry", "NAMELSAD": "Hendry County", "STUSPS": "FL", "STATE_NAME": "Florida", "LSAD": "06", "ALAND": 2993896404.0, "AWATER": 86578552.0, "STATE_NAME_HYPHEN": "Florida" }, "geometry": { "type": "MultiPolygon", "coordinates": [ [ [ [ -81.566515, 26.709544 ], [ -81.566385, 26.695946 ], [ -81.566258, 26.68725 ], [ -81.56609, 26.67277 ], [ -81.56576, 26.644057 ], [ -81.565103, 26.600333 ], [ -81.564888, 26.58635 ], [ -81.564591, 26.563936 ], [ -81.56421, 26.542476 ], [ -81.563827, 26.518469 ], [ -81.56382, 26.518259 ], [ -81.563763, 26.513331 ], [ -81.544425, 26.513506 ], [ -81.46627, 26.513843 ], [ -81.451333, 26.515477 ], [ -81.435118, 26.515592 ], [ -81.386505, 26.516082 ], [ -81.271768, 26.517069 ], [ -81.271802, 26.463338 ], [ -81.272066, 26.458184 ], [ -81.271964, 26.457918 ], [ -81.271932, 26.422648 ], [ -81.268236, 26.253069 ], [ -81.106798, 26.255972 ], [ -80.87971, 26.259308 ], [ -80.879715, 26.259474 ], [ -80.881216, 26.329412 ], [ -80.881285, 26.333806 ], [ -80.881833, 26.3338 ], [ -80.881915, 26.346125 ], [ -80.880017, 26.346059 ], [ -80.883088, 26.46227 ], [ -80.882975, 26.464926 ], [ -80.885772, 26.609242 ], [ -80.886013, 26.652696 ], [ -80.886014, 26.652887 ], [ -80.885818, 26.696058 ], [ -80.885954, 26.738636 ], [ -80.885965, 26.745333 ], [ -80.885962, 26.746245 ], [ -80.885889, 26.769181 ], [ -80.885639, 26.958919 ], [ -80.888273, 26.949232 ], [ -80.897675, 26.91955 ], [ -80.935282, 26.800821 ], [ -80.945319, 26.769099 ], [ -80.957283, 26.769002 ], [ -80.959422, 26.768984 ], [ -80.967446, 26.768872 ], [ -80.97774, 26.768812 ], [ -81.0831, 26.768296 ], [ -81.173139, 26.768161 ], [ -81.173688, 26.768282 ], [ -81.185606, 26.768399 ], [ -81.247363, 26.76855 ], [ -81.271681, 26.768607 ], [ -81.311539, 26.768661 ], [ -81.353362, 26.768685 ], [ -81.35883, 26.768692 ], [ -81.376536, 26.768718 ], [ -81.377518, 26.768589 ], [ -81.386386, 26.76862 ], [ -81.401338, 26.768649 ], [ -81.426104, 26.768731 ], [ -81.434557, 26.768772 ], [ -81.434935, 26.770019 ], [ -81.434921, 26.78346 ], [ -81.43711, 26.78347 ], [ -81.459328, 26.783467 ], [ -81.459454, 26.768856 ], [ -81.492484, 26.768993 ], [ -81.565748, 26.769601 ], [ -81.566275, 26.736336 ], [ -81.566401, 26.725419 ], [ -81.566502, 26.714464 ], [ -81.566527, 26.713919 ], [ -81.566515, 26.709544 ] ] ] ] } },
{ "type": "Feature", "properties": { "STATEFP": "12", "COUNTYFP": "003", "COUNTYNS": "00306920", "GEOIDFQ": "0500000US12003", "GEOID": "12003", "NAME": "Baker", "NAMELSAD": "Baker County", "STUSPS": "FL", "STATE_NAME": "Florida", "LSAD": "06", "ALAND": 1515738969.0, "AWATER": 9686120.0, "STATE_NAME_HYPHEN": "Florida" }, "geometry": { "type": "MultiPolygon", "coordinates": [ [ [ [ -82.4597918, 30.5842869 ], [ -82.459484, 30.580782 ], [ -82.457073, 30.442757 ], [ -82.458316, 30.442757 ], [ -82.457684, 30.315513 ], [ -82.45789, 30.313812 ], [ -82.457887, 30.293058 ], [ -82.4576, 30.286652 ], [ -82.457507, 30.257226 ], [ -82.458364, 30.136449 ], [ -82.447354, 30.137812 ], [ -82.443667, 30.138086 ], [ -82.359381, 30.139294 ], [ -82.359395, 30.141041 ], [ -82.287015, 30.141734 ], [ -82.215793, 30.142699 ], [ -82.212119, 30.142528 ], [ -82.186629, 30.142742 ], [ -82.145454, 30.143091 ], [ -82.142578, 30.143117 ], [ -82.049425, 30.143136 ], [ -82.049411, 30.186933 ], [ -82.049331, 30.27334 ], [ -82.049236, 30.273432 ], [ -82.049578, 30.281366 ], [ -82.049702, 30.292389 ], [ -82.050057, 30.361399 ], [ -82.049966, 30.3623824 ], [ -82.050069, 30.362338 ], [ -82.060034, 30.360328 ], [ -82.068533, 30.359184 ], [ -82.081106, 30.358806 ], [ -82.094687, 30.360781 ], [ -82.1001294, 30.3642672 ], [ -82.101798, 30.365336 ], [ -82.101416, 30.366556 ], [ -82.1025, 30.367823 ], [ -82.104834, 30.368319 ], [ -82.116385, 30.367335 ], [ -82.143282, 30.363393 ], [ -82.158109, 30.359913 ], [ -82.161757, 30.357851 ], [ -82.165192, 30.358035 ], [ -82.170054, 30.358929 ], [ -82.171508, 30.359869 ], [ -82.1719763, 30.3603508 ], [ -82.180018, 30.368625 ], [ -82.183797, 30.373712 ], [ -82.184633, 30.377165 ], [ -82.186394, 30.377355 ], [ -82.188814, 30.376596 ], [ -82.19294, 30.378779 ], [ -82.192336, 30.38457 ], [ -82.196517, 30.389316 ], [ -82.204151, 30.40133 ], [ -82.210291, 30.42459 ], [ -82.20987, 30.432818 ], [ -82.206486, 30.437081 ], [ -82.204623, 30.4425905 ], [ -82.203975, 30.444507 ], [ -82.204823, 30.45184 ], [ -82.20604, 30.455507 ], [ -82.207522, 30.456928 ], [ -82.207708, 30.460503 ], [ -82.204614, 30.468868 ], [ -82.200938, 30.474438 ], [ -82.201416, 30.485164 ], [ -82.206445, 30.491877 ], [ -82.212852, 30.498751 ], [ -82.218514, 30.504187 ], [ -82.225026, 30.50783 ], [ -82.226933, 30.510281 ], [ -82.230377, 30.517339 ], [ -82.2303378, 30.5174787 ], [ -82.2303359, 30.5174853 ], [ -82.229399, 30.520823 ], [ -82.230752, 30.526758 ], [ -82.236123, 30.531155 ], [ -82.240403, 30.53777 ], [ -82.238912, 30.545426 ], [ -82.234438, 30.549003 ], [ -82.234427, 30.556593 ], [ -82.232623, 30.557958 ], [ -82.228265, 30.56258 ], [ -82.222826, 30.565595 ], [ -82.217315, 30.56519 ], [ -82.214385, 30.566958 ], [ -82.2148183, 30.5685167 ], [ -82.214839, 30.568591 ], [ -82.249841, 30.570863 ], [ -82.2581, 30.571559 ], [ -82.287343, 30.573458 ], [ -82.374844, 30.579004 ], [ -82.4189154, 30.5817451 ], [ -82.459544, 30.584272 ], [ -82.4597918, 30.5842869 ] ] ] ] } },
{ "type": "Feature", "properties": { "STATEFP": "12", "COUNTYFP": "109", "COUNTYNS": "00308371", "GEOIDFQ": "0500000US12109", "GEOID": "12109", "NAME": "St. Johns", "NAMELSAD": "St. Johns County", "STUSPS": "FL", "STATE_NAME": "Florida", "LSAD": "06", "ALAND": 1555652804.0, "AWATER": 572113480.0, "STATE_NAME_HYPHEN": "Florida" }, "geometry": { "type": "MultiPolygon", "coordinates": [ [ [ [ -81.690001, 30.035553 ], [ -81.688876, 30.028566 ], [ -81.686726, 30.022982 ], [ -81.685403, 30.020601 ], [ -81.682807, 30.016694 ], [ -81.678243, 30.012233 ], [ -81.671088, 30.007242 ], [ -81.666525, 30.004618 ], [ -81.658017, 30.000124 ], [ -81.641737, 29.990933 ], [ -81.633517, 29.986295 ], [ -81.631738, 29.98533 ], [ -81.62435, 29.981264 ], [ -81.617702, 29.976605 ], [ -81.612989, 29.972832 ], [ -81.610146, 29.970235 ], [ -81.606808, 29.96649 ], [ -81.604867, 29.963498 ], [ -81.602008, 29.958146 ], [ -81.60099, 29.956017 ], [ -81.599858, 29.952238 ], [ -81.598711, 29.942952 ], [ -81.598735, 29.941038 ], [ -81.599864, 29.936554 ], [ -81.602786, 29.929819 ], [ -81.605997, 29.923068 ], [ -81.608041, 29.91756 ], [ -81.608356, 29.915695 ], [ -81.608182, 29.909446 ], [ -81.607606, 29.905655 ], [ -81.605518, 29.896491 ], [ -81.599013, 29.875422 ], [ -81.597561, 29.872286 ], [ -81.583457, 29.844556 ], [ -81.581207, 29.840176 ], [ -81.579475, 29.836239 ], [ -81.571768, 29.815285 ], [ -81.566524, 29.802902 ], [ -81.564171, 29.798517 ], [ -81.562096, 29.795612 ], [ -81.553852, 29.788493 ], [ -81.549967, 29.785395 ], [ -81.546297, 29.781825 ], [ -81.544298, 29.779129 ], [ -81.542628, 29.775145 ], [ -81.541733, 29.771042 ], [ -81.541235, 29.770001 ], [ -81.533424, 29.763921 ], [ -81.528261, 29.760777 ], [ -81.527264, 29.760321 ], [ -81.52523, 29.759497 ], [ -81.524693, 29.71244 ], [ -81.524512, 29.690811 ], [ -81.524296, 29.688686 ], [ -81.523866, 29.631538 ], [ -81.523837, 29.631374 ], [ -81.52366, 29.622432 ], [ -81.49452, 29.622726 ], [ -81.458147, 29.623334 ], [ -81.423658, 29.624091 ], [ -81.369576, 29.625154 ], [ -81.324059, 29.62561 ], [ -81.324208, 29.640118 ], [ -81.324345, 29.653478 ], [ -81.321072, 29.652492 ], [ -81.31852, 29.651294 ], [ -81.317565, 29.649676 ], [ -81.313627, 29.64556 ], [ -81.312802, 29.644006 ], [ -81.311427, 29.642847 ], [ -81.308652, 29.642065 ], [ -81.305914, 29.642647 ], [ -81.304994, 29.645362 ], [ -81.303035, 29.648181 ], [ -81.302783, 29.649187 ], [ -81.302211, 29.649698 ], [ -81.302034, 29.649808 ], [ -81.301719, 29.649818 ], [ -81.301535, 29.65 ], [ -81.301392, 29.650104 ], [ -81.301297, 29.650143 ], [ -81.301285, 29.650077 ], [ -81.297733, 29.651124 ], [ -81.290464, 29.649683 ], [ -81.286683, 29.651347 ], [ -81.28212, 29.650416 ], [ -81.276916, 29.652441 ], [ -81.274466, 29.652681 ], [ -81.276163, 29.653817 ], [ -81.275947, 29.654519 ], [ -81.273221, 29.65487 ], [ -81.272746, 29.655601 ], [ -81.274388, 29.656859 ], [ -81.272792, 29.657758 ], [ -81.271396, 29.656272 ], [ -81.270181, 29.656293 ], [ -81.270317, 29.657575 ], [ -81.271803, 29.658104 ], [ -81.272341, 29.66061 ], [ -81.271557, 29.660855 ], [ -81.269628, 29.659761 ], [ -81.269183, 29.661222 ], [ -81.26803, 29.661872 ], [ -81.268391, 29.663127 ], [ -81.267417, 29.663975 ], [ -81.266021, 29.663814 ], [ -81.265301, 29.665267 ], [ -81.262635, 29.666203 ], [ -81.261847, 29.668676 ], [ -81.261018, 29.669076 ], [ -81.260224, 29.669039 ], [ -81.257662, 29.667433 ], [ -81.257743, 29.664467 ], [ -81.254918, 29.663458 ], [ -81.253379, 29.661586 ], [ -81.251375, 29.662427 ], [ -81.249208, 29.661479 ], [ -81.248067, 29.659477 ], [ -81.24726, 29.659093 ], [ -81.244892, 29.659583 ], [ -81.240773, 29.661687 ], [ -81.237523, 29.662645 ], [ -81.234512, 29.662679 ], [ -81.231709, 29.663407 ], [ -81.228505, 29.667658 ], [ -81.227309, 29.670538 ], [ -81.221591, 29.670594 ], [ -81.221374, 29.670596 ], [ -81.220656, 29.670603 ], [ -81.220645, 29.670603 ], [ -81.215413, 29.670642 ], [ -81.213016, 29.67067 ], [ -81.2128778, 29.6706669 ], [ -81.224528, 29.702453 ], [ -81.225801, 29.7059259 ], [ -81.226227, 29.707088 ], [ -81.2263755, 29.7084316 ], [ -81.226683, 29.711215 ], [ -81.229015, 29.714693 ], [ -81.2304825, 29.7178956 ], [ -81.2370126, 29.7321473 ], [ -81.239605, 29.7378049 ], [ -81.240367, 29.739468 ], [ -81.2518198, 29.7711594 ], [ -81.2522286, 29.7722905 ], [ -81.253877, 29.776852 ], [ -81.256053, 29.785871 ], [ -81.2562218, 29.7865255 ], [ -81.258277, 29.794494 ], [ -81.2593235, 29.7998454 ], [ -81.260577, 29.806255 ], [ -81.261093699999989, 29.8106366 ], [ -81.2615385, 29.8144085 ], [ -81.2616963, 29.8157463 ], [ -81.2621414, 29.8195211 ], [ -81.262229, 29.820264 ], [ -81.2624159, 29.8220551 ], [ -81.263526, 29.832693 ], [ -81.2635451, 29.8328642 ], [ -81.2642743, 29.8393868 ], [ -81.2648703, 29.8447178 ], [ -81.26494, 29.845341 ], [ -81.265346, 29.852341 ], [ -81.265557, 29.85873 ], [ -81.2660624, 29.8595483 ], [ -81.2662054, 29.8597798 ], [ -81.2663669, 29.8600412 ], [ -81.266591, 29.860404 ], [ -81.2669032, 29.8615346 ], [ -81.269995, 29.87273 ], [ -81.270535, 29.876403 ], [ -81.2705721, 29.8765172 ], [ -81.272011, 29.8809504 ], [ -81.272909, 29.883717 ], [ -81.275088, 29.893764 ], [ -81.275113, 29.898838 ], [ -81.277367, 29.90398 ], [ -81.281801, 29.908266 ], [ -81.2855075, 29.9118481 ], [ -81.2875766, 29.9138479 ], [ -81.288955, 29.91518 ], [ -81.2915175, 29.9206329 ], [ -81.295268, 29.928614 ], [ -81.2996302, 29.9398289 ], [ -81.299687, 29.939975 ], [ -81.303434200000012, 29.9518587 ], [ -81.3064505, 29.9614245 ], [ -81.308978, 29.96944 ], [ -81.316895, 30.001113 ], [ -81.32191, 30.020518 ], [ -81.3228408, 30.0241045 ], [ -81.325011, 30.032466 ], [ -81.330832, 30.059191 ], [ -81.3555707, 30.1624783 ], [ -81.355591, 30.162563 ], [ -81.3685815, 30.2108915 ], [ -81.370848, 30.2193233 ], [ -81.3798769, 30.2529135 ], [ -81.381831, 30.252841 ], [ -81.388411, 30.252841 ], [ -81.40061, 30.252717 ], [ -81.430095, 30.252243 ], [ -81.430186, 30.252243 ], [ -81.434315, 30.252344 ], [ -81.436929, 30.252335 ], [ -81.436585, 30.237046 ], [ -81.434324, 30.134688 ], [ -81.433923, 30.115092 ], [ -81.433737, 30.106028 ], [ -81.433783, 30.105536 ], [ -81.434653, 30.105277 ], [ -81.478979, 30.104784 ], [ -81.494496, 30.104456 ], [ -81.504264, 30.104348 ], [ -81.514381, 30.104157 ], [ -81.538707, 30.103748 ], [ -81.539009, 30.119942 ], [ -81.556216, 30.117796 ], [ -81.557966, 30.117082 ], [ -81.559987, 30.117011 ], [ -81.56218, 30.117543 ], [ -81.564333, 30.117465 ], [ -81.565373, 30.117963 ], [ -81.567787, 30.117789 ], [ -81.572299, 30.120464 ], [ -81.573716, 30.120573 ], [ -81.575781, 30.121752 ], [ -81.576756, 30.122907 ], [ -81.580882, 30.1261 ], [ -81.583504, 30.125676 ], [ -81.590511, 30.125841 ], [ -81.601212, 30.130541 ], [ -81.601682, 30.130643 ], [ -81.612312, 30.132941 ], [ -81.613199, 30.132994 ], [ -81.623688, 30.133633 ], [ -81.629184, 30.131511 ], [ -81.641665, 30.125522 ], [ -81.650514, 30.121541 ], [ -81.680215, 30.12124 ], [ -81.679973, 30.119118 ], [ -81.68145, 30.108984 ], [ -81.681736, 30.106177 ], [ -81.681603, 30.099323 ], [ -81.680237, 30.089877 ], [ -81.680073, 30.086621 ], [ -81.68056, 30.082654 ], [ -81.681743, 30.078913 ], [ -81.684893, 30.072279 ], [ -81.687821, 30.067542 ], [ -81.68932, 30.06296 ], [ -81.689756, 30.058823 ], [ -81.690458, 30.042834 ], [ -81.690001, 30.035553 ] ] ] ] } },
{ "type": "Feature", "properties": { "STATEFP": "12", "COUNTYFP": "085", "COUNTYNS": "00308550", "GEOIDFQ": "0500000US12085", "GEOID": "12085", "NAME": "Martin", "NAMELSAD": "Martin County", "STUSPS": "FL", "STATE_NAME": "Florida", "LSAD": "06", "ALAND": 1408493389.0, "AWATER": 542089457.0, "STATE_NAME_HYPHEN": "Florida" }, "geometry": { "type": "MultiPolygon", "coordinates": [ [ [ [ -80.885639, 26.958919 ], [ -80.618063, 26.957833 ], [ -80.580237, 26.957934 ], [ -80.482405, 26.957947 ], [ -80.443787, 26.957675 ], [ -80.38469, 26.958382 ], [ -80.374839, 26.958386 ], [ -80.287428, 26.957841 ], [ -80.255831, 26.957261 ], [ -80.25474, 26.957119 ], [ -80.223127, 26.956867 ], [ -80.190639, 26.956682 ], [ -80.167843, 26.956634 ], [ -80.16711, 26.956627 ], [ -80.166455, 26.956634 ], [ -80.142007, 26.95664 ], [ -80.141917, 26.966769 ], [ -80.14176, 26.97088 ], [ -80.141758, 26.97094 ], [ -80.139705, 26.970939 ], [ -80.135711, 26.970924 ], [ -80.126265, 26.970934 ], [ -80.125678, 26.970934 ], [ -80.121071, 26.970834 ], [ -80.110359, 26.970834 ], [ -80.110115, 26.970834 ], [ -80.108917, 26.970756 ], [ -80.102016, 26.970665 ], [ -80.097182, 26.970613 ], [ -80.095211, 26.970594 ], [ -80.094199, 26.970585 ], [ -80.089626, 26.970534 ], [ -80.088369, 26.970519 ], [ -80.08741, 26.970535 ], [ -80.087262, 26.970547 ], [ -80.086688, 26.970632 ], [ -80.083858, 26.970551 ], [ -80.083263, 26.970534 ], [ -80.0799488, 26.970517 ], [ -80.081008, 26.974165 ], [ -80.086174, 26.98707 ], [ -80.0888592, 26.9980111 ], [ -80.093909, 27.018587 ], [ -80.111729, 27.06053 ], [ -80.115106, 27.066627 ], [ -80.116772, 27.072397 ], [ -80.1250725, 27.0872704 ], [ -80.126669, 27.090131 ], [ -80.131324, 27.0978589 ], [ -80.1319636, 27.0989205 ], [ -80.133736, 27.101863 ], [ -80.138605, 27.111517 ], [ -80.142085, 27.11979 ], [ -80.143581, 27.125735 ], [ -80.145287, 27.132194 ], [ -80.14982, 27.143557 ], [ -80.150719, 27.147297 ], [ -80.155785, 27.158526 ], [ -80.157556, 27.163131 ], [ -80.1565902, 27.1645579 ], [ -80.153375, 27.169308 ], [ -80.157773, 27.179223 ], [ -80.160029, 27.186768 ], [ -80.159826, 27.188392 ], [ -80.16147, 27.192814 ], [ -80.1743112, 27.2158535 ], [ -80.19309, 27.249546 ], [ -80.1994351, 27.2630231 ], [ -80.201229, 27.263035 ], [ -80.209848, 27.263099 ], [ -80.210553, 27.263052 ], [ -80.224028, 27.263024 ], [ -80.23367, 27.26306 ], [ -80.244266, 27.26301 ], [ -80.254844, 27.263296 ], [ -80.266134, 27.263504 ], [ -80.283069, 27.263831 ], [ -80.283936, 27.263727 ], [ -80.284175, 27.263723 ], [ -80.284771, 27.263723 ], [ -80.284856, 27.260262 ], [ -80.285312, 27.243919 ], [ -80.28795, 27.243884 ], [ -80.288079, 27.241956 ], [ -80.292991, 27.241984 ], [ -80.292532, 27.240972 ], [ -80.292606, 27.240636 ], [ -80.292717, 27.238793 ], [ -80.291843, 27.236932 ], [ -80.289492, 27.23522 ], [ -80.285546, 27.231153 ], [ -80.285072, 27.231002 ], [ -80.285373, 27.22541 ], [ -80.285448, 27.210695 ], [ -80.28551, 27.206025 ], [ -80.331821, 27.205724 ], [ -80.33193, 27.205734 ], [ -80.339391, 27.205691 ], [ -80.356355, 27.205916 ], [ -80.371989, 27.206105 ], [ -80.375938, 27.205584 ], [ -80.40033, 27.205775 ], [ -80.415705, 27.205889 ], [ -80.481413, 27.20637 ], [ -80.580466, 27.206029 ], [ -80.677862, 27.205988 ], [ -80.677691, 27.159296 ], [ -80.67768, 27.158472 ], [ -80.677427, 27.121619 ], [ -80.683751, 27.116279 ], [ -80.685636, 27.114689 ], [ -80.885639, 26.958919 ] ] ] ] } },
{ "type": "Feature", "properties": { "STATEFP": "12", "COUNTYFP": "111", "COUNTYNS": "00308372", "GEOIDFQ": "0500000US12111", "GEOID": "12111", "NAME": "St. Lucie", "NAMELSAD": "St. Lucie County", "STUSPS": "FL", "STATE_NAME": "Florida", "LSAD": "06", "ALAND": 1481145187.0, "AWATER": 300766786.0, "STATE_NAME_HYPHEN": "Florida" }, "geometry": { "type": "MultiPolygon", "coordinates": [ [ [ [ -80.679654, 27.500766 ], [ -80.679496, 27.498896 ], [ -80.679288, 27.455697 ], [ -80.678609, 27.448598 ], [ -80.677754, 27.302082 ], [ -80.67772, 27.294065 ], [ -80.678687, 27.294048 ], [ -80.677992, 27.244532 ], [ -80.677862, 27.205988 ], [ -80.580466, 27.206029 ], [ -80.481413, 27.20637 ], [ -80.415705, 27.205889 ], [ -80.40033, 27.205775 ], [ -80.375938, 27.205584 ], [ -80.371989, 27.206105 ], [ -80.356355, 27.205916 ], [ -80.339391, 27.205691 ], [ -80.33193, 27.205734 ], [ -80.331821, 27.205724 ], [ -80.28551, 27.206025 ], [ -80.285448, 27.210695 ], [ -80.285373, 27.22541 ], [ -80.285072, 27.231002 ], [ -80.285546, 27.231153 ], [ -80.289492, 27.23522 ], [ -80.291843, 27.236932 ], [ -80.292717, 27.238793 ], [ -80.292606, 27.240636 ], [ -80.292532, 27.240972 ], [ -80.292991, 27.241984 ], [ -80.288079, 27.241956 ], [ -80.28795, 27.243884 ], [ -80.285312, 27.243919 ], [ -80.284856, 27.260262 ], [ -80.284771, 27.263723 ], [ -80.284175, 27.263723 ], [ -80.283936, 27.263727 ], [ -80.283069, 27.263831 ], [ -80.266134, 27.263504 ], [ -80.254844, 27.263296 ], [ -80.244266, 27.26301 ], [ -80.23367, 27.26306 ], [ -80.224028, 27.263024 ], [ -80.210553, 27.263052 ], [ -80.209848, 27.263099 ], [ -80.201229, 27.263035 ], [ -80.1994351, 27.2630231 ], [ -80.203807, 27.272309 ], [ -80.209099, 27.283233 ], [ -80.2197443, 27.3070533 ], [ -80.226753, 27.322736 ], [ -80.231675, 27.334935 ], [ -80.233002, 27.338507 ], [ -80.233538, 27.341307 ], [ -80.253665, 27.37979 ], [ -80.261462, 27.394353 ], [ -80.270211, 27.415634 ], [ -80.277081, 27.433497 ], [ -80.278392, 27.435864 ], [ -80.280481, 27.441687 ], [ -80.2827128, 27.4471508 ], [ -80.2870643, 27.4578041 ], [ -80.290622, 27.466514 ], [ -80.2907424, 27.4696725 ], [ -80.290749, 27.469845 ], [ -80.291395, 27.470308 ], [ -80.295745, 27.469807 ], [ -80.2963952, 27.4707211 ], [ -80.29658, 27.470981 ], [ -80.296015, 27.472097 ], [ -80.2913689, 27.4731368 ], [ -80.291198, 27.473175 ], [ -80.290739, 27.474293 ], [ -80.29323, 27.478742 ], [ -80.296335, 27.485987 ], [ -80.297757, 27.49151 ], [ -80.300587, 27.500597 ], [ -80.311713, 27.525306 ], [ -80.319387, 27.549954 ], [ -80.3214532, 27.5570017 ], [ -80.323051, 27.556979 ], [ -80.323254, 27.557552 ], [ -80.328554, 27.557524 ], [ -80.328168, 27.557243 ], [ -80.348167, 27.557249 ], [ -80.348422, 27.557248 ], [ -80.368866, 27.557374 ], [ -80.369013, 27.557375 ], [ -80.390115, 27.557632 ], [ -80.397945, 27.557675 ], [ -80.39802, 27.557676 ], [ -80.41457, 27.557763 ], [ -80.447552, 27.558098 ], [ -80.463877, 27.558235 ], [ -80.48061, 27.558409 ], [ -80.525704, 27.558714 ], [ -80.52939, 27.558334 ], [ -80.578576, 27.558515 ], [ -80.679659, 27.558736 ], [ -80.679654, 27.500766 ] ] ] ] } },
{ "type": "Feature", "properties": { "STATEFP": "12", "COUNTYFP": "027", "COUNTYNS": "00294452", "GEOIDFQ": "0500000US12027", "GEOID": "12027", "NAME": "DeSoto", "NAMELSAD": "DeSoto County", "STUSPS": "FL", "STATE_NAME": "Florida", "LSAD": "06", "ALAND": 1649031786.0, "AWATER": 6243548.0, "STATE_NAME_HYPHEN": "Florida" }, "geometry": { "type": "MultiPolygon", "coordinates": [ [ [ [ -82.057631, 27.125331 ], [ -82.057382, 27.11985 ], [ -82.057516, 27.076488 ], [ -82.057506, 27.032119 ], [ -82.040198, 27.03195 ], [ -82.007841, 27.031726 ], [ -81.992522, 27.0317 ], [ -81.99154, 27.032075 ], [ -81.991139, 27.032228 ], [ -81.983242, 27.03525 ], [ -81.958556, 27.035049 ], [ -81.771689, 27.033911 ], [ -81.562624, 27.033835 ], [ -81.562503, 27.037436 ], [ -81.562613, 27.037969 ], [ -81.56313, 27.20965 ], [ -81.562976, 27.211973 ], [ -81.564062, 27.340641 ], [ -81.661709, 27.340571 ], [ -81.679427, 27.340325 ], [ -81.710632, 27.34017 ], [ -81.711471, 27.340264 ], [ -81.724207, 27.340233 ], [ -81.7315, 27.340167 ], [ -81.805822, 27.34013 ], [ -81.829029, 27.340122 ], [ -81.841062, 27.34012 ], [ -81.858829, 27.340262 ], [ -81.858943, 27.336709 ], [ -81.95052, 27.3373 ], [ -82.055753, 27.338264 ], [ -82.056221, 27.292023 ], [ -82.056273, 27.275667 ], [ -82.056126, 27.250336 ], [ -82.056067, 27.249711 ], [ -82.056497, 27.207769 ], [ -82.056541, 27.203876 ], [ -82.057492, 27.135262 ], [ -82.057631, 27.125331 ] ] ] ] } },
{ "type": "Feature", "properties": { "STATEFP": "12", "COUNTYFP": "086", "COUNTYNS": "00295755", "GEOIDFQ": "0500000US12086", "GEOID": "12086", "NAME": "Miami-Dade", "NAMELSAD": "Miami-Dade County", "STUSPS": "FL", "STATE_NAME": "Florida", "LSAD": "06", "ALAND": 4920781679.0, "AWATER": 1267531174.0, "STATE_NAME_HYPHEN": "Florida" }, "geometry": { "type": "MultiPolygon", "coordinates": [ [ [ [ -80.17706, 25.521704 ], [ -80.176024, 25.521154 ], [ -80.17268, 25.522087 ], [ -80.172863, 25.523173 ], [ -80.173116, 25.524181 ], [ -80.17395, 25.525375 ], [ -80.176276, 25.525054 ], [ -80.17706, 25.521704 ] ] ], [ [ [ -80.258957, 25.354349 ], [ -80.257888, 25.352953 ], [ -80.255155, 25.352308 ], [ -80.253134, 25.350483 ], [ -80.251946, 25.347798 ], [ -80.250282, 25.344791 ], [ -80.247162, 25.345536 ], [ -80.243857, 25.347096 ], [ -80.242427, 25.348858 ], [ -80.240881, 25.349829 ], [ -80.239341, 25.350586 ], [ -80.240151, 25.352604 ], [ -80.241391, 25.355563 ], [ -80.240117, 25.358365 ], [ -80.237561, 25.363571 ], [ -80.235495, 25.367678 ], [ -80.233151, 25.372748 ], [ -80.231715, 25.37658 ], [ -80.230607, 25.379997 ], [ -80.22912, 25.383186 ], [ -80.23103, 25.385811 ], [ -80.231387, 25.387421 ], [ -80.226514, 25.391394 ], [ -80.225801, 25.393863 ], [ -80.222474, 25.395688 ], [ -80.221166, 25.397835 ], [ -80.219027, 25.399982 ], [ -80.215147, 25.403493 ], [ -80.21174, 25.406798 ], [ -80.208053, 25.409713 ], [ -80.205649, 25.411551 ], [ -80.203829, 25.414497 ], [ -80.203337, 25.417422 ], [ -80.204121, 25.420151 ], [ -80.202401, 25.42393 ], [ -80.202508, 25.427354 ], [ -80.200448, 25.429796 ], [ -80.195369, 25.441096 ], [ -80.19171, 25.448069 ], [ -80.189767, 25.453438 ], [ -80.189933, 25.456434 ], [ -80.189897, 25.461397 ], [ -80.188382, 25.463829 ], [ -80.187424, 25.466467 ], [ -80.185681, 25.467613 ], [ -80.185126, 25.46977 ], [ -80.181969, 25.475047 ], [ -80.178564, 25.481309 ], [ -80.177248, 25.484635 ], [ -80.176668, 25.485896 ], [ -80.177907, 25.488603 ], [ -80.177024, 25.493327 ], [ -80.177927, 25.496452 ], [ -80.178527, 25.501476 ], [ -80.177339, 25.507027 ], [ -80.175989, 25.510287 ], [ -80.175923, 25.512668 ], [ -80.175544, 25.516361 ], [ -80.175744, 25.517714 ], [ -80.177237, 25.518425 ], [ -80.178325, 25.517197 ], [ -80.178804, 25.514251 ], [ -80.178274, 25.5126 ], [ -80.178476, 25.510695 ], [ -80.18065, 25.509917 ], [ -80.179664, 25.508494 ], [ -80.1807, 25.506407 ], [ -80.182571, 25.506407 ], [ -80.18477, 25.504803 ], [ -80.188637, 25.50556 ], [ -80.189723, 25.504092 ], [ -80.190406, 25.501091 ], [ -80.189536, 25.499357 ], [ -80.189384, 25.49713 ], [ -80.183732, 25.494523 ], [ -80.18088, 25.493235 ], [ -80.181355, 25.490554 ], [ -80.183256, 25.487014 ], [ -80.185277, 25.484332 ], [ -80.187178, 25.48283 ], [ -80.188465, 25.479677 ], [ -80.188339, 25.477292 ], [ -80.190408, 25.473163 ], [ -80.192, 25.471946 ], [ -80.192174, 25.467933 ], [ -80.193562, 25.463941 ], [ -80.193763, 25.46135 ], [ -80.195656, 25.457083 ], [ -80.196513, 25.454353 ], [ -80.197193, 25.451416 ], [ -80.200212, 25.444878 ], [ -80.201079, 25.44419 ], [ -80.201305, 25.4413 ], [ -80.206074, 25.432184 ], [ -80.209758, 25.429071 ], [ -80.212016, 25.428105 ], [ -80.211897, 25.427032 ], [ -80.210352, 25.426388 ], [ -80.209807, 25.42485 ], [ -80.210292, 25.421251 ], [ -80.209348, 25.417741 ], [ -80.208539, 25.416389 ], [ -80.20922, 25.41437 ], [ -80.21178, 25.412009 ], [ -80.213889, 25.410582 ], [ -80.214747, 25.408861 ], [ -80.216523, 25.405987 ], [ -80.218308, 25.405258 ], [ -80.220148, 25.406037 ], [ -80.220957, 25.406357 ], [ -80.223305, 25.405094 ], [ -80.224619, 25.402979 ], [ -80.230298, 25.402912 ], [ -80.235274, 25.401275 ], [ -80.23614, 25.399338 ], [ -80.235684, 25.397862 ], [ -80.233971, 25.39673 ], [ -80.234794, 25.393991 ], [ -80.237825, 25.394238 ], [ -80.239403, 25.396705 ], [ -80.24229, 25.399118 ], [ -80.249491, 25.395046 ], [ -80.248293, 25.392171 ], [ -80.244214, 25.393068 ], [ -80.24187, 25.391501 ], [ -80.237363, 25.391382 ], [ -80.236602, 25.389272 ], [ -80.241202, 25.386465 ], [ -80.246391, 25.388274 ], [ -80.24945, 25.386777 ], [ -80.250876, 25.384415 ], [ -80.254292, 25.382182 ], [ -80.25543, 25.380739 ], [ -80.255864, 25.376244 ], [ -80.255892, 25.373354 ], [ -80.255155, 25.370886 ], [ -80.254679, 25.368846 ], [ -80.255868, 25.366054 ], [ -80.25754, 25.364659 ], [ -80.258425, 25.364389 ], [ -80.258601, 25.359611 ], [ -80.258957, 25.354349 ] ] ], [ [ [ -80.303641, 25.37851 ], [ -80.30227, 25.377444 ], [ -80.29914, 25.377252 ], [ -80.295002, 25.376714 ], [ -80.29279, 25.37955 ], [ -80.29268, 25.382585 ], [ -80.293678, 25.385452 ], [ -80.294912, 25.385445 ], [ -80.295679, 25.383664 ], [ -80.298175, 25.38216 ], [ -80.301621, 25.381194 ], [ -80.303522, 25.38012 ], [ -80.303641, 25.37851 ] ] ], [ [ [ -80.304046, 25.405288 ], [ -80.303463, 25.404093 ], [ -80.301963, 25.403001 ], [ -80.300281, 25.404348 ], [ -80.299741, 25.405385 ], [ -80.300239, 25.406652 ], [ -80.301833, 25.406823 ], [ -80.303541, 25.406007 ], [ -80.304046, 25.405288 ] ] ], [ [ [ -80.624319, 25.181302 ], [ -80.6215462, 25.1806881 ], [ -80.621451, 25.180667 ], [ -80.619622, 25.181164 ], [ -80.618005, 25.180132 ], [ -80.619462, 25.178096 ], [ -80.619244, 25.1779343 ], [ -80.617693, 25.176784 ], [ -80.614448, 25.175779 ], [ -80.6125, 25.176424 ], [ -80.611722, 25.178075 ], [ -80.6109402, 25.1796515 ], [ -80.610637, 25.180263 ], [ -80.609847, 25.182407 ], [ -80.612322, 25.18174 ], [ -80.614481, 25.182312 ], [ -80.617094, 25.182464 ], [ -80.620159, 25.182915 ], [ -80.621467, 25.183668 ], [ -80.622893, 25.182807 ], [ -80.624794, 25.182807 ], [ -80.624319, 25.181302 ] ] ], [ [ [ -80.87327, 25.625385 ], [ -80.873094, 25.623461 ], [ -80.87319, 25.363993 ], [ -80.862191, 25.364193 ], [ -80.861991, 25.242898 ], [ -80.857989, 25.243 ], [ -80.858107, 25.211138 ], [ -80.8578515, 25.1766113 ], [ -80.848553, 25.177651 ], [ -80.838886, 25.175926 ], [ -80.833167, 25.172599 ], [ -80.829899, 25.168656 ], [ -80.828129, 25.165575 ], [ -80.826359, 25.160645 ], [ -80.816419, 25.164958 ], [ -80.809883, 25.168902 ], [ -80.810019, 25.172352 ], [ -80.81179, 25.174694 ], [ -80.813696, 25.175926 ], [ -80.813696, 25.177898 ], [ -80.814104, 25.180239 ], [ -80.814593, 25.18271 ], [ -80.812506, 25.183568 ], [ -80.808543, 25.184426 ], [ -80.805935, 25.184182 ], [ -80.802122, 25.18221 ], [ -80.798037, 25.181841 ], [ -80.794497, 25.179869 ], [ -80.793544, 25.176419 ], [ -80.794633, 25.173585 ], [ -80.796403, 25.169025 ], [ -80.79831, 25.164958 ], [ -80.799535, 25.16311 ], [ -80.800488, 25.15855 ], [ -80.801981, 25.152602 ], [ -80.800658, 25.148289 ], [ -80.800978, 25.144821 ], [ -80.800526, 25.142985 ], [ -80.798003, 25.146678 ], [ -80.798894, 25.150925 ], [ -80.799048, 25.154698 ], [ -80.7983847, 25.1564311 ], [ -80.797243, 25.159414 ], [ -80.79363, 25.163717 ], [ -80.790172, 25.164545 ], [ -80.788667, 25.1644855 ], [ -80.787438, 25.164437 ], [ -80.78315, 25.165874 ], [ -80.779238, 25.164007 ], [ -80.776358, 25.160566 ], [ -80.775586, 25.156374 ], [ -80.773334, 25.153564 ], [ -80.772036, 25.14855 ], [ -80.772962, 25.144778 ], [ -80.774814, 25.142123 ], [ -80.776975, 25.139608 ], [ -80.778056, 25.13821 ], [ -80.776821, 25.13807 ], [ -80.774627, 25.138437 ], [ -80.771472, 25.140339 ], [ -80.769493, 25.144967 ], [ -80.76878, 25.148302 ], [ -80.769018, 25.150453 ], [ -80.771019, 25.154209 ], [ -80.772531, 25.156083 ], [ -80.77273, 25.159 ], [ -80.771734, 25.161044 ], [ -80.768882, 25.162269 ], [ -80.762997, 25.162578 ], [ -80.75735, 25.161044 ], [ -80.754284, 25.158428 ], [ -80.754634, 25.15566 ], [ -80.755708, 25.153035 ], [ -80.754277, 25.152274 ], [ -80.751606, 25.152758 ], [ -80.747746, 25.147441 ], [ -80.74231, 25.142525 ], [ -80.737165, 25.143416 ], [ -80.732849, 25.143187 ], [ -80.728731, 25.144106 ], [ -80.726138, 25.145503 ], [ -80.722741, 25.145407 ], [ -80.721601, 25.146473 ], [ -80.723644, 25.14776 ], [ -80.72874, 25.150228 ], [ -80.731481, 25.15179 ], [ -80.735624, 25.152067 ], [ -80.73807, 25.15034 ], [ -80.741098, 25.151629 ], [ -80.744181, 25.154971 ], [ -80.744299, 25.15637 ], [ -80.747417, 25.157975 ], [ -80.747993, 25.161135 ], [ -80.747525, 25.16488 ], [ -80.74587, 25.165662 ], [ -80.741911, 25.163871 ], [ -80.738781, 25.161819 ], [ -80.737526, 25.159167 ], [ -80.736337, 25.159382 ], [ -80.734427, 25.1612 ], [ -80.730289, 25.159832 ], [ -80.729749, 25.160581 ], [ -80.729461, 25.163121 ], [ -80.729929, 25.164522 ], [ -80.7318, 25.166509 ], [ -80.732304, 25.167616 ], [ -80.729076, 25.167496 ], [ -80.727186, 25.166266 ], [ -80.724572, 25.16519 ], [ -80.723065, 25.162514 ], [ -80.722391, 25.159547 ], [ -80.724097, 25.157921 ], [ -80.726028, 25.156051 ], [ -80.726163, 25.15471 ], [ -80.726926, 25.15345 ], [ -80.726657, 25.152881 ], [ -80.725085, 25.15345 ], [ -80.72266, 25.154629 ], [ -80.719921, 25.155482 ], [ -80.717856, 25.15597 ], [ -80.715341, 25.154344 ], [ -80.713679, 25.152922 ], [ -80.710691, 25.151817 ], [ -80.710087, 25.149385 ], [ -80.708785, 25.147759 ], [ -80.708336, 25.146011 ], [ -80.708291, 25.143938 ], [ -80.707303, 25.141743 ], [ -80.706135, 25.140483 ], [ -80.70416, 25.140808 ], [ -80.703621, 25.142556 ], [ -80.704239, 25.14388 ], [ -80.704788, 25.144507 ], [ -80.705686, 25.14906 ], [ -80.704878, 25.151336 ], [ -80.703095, 25.153558 ], [ -80.700685, 25.152928 ], [ -80.697833, 25.154649 ], [ -80.6977697, 25.1552225 ], [ -80.697477, 25.157876 ], [ -80.698308, 25.16121 ], [ -80.6981521, 25.162623 ], [ -80.698067, 25.163394 ], [ -80.695932, 25.163899 ], [ -80.69403, 25.165943 ], [ -80.691656, 25.16832 ], [ -80.688088, 25.16874 ], [ -80.683956, 25.172349 ], [ -80.681361, 25.174404 ], [ -80.678279, 25.174698 ], [ -80.677263, 25.173246 ], [ -80.677623, 25.169346 ], [ -80.67861, 25.167938 ], [ -80.679897, 25.166177 ], [ -80.680286, 25.164742 ], [ -80.679448, 25.164173 ], [ -80.677772, 25.164335 ], [ -80.676755, 25.165446 ], [ -80.674989, 25.167098 ], [ -80.672595, 25.167613 ], [ -80.672745, 25.167992 ], [ -80.674091, 25.168561 ], [ -80.674211, 25.170132 ], [ -80.673642, 25.171242 ], [ -80.673613, 25.173788 ], [ -80.672326, 25.174709 ], [ -80.670979, 25.174519 ], [ -80.669393, 25.172515 ], [ -80.668375, 25.171919 ], [ -80.667657, 25.170592 ], [ -80.667957, 25.169102 ], [ -80.668914, 25.168154 ], [ -80.669752, 25.167206 ], [ -80.668585, 25.166963 ], [ -80.666819, 25.167071 ], [ -80.665473, 25.167315 ], [ -80.662211, 25.168019 ], [ -80.659667, 25.169021 ], [ -80.65768, 25.16956 ], [ -80.655883, 25.166911 ], [ -80.653263, 25.164549 ], [ -80.653506, 25.161748 ], [ -80.654932, 25.159704 ], [ -80.655645, 25.157553 ], [ -80.6557848, 25.1574379 ], [ -80.658259, 25.155402 ], [ -80.661706, 25.154649 ], [ -80.6645719, 25.151276 ], [ -80.666459, 25.149055 ], [ -80.66881, 25.146934 ], [ -80.6705, 25.144322 ], [ -80.672401, 25.143891 ], [ -80.674422, 25.1426 ], [ -80.675016, 25.140234 ], [ -80.673709, 25.138297 ], [ -80.671451, 25.140018 ], [ -80.671181, 25.1401958 ], [ -80.668836, 25.14174 ], [ -80.6654192, 25.1416384 ], [ -80.66191, 25.141534 ], [ -80.657987, 25.143157 ], [ -80.658462, 25.144447 ], [ -80.65843, 25.145335 ], [ -80.658208, 25.146281 ], [ -80.657607, 25.146654 ], [ -80.657163, 25.14631 ], [ -80.657227, 25.145364 ], [ -80.6567971, 25.144947 ], [ -80.656596, 25.144752 ], [ -80.652555, 25.145935 ], [ -80.651723, 25.147011 ], [ -80.653981, 25.148625 ], [ -80.656001, 25.150023 ], [ -80.656239, 25.152497 ], [ -80.655691, 25.1548 ], [ -80.654066899999989, 25.1562881 ], [ -80.653625, 25.156693 ], [ -80.650944, 25.15744 ], [ -80.651775, 25.162119 ], [ -80.649246, 25.168648 ], [ -80.646939, 25.172792 ], [ -80.645826, 25.174127 ], [ -80.644621, 25.175264 ], [ -80.642304, 25.175863 ], [ -80.640318, 25.176987 ], [ -80.637669, 25.176537 ], [ -80.635352, 25.176387 ], [ -80.63411, 25.176462 ], [ -80.635517, 25.178035 ], [ -80.637255, 25.17826 ], [ -80.642635, 25.177953 ], [ -80.64406, 25.177271 ], [ -80.648028, 25.176184 ], [ -80.651301, 25.175193 ], [ -80.6516473, 25.1753454 ], [ -80.653743, 25.176268 ], [ -80.655764, 25.176161 ], [ -80.657903, 25.177882 ], [ -80.6580118, 25.1774881 ], [ -80.658616, 25.1753 ], [ -80.6587109, 25.1752883 ], [ -80.66123, 25.174978 ], [ -80.6636649, 25.1765107 ], [ -80.663964, 25.176699 ], [ -80.6639059, 25.1769092 ], [ -80.663013, 25.18014 ], [ -80.6621005, 25.1809659 ], [ -80.660874, 25.182076 ], [ -80.660343, 25.184877 ], [ -80.657451, 25.185388 ], [ -80.655051, 25.184549 ], [ -80.654219, 25.185087 ], [ -80.654338, 25.187023 ], [ -80.652912, 25.189496 ], [ -80.652231, 25.192793 ], [ -80.64821, 25.19292 ], [ -80.647207, 25.191217 ], [ -80.647207, 25.189711 ], [ -80.643768, 25.19161 ], [ -80.641622, 25.190894 ], [ -80.638888, 25.190679 ], [ -80.636393, 25.192615 ], [ -80.634254, 25.19283 ], [ -80.634525, 25.194069 ], [ -80.631164, 25.195196 ], [ -80.630952, 25.197631 ], [ -80.62877, 25.198149 ], [ -80.625222, 25.195303 ], [ -80.623915, 25.195841 ], [ -80.623677, 25.198207 ], [ -80.622039, 25.19975 ], [ -80.619518, 25.197669 ], [ -80.613433, 25.201473 ], [ -80.609773, 25.200357 ], [ -80.608989, 25.203197 ], [ -80.605038, 25.203516 ], [ -80.603628, 25.20192 ], [ -80.604425, 25.200035 ], [ -80.605851, 25.195411 ], [ -80.60395, 25.19326 ], [ -80.603159, 25.191203 ], [ -80.603175, 25.190198 ], [ -80.604054, 25.188761 ], [ -80.605272, 25.188342 ], [ -80.60683, 25.188035 ], [ -80.607478, 25.187728 ], [ -80.608357, 25.186932 ], [ -80.609468, 25.18608 ], [ -80.609653, 25.185397 ], [ -80.609179, 25.183689 ], [ -80.608018, 25.184154 ], [ -80.607555, 25.185159 ], [ -80.607015, 25.185941 ], [ -80.606475, 25.186457 ], [ -80.605118, 25.186988 ], [ -80.60373, 25.187504 ], [ -80.603159, 25.187742 ], [ -80.601786, 25.187951 ], [ -80.598856, 25.189291 ], [ -80.595543, 25.190168 ], [ -80.594016, 25.191471 ], [ -80.594166, 25.194664 ], [ -80.592841, 25.197226 ], [ -80.59158, 25.199245 ], [ -80.58762, 25.200691 ], [ -80.585156, 25.201085 ], [ -80.58339, 25.20111 ], [ -80.58339, 25.203798 ], [ -80.583628, 25.206056 ], [ -80.584508, 25.207282 ], [ -80.582915, 25.208422 ], [ -80.582083, 25.21068 ], [ -80.579561, 25.212094 ], [ -80.576616, 25.211862 ], [ -80.574953, 25.210572 ], [ -80.573764, 25.210034 ], [ -80.570318, 25.210465 ], [ -80.567937, 25.211765 ], [ -80.566257, 25.210826 ], [ -80.563291, 25.207383 ], [ -80.563291, 25.205684 ], [ -80.564477, 25.203806 ], [ -80.568036, 25.203895 ], [ -80.568728, 25.203582 ], [ -80.568777, 25.201302 ], [ -80.570341, 25.198688 ], [ -80.5710484, 25.1987244 ], [ -80.573527, 25.198852 ], [ -80.575309, 25.20068 ], [ -80.575547, 25.202938 ], [ -80.576498, 25.204121 ], [ -80.5766832, 25.2036179 ], [ -80.577567, 25.201217 ], [ -80.575797, 25.198781 ], [ -80.574563, 25.197795 ], [ -80.572039, 25.196964 ], [ -80.568876, 25.193252 ], [ -80.565515, 25.192939 ], [ -80.565911, 25.194818 ], [ -80.564972, 25.196651 ], [ -80.558992, 25.199647 ], [ -80.559585, 25.204521 ], [ -80.560375, 25.205907 ], [ -80.561809, 25.20944 ], [ -80.563192, 25.211094 ], [ -80.562797, 25.212301 ], [ -80.559147, 25.211862 ], [ -80.556532, 25.212077 ], [ -80.553918, 25.214228 ], [ -80.548906, 25.214448 ], [ -80.54793, 25.21238 ], [ -80.548974, 25.210636 ], [ -80.549283, 25.208529 ], [ -80.547875, 25.206836 ], [ -80.545997, 25.206044 ], [ -80.542391, 25.206379 ], [ -80.540251, 25.204766 ], [ -80.539091, 25.204384 ], [ -80.538706, 25.205303 ], [ -80.541424, 25.212055 ], [ -80.539216, 25.214908 ], [ -80.536392, 25.214029 ], [ -80.529581, 25.215004 ], [ -80.528367, 25.217561 ], [ -80.525991, 25.218636 ], [ -80.524233, 25.2219 ], [ -80.519344, 25.222613 ], [ -80.515057, 25.219818 ], [ -80.513143, 25.217279 ], [ -80.510491, 25.216389 ], [ -80.509437, 25.212551 ], [ -80.507577, 25.211169 ], [ -80.506333, 25.207954 ], [ -80.5015662, 25.2036725 ], [ -80.500488, 25.202704 ], [ -80.497983, 25.199932 ], [ -80.496015, 25.20043 ], [ -80.496513, 25.203477 ], [ -80.496267, 25.205258 ], [ -80.498138, 25.207558 ], [ -80.501189, 25.208449 ], [ -80.501763, 25.210379 ], [ -80.500779, 25.211566 ], [ -80.498564, 25.211492 ], [ -80.497252, 25.209414 ], [ -80.494791, 25.20793 ], [ -80.492904, 25.207633 ], [ -80.490608, 25.208227 ], [ -80.48825, 25.207434 ], [ -80.4878664, 25.2081547 ], [ -80.488183, 25.209534 ], [ -80.487034, 25.212306 ], [ -80.489043, 25.213311 ], [ -80.491818, 25.213471 ], [ -80.494872, 25.216014 ], [ -80.495051, 25.21934 ], [ -80.494448, 25.221038 ], [ -80.496038, 25.222735 ], [ -80.495133, 25.226062 ], [ -80.493646, 25.227346 ], [ -80.490696, 25.227279 ], [ -80.48916, 25.228818 ], [ -80.487318, 25.228728 ], [ -80.4854, 25.22671 ], [ -80.485198, 25.22577 ], [ -80.482826, 25.224786 ], [ -80.481415, 25.226116 ], [ -80.480408, 25.228228 ], [ -80.477182, 25.229582 ], [ -80.476199, 25.230662 ], [ -80.474484, 25.230618 ], [ -80.472667, 25.228555 ], [ -80.470853, 25.230413 ], [ -80.468432, 25.230185 ], [ -80.468207, 25.233602 ], [ -80.467149, 25.234727 ], [ -80.464678, 25.23489 ], [ -80.46382, 25.235898 ], [ -80.460795, 25.236818 ], [ -80.459055, 25.23652 ], [ -80.45686, 25.235101 ], [ -80.457367, 25.23761 ], [ -80.456534, 25.238816 ], [ -80.455223, 25.239116 ], [ -80.453407, 25.238359 ], [ -80.450659, 25.240241 ], [ -80.447579, 25.240722 ], [ -80.444459, 25.240156 ], [ -80.445627, 25.241474 ], [ -80.445598, 25.242729 ], [ -80.4445, 25.244069 ], [ -80.443077, 25.244313 ], [ -80.441431, 25.243941 ], [ -80.439065, 25.242106 ], [ -80.439676, 25.239314 ], [ -80.436944, 25.240646 ], [ -80.435381, 25.240497 ], [ -80.434731, 25.238375 ], [ -80.435957, 25.235812 ], [ -80.433478, 25.236417 ], [ -80.432343, 25.236725 ], [ -80.429306, 25.235661 ], [ -80.426877, 25.236412 ], [ -80.41887, 25.23631 ], [ -80.418649, 25.244749 ], [ -80.413355, 25.250389 ], [ -80.410955, 25.253466 ], [ -80.397863, 25.2534798 ], [ -80.397406, 25.256582 ], [ -80.399426, 25.257872 ], [ -80.400496, 25.261204 ], [ -80.399902, 25.265395 ], [ -80.40002, 25.270983 ], [ -80.398119, 25.276786 ], [ -80.39491, 25.280333 ], [ -80.390989, 25.285598 ], [ -80.388493, 25.288499 ], [ -80.385878, 25.291078 ], [ -80.382907, 25.291615 ], [ -80.37969, 25.288463 ], [ -80.3791366, 25.288302 ], [ -80.3794, 25.296829 ], [ -80.379021, 25.305895 ], [ -80.3761038, 25.3058749 ], [ -80.375864, 25.30769 ], [ -80.373669, 25.309526 ], [ -80.373437, 25.312816 ], [ -80.371479, 25.317277 ], [ -80.370539, 25.317461 ], [ -80.371876, 25.320788 ], [ -80.37064, 25.323219 ], [ -80.36741, 25.32416 ], [ -80.365388, 25.324807 ], [ -80.365125, 25.326675 ], [ -80.363091, 25.328099 ], [ -80.360861, 25.328069 ], [ -80.359811, 25.326319 ], [ -80.358728, 25.325255 ], [ -80.357315, 25.324732 ], [ -80.355448, 25.325133 ], [ -80.354362, 25.326358 ], [ -80.351642, 25.325815 ], [ -80.351085, 25.324837 ], [ -80.350527, 25.322465 ], [ -80.349313, 25.321012 ], [ -80.345081, 25.322791 ], [ -80.343031, 25.322825 ], [ -80.342275, 25.323259 ], [ -80.342364, 25.3236623 ], [ -80.343232, 25.327596 ], [ -80.342602, 25.331546 ], [ -80.338872, 25.33654 ], [ -80.33553, 25.340671 ], [ -80.3315235, 25.3458336 ], [ -80.330952, 25.34657 ], [ -80.329923, 25.349933 ], [ -80.326327, 25.357051 ], [ -80.323986, 25.359299 ], [ -80.3228, 25.361467 ], [ -80.320401, 25.362979 ], [ -80.318273, 25.362906 ], [ -80.313785, 25.367152 ], [ -80.31194, 25.36995 ], [ -80.31036, 25.3731 ], [ -80.306801, 25.384369 ], [ -80.305424, 25.387744 ], [ -80.308436, 25.390388 ], [ -80.31036, 25.389707 ], [ -80.312673, 25.387958 ], [ -80.316728, 25.388857 ], [ -80.319803, 25.389139 ], [ -80.320442, 25.391486 ], [ -80.323563, 25.393326 ], [ -80.326318, 25.394259 ], [ -80.327924, 25.396835 ], [ -80.327463, 25.404589 ], [ -80.329283, 25.406491 ], [ -80.325641, 25.410169 ], [ -80.327254, 25.414102 ], [ -80.328222, 25.416104 ], [ -80.32609, 25.419436 ], [ -80.326373, 25.422919 ], [ -80.325333, 25.430807 ], [ -80.321561, 25.432831 ], [ -80.320442, 25.437153 ], [ -80.326058, 25.43794 ], [ -80.329056, 25.440531 ], [ -80.330523, 25.442965 ], [ -80.330907, 25.448114 ], [ -80.3308669, 25.4484917 ], [ -80.330637, 25.450658 ], [ -80.333894, 25.452561 ], [ -80.336942, 25.456187 ], [ -80.337216, 25.459218 ], [ -80.334885, 25.462067 ], [ -80.3344338, 25.4632921 ], [ -80.334084, 25.464242 ], [ -80.334374, 25.46493 ], [ -80.336428, 25.464711 ], [ -80.338588, 25.466174 ], [ -80.340026, 25.467888 ], [ -80.3401451, 25.4685518 ], [ -80.3401739, 25.4687127 ], [ -80.3404966, 25.4705115 ], [ -80.340517, 25.470625 ], [ -80.340297, 25.4772 ], [ -80.340273, 25.48151 ], [ -80.339574, 25.482233 ], [ -80.33961, 25.483689 ], [ -80.340471, 25.488339 ], [ -80.340542, 25.49223 ], [ -80.3402163, 25.4928847 ], [ -80.338993, 25.495344 ], [ -80.339773, 25.500249 ], [ -80.332676, 25.504067 ], [ -80.333942, 25.506178 ], [ -80.333498, 25.507598 ], [ -80.335823, 25.50965 ], [ -80.333551, 25.517031 ], [ -80.331033, 25.517973 ], [ -80.33084, 25.519213 ], [ -80.331825, 25.522455 ], [ -80.331457, 25.525688 ], [ -80.329945, 25.526204 ], [ -80.331486, 25.52824 ], [ -80.330423, 25.530735 ], [ -80.328746, 25.53264 ], [ -80.325632399999989, 25.5348635 ], [ -80.3251586, 25.5352018 ], [ -80.324594, 25.535605 ], [ -80.31435, 25.536174 ], [ -80.313443, 25.537376 ], [ -80.311752, 25.547003 ], [ -80.308448, 25.555895 ], [ -80.307326, 25.557955 ], [ -80.3075873, 25.5596721 ], [ -80.307789, 25.560998 ], [ -80.306761, 25.565071 ], [ -80.302674, 25.569497 ], [ -80.30261, 25.571791 ], [ -80.305096, 25.578608 ], [ -80.3058178, 25.5806845 ], [ -80.307748, 25.586237 ], [ -80.308114, 25.591912 ], [ -80.307703, 25.593316 ], [ -80.3081879, 25.5944408 ], [ -80.308545, 25.595269 ], [ -80.3082749, 25.5995083 ], [ -80.308226, 25.600275 ], [ -80.308851, 25.604229 ], [ -80.308443, 25.607022 ], [ -80.3082738, 25.607354 ], [ -80.307197, 25.609467 ], [ -80.3070101, 25.6106716 ], [ -80.306682, 25.612786 ], [ -80.305395, 25.615908 ], [ -80.303368, 25.617377 ], [ -80.301509, 25.617594 ], [ -80.300084, 25.618963 ], [ -80.298796, 25.619273 ], [ -80.298273, 25.621615 ], [ -80.288213, 25.620603 ], [ -80.286321, 25.620062 ], [ -80.2828772, 25.6253945 ], [ -80.278278, 25.632516 ], [ -80.27583, 25.637391 ], [ -80.272002, 25.639191 ], [ -80.271305, 25.644548 ], [ -80.270676, 25.647553 ], [ -80.269803, 25.647803 ], [ -80.268649, 25.650522 ], [ -80.268301, 25.651754 ], [ -80.26645, 25.652173 ], [ -80.266185, 25.652731 ], [ -80.268191, 25.654486 ], [ -80.2675921, 25.6576187 ], [ -80.267332, 25.658979 ], [ -80.26561, 25.661734 ], [ -80.2653079, 25.6624919 ], [ -80.262616, 25.669244 ], [ -80.26014, 25.674522 ], [ -80.2600098, 25.674677 ], [ -80.2574, 25.677784 ], [ -80.255757, 25.677887 ], [ -80.255832, 25.680621 ], [ -80.249824, 25.690189 ], [ -80.24732, 25.697578 ], [ -80.245111, 25.698416 ], [ -80.2455, 25.7020707 ], [ -80.24608, 25.70752 ], [ -80.2475004, 25.7092111 ], [ -80.2477605, 25.7095209 ], [ -80.248189, 25.710031 ], [ -80.249122, 25.713383 ], [ -80.244694, 25.717879 ], [ -80.240376, 25.724206 ], [ -80.23922, 25.7255934 ], [ -80.2381233, 25.7269096 ], [ -80.237858, 25.727228 ], [ -80.235794, 25.726044 ], [ -80.232755, 25.729052 ], [ -80.233341, 25.729759 ], [ -80.233058, 25.731683 ], [ -80.231425, 25.731551 ], [ -80.229677, 25.732617 ], [ -80.229959, 25.733447 ], [ -80.2293, 25.734022 ], [ -80.228012, 25.733391 ], [ -80.2278308, 25.7334892 ], [ -80.221998, 25.73665 ], [ -80.21772, 25.739433 ], [ -80.2159706, 25.738845 ], [ -80.214358, 25.738303 ], [ -80.210674, 25.740731 ], [ -80.209829, 25.744275 ], [ -80.208515, 25.745602 ], [ -80.202632, 25.748207 ], [ -80.2022654, 25.7479369 ], [ -80.199621, 25.745989 ], [ -80.1893605, 25.7460177 ], [ -80.178918, 25.7460469 ], [ -80.178896, 25.746047 ], [ -80.175116, 25.74445 ], [ -80.1741193, 25.7434635 ], [ -80.1737036, 25.7430521 ], [ -80.16627, 25.735695 ], [ -80.167115, 25.733917 ], [ -80.165954, 25.731769 ], [ -80.162103, 25.731618 ], [ -80.157611, 25.727481 ], [ -80.158011, 25.726421 ], [ -80.154256, 25.723214 ], [ -80.161771, 25.716077 ], [ -80.17243, 25.709565 ], [ -80.172516, 25.707928 ], [ -80.167859, 25.706402 ], [ -80.166868, 25.701083 ], [ -80.1676027, 25.7003701 ], [ -80.1687303, 25.699276 ], [ -80.172351, 25.695763 ], [ -80.175323, 25.69169 ], [ -80.177309, 25.686598 ], [ -80.1705938, 25.6814954 ], [ -80.170184, 25.681184 ], [ -80.162633, 25.674439 ], [ -80.159427, 25.666178 ], [ -80.157998, 25.665361 ], [ -80.156326, 25.666151 ], [ -80.15293, 25.671584 ], [ -80.155167, 25.682288 ], [ -80.1552873, 25.6830323 ], [ -80.1556416, 25.6852251 ], [ -80.1558005, 25.6862086 ], [ -80.156599, 25.69115 ], [ -80.156132, 25.6959969 ], [ -80.155889, 25.698519 ], [ -80.1557227, 25.698953 ], [ -80.1551671, 25.7004027 ], [ -80.154435, 25.702313 ], [ -80.152316, 25.705325 ], [ -80.151447, 25.709035 ], [ -80.15108, 25.712929 ], [ -80.148175, 25.719103 ], [ -80.147602, 25.723467 ], [ -80.148048, 25.725852 ], [ -80.152626, 25.728628 ], [ -80.154616, 25.728835 ], [ -80.15937, 25.73301 ], [ -80.1587323, 25.733403 ], [ -80.151344, 25.737956 ], [ -80.148242, 25.738822 ], [ -80.14514, 25.741546 ], [ -80.142717, 25.746544 ], [ -80.142851, 25.750994 ], [ -80.1405883, 25.7542281 ], [ -80.139688, 25.755515 ], [ -80.1396389, 25.7555349 ], [ -80.137099, 25.756567 ], [ -80.137057, 25.7566392 ], [ -80.1342751, 25.7614254 ], [ -80.1338557, 25.7621471 ], [ -80.133686, 25.762439 ], [ -80.130993, 25.7642637 ], [ -80.130845, 25.764364 ], [ -80.1310445, 25.7684109 ], [ -80.131111, 25.76976 ], [ -80.1306566, 25.7719904 ], [ -80.1288102, 25.7810528 ], [ -80.128603, 25.78207 ], [ -80.1276309, 25.786283 ], [ -80.1272661, 25.7878638 ], [ -80.1266922, 25.7903513 ], [ -80.1266854, 25.7903806 ], [ -80.125988, 25.793403 ], [ -80.1251767, 25.7974726 ], [ -80.124604, 25.800345 ], [ -80.1242308, 25.8013982 ], [ -80.12327, 25.8041093 ], [ -80.122925, 25.805083 ], [ -80.1223793, 25.8073931 ], [ -80.1213095, 25.8119225 ], [ -80.1211489, 25.8126024 ], [ -80.1211471, 25.8126099 ], [ -80.121008, 25.813199 ], [ -80.120712, 25.8160281 ], [ -80.1204333, 25.818691 ], [ -80.1203347, 25.8196335 ], [ -80.1199318, 25.8234838 ], [ -80.1198081, 25.8246661 ], [ -80.119491, 25.827696 ], [ -80.1194249, 25.8293969 ], [ -80.1193424, 25.8315218 ], [ -80.1193127, 25.8322859 ], [ -80.1192132, 25.8348471 ], [ -80.1190496, 25.8390565 ], [ -80.1189742, 25.8409985 ], [ -80.1189718, 25.8410578 ], [ -80.1188684, 25.8437198 ], [ -80.1188409, 25.844428 ], [ -80.118793, 25.845661 ], [ -80.1188553, 25.851305 ], [ -80.1189087, 25.8561421 ], [ -80.1190043, 25.8647952 ], [ -80.119016, 25.865858 ], [ -80.1197402, 25.8726131 ], [ -80.1201305, 25.8762543 ], [ -80.1205142, 25.8798331 ], [ -80.12087, 25.883152 ], [ -80.120893099999989, 25.88357 ], [ -80.1210928, 25.8871889 ], [ -80.1213477, 25.8918062 ], [ -80.1214499, 25.8936573 ], [ -80.121687, 25.897952 ], [ -80.1216762, 25.8995064 ], [ -80.121639, 25.90489 ], [ -80.121257, 25.917742 ], [ -80.1210102, 25.9214202 ], [ -80.1207753, 25.9249199 ], [ -80.1206363, 25.9269911 ], [ -80.120534, 25.9285154 ], [ -80.1204309, 25.9300525 ], [ -80.120096, 25.935043 ], [ -80.119817, 25.9377096 ], [ -80.119224, 25.9433771 ], [ -80.118959, 25.94591 ], [ -80.1189222, 25.9469668 ], [ -80.1186833, 25.9538164 ], [ -80.1186787, 25.9539488 ], [ -80.1185674, 25.9571427 ], [ -80.1181871, 25.9680506 ], [ -80.118009, 25.973158 ], [ -80.1178961, 25.9752479 ], [ -80.119465, 25.9752 ], [ -80.123309, 25.975103 ], [ -80.123874, 25.974484 ], [ -80.130411, 25.974227 ], [ -80.133862, 25.97411 ], [ -80.133867, 25.974868 ], [ -80.142125, 25.974676 ], [ -80.143501, 25.974511 ], [ -80.147864, 25.974408 ], [ -80.148063, 25.974407 ], [ -80.154211, 25.974187 ], [ -80.157434, 25.974098 ], [ -80.158226, 25.974076 ], [ -80.165036, 25.973885 ], [ -80.165724, 25.973783 ], [ -80.166474, 25.973579 ], [ -80.174465, 25.973569 ], [ -80.18012, 25.97347 ], [ -80.181085, 25.973484 ], [ -80.18276, 25.973415 ], [ -80.185446, 25.973359 ], [ -80.190839, 25.973228 ], [ -80.194422, 25.973169 ], [ -80.198029, 25.973033 ], [ -80.206219, 25.972647 ], [ -80.212546, 25.972385 ], [ -80.214256, 25.972396 ], [ -80.214846, 25.972335 ], [ -80.217202, 25.972284 ], [ -80.219536, 25.972241 ], [ -80.223122, 25.972326 ], [ -80.229586, 25.972232 ], [ -80.229759, 25.972235 ], [ -80.23421, 25.972098 ], [ -80.246715, 25.971875 ], [ -80.246924, 25.97187 ], [ -80.262198, 25.971306 ], [ -80.262482, 25.971299 ], [ -80.262568, 25.971296 ], [ -80.278764, 25.970968 ], [ -80.295104, 25.970572 ], [ -80.295072, 25.963555 ], [ -80.294976, 25.956929 ], [ -80.294972, 25.95677 ], [ -80.310617, 25.957165 ], [ -80.317372, 25.95715 ], [ -80.326712, 25.957118 ], [ -80.331785, 25.957102 ], [ -80.333248, 25.957097 ], [ -80.339101, 25.957078 ], [ -80.340043, 25.957117 ], [ -80.340877, 25.957153 ], [ -80.342815, 25.95717 ], [ -80.351384, 25.956963 ], [ -80.352088, 25.956968 ], [ -80.375067, 25.957072 ], [ -80.407382, 25.956939 ], [ -80.408726, 25.956903 ], [ -80.431359, 25.956965 ], [ -80.43577, 25.95685 ], [ -80.439389, 25.956852 ], [ -80.440928, 25.956858 ], [ -80.550844, 25.957018 ], [ -80.55175, 25.956974 ], [ -80.680016, 25.956857 ], [ -80.680038, 25.978749 ], [ -80.872932, 25.979434 ], [ -80.873187, 25.806161 ], [ -80.873096, 25.805377 ], [ -80.87327, 25.625385 ] ] ] ] } },
{ "type": "Feature", "properties": { "STATEFP": "12", "COUNTYFP": "059", "COUNTYNS": "00295735", "GEOIDFQ": "0500000US12059", "GEOID": "12059", "NAME": "Holmes", "NAMELSAD": "Holmes County", "STUSPS": "FL", "STATE_NAME": "Florida", "LSAD": "06", "ALAND": 1240232909.0, "AWATER": 26393540.0, "STATE_NAME_HYPHEN": "Florida" }, "geometry": { "type": "MultiPolygon", "coordinates": [ [ [ [ -86.037591, 30.704572 ], [ -86.037238, 30.704571 ], [ -85.999937, 30.704389 ], [ -85.954483, 30.703704 ], [ -85.952884, 30.703689 ], [ -85.948994, 30.703651 ], [ -85.944787, 30.703611 ], [ -85.936362, 30.703531 ], [ -85.919345, 30.70342 ], [ -85.88854, 30.703295 ], [ -85.876483, 30.703112 ], [ -85.875648, 30.703284 ], [ -85.863138, 30.703017 ], [ -85.844421, 30.70313 ], [ -85.844054, 30.704505 ], [ -85.845132, 30.707271 ], [ -85.844877, 30.708299 ], [ -85.843879, 30.707337 ], [ -85.842899, 30.707709 ], [ -85.843199, 30.710085 ], [ -85.84051, 30.711508 ], [ -85.838075, 30.711096 ], [ -85.836273, 30.709929 ], [ -85.834978, 30.710604 ], [ -85.83526, 30.712189 ], [ -85.837275, 30.712872 ], [ -85.837005, 30.714743 ], [ -85.839195, 30.715155 ], [ -85.839774, 30.717283 ], [ -85.839467, 30.718624 ], [ -85.838274, 30.718559 ], [ -85.836469, 30.717118 ], [ -85.835615, 30.719183 ], [ -85.833567, 30.7213 ], [ -85.833886, 30.723055 ], [ -85.8349, 30.724493 ], [ -85.834751, 30.726316 ], [ -85.833558, 30.72696 ], [ -85.832834, 30.726196 ], [ -85.833059, 30.724295 ], [ -85.831696, 30.723038 ], [ -85.829296, 30.724318 ], [ -85.826124, 30.725284 ], [ -85.82512, 30.726091 ], [ -85.825838, 30.727287 ], [ -85.827976, 30.7283 ], [ -85.828521, 30.729859 ], [ -85.824581, 30.73566 ], [ -85.822531, 30.73528 ], [ -85.822585, 30.738787 ], [ -85.823947, 30.739034 ], [ -85.825257, 30.73823 ], [ -85.826346, 30.739191 ], [ -85.82998, 30.740576 ], [ -85.829521, 30.741768 ], [ -85.828139, 30.742538 ], [ -85.824289, 30.742422 ], [ -85.824303, 30.743999 ], [ -85.826675, 30.744376 ], [ -85.826734, 30.745322 ], [ -85.827033, 30.746858 ], [ -85.829634, 30.748124 ], [ -85.832534, 30.748683 ], [ -85.833018, 30.75 ], [ -85.830591, 30.751641 ], [ -85.828354, 30.751714 ], [ -85.827737, 30.752245 ], [ -85.829909, 30.755742 ], [ -85.831934, 30.757083 ], [ -85.832537, 30.758504 ], [ -85.831813, 30.760285 ], [ -85.829045, 30.760057 ], [ -85.828455, 30.76068 ], [ -85.828253, 30.762197 ], [ -85.82981, 30.764018 ], [ -85.83052, 30.765715 ], [ -85.830208, 30.768557 ], [ -85.82769, 30.774889 ], [ -85.826445, 30.776506 ], [ -85.823458, 30.778432 ], [ -85.821908, 30.779021 ], [ -85.819471, 30.779074 ], [ -85.81853, 30.780511 ], [ -85.816361, 30.782555 ], [ -85.816399, 30.783782 ], [ -85.818559, 30.786429 ], [ -85.819524, 30.788441 ], [ -85.821398, 30.790569 ], [ -85.821616, 30.790775 ], [ -85.795164, 30.790417 ], [ -85.751928, 30.78961 ], [ -85.751979, 30.775706 ], [ -85.747918, 30.775735 ], [ -85.735115, 30.775292 ], [ -85.735477, 30.750189 ], [ -85.736167, 30.749296 ], [ -85.736051, 30.74637 ], [ -85.728777, 30.745873 ], [ -85.697785, 30.74491 ], [ -85.690452, 30.744719 ], [ -85.689384, 30.744691 ], [ -85.685151, 30.744582 ], [ -85.682151, 30.744844 ], [ -85.680909, 30.74483 ], [ -85.633254, 30.744411 ], [ -85.630389, 30.744224 ], [ -85.619011, 30.743868 ], [ -85.619581, 30.746317 ], [ -85.618888, 30.74822 ], [ -85.619258, 30.754473 ], [ -85.618666, 30.755415 ], [ -85.620381, 30.758058 ], [ -85.620471, 30.759763 ], [ -85.619479, 30.762024 ], [ -85.620671, 30.763816 ], [ -85.620149, 30.765697 ], [ -85.620158, 30.76997 ], [ -85.62114, 30.7708 ], [ -85.619936, 30.771741 ], [ -85.618403, 30.77425 ], [ -85.615946, 30.776258 ], [ -85.615866, 30.778565 ], [ -85.615342, 30.779684 ], [ -85.613879, 30.782677 ], [ -85.611161, 30.786164 ], [ -85.610715, 30.787468 ], [ -85.607558, 30.791973 ], [ -85.603317, 30.796275 ], [ -85.602267, 30.799988 ], [ -85.602714, 30.801841 ], [ -85.601881, 30.805608 ], [ -85.600098, 30.809915 ], [ -85.599042, 30.814111 ], [ -85.598662, 30.818858 ], [ -85.599555, 30.823389 ], [ -85.599493, 30.827118 ], [ -85.598626, 30.82808 ], [ -85.599934, 30.830552 ], [ -85.600062, 30.833783 ], [ -85.599011, 30.835433 ], [ -85.599777, 30.836857 ], [ -85.598139, 30.837693 ], [ -85.599204, 30.838865 ], [ -85.598439, 30.840432 ], [ -85.599619, 30.842159 ], [ -85.599391, 30.844513 ], [ -85.597422, 30.84745 ], [ -85.596428, 30.84855 ], [ -85.595728, 30.851564 ], [ -85.596238, 30.854011 ], [ -85.595034, 30.854594 ], [ -85.594391, 30.856792 ], [ -85.594653, 30.859274 ], [ -85.592486, 30.862519 ], [ -85.592193, 30.864543 ], [ -85.588573, 30.867316 ], [ -85.587222, 30.868867 ], [ -85.586336, 30.872375 ], [ -85.584105, 30.87446 ], [ -85.584396, 30.876251 ], [ -85.583408, 30.876773 ], [ -85.583306, 30.879864 ], [ -85.583893, 30.88202 ], [ -85.582995, 30.884473 ], [ -85.581796, 30.88648 ], [ -85.579648, 30.88835 ], [ -85.578035, 30.89121 ], [ -85.576958, 30.895648 ], [ -85.575714, 30.896418 ], [ -85.575574, 30.898601 ], [ -85.571825, 30.90068 ], [ -85.570129, 30.902688 ], [ -85.569612, 30.904624 ], [ -85.567916, 30.904635 ], [ -85.566404, 30.906208 ], [ -85.564829, 30.909843 ], [ -85.560045, 30.913527 ], [ -85.55912, 30.913929 ], [ -85.556741, 30.917811 ], [ -85.556759, 30.919311 ], [ -85.555773, 30.920732 ], [ -85.55399, 30.923711 ], [ -85.553148, 30.926163 ], [ -85.551215, 30.928506 ], [ -85.548651, 30.930415 ], [ -85.547745, 30.932185 ], [ -85.544478, 30.933158 ], [ -85.538666, 30.933812 ], [ -85.536784, 30.934499 ], [ -85.531583, 30.93794 ], [ -85.530294, 30.939315 ], [ -85.531869, 30.942026 ], [ -85.531103, 30.942515 ], [ -85.531594, 30.945089 ], [ -85.531015, 30.946602 ], [ -85.530692, 30.946952 ], [ -85.530417, 30.953382 ], [ -85.532457, 30.958557 ], [ -85.531883, 30.964466 ], [ -85.532473, 30.966091 ], [ -85.53128, 30.966738 ], [ -85.530396, 30.96819 ], [ -85.530453, 30.97163 ], [ -85.528057, 30.975221 ], [ -85.52207, 30.975541 ], [ -85.518874, 30.9778 ], [ -85.514857, 30.982281 ], [ -85.510362, 30.985562 ], [ -85.509008, 30.986028 ], [ -85.503037, 30.990562 ], [ -85.501709, 30.992091 ], [ -85.497992, 30.9969323 ], [ -85.498272, 30.996928 ], [ -85.583289, 30.9963746 ], [ -85.5833993, 30.9963739 ], [ -85.6314371, 30.9960612 ], [ -85.6462551, 30.9959648 ], [ -85.652469, 30.9959243 ], [ -85.692207599999989, 30.9956657 ], [ -85.727091, 30.9954386 ], [ -85.741628, 30.995344 ], [ -85.749619, 30.995292 ], [ -85.749932, 30.994837 ], [ -85.7606559, 30.9947347 ], [ -85.7726719, 30.9946201 ], [ -85.8311225, 30.9940625 ], [ -85.831125, 30.9940624 ], [ -85.893543, 30.993467 ], [ -85.935837, 30.9932268 ], [ -85.9358413, 30.9932267 ], [ -85.9656625, 30.9930573 ], [ -85.99729, 30.9928777 ], [ -85.998643, 30.99287 ], [ -86.035039, 30.99332 ], [ -86.035568, 30.927299 ], [ -86.036122, 30.891918 ], [ -86.035895, 30.888184 ], [ -86.036055, 30.88023 ], [ -86.036289, 30.876179 ], [ -86.036187, 30.868754 ], [ -86.037417, 30.805748 ], [ -86.037527, 30.722085 ], [ -86.037559, 30.713051 ], [ -86.037591, 30.704572 ] ] ] ] } },
{ "type": "Feature", "properties": { "STATEFP": "12", "COUNTYFP": "035", "COUNTYNS": "00308547", "GEOIDFQ": "0500000US12035", "GEOID": "12035", "NAME": "Flagler", "NAMELSAD": "Flagler County", "STUSPS": "FL", "STATE_NAME": "Florida", "LSAD": "06", "ALAND": 1259229649.0, "AWATER": 219207667.0, "STATE_NAME_HYPHEN": "Florida" }, "geometry": { "type": "MultiPolygon", "coordinates": [ [ [ [ -81.522689, 29.579473 ], [ -81.522284, 29.559834 ], [ -81.52167, 29.538516 ], [ -81.520467, 29.496513 ], [ -81.517646, 29.490161 ], [ -81.515228, 29.486723 ], [ -81.501107, 29.46882 ], [ -81.496695, 29.46225 ], [ -81.490694, 29.454151 ], [ -81.487594, 29.448251 ], [ -81.486694, 29.445551 ], [ -81.486394, 29.440451 ], [ -81.486467, 29.435292 ], [ -81.486394, 29.427551 ], [ -81.485994, 29.424151 ], [ -81.484433, 29.421969 ], [ -81.482194, 29.418951 ], [ -81.480894, 29.416452 ], [ -81.480394, 29.413952 ], [ -81.480094, 29.404752 ], [ -81.479694, 29.401652 ], [ -81.478793, 29.399052 ], [ -81.476293, 29.396152 ], [ -81.468093, 29.392252 ], [ -81.461193, 29.390452 ], [ -81.454998, 29.389652 ], [ -81.451692, 29.390152 ], [ -81.448292, 29.391652 ], [ -81.442192, 29.394952 ], [ -81.438792, 29.397152 ], [ -81.436392, 29.398152 ], [ -81.433992, 29.398552 ], [ -81.43454, 29.399294 ], [ -81.433573, 29.399767 ], [ -81.431694, 29.399663 ], [ -81.429439, 29.397103 ], [ -81.426901, 29.396851 ], [ -81.424691, 29.397318 ], [ -81.422945, 29.400448 ], [ -81.420745, 29.399645 ], [ -81.417664, 29.269302 ], [ -81.417293, 29.261222 ], [ -81.41729, 29.261156 ], [ -81.407376, 29.261146 ], [ -81.401839, 29.261202 ], [ -81.363205, 29.261666 ], [ -81.333417, 29.262251 ], [ -81.329817, 29.26228 ], [ -81.268583, 29.26318 ], [ -81.267628, 29.263193 ], [ -81.25024, 29.26342 ], [ -81.20945, 29.264061 ], [ -81.208326, 29.264284 ], [ -81.200004, 29.264416 ], [ -81.195797, 29.264783 ], [ -81.150081, 29.265957 ], [ -81.150222, 29.270561 ], [ -81.150384, 29.275887 ], [ -81.15255, 29.346524 ], [ -81.152629, 29.349125 ], [ -81.152669, 29.350407 ], [ -81.152558, 29.351337 ], [ -81.152576, 29.351842 ], [ -81.152667, 29.353902 ], [ -81.15379, 29.38289 ], [ -81.154659, 29.392988 ], [ -81.154526, 29.394852 ], [ -81.155341, 29.403763 ], [ -81.155881, 29.410954 ], [ -81.148152, 29.411846 ], [ -81.148205, 29.414933 ], [ -81.148731, 29.416788 ], [ -81.129385, 29.421654 ], [ -81.110239, 29.426989 ], [ -81.107732, 29.426998 ], [ -81.107722, 29.426988 ], [ -81.10706, 29.426951 ], [ -81.10692, 29.426956 ], [ -81.105631, 29.427008 ], [ -81.102528, 29.42707 ], [ -81.1019098, 29.4270547 ], [ -81.111214, 29.447121 ], [ -81.1114298, 29.4476134 ], [ -81.1141244, 29.4537604 ], [ -81.115225, 29.456271 ], [ -81.123896, 29.474465 ], [ -81.1265271, 29.4798237 ], [ -81.1336887, 29.4944095 ], [ -81.1410509, 29.5094038 ], [ -81.1482452, 29.5240561 ], [ -81.1484317, 29.5244361 ], [ -81.163581, 29.55529 ], [ -81.1761403, 29.5845511 ], [ -81.1898168, 29.6164151 ], [ -81.1943524, 29.6269824 ], [ -81.20955, 29.6623904 ], [ -81.211565, 29.667085 ], [ -81.2128778, 29.6706669 ], [ -81.213016, 29.67067 ], [ -81.215413, 29.670642 ], [ -81.220645, 29.670603 ], [ -81.220656, 29.670603 ], [ -81.221374, 29.670596 ], [ -81.221591, 29.670594 ], [ -81.227309, 29.670538 ], [ -81.228505, 29.667658 ], [ -81.231709, 29.663407 ], [ -81.234512, 29.662679 ], [ -81.237523, 29.662645 ], [ -81.240773, 29.661687 ], [ -81.244892, 29.659583 ], [ -81.24726, 29.659093 ], [ -81.248067, 29.659477 ], [ -81.249208, 29.661479 ], [ -81.251375, 29.662427 ], [ -81.253379, 29.661586 ], [ -81.254918, 29.663458 ], [ -81.257743, 29.664467 ], [ -81.257662, 29.667433 ], [ -81.260224, 29.669039 ], [ -81.261018, 29.669076 ], [ -81.261847, 29.668676 ], [ -81.262635, 29.666203 ], [ -81.265301, 29.665267 ], [ -81.266021, 29.663814 ], [ -81.267417, 29.663975 ], [ -81.268391, 29.663127 ], [ -81.26803, 29.661872 ], [ -81.269183, 29.661222 ], [ -81.269628, 29.659761 ], [ -81.271557, 29.660855 ], [ -81.272341, 29.66061 ], [ -81.271803, 29.658104 ], [ -81.270317, 29.657575 ], [ -81.270181, 29.656293 ], [ -81.271396, 29.656272 ], [ -81.272792, 29.657758 ], [ -81.274388, 29.656859 ], [ -81.272746, 29.655601 ], [ -81.273221, 29.65487 ], [ -81.275947, 29.654519 ], [ -81.276163, 29.653817 ], [ -81.274466, 29.652681 ], [ -81.276916, 29.652441 ], [ -81.28212, 29.650416 ], [ -81.286683, 29.651347 ], [ -81.290464, 29.649683 ], [ -81.297733, 29.651124 ], [ -81.301285, 29.650077 ], [ -81.301297, 29.650143 ], [ -81.301392, 29.650104 ], [ -81.301535, 29.65 ], [ -81.301719, 29.649818 ], [ -81.302034, 29.649808 ], [ -81.302211, 29.649698 ], [ -81.302783, 29.649187 ], [ -81.303035, 29.648181 ], [ -81.304994, 29.645362 ], [ -81.305914, 29.642647 ], [ -81.308652, 29.642065 ], [ -81.311427, 29.642847 ], [ -81.312802, 29.644006 ], [ -81.313627, 29.64556 ], [ -81.317565, 29.649676 ], [ -81.31852, 29.651294 ], [ -81.321072, 29.652492 ], [ -81.324345, 29.653478 ], [ -81.324208, 29.640118 ], [ -81.324059, 29.62561 ], [ -81.369576, 29.625154 ], [ -81.423658, 29.624091 ], [ -81.458147, 29.623334 ], [ -81.49452, 29.622726 ], [ -81.52366, 29.622432 ], [ -81.522689, 29.579473 ] ] ] ] } },
{ "type": "Feature", "properties": { "STATEFP": "12", "COUNTYFP": "133", "COUNTYNS": "00295762", "GEOIDFQ": "0500000US12133", "GEOID": "12133", "NAME": "Washington", "NAMELSAD": "Washington County", "STUSPS": "FL", "STATE_NAME": "Florida", "LSAD": "06", "ALAND": 1514305979.0, "AWATER": 81008171.0, "STATE_NAME_HYPHEN": "Florida" }, "geometry": { "type": "MultiPolygon", "coordinates": [ [ [ [ -85.99369, 30.401272 ], [ -85.993458, 30.396115 ], [ -85.992736, 30.38932 ], [ -85.989898, 30.390432 ], [ -85.986696, 30.390797 ], [ -85.984611, 30.391864 ], [ -85.981834, 30.39219 ], [ -85.979995, 30.394775 ], [ -85.976375, 30.395994 ], [ -85.976949, 30.398408 ], [ -85.974374, 30.399458 ], [ -85.974464, 30.401023 ], [ -85.968666, 30.405761 ], [ -85.966882, 30.405579 ], [ -85.967032, 30.406527 ], [ -85.964889, 30.407155 ], [ -85.964439, 30.408304 ], [ -85.965644, 30.4092 ], [ -85.964967, 30.410708 ], [ -85.961585, 30.410749 ], [ -85.960067, 30.411346 ], [ -85.952186, 30.412424 ], [ -85.949898, 30.411917 ], [ -85.948486, 30.410133 ], [ -85.946938, 30.410106 ], [ -85.945213, 30.40842 ], [ -85.940246, 30.408622 ], [ -85.937885, 30.410352 ], [ -85.934793, 30.410885 ], [ -85.933194, 30.412091 ], [ -85.929911, 30.413362 ], [ -85.92726, 30.416058 ], [ -85.923934, 30.416379 ], [ -85.921516, 30.41583 ], [ -85.917028, 30.412744 ], [ -85.915211, 30.409479 ], [ -85.911932, 30.408278 ], [ -85.907638, 30.405819 ], [ -85.905616, 30.40683 ], [ -85.901916, 30.407333 ], [ -85.898575, 30.410926 ], [ -85.895643, 30.409814 ], [ -85.891963, 30.41029 ], [ -85.889342, 30.410611 ], [ -85.88701, 30.410159 ], [ -85.883984, 30.410253 ], [ -85.881815, 30.411765 ], [ -85.879091, 30.412474 ], [ -85.878006, 30.414032 ], [ -85.87552, 30.415337 ], [ -85.870358, 30.419764 ], [ -85.868958, 30.422309 ], [ -85.866368, 30.42506 ], [ -85.864069, 30.428041 ], [ -85.863779, 30.431272 ], [ -85.862802, 30.433794 ], [ -85.86082, 30.437209 ], [ -85.858799, 30.438475 ], [ -85.85458, 30.440076 ], [ -85.8535, 30.440623 ], [ -85.844955, 30.440622 ], [ -85.832885, 30.441322 ], [ -85.824562, 30.441356 ], [ -85.812141, 30.439928 ], [ -85.700073, 30.439065 ], [ -85.695198, 30.439416 ], [ -85.688072, 30.438859 ], [ -85.686958, 30.438781 ], [ -85.68666, 30.438827 ], [ -85.666893, 30.438844 ], [ -85.664069, 30.439078 ], [ -85.655784, 30.438627 ], [ -85.654426, 30.438875 ], [ -85.649612, 30.43851 ], [ -85.60559, 30.43831 ], [ -85.602882, 30.437944 ], [ -85.569953, 30.437576 ], [ -85.559394, 30.437746 ], [ -85.555198, 30.437408 ], [ -85.548601, 30.437303 ], [ -85.538878, 30.437373 ], [ -85.535702, 30.43718 ], [ -85.487988, 30.437017 ], [ -85.487777, 30.441471 ], [ -85.487545, 30.458354 ], [ -85.487731, 30.46128 ], [ -85.487266, 30.471399 ], [ -85.487052, 30.480369 ], [ -85.486534, 30.487863 ], [ -85.486503, 30.495433 ], [ -85.4869, 30.499866 ], [ -85.486557, 30.500635 ], [ -85.486236, 30.508579 ], [ -85.485977, 30.509708 ], [ -85.486053, 30.510852 ], [ -85.485847, 30.519454 ], [ -85.486306, 30.520381 ], [ -85.48644, 30.524259 ], [ -85.486358, 30.567574 ], [ -85.485651, 30.567569 ], [ -85.452119, 30.567344 ], [ -85.447814, 30.567682 ], [ -85.434782, 30.56756 ], [ -85.435189, 30.624766 ], [ -85.434975, 30.625193 ], [ -85.433582, 30.670548 ], [ -85.432895, 30.701138 ], [ -85.432675, 30.728474 ], [ -85.432606, 30.746469 ], [ -85.432407, 30.756085 ], [ -85.432578, 30.760335 ], [ -85.432274, 30.785457 ], [ -85.456109, 30.785626 ], [ -85.482718, 30.785892 ], [ -85.482276, 30.829509 ], [ -85.488918, 30.829664 ], [ -85.494449, 30.829574 ], [ -85.53301, 30.829989 ], [ -85.599934, 30.830552 ], [ -85.598626, 30.82808 ], [ -85.599493, 30.827118 ], [ -85.599555, 30.823389 ], [ -85.598662, 30.818858 ], [ -85.599042, 30.814111 ], [ -85.600098, 30.809915 ], [ -85.601881, 30.805608 ], [ -85.602714, 30.801841 ], [ -85.602267, 30.799988 ], [ -85.603317, 30.796275 ], [ -85.607558, 30.791973 ], [ -85.610715, 30.787468 ], [ -85.611161, 30.786164 ], [ -85.613879, 30.782677 ], [ -85.615342, 30.779684 ], [ -85.615866, 30.778565 ], [ -85.615946, 30.776258 ], [ -85.618403, 30.77425 ], [ -85.619936, 30.771741 ], [ -85.62114, 30.7708 ], [ -85.620158, 30.76997 ], [ -85.620149, 30.765697 ], [ -85.620671, 30.763816 ], [ -85.619479, 30.762024 ], [ -85.620471, 30.759763 ], [ -85.620381, 30.758058 ], [ -85.618666, 30.755415 ], [ -85.619258, 30.754473 ], [ -85.618888, 30.74822 ], [ -85.619581, 30.746317 ], [ -85.619011, 30.743868 ], [ -85.630389, 30.744224 ], [ -85.633254, 30.744411 ], [ -85.680909, 30.74483 ], [ -85.682151, 30.744844 ], [ -85.685151, 30.744582 ], [ -85.689384, 30.744691 ], [ -85.690452, 30.744719 ], [ -85.697785, 30.74491 ], [ -85.728777, 30.745873 ], [ -85.736051, 30.74637 ], [ -85.736167, 30.749296 ], [ -85.735477, 30.750189 ], [ -85.735115, 30.775292 ], [ -85.747918, 30.775735 ], [ -85.751979, 30.775706 ], [ -85.751928, 30.78961 ], [ -85.795164, 30.790417 ], [ -85.821616, 30.790775 ], [ -85.821398, 30.790569 ], [ -85.819524, 30.788441 ], [ -85.818559, 30.786429 ], [ -85.816399, 30.783782 ], [ -85.816361, 30.782555 ], [ -85.81853, 30.780511 ], [ -85.819471, 30.779074 ], [ -85.821908, 30.779021 ], [ -85.823458, 30.778432 ], [ -85.826445, 30.776506 ], [ -85.82769, 30.774889 ], [ -85.830208, 30.768557 ], [ -85.83052, 30.765715 ], [ -85.82981, 30.764018 ], [ -85.828253, 30.762197 ], [ -85.828455, 30.76068 ], [ -85.829045, 30.760057 ], [ -85.831813, 30.760285 ], [ -85.832537, 30.758504 ], [ -85.831934, 30.757083 ], [ -85.829909, 30.755742 ], [ -85.827737, 30.752245 ], [ -85.828354, 30.751714 ], [ -85.830591, 30.751641 ], [ -85.833018, 30.75 ], [ -85.832534, 30.748683 ], [ -85.829634, 30.748124 ], [ -85.827033, 30.746858 ], [ -85.826734, 30.745322 ], [ -85.826675, 30.744376 ], [ -85.824303, 30.743999 ], [ -85.824289, 30.742422 ], [ -85.828139, 30.742538 ], [ -85.829521, 30.741768 ], [ -85.82998, 30.740576 ], [ -85.826346, 30.739191 ], [ -85.825257, 30.73823 ], [ -85.823947, 30.739034 ], [ -85.822585, 30.738787 ], [ -85.822531, 30.73528 ], [ -85.824581, 30.73566 ], [ -85.828521, 30.729859 ], [ -85.827976, 30.7283 ], [ -85.825838, 30.727287 ], [ -85.82512, 30.726091 ], [ -85.826124, 30.725284 ], [ -85.829296, 30.724318 ], [ -85.831696, 30.723038 ], [ -85.833059, 30.724295 ], [ -85.832834, 30.726196 ], [ -85.833558, 30.72696 ], [ -85.834751, 30.726316 ], [ -85.8349, 30.724493 ], [ -85.833886, 30.723055 ], [ -85.833567, 30.7213 ], [ -85.835615, 30.719183 ], [ -85.836469, 30.717118 ], [ -85.838274, 30.718559 ], [ -85.839467, 30.718624 ], [ -85.839774, 30.717283 ], [ -85.839195, 30.715155 ], [ -85.837005, 30.714743 ], [ -85.837275, 30.712872 ], [ -85.83526, 30.712189 ], [ -85.834978, 30.710604 ], [ -85.836273, 30.709929 ], [ -85.838075, 30.711096 ], [ -85.84051, 30.711508 ], [ -85.843199, 30.710085 ], [ -85.842899, 30.707709 ], [ -85.843879, 30.707337 ], [ -85.844877, 30.708299 ], [ -85.845132, 30.707271 ], [ -85.844054, 30.704505 ], [ -85.844421, 30.70313 ], [ -85.846543, 30.701604 ], [ -85.850754, 30.701214 ], [ -85.852264, 30.698631 ], [ -85.853482, 30.700094 ], [ -85.855697, 30.698447 ], [ -85.857988, 30.698574 ], [ -85.858064, 30.697467 ], [ -85.860482, 30.692806 ], [ -85.863595, 30.691358 ], [ -85.865821, 30.691146 ], [ -85.86575, 30.689829 ], [ -85.863555, 30.686913 ], [ -85.863308, 30.68549 ], [ -85.867344, 30.680492 ], [ -85.87043, 30.680225 ], [ -85.873203, 30.681784 ], [ -85.875493, 30.680836 ], [ -85.875423, 30.679511 ], [ -85.872699, 30.677992 ], [ -85.871019, 30.675096 ], [ -85.872325, 30.673231 ], [ -85.87208, 30.671589 ], [ -85.870913, 30.669634 ], [ -85.871414, 30.66803 ], [ -85.872602, 30.667763 ], [ -85.87441, 30.669011 ], [ -85.875612, 30.668466 ], [ -85.873234, 30.666079 ], [ -85.87119, 30.666154 ], [ -85.869184, 30.664154 ], [ -85.867122, 30.66313 ], [ -85.870045, 30.662421 ], [ -85.872917, 30.66321 ], [ -85.873583, 30.661009 ], [ -85.874934, 30.660019 ], [ -85.876557, 30.659884 ], [ -85.877861, 30.661714 ], [ -85.879418, 30.661145 ], [ -85.879451, 30.659652 ], [ -85.881649, 30.656832 ], [ -85.884527, 30.656729 ], [ -85.886461, 30.656092 ], [ -85.888942, 30.656851 ], [ -85.890601, 30.656452 ], [ -85.890679, 30.655354 ], [ -85.889289, 30.653356 ], [ -85.890282, 30.651485 ], [ -85.892644, 30.652484 ], [ -85.893985, 30.652351 ], [ -85.894465, 30.650931 ], [ -85.896794, 30.647796 ], [ -85.896987, 30.645705 ], [ -85.897929, 30.645239 ], [ -85.898266, 30.647687 ], [ -85.899335, 30.648335 ], [ -85.901395, 30.64759 ], [ -85.902699, 30.644589 ], [ -85.903706, 30.644107 ], [ -85.905846, 30.644896 ], [ -85.906639, 30.641369 ], [ -85.908107, 30.639831 ], [ -85.91133, 30.63933 ], [ -85.912043, 30.637822 ], [ -85.915174, 30.636974 ], [ -85.914593, 30.635188 ], [ -85.912493, 30.633657 ], [ -85.912852, 30.632147 ], [ -85.91104, 30.630867 ], [ -85.911309, 30.628252 ], [ -85.912287, 30.625191 ], [ -85.910982, 30.623941 ], [ -85.911033, 30.622851 ], [ -85.91302, 30.622207 ], [ -85.913278, 30.621416 ], [ -85.91084, 30.6214 ], [ -85.91074, 30.619346 ], [ -85.913663, 30.617615 ], [ -85.913367, 30.616374 ], [ -85.910226, 30.615883 ], [ -85.909969, 30.614835 ], [ -85.908264, 30.614042 ], [ -85.908276, 30.612476 ], [ -85.909631, 30.608365 ], [ -85.911961, 30.60709 ], [ -85.910946, 30.603882 ], [ -85.911249, 30.602549 ], [ -85.91271, 30.601415 ], [ -85.913059, 30.599993 ], [ -85.914998, 30.599115 ], [ -85.915921, 30.596788 ], [ -85.914357, 30.59597 ], [ -85.912789, 30.596121 ], [ -85.910621, 30.59821 ], [ -85.909406, 30.598012 ], [ -85.908812, 30.596756 ], [ -85.910409, 30.594596 ], [ -85.91027, 30.592885 ], [ -85.908318, 30.590891 ], [ -85.908458, 30.588913 ], [ -85.909458, 30.586877 ], [ -85.90685, 30.586587 ], [ -85.903199, 30.584807 ], [ -85.899622, 30.585118 ], [ -85.897656, 30.586044 ], [ -85.89535, 30.58635 ], [ -85.89357, 30.585283 ], [ -85.893106, 30.583695 ], [ -85.894086, 30.581521 ], [ -85.893485, 30.580814 ], [ -85.889548, 30.581778 ], [ -85.889052, 30.581537 ], [ -85.890169, 30.578638 ], [ -85.889272, 30.574259 ], [ -85.888688, 30.568782 ], [ -85.891216, 30.565909 ], [ -85.890553, 30.563845 ], [ -85.888593, 30.561931 ], [ -85.888434, 30.559777 ], [ -85.887732, 30.559384 ], [ -85.885307, 30.560069 ], [ -85.882147, 30.559176 ], [ -85.879827, 30.556205 ], [ -85.879375, 30.548557 ], [ -85.8783, 30.546293 ], [ -85.88013, 30.543923 ], [ -85.880264, 30.542535 ], [ -85.879354, 30.541618 ], [ -85.879538, 30.539959 ], [ -85.877278, 30.53195 ], [ -85.878646, 30.530864 ], [ -85.880038, 30.53128 ], [ -85.879815, 30.533636 ], [ -85.880595, 30.534983 ], [ -85.881655, 30.533873 ], [ -85.883478, 30.530139 ], [ -85.887063, 30.527957 ], [ -85.886894, 30.525528 ], [ -85.886199, 30.524538 ], [ -85.883625, 30.523062 ], [ -85.882365, 30.520951 ], [ -85.883445, 30.520262 ], [ -85.886701, 30.519937 ], [ -85.887563, 30.518546 ], [ -85.886298, 30.517437 ], [ -85.883516, 30.517244 ], [ -85.881645, 30.516346 ], [ -85.881264, 30.514516 ], [ -85.879126, 30.512158 ], [ -85.881302, 30.510287 ], [ -85.880266, 30.50747 ], [ -85.882471, 30.508996 ], [ -85.883844, 30.508923 ], [ -85.883821, 30.507842 ], [ -85.880411, 30.505045 ], [ -85.878047, 30.504366 ], [ -85.875886, 30.505301 ], [ -85.874934, 30.507467 ], [ -85.873678, 30.504864 ], [ -85.870258, 30.505826 ], [ -85.868244, 30.50704 ], [ -85.868716, 30.504235 ], [ -85.867462, 30.502659 ], [ -85.865375, 30.502136 ], [ -85.866656, 30.500194 ], [ -85.865745, 30.498277 ], [ -85.860373, 30.497312 ], [ -85.858001, 30.496905 ], [ -85.860056, 30.493223 ], [ -85.859354, 30.491613 ], [ -85.859769, 30.490134 ], [ -85.866818, 30.487637 ], [ -85.871479, 30.482134 ], [ -85.874934, 30.475829 ], [ -85.877354, 30.467895 ], [ -85.87802, 30.466845 ], [ -85.884331, 30.46537 ], [ -85.886454, 30.465917 ], [ -85.886882, 30.468371 ], [ -85.885732, 30.471509 ], [ -85.887057, 30.47247 ], [ -85.888461, 30.472134 ], [ -85.889359, 30.47114 ], [ -85.889659, 30.468105 ], [ -85.891365, 30.46264 ], [ -85.894472, 30.458814 ], [ -85.893537, 30.45725 ], [ -85.893862, 30.455169 ], [ -85.897674, 30.455908 ], [ -85.897445, 30.453513 ], [ -85.898293, 30.451142 ], [ -85.901219, 30.443849 ], [ -85.90272, 30.442441 ], [ -85.904942, 30.441997 ], [ -85.908879, 30.442713 ], [ -85.911742, 30.440043 ], [ -85.914786, 30.438621 ], [ -85.916153, 30.438502 ], [ -85.92441, 30.440093 ], [ -85.92848, 30.441445 ], [ -85.932434, 30.441644 ], [ -85.933172, 30.44243 ], [ -85.933193, 30.444887 ], [ -85.935938, 30.445245 ], [ -85.939932, 30.44393 ], [ -85.943465, 30.443641 ], [ -85.946986, 30.444623 ], [ -85.949591, 30.444756 ], [ -85.952825, 30.44417 ], [ -85.958821, 30.440569 ], [ -85.962415, 30.440585 ], [ -85.963701, 30.439935 ], [ -85.965912, 30.436458 ], [ -85.966936, 30.432669 ], [ -85.969113, 30.431105 ], [ -85.970819, 30.431671 ], [ -85.968872, 30.435754 ], [ -85.97151, 30.435865 ], [ -85.974848, 30.433485 ], [ -85.974196, 30.431579 ], [ -85.975641, 30.431975 ], [ -85.978143, 30.430868 ], [ -85.979221, 30.432579 ], [ -85.979566, 30.430811 ], [ -85.981883, 30.429522 ], [ -85.982805, 30.427367 ], [ -85.984781, 30.425897 ], [ -85.98659, 30.423515 ], [ -85.986077, 30.421659 ], [ -85.98363, 30.42136 ], [ -85.983727, 30.418482 ], [ -85.985431, 30.416794 ], [ -85.98736, 30.414021 ], [ -85.987682, 30.411867 ], [ -85.98989, 30.40858 ], [ -85.993112, 30.406251 ], [ -85.993596, 30.405082 ], [ -85.99369, 30.401272 ] ] ] ] } },
{ "type": "Feature", "properties": { "STATEFP": "12", "COUNTYFP": "067", "COUNTYNS": "00295732", "GEOIDFQ": "0500000US12067", "GEOID": "12067", "NAME": "Lafayette", "NAMELSAD": "Lafayette County", "STUSPS": "FL", "STATE_NAME": "Florida", "LSAD": "06", "ALAND": 1407256302.0, "AWATER": 11817999.0, "STATE_NAME_HYPHEN": "Florida" }, "geometry": { "type": "MultiPolygon", "coordinates": [ [ [ [ -83.37089, 29.887934 ], [ -83.352986, 29.887859 ], [ -83.35286, 29.822222 ], [ -83.318859, 29.822623 ], [ -83.071755, 29.824522 ], [ -83.000811, 29.825272 ], [ -82.999851, 29.825189 ], [ -82.985254, 29.825085 ], [ -82.9809, 29.82527 ], [ -82.9685, 29.825339 ], [ -82.959199, 29.825409 ], [ -82.95907, 29.82401 ], [ -82.920608, 29.824143 ], [ -82.918708, 29.824083 ], [ -82.903956, 29.824294 ], [ -82.902258, 29.825219 ], [ -82.895033, 29.825783 ], [ -82.893371, 29.826839 ], [ -82.892548, 29.828461 ], [ -82.892366, 29.833264 ], [ -82.891429, 29.837315 ], [ -82.89096, 29.842425 ], [ -82.890246, 29.845129 ], [ -82.888403, 29.850115 ], [ -82.887496, 29.851971 ], [ -82.885545, 29.854746 ], [ -82.882366, 29.858076 ], [ -82.877939, 29.862131 ], [ -82.875542, 29.866955 ], [ -82.876947, 29.871567 ], [ -82.876436, 29.874085 ], [ -82.87522, 29.877265 ], [ -82.875305, 29.880718 ], [ -82.87592, 29.882301 ], [ -82.876033, 29.884398 ], [ -82.876804, 29.88615 ], [ -82.878779, 29.88718 ], [ -82.879802, 29.886847 ], [ -82.880492, 29.886409 ], [ -82.882724, 29.883115 ], [ -82.884196, 29.882334 ], [ -82.890093, 29.884916 ], [ -82.89133, 29.885912 ], [ -82.892863, 29.888118 ], [ -82.893092, 29.88957 ], [ -82.890851, 29.890912 ], [ -82.888947, 29.890214 ], [ -82.887321, 29.88812 ], [ -82.885902, 29.887996 ], [ -82.884796, 29.889219 ], [ -82.885156, 29.891576 ], [ -82.88826, 29.894625 ], [ -82.892043, 29.896726 ], [ -82.894031, 29.898624 ], [ -82.895034, 29.900256 ], [ -82.897866, 29.90144 ], [ -82.900576, 29.901527 ], [ -82.903753, 29.900954 ], [ -82.90565, 29.900118 ], [ -82.907628, 29.898138 ], [ -82.90721, 29.89479 ], [ -82.907378, 29.893161 ], [ -82.909, 29.889494 ], [ -82.910708, 29.889151 ], [ -82.913001, 29.889777 ], [ -82.91555, 29.891791 ], [ -82.918607, 29.896388 ], [ -82.918465, 29.89817 ], [ -82.917027, 29.900781 ], [ -82.912736, 29.902433 ], [ -82.912101, 29.904836 ], [ -82.91295, 29.905967 ], [ -82.915294, 29.907158 ], [ -82.919012, 29.908255 ], [ -82.91921, 29.908966 ], [ -82.918586, 29.915071 ], [ -82.921627, 29.919337 ], [ -82.924747, 29.920296 ], [ -82.925884, 29.921331 ], [ -82.925353, 29.924685 ], [ -82.920702, 29.928943 ], [ -82.920546, 29.930072 ], [ -82.922754, 29.934899 ], [ -82.92396, 29.936515 ], [ -82.923471, 29.943181 ], [ -82.925091, 29.946384 ], [ -82.926174, 29.949887 ], [ -82.929536, 29.955173 ], [ -82.930782, 29.957399 ], [ -82.931813, 29.957812 ], [ -82.935806, 29.956836 ], [ -82.950569, 29.958317 ], [ -82.952399, 29.959361 ], [ -82.953834, 29.961364 ], [ -82.954241, 29.966375 ], [ -82.957321, 29.969118 ], [ -82.960377, 29.975154 ], [ -82.962636, 29.986887 ], [ -82.963112, 29.99305 ], [ -82.96385, 29.994544 ], [ -82.966577, 29.995799 ], [ -82.969545, 29.996127 ], [ -82.974148, 29.996635 ], [ -82.975111, 29.997637 ], [ -82.976667, 30.003962 ], [ -82.977608, 30.006116 ], [ -82.97942, 30.007393 ], [ -82.983649, 30.007575 ], [ -82.986948, 30.007224 ], [ -82.993311, 30.006071 ], [ -82.995302, 30.006138 ], [ -82.996661, 30.007017 ], [ -83.001312, 30.008789 ], [ -83.003192, 30.010795 ], [ -83.0044, 30.013872 ], [ -83.006098, 30.019421 ], [ -83.008197, 30.024147 ], [ -83.010945, 30.028995 ], [ -83.013293, 30.032123 ], [ -83.016007, 30.034268 ], [ -83.019878, 30.036617 ], [ -83.023436, 30.040844 ], [ -83.02822, 30.04418 ], [ -83.030199, 30.045008 ], [ -83.034717, 30.045783 ], [ -83.036468, 30.047933 ], [ -83.038058, 30.051075 ], [ -83.040123, 30.053541 ], [ -83.041499, 30.054569 ], [ -83.04742, 30.056533 ], [ -83.054074, 30.060766 ], [ -83.056166, 30.061666 ], [ -83.062718, 30.063683 ], [ -83.066529, 30.065373 ], [ -83.06949, 30.068736 ], [ -83.07042, 30.072562 ], [ -83.069993, 30.07524 ], [ -83.069018, 30.078152 ], [ -83.068863, 30.079749 ], [ -83.069553, 30.081252 ], [ -83.071634, 30.082151 ], [ -83.075312, 30.082617 ], [ -83.081391, 30.082773 ], [ -83.085164, 30.082626 ], [ -83.087415, 30.082944 ], [ -83.091568, 30.085259 ], [ -83.094839, 30.087846 ], [ -83.096749, 30.090157 ], [ -83.099757, 30.091308 ], [ -83.102361, 30.091521 ], [ -83.10784, 30.090973 ], [ -83.111149, 30.090929 ], [ -83.112954, 30.091932 ], [ -83.11406, 30.093628 ], [ -83.114243, 30.102424 ], [ -83.117768, 30.104592 ], [ -83.119203, 30.104973 ], [ -83.12215, 30.104945 ], [ -83.124856, 30.102723 ], [ -83.125656, 30.101523 ], [ -83.129256, 30.098823 ], [ -83.132856, 30.096923 ], [ -83.135156, 30.097723 ], [ -83.139056, 30.102723 ], [ -83.142857, 30.104323 ], [ -83.146357, 30.103823 ], [ -83.149057, 30.103923 ], [ -83.151757, 30.104923 ], [ -83.155457, 30.107423 ], [ -83.160557, 30.109823 ], [ -83.162457, 30.110022 ], [ -83.163857, 30.108722 ], [ -83.164757, 30.106822 ], [ -83.165857, 30.103222 ], [ -83.167657, 30.100822 ], [ -83.169857, 30.099622 ], [ -83.171735, 30.099257 ], [ -83.176058, 30.100022 ], [ -83.180358, 30.098822 ], [ -83.182058, 30.094522 ], [ -83.184358, 30.094122 ], [ -83.185158, 30.094422 ], [ -83.188258, 30.097522 ], [ -83.191958, 30.102422 ], [ -83.195258, 30.104622 ], [ -83.198908, 30.105822 ], [ -83.201059, 30.105822 ], [ -83.207259, 30.104622 ], [ -83.212159, 30.103222 ], [ -83.214959, 30.104022 ], [ -83.216159, 30.105322 ], [ -83.217959, 30.108221 ], [ -83.220359, 30.110421 ], [ -83.223659, 30.111821 ], [ -83.225859, 30.113621 ], [ -83.22636, 30.114621 ], [ -83.22526, 30.124821 ], [ -83.22509, 30.130776 ], [ -83.224594, 30.135278 ], [ -83.225128, 30.137993 ], [ -83.227178, 30.141126 ], [ -83.232811, 30.146359 ], [ -83.235024, 30.148951 ], [ -83.238586, 30.152011 ], [ -83.238702, 30.15276 ], [ -83.237534, 30.154638 ], [ -83.233192, 30.159115 ], [ -83.23179, 30.161897 ], [ -83.23126, 30.165021 ], [ -83.231601, 30.166841 ], [ -83.232979, 30.168728 ], [ -83.23613, 30.170823 ], [ -83.239808, 30.172906 ], [ -83.24491, 30.176963 ], [ -83.247115, 30.179748 ], [ -83.248851, 30.183931 ], [ -83.249996, 30.190487 ], [ -83.249147, 30.193461 ], [ -83.250056, 30.196579 ], [ -83.250076, 30.200644 ], [ -83.248866, 30.202228 ], [ -83.247221, 30.20735 ], [ -83.24483, 30.211227 ], [ -83.243945, 30.214079 ], [ -83.244035, 30.217812 ], [ -83.243674, 30.219121 ], [ -83.240835, 30.224083 ], [ -83.239859, 30.225377 ], [ -83.239683, 30.226741 ], [ -83.240132, 30.227529 ], [ -83.242854, 30.228846 ], [ -83.247297, 30.230116 ], [ -83.250362, 30.232 ], [ -83.252035, 30.234105 ], [ -83.252712, 30.235654 ], [ -83.253048, 30.238725 ], [ -83.251023, 30.243141 ], [ -83.249551, 30.244535 ], [ -83.248094, 30.245635 ], [ -83.244503, 30.245891 ], [ -83.242525, 30.248231 ], [ -83.242941, 30.249564 ], [ -83.246255, 30.249446 ], [ -83.250495, 30.247485 ], [ -83.251719, 30.248341 ], [ -83.253093, 30.251098 ], [ -83.253236, 30.253646 ], [ -83.252652, 30.256793 ], [ -83.251709, 30.258738 ], [ -83.250564, 30.259578 ], [ -83.247253, 30.26067 ], [ -83.249862, 30.260353 ], [ -83.266509, 30.26026 ], [ -83.280089, 30.26011 ], [ -83.283153, 30.260252 ], [ -83.355585, 30.26042 ], [ -83.36726, 30.26044 ], [ -83.36702, 30.22656 ], [ -83.36678, 30.20109 ], [ -83.367699, 30.197016 ], [ -83.368564, 30.187217 ], [ -83.36836, 30.13038 ], [ -83.36845, 30.128672 ], [ -83.370481, 30.006028 ], [ -83.37089, 29.887934 ] ] ] ] } },
{ "type": "Feature", "properties": { "STATEFP": "12", "COUNTYFP": "093", "COUNTYNS": "00295760", "GEOIDFQ": "0500000US12093", "GEOID": "12093", "NAME": "Okeechobee", "NAMELSAD": "Okeechobee County", "STUSPS": "FL", "STATE_NAME": "Florida", "LSAD": "06", "ALAND": 1992442653.0, "AWATER": 317924583.0, "STATE_NAME_HYPHEN": "Florida" }, "geometry": { "type": "MultiPolygon", "coordinates": [ [ [ [ -81.214284, 27.528709 ], [ -81.213133, 27.528151 ], [ -81.211997, 27.528505 ], [ -81.210853, 27.528291 ], [ -81.210409, 27.527267 ], [ -81.210432, 27.525686 ], [ -81.210836, 27.524945 ], [ -81.212073, 27.52457 ], [ -81.210578, 27.522349 ], [ -81.20903, 27.520789 ], [ -81.206384, 27.519657 ], [ -81.206422, 27.518895 ], [ -81.207719, 27.51789 ], [ -81.205548, 27.51644 ], [ -81.204384, 27.514984 ], [ -81.202809, 27.515536 ], [ -81.2027, 27.513816 ], [ -81.201449, 27.51329 ], [ -81.201732, 27.514807 ], [ -81.201428, 27.515539 ], [ -81.200476, 27.516003 ], [ -81.199437, 27.515046 ], [ -81.200011, 27.512234 ], [ -81.199688, 27.511302 ], [ -81.198459, 27.510376 ], [ -81.199052, 27.509572 ], [ -81.200218, 27.509822 ], [ -81.201505, 27.509263 ], [ -81.202228, 27.507439 ], [ -81.200589, 27.507964 ], [ -81.201257, 27.505621 ], [ -81.202481, 27.503928 ], [ -81.202081, 27.502841 ], [ -81.200268, 27.501071 ], [ -81.200399, 27.500179 ], [ -81.201554, 27.500699 ], [ -81.20223, 27.499987 ], [ -81.202, 27.498672 ], [ -81.2033, 27.499238 ], [ -81.204077, 27.499186 ], [ -81.204304, 27.49851 ], [ -81.203856, 27.496974 ], [ -81.204519, 27.493167 ], [ -81.205424, 27.492595 ], [ -81.205635, 27.491824 ], [ -81.205096, 27.489702 ], [ -81.203626, 27.489011 ], [ -81.201479, 27.489454 ], [ -81.20025, 27.48861 ], [ -81.199751, 27.487803 ], [ -81.199934, 27.48695 ], [ -81.199224, 27.486277 ], [ -81.197372, 27.48634 ], [ -81.194869, 27.485703 ], [ -81.19427, 27.485054 ], [ -81.19374, 27.486066 ], [ -81.192903, 27.486232 ], [ -81.192511, 27.485204 ], [ -81.191166, 27.485086 ], [ -81.190783, 27.484147 ], [ -81.189243, 27.482601 ], [ -81.187787, 27.482585 ], [ -81.186078, 27.481835 ], [ -81.184995, 27.482706 ], [ -81.183972, 27.482389 ], [ -81.183552, 27.483787 ], [ -81.182505, 27.483673 ], [ -81.182232, 27.482798 ], [ -81.180901, 27.482293 ], [ -81.181471, 27.480956 ], [ -81.180619, 27.480876 ], [ -81.177365, 27.477833 ], [ -81.177506, 27.474904 ], [ -81.176491, 27.473937 ], [ -81.176243, 27.472995 ], [ -81.174174, 27.471493 ], [ -81.173207, 27.471299 ], [ -81.173484, 27.470541 ], [ -81.172369, 27.469288 ], [ -81.172179, 27.467817 ], [ -81.170888, 27.467658 ], [ -81.170711, 27.467005 ], [ -81.171727, 27.466475 ], [ -81.171919, 27.465703 ], [ -81.171441, 27.463967 ], [ -81.172934, 27.463583 ], [ -81.172643, 27.462948 ], [ -81.171497, 27.46247 ], [ -81.170937, 27.461447 ], [ -81.168838, 27.459521 ], [ -81.16785, 27.459447 ], [ -81.167107, 27.460211 ], [ -81.166613, 27.458762 ], [ -81.164918, 27.456906 ], [ -81.163564, 27.457364 ], [ -81.16107, 27.45604 ], [ -81.160113, 27.455855 ], [ -81.159867, 27.45643 ], [ -81.160537, 27.456918 ], [ -81.159878, 27.457284 ], [ -81.158547, 27.4555 ], [ -81.159589, 27.454039 ], [ -81.158508, 27.453651 ], [ -81.158443, 27.454463 ], [ -81.157412, 27.454785 ], [ -81.156293, 27.453992 ], [ -81.154557, 27.454118 ], [ -81.151749, 27.451984 ], [ -81.153471, 27.452015 ], [ -81.153975, 27.451627 ], [ -81.153652, 27.450516 ], [ -81.152458, 27.448671 ], [ -81.151338, 27.449272 ], [ -81.150867, 27.448655 ], [ -81.151347, 27.447232 ], [ -81.150046, 27.445759 ], [ -81.148744, 27.447295 ], [ -81.147867, 27.446204 ], [ -81.147181, 27.447203 ], [ -81.146576, 27.445928 ], [ -81.144872, 27.445007 ], [ -81.144956, 27.443585 ], [ -81.143529, 27.443135 ], [ -81.143572, 27.441735 ], [ -81.143159, 27.440906 ], [ -81.141596, 27.439738 ], [ -81.141436, 27.438471 ], [ -81.140764, 27.437508 ], [ -81.140963, 27.435995 ], [ -81.139662, 27.435157 ], [ -81.140209, 27.434257 ], [ -81.139054, 27.434007 ], [ -81.139729, 27.431848 ], [ -81.140409, 27.430546 ], [ -81.14044, 27.429715 ], [ -81.141069, 27.428668 ], [ -81.139977, 27.428098 ], [ -81.14046, 27.425001 ], [ -81.139191, 27.424959 ], [ -81.138901, 27.423793 ], [ -81.140574, 27.423963 ], [ -81.141364, 27.422856 ], [ -81.140876, 27.421154 ], [ -81.14196, 27.418064 ], [ -81.142071, 27.416679 ], [ -81.143357, 27.416711 ], [ -81.143745, 27.415815 ], [ -81.142362, 27.414426 ], [ -81.141865, 27.413192 ], [ -81.142274, 27.41249 ], [ -81.143719, 27.413075 ], [ -81.143814, 27.41195 ], [ -81.141146, 27.412189 ], [ -81.13861, 27.411807 ], [ -81.138313, 27.410886 ], [ -81.139563, 27.410152 ], [ -81.138284, 27.408459 ], [ -81.137556, 27.410002 ], [ -81.13661, 27.410559 ], [ -81.13679, 27.408593 ], [ -81.135061, 27.407756 ], [ -81.134595, 27.408634 ], [ -81.133751, 27.408985 ], [ -81.133187, 27.408341 ], [ -81.133681, 27.407347 ], [ -81.132743, 27.406168 ], [ -81.132524, 27.408076 ], [ -81.132049, 27.40851 ], [ -81.131013, 27.407319 ], [ -81.1301, 27.407261 ], [ -81.128681, 27.407295 ], [ -81.130198, 27.40572 ], [ -81.12727, 27.403943 ], [ -81.125073, 27.403634 ], [ -81.124834, 27.402796 ], [ -81.124059, 27.402381 ], [ -81.123217, 27.402944 ], [ -81.123491, 27.402517 ], [ -81.125866, 27.401233 ], [ -81.12674, 27.401356 ], [ -81.125522, 27.399559 ], [ -81.125503, 27.398053 ], [ -81.124109, 27.396222 ], [ -81.124839, 27.395843 ], [ -81.125367, 27.394457 ], [ -81.125235, 27.393602 ], [ -81.122214, 27.391463 ], [ -81.120621, 27.391137 ], [ -81.121415, 27.390533 ], [ -81.121296, 27.389808 ], [ -81.119049, 27.389699 ], [ -81.118178, 27.390191 ], [ -81.116603, 27.38988 ], [ -81.11737, 27.389157 ], [ -81.116808, 27.387897 ], [ -81.115053, 27.387528 ], [ -81.115361, 27.386648 ], [ -81.113808, 27.385775 ], [ -81.113462, 27.384813 ], [ -81.111321, 27.384317 ], [ -81.109819, 27.384326 ], [ -81.107462, 27.383752 ], [ -81.105825, 27.383077 ], [ -81.101919, 27.383331 ], [ -81.100028, 27.381198 ], [ -81.100064, 27.380486 ], [ -81.098335, 27.379079 ], [ -81.097772, 27.37982 ], [ -81.096338, 27.380112 ], [ -81.094653, 27.381438 ], [ -81.092797, 27.381651 ], [ -81.092362, 27.382168 ], [ -81.093186, 27.382924 ], [ -81.092793, 27.383408 ], [ -81.092096, 27.382809 ], [ -81.09116, 27.383037 ], [ -81.090693, 27.383842 ], [ -81.089168, 27.382213 ], [ -81.088112, 27.382367 ], [ -81.087086, 27.383814 ], [ -81.08529, 27.383946 ], [ -81.08372, 27.384549 ], [ -81.081875, 27.384936 ], [ -81.081598, 27.38559 ], [ -81.080771, 27.385731 ], [ -81.080874, 27.384254 ], [ -81.07965, 27.384327 ], [ -81.078188, 27.383352 ], [ -81.076934, 27.383966 ], [ -81.073393, 27.382678 ], [ -81.072363, 27.383423 ], [ -81.07049, 27.382177 ], [ -81.068402, 27.382346 ], [ -81.065775, 27.380448 ], [ -81.063323, 27.380329 ], [ -81.063569, 27.37937 ], [ -81.062494, 27.378209 ], [ -81.061384, 27.376419 ], [ -81.061466, 27.375196 ], [ -81.060928, 27.37374 ], [ -81.059927, 27.374659 ], [ -81.059217, 27.37415 ], [ -81.05876, 27.373025 ], [ -81.055907, 27.373118 ], [ -81.055356, 27.3724 ], [ -81.052884, 27.372292 ], [ -81.051067, 27.370795 ], [ -81.050021, 27.370659 ], [ -81.049823, 27.369352 ], [ -81.051628, 27.367027 ], [ -81.051189, 27.365995 ], [ -81.05256, 27.365726 ], [ -81.052774, 27.365137 ], [ -81.051298, 27.364732 ], [ -81.051145, 27.363018 ], [ -81.049422, 27.362618 ], [ -81.045203, 27.363175 ], [ -81.043516, 27.363243 ], [ -81.040521, 27.362547 ], [ -81.03977, 27.361677 ], [ -81.039847, 27.360811 ], [ -81.040731, 27.360066 ], [ -81.040053, 27.359619 ], [ -81.039107, 27.360056 ], [ -81.037906, 27.359332 ], [ -81.036796, 27.359111 ], [ -81.036994, 27.359716 ], [ -81.035095, 27.359622 ], [ -81.034393, 27.359 ], [ -81.035114, 27.357828 ], [ -81.033524, 27.357013 ], [ -81.033352, 27.355824 ], [ -81.034584, 27.356061 ], [ -81.035158, 27.355098 ], [ -81.034338, 27.354014 ], [ -81.031574, 27.353638 ], [ -81.030862, 27.352621 ], [ -81.030733, 27.35152 ], [ -81.032327, 27.348709 ], [ -81.032748, 27.347614 ], [ -81.034157, 27.345849 ], [ -81.03493, 27.34545 ], [ -81.036238, 27.345684 ], [ -81.036367, 27.346587 ], [ -81.033859, 27.347612 ], [ -81.033308, 27.348809 ], [ -81.034125, 27.350085 ], [ -81.035177, 27.350394 ], [ -81.036071, 27.348212 ], [ -81.039429, 27.346975 ], [ -81.042067, 27.347631 ], [ -81.042588, 27.346535 ], [ -81.041559, 27.344803 ], [ -81.041837, 27.343627 ], [ -81.045274, 27.341358 ], [ -81.045661, 27.340666 ], [ -81.046118, 27.337547 ], [ -81.045374, 27.336399 ], [ -81.044005, 27.332202 ], [ -81.044109, 27.329673 ], [ -81.043573, 27.328663 ], [ -81.042218, 27.32823 ], [ -81.040175, 27.330549 ], [ -81.039037, 27.328357 ], [ -81.038674, 27.329771 ], [ -81.037736, 27.329841 ], [ -81.037565, 27.328086 ], [ -81.035381, 27.327939 ], [ -81.034822, 27.326941 ], [ -81.033539, 27.326793 ], [ -81.029998, 27.323578 ], [ -81.029701, 27.322557 ], [ -81.030571, 27.321127 ], [ -81.031474, 27.32226 ], [ -81.032896, 27.321865 ], [ -81.032962, 27.319698 ], [ -81.032172, 27.318529 ], [ -81.03041, 27.318154 ], [ -81.030347, 27.316011 ], [ -81.02853, 27.311871 ], [ -81.027916, 27.313991 ], [ -81.027216, 27.31376 ], [ -81.027094, 27.310225 ], [ -81.026585, 27.308303 ], [ -81.028187, 27.307416 ], [ -81.028072, 27.308983 ], [ -81.029273, 27.309102 ], [ -81.02879, 27.305794 ], [ -81.026051, 27.302736 ], [ -81.024673, 27.301807 ], [ -81.02243, 27.301419 ], [ -81.021463, 27.300366 ], [ -81.020702, 27.30072 ], [ -81.020885, 27.302674 ], [ -81.019974, 27.302997 ], [ -81.01704, 27.300172 ], [ -81.015912, 27.300227 ], [ -81.01623, 27.301896 ], [ -81.013306, 27.297313 ], [ -81.012621, 27.297539 ], [ -81.012912, 27.299031 ], [ -81.011244, 27.299947 ], [ -81.013397, 27.299492 ], [ -81.011727, 27.301255 ], [ -81.010584, 27.30011 ], [ -81.009917, 27.300878 ], [ -81.007276, 27.301225 ], [ -81.006716, 27.302789 ], [ -81.005034, 27.302725 ], [ -81.004102, 27.302012 ], [ -81.004097, 27.299943 ], [ -81.003075, 27.298379 ], [ -81.00003, 27.297963 ], [ -80.999867, 27.296037 ], [ -80.997768, 27.295148 ], [ -80.996397, 27.29696 ], [ -80.994624, 27.297351 ], [ -80.994402, 27.296415 ], [ -80.99723, 27.293523 ], [ -80.998491, 27.291196 ], [ -80.997366, 27.290046 ], [ -80.996967, 27.286356 ], [ -80.998167, 27.285554 ], [ -80.998539, 27.284124 ], [ -80.997719, 27.283982 ], [ -80.996948, 27.281303 ], [ -80.998691, 27.281189 ], [ -80.998769, 27.278002 ], [ -80.997691, 27.278613 ], [ -80.998083, 27.277217 ], [ -80.999319, 27.276525 ], [ -80.997848, 27.275732 ], [ -80.998703, 27.27413 ], [ -80.998393, 27.271594 ], [ -80.999677, 27.270671 ], [ -81.000634, 27.267602 ], [ -80.998871, 27.268153 ], [ -80.997174, 27.264224 ], [ -80.99863, 27.262919 ], [ -80.997473, 27.261259 ], [ -80.998256, 27.259028 ], [ -80.997495, 27.258669 ], [ -80.996553, 27.260412 ], [ -80.99713, 27.257585 ], [ -80.996944, 27.256181 ], [ -80.995568, 27.256947 ], [ -80.992614, 27.253535 ], [ -80.993833, 27.253575 ], [ -80.99262, 27.250311 ], [ -80.990894, 27.250165 ], [ -80.98629, 27.24863 ], [ -80.984006, 27.246813 ], [ -80.981927, 27.246899 ], [ -80.980612, 27.246411 ], [ -80.980731, 27.244243 ], [ -80.981722, 27.244894 ], [ -80.983446, 27.244821 ], [ -80.981337, 27.242113 ], [ -80.981616, 27.241376 ], [ -80.983481, 27.242087 ], [ -80.982692, 27.240717 ], [ -80.982539, 27.238892 ], [ -80.981653, 27.237302 ], [ -80.98255, 27.23566 ], [ -80.983078, 27.233433 ], [ -80.984838, 27.232934 ], [ -80.985279, 27.231644 ], [ -80.984126, 27.230883 ], [ -80.982847, 27.231881 ], [ -80.981778, 27.231552 ], [ -80.979434, 27.228346 ], [ -80.976002, 27.225143 ], [ -80.97325, 27.220411 ], [ -80.971144, 27.217787 ], [ -80.967488, 27.217042 ], [ -80.964714, 27.215866 ], [ -80.961255, 27.215196 ], [ -80.960716, 27.216156 ], [ -80.963959, 27.216799 ], [ -80.96411, 27.217795 ], [ -80.961169, 27.218316 ], [ -80.959426, 27.219157 ], [ -80.957457, 27.21906 ], [ -80.955613, 27.223346 ], [ -80.953507, 27.222767 ], [ -80.952765, 27.224175 ], [ -80.951048, 27.224228 ], [ -80.952557, 27.221579 ], [ -80.951346, 27.221081 ], [ -80.950257, 27.222314 ], [ -80.948255, 27.222338 ], [ -80.949392, 27.219866 ], [ -80.94606, 27.217247 ], [ -80.945259, 27.215082 ], [ -80.944091, 27.214042 ], [ -80.943597, 27.212575 ], [ -80.942104, 27.211369 ], [ -80.943445, 27.210603 ], [ -80.943609, 27.208855 ], [ -80.942477, 27.206994 ], [ -80.940676, 27.205939 ], [ -80.939905, 27.204992 ], [ -80.937668, 27.204555 ], [ -80.937985, 27.202123 ], [ -80.937445, 27.199128 ], [ -80.936778, 27.198572 ], [ -80.934828, 27.198758 ], [ -80.934293, 27.198015 ], [ -80.935048, 27.196485 ], [ -80.933455, 27.196672 ], [ -80.930787, 27.200228 ], [ -80.929049, 27.199223 ], [ -80.926542, 27.198577 ], [ -80.929578, 27.196655 ], [ -80.928469, 27.196159 ], [ -80.925145, 27.197418 ], [ -80.925298, 27.195502 ], [ -80.922525, 27.192781 ], [ -80.919899, 27.193629 ], [ -80.919414, 27.191613 ], [ -80.917465, 27.189957 ], [ -80.915928, 27.190374 ], [ -80.913905, 27.189224 ], [ -80.912831, 27.189984 ], [ -80.912789, 27.191308 ], [ -80.910929, 27.191395 ], [ -80.910959, 27.188796 ], [ -80.9092, 27.18839 ], [ -80.908445, 27.187473 ], [ -80.907866, 27.189094 ], [ -80.906782, 27.189113 ], [ -80.907464, 27.185858 ], [ -80.90863, 27.185916 ], [ -80.908823, 27.1844 ], [ -80.907548, 27.183734 ], [ -80.908611, 27.182257 ], [ -80.907501, 27.179387 ], [ -80.906207, 27.180225 ], [ -80.906569, 27.178543 ], [ -80.90845, 27.177675 ], [ -80.908279, 27.176205 ], [ -80.910084, 27.176164 ], [ -80.910189, 27.175016 ], [ -80.908375, 27.174298 ], [ -80.9082, 27.172918 ], [ -80.907022, 27.172916 ], [ -80.906005, 27.171746 ], [ -80.904234, 27.171511 ], [ -80.903845, 27.170479 ], [ -80.901885, 27.170235 ], [ -80.903478, 27.16909 ], [ -80.897651, 27.170544 ], [ -80.896919, 27.170007 ], [ -80.897145, 27.168482 ], [ -80.898277, 27.166909 ], [ -80.897023, 27.165894 ], [ -80.895153, 27.166618 ], [ -80.894597, 27.165392 ], [ -80.891623, 27.166331 ], [ -80.890522, 27.164233 ], [ -80.887036, 27.166206 ], [ -80.882775, 27.167819 ], [ -80.878517, 27.168829 ], [ -80.878866, 27.167484 ], [ -80.88067, 27.166501 ], [ -80.880353, 27.164856 ], [ -80.876623, 27.158502 ], [ -80.87324, 27.156086 ], [ -80.871169, 27.154951 ], [ -80.870236, 27.152273 ], [ -80.873311, 27.150054 ], [ -80.871875, 27.147928 ], [ -80.871164, 27.147064 ], [ -80.871818, 27.138072 ], [ -80.87237, 27.130461 ], [ -80.874637, 27.101156 ], [ -80.874784, 27.100146 ], [ -80.874784, 27.095233 ], [ -80.87772, 27.058763 ], [ -80.885639, 26.958919 ], [ -80.685636, 27.114689 ], [ -80.683751, 27.116279 ], [ -80.677427, 27.121619 ], [ -80.67768, 27.158472 ], [ -80.677691, 27.159296 ], [ -80.677862, 27.205988 ], [ -80.677992, 27.244532 ], [ -80.678687, 27.294048 ], [ -80.67772, 27.294065 ], [ -80.677754, 27.302082 ], [ -80.678609, 27.448598 ], [ -80.679288, 27.455697 ], [ -80.679496, 27.498896 ], [ -80.679654, 27.500766 ], [ -80.679659, 27.558736 ], [ -80.744487, 27.558914 ], [ -80.777166, 27.558733 ], [ -80.778047, 27.643195 ], [ -80.853528, 27.642317 ], [ -80.858712, 27.642349 ], [ -80.863778, 27.642144 ], [ -80.867024, 27.642387 ], [ -80.87315, 27.642288 ], [ -81.022917, 27.64199 ], [ -81.065649, 27.642202 ], [ -81.068408, 27.642367 ], [ -81.142164, 27.643238 ], [ -81.142556, 27.64212 ], [ -81.14095, 27.642499 ], [ -81.142777, 27.640598 ], [ -81.141976, 27.63935 ], [ -81.144239, 27.639134 ], [ -81.143803, 27.63646 ], [ -81.142515, 27.636558 ], [ -81.141532, 27.633271 ], [ -81.142932, 27.630827 ], [ -81.142856, 27.629147 ], [ -81.14203, 27.62824 ], [ -81.141021, 27.628443 ], [ -81.141869, 27.627135 ], [ -81.141332, 27.625929 ], [ -81.142151, 27.625004 ], [ -81.142575, 27.620925 ], [ -81.143733, 27.620231 ], [ -81.143176, 27.618105 ], [ -81.144732, 27.616986 ], [ -81.144604, 27.615236 ], [ -81.143354, 27.614885 ], [ -81.14262, 27.613488 ], [ -81.143071, 27.612653 ], [ -81.140601, 27.607981 ], [ -81.141823, 27.606883 ], [ -81.140109, 27.604799 ], [ -81.141317, 27.603868 ], [ -81.140472, 27.601302 ], [ -81.140907, 27.600215 ], [ -81.14289, 27.599795 ], [ -81.142441, 27.5982 ], [ -81.143784, 27.59723 ], [ -81.148923, 27.597068 ], [ -81.149627, 27.596578 ], [ -81.14998, 27.594582 ], [ -81.153851, 27.593195 ], [ -81.153911, 27.592028 ], [ -81.155146, 27.591824 ], [ -81.155372, 27.590991 ], [ -81.15475, 27.587499 ], [ -81.155454, 27.585852 ], [ -81.157752, 27.583516 ], [ -81.158559, 27.57851 ], [ -81.157423, 27.57519 ], [ -81.156551, 27.574975 ], [ -81.160384, 27.572401 ], [ -81.160684, 27.570921 ], [ -81.161592, 27.571665 ], [ -81.160837, 27.573674 ], [ -81.159214, 27.574053 ], [ -81.160169, 27.574694 ], [ -81.163371, 27.574171 ], [ -81.164128, 27.572856 ], [ -81.165731, 27.574865 ], [ -81.168248, 27.57302 ], [ -81.168352, 27.570471 ], [ -81.169103, 27.570114 ], [ -81.170178, 27.568152 ], [ -81.171167, 27.567814 ], [ -81.170676, 27.565556 ], [ -81.173097, 27.565193 ], [ -81.174872, 27.564317 ], [ -81.175854, 27.559386 ], [ -81.176895, 27.559658 ], [ -81.178068, 27.558885 ], [ -81.176786, 27.558363 ], [ -81.177958, 27.557707 ], [ -81.180494, 27.558104 ], [ -81.18262, 27.557519 ], [ -81.18453, 27.557946 ], [ -81.185094, 27.558937 ], [ -81.188876, 27.557055 ], [ -81.190626, 27.556664 ], [ -81.190015, 27.555678 ], [ -81.191592, 27.554693 ], [ -81.190317, 27.554743 ], [ -81.190449, 27.553294 ], [ -81.192704, 27.552371 ], [ -81.193272, 27.553238 ], [ -81.195022, 27.551799 ], [ -81.19495, 27.550789 ], [ -81.197904, 27.548638 ], [ -81.19868, 27.546964 ], [ -81.200148, 27.546141 ], [ -81.202648, 27.546484 ], [ -81.204093, 27.547575 ], [ -81.205979, 27.547344 ], [ -81.205848, 27.546084 ], [ -81.204573, 27.544545 ], [ -81.205385, 27.542973 ], [ -81.204252, 27.542107 ], [ -81.203914, 27.540821 ], [ -81.20249, 27.540071 ], [ -81.202471, 27.539396 ], [ -81.204918, 27.537502 ], [ -81.206582, 27.536942 ], [ -81.208254, 27.535827 ], [ -81.209241, 27.535482 ], [ -81.209535, 27.53488 ], [ -81.208046, 27.534285 ], [ -81.208096, 27.53323 ], [ -81.208839, 27.532599 ], [ -81.208039, 27.530524 ], [ -81.208356, 27.529907 ], [ -81.210107, 27.530611 ], [ -81.211138, 27.531245 ], [ -81.212436, 27.531168 ], [ -81.212086, 27.530387 ], [ -81.212702, 27.52968 ], [ -81.213926, 27.529471 ], [ -81.214284, 27.528709 ] ] ] ] } },
{ "type": "Feature", "properties": { "STATEFP": "12", "COUNTYFP": "099", "COUNTYNS": "00295761", "GEOIDFQ": "0500000US12099", "GEOID": "12099", "NAME": "Palm Beach", "NAMELSAD": "Palm Beach County", "STUSPS": "FL", "STATE_NAME": "Florida", "LSAD": "06", "ALAND": 5087491664.0, "AWATER": 1084969367.0, "STATE_NAME_HYPHEN": "Florida" }, "geometry": { "type": "MultiPolygon", "coordinates": [ [ [ [ -80.886013, 26.652696 ], [ -80.885772, 26.609242 ], [ -80.882975, 26.464926 ], [ -80.883088, 26.46227 ], [ -80.880017, 26.346059 ], [ -80.881915, 26.346125 ], [ -80.881833, 26.3338 ], [ -80.881285, 26.333806 ], [ -80.539899, 26.334698 ], [ -80.535907, 26.334587 ], [ -80.296986, 26.334356 ], [ -80.297062, 26.35532 ], [ -80.296881, 26.355431 ], [ -80.251225, 26.341718 ], [ -80.24977, 26.341526 ], [ -80.234723, 26.336954 ], [ -80.227364, 26.334661 ], [ -80.222802, 26.333398 ], [ -80.219777, 26.3325 ], [ -80.218865, 26.332228 ], [ -80.212653, 26.330366 ], [ -80.204083, 26.327822 ], [ -80.203064, 26.327825 ], [ -80.202937, 26.32783 ], [ -80.202478, 26.327842 ], [ -80.190105, 26.327792 ], [ -80.186594, 26.327788 ], [ -80.170332, 26.327782 ], [ -80.170149, 26.327781 ], [ -80.169785, 26.32781 ], [ -80.153449, 26.327772 ], [ -80.128662, 26.327797 ], [ -80.128334, 26.327718 ], [ -80.120125, 26.327791 ], [ -80.117036, 26.327847 ], [ -80.107273, 26.327863 ], [ -80.099241, 26.327637 ], [ -80.098437, 26.32673 ], [ -80.09845, 26.325201 ], [ -80.098535, 26.324692 ], [ -80.099141, 26.323468 ], [ -80.098823, 26.322834 ], [ -80.098268, 26.322599 ], [ -80.096367, 26.322435 ], [ -80.095633, 26.324154 ], [ -80.092046, 26.326354 ], [ -80.090909, 26.325607 ], [ -80.090778, 26.325546 ], [ -80.089499, 26.325042 ], [ -80.088807, 26.322107 ], [ -80.087907, 26.320772 ], [ -80.080612, 26.320811 ], [ -80.080522, 26.320814 ], [ -80.079383, 26.320779 ], [ -80.076757, 26.32089 ], [ -80.075733, 26.32091 ], [ -80.0748372, 26.3210316 ], [ -80.072264, 26.335356 ], [ -80.0714616, 26.3358747 ], [ -80.070564, 26.336455 ], [ -80.0692516, 26.3506597 ], [ -80.068328, 26.3606561 ], [ -80.0678333, 26.3660106 ], [ -80.067555, 26.369023 ], [ -80.0675099, 26.3698431 ], [ -80.067286900000013, 26.3738985 ], [ -80.0666024, 26.3863447 ], [ -80.0663507, 26.3909215 ], [ -80.066307, 26.391716 ], [ -80.065332, 26.393078 ], [ -80.0622521, 26.4263935 ], [ -80.0620189, 26.4289162 ], [ -80.0617213, 26.4321346 ], [ -80.061643, 26.432982 ], [ -80.059809, 26.444511 ], [ -80.058563, 26.453092 ], [ -80.0586952, 26.4543356 ], [ -80.058812, 26.455434 ], [ -80.0578351, 26.4616911 ], [ -80.0556289, 26.4758217 ], [ -80.0513617, 26.5031524 ], [ -80.0510839, 26.5049316 ], [ -80.0507012, 26.507383 ], [ -80.0504253, 26.50915 ], [ -80.050363, 26.509549 ], [ -80.0502309, 26.5102359 ], [ -80.044899, 26.537965 ], [ -80.0421827, 26.5451321 ], [ -80.042063, 26.545448 ], [ -80.041627, 26.554448 ], [ -80.038863, 26.569347 ], [ -80.0376708, 26.5839961 ], [ -80.0375189, 26.585863 ], [ -80.0368859, 26.593641 ], [ -80.0364914, 26.598489 ], [ -80.0362965, 26.600884 ], [ -80.036158, 26.602586 ], [ -80.0360359, 26.6115992 ], [ -80.036014, 26.613218 ], [ -80.0360943, 26.6152597 ], [ -80.0361031, 26.6154831 ], [ -80.036452, 26.6243484 ], [ -80.0366938, 26.6304929 ], [ -80.036846, 26.63436 ], [ -80.036965, 26.646044 ], [ -80.0369279, 26.6469692 ], [ -80.0366319, 26.6543586 ], [ -80.0361944, 26.6652757 ], [ -80.035763, 26.676043 ], [ -80.034552, 26.686397 ], [ -80.033828, 26.689732 ], [ -80.033102, 26.7007419 ], [ -80.033095, 26.700848 ], [ -80.0331274, 26.7075962 ], [ -80.0331472, 26.7117211 ], [ -80.033162, 26.714811 ], [ -80.033997, 26.7190279 ], [ -80.034417, 26.721149 ], [ -80.0344691, 26.7219033 ], [ -80.0347227, 26.7255787 ], [ -80.034885, 26.72793 ], [ -80.034762, 26.736541 ], [ -80.035732, 26.749289 ], [ -80.0363369, 26.7552511 ], [ -80.037462, 26.76634 ], [ -80.035811200000012, 26.7731121 ], [ -80.035644, 26.773798 ], [ -80.031965, 26.773641 ], [ -80.0314822, 26.7818523 ], [ -80.031372, 26.783726 ], [ -80.03233, 26.787227 ], [ -80.0318481, 26.7903185 ], [ -80.031472, 26.792731 ], [ -80.0313806, 26.7957294 ], [ -80.031362, 26.796339 ], [ -80.0316003, 26.797345 ], [ -80.0355953, 26.8142083 ], [ -80.0358874, 26.8154412 ], [ -80.0397111, 26.8315814 ], [ -80.0405958, 26.8353158 ], [ -80.0462255, 26.8590799 ], [ -80.046263, 26.859238 ], [ -80.0487224, 26.8674678 ], [ -80.0530775, 26.8820411 ], [ -80.053598, 26.883783 ], [ -80.0568969, 26.893894 ], [ -80.057717599999989, 26.8964093 ], [ -80.061357, 26.907564 ], [ -80.0626054, 26.9115817 ], [ -80.0650611, 26.9194846 ], [ -80.066181, 26.9230884 ], [ -80.0667059, 26.9247777 ], [ -80.0667077, 26.9247835 ], [ -80.066715, 26.924807 ], [ -80.0673213, 26.9275893 ], [ -80.068528, 26.933127 ], [ -80.0709591, 26.9413148 ], [ -80.071425, 26.942884 ], [ -80.0708399, 26.9441424 ], [ -80.070616, 26.944624 ], [ -80.0727903, 26.9491797 ], [ -80.073964, 26.951639 ], [ -80.0742707, 26.9524922 ], [ -80.0756765, 26.9564033 ], [ -80.076584, 26.958928 ], [ -80.07745, 26.9619107 ], [ -80.0778636, 26.963335 ], [ -80.0799488, 26.970517 ], [ -80.083263, 26.970534 ], [ -80.083858, 26.970551 ], [ -80.086688, 26.970632 ], [ -80.087262, 26.970547 ], [ -80.08741, 26.970535 ], [ -80.088369, 26.970519 ], [ -80.089626, 26.970534 ], [ -80.094199, 26.970585 ], [ -80.095211, 26.970594 ], [ -80.097182, 26.970613 ], [ -80.102016, 26.970665 ], [ -80.108917, 26.970756 ], [ -80.110115, 26.970834 ], [ -80.110359, 26.970834 ], [ -80.121071, 26.970834 ], [ -80.125678, 26.970934 ], [ -80.126265, 26.970934 ], [ -80.135711, 26.970924 ], [ -80.139705, 26.970939 ], [ -80.141758, 26.97094 ], [ -80.14176, 26.97088 ], [ -80.141917, 26.966769 ], [ -80.142007, 26.95664 ], [ -80.166455, 26.956634 ], [ -80.16711, 26.956627 ], [ -80.167843, 26.956634 ], [ -80.190639, 26.956682 ], [ -80.223127, 26.956867 ], [ -80.25474, 26.957119 ], [ -80.255831, 26.957261 ], [ -80.287428, 26.957841 ], [ -80.374839, 26.958386 ], [ -80.38469, 26.958382 ], [ -80.443787, 26.957675 ], [ -80.482405, 26.957947 ], [ -80.580237, 26.957934 ], [ -80.618063, 26.957833 ], [ -80.885639, 26.958919 ], [ -80.885889, 26.769181 ], [ -80.885962, 26.746245 ], [ -80.885965, 26.745333 ], [ -80.885954, 26.738636 ], [ -80.885818, 26.696058 ], [ -80.886014, 26.652887 ], [ -80.886013, 26.652696 ] ] ] ] } },
{ "type": "Feature", "properties": { "STATEFP": "12", "COUNTYFP": "115", "COUNTYNS": "00295741", "GEOIDFQ": "0500000US12115", "GEOID": "12115", "NAME": "Sarasota", "NAMELSAD": "Sarasota County", "STUSPS": "FL", "STATE_NAME": "Florida", "LSAD": "06", "ALAND": 1440049637.0, "AWATER": 1086618344.0, "STATE_NAME_HYPHEN": "Florida" }, "geometry": { "type": "MultiPolygon", "coordinates": [ [ [ [ -82.642821, 27.38972 ], [ -82.637543, 27.379977 ], [ -82.623863, 27.362206 ], [ -82.6181104, 27.3564056 ], [ -82.6120201, 27.3502647 ], [ -82.6119412, 27.3501851 ], [ -82.6042029, 27.3423826 ], [ -82.597629, 27.335754 ], [ -82.590365, 27.328364 ], [ -82.589815800000011, 27.3272799 ], [ -82.5895216, 27.3266993 ], [ -82.588375, 27.324436 ], [ -82.586751, 27.319607 ], [ -82.583531, 27.317588 ], [ -82.57602, 27.309324 ], [ -82.569248, 27.298588 ], [ -82.566002, 27.297213 ], [ -82.5624244, 27.2959408 ], [ -82.56006, 27.2951 ], [ -82.5603261, 27.2941541 ], [ -82.5616553, 27.2894301 ], [ -82.561724, 27.289186 ], [ -82.564576, 27.28475 ], [ -82.56722, 27.2820447 ], [ -82.569754, 27.279452 ], [ -82.568892, 27.275577 ], [ -82.5669695, 27.2733318 ], [ -82.5642788, 27.2701896 ], [ -82.563994, 27.269857 ], [ -82.557669, 27.267374 ], [ -82.5563975, 27.2667308 ], [ -82.54512, 27.261026 ], [ -82.5419707, 27.2571193 ], [ -82.5411893, 27.25615 ], [ -82.539719, 27.254326 ], [ -82.5380476, 27.2514722 ], [ -82.536458, 27.248758 ], [ -82.536228, 27.245397 ], [ -82.533134, 27.241266 ], [ -82.528287, 27.237371 ], [ -82.522032, 27.228375 ], [ -82.5197441, 27.2235507 ], [ -82.516108, 27.2158836 ], [ -82.514223, 27.211909 ], [ -82.5113859, 27.2079989 ], [ -82.511082, 27.20758 ], [ -82.50284, 27.189728 ], [ -82.499927, 27.180563 ], [ -82.4996463, 27.1800811 ], [ -82.492836, 27.16839 ], [ -82.486667, 27.158663 ], [ -82.477019, 27.141231 ], [ -82.46889, 27.113612 ], [ -82.467644299999989, 27.1126073 ], [ -82.4660695, 27.1113373 ], [ -82.465319, 27.110732 ], [ -82.4617697, 27.1030663 ], [ -82.460339499999989, 27.0999772 ], [ -82.460319, 27.099933 ], [ -82.4577589, 27.0918375 ], [ -82.456329, 27.087316 ], [ -82.4559287, 27.0863094 ], [ -82.4539662, 27.0813746 ], [ -82.4457498, 27.060714 ], [ -82.445718, 27.060634 ], [ -82.419218, 27.020736 ], [ -82.409548, 27.004508 ], [ -82.400618, 26.984937 ], [ -82.392795, 26.972711 ], [ -82.381608, 26.957687 ], [ -82.377046, 26.949227 ], [ -82.3752262, 26.9460407 ], [ -82.365117, 26.946139 ], [ -82.36164, 26.946073 ], [ -82.35266, 26.945936 ], [ -82.350234, 26.945896 ], [ -82.349254, 26.945909 ], [ -82.3382, 26.945919 ], [ -82.337275, 26.94588 ], [ -82.323284, 26.945675 ], [ -82.320845, 26.945625 ], [ -82.317717, 26.945727 ], [ -82.317132, 26.945746 ], [ -82.312691, 26.945728 ], [ -82.304261, 26.945642 ], [ -82.299896, 26.945564 ], [ -82.288996, 26.945506 ], [ -82.272445, 26.945396 ], [ -82.263651, 26.94533 ], [ -82.255521, 26.945264 ], [ -82.255298, 26.998945 ], [ -82.255297, 27.000336 ], [ -82.255279, 27.00559 ], [ -82.255252, 27.012292 ], [ -82.255183, 27.031137 ], [ -82.255169, 27.03302 ], [ -82.252252, 27.032985 ], [ -82.251598, 27.032936 ], [ -82.251003, 27.032997 ], [ -82.238531, 27.032958 ], [ -82.219378, 27.032896 ], [ -82.206968, 27.032855 ], [ -82.205071, 27.03284 ], [ -82.204768, 27.03284 ], [ -82.203442, 27.032843 ], [ -82.1944, 27.032826 ], [ -82.177185, 27.032789 ], [ -82.163535, 27.032748 ], [ -82.15616, 27.032732 ], [ -82.15082, 27.032704 ], [ -82.139759, 27.032632 ], [ -82.13893, 27.032627 ], [ -82.118728, 27.032503 ], [ -82.113256, 27.032475 ], [ -82.103323, 27.032366 ], [ -82.088588, 27.0322 ], [ -82.076404, 27.03212 ], [ -82.067588, 27.032079 ], [ -82.057506, 27.032119 ], [ -82.057516, 27.076488 ], [ -82.057382, 27.11985 ], [ -82.057631, 27.125331 ], [ -82.057492, 27.135262 ], [ -82.056541, 27.203876 ], [ -82.056497, 27.207769 ], [ -82.112918, 27.208189 ], [ -82.253596, 27.208916 ], [ -82.253197, 27.289774 ], [ -82.253189, 27.289878 ], [ -82.253051, 27.290546 ], [ -82.252986, 27.299432 ], [ -82.253117, 27.300104 ], [ -82.252588, 27.364421 ], [ -82.252264, 27.386243 ], [ -82.268238, 27.386304 ], [ -82.346959, 27.386513 ], [ -82.350649, 27.386534 ], [ -82.352925, 27.386547 ], [ -82.374815, 27.386611 ], [ -82.392004, 27.38683 ], [ -82.398117, 27.386451 ], [ -82.416733, 27.386415 ], [ -82.416859, 27.38642 ], [ -82.433337, 27.386348 ], [ -82.447088, 27.386123 ], [ -82.447461, 27.388587 ], [ -82.448609, 27.388605 ], [ -82.449001, 27.388608 ], [ -82.45505, 27.388688 ], [ -82.463604, 27.38824 ], [ -82.472264, 27.388271 ], [ -82.478728, 27.388315 ], [ -82.480792, 27.388318 ], [ -82.487087, 27.388356 ], [ -82.501612, 27.388445 ], [ -82.505618, 27.388904 ], [ -82.505701, 27.388905 ], [ -82.513871, 27.388974 ], [ -82.51998, 27.389019 ], [ -82.529063, 27.388661 ], [ -82.53024, 27.388688 ], [ -82.531583, 27.388788 ], [ -82.54261, 27.389014 ], [ -82.559339, 27.389041 ], [ -82.565477, 27.389084 ], [ -82.576801, 27.389188 ], [ -82.59652, 27.38932 ], [ -82.616585, 27.389542 ], [ -82.617056, 27.389547 ], [ -82.639924, 27.389718 ], [ -82.6428345, 27.389737 ], [ -82.642821, 27.38972 ] ] ] ] } },
{ "type": "Feature", "properties": { "STATEFP": "12", "COUNTYFP": "019", "COUNTYNS": "00295726", "GEOIDFQ": "0500000US12019", "GEOID": "12019", "NAME": "Clay", "NAMELSAD": "Clay County", "STUSPS": "FL", "STATE_NAME": "Florida", "LSAD": "06", "ALAND": 1565900896.0, "AWATER": 100869769.0, "STATE_NAME_HYPHEN": "Florida" }, "geometry": { "type": "MultiPolygon", "coordinates": [ [ [ [ -82.049425, 30.143136 ], [ -82.049389, 30.110447 ], [ -82.049201, 30.055904 ], [ -82.047737, 29.993716 ], [ -82.04777, 29.978 ], [ -82.04845, 29.97376 ], [ -82.04832, 29.9573 ], [ -82.04824, 29.95656 ], [ -82.048326, 29.93853 ], [ -82.047987, 29.91024 ], [ -82.047415, 29.864887 ], [ -82.046862, 29.827462 ], [ -82.046504, 29.819594 ], [ -82.046792, 29.8168 ], [ -82.04651, 29.813389 ], [ -82.046818, 29.798157 ], [ -82.046649, 29.795152 ], [ -82.046615, 29.794391 ], [ -82.046537, 29.792584 ], [ -82.04637, 29.790081 ], [ -82.046299, 29.775044 ], [ -82.046454, 29.769001 ], [ -82.046253, 29.758855 ], [ -82.046112, 29.747129 ], [ -82.047572, 29.732664 ], [ -82.04886, 29.72068 ], [ -82.049244, 29.71867 ], [ -82.028917, 29.718681 ], [ -82.024913, 29.725236 ], [ -82.01293, 29.73446 ], [ -82.00707, 29.73949 ], [ -82.004625, 29.740352 ], [ -81.99523, 29.7426 ], [ -81.991073, 29.743952 ], [ -81.985864, 29.743652 ], [ -81.985912, 29.744983 ], [ -81.982559, 29.745777 ], [ -81.976228, 29.747114 ], [ -81.939427, 29.747497 ], [ -81.93724, 29.74992 ], [ -81.93111, 29.75613 ], [ -81.929094, 29.759356 ], [ -81.928346, 29.76111 ], [ -81.927781, 29.767671 ], [ -81.92712, 29.770228 ], [ -81.924906, 29.774832 ], [ -81.924269, 29.778434 ], [ -81.923497, 29.780919 ], [ -81.920218, 29.78616 ], [ -81.919525, 29.786869 ], [ -81.916571, 29.788848 ], [ -81.914192, 29.791399 ], [ -81.910409, 29.793256 ], [ -81.90926, 29.79356 ], [ -81.90474, 29.79307 ], [ -81.90019, 29.79413 ], [ -81.89068, 29.79821 ], [ -81.88251, 29.79944 ], [ -81.87033, 29.800868 ], [ -81.86656, 29.800765 ], [ -81.861994, 29.800187 ], [ -81.86014, 29.80255 ], [ -81.855328, 29.80535 ], [ -81.853337, 29.806965 ], [ -81.847213, 29.809493 ], [ -81.837001, 29.816142 ], [ -81.83219, 29.82095 ], [ -81.827892, 29.82442 ], [ -81.826073, 29.82521 ], [ -81.822884, 29.825671 ], [ -81.821872, 29.82634 ], [ -81.81914, 29.83024 ], [ -81.81581, 29.83361 ], [ -81.81243, 29.83649 ], [ -81.797232, 29.83665 ], [ -81.797218, 29.836649 ], [ -81.7573, 29.837069 ], [ -81.7573, 29.83705 ], [ -81.66182, 29.83878 ], [ -81.581207, 29.840176 ], [ -81.583457, 29.844556 ], [ -81.597561, 29.872286 ], [ -81.599013, 29.875422 ], [ -81.605518, 29.896491 ], [ -81.607606, 29.905655 ], [ -81.608182, 29.909446 ], [ -81.608356, 29.915695 ], [ -81.608041, 29.91756 ], [ -81.605997, 29.923068 ], [ -81.602786, 29.929819 ], [ -81.599864, 29.936554 ], [ -81.598735, 29.941038 ], [ -81.598711, 29.942952 ], [ -81.599858, 29.952238 ], [ -81.60099, 29.956017 ], [ -81.602008, 29.958146 ], [ -81.604867, 29.963498 ], [ -81.606808, 29.96649 ], [ -81.610146, 29.970235 ], [ -81.612989, 29.972832 ], [ -81.617702, 29.976605 ], [ -81.62435, 29.981264 ], [ -81.631738, 29.98533 ], [ -81.633517, 29.986295 ], [ -81.641737, 29.990933 ], [ -81.658017, 30.000124 ], [ -81.666525, 30.004618 ], [ -81.671088, 30.007242 ], [ -81.678243, 30.012233 ], [ -81.682807, 30.016694 ], [ -81.685403, 30.020601 ], [ -81.686726, 30.022982 ], [ -81.688876, 30.028566 ], [ -81.690001, 30.035553 ], [ -81.690458, 30.042834 ], [ -81.689756, 30.058823 ], [ -81.68932, 30.06296 ], [ -81.687821, 30.067542 ], [ -81.684893, 30.072279 ], [ -81.681743, 30.078913 ], [ -81.68056, 30.082654 ], [ -81.680073, 30.086621 ], [ -81.680237, 30.089877 ], [ -81.681603, 30.099323 ], [ -81.681736, 30.106177 ], [ -81.68145, 30.108984 ], [ -81.679973, 30.119118 ], [ -81.680215, 30.12124 ], [ -81.691815, 30.142339 ], [ -81.692116, 30.14474 ], [ -81.690216, 30.16134 ], [ -81.690436, 30.169104 ], [ -81.690516, 30.17194 ], [ -81.681716, 30.18144 ], [ -81.679626, 30.190495 ], [ -81.691231, 30.191212 ], [ -81.694322, 30.19126 ], [ -81.698839, 30.191488 ], [ -81.702625, 30.191481 ], [ -81.703279, 30.18906 ], [ -81.703442, 30.189034 ], [ -81.706357, 30.189596 ], [ -81.707592, 30.190657 ], [ -81.7088, 30.191208 ], [ -81.711348, 30.191193 ], [ -81.717621, 30.191108 ], [ -81.725203, 30.191008 ], [ -81.73349, 30.193466 ], [ -81.738924, 30.189321 ], [ -81.739472, 30.189329 ], [ -81.743134, 30.189339 ], [ -81.764308, 30.189339 ], [ -81.798227, 30.188998 ], [ -81.802666, 30.189139 ], [ -81.808633, 30.18904 ], [ -81.825865, 30.18875 ], [ -81.825991, 30.188748 ], [ -81.826533, 30.188739 ], [ -81.837585, 30.188624 ], [ -81.837661, 30.188624 ], [ -81.845945, 30.188538 ], [ -81.868048, 30.188018 ], [ -81.890725, 30.187539 ], [ -81.9204, 30.186941 ], [ -81.95552, 30.186327 ], [ -82.018534, 30.186743 ], [ -82.020311, 30.186933 ], [ -82.049411, 30.186933 ], [ -82.049425, 30.143136 ] ] ] ] } }
]
}
