{
"type": "FeatureCollection",
"name": "IA_counties_2023",
"crs": { "type": "name", "properties": { "name": "urn:ogc:def:crs:EPSG::4269" } },
"features": [
{ "type": "Feature", "properties": { "STATEFP": "19", "COUNTYFP": "045", "COUNTYNS": "00465211", "GEOIDFQ": "0500000US19045", "GEOID": "19045", "NAME": "Clinton", "NAMELSAD": "Clinton County", "STUSPS": "IA", "STATE_NAME": "Iowa", "LSAD": "06", "ALAND": 1799934697.0, "AWATER": 39410955.0 }, "geometry": { "type": "MultiPolygon", "coordinates": [ [ [ [ -90.898941, 41.918528 ], [ -90.898072, 41.920396 ], [ -90.89845, 41.922562 ], [ -90.898434, 41.924344 ], [ -90.898461, 41.928125 ], [ -90.898611, 41.944367 ], [ -90.898484, 41.946245 ], [ -90.898413, 41.968257 ], [ -90.898373, 42.033548 ], [ -90.85974, 42.033399 ], [ -90.830645, 42.033347 ], [ -90.820821, 42.032995 ], [ -90.781974, 42.032852 ], [ -90.772269, 42.032718 ], [ -90.757812, 42.032834 ], [ -90.753004, 42.032829 ], [ -90.743226, 42.032928 ], [ -90.733552, 42.032929 ], [ -90.723776, 42.032929 ], [ -90.703988, 42.032866 ], [ -90.665261, 42.032822 ], [ -90.656194, 42.032841 ], [ -90.65608, 42.032839 ], [ -90.652118, 42.032754 ], [ -90.626527, 42.032763 ], [ -90.62417, 42.032901 ], [ -90.577873, 42.032738 ], [ -90.548659, 42.032838 ], [ -90.529424, 42.032959 ], [ -90.442195, 42.033503 ], [ -90.432478, 42.033452 ], [ -90.42342, 42.033408 ], [ -90.406258, 42.033336 ], [ -90.403916, 42.033343 ], [ -90.398818, 42.033353 ], [ -90.374296, 42.033436 ], [ -90.360667, 42.033546 ], [ -90.315743, 42.033574 ], [ -90.262482, 42.0334 ], [ -90.21859, 42.033199 ], [ -90.208604, 42.033275 ], [ -90.154221, 42.033073 ], [ -90.151579, 42.030633 ], [ -90.150916, 42.02944 ], [ -90.149733, 42.026564 ], [ -90.149112, 42.022679 ], [ -90.148614025318594, 42.021372796726503 ], [ -90.148096, 42.020014 ], [ -90.143776, 42.014881 ], [ -90.141167, 42.008931 ], [ -90.140131075261607, 42.003611816826997 ], [ -90.140061, 42.003252 ], [ -90.140613, 41.995999 ], [ -90.146033, 41.988139 ], [ -90.146225, 41.981329 ], [ -90.146754108002099, 41.980646998952601 ], [ -90.148599, 41.978269 ], [ -90.153834, 41.974116 ], [ -90.154559707523504, 41.9729957703655 ], [ -90.162141, 41.961293 ], [ -90.164135, 41.956178 ], [ -90.164867356736295, 41.949513007164903 ], [ -90.164939, 41.948861 ], [ -90.163847, 41.944934 ], [ -90.160648, 41.940845 ], [ -90.156902, 41.938181 ], [ -90.154982123963705, 41.935862940859302 ], [ -90.152659, 41.933058 ], [ -90.1516, 41.931002 ], [ -90.151838378767394, 41.928917335740003 ], [ -90.153362, 41.915593 ], [ -90.153508434432297, 41.909670320866603 ], [ -90.153584, 41.906614 ], [ -90.153986048944304, 41.905607999803003 ], [ -90.157019, 41.898019 ], [ -90.165065, 41.883777 ], [ -90.166381957466598, 41.881834911195703 ], [ -90.167862788502902, 41.879651161568603 ], [ -90.168743642622701, 41.878352184974801 ], [ -90.170041, 41.876439 ], [ -90.171505312574695, 41.870907510868399 ], [ -90.172395066912202, 41.867546434461403 ], [ -90.172470011165302, 41.867263330069399 ], [ -90.172765, 41.866149 ], [ -90.172806868993703, 41.864629381377199 ], [ -90.173006, 41.857402 ], [ -90.1748872580213, 41.853931101949001 ], [ -90.175051, 41.853629 ], [ -90.179064829310093, 41.847951485848299 ], [ -90.180353776832405, 41.846128284801701 ], [ -90.181401, 41.844647 ], [ -90.181788437814504, 41.843538152975 ], [ -90.181901, 41.843216 ], [ -90.183331234689206, 41.837863362021302 ], [ -90.183335773236394, 41.837846376557003 ], [ -90.183765, 41.83624 ], [ -90.183973, 41.83307 ], [ -90.18172, 41.822599 ], [ -90.180643, 41.811979 ], [ -90.180954, 41.809354 ], [ -90.181973, 41.80707 ], [ -90.187969, 41.803163 ], [ -90.208467062259203, 41.797614631003903 ], [ -90.209492898824806, 41.7973369598893 ], [ -90.210124322180903, 41.7971660476476 ], [ -90.216889, 41.795335 ], [ -90.222263, 41.793133 ], [ -90.242380256755496, 41.782964507962802 ], [ -90.246656662549697, 41.780802950907798 ], [ -90.248631, 41.779805 ], [ -90.258622, 41.775295 ], [ -90.263286, 41.772112 ], [ -90.278633, 41.767358 ], [ -90.279711177096502, 41.766584403803499 ], [ -90.302782, 41.750031 ], [ -90.310708, 41.742214 ], [ -90.31522, 41.734264 ], [ -90.316357747074306, 41.728884798759097 ], [ -90.320715, 41.730647 ], [ -90.321936, 41.732476 ], [ -90.323646, 41.733483 ], [ -90.328896, 41.73442 ], [ -90.332408, 41.738489 ], [ -90.333874, 41.739404 ], [ -90.337078, 41.739106 ], [ -90.339948, 41.740523 ], [ -90.342573, 41.739356 ], [ -90.344251, 41.735835 ], [ -90.344891, 41.733457 ], [ -90.346508, 41.733479 ], [ -90.347729, 41.732107 ], [ -90.347728, 41.730049 ], [ -90.348888, 41.729866 ], [ -90.352369, 41.7319 ], [ -90.354946, 41.731988 ], [ -90.357802, 41.731281 ], [ -90.356671, 41.729498 ], [ -90.357525, 41.727783 ], [ -90.359636, 41.727701 ], [ -90.365003, 41.72794 ], [ -90.368423, 41.730111 ], [ -90.372056, 41.731595 ], [ -90.374508, 41.734267 ], [ -90.378044, 41.734725 ], [ -90.38143, 41.736258 ], [ -90.386407, 41.736261 ], [ -90.389642, 41.736948 ], [ -90.390346, 41.734342 ], [ -90.388242, 41.732306 ], [ -90.389586, 41.730569 ], [ -90.391387, 41.730638 ], [ -90.394622, 41.731646 ], [ -90.394957, 41.733087 ], [ -90.396971, 41.733705 ], [ -90.399048, 41.731648 ], [ -90.403628, 41.729614 ], [ -90.40903, 41.729616 ], [ -90.410525, 41.731309 ], [ -90.410188, 41.733023 ], [ -90.406464, 41.734097 ], [ -90.406249, 41.735675 ], [ -90.407653, 41.736635 ], [ -90.411041, 41.737711 ], [ -90.411314, 41.740043 ], [ -90.412107, 41.740958 ], [ -90.415131, 41.740296 ], [ -90.418093, 41.73833 ], [ -90.422581, 41.737416 ], [ -90.424809, 41.736113 ], [ -90.428015, 41.736617 ], [ -90.427098, 41.738492 ], [ -90.424809, 41.738857 ], [ -90.423099, 41.740572 ], [ -90.424044, 41.742218 ], [ -90.426548, 41.743202 ], [ -90.427463, 41.74446 ], [ -90.427066, 41.745694 ], [ -90.424165, 41.749101 ], [ -90.424994, 41.751702 ], [ -90.426032, 41.752662 ], [ -90.431284, 41.754789 ], [ -90.433093, 41.755892 ], [ -90.434205, 41.756867 ], [ -90.435956, 41.760323 ], [ -90.44017, 41.758585 ], [ -90.442582, 41.76078 ], [ -90.444934, 41.761671 ], [ -90.446583, 41.763844 ], [ -90.449333, 41.764827 ], [ -90.451696, 41.764082 ], [ -90.456936, 41.760412 ], [ -90.458371, 41.758469 ], [ -90.459287, 41.758034 ], [ -90.465181, 41.759039 ], [ -90.468328, 41.762788 ], [ -90.468879, 41.766172 ], [ -90.467262, 41.768871 ], [ -90.470532, 41.7731 ], [ -90.473617, 41.773465 ], [ -90.479053, 41.771794 ], [ -90.483785, 41.768842 ], [ -90.483937, 41.766785 ], [ -90.486136, 41.766372 ], [ -90.488213, 41.767446 ], [ -90.48971, 41.767331 ], [ -90.491816, 41.765958 ], [ -90.495786, 41.765887 ], [ -90.498537, 41.767441 ], [ -90.502561, 41.767141 ], [ -90.504301, 41.767645 ], [ -90.506651, 41.769475 ], [ -90.50879, 41.768927 ], [ -90.511113, 41.766047 ], [ -90.512794, 41.765339 ], [ -90.514869, 41.766827 ], [ -90.515234, 41.769296 ], [ -90.521802, 41.771081 ], [ -90.523175, 41.772796 ], [ -90.526383, 41.772384 ], [ -90.52791, 41.773002 ], [ -90.52797, 41.77531 ], [ -90.531727, 41.774922 ], [ -90.537345, 41.776435 ], [ -90.538143, 41.775793 ], [ -90.540312, 41.769142 ], [ -90.541842, 41.766491 ], [ -90.542816, 41.765919 ], [ -90.548711, 41.769236 ], [ -90.549994, 41.768939 ], [ -90.550269, 41.767292 ], [ -90.549567, 41.764891 ], [ -90.549873, 41.763474 ], [ -90.553263, 41.764617 ], [ -90.559637, 41.763633 ], [ -90.562322, 41.764373 ], [ -90.564763, 41.765831 ], [ -90.565966, 41.764688 ], [ -90.565081, 41.763355 ], [ -90.56648, 41.76233 ], [ -90.568218, 41.763358 ], [ -90.569937, 41.763664 ], [ -90.574856, 41.761853 ], [ -90.577207, 41.759678 ], [ -90.579131, 41.759129 ], [ -90.582888, 41.7613 ], [ -90.584141, 41.763267 ], [ -90.58769, 41.76341 ], [ -90.589028, 41.764409 ], [ -90.589067, 41.769412 ], [ -90.589612, 41.77024 ], [ -90.59242, 41.770639 ], [ -90.595016, 41.769324 ], [ -90.597092, 41.767608 ], [ -90.598892, 41.763995 ], [ -90.600083, 41.762988 ], [ -90.602953, 41.762507 ], [ -90.60662, 41.763832 ], [ -90.609889, 41.76431 ], [ -90.611263, 41.763966 ], [ -90.612513, 41.761543 ], [ -90.612844, 41.758205 ], [ -90.615528, 41.756558 ], [ -90.617608, 41.757286 ], [ -90.618161, 41.759047 ], [ -90.620331, 41.761538 ], [ -90.623632, 41.76364 ], [ -90.626525, 41.764712 ], [ -90.630679, 41.765354 ], [ -90.633154, 41.763984 ], [ -90.633827, 41.761903 ], [ -90.636364, 41.760967 ], [ -90.640761, 41.7617 ], [ -90.64238, 41.761541 ], [ -90.64403, 41.760101 ], [ -90.645131, 41.75754 ], [ -90.647209, 41.75626 ], [ -90.651882, 41.755484 ], [ -90.654141, 41.75624 ], [ -90.656125, 41.757841 ], [ -90.655849, 41.760631 ], [ -90.657528, 41.762804 ], [ -90.657436, 41.764084 ], [ -90.661161, 41.765389 ], [ -90.66388, 41.764383 ], [ -90.665823, 41.764419 ], [ -90.667851, 41.764475 ], [ -90.670051, 41.76363 ], [ -90.675213, 41.761915 ], [ -90.676618, 41.760635 ], [ -90.677565, 41.758028 ], [ -90.676344, 41.75565 ], [ -90.678786, 41.754864 ], [ -90.681749, 41.754552 ], [ -90.684223, 41.756611 ], [ -90.686085, 41.757137 ], [ -90.68746, 41.75565 ], [ -90.686513, 41.753798 ], [ -90.68688, 41.752471 ], [ -90.688315, 41.751785 ], [ -90.69314, 41.750642 ], [ -90.694342, 41.748928 ], [ -90.691533, 41.746122 ], [ -90.691642, 41.743128 ], [ -90.695882, 41.743528 ], [ -90.697542, 41.743028 ], [ -90.700902, 41.740262 ], [ -90.702142, 41.737728 ], [ -90.705089, 41.737573 ], [ -90.707036, 41.740247 ], [ -90.711095, 41.739728 ], [ -90.712514, 41.738843 ], [ -90.712682, 41.735387 ], [ -90.713902, 41.734578 ], [ -90.71996, 41.736843 ], [ -90.722341, 41.736996 ], [ -90.722921, 41.73888 ], [ -90.726187, 41.742314 ], [ -90.728704, 41.740902 ], [ -90.728643, 41.739559 ], [ -90.731588, 41.737408 ], [ -90.734426, 41.738209 ], [ -90.736152, 41.740574 ], [ -90.738595, 41.741121 ], [ -90.743643, 41.741527 ], [ -90.74523, 41.743283 ], [ -90.74933, 41.744436 ], [ -90.750715, 41.746664 ], [ -90.753034, 41.748998 ], [ -90.752974, 41.752978 ], [ -90.754744, 41.754603 ], [ -90.755017, 41.756615 ], [ -90.756665, 41.758102 ], [ -90.758436, 41.758103 ], [ -90.759931, 41.759247 ], [ -90.760327, 41.760985 ], [ -90.761883, 41.762815 ], [ -90.768296, 41.765264 ], [ -90.771472, 41.765769 ], [ -90.773456, 41.76785 ], [ -90.777091, 41.76728 ], [ -90.782174, 41.768008 ], [ -90.783688, 41.768218 ], [ -90.78546, 41.769066 ], [ -90.786212, 41.771369 ], [ -90.796555, 41.771411 ], [ -90.82102, 41.77151 ], [ -90.825635, 41.771529 ], [ -90.830653, 41.771548 ], [ -90.832541, 41.771554 ], [ -90.859744, 41.771479 ], [ -90.883806, 41.77142 ], [ -90.898373, 41.771392 ], [ -90.898427, 41.804207 ], [ -90.898329, 41.836855 ], [ -90.898593, 41.837002 ], [ -90.898276, 41.858722 ], [ -90.898462, 41.906488 ], [ -90.89875, 41.907488 ], [ -90.898941, 41.918528 ] ] ] ] } },
{ "type": "Feature", "properties": { "STATEFP": "19", "COUNTYFP": "195", "COUNTYNS": "00465286", "GEOIDFQ": "0500000US19195", "GEOID": "19195", "NAME": "Worth", "NAMELSAD": "Worth County", "STUSPS": "IA", "STATE_NAME": "Iowa", "LSAD": "06", "ALAND": 1036314929.0, "AWATER": 4709127.0 }, "geometry": { "type": "MultiPolygon", "coordinates": [ [ [ [ -93.497604, 43.40923 ], [ -93.497699, 43.422778 ], [ -93.497696, 43.430134 ], [ -93.49754, 43.4447 ], [ -93.4973524517344, 43.499592119525197 ], [ -93.4786954150198, 43.499574691186403 ], [ -93.468321, 43.499565 ], [ -93.408616013250494, 43.499525148341398 ], [ -93.398613009029901, 43.499518471574 ], [ -93.379923787510194, 43.499505996963101 ], [ -93.378936093744201, 43.499505337701002 ], [ -93.343972, 43.499482 ], [ -93.298923052206106, 43.4994206594315 ], [ -93.289043085502399, 43.499407206447501 ], [ -93.271680383306602, 43.499383564651701 ], [ -93.260984, 43.499369 ], [ -93.228658858011897, 43.499454006982504 ], [ -93.226055884007593, 43.499460852148601 ], [ -93.201097005815896, 43.4995264877126 ], [ -93.189114, 43.499558 ], [ -93.169172846534906, 43.499579287114699 ], [ -93.141220001202697, 43.499609126683602 ], [ -93.100455964074996, 43.499652642156903 ], [ -93.064323050400702, 43.499691213921402 ], [ -93.049192975540606, 43.499707365225703 ], [ -93.03361, 43.499724 ], [ -93.024345856060606, 43.499680808839798 ], [ -93.024466, 43.429358 ], [ -93.024274, 43.418694 ], [ -93.024239, 43.415071 ], [ -93.024218, 43.411417 ], [ -93.024092, 43.342336 ], [ -93.02412, 43.277218 ], [ -93.024114, 43.262789 ], [ -93.024143, 43.255538 ], [ -93.033936, 43.255555 ], [ -93.141565, 43.255106 ], [ -93.16136, 43.255105 ], [ -93.202427, 43.255057 ], [ -93.260374, 43.255186 ], [ -93.319933, 43.255202 ], [ -93.326083, 43.255415 ], [ -93.349169, 43.255591 ], [ -93.365055, 43.255707 ], [ -93.372579, 43.255321 ], [ -93.378775, 43.255371 ], [ -93.398349, 43.255389 ], [ -93.413232, 43.255466 ], [ -93.433132, 43.25543 ], [ -93.497635, 43.255468 ], [ -93.497625, 43.299064 ], [ -93.497645, 43.31348 ], [ -93.497485, 43.343006 ], [ -93.49756, 43.357519 ], [ -93.497585, 43.379258 ], [ -93.497821, 43.4083 ], [ -93.497604, 43.40923 ] ] ] ] } },
{ "type": "Feature", "properties": { "STATEFP": "19", "COUNTYFP": "041", "COUNTYNS": "00465625", "GEOIDFQ": "0500000US19041", "GEOID": "19041", "NAME": "Clay", "NAMELSAD": "Clay County", "STUSPS": "IA", "STATE_NAME": "Iowa", "LSAD": "06", "ALAND": 1469139443.0, "AWATER": 13866670.0 }, "geometry": { "type": "MultiPolygon", "coordinates": [ [ [ [ -95.388627, 43.010567 ], [ -95.388511, 43.025053 ], [ -95.388398, 43.039541 ], [ -95.388086, 43.084146 ], [ -95.388032, 43.091185 ], [ -95.387975, 43.098595 ], [ -95.387756, 43.142066 ], [ -95.387882, 43.163739 ], [ -95.387943, 43.169826 ], [ -95.388093, 43.184213 ], [ -95.38813, 43.19141 ], [ -95.388167, 43.198584 ], [ -95.388183, 43.241293 ], [ -95.388076, 43.241762 ], [ -95.388078, 43.255221 ], [ -95.269263, 43.255373 ], [ -95.209728, 43.255468 ], [ -95.15024, 43.255478 ], [ -95.149935, 43.255479 ], [ -95.092263, 43.255435 ], [ -95.072471, 43.255387 ], [ -95.0426, 43.255329 ], [ -95.032853, 43.255304 ], [ -94.913723, 43.255054 ], [ -94.913678, 43.212176 ], [ -94.913459, 43.168747 ], [ -94.913597, 43.140793 ], [ -94.913566, 43.126344 ], [ -94.91357, 43.083078 ], [ -94.913848, 43.003174 ], [ -94.913864, 42.995794 ], [ -94.913838, 42.96773 ], [ -94.913823, 42.953229 ], [ -94.91389, 42.9097 ], [ -94.953149, 42.909723 ], [ -94.992598, 42.909702 ], [ -95.033638, 42.909708 ], [ -95.053351, 42.909676 ], [ -95.111012, 42.909886 ], [ -95.151279, 42.909907 ], [ -95.161161, 42.9099 ], [ -95.203521, 42.909816 ], [ -95.269099, 42.909972 ], [ -95.388182, 42.909897 ], [ -95.38831, 42.938737 ], [ -95.388757, 42.996159 ], [ -95.388627, 43.010567 ] ] ] ] } },
{ "type": "Feature", "properties": { "STATEFP": "19", "COUNTYFP": "163", "COUNTYNS": "00465270", "GEOIDFQ": "0500000US19163", "GEOID": "19163", "NAME": "Scott", "NAMELSAD": "Scott County", "STUSPS": "IA", "STATE_NAME": "Iowa", "LSAD": "06", "ALAND": 1186463531.0, "AWATER": 26196368.0 }, "geometry": { "type": "MultiPolygon", "coordinates": [ [ [ [ -90.899804, 41.598597 ], [ -90.899756, 41.600691 ], [ -90.899762, 41.604213 ], [ -90.899733, 41.607361 ], [ -90.899232, 41.669755 ], [ -90.899092, 41.684106 ], [ -90.899091, 41.684182 ], [ -90.898373, 41.771392 ], [ -90.883806, 41.77142 ], [ -90.859744, 41.771479 ], [ -90.832541, 41.771554 ], [ -90.830653, 41.771548 ], [ -90.825635, 41.771529 ], [ -90.82102, 41.77151 ], [ -90.796555, 41.771411 ], [ -90.786212, 41.771369 ], [ -90.78546, 41.769066 ], [ -90.783688, 41.768218 ], [ -90.782174, 41.768008 ], [ -90.777091, 41.76728 ], [ -90.773456, 41.76785 ], [ -90.771472, 41.765769 ], [ -90.768296, 41.765264 ], [ -90.761883, 41.762815 ], [ -90.760327, 41.760985 ], [ -90.759931, 41.759247 ], [ -90.758436, 41.758103 ], [ -90.756665, 41.758102 ], [ -90.755017, 41.756615 ], [ -90.754744, 41.754603 ], [ -90.752974, 41.752978 ], [ -90.753034, 41.748998 ], [ -90.750715, 41.746664 ], [ -90.74933, 41.744436 ], [ -90.74523, 41.743283 ], [ -90.743643, 41.741527 ], [ -90.738595, 41.741121 ], [ -90.736152, 41.740574 ], [ -90.734426, 41.738209 ], [ -90.731588, 41.737408 ], [ -90.728643, 41.739559 ], [ -90.728704, 41.740902 ], [ -90.726187, 41.742314 ], [ -90.722921, 41.73888 ], [ -90.722341, 41.736996 ], [ -90.71996, 41.736843 ], [ -90.713902, 41.734578 ], [ -90.712682, 41.735387 ], [ -90.712514, 41.738843 ], [ -90.711095, 41.739728 ], [ -90.707036, 41.740247 ], [ -90.705089, 41.737573 ], [ -90.702142, 41.737728 ], [ -90.700902, 41.740262 ], [ -90.697542, 41.743028 ], [ -90.695882, 41.743528 ], [ -90.691642, 41.743128 ], [ -90.691533, 41.746122 ], [ -90.694342, 41.748928 ], [ -90.69314, 41.750642 ], [ -90.688315, 41.751785 ], [ -90.68688, 41.752471 ], [ -90.686513, 41.753798 ], [ -90.68746, 41.75565 ], [ -90.686085, 41.757137 ], [ -90.684223, 41.756611 ], [ -90.681749, 41.754552 ], [ -90.678786, 41.754864 ], [ -90.676344, 41.75565 ], [ -90.677565, 41.758028 ], [ -90.676618, 41.760635 ], [ -90.675213, 41.761915 ], [ -90.670051, 41.76363 ], [ -90.667851, 41.764475 ], [ -90.665823, 41.764419 ], [ -90.66388, 41.764383 ], [ -90.661161, 41.765389 ], [ -90.657436, 41.764084 ], [ -90.657528, 41.762804 ], [ -90.655849, 41.760631 ], [ -90.656125, 41.757841 ], [ -90.654141, 41.75624 ], [ -90.651882, 41.755484 ], [ -90.647209, 41.75626 ], [ -90.645131, 41.75754 ], [ -90.64403, 41.760101 ], [ -90.64238, 41.761541 ], [ -90.640761, 41.7617 ], [ -90.636364, 41.760967 ], [ -90.633827, 41.761903 ], [ -90.633154, 41.763984 ], [ -90.630679, 41.765354 ], [ -90.626525, 41.764712 ], [ -90.623632, 41.76364 ], [ -90.620331, 41.761538 ], [ -90.618161, 41.759047 ], [ -90.617608, 41.757286 ], [ -90.615528, 41.756558 ], [ -90.612844, 41.758205 ], [ -90.612513, 41.761543 ], [ -90.611263, 41.763966 ], [ -90.609889, 41.76431 ], [ -90.60662, 41.763832 ], [ -90.602953, 41.762507 ], [ -90.600083, 41.762988 ], [ -90.598892, 41.763995 ], [ -90.597092, 41.767608 ], [ -90.595016, 41.769324 ], [ -90.59242, 41.770639 ], [ -90.589612, 41.77024 ], [ -90.589067, 41.769412 ], [ -90.589028, 41.764409 ], [ -90.58769, 41.76341 ], [ -90.584141, 41.763267 ], [ -90.582888, 41.7613 ], [ -90.579131, 41.759129 ], [ -90.577207, 41.759678 ], [ -90.574856, 41.761853 ], [ -90.569937, 41.763664 ], [ -90.568218, 41.763358 ], [ -90.56648, 41.76233 ], [ -90.565081, 41.763355 ], [ -90.565966, 41.764688 ], [ -90.564763, 41.765831 ], [ -90.562322, 41.764373 ], [ -90.559637, 41.763633 ], [ -90.553263, 41.764617 ], [ -90.549873, 41.763474 ], [ -90.549567, 41.764891 ], [ -90.550269, 41.767292 ], [ -90.549994, 41.768939 ], [ -90.548711, 41.769236 ], [ -90.542816, 41.765919 ], [ -90.541842, 41.766491 ], [ -90.540312, 41.769142 ], [ -90.538143, 41.775793 ], [ -90.537345, 41.776435 ], [ -90.531727, 41.774922 ], [ -90.52797, 41.77531 ], [ -90.52791, 41.773002 ], [ -90.526383, 41.772384 ], [ -90.523175, 41.772796 ], [ -90.521802, 41.771081 ], [ -90.515234, 41.769296 ], [ -90.514869, 41.766827 ], [ -90.512794, 41.765339 ], [ -90.511113, 41.766047 ], [ -90.50879, 41.768927 ], [ -90.506651, 41.769475 ], [ -90.504301, 41.767645 ], [ -90.502561, 41.767141 ], [ -90.498537, 41.767441 ], [ -90.495786, 41.765887 ], [ -90.491816, 41.765958 ], [ -90.48971, 41.767331 ], [ -90.488213, 41.767446 ], [ -90.486136, 41.766372 ], [ -90.483937, 41.766785 ], [ -90.483785, 41.768842 ], [ -90.479053, 41.771794 ], [ -90.473617, 41.773465 ], [ -90.470532, 41.7731 ], [ -90.467262, 41.768871 ], [ -90.468879, 41.766172 ], [ -90.468328, 41.762788 ], [ -90.465181, 41.759039 ], [ -90.459287, 41.758034 ], [ -90.458371, 41.758469 ], [ -90.456936, 41.760412 ], [ -90.451696, 41.764082 ], [ -90.449333, 41.764827 ], [ -90.446583, 41.763844 ], [ -90.444934, 41.761671 ], [ -90.442582, 41.76078 ], [ -90.44017, 41.758585 ], [ -90.435956, 41.760323 ], [ -90.434205, 41.756867 ], [ -90.433093, 41.755892 ], [ -90.431284, 41.754789 ], [ -90.426032, 41.752662 ], [ -90.424994, 41.751702 ], [ -90.424165, 41.749101 ], [ -90.427066, 41.745694 ], [ -90.427463, 41.74446 ], [ -90.426548, 41.743202 ], [ -90.424044, 41.742218 ], [ -90.423099, 41.740572 ], [ -90.424809, 41.738857 ], [ -90.427098, 41.738492 ], [ -90.428015, 41.736617 ], [ -90.424809, 41.736113 ], [ -90.422581, 41.737416 ], [ -90.418093, 41.73833 ], [ -90.415131, 41.740296 ], [ -90.412107, 41.740958 ], [ -90.411314, 41.740043 ], [ -90.411041, 41.737711 ], [ -90.407653, 41.736635 ], [ -90.406249, 41.735675 ], [ -90.406464, 41.734097 ], [ -90.410188, 41.733023 ], [ -90.410525, 41.731309 ], [ -90.40903, 41.729616 ], [ -90.403628, 41.729614 ], [ -90.399048, 41.731648 ], [ -90.396971, 41.733705 ], [ -90.394957, 41.733087 ], [ -90.394622, 41.731646 ], [ -90.391387, 41.730638 ], [ -90.389586, 41.730569 ], [ -90.388242, 41.732306 ], [ -90.390346, 41.734342 ], [ -90.389642, 41.736948 ], [ -90.386407, 41.736261 ], [ -90.38143, 41.736258 ], [ -90.378044, 41.734725 ], [ -90.374508, 41.734267 ], [ -90.372056, 41.731595 ], [ -90.368423, 41.730111 ], [ -90.365003, 41.72794 ], [ -90.359636, 41.727701 ], [ -90.357525, 41.727783 ], [ -90.356671, 41.729498 ], [ -90.357802, 41.731281 ], [ -90.354946, 41.731988 ], [ -90.352369, 41.7319 ], [ -90.348888, 41.729866 ], [ -90.347728, 41.730049 ], [ -90.347729, 41.732107 ], [ -90.346508, 41.733479 ], [ -90.344891, 41.733457 ], [ -90.344251, 41.735835 ], [ -90.342573, 41.739356 ], [ -90.339948, 41.740523 ], [ -90.337078, 41.739106 ], [ -90.333874, 41.739404 ], [ -90.332408, 41.738489 ], [ -90.328896, 41.73442 ], [ -90.323646, 41.733483 ], [ -90.321936, 41.732476 ], [ -90.320715, 41.730647 ], [ -90.316357747074306, 41.728884798759097 ], [ -90.317668, 41.72269 ], [ -90.317421, 41.718333 ], [ -90.31332, 41.709494 ], [ -90.312893, 41.707528 ], [ -90.31277, 41.702426 ], [ -90.3131945315601, 41.699652819403198 ], [ -90.313435, 41.698082 ], [ -90.314687, 41.69483 ], [ -90.317315, 41.69167 ], [ -90.319924, 41.689721 ], [ -90.330222, 41.683954 ], [ -90.332481, 41.682146 ], [ -90.3338613177078, 41.6803989931947 ], [ -90.334525, 41.679559 ], [ -90.335860815363702, 41.670451333270897 ], [ -90.336703322026196, 41.664707073916702 ], [ -90.336729, 41.664532 ], [ -90.339776104670605, 41.656567286274402 ], [ -90.340146061533503, 41.655600269771199 ], [ -90.340147808766901, 41.655595702742801 ], [ -90.343452, 41.646959 ], [ -90.34333, 41.640855 ], [ -90.340942355535006, 41.614339712099301 ], [ -90.340678085232895, 41.611404935482497 ], [ -90.339528, 41.598633 ], [ -90.339891, 41.597181 ], [ -90.341071764705902, 41.592457941176498 ], [ -90.341528, 41.590633 ], [ -90.343228, 41.587833 ], [ -90.351894876694004, 41.584432598617603 ], [ -90.356135787125893, 41.5827687007449 ], [ -90.364128, 41.579633 ], [ -90.3646696505308, 41.579538531562598 ], [ -90.370997985556997, 41.578434816367 ], [ -90.378779926740293, 41.577077579953396 ], [ -90.381329, 41.576633 ], [ -90.39793, 41.572233 ], [ -90.40573, 41.5686209194631 ], [ -90.41283, 41.565333 ], [ -90.412986397300003, 41.565207882160003 ], [ -90.41583, 41.562933 ], [ -90.419886633915596, 41.557418513270903 ], [ -90.42223, 41.554233 ], [ -90.424534649828601, 41.552988737945 ], [ -90.4251658682347, 41.552647948163603 ], [ -90.427231, 41.551533 ], [ -90.432731, 41.549533 ], [ -90.433899763503604, 41.548425750364999 ], [ -90.438431, 41.544133 ], [ -90.4435803468795, 41.538074944847601 ], [ -90.445231, 41.536133 ], [ -90.461432, 41.523533 ], [ -90.474332, 41.519733 ], [ -90.475294977835304, 41.519640411912498 ], [ -90.4894869918826, 41.518275882647004 ], [ -90.489933, 41.518233 ], [ -90.500633, 41.518033 ], [ -90.503614077432701, 41.518390700675901 ], [ -90.513134, 41.519533 ], [ -90.513189019239903, 41.519547929093797 ], [ -90.532496981592899, 41.5247870123914 ], [ -90.533035, 41.524933 ], [ -90.537235, 41.525570974683497 ], [ -90.540935, 41.526133 ], [ -90.554930291961298, 41.5243941078419 ], [ -90.556235, 41.524232 ], [ -90.566288475308696, 41.518109076214103 ], [ -90.567236, 41.517532 ], [ -90.571136, 41.516332 ], [ -90.580414342749506, 41.515310531073403 ], [ -90.581612033037899, 41.5151786752619 ], [ -90.581613950187105, 41.5151784641996 ], [ -90.582036, 41.515132 ], [ -90.591037, 41.512832 ], [ -90.594526620689606, 41.511336448275898 ], [ -90.595237, 41.511032 ], [ -90.602137, 41.506032 ], [ -90.604237, 41.497032 ], [ -90.605733871388594, 41.494566564771702 ], [ -90.605937, 41.494232 ], [ -90.608606098274393, 41.492283134593301 ], [ -90.618537, 41.485032 ], [ -90.630666879848206, 41.479573943929502 ], [ -90.632538, 41.478732 ], [ -90.640238, 41.473332 ], [ -90.650238, 41.465032 ], [ -90.655839, 41.462132 ], [ -90.666239, 41.460632 ], [ -90.668939, 41.460684941176503 ], [ -90.676439, 41.460832 ], [ -90.681445089696396, 41.459386953849297 ], [ -90.690951, 41.456643 ], [ -90.701159, 41.454743 ], [ -90.7233269653468, 41.452272300744198 ], [ -90.723545, 41.452248 ], [ -90.737537, 41.450127 ], [ -90.750142, 41.449632 ], [ -90.771672, 41.450761 ], [ -90.777583, 41.451261 ], [ -90.781604601216003, 41.452013172109297 ], [ -90.786282, 41.452888 ], [ -90.786216, 41.455853 ], [ -90.785999, 41.46575 ], [ -90.785526, 41.487477 ], [ -90.785133, 41.5093 ], [ -90.78505, 41.512899 ], [ -90.784986, 41.516519 ], [ -90.784916, 41.520165 ], [ -90.784716, 41.53102 ], [ -90.784633, 41.538349 ], [ -90.784513, 41.545627 ], [ -90.784353, 41.552963 ], [ -90.783977, 41.576573 ], [ -90.783762, 41.582062 ], [ -90.783854, 41.590256 ], [ -90.783913, 41.591102 ], [ -90.783727, 41.591689 ], [ -90.783756, 41.592889 ], [ -90.783812, 41.596531 ], [ -90.822773, 41.596618 ], [ -90.889217, 41.59689 ], [ -90.890919, 41.597085 ], [ -90.899853, 41.597133 ], [ -90.899804, 41.598597 ] ] ] ] } },
{ "type": "Feature", "properties": { "STATEFP": "19", "COUNTYFP": "063", "COUNTYNS": "00465220", "GEOIDFQ": "0500000US19063", "GEOID": "19063", "NAME": "Emmet", "NAMELSAD": "Emmet County", "STUSPS": "IA", "STATE_NAME": "Iowa", "LSAD": "06", "ALAND": 1025349325.0, "AWATER": 17175565.0 }, "geometry": { "type": "MultiPolygon", "coordinates": [ [ [ [ -94.914699, 43.500224 ], [ -94.914574, 43.500872 ], [ -94.884418, 43.500933 ], [ -94.854555041292897, 43.500954854752798 ], [ -94.807898, 43.500989 ], [ -94.797931767662504, 43.500975105907798 ], [ -94.744535169155398, 43.500900664811297 ], [ -94.734179066600902, 43.500886227194499 ], [ -94.700303, 43.500839 ], [ -94.678473993220294, 43.500813895047997 ], [ -94.614220014952906, 43.500739998280601 ], [ -94.613352, 43.500739 ], [ -94.567288445497695, 43.500360276859901 ], [ -94.566525, 43.500354 ], [ -94.560835514340496, 43.500363837403398 ], [ -94.505798, 43.500459 ], [ -94.492390026995096, 43.500441415978997 ], [ -94.442852136720006, 43.500376449014801 ], [ -94.442722, 43.499819 ], [ -94.442384, 43.430496 ], [ -94.442348, 43.399701 ], [ -94.442713, 43.360041 ], [ -94.442752, 43.341843 ], [ -94.442693, 43.327336 ], [ -94.443137, 43.255014 ], [ -94.560293, 43.255231 ], [ -94.590279, 43.25541 ], [ -94.599899, 43.255322 ], [ -94.608556, 43.25514 ], [ -94.678672, 43.255298 ], [ -94.736562, 43.255345 ], [ -94.737051, 43.255458 ], [ -94.738747, 43.255339 ], [ -94.762696, 43.255254 ], [ -94.796925, 43.255245 ], [ -94.816234, 43.255458 ], [ -94.913723, 43.255054 ], [ -94.913985, 43.341458 ], [ -94.914039, 43.370587 ], [ -94.914338, 43.397428 ], [ -94.91416, 43.399705 ], [ -94.914307, 43.414213 ], [ -94.914387, 43.43046 ], [ -94.914825, 43.499377 ], [ -94.914699, 43.500224 ] ] ] ] } },
{ "type": "Feature", "properties": { "STATEFP": "19", "COUNTYFP": "149", "COUNTYNS": "00465263", "GEOIDFQ": "0500000US19149", "GEOID": "19149", "NAME": "Plymouth", "NAMELSAD": "Plymouth County", "STUSPS": "IA", "STATE_NAME": "Iowa", "LSAD": "06", "ALAND": 2234715258.0, "AWATER": 2176851.0 }, "geometry": { "type": "MultiPolygon", "coordinates": [ [ [ [ -96.638358957189595, 42.735496024783998 ], [ -96.637969148291901, 42.736351418514602 ], [ -96.637551, 42.737269 ], [ -96.632829, 42.735343 ], [ -96.631423903470505, 42.737039374688798 ], [ -96.631295, 42.737195 ], [ -96.635148, 42.74024 ], [ -96.633875, 42.742784 ], [ -96.631041, 42.744496 ], [ -96.630485, 42.750378 ], [ -96.626108, 42.752729 ], [ -96.620548, 42.753534 ], [ -96.619494, 42.754792 ], [ -96.620272, 42.757124 ], [ -96.621235, 42.758084 ], [ -96.622538, 42.758449 ], [ -96.62412, 42.757808 ], [ -96.626255, 42.755887 ], [ -96.627856, 42.756408 ], [ -96.6331651552794, 42.761378908945602 ], [ -96.635139, 42.763227 ], [ -96.635106, 42.764751 ], [ -96.632747, 42.765729 ], [ -96.632517, 42.767341 ], [ -96.635279, 42.769124 ], [ -96.634934, 42.770735 ], [ -96.626418, 42.772462 ], [ -96.626317668975503, 42.7740638167027 ], [ -96.626245, 42.775224 ], [ -96.62262, 42.776892 ], [ -96.61949, 42.784034 ], [ -96.604559, 42.783034 ], [ -96.603784, 42.78372 ], [ -96.602575, 42.787767 ], [ -96.605229, 42.791163 ], [ -96.603442, 42.792347 ], [ -96.597036, 42.791888 ], [ -96.595951, 42.793554 ], [ -96.598727, 42.797819 ], [ -96.59802, 42.798803 ], [ -96.594512, 42.798046 ], [ -96.592493, 42.801122 ], [ -96.590997, 42.806578 ], [ -96.590936486512405, 42.808313440376502 ], [ -96.590913, 42.808987 ], [ -96.592155, 42.809924 ], [ -96.595664, 42.810426 ], [ -96.596008, 42.815044 ], [ -96.595597196672799, 42.815364626987098 ], [ -96.594983, 42.815844 ], [ -96.591039, 42.815365 ], [ -96.585699, 42.818041 ], [ -96.584488, 42.818979 ], [ -96.583463726492397, 42.820333961718397 ], [ -96.577937, 42.827645 ], [ -96.577813, 42.828719 ], [ -96.58238, 42.833657 ], [ -96.581604, 42.837521 ], [ -96.579772, 42.838093 ], [ -96.571353, 42.837155 ], [ -96.566714516561504, 42.8317313313865 ], [ -96.565605, 42.830434 ], [ -96.563058, 42.831051 ], [ -96.56284, 42.836309 ], [ -96.560572, 42.839373 ], [ -96.558584, 42.839487 ], [ -96.556162, 42.836675 ], [ -96.553987, 42.836034 ], [ -96.552092, 42.836057 ], [ -96.551285, 42.836606 ], [ -96.550808117901795, 42.837288759527802 ], [ -96.549513, 42.839143 ], [ -96.549976, 42.840705 ], [ -96.552184, 42.841864 ], [ -96.554203, 42.843648 ], [ -96.554709, 42.846142 ], [ -96.553772, 42.847501 ], [ -96.550847, 42.847648 ], [ -96.545502, 42.849956 ], [ -96.544321, 42.851282 ], [ -96.54146, 42.857682 ], [ -96.541708, 42.858871 ], [ -96.542702, 42.859717 ], [ -96.543417, 42.859466 ], [ -96.54379, 42.858254 ], [ -96.545282, 42.857158 ], [ -96.546556, 42.857273 ], [ -96.550439, 42.863171 ], [ -96.550469, 42.863742 ], [ -96.549659, 42.870281 ], [ -96.547327, 42.87371 ], [ -96.546394, 42.874464 ], [ -96.543908, 42.874614 ], [ -96.537851, 42.878475 ], [ -96.538438, 42.886111 ], [ -96.540396, 42.888877 ], [ -96.540116, 42.889678 ], [ -96.534395, 42.890659 ], [ -96.52774, 42.890588 ], [ -96.526357, 42.891852 ], [ -96.526563, 42.893755 ], [ -96.528886, 42.89795 ], [ -96.536007, 42.900901 ], [ -96.539397, 42.899964 ], [ -96.541101410697905, 42.9018279830618 ], [ -96.542847, 42.903737 ], [ -96.542971, 42.90456 ], [ -96.542473, 42.90504 ], [ -96.538555, 42.904605 ], [ -96.536564, 42.905656 ], [ -96.537353873884996, 42.9087912967329 ], [ -96.51952, 42.909132 ], [ -96.509695, 42.909036 ], [ -96.479913, 42.909191 ], [ -96.450376, 42.909392 ], [ -96.381457, 42.909294 ], [ -96.331924, 42.909381 ], [ -96.253277, 42.909406 ], [ -96.213765, 42.909396 ], [ -96.19494, 42.909338 ], [ -96.095842, 42.910004 ], [ -96.078838, 42.909906 ], [ -96.076003, 42.910003 ], [ -96.016781, 42.910146 ], [ -95.997059, 42.910152 ], [ -95.97737, 42.909772 ], [ -95.898803, 42.909416 ], [ -95.859377, 42.909097 ], [ -95.859078, 42.887741 ], [ -95.85857, 42.822509 ], [ -95.858827, 42.808011 ], [ -95.859415, 42.77886 ], [ -95.860449, 42.735203 ], [ -95.86081, 42.720784 ], [ -95.860626, 42.713598 ], [ -95.860265, 42.699052 ], [ -95.859915, 42.648413 ], [ -95.859689, 42.62593 ], [ -95.859542, 42.585988 ], [ -95.859709, 42.575072 ], [ -95.859814, 42.567823 ], [ -95.859949, 42.56062 ], [ -95.957856, 42.560977 ], [ -95.978187, 42.561085 ], [ -95.997757, 42.561007 ], [ -96.026991, 42.561044 ], [ -96.076493, 42.561183 ], [ -96.095862, 42.561262 ], [ -96.115623, 42.561313 ], [ -96.15478, 42.561393 ], [ -96.174336, 42.561425 ], [ -96.180545, 42.561634 ], [ -96.193909, 42.561857 ], [ -96.214085, 42.561924 ], [ -96.233629, 42.561421 ], [ -96.311487, 42.561728 ], [ -96.327258, 42.56182 ], [ -96.330141, 42.561759 ], [ -96.330799, 42.561825 ], [ -96.331267, 42.561836 ], [ -96.332051, 42.561848 ], [ -96.371023, 42.562011 ], [ -96.401034, 42.562108 ], [ -96.407748, 42.562163 ], [ -96.43894, 42.562087 ], [ -96.446107, 42.562009 ], [ -96.449134, 42.561945 ], [ -96.454112, 42.561827 ], [ -96.460849, 42.561678 ], [ -96.498776283997501, 42.561043296657701 ], [ -96.487937, 42.57142 ], [ -96.485937, 42.573524 ], [ -96.485796, 42.575001 ], [ -96.486606, 42.576062 ], [ -96.495002, 42.578853 ], [ -96.496066, 42.580872 ], [ -96.49557, 42.582722 ], [ -96.49369, 42.584555 ], [ -96.491492, 42.586103 ], [ -96.492338, 42.587814 ], [ -96.499086, 42.588425 ], [ -96.501037, 42.589247 ], [ -96.501315950010806, 42.590204704949102 ], [ -96.501434, 42.59061 ], [ -96.500183, 42.594106 ], [ -96.504654, 42.605001 ], [ -96.509468, 42.61273 ], [ -96.513237, 42.614894 ], [ -96.517039, 42.615955 ], [ -96.519565, 42.615224 ], [ -96.522309, 42.612558 ], [ -96.525671, 42.609312 ], [ -96.527928, 42.608986 ], [ -96.529894, 42.610432 ], [ -96.531604, 42.615148 ], [ -96.530896, 42.617129 ], [ -96.528185, 42.618447 ], [ -96.523991, 42.618446 ], [ -96.521214, 42.618668 ], [ -96.518535, 42.620165 ], [ -96.516599, 42.622361 ], [ -96.515647526960606, 42.626386287061798 ], [ -96.51535, 42.627645 ], [ -96.516338, 42.630435 ], [ -96.521158, 42.634413 ], [ -96.523986, 42.634562 ], [ -96.526414, 42.641213 ], [ -96.533701, 42.643541 ], [ -96.537881, 42.646446 ], [ -96.538468, 42.648092 ], [ -96.5382690880067, 42.649024457259003 ], [ -96.538256968639701, 42.649081270282402 ], [ -96.5376, 42.652161 ], [ -96.537877, 42.655431 ], [ -96.541754, 42.660378 ], [ -96.543698, 42.661377 ], [ -96.546827, 42.661491 ], [ -96.55833, 42.657597 ], [ -96.559962, 42.658543 ], [ -96.5599, 42.662819 ], [ -96.558939, 42.663642 ], [ -96.556581, 42.663724 ], [ -96.556305, 42.664836 ], [ -96.55931, 42.668311 ], [ -96.564613, 42.671604 ], [ -96.566684, 42.675942 ], [ -96.568078, 42.676241 ], [ -96.570247, 42.674068 ], [ -96.570743, 42.671691 ], [ -96.572261, 42.670776 ], [ -96.576538, 42.670771 ], [ -96.577794, 42.672027 ], [ -96.577166, 42.673341 ], [ -96.574933, 42.673932 ], [ -96.571912, 42.677681 ], [ -96.572826, 42.678651 ], [ -96.577223, 42.677509 ], [ -96.578479, 42.678137 ], [ -96.577851, 42.679394 ], [ -96.574907, 42.680826 ], [ -96.575295, 42.682823 ], [ -96.585443, 42.683089 ], [ -96.586757, 42.690131 ], [ -96.590427, 42.691076 ], [ -96.592932, 42.686893 ], [ -96.598076, 42.686637 ], [ -96.599012, 42.687775 ], [ -96.59828, 42.688914 ], [ -96.594904, 42.689443 ], [ -96.595352, 42.693997 ], [ -96.600313, 42.698024 ], [ -96.601989, 42.697429 ], [ -96.605518, 42.694241 ], [ -96.610276, 42.694119 ], [ -96.611795, 42.69513 ], [ -96.611781, 42.69599 ], [ -96.608772, 42.698186 ], [ -96.605803, 42.69843 ], [ -96.604461, 42.700138 ], [ -96.605596, 42.70202 ], [ -96.609666, 42.702364 ], [ -96.612025, 42.700464 ], [ -96.614953, 42.69904 ], [ -96.618807, 42.699684 ], [ -96.623413, 42.707009 ], [ -96.624754, 42.706848 ], [ -96.624916, 42.704893 ], [ -96.62675, 42.704036 ], [ -96.630617, 42.70588 ], [ -96.629777, 42.708852 ], [ -96.626539, 42.710329 ], [ -96.62453, 42.715617 ], [ -96.627141, 42.717333 ], [ -96.625352, 42.719821 ], [ -96.624704, 42.725497 ], [ -96.626317, 42.725951 ], [ -96.63352, 42.724188 ], [ -96.633781, 42.726567 ], [ -96.630432, 42.729919 ], [ -96.638621, 42.734921 ], [ -96.638358957189595, 42.735496024783998 ] ] ] ] } },
{ "type": "Feature", "properties": { "STATEFP": "19", "COUNTYFP": "069", "COUNTYNS": "00465223", "GEOIDFQ": "0500000US19069", "GEOID": "19069", "NAME": "Franklin", "NAMELSAD": "Franklin County", "STUSPS": "IA", "STATE_NAME": "Iowa", "LSAD": "06", "ALAND": 1507300418.0, "AWATER": 1438346.0 }, "geometry": { "type": "MultiPolygon", "coordinates": [ [ [ [ -93.499539, 42.608514 ], [ -93.49944, 42.613843 ], [ -93.499201, 42.644645 ], [ -93.499216, 42.651994 ], [ -93.499157, 42.666544 ], [ -93.498857, 42.73133 ], [ -93.49875, 42.753167 ], [ -93.498693, 42.771206 ], [ -93.498723, 42.789357 ], [ -93.498725, 42.819663 ], [ -93.498621, 42.855945 ], [ -93.498622, 42.856119 ], [ -93.498597, 42.899615 ], [ -93.498617, 42.908512 ], [ -93.488031, 42.908446 ], [ -93.458538, 42.908372 ], [ -93.379684, 42.907998 ], [ -93.351144, 42.907893 ], [ -93.350757, 42.907895 ], [ -93.261912, 42.907727 ], [ -93.241531, 42.907699 ], [ -93.182425, 42.90764 ], [ -93.162875, 42.907637 ], [ -93.143172, 42.907628 ], [ -93.125198, 42.907613 ], [ -93.123971, 42.907495 ], [ -93.025144, 42.907549 ], [ -93.025347, 42.876572 ], [ -93.025495, 42.833139 ], [ -93.025563, 42.818648 ], [ -93.025797, 42.76683 ], [ -93.025899, 42.745124 ], [ -93.025981, 42.730675 ], [ -93.026236, 42.69416 ], [ -93.026375, 42.66506 ], [ -93.026414, 42.657778 ], [ -93.026469, 42.643272 ], [ -93.026905, 42.564075 ], [ -93.026927, 42.562284 ], [ -93.027, 42.55681 ], [ -93.040652, 42.556788 ], [ -93.041651, 42.556788 ], [ -93.046784, 42.556777 ], [ -93.066113, 42.556776 ], [ -93.144583, 42.556742 ], [ -93.154422, 42.556778 ], [ -93.193565, 42.55695 ], [ -93.262149, 42.557112 ], [ -93.311374, 42.557339 ], [ -93.321155, 42.557378 ], [ -93.360653, 42.557498 ], [ -93.380889, 42.557563 ], [ -93.390776, 42.557629 ], [ -93.396949, 42.557398 ], [ -93.405432, 42.557314 ], [ -93.419909, 42.557541 ], [ -93.478669, 42.557622 ], [ -93.480764, 42.55764 ], [ -93.499485, 42.5577 ], [ -93.499539, 42.608514 ] ] ] ] } },
{ "type": "Feature", "properties": { "STATEFP": "19", "COUNTYFP": "073", "COUNTYNS": "00465225", "GEOIDFQ": "0500000US19073", "GEOID": "19073", "NAME": "Greene", "NAMELSAD": "Greene County", "STUSPS": "IA", "STATE_NAME": "Iowa", "LSAD": "06", "ALAND": 1475148030.0, "AWATER": 4404193.0 }, "geometry": { "type": "MultiPolygon", "coordinates": [ [ [ [ -94.629345, 41.950505 ], [ -94.629214, 41.979231 ], [ -94.629133, 42.028571 ], [ -94.629147, 42.034635 ], [ -94.629098, 42.049032 ], [ -94.629003, 42.122963 ], [ -94.628996, 42.130158 ], [ -94.629032, 42.159067 ], [ -94.628806, 42.209396 ], [ -94.628586, 42.209569 ], [ -94.610141, 42.209536 ], [ -94.532485, 42.209368 ], [ -94.522823, 42.209269 ], [ -94.513105, 42.209319 ], [ -94.436372, 42.209296 ], [ -94.397526, 42.209161 ], [ -94.397561, 42.209125 ], [ -94.378687, 42.209065 ], [ -94.301014, 42.20961 ], [ -94.300662, 42.209593 ], [ -94.281274, 42.209639 ], [ -94.203611, 42.209887 ], [ -94.164704, 42.20992 ], [ -94.164791, 42.180743 ], [ -94.164911, 42.151607 ], [ -94.164845, 42.144511 ], [ -94.164765, 42.122807 ], [ -94.164717, 42.092506 ], [ -94.164684, 42.063558 ], [ -94.164602, 42.034601 ], [ -94.164563, 42.022539 ], [ -94.164504, 41.979116 ], [ -94.164565, 41.950172 ], [ -94.164519, 41.921213 ], [ -94.164377, 41.884959 ], [ -94.164428, 41.863243 ], [ -94.173862, 41.863316 ], [ -94.202626, 41.863326 ], [ -94.249289, 41.863154 ], [ -94.250299, 41.863083 ], [ -94.251114, 41.863131 ], [ -94.260667, 41.863049 ], [ -94.28034, 41.862999 ], [ -94.357601, 41.863042 ], [ -94.367238, 41.863081 ], [ -94.396445, 41.863123 ], [ -94.415741, 41.863192 ], [ -94.478554, 41.863231 ], [ -94.492951, 41.863235 ], [ -94.512959, 41.863252 ], [ -94.628724, 41.862763 ], [ -94.629347, 41.950329 ], [ -94.629345, 41.950505 ] ] ] ] } },
{ "type": "Feature", "properties": { "STATEFP": "19", "COUNTYFP": "027", "COUNTYNS": "00465203", "GEOIDFQ": "0500000US19027", "GEOID": "19027", "NAME": "Carroll", "NAMELSAD": "Carroll County", "STUSPS": "IA", "STATE_NAME": "Iowa", "LSAD": "06", "ALAND": 1474877207.0, "AWATER": 2145349.0 }, "geometry": { "type": "MultiPolygon", "coordinates": [ [ [ [ -95.093084, 41.882501 ], [ -95.092654, 41.920971 ], [ -95.092544, 41.950801 ], [ -95.092128, 41.994031 ], [ -95.091908, 42.036064 ], [ -95.091818, 42.064872 ], [ -95.09169, 42.086469 ], [ -95.091465, 42.108129 ], [ -95.091329, 42.123956 ], [ -95.091274, 42.160172 ], [ -95.091232, 42.167012 ], [ -95.090851, 42.210405 ], [ -95.033495, 42.210272 ], [ -94.975249, 42.209936 ], [ -94.955616, 42.209839 ], [ -94.858412, 42.209692 ], [ -94.783847, 42.209681 ], [ -94.750258, 42.209332 ], [ -94.744903, 42.209523 ], [ -94.648259, 42.209542 ], [ -94.645073, 42.209427 ], [ -94.628806, 42.209396 ], [ -94.629032, 42.159067 ], [ -94.628996, 42.130158 ], [ -94.629003, 42.122963 ], [ -94.629098, 42.049032 ], [ -94.629147, 42.034635 ], [ -94.629133, 42.028571 ], [ -94.629214, 41.979231 ], [ -94.629345, 41.950505 ], [ -94.629347, 41.950329 ], [ -94.628724, 41.862763 ], [ -94.667231, 41.862678 ], [ -94.674216, 41.862656 ], [ -94.674362, 41.862668 ], [ -94.676937, 41.862626 ], [ -94.686537, 41.86259 ], [ -94.744876, 41.862394 ], [ -94.783478, 41.862913 ], [ -94.802792, 41.862895 ], [ -94.859761, 41.862823 ], [ -94.90807, 41.863009 ], [ -94.976252, 41.86293 ], [ -95.014912, 41.863024 ], [ -95.092861, 41.863374 ], [ -95.092944, 41.877806 ], [ -95.093084, 41.882501 ] ] ] ] } },
{ "type": "Feature", "properties": { "STATEFP": "19", "COUNTYFP": "117", "COUNTYNS": "00465247", "GEOIDFQ": "0500000US19117", "GEOID": "19117", "NAME": "Lucas", "NAMELSAD": "Lucas County", "STUSPS": "IA", "STATE_NAME": "Iowa", "LSAD": "06", "ALAND": 1115458264.0, "AWATER": 9852845.0 }, "geometry": { "type": "MultiPolygon", "coordinates": [ [ [ [ -93.557556, 41.161271 ], [ -93.543434, 41.161218 ], [ -93.541833, 41.161311 ], [ -93.540239, 41.161192 ], [ -93.466292, 41.160665 ], [ -93.461259, 41.160582 ], [ -93.451597, 41.160554 ], [ -93.441764, 41.160537 ], [ -93.423328, 41.160629 ], [ -93.422625, 41.160617 ], [ -93.340339, 41.160578 ], [ -93.338808, 41.160583 ], [ -93.327886, 41.160659 ], [ -93.251436, 41.16077 ], [ -93.21314, 41.160761 ], [ -93.185097, 41.160881 ], [ -93.180422, 41.160875 ], [ -93.099217, 41.160867 ], [ -93.098465, 41.074273 ], [ -93.098467, 41.074143 ], [ -93.098381, 41.000884 ], [ -93.09836, 40.98636 ], [ -93.097787, 40.901219 ], [ -93.097595, 40.898451 ], [ -93.21221, 40.898054 ], [ -93.317404, 40.897926 ], [ -93.327417, 40.897884 ], [ -93.366301, 40.898048 ], [ -93.375088, 40.897778 ], [ -93.393861, 40.89766 ], [ -93.398487, 40.897651 ], [ -93.442126, 40.897581 ], [ -93.55654, 40.898295 ], [ -93.556726, 40.919722 ], [ -93.556801, 40.954696 ], [ -93.556912, 40.956511 ], [ -93.556705, 40.986094 ], [ -93.556677, 40.986251 ], [ -93.55683, 40.993549 ], [ -93.556586, 40.996847 ], [ -93.556653, 41.00441 ], [ -93.55707, 41.073696 ], [ -93.557171, 41.116872 ], [ -93.557229, 41.117501 ], [ -93.557246, 41.153861 ], [ -93.557556, 41.161271 ] ] ] ] } },
{ "type": "Feature", "properties": { "STATEFP": "19", "COUNTYFP": "051", "COUNTYNS": "00465214", "GEOIDFQ": "0500000US19051", "GEOID": "19051", "NAME": "Davis", "NAMELSAD": "Davis County", "STUSPS": "IA", "STATE_NAME": "Iowa", "LSAD": "06", "ALAND": 1300661926.0, "AWATER": 6904087.0 }, "geometry": { "type": "MultiPolygon", "coordinates": [ [ [ [ -92.639091, 40.898886 ], [ -92.596136, 40.89894 ], [ -92.572319, 40.899019 ], [ -92.534086, 40.899092 ], [ -92.52476, 40.899115 ], [ -92.448009, 40.899028 ], [ -92.4097, 40.899115 ], [ -92.409336, 40.899116 ], [ -92.30096, 40.899285 ], [ -92.297562, 40.899433 ], [ -92.29471, 40.899324 ], [ -92.291239, 40.899213 ], [ -92.289009, 40.899283 ], [ -92.284557, 40.899343 ], [ -92.250744, 40.899467 ], [ -92.21171, 40.899535 ], [ -92.191876, 40.899646 ], [ -92.179072, 40.89972 ], [ -92.17899, 40.898343 ], [ -92.178979, 40.876778 ], [ -92.178607, 40.850148 ], [ -92.178553, 40.846588 ], [ -92.178298, 40.829732 ], [ -92.178325, 40.813754 ], [ -92.178407, 40.788187 ], [ -92.178418, 40.784533 ], [ -92.178473, 40.766456 ], [ -92.178522, 40.748351 ], [ -92.178428, 40.730199 ], [ -92.178407, 40.726539 ], [ -92.178353, 40.715364 ], [ -92.178329, 40.711757 ], [ -92.178175, 40.689674 ], [ -92.178182, 40.68282 ], [ -92.178782, 40.660709 ], [ -92.178809, 40.659095 ], [ -92.179626, 40.609885 ], [ -92.17978, 40.608785 ], [ -92.17978, 40.600529 ], [ -92.196162, 40.600069 ], [ -92.201669, 40.59998 ], [ -92.217603, 40.599832 ], [ -92.222299986147306, 40.599757120871203 ], [ -92.236484, 40.599531 ], [ -92.246038718731896, 40.599368046550602 ], [ -92.293593210497505, 40.598557016034199 ], [ -92.298754, 40.598469 ], [ -92.331205, 40.597805 ], [ -92.331445, 40.597714 ], [ -92.350776, 40.597274 ], [ -92.350806712293505, 40.597273187449296 ], [ -92.379691, 40.596509 ], [ -92.409046542192698, 40.596024986752703 ], [ -92.4277724698605, 40.595716234252002 ], [ -92.453745, 40.595288 ], [ -92.461609, 40.595355 ], [ -92.473042849520297, 40.595119297480402 ], [ -92.481692, 40.594941 ], [ -92.482394, 40.594894 ], [ -92.484588, 40.594924 ], [ -92.522243979, 40.593832767585297 ], [ -92.523736913399205, 40.593789503847297 ], [ -92.559337447740504, 40.592757836152302 ], [ -92.580278, 40.592151 ], [ -92.618371933023198, 40.591292861765602 ], [ -92.637898, 40.590853 ], [ -92.638005, 40.606003 ], [ -92.637965, 40.616847 ], [ -92.637993, 40.620393 ], [ -92.638251, 40.631342 ], [ -92.638244, 40.638397 ], [ -92.638121, 40.653112 ], [ -92.637963, 40.660327 ], [ -92.637878, 40.665167 ], [ -92.637885, 40.674819 ], [ -92.63792, 40.678409 ], [ -92.637959, 40.681987 ], [ -92.638297, 40.714679 ], [ -92.638354, 40.718644 ], [ -92.638423, 40.72545 ], [ -92.638475, 40.729071 ], [ -92.63862, 40.743451 ], [ -92.638593, 40.758019 ], [ -92.638891, 40.768938 ], [ -92.638891, 40.776137 ], [ -92.638891, 40.813003 ], [ -92.638906, 40.834596 ], [ -92.638904, 40.84024 ], [ -92.638912, 40.841887 ], [ -92.638912, 40.841913 ], [ -92.638937, 40.870766 ], [ -92.638875, 40.877742 ], [ -92.638768, 40.88205 ], [ -92.63892, 40.885281 ], [ -92.639156, 40.890726 ], [ -92.639091, 40.898886 ] ] ] ] } },
{ "type": "Feature", "properties": { "STATEFP": "19", "COUNTYFP": "025", "COUNTYNS": "00465202", "GEOIDFQ": "0500000US19025", "GEOID": "19025", "NAME": "Calhoun", "NAMELSAD": "Calhoun County", "STUSPS": "IA", "STATE_NAME": "Iowa", "LSAD": "06", "ALAND": 1475894592.0, "AWATER": 5873827.0 }, "geometry": { "type": "MultiPolygon", "coordinates": [ [ [ [ -94.91467, 42.557057 ], [ -94.914485, 42.560309 ], [ -94.855361, 42.560072 ], [ -94.835682, 42.559939 ], [ -94.796398, 42.559617 ], [ -94.766242, 42.559526 ], [ -94.723562, 42.559247 ], [ -94.719748, 42.559339 ], [ -94.717036, 42.559262 ], [ -94.697407, 42.559303 ], [ -94.678125, 42.559208 ], [ -94.657927, 42.559624 ], [ -94.618853, 42.56 ], [ -94.604201, 42.559595 ], [ -94.560114, 42.559219 ], [ -94.443024, 42.558843 ], [ -94.443122, 42.499972 ], [ -94.443033, 42.473378 ], [ -94.431968, 42.473362 ], [ -94.417054, 42.47333 ], [ -94.397671, 42.4733 ], [ -94.397476, 42.45619 ], [ -94.397092, 42.396004 ], [ -94.397182, 42.383745 ], [ -94.39745, 42.310632 ], [ -94.397539, 42.29612 ], [ -94.39759, 42.281505 ], [ -94.397616, 42.277893 ], [ -94.397637, 42.273548 ], [ -94.397526, 42.209161 ], [ -94.436372, 42.209296 ], [ -94.513105, 42.209319 ], [ -94.522823, 42.209269 ], [ -94.532485, 42.209368 ], [ -94.610141, 42.209536 ], [ -94.628586, 42.209569 ], [ -94.628806, 42.209396 ], [ -94.645073, 42.209427 ], [ -94.648259, 42.209542 ], [ -94.744903, 42.209523 ], [ -94.750258, 42.209332 ], [ -94.783847, 42.209681 ], [ -94.858412, 42.209692 ], [ -94.858235, 42.296271 ], [ -94.85815, 42.299816 ], [ -94.858063, 42.303803 ], [ -94.857984, 42.310988 ], [ -94.857904, 42.318271 ], [ -94.857826, 42.325222 ], [ -94.857747, 42.332568 ], [ -94.857588, 42.347173 ], [ -94.857123, 42.384962 ], [ -94.856994, 42.420198 ], [ -94.856994, 42.420644 ], [ -94.856953, 42.425351 ], [ -94.856946, 42.427606 ], [ -94.856934, 42.428392 ], [ -94.856689, 42.473996 ], [ -94.914487, 42.47419 ], [ -94.914511, 42.517786 ], [ -94.914539, 42.525077 ], [ -94.91467, 42.557057 ] ] ] ] } },
{ "type": "Feature", "properties": { "STATEFP": "19", "COUNTYFP": "125", "COUNTYNS": "00465251", "GEOIDFQ": "0500000US19125", "GEOID": "19125", "NAME": "Marion", "NAMELSAD": "Marion County", "STUSPS": "IA", "STATE_NAME": "Iowa", "LSAD": "06", "ALAND": 1436123091.0, "AWATER": 41484609.0 }, "geometry": { "type": "MultiPolygon", "coordinates": [ [ [ [ -93.328614, 41.507824 ], [ -93.291663, 41.50805 ], [ -93.282106, 41.508038 ], [ -93.187926, 41.508031 ], [ -93.178296, 41.508077 ], [ -93.139687, 41.508106 ], [ -93.11071, 41.508296 ], [ -93.110108, 41.508283 ], [ -93.10102, 41.508326 ], [ -93.09255, 41.508305 ], [ -93.085012, 41.508021 ], [ -93.083786, 41.508262 ], [ -93.063601, 41.50828 ], [ -93.024976, 41.50841 ], [ -92.986305, 41.508261 ], [ -92.969421, 41.508317 ], [ -92.967551, 41.508216 ], [ -92.881031, 41.508466 ], [ -92.871421, 41.508522 ], [ -92.871303, 41.464017 ], [ -92.871001, 41.42188 ], [ -92.870966, 41.414817 ], [ -92.870951, 41.412001 ], [ -92.870922, 41.407551 ], [ -92.870901, 41.400354 ], [ -92.870888, 41.395394 ], [ -92.870883, 41.393595 ], [ -92.870841, 41.385828 ], [ -92.870612, 41.340566 ], [ -92.870628, 41.335005 ], [ -92.870753, 41.306615 ], [ -92.870824, 41.299342 ], [ -92.870831, 41.298591 ], [ -92.870892, 41.270214 ], [ -92.870841, 41.262816 ], [ -92.870682, 41.25 ], [ -92.8704, 41.248374 ], [ -92.8702, 41.22628 ], [ -92.869771, 41.161066 ], [ -92.873021, 41.161075 ], [ -92.878983, 41.160853 ], [ -92.984422, 41.160797 ], [ -92.994217, 41.16083 ], [ -93.099217, 41.160867 ], [ -93.180422, 41.160875 ], [ -93.185097, 41.160881 ], [ -93.21314, 41.160761 ], [ -93.251436, 41.16077 ], [ -93.327886, 41.160659 ], [ -93.328101, 41.233229 ], [ -93.328336, 41.24798 ], [ -93.328281, 41.280725 ], [ -93.328363, 41.327768 ], [ -93.328362, 41.334871 ], [ -93.328294, 41.371088 ], [ -93.328361, 41.381767 ], [ -93.328128, 41.382384 ], [ -93.328208, 41.421691 ], [ -93.328236, 41.436341 ], [ -93.328539, 41.47934 ], [ -93.328407, 41.490794 ], [ -93.328476, 41.492574 ], [ -93.328614, 41.507824 ] ] ] ] } },
{ "type": "Feature", "properties": { "STATEFP": "19", "COUNTYFP": "111", "COUNTYNS": "00465244", "GEOIDFQ": "0500000US19111", "GEOID": "19111", "NAME": "Lee", "NAMELSAD": "Lee County", "STUSPS": "IA", "STATE_NAME": "Iowa", "LSAD": "06", "ALAND": 1340448559.0, "AWATER": 55266767.0 }, "geometry": { "type": "MultiPolygon", "coordinates": [ [ [ [ -91.718787, 40.813544 ], [ -91.680105, 40.813646 ], [ -91.632006, 40.813901 ], [ -91.622322, 40.813882 ], [ -91.602941, 40.81389 ], [ -91.516355, 40.813411 ], [ -91.496478, 40.813279 ], [ -91.487647, 40.81325 ], [ -91.477457, 40.813236 ], [ -91.448686, 40.813062 ], [ -91.409453, 40.812905 ], [ -91.406371, 40.808709 ], [ -91.402853, 40.808398 ], [ -91.397525, 40.808936 ], [ -91.393531, 40.808618 ], [ -91.391803, 40.807774 ], [ -91.389362, 40.805123 ], [ -91.385755, 40.802313 ], [ -91.384037, 40.801395 ], [ -91.376879, 40.799 ], [ -91.374002, 40.797979 ], [ -91.372618, 40.796874 ], [ -91.369478, 40.794553 ], [ -91.367046, 40.792215 ], [ -91.363872, 40.790665 ], [ -91.360517, 40.790763 ], [ -91.358298, 40.791291 ], [ -91.352684, 40.793729 ], [ -91.350746, 40.793642 ], [ -91.349271, 40.791788 ], [ -91.34787, 40.788088 ], [ -91.346832, 40.786473 ], [ -91.344805, 40.785774 ], [ -91.334764, 40.784655 ], [ -91.330785, 40.783087 ], [ -91.325901, 40.780782 ], [ -91.318847, 40.779921 ], [ -91.316832, 40.777812 ], [ -91.313681, 40.773266 ], [ -91.311674, 40.772147 ], [ -91.30958, 40.771733 ], [ -91.302144, 40.772342 ], [ -91.297574, 40.773082 ], [ -91.295446, 40.772939 ], [ -91.293391, 40.772577 ], [ -91.2908, 40.771171 ], [ -91.289013, 40.769632 ], [ -91.286752, 40.766571 ], [ -91.285532, 40.762644 ], [ -91.285397, 40.759558 ], [ -91.283039, 40.754485 ], [ -91.281828, 40.753685 ], [ -91.277158, 40.752875 ], [ -91.275585, 40.753443 ], [ -91.272872, 40.754369 ], [ -91.263921, 40.754198 ], [ -91.262279, 40.753858 ], [ -91.258026, 40.752019 ], [ -91.25732, 40.751708 ], [ -91.253872, 40.750614 ], [ -91.248273, 40.750401 ], [ -91.244421, 40.748403 ], [ -91.23854, 40.743216 ], [ -91.233449, 40.737545 ], [ -91.227087, 40.734348 ], [ -91.219586, 40.733176 ], [ -91.217118, 40.732286 ], [ -91.213148, 40.728129 ], [ -91.212353, 40.726161 ], [ -91.209003, 40.724325 ], [ -91.207499, 40.722031 ], [ -91.206972, 40.720561 ], [ -91.208418, 40.717023 ], [ -91.209814, 40.715617 ], [ -91.20955, 40.713993 ], [ -91.208185, 40.71358 ], [ -91.204685, 40.714827 ], [ -91.200853, 40.718697 ], [ -91.198648, 40.719327 ], [ -91.19682, 40.719222 ], [ -91.194414, 40.71805 ], [ -91.192732, 40.714251 ], [ -91.191119, 40.713132 ], [ -91.188731, 40.712997 ], [ -91.184501, 40.709009 ], [ -91.182551, 40.7081 ], [ -91.180038, 40.708303 ], [ -91.178648, 40.709001 ], [ -91.178912, 40.710851 ], [ -91.180525, 40.711946 ], [ -91.180986, 40.713111 ], [ -91.178005, 40.717477 ], [ -91.177025, 40.720376 ], [ -91.17609, 40.721378 ], [ -91.173969, 40.721789 ], [ -91.171631, 40.721251 ], [ -91.16987, 40.720132 ], [ -91.166689, 40.719912 ], [ -91.16539, 40.721864 ], [ -91.163493, 40.722733 ], [ -91.161747, 40.722346 ], [ -91.160966, 40.720595 ], [ -91.161493, 40.718549 ], [ -91.161136, 40.717046 ], [ -91.156284, 40.712914 ], [ -91.153544, 40.710319 ], [ -91.151634, 40.706995 ], [ -91.150636, 40.706203 ], [ -91.146486, 40.706469 ], [ -91.143474, 40.704895 ], [ -91.141391, 40.703849 ], [ -91.138818, 40.700706 ], [ -91.133219, 40.69874 ], [ -91.130544, 40.698147 ], [ -91.126985, 40.698224 ], [ -91.121688, 40.699997 ], [ -91.119437, 40.700008 ], [ -91.116826, 40.69899 ], [ -91.112433584579406, 40.696278690879403 ], [ -91.115407, 40.691825 ], [ -91.119632, 40.675892 ], [ -91.12082, 40.672777 ], [ -91.122421, 40.670675 ], [ -91.123928, 40.669152 ], [ -91.138055, 40.660893 ], [ -91.154293, 40.653596 ], [ -91.1591399958007, 40.651179100787601 ], [ -91.185428463587996, 40.638070655948198 ], [ -91.18698, 40.637297 ], [ -91.195513772874605, 40.636367548259102 ], [ -91.197906, 40.636107 ], [ -91.218437, 40.638437 ], [ -91.228188179631601, 40.638421418799098 ], [ -91.247851, 40.63839 ], [ -91.253074, 40.637962 ], [ -91.256111034828095, 40.6372049420428 ], [ -91.258249, 40.636672 ], [ -91.264953, 40.633893 ], [ -91.276175, 40.63224 ], [ -91.297185126556499, 40.628080065554798 ], [ -91.306524, 40.626231 ], [ -91.339719, 40.613488 ], [ -91.341269972734395, 40.612835366365502 ], [ -91.348733, 40.609695 ], [ -91.353989, 40.606553 ], [ -91.354848031457607, 40.605859818259603 ], [ -91.359873, 40.601805 ], [ -91.364670847587007, 40.595393522054003 ], [ -91.369614499330197, 40.588787202543301 ], [ -91.374252, 40.58259 ], [ -91.379752, 40.57445 ], [ -91.382050891838404, 40.572863944480403 ], [ -91.388192101698195, 40.568626990121501 ], [ -91.401482, 40.559458 ], [ -91.405241, 40.554641 ], [ -91.406331505692705, 40.551934002653297 ], [ -91.406373, 40.551831 ], [ -91.406851, 40.547557 ], [ -91.406202, 40.542698 ], [ -91.404125, 40.539127 ], [ -91.400725, 40.536789 ], [ -91.394475, 40.534543 ], [ -91.388067, 40.533069 ], [ -91.384531, 40.530948 ], [ -91.381857, 40.528247 ], [ -91.377623776336193, 40.523048913589797 ], [ -91.369059, 40.512532 ], [ -91.3685167709789, 40.511591005764799 ], [ -91.367876, 40.510479 ], [ -91.366907557071798, 40.507721381883101 ], [ -91.364211, 40.500043 ], [ -91.363683, 40.494211 ], [ -91.363743344583, 40.493124 ], [ -91.36391, 40.490122 ], [ -91.364915, 40.484168 ], [ -91.367548399511705, 40.476226954179097 ], [ -91.368074, 40.474642 ], [ -91.371951839538795, 40.4676149080532 ], [ -91.373689667881607, 40.464465762909199 ], [ -91.3739543376618, 40.463986150779199 ], [ -91.378144, 40.456394 ], [ -91.379907, 40.45211 ], [ -91.381468, 40.44604 ], [ -91.381769, 40.442555 ], [ -91.381270775639507, 40.4381180765902 ], [ -91.380965, 40.435395 ], [ -91.379540792293398, 40.431531729993402 ], [ -91.377730754730706, 40.426621867622899 ], [ -91.377625, 40.426335 ], [ -91.373721, 40.417891 ], [ -91.37245, 40.411475 ], [ -91.3724926524621, 40.407261018769397 ], [ -91.372521598145696, 40.4044012408961 ], [ -91.372554, 40.4012 ], [ -91.372921, 40.399108 ], [ -91.375746, 40.391879 ], [ -91.376707530569306, 40.3910852701691 ], [ -91.376757170952104, 40.391044292738002 ], [ -91.378422, 40.38967 ], [ -91.381958, 40.387632 ], [ -91.38836, 40.384929 ], [ -91.390095307627206, 40.384566908251003 ], [ -91.392228059600399, 40.384121885201502 ], [ -91.396996, 40.383127 ], [ -91.413011, 40.382277 ], [ -91.415695, 40.381381 ], [ -91.419422, 40.378264 ], [ -91.422324, 40.380939 ], [ -91.425662, 40.382491 ], [ -91.435197783622399, 40.384794619122999 ], [ -91.436237546098496, 40.385045801072799 ], [ -91.436947111351301, 40.385217215206097 ], [ -91.441243, 40.386255 ], [ -91.445168, 40.382461 ], [ -91.445371, 40.379388 ], [ -91.451627, 40.376019 ], [ -91.463895, 40.375659 ], [ -91.465891, 40.378365 ], [ -91.463008, 40.384041 ], [ -91.463386, 40.385394 ], [ -91.465116, 40.385257 ], [ -91.471967, 40.382884 ], [ -91.480251, 40.381783 ], [ -91.482322, 40.382057 ], [ -91.484507, 40.3839 ], [ -91.490977, 40.393484 ], [ -91.490816, 40.395225 ], [ -91.488597, 40.400009 ], [ -91.487955, 40.402465 ], [ -91.487829, 40.403866 ], [ -91.488481, 40.404317 ], [ -91.489816, 40.404317 ], [ -91.492688645344501, 40.402903190222297 ], [ -91.493644, 40.402433 ], [ -91.498093, 40.401926 ], [ -91.505272, 40.403512 ], [ -91.506745, 40.404335 ], [ -91.507427, 40.405524 ], [ -91.509063, 40.406775 ], [ -91.513993, 40.408537 ], [ -91.518392, 40.408682 ], [ -91.522333, 40.409648 ], [ -91.524612, 40.410765 ], [ -91.526425, 40.413404 ], [ -91.527057, 40.416689 ], [ -91.526555, 40.419872 ], [ -91.521388, 40.426488 ], [ -91.519012, 40.431298 ], [ -91.519134, 40.432822 ], [ -91.519935, 40.433673 ], [ -91.525, 40.433483 ], [ -91.529132, 40.434272 ], [ -91.532807, 40.436784 ], [ -91.533623, 40.43832 ], [ -91.533548, 40.440804 ], [ -91.531912, 40.44273 ], [ -91.526108, 40.446634 ], [ -91.524053, 40.448437 ], [ -91.523271, 40.450061 ], [ -91.523128520539103, 40.451631137978701 ], [ -91.523072, 40.452254 ], [ -91.523864, 40.456331 ], [ -91.52509, 40.457845 ], [ -91.526155, 40.458625 ], [ -91.5286, 40.459002 ], [ -91.534344781713699, 40.458679293460499 ], [ -91.543785, 40.458149 ], [ -91.552691, 40.458769 ], [ -91.560570769880897, 40.460336758393801 ], [ -91.563844, 40.460988 ], [ -91.567743, 40.46229 ], [ -91.574746, 40.465664 ], [ -91.575960197970502, 40.4668223478945 ], [ -91.580355, 40.471015 ], [ -91.581528, 40.472876 ], [ -91.582437, 40.474703 ], [ -91.583315, 40.479118 ], [ -91.586884, 40.487233 ], [ -91.590817, 40.492292 ], [ -91.594644, 40.494997 ], [ -91.602250306697897, 40.4977962851695 ], [ -91.608347, 40.50004 ], [ -91.612821, 40.502377 ], [ -91.616948, 40.504794 ], [ -91.619486, 40.507134 ], [ -91.621353, 40.510072 ], [ -91.622362, 40.514362 ], [ -91.622196, 40.51704 ], [ -91.618793, 40.526286 ], [ -91.618028, 40.53403 ], [ -91.618999, 40.539084 ], [ -91.620071, 40.540817 ], [ -91.620412, 40.541092 ], [ -91.6219, 40.542292 ], [ -91.6229943727228, 40.542697397807103 ], [ -91.625161, 40.5435 ], [ -91.638082, 40.545541 ], [ -91.654345, 40.549189 ], [ -91.670993, 40.550937 ], [ -91.681714, 40.553035 ], [ -91.6887, 40.55739 ], [ -91.689526288683496, 40.558372985064103 ], [ -91.690804, 40.559893 ], [ -91.691591, 40.562222 ], [ -91.691557, 40.564867 ], [ -91.685723, 40.576785 ], [ -91.685381, 40.578892 ], [ -91.686357, 40.580875 ], [ -91.68882, 40.583409 ], [ -91.696359, 40.588148 ], [ -91.712025, 40.595046 ], [ -91.716769, 40.59853 ], [ -91.716432, 40.614075 ], [ -91.718045, 40.614047 ], [ -91.718209, 40.638601 ], [ -91.71833, 40.667643 ], [ -91.718475, 40.725998 ], [ -91.718613, 40.769746 ], [ -91.718787, 40.813544 ] ] ] ] } },
{ "type": "Feature", "properties": { "STATEFP": "19", "COUNTYFP": "107", "COUNTYNS": "00465242", "GEOIDFQ": "0500000US19107", "GEOID": "19107", "NAME": "Keokuk", "NAMELSAD": "Keokuk County", "STUSPS": "IA", "STATE_NAME": "Iowa", "LSAD": "06", "ALAND": 1500056811.0, "AWATER": 1944064.0 }, "geometry": { "type": "MultiPolygon", "coordinates": [ [ [ [ -92.411995, 41.509548 ], [ -92.355389, 41.509646 ], [ -92.34564, 41.509677 ], [ -92.297494, 41.50979 ], [ -92.287642, 41.509828 ], [ -92.224604, 41.509901 ], [ -92.200871, 41.510019 ], [ -92.181784, 41.510038 ], [ -92.156622, 41.510156 ], [ -92.081917, 41.510336 ], [ -92.078933, 41.510348 ], [ -92.076441, 41.510358 ], [ -92.069859, 41.510379 ], [ -92.065058, 41.510403 ], [ -92.051674, 41.510437 ], [ -92.04251, 41.510412 ], [ -92.039328, 41.510635 ], [ -92.037284, 41.510482 ], [ -91.946043, 41.510749 ], [ -91.946144, 41.46106 ], [ -91.946219, 41.453771 ], [ -91.946643, 41.424634 ], [ -91.946448, 41.410126 ], [ -91.946614, 41.381118 ], [ -91.946697, 41.370214 ], [ -91.946713, 41.366589 ], [ -91.94669, 41.364258 ], [ -91.946746, 41.359322 ], [ -91.946815, 41.352078 ], [ -91.946935, 41.33758 ], [ -91.945091, 41.251386 ], [ -91.944762, 41.240378 ], [ -91.944743, 41.236265 ], [ -91.944641, 41.222029 ], [ -91.945571, 41.163578 ], [ -91.950273, 41.163641 ], [ -91.964754, 41.16376 ], [ -92.022733, 41.163548 ], [ -92.063336, 41.163194 ], [ -92.179974, 41.162662 ], [ -92.227955, 41.162539 ], [ -92.295933, 41.162303 ], [ -92.319859, 41.16224 ], [ -92.334238, 41.162155 ], [ -92.406042, 41.161925 ], [ -92.410233, 41.161942 ], [ -92.410289, 41.16918 ], [ -92.41007, 41.176734 ], [ -92.410326, 41.183675 ], [ -92.410382, 41.190896 ], [ -92.410392, 41.20351 ], [ -92.410592, 41.205385 ], [ -92.410493, 41.24989 ], [ -92.410775, 41.267301 ], [ -92.410828, 41.271544 ], [ -92.410893, 41.278753 ], [ -92.411155, 41.336124 ], [ -92.411277, 41.350586 ], [ -92.411327, 41.368688 ], [ -92.411569, 41.408481 ], [ -92.411673, 41.423212 ], [ -92.412008, 41.484792 ], [ -92.411995, 41.509548 ] ] ] ] } },
{ "type": "Feature", "properties": { "STATEFP": "19", "COUNTYFP": "161", "COUNTYNS": "00465269", "GEOIDFQ": "0500000US19161", "GEOID": "19161", "NAME": "Sac", "NAMELSAD": "Sac County", "STUSPS": "IA", "STATE_NAME": "Iowa", "LSAD": "06", "ALAND": 1489300201.0, "AWATER": 8569436.0 }, "geometry": { "type": "MultiPolygon", "coordinates": [ [ [ [ -95.38801, 42.561742 ], [ -95.353059, 42.561241 ], [ -95.349878, 42.561193 ], [ -95.348095, 42.561167 ], [ -95.33827, 42.561051 ], [ -95.333606, 42.56101 ], [ -95.308876, 42.560797 ], [ -95.279451, 42.560843 ], [ -95.269662, 42.560902 ], [ -95.250274, 42.561058 ], [ -95.249118, 42.560951 ], [ -95.19025, 42.561055 ], [ -95.151023, 42.560999 ], [ -95.101261, 42.561096 ], [ -95.032712, 42.561022 ], [ -95.012858, 42.56093 ], [ -94.914485, 42.560309 ], [ -94.91467, 42.557057 ], [ -94.914539, 42.525077 ], [ -94.914511, 42.517786 ], [ -94.914487, 42.47419 ], [ -94.856689, 42.473996 ], [ -94.856934, 42.428392 ], [ -94.856946, 42.427606 ], [ -94.856953, 42.425351 ], [ -94.856994, 42.420644 ], [ -94.856994, 42.420198 ], [ -94.857123, 42.384962 ], [ -94.857588, 42.347173 ], [ -94.857747, 42.332568 ], [ -94.857826, 42.325222 ], [ -94.857904, 42.318271 ], [ -94.857984, 42.310988 ], [ -94.858063, 42.303803 ], [ -94.85815, 42.299816 ], [ -94.858235, 42.296271 ], [ -94.858412, 42.209692 ], [ -94.955616, 42.209839 ], [ -94.975249, 42.209936 ], [ -95.033495, 42.210272 ], [ -95.090851, 42.210405 ], [ -95.187661, 42.210791 ], [ -95.207045, 42.210885 ], [ -95.22647, 42.210867 ], [ -95.265264, 42.210755 ], [ -95.304046, 42.210884 ], [ -95.323497, 42.210932 ], [ -95.323291, 42.211491 ], [ -95.32299, 42.297659 ], [ -95.322827, 42.355454 ], [ -95.322724, 42.385781 ], [ -95.32259, 42.41462 ], [ -95.322514, 42.421426 ], [ -95.322357, 42.474737 ], [ -95.327919, 42.474765 ], [ -95.351761, 42.474748 ], [ -95.357291, 42.474764 ], [ -95.387445, 42.474818 ], [ -95.38801, 42.561742 ] ] ] ] } },
{ "type": "Feature", "properties": { "STATEFP": "19", "COUNTYFP": "001", "COUNTYNS": "00465190", "GEOIDFQ": "0500000US19001", "GEOID": "19001", "NAME": "Adair", "NAMELSAD": "Adair County", "STUSPS": "IA", "STATE_NAME": "Iowa", "LSAD": "06", "ALAND": 1474404192.0, "AWATER": 2597996.0 }, "geometry": { "type": "MultiPolygon", "coordinates": [ [ [ [ -94.700572, 41.482504 ], [ -94.700529, 41.489726 ], [ -94.700481, 41.497052 ], [ -94.70062, 41.500669 ], [ -94.700629, 41.504148 ], [ -94.681699, 41.504092 ], [ -94.657816, 41.504078 ], [ -94.629028, 41.503957 ], [ -94.624235, 41.503998 ], [ -94.585896, 41.503938 ], [ -94.52857, 41.503621 ], [ -94.528515, 41.503683 ], [ -94.528046, 41.503833 ], [ -94.523862, 41.5038 ], [ -94.523433, 41.503662 ], [ -94.51759, 41.50365 ], [ -94.514106, 41.503849 ], [ -94.488166, 41.503817 ], [ -94.471088, 41.50381 ], [ -94.414327, 41.503754 ], [ -94.356763, 41.503664 ], [ -94.356711, 41.503664 ], [ -94.337647, 41.503641 ], [ -94.327956, 41.503733 ], [ -94.308902, 41.503689 ], [ -94.294335, 41.503685 ], [ -94.280053, 41.503659 ], [ -94.272753, 41.50357 ], [ -94.241593, 41.503679 ], [ -94.241448, 41.460543 ], [ -94.241524, 41.426802 ], [ -94.241718, 41.422456 ], [ -94.241532, 41.417118 ], [ -94.241304, 41.411263 ], [ -94.241454, 41.38821 ], [ -94.24147, 41.373755 ], [ -94.241482, 41.359376 ], [ -94.24147, 41.355773 ], [ -94.241504, 41.341391 ], [ -94.241475, 41.337764 ], [ -94.241428, 41.336089 ], [ -94.241392, 41.330504 ], [ -94.241563, 41.3016 ], [ -94.241705, 41.243738 ], [ -94.241637, 41.157134 ], [ -94.260809, 41.157208 ], [ -94.325003, 41.157439 ], [ -94.325392, 41.157426 ], [ -94.357061, 41.157449 ], [ -94.414199, 41.157527 ], [ -94.470603, 41.157566 ], [ -94.547455, 41.157806 ], [ -94.585358, 41.157886 ], [ -94.604384, 41.157919 ], [ -94.606302, 41.157851 ], [ -94.630337, 41.157949 ], [ -94.637795, 41.15778 ], [ -94.642893, 41.157956 ], [ -94.661892, 41.157953 ], [ -94.700589, 41.158085 ], [ -94.700593, 41.200596 ], [ -94.700537, 41.244284 ], [ -94.700445, 41.244889 ], [ -94.700134, 41.301145 ], [ -94.700303, 41.30388 ], [ -94.700097, 41.331044 ], [ -94.70018, 41.345465 ], [ -94.700697, 41.417581 ], [ -94.700572, 41.482504 ] ] ] ] } },
{ "type": "Feature", "properties": { "STATEFP": "19", "COUNTYFP": "057", "COUNTYNS": "00465217", "GEOIDFQ": "0500000US19057", "GEOID": "19057", "NAME": "Des Moines", "NAMELSAD": "Des Moines County", "STUSPS": "IA", "STATE_NAME": "Iowa", "LSAD": "06", "ALAND": 1077769233.0, "AWATER": 35341938.0 }, "geometry": { "type": "MultiPolygon", "coordinates": [ [ [ [ -91.409453, 40.812905 ], [ -91.381886, 40.812685 ], [ -91.372095, 40.812631 ], [ -91.371695, 40.877931 ], [ -91.371793, 40.896937 ], [ -91.371824, 40.899694 ], [ -91.371787, 40.905341 ], [ -91.371705, 40.921512 ], [ -91.371561, 40.95782 ], [ -91.371491, 40.972616 ], [ -91.371387, 40.982493 ], [ -91.37134, 40.986846 ], [ -91.371103, 41.015923 ], [ -91.37089, 41.045041 ], [ -91.370772, 41.059597 ], [ -91.37071, 41.074112 ], [ -91.333251, 41.07412 ], [ -91.327611, 41.074125 ], [ -91.308364, 41.074168 ], [ -91.294344, 41.074146 ], [ -91.269847, 41.074106 ], [ -91.266313, 41.073955 ], [ -91.255528, 41.074147 ], [ -91.217764, 41.073624 ], [ -91.188404, 41.073219 ], [ -91.183114, 41.073187 ], [ -91.171625, 41.073073 ], [ -91.121241, 41.073016 ], [ -91.114077, 41.073037 ], [ -91.102801, 41.073024 ], [ -91.035405, 41.072945 ], [ -90.949383, 41.072711 ], [ -90.949136, 41.070611 ], [ -90.948990026159805, 41.0702495855382 ], [ -90.945549, 41.06173 ], [ -90.944577, 41.052255 ], [ -90.943652, 41.048637 ], [ -90.94232, 41.038472 ], [ -90.942253, 41.034702 ], [ -90.943271132764593, 41.029588792045601 ], [ -90.9438890440927, 41.026485553226301 ], [ -90.945324, 41.019279 ], [ -90.945054, 41.011917 ], [ -90.945949, 41.006495 ], [ -90.949634, 40.995248 ], [ -90.955201, 40.986805 ], [ -90.955460082540299, 40.986184999007698 ], [ -90.958142, 40.979767 ], [ -90.958089, 40.976643 ], [ -90.955111, 40.969858 ], [ -90.952715, 40.962087 ], [ -90.951967, 40.958238 ], [ -90.952233, 40.954047 ], [ -90.952324886411802, 40.953849459289003 ], [ -90.953776366204593, 40.950729015855401 ], [ -90.960462, 40.936356 ], [ -90.962916, 40.924957 ], [ -90.965344, 40.921633 ], [ -90.968995, 40.919127 ], [ -90.97919, 40.915522 ], [ -90.985462, 40.912141 ], [ -90.9985, 40.90812 ], [ -91.003536, 40.905146 ], [ -91.009536, 40.900565 ], [ -91.011792698891895, 40.898162687977603 ], [ -91.01324, 40.896622 ], [ -91.013901370939294, 40.8956205658247 ], [ -91.021562, 40.884021 ], [ -91.023149235683803, 40.882722717800704 ], [ -91.027489, 40.879173 ], [ -91.027919246428596, 40.878981702259999 ], [ -91.036789, 40.875038 ], [ -91.039097, 40.873565 ], [ -91.044653, 40.868356 ], [ -91.047344, 40.864654 ], [ -91.050241, 40.858514 ], [ -91.05643, 40.848387 ], [ -91.058749, 40.846309 ], [ -91.067159, 40.841997 ], [ -91.077521, 40.833405 ], [ -91.078332091716007, 40.832838444261498 ], [ -91.090072, 40.824638 ], [ -91.091228249312906, 40.823229204620098 ], [ -91.092993, 40.821079 ], [ -91.093498589092803, 40.819837400208698 ], [ -91.096692539896097, 40.811993859460998 ], [ -91.096846, 40.811617 ], [ -91.097212499417395, 40.8088593543212 ], [ -91.097649, 40.805575 ], [ -91.097031, 40.802471 ], [ -91.094613628428704, 40.797630181787603 ], [ -91.092644217585303, 40.7936864107959 ], [ -91.092256, 40.792909 ], [ -91.091246, 40.786724 ], [ -91.091665991274795, 40.780276168962303 ], [ -91.091703, 40.779708 ], [ -91.093605430510095, 40.774308189337802 ], [ -91.096133, 40.767134 ], [ -91.098105, 40.763233 ], [ -91.102486, 40.757076 ], [ -91.1054895963794, 40.753847948658397 ], [ -91.1082, 40.750935 ], [ -91.110424, 40.745528 ], [ -91.114249161137494, 40.730864042033502 ], [ -91.115735, 40.725168 ], [ -91.115158, 40.721895 ], [ -91.114473220415107, 40.720623881257502 ], [ -91.113885, 40.719532 ], [ -91.111095, 40.708282 ], [ -91.110927, 40.703262 ], [ -91.11194, 40.697018 ], [ -91.112433584579406, 40.696278690879403 ], [ -91.116826, 40.69899 ], [ -91.119437, 40.700008 ], [ -91.121688, 40.699997 ], [ -91.126985, 40.698224 ], [ -91.130544, 40.698147 ], [ -91.133219, 40.69874 ], [ -91.138818, 40.700706 ], [ -91.141391, 40.703849 ], [ -91.143474, 40.704895 ], [ -91.146486, 40.706469 ], [ -91.150636, 40.706203 ], [ -91.151634, 40.706995 ], [ -91.153544, 40.710319 ], [ -91.156284, 40.712914 ], [ -91.161136, 40.717046 ], [ -91.161493, 40.718549 ], [ -91.160966, 40.720595 ], [ -91.161747, 40.722346 ], [ -91.163493, 40.722733 ], [ -91.16539, 40.721864 ], [ -91.166689, 40.719912 ], [ -91.16987, 40.720132 ], [ -91.171631, 40.721251 ], [ -91.173969, 40.721789 ], [ -91.17609, 40.721378 ], [ -91.177025, 40.720376 ], [ -91.178005, 40.717477 ], [ -91.180986, 40.713111 ], [ -91.180525, 40.711946 ], [ -91.178912, 40.710851 ], [ -91.178648, 40.709001 ], [ -91.180038, 40.708303 ], [ -91.182551, 40.7081 ], [ -91.184501, 40.709009 ], [ -91.188731, 40.712997 ], [ -91.191119, 40.713132 ], [ -91.192732, 40.714251 ], [ -91.194414, 40.71805 ], [ -91.19682, 40.719222 ], [ -91.198648, 40.719327 ], [ -91.200853, 40.718697 ], [ -91.204685, 40.714827 ], [ -91.208185, 40.71358 ], [ -91.20955, 40.713993 ], [ -91.209814, 40.715617 ], [ -91.208418, 40.717023 ], [ -91.206972, 40.720561 ], [ -91.207499, 40.722031 ], [ -91.209003, 40.724325 ], [ -91.212353, 40.726161 ], [ -91.213148, 40.728129 ], [ -91.217118, 40.732286 ], [ -91.219586, 40.733176 ], [ -91.227087, 40.734348 ], [ -91.233449, 40.737545 ], [ -91.23854, 40.743216 ], [ -91.244421, 40.748403 ], [ -91.248273, 40.750401 ], [ -91.253872, 40.750614 ], [ -91.25732, 40.751708 ], [ -91.258026, 40.752019 ], [ -91.262279, 40.753858 ], [ -91.263921, 40.754198 ], [ -91.272872, 40.754369 ], [ -91.275585, 40.753443 ], [ -91.277158, 40.752875 ], [ -91.281828, 40.753685 ], [ -91.283039, 40.754485 ], [ -91.285397, 40.759558 ], [ -91.285532, 40.762644 ], [ -91.286752, 40.766571 ], [ -91.289013, 40.769632 ], [ -91.2908, 40.771171 ], [ -91.293391, 40.772577 ], [ -91.295446, 40.772939 ], [ -91.297574, 40.773082 ], [ -91.302144, 40.772342 ], [ -91.30958, 40.771733 ], [ -91.311674, 40.772147 ], [ -91.313681, 40.773266 ], [ -91.316832, 40.777812 ], [ -91.318847, 40.779921 ], [ -91.325901, 40.780782 ], [ -91.330785, 40.783087 ], [ -91.334764, 40.784655 ], [ -91.344805, 40.785774 ], [ -91.346832, 40.786473 ], [ -91.34787, 40.788088 ], [ -91.349271, 40.791788 ], [ -91.350746, 40.793642 ], [ -91.352684, 40.793729 ], [ -91.358298, 40.791291 ], [ -91.360517, 40.790763 ], [ -91.363872, 40.790665 ], [ -91.367046, 40.792215 ], [ -91.369478, 40.794553 ], [ -91.372618, 40.796874 ], [ -91.374002, 40.797979 ], [ -91.376879, 40.799 ], [ -91.384037, 40.801395 ], [ -91.385755, 40.802313 ], [ -91.389362, 40.805123 ], [ -91.391803, 40.807774 ], [ -91.393531, 40.808618 ], [ -91.397525, 40.808936 ], [ -91.402853, 40.808398 ], [ -91.406371, 40.808709 ], [ -91.409453, 40.812905 ] ] ] ] } },
{ "type": "Feature", "properties": { "STATEFP": "19", "COUNTYFP": "193", "COUNTYNS": "00465285", "GEOIDFQ": "0500000US19193", "GEOID": "19193", "NAME": "Woodbury", "NAMELSAD": "Woodbury County", "STUSPS": "IA", "STATE_NAME": "Iowa", "LSAD": "06", "ALAND": 2260790944.0, "AWATER": 12793666.0 }, "geometry": { "type": "MultiPolygon", "coordinates": [ [ [ [ -96.498776283997501, 42.561043296657701 ], [ -96.460849, 42.561678 ], [ -96.454112, 42.561827 ], [ -96.449134, 42.561945 ], [ -96.446107, 42.562009 ], [ -96.43894, 42.562087 ], [ -96.407748, 42.562163 ], [ -96.401034, 42.562108 ], [ -96.371023, 42.562011 ], [ -96.332051, 42.561848 ], [ -96.331267, 42.561836 ], [ -96.330799, 42.561825 ], [ -96.330141, 42.561759 ], [ -96.327258, 42.56182 ], [ -96.311487, 42.561728 ], [ -96.233629, 42.561421 ], [ -96.214085, 42.561924 ], [ -96.193909, 42.561857 ], [ -96.180545, 42.561634 ], [ -96.174336, 42.561425 ], [ -96.15478, 42.561393 ], [ -96.115623, 42.561313 ], [ -96.095862, 42.561262 ], [ -96.076493, 42.561183 ], [ -96.026991, 42.561044 ], [ -95.997757, 42.561007 ], [ -95.978187, 42.561085 ], [ -95.957856, 42.560977 ], [ -95.859949, 42.56062 ], [ -95.839548, 42.56066 ], [ -95.819988, 42.560775 ], [ -95.800289, 42.560883 ], [ -95.78062, 42.56102 ], [ -95.779399, 42.561235 ], [ -95.741611, 42.561285 ], [ -95.741289, 42.524084 ], [ -95.741356, 42.523562 ], [ -95.741821, 42.474865 ], [ -95.669265, 42.474645 ], [ -95.669239, 42.468149 ], [ -95.669176, 42.460987 ], [ -95.669317, 42.4284 ], [ -95.669569, 42.399284 ], [ -95.670041, 42.396586 ], [ -95.670036, 42.392081 ], [ -95.670036, 42.391892 ], [ -95.670021, 42.38479 ], [ -95.669597, 42.374996 ], [ -95.6702, 42.36981 ], [ -95.670705, 42.345813 ], [ -95.670333, 42.341509 ], [ -95.670477, 42.327034 ], [ -95.670917, 42.325078 ], [ -95.670842, 42.312575 ], [ -95.67044, 42.305382 ], [ -95.670396, 42.298091 ], [ -95.670239, 42.28733 ], [ -95.670221, 42.283715 ], [ -95.670088, 42.280304 ], [ -95.66989, 42.27418 ], [ -95.670221, 42.26966 ], [ -95.67031, 42.268446 ], [ -95.669921, 42.262788 ], [ -95.670037, 42.257792 ], [ -95.670368, 42.25723 ], [ -95.670374, 42.238884 ], [ -95.670149, 42.231172 ], [ -95.670555, 42.225758 ], [ -95.670822, 42.211408 ], [ -95.677024, 42.211282 ], [ -95.683679, 42.2115 ], [ -95.750282, 42.211502 ], [ -95.756357, 42.211268 ], [ -95.787143, 42.211746 ], [ -95.795471, 42.211528 ], [ -95.810863, 42.21175 ], [ -95.81588, 42.211487 ], [ -95.904124, 42.211464 ], [ -95.908712, 42.21135 ], [ -95.913736, 42.211531 ], [ -96.00059, 42.211762 ], [ -96.019882, 42.211687 ], [ -96.027944, 42.211885 ], [ -96.07739, 42.212827 ], [ -96.079036, 42.21264 ], [ -96.135394, 42.21355 ], [ -96.154634, 42.213879 ], [ -96.193564, 42.214177 ], [ -96.24094, 42.214571 ], [ -96.242332, 42.21462 ], [ -96.25144, 42.214644 ], [ -96.35656, 42.215002 ], [ -96.356655108629994, 42.215136751715299 ], [ -96.356591, 42.215182 ], [ -96.345055, 42.21749 ], [ -96.339086, 42.218087 ], [ -96.336323, 42.218922 ], [ -96.332044, 42.221585 ], [ -96.3269695359499, 42.226647877123398 ], [ -96.323723, 42.229887 ], [ -96.322827, 42.231461 ], [ -96.322868, 42.233637 ], [ -96.325547980990805, 42.2361107997178 ], [ -96.330004, 42.240224 ], [ -96.328955, 42.241885 ], [ -96.327706, 42.249992 ], [ -96.328905, 42.254734 ], [ -96.331331, 42.25943 ], [ -96.336003, 42.264806 ], [ -96.34145, 42.269115 ], [ -96.356389, 42.27648 ], [ -96.356406067881593, 42.276493105625697 ], [ -96.3608, 42.279867 ], [ -96.365792, 42.285875 ], [ -96.368454, 42.291848 ], [ -96.368495666284502, 42.301104204425002 ], [ -96.368507, 42.303622 ], [ -96.368675110621794, 42.304747983483999 ], [ -96.369212, 42.308344 ], [ -96.369969, 42.310878 ], [ -96.37179, 42.314172 ], [ -96.375307, 42.318339 ], [ -96.384169, 42.325874 ], [ -96.396269, 42.330857 ], [ -96.402957, 42.334156 ], [ -96.407998, 42.337408 ], [ -96.411867175484204, 42.3413349145791 ], [ -96.413895, 42.343393 ], [ -96.417786, 42.351449 ], [ -96.418168, 42.354678 ], [ -96.417918, 42.3587 ], [ -96.417093, 42.361443 ], [ -96.416857604193595, 42.3617839783074 ], [ -96.4150730235678, 42.364369000065899 ], [ -96.413994, 42.365932 ], [ -96.408436, 42.376092 ], [ -96.408833248991598, 42.379083279366299 ], [ -96.409153, 42.381491 ], [ -96.411331417675001, 42.385958868480301 ], [ -96.411497144659194, 42.3862987694908 ], [ -96.41498, 42.393442 ], [ -96.415509, 42.400294 ], [ -96.415496261738895, 42.400344953044502 ], [ -96.413609, 42.407894 ], [ -96.413476914054399, 42.4081140210087 ], [ -96.411808, 42.410894 ], [ -96.407714363695106, 42.414547824139902 ], [ -96.398952427333199, 42.422368395438099 ], [ -96.387608, 42.432494 ], [ -96.384307, 42.437294 ], [ -96.380707, 42.446394 ], [ -96.380656726962499, 42.446821320819097 ], [ -96.380642263852295, 42.4469442572559 ], [ -96.380107, 42.451494 ], [ -96.380131823529396, 42.451705 ], [ -96.381307, 42.461694 ], [ -96.385407, 42.473094 ], [ -96.386007, 42.474495 ], [ -96.386015645104806, 42.474503217129303 ], [ -96.386016934356206, 42.474504442556302 ], [ -96.396107, 42.484095 ], [ -96.396188361155396, 42.484116409220597 ], [ -96.406899872170499, 42.486935015983498 ], [ -96.409408, 42.487595 ], [ -96.413496038664803, 42.487985909524298 ], [ -96.413609347005902, 42.487996744380197 ], [ -96.421677498623595, 42.488768243274897 ], [ -96.423892, 42.48898 ], [ -96.428488363227999, 42.489330851190097 ], [ -96.440303012764701, 42.490232691111302 ], [ -96.445508, 42.49063 ], [ -96.445629, 42.490691 ], [ -96.450729, 42.491108 ], [ -96.45575, 42.492564 ], [ -96.463512, 42.490464 ], [ -96.466352, 42.490809 ], [ -96.469619, 42.491396 ], [ -96.469941, 42.490253 ], [ -96.470749, 42.489473 ], [ -96.472199, 42.489242 ], [ -96.475413, 42.489621 ], [ -96.477185, 42.491046 ], [ -96.477901, 42.494346 ], [ -96.477639619197305, 42.495254772568998 ], [ -96.476909, 42.497795 ], [ -96.474712, 42.501159 ], [ -96.47414, 42.503179 ], [ -96.473339, 42.503537 ], [ -96.477454, 42.509589 ], [ -96.479384, 42.511138 ], [ -96.483592, 42.510345 ], [ -96.490089, 42.512441 ], [ -96.49297, 42.517282 ], [ -96.490817099740696, 42.520309764248402 ], [ -96.490802, 42.520331 ], [ -96.487455081481002, 42.521518229703197 ], [ -96.479909, 42.524195 ], [ -96.479896861946898, 42.5242246707964 ], [ -96.479009, 42.526395 ], [ -96.479038765607896, 42.526514062431602 ], [ -96.479809, 42.529595 ], [ -96.477709, 42.535595 ], [ -96.476962, 42.546434 ], [ -96.476952, 42.556079 ], [ -96.478541, 42.556378 ], [ -96.484565, 42.556885 ], [ -96.489271, 42.556801 ], [ -96.491742, 42.556511 ], [ -96.49554, 42.55644 ], [ -96.497265, 42.556981 ], [ -96.498544, 42.558116 ], [ -96.498997, 42.560832 ], [ -96.498776283997501, 42.561043296657701 ] ] ] ] } },
{ "type": "Feature", "properties": { "STATEFP": "19", "COUNTYFP": "167", "COUNTYNS": "00465272", "GEOIDFQ": "0500000US19167", "GEOID": "19167", "NAME": "Sioux", "NAMELSAD": "Sioux County", "STUSPS": "IA", "STATE_NAME": "Iowa", "LSAD": "06", "ALAND": 1988881470.0, "AWATER": 2802041.0 }, "geometry": { "type": "MultiPolygon", "coordinates": [ [ [ [ -96.571194, 43.238961 ], [ -96.565253, 43.244241 ], [ -96.559186, 43.245155 ], [ -96.552963, 43.247281 ], [ -96.55203, 43.251117 ], [ -96.552558506206296, 43.2573837081721 ], [ -96.552591, 43.257769 ], [ -96.553217, 43.259141 ], [ -96.554965, 43.259999 ], [ -96.529341, 43.259693 ], [ -96.470084, 43.259031 ], [ -96.450478, 43.258797 ], [ -96.373571, 43.258062 ], [ -96.354023, 43.257853 ], [ -96.334119, 43.257698 ], [ -96.265785, 43.25744 ], [ -96.216523, 43.25746 ], [ -96.197998, 43.257459 ], [ -96.17803, 43.25737 ], [ -96.167894, 43.257356 ], [ -96.13817, 43.257276 ], [ -96.098063, 43.257399 ], [ -96.059402, 43.258324 ], [ -96.049232, 43.258569 ], [ -96.039157, 43.258891 ], [ -96.020094, 43.258426 ], [ -95.980326, 43.257832 ], [ -95.971069, 43.257754 ], [ -95.889154, 43.257847 ], [ -95.886138, 43.257588 ], [ -95.882546, 43.257798 ], [ -95.881912, 43.257912 ], [ -95.878002, 43.257622 ], [ -95.875287, 43.257709 ], [ -95.861914, 43.257566 ], [ -95.862272, 43.214859 ], [ -95.86215, 43.189408 ], [ -95.862118, 43.1858 ], [ -95.861564, 43.171322 ], [ -95.861961, 43.165345 ], [ -95.8614, 43.160431 ], [ -95.861162, 43.14185 ], [ -95.861039, 43.127286 ], [ -95.860579, 43.098204 ], [ -95.86029, 43.083699 ], [ -95.860171, 43.040238 ], [ -95.86011, 43.025749 ], [ -95.859951, 42.996661 ], [ -95.859777, 42.982093 ], [ -95.859377, 42.909097 ], [ -95.898803, 42.909416 ], [ -95.97737, 42.909772 ], [ -95.997059, 42.910152 ], [ -96.016781, 42.910146 ], [ -96.076003, 42.910003 ], [ -96.078838, 42.909906 ], [ -96.095842, 42.910004 ], [ -96.19494, 42.909338 ], [ -96.213765, 42.909396 ], [ -96.253277, 42.909406 ], [ -96.331924, 42.909381 ], [ -96.381457, 42.909294 ], [ -96.450376, 42.909392 ], [ -96.479913, 42.909191 ], [ -96.509695, 42.909036 ], [ -96.51952, 42.909132 ], [ -96.537353873884996, 42.9087912967329 ], [ -96.537414960676003, 42.909033772424202 ], [ -96.537837, 42.910709 ], [ -96.540229, 42.918666 ], [ -96.541628, 42.920678 ], [ -96.541689, 42.922576 ], [ -96.541098, 42.924496 ], [ -96.525536, 42.935511 ], [ -96.523513, 42.935784 ], [ -96.52118, 42.934846 ], [ -96.520559, 42.932765 ], [ -96.519378, 42.931987 ], [ -96.518258, 42.931849 ], [ -96.516888, 42.932512 ], [ -96.516203, 42.933769 ], [ -96.516419, 42.935438 ], [ -96.52012, 42.938183 ], [ -96.519994, 42.93976 ], [ -96.514888, 42.943668 ], [ -96.510749, 42.944397 ], [ -96.509472, 42.945151 ], [ -96.508069, 42.948534 ], [ -96.504857, 42.954659 ], [ -96.500308, 42.959391 ], [ -96.503132, 42.968192 ], [ -96.505028, 42.970844 ], [ -96.506148, 42.971348 ], [ -96.510693, 42.97126 ], [ -96.515922, 42.972886 ], [ -96.520246, 42.977643 ], [ -96.520773, 42.980385 ], [ -96.516724, 42.981458 ], [ -96.516515644797906, 42.981665983719701 ], [ -96.512237, 42.985937 ], [ -96.512203, 42.988818 ], [ -96.512886, 42.991424 ], [ -96.509986, 42.995126 ], [ -96.507337, 42.996519 ], [ -96.502728, 42.997066 ], [ -96.501543142249801, 42.997326002403597 ], [ -96.5002107075548, 42.9976183887456 ], [ -96.498614416482297, 42.9979686751118 ], [ -96.498420680630105, 42.998011188052502 ], [ -96.49782, 42.998143 ], [ -96.496699, 42.998807 ], [ -96.494341, 43.001819 ], [ -96.492693, 43.005089 ], [ -96.49167, 43.009707 ], [ -96.493590325083602, 43.013094492609298 ], [ -96.494416, 43.014551 ], [ -96.495568034764204, 43.015676714959199 ], [ -96.499187, 43.019213 ], [ -96.503209, 43.019805 ], [ -96.510995, 43.024701 ], [ -96.511804, 43.025799 ], [ -96.513085, 43.028437 ], [ -96.512916, 43.029962 ], [ -96.510802, 43.031902 ], [ -96.509146, 43.03668 ], [ -96.509145, 43.037297 ], [ -96.511605, 43.039927 ], [ -96.513873, 43.039814 ], [ -96.515752, 43.039388 ], [ -96.517319, 43.040247 ], [ -96.518431, 43.042068 ], [ -96.510256, 43.049917 ], [ -96.508916, 43.049985 ], [ -96.505239, 43.048726 ], [ -96.501748, 43.048632 ], [ -96.490365, 43.050789 ], [ -96.489277309623802, 43.051277961728701 ], [ -96.488839, 43.051475 ], [ -96.488155, 43.054013 ], [ -96.486722, 43.055498 ], [ -96.476905, 43.062383 ], [ -96.473165, 43.06355 ], [ -96.469953, 43.062088 ], [ -96.468207, 43.06186 ], [ -96.463094, 43.062981 ], [ -96.46085, 43.064033 ], [ -96.458201, 43.067554 ], [ -96.455209, 43.075053 ], [ -96.454188258712406, 43.083379189414003 ], [ -96.454125865325295, 43.083888132439803 ], [ -96.454088, 43.084197 ], [ -96.454526, 43.086826 ], [ -96.455337, 43.088129 ], [ -96.462636, 43.089614 ], [ -96.462855, 43.091419 ], [ -96.460516, 43.09494 ], [ -96.451877, 43.100474 ], [ -96.448134, 43.104452 ], [ -96.439335, 43.113916 ], [ -96.436589, 43.120842 ], [ -96.439615, 43.121963 ], [ -96.440801, 43.123129 ], [ -96.441644, 43.124687 ], [ -96.442711, 43.128841 ], [ -96.443431, 43.133825 ], [ -96.450361, 43.142237 ], [ -96.455544, 43.144157 ], [ -96.458854, 43.143356 ], [ -96.459978, 43.143516 ], [ -96.465099, 43.147515 ], [ -96.466537, 43.150281 ], [ -96.467384, 43.159608 ], [ -96.467310084303193, 43.163189697567503 ], [ -96.467292, 43.164066 ], [ -96.466401580288405, 43.170743404581799 ], [ -96.4663961109041, 43.170784420398803 ], [ -96.464896, 43.182034 ], [ -96.465146, 43.182971 ], [ -96.467146, 43.184502 ], [ -96.468802, 43.184525 ], [ -96.469420228107893, 43.184717540287402 ], [ -96.472395, 43.185644 ], [ -96.473834, 43.189804 ], [ -96.473777, 43.198766 ], [ -96.470781, 43.205099 ], [ -96.470626, 43.207225 ], [ -96.472158, 43.209534 ], [ -96.474912, 43.217351 ], [ -96.475571, 43.221054 ], [ -96.476697, 43.222014 ], [ -96.485024466183901, 43.224122354634403 ], [ -96.485264, 43.224183 ], [ -96.491525290401199, 43.223885882466199 ], [ -96.496454, 43.223652 ], [ -96.500759, 43.220767 ], [ -96.512458, 43.218556 ], [ -96.519273, 43.21769 ], [ -96.520961, 43.21824 ], [ -96.522084, 43.22096 ], [ -96.526865, 43.224071 ], [ -96.535741, 43.22764 ], [ -96.540088, 43.225698 ], [ -96.544902, 43.225928 ], [ -96.548184, 43.226912 ], [ -96.554937, 43.226775 ], [ -96.556313, 43.226135 ], [ -96.557317, 43.224778 ], [ -96.558995, 43.224126 ], [ -96.56044, 43.224219 ], [ -96.568505, 43.231554 ], [ -96.569186066324207, 43.2334300350552 ], [ -96.571194, 43.238961 ] ] ] ] } },
{ "type": "Feature", "properties": { "STATEFP": "19", "COUNTYFP": "131", "COUNTYNS": "00465254", "GEOIDFQ": "0500000US19131", "GEOID": "19131", "NAME": "Mitchell", "NAMELSAD": "Mitchell County", "STUSPS": "IA", "STATE_NAME": "Iowa", "LSAD": "06", "ALAND": 1215368214.0, "AWATER": 1118491.0 }, "geometry": { "type": "MultiPolygon", "coordinates": [ [ [ [ -93.024345856060606, 43.499680808839798 ], [ -93.007871, 43.499604 ], [ -92.965822955449099, 43.499690471787702 ], [ -92.949363813516598, 43.499724320006798 ], [ -92.944292583203804, 43.499734748990001 ], [ -92.929626917552696, 43.499764908925897 ], [ -92.905530302155398, 43.499814463606299 ], [ -92.890307015979602, 43.499845770288601 ], [ -92.878525, 43.49987 ], [ -92.835829965116403, 43.4999234185807 ], [ -92.810276005493705, 43.499955390828902 ], [ -92.808627468781296, 43.499957453422198 ], [ -92.790284062574301, 43.4999804040703 ], [ -92.78741, 43.499984 ], [ -92.72817, 43.500045 ], [ -92.695302, 43.500095 ], [ -92.692657002873702, 43.5000983019426 ], [ -92.6887180168562, 43.500103219265803 ], [ -92.672581606056397, 43.500123363522903 ], [ -92.628824958788897, 43.500177988133203 ], [ -92.60158, 43.500212 ], [ -92.568899005497798, 43.5002086916043 ], [ -92.553128292468898, 43.500207095087397 ], [ -92.553742, 43.428898 ], [ -92.554134, 43.385562 ], [ -92.554137, 43.371041 ], [ -92.554137, 43.371028 ], [ -92.554194, 43.35289 ], [ -92.554198, 43.341931 ], [ -92.554272, 43.335173 ], [ -92.554553, 43.260298 ], [ -92.554452, 43.255327 ], [ -92.554381, 43.212813 ], [ -92.594204, 43.212783 ], [ -92.692839, 43.212503 ], [ -92.712381, 43.212638 ], [ -92.722331, 43.212677 ], [ -92.732347, 43.212715 ], [ -92.752184, 43.212819 ], [ -92.800587, 43.21267 ], [ -92.805393, 43.212636 ], [ -92.810452, 43.21258 ], [ -92.879567, 43.212729 ], [ -92.905007, 43.21276 ], [ -92.934642, 43.212704 ], [ -92.93511, 43.212702 ], [ -92.959556, 43.212596 ], [ -92.964509, 43.212598 ], [ -92.984389, 43.212709 ], [ -93.024092, 43.212812 ], [ -93.024143, 43.255538 ], [ -93.024114, 43.262789 ], [ -93.02412, 43.277218 ], [ -93.024092, 43.342336 ], [ -93.024218, 43.411417 ], [ -93.024239, 43.415071 ], [ -93.024274, 43.418694 ], [ -93.024466, 43.429358 ], [ -93.024345856060606, 43.499680808839798 ] ] ] ] } },
{ "type": "Feature", "properties": { "STATEFP": "19", "COUNTYFP": "165", "COUNTYNS": "00465271", "GEOIDFQ": "0500000US19165", "GEOID": "19165", "NAME": "Shelby", "NAMELSAD": "Shelby County", "STUSPS": "IA", "STATE_NAME": "Iowa", "LSAD": "06", "ALAND": 1530103550.0, "AWATER": 1486125.0 }, "geometry": { "type": "MultiPolygon", "coordinates": [ [ [ [ -95.557948, 41.616866 ], [ -95.557953, 41.631375 ], [ -95.557847, 41.667599 ], [ -95.557805, 41.689168 ], [ -95.557741, 41.721637 ], [ -95.557603, 41.725186 ], [ -95.557577, 41.725277 ], [ -95.55754, 41.725644 ], [ -95.557521, 41.726102 ], [ -95.55739, 41.746926 ], [ -95.557366, 41.754212 ], [ -95.557088, 41.759534 ], [ -95.557363, 41.761478 ], [ -95.557361, 41.772363 ], [ -95.557356, 41.776396 ], [ -95.557345, 41.783641 ], [ -95.557186, 41.830819 ], [ -95.557277, 41.863449 ], [ -95.459662, 41.863164 ], [ -95.440528, 41.863236 ], [ -95.429065, 41.863273 ], [ -95.408946, 41.863314 ], [ -95.402205, 41.863538 ], [ -95.401518, 41.863517 ], [ -95.373224, 41.863846 ], [ -95.363659, 41.86385 ], [ -95.362327, 41.863829 ], [ -95.353796, 41.863948 ], [ -95.349071, 41.863997 ], [ -95.344189, 41.863999 ], [ -95.32484, 41.864121 ], [ -95.324813, 41.8641 ], [ -95.323736, 41.864207 ], [ -95.305511, 41.86413 ], [ -95.209023, 41.863709 ], [ -95.092861, 41.863374 ], [ -95.093038, 41.798444 ], [ -95.093304, 41.776945 ], [ -95.093203, 41.702771 ], [ -95.093161, 41.688352 ], [ -95.092789, 41.667253 ], [ -95.092654, 41.659731 ], [ -95.09252, 41.602055 ], [ -95.064777, 41.602147 ], [ -95.055082, 41.602164 ], [ -95.040748, 41.602152 ], [ -95.040743, 41.519292 ], [ -95.04077, 41.50469 ], [ -95.108377, 41.505042 ], [ -95.117978, 41.505058 ], [ -95.137347, 41.505152 ], [ -95.154722, 41.505211 ], [ -95.202894, 41.50537 ], [ -95.219141, 41.505482 ], [ -95.269357, 41.505672 ], [ -95.28868, 41.505673 ], [ -95.332208, 41.505759 ], [ -95.335504, 41.505669 ], [ -95.336707, 41.505773 ], [ -95.383612, 41.505847 ], [ -95.439528, 41.505897 ], [ -95.441376, 41.505983 ], [ -95.460613, 41.506087 ], [ -95.479908, 41.505993 ], [ -95.497997, 41.506074 ], [ -95.497982, 41.585393 ], [ -95.49794, 41.585605 ], [ -95.497793, 41.602333 ], [ -95.528337, 41.60232 ], [ -95.537978, 41.602348 ], [ -95.553394, 41.602402 ], [ -95.55722, 41.602308 ], [ -95.558143, 41.602383 ], [ -95.557948, 41.616866 ] ] ] ] } },
{ "type": "Feature", "properties": { "STATEFP": "19", "COUNTYFP": "023", "COUNTYNS": "00465201", "GEOIDFQ": "0500000US19023", "GEOID": "19023", "NAME": "Butler", "NAMELSAD": "Butler County", "STUSPS": "IA", "STATE_NAME": "Iowa", "LSAD": "06", "ALAND": 1502550827.0, "AWATER": 4194983.0 }, "geometry": { "type": "MultiPolygon", "coordinates": [ [ [ [ -93.026927, 42.562284 ], [ -93.026905, 42.564075 ], [ -93.026469, 42.643272 ], [ -93.026414, 42.657778 ], [ -93.026375, 42.66506 ], [ -93.026236, 42.69416 ], [ -93.025981, 42.730675 ], [ -93.025899, 42.745124 ], [ -93.025797, 42.76683 ], [ -93.025563, 42.818648 ], [ -93.025495, 42.833139 ], [ -93.025347, 42.876572 ], [ -93.025144, 42.907549 ], [ -92.985714, 42.907521 ], [ -92.946183, 42.907451 ], [ -92.906809, 42.907374 ], [ -92.844517, 42.907322 ], [ -92.829755, 42.907277 ], [ -92.819121, 42.907165 ], [ -92.808858, 42.907298 ], [ -92.805214, 42.90731 ], [ -92.802748, 42.907317 ], [ -92.800226, 42.907324 ], [ -92.790497, 42.907352 ], [ -92.772002, 42.907137 ], [ -92.672895, 42.907126 ], [ -92.653394, 42.907095 ], [ -92.554211, 42.907112 ], [ -92.554405, 42.818271 ], [ -92.554413, 42.809936 ], [ -92.554438, 42.744634 ], [ -92.554495, 42.730127 ], [ -92.554799, 42.702689 ], [ -92.554761, 42.690366 ], [ -92.554411, 42.68588 ], [ -92.554492, 42.642314 ], [ -92.554493, 42.631914 ], [ -92.554655, 42.624981 ], [ -92.554256, 42.621073 ], [ -92.554497, 42.592029 ], [ -92.554516, 42.57753 ], [ -92.554624, 42.563065 ], [ -92.5543, 42.555854 ], [ -92.625192, 42.555792 ], [ -92.629493, 42.556047 ], [ -92.633076, 42.555821 ], [ -92.67302, 42.555801 ], [ -92.677933, 42.555814 ], [ -92.68773, 42.55584 ], [ -92.692531, 42.555854 ], [ -92.731943, 42.555869 ], [ -92.781104, 42.555842 ], [ -92.790647, 42.555845 ], [ -92.829906, 42.555918 ], [ -92.849575, 42.555938 ], [ -92.90795, 42.556199 ], [ -92.927617, 42.556395 ], [ -92.947275, 42.55657 ], [ -92.976777, 42.556675 ], [ -92.986588, 42.556708 ], [ -93.027, 42.55681 ], [ -93.026927, 42.562284 ] ] ] ] } },
{ "type": "Feature", "properties": { "STATEFP": "19", "COUNTYFP": "179", "COUNTYNS": "00465278", "GEOIDFQ": "0500000US19179", "GEOID": "19179", "NAME": "Wapello", "NAMELSAD": "Wapello County", "STUSPS": "IA", "STATE_NAME": "Iowa", "LSAD": "06", "ALAND": 1118466908.0, "AWATER": 10822775.0 }, "geometry": { "type": "MultiPolygon", "coordinates": [ [ [ [ -92.640376, 41.161402 ], [ -92.628478, 41.161291 ], [ -92.6118, 41.161486 ], [ -92.583198, 41.161509 ], [ -92.525545, 41.16151 ], [ -92.525115, 41.161513 ], [ -92.467729, 41.161719 ], [ -92.410233, 41.161942 ], [ -92.406042, 41.161925 ], [ -92.334238, 41.162155 ], [ -92.319859, 41.16224 ], [ -92.295933, 41.162303 ], [ -92.227955, 41.162539 ], [ -92.179974, 41.162662 ], [ -92.179675, 41.094193 ], [ -92.179658, 41.083331 ], [ -92.179647, 41.076178 ], [ -92.1796, 41.046017 ], [ -92.17946, 41.031285 ], [ -92.17948, 41.020769 ], [ -92.179492, 41.018537 ], [ -92.179382, 41.017815 ], [ -92.179441, 41.013227 ], [ -92.179531, 41.002425 ], [ -92.179249, 40.988267 ], [ -92.178986, 40.985338 ], [ -92.179217, 40.985037 ], [ -92.179072, 40.89972 ], [ -92.191876, 40.899646 ], [ -92.21171, 40.899535 ], [ -92.250744, 40.899467 ], [ -92.284557, 40.899343 ], [ -92.289009, 40.899283 ], [ -92.291239, 40.899213 ], [ -92.29471, 40.899324 ], [ -92.297562, 40.899433 ], [ -92.30096, 40.899285 ], [ -92.409336, 40.899116 ], [ -92.4097, 40.899115 ], [ -92.448009, 40.899028 ], [ -92.52476, 40.899115 ], [ -92.534086, 40.899092 ], [ -92.572319, 40.899019 ], [ -92.596136, 40.89894 ], [ -92.639091, 40.898886 ], [ -92.63937, 40.956847 ], [ -92.639229, 40.958655 ], [ -92.639315, 40.965917 ], [ -92.63949, 40.987122 ], [ -92.639554, 41.00424 ], [ -92.639165, 41.006443 ], [ -92.639536, 41.010024 ], [ -92.639573, 41.016134 ], [ -92.639635, 41.023258 ], [ -92.6397, 41.030491 ], [ -92.63976, 41.063145 ], [ -92.639849, 41.075047 ], [ -92.63993, 41.082253 ], [ -92.640192, 41.147147 ], [ -92.640145, 41.15778 ], [ -92.640376, 41.161402 ] ] ] ] } },
{ "type": "Feature", "properties": { "STATEFP": "19", "COUNTYFP": "087", "COUNTYNS": "00465232", "GEOIDFQ": "0500000US19087", "GEOID": "19087", "NAME": "Henry", "NAMELSAD": "Henry County", "STUSPS": "IA", "STATE_NAME": "Iowa", "LSAD": "06", "ALAND": 1124800190.0, "AWATER": 5774829.0 }, "geometry": { "type": "MultiPolygon", "coordinates": [ [ [ [ -91.718714, 40.831755 ], [ -91.718667, 40.842626 ], [ -91.718444, 40.871931 ], [ -91.718211, 40.893811 ], [ -91.71818, 40.901087 ], [ -91.717891, 40.926073 ], [ -91.717895, 40.937381 ], [ -91.717961, 40.962995 ], [ -91.718401, 40.966466 ], [ -91.718012, 40.969314 ], [ -91.718084, 40.988574 ], [ -91.718122, 41.002956 ], [ -91.717726, 41.011666 ], [ -91.718087, 41.0127 ], [ -91.717671, 41.041058 ], [ -91.717665, 41.041406 ], [ -91.717284, 41.061359 ], [ -91.717065, 41.075893 ], [ -91.717064, 41.075964 ], [ -91.716826, 41.087478 ], [ -91.716783, 41.092124 ], [ -91.716747, 41.098 ], [ -91.716578, 41.126739 ], [ -91.716065, 41.159231 ], [ -91.716051, 41.161377 ], [ -91.716042, 41.162808 ], [ -91.710244, 41.162823 ], [ -91.710231, 41.162823 ], [ -91.600847, 41.163564 ], [ -91.56348, 41.163102 ], [ -91.544619, 41.162953 ], [ -91.53953, 41.162737 ], [ -91.51497, 41.162682 ], [ -91.485717, 41.162405 ], [ -91.370298, 41.161247 ], [ -91.370459, 41.132202 ], [ -91.37071, 41.074112 ], [ -91.370772, 41.059597 ], [ -91.37089, 41.045041 ], [ -91.371103, 41.015923 ], [ -91.37134, 40.986846 ], [ -91.371387, 40.982493 ], [ -91.371491, 40.972616 ], [ -91.371561, 40.95782 ], [ -91.371705, 40.921512 ], [ -91.371787, 40.905341 ], [ -91.371824, 40.899694 ], [ -91.371793, 40.896937 ], [ -91.371695, 40.877931 ], [ -91.372095, 40.812631 ], [ -91.381886, 40.812685 ], [ -91.409453, 40.812905 ], [ -91.448686, 40.813062 ], [ -91.477457, 40.813236 ], [ -91.487647, 40.81325 ], [ -91.496478, 40.813279 ], [ -91.516355, 40.813411 ], [ -91.602941, 40.81389 ], [ -91.622322, 40.813882 ], [ -91.632006, 40.813901 ], [ -91.680105, 40.813646 ], [ -91.718787, 40.813544 ], [ -91.718714, 40.831755 ] ] ] ] } },
{ "type": "Feature", "properties": { "STATEFP": "19", "COUNTYFP": "183", "COUNTYNS": "00465280", "GEOIDFQ": "0500000US19183", "GEOID": "19183", "NAME": "Washington", "NAMELSAD": "Washington County", "STUSPS": "IA", "STATE_NAME": "Iowa", "LSAD": "06", "ALAND": 1473258541.0, "AWATER": 5339036.0 }, "geometry": { "type": "MultiPolygon", "coordinates": [ [ [ [ -91.946815, 41.352078 ], [ -91.946746, 41.359322 ], [ -91.94669, 41.364258 ], [ -91.946713, 41.366589 ], [ -91.946697, 41.370214 ], [ -91.946614, 41.381118 ], [ -91.946448, 41.410126 ], [ -91.946643, 41.424634 ], [ -91.946219, 41.453771 ], [ -91.946144, 41.46106 ], [ -91.946043, 41.510749 ], [ -91.9256, 41.510974 ], [ -91.844228, 41.511454 ], [ -91.843018, 41.511402 ], [ -91.829231, 41.511457 ], [ -91.771823, 41.511706 ], [ -91.767056, 41.511687 ], [ -91.713786, 41.511317 ], [ -91.704621, 41.5112 ], [ -91.63752, 41.510719 ], [ -91.608665, 41.510873 ], [ -91.598829, 41.510891 ], [ -91.519828, 41.51101 ], [ -91.526116, 41.509974 ], [ -91.528094, 41.508609 ], [ -91.527121, 41.50689 ], [ -91.518988, 41.502584 ], [ -91.51989, 41.499712 ], [ -91.519684, 41.49833 ], [ -91.518579, 41.497273 ], [ -91.516764, 41.496829 ], [ -91.514889, 41.497078 ], [ -91.513001, 41.498387 ], [ -91.511406, 41.501606 ], [ -91.510072, 41.502671 ], [ -91.508094, 41.502831 ], [ -91.506494, 41.500751 ], [ -91.508167, 41.498366 ], [ -91.510788, 41.497374 ], [ -91.510674, 41.494689 ], [ -91.509203, 41.493247 ], [ -91.506567, 41.492737 ], [ -91.503745, 41.493362 ], [ -91.503379, 41.491477 ], [ -91.501374, 41.487733 ], [ -91.502567, 41.485173 ], [ -91.501777, 41.4822 ], [ -91.502103, 41.47745 ], [ -91.503093, 41.476387 ], [ -91.505669, 41.476009 ], [ -91.508678, 41.477 ], [ -91.511362, 41.477 ], [ -91.51338, 41.475955 ], [ -91.514115, 41.474182 ], [ -91.514497, 41.471001 ], [ -91.516012, 41.469189 ], [ -91.515868, 41.467915 ], [ -91.514571, 41.466935 ], [ -91.510187, 41.465167 ], [ -91.505209, 41.461495 ], [ -91.498773, 41.459213 ], [ -91.498519, 41.458251 ], [ -91.499671, 41.45528 ], [ -91.498646, 41.453442 ], [ -91.502475, 41.450902 ], [ -91.50282, 41.449359 ], [ -91.500698, 41.446675 ], [ -91.491968, 41.441447 ], [ -91.490711, 41.440427 ], [ -91.487232, 41.433868 ], [ -91.485834, 41.429978 ], [ -91.483863, 41.428194 ], [ -91.483995, 41.423848 ], [ -91.484005, 41.418638 ], [ -91.484672, 41.336842 ], [ -91.484763, 41.307785 ], [ -91.484913, 41.293239 ], [ -91.485091, 41.281017 ], [ -91.485313, 41.256834 ], [ -91.485333, 41.25356 ], [ -91.485355, 41.251462 ], [ -91.48537, 41.249646 ], [ -91.48582, 41.220666 ], [ -91.485936, 41.206031 ], [ -91.485717, 41.162405 ], [ -91.51497, 41.162682 ], [ -91.53953, 41.162737 ], [ -91.544619, 41.162953 ], [ -91.56348, 41.163102 ], [ -91.600847, 41.163564 ], [ -91.710231, 41.162823 ], [ -91.710244, 41.162823 ], [ -91.716042, 41.162808 ], [ -91.718295, 41.162805 ], [ -91.720756, 41.162777 ], [ -91.744702, 41.162379 ], [ -91.746075, 41.162403 ], [ -91.763858, 41.162182 ], [ -91.821182, 41.16156 ], [ -91.830335, 41.161536 ], [ -91.831542, 41.161532 ], [ -91.850003, 41.16164 ], [ -91.860227, 41.161702 ], [ -91.907551, 41.16268 ], [ -91.936405, 41.163349 ], [ -91.945571, 41.163578 ], [ -91.944641, 41.222029 ], [ -91.944743, 41.236265 ], [ -91.944762, 41.240378 ], [ -91.945091, 41.251386 ], [ -91.946935, 41.33758 ], [ -91.946815, 41.352078 ] ] ] ] } },
{ "type": "Feature", "properties": { "STATEFP": "19", "COUNTYFP": "031", "COUNTYNS": "00465205", "GEOIDFQ": "0500000US19031", "GEOID": "19031", "NAME": "Cedar", "NAMELSAD": "Cedar County", "STUSPS": "IA", "STATE_NAME": "Iowa", "LSAD": "06", "ALAND": 1500798732.0, "AWATER": 6385833.0 }, "geometry": { "type": "MultiPolygon", "coordinates": [ [ [ [ -91.366425, 41.616781 ], [ -91.366395, 41.656457 ], [ -91.36632, 41.666207 ], [ -91.366296, 41.66735 ], [ -91.366285, 41.678326 ], [ -91.366276, 41.680926 ], [ -91.366268, 41.68188 ], [ -91.366072, 41.685579 ], [ -91.366067, 41.729196 ], [ -91.365989, 41.772922 ], [ -91.366019, 41.783714 ], [ -91.366045, 41.816539 ], [ -91.366046, 41.818502 ], [ -91.366079, 41.860068 ], [ -91.366221, 41.860069 ], [ -91.366119, 41.893897 ], [ -91.366006, 41.918271 ], [ -91.365877, 41.94741 ], [ -91.36563, 41.947393 ], [ -91.32775, 41.947184 ], [ -91.30767, 41.947205 ], [ -91.249113, 41.947205 ], [ -91.234488, 41.947185 ], [ -91.210218, 41.947082 ], [ -91.132172, 41.946778 ], [ -91.088334, 41.946677 ], [ -91.019933, 41.946604 ], [ -91.014978, 41.946596 ], [ -91.005342, 41.94663 ], [ -90.976503, 41.946686 ], [ -90.917904, 41.946293 ], [ -90.898484, 41.946245 ], [ -90.898611, 41.944367 ], [ -90.898461, 41.928125 ], [ -90.898434, 41.924344 ], [ -90.89845, 41.922562 ], [ -90.898072, 41.920396 ], [ -90.898941, 41.918528 ], [ -90.89875, 41.907488 ], [ -90.898462, 41.906488 ], [ -90.898276, 41.858722 ], [ -90.898593, 41.837002 ], [ -90.898329, 41.836855 ], [ -90.898427, 41.804207 ], [ -90.898373, 41.771392 ], [ -90.899091, 41.684182 ], [ -90.899092, 41.684106 ], [ -90.899232, 41.669755 ], [ -90.899733, 41.607361 ], [ -90.899762, 41.604213 ], [ -90.899756, 41.600691 ], [ -90.899804, 41.598597 ], [ -90.899853, 41.597133 ], [ -90.910319, 41.597141 ], [ -90.933793, 41.597228 ], [ -90.958001, 41.597295 ], [ -90.966526, 41.597301 ], [ -90.996692, 41.597382 ], [ -91.00529, 41.597384 ], [ -91.01655, 41.597405 ], [ -91.021857, 41.597401 ], [ -91.037067, 41.5974 ], [ -91.04296, 41.597411 ], [ -91.094335, 41.597469 ], [ -91.125329, 41.597619 ], [ -91.126349, 41.597623 ], [ -91.134322, 41.59763 ], [ -91.153719, 41.597602 ], [ -91.221009, 41.597933 ], [ -91.23093, 41.597936 ], [ -91.249708, 41.598005 ], [ -91.269394, 41.59808 ], [ -91.270075, 41.598052 ], [ -91.307884, 41.598134 ], [ -91.327781, 41.598129 ], [ -91.366448, 41.598373 ], [ -91.366425, 41.616781 ] ] ] ] } },
{ "type": "Feature", "properties": { "STATEFP": "19", "COUNTYFP": "101", "COUNTYNS": "00465239", "GEOIDFQ": "0500000US19101", "GEOID": "19101", "NAME": "Jefferson", "NAMELSAD": "Jefferson County", "STUSPS": "IA", "STATE_NAME": "Iowa", "LSAD": "06", "ALAND": 1128002432.0, "AWATER": 3522238.0 }, "geometry": { "type": "MultiPolygon", "coordinates": [ [ [ [ -92.179974, 41.162662 ], [ -92.063336, 41.163194 ], [ -92.022733, 41.163548 ], [ -91.964754, 41.16376 ], [ -91.950273, 41.163641 ], [ -91.945571, 41.163578 ], [ -91.936405, 41.163349 ], [ -91.907551, 41.16268 ], [ -91.860227, 41.161702 ], [ -91.850003, 41.16164 ], [ -91.831542, 41.161532 ], [ -91.830335, 41.161536 ], [ -91.821182, 41.16156 ], [ -91.763858, 41.162182 ], [ -91.746075, 41.162403 ], [ -91.744702, 41.162379 ], [ -91.720756, 41.162777 ], [ -91.718295, 41.162805 ], [ -91.716042, 41.162808 ], [ -91.716051, 41.161377 ], [ -91.716065, 41.159231 ], [ -91.716578, 41.126739 ], [ -91.716747, 41.098 ], [ -91.716783, 41.092124 ], [ -91.716826, 41.087478 ], [ -91.717064, 41.075964 ], [ -91.717065, 41.075893 ], [ -91.717284, 41.061359 ], [ -91.717665, 41.041406 ], [ -91.717671, 41.041058 ], [ -91.718087, 41.0127 ], [ -91.717726, 41.011666 ], [ -91.718122, 41.002956 ], [ -91.718084, 40.988574 ], [ -91.718012, 40.969314 ], [ -91.718401, 40.966466 ], [ -91.717961, 40.962995 ], [ -91.717895, 40.937381 ], [ -91.717891, 40.926073 ], [ -91.71818, 40.901087 ], [ -91.727888, 40.90094 ], [ -91.729946, 40.90096 ], [ -91.737234, 40.900735 ], [ -91.832812, 40.901163 ], [ -91.834653, 40.901106 ], [ -91.846531, 40.901119 ], [ -91.868084, 40.901261 ], [ -91.948358, 40.90085 ], [ -91.958147, 40.900738 ], [ -91.967716, 40.900602 ], [ -92.039578, 40.899927 ], [ -92.040206, 40.900069 ], [ -92.064365, 40.899943 ], [ -92.092861, 40.899739 ], [ -92.101969, 40.899755 ], [ -92.1404, 40.899783 ], [ -92.149909, 40.899776 ], [ -92.179072, 40.89972 ], [ -92.179217, 40.985037 ], [ -92.178986, 40.985338 ], [ -92.179249, 40.988267 ], [ -92.179531, 41.002425 ], [ -92.179441, 41.013227 ], [ -92.179382, 41.017815 ], [ -92.179492, 41.018537 ], [ -92.17948, 41.020769 ], [ -92.17946, 41.031285 ], [ -92.1796, 41.046017 ], [ -92.179647, 41.076178 ], [ -92.179658, 41.083331 ], [ -92.179675, 41.094193 ], [ -92.179974, 41.162662 ] ] ] ] } },
{ "type": "Feature", "properties": { "STATEFP": "19", "COUNTYFP": "079", "COUNTYNS": "00465228", "GEOIDFQ": "0500000US19079", "GEOID": "19079", "NAME": "Hamilton", "NAMELSAD": "Hamilton County", "STUSPS": "IA", "STATE_NAME": "Iowa", "LSAD": "06", "ALAND": 1493725535.0, "AWATER": 1956182.0 }, "geometry": { "type": "MultiPolygon", "coordinates": [ [ [ [ -93.97158, 42.47911 ], [ -93.971549, 42.486333 ], [ -93.971469, 42.507942 ], [ -93.97148, 42.522379 ], [ -93.971583, 42.558139 ], [ -93.941332, 42.557979 ], [ -93.921831, 42.557959 ], [ -93.912094, 42.557948 ], [ -93.90468, 42.557935 ], [ -93.90193, 42.557855 ], [ -93.899789, 42.557655 ], [ -93.897312, 42.557856 ], [ -93.89353, 42.557939 ], [ -93.853605, 42.557497 ], [ -93.853346, 42.557497 ], [ -93.832876, 42.557513 ], [ -93.827966, 42.557515 ], [ -93.734962, 42.557593 ], [ -93.695762, 42.557531 ], [ -93.665668, 42.557576 ], [ -93.617485, 42.557542 ], [ -93.588418, 42.557527 ], [ -93.568043, 42.557545 ], [ -93.519107, 42.557721 ], [ -93.500212, 42.557836 ], [ -93.499485, 42.5577 ], [ -93.499098, 42.470975 ], [ -93.462635, 42.470802 ], [ -93.462841, 42.448574 ], [ -93.462909, 42.427067 ], [ -93.462895, 42.383688 ], [ -93.462976, 42.324998 ], [ -93.462893, 42.310492 ], [ -93.462885, 42.296 ], [ -93.4631, 42.238298 ], [ -93.463043, 42.209302 ], [ -93.541981, 42.209279 ], [ -93.543059, 42.209358 ], [ -93.544239, 42.209281 ], [ -93.57061, 42.209146 ], [ -93.571411, 42.209253 ], [ -93.581299, 42.20918 ], [ -93.591016, 42.209234 ], [ -93.620188, 42.209321 ], [ -93.69839, 42.209339 ], [ -93.717857, 42.209369 ], [ -93.747148, 42.209429 ], [ -93.815729, 42.209597 ], [ -93.844943, 42.209678 ], [ -93.93158, 42.209908 ], [ -93.931795, 42.253317 ], [ -93.931799, 42.260565 ], [ -93.931831, 42.266593 ], [ -93.932029, 42.267778 ], [ -93.931845, 42.27187 ], [ -93.93184, 42.278667 ], [ -93.93184, 42.278684 ], [ -93.93185, 42.289481 ], [ -93.931659, 42.296319 ], [ -93.931696, 42.300019 ], [ -93.931729, 42.302843 ], [ -93.931637, 42.313498 ], [ -93.931893, 42.368647 ], [ -93.931912, 42.373906 ], [ -93.931905, 42.375797 ], [ -93.931906, 42.383705 ], [ -93.931684, 42.472011 ], [ -93.970808, 42.472076 ], [ -93.971599, 42.472082 ], [ -93.97158, 42.47911 ] ] ] ] } },
{ "type": "Feature", "properties": { "STATEFP": "19", "COUNTYFP": "047", "COUNTYNS": "00465212", "GEOIDFQ": "0500000US19047", "GEOID": "19047", "NAME": "Crawford", "NAMELSAD": "Crawford County", "STUSPS": "IA", "STATE_NAME": "Iowa", "LSAD": "06", "ALAND": 1849765413.0, "AWATER": 2171717.0 }, "geometry": { "type": "MultiPolygon", "coordinates": [ [ [ [ -95.672596, 41.867295 ], [ -95.672708, 41.877321 ], [ -95.672456, 41.883474 ], [ -95.672695, 41.886403 ], [ -95.672152, 41.950315 ], [ -95.672073, 41.964822 ], [ -95.671905, 42.013986 ], [ -95.672098, 42.01741 ], [ -95.672207, 42.028787 ], [ -95.671689, 42.034531 ], [ -95.671751, 42.037435 ], [ -95.671706, 42.051941 ], [ -95.671322, 42.110024 ], [ -95.671397, 42.122487 ], [ -95.671155, 42.124497 ], [ -95.671102, 42.13186 ], [ -95.670898, 42.146238 ], [ -95.670721, 42.175114 ], [ -95.670822, 42.211408 ], [ -95.669752, 42.211273 ], [ -95.652718, 42.211321 ], [ -95.642985, 42.211259 ], [ -95.633285, 42.211196 ], [ -95.613668, 42.211118 ], [ -95.608789, 42.211106 ], [ -95.603767, 42.211092 ], [ -95.589232, 42.211005 ], [ -95.564995, 42.210947 ], [ -95.555382, 42.21093 ], [ -95.546009, 42.21094 ], [ -95.458879, 42.210786 ], [ -95.439395, 42.210701 ], [ -95.362167, 42.210854 ], [ -95.32816, 42.210906 ], [ -95.323497, 42.210932 ], [ -95.304046, 42.210884 ], [ -95.265264, 42.210755 ], [ -95.22647, 42.210867 ], [ -95.207045, 42.210885 ], [ -95.187661, 42.210791 ], [ -95.090851, 42.210405 ], [ -95.091232, 42.167012 ], [ -95.091274, 42.160172 ], [ -95.091329, 42.123956 ], [ -95.091465, 42.108129 ], [ -95.09169, 42.086469 ], [ -95.091818, 42.064872 ], [ -95.091908, 42.036064 ], [ -95.092128, 41.994031 ], [ -95.092544, 41.950801 ], [ -95.092654, 41.920971 ], [ -95.093084, 41.882501 ], [ -95.092944, 41.877806 ], [ -95.092861, 41.863374 ], [ -95.209023, 41.863709 ], [ -95.305511, 41.86413 ], [ -95.323736, 41.864207 ], [ -95.324813, 41.8641 ], [ -95.32484, 41.864121 ], [ -95.344189, 41.863999 ], [ -95.349071, 41.863997 ], [ -95.353796, 41.863948 ], [ -95.362327, 41.863829 ], [ -95.363659, 41.86385 ], [ -95.373224, 41.863846 ], [ -95.401518, 41.863517 ], [ -95.402205, 41.863538 ], [ -95.408946, 41.863314 ], [ -95.429065, 41.863273 ], [ -95.440528, 41.863236 ], [ -95.459662, 41.863164 ], [ -95.557277, 41.863449 ], [ -95.595997, 41.8633 ], [ -95.596074, 41.8633 ], [ -95.59765, 41.863303 ], [ -95.672771, 41.863147 ], [ -95.672596, 41.867295 ] ] ] ] } },
{ "type": "Feature", "properties": { "STATEFP": "19", "COUNTYFP": "065", "COUNTYNS": "00465221", "GEOIDFQ": "0500000US19065", "GEOID": "19065", "NAME": "Fayette", "NAMELSAD": "Fayette County", "STUSPS": "IA", "STATE_NAME": "Iowa", "LSAD": "06", "ALAND": 1892806760.0, "AWATER": 1354955.0 }, "geometry": { "type": "MultiPolygon", "coordinates": [ [ [ [ -92.081812, 42.84024 ], [ -92.081564, 42.84748 ], [ -92.08155, 42.849303 ], [ -92.081575, 42.86025 ], [ -92.081408, 42.862064 ], [ -92.081691, 42.876646 ], [ -92.081721, 42.891162 ], [ -92.081568, 42.907013 ], [ -92.081452, 42.950484 ], [ -92.081482, 42.975581 ], [ -92.08148, 42.979698 ], [ -92.08158, 42.994063 ], [ -92.081562, 42.994198 ], [ -92.081238, 43.02329 ], [ -92.081495, 43.03045 ], [ -92.081497, 43.030705 ], [ -92.081146, 43.082794 ], [ -92.067429, 43.082725 ], [ -92.022816, 43.082728 ], [ -92.016271, 43.082394 ], [ -92.002107, 43.082281 ], [ -92.000168, 43.082556 ], [ -91.963156, 43.082519 ], [ -91.924431, 43.082495 ], [ -91.922576, 43.082332 ], [ -91.903856, 43.082193 ], [ -91.854425, 43.08192 ], [ -91.844246, 43.081914 ], [ -91.844013, 43.081914 ], [ -91.725232, 43.081769 ], [ -91.722679, 43.08175 ], [ -91.694565, 43.081825 ], [ -91.683091, 43.08183 ], [ -91.674042, 43.082045 ], [ -91.67302, 43.081825 ], [ -91.650177, 43.081795 ], [ -91.605307, 43.081653 ], [ -91.605466, 43.047456 ], [ -91.605482, 43.043824 ], [ -91.605958, 43.000987 ], [ -91.605986, 42.994721 ], [ -91.605736, 42.993234 ], [ -91.605968, 42.991836 ], [ -91.606002, 42.985274 ], [ -91.606086, 42.970595 ], [ -91.605654, 42.968223 ], [ -91.606471, 42.963537 ], [ -91.606233, 42.962491 ], [ -91.60631, 42.95175 ], [ -91.606368, 42.943273 ], [ -91.60661, 42.927811 ], [ -91.606617, 42.905634 ], [ -91.606854, 42.893671 ], [ -91.60713, 42.836752 ], [ -91.607313, 42.820005 ], [ -91.606597, 42.818549 ], [ -91.607524, 42.815523 ], [ -91.607561, 42.814935 ], [ -91.608412, 42.812905 ], [ -91.607827, 42.811243 ], [ -91.607471, 42.802663 ], [ -91.607737, 42.797375 ], [ -91.607343, 42.775014 ], [ -91.607165, 42.760427 ], [ -91.606525, 42.731359 ], [ -91.606426, 42.724057 ], [ -91.607059, 42.643973 ], [ -91.684564, 42.643391 ], [ -91.690938, 42.643341 ], [ -91.705591, 42.643232 ], [ -91.726064, 42.643089 ], [ -91.755461, 42.643289 ], [ -91.80473, 42.643583 ], [ -91.812581, 42.643619 ], [ -91.814544, 42.643621 ], [ -91.818613, 42.643622 ], [ -91.819448, 42.643622 ], [ -91.824299, 42.643625 ], [ -91.845046, 42.643626 ], [ -91.87703, 42.64305 ], [ -91.893265, 42.642829 ], [ -91.903732, 42.642376 ], [ -91.915857, 42.642033 ], [ -91.923303, 42.641833 ], [ -91.943182, 42.641934 ], [ -91.963727, 42.642181 ], [ -91.97018, 42.642191 ], [ -91.973494, 42.642195 ], [ -91.988277, 42.64221 ], [ -92.036448, 42.642142 ], [ -92.04017, 42.642133 ], [ -92.05037, 42.642109 ], [ -92.057875, 42.642119 ], [ -92.081661, 42.642056 ], [ -92.081656, 42.729755 ], [ -92.081745, 42.744137 ], [ -92.081766, 42.747808 ], [ -92.081566, 42.81842 ], [ -92.081605, 42.830549 ], [ -92.081884, 42.831375 ], [ -92.081812, 42.84024 ] ] ] ] } },
{ "type": "Feature", "properties": { "STATEFP": "19", "COUNTYFP": "169", "COUNTYNS": "00465273", "GEOIDFQ": "0500000US19169", "GEOID": "19169", "NAME": "Story", "NAMELSAD": "Story County", "STUSPS": "IA", "STATE_NAME": "Iowa", "LSAD": "06", "ALAND": 1482882549.0, "AWATER": 2862354.0 }, "geometry": { "type": "MultiPolygon", "coordinates": [ [ [ [ -93.698759, 42.039384 ], [ -93.698713, 42.041781 ], [ -93.698705, 42.056211 ], [ -93.698625, 42.084934 ], [ -93.69866, 42.092472 ], [ -93.698654, 42.123125 ], [ -93.698603, 42.137622 ], [ -93.698569, 42.159496 ], [ -93.698579, 42.162132 ], [ -93.69839, 42.209339 ], [ -93.620188, 42.209321 ], [ -93.591016, 42.209234 ], [ -93.581299, 42.20918 ], [ -93.571411, 42.209253 ], [ -93.57061, 42.209146 ], [ -93.544239, 42.209281 ], [ -93.543059, 42.209358 ], [ -93.541981, 42.209279 ], [ -93.463043, 42.209302 ], [ -93.453692, 42.209313 ], [ -93.434226, 42.209226 ], [ -93.385557, 42.209274 ], [ -93.375861, 42.209147 ], [ -93.346614, 42.209229 ], [ -93.338858, 42.209197 ], [ -93.27551, 42.209059 ], [ -93.265794, 42.209032 ], [ -93.246115, 42.209012 ], [ -93.232012, 42.209009 ], [ -93.231722, 42.208886 ], [ -93.231539, 42.122381 ], [ -93.231686, 42.034212 ], [ -93.231762, 41.975299 ], [ -93.231762, 41.971637 ], [ -93.231753, 41.964428 ], [ -93.231718, 41.949961 ], [ -93.231763, 41.927732 ], [ -93.231803, 41.916903 ], [ -93.23184, 41.866387 ], [ -93.231858, 41.862711 ], [ -93.244094, 41.862816 ], [ -93.250968, 41.862667 ], [ -93.251692, 41.862584 ], [ -93.252283, 41.862734 ], [ -93.347933, 41.863104 ], [ -93.463437, 41.863213 ], [ -93.473161, 41.863172 ], [ -93.483032, 41.863108 ], [ -93.492689, 41.863116 ], [ -93.571161, 41.863214 ], [ -93.580878, 41.863218 ], [ -93.600376, 41.863212 ], [ -93.619968, 41.863215 ], [ -93.678349, 41.863365 ], [ -93.688093, 41.863371 ], [ -93.698032, 41.86337 ], [ -93.698038, 41.870581 ], [ -93.698038, 41.870603 ], [ -93.698056, 41.877868 ], [ -93.698085, 41.888819 ], [ -93.698087, 41.892467 ], [ -93.698073, 41.950478 ], [ -93.698126, 41.961375 ], [ -93.698163, 41.964954 ], [ -93.698658, 42.008286 ], [ -93.698693, 42.014576 ], [ -93.698712, 42.015503 ], [ -93.698745, 42.022767 ], [ -93.698722, 42.029972 ], [ -93.698713, 42.03456 ], [ -93.698759, 42.039384 ] ] ] ] } },
{ "type": "Feature", "properties": { "STATEFP": "19", "COUNTYFP": "003", "COUNTYNS": "00465191", "GEOIDFQ": "0500000US19003", "GEOID": "19003", "NAME": "Adams", "NAMELSAD": "Adams County", "STUSPS": "IA", "STATE_NAME": "Iowa", "LSAD": "06", "ALAND": 1096686253.0, "AWATER": 5367876.0 }, "geometry": { "type": "MultiPolygon", "coordinates": [ [ [ [ -94.928604, 40.90177 ], [ -94.928056, 40.980222 ], [ -94.928041, 40.98621 ], [ -94.928179, 40.988401 ], [ -94.927733, 41.005595 ], [ -94.927864, 41.00849 ], [ -94.92784, 41.029968 ], [ -94.927683, 41.066023 ], [ -94.927684, 41.072318 ], [ -94.927464, 41.099516 ], [ -94.927584, 41.101474 ], [ -94.927632, 41.144396 ], [ -94.927632, 41.144596 ], [ -94.927609, 41.151719 ], [ -94.927587, 41.158508 ], [ -94.910699, 41.158424 ], [ -94.909863, 41.15847 ], [ -94.872398, 41.158446 ], [ -94.853213, 41.158465 ], [ -94.81495, 41.158392 ], [ -94.757481, 41.158186 ], [ -94.704982, 41.157903 ], [ -94.700589, 41.158085 ], [ -94.661892, 41.157953 ], [ -94.642893, 41.157956 ], [ -94.637795, 41.15778 ], [ -94.630337, 41.157949 ], [ -94.606302, 41.157851 ], [ -94.604384, 41.157919 ], [ -94.585358, 41.157886 ], [ -94.547455, 41.157806 ], [ -94.470603, 41.157566 ], [ -94.470711, 41.12904 ], [ -94.470557, 41.107473 ], [ -94.470529, 41.0714 ], [ -94.470749, 41.057918 ], [ -94.471013, 41.047049 ], [ -94.471044, 41.044605 ], [ -94.470513, 40.985578 ], [ -94.470498, 40.978804 ], [ -94.470493, 40.968028 ], [ -94.47046, 40.957201 ], [ -94.470452, 40.949938 ], [ -94.470467, 40.942733 ], [ -94.47051, 40.935483 ], [ -94.47053, 40.910338 ], [ -94.470592, 40.906545 ], [ -94.470779, 40.899502 ], [ -94.546735, 40.899362 ], [ -94.55626, 40.899414 ], [ -94.556373, 40.899414 ], [ -94.565604, 40.899397 ], [ -94.585531, 40.899529 ], [ -94.604592, 40.899575 ], [ -94.652121, 40.899686 ], [ -94.685387, 40.899774 ], [ -94.700152, 40.899817 ], [ -94.700347, 40.89995 ], [ -94.704141, 40.899882 ], [ -94.814826, 40.900597 ], [ -94.814858, 40.900597 ], [ -94.816179, 40.900595 ], [ -94.842749, 40.900785 ], [ -94.853008, 40.900605 ], [ -94.857717, 40.900601 ], [ -94.928459, 40.900653 ], [ -94.928604, 40.90177 ] ] ] ] } },
{ "type": "Feature", "properties": { "STATEFP": "19", "COUNTYFP": "013", "COUNTYNS": "00465196", "GEOIDFQ": "0500000US19013", "GEOID": "19013", "NAME": "Black Hawk", "NAMELSAD": "Black Hawk County", "STUSPS": "IA", "STATE_NAME": "Iowa", "LSAD": "06", "ALAND": 1465303202.0, "AWATER": 17928724.0 }, "geometry": { "type": "MultiPolygon", "coordinates": [ [ [ [ -92.554493, 42.631914 ], [ -92.554492, 42.642314 ], [ -92.529263, 42.642258 ], [ -92.514425, 42.64232 ], [ -92.501435, 42.642246 ], [ -92.498875, 42.642294 ], [ -92.494492, 42.642242 ], [ -92.475409, 42.642267 ], [ -92.451471, 42.642263 ], [ -92.450879, 42.642264 ], [ -92.436121, 42.642265 ], [ -92.416115, 42.642278 ], [ -92.396423, 42.642296 ], [ -92.371862, 42.642288 ], [ -92.366886, 42.642297 ], [ -92.317662, 42.642237 ], [ -92.258549, 42.6422 ], [ -92.248707, 42.642203 ], [ -92.229016, 42.642191 ], [ -92.19895, 42.642189 ], [ -92.18978, 42.642158 ], [ -92.147888, 42.642152 ], [ -92.116139, 42.641958 ], [ -92.081661, 42.642056 ], [ -92.082043, 42.569408 ], [ -92.082362, 42.565887 ], [ -92.08238, 42.554918 ], [ -92.082416, 42.526312 ], [ -92.082079, 42.522865 ], [ -92.08171, 42.482758 ], [ -92.081446, 42.468192 ], [ -92.073971, 42.468205 ], [ -92.064187, 42.468221 ], [ -92.064192, 42.464148 ], [ -92.064692, 42.384616 ], [ -92.06478, 42.374985 ], [ -92.064467, 42.370928 ], [ -92.064692, 42.367502 ], [ -92.064715, 42.348087 ], [ -92.064715, 42.34802 ], [ -92.064744, 42.299116 ], [ -92.064775, 42.297797 ], [ -92.064766, 42.297259 ], [ -92.084206, 42.29732 ], [ -92.093879, 42.297335 ], [ -92.181433, 42.297481 ], [ -92.196418, 42.297401 ], [ -92.220393, 42.297421 ], [ -92.298792, 42.297527 ], [ -92.416949, 42.297284 ], [ -92.465533, 42.297193 ], [ -92.494669, 42.29714 ], [ -92.53351, 42.297001 ], [ -92.533794, 42.369141 ], [ -92.533862, 42.384022 ], [ -92.533876, 42.391735 ], [ -92.533915, 42.413422 ], [ -92.533995, 42.442242 ], [ -92.534015, 42.469592 ], [ -92.55433, 42.469601 ], [ -92.554343, 42.498634 ], [ -92.5543, 42.555854 ], [ -92.554624, 42.563065 ], [ -92.554516, 42.57753 ], [ -92.554497, 42.592029 ], [ -92.554256, 42.621073 ], [ -92.554655, 42.624981 ], [ -92.554493, 42.631914 ] ] ] ] } },
{ "type": "Feature", "properties": { "STATEFP": "19", "COUNTYFP": "055", "COUNTYNS": "00465216", "GEOIDFQ": "0500000US19055", "GEOID": "19055", "NAME": "Delaware", "NAMELSAD": "Delaware County", "STUSPS": "IA", "STATE_NAME": "Iowa", "LSAD": "06", "ALAND": 1496193387.0, "AWATER": 3185375.0 }, "geometry": { "type": "MultiPolygon", "coordinates": [ [ [ [ -91.609048, 42.556445 ], [ -91.607059, 42.643973 ], [ -91.544606, 42.644236 ], [ -91.542217, 42.644406 ], [ -91.498295, 42.644103 ], [ -91.487992, 42.644021 ], [ -91.482455, 42.644016 ], [ -91.477476, 42.644022 ], [ -91.472604, 42.644043 ], [ -91.468431, 42.644072 ], [ -91.411009, 42.644382 ], [ -91.410972, 42.644383 ], [ -91.39278, 42.644571 ], [ -91.388844, 42.644641 ], [ -91.378977, 42.644813 ], [ -91.369187, 42.644905 ], [ -91.367182, 42.644954 ], [ -91.250802, 42.645576 ], [ -91.201521, 42.645752 ], [ -91.201213, 42.645746 ], [ -91.200999, 42.645756 ], [ -91.199761, 42.645763 ], [ -91.132766, 42.645844 ], [ -91.133941, 42.587751 ], [ -91.134439, 42.558658 ], [ -91.134347, 42.514986 ], [ -91.13422, 42.493137 ], [ -91.134219, 42.493104 ], [ -91.134304, 42.482294 ], [ -91.134195, 42.471269 ], [ -91.13089, 42.471262 ], [ -91.130788, 42.44367 ], [ -91.130619, 42.402897 ], [ -91.130616, 42.400855 ], [ -91.130584, 42.386308 ], [ -91.130496, 42.382639 ], [ -91.130356, 42.342961 ], [ -91.130316, 42.339439 ], [ -91.13027, 42.332138 ], [ -91.130225, 42.324867 ], [ -91.130147, 42.314679 ], [ -91.130106, 42.303055 ], [ -91.130079, 42.295761 ], [ -91.213717, 42.295958 ], [ -91.237232, 42.296001 ], [ -91.246726, 42.295879 ], [ -91.247237, 42.29618 ], [ -91.25969, 42.296287 ], [ -91.266349, 42.296111 ], [ -91.270021, 42.296238 ], [ -91.308718, 42.296102 ], [ -91.31062, 42.296432 ], [ -91.363263, 42.296445 ], [ -91.397914, 42.296359 ], [ -91.402533, 42.296362 ], [ -91.407529, 42.29634 ], [ -91.451133, 42.296211 ], [ -91.471096, 42.29617 ], [ -91.47999, 42.296164 ], [ -91.519198, 42.296219 ], [ -91.558365, 42.296321 ], [ -91.596981, 42.296408 ], [ -91.597552, 42.354709 ], [ -91.597829, 42.376532 ], [ -91.597842, 42.383988 ], [ -91.597419, 42.464328 ], [ -91.597397, 42.469242 ], [ -91.608508, 42.469275 ], [ -91.608561, 42.49842 ], [ -91.608711, 42.518442 ], [ -91.608713, 42.520289 ], [ -91.608745, 42.523813 ], [ -91.608913, 42.545682 ], [ -91.608969, 42.549342 ], [ -91.609048, 42.556445 ] ] ] ] } },
{ "type": "Feature", "properties": { "STATEFP": "19", "COUNTYFP": "077", "COUNTYNS": "00465227", "GEOIDFQ": "0500000US19077", "GEOID": "19077", "NAME": "Guthrie", "NAMELSAD": "Guthrie County", "STUSPS": "IA", "STATE_NAME": "Iowa", "LSAD": "06", "ALAND": 1529656727.0, "AWATER": 6355531.0 }, "geometry": { "type": "MultiPolygon", "coordinates": [ [ [ [ -94.744876, 41.862394 ], [ -94.686537, 41.86259 ], [ -94.676937, 41.862626 ], [ -94.674362, 41.862668 ], [ -94.674216, 41.862656 ], [ -94.667231, 41.862678 ], [ -94.628724, 41.862763 ], [ -94.512959, 41.863252 ], [ -94.492951, 41.863235 ], [ -94.478554, 41.863231 ], [ -94.415741, 41.863192 ], [ -94.396445, 41.863123 ], [ -94.367238, 41.863081 ], [ -94.357601, 41.863042 ], [ -94.28034, 41.862999 ], [ -94.280535, 41.834405 ], [ -94.280696, 41.790979 ], [ -94.280724, 41.776568 ], [ -94.28067, 41.731711 ], [ -94.280496, 41.688326 ], [ -94.279922, 41.645691 ], [ -94.279917, 41.637354 ], [ -94.280002, 41.62578 ], [ -94.279966, 41.622853 ], [ -94.279995, 41.615286 ], [ -94.279996, 41.614946 ], [ -94.280057, 41.601312 ], [ -94.241356, 41.600971 ], [ -94.241361, 41.576047 ], [ -94.241371, 41.561622 ], [ -94.24142, 41.521843 ], [ -94.241516, 41.509638 ], [ -94.241576, 41.509172 ], [ -94.241593, 41.503679 ], [ -94.272753, 41.50357 ], [ -94.280053, 41.503659 ], [ -94.294335, 41.503685 ], [ -94.308902, 41.503689 ], [ -94.327956, 41.503733 ], [ -94.337647, 41.503641 ], [ -94.356711, 41.503664 ], [ -94.356763, 41.503664 ], [ -94.414327, 41.503754 ], [ -94.471088, 41.50381 ], [ -94.488166, 41.503817 ], [ -94.514106, 41.503849 ], [ -94.51759, 41.50365 ], [ -94.523433, 41.503662 ], [ -94.523862, 41.5038 ], [ -94.528046, 41.503833 ], [ -94.528515, 41.503683 ], [ -94.52857, 41.503621 ], [ -94.585896, 41.503938 ], [ -94.624235, 41.503998 ], [ -94.629028, 41.503957 ], [ -94.657816, 41.504078 ], [ -94.681699, 41.504092 ], [ -94.700629, 41.504148 ], [ -94.70067, 41.518533 ], [ -94.700678, 41.53302 ], [ -94.700681, 41.540182 ], [ -94.700664, 41.543766 ], [ -94.70069, 41.547372 ], [ -94.700782, 41.569008 ], [ -94.700748, 41.576218 ], [ -94.700745, 41.602184 ], [ -94.710488, 41.602251 ], [ -94.714774, 41.602138 ], [ -94.719342, 41.602155 ], [ -94.744204, 41.602185 ], [ -94.7442, 41.609466 ], [ -94.744213, 41.631099 ], [ -94.744275, 41.63823 ], [ -94.744084, 41.667281 ], [ -94.744216, 41.688528 ], [ -94.744291, 41.697002 ], [ -94.744342, 41.703184 ], [ -94.744042, 41.746591 ], [ -94.744104, 41.776805 ], [ -94.744226, 41.805457 ], [ -94.744876, 41.862394 ] ] ] ] } },
{ "type": "Feature", "properties": { "STATEFP": "19", "COUNTYFP": "075", "COUNTYNS": "00465226", "GEOIDFQ": "0500000US19075", "GEOID": "19075", "NAME": "Grundy", "NAMELSAD": "Grundy County", "STUSPS": "IA", "STATE_NAME": "Iowa", "LSAD": "06", "ALAND": 1299799697.0, "AWATER": 92512.0 }, "geometry": { "type": "MultiPolygon", "coordinates": [ [ [ [ -93.026787, 42.528792 ], [ -93.027, 42.55681 ], [ -92.986588, 42.556708 ], [ -92.976777, 42.556675 ], [ -92.947275, 42.55657 ], [ -92.927617, 42.556395 ], [ -92.90795, 42.556199 ], [ -92.849575, 42.555938 ], [ -92.829906, 42.555918 ], [ -92.790647, 42.555845 ], [ -92.781104, 42.555842 ], [ -92.731943, 42.555869 ], [ -92.692531, 42.555854 ], [ -92.68773, 42.55584 ], [ -92.677933, 42.555814 ], [ -92.67302, 42.555801 ], [ -92.633076, 42.555821 ], [ -92.629493, 42.556047 ], [ -92.625192, 42.555792 ], [ -92.5543, 42.555854 ], [ -92.554343, 42.498634 ], [ -92.55433, 42.469601 ], [ -92.534015, 42.469592 ], [ -92.533995, 42.442242 ], [ -92.533915, 42.413422 ], [ -92.533876, 42.391735 ], [ -92.533862, 42.384022 ], [ -92.533794, 42.369141 ], [ -92.53351, 42.297001 ], [ -92.5723, 42.296881 ], [ -92.650935, 42.296885 ], [ -92.709219, 42.296807 ], [ -92.728612, 42.296807 ], [ -92.757665, 42.296695 ], [ -92.76809, 42.29668 ], [ -92.767952, 42.278819 ], [ -92.767924, 42.275255 ], [ -92.767463, 42.21014 ], [ -92.777204, 42.210064 ], [ -92.869334, 42.21007 ], [ -92.874153, 42.210061 ], [ -92.884997, 42.210004 ], [ -93.001674, 42.209267 ], [ -93.001872, 42.256281 ], [ -93.001929, 42.26718 ], [ -93.002023, 42.281706 ], [ -93.002076, 42.296205 ], [ -93.002118, 42.317822 ], [ -93.002269, 42.3538 ], [ -93.002248, 42.368388 ], [ -93.002368, 42.383452 ], [ -93.002504, 42.397836 ], [ -93.002904, 42.460686 ], [ -93.002586, 42.463588 ], [ -93.002846, 42.464955 ], [ -93.002902, 42.470638 ], [ -93.027115, 42.470776 ], [ -93.026787, 42.528792 ] ] ] ] } },
{ "type": "Feature", "properties": { "STATEFP": "19", "COUNTYFP": "147", "COUNTYNS": "00465262", "GEOIDFQ": "0500000US19147", "GEOID": "19147", "NAME": "Palo Alto", "NAMELSAD": "Palo Alto County", "STUSPS": "IA", "STATE_NAME": "Iowa", "LSAD": "06", "ALAND": 1460400553.0, "AWATER": 14428727.0 }, "geometry": { "type": "MultiPolygon", "coordinates": [ [ [ [ -94.913823, 42.953229 ], [ -94.913838, 42.96773 ], [ -94.913864, 42.995794 ], [ -94.913848, 43.003174 ], [ -94.91357, 43.083078 ], [ -94.913566, 43.126344 ], [ -94.913597, 43.140793 ], [ -94.913459, 43.168747 ], [ -94.913678, 43.212176 ], [ -94.913723, 43.255054 ], [ -94.816234, 43.255458 ], [ -94.796925, 43.255245 ], [ -94.762696, 43.255254 ], [ -94.738747, 43.255339 ], [ -94.737051, 43.255458 ], [ -94.736562, 43.255345 ], [ -94.678672, 43.255298 ], [ -94.608556, 43.25514 ], [ -94.599899, 43.255322 ], [ -94.590279, 43.25541 ], [ -94.560293, 43.255231 ], [ -94.443137, 43.255014 ], [ -94.442751, 43.168885 ], [ -94.442688, 43.155085 ], [ -94.442595, 43.082864 ], [ -94.442604, 43.052723 ], [ -94.442619, 43.031082 ], [ -94.442774, 42.995048 ], [ -94.442775, 42.994969 ], [ -94.442878, 42.980427 ], [ -94.442954, 42.969546 ], [ -94.44297, 42.965944 ], [ -94.443053, 42.951501 ], [ -94.443053, 42.95149 ], [ -94.44307, 42.944273 ], [ -94.443136, 42.909498 ], [ -94.442954, 42.908073 ], [ -94.521453, 42.908485 ], [ -94.531424, 42.908615 ], [ -94.541199, 42.908743 ], [ -94.551025, 42.908803 ], [ -94.560497, 42.908931 ], [ -94.580269, 42.908999 ], [ -94.599899, 42.909066 ], [ -94.609807, 42.909067 ], [ -94.619603, 42.909104 ], [ -94.658812, 42.908996 ], [ -94.677949, 42.908857 ], [ -94.678737, 42.908873 ], [ -94.767392, 42.90913 ], [ -94.777103, 42.909133 ], [ -94.791862, 42.909125 ], [ -94.796877, 42.909127 ], [ -94.91389, 42.9097 ], [ -94.913823, 42.953229 ] ] ] ] } },
{ "type": "Feature", "properties": { "STATEFP": "19", "COUNTYFP": "083", "COUNTYNS": "00465230", "GEOIDFQ": "0500000US19083", "GEOID": "19083", "NAME": "Hardin", "NAMELSAD": "Hardin County", "STUSPS": "IA", "STATE_NAME": "Iowa", "LSAD": "06", "ALAND": 1474498036.0, "AWATER": 1783759.0 }, "geometry": { "type": "MultiPolygon", "coordinates": [ [ [ [ -93.499485, 42.5577 ], [ -93.480764, 42.55764 ], [ -93.478669, 42.557622 ], [ -93.419909, 42.557541 ], [ -93.405432, 42.557314 ], [ -93.396949, 42.557398 ], [ -93.390776, 42.557629 ], [ -93.380889, 42.557563 ], [ -93.360653, 42.557498 ], [ -93.321155, 42.557378 ], [ -93.311374, 42.557339 ], [ -93.262149, 42.557112 ], [ -93.193565, 42.55695 ], [ -93.154422, 42.556778 ], [ -93.144583, 42.556742 ], [ -93.066113, 42.556776 ], [ -93.046784, 42.556777 ], [ -93.041651, 42.556788 ], [ -93.040652, 42.556788 ], [ -93.027, 42.55681 ], [ -93.026787, 42.528792 ], [ -93.027115, 42.470776 ], [ -93.002902, 42.470638 ], [ -93.002846, 42.464955 ], [ -93.002586, 42.463588 ], [ -93.002904, 42.460686 ], [ -93.002504, 42.397836 ], [ -93.002368, 42.383452 ], [ -93.002248, 42.368388 ], [ -93.002269, 42.3538 ], [ -93.002118, 42.317822 ], [ -93.002076, 42.296205 ], [ -93.002023, 42.281706 ], [ -93.001929, 42.26718 ], [ -93.001872, 42.256281 ], [ -93.001674, 42.209267 ], [ -93.033377, 42.209262 ], [ -93.117879, 42.208733 ], [ -93.122754, 42.208702 ], [ -93.151991, 42.208742 ], [ -93.195807, 42.208819 ], [ -93.215304, 42.208849 ], [ -93.231722, 42.208886 ], [ -93.232012, 42.209009 ], [ -93.246115, 42.209012 ], [ -93.265794, 42.209032 ], [ -93.27551, 42.209059 ], [ -93.338858, 42.209197 ], [ -93.346614, 42.209229 ], [ -93.375861, 42.209147 ], [ -93.385557, 42.209274 ], [ -93.434226, 42.209226 ], [ -93.453692, 42.209313 ], [ -93.463043, 42.209302 ], [ -93.4631, 42.238298 ], [ -93.462885, 42.296 ], [ -93.462893, 42.310492 ], [ -93.462976, 42.324998 ], [ -93.462895, 42.383688 ], [ -93.462909, 42.427067 ], [ -93.462841, 42.448574 ], [ -93.462635, 42.470802 ], [ -93.499098, 42.470975 ], [ -93.499485, 42.5577 ] ] ] ] } },
{ "type": "Feature", "properties": { "STATEFP": "19", "COUNTYFP": "035", "COUNTYNS": "00465207", "GEOIDFQ": "0500000US19035", "GEOID": "19035", "NAME": "Cherokee", "NAMELSAD": "Cherokee County", "STUSPS": "IA", "STATE_NAME": "Iowa", "LSAD": "06", "ALAND": 1494181144.0, "AWATER": 423160.0 }, "geometry": { "type": "MultiPolygon", "coordinates": [ [ [ [ -95.86081, 42.720784 ], [ -95.860449, 42.735203 ], [ -95.859415, 42.77886 ], [ -95.858827, 42.808011 ], [ -95.85857, 42.822509 ], [ -95.859078, 42.887741 ], [ -95.859377, 42.909097 ], [ -95.780608, 42.909591 ], [ -95.741036, 42.909713 ], [ -95.702008, 42.909822 ], [ -95.62304, 42.910311 ], [ -95.56393, 42.910101 ], [ -95.505176, 42.910034 ], [ -95.504786, 42.910034 ], [ -95.427626, 42.909941 ], [ -95.420281, 42.909846 ], [ -95.413236, 42.91001 ], [ -95.388182, 42.909897 ], [ -95.388194, 42.901695 ], [ -95.388149, 42.865378 ], [ -95.387778, 42.821877 ], [ -95.387563, 42.748767 ], [ -95.3875, 42.734301 ], [ -95.387871, 42.691295 ], [ -95.388043, 42.662301 ], [ -95.388185, 42.647797 ], [ -95.388065, 42.590869 ], [ -95.38799, 42.576368 ], [ -95.387988, 42.569048 ], [ -95.38801, 42.561742 ], [ -95.444354, 42.561792 ], [ -95.446883, 42.561785 ], [ -95.486115, 42.56184 ], [ -95.506122, 42.561875 ], [ -95.594486, 42.561779 ], [ -95.623127, 42.561658 ], [ -95.632997, 42.561641 ], [ -95.68205, 42.561361 ], [ -95.741611, 42.561285 ], [ -95.779399, 42.561235 ], [ -95.78062, 42.56102 ], [ -95.800289, 42.560883 ], [ -95.819988, 42.560775 ], [ -95.839548, 42.56066 ], [ -95.859949, 42.56062 ], [ -95.859814, 42.567823 ], [ -95.859709, 42.575072 ], [ -95.859542, 42.585988 ], [ -95.859689, 42.62593 ], [ -95.859915, 42.648413 ], [ -95.860265, 42.699052 ], [ -95.860626, 42.713598 ], [ -95.86081, 42.720784 ] ] ] ] } },
{ "type": "Feature", "properties": { "STATEFP": "19", "COUNTYFP": "151", "COUNTYNS": "00465264", "GEOIDFQ": "0500000US19151", "GEOID": "19151", "NAME": "Pocahontas", "NAMELSAD": "Pocahontas County", "STUSPS": "IA", "STATE_NAME": "Iowa", "LSAD": "06", "ALAND": 1495047199.0, "AWATER": 3666528.0 }, "geometry": { "type": "MultiPolygon", "coordinates": [ [ [ [ -94.915362, 42.665287 ], [ -94.914094, 42.726956 ], [ -94.913927, 42.734438 ], [ -94.913851, 42.748832 ], [ -94.913858, 42.792438 ], [ -94.913862, 42.806951 ], [ -94.913865, 42.82178 ], [ -94.913862, 42.829067 ], [ -94.91384, 42.855374 ], [ -94.913894, 42.903955 ], [ -94.91389, 42.9097 ], [ -94.796877, 42.909127 ], [ -94.791862, 42.909125 ], [ -94.777103, 42.909133 ], [ -94.767392, 42.90913 ], [ -94.678737, 42.908873 ], [ -94.677949, 42.908857 ], [ -94.658812, 42.908996 ], [ -94.619603, 42.909104 ], [ -94.609807, 42.909067 ], [ -94.599899, 42.909066 ], [ -94.580269, 42.908999 ], [ -94.560497, 42.908931 ], [ -94.551025, 42.908803 ], [ -94.541199, 42.908743 ], [ -94.531424, 42.908615 ], [ -94.521453, 42.908485 ], [ -94.442954, 42.908073 ], [ -94.442956, 42.891709 ], [ -94.442998, 42.888041 ], [ -94.442778, 42.877453 ], [ -94.442541, 42.862812 ], [ -94.442777, 42.862597 ], [ -94.442959, 42.819676 ], [ -94.442962, 42.819528 ], [ -94.443021, 42.783035 ], [ -94.443147, 42.736331 ], [ -94.443157, 42.733642 ], [ -94.443143, 42.732426 ], [ -94.443112, 42.724639 ], [ -94.443105, 42.717427 ], [ -94.443083, 42.645164 ], [ -94.443274, 42.638153 ], [ -94.443438, 42.616519 ], [ -94.443578, 42.595145 ], [ -94.443112, 42.5869 ], [ -94.443024, 42.558843 ], [ -94.560114, 42.559219 ], [ -94.604201, 42.559595 ], [ -94.618853, 42.56 ], [ -94.657927, 42.559624 ], [ -94.678125, 42.559208 ], [ -94.697407, 42.559303 ], [ -94.717036, 42.559262 ], [ -94.719748, 42.559339 ], [ -94.723562, 42.559247 ], [ -94.766242, 42.559526 ], [ -94.796398, 42.559617 ], [ -94.835682, 42.559939 ], [ -94.855361, 42.560072 ], [ -94.914485, 42.560309 ], [ -94.915292, 42.618281 ], [ -94.915564, 42.647129 ], [ -94.915362, 42.665287 ] ] ] ] } },
{ "type": "Feature", "properties": { "STATEFP": "19", "COUNTYFP": "009", "COUNTYNS": "00465194", "GEOIDFQ": "0500000US19009", "GEOID": "19009", "NAME": "Audubon", "NAMELSAD": "Audubon County", "STUSPS": "IA", "STATE_NAME": "Iowa", "LSAD": "06", "ALAND": 1147262317.0, "AWATER": 1152260.0 }, "geometry": { "type": "MultiPolygon", "coordinates": [ [ [ [ -95.093304, 41.776945 ], [ -95.093038, 41.798444 ], [ -95.092861, 41.863374 ], [ -95.014912, 41.863024 ], [ -94.976252, 41.86293 ], [ -94.90807, 41.863009 ], [ -94.859761, 41.862823 ], [ -94.802792, 41.862895 ], [ -94.783478, 41.862913 ], [ -94.744876, 41.862394 ], [ -94.744226, 41.805457 ], [ -94.744104, 41.776805 ], [ -94.744042, 41.746591 ], [ -94.744342, 41.703184 ], [ -94.744291, 41.697002 ], [ -94.744216, 41.688528 ], [ -94.744084, 41.667281 ], [ -94.744275, 41.63823 ], [ -94.744213, 41.631099 ], [ -94.7442, 41.609466 ], [ -94.744204, 41.602185 ], [ -94.719342, 41.602155 ], [ -94.714774, 41.602138 ], [ -94.710488, 41.602251 ], [ -94.700745, 41.602184 ], [ -94.700748, 41.576218 ], [ -94.700782, 41.569008 ], [ -94.70069, 41.547372 ], [ -94.700664, 41.543766 ], [ -94.700681, 41.540182 ], [ -94.700678, 41.53302 ], [ -94.70067, 41.518533 ], [ -94.700629, 41.504148 ], [ -94.777283, 41.504294 ], [ -94.815826, 41.50442 ], [ -94.835067, 41.5044 ], [ -94.868743, 41.504586 ], [ -94.897768, 41.504492 ], [ -94.92638, 41.504524 ], [ -94.945629, 41.504603 ], [ -95.04077, 41.50469 ], [ -95.040743, 41.519292 ], [ -95.040748, 41.602152 ], [ -95.055082, 41.602164 ], [ -95.064777, 41.602147 ], [ -95.09252, 41.602055 ], [ -95.092654, 41.659731 ], [ -95.092789, 41.667253 ], [ -95.093161, 41.688352 ], [ -95.093203, 41.702771 ], [ -95.093304, 41.776945 ] ] ] ] } },
{ "type": "Feature", "properties": { "STATEFP": "19", "COUNTYFP": "011", "COUNTYNS": "00465195", "GEOIDFQ": "0500000US19011", "GEOID": "19011", "NAME": "Benton", "NAMELSAD": "Benton County", "STUSPS": "IA", "STATE_NAME": "Iowa", "LSAD": "06", "ALAND": 1854696287.0, "AWATER": 5857896.0 }, "geometry": { "type": "MultiPolygon", "coordinates": [ [ [ [ -92.299219, 42.170457 ], [ -92.299152, 42.181236 ], [ -92.298845, 42.210769 ], [ -92.298792, 42.297527 ], [ -92.220393, 42.297421 ], [ -92.196418, 42.297401 ], [ -92.181433, 42.297481 ], [ -92.093879, 42.297335 ], [ -92.084206, 42.29732 ], [ -92.064766, 42.297259 ], [ -92.062503, 42.297253 ], [ -92.05062, 42.297229 ], [ -91.996925, 42.297574 ], [ -91.996838, 42.297574 ], [ -91.991527, 42.297647 ], [ -91.965073, 42.297282 ], [ -91.959187, 42.297533 ], [ -91.948106, 42.29749 ], [ -91.909134, 42.297933 ], [ -91.889526, 42.298211 ], [ -91.870011, 42.298468 ], [ -91.831089, 42.299063 ], [ -91.831527, 42.273523 ], [ -91.831764, 42.262751 ], [ -91.832075, 42.244595 ], [ -91.83243, 42.223063 ], [ -91.832613, 42.212032 ], [ -91.833508, 42.176304 ], [ -91.834532, 42.124607 ], [ -91.834733, 42.095281 ], [ -91.834757, 42.083283 ], [ -91.83472, 42.082773 ], [ -91.834758, 42.082489 ], [ -91.835262, 42.036954 ], [ -91.833654, 41.96401 ], [ -91.833289, 41.949373 ], [ -91.831684, 41.88727 ], [ -91.831641, 41.883451 ], [ -91.83161, 41.879691 ], [ -91.8316, 41.879333 ], [ -91.831555, 41.875494 ], [ -91.831466, 41.869114 ], [ -91.831379, 41.861851 ], [ -91.908667, 41.861606 ], [ -91.947732, 41.861856 ], [ -91.98637, 41.862162 ], [ -92.000179, 41.862447 ], [ -92.024192, 41.862525 ], [ -92.030149, 41.86254 ], [ -92.054513, 41.862693 ], [ -92.064458, 41.862984 ], [ -92.122538, 41.862731 ], [ -92.124193, 41.862674 ], [ -92.127159, 41.862707 ], [ -92.181143, 41.862601 ], [ -92.186647, 41.862593 ], [ -92.190253, 41.862684 ], [ -92.23022, 41.86273 ], [ -92.230925, 41.862979 ], [ -92.239527, 41.863057 ], [ -92.298164, 41.862779 ], [ -92.298009, 41.884823 ], [ -92.298012, 41.891912 ], [ -92.298027, 41.898576 ], [ -92.29811, 41.907165 ], [ -92.297784, 41.935274 ], [ -92.297656, 41.949644 ], [ -92.297755, 41.964267 ], [ -92.297284, 41.970489 ], [ -92.297269, 41.978542 ], [ -92.297715, 41.992936 ], [ -92.298484, 42.0362 ], [ -92.298696, 42.043366 ], [ -92.298837, 42.065112 ], [ -92.29913, 42.079501 ], [ -92.299118, 42.12327 ], [ -92.299152, 42.137796 ], [ -92.299324, 42.163123 ], [ -92.299219, 42.170457 ] ] ] ] } },
{ "type": "Feature", "properties": { "STATEFP": "19", "COUNTYFP": "175", "COUNTYNS": "00465276", "GEOIDFQ": "0500000US19175", "GEOID": "19175", "NAME": "Union", "NAMELSAD": "Union County", "STUSPS": "IA", "STATE_NAME": "Iowa", "LSAD": "06", "ALAND": 1097235795.0, "AWATER": 5575854.0 }, "geometry": { "type": "MultiPolygon", "coordinates": [ [ [ [ -94.471013, 41.047049 ], [ -94.470749, 41.057918 ], [ -94.470529, 41.0714 ], [ -94.470557, 41.107473 ], [ -94.470711, 41.12904 ], [ -94.470603, 41.157566 ], [ -94.414199, 41.157527 ], [ -94.357061, 41.157449 ], [ -94.325392, 41.157426 ], [ -94.325003, 41.157439 ], [ -94.260809, 41.157208 ], [ -94.241637, 41.157134 ], [ -94.184911, 41.15701 ], [ -94.181663, 41.156663 ], [ -94.166002, 41.157052 ], [ -94.147072, 41.156797 ], [ -94.12786, 41.15684 ], [ -94.090481, 41.156771 ], [ -94.073696, 41.156674 ], [ -94.071034, 41.156739 ], [ -94.014189, 41.156762 ], [ -94.014436, 41.113642 ], [ -94.014415, 41.070237 ], [ -94.014481, 41.051992 ], [ -94.014651, 40.999992 ], [ -94.014887, 40.997986 ], [ -94.014878, 40.983712 ], [ -94.014821, 40.962067 ], [ -94.014862, 40.900955 ], [ -94.014821, 40.900852 ], [ -94.014803, 40.897031 ], [ -94.024386, 40.897054 ], [ -94.100072, 40.897314 ], [ -94.100464, 40.897385 ], [ -94.128776, 40.897539 ], [ -94.128843, 40.897539 ], [ -94.223991, 40.897954 ], [ -94.242394, 40.897931 ], [ -94.25668, 40.898164 ], [ -94.268589, 40.898363 ], [ -94.270942, 40.898405 ], [ -94.300008, 40.898765 ], [ -94.357301, 40.899187 ], [ -94.395329, 40.899261 ], [ -94.40029, 40.899264 ], [ -94.433997, 40.899265 ], [ -94.437891, 40.899273 ], [ -94.470779, 40.899502 ], [ -94.470592, 40.906545 ], [ -94.47053, 40.910338 ], [ -94.47051, 40.935483 ], [ -94.470467, 40.942733 ], [ -94.470452, 40.949938 ], [ -94.47046, 40.957201 ], [ -94.470493, 40.968028 ], [ -94.470498, 40.978804 ], [ -94.470513, 40.985578 ], [ -94.471044, 41.044605 ], [ -94.471013, 41.047049 ] ] ] ] } },
{ "type": "Feature", "properties": { "STATEFP": "19", "COUNTYFP": "067", "COUNTYNS": "00465222", "GEOIDFQ": "0500000US19067", "GEOID": "19067", "NAME": "Floyd", "NAMELSAD": "Floyd County", "STUSPS": "IA", "STATE_NAME": "Iowa", "LSAD": "06", "ALAND": 1296471923.0, "AWATER": 2023930.0 }, "geometry": { "type": "MultiPolygon", "coordinates": [ [ [ [ -93.025079, 42.918388 ], [ -93.025036, 42.925638 ], [ -93.024968, 42.936457 ], [ -93.024701, 42.965426 ], [ -93.024628, 42.980218 ], [ -93.023492, 42.994571 ], [ -93.023429, 43.001947 ], [ -93.023346, 43.009011 ], [ -93.022976, 43.032772 ], [ -93.023251, 43.039177 ], [ -93.023085, 43.040107 ], [ -93.023787, 43.083144 ], [ -93.023754, 43.086873 ], [ -93.023964, 43.09566 ], [ -93.023725, 43.097433 ], [ -93.023611, 43.111771 ], [ -93.023444, 43.133615 ], [ -93.023715, 43.146817 ], [ -93.02367, 43.146976 ], [ -93.02368, 43.147457 ], [ -93.023849, 43.155344 ], [ -93.024049, 43.169279 ], [ -93.024043, 43.191031 ], [ -93.024092, 43.212812 ], [ -92.984389, 43.212709 ], [ -92.964509, 43.212598 ], [ -92.959556, 43.212596 ], [ -92.93511, 43.212702 ], [ -92.934642, 43.212704 ], [ -92.905007, 43.21276 ], [ -92.879567, 43.212729 ], [ -92.810452, 43.21258 ], [ -92.805393, 43.212636 ], [ -92.800587, 43.21267 ], [ -92.752184, 43.212819 ], [ -92.732347, 43.212715 ], [ -92.722331, 43.212677 ], [ -92.712381, 43.212638 ], [ -92.692839, 43.212503 ], [ -92.594204, 43.212783 ], [ -92.554381, 43.212813 ], [ -92.554406, 43.191065 ], [ -92.554464, 43.16931 ], [ -92.554155, 43.12499 ], [ -92.554061, 43.124108 ], [ -92.55407, 43.097672 ], [ -92.554078, 43.083071 ], [ -92.554099, 43.037788 ], [ -92.554101, 43.023236 ], [ -92.554165, 43.008748 ], [ -92.554182, 42.994252 ], [ -92.554137, 42.962693 ], [ -92.554142, 42.96163 ], [ -92.554197, 42.936191 ], [ -92.554211, 42.907112 ], [ -92.653394, 42.907095 ], [ -92.672895, 42.907126 ], [ -92.772002, 42.907137 ], [ -92.790497, 42.907352 ], [ -92.800226, 42.907324 ], [ -92.802748, 42.907317 ], [ -92.805214, 42.90731 ], [ -92.808858, 42.907298 ], [ -92.819121, 42.907165 ], [ -92.829755, 42.907277 ], [ -92.844517, 42.907322 ], [ -92.906809, 42.907374 ], [ -92.946183, 42.907451 ], [ -92.985714, 42.907521 ], [ -93.025144, 42.907549 ], [ -93.025079, 42.918388 ] ] ] ] } },
{ "type": "Feature", "properties": { "STATEFP": "19", "COUNTYFP": "039", "COUNTYNS": "00465209", "GEOIDFQ": "0500000US19039", "GEOID": "19039", "NAME": "Clarke", "NAMELSAD": "Clarke County", "STUSPS": "IA", "STATE_NAME": "Iowa", "LSAD": "06", "ALAND": 1116573604.0, "AWATER": 1524746.0 }, "geometry": { "type": "MultiPolygon", "coordinates": [ [ [ [ -94.014887, 40.997986 ], [ -94.014651, 40.999992 ], [ -94.014481, 41.051992 ], [ -94.014415, 41.070237 ], [ -94.014436, 41.113642 ], [ -94.014189, 41.156762 ], [ -93.97535, 41.156726 ], [ -93.917711, 41.156535 ], [ -93.917431, 41.156659 ], [ -93.898813, 41.15661 ], [ -93.885634, 41.15724 ], [ -93.884801, 41.157171 ], [ -93.884645, 41.157105 ], [ -93.875223, 41.157768 ], [ -93.863809, 41.158037 ], [ -93.808351, 41.161162 ], [ -93.793642, 41.161669 ], [ -93.789196, 41.162035 ], [ -93.784202, 41.162082 ], [ -93.680236, 41.161706 ], [ -93.678132, 41.161788 ], [ -93.673283, 41.161785 ], [ -93.596389, 41.161547 ], [ -93.557556, 41.161271 ], [ -93.557246, 41.153861 ], [ -93.557229, 41.117501 ], [ -93.557171, 41.116872 ], [ -93.55707, 41.073696 ], [ -93.556653, 41.00441 ], [ -93.556586, 40.996847 ], [ -93.55683, 40.993549 ], [ -93.556677, 40.986251 ], [ -93.556705, 40.986094 ], [ -93.556912, 40.956511 ], [ -93.556801, 40.954696 ], [ -93.556726, 40.919722 ], [ -93.55654, 40.898295 ], [ -93.633239, 40.899187 ], [ -93.642314, 40.899242 ], [ -93.66208, 40.899347 ], [ -93.67148, 40.899354 ], [ -93.671701, 40.899354 ], [ -93.727614, 40.899273 ], [ -93.741726, 40.8993 ], [ -93.787031, 40.89935 ], [ -93.797113, 40.899169 ], [ -93.797489, 40.899163 ], [ -93.831112, 40.898403 ], [ -93.835317, 40.898414 ], [ -93.838166, 40.898203 ], [ -93.863051, 40.897697 ], [ -93.900528, 40.896761 ], [ -93.904967, 40.89667 ], [ -93.909668, 40.896703 ], [ -93.976085, 40.896953 ], [ -93.978607, 40.896832 ], [ -94.014803, 40.897031 ], [ -94.014821, 40.900852 ], [ -94.014862, 40.900955 ], [ -94.014821, 40.962067 ], [ -94.014878, 40.983712 ], [ -94.014887, 40.997986 ] ] ] ] } },
{ "type": "Feature", "properties": { "STATEFP": "19", "COUNTYFP": "093", "COUNTYNS": "00465235", "GEOIDFQ": "0500000US19093", "GEOID": "19093", "NAME": "Ida", "NAMELSAD": "Ida County", "STUSPS": "IA", "STATE_NAME": "Iowa", "LSAD": "06", "ALAND": 1117614339.0, "AWATER": 1391966.0 }, "geometry": { "type": "MultiPolygon", "coordinates": [ [ [ [ -95.741356, 42.523562 ], [ -95.741289, 42.524084 ], [ -95.741611, 42.561285 ], [ -95.68205, 42.561361 ], [ -95.632997, 42.561641 ], [ -95.623127, 42.561658 ], [ -95.594486, 42.561779 ], [ -95.506122, 42.561875 ], [ -95.486115, 42.56184 ], [ -95.446883, 42.561785 ], [ -95.444354, 42.561792 ], [ -95.38801, 42.561742 ], [ -95.387445, 42.474818 ], [ -95.357291, 42.474764 ], [ -95.351761, 42.474748 ], [ -95.327919, 42.474765 ], [ -95.322357, 42.474737 ], [ -95.322514, 42.421426 ], [ -95.32259, 42.41462 ], [ -95.322724, 42.385781 ], [ -95.322827, 42.355454 ], [ -95.32299, 42.297659 ], [ -95.323291, 42.211491 ], [ -95.323497, 42.210932 ], [ -95.32816, 42.210906 ], [ -95.362167, 42.210854 ], [ -95.439395, 42.210701 ], [ -95.458879, 42.210786 ], [ -95.546009, 42.21094 ], [ -95.555382, 42.21093 ], [ -95.564995, 42.210947 ], [ -95.589232, 42.211005 ], [ -95.603767, 42.211092 ], [ -95.608789, 42.211106 ], [ -95.613668, 42.211118 ], [ -95.633285, 42.211196 ], [ -95.642985, 42.211259 ], [ -95.652718, 42.211321 ], [ -95.669752, 42.211273 ], [ -95.670822, 42.211408 ], [ -95.670555, 42.225758 ], [ -95.670149, 42.231172 ], [ -95.670374, 42.238884 ], [ -95.670368, 42.25723 ], [ -95.670037, 42.257792 ], [ -95.669921, 42.262788 ], [ -95.67031, 42.268446 ], [ -95.670221, 42.26966 ], [ -95.66989, 42.27418 ], [ -95.670088, 42.280304 ], [ -95.670221, 42.283715 ], [ -95.670239, 42.28733 ], [ -95.670396, 42.298091 ], [ -95.67044, 42.305382 ], [ -95.670842, 42.312575 ], [ -95.670917, 42.325078 ], [ -95.670477, 42.327034 ], [ -95.670333, 42.341509 ], [ -95.670705, 42.345813 ], [ -95.6702, 42.36981 ], [ -95.669597, 42.374996 ], [ -95.670021, 42.38479 ], [ -95.670036, 42.391892 ], [ -95.670036, 42.392081 ], [ -95.670041, 42.396586 ], [ -95.669569, 42.399284 ], [ -95.669317, 42.4284 ], [ -95.669176, 42.460987 ], [ -95.669239, 42.468149 ], [ -95.669265, 42.474645 ], [ -95.741821, 42.474865 ], [ -95.741356, 42.523562 ] ] ] ] } },
{ "type": "Feature", "properties": { "STATEFP": "19", "COUNTYFP": "029", "COUNTYNS": "00465204", "GEOIDFQ": "0500000US19029", "GEOID": "19029", "NAME": "Cass", "NAMELSAD": "Cass County", "STUSPS": "IA", "STATE_NAME": "Iowa", "LSAD": "06", "ALAND": 1461422459.0, "AWATER": 1787165.0 }, "geometry": { "type": "MultiPolygon", "coordinates": [ [ [ [ -95.155325, 41.217341 ], [ -95.155596, 41.218747 ], [ -95.155373, 41.245034 ], [ -95.155338, 41.302199 ], [ -95.155333, 41.303231 ], [ -95.15523, 41.317268 ], [ -95.155284, 41.331878 ], [ -95.155161, 41.339021 ], [ -95.155376, 41.346207 ], [ -95.155506, 41.353377 ], [ -95.155661, 41.356965 ], [ -95.154614, 41.388455 ], [ -95.154617, 41.396921 ], [ -95.154653, 41.404061 ], [ -95.154744, 41.418292 ], [ -95.154905, 41.443578 ], [ -95.155003, 41.458077 ], [ -95.155146, 41.479873 ], [ -95.155293, 41.500035 ], [ -95.154634, 41.501317 ], [ -95.154722, 41.505211 ], [ -95.137347, 41.505152 ], [ -95.117978, 41.505058 ], [ -95.108377, 41.505042 ], [ -95.04077, 41.50469 ], [ -94.945629, 41.504603 ], [ -94.92638, 41.504524 ], [ -94.897768, 41.504492 ], [ -94.868743, 41.504586 ], [ -94.835067, 41.5044 ], [ -94.815826, 41.50442 ], [ -94.777283, 41.504294 ], [ -94.700629, 41.504148 ], [ -94.70062, 41.500669 ], [ -94.700481, 41.497052 ], [ -94.700529, 41.489726 ], [ -94.700572, 41.482504 ], [ -94.700697, 41.417581 ], [ -94.70018, 41.345465 ], [ -94.700097, 41.331044 ], [ -94.700303, 41.30388 ], [ -94.700134, 41.301145 ], [ -94.700445, 41.244889 ], [ -94.700537, 41.244284 ], [ -94.700593, 41.200596 ], [ -94.700589, 41.158085 ], [ -94.704982, 41.157903 ], [ -94.757481, 41.158186 ], [ -94.81495, 41.158392 ], [ -94.853213, 41.158465 ], [ -94.872398, 41.158446 ], [ -94.909863, 41.15847 ], [ -94.910699, 41.158424 ], [ -94.927587, 41.158508 ], [ -95.029403, 41.158641 ], [ -95.030134, 41.158479 ], [ -95.041485, 41.158725 ], [ -95.060682, 41.158808 ], [ -95.155072, 41.159145 ], [ -95.155851, 41.159236 ], [ -95.155325, 41.217341 ] ] ] ] } },
{ "type": "Feature", "properties": { "STATEFP": "19", "COUNTYFP": "121", "COUNTYNS": "00465249", "GEOIDFQ": "0500000US19121", "GEOID": "19121", "NAME": "Madison", "NAMELSAD": "Madison County", "STUSPS": "IA", "STATE_NAME": "Iowa", "LSAD": "06", "ALAND": 1452999047.0, "AWATER": 2983840.0 }, "geometry": { "type": "MultiPolygon", "coordinates": [ [ [ [ -94.241718, 41.422456 ], [ -94.241524, 41.426802 ], [ -94.241448, 41.460543 ], [ -94.241593, 41.503679 ], [ -94.194843, 41.503698 ], [ -94.194015, 41.503504 ], [ -94.175178, 41.503362 ], [ -94.13063, 41.503122 ], [ -94.127172, 41.503103 ], [ -94.125232, 41.503093 ], [ -94.123452, 41.503173 ], [ -94.080085, 41.503142 ], [ -94.060843, 41.503155 ], [ -94.051172, 41.503162 ], [ -94.012762, 41.503191 ], [ -93.984759, 41.50327 ], [ -93.982211, 41.503263 ], [ -93.974045, 41.50324 ], [ -93.94035, 41.503264 ], [ -93.925873, 41.503225 ], [ -93.906605, 41.50314 ], [ -93.897118, 41.503099 ], [ -93.88166, 41.504541 ], [ -93.875918, 41.505091 ], [ -93.873903, 41.505124 ], [ -93.86195, 41.506091 ], [ -93.855704, 41.506625 ], [ -93.842883, 41.507652 ], [ -93.833386, 41.508395 ], [ -93.828641, 41.508746 ], [ -93.816471, 41.509929 ], [ -93.814623, 41.509926 ], [ -93.790612, 41.511916 ], [ -93.790617, 41.504858 ], [ -93.7906, 41.501265 ], [ -93.790605, 41.4976 ], [ -93.7906, 41.494144 ], [ -93.790587, 41.490378 ], [ -93.790594, 41.486724 ], [ -93.790608, 41.479458 ], [ -93.790646, 41.465017 ], [ -93.790647, 41.454225 ], [ -93.790572, 41.429009 ], [ -93.790563, 41.425178 ], [ -93.79051, 41.366519 ], [ -93.790427, 41.362749 ], [ -93.790399, 41.360388 ], [ -93.790281, 41.355483 ], [ -93.790279, 41.355444 ], [ -93.790116, 41.347255 ], [ -93.790069, 41.342687 ], [ -93.790039, 41.340924 ], [ -93.790129, 41.337234 ], [ -93.789682, 41.28322 ], [ -93.789565, 41.282561 ], [ -93.789705, 41.281382 ], [ -93.789577, 41.256892 ], [ -93.789489, 41.249452 ], [ -93.789197, 41.227656 ], [ -93.789443, 41.224134 ], [ -93.789196, 41.162035 ], [ -93.793642, 41.161669 ], [ -93.808351, 41.161162 ], [ -93.863809, 41.158037 ], [ -93.875223, 41.157768 ], [ -93.884645, 41.157105 ], [ -93.884801, 41.157171 ], [ -93.885634, 41.15724 ], [ -93.898813, 41.15661 ], [ -93.917431, 41.156659 ], [ -93.917711, 41.156535 ], [ -93.97535, 41.156726 ], [ -94.014189, 41.156762 ], [ -94.071034, 41.156739 ], [ -94.073696, 41.156674 ], [ -94.090481, 41.156771 ], [ -94.12786, 41.15684 ], [ -94.147072, 41.156797 ], [ -94.166002, 41.157052 ], [ -94.181663, 41.156663 ], [ -94.184911, 41.15701 ], [ -94.241637, 41.157134 ], [ -94.241705, 41.243738 ], [ -94.241563, 41.3016 ], [ -94.241392, 41.330504 ], [ -94.241428, 41.336089 ], [ -94.241475, 41.337764 ], [ -94.241504, 41.341391 ], [ -94.24147, 41.355773 ], [ -94.241482, 41.359376 ], [ -94.24147, 41.373755 ], [ -94.241454, 41.38821 ], [ -94.241304, 41.411263 ], [ -94.241532, 41.417118 ], [ -94.241718, 41.422456 ] ] ] ] } },
{ "type": "Feature", "properties": { "STATEFP": "19", "COUNTYFP": "197", "COUNTYNS": "00465287", "GEOIDFQ": "0500000US19197", "GEOID": "19197", "NAME": "Wright", "NAMELSAD": "Wright County", "STUSPS": "IA", "STATE_NAME": "Iowa", "LSAD": "06", "ALAND": 1503260259.0, "AWATER": 4703964.0 }, "geometry": { "type": "MultiPolygon", "coordinates": [ [ [ [ -93.971753, 42.69904 ], [ -93.971335, 42.727943 ], [ -93.971347, 42.73167 ], [ -93.971601, 42.767888 ], [ -93.971526, 42.782286 ], [ -93.971487, 42.789577 ], [ -93.971488, 42.789716 ], [ -93.971465, 42.819699 ], [ -93.971475, 42.826942 ], [ -93.971473, 42.834124 ], [ -93.971428, 42.862992 ], [ -93.971431, 42.877379 ], [ -93.971431, 42.884593 ], [ -93.971412, 42.891774 ], [ -93.971238, 42.907762 ], [ -93.960544, 42.907815 ], [ -93.930731, 42.907994 ], [ -93.891634, 42.908314 ], [ -93.882328, 42.908421 ], [ -93.881656, 42.908411 ], [ -93.875223, 42.908309 ], [ -93.871911, 42.908491 ], [ -93.852343, 42.908554 ], [ -93.753824, 42.908592 ], [ -93.734125, 42.908016 ], [ -93.724653, 42.908578 ], [ -93.705204, 42.90852 ], [ -93.685463, 42.908462 ], [ -93.616547, 42.908544 ], [ -93.528323, 42.908611 ], [ -93.498617, 42.908512 ], [ -93.498597, 42.899615 ], [ -93.498622, 42.856119 ], [ -93.498621, 42.855945 ], [ -93.498725, 42.819663 ], [ -93.498723, 42.789357 ], [ -93.498693, 42.771206 ], [ -93.49875, 42.753167 ], [ -93.498857, 42.73133 ], [ -93.499157, 42.666544 ], [ -93.499216, 42.651994 ], [ -93.499201, 42.644645 ], [ -93.49944, 42.613843 ], [ -93.499539, 42.608514 ], [ -93.499485, 42.5577 ], [ -93.500212, 42.557836 ], [ -93.519107, 42.557721 ], [ -93.568043, 42.557545 ], [ -93.588418, 42.557527 ], [ -93.617485, 42.557542 ], [ -93.665668, 42.557576 ], [ -93.695762, 42.557531 ], [ -93.734962, 42.557593 ], [ -93.827966, 42.557515 ], [ -93.832876, 42.557513 ], [ -93.853346, 42.557497 ], [ -93.853605, 42.557497 ], [ -93.89353, 42.557939 ], [ -93.897312, 42.557856 ], [ -93.899789, 42.557655 ], [ -93.90193, 42.557855 ], [ -93.90468, 42.557935 ], [ -93.912094, 42.557948 ], [ -93.921831, 42.557959 ], [ -93.941332, 42.557979 ], [ -93.971583, 42.558139 ], [ -93.971714, 42.644707 ], [ -93.971658, 42.673695 ], [ -93.971771, 42.69541 ], [ -93.971753, 42.69904 ] ] ] ] } },
{ "type": "Feature", "properties": { "STATEFP": "19", "COUNTYFP": "037", "COUNTYNS": "00465208", "GEOIDFQ": "0500000US19037", "GEOID": "19037", "NAME": "Chickasaw", "NAMELSAD": "Chickasaw County", "STUSPS": "IA", "STATE_NAME": "Iowa", "LSAD": "06", "ALAND": 1306192614.0, "AWATER": 3455450.0 }, "geometry": { "type": "MultiPolygon", "coordinates": [ [ [ [ -92.554406, 43.191065 ], [ -92.554381, 43.212813 ], [ -92.529531, 43.212894 ], [ -92.505078, 43.21273 ], [ -92.474697, 43.212965 ], [ -92.465331, 43.212812 ], [ -92.435756, 43.213027 ], [ -92.416804, 43.213053 ], [ -92.317589, 43.212946 ], [ -92.313591, 43.212915 ], [ -92.298407, 43.212815 ], [ -92.278055, 43.213707 ], [ -92.264146, 43.213548 ], [ -92.219379, 43.213215 ], [ -92.199102, 43.212978 ], [ -92.140963, 43.212952 ], [ -92.120999, 43.213102 ], [ -92.095894, 43.213 ], [ -92.093539, 43.212992 ], [ -92.088551, 43.212972 ], [ -92.080976, 43.212947 ], [ -92.081045, 43.198368 ], [ -92.081177, 43.169229 ], [ -92.081072, 43.164012 ], [ -92.081024, 43.126289 ], [ -92.081097, 43.094913 ], [ -92.081146, 43.082794 ], [ -92.081497, 43.030705 ], [ -92.081495, 43.03045 ], [ -92.081238, 43.02329 ], [ -92.081562, 42.994198 ], [ -92.08158, 42.994063 ], [ -92.08148, 42.979698 ], [ -92.081482, 42.975581 ], [ -92.081452, 42.950484 ], [ -92.081568, 42.907013 ], [ -92.105292, 42.906839 ], [ -92.105318, 42.906901 ], [ -92.124055, 42.90688 ], [ -92.125178, 42.906732 ], [ -92.180622, 42.906882 ], [ -92.199215, 42.906886 ], [ -92.258691, 42.906937 ], [ -92.283548, 42.907013 ], [ -92.317626, 42.907036 ], [ -92.318273, 42.907038 ], [ -92.337091, 42.907064 ], [ -92.376797, 42.907051 ], [ -92.386687, 42.907042 ], [ -92.436112, 42.90704 ], [ -92.531893, 42.907248 ], [ -92.554211, 42.907112 ], [ -92.554197, 42.936191 ], [ -92.554142, 42.96163 ], [ -92.554137, 42.962693 ], [ -92.554182, 42.994252 ], [ -92.554165, 43.008748 ], [ -92.554101, 43.023236 ], [ -92.554099, 43.037788 ], [ -92.554078, 43.083071 ], [ -92.55407, 43.097672 ], [ -92.554061, 43.124108 ], [ -92.554155, 43.12499 ], [ -92.554464, 43.16931 ], [ -92.554406, 43.191065 ] ] ] ] } },
{ "type": "Feature", "properties": { "STATEFP": "19", "COUNTYFP": "053", "COUNTYNS": "00465215", "GEOIDFQ": "0500000US19053", "GEOID": "19053", "NAME": "Decatur", "NAMELSAD": "Decatur County", "STUSPS": "IA", "STATE_NAME": "Iowa", "LSAD": "06", "ALAND": 1377569409.0, "AWATER": 4138626.0 }, "geometry": { "type": "MultiPolygon", "coordinates": [ [ [ [ -94.015406, 40.623833 ], [ -94.015203, 40.625023 ], [ -94.015239, 40.638389 ], [ -94.015363, 40.667355 ], [ -94.015379, 40.681772 ], [ -94.015332, 40.692658 ], [ -94.015284, 40.696286 ], [ -94.015368, 40.717674 ], [ -94.015423, 40.724653 ], [ -94.015395, 40.75698 ], [ -94.015281, 40.775358 ], [ -94.015301, 40.810582 ], [ -94.015299, 40.810846 ], [ -94.014773, 40.882821 ], [ -94.014803, 40.897031 ], [ -93.978607, 40.896832 ], [ -93.976085, 40.896953 ], [ -93.909668, 40.896703 ], [ -93.904967, 40.89667 ], [ -93.900528, 40.896761 ], [ -93.863051, 40.897697 ], [ -93.838166, 40.898203 ], [ -93.835317, 40.898414 ], [ -93.831112, 40.898403 ], [ -93.797489, 40.899163 ], [ -93.797113, 40.899169 ], [ -93.787031, 40.89935 ], [ -93.741726, 40.8993 ], [ -93.727614, 40.899273 ], [ -93.671701, 40.899354 ], [ -93.67148, 40.899354 ], [ -93.66208, 40.899347 ], [ -93.642314, 40.899242 ], [ -93.633239, 40.899187 ], [ -93.55654, 40.898295 ], [ -93.556952, 40.812361 ], [ -93.556951, 40.812211 ], [ -93.55639, 40.781439 ], [ -93.556486, 40.780601 ], [ -93.556186, 40.768131 ], [ -93.556325, 40.754178 ], [ -93.556599, 40.725053 ], [ -93.55664, 40.710752 ], [ -93.556606, 40.703505 ], [ -93.556566, 40.696268 ], [ -93.556774, 40.638485 ], [ -93.556899, 40.580235 ], [ -93.558938, 40.580189 ], [ -93.560798, 40.580304 ], [ -93.56524, 40.580143 ], [ -93.56581, 40.580075 ], [ -93.566189, 40.580117 ], [ -93.597352, 40.579496 ], [ -93.6231598366806, 40.578994391662 ], [ -93.633096119230004, 40.578801267293002 ], [ -93.656211, 40.578352 ], [ -93.659272, 40.57833 ], [ -93.661913, 40.578354 ], [ -93.668845, 40.578241 ], [ -93.669118065894807, 40.5782372285544 ], [ -93.671249475281797, 40.578207790624901 ], [ -93.677099, 40.578127 ], [ -93.690333, 40.577875 ], [ -93.699862069649001, 40.577805557387201 ], [ -93.722443, 40.577641 ], [ -93.728355, 40.577547 ], [ -93.737259, 40.577542 ], [ -93.738009002499197, 40.577538727261803 ], [ -93.742759, 40.577518 ], [ -93.747847261013106, 40.577655704813097 ], [ -93.750223, 40.57772 ], [ -93.770231, 40.577615 ], [ -93.774344270835201, 40.577584369066301 ], [ -93.786868160787193, 40.577491105467203 ], [ -93.801374335704807, 40.577383080078398 ], [ -93.815485, 40.577278 ], [ -93.818725, 40.577086 ], [ -93.825279494117197, 40.576998921604797 ], [ -93.84093, 40.576791 ], [ -93.853656, 40.576606 ], [ -93.889049512740002, 40.576134572450101 ], [ -93.898327, 40.576011 ], [ -93.899317, 40.575942 ], [ -93.900855499232094, 40.575874937212902 ], [ -93.900877, 40.575874 ], [ -93.913961, 40.575672 ], [ -93.935687, 40.57533 ], [ -93.936317, 40.575284 ], [ -93.937097, 40.575421 ], [ -93.937448645695397, 40.575389512770997 ], [ -93.938627, 40.575284 ], [ -93.939857, 40.575192 ], [ -93.963863, 40.574754 ], [ -93.976766, 40.574635 ], [ -93.987431422997304, 40.574436431338597 ], [ -94.003323829371396, 40.5741405467909 ], [ -94.015492, 40.573914 ], [ -94.015406, 40.623833 ] ] ] ] } },
{ "type": "Feature", "properties": { "STATEFP": "19", "COUNTYFP": "185", "COUNTYNS": "00465281", "GEOIDFQ": "0500000US19185", "GEOID": "19185", "NAME": "Wayne", "NAMELSAD": "Wayne County", "STUSPS": "IA", "STATE_NAME": "Iowa", "LSAD": "06", "ALAND": 1360957548.0, "AWATER": 4272458.0 }, "geometry": { "type": "MultiPolygon", "coordinates": [ [ [ [ -93.556952, 40.812361 ], [ -93.55654, 40.898295 ], [ -93.442126, 40.897581 ], [ -93.398487, 40.897651 ], [ -93.393861, 40.89766 ], [ -93.375088, 40.897778 ], [ -93.366301, 40.898048 ], [ -93.327417, 40.897884 ], [ -93.317404, 40.897926 ], [ -93.21221, 40.898054 ], [ -93.097595, 40.898451 ], [ -93.097618, 40.898088 ], [ -93.097746, 40.841006 ], [ -93.09759, 40.826932 ], [ -93.097616, 40.811969 ], [ -93.097346, 40.764359 ], [ -93.097473, 40.763614 ], [ -93.097454, 40.74652 ], [ -93.097397, 40.72482 ], [ -93.097395, 40.717681 ], [ -93.09731, 40.666924 ], [ -93.097283, 40.637937 ], [ -93.097256, 40.584524 ], [ -93.097296, 40.584014 ], [ -93.098507, 40.583973 ], [ -93.135802, 40.582854 ], [ -93.204097606719202, 40.581728416609103 ], [ -93.212395450512204, 40.581591659420702 ], [ -93.260612, 40.580797 ], [ -93.288917897024106, 40.580734421384598 ], [ -93.317605, 40.580671 ], [ -93.327760396853805, 40.580613723809797 ], [ -93.345442, 40.580514 ], [ -93.374386008140604, 40.580334311270498 ], [ -93.441646787347906, 40.579916746298103 ], [ -93.441767, 40.579916 ], [ -93.465297, 40.580164 ], [ -93.466887, 40.580072 ], [ -93.489050855750094, 40.580230376871597 ], [ -93.513634902678703, 40.580406047769699 ], [ -93.520548882430006, 40.5804554531843 ], [ -93.523154849405799, 40.580474074713997 ], [ -93.524124, 40.580481 ], [ -93.527060753191094, 40.5804430574523 ], [ -93.527607, 40.580436 ], [ -93.528177, 40.580367 ], [ -93.532732973365398, 40.580378329321498 ], [ -93.548284, 40.580417 ], [ -93.553986, 40.580303 ], [ -93.556899, 40.580235 ], [ -93.556774, 40.638485 ], [ -93.556566, 40.696268 ], [ -93.556606, 40.703505 ], [ -93.55664, 40.710752 ], [ -93.556599, 40.725053 ], [ -93.556325, 40.754178 ], [ -93.556186, 40.768131 ], [ -93.556486, 40.780601 ], [ -93.55639, 40.781439 ], [ -93.556951, 40.812211 ], [ -93.556952, 40.812361 ] ] ] ] } },
{ "type": "Feature", "properties": { "STATEFP": "19", "COUNTYFP": "133", "COUNTYNS": "00465255", "GEOIDFQ": "0500000US19133", "GEOID": "19133", "NAME": "Monona", "NAMELSAD": "Monona County", "STUSPS": "IA", "STATE_NAME": "Iowa", "LSAD": "06", "ALAND": 1797639076.0, "AWATER": 12591063.0 }, "geometry": { "type": "MultiPolygon", "coordinates": [ [ [ [ -96.35987, 42.210545 ], [ -96.358141, 42.214088 ], [ -96.356655108629994, 42.215136751715299 ], [ -96.35656, 42.215002 ], [ -96.25144, 42.214644 ], [ -96.242332, 42.21462 ], [ -96.24094, 42.214571 ], [ -96.193564, 42.214177 ], [ -96.154634, 42.213879 ], [ -96.135394, 42.21355 ], [ -96.079036, 42.21264 ], [ -96.07739, 42.212827 ], [ -96.027944, 42.211885 ], [ -96.019882, 42.211687 ], [ -96.00059, 42.211762 ], [ -95.913736, 42.211531 ], [ -95.908712, 42.21135 ], [ -95.904124, 42.211464 ], [ -95.81588, 42.211487 ], [ -95.810863, 42.21175 ], [ -95.795471, 42.211528 ], [ -95.787143, 42.211746 ], [ -95.756357, 42.211268 ], [ -95.750282, 42.211502 ], [ -95.683679, 42.2115 ], [ -95.677024, 42.211282 ], [ -95.670822, 42.211408 ], [ -95.670721, 42.175114 ], [ -95.670898, 42.146238 ], [ -95.671102, 42.13186 ], [ -95.671155, 42.124497 ], [ -95.671397, 42.122487 ], [ -95.671322, 42.110024 ], [ -95.671706, 42.051941 ], [ -95.671751, 42.037435 ], [ -95.671689, 42.034531 ], [ -95.672207, 42.028787 ], [ -95.672098, 42.01741 ], [ -95.671905, 42.013986 ], [ -95.672073, 41.964822 ], [ -95.672152, 41.950315 ], [ -95.672695, 41.886403 ], [ -95.672456, 41.883474 ], [ -95.672708, 41.877321 ], [ -95.672596, 41.867295 ], [ -95.672771, 41.863147 ], [ -95.750266, 41.863274 ], [ -95.781336, 41.86325 ], [ -95.786644, 41.863372 ], [ -95.789442, 41.863296 ], [ -95.818549, 41.863363 ], [ -95.88641, 41.863488 ], [ -95.887318, 41.863431 ], [ -95.896304, 41.863559 ], [ -95.905582, 41.8634 ], [ -95.963584, 41.863533 ], [ -95.983099, 41.863491 ], [ -96.020133, 41.863843 ], [ -96.021313, 41.86376 ], [ -96.059618, 41.864707 ], [ -96.137504, 41.866308 ], [ -96.139009505226397, 41.8663010080218 ], [ -96.142045, 41.868865 ], [ -96.144483, 41.871854 ], [ -96.146083, 41.874988 ], [ -96.146757, 41.877538 ], [ -96.14735, 41.884811 ], [ -96.148826, 41.888132 ], [ -96.152179, 41.892085 ], [ -96.158204, 41.897173 ], [ -96.161756, 41.90182 ], [ -96.161988, 41.905553 ], [ -96.160767, 41.908044 ], [ -96.159098, 41.910057 ], [ -96.154301, 41.912421 ], [ -96.142265, 41.915379 ], [ -96.139864249421905, 41.916720001184302 ], [ -96.139653, 41.916838 ], [ -96.136743, 41.920826 ], [ -96.136133, 41.92353 ], [ -96.136613, 41.927167 ], [ -96.143493, 41.937387 ], [ -96.144583, 41.941544 ], [ -96.143603, 41.944512 ], [ -96.142597, 41.945908 ], [ -96.137047125099002, 41.950773 ], [ -96.135393, 41.952223 ], [ -96.133318, 41.955732 ], [ -96.129186, 41.965136 ], [ -96.1289, 41.969727 ], [ -96.129505, 41.971673 ], [ -96.132537, 41.974625 ], [ -96.141228, 41.978063 ], [ -96.156538, 41.980137 ], [ -96.16068, 41.980114 ], [ -96.168071, 41.978996 ], [ -96.174154, 41.976864 ], [ -96.177203, 41.976325 ], [ -96.184243, 41.976696 ], [ -96.186265, 41.977417 ], [ -96.186963818182903, 41.977949371518598 ], [ -96.190602, 41.980721 ], [ -96.191549, 41.982032 ], [ -96.192141, 41.984461 ], [ -96.189516, 41.989314 ], [ -96.184784, 41.99546 ], [ -96.183801, 41.99776 ], [ -96.183568, 41.999987 ], [ -96.184644, 42.002633 ], [ -96.188067, 42.006323 ], [ -96.194556, 42.008662 ], [ -96.206083, 42.009267 ], [ -96.207050267432095, 42.008995504897101 ], [ -96.215225, 42.006701 ], [ -96.217637, 42.003862 ], [ -96.221813, 41.997382 ], [ -96.223896, 41.995456 ], [ -96.225463, 41.994734 ], [ -96.229739, 41.99441 ], [ -96.231053134571994, 41.994802994007998 ], [ -96.236487, 41.996428 ], [ -96.240713, 41.999351 ], [ -96.242035, 42.000911 ], [ -96.24238, 42.002899 ], [ -96.241932, 42.006965 ], [ -96.238859, 42.012315 ], [ -96.237359167179605, 42.013179532455403 ], [ -96.227867, 42.018651 ], [ -96.223611, 42.022652 ], [ -96.22173, 42.026205 ], [ -96.221901, 42.029558 ], [ -96.223822, 42.033346 ], [ -96.225656, 42.035217 ], [ -96.232125, 42.039145 ], [ -96.238392, 42.041088 ], [ -96.246832, 42.041616 ], [ -96.254542, 42.039454 ], [ -96.256087, 42.03808 ], [ -96.261132, 42.038974 ], [ -96.262221642857099, 42.039323761904797 ], [ -96.263886, 42.039858 ], [ -96.268637, 42.042314 ], [ -96.271427, 42.044988 ], [ -96.272877, 42.047238 ], [ -96.272901379120697, 42.047281245329003 ], [ -96.275548, 42.051976 ], [ -96.277626294083703, 42.058018620320098 ], [ -96.278445, 42.060399 ], [ -96.279342, 42.07028 ], [ -96.279079, 42.074026 ], [ -96.276758, 42.081416 ], [ -96.274531568910604, 42.085250927816197 ], [ -96.274135, 42.085934 ], [ -96.271777, 42.088697 ], [ -96.271227078979507, 42.089690337173003 ], [ -96.267636, 42.096177 ], [ -96.266594, 42.103262 ], [ -96.266663002189205, 42.1039294341589 ], [ -96.267318, 42.110265 ], [ -96.2689, 42.11359 ], [ -96.272299, 42.118396 ], [ -96.275002, 42.120779 ], [ -96.279203, 42.12348 ], [ -96.28567, 42.125619 ], [ -96.298843268213304, 42.127697996214501 ], [ -96.301023, 42.128042 ], [ -96.301356201214801, 42.128164285736901 ], [ -96.305884, 42.129826 ], [ -96.310085, 42.132523 ], [ -96.313819, 42.136338 ], [ -96.316979, 42.143171 ], [ -96.319528, 42.146647 ], [ -96.325872, 42.151487 ], [ -96.329610171242393, 42.153249880557802 ], [ -96.33798, 42.157197 ], [ -96.342395, 42.160491 ], [ -96.343960333980704, 42.162336264903502 ], [ -96.347752, 42.166806 ], [ -96.349688, 42.172043 ], [ -96.350323, 42.17744 ], [ -96.347243, 42.186721 ], [ -96.347715524120304, 42.191329114932401 ], [ -96.348066, 42.194747 ], [ -96.349166, 42.197253 ], [ -96.351515, 42.200485 ], [ -96.359087, 42.207799 ], [ -96.35987, 42.210545 ] ] ] ] } },
{ "type": "Feature", "properties": { "STATEFP": "19", "COUNTYFP": "155", "COUNTYNS": "00465266", "GEOIDFQ": "0500000US19155", "GEOID": "19155", "NAME": "Pottawattamie", "NAMELSAD": "Pottawattamie County", "STUSPS": "IA", "STATE_NAME": "Iowa", "LSAD": "06", "ALAND": 2463783967.0, "AWATER": 20387189.0 }, "geometry": { "type": "MultiPolygon", "coordinates": [ [ [ [ -96.019817, 41.48803 ], [ -96.019224, 41.489296 ], [ -96.015986, 41.492659 ], [ -96.007334, 41.497631 ], [ -95.997903, 41.504789 ], [ -95.996174500659905, 41.506959226949199 ], [ -95.979516, 41.506846 ], [ -95.955928, 41.506527 ], [ -95.840706, 41.506577 ], [ -95.832777, 41.506585 ], [ -95.832581, 41.506536 ], [ -95.824738, 41.5066 ], [ -95.823054, 41.506565 ], [ -95.79397, 41.506509 ], [ -95.784503, 41.506474 ], [ -95.756041, 41.506392 ], [ -95.753997, 41.506709 ], [ -95.74846, 41.506385 ], [ -95.72696, 41.506365 ], [ -95.708578, 41.50632 ], [ -95.689931, 41.506431 ], [ -95.654388, 41.506012 ], [ -95.612283, 41.506081 ], [ -95.59108, 41.506031 ], [ -95.569968, 41.506214 ], [ -95.536387, 41.506155 ], [ -95.526931, 41.506149 ], [ -95.497997, 41.506074 ], [ -95.479908, 41.505993 ], [ -95.460613, 41.506087 ], [ -95.441376, 41.505983 ], [ -95.439528, 41.505897 ], [ -95.383612, 41.505847 ], [ -95.336707, 41.505773 ], [ -95.335504, 41.505669 ], [ -95.332208, 41.505759 ], [ -95.28868, 41.505673 ], [ -95.269357, 41.505672 ], [ -95.219141, 41.505482 ], [ -95.202894, 41.50537 ], [ -95.154722, 41.505211 ], [ -95.154634, 41.501317 ], [ -95.155293, 41.500035 ], [ -95.155146, 41.479873 ], [ -95.155003, 41.458077 ], [ -95.154905, 41.443578 ], [ -95.154744, 41.418292 ], [ -95.154653, 41.404061 ], [ -95.154617, 41.396921 ], [ -95.154614, 41.388455 ], [ -95.155661, 41.356965 ], [ -95.155506, 41.353377 ], [ -95.155376, 41.346207 ], [ -95.155161, 41.339021 ], [ -95.155284, 41.331878 ], [ -95.15523, 41.317268 ], [ -95.155333, 41.303231 ], [ -95.155338, 41.302199 ], [ -95.155373, 41.245034 ], [ -95.155596, 41.218747 ], [ -95.155325, 41.217341 ], [ -95.155851, 41.159236 ], [ -95.269977, 41.159495 ], [ -95.279573, 41.159558 ], [ -95.308408, 41.159741 ], [ -95.318007, 41.159803 ], [ -95.327587, 41.15986 ], [ -95.341987, 41.159913 ], [ -95.384349, 41.160011 ], [ -95.480256, 41.160194 ], [ -95.49898, 41.160116 ], [ -95.556401, 41.160085 ], [ -95.575584, 41.159996 ], [ -95.589493, 41.159661 ], [ -95.595009, 41.160006 ], [ -95.604394, 41.160039 ], [ -95.613042, 41.160037 ], [ -95.633894, 41.160056 ], [ -95.635096, 41.160091 ], [ -95.666715, 41.16008 ], [ -95.691918, 41.160007 ], [ -95.705025, 41.159996 ], [ -95.708596, 41.16002 ], [ -95.708726, 41.160021 ], [ -95.718158, 41.160051 ], [ -95.720866, 41.160125 ], [ -95.72754, 41.159992 ], [ -95.774661, 41.160109 ], [ -95.776752, 41.159903 ], [ -95.794209, 41.159853 ], [ -95.807866, 41.160265 ], [ -95.823212, 41.16031 ], [ -95.874006, 41.160294 ], [ -95.880521, 41.159874 ], [ -95.880935560555301, 41.160268970041201 ], [ -95.876289, 41.165146 ], [ -95.871912, 41.168122 ], [ -95.86964, 41.16883 ], [ -95.867344, 41.168734 ], [ -95.865072, 41.167802 ], [ -95.852788, 41.165398 ], [ -95.846188, 41.166698 ], [ -95.841888, 41.171098 ], [ -95.8413229421149, 41.1747708762529 ], [ -95.841288, 41.174998 ], [ -95.8417164, 41.1758548 ], [ -95.843142258394195, 41.178706516788303 ], [ -95.844088, 41.180598 ], [ -95.850188, 41.184798 ], [ -95.856788, 41.187098 ], [ -95.864789, 41.188298 ], [ -95.873548430825707, 41.187537175514599 ], [ -95.90969, 41.184398 ], [ -95.91459, 41.185098 ], [ -95.91829, 41.186698 ], [ -95.920817812, 41.188916284 ], [ -95.92319, 41.190998 ], [ -95.923311673237507, 41.191202237220203 ], [ -95.92599, 41.195698 ], [ -95.927484878154303, 41.202171489675401 ], [ -95.927491, 41.202198 ], [ -95.924954718864996, 41.2109774346983 ], [ -95.924891, 41.211198 ], [ -95.924658887283201, 41.211477482658999 ], [ -95.915091, 41.222998 ], [ -95.912591, 41.226998 ], [ -95.910961926941098, 41.2315977356958 ], [ -95.910951827612806, 41.231626251446201 ], [ -95.910891, 41.231798 ], [ -95.910891, 41.23189 ], [ -95.910891, 41.233998 ], [ -95.911391, 41.237998 ], [ -95.913913818529096, 41.243222018166399 ], [ -95.916366469204704, 41.248300739262199 ], [ -95.917087180578903, 41.2497931214007 ], [ -95.921291, 41.258498 ], [ -95.921410549640598, 41.259713421346802 ], [ -95.921411831999194, 41.259726458658697 ], [ -95.921891, 41.264598 ], [ -95.920391, 41.268398 ], [ -95.918791, 41.269698 ], [ -95.913991, 41.271398 ], [ -95.914538372583706, 41.271770362301901 ], [ -95.918226204035903, 41.274279091180901 ], [ -95.928691, 41.281398 ], [ -95.929587970730097, 41.285084549700699 ], [ -95.929591, 41.285097 ], [ -95.929591, 41.292297 ], [ -95.927491, 41.298397 ], [ -95.9223739410576, 41.300315897103403 ], [ -95.920291, 41.301097 ], [ -95.90589, 41.300897 ], [ -95.90429, 41.299597 ], [ -95.90429, 41.2975902842105 ], [ -95.90429, 41.293497 ], [ -95.908760612040297, 41.285865723576102 ], [ -95.909304683906001, 41.284937 ], [ -95.912491, 41.279498 ], [ -95.903852413841904, 41.2742289893446 ], [ -95.90249, 41.273398 ], [ -95.890964108023198, 41.2779848462648 ], [ -95.88239, 41.281397 ], [ -95.87689, 41.285097 ], [ -95.872889, 41.289497 ], [ -95.872884080066399, 41.289519139701198 ], [ -95.872727988235297, 41.290221552941198 ], [ -95.871489, 41.295797 ], [ -95.874689, 41.307097 ], [ -95.878189, 41.312497 ], [ -95.883089, 41.316697 ], [ -95.88869, 41.319097 ], [ -95.89929, 41.321197 ], [ -95.912749363313594, 41.320268768047299 ], [ -95.91379, 41.320197 ], [ -95.92209, 41.321097 ], [ -95.92569, 41.322197 ], [ -95.926937707317094, 41.322811634146298 ], [ -95.939291, 41.328897 ], [ -95.939370692187694, 41.328951515747903 ], [ -95.943229169603697, 41.331591018917102 ], [ -95.946891, 41.334096 ], [ -95.953091, 41.339896 ], [ -95.956691, 41.345496 ], [ -95.956694033067194, 41.345608223486103 ], [ -95.956699344525504, 41.3458047474452 ], [ -95.956791, 41.349196 ], [ -95.954891, 41.351796 ], [ -95.952191, 41.353496 ], [ -95.94099, 41.357496 ], [ -95.93549, 41.360596 ], [ -95.93099, 41.364696 ], [ -95.930945125153201, 41.364806147351203 ], [ -95.92879, 41.370096 ], [ -95.92929, 41.374896 ], [ -95.93519, 41.384395 ], [ -95.936930712027603, 41.390979432452397 ], [ -95.93749, 41.393095 ], [ -95.93689, 41.396387 ], [ -95.930778, 41.406179 ], [ -95.929721, 41.411331 ], [ -95.929889, 41.415155 ], [ -95.931228607403995, 41.419031405478101 ], [ -95.932297, 41.422123 ], [ -95.933169, 41.42943 ], [ -95.932193, 41.431914 ], [ -95.930705, 41.433894 ], [ -95.923905, 41.439742 ], [ -95.921833, 41.442062 ], [ -95.920577, 41.444302 ], [ -95.919865, 41.447922 ], [ -95.920281, 41.451566 ], [ -95.922529, 41.455766 ], [ -95.925713, 41.459382 ], [ -95.932921, 41.463798 ], [ -95.936801, 41.46519 ], [ -95.941969, 41.466262 ], [ -95.946465, 41.466166 ], [ -95.957017, 41.462814 ], [ -95.962329, 41.46281 ], [ -95.965481, 41.46351 ], [ -95.973449, 41.467318 ], [ -95.982962, 41.469778 ], [ -95.991018, 41.470374 ], [ -96.004708, 41.472342 ], [ -96.008833, 41.474039 ], [ -96.011757, 41.476212 ], [ -96.016389, 41.481556 ], [ -96.016612104014001, 41.481914112722698 ], [ -96.019542, 41.486617 ], [ -96.019817, 41.48803 ] ] ] ] } },
{ "type": "Feature", "properties": { "STATEFP": "19", "COUNTYFP": "139", "COUNTYNS": "00465258", "GEOIDFQ": "0500000US19139", "GEOID": "19139", "NAME": "Muscatine", "NAMELSAD": "Muscatine County", "STUSPS": "IA", "STATE_NAME": "Iowa", "LSAD": "06", "ALAND": 1132964480.0, "AWATER": 30262337.0 }, "geometry": { "type": "MultiPolygon", "coordinates": [ [ [ [ -91.368693, 41.401621 ], [ -91.368521, 41.423178 ], [ -91.368092, 41.455163 ], [ -91.368045, 41.455377 ], [ -91.36768, 41.510328 ], [ -91.366805, 41.56121 ], [ -91.366725, 41.568472 ], [ -91.366448, 41.598373 ], [ -91.327781, 41.598129 ], [ -91.307884, 41.598134 ], [ -91.270075, 41.598052 ], [ -91.269394, 41.59808 ], [ -91.249708, 41.598005 ], [ -91.23093, 41.597936 ], [ -91.221009, 41.597933 ], [ -91.153719, 41.597602 ], [ -91.134322, 41.59763 ], [ -91.126349, 41.597623 ], [ -91.125329, 41.597619 ], [ -91.094335, 41.597469 ], [ -91.04296, 41.597411 ], [ -91.037067, 41.5974 ], [ -91.021857, 41.597401 ], [ -91.01655, 41.597405 ], [ -91.00529, 41.597384 ], [ -90.996692, 41.597382 ], [ -90.966526, 41.597301 ], [ -90.958001, 41.597295 ], [ -90.933793, 41.597228 ], [ -90.910319, 41.597141 ], [ -90.899853, 41.597133 ], [ -90.890919, 41.597085 ], [ -90.889217, 41.59689 ], [ -90.822773, 41.596618 ], [ -90.783812, 41.596531 ], [ -90.783756, 41.592889 ], [ -90.783727, 41.591689 ], [ -90.783913, 41.591102 ], [ -90.783854, 41.590256 ], [ -90.783762, 41.582062 ], [ -90.783977, 41.576573 ], [ -90.784353, 41.552963 ], [ -90.784513, 41.545627 ], [ -90.784633, 41.538349 ], [ -90.784716, 41.53102 ], [ -90.784916, 41.520165 ], [ -90.784986, 41.516519 ], [ -90.78505, 41.512899 ], [ -90.785133, 41.5093 ], [ -90.785526, 41.487477 ], [ -90.785999, 41.46575 ], [ -90.786216, 41.455853 ], [ -90.786282, 41.452888 ], [ -90.807283, 41.454466 ], [ -90.824736, 41.454467 ], [ -90.837414, 41.455623 ], [ -90.846558, 41.455141 ], [ -90.853604, 41.453909 ], [ -90.857554, 41.452751 ], [ -90.867282, 41.448215 ], [ -90.871311142111296, 41.445909592982098 ], [ -90.879778, 41.441065 ], [ -90.890471430494202, 41.435593468164797 ], [ -90.890787, 41.435432 ], [ -90.891495531004594, 41.435118999624301 ], [ -90.899587971903401, 41.431544086141798 ], [ -90.900471, 41.431154 ], [ -90.919351, 41.425589 ], [ -90.924343, 41.42286 ], [ -90.930016, 41.421404 ], [ -90.949791, 41.424163 ], [ -90.953198, 41.425075 ], [ -90.966662, 41.430051 ], [ -90.975168, 41.433985 ], [ -90.979815, 41.434321 ], [ -90.984898, 41.433869 ], [ -91.005846, 41.426135 ], [ -91.009572046957899, 41.425460132349201 ], [ -91.01198, 41.425024 ], [ -91.021463712888306, 41.424171443789803 ], [ -91.027787, 41.423603 ], [ -91.0347524997036, 41.420929810580397 ], [ -91.037131, 41.420017 ], [ -91.039872, 41.418523 ], [ -91.043988, 41.415897 ], [ -91.045063875638505, 41.414872033303403 ], [ -91.04589, 41.414085 ], [ -91.047819, 41.4109 ], [ -91.049220378041895, 41.404839277348401 ], [ -91.050328, 41.400049 ], [ -91.050698308189993, 41.393265627246102 ], [ -91.05101, 41.387556 ], [ -91.05158, 41.385283 ], [ -91.052699294655199, 41.383939148826997 ], [ -91.063720043919702, 41.370707381161203 ], [ -91.065058, 41.369101 ], [ -91.06652, 41.365246 ], [ -91.071552, 41.339651 ], [ -91.071940564762002, 41.333592302215301 ], [ -91.085944, 41.333855 ], [ -91.119686, 41.334242 ], [ -91.138563, 41.334425 ], [ -91.151787, 41.334447 ], [ -91.229938, 41.335171 ], [ -91.24392, 41.3354 ], [ -91.253807, 41.335546 ], [ -91.262002, 41.335588 ], [ -91.326353, 41.335717 ], [ -91.337877, 41.335874 ], [ -91.351403, 41.336078 ], [ -91.369332, 41.336063 ], [ -91.368693, 41.401621 ] ] ] ] } },
{ "type": "Feature", "properties": { "STATEFP": "19", "COUNTYFP": "089", "COUNTYNS": "00465233", "GEOIDFQ": "0500000US19089", "GEOID": "19089", "NAME": "Howard", "NAMELSAD": "Howard County", "STUSPS": "IA", "STATE_NAME": "Iowa", "LSAD": "06", "ALAND": 1225702840.0, "AWATER": 931480.0 }, "geometry": { "type": "MultiPolygon", "coordinates": [ [ [ [ -92.554553, 43.260298 ], [ -92.554272, 43.335173 ], [ -92.554198, 43.341931 ], [ -92.554194, 43.35289 ], [ -92.554137, 43.371028 ], [ -92.554137, 43.371041 ], [ -92.554134, 43.385562 ], [ -92.553742, 43.428898 ], [ -92.553128292468898, 43.500207095087397 ], [ -92.552189, 43.500207 ], [ -92.538844063681495, 43.500228983609702 ], [ -92.46174, 43.500356 ], [ -92.448947806570004, 43.500394163743998 ], [ -92.445531723399696, 43.500404355156803 ], [ -92.435605239571402, 43.500433969451599 ], [ -92.405959031071205, 43.500522414824097 ], [ -92.400735, 43.500538 ], [ -92.376343053655901, 43.500619131498297 ], [ -92.37518, 43.500623 ], [ -92.355730948433603, 43.500595591528203 ], [ -92.329374, 43.500558448139799 ], [ -92.325508, 43.500553 ], [ -92.316282007876794, 43.500556854348702 ], [ -92.309347004491698, 43.500559751589499 ], [ -92.289390050676502, 43.500568089018898 ], [ -92.234549, 43.500591 ], [ -92.208965832757301, 43.500668179501801 ], [ -92.198949148027097, 43.500698397915698 ], [ -92.197899418023198, 43.500701564749498 ], [ -92.1719, 43.50078 ], [ -92.089477528062105, 43.500738426480503 ], [ -92.079801943232198, 43.500733546159601 ], [ -92.079905, 43.500395 ], [ -92.080233, 43.475395 ], [ -92.079635, 43.472546 ], [ -92.079876, 43.471949 ], [ -92.080034, 43.471131 ], [ -92.080009, 43.428848 ], [ -92.080053, 43.392929 ], [ -92.080349, 43.385913 ], [ -92.080276, 43.356696 ], [ -92.080344, 43.342033 ], [ -92.080385, 43.335298 ], [ -92.080506, 43.318248 ], [ -92.080955, 43.255619 ], [ -92.080979, 43.242133 ], [ -92.080917, 43.227556 ], [ -92.080929, 43.220244 ], [ -92.080976, 43.212947 ], [ -92.088551, 43.212972 ], [ -92.093539, 43.212992 ], [ -92.095894, 43.213 ], [ -92.120999, 43.213102 ], [ -92.140963, 43.212952 ], [ -92.199102, 43.212978 ], [ -92.219379, 43.213215 ], [ -92.264146, 43.213548 ], [ -92.278055, 43.213707 ], [ -92.298407, 43.212815 ], [ -92.313591, 43.212915 ], [ -92.317589, 43.212946 ], [ -92.416804, 43.213053 ], [ -92.435756, 43.213027 ], [ -92.465331, 43.212812 ], [ -92.474697, 43.212965 ], [ -92.505078, 43.21273 ], [ -92.529531, 43.212894 ], [ -92.554381, 43.212813 ], [ -92.554452, 43.255327 ], [ -92.554553, 43.260298 ] ] ] ] } },
{ "type": "Feature", "properties": { "STATEFP": "19", "COUNTYFP": "191", "COUNTYNS": "00465284", "GEOIDFQ": "0500000US19191", "GEOID": "19191", "NAME": "Winneshiek", "NAMELSAD": "Winneshiek County", "STUSPS": "IA", "STATE_NAME": "Iowa", "LSAD": "06", "ALAND": 1786686738.0, "AWATER": 745729.0 }, "geometry": { "type": "MultiPolygon", "coordinates": [ [ [ [ -92.081177, 43.169229 ], [ -92.081045, 43.198368 ], [ -92.080976, 43.212947 ], [ -92.080929, 43.220244 ], [ -92.080917, 43.227556 ], [ -92.080979, 43.242133 ], [ -92.080955, 43.255619 ], [ -92.080506, 43.318248 ], [ -92.080385, 43.335298 ], [ -92.080344, 43.342033 ], [ -92.080276, 43.356696 ], [ -92.080349, 43.385913 ], [ -92.080053, 43.392929 ], [ -92.080009, 43.428848 ], [ -92.080034, 43.471131 ], [ -92.079876, 43.471949 ], [ -92.079635, 43.472546 ], [ -92.080233, 43.475395 ], [ -92.079905, 43.500395 ], [ -92.079801943232198, 43.500733546159601 ], [ -92.074754, 43.500731 ], [ -92.009340001272506, 43.500691872569703 ], [ -91.970712985783294, 43.500668767792703 ], [ -91.969676933873501, 43.500668148077501 ], [ -91.954383, 43.500659 ], [ -91.950499954127906, 43.500668768296499 ], [ -91.941265, 43.500692 ], [ -91.871120999038894, 43.500721732533101 ], [ -91.850941004784005, 43.5007302863985 ], [ -91.849699996105599, 43.5007308124354 ], [ -91.828025, 43.50074 ], [ -91.790616130068102, 43.5007925651568 ], [ -91.790549850249604, 43.500792658290003 ], [ -91.77892, 43.500809 ], [ -91.749998, 43.500696 ], [ -91.731400006334098, 43.500699019093602 ], [ -91.730216982664501, 43.500699211139001 ], [ -91.700717, 43.500704 ], [ -91.670872, 43.500513 ], [ -91.658401, 43.500533 ], [ -91.644456, 43.500636 ], [ -91.632178, 43.500441 ], [ -91.617114, 43.500663 ], [ -91.610835029875503, 43.500645979023602 ], [ -91.610864, 43.486178 ], [ -91.610737, 43.482363 ], [ -91.610602, 43.445841 ], [ -91.610913, 43.431891 ], [ -91.610914, 43.428326 ], [ -91.610912, 43.421507 ], [ -91.611046, 43.342081 ], [ -91.603992, 43.342047 ], [ -91.604419, 43.315324 ], [ -91.604501, 43.315224 ], [ -91.604788, 43.255809 ], [ -91.604796, 43.254799 ], [ -91.60449, 43.240482 ], [ -91.604346, 43.211471 ], [ -91.604361, 43.207891 ], [ -91.604419, 43.168221 ], [ -91.604448, 43.164849 ], [ -91.604635, 43.154123 ], [ -91.605347, 43.103103 ], [ -91.605285, 43.102753 ], [ -91.605307, 43.081653 ], [ -91.650177, 43.081795 ], [ -91.67302, 43.081825 ], [ -91.674042, 43.082045 ], [ -91.683091, 43.08183 ], [ -91.694565, 43.081825 ], [ -91.722679, 43.08175 ], [ -91.725232, 43.081769 ], [ -91.844013, 43.081914 ], [ -91.844246, 43.081914 ], [ -91.854425, 43.08192 ], [ -91.903856, 43.082193 ], [ -91.922576, 43.082332 ], [ -91.924431, 43.082495 ], [ -91.963156, 43.082519 ], [ -92.000168, 43.082556 ], [ -92.002107, 43.082281 ], [ -92.016271, 43.082394 ], [ -92.022816, 43.082728 ], [ -92.067429, 43.082725 ], [ -92.081146, 43.082794 ], [ -92.081097, 43.094913 ], [ -92.081024, 43.126289 ], [ -92.081072, 43.164012 ], [ -92.081177, 43.169229 ] ] ] ] } },
{ "type": "Feature", "properties": { "STATEFP": "19", "COUNTYFP": "043", "COUNTYNS": "00465210", "GEOIDFQ": "0500000US19043", "GEOID": "19043", "NAME": "Clayton", "NAMELSAD": "Clayton County", "STUSPS": "IA", "STATE_NAME": "Iowa", "LSAD": "06", "ALAND": 2016211326.0, "AWATER": 36692127.0 }, "geometry": { "type": "MultiPolygon", "coordinates": [ [ [ [ -91.608412, 42.812905 ], [ -91.607561, 42.814935 ], [ -91.607524, 42.815523 ], [ -91.606597, 42.818549 ], [ -91.607313, 42.820005 ], [ -91.60713, 42.836752 ], [ -91.606854, 42.893671 ], [ -91.606617, 42.905634 ], [ -91.60661, 42.927811 ], [ -91.606368, 42.943273 ], [ -91.60631, 42.95175 ], [ -91.606233, 42.962491 ], [ -91.606471, 42.963537 ], [ -91.605654, 42.968223 ], [ -91.606086, 42.970595 ], [ -91.606002, 42.985274 ], [ -91.605968, 42.991836 ], [ -91.605736, 42.993234 ], [ -91.605986, 42.994721 ], [ -91.605958, 43.000987 ], [ -91.605482, 43.043824 ], [ -91.605466, 43.047456 ], [ -91.605307, 43.081653 ], [ -91.588072, 43.081694 ], [ -91.583115, 43.081666 ], [ -91.553462, 43.081686 ], [ -91.553414, 43.081686 ], [ -91.498959, 43.081549 ], [ -91.493998, 43.081543 ], [ -91.488999, 43.081538 ], [ -91.485356, 43.081533 ], [ -91.484139, 43.081532 ], [ -91.469337, 43.081512 ], [ -91.464419, 43.081507 ], [ -91.419774, 43.081342 ], [ -91.390135, 43.081338 ], [ -91.370442, 43.081237 ], [ -91.340894, 43.081224 ], [ -91.300435, 43.080965 ], [ -91.290559, 43.080961 ], [ -91.28568, 43.08102 ], [ -91.258208, 43.080778 ], [ -91.251183, 43.080706 ], [ -91.231126, 43.0804 ], [ -91.177222, 43.080247 ], [ -91.177264, 43.072983 ], [ -91.178761, 43.070578 ], [ -91.179457, 43.067427 ], [ -91.177894, 43.064206 ], [ -91.178087, 43.062044 ], [ -91.176554126345394, 43.051509839400701 ], [ -91.175462385661206, 43.044007217337601 ], [ -91.175319654103305, 43.0430263425284 ], [ -91.174692, 43.038713 ], [ -91.174455404987796, 43.038001 ], [ -91.1743278964735, 43.037617280743497 ], [ -91.172606332405607, 43.032436471541097 ], [ -91.168283, 43.019426 ], [ -91.167983376074403, 43.0186500537067 ], [ -91.15749, 42.991475 ], [ -91.156812651643506, 42.988169866453298 ], [ -91.156743, 42.98783 ], [ -91.156562, 42.978226 ], [ -91.155519, 42.975774 ], [ -91.150906, 42.970514 ], [ -91.148001, 42.966155 ], [ -91.147122655007493, 42.964454001082601 ], [ -91.14655, 42.963345 ], [ -91.14543, 42.958211 ], [ -91.14554, 42.95651 ], [ -91.14909, 42.946554 ], [ -91.14988, 42.941955 ], [ -91.149784, 42.940244 ], [ -91.145517, 42.930378 ], [ -91.144315, 42.926592 ], [ -91.1438, 42.922877 ], [ -91.143875414713506, 42.920719945821297 ], [ -91.143878, 42.920646 ], [ -91.145868, 42.914967 ], [ -91.146182, 42.912338 ], [ -91.146177, 42.90985 ], [ -91.14556, 42.90798 ], [ -91.144706, 42.905964 ], [ -91.143375, 42.90467 ], [ -91.138, 42.903772 ], [ -91.130302576558293, 42.900805413229897 ], [ -91.117411, 42.895837 ], [ -91.115512, 42.894672 ], [ -91.112158, 42.891149 ], [ -91.104051, 42.885971 ], [ -91.100565, 42.883078 ], [ -91.098238, 42.875798 ], [ -91.09882, 42.864421 ], [ -91.097656, 42.859871 ], [ -91.095329, 42.85532 ], [ -91.091837, 42.851225 ], [ -91.091402, 42.84986 ], [ -91.0916993287873, 42.848667000280798 ], [ -91.092978116369693, 42.843536002906902 ], [ -91.094929828916506, 42.8357049666267 ], [ -91.095114, 42.834966 ], [ -91.09406, 42.830813 ], [ -91.090136, 42.829237 ], [ -91.08277, 42.829977 ], [ -91.078665, 42.827678 ], [ -91.079314, 42.820309 ], [ -91.078844454367299, 42.814991212444497 ], [ -91.078097, 42.806526 ], [ -91.075599926714602, 42.7959688017825 ], [ -91.075481, 42.795466 ], [ -91.072447, 42.787732 ], [ -91.071138, 42.783004 ], [ -91.070716, 42.775502 ], [ -91.069909766230595, 42.771443887607902 ], [ -91.069549, 42.769628 ], [ -91.063254, 42.763947 ], [ -91.060261, 42.761847 ], [ -91.060129, 42.759986 ], [ -91.061432, 42.757974 ], [ -91.06312, 42.757273 ], [ -91.065492, 42.757081 ], [ -91.065783, 42.753387 ], [ -91.06468, 42.750914 ], [ -91.060172, 42.750481 ], [ -91.058091, 42.749246 ], [ -91.056297, 42.747341 ], [ -91.05481, 42.744686 ], [ -91.054801, 42.740529 ], [ -91.053733, 42.738238 ], [ -91.051275, 42.737001 ], [ -91.049972, 42.736905 ], [ -91.046571, 42.737167 ], [ -91.044800942935893, 42.738213604464697 ], [ -91.044139, 42.738605 ], [ -91.039383, 42.738478 ], [ -91.035418, 42.73734 ], [ -91.032013, 42.734484 ], [ -91.030984, 42.73255 ], [ -91.030970078807499, 42.732400007000898 ], [ -91.030718, 42.729684 ], [ -91.029692, 42.726774 ], [ -91.026786, 42.724228 ], [ -91.017239, 42.719566 ], [ -91.015687, 42.719229 ], [ -91.015100955496393, 42.719314748573801 ], [ -91.009577, 42.720123 ], [ -91.008155767256099, 42.719531283457002 ], [ -91.000128, 42.716189 ], [ -90.995536, 42.713704 ], [ -90.988776, 42.708724 ], [ -90.980578, 42.698932 ], [ -90.977735, 42.696816 ], [ -90.974237, 42.695249 ], [ -90.965048, 42.693233 ], [ -90.9545072416918, 42.687847058823799 ], [ -90.952415, 42.686778 ], [ -90.949213, 42.685573 ], [ -90.941567, 42.683844 ], [ -90.937045, 42.683399 ], [ -90.929881, 42.684128 ], [ -90.923634, 42.6855 ], [ -90.921155, 42.685406 ], [ -90.9134, 42.682949 ], [ -90.900261, 42.676254 ], [ -90.898899299442803, 42.675852419849697 ], [ -90.896897864418094, 42.675262175119499 ], [ -90.897299, 42.652982 ], [ -90.897415, 42.645714 ], [ -90.936501, 42.646029 ], [ -90.966281, 42.646192 ], [ -91.014943, 42.646338 ], [ -91.111294, 42.645912 ], [ -91.113419, 42.646025 ], [ -91.127911, 42.645848 ], [ -91.132766, 42.645844 ], [ -91.199761, 42.645763 ], [ -91.200999, 42.645756 ], [ -91.201213, 42.645746 ], [ -91.201521, 42.645752 ], [ -91.250802, 42.645576 ], [ -91.367182, 42.644954 ], [ -91.369187, 42.644905 ], [ -91.378977, 42.644813 ], [ -91.388844, 42.644641 ], [ -91.39278, 42.644571 ], [ -91.410972, 42.644383 ], [ -91.411009, 42.644382 ], [ -91.468431, 42.644072 ], [ -91.472604, 42.644043 ], [ -91.477476, 42.644022 ], [ -91.482455, 42.644016 ], [ -91.487992, 42.644021 ], [ -91.498295, 42.644103 ], [ -91.542217, 42.644406 ], [ -91.544606, 42.644236 ], [ -91.607059, 42.643973 ], [ -91.606426, 42.724057 ], [ -91.606525, 42.731359 ], [ -91.607165, 42.760427 ], [ -91.607343, 42.775014 ], [ -91.607737, 42.797375 ], [ -91.607471, 42.802663 ], [ -91.607827, 42.811243 ], [ -91.608412, 42.812905 ] ] ] ] } },
{ "type": "Feature", "properties": { "STATEFP": "19", "COUNTYFP": "007", "COUNTYNS": "00465193", "GEOIDFQ": "0500000US19007", "GEOID": "19007", "NAME": "Appanoose", "NAMELSAD": "Appanoose County", "STUSPS": "IA", "STATE_NAME": "Iowa", "LSAD": "06", "ALAND": 1287997902.0, "AWATER": 49093607.0 }, "geometry": { "type": "MultiPolygon", "coordinates": [ [ [ [ -93.097618, 40.898088 ], [ -93.097595, 40.898451 ], [ -93.083593, 40.898387 ], [ -93.079389, 40.898499 ], [ -93.059764, 40.89832 ], [ -93.021504, 40.898256 ], [ -93.000201, 40.898268 ], [ -92.997586, 40.898424 ], [ -92.992844, 40.898422 ], [ -92.983352, 40.898438 ], [ -92.875197, 40.898709 ], [ -92.874031, 40.898222 ], [ -92.868583, 40.898242 ], [ -92.830935, 40.898337 ], [ -92.830804, 40.89855 ], [ -92.821915, 40.898555 ], [ -92.820865, 40.898562 ], [ -92.806658, 40.898601 ], [ -92.80561, 40.898575 ], [ -92.753901, 40.898596 ], [ -92.658224, 40.898811 ], [ -92.639091, 40.898886 ], [ -92.639156, 40.890726 ], [ -92.63892, 40.885281 ], [ -92.638768, 40.88205 ], [ -92.638875, 40.877742 ], [ -92.638937, 40.870766 ], [ -92.638912, 40.841913 ], [ -92.638912, 40.841887 ], [ -92.638904, 40.84024 ], [ -92.638906, 40.834596 ], [ -92.638891, 40.813003 ], [ -92.638891, 40.776137 ], [ -92.638891, 40.768938 ], [ -92.638593, 40.758019 ], [ -92.63862, 40.743451 ], [ -92.638475, 40.729071 ], [ -92.638423, 40.72545 ], [ -92.638354, 40.718644 ], [ -92.638297, 40.714679 ], [ -92.637959, 40.681987 ], [ -92.63792, 40.678409 ], [ -92.637885, 40.674819 ], [ -92.637878, 40.665167 ], [ -92.637963, 40.660327 ], [ -92.638121, 40.653112 ], [ -92.638244, 40.638397 ], [ -92.638251, 40.631342 ], [ -92.637993, 40.620393 ], [ -92.637965, 40.616847 ], [ -92.638005, 40.606003 ], [ -92.637898, 40.590853 ], [ -92.639223, 40.590825 ], [ -92.686693, 40.589809 ], [ -92.689854, 40.589884 ], [ -92.714597773088499, 40.589564179953797 ], [ -92.742232, 40.589207 ], [ -92.748278140241595, 40.589087870119798 ], [ -92.752893126909598, 40.588996938916203 ], [ -92.753681676712304, 40.588981401757003 ], [ -92.757407, 40.588908 ], [ -92.828061, 40.588593 ], [ -92.827992, 40.588515 ], [ -92.835074, 40.588484 ], [ -92.857391, 40.58836 ], [ -92.861480423975706, 40.5882259324055 ], [ -92.863034, 40.588175 ], [ -92.867308230125701, 40.588218949591202 ], [ -92.879178, 40.588341 ], [ -92.889796, 40.588039 ], [ -92.903544, 40.58786 ], [ -92.941595, 40.587743 ], [ -92.943470927357197, 40.587706647519603 ], [ -92.956596691563107, 40.587452291142903 ], [ -92.957747, 40.58743 ], [ -92.976038241560801, 40.586996662063001 ], [ -92.982370001812399, 40.586846656284798 ], [ -92.986764501692207, 40.586742546156202 ], [ -93.066600211978894, 40.584851157762699 ], [ -93.085517, 40.584403 ], [ -93.089784002733396, 40.584262082769101 ], [ -93.097296, 40.584014 ], [ -93.097256, 40.584524 ], [ -93.097283, 40.637937 ], [ -93.09731, 40.666924 ], [ -93.097395, 40.717681 ], [ -93.097397, 40.72482 ], [ -93.097454, 40.74652 ], [ -93.097473, 40.763614 ], [ -93.097346, 40.764359 ], [ -93.097616, 40.811969 ], [ -93.09759, 40.826932 ], [ -93.097746, 40.841006 ], [ -93.097618, 40.898088 ] ] ] ] } },
{ "type": "Feature", "properties": { "STATEFP": "19", "COUNTYFP": "059", "COUNTYNS": "00465218", "GEOIDFQ": "0500000US19059", "GEOID": "19059", "NAME": "Dickinson", "NAMELSAD": "Dickinson County", "STUSPS": "IA", "STATE_NAME": "Iowa", "LSAD": "06", "ALAND": 985574546.0, "AWATER": 60680641.0 }, "geometry": { "type": "MultiPolygon", "coordinates": [ [ [ [ -95.387994, 43.298669 ], [ -95.387914, 43.30601 ], [ -95.387857, 43.313158 ], [ -95.387678, 43.334848 ], [ -95.38759, 43.342237 ], [ -95.387524, 43.430566 ], [ -95.387519, 43.45954 ], [ -95.387787007592195, 43.500231342103199 ], [ -95.364808, 43.500264 ], [ -95.335314969688099, 43.500379242533903 ], [ -95.324791970149505, 43.500420360625803 ], [ -95.306202, 43.500493 ], [ -95.269005337383902, 43.500473469950599 ], [ -95.250969, 43.500464 ], [ -95.250762, 43.500406 ], [ -95.244844, 43.501196 ], [ -95.214931811085506, 43.500856453343602 ], [ -95.21128, 43.500815 ], [ -95.201281005527505, 43.500847690696801 ], [ -95.1799170279143, 43.500917538051702 ], [ -95.179164, 43.50092 ], [ -95.167408, 43.500998 ], [ -95.154936, 43.500449 ], [ -95.151283204119494, 43.500500482674298 ], [ -95.12393, 43.500886 ], [ -95.093986868125398, 43.500944498516802 ], [ -95.072232, 43.500987 ], [ -95.054180988986502, 43.5009785627729 ], [ -95.032559990438202, 43.500968456897098 ], [ -95.010188, 43.500958 ], [ -94.994438338867695, 43.500943833969302 ], [ -94.974349027195203, 43.500925764640499 ], [ -94.924783198611394, 43.500881182662397 ], [ -94.914574, 43.500872 ], [ -94.914699, 43.500224 ], [ -94.914825, 43.499377 ], [ -94.914387, 43.43046 ], [ -94.914307, 43.414213 ], [ -94.91416, 43.399705 ], [ -94.914338, 43.397428 ], [ -94.914039, 43.370587 ], [ -94.913985, 43.341458 ], [ -94.913723, 43.255054 ], [ -95.032853, 43.255304 ], [ -95.0426, 43.255329 ], [ -95.072471, 43.255387 ], [ -95.092263, 43.255435 ], [ -95.149935, 43.255479 ], [ -95.15024, 43.255478 ], [ -95.209728, 43.255468 ], [ -95.269263, 43.255373 ], [ -95.388078, 43.255221 ], [ -95.387994, 43.298669 ] ] ] ] } },
{ "type": "Feature", "properties": { "STATEFP": "19", "COUNTYFP": "189", "COUNTYNS": "00465283", "GEOIDFQ": "0500000US19189", "GEOID": "19189", "NAME": "Winnebago", "NAMELSAD": "Winnebago County", "STUSPS": "IA", "STATE_NAME": "Iowa", "LSAD": "06", "ALAND": 1037261957.0, "AWATER": 3182049.0 }, "geometry": { "type": "MultiPolygon", "coordinates": [ [ [ [ -93.970761992569507, 43.499881270458999 ], [ -93.88843, 43.499769 ], [ -93.852262062861598, 43.499736417495903 ], [ -93.808507, 43.499697 ], [ -93.768498003212301, 43.499690173351297 ], [ -93.733950022700995, 43.499684278503999 ], [ -93.716122098020804, 43.499681236563802 ], [ -93.696287993734899, 43.499677852313397 ], [ -93.66785, 43.499673 ], [ -93.648533007624394, 43.499663869470503 ], [ -93.616910116571106, 43.499648922333101 ], [ -93.604552046181098, 43.499643081065301 ], [ -93.589571, 43.499636 ], [ -93.528483015224793, 43.499607900966197 ], [ -93.500436, 43.499595 ], [ -93.498425018569407, 43.499593121455902 ], [ -93.4973524517344, 43.499592119525197 ], [ -93.49754, 43.4447 ], [ -93.497696, 43.430134 ], [ -93.497699, 43.422778 ], [ -93.497604, 43.40923 ], [ -93.497821, 43.4083 ], [ -93.497585, 43.379258 ], [ -93.49756, 43.357519 ], [ -93.497485, 43.343006 ], [ -93.497645, 43.31348 ], [ -93.497625, 43.299064 ], [ -93.497635, 43.255468 ], [ -93.616953, 43.255622 ], [ -93.6218, 43.255627 ], [ -93.622625, 43.255625 ], [ -93.632476, 43.25546 ], [ -93.641459, 43.25561 ], [ -93.642655, 43.255515 ], [ -93.656076, 43.255515 ], [ -93.733714, 43.255465 ], [ -93.741815, 43.255504 ], [ -93.745418, 43.255349 ], [ -93.852173, 43.255329 ], [ -93.9606, 43.255299 ], [ -93.970415, 43.255358 ], [ -93.970379, 43.269823 ], [ -93.970259, 43.298615 ], [ -93.970693, 43.342245 ], [ -93.970575, 43.400032 ], [ -93.970543, 43.429708 ], [ -93.970761992569507, 43.499881270458999 ] ] ] ] } },
{ "type": "Feature", "properties": { "STATEFP": "19", "COUNTYFP": "005", "COUNTYNS": "00465192", "GEOIDFQ": "0500000US19005", "GEOID": "19005", "NAME": "Allamakee", "NAMELSAD": "Allamakee County", "STUSPS": "IA", "STATE_NAME": "Iowa", "LSAD": "06", "ALAND": 1655186561.0, "AWATER": 51091699.0 }, "geometry": { "type": "MultiPolygon", "coordinates": [ [ [ [ -91.610912, 43.421507 ], [ -91.610914, 43.428326 ], [ -91.610913, 43.431891 ], [ -91.610602, 43.445841 ], [ -91.610737, 43.482363 ], [ -91.610864, 43.486178 ], [ -91.610835029875503, 43.500645979023602 ], [ -91.571002, 43.500538 ], [ -91.5210909944484, 43.500610160131401 ], [ -91.50391, 43.500635 ], [ -91.491039934892697, 43.500647624086703 ], [ -91.491011526009899, 43.500647651952598 ], [ -91.465487985961204, 43.500672687675397 ], [ -91.465268918896697, 43.5006729025556 ], [ -91.465051106946504, 43.500673116204602 ], [ -91.461637331490493, 43.500676464734497 ], [ -91.436624, 43.500701 ], [ -91.404459076716705, 43.5008532115693 ], [ -91.397319, 43.500887 ], [ -91.375136, 43.500596 ], [ -91.371781836131902, 43.5006929637727 ], [ -91.369322952726804, 43.500764046349701 ], [ -91.367422, 43.500819 ], [ -91.291925152037706, 43.500932305014601 ], [ -91.282128114072606, 43.500947008324196 ], [ -91.25748, 43.500984 ], [ -91.248005, 43.500511 ], [ -91.217706, 43.50055 ], [ -91.21827, 43.497228 ], [ -91.218000725873395, 43.4946709235616 ], [ -91.217615, 43.491008 ], [ -91.215282, 43.484798 ], [ -91.216035, 43.481142 ], [ -91.220399, 43.471306 ], [ -91.224586, 43.465525 ], [ -91.229503, 43.462607 ], [ -91.231050621119195, 43.461143599314198 ], [ -91.232241, 43.460018 ], [ -91.233187, 43.457784 ], [ -91.233367, 43.455168 ], [ -91.232276, 43.450952 ], [ -91.22875, 43.445537 ], [ -91.209056100027894, 43.426844886469397 ], [ -91.207145, 43.425031 ], [ -91.2055506500066, 43.422948502358103 ], [ -91.203144, 43.419805 ], [ -91.201224, 43.415903 ], [ -91.200359, 43.412701 ], [ -91.200527, 43.408486 ], [ -91.199408, 43.403032 ], [ -91.198048, 43.399223 ], [ -91.19767, 43.395334 ], [ -91.198953, 43.389835 ], [ -91.200701, 43.38593 ], [ -91.204831, 43.378887 ], [ -91.206072, 43.374976 ], [ -91.207367, 43.373659 ], [ -91.21336, 43.370097 ], [ -91.21499, 43.368006 ], [ -91.214913851222903, 43.367268049123297 ], [ -91.21477, 43.365874 ], [ -91.2071543481064, 43.353399281867603 ], [ -91.20662, 43.352524 ], [ -91.203964, 43.349852 ], [ -91.201847, 43.349103 ], [ -91.188014, 43.347602 ], [ -91.181115, 43.345926 ], [ -91.171491449879895, 43.341182144627702 ], [ -91.171055, 43.340967 ], [ -91.154806, 43.334826 ], [ -91.137343, 43.329757 ], [ -91.132813, 43.32803 ], [ -91.129121, 43.32635 ], [ -91.119720619324497, 43.320593292183197 ], [ -91.117661, 43.319332 ], [ -91.107237, 43.313645 ], [ -91.085652, 43.29187 ], [ -91.079875, 43.282773 ], [ -91.07371, 43.274746 ], [ -91.071724, 43.271392 ], [ -91.071574, 43.268193 ], [ -91.072782, 43.264363 ], [ -91.072649, 43.262129 ], [ -91.071698, 43.261014 ], [ -91.069937, 43.260272 ], [ -91.061798, 43.259952 ], [ -91.05975, 43.259074 ], [ -91.058644, 43.257679 ], [ -91.057918, 43.255366 ], [ -91.05791, 43.253968 ], [ -91.059684, 43.248566 ], [ -91.061695612549599, 43.244790906400098 ], [ -91.062562, 43.243165 ], [ -91.064271480688106, 43.2414394762189 ], [ -91.066398, 43.239293 ], [ -91.071857, 43.235164 ], [ -91.079278, 43.228259 ], [ -91.087456, 43.221891 ], [ -91.0974555641492, 43.214412449288503 ], [ -91.107931, 43.206578 ], [ -91.109641600316706, 43.205498951673697 ], [ -91.113749, 43.202908 ], [ -91.119115, 43.200366 ], [ -91.12217, 43.197255 ], [ -91.123896, 43.193536 ], [ -91.124428, 43.187886 ], [ -91.134173, 43.174405 ], [ -91.135917, 43.173422 ], [ -91.138649, 43.169993 ], [ -91.141356, 43.163537 ], [ -91.141491230208501, 43.16303706227 ], [ -91.143283, 43.156413 ], [ -91.1460187538989, 43.152654034752601 ], [ -91.1462, 43.152405 ], [ -91.155858755896205, 43.143267816922197 ], [ -91.1562, 43.142945 ], [ -91.160449, 43.140575 ], [ -91.170372, 43.137384 ], [ -91.175253, 43.134665 ], [ -91.177003, 43.131846 ], [ -91.177932, 43.128875 ], [ -91.178251, 43.124982 ], [ -91.177728, 43.118733 ], [ -91.175193, 43.103771 ], [ -91.177222, 43.080247 ], [ -91.231126, 43.0804 ], [ -91.251183, 43.080706 ], [ -91.258208, 43.080778 ], [ -91.28568, 43.08102 ], [ -91.290559, 43.080961 ], [ -91.300435, 43.080965 ], [ -91.340894, 43.081224 ], [ -91.370442, 43.081237 ], [ -91.390135, 43.081338 ], [ -91.419774, 43.081342 ], [ -91.464419, 43.081507 ], [ -91.469337, 43.081512 ], [ -91.484139, 43.081532 ], [ -91.485356, 43.081533 ], [ -91.488999, 43.081538 ], [ -91.493998, 43.081543 ], [ -91.498959, 43.081549 ], [ -91.553414, 43.081686 ], [ -91.553462, 43.081686 ], [ -91.583115, 43.081666 ], [ -91.588072, 43.081694 ], [ -91.605307, 43.081653 ], [ -91.605285, 43.102753 ], [ -91.605347, 43.103103 ], [ -91.604635, 43.154123 ], [ -91.604448, 43.164849 ], [ -91.604419, 43.168221 ], [ -91.604361, 43.207891 ], [ -91.604346, 43.211471 ], [ -91.60449, 43.240482 ], [ -91.604796, 43.254799 ], [ -91.604788, 43.255809 ], [ -91.604501, 43.315224 ], [ -91.604419, 43.315324 ], [ -91.603992, 43.342047 ], [ -91.611046, 43.342081 ], [ -91.610912, 43.421507 ] ] ] ] } },
{ "type": "Feature", "properties": { "STATEFP": "19", "COUNTYFP": "123", "COUNTYNS": "00465250", "GEOIDFQ": "0500000US19123", "GEOID": "19123", "NAME": "Mahaska", "NAMELSAD": "Mahaska County", "STUSPS": "IA", "STATE_NAME": "Iowa", "LSAD": "06", "ALAND": 1478496994.0, "AWATER": 6594320.0 }, "geometry": { "type": "MultiPolygon", "coordinates": [ [ [ [ -92.871421, 41.508522 ], [ -92.867603, 41.508531 ], [ -92.795418, 41.508749 ], [ -92.771384, 41.508732 ], [ -92.756508, 41.508794 ], [ -92.656573, 41.509121 ], [ -92.651167, 41.508907 ], [ -92.644324, 41.509149 ], [ -92.64225, 41.509144 ], [ -92.603576, 41.509158 ], [ -92.565617, 41.509116 ], [ -92.555948, 41.50915 ], [ -92.52677, 41.509242 ], [ -92.508358, 41.509266 ], [ -92.486616, 41.509347 ], [ -92.479396, 41.509383 ], [ -92.474596, 41.509396 ], [ -92.464051, 41.509411 ], [ -92.460175, 41.509406 ], [ -92.460161, 41.509406 ], [ -92.431283, 41.509483 ], [ -92.411995, 41.509548 ], [ -92.412008, 41.484792 ], [ -92.411673, 41.423212 ], [ -92.411569, 41.408481 ], [ -92.411327, 41.368688 ], [ -92.411277, 41.350586 ], [ -92.411155, 41.336124 ], [ -92.410893, 41.278753 ], [ -92.410828, 41.271544 ], [ -92.410775, 41.267301 ], [ -92.410493, 41.24989 ], [ -92.410592, 41.205385 ], [ -92.410392, 41.20351 ], [ -92.410382, 41.190896 ], [ -92.410326, 41.183675 ], [ -92.41007, 41.176734 ], [ -92.410289, 41.16918 ], [ -92.410233, 41.161942 ], [ -92.467729, 41.161719 ], [ -92.525115, 41.161513 ], [ -92.525545, 41.16151 ], [ -92.583198, 41.161509 ], [ -92.6118, 41.161486 ], [ -92.628478, 41.161291 ], [ -92.640376, 41.161402 ], [ -92.643817, 41.161379 ], [ -92.657433, 41.161342 ], [ -92.657912, 41.161423 ], [ -92.754745, 41.161364 ], [ -92.759488, 41.161348 ], [ -92.850426, 41.16114 ], [ -92.869771, 41.161066 ], [ -92.8702, 41.22628 ], [ -92.8704, 41.248374 ], [ -92.870682, 41.25 ], [ -92.870841, 41.262816 ], [ -92.870892, 41.270214 ], [ -92.870831, 41.298591 ], [ -92.870824, 41.299342 ], [ -92.870753, 41.306615 ], [ -92.870628, 41.335005 ], [ -92.870612, 41.340566 ], [ -92.870841, 41.385828 ], [ -92.870883, 41.393595 ], [ -92.870888, 41.395394 ], [ -92.870901, 41.400354 ], [ -92.870922, 41.407551 ], [ -92.870951, 41.412001 ], [ -92.870966, 41.414817 ], [ -92.871001, 41.42188 ], [ -92.871303, 41.464017 ], [ -92.871421, 41.508522 ] ] ] ] } },
{ "type": "Feature", "properties": { "STATEFP": "19", "COUNTYFP": "187", "COUNTYNS": "00465282", "GEOIDFQ": "0500000US19187", "GEOID": "19187", "NAME": "Webster", "NAMELSAD": "Webster County", "STUSPS": "IA", "STATE_NAME": "Iowa", "LSAD": "06", "ALAND": 1853665899.0, "AWATER": 7269394.0 }, "geometry": { "type": "MultiPolygon", "coordinates": [ [ [ [ -94.443438, 42.616519 ], [ -94.443274, 42.638153 ], [ -94.443083, 42.645164 ], [ -94.383512, 42.645003 ], [ -94.382238, 42.645164 ], [ -94.363775, 42.645096 ], [ -94.354127, 42.645091 ], [ -94.324789, 42.645093 ], [ -94.295366, 42.644939 ], [ -94.226864, 42.644561 ], [ -94.207271, 42.644522 ], [ -94.192461, 42.644339 ], [ -94.187512, 42.644716 ], [ -94.090123, 42.644784 ], [ -93.971714, 42.644707 ], [ -93.971583, 42.558139 ], [ -93.97148, 42.522379 ], [ -93.971469, 42.507942 ], [ -93.971549, 42.486333 ], [ -93.97158, 42.47911 ], [ -93.971599, 42.472082 ], [ -93.970808, 42.472076 ], [ -93.931684, 42.472011 ], [ -93.931906, 42.383705 ], [ -93.931905, 42.375797 ], [ -93.931912, 42.373906 ], [ -93.931893, 42.368647 ], [ -93.931637, 42.313498 ], [ -93.931729, 42.302843 ], [ -93.931696, 42.300019 ], [ -93.931659, 42.296319 ], [ -93.93185, 42.289481 ], [ -93.93184, 42.278684 ], [ -93.93184, 42.278667 ], [ -93.931845, 42.27187 ], [ -93.932029, 42.267778 ], [ -93.931831, 42.266593 ], [ -93.931799, 42.260565 ], [ -93.931795, 42.253317 ], [ -93.93158, 42.209908 ], [ -93.97978, 42.209846 ], [ -94.047817, 42.209946 ], [ -94.164704, 42.20992 ], [ -94.203611, 42.209887 ], [ -94.281274, 42.209639 ], [ -94.300662, 42.209593 ], [ -94.301014, 42.20961 ], [ -94.378687, 42.209065 ], [ -94.397561, 42.209125 ], [ -94.397526, 42.209161 ], [ -94.397637, 42.273548 ], [ -94.397616, 42.277893 ], [ -94.39759, 42.281505 ], [ -94.397539, 42.29612 ], [ -94.39745, 42.310632 ], [ -94.397182, 42.383745 ], [ -94.397092, 42.396004 ], [ -94.397476, 42.45619 ], [ -94.397671, 42.4733 ], [ -94.417054, 42.47333 ], [ -94.431968, 42.473362 ], [ -94.443033, 42.473378 ], [ -94.443122, 42.499972 ], [ -94.443024, 42.558843 ], [ -94.443112, 42.5869 ], [ -94.443578, 42.595145 ], [ -94.443438, 42.616519 ] ] ] ] } },
{ "type": "Feature", "properties": { "STATEFP": "19", "COUNTYFP": "099", "COUNTYNS": "00465238", "GEOIDFQ": "0500000US19099", "GEOID": "19099", "NAME": "Jasper", "NAMELSAD": "Jasper County", "STUSPS": "IA", "STATE_NAME": "Iowa", "LSAD": "06", "ALAND": 1891795093.0, "AWATER": 6544165.0 }, "geometry": { "type": "MultiPolygon", "coordinates": [ [ [ [ -93.348589, 41.619177 ], [ -93.34853, 41.641702 ], [ -93.348512, 41.647916 ], [ -93.348461, 41.658811 ], [ -93.348483, 41.666042 ], [ -93.348465, 41.668237 ], [ -93.348451, 41.671753 ], [ -93.348439, 41.673252 ], [ -93.348365, 41.67683 ], [ -93.348464, 41.680741 ], [ -93.348464, 41.680957 ], [ -93.348449, 41.684418 ], [ -93.348508, 41.688406 ], [ -93.34847, 41.717318 ], [ -93.348228, 41.720289 ], [ -93.348319, 41.746466 ], [ -93.348145, 41.776636 ], [ -93.348151, 41.805577 ], [ -93.348064, 41.834479 ], [ -93.348064, 41.834764 ], [ -93.347933, 41.863104 ], [ -93.252283, 41.862734 ], [ -93.251692, 41.862584 ], [ -93.250968, 41.862667 ], [ -93.244094, 41.862816 ], [ -93.231858, 41.862711 ], [ -93.116197, 41.862651 ], [ -93.096836, 41.862631 ], [ -93.057954, 41.862627 ], [ -93.057298, 41.862609 ], [ -93.048246, 41.862631 ], [ -93.01916, 41.86254 ], [ -92.999781, 41.862476 ], [ -92.883217, 41.862381 ], [ -92.795063, 41.862383 ], [ -92.765999, 41.862373 ], [ -92.766116, 41.861819 ], [ -92.766488, 41.855771 ], [ -92.76602, 41.841325 ], [ -92.766027, 41.790519 ], [ -92.766135, 41.775997 ], [ -92.766184, 41.753488 ], [ -92.766294, 41.73632 ], [ -92.766335, 41.726516 ], [ -92.766671, 41.721937 ], [ -92.766386, 41.717204 ], [ -92.766363, 41.695549 ], [ -92.766443, 41.694932 ], [ -92.766433, 41.688122 ], [ -92.766574, 41.637718 ], [ -92.766529, 41.623321 ], [ -92.766759, 41.601355 ], [ -92.757068, 41.601411 ], [ -92.756657, 41.530515 ], [ -92.756508, 41.508794 ], [ -92.771384, 41.508732 ], [ -92.795418, 41.508749 ], [ -92.867603, 41.508531 ], [ -92.871421, 41.508522 ], [ -92.881031, 41.508466 ], [ -92.967551, 41.508216 ], [ -92.969421, 41.508317 ], [ -92.986305, 41.508261 ], [ -93.024976, 41.50841 ], [ -93.063601, 41.50828 ], [ -93.083786, 41.508262 ], [ -93.085012, 41.508021 ], [ -93.09255, 41.508305 ], [ -93.10102, 41.508326 ], [ -93.110108, 41.508283 ], [ -93.11071, 41.508296 ], [ -93.139687, 41.508106 ], [ -93.178296, 41.508077 ], [ -93.187926, 41.508031 ], [ -93.282106, 41.508038 ], [ -93.291663, 41.50805 ], [ -93.328614, 41.507824 ], [ -93.328899, 41.534309 ], [ -93.328853, 41.584281 ], [ -93.328681, 41.601148 ], [ -93.348681, 41.600999 ], [ -93.348589, 41.619177 ] ] ] ] } },
{ "type": "Feature", "properties": { "STATEFP": "19", "COUNTYFP": "135", "COUNTYNS": "00465256", "GEOIDFQ": "0500000US19135", "GEOID": "19135", "NAME": "Monroe", "NAMELSAD": "Monroe County", "STUSPS": "IA", "STATE_NAME": "Iowa", "LSAD": "06", "ALAND": 1123299102.0, "AWATER": 1522790.0 }, "geometry": { "type": "MultiPolygon", "coordinates": [ [ [ [ -93.099217, 41.160867 ], [ -92.994217, 41.16083 ], [ -92.984422, 41.160797 ], [ -92.878983, 41.160853 ], [ -92.873021, 41.161075 ], [ -92.869771, 41.161066 ], [ -92.850426, 41.16114 ], [ -92.759488, 41.161348 ], [ -92.754745, 41.161364 ], [ -92.657912, 41.161423 ], [ -92.657433, 41.161342 ], [ -92.643817, 41.161379 ], [ -92.640376, 41.161402 ], [ -92.640145, 41.15778 ], [ -92.640192, 41.147147 ], [ -92.63993, 41.082253 ], [ -92.639849, 41.075047 ], [ -92.63976, 41.063145 ], [ -92.6397, 41.030491 ], [ -92.639635, 41.023258 ], [ -92.639573, 41.016134 ], [ -92.639536, 41.010024 ], [ -92.639165, 41.006443 ], [ -92.639554, 41.00424 ], [ -92.63949, 40.987122 ], [ -92.639315, 40.965917 ], [ -92.639229, 40.958655 ], [ -92.63937, 40.956847 ], [ -92.639091, 40.898886 ], [ -92.658224, 40.898811 ], [ -92.753901, 40.898596 ], [ -92.80561, 40.898575 ], [ -92.806658, 40.898601 ], [ -92.820865, 40.898562 ], [ -92.821915, 40.898555 ], [ -92.830804, 40.89855 ], [ -92.830935, 40.898337 ], [ -92.868583, 40.898242 ], [ -92.874031, 40.898222 ], [ -92.875197, 40.898709 ], [ -92.983352, 40.898438 ], [ -92.992844, 40.898422 ], [ -92.997586, 40.898424 ], [ -93.000201, 40.898268 ], [ -93.021504, 40.898256 ], [ -93.059764, 40.89832 ], [ -93.079389, 40.898499 ], [ -93.083593, 40.898387 ], [ -93.097595, 40.898451 ], [ -93.097787, 40.901219 ], [ -93.09836, 40.98636 ], [ -93.098381, 41.000884 ], [ -93.098467, 41.074143 ], [ -93.098465, 41.074273 ], [ -93.099217, 41.160867 ] ] ] ] } },
{ "type": "Feature", "properties": { "STATEFP": "19", "COUNTYFP": "017", "COUNTYNS": "00465198", "GEOIDFQ": "0500000US19017", "GEOID": "19017", "NAME": "Bremer", "NAMELSAD": "Bremer County", "STUSPS": "IA", "STATE_NAME": "Iowa", "LSAD": "06", "ALAND": 1127886260.0, "AWATER": 10165785.0 }, "geometry": { "type": "MultiPolygon", "coordinates": [ [ [ [ -92.554799, 42.702689 ], [ -92.554495, 42.730127 ], [ -92.554438, 42.744634 ], [ -92.554413, 42.809936 ], [ -92.554405, 42.818271 ], [ -92.554211, 42.907112 ], [ -92.531893, 42.907248 ], [ -92.436112, 42.90704 ], [ -92.386687, 42.907042 ], [ -92.376797, 42.907051 ], [ -92.337091, 42.907064 ], [ -92.318273, 42.907038 ], [ -92.317626, 42.907036 ], [ -92.283548, 42.907013 ], [ -92.258691, 42.906937 ], [ -92.199215, 42.906886 ], [ -92.180622, 42.906882 ], [ -92.125178, 42.906732 ], [ -92.124055, 42.90688 ], [ -92.105318, 42.906901 ], [ -92.105292, 42.906839 ], [ -92.081568, 42.907013 ], [ -92.081721, 42.891162 ], [ -92.081691, 42.876646 ], [ -92.081408, 42.862064 ], [ -92.081575, 42.86025 ], [ -92.08155, 42.849303 ], [ -92.081564, 42.84748 ], [ -92.081812, 42.84024 ], [ -92.081884, 42.831375 ], [ -92.081605, 42.830549 ], [ -92.081566, 42.81842 ], [ -92.081766, 42.747808 ], [ -92.081745, 42.744137 ], [ -92.081656, 42.729755 ], [ -92.081661, 42.642056 ], [ -92.116139, 42.641958 ], [ -92.147888, 42.642152 ], [ -92.18978, 42.642158 ], [ -92.19895, 42.642189 ], [ -92.229016, 42.642191 ], [ -92.248707, 42.642203 ], [ -92.258549, 42.6422 ], [ -92.317662, 42.642237 ], [ -92.366886, 42.642297 ], [ -92.371862, 42.642288 ], [ -92.396423, 42.642296 ], [ -92.416115, 42.642278 ], [ -92.436121, 42.642265 ], [ -92.450879, 42.642264 ], [ -92.451471, 42.642263 ], [ -92.475409, 42.642267 ], [ -92.494492, 42.642242 ], [ -92.498875, 42.642294 ], [ -92.501435, 42.642246 ], [ -92.514425, 42.64232 ], [ -92.529263, 42.642258 ], [ -92.554492, 42.642314 ], [ -92.554411, 42.68588 ], [ -92.554761, 42.690366 ], [ -92.554799, 42.702689 ] ] ] ] } },
{ "type": "Feature", "properties": { "STATEFP": "19", "COUNTYFP": "157", "COUNTYNS": "00465267", "GEOIDFQ": "0500000US19157", "GEOID": "19157", "NAME": "Poweshiek", "NAMELSAD": "Poweshiek County", "STUSPS": "IA", "STATE_NAME": "Iowa", "LSAD": "06", "ALAND": 1514943343.0, "AWATER": 2961952.0 }, "geometry": { "type": "MultiPolygon", "coordinates": [ [ [ [ -92.766529, 41.623321 ], [ -92.766574, 41.637718 ], [ -92.766433, 41.688122 ], [ -92.766443, 41.694932 ], [ -92.766363, 41.695549 ], [ -92.766386, 41.717204 ], [ -92.766671, 41.721937 ], [ -92.766335, 41.726516 ], [ -92.766294, 41.73632 ], [ -92.766184, 41.753488 ], [ -92.766135, 41.775997 ], [ -92.766027, 41.790519 ], [ -92.76602, 41.841325 ], [ -92.766488, 41.855771 ], [ -92.766116, 41.861819 ], [ -92.765999, 41.862373 ], [ -92.750193, 41.862208 ], [ -92.747854, 41.862428 ], [ -92.727448, 41.862384 ], [ -92.707994, 41.862314 ], [ -92.688516, 41.862282 ], [ -92.649665, 41.862311 ], [ -92.571931, 41.862275 ], [ -92.557353, 41.862258 ], [ -92.552489, 41.86225 ], [ -92.542737, 41.862247 ], [ -92.533093, 41.8622 ], [ -92.425536, 41.862511 ], [ -92.415599, 41.862508 ], [ -92.391777, 41.862492 ], [ -92.391165, 41.862571 ], [ -92.366056, 41.862509 ], [ -92.298164, 41.862779 ], [ -92.29869, 41.819509 ], [ -92.298749, 41.812138 ], [ -92.298816, 41.797952 ], [ -92.299101, 41.792543 ], [ -92.29896, 41.790208 ], [ -92.299191, 41.776094 ], [ -92.299236, 41.77245 ], [ -92.299453, 41.761607 ], [ -92.299714, 41.745746 ], [ -92.299873, 41.736132 ], [ -92.299907, 41.732173 ], [ -92.29993, 41.727966 ], [ -92.299951, 41.725332 ], [ -92.299804, 41.695889 ], [ -92.299802, 41.695699 ], [ -92.299949, 41.695103 ], [ -92.299952, 41.689045 ], [ -92.299654, 41.642346 ], [ -92.299651, 41.628921 ], [ -92.29961, 41.626836 ], [ -92.299495, 41.601536 ], [ -92.297814, 41.601535 ], [ -92.297783, 41.59666 ], [ -92.297663, 41.560386 ], [ -92.297634, 41.549662 ], [ -92.297633, 41.546037 ], [ -92.297494, 41.50979 ], [ -92.34564, 41.509677 ], [ -92.355389, 41.509646 ], [ -92.411995, 41.509548 ], [ -92.431283, 41.509483 ], [ -92.460161, 41.509406 ], [ -92.460175, 41.509406 ], [ -92.464051, 41.509411 ], [ -92.474596, 41.509396 ], [ -92.479396, 41.509383 ], [ -92.486616, 41.509347 ], [ -92.508358, 41.509266 ], [ -92.52677, 41.509242 ], [ -92.555948, 41.50915 ], [ -92.565617, 41.509116 ], [ -92.603576, 41.509158 ], [ -92.64225, 41.509144 ], [ -92.644324, 41.509149 ], [ -92.651167, 41.508907 ], [ -92.656573, 41.509121 ], [ -92.756508, 41.508794 ], [ -92.756657, 41.530515 ], [ -92.757068, 41.601411 ], [ -92.766759, 41.601355 ], [ -92.766529, 41.623321 ] ] ] ] } },
{ "type": "Feature", "properties": { "STATEFP": "19", "COUNTYFP": "127", "COUNTYNS": "00465252", "GEOIDFQ": "0500000US19127", "GEOID": "19127", "NAME": "Marshall", "NAMELSAD": "Marshall County", "STUSPS": "IA", "STATE_NAME": "Iowa", "LSAD": "06", "ALAND": 1482776071.0, "AWATER": 1803080.0 }, "geometry": { "type": "MultiPolygon", "coordinates": [ [ [ [ -93.23184, 41.866387 ], [ -93.231803, 41.916903 ], [ -93.231763, 41.927732 ], [ -93.231718, 41.949961 ], [ -93.231753, 41.964428 ], [ -93.231762, 41.971637 ], [ -93.231762, 41.975299 ], [ -93.231686, 42.034212 ], [ -93.231539, 42.122381 ], [ -93.231722, 42.208886 ], [ -93.215304, 42.208849 ], [ -93.195807, 42.208819 ], [ -93.151991, 42.208742 ], [ -93.122754, 42.208702 ], [ -93.117879, 42.208733 ], [ -93.033377, 42.209262 ], [ -93.001674, 42.209267 ], [ -92.884997, 42.210004 ], [ -92.874153, 42.210061 ], [ -92.869334, 42.21007 ], [ -92.777204, 42.210064 ], [ -92.767463, 42.21014 ], [ -92.767055, 42.166806 ], [ -92.766989, 42.152273 ], [ -92.766861, 42.130706 ], [ -92.766793, 42.12346 ], [ -92.766697, 42.092883 ], [ -92.766437, 42.056779 ], [ -92.766306, 42.035044 ], [ -92.766283, 42.031409 ], [ -92.76612, 42.014026 ], [ -92.766067, 42.009501 ], [ -92.766041, 42.006647 ], [ -92.766113, 41.999549 ], [ -92.765892, 41.992474 ], [ -92.765849, 41.949338 ], [ -92.765705, 41.917334 ], [ -92.765972, 41.914719 ], [ -92.765747, 41.914011 ], [ -92.765801, 41.891415 ], [ -92.765999, 41.862373 ], [ -92.795063, 41.862383 ], [ -92.883217, 41.862381 ], [ -92.999781, 41.862476 ], [ -93.01916, 41.86254 ], [ -93.048246, 41.862631 ], [ -93.057298, 41.862609 ], [ -93.057954, 41.862627 ], [ -93.096836, 41.862631 ], [ -93.116197, 41.862651 ], [ -93.231858, 41.862711 ], [ -93.23184, 41.866387 ] ] ] ] } },
{ "type": "Feature", "properties": { "STATEFP": "19", "COUNTYFP": "177", "COUNTYNS": "00465277", "GEOIDFQ": "0500000US19177", "GEOID": "19177", "NAME": "Van Buren", "NAMELSAD": "Van Buren County", "STUSPS": "IA", "STATE_NAME": "Iowa", "LSAD": "06", "ALAND": 1255605676.0, "AWATER": 14880499.0 }, "geometry": { "type": "MultiPolygon", "coordinates": [ [ [ [ -92.17978, 40.608785 ], [ -92.179626, 40.609885 ], [ -92.178809, 40.659095 ], [ -92.178782, 40.660709 ], [ -92.178182, 40.68282 ], [ -92.178175, 40.689674 ], [ -92.178329, 40.711757 ], [ -92.178353, 40.715364 ], [ -92.178407, 40.726539 ], [ -92.178428, 40.730199 ], [ -92.178522, 40.748351 ], [ -92.178473, 40.766456 ], [ -92.178418, 40.784533 ], [ -92.178407, 40.788187 ], [ -92.178325, 40.813754 ], [ -92.178298, 40.829732 ], [ -92.178553, 40.846588 ], [ -92.178607, 40.850148 ], [ -92.178979, 40.876778 ], [ -92.17899, 40.898343 ], [ -92.179072, 40.89972 ], [ -92.149909, 40.899776 ], [ -92.1404, 40.899783 ], [ -92.101969, 40.899755 ], [ -92.092861, 40.899739 ], [ -92.064365, 40.899943 ], [ -92.040206, 40.900069 ], [ -92.039578, 40.899927 ], [ -91.967716, 40.900602 ], [ -91.958147, 40.900738 ], [ -91.948358, 40.90085 ], [ -91.868084, 40.901261 ], [ -91.846531, 40.901119 ], [ -91.834653, 40.901106 ], [ -91.832812, 40.901163 ], [ -91.737234, 40.900735 ], [ -91.729946, 40.90096 ], [ -91.727888, 40.90094 ], [ -91.71818, 40.901087 ], [ -91.718211, 40.893811 ], [ -91.718444, 40.871931 ], [ -91.718667, 40.842626 ], [ -91.718714, 40.831755 ], [ -91.718787, 40.813544 ], [ -91.718613, 40.769746 ], [ -91.718475, 40.725998 ], [ -91.71833, 40.667643 ], [ -91.718209, 40.638601 ], [ -91.718045, 40.614047 ], [ -91.716432, 40.614075 ], [ -91.716769, 40.59853 ], [ -91.720058, 40.601527 ], [ -91.729115, 40.61364 ], [ -91.785916, 40.611488 ], [ -91.795374, 40.611101 ], [ -91.800133, 40.610953 ], [ -91.813968, 40.610526 ], [ -91.824196113217795, 40.610210433788197 ], [ -91.824826, 40.610191 ], [ -91.832394813702606, 40.6098014359766 ], [ -91.832481, 40.609797 ], [ -91.8332500099241, 40.609759791223603 ], [ -91.868401, 40.608059 ], [ -91.939292, 40.60615 ], [ -91.943113186633994, 40.605841707970001 ], [ -91.947708, 40.605471 ], [ -91.948657273044603, 40.605456361296298 ], [ -91.970988, 40.605112 ], [ -91.998683, 40.604433 ], [ -92.029649, 40.603713 ], [ -92.053231431552902, 40.603056476941497 ], [ -92.053746966744399, 40.603042124700501 ], [ -92.063931037128995, 40.602758605292301 ], [ -92.067904, 40.602648 ], [ -92.069521, 40.602772 ], [ -92.082339, 40.602176 ], [ -92.0832, 40.602244 ], [ -92.092875, 40.602082 ], [ -92.096387, 40.60183 ], [ -92.17978, 40.600529 ], [ -92.17978, 40.608785 ] ] ] ] } },
{ "type": "Feature", "properties": { "STATEFP": "19", "COUNTYFP": "109", "COUNTYNS": "00465243", "GEOIDFQ": "0500000US19109", "GEOID": "19109", "NAME": "Kossuth", "NAMELSAD": "Kossuth County", "STUSPS": "IA", "STATE_NAME": "Iowa", "LSAD": "06", "ALAND": 2519361810.0, "AWATER": 4125592.0 }, "geometry": { "type": "MultiPolygon", "coordinates": [ [ [ [ -94.443137, 43.255014 ], [ -94.442693, 43.327336 ], [ -94.442752, 43.341843 ], [ -94.442713, 43.360041 ], [ -94.442348, 43.399701 ], [ -94.442384, 43.430496 ], [ -94.442722, 43.499819 ], [ -94.442852136720006, 43.500376449014801 ], [ -94.437474025710102, 43.500369395836998 ], [ -94.420397, 43.500347 ], [ -94.394719986830594, 43.500312923201697 ], [ -94.368064659506203, 43.500277548050903 ], [ -94.332237, 43.50023 ], [ -94.324975629728002, 43.500219154481698 ], [ -94.258589, 43.50012 ], [ -94.247968011244495, 43.500113784765198 ], [ -94.227969026870696, 43.5001020816755 ], [ -94.206424018602803, 43.500089473877097 ], [ -94.183399, 43.500076 ], [ -94.128144000636695, 43.500074754452001 ], [ -94.106864001211093, 43.500074274762198 ], [ -94.098084000178602, 43.500074076845102 ], [ -94.094675, 43.500074 ], [ -94.088588692068299, 43.500064507252098 ], [ -94.078227148260396, 43.500048346465697 ], [ -94.0682709645898, 43.500032817914999 ], [ -94.008240751930998, 43.499939189449499 ], [ -93.973497, 43.499885 ], [ -93.970761992569507, 43.499881270458999 ], [ -93.970543, 43.429708 ], [ -93.970575, 43.400032 ], [ -93.970693, 43.342245 ], [ -93.970259, 43.298615 ], [ -93.970379, 43.269823 ], [ -93.970415, 43.255358 ], [ -93.970202, 43.241416 ], [ -93.970252, 43.212593 ], [ -93.970268, 43.198137 ], [ -93.970338, 43.183708 ], [ -93.970325, 43.16925 ], [ -93.970336, 43.111539 ], [ -93.970448, 43.082609 ], [ -93.970576, 43.066548 ], [ -93.971029, 42.994156 ], [ -93.971291, 42.979162 ], [ -93.971233, 42.91504 ], [ -93.971238, 42.907762 ], [ -93.980977, 42.907798 ], [ -94.069287, 42.908081 ], [ -94.089724, 42.908197 ], [ -94.089883, 42.908198 ], [ -94.104638, 42.908252 ], [ -94.148905, 42.908289 ], [ -94.158723, 42.908264 ], [ -94.188093, 42.908185 ], [ -94.207672, 42.908167 ], [ -94.210671, 42.908178 ], [ -94.227104, 42.908238 ], [ -94.246584, 42.908169 ], [ -94.315472, 42.908028 ], [ -94.324927, 42.908009 ], [ -94.403763, 42.908092 ], [ -94.408721, 42.908092 ], [ -94.442954, 42.908073 ], [ -94.443136, 42.909498 ], [ -94.44307, 42.944273 ], [ -94.443053, 42.95149 ], [ -94.443053, 42.951501 ], [ -94.44297, 42.965944 ], [ -94.442954, 42.969546 ], [ -94.442878, 42.980427 ], [ -94.442775, 42.994969 ], [ -94.442774, 42.995048 ], [ -94.442619, 43.031082 ], [ -94.442604, 43.052723 ], [ -94.442595, 43.082864 ], [ -94.442688, 43.155085 ], [ -94.442751, 43.168885 ], [ -94.443137, 43.255014 ] ] ] ] } },
{ "type": "Feature", "properties": { "STATEFP": "19", "COUNTYFP": "159", "COUNTYNS": "00465268", "GEOIDFQ": "0500000US19159", "GEOID": "19159", "NAME": "Ringgold", "NAMELSAD": "Ringgold County", "STUSPS": "IA", "STATE_NAME": "Iowa", "LSAD": "06", "ALAND": 1386898611.0, "AWATER": 8756867.0 }, "geometry": { "type": "MultiPolygon", "coordinates": [ [ [ [ -94.471666, 40.812545 ], [ -94.471658, 40.819748 ], [ -94.47163, 40.84026 ], [ -94.471629, 40.841507 ], [ -94.471621, 40.866524 ], [ -94.470779, 40.899502 ], [ -94.437891, 40.899273 ], [ -94.433997, 40.899265 ], [ -94.40029, 40.899264 ], [ -94.395329, 40.899261 ], [ -94.357301, 40.899187 ], [ -94.300008, 40.898765 ], [ -94.270942, 40.898405 ], [ -94.268589, 40.898363 ], [ -94.25668, 40.898164 ], [ -94.242394, 40.897931 ], [ -94.223991, 40.897954 ], [ -94.128843, 40.897539 ], [ -94.128776, 40.897539 ], [ -94.100464, 40.897385 ], [ -94.100072, 40.897314 ], [ -94.024386, 40.897054 ], [ -94.014803, 40.897031 ], [ -94.014773, 40.882821 ], [ -94.015299, 40.810846 ], [ -94.015301, 40.810582 ], [ -94.015281, 40.775358 ], [ -94.015395, 40.75698 ], [ -94.015423, 40.724653 ], [ -94.015368, 40.717674 ], [ -94.015284, 40.696286 ], [ -94.015332, 40.692658 ], [ -94.015379, 40.681772 ], [ -94.015363, 40.667355 ], [ -94.015239, 40.638389 ], [ -94.015203, 40.625023 ], [ -94.015406, 40.623833 ], [ -94.015492, 40.573914 ], [ -94.034134, 40.573585 ], [ -94.072139900436895, 40.573019310839904 ], [ -94.080223, 40.572899 ], [ -94.080463, 40.572899 ], [ -94.089194, 40.572806 ], [ -94.091085, 40.572897 ], [ -94.118542732137698, 40.572704495786702 ], [ -94.130130083374894, 40.572623257688697 ], [ -94.232240044673603, 40.571907371989603 ], [ -94.234028865839306, 40.5718948306912 ], [ -94.243149901031998, 40.5718308837601 ], [ -94.28735, 40.571521 ], [ -94.294813, 40.571341 ], [ -94.310724, 40.571524 ], [ -94.324765, 40.571477 ], [ -94.336556, 40.571475 ], [ -94.336706, 40.571452 ], [ -94.346197007809096, 40.571412895343002 ], [ -94.358307, 40.571363 ], [ -94.358390962223893, 40.571362621442297 ], [ -94.389411884324204, 40.571222758425698 ], [ -94.429725, 40.571041 ], [ -94.443201134900804, 40.570999279594197 ], [ -94.460088, 40.570947 ], [ -94.460661461209796, 40.570940646310497 ], [ -94.470648, 40.57083 ], [ -94.471213, 40.570825 ], [ -94.471054, 40.576438 ], [ -94.471307, 40.61059 ], [ -94.471394, 40.625039 ], [ -94.471412, 40.639409 ], [ -94.471412, 40.63955 ], [ -94.471352, 40.668502 ], [ -94.471288, 40.675663 ], [ -94.471275, 40.679181 ], [ -94.47147, 40.725934 ], [ -94.471458, 40.754849 ], [ -94.471482, 40.761931 ], [ -94.471533, 40.769271 ], [ -94.471629, 40.790822 ], [ -94.471669, 40.796335 ], [ -94.471669, 40.796351 ], [ -94.471633, 40.798081 ], [ -94.471623, 40.799752 ], [ -94.471681, 40.806199 ], [ -94.471666, 40.812545 ] ] ] ] } },
{ "type": "Feature", "properties": { "STATEFP": "19", "COUNTYFP": "085", "COUNTYNS": "00465231", "GEOIDFQ": "0500000US19085", "GEOID": "19085", "NAME": "Harrison", "NAMELSAD": "Harrison County", "STUSPS": "IA", "STATE_NAME": "Iowa", "LSAD": "06", "ALAND": 1804896269.0, "AWATER": 12325506.0 }, "geometry": { "type": "MultiPolygon", "coordinates": [ [ [ [ -96.137504, 41.866308 ], [ -96.059618, 41.864707 ], [ -96.021313, 41.86376 ], [ -96.020133, 41.863843 ], [ -95.983099, 41.863491 ], [ -95.963584, 41.863533 ], [ -95.905582, 41.8634 ], [ -95.896304, 41.863559 ], [ -95.887318, 41.863431 ], [ -95.88641, 41.863488 ], [ -95.818549, 41.863363 ], [ -95.789442, 41.863296 ], [ -95.786644, 41.863372 ], [ -95.781336, 41.86325 ], [ -95.750266, 41.863274 ], [ -95.672771, 41.863147 ], [ -95.59765, 41.863303 ], [ -95.596074, 41.8633 ], [ -95.595997, 41.8633 ], [ -95.557277, 41.863449 ], [ -95.557186, 41.830819 ], [ -95.557345, 41.783641 ], [ -95.557356, 41.776396 ], [ -95.557361, 41.772363 ], [ -95.557363, 41.761478 ], [ -95.557088, 41.759534 ], [ -95.557366, 41.754212 ], [ -95.55739, 41.746926 ], [ -95.557521, 41.726102 ], [ -95.55754, 41.725644 ], [ -95.557577, 41.725277 ], [ -95.557603, 41.725186 ], [ -95.557741, 41.721637 ], [ -95.557805, 41.689168 ], [ -95.557847, 41.667599 ], [ -95.557953, 41.631375 ], [ -95.557948, 41.616866 ], [ -95.558143, 41.602383 ], [ -95.55722, 41.602308 ], [ -95.553394, 41.602402 ], [ -95.537978, 41.602348 ], [ -95.528337, 41.60232 ], [ -95.497793, 41.602333 ], [ -95.49794, 41.585605 ], [ -95.497982, 41.585393 ], [ -95.497997, 41.506074 ], [ -95.526931, 41.506149 ], [ -95.536387, 41.506155 ], [ -95.569968, 41.506214 ], [ -95.59108, 41.506031 ], [ -95.612283, 41.506081 ], [ -95.654388, 41.506012 ], [ -95.689931, 41.506431 ], [ -95.708578, 41.50632 ], [ -95.72696, 41.506365 ], [ -95.74846, 41.506385 ], [ -95.753997, 41.506709 ], [ -95.756041, 41.506392 ], [ -95.784503, 41.506474 ], [ -95.79397, 41.506509 ], [ -95.823054, 41.506565 ], [ -95.824738, 41.5066 ], [ -95.832581, 41.506536 ], [ -95.832777, 41.506585 ], [ -95.840706, 41.506577 ], [ -95.955928, 41.506527 ], [ -95.979516, 41.506846 ], [ -95.996174500659905, 41.506959226949199 ], [ -95.993943, 41.509761 ], [ -95.992833, 41.512002 ], [ -95.992599, 41.514174 ], [ -95.99267, 41.51729 ], [ -95.993891, 41.523412 ], [ -95.999966, 41.53948 ], [ -96.005112, 41.54325 ], [ -96.013876, 41.545315 ], [ -96.01915, 41.54514 ], [ -96.02349, 41.543438 ], [ -96.026657, 41.540366 ], [ -96.026891, 41.539472 ], [ -96.02931, 41.527981 ], [ -96.031705, 41.522181 ], [ -96.034441, 41.521051 ], [ -96.033675, 41.517119 ], [ -96.034397, 41.514446 ], [ -96.034877, 41.511704 ], [ -96.036603, 41.509047 ], [ -96.038101, 41.50799 ], [ -96.040701, 41.507076 ], [ -96.048118, 41.507271 ], [ -96.05369, 41.508859 ], [ -96.057935, 41.51149 ], [ -96.063638, 41.516162 ], [ -96.068633, 41.519113 ], [ -96.069196207598694, 41.519605946864402 ], [ -96.074156, 41.523947 ], [ -96.079922, 41.525902 ], [ -96.082654, 41.525974 ], [ -96.089814, 41.531639 ], [ -96.092008, 41.53391 ], [ -96.096502195245293, 41.545186719262396 ], [ -96.096586, 41.545397 ], [ -96.095851, 41.55088 ], [ -96.094268923522804, 41.556104811100496 ], [ -96.093613, 41.558271 ], [ -96.09182, 41.561086 ], [ -96.088400341145601, 41.564365158227602 ], [ -96.084786, 41.567831 ], [ -96.082406, 41.571229 ], [ -96.081178, 41.574274 ], [ -96.081152, 41.577289 ], [ -96.081843, 41.580407 ], [ -96.081974175315807, 41.5806513494447 ], [ -96.083417, 41.583339 ], [ -96.085771, 41.585746 ], [ -96.088683, 41.58752 ], [ -96.101496, 41.59158 ], [ -96.104465, 41.593169 ], [ -96.107536581800602, 41.595479238891798 ], [ -96.109387, 41.596871 ], [ -96.109609371547293, 41.5971413869961 ], [ -96.113833, 41.602277 ], [ -96.114650586279694, 41.603702965454197 ], [ -96.11583, 41.60576 ], [ -96.117558, 41.609999 ], [ -96.118105, 41.613495 ], [ -96.11795, 41.617356 ], [ -96.116233, 41.621574 ], [ -96.114146, 41.623975 ], [ -96.100701, 41.635507 ], [ -96.097728, 41.639633 ], [ -96.095046, 41.647365 ], [ -96.095246029984906, 41.650276547558299 ], [ -96.095415, 41.652736 ], [ -96.097933, 41.658682 ], [ -96.099837, 41.66103 ], [ -96.111483, 41.668548 ], [ -96.114978, 41.67122 ], [ -96.11812, 41.674399 ], [ -96.120983, 41.677861 ], [ -96.121726, 41.68274 ], [ -96.121711955685996, 41.682989859148698 ], [ -96.121401, 41.688522 ], [ -96.120899954256103, 41.6895804792725 ], [ -96.120157, 41.69115 ], [ -96.117751, 41.694221 ], [ -96.111968, 41.697773 ], [ -96.105119, 41.699917 ], [ -96.090579, 41.697425 ], [ -96.082429, 41.698159 ], [ -96.079492537959197, 41.699747429111298 ], [ -96.075955, 41.701661 ], [ -96.073063, 41.705004 ], [ -96.072321, 41.706858 ], [ -96.072494, 41.708794 ], [ -96.073376, 41.710674 ], [ -96.075151, 41.713265 ], [ -96.079682, 41.717962 ], [ -96.0876, 41.72218 ], [ -96.092985687424104, 41.724273995456798 ], [ -96.10261, 41.728016 ], [ -96.105582, 41.731647 ], [ -96.106326, 41.734591 ], [ -96.106425, 41.73789 ], [ -96.104622, 41.744211 ], [ -96.102772, 41.746339 ], [ -96.097511, 41.749076 ], [ -96.097417746058397, 41.7490975041284 ], [ -96.091687, 41.750419 ], [ -96.084673, 41.753314 ], [ -96.079915, 41.757895 ], [ -96.0783, 41.761598 ], [ -96.078323838121904, 41.761961913738503 ], [ -96.078939, 41.771353 ], [ -96.077543, 41.777824 ], [ -96.073197, 41.783009 ], [ -96.066413, 41.788913 ], [ -96.064537, 41.793002 ], [ -96.064879, 41.79623 ], [ -96.067329, 41.800628 ], [ -96.069662, 41.803509 ], [ -96.075548, 41.807811 ], [ -96.081026, 41.810144 ], [ -96.093835, 41.812785 ], [ -96.09827, 41.814206 ], [ -96.103749, 41.817151 ], [ -96.107592, 41.820685 ], [ -96.109347, 41.823735 ], [ -96.11081, 41.828172 ], [ -96.110855502159097, 41.829413223843801 ], [ -96.110907, 41.830818 ], [ -96.109249064449898, 41.836086759803798 ], [ -96.107911, 41.840339 ], [ -96.108029, 41.844397 ], [ -96.110246, 41.84885 ], [ -96.113962, 41.853102 ], [ -96.116202, 41.854869 ], [ -96.123215, 41.85858 ], [ -96.13062, 41.860809 ], [ -96.135253, 41.863128 ], [ -96.139009505226397, 41.8663010080218 ], [ -96.137504, 41.866308 ] ] ] ] } },
{ "type": "Feature", "properties": { "STATEFP": "19", "COUNTYFP": "097", "COUNTYNS": "00465237", "GEOIDFQ": "0500000US19097", "GEOID": "19097", "NAME": "Jackson", "NAMELSAD": "Jackson County", "STUSPS": "IA", "STATE_NAME": "Iowa", "LSAD": "06", "ALAND": 1647340582.0, "AWATER": 35133402.0 }, "geometry": { "type": "MultiPolygon", "coordinates": [ [ [ [ -90.898412, 42.171243 ], [ -90.898354, 42.172428 ], [ -90.898268, 42.206475 ], [ -90.898267, 42.207724 ], [ -90.89802, 42.295236 ], [ -90.850051, 42.294923 ], [ -90.828181, 42.294836 ], [ -90.792583, 42.294779 ], [ -90.783043, 42.294989 ], [ -90.78184, 42.294763 ], [ -90.767911, 42.295031 ], [ -90.757132, 42.294974 ], [ -90.75013, 42.294699 ], [ -90.730465, 42.295003 ], [ -90.726196, 42.294879 ], [ -90.714305, 42.294872 ], [ -90.691429, 42.294821 ], [ -90.690022, 42.294839 ], [ -90.686674, 42.294884 ], [ -90.686148, 42.294867 ], [ -90.68514, 42.294716 ], [ -90.683177, 42.294642 ], [ -90.682217, 42.29465 ], [ -90.665551, 42.294699 ], [ -90.665509, 42.302099 ], [ -90.665471, 42.309322 ], [ -90.665029, 42.382155 ], [ -90.652777, 42.38208 ], [ -90.651509, 42.382152 ], [ -90.625128, 42.382156 ], [ -90.575322, 42.382077 ], [ -90.571075, 42.38207 ], [ -90.548861, 42.382086 ], [ -90.502285, 42.381997 ], [ -90.490896, 42.381686 ], [ -90.473812167652994, 42.3814582098911 ], [ -90.470273, 42.378355 ], [ -90.467669718914195, 42.374129473745398 ], [ -90.464788, 42.369452 ], [ -90.462619, 42.367253 ], [ -90.452724, 42.359303 ], [ -90.44632, 42.357041 ], [ -90.443874, 42.355218 ], [ -90.430546, 42.33686 ], [ -90.429237773748497, 42.335788531654003 ], [ -90.425363, 42.332615 ], [ -90.42135, 42.330472 ], [ -90.419027, 42.328505 ], [ -90.418398084216307, 42.3276479382017 ], [ -90.416535, 42.325109 ], [ -90.415937, 42.322699 ], [ -90.4162, 42.321314 ], [ -90.417125, 42.319943 ], [ -90.420075, 42.317681 ], [ -90.421047, 42.316109 ], [ -90.4203, 42.31169 ], [ -90.420454, 42.305374 ], [ -90.423955422280102, 42.2944790786079 ], [ -90.424326, 42.293326 ], [ -90.426909, 42.290719 ], [ -90.4305957697959, 42.284447829631098 ], [ -90.430735, 42.284211 ], [ -90.430884, 42.27823 ], [ -90.425715222970695, 42.2691918761818 ], [ -90.424098, 42.266364 ], [ -90.422382827962295, 42.260579656117002 ], [ -90.422181, 42.259899 ], [ -90.419326, 42.254467 ], [ -90.416315, 42.251679 ], [ -90.415216720443098, 42.250940423911999 ], [ -90.410471, 42.247749 ], [ -90.400653, 42.239293 ], [ -90.395883, 42.233133 ], [ -90.394865078496295, 42.229476022746098 ], [ -90.394749, 42.229059 ], [ -90.391108, 42.225473 ], [ -90.375129, 42.214811 ], [ -90.365138, 42.210526 ], [ -90.360406039768407, 42.207584589437701 ], [ -90.356964, 42.205445 ], [ -90.338169, 42.203321 ], [ -90.328273, 42.201047 ], [ -90.317774, 42.193789 ], [ -90.317331268890797, 42.1936467132019 ], [ -90.306887969102803, 42.190290401305397 ], [ -90.298442, 42.187576 ], [ -90.296151540624294, 42.186346931812103 ], [ -90.282173, 42.178846 ], [ -90.26908, 42.1745 ], [ -90.255456, 42.171821 ], [ -90.250129, 42.171469 ], [ -90.234919, 42.165431 ], [ -90.224244, 42.160028 ], [ -90.216107, 42.15673 ], [ -90.209479, 42.15268 ], [ -90.207421, 42.149109 ], [ -90.206369, 42.1455 ], [ -90.20536, 42.139079 ], [ -90.201404, 42.130937 ], [ -90.197342, 42.128163 ], [ -90.194695453404194, 42.127247271831003 ], [ -90.190452, 42.125779 ], [ -90.187474, 42.125423 ], [ -90.17097, 42.125198 ], [ -90.167533, 42.122475 ], [ -90.162895, 42.116718 ], [ -90.161884, 42.11378 ], [ -90.161485232032703, 42.109705416411501 ], [ -90.161159, 42.106372 ], [ -90.161504, 42.098912 ], [ -90.163405, 42.087613 ], [ -90.168026279441804, 42.076571566340697 ], [ -90.168358, 42.075779 ], [ -90.165895465673103, 42.064234168180803 ], [ -90.165555, 42.062638 ], [ -90.165378368963502, 42.0547437431376 ], [ -90.165294, 42.050973 ], [ -90.164485, 42.042105 ], [ -90.163446, 42.040407 ], [ -90.158829, 42.037769 ], [ -90.154221, 42.033073 ], [ -90.208604, 42.033275 ], [ -90.21859, 42.033199 ], [ -90.262482, 42.0334 ], [ -90.315743, 42.033574 ], [ -90.360667, 42.033546 ], [ -90.374296, 42.033436 ], [ -90.398818, 42.033353 ], [ -90.403916, 42.033343 ], [ -90.406258, 42.033336 ], [ -90.42342, 42.033408 ], [ -90.432478, 42.033452 ], [ -90.442195, 42.033503 ], [ -90.529424, 42.032959 ], [ -90.548659, 42.032838 ], [ -90.577873, 42.032738 ], [ -90.62417, 42.032901 ], [ -90.626527, 42.032763 ], [ -90.652118, 42.032754 ], [ -90.65608, 42.032839 ], [ -90.656194, 42.032841 ], [ -90.665261, 42.032822 ], [ -90.703988, 42.032866 ], [ -90.723776, 42.032929 ], [ -90.733552, 42.032929 ], [ -90.743226, 42.032928 ], [ -90.753004, 42.032829 ], [ -90.757812, 42.032834 ], [ -90.772269, 42.032718 ], [ -90.781974, 42.032852 ], [ -90.820821, 42.032995 ], [ -90.830645, 42.033347 ], [ -90.85974, 42.033399 ], [ -90.898373, 42.033548 ], [ -90.898358, 42.062448 ], [ -90.898226, 42.120593 ], [ -90.898654, 42.135088 ], [ -90.898412, 42.171243 ] ] ] ] } },
{ "type": "Feature", "properties": { "STATEFP": "19", "COUNTYFP": "171", "COUNTYNS": "00465274", "GEOIDFQ": "0500000US19171", "GEOID": "19171", "NAME": "Tama", "NAMELSAD": "Tama County", "STUSPS": "IA", "STATE_NAME": "Iowa", "LSAD": "06", "ALAND": 1867410495.0, "AWATER": 2769418.0 }, "geometry": { "type": "MultiPolygon", "coordinates": [ [ [ [ -92.76809, 42.29668 ], [ -92.757665, 42.296695 ], [ -92.728612, 42.296807 ], [ -92.709219, 42.296807 ], [ -92.650935, 42.296885 ], [ -92.5723, 42.296881 ], [ -92.53351, 42.297001 ], [ -92.494669, 42.29714 ], [ -92.465533, 42.297193 ], [ -92.416949, 42.297284 ], [ -92.298792, 42.297527 ], [ -92.298845, 42.210769 ], [ -92.299152, 42.181236 ], [ -92.299219, 42.170457 ], [ -92.299324, 42.163123 ], [ -92.299152, 42.137796 ], [ -92.299118, 42.12327 ], [ -92.29913, 42.079501 ], [ -92.298837, 42.065112 ], [ -92.298696, 42.043366 ], [ -92.298484, 42.0362 ], [ -92.297715, 41.992936 ], [ -92.297269, 41.978542 ], [ -92.297284, 41.970489 ], [ -92.297755, 41.964267 ], [ -92.297656, 41.949644 ], [ -92.297784, 41.935274 ], [ -92.29811, 41.907165 ], [ -92.298027, 41.898576 ], [ -92.298012, 41.891912 ], [ -92.298009, 41.884823 ], [ -92.298164, 41.862779 ], [ -92.366056, 41.862509 ], [ -92.391165, 41.862571 ], [ -92.391777, 41.862492 ], [ -92.415599, 41.862508 ], [ -92.425536, 41.862511 ], [ -92.533093, 41.8622 ], [ -92.542737, 41.862247 ], [ -92.552489, 41.86225 ], [ -92.557353, 41.862258 ], [ -92.571931, 41.862275 ], [ -92.649665, 41.862311 ], [ -92.688516, 41.862282 ], [ -92.707994, 41.862314 ], [ -92.727448, 41.862384 ], [ -92.747854, 41.862428 ], [ -92.750193, 41.862208 ], [ -92.765999, 41.862373 ], [ -92.765801, 41.891415 ], [ -92.765747, 41.914011 ], [ -92.765972, 41.914719 ], [ -92.765705, 41.917334 ], [ -92.765849, 41.949338 ], [ -92.765892, 41.992474 ], [ -92.766113, 41.999549 ], [ -92.766041, 42.006647 ], [ -92.766067, 42.009501 ], [ -92.76612, 42.014026 ], [ -92.766283, 42.031409 ], [ -92.766306, 42.035044 ], [ -92.766437, 42.056779 ], [ -92.766697, 42.092883 ], [ -92.766793, 42.12346 ], [ -92.766861, 42.130706 ], [ -92.766989, 42.152273 ], [ -92.767055, 42.166806 ], [ -92.767463, 42.21014 ], [ -92.767924, 42.275255 ], [ -92.767952, 42.278819 ], [ -92.76809, 42.29668 ] ] ] ] } },
{ "type": "Feature", "properties": { "STATEFP": "19", "COUNTYFP": "145", "COUNTYNS": "00465261", "GEOIDFQ": "0500000US19145", "GEOID": "19145", "NAME": "Page", "NAMELSAD": "Page County", "STUSPS": "IA", "STATE_NAME": "Iowa", "LSAD": "06", "ALAND": 1385497643.0, "AWATER": 1359014.0 }, "geometry": { "type": "MultiPolygon", "coordinates": [ [ [ [ -95.385342, 40.742619 ], [ -95.385259, 40.749961 ], [ -95.385193, 40.754431 ], [ -95.385125, 40.757798 ], [ -95.38512, 40.758657 ], [ -95.38504, 40.768165 ], [ -95.3849, 40.775314 ], [ -95.38481, 40.785561 ], [ -95.384748, 40.800729 ], [ -95.384739, 40.814663 ], [ -95.384636, 40.872563 ], [ -95.384964, 40.90155 ], [ -95.327536, 40.901316 ], [ -95.326382, 40.901318 ], [ -95.308477, 40.901351 ], [ -95.300521, 40.901368 ], [ -95.298947, 40.901518 ], [ -95.289436, 40.901482 ], [ -95.279987, 40.901444 ], [ -95.27024, 40.901407 ], [ -95.232301, 40.901262 ], [ -95.222584, 40.901193 ], [ -95.175229, 40.901091 ], [ -95.170512, 40.901077 ], [ -95.165776, 40.901072 ], [ -95.156199, 40.901035 ], [ -95.146669, 40.901038 ], [ -95.099395, 40.900916 ], [ -95.08034, 40.900871 ], [ -95.061284, 40.900876 ], [ -95.04227, 40.900714 ], [ -95.01259, 40.900655 ], [ -95.012083, 40.900759 ], [ -94.928459, 40.900653 ], [ -94.928519, 40.900449 ], [ -94.928758, 40.88985 ], [ -94.9289, 40.87008 ], [ -94.928924, 40.842899 ], [ -94.928734, 40.835405 ], [ -94.928933, 40.823869 ], [ -94.928615, 40.820916 ], [ -94.928664, 40.813596 ], [ -94.928938, 40.750742 ], [ -94.928276, 40.749177 ], [ -94.928529, 40.727399 ], [ -94.913124, 40.727285 ], [ -94.913558, 40.707287 ], [ -94.91365, 40.703683 ], [ -94.91471, 40.666024 ], [ -94.914429, 40.6641 ], [ -94.914569, 40.65696 ], [ -94.914685, 40.650895 ], [ -94.914709, 40.649683 ], [ -94.91474, 40.631552 ], [ -94.914773, 40.627838 ], [ -94.91473, 40.620628 ], [ -94.914818, 40.599179 ], [ -94.914896, 40.575068 ], [ -94.953270997401802, 40.575641173950899 ], [ -94.955134, 40.575669 ], [ -94.966491, 40.575839 ], [ -94.991661, 40.575692 ], [ -95.021821853964497, 40.576155772903299 ], [ -95.021836384472607, 40.576155996333803 ], [ -95.030675775840606, 40.576291916563498 ], [ -95.040228445121997, 40.576438804618199 ], [ -95.068921, 40.57688 ], [ -95.079742, 40.577007 ], [ -95.097607, 40.577168 ], [ -95.107213, 40.577116 ], [ -95.110303, 40.57716 ], [ -95.110663, 40.577206 ], [ -95.112222, 40.577228 ], [ -95.120829, 40.577413 ], [ -95.145111279418302, 40.5777353694357 ], [ -95.154499, 40.57786 ], [ -95.164007997718699, 40.5780161787469 ], [ -95.164058, 40.578017 ], [ -95.202264468408302, 40.578527764403397 ], [ -95.211408, 40.57865 ], [ -95.21159, 40.578654 ], [ -95.211660187478799, 40.578655559721703 ], [ -95.212715, 40.578679 ], [ -95.213327, 40.578689 ], [ -95.217455, 40.578759 ], [ -95.218783, 40.578781 ], [ -95.221525, 40.578827 ], [ -95.224735484063302, 40.578856385035998 ], [ -95.230863489917695, 40.578912473672197 ], [ -95.259010411147202, 40.579170097842699 ], [ -95.335588, 40.579871 ], [ -95.357802, 40.5801 ], [ -95.373893, 40.580501 ], [ -95.373923020130803, 40.580501370976002 ], [ -95.373885, 40.65537 ], [ -95.370618, 40.728241 ], [ -95.385254, 40.728378 ], [ -95.385483, 40.731825 ], [ -95.385342, 40.742619 ] ] ] ] } },
{ "type": "Feature", "properties": { "STATEFP": "19", "COUNTYFP": "061", "COUNTYNS": "00465219", "GEOIDFQ": "0500000US19061", "GEOID": "19061", "NAME": "Dubuque", "NAMELSAD": "Dubuque County", "STUSPS": "IA", "STATE_NAME": "Iowa", "LSAD": "06", "ALAND": 1575486019.0, "AWATER": 21140740.0 }, "geometry": { "type": "MultiPolygon", "coordinates": [ [ [ [ -91.134439, 42.558658 ], [ -91.133941, 42.587751 ], [ -91.132766, 42.645844 ], [ -91.127911, 42.645848 ], [ -91.113419, 42.646025 ], [ -91.111294, 42.645912 ], [ -91.014943, 42.646338 ], [ -90.966281, 42.646192 ], [ -90.936501, 42.646029 ], [ -90.897415, 42.645714 ], [ -90.897299, 42.652982 ], [ -90.896897864418094, 42.675262175119499 ], [ -90.88743, 42.67247 ], [ -90.881172524064695, 42.671316812363997 ], [ -90.867125, 42.668728 ], [ -90.852497, 42.664822 ], [ -90.84391, 42.663071 ], [ -90.832702, 42.661662 ], [ -90.828153466770203, 42.660911240276803 ], [ -90.805420307585194, 42.657159010835798 ], [ -90.797017, 42.655772 ], [ -90.788226, 42.653888 ], [ -90.780928868589399, 42.6531770803998 ], [ -90.779370056429102, 42.653025213857298 ], [ -90.778752, 42.652965 ], [ -90.769495, 42.651443 ], [ -90.762531629866203, 42.64967501057 ], [ -90.760389, 42.649131 ], [ -90.743677, 42.64556 ], [ -90.731132, 42.643437 ], [ -90.720209, 42.640758 ], [ -90.709204, 42.636078 ], [ -90.706303, 42.634169 ], [ -90.702671, 42.630756 ], [ -90.700856, 42.626445 ], [ -90.700095, 42.622461 ], [ -90.693999, 42.614509 ], [ -90.692031, 42.610366 ], [ -90.691040548218993, 42.607622605781103 ], [ -90.687999, 42.599198 ], [ -90.687775, 42.594606 ], [ -90.686975, 42.591774 ], [ -90.685487, 42.589614 ], [ -90.679375, 42.581503 ], [ -90.677055, 42.579215 ], [ -90.674752043917806, 42.5778230099097 ], [ -90.672727, 42.576599 ], [ -90.668279628503697, 42.573184054029603 ], [ -90.661527, 42.567999 ], [ -90.661424093445206, 42.567565977793002 ], [ -90.659127, 42.5579 ], [ -90.654127, 42.5499 ], [ -90.64703, 42.544358 ], [ -90.644033, 42.53986 ], [ -90.642560919350103, 42.533472455476101 ], [ -90.641674, 42.529624 ], [ -90.635983, 42.518712 ], [ -90.6359889217903, 42.515452054422198 ], [ -90.635989, 42.515409 ], [ -90.642843, 42.508481 ], [ -90.647865, 42.502463 ], [ -90.655927, 42.491703 ], [ -90.655932800302594, 42.491678832072601 ], [ -90.656527, 42.489203 ], [ -90.656327, 42.483603 ], [ -90.654027, 42.478503 ], [ -90.646727, 42.471904 ], [ -90.643051352135103, 42.4697707162711 ], [ -90.640900309565794, 42.468522287618001 ], [ -90.624328, 42.458904 ], [ -90.606328, 42.451505 ], [ -90.590416, 42.447493 ], [ -90.585303786420198, 42.445607994606704 ], [ -90.582128, 42.444437 ], [ -90.570736, 42.441701 ], [ -90.567968, 42.440389 ], [ -90.565248, 42.438742 ], [ -90.560439, 42.432897 ], [ -90.558801, 42.428517 ], [ -90.558168, 42.420984 ], [ -90.55755, 42.419258 ], [ -90.555018, 42.416138 ], [ -90.548068, 42.413115 ], [ -90.5273105395828, 42.406255634970798 ], [ -90.517516, 42.403019 ], [ -90.506829, 42.398792 ], [ -90.506674970813094, 42.398717226541599 ], [ -90.500128, 42.395539 ], [ -90.495766, 42.392406 ], [ -90.490334, 42.387093 ], [ -90.487154, 42.385141 ], [ -90.484621, 42.38453 ], [ -90.480148, 42.384616 ], [ -90.477279, 42.383794 ], [ -90.474121, 42.381729 ], [ -90.473812167652994, 42.3814582098911 ], [ -90.490896, 42.381686 ], [ -90.502285, 42.381997 ], [ -90.548861, 42.382086 ], [ -90.571075, 42.38207 ], [ -90.575322, 42.382077 ], [ -90.625128, 42.382156 ], [ -90.651509, 42.382152 ], [ -90.652777, 42.38208 ], [ -90.665029, 42.382155 ], [ -90.665471, 42.309322 ], [ -90.665509, 42.302099 ], [ -90.665551, 42.294699 ], [ -90.682217, 42.29465 ], [ -90.683177, 42.294642 ], [ -90.68514, 42.294716 ], [ -90.686148, 42.294867 ], [ -90.686674, 42.294884 ], [ -90.690022, 42.294839 ], [ -90.691429, 42.294821 ], [ -90.714305, 42.294872 ], [ -90.726196, 42.294879 ], [ -90.730465, 42.295003 ], [ -90.75013, 42.294699 ], [ -90.757132, 42.294974 ], [ -90.767911, 42.295031 ], [ -90.78184, 42.294763 ], [ -90.783043, 42.294989 ], [ -90.792583, 42.294779 ], [ -90.828181, 42.294836 ], [ -90.850051, 42.294923 ], [ -90.89802, 42.295236 ], [ -90.931922, 42.295311 ], [ -90.934427, 42.295125 ], [ -90.974512, 42.295466 ], [ -90.974854, 42.295539 ], [ -90.975624, 42.295775 ], [ -90.988523, 42.295567 ], [ -90.993348, 42.295662 ], [ -90.997917, 42.295637 ], [ -91.004175, 42.295731 ], [ -91.00782, 42.295768 ], [ -91.013718, 42.295767 ], [ -91.014937, 42.295724 ], [ -91.023448, 42.295711 ], [ -91.052878, 42.295754 ], [ -91.120981, 42.2958 ], [ -91.125413, 42.295803 ], [ -91.126669, 42.295757 ], [ -91.130079, 42.295761 ], [ -91.130106, 42.303055 ], [ -91.130147, 42.314679 ], [ -91.130225, 42.324867 ], [ -91.13027, 42.332138 ], [ -91.130316, 42.339439 ], [ -91.130356, 42.342961 ], [ -91.130496, 42.382639 ], [ -91.130584, 42.386308 ], [ -91.130616, 42.400855 ], [ -91.130619, 42.402897 ], [ -91.130788, 42.44367 ], [ -91.13089, 42.471262 ], [ -91.134195, 42.471269 ], [ -91.134304, 42.482294 ], [ -91.134219, 42.493104 ], [ -91.13422, 42.493137 ], [ -91.134347, 42.514986 ], [ -91.134439, 42.558658 ] ] ] ] } },
{ "type": "Feature", "properties": { "STATEFP": "19", "COUNTYFP": "153", "COUNTYNS": "00465265", "GEOIDFQ": "0500000US19153", "GEOID": "19153", "NAME": "Polk", "NAMELSAD": "Polk County", "STUSPS": "IA", "STATE_NAME": "Iowa", "LSAD": "06", "ALAND": 1482460078.0, "AWATER": 50523820.0 }, "geometry": { "type": "MultiPolygon", "coordinates": [ [ [ [ -93.815721, 41.863419 ], [ -93.776167, 41.863469 ], [ -93.737089, 41.863389 ], [ -93.707789, 41.863356 ], [ -93.702844, 41.863351 ], [ -93.698032, 41.86337 ], [ -93.688093, 41.863371 ], [ -93.678349, 41.863365 ], [ -93.619968, 41.863215 ], [ -93.600376, 41.863212 ], [ -93.580878, 41.863218 ], [ -93.571161, 41.863214 ], [ -93.492689, 41.863116 ], [ -93.483032, 41.863108 ], [ -93.473161, 41.863172 ], [ -93.463437, 41.863213 ], [ -93.347933, 41.863104 ], [ -93.348064, 41.834764 ], [ -93.348064, 41.834479 ], [ -93.348151, 41.805577 ], [ -93.348145, 41.776636 ], [ -93.348319, 41.746466 ], [ -93.348228, 41.720289 ], [ -93.34847, 41.717318 ], [ -93.348508, 41.688406 ], [ -93.348449, 41.684418 ], [ -93.348464, 41.680957 ], [ -93.348464, 41.680741 ], [ -93.348365, 41.67683 ], [ -93.348439, 41.673252 ], [ -93.348451, 41.671753 ], [ -93.348465, 41.668237 ], [ -93.348483, 41.666042 ], [ -93.348461, 41.658811 ], [ -93.348512, 41.647916 ], [ -93.34853, 41.641702 ], [ -93.348589, 41.619177 ], [ -93.348681, 41.600999 ], [ -93.328681, 41.601148 ], [ -93.328853, 41.584281 ], [ -93.328899, 41.534309 ], [ -93.328614, 41.507824 ], [ -93.328476, 41.492574 ], [ -93.328407, 41.490794 ], [ -93.329567, 41.489953 ], [ -93.335062, 41.487402 ], [ -93.339335, 41.482724 ], [ -93.340787, 41.481998 ], [ -93.343814, 41.481838 ], [ -93.346863, 41.482827 ], [ -93.347932, 41.484297 ], [ -93.348217, 41.486681 ], [ -93.351726, 41.493408 ], [ -93.352531, 41.496889 ], [ -93.356036, 41.498158 ], [ -93.357252, 41.498023 ], [ -93.359075, 41.496337 ], [ -93.358048, 41.493023 ], [ -93.358358, 41.48976 ], [ -93.359918, 41.487802 ], [ -93.36349, 41.486578 ], [ -93.372034, 41.486072 ], [ -93.373039, 41.486763 ], [ -93.373305, 41.490649 ], [ -93.374811, 41.493286 ], [ -93.379313, 41.494652 ], [ -93.383813, 41.494799 ], [ -93.387833, 41.493775 ], [ -93.389341, 41.492236 ], [ -93.39019, 41.490236 ], [ -93.392376, 41.488387 ], [ -93.397169, 41.486365 ], [ -93.399513, 41.486152 ], [ -93.40467, 41.486741 ], [ -93.405902, 41.488443 ], [ -93.405457, 41.489767 ], [ -93.403574, 41.491048 ], [ -93.39887, 41.492564 ], [ -93.397596, 41.493828 ], [ -93.396627, 41.496304 ], [ -93.396508, 41.498104 ], [ -93.397202, 41.499852 ], [ -93.400135, 41.502009 ], [ -93.403112, 41.502048 ], [ -93.404452, 41.501607 ], [ -93.407519, 41.499007 ], [ -93.409781, 41.495013 ], [ -93.411512, 41.49351 ], [ -93.414265, 41.49236 ], [ -93.418312, 41.491987 ], [ -93.420625, 41.492526 ], [ -93.422577, 41.494991 ], [ -93.421233, 41.496883 ], [ -93.418757, 41.498053 ], [ -93.41539, 41.500309 ], [ -93.413352, 41.504122 ], [ -93.413841, 41.507415 ], [ -93.424882, 41.507486 ], [ -93.426108, 41.505837 ], [ -93.427682, 41.505051 ], [ -93.431182, 41.504908 ], [ -93.436704, 41.502284 ], [ -93.440234, 41.502555 ], [ -93.442061, 41.504573 ], [ -93.442302, 41.506138 ], [ -93.441286, 41.507589 ], [ -93.442911, 41.507631 ], [ -93.462187, 41.508075 ], [ -93.471796, 41.508579 ], [ -93.481456, 41.508859 ], [ -93.489843, 41.509095 ], [ -93.493147, 41.509193 ], [ -93.510342, 41.509821 ], [ -93.518572, 41.510121 ], [ -93.519171, 41.510143 ], [ -93.534805, 41.51081 ], [ -93.544134, 41.511161 ], [ -93.548242, 41.511309 ], [ -93.548909, 41.511315 ], [ -93.558207, 41.511481 ], [ -93.577338, 41.511646 ], [ -93.580418, 41.511702 ], [ -93.596699, 41.511838 ], [ -93.606376, 41.511907 ], [ -93.61599, 41.511967 ], [ -93.625636, 41.512053 ], [ -93.635167, 41.512074 ], [ -93.644926, 41.512094 ], [ -93.654612, 41.512057 ], [ -93.658892, 41.512062 ], [ -93.674276, 41.512065 ], [ -93.698102, 41.511979 ], [ -93.707322, 41.512073 ], [ -93.731959, 41.512087 ], [ -93.741585, 41.512004 ], [ -93.765684, 41.511995 ], [ -93.770497, 41.511989 ], [ -93.77953, 41.511957 ], [ -93.780766, 41.511953 ], [ -93.782477, 41.511946 ], [ -93.790612, 41.511916 ], [ -93.790523, 41.533385 ], [ -93.790523, 41.535389 ], [ -93.790527, 41.535493 ], [ -93.790622, 41.5438 ], [ -93.790527, 41.559065 ], [ -93.790514, 41.563693 ], [ -93.790524, 41.571265 ], [ -93.790526, 41.575358 ], [ -93.790528, 41.577344 ], [ -93.790547, 41.5844 ], [ -93.790601, 41.5896 ], [ -93.790602, 41.592072 ], [ -93.790632, 41.600425 ], [ -93.794331, 41.600407 ], [ -93.800852, 41.600436 ], [ -93.808885, 41.600457 ], [ -93.814282, 41.600456 ], [ -93.814267, 41.603169 ], [ -93.814264, 41.607689 ], [ -93.814266, 41.609732 ], [ -93.814297, 41.614868 ], [ -93.814322, 41.622059 ], [ -93.814432, 41.629424 ], [ -93.814326, 41.632979 ], [ -93.814337, 41.643847 ], [ -93.814406, 41.651109 ], [ -93.814423, 41.652969 ], [ -93.814465, 41.66565 ], [ -93.814456, 41.67294 ], [ -93.814445, 41.676583 ], [ -93.81441, 41.688432 ], [ -93.814422, 41.69361 ], [ -93.814428, 41.695681 ], [ -93.814447, 41.702921 ], [ -93.814507, 41.710167 ], [ -93.814537, 41.717456 ], [ -93.814417, 41.718466 ], [ -93.814627, 41.731933 ], [ -93.814802, 41.75028 ], [ -93.814599, 41.750819 ], [ -93.814584, 41.752045 ], [ -93.814585, 41.75211 ], [ -93.814675, 41.761107 ], [ -93.814749, 41.768334 ], [ -93.814892, 41.776928 ], [ -93.814992, 41.798608 ], [ -93.815032, 41.803985 ], [ -93.815033, 41.804245 ], [ -93.815048, 41.807097 ], [ -93.815353, 41.845685 ], [ -93.815589, 41.849452 ], [ -93.815703, 41.85011 ], [ -93.815721, 41.863419 ] ] ] ] } },
{ "type": "Feature", "properties": { "STATEFP": "19", "COUNTYFP": "049", "COUNTYNS": "00465213", "GEOIDFQ": "0500000US19049", "GEOID": "19049", "NAME": "Dallas", "NAMELSAD": "Dallas County", "STUSPS": "IA", "STATE_NAME": "Iowa", "LSAD": "06", "ALAND": 1523516297.0, "AWATER": 8735225.0 }, "geometry": { "type": "MultiPolygon", "coordinates": [ [ [ [ -94.280696, 41.790979 ], [ -94.280535, 41.834405 ], [ -94.28034, 41.862999 ], [ -94.260667, 41.863049 ], [ -94.251114, 41.863131 ], [ -94.250299, 41.863083 ], [ -94.249289, 41.863154 ], [ -94.202626, 41.863326 ], [ -94.173862, 41.863316 ], [ -94.164428, 41.863243 ], [ -94.164138, 41.863244 ], [ -94.120602, 41.863184 ], [ -94.096435, 41.863162 ], [ -94.048029, 41.863128 ], [ -94.018334, 41.863114 ], [ -93.994234, 41.863086 ], [ -93.931093, 41.863178 ], [ -93.926578, 41.863215 ], [ -93.912295, 41.863245 ], [ -93.91212, 41.863243 ], [ -93.89272, 41.863315 ], [ -93.864593, 41.863344 ], [ -93.86294, 41.863348 ], [ -93.840459, 41.863395 ], [ -93.815721, 41.863419 ], [ -93.815703, 41.85011 ], [ -93.815589, 41.849452 ], [ -93.815353, 41.845685 ], [ -93.815048, 41.807097 ], [ -93.815033, 41.804245 ], [ -93.815032, 41.803985 ], [ -93.814992, 41.798608 ], [ -93.814892, 41.776928 ], [ -93.814749, 41.768334 ], [ -93.814675, 41.761107 ], [ -93.814585, 41.75211 ], [ -93.814584, 41.752045 ], [ -93.814599, 41.750819 ], [ -93.814802, 41.75028 ], [ -93.814627, 41.731933 ], [ -93.814417, 41.718466 ], [ -93.814537, 41.717456 ], [ -93.814507, 41.710167 ], [ -93.814447, 41.702921 ], [ -93.814428, 41.695681 ], [ -93.814422, 41.69361 ], [ -93.81441, 41.688432 ], [ -93.814445, 41.676583 ], [ -93.814456, 41.67294 ], [ -93.814465, 41.66565 ], [ -93.814423, 41.652969 ], [ -93.814406, 41.651109 ], [ -93.814337, 41.643847 ], [ -93.814326, 41.632979 ], [ -93.814432, 41.629424 ], [ -93.814322, 41.622059 ], [ -93.814297, 41.614868 ], [ -93.814266, 41.609732 ], [ -93.814264, 41.607689 ], [ -93.814267, 41.603169 ], [ -93.814282, 41.600456 ], [ -93.808885, 41.600457 ], [ -93.800852, 41.600436 ], [ -93.794331, 41.600407 ], [ -93.790632, 41.600425 ], [ -93.790602, 41.592072 ], [ -93.790601, 41.5896 ], [ -93.790547, 41.5844 ], [ -93.790528, 41.577344 ], [ -93.790526, 41.575358 ], [ -93.790524, 41.571265 ], [ -93.790514, 41.563693 ], [ -93.790527, 41.559065 ], [ -93.790622, 41.5438 ], [ -93.790527, 41.535493 ], [ -93.790523, 41.535389 ], [ -93.790523, 41.533385 ], [ -93.790612, 41.511916 ], [ -93.814623, 41.509926 ], [ -93.816471, 41.509929 ], [ -93.828641, 41.508746 ], [ -93.833386, 41.508395 ], [ -93.842883, 41.507652 ], [ -93.855704, 41.506625 ], [ -93.86195, 41.506091 ], [ -93.873903, 41.505124 ], [ -93.875918, 41.505091 ], [ -93.88166, 41.504541 ], [ -93.897118, 41.503099 ], [ -93.906605, 41.50314 ], [ -93.925873, 41.503225 ], [ -93.94035, 41.503264 ], [ -93.974045, 41.50324 ], [ -93.982211, 41.503263 ], [ -93.984759, 41.50327 ], [ -94.012762, 41.503191 ], [ -94.051172, 41.503162 ], [ -94.060843, 41.503155 ], [ -94.080085, 41.503142 ], [ -94.123452, 41.503173 ], [ -94.125232, 41.503093 ], [ -94.127172, 41.503103 ], [ -94.13063, 41.503122 ], [ -94.175178, 41.503362 ], [ -94.194015, 41.503504 ], [ -94.194843, 41.503698 ], [ -94.241593, 41.503679 ], [ -94.241576, 41.509172 ], [ -94.241516, 41.509638 ], [ -94.24142, 41.521843 ], [ -94.241371, 41.561622 ], [ -94.241361, 41.576047 ], [ -94.241356, 41.600971 ], [ -94.280057, 41.601312 ], [ -94.279996, 41.614946 ], [ -94.279995, 41.615286 ], [ -94.279966, 41.622853 ], [ -94.280002, 41.62578 ], [ -94.279917, 41.637354 ], [ -94.279922, 41.645691 ], [ -94.280496, 41.688326 ], [ -94.28067, 41.731711 ], [ -94.280724, 41.776568 ], [ -94.280696, 41.790979 ] ] ] ] } },
{ "type": "Feature", "properties": { "STATEFP": "19", "COUNTYFP": "021", "COUNTYNS": "00465200", "GEOIDFQ": "0500000US19021", "GEOID": "19021", "NAME": "Buena Vista", "NAMELSAD": "Buena Vista County", "STUSPS": "IA", "STATE_NAME": "Iowa", "LSAD": "06", "ALAND": 1488981872.0, "AWATER": 13798140.0 }, "geometry": { "type": "MultiPolygon", "coordinates": [ [ [ [ -95.388182, 42.909897 ], [ -95.269099, 42.909972 ], [ -95.203521, 42.909816 ], [ -95.161161, 42.9099 ], [ -95.151279, 42.909907 ], [ -95.111012, 42.909886 ], [ -95.053351, 42.909676 ], [ -95.033638, 42.909708 ], [ -94.992598, 42.909702 ], [ -94.953149, 42.909723 ], [ -94.91389, 42.9097 ], [ -94.913894, 42.903955 ], [ -94.91384, 42.855374 ], [ -94.913862, 42.829067 ], [ -94.913865, 42.82178 ], [ -94.913862, 42.806951 ], [ -94.913858, 42.792438 ], [ -94.913851, 42.748832 ], [ -94.913927, 42.734438 ], [ -94.914094, 42.726956 ], [ -94.915362, 42.665287 ], [ -94.915564, 42.647129 ], [ -94.915292, 42.618281 ], [ -94.914485, 42.560309 ], [ -95.012858, 42.56093 ], [ -95.032712, 42.561022 ], [ -95.101261, 42.561096 ], [ -95.151023, 42.560999 ], [ -95.19025, 42.561055 ], [ -95.249118, 42.560951 ], [ -95.250274, 42.561058 ], [ -95.269662, 42.560902 ], [ -95.279451, 42.560843 ], [ -95.308876, 42.560797 ], [ -95.333606, 42.56101 ], [ -95.33827, 42.561051 ], [ -95.348095, 42.561167 ], [ -95.349878, 42.561193 ], [ -95.353059, 42.561241 ], [ -95.38801, 42.561742 ], [ -95.387988, 42.569048 ], [ -95.38799, 42.576368 ], [ -95.388065, 42.590869 ], [ -95.388185, 42.647797 ], [ -95.388043, 42.662301 ], [ -95.387871, 42.691295 ], [ -95.3875, 42.734301 ], [ -95.387563, 42.748767 ], [ -95.387778, 42.821877 ], [ -95.388149, 42.865378 ], [ -95.388194, 42.901695 ], [ -95.388182, 42.909897 ] ] ] ] } },
{ "type": "Feature", "properties": { "STATEFP": "19", "COUNTYFP": "015", "COUNTYNS": "00465197", "GEOIDFQ": "0500000US19015", "GEOID": "19015", "NAME": "Boone", "NAMELSAD": "Boone County", "STUSPS": "IA", "STATE_NAME": "Iowa", "LSAD": "06", "ALAND": 1477486979.0, "AWATER": 8209423.0 }, "geometry": { "type": "MultiPolygon", "coordinates": [ [ [ [ -94.164911, 42.151607 ], [ -94.164791, 42.180743 ], [ -94.164704, 42.20992 ], [ -94.047817, 42.209946 ], [ -93.97978, 42.209846 ], [ -93.93158, 42.209908 ], [ -93.844943, 42.209678 ], [ -93.815729, 42.209597 ], [ -93.747148, 42.209429 ], [ -93.717857, 42.209369 ], [ -93.69839, 42.209339 ], [ -93.698579, 42.162132 ], [ -93.698569, 42.159496 ], [ -93.698603, 42.137622 ], [ -93.698654, 42.123125 ], [ -93.69866, 42.092472 ], [ -93.698625, 42.084934 ], [ -93.698705, 42.056211 ], [ -93.698713, 42.041781 ], [ -93.698759, 42.039384 ], [ -93.698713, 42.03456 ], [ -93.698722, 42.029972 ], [ -93.698745, 42.022767 ], [ -93.698712, 42.015503 ], [ -93.698693, 42.014576 ], [ -93.698658, 42.008286 ], [ -93.698163, 41.964954 ], [ -93.698126, 41.961375 ], [ -93.698073, 41.950478 ], [ -93.698087, 41.892467 ], [ -93.698085, 41.888819 ], [ -93.698056, 41.877868 ], [ -93.698038, 41.870603 ], [ -93.698038, 41.870581 ], [ -93.698032, 41.86337 ], [ -93.702844, 41.863351 ], [ -93.707789, 41.863356 ], [ -93.737089, 41.863389 ], [ -93.776167, 41.863469 ], [ -93.815721, 41.863419 ], [ -93.840459, 41.863395 ], [ -93.86294, 41.863348 ], [ -93.864593, 41.863344 ], [ -93.89272, 41.863315 ], [ -93.91212, 41.863243 ], [ -93.912295, 41.863245 ], [ -93.926578, 41.863215 ], [ -93.931093, 41.863178 ], [ -93.994234, 41.863086 ], [ -94.018334, 41.863114 ], [ -94.048029, 41.863128 ], [ -94.096435, 41.863162 ], [ -94.120602, 41.863184 ], [ -94.164138, 41.863244 ], [ -94.164428, 41.863243 ], [ -94.164377, 41.884959 ], [ -94.164519, 41.921213 ], [ -94.164565, 41.950172 ], [ -94.164504, 41.979116 ], [ -94.164563, 42.022539 ], [ -94.164602, 42.034601 ], [ -94.164684, 42.063558 ], [ -94.164717, 42.092506 ], [ -94.164765, 42.122807 ], [ -94.164845, 42.144511 ], [ -94.164911, 42.151607 ] ] ] ] } },
{ "type": "Feature", "properties": { "STATEFP": "19", "COUNTYFP": "141", "COUNTYNS": "00465259", "GEOIDFQ": "0500000US19141", "GEOID": "19141", "NAME": "O'Brien", "NAMELSAD": "O'Brien County", "STUSPS": "IA", "STATE_NAME": "Iowa", "LSAD": "06", "ALAND": 1484153956.0, "AWATER": 447448.0 }, "geometry": { "type": "MultiPolygon", "coordinates": [ [ [ [ -95.862272, 43.214859 ], [ -95.861914, 43.257566 ], [ -95.743376, 43.258141 ], [ -95.723644, 43.258176 ], [ -95.713551, 43.258183 ], [ -95.644202, 43.258479 ], [ -95.62459, 43.258422 ], [ -95.624352, 43.258418 ], [ -95.526677, 43.256116 ], [ -95.525491, 43.256188 ], [ -95.50577, 43.255748 ], [ -95.388078, 43.255221 ], [ -95.388076, 43.241762 ], [ -95.388183, 43.241293 ], [ -95.388167, 43.198584 ], [ -95.38813, 43.19141 ], [ -95.388093, 43.184213 ], [ -95.387943, 43.169826 ], [ -95.387882, 43.163739 ], [ -95.387756, 43.142066 ], [ -95.387975, 43.098595 ], [ -95.388032, 43.091185 ], [ -95.388086, 43.084146 ], [ -95.388398, 43.039541 ], [ -95.388511, 43.025053 ], [ -95.388627, 43.010567 ], [ -95.388757, 42.996159 ], [ -95.38831, 42.938737 ], [ -95.388182, 42.909897 ], [ -95.413236, 42.91001 ], [ -95.420281, 42.909846 ], [ -95.427626, 42.909941 ], [ -95.504786, 42.910034 ], [ -95.505176, 42.910034 ], [ -95.56393, 42.910101 ], [ -95.62304, 42.910311 ], [ -95.702008, 42.909822 ], [ -95.741036, 42.909713 ], [ -95.780608, 42.909591 ], [ -95.859377, 42.909097 ], [ -95.859777, 42.982093 ], [ -95.859951, 42.996661 ], [ -95.86011, 43.025749 ], [ -95.860171, 43.040238 ], [ -95.86029, 43.083699 ], [ -95.860579, 43.098204 ], [ -95.861039, 43.127286 ], [ -95.861162, 43.14185 ], [ -95.8614, 43.160431 ], [ -95.861961, 43.165345 ], [ -95.861564, 43.171322 ], [ -95.862118, 43.1858 ], [ -95.86215, 43.189408 ], [ -95.862272, 43.214859 ] ] ] ] } },
{ "type": "Feature", "properties": { "STATEFP": "19", "COUNTYFP": "091", "COUNTYNS": "00465234", "GEOIDFQ": "0500000US19091", "GEOID": "19091", "NAME": "Humboldt", "NAMELSAD": "Humboldt County", "STUSPS": "IA", "STATE_NAME": "Iowa", "LSAD": "06", "ALAND": 1125017999.0, "AWATER": 3373409.0 }, "geometry": { "type": "MultiPolygon", "coordinates": [ [ [ [ -94.443147, 42.736331 ], [ -94.443021, 42.783035 ], [ -94.442962, 42.819528 ], [ -94.442959, 42.819676 ], [ -94.442777, 42.862597 ], [ -94.442541, 42.862812 ], [ -94.442778, 42.877453 ], [ -94.442998, 42.888041 ], [ -94.442956, 42.891709 ], [ -94.442954, 42.908073 ], [ -94.408721, 42.908092 ], [ -94.403763, 42.908092 ], [ -94.324927, 42.908009 ], [ -94.315472, 42.908028 ], [ -94.246584, 42.908169 ], [ -94.227104, 42.908238 ], [ -94.210671, 42.908178 ], [ -94.207672, 42.908167 ], [ -94.188093, 42.908185 ], [ -94.158723, 42.908264 ], [ -94.148905, 42.908289 ], [ -94.104638, 42.908252 ], [ -94.089883, 42.908198 ], [ -94.089724, 42.908197 ], [ -94.069287, 42.908081 ], [ -93.980977, 42.907798 ], [ -93.971238, 42.907762 ], [ -93.971412, 42.891774 ], [ -93.971431, 42.884593 ], [ -93.971431, 42.877379 ], [ -93.971428, 42.862992 ], [ -93.971473, 42.834124 ], [ -93.971475, 42.826942 ], [ -93.971465, 42.819699 ], [ -93.971488, 42.789716 ], [ -93.971487, 42.789577 ], [ -93.971526, 42.782286 ], [ -93.971601, 42.767888 ], [ -93.971347, 42.73167 ], [ -93.971335, 42.727943 ], [ -93.971753, 42.69904 ], [ -93.971771, 42.69541 ], [ -93.971658, 42.673695 ], [ -93.971714, 42.644707 ], [ -94.090123, 42.644784 ], [ -94.187512, 42.644716 ], [ -94.192461, 42.644339 ], [ -94.207271, 42.644522 ], [ -94.226864, 42.644561 ], [ -94.295366, 42.644939 ], [ -94.324789, 42.645093 ], [ -94.354127, 42.645091 ], [ -94.363775, 42.645096 ], [ -94.382238, 42.645164 ], [ -94.383512, 42.645003 ], [ -94.443083, 42.645164 ], [ -94.443105, 42.717427 ], [ -94.443112, 42.724639 ], [ -94.443143, 42.732426 ], [ -94.443157, 42.733642 ], [ -94.443147, 42.736331 ] ] ] ] } },
{ "type": "Feature", "properties": { "STATEFP": "19", "COUNTYFP": "033", "COUNTYNS": "00465206", "GEOIDFQ": "0500000US19033", "GEOID": "19033", "NAME": "Cerro Gordo", "NAMELSAD": "Cerro Gordo County", "STUSPS": "IA", "STATE_NAME": "Iowa", "LSAD": "06", "ALAND": 1471889953.0, "AWATER": 17659669.0 }, "geometry": { "type": "MultiPolygon", "coordinates": [ [ [ [ -93.498129, 42.96633 ], [ -93.497837, 42.995254 ], [ -93.497783, 43.009727 ], [ -93.497812, 43.038712 ], [ -93.497792, 43.067666 ], [ -93.497735, 43.083147 ], [ -93.497649, 43.119049 ], [ -93.497716, 43.141083 ], [ -93.497659, 43.169704 ], [ -93.497643, 43.227527 ], [ -93.497635, 43.255468 ], [ -93.433132, 43.25543 ], [ -93.413232, 43.255466 ], [ -93.398349, 43.255389 ], [ -93.378775, 43.255371 ], [ -93.372579, 43.255321 ], [ -93.365055, 43.255707 ], [ -93.349169, 43.255591 ], [ -93.326083, 43.255415 ], [ -93.319933, 43.255202 ], [ -93.260374, 43.255186 ], [ -93.202427, 43.255057 ], [ -93.16136, 43.255105 ], [ -93.141565, 43.255106 ], [ -93.033936, 43.255555 ], [ -93.024143, 43.255538 ], [ -93.024092, 43.212812 ], [ -93.024043, 43.191031 ], [ -93.024049, 43.169279 ], [ -93.023849, 43.155344 ], [ -93.02368, 43.147457 ], [ -93.02367, 43.146976 ], [ -93.023715, 43.146817 ], [ -93.023444, 43.133615 ], [ -93.023611, 43.111771 ], [ -93.023725, 43.097433 ], [ -93.023964, 43.09566 ], [ -93.023754, 43.086873 ], [ -93.023787, 43.083144 ], [ -93.023085, 43.040107 ], [ -93.023251, 43.039177 ], [ -93.022976, 43.032772 ], [ -93.023346, 43.009011 ], [ -93.023429, 43.001947 ], [ -93.023492, 42.994571 ], [ -93.024628, 42.980218 ], [ -93.024701, 42.965426 ], [ -93.024968, 42.936457 ], [ -93.025036, 42.925638 ], [ -93.025079, 42.918388 ], [ -93.025144, 42.907549 ], [ -93.123971, 42.907495 ], [ -93.125198, 42.907613 ], [ -93.143172, 42.907628 ], [ -93.162875, 42.907637 ], [ -93.182425, 42.90764 ], [ -93.241531, 42.907699 ], [ -93.261912, 42.907727 ], [ -93.350757, 42.907895 ], [ -93.351144, 42.907893 ], [ -93.379684, 42.907998 ], [ -93.458538, 42.908372 ], [ -93.488031, 42.908446 ], [ -93.498617, 42.908512 ], [ -93.498129, 42.96633 ] ] ] ] } },
{ "type": "Feature", "properties": { "STATEFP": "19", "COUNTYFP": "119", "COUNTYNS": "00465248", "GEOIDFQ": "0500000US19119", "GEOID": "19119", "NAME": "Lyon", "NAMELSAD": "Lyon County", "STUSPS": "IA", "STATE_NAME": "Iowa", "LSAD": "06", "ALAND": 1521901260.0, "AWATER": 440273.0 }, "geometry": { "type": "MultiPolygon", "coordinates": [ [ [ [ -96.600617, 43.451234 ], [ -96.600432205813803, 43.453103042928603 ], [ -96.600039, 43.45708 ], [ -96.593999, 43.458832 ], [ -96.593554807608001, 43.461495153485302 ], [ -96.593333, 43.462825 ], [ -96.587929, 43.464878 ], [ -96.585387, 43.464949 ], [ -96.582475, 43.467051 ], [ -96.584603, 43.46961 ], [ -96.585137, 43.471141 ], [ -96.583702, 43.474302 ], [ -96.584126, 43.475563 ], [ -96.586743, 43.477389 ], [ -96.586549, 43.478499 ], [ -96.580997, 43.481384 ], [ -96.58238, 43.483399 ], [ -96.583296, 43.483172 ], [ -96.586275, 43.483514 ], [ -96.587213, 43.484915 ], [ -96.586191, 43.485807 ], [ -96.586924, 43.48767 ], [ -96.584547, 43.488833 ], [ -96.585049, 43.489887 ], [ -96.586274, 43.491099 ], [ -96.590043, 43.491906 ], [ -96.590452, 43.494298 ], [ -96.591676, 43.494367 ], [ -96.594722, 43.493314 ], [ -96.598396, 43.495074 ], [ -96.599182, 43.496011 ], [ -96.598928912540899, 43.500441026942298 ], [ -96.598928, 43.500457 ], [ -96.573946, 43.500447 ], [ -96.531670013412494, 43.500406870157398 ], [ -96.521272, 43.500397 ], [ -96.45326, 43.50039 ], [ -96.446757907084006, 43.500381173962303 ], [ -96.400218, 43.500318 ], [ -96.332062, 43.500415 ], [ -96.329659830071293, 43.500411333563299 ], [ -96.29239, 43.500354448548002 ], [ -96.273701917694297, 43.500325924891101 ], [ -96.252546942180899, 43.500293636010198 ], [ -96.229199, 43.500258 ], [ -96.214012017675003, 43.500242424199499 ], [ -96.192690040453499, 43.500220556335599 ], [ -96.172410010505104, 43.500199757094997 ], [ -96.154450008884496, 43.500181337280203 ], [ -96.123895, 43.50015 ], [ -96.096196781939497, 43.500134086214501 ], [ -96.0531620262215, 43.500109360946198 ], [ -95.978285954707005, 43.500066341509402 ], [ -95.97247, 43.500063 ], [ -95.933729000470194, 43.500061538185797 ], [ -95.866462, 43.500059 ], [ -95.860946980868405, 43.500052670995302 ], [ -95.860658, 43.432664 ], [ -95.860579, 43.410695 ], [ -95.860475, 43.345502 ], [ -95.861273, 43.293797 ], [ -95.861914, 43.257566 ], [ -95.875287, 43.257709 ], [ -95.878002, 43.257622 ], [ -95.881912, 43.257912 ], [ -95.882546, 43.257798 ], [ -95.886138, 43.257588 ], [ -95.889154, 43.257847 ], [ -95.971069, 43.257754 ], [ -95.980326, 43.257832 ], [ -96.020094, 43.258426 ], [ -96.039157, 43.258891 ], [ -96.049232, 43.258569 ], [ -96.059402, 43.258324 ], [ -96.098063, 43.257399 ], [ -96.13817, 43.257276 ], [ -96.167894, 43.257356 ], [ -96.17803, 43.25737 ], [ -96.197998, 43.257459 ], [ -96.216523, 43.25746 ], [ -96.265785, 43.25744 ], [ -96.334119, 43.257698 ], [ -96.354023, 43.257853 ], [ -96.373571, 43.258062 ], [ -96.450478, 43.258797 ], [ -96.470084, 43.259031 ], [ -96.529341, 43.259693 ], [ -96.554965, 43.259999 ], [ -96.55697, 43.259096 ], [ -96.560099, 43.259279 ], [ -96.564165, 43.260239 ], [ -96.568576, 43.262662 ], [ -96.576804, 43.268308 ], [ -96.582904, 43.26769 ], [ -96.58522, 43.268878 ], [ -96.586317, 43.274319 ], [ -96.583533, 43.276879 ], [ -96.582939, 43.276536 ], [ -96.582876, 43.274594 ], [ -96.580904, 43.2748 ], [ -96.578575, 43.277604 ], [ -96.577819, 43.279938 ], [ -96.578828, 43.284232 ], [ -96.580708, 43.28902 ], [ -96.579582, 43.293446 ], [ -96.581159, 43.295085 ], [ -96.584086, 43.292954 ], [ -96.587014, 43.291807 ], [ -96.588836018479597, 43.293590740780502 ], [ -96.588918, 43.293671 ], [ -96.588492, 43.296339 ], [ -96.585647, 43.296705 ], [ -96.582947, 43.298125 ], [ -96.580346, 43.298204 ], [ -96.573556, 43.29917 ], [ -96.571646, 43.298187 ], [ -96.570707, 43.296701 ], [ -96.56911, 43.295535 ], [ -96.56429, 43.294804 ], [ -96.563523, 43.294804 ], [ -96.555246, 43.294803 ], [ -96.553087, 43.29286 ], [ -96.549305680239996, 43.293706011458298 ], [ -96.541037, 43.295556 ], [ -96.530392, 43.300034 ], [ -96.527389258390002, 43.306853124918803 ], [ -96.526004, 43.309999 ], [ -96.525564, 43.312467 ], [ -96.528817, 43.316561 ], [ -96.533101, 43.328587 ], [ -96.534913, 43.336473 ], [ -96.531905, 43.33869 ], [ -96.527045247572701, 43.344129145179899 ], [ -96.524572393795793, 43.346896819233798 ], [ -96.524289, 43.347214 ], [ -96.524476, 43.348151 ], [ -96.52551, 43.348335 ], [ -96.526635, 43.351833 ], [ -96.527223, 43.362257 ], [ -96.527345, 43.368109 ], [ -96.526467, 43.368314 ], [ -96.522203, 43.371947 ], [ -96.521323, 43.374607 ], [ -96.521297, 43.375947 ], [ -96.521572, 43.38564 ], [ -96.524044, 43.394762 ], [ -96.525453, 43.396317 ], [ -96.529152, 43.397735 ], [ -96.530124, 43.397553 ], [ -96.530124, 43.39641 ], [ -96.531159, 43.39561 ], [ -96.537116, 43.395063 ], [ -96.553008, 43.404117 ], [ -96.557586, 43.406792 ], [ -96.562728, 43.412782 ], [ -96.568499, 43.417217 ], [ -96.573579, 43.419228 ], [ -96.570788, 43.423755 ], [ -96.569628, 43.427527 ], [ -96.570224, 43.428601 ], [ -96.575181, 43.431756 ], [ -96.581956, 43.432212 ], [ -96.587884, 43.431685 ], [ -96.589551082598106, 43.432178052710299 ], [ -96.589619717083394, 43.432198351895799 ], [ -96.592905, 43.43317 ], [ -96.594254, 43.434153 ], [ -96.600451930378597, 43.445649663771498 ], [ -96.602608, 43.449649 ], [ -96.600617, 43.451234 ] ] ] ] } },
{ "type": "Feature", "properties": { "STATEFP": "19", "COUNTYFP": "129", "COUNTYNS": "00465253", "GEOIDFQ": "0500000US19129", "GEOID": "19129", "NAME": "Mills", "NAMELSAD": "Mills County", "STUSPS": "IA", "STATE_NAME": "Iowa", "LSAD": "06", "ALAND": 1132940500.0, "AWATER": 8316363.0 }, "geometry": { "type": "MultiPolygon", "coordinates": [ [ [ [ -95.883474948215195, 41.154929935874499 ], [ -95.881289, 41.159898 ], [ -95.880935560555301, 41.160268970041201 ], [ -95.880521, 41.159874 ], [ -95.874006, 41.160294 ], [ -95.823212, 41.16031 ], [ -95.807866, 41.160265 ], [ -95.794209, 41.159853 ], [ -95.776752, 41.159903 ], [ -95.774661, 41.160109 ], [ -95.72754, 41.159992 ], [ -95.720866, 41.160125 ], [ -95.718158, 41.160051 ], [ -95.708726, 41.160021 ], [ -95.708596, 41.16002 ], [ -95.705025, 41.159996 ], [ -95.691918, 41.160007 ], [ -95.666715, 41.16008 ], [ -95.635096, 41.160091 ], [ -95.633894, 41.160056 ], [ -95.613042, 41.160037 ], [ -95.604394, 41.160039 ], [ -95.595009, 41.160006 ], [ -95.589493, 41.159661 ], [ -95.575584, 41.159996 ], [ -95.556401, 41.160085 ], [ -95.49898, 41.160116 ], [ -95.480256, 41.160194 ], [ -95.384349, 41.160011 ], [ -95.384336, 41.14963 ], [ -95.384374, 41.145998 ], [ -95.38417, 41.131486 ], [ -95.384381, 41.129972 ], [ -95.384606, 41.087922 ], [ -95.384717, 41.073394 ], [ -95.384718, 41.073254 ], [ -95.384535, 41.030599 ], [ -95.384712, 41.028905 ], [ -95.384422, 41.012393 ], [ -95.384746, 40.987448 ], [ -95.384747, 40.981114 ], [ -95.384725, 40.970248 ], [ -95.384714, 40.96306 ], [ -95.384758, 40.948594 ], [ -95.384737, 40.91599 ], [ -95.384743, 40.908746 ], [ -95.384964, 40.90155 ], [ -95.422788, 40.901543 ], [ -95.460911, 40.901541 ], [ -95.479935, 40.90161 ], [ -95.499308, 40.901644 ], [ -95.52303, 40.901675 ], [ -95.537307, 40.901658 ], [ -95.556378, 40.901628 ], [ -95.575678, 40.901612 ], [ -95.578244, 40.901612 ], [ -95.614275, 40.9016 ], [ -95.661885, 40.90149 ], [ -95.670626, 40.901458 ], [ -95.677325, 40.90145 ], [ -95.685701, 40.901429 ], [ -95.700025, 40.901564 ], [ -95.704299, 40.901045 ], [ -95.704885, 40.90143 ], [ -95.727859, 40.901651 ], [ -95.746872, 40.901704 ], [ -95.770643, 40.901639 ], [ -95.809312, 40.90157 ], [ -95.8134577460103, 40.901693097976001 ], [ -95.814302, 40.902936 ], [ -95.818709, 40.906818 ], [ -95.830699, 40.915004 ], [ -95.833041, 40.917243 ], [ -95.836438, 40.921642 ], [ -95.837774, 40.924712 ], [ -95.838430368686602, 40.9274014781939 ], [ -95.839743, 40.93278 ], [ -95.840275, 40.939942 ], [ -95.839378123540399, 40.9440620744762 ], [ -95.837951, 40.950618 ], [ -95.8329881514547, 40.958707528673997 ], [ -95.829829, 40.963857 ], [ -95.828329, 40.972378 ], [ -95.829074, 40.975688 ], [ -95.830297, 40.978332 ], [ -95.833537, 40.98266 ], [ -95.838908, 40.986484 ], [ -95.840173236062896, 40.987190653983298 ], [ -95.844351, 40.989524 ], [ -95.852547, 40.991738 ], [ -95.860116, 40.995242 ], [ -95.863492, 40.99734 ], [ -95.866808565150293, 41.001063049808998 ], [ -95.8668306186634, 41.001087806243497 ], [ -95.867286, 41.001599 ], [ -95.869198, 41.005951 ], [ -95.869486, 41.009399 ], [ -95.868374, 41.012703 ], [ -95.865878, 41.017403 ], [ -95.859918, 41.025403 ], [ -95.859102, 41.031599 ], [ -95.859654, 41.035695 ], [ -95.860462, 41.037887 ], [ -95.861782, 41.039427 ], [ -95.869807, 41.045199 ], [ -95.879487, 41.053299 ], [ -95.881855, 41.057211 ], [ -95.882415, 41.060411 ], [ -95.881375, 41.065203 ], [ -95.878103, 41.069587 ], [ -95.873440926408406, 41.073108512761102 ], [ -95.870631, 41.075231 ], [ -95.865463, 41.080367 ], [ -95.863839, 41.083507 ], [ -95.862587, 41.088399 ], [ -95.863268, 41.093765 ], [ -95.86545, 41.101266 ], [ -95.865479575864597, 41.102389072556903 ], [ -95.865875680666804, 41.117430202854003 ], [ -95.865888, 41.117898 ], [ -95.868688, 41.124698 ], [ -95.869902202820896, 41.1262931291961 ], [ -95.875026692980299, 41.133025302542798 ], [ -95.878888, 41.138098 ], [ -95.879190256159802, 41.138655284794702 ], [ -95.882088, 41.143998 ], [ -95.883389, 41.150898 ], [ -95.883489, 41.154898 ], [ -95.883474948215195, 41.154929935874499 ] ] ] ] } },
{ "type": "Feature", "properties": { "STATEFP": "19", "COUNTYFP": "143", "COUNTYNS": "00465260", "GEOIDFQ": "0500000US19143", "GEOID": "19143", "NAME": "Osceola", "NAMELSAD": "Osceola County", "STUSPS": "IA", "STATE_NAME": "Iowa", "LSAD": "06", "ALAND": 1032593803.0, "AWATER": 1835263.0 }, "geometry": { "type": "MultiPolygon", "coordinates": [ [ [ [ -95.861273, 43.293797 ], [ -95.860475, 43.345502 ], [ -95.860579, 43.410695 ], [ -95.860658, 43.432664 ], [ -95.860946980868405, 43.500052670995302 ], [ -95.833346982789095, 43.500020997393896 ], [ -95.815599484260204, 43.500000630465102 ], [ -95.773991886428107, 43.499952881821599 ], [ -95.749696, 43.499925 ], [ -95.741447996693694, 43.4999228833126 ], [ -95.695781663926994, 43.499911163948603 ], [ -95.684147536541104, 43.499908178279199 ], [ -95.649101256770294, 43.499899184342503 ], [ -95.643155996751403, 43.499897658608702 ], [ -95.625003, 43.499893 ], [ -95.623257167990403, 43.499894673531998 ], [ -95.574139864083506, 43.499941756745997 ], [ -95.565126938976107, 43.499950396419699 ], [ -95.521726, 43.499992 ], [ -95.504899099944495, 43.500021333087702 ], [ -95.497157932891596, 43.500034827690499 ], [ -95.489028, 43.500049 ], [ -95.460478, 43.500468 ], [ -95.454433281050598, 43.500458919054701 ], [ -95.435849, 43.500431 ], [ -95.4338, 43.500113 ], [ -95.395064, 43.500221 ], [ -95.394587998118993, 43.500221676496601 ], [ -95.387787007592195, 43.500231342103199 ], [ -95.387519, 43.45954 ], [ -95.387524, 43.430566 ], [ -95.38759, 43.342237 ], [ -95.387678, 43.334848 ], [ -95.387857, 43.313158 ], [ -95.387914, 43.30601 ], [ -95.387994, 43.298669 ], [ -95.388078, 43.255221 ], [ -95.50577, 43.255748 ], [ -95.525491, 43.256188 ], [ -95.526677, 43.256116 ], [ -95.624352, 43.258418 ], [ -95.62459, 43.258422 ], [ -95.644202, 43.258479 ], [ -95.713551, 43.258183 ], [ -95.723644, 43.258176 ], [ -95.743376, 43.258141 ], [ -95.861914, 43.257566 ], [ -95.861273, 43.293797 ] ] ] ] } },
{ "type": "Feature", "properties": { "STATEFP": "19", "COUNTYFP": "113", "COUNTYNS": "00465245", "GEOIDFQ": "0500000US19113", "GEOID": "19113", "NAME": "Linn", "NAMELSAD": "Linn County", "STUSPS": "IA", "STATE_NAME": "Iowa", "LSAD": "06", "ALAND": 1857048431.0, "AWATER": 19835227.0 }, "geometry": { "type": "MultiPolygon", "coordinates": [ [ [ [ -91.834758, 42.082489 ], [ -91.83472, 42.082773 ], [ -91.834757, 42.083283 ], [ -91.834733, 42.095281 ], [ -91.834532, 42.124607 ], [ -91.833508, 42.176304 ], [ -91.832613, 42.212032 ], [ -91.83243, 42.223063 ], [ -91.832075, 42.244595 ], [ -91.831764, 42.262751 ], [ -91.831527, 42.273523 ], [ -91.831089, 42.299063 ], [ -91.714438, 42.296544 ], [ -91.596981, 42.296408 ], [ -91.558365, 42.296321 ], [ -91.519198, 42.296219 ], [ -91.47999, 42.296164 ], [ -91.471096, 42.29617 ], [ -91.451133, 42.296211 ], [ -91.407529, 42.29634 ], [ -91.402533, 42.296362 ], [ -91.397914, 42.296359 ], [ -91.363263, 42.296445 ], [ -91.363844, 42.223745 ], [ -91.363959, 42.209132 ], [ -91.364019, 42.202006 ], [ -91.364409, 42.165613 ], [ -91.364608, 42.151541 ], [ -91.364859, 42.136934 ], [ -91.364817, 42.121906 ], [ -91.364842, 42.100233 ], [ -91.364885, 42.0767 ], [ -91.36478, 42.070529 ], [ -91.364844, 42.04912 ], [ -91.364873, 42.034521 ], [ -91.364993, 42.023713 ], [ -91.365041, 42.020088 ], [ -91.365161, 42.008441 ], [ -91.365191, 42.005563 ], [ -91.365585, 41.97641 ], [ -91.365877, 41.94741 ], [ -91.366006, 41.918271 ], [ -91.366119, 41.893897 ], [ -91.366221, 41.860069 ], [ -91.412642, 41.859693 ], [ -91.413145, 41.859688 ], [ -91.42453, 41.85962 ], [ -91.444102, 41.859606 ], [ -91.481936, 41.859762 ], [ -91.493335, 41.859851 ], [ -91.525228, 41.860112 ], [ -91.55924, 41.860361 ], [ -91.559596, 41.860366 ], [ -91.575074, 41.860487 ], [ -91.579997, 41.86053 ], [ -91.597895, 41.860726 ], [ -91.636318, 41.861221 ], [ -91.656074, 41.861415 ], [ -91.66486, 41.861569 ], [ -91.665836, 41.86153 ], [ -91.669078, 41.861579 ], [ -91.669465, 41.861585 ], [ -91.676719, 41.861705 ], [ -91.699908, 41.861935 ], [ -91.714518, 41.862035 ], [ -91.831379, 41.861851 ], [ -91.831466, 41.869114 ], [ -91.831555, 41.875494 ], [ -91.8316, 41.879333 ], [ -91.83161, 41.879691 ], [ -91.831641, 41.883451 ], [ -91.831684, 41.88727 ], [ -91.833289, 41.949373 ], [ -91.833654, 41.96401 ], [ -91.835262, 42.036954 ], [ -91.834758, 42.082489 ] ] ] ] } },
{ "type": "Feature", "properties": { "STATEFP": "19", "COUNTYFP": "105", "COUNTYNS": "00465241", "GEOIDFQ": "0500000US19105", "GEOID": "19105", "NAME": "Jones", "NAMELSAD": "Jones County", "STUSPS": "IA", "STATE_NAME": "Iowa", "LSAD": "06", "ALAND": 1490844764.0, "AWATER": 3782491.0 }, "geometry": { "type": "MultiPolygon", "coordinates": [ [ [ [ -91.365877, 41.94741 ], [ -91.365585, 41.97641 ], [ -91.365191, 42.005563 ], [ -91.365161, 42.008441 ], [ -91.365041, 42.020088 ], [ -91.364993, 42.023713 ], [ -91.364873, 42.034521 ], [ -91.364844, 42.04912 ], [ -91.36478, 42.070529 ], [ -91.364885, 42.0767 ], [ -91.364842, 42.100233 ], [ -91.364817, 42.121906 ], [ -91.364859, 42.136934 ], [ -91.364608, 42.151541 ], [ -91.364409, 42.165613 ], [ -91.364019, 42.202006 ], [ -91.363959, 42.209132 ], [ -91.363844, 42.223745 ], [ -91.363263, 42.296445 ], [ -91.31062, 42.296432 ], [ -91.308718, 42.296102 ], [ -91.270021, 42.296238 ], [ -91.266349, 42.296111 ], [ -91.25969, 42.296287 ], [ -91.247237, 42.29618 ], [ -91.246726, 42.295879 ], [ -91.237232, 42.296001 ], [ -91.213717, 42.295958 ], [ -91.130079, 42.295761 ], [ -91.126669, 42.295757 ], [ -91.125413, 42.295803 ], [ -91.120981, 42.2958 ], [ -91.052878, 42.295754 ], [ -91.023448, 42.295711 ], [ -91.014937, 42.295724 ], [ -91.013718, 42.295767 ], [ -91.00782, 42.295768 ], [ -91.004175, 42.295731 ], [ -90.997917, 42.295637 ], [ -90.993348, 42.295662 ], [ -90.988523, 42.295567 ], [ -90.975624, 42.295775 ], [ -90.974854, 42.295539 ], [ -90.974512, 42.295466 ], [ -90.934427, 42.295125 ], [ -90.931922, 42.295311 ], [ -90.89802, 42.295236 ], [ -90.898267, 42.207724 ], [ -90.898268, 42.206475 ], [ -90.898354, 42.172428 ], [ -90.898412, 42.171243 ], [ -90.898654, 42.135088 ], [ -90.898226, 42.120593 ], [ -90.898358, 42.062448 ], [ -90.898373, 42.033548 ], [ -90.898413, 41.968257 ], [ -90.898484, 41.946245 ], [ -90.917904, 41.946293 ], [ -90.976503, 41.946686 ], [ -91.005342, 41.94663 ], [ -91.014978, 41.946596 ], [ -91.019933, 41.946604 ], [ -91.088334, 41.946677 ], [ -91.132172, 41.946778 ], [ -91.210218, 41.947082 ], [ -91.234488, 41.947185 ], [ -91.249113, 41.947205 ], [ -91.30767, 41.947205 ], [ -91.32775, 41.947184 ], [ -91.36563, 41.947393 ], [ -91.365877, 41.94741 ] ] ] ] } },
{ "type": "Feature", "properties": { "STATEFP": "19", "COUNTYFP": "173", "COUNTYNS": "00465275", "GEOIDFQ": "0500000US19173", "GEOID": "19173", "NAME": "Taylor", "NAMELSAD": "Taylor County", "STUSPS": "IA", "STATE_NAME": "Iowa", "LSAD": "06", "ALAND": 1377618878.0, "AWATER": 7133363.0 }, "geometry": { "type": "MultiPolygon", "coordinates": [ [ [ [ -94.928664, 40.813596 ], [ -94.928615, 40.820916 ], [ -94.928933, 40.823869 ], [ -94.928734, 40.835405 ], [ -94.928924, 40.842899 ], [ -94.9289, 40.87008 ], [ -94.928758, 40.88985 ], [ -94.928519, 40.900449 ], [ -94.928459, 40.900653 ], [ -94.857717, 40.900601 ], [ -94.853008, 40.900605 ], [ -94.842749, 40.900785 ], [ -94.816179, 40.900595 ], [ -94.814858, 40.900597 ], [ -94.814826, 40.900597 ], [ -94.704141, 40.899882 ], [ -94.700347, 40.89995 ], [ -94.700152, 40.899817 ], [ -94.685387, 40.899774 ], [ -94.652121, 40.899686 ], [ -94.604592, 40.899575 ], [ -94.585531, 40.899529 ], [ -94.565604, 40.899397 ], [ -94.556373, 40.899414 ], [ -94.55626, 40.899414 ], [ -94.546735, 40.899362 ], [ -94.470779, 40.899502 ], [ -94.471621, 40.866524 ], [ -94.471629, 40.841507 ], [ -94.47163, 40.84026 ], [ -94.471658, 40.819748 ], [ -94.471666, 40.812545 ], [ -94.471681, 40.806199 ], [ -94.471623, 40.799752 ], [ -94.471633, 40.798081 ], [ -94.471669, 40.796351 ], [ -94.471669, 40.796335 ], [ -94.471629, 40.790822 ], [ -94.471533, 40.769271 ], [ -94.471482, 40.761931 ], [ -94.471458, 40.754849 ], [ -94.47147, 40.725934 ], [ -94.471275, 40.679181 ], [ -94.471288, 40.675663 ], [ -94.471352, 40.668502 ], [ -94.471412, 40.63955 ], [ -94.471412, 40.639409 ], [ -94.471394, 40.625039 ], [ -94.471307, 40.61059 ], [ -94.471054, 40.576438 ], [ -94.471213, 40.570825 ], [ -94.48928, 40.570707 ], [ -94.533878, 40.570739 ], [ -94.537058, 40.570763 ], [ -94.537848, 40.570763 ], [ -94.538318, 40.570763 ], [ -94.541828, 40.570809 ], [ -94.542154, 40.570809 ], [ -94.547404941958007, 40.570824900589898 ], [ -94.585766003781998, 40.570941063274503 ], [ -94.594001, 40.570966 ], [ -94.632032, 40.571186 ], [ -94.670129376613801, 40.571638777854901 ], [ -94.682601, 40.571787 ], [ -94.688354732990604, 40.5718606927812 ], [ -94.697807578395697, 40.571981763131298 ], [ -94.714925, 40.572201 ], [ -94.716665, 40.572201 ], [ -94.745517930288599, 40.572591591453801 ], [ -94.773988, 40.572977 ], [ -94.7998869940877, 40.573363396282701 ], [ -94.801474999528295, 40.573387088299398 ], [ -94.811188, 40.573532 ], [ -94.819978, 40.573714 ], [ -94.823758, 40.573942 ], [ -94.896772992428495, 40.5747376947822 ], [ -94.896801, 40.574738 ], [ -94.901451, 40.574877 ], [ -94.914896, 40.575068 ], [ -94.914818, 40.599179 ], [ -94.91473, 40.620628 ], [ -94.914773, 40.627838 ], [ -94.91474, 40.631552 ], [ -94.914709, 40.649683 ], [ -94.914685, 40.650895 ], [ -94.914569, 40.65696 ], [ -94.914429, 40.6641 ], [ -94.91471, 40.666024 ], [ -94.91365, 40.703683 ], [ -94.913558, 40.707287 ], [ -94.913124, 40.727285 ], [ -94.928529, 40.727399 ], [ -94.928276, 40.749177 ], [ -94.928938, 40.750742 ], [ -94.928664, 40.813596 ] ] ] ] } },
{ "type": "Feature", "properties": { "STATEFP": "19", "COUNTYFP": "081", "COUNTYNS": "00465229", "GEOIDFQ": "0500000US19081", "GEOID": "19081", "NAME": "Hancock", "NAMELSAD": "Hancock County", "STUSPS": "IA", "STATE_NAME": "Iowa", "LSAD": "06", "ALAND": 1478895051.0, "AWATER": 5265568.0 }, "geometry": { "type": "MultiPolygon", "coordinates": [ [ [ [ -93.971291, 42.979162 ], [ -93.971029, 42.994156 ], [ -93.970576, 43.066548 ], [ -93.970448, 43.082609 ], [ -93.970336, 43.111539 ], [ -93.970325, 43.16925 ], [ -93.970338, 43.183708 ], [ -93.970268, 43.198137 ], [ -93.970252, 43.212593 ], [ -93.970202, 43.241416 ], [ -93.970415, 43.255358 ], [ -93.9606, 43.255299 ], [ -93.852173, 43.255329 ], [ -93.745418, 43.255349 ], [ -93.741815, 43.255504 ], [ -93.733714, 43.255465 ], [ -93.656076, 43.255515 ], [ -93.642655, 43.255515 ], [ -93.641459, 43.25561 ], [ -93.632476, 43.25546 ], [ -93.622625, 43.255625 ], [ -93.6218, 43.255627 ], [ -93.616953, 43.255622 ], [ -93.497635, 43.255468 ], [ -93.497643, 43.227527 ], [ -93.497659, 43.169704 ], [ -93.497716, 43.141083 ], [ -93.497649, 43.119049 ], [ -93.497735, 43.083147 ], [ -93.497792, 43.067666 ], [ -93.497812, 43.038712 ], [ -93.497783, 43.009727 ], [ -93.497837, 42.995254 ], [ -93.498129, 42.96633 ], [ -93.498617, 42.908512 ], [ -93.528323, 42.908611 ], [ -93.616547, 42.908544 ], [ -93.685463, 42.908462 ], [ -93.705204, 42.90852 ], [ -93.724653, 42.908578 ], [ -93.734125, 42.908016 ], [ -93.753824, 42.908592 ], [ -93.852343, 42.908554 ], [ -93.871911, 42.908491 ], [ -93.875223, 42.908309 ], [ -93.881656, 42.908411 ], [ -93.882328, 42.908421 ], [ -93.891634, 42.908314 ], [ -93.930731, 42.907994 ], [ -93.960544, 42.907815 ], [ -93.971238, 42.907762 ], [ -93.971233, 42.91504 ], [ -93.971291, 42.979162 ] ] ] ] } },
{ "type": "Feature", "properties": { "STATEFP": "19", "COUNTYFP": "095", "COUNTYNS": "00465236", "GEOIDFQ": "0500000US19095", "GEOID": "19095", "NAME": "Iowa", "NAMELSAD": "Iowa County", "STUSPS": "IA", "STATE_NAME": "Iowa", "LSAD": "06", "ALAND": 1518911690.0, "AWATER": 2686847.0 }, "geometry": { "type": "MultiPolygon", "coordinates": [ [ [ [ -92.299949, 41.695103 ], [ -92.299802, 41.695699 ], [ -92.299804, 41.695889 ], [ -92.299951, 41.725332 ], [ -92.29993, 41.727966 ], [ -92.299907, 41.732173 ], [ -92.299873, 41.736132 ], [ -92.299714, 41.745746 ], [ -92.299453, 41.761607 ], [ -92.299236, 41.77245 ], [ -92.299191, 41.776094 ], [ -92.29896, 41.790208 ], [ -92.299101, 41.792543 ], [ -92.298816, 41.797952 ], [ -92.298749, 41.812138 ], [ -92.29869, 41.819509 ], [ -92.298164, 41.862779 ], [ -92.239527, 41.863057 ], [ -92.230925, 41.862979 ], [ -92.23022, 41.86273 ], [ -92.190253, 41.862684 ], [ -92.186647, 41.862593 ], [ -92.181143, 41.862601 ], [ -92.127159, 41.862707 ], [ -92.124193, 41.862674 ], [ -92.122538, 41.862731 ], [ -92.064458, 41.862984 ], [ -92.054513, 41.862693 ], [ -92.030149, 41.86254 ], [ -92.024192, 41.862525 ], [ -92.000179, 41.862447 ], [ -91.98637, 41.862162 ], [ -91.947732, 41.861856 ], [ -91.908667, 41.861606 ], [ -91.831379, 41.861851 ], [ -91.831243, 41.825491 ], [ -91.831183, 41.81635 ], [ -91.83079, 41.803803 ], [ -91.831589, 41.784548 ], [ -91.831812, 41.774341 ], [ -91.832033, 41.757425 ], [ -91.833948, 41.693956 ], [ -91.834161, 41.687916 ], [ -91.83415, 41.687388 ], [ -91.834185, 41.686702 ], [ -91.834002, 41.679993 ], [ -91.833929, 41.676507 ], [ -91.833848, 41.673137 ], [ -91.833821, 41.672782 ], [ -91.833051, 41.629476 ], [ -91.83297, 41.622269 ], [ -91.832949, 41.607722 ], [ -91.833214, 41.606061 ], [ -91.833078, 41.600414 ], [ -91.830318, 41.60048 ], [ -91.82706, 41.600452 ], [ -91.827843, 41.565925 ], [ -91.828049, 41.558607 ], [ -91.828651, 41.54052 ], [ -91.829231, 41.511457 ], [ -91.843018, 41.511402 ], [ -91.844228, 41.511454 ], [ -91.9256, 41.510974 ], [ -91.946043, 41.510749 ], [ -92.037284, 41.510482 ], [ -92.039328, 41.510635 ], [ -92.04251, 41.510412 ], [ -92.051674, 41.510437 ], [ -92.065058, 41.510403 ], [ -92.069859, 41.510379 ], [ -92.076441, 41.510358 ], [ -92.078933, 41.510348 ], [ -92.081917, 41.510336 ], [ -92.156622, 41.510156 ], [ -92.181784, 41.510038 ], [ -92.200871, 41.510019 ], [ -92.224604, 41.509901 ], [ -92.287642, 41.509828 ], [ -92.297494, 41.50979 ], [ -92.297633, 41.546037 ], [ -92.297634, 41.549662 ], [ -92.297663, 41.560386 ], [ -92.297783, 41.59666 ], [ -92.297814, 41.601535 ], [ -92.299495, 41.601536 ], [ -92.29961, 41.626836 ], [ -92.299651, 41.628921 ], [ -92.299654, 41.642346 ], [ -92.299952, 41.689045 ], [ -92.299949, 41.695103 ] ] ] ] } },
{ "type": "Feature", "properties": { "STATEFP": "19", "COUNTYFP": "071", "COUNTYNS": "00465224", "GEOIDFQ": "0500000US19071", "GEOID": "19071", "NAME": "Fremont", "NAMELSAD": "Fremont County", "STUSPS": "IA", "STATE_NAME": "Iowa", "LSAD": "06", "ALAND": 1323918215.0, "AWATER": 14168938.0 }, "geometry": { "type": "MultiPolygon", "coordinates": [ [ [ [ -95.888697, 40.736292 ], [ -95.88669, 40.742101 ], [ -95.883643, 40.747831 ], [ -95.879027, 40.753081 ], [ -95.873335, 40.757616 ], [ -95.869982, 40.759645 ], [ -95.861695, 40.762871 ], [ -95.852776, 40.765631 ], [ -95.84662, 40.768619 ], [ -95.842824, 40.771093 ], [ -95.838879, 40.774545 ], [ -95.836903, 40.776477 ], [ -95.835232, 40.779151 ], [ -95.834156, 40.783016 ], [ -95.834215193693296, 40.783784066396898 ], [ -95.834523, 40.787778 ], [ -95.835815, 40.79063 ], [ -95.843745, 40.803783 ], [ -95.844882332802598, 40.809153461280196 ], [ -95.845342, 40.811324 ], [ -95.8449331493606, 40.814647371626101 ], [ -95.844852, 40.815307 ], [ -95.843921, 40.817686 ], [ -95.838601, 40.826175 ], [ -95.837303, 40.831164 ], [ -95.837186, 40.835347 ], [ -95.841309, 40.845604 ], [ -95.841767682350905, 40.846284676666301 ], [ -95.847084, 40.854174 ], [ -95.84849, 40.858607 ], [ -95.848547455559498, 40.8600169594311 ], [ -95.84859, 40.861061 ], [ -95.847785, 40.864328 ], [ -95.846938, 40.865745 ], [ -95.844073, 40.869248 ], [ -95.842521, 40.870266 ], [ -95.840452790615799, 40.871317585595499 ], [ -95.838735, 40.872191 ], [ -95.824989, 40.875 ], [ -95.81959, 40.877439 ], [ -95.815933, 40.879846 ], [ -95.812083, 40.884239 ], [ -95.810709, 40.886681 ], [ -95.809474, 40.891228 ], [ -95.809775, 40.895447 ], [ -95.810886, 40.897907 ], [ -95.8134577460103, 40.901693097976001 ], [ -95.809312, 40.90157 ], [ -95.770643, 40.901639 ], [ -95.746872, 40.901704 ], [ -95.727859, 40.901651 ], [ -95.704885, 40.90143 ], [ -95.704299, 40.901045 ], [ -95.700025, 40.901564 ], [ -95.685701, 40.901429 ], [ -95.677325, 40.90145 ], [ -95.670626, 40.901458 ], [ -95.661885, 40.90149 ], [ -95.614275, 40.9016 ], [ -95.578244, 40.901612 ], [ -95.575678, 40.901612 ], [ -95.556378, 40.901628 ], [ -95.537307, 40.901658 ], [ -95.52303, 40.901675 ], [ -95.499308, 40.901644 ], [ -95.479935, 40.90161 ], [ -95.460911, 40.901541 ], [ -95.422788, 40.901543 ], [ -95.384964, 40.90155 ], [ -95.384636, 40.872563 ], [ -95.384739, 40.814663 ], [ -95.384748, 40.800729 ], [ -95.38481, 40.785561 ], [ -95.3849, 40.775314 ], [ -95.38504, 40.768165 ], [ -95.38512, 40.758657 ], [ -95.385125, 40.757798 ], [ -95.385193, 40.754431 ], [ -95.385259, 40.749961 ], [ -95.385342, 40.742619 ], [ -95.385483, 40.731825 ], [ -95.385254, 40.728378 ], [ -95.370618, 40.728241 ], [ -95.373885, 40.65537 ], [ -95.373923020130803, 40.580501370976002 ], [ -95.415406, 40.581014 ], [ -95.431075003946901, 40.581166874002101 ], [ -95.455064, 40.581400921670102 ], [ -95.469319, 40.58154 ], [ -95.4881440819169, 40.581724648494898 ], [ -95.499155440647698, 40.581832654974001 ], [ -95.525392, 40.58209 ], [ -95.526682, 40.582136 ], [ -95.533182, 40.582249 ], [ -95.545305943497894, 40.582460557998303 ], [ -95.554959, 40.582629 ], [ -95.574046, 40.582963 ], [ -95.610881032918599, 40.583492299017202 ], [ -95.611069, 40.583495 ], [ -95.638067376445207, 40.584143396223503 ], [ -95.64184, 40.584234 ], [ -95.652198390073195, 40.584267163566302 ], [ -95.687442, 40.58438 ], [ -95.6875, 40.584381 ], [ -95.746443, 40.584935 ], [ -95.765645, 40.585208 ], [ -95.758895, 40.588973 ], [ -95.753148, 40.59284 ], [ -95.750053, 40.597052 ], [ -95.748858, 40.599965 ], [ -95.748626, 40.603355 ], [ -95.749685, 40.606842 ], [ -95.751271, 40.609057 ], [ -95.752917576287501, 40.610199929097099 ], [ -95.758045, 40.613759 ], [ -95.764412, 40.61709 ], [ -95.766823, 40.61878 ], [ -95.768926, 40.621264 ], [ -95.770083, 40.624425 ], [ -95.770316440766294, 40.631486745742599 ], [ -95.770442, 40.635285 ], [ -95.771325, 40.639393 ], [ -95.772832, 40.642496 ], [ -95.774176359584303, 40.6444490371615 ], [ -95.776251, 40.647463 ], [ -95.781909, 40.653272 ], [ -95.786568, 40.657253 ], [ -95.789485, 40.659388 ], [ -95.795489, 40.662384 ], [ -95.804307, 40.664886 ], [ -95.81415, 40.66557 ], [ -95.822913, 40.66724 ], [ -95.830730274610005, 40.670581581115698 ], [ -95.830825565388807, 40.670622314220601 ], [ -95.832177, 40.6712 ], [ -95.835588125278605, 40.673221502706497 ], [ -95.837738793200302, 40.674496032566701 ], [ -95.842801, 40.677496 ], [ -95.844827, 40.679867 ], [ -95.844946254551104, 40.680137521094501 ], [ -95.845102500745796, 40.6804919552958 ], [ -95.846034, 40.682605 ], [ -95.847931, 40.694197 ], [ -95.849225642483503, 40.696892750031502 ], [ -95.849828, 40.698147 ], [ -95.852615, 40.702262 ], [ -95.853081037348304, 40.702661194789101 ], [ -95.859378, 40.708055 ], [ -95.863167228762705, 40.7095651627736 ], [ -95.870481, 40.71248 ], [ -95.87528, 40.71412 ], [ -95.877015, 40.714287 ], [ -95.883178, 40.717579 ], [ -95.885349, 40.721093 ], [ -95.888907, 40.731855 ], [ -95.888697, 40.736292 ] ] ] ] } },
{ "type": "Feature", "properties": { "STATEFP": "19", "COUNTYFP": "115", "COUNTYNS": "00465246", "GEOIDFQ": "0500000US19115", "GEOID": "19115", "NAME": "Louisa", "NAMELSAD": "Louisa County", "STUSPS": "IA", "STATE_NAME": "Iowa", "LSAD": "06", "ALAND": 1040596799.0, "AWATER": 40784321.0 }, "geometry": { "type": "MultiPolygon", "coordinates": [ [ [ [ -91.48582, 41.220666 ], [ -91.48537, 41.249646 ], [ -91.485355, 41.251462 ], [ -91.485333, 41.25356 ], [ -91.485313, 41.256834 ], [ -91.485091, 41.281017 ], [ -91.484913, 41.293239 ], [ -91.484763, 41.307785 ], [ -91.484672, 41.336842 ], [ -91.484005, 41.418638 ], [ -91.483995, 41.423848 ], [ -91.477215, 41.423865 ], [ -91.475846, 41.424144 ], [ -91.463259, 41.424217 ], [ -91.461847, 41.424226 ], [ -91.453829, 41.42396 ], [ -91.442387, 41.423579 ], [ -91.412182, 41.423606 ], [ -91.391574, 41.423626 ], [ -91.386, 41.423267 ], [ -91.368521, 41.423178 ], [ -91.368693, 41.401621 ], [ -91.369332, 41.336063 ], [ -91.351403, 41.336078 ], [ -91.337877, 41.335874 ], [ -91.326353, 41.335717 ], [ -91.262002, 41.335588 ], [ -91.253807, 41.335546 ], [ -91.24392, 41.3354 ], [ -91.229938, 41.335171 ], [ -91.151787, 41.334447 ], [ -91.138563, 41.334425 ], [ -91.119686, 41.334242 ], [ -91.085944, 41.333855 ], [ -91.071940564762002, 41.333592302215301 ], [ -91.071955524145096, 41.333359047967598 ], [ -91.073233, 41.31344 ], [ -91.074841, 41.305578 ], [ -91.077505, 41.301828 ], [ -91.08688, 41.294371 ], [ -91.092034, 41.286911 ], [ -91.101142, 41.267169 ], [ -91.104462, 41.262104 ], [ -91.110304, 41.256088 ], [ -91.114186, 41.250029 ], [ -91.113918783051602, 41.245743595110802 ], [ -91.113648, 41.241401 ], [ -91.112333, 41.239003 ], [ -91.110401158097005, 41.237304708092502 ], [ -91.109562, 41.236567 ], [ -91.100829, 41.230532 ], [ -91.093018, 41.222635 ], [ -91.081445, 41.214429 ], [ -91.07298, 41.207151 ], [ -91.065899, 41.199517 ], [ -91.060246587773406, 41.192340054429501 ], [ -91.057837618342205, 41.189281352800002 ], [ -91.055069, 41.185766 ], [ -91.041536, 41.166138 ], [ -91.030029, 41.16354 ], [ -91.027214, 41.163373 ], [ -91.014446081744794, 41.165593469648101 ], [ -91.012557, 41.165922 ], [ -91.009628072926503, 41.166075781928399 ], [ -91.007586, 41.166183 ], [ -90.997906, 41.162564 ], [ -90.99496, 41.160624 ], [ -90.992592423621602, 41.158430293210301 ], [ -90.989663, 41.155716 ], [ -90.984599242790594, 41.147799635311003 ], [ -90.981311, 41.142659 ], [ -90.970851, 41.130107 ], [ -90.965905, 41.119559 ], [ -90.960906462703207, 41.1146672567209 ], [ -90.957246, 41.111085 ], [ -90.951019805014596, 41.102610831422503 ], [ -90.946627, 41.096632 ], [ -90.946259, 41.094734 ], [ -90.948058263261004, 41.085201045114502 ], [ -90.948207, 41.084413 ], [ -90.949383, 41.072711 ], [ -91.035405, 41.072945 ], [ -91.102801, 41.073024 ], [ -91.114077, 41.073037 ], [ -91.121241, 41.073016 ], [ -91.171625, 41.073073 ], [ -91.183114, 41.073187 ], [ -91.188404, 41.073219 ], [ -91.217764, 41.073624 ], [ -91.255528, 41.074147 ], [ -91.266313, 41.073955 ], [ -91.269847, 41.074106 ], [ -91.294344, 41.074146 ], [ -91.308364, 41.074168 ], [ -91.327611, 41.074125 ], [ -91.333251, 41.07412 ], [ -91.37071, 41.074112 ], [ -91.370459, 41.132202 ], [ -91.370298, 41.161247 ], [ -91.485717, 41.162405 ], [ -91.485936, 41.206031 ], [ -91.48582, 41.220666 ] ] ] ] } },
{ "type": "Feature", "properties": { "STATEFP": "19", "COUNTYFP": "019", "COUNTYNS": "00465199", "GEOIDFQ": "0500000US19019", "GEOID": "19019", "NAME": "Buchanan", "NAMELSAD": "Buchanan County", "STUSPS": "IA", "STATE_NAME": "Iowa", "LSAD": "06", "ALAND": 1479086684.0, "AWATER": 5223044.0 }, "geometry": { "type": "MultiPolygon", "coordinates": [ [ [ [ -92.08238, 42.554918 ], [ -92.082362, 42.565887 ], [ -92.082043, 42.569408 ], [ -92.081661, 42.642056 ], [ -92.057875, 42.642119 ], [ -92.05037, 42.642109 ], [ -92.04017, 42.642133 ], [ -92.036448, 42.642142 ], [ -91.988277, 42.64221 ], [ -91.973494, 42.642195 ], [ -91.97018, 42.642191 ], [ -91.963727, 42.642181 ], [ -91.943182, 42.641934 ], [ -91.923303, 42.641833 ], [ -91.915857, 42.642033 ], [ -91.903732, 42.642376 ], [ -91.893265, 42.642829 ], [ -91.87703, 42.64305 ], [ -91.845046, 42.643626 ], [ -91.824299, 42.643625 ], [ -91.819448, 42.643622 ], [ -91.818613, 42.643622 ], [ -91.814544, 42.643621 ], [ -91.812581, 42.643619 ], [ -91.80473, 42.643583 ], [ -91.755461, 42.643289 ], [ -91.726064, 42.643089 ], [ -91.705591, 42.643232 ], [ -91.690938, 42.643341 ], [ -91.684564, 42.643391 ], [ -91.607059, 42.643973 ], [ -91.609048, 42.556445 ], [ -91.608969, 42.549342 ], [ -91.608913, 42.545682 ], [ -91.608745, 42.523813 ], [ -91.608713, 42.520289 ], [ -91.608711, 42.518442 ], [ -91.608561, 42.49842 ], [ -91.608508, 42.469275 ], [ -91.597397, 42.469242 ], [ -91.597419, 42.464328 ], [ -91.597842, 42.383988 ], [ -91.597829, 42.376532 ], [ -91.597552, 42.354709 ], [ -91.596981, 42.296408 ], [ -91.714438, 42.296544 ], [ -91.831089, 42.299063 ], [ -91.870011, 42.298468 ], [ -91.889526, 42.298211 ], [ -91.909134, 42.297933 ], [ -91.948106, 42.29749 ], [ -91.959187, 42.297533 ], [ -91.965073, 42.297282 ], [ -91.991527, 42.297647 ], [ -91.996838, 42.297574 ], [ -91.996925, 42.297574 ], [ -92.05062, 42.297229 ], [ -92.062503, 42.297253 ], [ -92.064766, 42.297259 ], [ -92.064775, 42.297797 ], [ -92.064744, 42.299116 ], [ -92.064715, 42.34802 ], [ -92.064715, 42.348087 ], [ -92.064692, 42.367502 ], [ -92.064467, 42.370928 ], [ -92.06478, 42.374985 ], [ -92.064692, 42.384616 ], [ -92.064192, 42.464148 ], [ -92.064187, 42.468221 ], [ -92.073971, 42.468205 ], [ -92.081446, 42.468192 ], [ -92.08171, 42.482758 ], [ -92.082079, 42.522865 ], [ -92.082416, 42.526312 ], [ -92.08238, 42.554918 ] ] ] ] } },
{ "type": "Feature", "properties": { "STATEFP": "19", "COUNTYFP": "181", "COUNTYNS": "00465279", "GEOIDFQ": "0500000US19181", "GEOID": "19181", "NAME": "Warren", "NAMELSAD": "Warren County", "STUSPS": "IA", "STATE_NAME": "Iowa", "LSAD": "06", "ALAND": 1475406267.0, "AWATER": 8647198.0 }, "geometry": { "type": "MultiPolygon", "coordinates": [ [ [ [ -93.790646, 41.465017 ], [ -93.790608, 41.479458 ], [ -93.790594, 41.486724 ], [ -93.790587, 41.490378 ], [ -93.7906, 41.494144 ], [ -93.790605, 41.4976 ], [ -93.7906, 41.501265 ], [ -93.790617, 41.504858 ], [ -93.790612, 41.511916 ], [ -93.782477, 41.511946 ], [ -93.780766, 41.511953 ], [ -93.77953, 41.511957 ], [ -93.770497, 41.511989 ], [ -93.765684, 41.511995 ], [ -93.741585, 41.512004 ], [ -93.731959, 41.512087 ], [ -93.707322, 41.512073 ], [ -93.698102, 41.511979 ], [ -93.674276, 41.512065 ], [ -93.658892, 41.512062 ], [ -93.654612, 41.512057 ], [ -93.644926, 41.512094 ], [ -93.635167, 41.512074 ], [ -93.625636, 41.512053 ], [ -93.61599, 41.511967 ], [ -93.606376, 41.511907 ], [ -93.596699, 41.511838 ], [ -93.580418, 41.511702 ], [ -93.577338, 41.511646 ], [ -93.558207, 41.511481 ], [ -93.548909, 41.511315 ], [ -93.548242, 41.511309 ], [ -93.544134, 41.511161 ], [ -93.534805, 41.51081 ], [ -93.519171, 41.510143 ], [ -93.518572, 41.510121 ], [ -93.510342, 41.509821 ], [ -93.493147, 41.509193 ], [ -93.489843, 41.509095 ], [ -93.481456, 41.508859 ], [ -93.471796, 41.508579 ], [ -93.462187, 41.508075 ], [ -93.442911, 41.507631 ], [ -93.441286, 41.507589 ], [ -93.442302, 41.506138 ], [ -93.442061, 41.504573 ], [ -93.440234, 41.502555 ], [ -93.436704, 41.502284 ], [ -93.431182, 41.504908 ], [ -93.427682, 41.505051 ], [ -93.426108, 41.505837 ], [ -93.424882, 41.507486 ], [ -93.413841, 41.507415 ], [ -93.413352, 41.504122 ], [ -93.41539, 41.500309 ], [ -93.418757, 41.498053 ], [ -93.421233, 41.496883 ], [ -93.422577, 41.494991 ], [ -93.420625, 41.492526 ], [ -93.418312, 41.491987 ], [ -93.414265, 41.49236 ], [ -93.411512, 41.49351 ], [ -93.409781, 41.495013 ], [ -93.407519, 41.499007 ], [ -93.404452, 41.501607 ], [ -93.403112, 41.502048 ], [ -93.400135, 41.502009 ], [ -93.397202, 41.499852 ], [ -93.396508, 41.498104 ], [ -93.396627, 41.496304 ], [ -93.397596, 41.493828 ], [ -93.39887, 41.492564 ], [ -93.403574, 41.491048 ], [ -93.405457, 41.489767 ], [ -93.405902, 41.488443 ], [ -93.40467, 41.486741 ], [ -93.399513, 41.486152 ], [ -93.397169, 41.486365 ], [ -93.392376, 41.488387 ], [ -93.39019, 41.490236 ], [ -93.389341, 41.492236 ], [ -93.387833, 41.493775 ], [ -93.383813, 41.494799 ], [ -93.379313, 41.494652 ], [ -93.374811, 41.493286 ], [ -93.373305, 41.490649 ], [ -93.373039, 41.486763 ], [ -93.372034, 41.486072 ], [ -93.36349, 41.486578 ], [ -93.359918, 41.487802 ], [ -93.358358, 41.48976 ], [ -93.358048, 41.493023 ], [ -93.359075, 41.496337 ], [ -93.357252, 41.498023 ], [ -93.356036, 41.498158 ], [ -93.352531, 41.496889 ], [ -93.351726, 41.493408 ], [ -93.348217, 41.486681 ], [ -93.347932, 41.484297 ], [ -93.346863, 41.482827 ], [ -93.343814, 41.481838 ], [ -93.340787, 41.481998 ], [ -93.339335, 41.482724 ], [ -93.335062, 41.487402 ], [ -93.329567, 41.489953 ], [ -93.328407, 41.490794 ], [ -93.328539, 41.47934 ], [ -93.328236, 41.436341 ], [ -93.328208, 41.421691 ], [ -93.328128, 41.382384 ], [ -93.328361, 41.381767 ], [ -93.328294, 41.371088 ], [ -93.328362, 41.334871 ], [ -93.328363, 41.327768 ], [ -93.328281, 41.280725 ], [ -93.328336, 41.24798 ], [ -93.328101, 41.233229 ], [ -93.327886, 41.160659 ], [ -93.338808, 41.160583 ], [ -93.340339, 41.160578 ], [ -93.422625, 41.160617 ], [ -93.423328, 41.160629 ], [ -93.441764, 41.160537 ], [ -93.451597, 41.160554 ], [ -93.461259, 41.160582 ], [ -93.466292, 41.160665 ], [ -93.540239, 41.161192 ], [ -93.541833, 41.161311 ], [ -93.543434, 41.161218 ], [ -93.557556, 41.161271 ], [ -93.596389, 41.161547 ], [ -93.673283, 41.161785 ], [ -93.678132, 41.161788 ], [ -93.680236, 41.161706 ], [ -93.784202, 41.162082 ], [ -93.789196, 41.162035 ], [ -93.789443, 41.224134 ], [ -93.789197, 41.227656 ], [ -93.789489, 41.249452 ], [ -93.789577, 41.256892 ], [ -93.789705, 41.281382 ], [ -93.789565, 41.282561 ], [ -93.789682, 41.28322 ], [ -93.790129, 41.337234 ], [ -93.790039, 41.340924 ], [ -93.790069, 41.342687 ], [ -93.790116, 41.347255 ], [ -93.790279, 41.355444 ], [ -93.790281, 41.355483 ], [ -93.790399, 41.360388 ], [ -93.790427, 41.362749 ], [ -93.79051, 41.366519 ], [ -93.790563, 41.425178 ], [ -93.790572, 41.429009 ], [ -93.790647, 41.454225 ], [ -93.790646, 41.465017 ] ] ] ] } },
{ "type": "Feature", "properties": { "STATEFP": "19", "COUNTYFP": "103", "COUNTYNS": "00465240", "GEOIDFQ": "0500000US19103", "GEOID": "19103", "NAME": "Johnson", "NAMELSAD": "Johnson County", "STUSPS": "IA", "STATE_NAME": "Iowa", "LSAD": "06", "ALAND": 1587655795.0, "AWATER": 26070847.0 }, "geometry": { "type": "MultiPolygon", "coordinates": [ [ [ [ -91.83415, 41.687388 ], [ -91.834161, 41.687916 ], [ -91.833948, 41.693956 ], [ -91.832033, 41.757425 ], [ -91.831812, 41.774341 ], [ -91.831589, 41.784548 ], [ -91.83079, 41.803803 ], [ -91.831183, 41.81635 ], [ -91.831243, 41.825491 ], [ -91.831379, 41.861851 ], [ -91.714518, 41.862035 ], [ -91.699908, 41.861935 ], [ -91.676719, 41.861705 ], [ -91.669465, 41.861585 ], [ -91.669078, 41.861579 ], [ -91.665836, 41.86153 ], [ -91.66486, 41.861569 ], [ -91.656074, 41.861415 ], [ -91.636318, 41.861221 ], [ -91.597895, 41.860726 ], [ -91.579997, 41.86053 ], [ -91.575074, 41.860487 ], [ -91.559596, 41.860366 ], [ -91.55924, 41.860361 ], [ -91.525228, 41.860112 ], [ -91.493335, 41.859851 ], [ -91.481936, 41.859762 ], [ -91.444102, 41.859606 ], [ -91.42453, 41.85962 ], [ -91.413145, 41.859688 ], [ -91.412642, 41.859693 ], [ -91.366221, 41.860069 ], [ -91.366079, 41.860068 ], [ -91.366046, 41.818502 ], [ -91.366045, 41.816539 ], [ -91.366019, 41.783714 ], [ -91.365989, 41.772922 ], [ -91.366067, 41.729196 ], [ -91.366072, 41.685579 ], [ -91.366268, 41.68188 ], [ -91.366276, 41.680926 ], [ -91.366285, 41.678326 ], [ -91.366296, 41.66735 ], [ -91.36632, 41.666207 ], [ -91.366395, 41.656457 ], [ -91.366425, 41.616781 ], [ -91.366448, 41.598373 ], [ -91.366725, 41.568472 ], [ -91.366805, 41.56121 ], [ -91.36768, 41.510328 ], [ -91.368045, 41.455377 ], [ -91.368092, 41.455163 ], [ -91.368521, 41.423178 ], [ -91.386, 41.423267 ], [ -91.391574, 41.423626 ], [ -91.412182, 41.423606 ], [ -91.442387, 41.423579 ], [ -91.453829, 41.42396 ], [ -91.461847, 41.424226 ], [ -91.463259, 41.424217 ], [ -91.475846, 41.424144 ], [ -91.477215, 41.423865 ], [ -91.483995, 41.423848 ], [ -91.483863, 41.428194 ], [ -91.485834, 41.429978 ], [ -91.487232, 41.433868 ], [ -91.490711, 41.440427 ], [ -91.491968, 41.441447 ], [ -91.500698, 41.446675 ], [ -91.50282, 41.449359 ], [ -91.502475, 41.450902 ], [ -91.498646, 41.453442 ], [ -91.499671, 41.45528 ], [ -91.498519, 41.458251 ], [ -91.498773, 41.459213 ], [ -91.505209, 41.461495 ], [ -91.510187, 41.465167 ], [ -91.514571, 41.466935 ], [ -91.515868, 41.467915 ], [ -91.516012, 41.469189 ], [ -91.514497, 41.471001 ], [ -91.514115, 41.474182 ], [ -91.51338, 41.475955 ], [ -91.511362, 41.477 ], [ -91.508678, 41.477 ], [ -91.505669, 41.476009 ], [ -91.503093, 41.476387 ], [ -91.502103, 41.47745 ], [ -91.501777, 41.4822 ], [ -91.502567, 41.485173 ], [ -91.501374, 41.487733 ], [ -91.503379, 41.491477 ], [ -91.503745, 41.493362 ], [ -91.506567, 41.492737 ], [ -91.509203, 41.493247 ], [ -91.510674, 41.494689 ], [ -91.510788, 41.497374 ], [ -91.508167, 41.498366 ], [ -91.506494, 41.500751 ], [ -91.508094, 41.502831 ], [ -91.510072, 41.502671 ], [ -91.511406, 41.501606 ], [ -91.513001, 41.498387 ], [ -91.514889, 41.497078 ], [ -91.516764, 41.496829 ], [ -91.518579, 41.497273 ], [ -91.519684, 41.49833 ], [ -91.51989, 41.499712 ], [ -91.518988, 41.502584 ], [ -91.527121, 41.50689 ], [ -91.528094, 41.508609 ], [ -91.526116, 41.509974 ], [ -91.519828, 41.51101 ], [ -91.598829, 41.510891 ], [ -91.608665, 41.510873 ], [ -91.63752, 41.510719 ], [ -91.704621, 41.5112 ], [ -91.713786, 41.511317 ], [ -91.767056, 41.511687 ], [ -91.771823, 41.511706 ], [ -91.829231, 41.511457 ], [ -91.828651, 41.54052 ], [ -91.828049, 41.558607 ], [ -91.827843, 41.565925 ], [ -91.82706, 41.600452 ], [ -91.830318, 41.60048 ], [ -91.833078, 41.600414 ], [ -91.833214, 41.606061 ], [ -91.832949, 41.607722 ], [ -91.83297, 41.622269 ], [ -91.833051, 41.629476 ], [ -91.833821, 41.672782 ], [ -91.833848, 41.673137 ], [ -91.833929, 41.676507 ], [ -91.834002, 41.679993 ], [ -91.834185, 41.686702 ], [ -91.83415, 41.687388 ] ] ] ] } },
{ "type": "Feature", "properties": { "STATEFP": "19", "COUNTYFP": "137", "COUNTYNS": "00465257", "GEOIDFQ": "0500000US19137", "GEOID": "19137", "NAME": "Montgomery", "NAMELSAD": "Montgomery County", "STUSPS": "IA", "STATE_NAME": "Iowa", "LSAD": "06", "ALAND": 1098405769.0, "AWATER": 2410446.0 }, "geometry": { "type": "MultiPolygon", "coordinates": [ [ [ [ -95.384743, 40.908746 ], [ -95.384737, 40.91599 ], [ -95.384758, 40.948594 ], [ -95.384714, 40.96306 ], [ -95.384725, 40.970248 ], [ -95.384747, 40.981114 ], [ -95.384746, 40.987448 ], [ -95.384422, 41.012393 ], [ -95.384712, 41.028905 ], [ -95.384535, 41.030599 ], [ -95.384718, 41.073254 ], [ -95.384717, 41.073394 ], [ -95.384606, 41.087922 ], [ -95.384381, 41.129972 ], [ -95.38417, 41.131486 ], [ -95.384374, 41.145998 ], [ -95.384336, 41.14963 ], [ -95.384349, 41.160011 ], [ -95.341987, 41.159913 ], [ -95.327587, 41.15986 ], [ -95.318007, 41.159803 ], [ -95.308408, 41.159741 ], [ -95.279573, 41.159558 ], [ -95.269977, 41.159495 ], [ -95.155851, 41.159236 ], [ -95.155072, 41.159145 ], [ -95.060682, 41.158808 ], [ -95.041485, 41.158725 ], [ -95.030134, 41.158479 ], [ -95.029403, 41.158641 ], [ -94.927587, 41.158508 ], [ -94.927609, 41.151719 ], [ -94.927632, 41.144596 ], [ -94.927632, 41.144396 ], [ -94.927584, 41.101474 ], [ -94.927464, 41.099516 ], [ -94.927684, 41.072318 ], [ -94.927683, 41.066023 ], [ -94.92784, 41.029968 ], [ -94.927864, 41.00849 ], [ -94.927733, 41.005595 ], [ -94.928179, 40.988401 ], [ -94.928041, 40.98621 ], [ -94.928056, 40.980222 ], [ -94.928604, 40.90177 ], [ -94.928459, 40.900653 ], [ -95.012083, 40.900759 ], [ -95.01259, 40.900655 ], [ -95.04227, 40.900714 ], [ -95.061284, 40.900876 ], [ -95.08034, 40.900871 ], [ -95.099395, 40.900916 ], [ -95.146669, 40.901038 ], [ -95.156199, 40.901035 ], [ -95.165776, 40.901072 ], [ -95.170512, 40.901077 ], [ -95.175229, 40.901091 ], [ -95.222584, 40.901193 ], [ -95.232301, 40.901262 ], [ -95.27024, 40.901407 ], [ -95.279987, 40.901444 ], [ -95.289436, 40.901482 ], [ -95.298947, 40.901518 ], [ -95.300521, 40.901368 ], [ -95.308477, 40.901351 ], [ -95.326382, 40.901318 ], [ -95.327536, 40.901316 ], [ -95.384964, 40.90155 ], [ -95.384743, 40.908746 ] ] ] ] } }
]
}
