{
"type": "FeatureCollection",
"name": "MD_counties_2023",
"crs": { "type": "name", "properties": { "name": "urn:ogc:def:crs:EPSG::4269" } },
"features": [
{ "type": "Feature", "properties": { "STATEFP": "24", "COUNTYFP": "005", "COUNTYNS": "01695314", "GEOIDFQ": "0500000US24005", "GEOID": "24005", "NAME": "Baltimore", "NAMELSAD": "Baltimore County", "STUSPS": "MD", "STATE_NAME": "Maryland", "LSAD": "06", "ALAND": 1549740650.0, "AWATER": 215957832.0 }, "geometry": { "type": "MultiPolygon", "coordinates": [ [ [ [ -76.325704, 39.313973 ], [ -76.324518, 39.3138 ], [ -76.32296, 39.313367 ], [ -76.321427, 39.312851 ], [ -76.321673, 39.312576 ], [ -76.322916, 39.312667 ], [ -76.323651, 39.312685 ], [ -76.324066, 39.312627 ], [ -76.3248, 39.312843 ], [ -76.325118, 39.313172 ], [ -76.325756, 39.313489 ], [ -76.325704, 39.313973 ] ] ], [ [ [ -76.385474, 39.247556 ], [ -76.378836, 39.249033 ], [ -76.356853, 39.260953 ], [ -76.353356, 39.261005 ], [ -76.343826, 39.257256 ], [ -76.347967, 39.250108 ], [ -76.349994, 39.248822 ], [ -76.371477, 39.237951 ], [ -76.375425, 39.237855 ], [ -76.381163, 39.239628 ], [ -76.384697, 39.242241 ], [ -76.385474, 39.247556 ] ] ], [ [ [ -76.395274, 39.233302 ], [ -76.394417, 39.233973 ], [ -76.391415, 39.234818 ], [ -76.390334, 39.234736 ], [ -76.390632, 39.233715 ], [ -76.393434, 39.231862 ], [ -76.39551, 39.232165 ], [ -76.395274, 39.233302 ] ] ], [ [ [ -76.89556, 39.429487 ], [ -76.894969, 39.430748 ], [ -76.893228, 39.431015 ], [ -76.89468, 39.431816 ], [ -76.895059, 39.433057 ], [ -76.894494, 39.434537 ], [ -76.891899, 39.433751 ], [ -76.891141, 39.435041 ], [ -76.892451, 39.438083 ], [ -76.8943, 39.439802 ], [ -76.891, 39.439302 ], [ -76.8873, 39.440502 ], [ -76.8885, 39.443002 ], [ -76.8918, 39.444402 ], [ -76.8918, 39.445402 ], [ -76.8885, 39.446102 ], [ -76.8871, 39.445202 ], [ -76.8823, 39.444202 ], [ -76.8818, 39.445902 ], [ -76.877949, 39.448958 ], [ -76.876399, 39.450802 ], [ -76.877099, 39.452802 ], [ -76.879399, 39.452902 ], [ -76.883899, 39.450602 ], [ -76.886499, 39.451402 ], [ -76.887599, 39.452502 ], [ -76.893, 39.455302 ], [ -76.8931, 39.457402 ], [ -76.8857, 39.456402 ], [ -76.8879, 39.459002 ], [ -76.892, 39.461802 ], [ -76.88691, 39.463242 ], [ -76.8845, 39.466902 ], [ -76.887805, 39.467067 ], [ -76.888572, 39.468523 ], [ -76.884034, 39.470026 ], [ -76.883, 39.472102 ], [ -76.883294, 39.474751 ], [ -76.88176, 39.477227 ], [ -76.88074, 39.476515 ], [ -76.876901, 39.476665 ], [ -76.875443, 39.47895 ], [ -76.877338, 39.480857 ], [ -76.876612, 39.482977 ], [ -76.874798, 39.481995 ], [ -76.869309, 39.482459 ], [ -76.866966, 39.484912 ], [ -76.866532, 39.487617 ], [ -76.868553, 39.48904 ], [ -76.868686, 39.489462 ], [ -76.868387, 39.494074 ], [ -76.8667, 39.500902 ], [ -76.863362, 39.510806 ], [ -76.862695, 39.513315 ], [ -76.857531, 39.529001 ], [ -76.856998, 39.530565 ], [ -76.8567, 39.531602 ], [ -76.840603, 39.575598 ], [ -76.836655, 39.587446 ], [ -76.834181, 39.593089 ], [ -76.833665, 39.594755 ], [ -76.831244, 39.60218 ], [ -76.824158, 39.622031 ], [ -76.806834, 39.669389 ], [ -76.804304, 39.675882 ], [ -76.803397, 39.678002 ], [ -76.798597, 39.690802 ], [ -76.797297, 39.693502 ], [ -76.794997, 39.700302 ], [ -76.79216, 39.707183 ], [ -76.789948, 39.713819 ], [ -76.787097, 39.720802 ], [ -76.764652594128705, 39.720896482275798 ], [ -76.757794309284705, 39.720925353004802 ], [ -76.715594, 39.721103 ], [ -76.711894, 39.721103 ], [ -76.702689510155196, 39.7211094590645 ], [ -76.697658017536099, 39.721112989812603 ], [ -76.685440969535406, 39.7211215628788 ], [ -76.657893853894805, 39.721140893509798 ], [ -76.654989492224601, 39.721142931586797 ], [ -76.654963025227303, 39.721142950159503 ], [ -76.609424914322702, 39.721174905607299 ], [ -76.569449017513705, 39.721202957883897 ], [ -76.568193, 39.692465 ], [ -76.567891, 39.685179 ], [ -76.567389, 39.684302 ], [ -76.566708, 39.662764 ], [ -76.566095, 39.636221 ], [ -76.565792, 39.625537 ], [ -76.565189, 39.614504 ], [ -76.564309, 39.612326 ], [ -76.564143, 39.610414 ], [ -76.561987, 39.607959 ], [ -76.562904, 39.606239 ], [ -76.561587, 39.601565 ], [ -76.559464, 39.59766 ], [ -76.560067, 39.596056 ], [ -76.557396, 39.594749 ], [ -76.556032, 39.593851 ], [ -76.555586, 39.592346 ], [ -76.553249, 39.589434 ], [ -76.551194, 39.589363 ], [ -76.547825, 39.588219 ], [ -76.544735, 39.581601 ], [ -76.544916, 39.580231 ], [ -76.543515, 39.578635 ], [ -76.544259, 39.575866 ], [ -76.543857, 39.575028 ], [ -76.541256, 39.575018 ], [ -76.540197, 39.570849 ], [ -76.540406, 39.569087 ], [ -76.538551, 39.566305 ], [ -76.536845, 39.565458 ], [ -76.536098, 39.561822 ], [ -76.534649, 39.560958 ], [ -76.532281, 39.561559 ], [ -76.53178, 39.558003 ], [ -76.532041, 39.556808 ], [ -76.531058, 39.555399 ], [ -76.534063, 39.554618 ], [ -76.534826, 39.553249 ], [ -76.534116, 39.551334 ], [ -76.532078, 39.551321 ], [ -76.532514, 39.546184 ], [ -76.532174, 39.543977 ], [ -76.531012, 39.54378 ], [ -76.528014, 39.54356 ], [ -76.525913, 39.539957 ], [ -76.522047, 39.538881 ], [ -76.522533, 39.536724 ], [ -76.519032, 39.536711 ], [ -76.517849, 39.532521 ], [ -76.516072, 39.531985 ], [ -76.516535, 39.529178 ], [ -76.512557, 39.529047 ], [ -76.510605, 39.524592 ], [ -76.508517, 39.523787 ], [ -76.504979, 39.525055 ], [ -76.500867, 39.524452 ], [ -76.499003, 39.523504 ], [ -76.497545, 39.524612 ], [ -76.496456, 39.525986 ], [ -76.494569, 39.52655 ], [ -76.49439, 39.52562 ], [ -76.491925, 39.524262 ], [ -76.489397, 39.524073 ], [ -76.485175, 39.521672 ], [ -76.483591, 39.519492 ], [ -76.481584, 39.519596 ], [ -76.478732, 39.518606 ], [ -76.477388, 39.516849 ], [ -76.478203, 39.515218 ], [ -76.477729, 39.514649 ], [ -76.475772, 39.5154 ], [ -76.474798, 39.517344 ], [ -76.472939, 39.517128 ], [ -76.470642, 39.51585 ], [ -76.469443, 39.513912 ], [ -76.465496, 39.512858 ], [ -76.463251, 39.512511 ], [ -76.460211, 39.510648 ], [ -76.460219, 39.507648 ], [ -76.459294, 39.507195 ], [ -76.456428, 39.508158 ], [ -76.453567, 39.506874 ], [ -76.44797, 39.508458 ], [ -76.44609, 39.5073 ], [ -76.440136, 39.502955 ], [ -76.43698, 39.501964 ], [ -76.435764, 39.503965 ], [ -76.432214, 39.506616 ], [ -76.429339, 39.504299 ], [ -76.427918, 39.50172 ], [ -76.429957, 39.498976 ], [ -76.42864, 39.497637 ], [ -76.430081, 39.496981 ], [ -76.430745, 39.495206 ], [ -76.432139, 39.494125 ], [ -76.431831, 39.492618 ], [ -76.433615, 39.492319 ], [ -76.433114, 39.488268 ], [ -76.432173, 39.487867 ], [ -76.429236, 39.488295 ], [ -76.427706, 39.486684 ], [ -76.425611, 39.483168 ], [ -76.4248, 39.481149 ], [ -76.422877, 39.480887 ], [ -76.420896, 39.478414 ], [ -76.418243, 39.478722 ], [ -76.416535, 39.478205 ], [ -76.411192, 39.478529 ], [ -76.410005, 39.477084 ], [ -76.408504, 39.476454 ], [ -76.408101, 39.472627 ], [ -76.40666, 39.471895 ], [ -76.405006, 39.474028 ], [ -76.401823, 39.472742 ], [ -76.400317, 39.46907 ], [ -76.399311, 39.468529 ], [ -76.395538, 39.468301 ], [ -76.392752, 39.465983 ], [ -76.391688, 39.464532 ], [ -76.391776, 39.462467 ], [ -76.390274, 39.459707 ], [ -76.386697, 39.459705 ], [ -76.386159, 39.458486 ], [ -76.386539, 39.455469 ], [ -76.388757, 39.453768 ], [ -76.386882, 39.451781 ], [ -76.383075, 39.450385 ], [ -76.381182, 39.448399 ], [ -76.380947, 39.447198 ], [ -76.378946, 39.445427 ], [ -76.379951, 39.443268 ], [ -76.379265, 39.440454 ], [ -76.37958, 39.438234 ], [ -76.377637, 39.436174 ], [ -76.378273, 39.432657 ], [ -76.380977, 39.4295 ], [ -76.38032, 39.424817 ], [ -76.376992, 39.423984 ], [ -76.373493, 39.421418 ], [ -76.373012, 39.421213 ], [ -76.370942, 39.416774 ], [ -76.37025, 39.41529 ], [ -76.370198, 39.413411 ], [ -76.371654, 39.411733 ], [ -76.371091, 39.410304 ], [ -76.372115, 39.4067 ], [ -76.371941, 39.405102 ], [ -76.366332, 39.404209 ], [ -76.365221, 39.401814 ], [ -76.361055, 39.400255 ], [ -76.360458, 39.395553 ], [ -76.359269, 39.394046 ], [ -76.358781, 39.390305 ], [ -76.357558138682094, 39.389692766969098 ], [ -76.357243, 39.387926 ], [ -76.357245830473403, 39.387871364728497 ], [ -76.357362, 39.385629 ], [ -76.359263, 39.381404 ], [ -76.356173, 39.380302 ], [ -76.353796976765196, 39.380389612880798 ], [ -76.353678, 39.380394 ], [ -76.352371, 39.377546 ], [ -76.352302203079603, 39.377473242229399 ], [ -76.350113, 39.375158 ], [ -76.347982, 39.374997 ], [ -76.343933, 39.375617 ], [ -76.343725531745406, 39.3754744201336 ], [ -76.341794, 39.374147 ], [ -76.339179, 39.374331 ], [ -76.337753, 39.37332 ], [ -76.339417, 39.371575 ], [ -76.340011, 39.368635 ], [ -76.338823, 39.366062 ], [ -76.339417, 39.362204 ], [ -76.340962, 39.359906 ], [ -76.345503, 39.358303 ], [ -76.337316, 39.346348 ], [ -76.335563, 39.342279 ], [ -76.334243, 39.339708 ], [ -76.331608, 39.337106 ], [ -76.330614, 39.335424 ], [ -76.333924, 39.333935 ], [ -76.336921, 39.33877 ], [ -76.339655, 39.339781 ], [ -76.345003, 39.340332 ], [ -76.347142, 39.340149 ], [ -76.3494, 39.339229 ], [ -76.349346325811197, 39.336907478574297 ], [ -76.349281, 39.334082 ], [ -76.350826, 39.332887 ], [ -76.350945, 39.331141 ], [ -76.352608, 39.329394 ], [ -76.351776, 39.326453 ], [ -76.349162, 39.326361 ], [ -76.345359, 39.328015 ], [ -76.34215, 39.325901 ], [ -76.338917, 39.325751 ], [ -76.333387, 39.324075 ], [ -76.334257, 39.322327 ], [ -76.333951, 39.320145 ], [ -76.331625, 39.317303 ], [ -76.329184, 39.315036 ], [ -76.332643, 39.315144 ], [ -76.33609, 39.314409 ], [ -76.338704, 39.312754 ], [ -76.340011, 39.311283 ], [ -76.339655, 39.308892 ], [ -76.338347, 39.306501 ], [ -76.336582, 39.305111 ], [ -76.338257, 39.304417 ], [ -76.340044, 39.304533 ], [ -76.344052, 39.310823 ], [ -76.346191, 39.313581 ], [ -76.347288, 39.314099 ], [ -76.347142, 39.316616 ], [ -76.348211, 39.317627 ], [ -76.350113, 39.316983 ], [ -76.351063, 39.31588 ], [ -76.350945, 39.313398 ], [ -76.35142, 39.312018 ], [ -76.353523, 39.310407 ], [ -76.355495, 39.312155 ], [ -76.354985, 39.313214 ], [ -76.355698, 39.31588 ], [ -76.359501, 39.317627 ], [ -76.360808, 39.31965 ], [ -76.362429858847904, 39.3203761732929 ], [ -76.365324, 39.321672 ], [ -76.368176, 39.321764 ], [ -76.37091, 39.320661 ], [ -76.370329867404195, 39.319881494997503 ], [ -76.368652, 39.317627 ], [ -76.366275, 39.315788 ], [ -76.36439, 39.31184 ], [ -76.367408, 39.307954 ], [ -76.371079, 39.304157 ], [ -76.374947, 39.301255 ], [ -76.377939, 39.299778 ], [ -76.380179, 39.298593 ], [ -76.383269, 39.298317 ], [ -76.384576, 39.299972 ], [ -76.384933, 39.301903 ], [ -76.383388, 39.303467 ], [ -76.381486, 39.305858 ], [ -76.383863, 39.308432 ], [ -76.388498, 39.308248 ], [ -76.389364593944904, 39.308194621779897 ], [ -76.391469, 39.308065 ], [ -76.39337, 39.30595 ], [ -76.393252, 39.30411 ], [ -76.394559, 39.303559 ], [ -76.395747, 39.304018 ], [ -76.395747, 39.306042 ], [ -76.398837, 39.30926 ], [ -76.401333, 39.308065 ], [ -76.402882, 39.308335 ], [ -76.402878, 39.311375 ], [ -76.404829668049999, 39.311495870724102 ], [ -76.40882, 39.311743 ], [ -76.410730096544, 39.308622014763301 ], [ -76.410959, 39.308248 ], [ -76.410893987450606, 39.307511191106698 ], [ -76.410602, 39.304202 ], [ -76.408701, 39.301536 ], [ -76.408106, 39.300064 ], [ -76.405611, 39.300064 ], [ -76.402402, 39.299512 ], [ -76.398956, 39.297029 ], [ -76.398718, 39.29473 ], [ -76.399194, 39.292339 ], [ -76.3973215197, 39.290840255251602 ], [ -76.395747, 39.28958 ], [ -76.395378796870006, 39.288268353833303 ], [ -76.395153, 39.287464 ], [ -76.393252, 39.286268 ], [ -76.390875, 39.286544 ], [ -76.386953, 39.287004 ], [ -76.382556, 39.286452 ], [ -76.381621, 39.284278 ], [ -76.382322, 39.283143 ], [ -76.383509, 39.281288 ], [ -76.382629, 39.279459 ], [ -76.38282, 39.277549 ], [ -76.384901, 39.275928 ], [ -76.386596, 39.276426 ], [ -76.387428, 39.277254 ], [ -76.388854, 39.27799 ], [ -76.393252, 39.277714 ], [ -76.393846, 39.276426 ], [ -76.395391, 39.275598 ], [ -76.397886, 39.27247 ], [ -76.399194, 39.270262 ], [ -76.397680232651396, 39.269900531158001 ], [ -76.395136, 39.269293 ], [ -76.395432, 39.266823 ], [ -76.399312, 39.261521 ], [ -76.402355, 39.258315 ], [ -76.402878, 39.256736 ], [ -76.404898, 39.25554 ], [ -76.404066, 39.252411 ], [ -76.400942, 39.24904 ], [ -76.401927, 39.248362 ], [ -76.404541, 39.249282 ], [ -76.406205, 39.247994 ], [ -76.408106, 39.247073 ], [ -76.410602, 39.249006 ], [ -76.413692, 39.249098 ], [ -76.415712, 39.24781 ], [ -76.41904, 39.249374 ], [ -76.422724, 39.252871 ], [ -76.427002, 39.254896 ], [ -76.436628, 39.253423 ], [ -76.438918, 39.255096 ], [ -76.443359, 39.255914 ], [ -76.447095, 39.252822 ], [ -76.446297, 39.251042 ], [ -76.450838, 39.249079 ], [ -76.451128, 39.246683 ], [ -76.450986895177707, 39.246648194761498 ], [ -76.449512671768403, 39.246284559440298 ], [ -76.446559, 39.245556 ], [ -76.444642, 39.247598 ], [ -76.440995, 39.246683 ], [ -76.440702, 39.245311 ], [ -76.444296, 39.24304 ], [ -76.443128, 39.241114 ], [ -76.441295071095396, 39.2413857647906 ], [ -76.440039, 39.241572 ], [ -76.433538, 39.239342 ], [ -76.430092, 39.239066 ], [ -76.424031, 39.2352 ], [ -76.422486, 39.232531 ], [ -76.41904, 39.232439 ], [ -76.417825622329303, 39.232329682244902 ], [ -76.41393, 39.231979 ], [ -76.410246, 39.231518 ], [ -76.410200028568795, 39.2315348135756 ], [ -76.405967, 39.233083 ], [ -76.404422, 39.2352 ], [ -76.401451, 39.237778 ], [ -76.399312, 39.238698 ], [ -76.398124, 39.237041 ], [ -76.400501, 39.234832 ], [ -76.401095, 39.232715 ], [ -76.399788, 39.230782 ], [ -76.399123, 39.229047 ], [ -76.409697, 39.225122 ], [ -76.415418, 39.221774 ], [ -76.417681, 39.219808 ], [ -76.421901, 39.210633 ], [ -76.425281, 39.205708 ], [ -76.428958, 39.204136 ], [ -76.436539, 39.202168 ], [ -76.438763, 39.199266 ], [ -76.440171, 39.197524 ], [ -76.442482, 39.195408 ], [ -76.445319, 39.195964 ], [ -76.447674, 39.197735 ], [ -76.449463, 39.201595 ], [ -76.449582, 39.203805 ], [ -76.449321835040905, 39.204241566527202 ], [ -76.449140368100998, 39.204546074836102 ], [ -76.447442, 39.207396 ], [ -76.445505205230305, 39.209165137152098 ], [ -76.444115, 39.210435 ], [ -76.444815290511499, 39.215318372262303 ], [ -76.444828, 39.215407 ], [ -76.446848, 39.218261 ], [ -76.453384, 39.218169 ], [ -76.4579, 39.21909 ], [ -76.459319111862399, 39.218075036499698 ], [ -76.462535, 39.215775 ], [ -76.461703, 39.209422 ], [ -76.461492, 39.204067 ], [ -76.462007, 39.204158 ], [ -76.463483, 39.205908 ], [ -76.480083, 39.205108 ], [ -76.488883, 39.202208 ], [ -76.492049, 39.201442 ], [ -76.495705, 39.201876 ], [ -76.498384, 39.204808 ], [ -76.500984, 39.209376 ], [ -76.50092, 39.21421 ], [ -76.49688, 39.215039 ], [ -76.497347, 39.216697 ], [ -76.496048, 39.219182 ], [ -76.496286, 39.221668 ], [ -76.499138, 39.223049 ], [ -76.4989, 39.225258 ], [ -76.497355, 39.226915 ], [ -76.500177670547799, 39.229414345585496 ], [ -76.503178, 39.232071 ], [ -76.506862, 39.232163 ], [ -76.512567, 39.22848 ], [ -76.516607, 39.232255 ], [ -76.517201, 39.241551 ], [ -76.518271, 39.242011 ], [ -76.520886, 39.241091 ], [ -76.521019316823697, 39.241211508685701 ], [ -76.522312, 39.24238 ], [ -76.529583866775695, 39.240298142960903 ], [ -76.529487, 39.247045 ], [ -76.529785, 39.255781 ], [ -76.529758, 39.257584 ], [ -76.529784, 39.264989 ], [ -76.529788, 39.269722 ], [ -76.529685, 39.270207 ], [ -76.529623, 39.272307 ], [ -76.529781, 39.273101 ], [ -76.529788, 39.281527 ], [ -76.529934, 39.283082 ], [ -76.529592, 39.284852 ], [ -76.529681, 39.288152 ], [ -76.529517, 39.297056 ], [ -76.529786, 39.29911 ], [ -76.529786, 39.310391 ], [ -76.529971, 39.319565 ], [ -76.529686, 39.323264 ], [ -76.529685, 39.33028 ], [ -76.529685, 39.33115 ], [ -76.52968, 39.335246 ], [ -76.529693, 39.336142 ], [ -76.529783, 39.342151 ], [ -76.529706, 39.348811 ], [ -76.529594, 39.349741 ], [ -76.529453, 39.350723 ], [ -76.529774, 39.353707 ], [ -76.529773, 39.355575 ], [ -76.529785, 39.356552 ], [ -76.52979, 39.363815 ], [ -76.529787, 39.371606 ], [ -76.529793, 39.372058 ], [ -76.5405, 39.37211 ], [ -76.544243, 39.372181 ], [ -76.545145, 39.372104 ], [ -76.549357, 39.372067 ], [ -76.553749, 39.37207 ], [ -76.561788, 39.372205 ], [ -76.567243, 39.372104 ], [ -76.569997, 39.372121 ], [ -76.579029, 39.372091 ], [ -76.581956, 39.372105 ], [ -76.582208, 39.372106 ], [ -76.583457, 39.37211 ], [ -76.585599, 39.372024 ], [ -76.587701, 39.371782 ], [ -76.588305, 39.371941 ], [ -76.594904, 39.371931 ], [ -76.597045, 39.371868 ], [ -76.597879, 39.371808 ], [ -76.605891, 39.372037 ], [ -76.609805, 39.3722 ], [ -76.613875, 39.371762 ], [ -76.618344, 39.372034 ], [ -76.619643, 39.371951 ], [ -76.626193, 39.372017 ], [ -76.631691, 39.371705 ], [ -76.633944, 39.372009 ], [ -76.646926, 39.372006 ], [ -76.649041, 39.372181 ], [ -76.649803, 39.372104 ], [ -76.652738, 39.372105 ], [ -76.657792, 39.371993 ], [ -76.659997, 39.372096 ], [ -76.666192, 39.372005 ], [ -76.678191, 39.371994 ], [ -76.678773, 39.37215 ], [ -76.682343, 39.372201 ], [ -76.683656, 39.372028 ], [ -76.692444, 39.372033 ], [ -76.700106, 39.372005 ], [ -76.702892, 39.372092 ], [ -76.705204, 39.372007 ], [ -76.711313, 39.371933 ], [ -76.711519, 39.365763 ], [ -76.711403, 39.364615 ], [ -76.711191, 39.362798 ], [ -76.71135, 39.356771 ], [ -76.711228, 39.356161 ], [ -76.711186, 39.354383 ], [ -76.711388, 39.349496 ], [ -76.711011, 39.336391 ], [ -76.711025, 39.336333 ], [ -76.711462, 39.334573 ], [ -76.711391, 39.327216 ], [ -76.711393, 39.326955 ], [ -76.711393, 39.322005 ], [ -76.711493, 39.320805 ], [ -76.711028, 39.318916 ], [ -76.711119, 39.312475 ], [ -76.711228, 39.311709 ], [ -76.711208, 39.304828 ], [ -76.711185, 39.303409 ], [ -76.711191, 39.302955 ], [ -76.71121, 39.299778 ], [ -76.711255, 39.299212 ], [ -76.711193, 39.29823 ], [ -76.711255, 39.297362 ], [ -76.711393, 39.296805 ], [ -76.711195, 39.291749 ], [ -76.71118, 39.291566 ], [ -76.711015, 39.289603 ], [ -76.711186, 39.287394 ], [ -76.711232, 39.278797 ], [ -76.711132, 39.278262 ], [ -76.711054, 39.277889 ], [ -76.698892, 39.272705 ], [ -76.697379, 39.272196 ], [ -76.688634, 39.268178 ], [ -76.686048, 39.266885 ], [ -76.684649, 39.266458 ], [ -76.683541, 39.265862 ], [ -76.680025, 39.264413 ], [ -76.673432, 39.261281 ], [ -76.664322, 39.257442 ], [ -76.66261, 39.256796 ], [ -76.65986, 39.255509 ], [ -76.655569, 39.253701 ], [ -76.647256, 39.25006 ], [ -76.644212, 39.248924 ], [ -76.640328, 39.24703 ], [ -76.632589, 39.243406 ], [ -76.629853, 39.242338 ], [ -76.619039, 39.237727 ], [ -76.618612, 39.237398 ], [ -76.624687, 39.230552 ], [ -76.626921, 39.228524 ], [ -76.630117, 39.22459 ], [ -76.631527, 39.223861 ], [ -76.637142, 39.223497 ], [ -76.639943, 39.224362 ], [ -76.641409, 39.22558 ], [ -76.643683, 39.22771 ], [ -76.645548, 39.228572 ], [ -76.647219, 39.229036 ], [ -76.650522, 39.229466 ], [ -76.65866, 39.23101 ], [ -76.66173, 39.231135 ], [ -76.664535, 39.230645 ], [ -76.665417, 39.23027 ], [ -76.665561, 39.230184 ], [ -76.666384, 39.229823 ], [ -76.669915, 39.22843 ], [ -76.674444, 39.225161 ], [ -76.677487, 39.221808 ], [ -76.680953, 39.220002 ], [ -76.684686, 39.220161 ], [ -76.687745, 39.221292 ], [ -76.689184, 39.221199 ], [ -76.692833, 39.21977 ], [ -76.69394, 39.218977 ], [ -76.696997, 39.217058 ], [ -76.697085, 39.214092 ], [ -76.699127, 39.212987 ], [ -76.700425, 39.213015 ], [ -76.705231, 39.215673 ], [ -76.706076, 39.218112 ], [ -76.706089, 39.218296 ], [ -76.706671, 39.221245 ], [ -76.713095, 39.221722 ], [ -76.717258, 39.225479 ], [ -76.722194, 39.226416 ], [ -76.722851, 39.227187 ], [ -76.724567, 39.228611 ], [ -76.728391, 39.229395 ], [ -76.729382, 39.229154 ], [ -76.7299, 39.228995 ], [ -76.733453, 39.230872 ], [ -76.74007, 39.232399 ], [ -76.741897, 39.234563 ], [ -76.743197, 39.236389 ], [ -76.746135, 39.238262 ], [ -76.748091, 39.240609 ], [ -76.749896, 39.241571 ], [ -76.751811, 39.244485 ], [ -76.7553, 39.246851 ], [ -76.757176, 39.247496 ], [ -76.761101, 39.247164 ], [ -76.763246, 39.246342 ], [ -76.764734, 39.247598 ], [ -76.764575, 39.249078 ], [ -76.763664, 39.250706 ], [ -76.76383, 39.251312 ], [ -76.76893, 39.25265 ], [ -76.771741, 39.255172 ], [ -76.775295, 39.256633 ], [ -76.778534, 39.25672 ], [ -76.781964, 39.258334 ], [ -76.784708, 39.26103 ], [ -76.786789, 39.261985 ], [ -76.78897, 39.263893 ], [ -76.79379, 39.265863 ], [ -76.794495, 39.266615 ], [ -76.794371, 39.26781 ], [ -76.794389, 39.270321 ], [ -76.7906, 39.272231 ], [ -76.789694, 39.273404 ], [ -76.788813, 39.277352 ], [ -76.787995, 39.278305 ], [ -76.785166, 39.282855 ], [ -76.785398, 39.291087 ], [ -76.784565, 39.292635 ], [ -76.778595, 39.294989 ], [ -76.779145, 39.297139 ], [ -76.780763, 39.297445 ], [ -76.783395, 39.298977 ], [ -76.787532, 39.300207 ], [ -76.789022, 39.302609 ], [ -76.791331, 39.303777 ], [ -76.794128, 39.303276 ], [ -76.796511, 39.305045 ], [ -76.795724, 39.306508 ], [ -76.794031, 39.306798 ], [ -76.792871, 39.31035 ], [ -76.792479, 39.311483 ], [ -76.794718, 39.314277 ], [ -76.797719, 39.315208 ], [ -76.799109, 39.315007 ], [ -76.804518, 39.316733 ], [ -76.81013, 39.315237 ], [ -76.811756, 39.316193 ], [ -76.812342, 39.317903 ], [ -76.814686, 39.317884 ], [ -76.816197, 39.315399 ], [ -76.816451, 39.313176 ], [ -76.818844, 39.313534 ], [ -76.819847, 39.314365 ], [ -76.821507, 39.317139 ], [ -76.823326, 39.319011 ], [ -76.825206, 39.319349 ], [ -76.827172, 39.318685 ], [ -76.829333, 39.317204 ], [ -76.831417, 39.3132 ], [ -76.832691, 39.311882 ], [ -76.835522, 39.311972 ], [ -76.835563, 39.315837 ], [ -76.839737, 39.315274 ], [ -76.841215, 39.315746 ], [ -76.844013, 39.318177 ], [ -76.846922, 39.318115 ], [ -76.849362, 39.315894 ], [ -76.852191, 39.316648 ], [ -76.853915, 39.317662 ], [ -76.855252, 39.320449 ], [ -76.855439, 39.323224 ], [ -76.856331, 39.324016 ], [ -76.858989, 39.326703 ], [ -76.860093, 39.327325 ], [ -76.862444, 39.329813 ], [ -76.866607, 39.331708 ], [ -76.870122, 39.331597 ], [ -76.875041, 39.332154 ], [ -76.875981, 39.334168 ], [ -76.878363, 39.336288 ], [ -76.877361, 39.337151 ], [ -76.875148, 39.337718 ], [ -76.875134, 39.339747 ], [ -76.876322, 39.341219 ], [ -76.878105, 39.342267 ], [ -76.879224, 39.345281 ], [ -76.881906, 39.34855 ], [ -76.882274, 39.350185 ], [ -76.880193, 39.349718 ], [ -76.879688, 39.353361 ], [ -76.8804, 39.355826 ], [ -76.879738, 39.356846 ], [ -76.873923, 39.356088 ], [ -76.873378, 39.35715 ], [ -76.875923, 39.358721 ], [ -76.880701, 39.360469 ], [ -76.881769, 39.362757 ], [ -76.881008, 39.363505 ], [ -76.878014, 39.364073 ], [ -76.879413, 39.366098 ], [ -76.882022, 39.364336 ], [ -76.88489, 39.364994 ], [ -76.886121, 39.366801 ], [ -76.886545, 39.36925 ], [ -76.888949, 39.370569 ], [ -76.889485, 39.37328 ], [ -76.890252, 39.374517 ], [ -76.890993, 39.376731 ], [ -76.8899, 39.37722 ], [ -76.890431, 39.37915 ], [ -76.889512, 39.380224 ], [ -76.891112, 39.379852 ], [ -76.891332, 39.382229 ], [ -76.890298, 39.382428 ], [ -76.888352, 39.384129 ], [ -76.886856, 39.384164 ], [ -76.883219, 39.385814 ], [ -76.884462, 39.386189 ], [ -76.885144, 39.388133 ], [ -76.884303, 39.388386 ], [ -76.882031, 39.387606 ], [ -76.880503, 39.388296 ], [ -76.879081, 39.387983 ], [ -76.878604, 39.389114 ], [ -76.879694, 39.389938 ], [ -76.878804, 39.39049 ], [ -76.874427, 39.388543 ], [ -76.873439, 39.388865 ], [ -76.87447, 39.388834 ], [ -76.877514, 39.390888 ], [ -76.877528, 39.392557 ], [ -76.879521, 39.391733 ], [ -76.879965, 39.394874 ], [ -76.884117, 39.396568 ], [ -76.885517, 39.397621 ], [ -76.879352, 39.402327 ], [ -76.878928, 39.403903 ], [ -76.884428, 39.404603 ], [ -76.884428, 39.407503 ], [ -76.882528, 39.408803 ], [ -76.882228, 39.412603 ], [ -76.881429, 39.417403 ], [ -76.878629, 39.418503 ], [ -76.875929, 39.417603 ], [ -76.874529, 39.419103 ], [ -76.875329, 39.420503 ], [ -76.879529, 39.420203 ], [ -76.886492, 39.421745 ], [ -76.886827, 39.424298 ], [ -76.886281, 39.425943 ], [ -76.888369, 39.425398 ], [ -76.889788, 39.426483 ], [ -76.889222, 39.427956 ], [ -76.890655, 39.428616 ], [ -76.889605, 39.430156 ], [ -76.891488, 39.429292 ], [ -76.895091, 39.428386 ], [ -76.89556, 39.429487 ] ] ] ] } },
{ "type": "Feature", "properties": { "STATEFP": "24", "COUNTYFP": "025", "COUNTYNS": "01698178", "GEOIDFQ": "0500000US24025", "GEOID": "24025", "NAME": "Harford", "NAMELSAD": "Harford County", "STUSPS": "MD", "STATE_NAME": "Maryland", "LSAD": "06", "ALAND": 1132149297.0, "AWATER": 231888421.0 }, "geometry": { "type": "MultiPolygon", "coordinates": [ [ [ [ -76.092095, 39.535222 ], [ -76.091417, 39.535188 ], [ -76.090229, 39.535433 ], [ -76.090299, 39.536236 ], [ -76.090066, 39.536603 ], [ -76.088669, 39.536687 ], [ -76.088216, 39.536025 ], [ -76.088825, 39.535308 ], [ -76.088921, 39.534975 ], [ -76.089488, 39.534062 ], [ -76.089995, 39.533911 ], [ -76.090305, 39.533826 ], [ -76.091009, 39.534025 ], [ -76.091341, 39.534418 ], [ -76.092042, 39.534921 ], [ -76.092095, 39.535222 ] ] ], [ [ [ -76.272255, 39.274555 ], [ -76.269898, 39.278945 ], [ -76.270221, 39.28223 ], [ -76.269945, 39.283405 ], [ -76.266691, 39.28743 ], [ -76.266411, 39.290539 ], [ -76.260355, 39.292453 ], [ -76.257988, 39.287788 ], [ -76.260112, 39.285823 ], [ -76.261921, 39.284145 ], [ -76.26431, 39.283877 ], [ -76.266221, 39.282009 ], [ -76.264951, 39.279515 ], [ -76.26809, 39.277044 ], [ -76.270119, 39.275046 ], [ -76.272255, 39.274555 ] ] ], [ [ [ -76.569389, 39.721203 ], [ -76.551258733530901, 39.721238011221601 ], [ -76.543400579986994, 39.721253186043 ], [ -76.526087968365403, 39.721286618297498 ], [ -76.517087, 39.721304 ], [ -76.491887, 39.721304 ], [ -76.461138053434894, 39.721261937503897 ], [ -76.451736087295501, 39.721249076244902 ], [ -76.442442970775602, 39.721236363884898 ], [ -76.438881100554696, 39.721231491485398 ], [ -76.418784, 39.721204 ], [ -76.418684, 39.721304 ], [ -76.404526247578801, 39.721242713681498 ], [ -76.396079977924799, 39.721206151326399 ], [ -76.395583, 39.721204 ], [ -76.380583, 39.721304 ], [ -76.380083, 39.721304 ], [ -76.343109922307605, 39.721304251849901 ], [ -76.337103984566397, 39.7213042927606 ], [ -76.332379025589404, 39.721304324945699 ], [ -76.239804999795297, 39.721304955533199 ], [ -76.233277, 39.721305 ], [ -76.233258769042493, 39.721305046805398 ], [ -76.229282, 39.709127 ], [ -76.224277, 39.702904 ], [ -76.212676, 39.686405 ], [ -76.195476, 39.675105 ], [ -76.194687, 39.674316 ], [ -76.193076, 39.672705 ], [ -76.186575, 39.669506 ], [ -76.183975, 39.666606 ], [ -76.17384, 39.660127 ], [ -76.168412, 39.656133 ], [ -76.163601, 39.651297 ], [ -76.161765, 39.649621 ], [ -76.147474, 39.619407 ], [ -76.144081, 39.617709 ], [ -76.143829, 39.617584 ], [ -76.141817, 39.616717 ], [ -76.135974, 39.614108 ], [ -76.135674, 39.613108 ], [ -76.106083, 39.580525 ], [ -76.093229, 39.566388 ], [ -76.090125, 39.563244 ], [ -76.088702, 39.561337 ], [ -76.085972, 39.559011 ], [ -76.083556, 39.555082 ], [ -76.076156017374601, 39.543649421734699 ], [ -76.076864463221298, 39.543479522470001 ], [ -76.083555, 39.541875 ], [ -76.083764155005099, 39.541610104109203 ], [ -76.084468572436705, 39.540717955805398 ], [ -76.085206, 39.539784 ], [ -76.088581, 39.538222 ], [ -76.092391, 39.538018 ], [ -76.096072, 39.536912 ], [ -76.097743, 39.53281 ], [ -76.098195, 39.529476 ], [ -76.099318930605406, 39.527973611307097 ], [ -76.099575416801898, 39.527630759213103 ], [ -76.100945, 39.5258 ], [ -76.103148, 39.52343 ], [ -76.104836, 39.521636 ], [ -76.105635, 39.518692 ], [ -76.111068, 39.509463 ], [ -76.111231, 39.505994 ], [ -76.113225, 39.501926 ], [ -76.117253, 39.496068 ], [ -76.11992, 39.494387 ], [ -76.120989, 39.490902 ], [ -76.123129, 39.488885 ], [ -76.124481891566603, 39.4882881121559 ], [ -76.127920538128194, 39.486771001410901 ], [ -76.12812, 39.486683 ], [ -76.125981, 39.484666 ], [ -76.124911, 39.483106 ], [ -76.122415, 39.481364 ], [ -76.119134059684299, 39.481200131102597 ], [ -76.118731, 39.48118 ], [ -76.116473, 39.481364 ], [ -76.115758, 39.482864 ], [ -76.114572, 39.483565 ], [ -76.115404, 39.485308 ], [ -76.115404, 39.486867 ], [ -76.114180203673499, 39.486729271057499 ], [ -76.113929, 39.486701 ], [ -76.113021447811505, 39.486468169935598 ], [ -76.112058, 39.486221 ], [ -76.111257373627595, 39.485416475000598 ], [ -76.104665, 39.478792 ], [ -76.100218489294207, 39.476918163362399 ], [ -76.099505548795094, 39.476617717885901 ], [ -76.098315, 39.476116 ], [ -76.097919, 39.475182 ], [ -76.094881258335207, 39.475510184590597 ], [ -76.094559, 39.475545 ], [ -76.092831, 39.476529 ], [ -76.083286, 39.47786 ], [ -76.081605, 39.477894 ], [ -76.081357, 39.476364 ], [ -76.079592, 39.474994 ], [ -76.075963, 39.474407 ], [ -76.073448, 39.475413 ], [ -76.071975, 39.475047 ], [ -76.070811, 39.473694 ], [ -76.070003, 39.471882 ], [ -76.069322, 39.467674 ], [ -76.06677, 39.462391 ], [ -76.064124, 39.458813 ], [ -76.060931, 39.452208 ], [ -76.060025, 39.449895 ], [ -76.060464, 39.448341 ], [ -76.066117, 39.44677 ], [ -76.071047, 39.443628 ], [ -76.072803, 39.44204 ], [ -76.075636, 39.440112 ], [ -76.079098, 39.437845 ], [ -76.081176, 39.436712 ], [ -76.083269, 39.438321 ], [ -76.0851, 39.44136 ], [ -76.084506, 39.443471 ], [ -76.089259, 39.445123 ], [ -76.094013, 39.445123 ], [ -76.097670944607998, 39.444003778142303 ], [ -76.100311, 39.443196 ], [ -76.101856, 39.440075 ], [ -76.102205200907406, 39.435973746789998 ], [ -76.102232, 39.435659 ], [ -76.104807, 39.433222 ], [ -76.11682, 39.427614 ], [ -76.121889, 39.421226 ], [ -76.131534, 39.415179 ], [ -76.136331, 39.411013 ], [ -76.140389, 39.4092 ], [ -76.145382, 39.406985 ], [ -76.146373, 39.40531 ], [ -76.15024, 39.404981 ], [ -76.152117, 39.406176 ], [ -76.158774, 39.40631 ], [ -76.162056, 39.404204 ], [ -76.164949, 39.399455 ], [ -76.171474, 39.39221 ], [ -76.174108, 39.389239 ], [ -76.174795, 39.386762 ], [ -76.175949, 39.382236 ], [ -76.180074, 39.377609 ], [ -76.186708, 39.380945 ], [ -76.194005, 39.371917 ], [ -76.195059, 39.369544 ], [ -76.196933, 39.367844 ], [ -76.203613, 39.363974 ], [ -76.2076, 39.362637 ], [ -76.211932, 39.360281 ], [ -76.215724, 39.359297 ], [ -76.218751, 39.357071 ], [ -76.22168, 39.356362 ], [ -76.224161, 39.35278 ], [ -76.226976, 39.349908 ], [ -76.233776, 39.352008 ], [ -76.239877, 39.361408 ], [ -76.243377, 39.361808 ], [ -76.246722, 39.362204 ], [ -76.250107, 39.36132 ], [ -76.250287, 39.363857 ], [ -76.251476, 39.366062 ], [ -76.253377, 39.366706 ], [ -76.253258, 39.368267 ], [ -76.252664, 39.370013 ], [ -76.248505, 39.368819 ], [ -76.246247, 39.370289 ], [ -76.245771, 39.372126 ], [ -76.246365, 39.372769 ], [ -76.248148, 39.372585 ], [ -76.249693, 39.374882 ], [ -76.251713, 39.376811 ], [ -76.25382, 39.377168 ], [ -76.253393, 39.378748 ], [ -76.249827, 39.379116 ], [ -76.245692, 39.382569 ], [ -76.244741, 39.383598 ], [ -76.246595, 39.387419 ], [ -76.24978, 39.388889 ], [ -76.247023, 39.392305 ], [ -76.243456747492303, 39.400010899892699 ], [ -76.241612, 39.403997 ], [ -76.242681, 39.407486 ], [ -76.237809, 39.410516 ], [ -76.236383, 39.413546 ], [ -76.233768, 39.41575 ], [ -76.230084, 39.418137 ], [ -76.225925, 39.423829 ], [ -76.224618, 39.425665 ], [ -76.224803393800897, 39.426417113377802 ], [ -76.225093, 39.427592 ], [ -76.225240607334499, 39.4277021272365 ], [ -76.228373922735798, 39.430039838756201 ], [ -76.228539, 39.430163 ], [ -76.229966, 39.430163 ], [ -76.233678, 39.43346 ], [ -76.23365, 39.435027 ], [ -76.235697, 39.436286 ], [ -76.236977, 39.438056 ], [ -76.239473, 39.438607 ], [ -76.237571, 39.441177 ], [ -76.237518369762995, 39.441368072569098 ], [ -76.237137057509003, 39.442752415794303 ], [ -76.237020084820699, 39.443177081791497 ], [ -76.236383, 39.44549 ], [ -76.232699, 39.451639 ], [ -76.231035, 39.45641 ], [ -76.232761758018896, 39.459159013291902 ], [ -76.232937, 39.459438 ], [ -76.236968342639599, 39.460302599549301 ], [ -76.241493, 39.461273 ], [ -76.243989, 39.457878 ], [ -76.244345, 39.455401 ], [ -76.243157, 39.454116 ], [ -76.246841, 39.45329 ], [ -76.251594, 39.44962 ], [ -76.252509903690907, 39.446417282838503 ], [ -76.253615, 39.442553 ], [ -76.251476, 39.440718 ], [ -76.249357995508603, 39.437618847280902 ], [ -76.249218, 39.437414 ], [ -76.247645384873294, 39.435308653781703 ], [ -76.247535279941403, 39.435161250263803 ], [ -76.247435, 39.435027 ], [ -76.248666769142901, 39.433454002900298 ], [ -76.250525, 39.431081 ], [ -76.250184987645298, 39.429329912529703 ], [ -76.249841509823398, 39.427560977660001 ], [ -76.249812, 39.427409 ], [ -76.251713, 39.421809 ], [ -76.251, 39.419422 ], [ -76.251370963032599, 39.418688070742697 ], [ -76.251835, 39.41777 ], [ -76.254209, 39.416668 ], [ -76.254730439284799, 39.412477173155402 ], [ -76.254803, 39.411894 ], [ -76.2590345933571, 39.410057464093398 ], [ -76.263478, 39.408129 ], [ -76.263880765070695, 39.407764881917799 ], [ -76.269064, 39.403079 ], [ -76.269056421392307, 39.4028743139068 ], [ -76.268945, 39.399865 ], [ -76.2674, 39.3961 ], [ -76.265142, 39.392334 ], [ -76.26847, 39.39114 ], [ -76.268509746946904, 39.390863111156001 ], [ -76.268731504497595, 39.389318283274903 ], [ -76.268826, 39.38866 ], [ -76.270897476272197, 39.386098690769202 ], [ -76.272391, 39.384252 ], [ -76.274293, 39.383333 ], [ -76.2756, 39.380853 ], [ -76.275568919608105, 39.380827767773802 ], [ -76.272204, 39.378096 ], [ -76.272154, 39.376444 ], [ -76.275481, 39.37479 ], [ -76.277739, 39.371483 ], [ -76.279641, 39.37231 ], [ -76.281186, 39.371942 ], [ -76.282493, 39.370197 ], [ -76.285226, 39.37084 ], [ -76.28689, 39.369002 ], [ -76.285701, 39.367716 ], [ -76.284632, 39.366154 ], [ -76.283562, 39.365052 ], [ -76.281542, 39.365787 ], [ -76.279997, 39.366062 ], [ -76.2756, 39.364409 ], [ -76.273461, 39.361468 ], [ -76.265499, 39.359171 ], [ -76.266925, 39.356139 ], [ -76.266365, 39.353352 ], [ -76.265277, 39.350008 ], [ -76.261632, 39.347789 ], [ -76.258487, 39.34695 ], [ -76.258844, 39.341251 ], [ -76.256586, 39.338862 ], [ -76.257061, 39.337851 ], [ -76.263577, 39.334308 ], [ -76.266351, 39.331912 ], [ -76.266835, 39.329677 ], [ -76.272383, 39.326277 ], [ -76.276078, 39.322908 ], [ -76.277739, 39.322132 ], [ -76.278218, 39.319448 ], [ -76.277718, 39.315549 ], [ -76.278503, 39.313934 ], [ -76.281255, 39.310365 ], [ -76.280592, 39.306097 ], [ -76.281578, 39.302108 ], [ -76.281747, 39.29966 ], [ -76.287254, 39.299892 ], [ -76.292195, 39.301162 ], [ -76.296616, 39.302032 ], [ -76.296514, 39.302601 ], [ -76.291889, 39.306813 ], [ -76.29039, 39.309784 ], [ -76.290559, 39.311932 ], [ -76.290148, 39.314354 ], [ -76.289623, 39.317167 ], [ -76.291078, 39.318108 ], [ -76.2926, 39.321275 ], [ -76.293009, 39.322928 ], [ -76.293518, 39.325048 ], [ -76.295759, 39.327734 ], [ -76.298778, 39.329208 ], [ -76.299251, 39.336434 ], [ -76.298778, 39.340208 ], [ -76.294978, 39.346608 ], [ -76.294383, 39.348944 ], [ -76.296908, 39.351307 ], [ -76.299977, 39.3523 ], [ -76.302069, 39.351993 ], [ -76.309422, 39.354152 ], [ -76.311679, 39.355808 ], [ -76.320641, 39.3563 ], [ -76.322495, 39.35735 ], [ -76.320883, 39.358166 ], [ -76.313391, 39.357793 ], [ -76.309351, 39.359631 ], [ -76.305904, 39.364409 ], [ -76.303052, 39.370656 ], [ -76.302458, 39.373963 ], [ -76.302458, 39.37727 ], [ -76.304003, 39.381496 ], [ -76.307093, 39.385446 ], [ -76.3086698801241, 39.386563233206203 ], [ -76.311371, 39.388477 ], [ -76.315293, 39.389303 ], [ -76.316837, 39.388844 ], [ -76.318739, 39.388844 ], [ -76.323017, 39.389946 ], [ -76.325394, 39.38912 ], [ -76.329197, 39.38765 ], [ -76.333865522646505, 39.388890558587597 ], [ -76.333886, 39.388896 ], [ -76.335377, 39.390405 ], [ -76.338942, 39.390497 ], [ -76.339229118970593, 39.390623860501002 ], [ -76.342269, 39.391967 ], [ -76.344408, 39.391691 ], [ -76.344438386080895, 39.3917379656707 ], [ -76.345953, 39.394079 ], [ -76.348244913880194, 39.3943739272069 ], [ -76.348805, 39.394446 ], [ -76.350945, 39.39261 ], [ -76.35344, 39.395181 ], [ -76.354866, 39.395273 ], [ -76.357124, 39.394079 ], [ -76.357718, 39.390589 ], [ -76.357558138682094, 39.389692766969098 ], [ -76.358781, 39.390305 ], [ -76.359269, 39.394046 ], [ -76.360458, 39.395553 ], [ -76.361055, 39.400255 ], [ -76.365221, 39.401814 ], [ -76.366332, 39.404209 ], [ -76.371941, 39.405102 ], [ -76.372115, 39.4067 ], [ -76.371091, 39.410304 ], [ -76.371654, 39.411733 ], [ -76.370198, 39.413411 ], [ -76.37025, 39.41529 ], [ -76.370942, 39.416774 ], [ -76.373012, 39.421213 ], [ -76.373493, 39.421418 ], [ -76.376992, 39.423984 ], [ -76.38032, 39.424817 ], [ -76.380977, 39.4295 ], [ -76.378273, 39.432657 ], [ -76.377637, 39.436174 ], [ -76.37958, 39.438234 ], [ -76.379265, 39.440454 ], [ -76.379951, 39.443268 ], [ -76.378946, 39.445427 ], [ -76.380947, 39.447198 ], [ -76.381182, 39.448399 ], [ -76.383075, 39.450385 ], [ -76.386882, 39.451781 ], [ -76.388757, 39.453768 ], [ -76.386539, 39.455469 ], [ -76.386159, 39.458486 ], [ -76.386697, 39.459705 ], [ -76.390274, 39.459707 ], [ -76.391776, 39.462467 ], [ -76.391688, 39.464532 ], [ -76.392752, 39.465983 ], [ -76.395538, 39.468301 ], [ -76.399311, 39.468529 ], [ -76.400317, 39.46907 ], [ -76.401823, 39.472742 ], [ -76.405006, 39.474028 ], [ -76.40666, 39.471895 ], [ -76.408101, 39.472627 ], [ -76.408504, 39.476454 ], [ -76.410005, 39.477084 ], [ -76.411192, 39.478529 ], [ -76.416535, 39.478205 ], [ -76.418243, 39.478722 ], [ -76.420896, 39.478414 ], [ -76.422877, 39.480887 ], [ -76.4248, 39.481149 ], [ -76.425611, 39.483168 ], [ -76.427706, 39.486684 ], [ -76.429236, 39.488295 ], [ -76.432173, 39.487867 ], [ -76.433114, 39.488268 ], [ -76.433615, 39.492319 ], [ -76.431831, 39.492618 ], [ -76.432139, 39.494125 ], [ -76.430745, 39.495206 ], [ -76.430081, 39.496981 ], [ -76.42864, 39.497637 ], [ -76.429957, 39.498976 ], [ -76.427918, 39.50172 ], [ -76.429339, 39.504299 ], [ -76.432214, 39.506616 ], [ -76.435764, 39.503965 ], [ -76.43698, 39.501964 ], [ -76.440136, 39.502955 ], [ -76.44609, 39.5073 ], [ -76.44797, 39.508458 ], [ -76.453567, 39.506874 ], [ -76.456428, 39.508158 ], [ -76.459294, 39.507195 ], [ -76.460219, 39.507648 ], [ -76.460211, 39.510648 ], [ -76.463251, 39.512511 ], [ -76.465496, 39.512858 ], [ -76.469443, 39.513912 ], [ -76.470642, 39.51585 ], [ -76.472939, 39.517128 ], [ -76.474798, 39.517344 ], [ -76.475772, 39.5154 ], [ -76.477729, 39.514649 ], [ -76.478203, 39.515218 ], [ -76.477388, 39.516849 ], [ -76.478732, 39.518606 ], [ -76.481584, 39.519596 ], [ -76.483591, 39.519492 ], [ -76.485175, 39.521672 ], [ -76.489397, 39.524073 ], [ -76.491925, 39.524262 ], [ -76.49439, 39.52562 ], [ -76.494569, 39.52655 ], [ -76.496456, 39.525986 ], [ -76.497545, 39.524612 ], [ -76.499003, 39.523504 ], [ -76.500867, 39.524452 ], [ -76.504979, 39.525055 ], [ -76.508517, 39.523787 ], [ -76.510605, 39.524592 ], [ -76.512557, 39.529047 ], [ -76.516535, 39.529178 ], [ -76.516072, 39.531985 ], [ -76.517849, 39.532521 ], [ -76.519032, 39.536711 ], [ -76.522533, 39.536724 ], [ -76.522047, 39.538881 ], [ -76.525913, 39.539957 ], [ -76.528014, 39.54356 ], [ -76.531012, 39.54378 ], [ -76.532174, 39.543977 ], [ -76.532514, 39.546184 ], [ -76.532078, 39.551321 ], [ -76.534116, 39.551334 ], [ -76.534826, 39.553249 ], [ -76.534063, 39.554618 ], [ -76.531058, 39.555399 ], [ -76.532041, 39.556808 ], [ -76.53178, 39.558003 ], [ -76.532281, 39.561559 ], [ -76.534649, 39.560958 ], [ -76.536098, 39.561822 ], [ -76.536845, 39.565458 ], [ -76.538551, 39.566305 ], [ -76.540406, 39.569087 ], [ -76.540197, 39.570849 ], [ -76.541256, 39.575018 ], [ -76.543857, 39.575028 ], [ -76.544259, 39.575866 ], [ -76.543515, 39.578635 ], [ -76.544916, 39.580231 ], [ -76.544735, 39.581601 ], [ -76.547825, 39.588219 ], [ -76.551194, 39.589363 ], [ -76.553249, 39.589434 ], [ -76.555586, 39.592346 ], [ -76.556032, 39.593851 ], [ -76.557396, 39.594749 ], [ -76.560067, 39.596056 ], [ -76.559464, 39.59766 ], [ -76.561587, 39.601565 ], [ -76.562904, 39.606239 ], [ -76.561987, 39.607959 ], [ -76.564143, 39.610414 ], [ -76.564309, 39.612326 ], [ -76.565189, 39.614504 ], [ -76.565792, 39.625537 ], [ -76.566095, 39.636221 ], [ -76.566708, 39.662764 ], [ -76.567389, 39.684302 ], [ -76.567891, 39.685179 ], [ -76.568193, 39.692465 ], [ -76.569449017513705, 39.721202957883897 ], [ -76.569389, 39.721203 ] ] ] ] } },
{ "type": "Feature", "properties": { "STATEFP": "24", "COUNTYFP": "041", "COUNTYNS": "00592947", "GEOIDFQ": "0500000US24041", "GEOID": "24041", "NAME": "Talbot", "NAMELSAD": "Talbot County", "STUSPS": "MD", "STATE_NAME": "Maryland", "LSAD": "06", "ALAND": 695556098.0, "AWATER": 539368999.0 }, "geometry": { "type": "MultiPolygon", "coordinates": [ [ [ [ -76.346475, 38.692048 ], [ -76.343798, 38.695478 ], [ -76.342973, 38.698463 ], [ -76.343456, 38.701549 ], [ -76.345034, 38.70384 ], [ -76.344613, 38.706344 ], [ -76.342529, 38.714055 ], [ -76.341291, 38.714416 ], [ -76.340884, 38.71675 ], [ -76.339995, 38.72056 ], [ -76.338503, 38.722294 ], [ -76.338790106453203, 38.726259429588197 ], [ -76.338896, 38.727722 ], [ -76.340543, 38.730338 ], [ -76.340717, 38.736653 ], [ -76.339116, 38.738245 ], [ -76.340229, 38.743857 ], [ -76.34253, 38.749016 ], [ -76.342446, 38.750896 ], [ -76.341302, 38.751901 ], [ -76.339579, 38.755666 ], [ -76.337661, 38.75778 ], [ -76.337261, 38.76073 ], [ -76.330029, 38.763445 ], [ -76.328721, 38.76641 ], [ -76.329435, 38.768819 ], [ -76.332762, 38.771228 ], [ -76.334619, 38.772911 ], [ -76.330202, 38.776908 ], [ -76.329328, 38.775479 ], [ -76.327266, 38.77419 ], [ -76.32435, 38.775096 ], [ -76.323607, 38.776854 ], [ -76.322963, 38.778351 ], [ -76.323768, 38.779287 ], [ -76.318841, 38.787758 ], [ -76.31327, 38.792756 ], [ -76.310081, 38.796846 ], [ -76.308922, 38.813346 ], [ -76.303261, 38.8209 ], [ -76.302235, 38.82516 ], [ -76.300889, 38.82619 ], [ -76.2978, 38.828314 ], [ -76.294476, 38.827266 ], [ -76.292352, 38.82775 ], [ -76.288455, 38.827347 ], [ -76.284632, 38.829391 ], [ -76.281423, 38.831705 ], [ -76.277411, 38.831419 ], [ -76.278151, 38.835494 ], [ -76.279759, 38.836241 ], [ -76.281548, 38.837956 ], [ -76.279861, 38.839429 ], [ -76.279429, 38.841154 ], [ -76.277625, 38.843082 ], [ -76.274786, 38.84448 ], [ -76.269118, 38.849795 ], [ -76.266515, 38.852848 ], [ -76.262654, 38.855784 ], [ -76.256365, 38.860396 ], [ -76.255016, 38.862268 ], [ -76.252768, 38.862688 ], [ -76.251174, 38.859539 ], [ -76.251325, 38.857613 ], [ -76.253574, 38.856444 ], [ -76.255829, 38.856936 ], [ -76.257996, 38.855551 ], [ -76.262606, 38.851989 ], [ -76.264221, 38.851572 ], [ -76.265808, 38.847512 ], [ -76.265071, 38.845354 ], [ -76.261779, 38.844099 ], [ -76.259478, 38.84312 ], [ -76.256974, 38.839631 ], [ -76.256435, 38.836185 ], [ -76.255794953170195, 38.834456197637003 ], [ -76.255204, 38.83286 ], [ -76.250107, 38.830157 ], [ -76.249433, 38.828937 ], [ -76.250364, 38.825438 ], [ -76.249242, 38.823888 ], [ -76.245886, 38.822232 ], [ -76.244939, 38.819207 ], [ -76.242087, 38.817355 ], [ -76.239377, 38.820097 ], [ -76.233808, 38.820417 ], [ -76.23345, 38.821109 ], [ -76.229372, 38.821372 ], [ -76.225904, 38.819129 ], [ -76.225131, 38.816859 ], [ -76.222888, 38.815172 ], [ -76.219328, 38.812371 ], [ -76.211545, 38.805502 ], [ -76.21214, 38.80365 ], [ -76.215586, 38.801149 ], [ -76.2175117624884, 38.800279933580299 ], [ -76.217844, 38.80013 ], [ -76.217131, 38.796889 ], [ -76.214516, 38.794851 ], [ -76.214838824855093, 38.7943825433927 ], [ -76.217963, 38.789849 ], [ -76.216520723714794, 38.7869093702123 ], [ -76.216418, 38.7867 ], [ -76.207267, 38.780771 ], [ -76.205722, 38.778362 ], [ -76.202276, 38.776231 ], [ -76.200602773804604, 38.775926862391401 ], [ -76.198711, 38.775583 ], [ -76.195502, 38.773174 ], [ -76.196453, 38.769468 ], [ -76.193838, 38.769838 ], [ -76.187302, 38.767615 ], [ -76.183261, 38.761869 ], [ -76.183975, 38.758533 ], [ -76.181954, 38.756495 ], [ -76.178508, 38.755753 ], [ -76.17518, 38.754363 ], [ -76.170546, 38.753714 ], [ -76.165673, 38.758626 ], [ -76.1656520955285, 38.759974338410601 ], [ -76.165623, 38.761851 ], [ -76.162583, 38.766873 ], [ -76.159375, 38.767615 ], [ -76.156523, 38.768912 ], [ -76.156274, 38.771189 ], [ -76.155334, 38.77234 ], [ -76.160207, 38.775027 ], [ -76.165198, 38.774286 ], [ -76.170902, 38.77058 ], [ -76.173041, 38.770302 ], [ -76.173873, 38.771043 ], [ -76.175418, 38.773544 ], [ -76.17934, 38.775768 ], [ -76.180172, 38.776972 ], [ -76.178746, 38.780493 ], [ -76.182073, 38.784847 ], [ -76.186351, 38.786051 ], [ -76.18754, 38.787904 ], [ -76.187421, 38.790405 ], [ -76.188134, 38.792072 ], [ -76.191699, 38.792906 ], [ -76.192174, 38.795962 ], [ -76.197403, 38.798371 ], [ -76.200256, 38.803001 ], [ -76.198235, 38.80828 ], [ -76.199305, 38.812077 ], [ -76.198138, 38.81444 ], [ -76.19343, 38.821787 ], [ -76.192982, 38.825156 ], [ -76.19109, 38.82966 ], [ -76.195402, 38.835489 ], [ -76.197705, 38.843712 ], [ -76.201667639998007, 38.848107521516397 ], [ -76.199938, 38.850091 ], [ -76.193082, 38.862844 ], [ -76.192384, 38.863814 ], [ -76.190666, 38.864076 ], [ -76.185081, 38.85951 ], [ -76.18224, 38.858611 ], [ -76.181368, 38.859582 ], [ -76.179852, 38.863387 ], [ -76.177869, 38.865158 ], [ -76.171522, 38.865227 ], [ -76.169918, 38.865649 ], [ -76.167597, 38.868365 ], [ -76.167469, 38.871958 ], [ -76.164867, 38.875113 ], [ -76.16372, 38.879525 ], [ -76.162458, 38.880986 ], [ -76.161026, 38.881395 ], [ -76.157486, 38.880195 ], [ -76.152679, 38.880933 ], [ -76.14984, 38.882818 ], [ -76.146495, 38.882549 ], [ -76.143723, 38.88121 ], [ -76.140671, 38.880636 ], [ -76.136452, 38.880723 ], [ -76.132066, 38.879467 ], [ -76.130487, 38.877144 ], [ -76.128003, 38.875992 ], [ -76.126018, 38.876459 ], [ -76.125164, 38.877149 ], [ -76.122568, 38.88204 ], [ -76.1214, 38.88242 ], [ -76.11671, 38.881054 ], [ -76.114319, 38.880838 ], [ -76.106514, 38.881277 ], [ -76.103512, 38.882308 ], [ -76.102801, 38.886272 ], [ -76.103895, 38.887376 ], [ -76.102675, 38.890167 ], [ -76.104461, 38.892226 ], [ -76.104567, 38.894152 ], [ -76.106657, 38.895829 ], [ -76.109056, 38.899044 ], [ -76.10935, 38.901137 ], [ -76.110234, 38.90259 ], [ -76.113357, 38.904517 ], [ -76.113475, 38.906499 ], [ -76.112022, 38.908865 ], [ -76.111463, 38.911006 ], [ -76.114728, 38.912754 ], [ -76.115502, 38.913716 ], [ -76.114639, 38.916254 ], [ -76.112338, 38.918263 ], [ -76.110741, 38.920598 ], [ -76.111358, 38.922947 ], [ -76.110972, 38.926651 ], [ -76.108227, 38.929735 ], [ -76.106235, 38.933073 ], [ -76.105628, 38.935585 ], [ -76.103674, 38.939002 ], [ -76.101635, 38.939864 ], [ -76.100874, 38.941978 ], [ -76.098639, 38.941797 ], [ -76.096956, 38.944259 ], [ -76.093662, 38.943942 ], [ -76.093049, 38.944608 ], [ -76.090483, 38.945102 ], [ -76.088714, 38.944267 ], [ -76.088597, 38.94246 ], [ -76.085074, 38.942291 ], [ -76.083632, 38.94116 ], [ -76.081137, 38.94264 ], [ -76.080877, 38.941137 ], [ -76.077932, 38.940147 ], [ -76.073262, 38.940641 ], [ -76.065724, 38.939881 ], [ -76.012566, 38.930128 ], [ -75.986305, 38.925258 ], [ -75.978337, 38.923921 ], [ -75.971916, 38.921838 ], [ -75.9679, 38.922177 ], [ -75.966618, 38.921576 ], [ -75.960339, 38.920303 ], [ -75.958732, 38.919996 ], [ -75.957996, 38.919853 ], [ -75.953988, 38.918926 ], [ -75.949335, 38.918333 ], [ -75.949095, 38.918115 ], [ -75.948576, 38.917851 ], [ -75.944256, 38.916517 ], [ -75.943474, 38.914777 ], [ -75.943976, 38.914294 ], [ -75.948243, 38.914515 ], [ -75.949153, 38.913468 ], [ -75.94799, 38.910366 ], [ -75.944641, 38.908817 ], [ -75.943084, 38.906677 ], [ -75.944953, 38.905597 ], [ -75.94812, 38.90456 ], [ -75.949188, 38.903518 ], [ -75.948677, 38.902389 ], [ -75.945968, 38.901374 ], [ -75.944908, 38.900348 ], [ -75.944358, 38.897548 ], [ -75.945945, 38.893913 ], [ -75.948616, 38.89225 ], [ -75.94831, 38.891323 ], [ -75.944587, 38.890068 ], [ -75.94046, 38.884555 ], [ -75.941535, 38.884075 ], [ -75.94548, 38.884029 ], [ -75.949638, 38.884807 ], [ -75.950592, 38.884426 ], [ -75.951354, 38.882236 ], [ -75.951469, 38.880237 ], [ -75.950325, 38.879016 ], [ -75.948753, 38.878444 ], [ -75.945777, 38.878627 ], [ -75.943847, 38.879344 ], [ -75.941482, 38.881179 ], [ -75.939224, 38.881332 ], [ -75.937644, 38.879802 ], [ -75.937583, 38.877994 ], [ -75.938919, 38.876392 ], [ -75.943572, 38.87638 ], [ -75.944396, 38.875087 ], [ -75.943077, 38.870494 ], [ -75.941551, 38.868022 ], [ -75.939292, 38.866558 ], [ -75.934707, 38.867511 ], [ -75.932914, 38.866035 ], [ -75.931503, 38.86288 ], [ -75.930229, 38.861286 ], [ -75.924331, 38.860389 ], [ -75.922187, 38.857257 ], [ -75.922569, 38.855747 ], [ -75.922797, 38.854785 ], [ -75.928336, 38.852428 ], [ -75.930373, 38.850872 ], [ -75.929312, 38.849021 ], [ -75.926772, 38.847038 ], [ -75.919455, 38.846897 ], [ -75.918975, 38.846084 ], [ -75.919348, 38.845016 ], [ -75.928099, 38.841068 ], [ -75.927771, 38.838893 ], [ -75.919432, 38.835205 ], [ -75.915183, 38.834835 ], [ -75.913711, 38.832965 ], [ -75.912918, 38.829532 ], [ -75.904341, 38.826431 ], [ -75.901267, 38.824737 ], [ -75.901747, 38.822883 ], [ -75.905494, 38.821567 ], [ -75.906455, 38.819705 ], [ -75.903251, 38.816764 ], [ -75.897178, 38.815212 ], [ -75.896316, 38.812454 ], [ -75.89981, 38.811691 ], [ -75.903778, 38.806934 ], [ -75.910003, 38.806446 ], [ -75.911369, 38.806285 ], [ -75.920799, 38.802635 ], [ -75.927963, 38.799201 ], [ -75.932518, 38.796138 ], [ -75.933876, 38.794193 ], [ -75.935325, 38.789829 ], [ -75.937347, 38.787242 ], [ -75.949455, 38.778419 ], [ -75.951484, 38.777862 ], [ -75.954551, 38.777496 ], [ -75.964042, 38.779666 ], [ -75.967086, 38.779338 ], [ -75.968238, 38.777729 ], [ -75.96775, 38.774398 ], [ -75.968612, 38.772838 ], [ -75.971801, 38.769542 ], [ -75.976409, 38.765506 ], [ -75.979965, 38.76371 ], [ -75.993759, 38.759284 ], [ -75.997123, 38.757232 ], [ -75.998947, 38.755596 ], [ -75.99945, 38.75444 ], [ -75.999336, 38.752075 ], [ -75.99459, 38.741886 ], [ -75.994354, 38.739765 ], [ -75.995376, 38.736679 ], [ -75.996376, 38.73571 ], [ -75.999671, 38.734836 ], [ -76.00521, 38.736389 ], [ -76.009002, 38.736473 ], [ -76.013206, 38.733291 ], [ -76.015045, 38.728687 ], [ -76.014427, 38.726463 ], [ -76.010421, 38.72248 ], [ -76.00753, 38.720981 ], [ -76.002784, 38.718383 ], [ -75.994163, 38.709201 ], [ -75.99308, 38.706584 ], [ -75.994514, 38.701076 ], [ -75.994606, 38.69944 ], [ -75.993049, 38.696723 ], [ -75.989341, 38.696479 ], [ -75.983879, 38.697692 ], [ -75.978614, 38.698318 ], [ -75.976791, 38.697837 ], [ -75.975524, 38.696693 ], [ -75.973464, 38.690711 ], [ -75.971672, 38.684654 ], [ -75.970397, 38.68312 ], [ -75.967933, 38.682014 ], [ -75.960266, 38.679553 ], [ -75.953079, 38.677749 ], [ -75.948638, 38.676204 ], [ -75.945248, 38.674109 ], [ -75.949001, 38.671804 ], [ -75.954368, 38.665691 ], [ -75.955578, 38.663465 ], [ -75.955691, 38.660559 ], [ -75.955321, 38.653494 ], [ -75.956331, 38.650383 ], [ -75.957923, 38.648036 ], [ -75.965196, 38.641036 ], [ -75.97055, 38.637016 ], [ -75.979309, 38.630271 ], [ -75.98175, 38.627616 ], [ -75.983512, 38.625114 ], [ -75.983009, 38.622081 ], [ -75.981605, 38.618644 ], [ -75.98085, 38.614261 ], [ -75.980934, 38.610054 ], [ -75.981918, 38.60704 ], [ -75.983306, 38.604373 ], [ -75.987655, 38.59703 ], [ -75.990562, 38.593261 ], [ -75.991592, 38.59209 ], [ -75.993972, 38.59106 ], [ -75.999656, 38.590351 ], [ -76.005821, 38.5876 ], [ -76.008056, 38.586318 ], [ -76.016494, 38.579967 ], [ -76.020591, 38.575958 ], [ -76.023445, 38.573875 ], [ -76.02481, 38.573413 ], [ -76.027717, 38.572433 ], [ -76.028471891426605, 38.5723442378142 ], [ -76.031028, 38.579549 ], [ -76.031622, 38.581314 ], [ -76.033048, 38.582521 ], [ -76.034712, 38.583915 ], [ -76.039228, 38.584937 ], [ -76.044219, 38.589396 ], [ -76.047575010909, 38.591747934516903 ], [ -76.047665, 38.591811 ], [ -76.052894, 38.594133 ], [ -76.052181, 38.597941 ], [ -76.053964, 38.599613 ], [ -76.052775, 38.602399 ], [ -76.05337, 38.603792 ], [ -76.058004, 38.606764 ], [ -76.063827, 38.608064 ], [ -76.069651, 38.611221 ], [ -76.072978, 38.612893 ], [ -76.080346, 38.614657 ], [ -76.083674, 38.616607 ], [ -76.08403, 38.617814 ], [ -76.082248, 38.618743 ], [ -76.082129, 38.620971 ], [ -76.083079, 38.623478 ], [ -76.085219, 38.624592 ], [ -76.088546, 38.625892 ], [ -76.092468, 38.625149 ], [ -76.099598, 38.624871 ], [ -76.106253, 38.623014 ], [ -76.109224, 38.620135 ], [ -76.109818, 38.617071 ], [ -76.109328, 38.614277 ], [ -76.110769, 38.612707 ], [ -76.112552, 38.614007 ], [ -76.113146, 38.615307 ], [ -76.113502, 38.619114 ], [ -76.113384, 38.621343 ], [ -76.115285, 38.623385 ], [ -76.123485, 38.628956 ], [ -76.127644, 38.635268 ], [ -76.130972, 38.637868 ], [ -76.134656, 38.638889 ], [ -76.139647, 38.638517 ], [ -76.142737, 38.637589 ], [ -76.144401, 38.637775 ], [ -76.147158, 38.63684 ], [ -76.151563, 38.646143 ], [ -76.152368, 38.649933 ], [ -76.155611, 38.658083 ], [ -76.159612, 38.66237 ], [ -76.162568, 38.662076 ], [ -76.164731, 38.665599 ], [ -76.166692, 38.667742 ], [ -76.1674799490102, 38.667886960377402 ], [ -76.168676, 38.668107 ], [ -76.17138, 38.669689 ], [ -76.173137, 38.670965 ], [ -76.173156451006193, 38.670986846308203 ], [ -76.175159, 38.673236 ], [ -76.176968713641898, 38.675559303670902 ], [ -76.177319, 38.676009 ], [ -76.176606, 38.678329 ], [ -76.174467, 38.678607 ], [ -76.172804, 38.680091 ], [ -76.172662408222095, 38.681084522139201 ], [ -76.172566, 38.681761 ], [ -76.173873, 38.681854 ], [ -76.173873, 38.682596 ], [ -76.173635, 38.6864 ], [ -76.173041, 38.68742 ], [ -76.177201, 38.692985 ], [ -76.177699963908296, 38.693123217336698 ], [ -76.184569, 38.695026 ], [ -76.185352, 38.693983 ], [ -76.187064, 38.693542 ], [ -76.189598, 38.688327 ], [ -76.19265, 38.684915 ], [ -76.193482, 38.683153 ], [ -76.195383, 38.682318 ], [ -76.19669, 38.68037 ], [ -76.198592, 38.676751 ], [ -76.199543, 38.673504 ], [ -76.200256, 38.672948 ], [ -76.197723, 38.671078 ], [ -76.200334, 38.670774 ], [ -76.204151, 38.675498 ], [ -76.20595, 38.676201 ], [ -76.209576, 38.679705 ], [ -76.210031, 38.681162 ], [ -76.212808, 38.681892 ], [ -76.212422, 38.684047 ], [ -76.213946, 38.686763 ], [ -76.215639, 38.687221 ], [ -76.215005, 38.689699 ], [ -76.21343, 38.692365 ], [ -76.216095, 38.694197 ], [ -76.219644, 38.697211 ], [ -76.226932, 38.69809 ], [ -76.231883, 38.703767 ], [ -76.238725, 38.712845 ], [ -76.239348, 38.717299 ], [ -76.239069, 38.719441 ], [ -76.236742, 38.72404 ], [ -76.231629, 38.723774 ], [ -76.22949, 38.726184 ], [ -76.229253, 38.727946 ], [ -76.231035, 38.729058 ], [ -76.231807, 38.731547 ], [ -76.2346, 38.731932 ], [ -76.236977, 38.73323 ], [ -76.238685, 38.735434 ], [ -76.238165, 38.736938 ], [ -76.2346, 38.737216 ], [ -76.232105, 38.737123 ], [ -76.229253, 38.739163 ], [ -76.222479, 38.736289 ], [ -76.218676, 38.73082 ], [ -76.215348, 38.728502 ], [ -76.212496, 38.731005 ], [ -76.208931, 38.73323 ], [ -76.205485, 38.739163 ], [ -76.213447, 38.742778 ], [ -76.224618, 38.751305 ], [ -76.223548, 38.755568 ], [ -76.222597, 38.757607 ], [ -76.224618, 38.760387 ], [ -76.228302, 38.761499 ], [ -76.233531, 38.761777 ], [ -76.234081574244698, 38.762128322815698 ], [ -76.236145, 38.763445 ], [ -76.241020797310696, 38.7606994201494 ], [ -76.242563, 38.759831 ], [ -76.242325, 38.753436 ], [ -76.244345, 38.749544 ], [ -76.247078, 38.74908 ], [ -76.251832, 38.749822 ], [ -76.254803, 38.749173 ], [ -76.257299, 38.742592 ], [ -76.254803, 38.739533 ], [ -76.255093, 38.736476 ], [ -76.26409, 38.729811 ], [ -76.267277, 38.72823 ], [ -76.268181, 38.726054 ], [ -76.270277, 38.724385 ], [ -76.271596, 38.713216 ], [ -76.271294, 38.710635 ], [ -76.271867, 38.710237 ], [ -76.27266, 38.71035 ], [ -76.277139, 38.713743 ], [ -76.282354, 38.716204 ], [ -76.282017, 38.718118 ], [ -76.284157, 38.720714 ], [ -76.285701, 38.720899 ], [ -76.286533, 38.719972 ], [ -76.288791, 38.719787 ], [ -76.288672, 38.722012 ], [ -76.292238, 38.722754 ], [ -76.293664, 38.720807 ], [ -76.293768, 38.717346 ], [ -76.29547, 38.718528 ], [ -76.299171, 38.719287 ], [ -76.295957, 38.724162 ], [ -76.296497, 38.7258 ], [ -76.299389, 38.726895 ], [ -76.299009, 38.727819 ], [ -76.295495, 38.730025 ], [ -76.294733, 38.731005 ], [ -76.294377, 38.733415 ], [ -76.294496, 38.735733 ], [ -76.296635, 38.736938 ], [ -76.296635, 38.738977 ], [ -76.295684, 38.741017 ], [ -76.297229, 38.744446 ], [ -76.296635, 38.745929 ], [ -76.297823, 38.748061 ], [ -76.298655, 38.749729 ], [ -76.303171, 38.750193 ], [ -76.310594143807904, 38.7493845891332 ], [ -76.313391, 38.74908 ], [ -76.313866, 38.747412 ], [ -76.312797, 38.745836 ], [ -76.317669, 38.743797 ], [ -76.319927, 38.743056 ], [ -76.320403, 38.742036 ], [ -76.322661, 38.741573 ], [ -76.324919, 38.74009 ], [ -76.323611, 38.738328 ], [ -76.321116, 38.737772 ], [ -76.318026, 38.738607 ], [ -76.314698, 38.737587 ], [ -76.313035, 38.733415 ], [ -76.312756, 38.730708 ], [ -76.316146, 38.729586 ], [ -76.319333, 38.729151 ], [ -76.320046, 38.72637 ], [ -76.322939, 38.722429 ], [ -76.324496, 38.718461 ], [ -76.326437344355, 38.717417416938098 ], [ -76.327132, 38.717044 ], [ -76.328945, 38.714974 ], [ -76.3292489999466, 38.714769093958601 ], [ -76.331479, 38.713266 ], [ -76.332177, 38.710477 ], [ -76.3304886804859, 38.709656086184303 ], [ -76.329635, 38.709241 ], [ -76.329797, 38.708158 ], [ -76.3302692956116, 38.708137853231797 ], [ -76.332715310102998, 38.708033513310497 ], [ -76.332868, 38.708027 ], [ -76.333441, 38.705867 ], [ -76.334017, 38.703127 ], [ -76.327401, 38.693912 ], [ -76.326703, 38.691458 ], [ -76.323859, 38.691746 ], [ -76.321865, 38.689512 ], [ -76.321948886418895, 38.689245468912802 ], [ -76.32367, 38.683777 ], [ -76.323156, 38.679674 ], [ -76.324053342456395, 38.679139076846901 ], [ -76.325939, 38.678015 ], [ -76.333356, 38.6787 ], [ -76.338229, 38.677586 ], [ -76.338808896591502, 38.677104939019102 ], [ -76.34013, 38.676009 ], [ -76.340101070284703, 38.675918680860903 ], [ -76.339417, 38.673783 ], [ -76.338799808650293, 38.673157726889002 ], [ -76.337966, 38.672313 ], [ -76.339709, 38.670642 ], [ -76.344231, 38.678783 ], [ -76.34372, 38.68169 ], [ -76.344144, 38.684085 ], [ -76.345306, 38.688009 ], [ -76.346418, 38.688958 ], [ -76.345647, 38.690537 ], [ -76.346475, 38.692048 ] ] ], [ [ [ -76.390694, 38.766281 ], [ -76.37982, 38.780201 ], [ -76.375241, 38.782578 ], [ -76.369887, 38.778638 ], [ -76.369728, 38.777279 ], [ -76.372337, 38.774052 ], [ -76.370836, 38.765642 ], [ -76.364212, 38.754314 ], [ -76.362511, 38.748409 ], [ -76.363261, 38.746611 ], [ -76.377362, 38.742797 ], [ -76.381249, 38.743797 ], [ -76.383625, 38.745466 ], [ -76.384337, 38.750165 ], [ -76.39035, 38.757004 ], [ -76.390694, 38.766281 ] ] ] ] } },
{ "type": "Feature", "properties": { "STATEFP": "24", "COUNTYFP": "015", "COUNTYNS": "00596115", "GEOIDFQ": "0500000US24015", "GEOID": "24015", "NAME": "Cecil", "NAMELSAD": "Cecil County", "STUSPS": "MD", "STATE_NAME": "Maryland", "LSAD": "06", "ALAND": 896912539.0, "AWATER": 185281256.0 }, "geometry": { "type": "MultiPolygon", "coordinates": [ [ [ [ -76.233258769042493, 39.721305046805398 ], [ -76.154353135109005, 39.721507625708902 ], [ -76.154334551265194, 39.721507673420199 ], [ -76.135584499461501, 39.721555811490298 ], [ -76.124032892075803, 39.721585468586298 ], [ -76.067964414413396, 39.721729416364902 ], [ -76.054727856983902, 39.721763399328502 ], [ -76.027713266377106, 39.721832755417203 ], [ -76.027618, 39.721833 ], [ -76.013067, 39.72192 ], [ -75.998649, 39.721576 ], [ -75.998357670158896, 39.721576509801302 ], [ -75.981038705693706, 39.721606816450901 ], [ -75.981014205061697, 39.721606859324801 ], [ -75.962149733786802, 39.721639870474 ], [ -75.936996972505099, 39.721683885572098 ], [ -75.875166497237302, 39.721792083411998 ], [ -75.841861790647101, 39.7218503636904 ], [ -75.821459948048101, 39.721886065102801 ], [ -75.812079510864905, 39.7219024800347 ], [ -75.810068, 39.721906 ], [ -75.799563, 39.721882 ], [ -75.788596, 39.722199 ], [ -75.788397612045898, 39.700571751992896 ], [ -75.788395, 39.700287 ], [ -75.788395, 39.700031 ], [ -75.788440848261303, 39.696872176826297 ], [ -75.788466537961099, 39.695102224881801 ], [ -75.788479176698303, 39.694231449529298 ], [ -75.788571706359093, 39.687856402177701 ], [ -75.788580374480603, 39.687259191678201 ], [ -75.788603655611993, 39.685655183687999 ], [ -75.788658, 39.681911 ], [ -75.788616, 39.680742 ], [ -75.788633203644807, 39.671513063759001 ], [ -75.788655461480403, 39.659572794876603 ], [ -75.788658, 39.658211 ], [ -75.788431434671395, 39.654318127515502 ], [ -75.788430900679202, 39.654308952398303 ], [ -75.788114612103897, 39.648874444393797 ], [ -75.788095585484598, 39.648547526754399 ], [ -75.787787176812003, 39.643248412176902 ], [ -75.787541702471202, 39.639030642792399 ], [ -75.787541002665904, 39.6390186186539 ], [ -75.78745, 39.637455 ], [ -75.787202839355302, 39.634418454936203 ], [ -75.787189654533194, 39.634256469979803 ], [ -75.78689, 39.630575 ], [ -75.786216419653996, 39.621712408530698 ], [ -75.786213713477807, 39.621676802185597 ], [ -75.7854092147263, 39.611091659946801 ], [ -75.785053894501601, 39.606416556210903 ], [ -75.7850388190259, 39.606218201577697 ], [ -75.784318121052394, 39.596735662857803 ], [ -75.783842450239405, 39.590477053748899 ], [ -75.783842208850402, 39.5904738776889 ], [ -75.782823521373004, 39.577070560622097 ], [ -75.782460041178894, 39.572288092595798 ], [ -75.782457557977295, 39.572255420025201 ], [ -75.780786, 39.550262 ], [ -75.779584610450797, 39.535537468806197 ], [ -75.779518199245302, 39.534723516438902 ], [ -75.776222683481095, 39.494332849895002 ], [ -75.773871439923099, 39.465515419996599 ], [ -75.772249929420298, 39.445641781178701 ], [ -75.769830558762607, 39.415989368484901 ], [ -75.767981329647, 39.393324753318304 ], [ -75.766693190718101, 39.377537 ], [ -75.772688, 39.379525 ], [ -75.776369, 39.379059 ], [ -75.776304, 39.380256 ], [ -75.77806, 39.38029 ], [ -75.781095, 39.382125 ], [ -75.784224, 39.382549 ], [ -75.784415, 39.380363 ], [ -75.788032, 39.380353 ], [ -75.789398, 39.381128 ], [ -75.791182, 39.379925 ], [ -75.794239, 39.379744 ], [ -75.795726, 39.37724 ], [ -75.797779, 39.377141 ], [ -75.80182, 39.377922 ], [ -75.803794, 39.376972 ], [ -75.804686, 39.375434 ], [ -75.806073, 39.375258 ], [ -75.806165, 39.376799 ], [ -75.807608, 39.377737 ], [ -75.8092, 39.378101 ], [ -75.809452, 39.379749 ], [ -75.816313, 39.380654 ], [ -75.818829, 39.382299 ], [ -75.823658, 39.381413 ], [ -75.829513, 39.376499 ], [ -75.831173, 39.374173 ], [ -75.834014, 39.373757 ], [ -75.842385, 39.370978 ], [ -75.844304, 39.369571 ], [ -75.845476, 39.367698 ], [ -75.848501, 39.368208 ], [ -75.852394, 39.366527 ], [ -75.85543, 39.364562 ], [ -75.857246, 39.365055 ], [ -75.861038, 39.36761 ], [ -75.863754, 39.366436 ], [ -75.865669, 39.366542 ], [ -75.867614, 39.367813 ], [ -75.874412, 39.365791 ], [ -75.879463, 39.365467 ], [ -75.882131, 39.364327 ], [ -75.885101, 39.360843 ], [ -75.888542, 39.361907 ], [ -75.892288, 39.36462 ], [ -75.89598, 39.365871 ], [ -75.90036, 39.364757 ], [ -75.903793, 39.364345 ], [ -75.908035, 39.364501 ], [ -75.912002, 39.365413 ], [ -75.915008, 39.366584 ], [ -75.919789, 39.366948 ], [ -75.922775, 39.367248 ], [ -75.92395, 39.368011 ], [ -75.926589, 39.370994 ], [ -75.92794, 39.371456 ], [ -75.932022, 39.371505 ], [ -75.934112, 39.370857 ], [ -75.939849, 39.367786 ], [ -75.942337, 39.367752 ], [ -75.945365, 39.368583 ], [ -75.94934, 39.372509 ], [ -75.95182, 39.373638 ], [ -75.95697, 39.374603 ], [ -75.964065, 39.374725 ], [ -75.966011, 39.374504 ], [ -75.968269, 39.373973 ], [ -75.970603, 39.372852 ], [ -75.972793, 39.370891 ], [ -75.974418, 39.368621 ], [ -75.976249, 39.367458 ], [ -75.979034, 39.366577 ], [ -75.981109, 39.366569 ], [ -75.982696, 39.367492 ], [ -75.985267, 39.370807 ], [ -75.987136, 39.372577 ], [ -75.990760336629805, 39.374618329285902 ], [ -75.986106, 39.379475 ], [ -75.988721, 39.381588 ], [ -75.990741, 39.381863 ], [ -75.99395, 39.383425 ], [ -75.995138, 39.384711 ], [ -75.99799, 39.385537 ], [ -76.002515, 39.385024 ], [ -76.005221, 39.385119 ], [ -76.008923, 39.385905 ], [ -76.01277, 39.38564 ], [ -76.020171, 39.385882 ], [ -76.026627, 39.385395 ], [ -76.030818, 39.385459 ], [ -76.035568, 39.38618 ], [ -76.038029, 39.386729 ], [ -76.039932, 39.38808 ], [ -76.041313, 39.390636 ], [ -76.040962, 39.394237 ], [ -76.037599, 39.399451 ], [ -76.035002, 39.401994 ], [ -76.033062, 39.403143 ], [ -76.022115, 39.407119 ], [ -76.016881618002998, 39.408380484987099 ], [ -76.016531, 39.408465 ], [ -76.010079, 39.41273 ], [ -76.00688, 39.414527 ], [ -76.003473, 39.419021 ], [ -76.002509, 39.423512 ], [ -75.997396, 39.430314 ], [ -75.990979, 39.433375 ], [ -75.987057, 39.433742 ], [ -75.982585, 39.435287 ], [ -75.976747, 39.444627 ], [ -75.976601531783004, 39.447796413686198 ], [ -75.976601, 39.447808 ], [ -75.974935, 39.448886 ], [ -75.974266, 39.452149 ], [ -75.971727, 39.456869 ], [ -75.969469, 39.457878 ], [ -75.966616, 39.462833 ], [ -75.967716865055905, 39.4635613649112 ], [ -75.978263, 39.470539 ], [ -75.982184, 39.470172 ], [ -75.983729, 39.470723 ], [ -75.985512, 39.469897 ], [ -75.985155, 39.467695 ], [ -75.985987, 39.464668 ], [ -75.9867, 39.461273 ], [ -75.988364, 39.460172 ], [ -75.990005, 39.458646 ], [ -75.997158, 39.456869 ], [ -75.997515, 39.455126 ], [ -75.99597, 39.453841 ], [ -76.002513, 39.450204 ], [ -76.005173, 39.449446 ], [ -76.009452, 39.449201 ], [ -76.010982, 39.450373 ], [ -76.012312, 39.453115 ], [ -76.011553, 39.455404 ], [ -76.009587, 39.457536 ], [ -75.999389, 39.465941 ], [ -75.997901, 39.466264 ], [ -75.994895, 39.471897 ], [ -75.993994, 39.47619 ], [ -75.99579, 39.484394 ], [ -75.995338, 39.488876 ], [ -75.994826, 39.489681 ], [ -75.990298, 39.4926 ], [ -75.98812, 39.497005 ], [ -75.986298, 39.510398 ], [ -75.984289, 39.514237 ], [ -75.981485, 39.516242 ], [ -75.980266, 39.520615 ], [ -75.980913, 39.527767 ], [ -75.980501, 39.529095 ], [ -75.978865, 39.529688 ], [ -75.976057, 39.529968 ], [ -75.974824, 39.531693 ], [ -75.973217, 39.532677 ], [ -75.97137, 39.531794 ], [ -75.969587, 39.531519 ], [ -75.96626, 39.53216 ], [ -75.963408, 39.534177 ], [ -75.962338, 39.536101 ], [ -75.963051, 39.538301 ], [ -75.964715, 39.539218 ], [ -75.966955, 39.53865 ], [ -75.969239, 39.541622 ], [ -75.969038, 39.543797 ], [ -75.966555, 39.54611 ], [ -75.967344, 39.54843 ], [ -75.967221, 39.55014 ], [ -75.970013, 39.55732 ], [ -75.968958, 39.561265 ], [ -75.96809, 39.561565 ], [ -75.965432, 39.56044 ], [ -75.963366, 39.560585 ], [ -75.961878, 39.562833 ], [ -75.957498, 39.564978 ], [ -75.957034, 39.566785 ], [ -75.956133, 39.567276 ], [ -75.955972, 39.571063 ], [ -75.954745, 39.572504 ], [ -75.954295, 39.575216 ], [ -75.952848, 39.576893 ], [ -75.951607, 39.577403 ], [ -75.95069, 39.57868 ], [ -75.94946, 39.578619 ], [ -75.947761, 39.580579 ], [ -75.948242999341005, 39.582315571963797 ], [ -75.948252, 39.582348 ], [ -75.94964, 39.583936 ], [ -75.948695, 39.585118 ], [ -75.948703285555993, 39.585446557138901 ], [ -75.948802, 39.589361 ], [ -75.947421, 39.590776 ], [ -75.944657, 39.591985 ], [ -75.944822395983095, 39.592608415628597 ], [ -75.944917, 39.592965 ], [ -75.949587324366902, 39.593300023268299 ], [ -75.9512070951955, 39.593416216678897 ], [ -75.954257, 39.593635 ], [ -75.955961408480505, 39.5930914292165 ], [ -75.957703, 39.592536 ], [ -75.957958105882298, 39.592332405882402 ], [ -75.961031, 39.58988 ], [ -75.964834, 39.586492 ], [ -75.963883, 39.583195 ], [ -75.965265, 39.578871 ], [ -75.968012028733199, 39.576468374869201 ], [ -75.96828, 39.576234 ], [ -75.973034, 39.570463 ], [ -75.973329475872106, 39.570351964753399 ], [ -75.992633, 39.563098 ], [ -75.997542, 39.562036 ], [ -75.999669, 39.560488 ], [ -76.002641, 39.555178 ], [ -76.004738, 39.550915 ], [ -76.006341, 39.550352 ], [ -76.006953, 39.548883 ], [ -76.006374, 39.54621 ], [ -76.003708, 39.543044 ], [ -76.002438, 39.541767 ], [ -76.004352, 39.539868 ], [ -76.006657, 39.538873 ], [ -76.012077, 39.539333 ], [ -76.012911, 39.540075 ], [ -76.013601, 39.541719 ], [ -76.01536, 39.544792 ], [ -76.017685, 39.546564 ], [ -76.022675, 39.547525 ], [ -76.0285, 39.548502 ], [ -76.030344, 39.548583 ], [ -76.031028, 39.550398 ], [ -76.033761, 39.551131 ], [ -76.036257, 39.551864 ], [ -76.036851, 39.552872 ], [ -76.040743785738499, 39.5527485975703 ], [ -76.045526, 39.552597 ], [ -76.045962873027307, 39.550170901530699 ], [ -76.046473, 39.547338 ], [ -76.046707689745702, 39.546989638449901 ], [ -76.046957853143596, 39.546618308595697 ], [ -76.04708, 39.546437 ], [ -76.050164, 39.546266 ], [ -76.053876, 39.546719 ], [ -76.054629027555094, 39.5465004357726 ], [ -76.056019, 39.546097 ], [ -76.063811, 39.54661 ], [ -76.076156017374601, 39.543649421734699 ], [ -76.083556, 39.555082 ], [ -76.085972, 39.559011 ], [ -76.088702, 39.561337 ], [ -76.090125, 39.563244 ], [ -76.093229, 39.566388 ], [ -76.106083, 39.580525 ], [ -76.135674, 39.613108 ], [ -76.135974, 39.614108 ], [ -76.141817, 39.616717 ], [ -76.143829, 39.617584 ], [ -76.144081, 39.617709 ], [ -76.147474, 39.619407 ], [ -76.161765, 39.649621 ], [ -76.163601, 39.651297 ], [ -76.168412, 39.656133 ], [ -76.17384, 39.660127 ], [ -76.183975, 39.666606 ], [ -76.186575, 39.669506 ], [ -76.193076, 39.672705 ], [ -76.194687, 39.674316 ], [ -76.195476, 39.675105 ], [ -76.212676, 39.686405 ], [ -76.224277, 39.702904 ], [ -76.229282, 39.709127 ], [ -76.233258769042493, 39.721305046805398 ] ] ] ] } },
{ "type": "Feature", "properties": { "STATEFP": "24", "COUNTYFP": "037", "COUNTYNS": "01697853", "GEOIDFQ": "0500000US24037", "GEOID": "24037", "NAME": "St. Mary's", "NAMELSAD": "St. Mary's County", "STUSPS": "MD", "STATE_NAME": "Maryland", "LSAD": "06", "ALAND": 928676346.0, "AWATER": 1050726154.0 }, "geometry": { "type": "MultiPolygon", "coordinates": [ [ [ [ -76.747285, 38.215622 ], [ -76.744612, 38.21303 ], [ -76.743084, 38.210861 ], [ -76.742337, 38.209048 ], [ -76.742908, 38.20815 ], [ -76.74503, 38.207239 ], [ -76.747543, 38.212146 ], [ -76.747285, 38.215622 ] ] ], [ [ [ -76.796356, 38.238162 ], [ -76.794069, 38.239189 ], [ -76.791217, 38.238909 ], [ -76.78979, 38.238442 ], [ -76.791692, 38.235922 ], [ -76.793118, 38.235175 ], [ -76.796525, 38.236484 ], [ -76.796356, 38.238162 ] ] ], [ [ [ -76.812193, 38.252306 ], [ -76.810871, 38.25293 ], [ -76.808805, 38.251882 ], [ -76.808924, 38.250856 ], [ -76.809993, 38.250389 ], [ -76.811895, 38.251415 ], [ -76.812193, 38.252306 ] ] ], [ [ [ -76.873701, 38.385174 ], [ -76.87146, 38.389937 ], [ -76.868688, 38.389904 ], [ -76.867971, 38.392156 ], [ -76.866488, 38.392812 ], [ -76.864321, 38.391627 ], [ -76.860642, 38.392927 ], [ -76.860207, 38.39367 ], [ -76.856505, 38.394673 ], [ -76.852435, 38.397655 ], [ -76.850317, 38.398336 ], [ -76.848861, 38.400095 ], [ -76.848289, 38.402038 ], [ -76.848141, 38.406083 ], [ -76.847095, 38.407206 ], [ -76.844746, 38.409295 ], [ -76.84103, 38.41004 ], [ -76.839827, 38.411054 ], [ -76.836638, 38.415811 ], [ -76.834882, 38.417935 ], [ -76.831959, 38.420247 ], [ -76.829557, 38.421119 ], [ -76.827323, 38.425186 ], [ -76.825197, 38.425801 ], [ -76.822695, 38.428378 ], [ -76.821942, 38.431193 ], [ -76.82242, 38.43208 ], [ -76.820222, 38.435055 ], [ -76.811407, 38.449462 ], [ -76.797738, 38.471883 ], [ -76.796457, 38.474396 ], [ -76.78521, 38.491713 ], [ -76.784414, 38.49247 ], [ -76.779914, 38.500282 ], [ -76.774639, 38.508994 ], [ -76.771045, 38.509889 ], [ -76.76829, 38.512949 ], [ -76.764753, 38.513382 ], [ -76.758, 38.513088 ], [ -76.756546, 38.513532 ], [ -76.752051, 38.513733 ], [ -76.748052, 38.512469 ], [ -76.745861, 38.512627 ], [ -76.744138, 38.512191 ], [ -76.740048, 38.512576 ], [ -76.734922, 38.512189 ], [ -76.733669, 38.512464 ], [ -76.730088, 38.51183 ], [ -76.726627, 38.511769 ], [ -76.72265, 38.510684 ], [ -76.720401, 38.510692 ], [ -76.719146, 38.509825 ], [ -76.717758, 38.51038 ], [ -76.71592, 38.509474 ], [ -76.714327, 38.510358 ], [ -76.713459, 38.5095 ], [ -76.710844, 38.509411 ], [ -76.708702, 38.506466 ], [ -76.708448, 38.504838 ], [ -76.706614, 38.504294 ], [ -76.705308, 38.501683 ], [ -76.703471, 38.502426 ], [ -76.702203, 38.501668 ], [ -76.699317, 38.497125 ], [ -76.694995, 38.496759 ], [ -76.693647, 38.49621 ], [ -76.684598, 38.495009 ], [ -76.680247, 38.497691 ], [ -76.674118, 38.499622 ], [ -76.672663, 38.49816 ], [ -76.665949, 38.494389 ], [ -76.660341, 38.487368 ], [ -76.659326, 38.485675 ], [ -76.652142, 38.473753 ], [ -76.652095, 38.469519 ], [ -76.654345, 38.465174 ], [ -76.653872, 38.463359 ], [ -76.652588, 38.462422 ], [ -76.64648, 38.459593 ], [ -76.639814, 38.455456 ], [ -76.634487, 38.451457 ], [ -76.632601, 38.449659 ], [ -76.628951, 38.446264 ], [ -76.624681, 38.44367 ], [ -76.622486, 38.441366 ], [ -76.621546, 38.438921 ], [ -76.618831, 38.436354 ], [ -76.616427, 38.434612 ], [ -76.613984, 38.429863 ], [ -76.610799, 38.427239 ], [ -76.608373, 38.424445 ], [ -76.605265, 38.423833 ], [ -76.60219, 38.424173 ], [ -76.597528, 38.423425 ], [ -76.595223, 38.422172 ], [ -76.591674, 38.418854 ], [ -76.578631, 38.411283 ], [ -76.571807, 38.408823 ], [ -76.568129, 38.407713 ], [ -76.565615, 38.407051 ], [ -76.563902, 38.406002 ], [ -76.562669, 38.403858 ], [ -76.559957, 38.397321 ], [ -76.558388, 38.395861 ], [ -76.556652, 38.395295 ], [ -76.553435, 38.395043 ], [ -76.545623, 38.395695 ], [ -76.542273, 38.396144 ], [ -76.537325, 38.397429 ], [ -76.534075, 38.397766 ], [ -76.529924, 38.394972 ], [ -76.526904, 38.392012 ], [ -76.524645, 38.390343 ], [ -76.522594, 38.387997 ], [ -76.520078, 38.384382 ], [ -76.516663, 38.381668 ], [ -76.512609, 38.379708 ], [ -76.510057, 38.378903 ], [ -76.507831, 38.377503 ], [ -76.506271, 38.375096 ], [ -76.50504, 38.373947 ], [ -76.501475, 38.372497 ], [ -76.500449, 38.371635 ], [ -76.495675, 38.3666 ], [ -76.491157, 38.361246 ], [ -76.486364, 38.353517 ], [ -76.484085, 38.34807 ], [ -76.483223, 38.34329 ], [ -76.48313, 38.342446 ], [ -76.483432, 38.340415 ], [ -76.484336, 38.33721 ], [ -76.485047, 38.335895 ], [ -76.489381, 38.328005 ], [ -76.488976, 38.327163 ], [ -76.487575, 38.326257 ], [ -76.478044, 38.32706 ], [ -76.475027, 38.326516 ], [ -76.471998273069204, 38.325013606511199 ], [ -76.474776, 38.322122 ], [ -76.475013, 38.32063 ], [ -76.476915, 38.317087 ], [ -76.476756273449197, 38.316140252240302 ], [ -76.476321, 38.313544 ], [ -76.473587, 38.310653 ], [ -76.470854, 38.309068 ], [ -76.468146, 38.305663 ], [ -76.463842, 38.299276 ], [ -76.463619580758703, 38.2990432133534 ], [ -76.461736896693296, 38.297072773621601 ], [ -76.460567607341503, 38.295848981356599 ], [ -76.459208, 38.294426 ], [ -76.458652029079801, 38.294320921669303 ], [ -76.45279, 38.293213 ], [ -76.449344, 38.293027 ], [ -76.441857, 38.291628 ], [ -76.437579, 38.292654 ], [ -76.435083, 38.292747 ], [ -76.42926, 38.294426 ], [ -76.426527, 38.296944 ], [ -76.423912, 38.300675 ], [ -76.422724, 38.304778 ], [ -76.408938, 38.304498 ], [ -76.407275, 38.305617 ], [ -76.403115, 38.306084 ], [ -76.401808, 38.30655 ], [ -76.401214, 38.308508 ], [ -76.400084, 38.309478 ], [ -76.395728, 38.308632 ], [ -76.381493, 38.30313 ], [ -76.375023, 38.299419 ], [ -76.375307, 38.297317 ], [ -76.376622, 38.294525 ], [ -76.387106, 38.285601 ], [ -76.394171, 38.278233 ], [ -76.396355, 38.274483 ], [ -76.398852, 38.266997 ], [ -76.398385, 38.265671 ], [ -76.398640696340607, 38.263924334195202 ], [ -76.39932, 38.259284 ], [ -76.398957288837494, 38.257999038976202 ], [ -76.397106301499207, 38.2514416268234 ], [ -76.396331, 38.248695 ], [ -76.393178, 38.241165 ], [ -76.387960567893501, 38.225767854128797 ], [ -76.385244, 38.217751 ], [ -76.361877, 38.192048 ], [ -76.357217, 38.18278 ], [ -76.353516, 38.178135 ], [ -76.334364, 38.159676 ], [ -76.332881, 38.157096 ], [ -76.332762, 38.155414 ], [ -76.328365, 38.148966 ], [ -76.32566, 38.147608 ], [ -76.320136, 38.138339 ], [ -76.333832, 38.125598 ], [ -76.338535, 38.119472 ], [ -76.339774, 38.12055 ], [ -76.340779468581999, 38.119758128370698 ], [ -76.341318, 38.119334 ], [ -76.340843, 38.116436 ], [ -76.337402, 38.11082 ], [ -76.33193, 38.099604 ], [ -76.330982, 38.094834 ], [ -76.330891, 38.084466 ], [ -76.329764, 38.072406 ], [ -76.321804, 38.049665 ], [ -76.32085, 38.043592 ], [ -76.321531, 38.039029 ], [ -76.322158, 38.037902 ], [ -76.323154, 38.041511 ], [ -76.326644, 38.048597 ], [ -76.330179, 38.051195 ], [ -76.337453, 38.053497 ], [ -76.341404, 38.053697 ], [ -76.345766, 38.053308 ], [ -76.35275, 38.053182 ], [ -76.355104, 38.056853 ], [ -76.35684, 38.056999 ], [ -76.361237, 38.059542 ], [ -76.365703, 38.06694 ], [ -76.37179, 38.079565 ], [ -76.371623, 38.08174 ], [ -76.37602, 38.085668 ], [ -76.382055, 38.089781 ], [ -76.38422, 38.091935 ], [ -76.386953, 38.09287 ], [ -76.390665, 38.094067 ], [ -76.389874, 38.097823 ], [ -76.390335, 38.100125 ], [ -76.392335, 38.102896 ], [ -76.405368, 38.106974 ], [ -76.410500406904703, 38.106914719119402 ], [ -76.41316, 38.106884 ], [ -76.414993599133595, 38.105572354602103 ], [ -76.41655, 38.104459 ], [ -76.421066030456799, 38.1059888730964 ], [ -76.421214, 38.106039 ], [ -76.422264, 38.10966 ], [ -76.425457, 38.114659 ], [ -76.430425, 38.119383 ], [ -76.429047, 38.122317 ], [ -76.429241, 38.123738 ], [ -76.430203, 38.126001 ], [ -76.434384, 38.130855 ], [ -76.43757, 38.136107 ], [ -76.437816, 38.137844 ], [ -76.436509, 38.140928 ], [ -76.435559, 38.145414 ], [ -76.43544, 38.146629 ], [ -76.436985, 38.147938 ], [ -76.439494, 38.149128 ], [ -76.4415, 38.151022 ], [ -76.438173, 38.152424 ], [ -76.435083, 38.154947 ], [ -76.436625825184905, 38.157575537017401 ], [ -76.437935, 38.159806 ], [ -76.438886, 38.160834 ], [ -76.4464800606317, 38.1597537956903 ], [ -76.450057, 38.159245 ], [ -76.452434, 38.158404 ], [ -76.458257, 38.156255 ], [ -76.461584, 38.154667 ], [ -76.467051, 38.153452 ], [ -76.469666, 38.153358 ], [ -76.468834, 38.149059 ], [ -76.465268, 38.145414 ], [ -76.464318, 38.140928 ], [ -76.461228, 38.139339 ], [ -76.46099, 38.135413 ], [ -76.461872, 38.13139 ], [ -76.464147, 38.129 ], [ -76.469346556513699, 38.120041783362701 ], [ -76.469798, 38.119264 ], [ -76.469794729253493, 38.119060668593598 ], [ -76.469738, 38.115534 ], [ -76.466404, 38.111392 ], [ -76.46548, 38.106602 ], [ -76.470309, 38.103679 ], [ -76.473266, 38.103035 ], [ -76.475395, 38.104225 ], [ -76.475608, 38.105963 ], [ -76.477815, 38.108856 ], [ -76.481036, 38.115873 ], [ -76.481758148672299, 38.116637261826 ], [ -76.487599143776194, 38.122818883083397 ], [ -76.498321, 38.134166 ], [ -76.500357982188305, 38.136698 ], [ -76.501183068824503, 38.137723595302198 ], [ -76.502115, 38.138882 ], [ -76.508825, 38.140713 ], [ -76.514824, 38.141219 ], [ -76.518488, 38.140951 ], [ -76.522418, 38.139391 ], [ -76.528990419890107, 38.134708261103803 ], [ -76.529868, 38.134083 ], [ -76.531914, 38.141696 ], [ -76.532974, 38.146624 ], [ -76.535404, 38.146429 ], [ -76.537674, 38.150276 ], [ -76.540157312073902, 38.1527675714268 ], [ -76.54038, 38.152991 ], [ -76.545335, 38.165373 ], [ -76.547333, 38.175673 ], [ -76.548638601263605, 38.176579353818397 ], [ -76.548922160487706, 38.176776201809197 ], [ -76.549645, 38.177278 ], [ -76.550314, 38.183136 ], [ -76.552957, 38.187209 ], [ -76.559533269728107, 38.193412232546301 ], [ -76.560132, 38.193977 ], [ -76.566297, 38.198492 ], [ -76.572581, 38.203618 ], [ -76.580619, 38.2071 ], [ -76.590571913377303, 38.214165793565499 ], [ -76.590637, 38.214212 ], [ -76.59433, 38.215814 ], [ -76.605739, 38.218515 ], [ -76.619633, 38.222805 ], [ -76.632544, 38.225657 ], [ -76.643929, 38.22508 ], [ -76.6473, 38.225126 ], [ -76.652789, 38.226389 ], [ -76.65861, 38.229097 ], [ -76.65991, 38.23054 ], [ -76.66584, 38.232808 ], [ -76.673462, 38.234401 ], [ -76.683932, 38.234116 ], [ -76.685981, 38.232768 ], [ -76.687261, 38.235549 ], [ -76.687618, 38.239376 ], [ -76.687142, 38.241336 ], [ -76.688617381340805, 38.241254930998302 ], [ -76.699026, 38.240683 ], [ -76.702473, 38.238442 ], [ -76.703305, 38.236389 ], [ -76.704888, 38.233635 ], [ -76.707965, 38.234367 ], [ -76.71457, 38.232683 ], [ -76.716376, 38.233231 ], [ -76.719857, 38.233154 ], [ -76.719467, 38.236109 ], [ -76.719229, 38.237882 ], [ -76.720655, 38.239842 ], [ -76.7222, 38.241056 ], [ -76.723104692748606, 38.241509722123602 ], [ -76.732064, 38.246003 ], [ -76.735986, 38.242736 ], [ -76.736461, 38.240029 ], [ -76.740055, 38.235227 ], [ -76.741157574684607, 38.2345890578518 ], [ -76.744661, 38.232562 ], [ -76.744788, 38.227768 ], [ -76.74935, 38.225268 ], [ -76.752286, 38.222121 ], [ -76.75928, 38.224188 ], [ -76.763906, 38.226003 ], [ -76.772711, 38.227044 ], [ -76.778625, 38.22847 ], [ -76.780164, 38.230974 ], [ -76.778857, 38.234428 ], [ -76.776956, 38.234428 ], [ -76.775767, 38.235642 ], [ -76.776005, 38.238069 ], [ -76.777906, 38.241336 ], [ -76.777788, 38.242922 ], [ -76.779808, 38.244509 ], [ -76.781591, 38.245349 ], [ -76.783611, 38.245069 ], [ -76.785512, 38.245536 ], [ -76.786344, 38.246936 ], [ -76.785156, 38.247496 ], [ -76.785512, 38.249362 ], [ -76.78884, 38.251229 ], [ -76.790246753224807, 38.251302416414099 ], [ -76.790622, 38.251322 ], [ -76.799179, 38.249829 ], [ -76.800843, 38.249922 ], [ -76.805949, 38.252275 ], [ -76.805224, 38.253648 ], [ -76.805725, 38.262343 ], [ -76.806614, 38.265907 ], [ -76.809004, 38.268972 ], [ -76.804051, 38.273623 ], [ -76.80215, 38.276702 ], [ -76.802347, 38.280743 ], [ -76.807051, 38.285414 ], [ -76.813202, 38.286777 ], [ -76.814034, 38.291348 ], [ -76.818431, 38.295918 ], [ -76.820689, 38.29769 ], [ -76.821483016636193, 38.299620001800903 ], [ -76.821569, 38.299829 ], [ -76.824889, 38.301152 ], [ -76.825439, 38.302962 ], [ -76.822947, 38.30627 ], [ -76.823066, 38.309068 ], [ -76.825205, 38.311399 ], [ -76.828651, 38.313543 ], [ -76.830787, 38.319349 ], [ -76.833167, 38.32669 ], [ -76.832692, 38.330139 ], [ -76.835068, 38.333868 ], [ -76.838158, 38.335919 ], [ -76.841605, 38.336758 ], [ -76.833999, 38.341512 ], [ -76.82984, 38.341884 ], [ -76.828889, 38.344028 ], [ -76.827106, 38.347384 ], [ -76.837921, 38.351671 ], [ -76.847870098657594, 38.3554444564043 ], [ -76.84736, 38.359815 ], [ -76.847925, 38.36223 ], [ -76.849933, 38.365815 ], [ -76.852231, 38.368111 ], [ -76.858268, 38.371716 ], [ -76.865491, 38.375124 ], [ -76.8713, 38.377643 ], [ -76.873658, 38.379571 ], [ -76.874354, 38.382576 ], [ -76.873701, 38.385174 ] ] ] ] } },
{ "type": "Feature", "properties": { "STATEFP": "24", "COUNTYFP": "039", "COUNTYNS": "00596907", "GEOIDFQ": "0500000US24039", "GEOID": "24039", "NAME": "Somerset", "NAMELSAD": "Somerset County", "STUSPS": "MD", "STATE_NAME": "Maryland", "LSAD": "06", "ALAND": 828145300.0, "AWATER": 752652883.0 }, "geometry": { "type": "MultiPolygon", "coordinates": [ [ [ [ -75.959616, 38.137141 ], [ -75.958124, 38.14105 ], [ -75.956431, 38.143778 ], [ -75.955109, 38.146532 ], [ -75.954772, 38.149847 ], [ -75.953912, 38.151667 ], [ -75.954117, 38.153048 ], [ -75.952428, 38.157933 ], [ -75.953085, 38.159404 ], [ -75.951273, 38.161887 ], [ -75.947943, 38.168455 ], [ -75.947700396973403, 38.169310148224703 ], [ -75.94728, 38.170792 ], [ -75.951067, 38.174717 ], [ -75.951972, 38.176239 ], [ -75.951566, 38.178093 ], [ -75.942375, 38.187066 ], [ -75.936746, 38.189514 ], [ -75.932531, 38.189762 ], [ -75.927751, 38.189793 ], [ -75.924319, 38.190263 ], [ -75.920825, 38.191453 ], [ -75.912744, 38.19453 ], [ -75.909824, 38.19692 ], [ -75.900549, 38.199728 ], [ -75.895905, 38.200256 ], [ -75.890178, 38.202746 ], [ -75.888073, 38.203813 ], [ -75.886729, 38.202463 ], [ -75.884603, 38.199751 ], [ -75.877751, 38.198292 ], [ -75.867497775013405, 38.200219879776903 ], [ -75.864104, 38.200858 ], [ -75.858289, 38.204421 ], [ -75.852174, 38.206606 ], [ -75.846377, 38.210477 ], [ -75.841122, 38.212395 ], [ -75.839577, 38.21501 ], [ -75.8372, 38.218184 ], [ -75.834229, 38.217904 ], [ -75.832922, 38.218931 ], [ -75.830426, 38.217344 ], [ -75.829485160333704, 38.216605011151501 ], [ -75.828762, 38.216037 ], [ -75.826385, 38.216877 ], [ -75.826267, 38.218745 ], [ -75.823414, 38.221826 ], [ -75.821632, 38.222199 ], [ -75.820206, 38.22388 ], [ -75.818661, 38.22612 ], [ -75.818898, 38.228174 ], [ -75.819136, 38.230041 ], [ -75.820325, 38.230788 ], [ -75.8217279616984, 38.230190806626297 ], [ -75.823177, 38.229574 ], [ -75.825435, 38.229108 ], [ -75.827336, 38.229761 ], [ -75.831614, 38.229761 ], [ -75.835417, 38.230881 ], [ -75.838151, 38.230414 ], [ -75.841478, 38.231255 ], [ -75.845281, 38.231255 ], [ -75.847895, 38.229761 ], [ -75.851396, 38.226432 ], [ -75.855431, 38.229011 ], [ -75.857774, 38.22892 ], [ -75.860611, 38.229201 ], [ -75.860611, 38.230975 ], [ -75.861324, 38.232655 ], [ -75.856927, 38.235922 ], [ -75.851461, 38.237789 ], [ -75.849321, 38.239842 ], [ -75.836962, 38.247123 ], [ -75.835298, 38.249083 ], [ -75.829, 38.249829 ], [ -75.826344, 38.251895 ], [ -75.823414, 38.252816 ], [ -75.822582, 38.251696 ], [ -75.821156, 38.251322 ], [ -75.817472, 38.252162 ], [ -75.813907, 38.252536 ], [ -75.812125, 38.251509 ], [ -75.809867, 38.251416 ], [ -75.808205, 38.252585 ], [ -75.803212, 38.252629 ], [ -75.80131, 38.253655 ], [ -75.800716, 38.255335 ], [ -75.8013719513268, 38.255889905102997 ], [ -75.799218, 38.258824 ], [ -75.795647, 38.266151 ], [ -75.791078, 38.267085 ], [ -75.784253, 38.267216 ], [ -75.781225, 38.267519 ], [ -75.779007, 38.268321 ], [ -75.775938, 38.270098 ], [ -75.772276, 38.273538 ], [ -75.770989, 38.276525 ], [ -75.770069, 38.283954 ], [ -75.769175, 38.284978 ], [ -75.763324, 38.285967 ], [ -75.754406, 38.285444 ], [ -75.752342, 38.284788 ], [ -75.753099, 38.282055 ], [ -75.751803, 38.280697 ], [ -75.749651, 38.281108 ], [ -75.749238, 38.282594 ], [ -75.749926, 38.283822 ], [ -75.74855, 38.284606 ], [ -75.745937, 38.280426 ], [ -75.741649, 38.279155 ], [ -75.740411, 38.279359 ], [ -75.73749, 38.2819 ], [ -75.734516, 38.283038 ], [ -75.731134, 38.281014 ], [ -75.728455, 38.280952 ], [ -75.727931, 38.279756 ], [ -75.729164, 38.277231 ], [ -75.728815, 38.275892 ], [ -75.727427, 38.275409 ], [ -75.723802, 38.276116 ], [ -75.723065, 38.274694 ], [ -75.723822, 38.271594 ], [ -75.72081, 38.267139 ], [ -75.718173, 38.265882 ], [ -75.714566, 38.267097 ], [ -75.711177, 38.264646 ], [ -75.709354, 38.264935 ], [ -75.706545, 38.26629 ], [ -75.704643, 38.266369 ], [ -75.702757, 38.265497 ], [ -75.699447, 38.264907 ], [ -75.694432, 38.266904 ], [ -75.693576, 38.268782 ], [ -75.696405, 38.270675 ], [ -75.695691, 38.271905 ], [ -75.696404, 38.274194 ], [ -75.695449, 38.27563 ], [ -75.694338, 38.275491 ], [ -75.693143, 38.277189 ], [ -75.693358, 38.278564 ], [ -75.690539, 38.280867 ], [ -75.690914, 38.281637 ], [ -75.691015, 38.282032 ], [ -75.68896, 38.283223 ], [ -75.686177, 38.28665 ], [ -75.687226, 38.289947 ], [ -75.681454, 38.292985 ], [ -75.676722, 38.293644 ], [ -75.673252, 38.293616 ], [ -75.669758, 38.296138 ], [ -75.667316, 38.296588 ], [ -75.664046, 38.298609 ], [ -75.662679, 38.298845 ], [ -75.658755, 38.296663 ], [ -75.657132, 38.295333 ], [ -75.653967, 38.294189 ], [ -75.652318, 38.294248 ], [ -75.650689, 38.294337 ], [ -75.646796, 38.290781 ], [ -75.644149, 38.28928 ], [ -75.643819, 38.289199 ], [ -75.63769, 38.289359 ], [ -75.635275, 38.288536 ], [ -75.633088, 38.288985 ], [ -75.629819, 38.285719 ], [ -75.628028, 38.285202 ], [ -75.62649, 38.282553 ], [ -75.625881, 38.282289 ], [ -75.612764, 38.278626 ], [ -75.612991, 38.277426 ], [ -75.611892, 38.276434 ], [ -75.610213, 38.27307 ], [ -75.610725, 38.26763 ], [ -75.610342, 38.266417 ], [ -75.607627, 38.262606 ], [ -75.604689, 38.259642 ], [ -75.604637, 38.254008 ], [ -75.605903, 38.249827 ], [ -75.605826, 38.249125 ], [ -75.603355, 38.245722 ], [ -75.599723, 38.242167 ], [ -75.597557, 38.238348 ], [ -75.592711, 38.233378 ], [ -75.591926, 38.232249 ], [ -75.590842, 38.228106 ], [ -75.589407, 38.226916 ], [ -75.586817, 38.223608 ], [ -75.583205, 38.22198 ], [ -75.576652, 38.220061 ], [ -75.576843, 38.218832 ], [ -75.575706, 38.214522 ], [ -75.575836, 38.211283 ], [ -75.57363, 38.208605 ], [ -75.567802, 38.20595 ], [ -75.563453, 38.202216 ], [ -75.561157, 38.199423 ], [ -75.560195, 38.197684 ], [ -75.557928, 38.191603 ], [ -75.557716, 38.191515 ], [ -75.55603, 38.189684 ], [ -75.552658, 38.187666 ], [ -75.551009, 38.187476 ], [ -75.549399, 38.185507 ], [ -75.549849, 38.183943 ], [ -75.549331, 38.182745 ], [ -75.547027, 38.181403 ], [ -75.545898, 38.17874 ], [ -75.546782, 38.176066 ], [ -75.547859, 38.175646 ], [ -75.548048, 38.17351 ], [ -75.546859, 38.171874 ], [ -75.546989, 38.169608 ], [ -75.548705, 38.167792 ], [ -75.550354, 38.164069 ], [ -75.549377, 38.16318 ], [ -75.551712, 38.162741 ], [ -75.555404, 38.161436 ], [ -75.558051, 38.159251 ], [ -75.56024, 38.158186 ], [ -75.561843, 38.158209 ], [ -75.56208, 38.15647 ], [ -75.564407, 38.156187 ], [ -75.566673, 38.154444 ], [ -75.569602, 38.153609 ], [ -75.570121, 38.152445 ], [ -75.572409, 38.150916 ], [ -75.572875, 38.148959 ], [ -75.573837, 38.14752 ], [ -75.575279, 38.146685 ], [ -75.57682, 38.144297 ], [ -75.576315, 38.143561 ], [ -75.576689, 38.140437 ], [ -75.575492, 38.140074 ], [ -75.574988, 38.137076 ], [ -75.5717, 38.131598 ], [ -75.57067, 38.131529 ], [ -75.568473, 38.132651 ], [ -75.565558, 38.131022 ], [ -75.565315, 38.130221 ], [ -75.56243, 38.12897 ], [ -75.559158, 38.126925 ], [ -75.557777, 38.124834 ], [ -75.554496, 38.123354 ], [ -75.552543, 38.120875 ], [ -75.551856, 38.118788 ], [ -75.551848, 38.115508 ], [ -75.548728, 38.115092 ], [ -75.548735, 38.113879 ], [ -75.55004, 38.113261 ], [ -75.549774, 38.112334 ], [ -75.546782, 38.112109 ], [ -75.546073, 38.11096 ], [ -75.546447, 38.10998 ], [ -75.548262, 38.109183 ], [ -75.54708, 38.107829 ], [ -75.544074, 38.108199 ], [ -75.542236, 38.109271 ], [ -75.540106, 38.108309 ], [ -75.539633, 38.107348 ], [ -75.540877, 38.106081 ], [ -75.543571, 38.106764 ], [ -75.543617, 38.104041 ], [ -75.544303, 38.102736 ], [ -75.540555, 38.102082 ], [ -75.542502, 38.099804 ], [ -75.545463, 38.10076 ], [ -75.545211, 38.099215 ], [ -75.546058, 38.097987 ], [ -75.544342, 38.096941 ], [ -75.541702, 38.09722 ], [ -75.540397, 38.096663 ], [ -75.543373, 38.094862 ], [ -75.543037, 38.093993 ], [ -75.544119, 38.091868 ], [ -75.542326, 38.091143 ], [ -75.542296, 38.089995 ], [ -75.54087, 38.08948 ], [ -75.545806, 38.086749 ], [ -75.553328, 38.084818 ], [ -75.556007, 38.084822 ], [ -75.557111, 38.085229 ], [ -75.558455, 38.085722 ], [ -75.56011, 38.08729 ], [ -75.562193, 38.088404 ], [ -75.564849, 38.088305 ], [ -75.569518, 38.087106 ], [ -75.571667, 38.0853 ], [ -75.572522, 38.083108 ], [ -75.572488, 38.081163 ], [ -75.570999, 38.07704 ], [ -75.571136, 38.076552 ], [ -75.57154, 38.075102 ], [ -75.574592, 38.071639 ], [ -75.578712, 38.069033 ], [ -75.581588, 38.068266 ], [ -75.589171, 38.067969 ], [ -75.594177, 38.068369 ], [ -75.599586, 38.069384 ], [ -75.601783, 38.070578 ], [ -75.604423, 38.074297 ], [ -75.605696, 38.075064 ], [ -75.609085, 38.075629 ], [ -75.615234, 38.074046 ], [ -75.617522, 38.073016 ], [ -75.618507, 38.071959 ], [ -75.618904, 38.070231 ], [ -75.618461, 38.068503 ], [ -75.616203, 38.065062 ], [ -75.616469, 38.063944 ], [ -75.619323, 38.058165 ], [ -75.620666, 38.056357 ], [ -75.622665, 38.054972 ], [ -75.62606, 38.053755 ], [ -75.62854, 38.053904 ], [ -75.631958, 38.053328 ], [ -75.635635, 38.052164 ], [ -75.637122, 38.051203 ], [ -75.637023, 38.049876 ], [ -75.635955, 38.048209 ], [ -75.63671, 38.045866 ], [ -75.638008, 38.044791 ], [ -75.638854, 38.044707 ], [ -75.645941, 38.045927 ], [ -75.647888, 38.04679 ], [ -75.648941, 38.04838 ], [ -75.64865, 38.050982 ], [ -75.649604, 38.0521 ], [ -75.651611, 38.05247 ], [ -75.654258, 38.052882 ], [ -75.656317, 38.052157 ], [ -75.657484, 38.050341 ], [ -75.659843, 38.047816 ], [ -75.660614, 38.046328 ], [ -75.661827, 38.041853 ], [ -75.659216, 38.034434 ], [ -75.657378, 38.031355 ], [ -75.655822, 38.029757 ], [ -75.651962, 38.027186 ], [ -75.649154, 38.026362 ], [ -75.648223, 38.025359 ], [ -75.646759, 38.021769 ], [ -75.645851, 38.020636 ], [ -75.644264, 38.020148 ], [ -75.64276, 38.020457 ], [ -75.64102, 38.022284 ], [ -75.639288, 38.022978 ], [ -75.636969, 38.022574 ], [ -75.63504, 38.021277 ], [ -75.631553, 38.017645 ], [ -75.630919, 38.015963 ], [ -75.631866, 38.012736 ], [ -75.630813, 38.009669 ], [ -75.628943, 38.007414 ], [ -75.626472, 38.007574 ], [ -75.623579, 38.009032 ], [ -75.621589, 38.008437 ], [ -75.619728, 38.007124 ], [ -75.619543, 38.005469 ], [ -75.621169, 37.998484 ], [ -75.6243428147, 37.994206251195997 ], [ -75.624449, 37.994195 ], [ -75.624648, 37.9925 ], [ -75.625084, 37.990577 ], [ -75.625611, 37.989798 ], [ -75.626655, 37.988892 ], [ -75.627607, 37.988519 ], [ -75.629348, 37.988354 ], [ -75.630869, 37.987818 ], [ -75.632532, 37.986693 ], [ -75.633833, 37.984519 ], [ -75.633712, 37.983057 ], [ -75.628855, 37.977798 ], [ -75.628839, 37.976789 ], [ -75.629532, 37.975966 ], [ -75.630992, 37.975667 ], [ -75.63201, 37.97602 ], [ -75.634209, 37.977672 ], [ -75.635736, 37.979536 ], [ -75.638221, 37.979397 ], [ -75.641823, 37.975967 ], [ -75.644725, 37.969779 ], [ -75.648229, 37.966775 ], [ -75.648229, 37.966771 ], [ -75.652998, 37.965936 ], [ -75.656088, 37.962844 ], [ -75.658108, 37.959471 ], [ -75.656682, 37.956192 ], [ -75.655375, 37.953661 ], [ -75.65692, 37.953287 ], [ -75.659607, 37.956808 ], [ -75.663095, 37.961195 ], [ -75.666507, 37.962395 ], [ -75.671681, 37.966576 ], [ -75.677019, 37.967959 ], [ -75.679464, 37.96755 ], [ -75.685995, 37.967607 ], [ -75.689155, 37.966836 ], [ -75.690424, 37.966929 ], [ -75.696139, 37.970335 ], [ -75.702079, 37.971932 ], [ -75.70709, 37.974611 ], [ -75.71315, 37.976623 ], [ -75.715151, 37.978208 ], [ -75.714981, 37.979328 ], [ -75.713369, 37.981581 ], [ -75.714438, 37.982892 ], [ -75.713131, 37.985515 ], [ -75.712893, 37.988512 ], [ -75.716102, 37.98898 ], [ -75.716856, 37.988238 ], [ -75.718122, 37.987669 ], [ -75.718479, 37.986639 ], [ -75.7224, 37.985515 ], [ -75.723945, 37.983641 ], [ -75.723232, 37.981768 ], [ -75.721806, 37.980082 ], [ -75.722085, 37.973416 ], [ -75.722662, 37.97131 ], [ -75.727952, 37.967256 ], [ -75.730339, 37.967182 ], [ -75.733408, 37.965825 ], [ -75.736514, 37.963227 ], [ -75.738325, 37.965093 ], [ -75.738919, 37.967341 ], [ -75.739989, 37.968372 ], [ -75.739038, 37.971182 ], [ -75.740226, 37.974461 ], [ -75.737018, 37.97671 ], [ -75.737137, 37.97877 ], [ -75.738444, 37.980457 ], [ -75.738713, 37.981764 ], [ -75.737137, 37.982986 ], [ -75.739157, 37.983922 ], [ -75.742841, 37.984297 ], [ -75.746763, 37.987669 ], [ -75.7475625586398, 37.986986067024297 ], [ -75.748189, 37.986451 ], [ -75.747357, 37.983641 ], [ -75.745931, 37.981674 ], [ -75.745099, 37.980457 ], [ -75.747, 37.978021 ], [ -75.748821, 37.976908 ], [ -75.75116, 37.977178 ], [ -75.752942, 37.976897 ], [ -75.754012, 37.975773 ], [ -75.752823, 37.974461 ], [ -75.749615, 37.972588 ], [ -75.745455, 37.971557 ], [ -75.746525, 37.969777 ], [ -75.750244, 37.968873 ], [ -75.758234, 37.970784 ], [ -75.772308, 37.972422 ], [ -75.775767, 37.971965 ], [ -75.783815, 37.972594 ], [ -75.784846, 37.970761 ], [ -75.787412, 37.969031 ], [ -75.789458, 37.967973 ], [ -75.791549, 37.964933 ], [ -75.800854, 37.958618 ], [ -75.802179, 37.956968 ], [ -75.803746, 37.955634 ], [ -75.809272, 37.955161 ], [ -75.812481, 37.957691 ], [ -75.813669, 37.959471 ], [ -75.811887, 37.962188 ], [ -75.812125, 37.964624 ], [ -75.813194, 37.966404 ], [ -75.814499351515195, 37.966676634664402 ], [ -75.817235, 37.967248 ], [ -75.818661, 37.967248 ], [ -75.820325, 37.966123 ], [ -75.820206, 37.964624 ], [ -75.821394, 37.962001 ], [ -75.824009, 37.960783 ], [ -75.824959, 37.956004 ], [ -75.826148, 37.952818 ], [ -75.822701, 37.948882 ], [ -75.818643, 37.946387 ], [ -75.818425, 37.941187 ], [ -75.820949, 37.938896 ], [ -75.82515, 37.938704 ], [ -75.829901, 37.938556 ], [ -75.832414, 37.933313 ], [ -75.833154, 37.930761 ], [ -75.835774, 37.929481 ], [ -75.841912, 37.92734 ], [ -75.84942, 37.924302 ], [ -75.855499, 37.922649 ], [ -75.860727, 37.91831 ], [ -75.871941, 37.917619 ], [ -75.877709, 37.91613 ], [ -75.880335, 37.914749 ], [ -75.881976, 37.912546 ], [ -75.885032, 37.911717 ], [ -75.888713, 37.915137 ], [ -75.892686, 37.916848 ], [ -75.89627, 37.924638 ], [ -75.897285, 37.926338 ], [ -75.893055, 37.928638 ], [ -75.89392, 37.93027 ], [ -75.892568, 37.93262 ], [ -75.893599, 37.934939 ], [ -75.893039, 37.939917 ], [ -75.891039, 37.944824 ], [ -75.890864, 37.948448 ], [ -75.889915, 37.953685 ], [ -75.883666, 37.951694 ], [ -75.880458, 37.9516 ], [ -75.877843, 37.950194 ], [ -75.875361, 37.950631 ], [ -75.872376, 37.949819 ], [ -75.869643, 37.950663 ], [ -75.865721, 37.951506 ], [ -75.863345, 37.953568 ], [ -75.861205, 37.955348 ], [ -75.862110425359305, 37.956501318515897 ], [ -75.864147246039494, 37.959095793013397 ], [ -75.864295, 37.959284 ], [ -75.865246, 37.965093 ], [ -75.864830694395494, 37.966133510255602 ], [ -75.861918, 37.973431 ], [ -75.86382, 37.976054 ], [ -75.86786, 37.977459 ], [ -75.870475, 37.97671 ], [ -75.871307, 37.974461 ], [ -75.872623361808394, 37.974757511156803 ], [ -75.873802, 37.975023 ], [ -75.876773, 37.971745 ], [ -75.878675, 37.969777 ], [ -75.881527, 37.972026 ], [ -75.88426, 37.973056 ], [ -75.886875, 37.97418 ], [ -75.890084, 37.976991 ], [ -75.89246, 37.975585 ], [ -75.893292, 37.974461 ], [ -75.890768, 37.973388 ], [ -75.88842, 37.970339 ], [ -75.889727, 37.969777 ], [ -75.89151, 37.971745 ], [ -75.898429, 37.974828 ], [ -75.888189, 37.987864 ], [ -75.887787, 37.990475 ], [ -75.887036, 37.992753 ], [ -75.885476, 37.996078 ], [ -75.883206, 37.997797 ], [ -75.881253, 38.000684 ], [ -75.881685, 38.00192 ], [ -75.878387, 38.007153 ], [ -75.873462, 38.013113 ], [ -75.873038, 38.015221 ], [ -75.871270885192999, 38.017768716542101 ], [ -75.87, 38.019601 ], [ -75.869287, 38.022503 ], [ -75.867385, 38.023908 ], [ -75.867147, 38.025499 ], [ -75.870237, 38.02681 ], [ -75.872971, 38.02681 ], [ -75.874231, 38.02841 ], [ -75.872808, 38.031998 ], [ -75.87075, 38.034984 ], [ -75.867078, 38.03616 ], [ -75.861329, 38.03839 ], [ -75.857507, 38.038778 ], [ -75.850531, 38.036697 ], [ -75.847922, 38.03437 ], [ -75.845519, 38.028307 ], [ -75.843498, 38.027465 ], [ -75.842162130651701, 38.028881280901302 ], [ -75.840408, 38.030741 ], [ -75.837319, 38.032707 ], [ -75.834348, 38.032988 ], [ -75.830069, 38.038229 ], [ -75.830876, 38.04123 ], [ -75.829355, 38.043283 ], [ -75.826439, 38.045873 ], [ -75.822634, 38.046713 ], [ -75.818898, 38.044126 ], [ -75.816878, 38.044781 ], [ -75.811768, 38.047495 ], [ -75.807965, 38.050958 ], [ -75.805588, 38.052923 ], [ -75.804919152642299, 38.050288885862003 ], [ -75.804875, 38.050115 ], [ -75.80238, 38.050396 ], [ -75.801548, 38.052549 ], [ -75.799171, 38.053391 ], [ -75.796794, 38.053578 ], [ -75.792159, 38.056479 ], [ -75.790377, 38.059847 ], [ -75.789307, 38.061625 ], [ -75.78491, 38.062655 ], [ -75.780275, 38.065087 ], [ -75.780157, 38.067707 ], [ -75.775165, 38.07332 ], [ -75.773739, 38.077062 ], [ -75.777305, 38.079495 ], [ -75.778907, 38.078319 ], [ -75.78182, 38.079027 ], [ -75.783448544456704, 38.082334925670303 ], [ -75.785504, 38.08651 ], [ -75.788238, 38.086136 ], [ -75.79002, 38.083798 ], [ -75.790258, 38.080711 ], [ -75.789719, 38.079202 ], [ -75.790377, 38.077904 ], [ -75.788689, 38.076319 ], [ -75.788119, 38.074724 ], [ -75.789783, 38.072198 ], [ -75.792159, 38.071543 ], [ -75.79513, 38.070607 ], [ -75.800003, 38.072104 ], [ -75.802855, 38.072759 ], [ -75.805588, 38.073975 ], [ -75.806658, 38.07304 ], [ -75.805588, 38.071449 ], [ -75.804519, 38.07042 ], [ -75.804162, 38.068736 ], [ -75.803449, 38.067333 ], [ -75.79929, 38.065461 ], [ -75.800597, 38.061906 ], [ -75.805707, 38.062655 ], [ -75.81058, 38.062187 ], [ -75.811412, 38.059941 ], [ -75.812913, 38.058932 ], [ -75.815325, 38.064204 ], [ -75.819591, 38.066814 ], [ -75.818423, 38.068455 ], [ -75.819374, 38.069952 ], [ -75.821751, 38.07042 ], [ -75.821988, 38.071917 ], [ -75.824246, 38.072198 ], [ -75.82484, 38.070233 ], [ -75.82618, 38.068272 ], [ -75.831537167085997, 38.067704193253 ], [ -75.833058, 38.067543 ], [ -75.837794, 38.06911 ], [ -75.844265, 38.072272 ], [ -75.847854, 38.071062 ], [ -75.849466, 38.068096 ], [ -75.851342, 38.069297 ], [ -75.856095, 38.06883 ], [ -75.858944, 38.067323 ], [ -75.860072, 38.065743 ], [ -75.858881, 38.060135 ], [ -75.870988, 38.059226 ], [ -75.872479, 38.060448 ], [ -75.873795, 38.060703 ], [ -75.873876, 38.061774 ], [ -75.873009, 38.066347 ], [ -75.871188, 38.069204 ], [ -75.87202, 38.071636 ], [ -75.87404, 38.074162 ], [ -75.875466, 38.076033 ], [ -75.878823, 38.076085 ], [ -75.875585, 38.080243 ], [ -75.873809, 38.079874 ], [ -75.872139, 38.081085 ], [ -75.86893, 38.080617 ], [ -75.863939, 38.080337 ], [ -75.865365, 38.083798 ], [ -75.865603, 38.085762 ], [ -75.865721, 38.088007 ], [ -75.867623, 38.088755 ], [ -75.871477, 38.089055 ], [ -75.872524, 38.089925 ], [ -75.869287, 38.090906 ], [ -75.866078, 38.090345 ], [ -75.863701, 38.090065 ], [ -75.862275, 38.092029 ], [ -75.862988, 38.093806 ], [ -75.865603, 38.094928 ], [ -75.867594, 38.09585 ], [ -75.865493, 38.099239 ], [ -75.862632, 38.096986 ], [ -75.860136, 38.096892 ], [ -75.857878, 38.100726 ], [ -75.855822, 38.104661 ], [ -75.85088, 38.107696 ], [ -75.848246, 38.10813 ], [ -75.842604, 38.113111 ], [ -75.839457002777607, 38.113511787981899 ], [ -75.837563, 38.113753 ], [ -75.837569, 38.116252 ], [ -75.83779, 38.118659 ], [ -75.83769, 38.122494 ], [ -75.838118, 38.123779 ], [ -75.838252, 38.126198 ], [ -75.833991, 38.127187 ], [ -75.830545, 38.130366 ], [ -75.829238, 38.13289 ], [ -75.827674, 38.133438 ], [ -75.824009, 38.12859 ], [ -75.823058, 38.125598 ], [ -75.820681, 38.125598 ], [ -75.819849, 38.127 ], [ -75.817472, 38.128683 ], [ -75.818542, 38.131394 ], [ -75.815927, 38.132422 ], [ -75.813788, 38.134292 ], [ -75.811174, 38.135507 ], [ -75.809035, 38.135787 ], [ -75.807965, 38.134572 ], [ -75.809272, 38.13317 ], [ -75.809272, 38.131861 ], [ -75.808084, 38.131114 ], [ -75.807371, 38.129337 ], [ -75.805351, 38.128403 ], [ -75.802261, 38.130272 ], [ -75.797983, 38.133544 ], [ -75.796557, 38.1356 ], [ -75.793348, 38.136442 ], [ -75.789480013320102, 38.137153831419099 ], [ -75.787762, 38.13747 ], [ -75.78786, 38.138605 ], [ -75.787049, 38.141396 ], [ -75.788475, 38.145788 ], [ -75.790332596501997, 38.145476420647299 ], [ -75.797388, 38.144293 ], [ -75.799052, 38.142237 ], [ -75.808084, 38.140461 ], [ -75.809748, 38.141582 ], [ -75.812006, 38.143452 ], [ -75.815927, 38.144573 ], [ -75.818542, 38.143732 ], [ -75.820443, 38.142891 ], [ -75.821751, 38.143826 ], [ -75.819255, 38.145695 ], [ -75.822226, 38.147844 ], [ -75.827336, 38.148405 ], [ -75.829713, 38.148966 ], [ -75.832922, 38.151676 ], [ -75.836487, 38.150555 ], [ -75.838507, 38.148125 ], [ -75.841478, 38.14476 ], [ -75.843862, 38.144599 ], [ -75.849919, 38.144414 ], [ -75.851605046047894, 38.143735440415099 ], [ -75.852769, 38.143267 ], [ -75.854299, 38.141522 ], [ -75.85954, 38.140542 ], [ -75.866791, 38.140928 ], [ -75.868574, 38.142704 ], [ -75.870118, 38.142517 ], [ -75.871663, 38.14205 ], [ -75.871663, 38.140554 ], [ -75.870475, 38.138778 ], [ -75.86786, 38.136348 ], [ -75.866, 38.134886 ], [ -75.868636, 38.134381 ], [ -75.880293, 38.137022 ], [ -75.878081, 38.139713 ], [ -75.880339, 38.143639 ], [ -75.880814, 38.148031 ], [ -75.884736, 38.148779 ], [ -75.886756, 38.1499 ], [ -75.887294090153105, 38.1492462225225 ], [ -75.888063, 38.148312 ], [ -75.891747, 38.147844 ], [ -75.894243, 38.148125 ], [ -75.89757, 38.147377 ], [ -75.901492, 38.145601 ], [ -75.902443, 38.144199 ], [ -75.90482, 38.14233 ], [ -75.902443, 38.141209 ], [ -75.900355, 38.14115 ], [ -75.901611, 38.139807 ], [ -75.903978, 38.138497 ], [ -75.906703, 38.137559 ], [ -75.908504, 38.138218 ], [ -75.908147, 38.140554 ], [ -75.908072, 38.142556 ], [ -75.91504, 38.143826 ], [ -75.917445, 38.144812 ], [ -75.918962, 38.147097 ], [ -75.920606, 38.147497 ], [ -75.921101, 38.149246 ], [ -75.923953, 38.149994 ], [ -75.925735, 38.151022 ], [ -75.928944, 38.149527 ], [ -75.932628, 38.149246 ], [ -75.932492940323399, 38.148790985248297 ], [ -75.931815397002396, 38.146508348314498 ], [ -75.931796, 38.146443 ], [ -75.93037, 38.144573 ], [ -75.929776, 38.142424 ], [ -75.921695, 38.136909 ], [ -75.920982, 38.133731 ], [ -75.920618, 38.131418 ], [ -75.92387, 38.129856 ], [ -75.928825, 38.126907 ], [ -75.93184, 38.12663 ], [ -75.933579, 38.126813 ], [ -75.935415787755304, 38.125450323272098 ], [ -75.937089, 38.124209 ], [ -75.936999, 38.1212 ], [ -75.934767, 38.120176 ], [ -75.934607, 38.117268 ], [ -75.937448, 38.116251 ], [ -75.937565, 38.113658 ], [ -75.94178, 38.111913 ], [ -75.944999, 38.113574 ], [ -75.945439, 38.115296 ], [ -75.946597, 38.117122 ], [ -75.947774, 38.119381 ], [ -75.945582, 38.120924 ], [ -75.945225, 38.124476 ], [ -75.946057, 38.126626 ], [ -75.946885610828602, 38.127147279142001 ], [ -75.947246, 38.127374 ], [ -75.950251, 38.127251 ], [ -75.951711, 38.12798 ], [ -75.955603, 38.130599 ], [ -75.956798, 38.13166 ], [ -75.956203, 38.132842 ], [ -75.958928, 38.135641 ], [ -75.959616, 38.137141 ] ] ], [ [ [ -76.049977, 37.990106 ], [ -76.048653, 37.991425 ], [ -76.047677, 37.993402 ], [ -76.047742, 37.994879 ], [ -76.04856, 37.996923 ], [ -76.048421841890402, 37.999945744974802 ], [ -76.048238, 38.003968 ], [ -76.047071, 38.005837 ], [ -76.04517, 38.00874 ], [ -76.046477, 38.010613 ], [ -76.047752, 38.01238 ], [ -76.047318, 38.019489 ], [ -76.044932, 38.025499 ], [ -76.041, 38.031956 ], [ -76.037716, 38.03238 ], [ -76.035313, 38.031433 ], [ -76.030942, 38.033329 ], [ -76.02874, 38.035482 ], [ -76.02411, 38.036687 ], [ -76.0215, 38.038449 ], [ -76.013128, 38.039762 ], [ -76.009274, 38.038427 ], [ -76.007337, 38.036706 ], [ -76.00726, 38.032613 ], [ -76.002744, 38.024937 ], [ -75.994544, 38.021942 ], [ -75.993355, 38.023159 ], [ -75.992167, 38.023814 ], [ -75.9863, 38.021946 ], [ -75.988648, 38.019354 ], [ -75.988011, 38.016573 ], [ -75.984957, 38.013542 ], [ -75.98261, 38.008386 ], [ -75.980089, 38.004891 ], [ -75.984251, 38.004006 ], [ -75.984918, 37.997597 ], [ -75.984205, 37.995068 ], [ -75.982121, 37.988548 ], [ -75.985631, 37.988325 ], [ -75.9891, 37.990443 ], [ -75.991216, 37.98795 ], [ -75.993237, 37.984953 ], [ -75.991951, 37.982469 ], [ -75.992832, 37.978434 ], [ -75.993005, 37.975828 ], [ -75.995257, 37.972681 ], [ -75.996919520669906, 37.9693099811347 ], [ -75.997752, 37.967622 ], [ -75.995613, 37.966498 ], [ -75.990629, 37.962941 ], [ -75.990691, 37.959698 ], [ -75.993349, 37.95752 ], [ -75.993905, 37.953489 ], [ -76.020932, 37.953879 ], [ -76.021714, 37.953887 ], [ -76.029463, 37.953775 ], [ -76.030122, 37.953655 ], [ -76.041402, 37.954006 ], [ -76.041691, 37.954 ], [ -76.04653, 37.953586 ], [ -76.046568, 37.958427 ], [ -76.046673, 37.96284 ], [ -76.046776, 37.968212 ], [ -76.047894, 37.974992 ], [ -76.04758, 37.97706 ], [ -76.047028, 37.978687 ], [ -76.047862, 37.981068 ], [ -76.049608, 37.983628 ], [ -76.050153, 37.986905 ], [ -76.049977, 37.990106 ] ] ], [ [ [ -76.054201, 38.094273 ], [ -76.050517, 38.09287 ], [ -76.046952, 38.092777 ], [ -76.045526, 38.091 ], [ -76.044338, 38.089316 ], [ -76.042674, 38.089129 ], [ -76.040891, 38.089877 ], [ -76.039109, 38.090813 ], [ -76.037445, 38.091093 ], [ -76.033523, 38.091 ], [ -76.033523, 38.093151 ], [ -76.034474, 38.095676 ], [ -76.032454, 38.097079 ], [ -76.031384, 38.098762 ], [ -76.032097, 38.099885 ], [ -76.032691, 38.1011 ], [ -76.034236, 38.101194 ], [ -76.037088, 38.101381 ], [ -76.039941, 38.101568 ], [ -76.042436, 38.103438 ], [ -76.044457, 38.105496 ], [ -76.047665, 38.107553 ], [ -76.047982, 38.108702 ], [ -76.04517, 38.108862 ], [ -76.041961, 38.108956 ], [ -76.040891, 38.110171 ], [ -76.040535, 38.112509 ], [ -76.040772, 38.114472 ], [ -76.041961, 38.117184 ], [ -76.040059, 38.117651 ], [ -76.038277, 38.118773 ], [ -76.035781, 38.120176 ], [ -76.034355, 38.121952 ], [ -76.031741, 38.119989 ], [ -76.028532, 38.120737 ], [ -76.025561, 38.122139 ], [ -76.024135, 38.124102 ], [ -76.022828, 38.126626 ], [ -76.023303, 38.129057 ], [ -76.021996, 38.128777 ], [ -76.020807, 38.129711 ], [ -76.021385, 38.131583 ], [ -76.018569, 38.131929 ], [ -76.017955, 38.129992 ], [ -76.016552, 38.129738 ], [ -76.014721, 38.131597 ], [ -76.012929, 38.129272 ], [ -76.012654, 38.12704 ], [ -76.012632, 38.124726 ], [ -76.013489, 38.120846 ], [ -76.017005, 38.119989 ], [ -76.019025, 38.117745 ], [ -76.021283, 38.116436 ], [ -76.02152, 38.114098 ], [ -76.021758, 38.10933 ], [ -76.02259, 38.10615 ], [ -76.021045, 38.104935 ], [ -76.018668, 38.104654 ], [ -76.015553, 38.103402 ], [ -76.014682, 38.100786 ], [ -76.012452, 38.098267 ], [ -76.010002, 38.095877 ], [ -76.009289, 38.093294 ], [ -76.008083, 38.091484 ], [ -76.008309, 38.088753 ], [ -76.007364, 38.086455 ], [ -76.008464, 38.084646 ], [ -76.008068, 38.082571 ], [ -76.006942, 38.080151 ], [ -76.006279, 38.078561 ], [ -76.009292, 38.075959 ], [ -76.011455, 38.073916 ], [ -76.012731, 38.072105 ], [ -76.016622, 38.073213 ], [ -76.01546, 38.074911 ], [ -76.015341, 38.076782 ], [ -76.017361, 38.078559 ], [ -76.021996, 38.081178 ], [ -76.022828, 38.082769 ], [ -76.023897, 38.083704 ], [ -76.026274, 38.083423 ], [ -76.028888, 38.084265 ], [ -76.02972, 38.083143 ], [ -76.031741, 38.083798 ], [ -76.03388, 38.084733 ], [ -76.035544, 38.084078 ], [ -76.03483, 38.081927 ], [ -76.031622, 38.080711 ], [ -76.02972, 38.077998 ], [ -76.032614, 38.075778 ], [ -76.034916, 38.076928 ], [ -76.039981, 38.080666 ], [ -76.042411, 38.081934 ], [ -76.045096, 38.08409 ], [ -76.051566, 38.089423 ], [ -76.054146, 38.090342 ], [ -76.056066, 38.0914 ], [ -76.054201, 38.094273 ] ] ] ] } },
{ "type": "Feature", "properties": { "STATEFP": "24", "COUNTYFP": "021", "COUNTYNS": "01711211", "GEOIDFQ": "0500000US24021", "GEOID": "24021", "NAME": "Frederick", "NAMELSAD": "Frederick County", "STUSPS": "MD", "STATE_NAME": "Maryland", "LSAD": "06", "ALAND": 1711000486.0, "AWATER": 17635238.0 }, "geometry": { "type": "MultiPolygon", "coordinates": [ [ [ [ -77.677164, 39.324534 ], [ -77.676371, 39.330325 ], [ -77.675254, 39.338024 ], [ -77.67396, 39.343061 ], [ -77.673442, 39.344225 ], [ -77.671516, 39.345605 ], [ -77.666887, 39.350732 ], [ -77.664591, 39.355618 ], [ -77.661867, 39.360117 ], [ -77.660672, 39.363119 ], [ -77.658843, 39.365437 ], [ -77.657701, 39.366948 ], [ -77.656177, 39.368397 ], [ -77.654334, 39.371422 ], [ -77.651552, 39.375112 ], [ -77.649694, 39.380631 ], [ -77.647857, 39.383247 ], [ -77.647079, 39.387229 ], [ -77.646086, 39.390315 ], [ -77.645333, 39.391389 ], [ -77.640411, 39.402538 ], [ -77.640068, 39.405767 ], [ -77.63932, 39.407356 ], [ -77.640037, 39.408428 ], [ -77.640922, 39.414733 ], [ -77.639793, 39.416881 ], [ -77.638076, 39.422779 ], [ -77.637741, 39.424823 ], [ -77.638305, 39.430324 ], [ -77.637725, 39.432086 ], [ -77.637969, 39.434665 ], [ -77.637008, 39.438529 ], [ -77.634628, 39.443016 ], [ -77.634689, 39.445549 ], [ -77.633842, 39.446819 ], [ -77.629264, 39.4486 ], [ -77.626907, 39.448455 ], [ -77.628554, 39.451547 ], [ -77.626811, 39.457106 ], [ -77.621856, 39.459674 ], [ -77.621734, 39.463962 ], [ -77.620567, 39.465442 ], [ -77.618453, 39.466197 ], [ -77.616156, 39.468371 ], [ -77.616728, 39.470721 ], [ -77.618005, 39.474821 ], [ -77.620666, 39.47789 ], [ -77.622024, 39.481754 ], [ -77.621078, 39.484325 ], [ -77.62017, 39.484695 ], [ -77.614997, 39.490242 ], [ -77.61441, 39.491551 ], [ -77.619902, 39.49689 ], [ -77.623077, 39.500423 ], [ -77.622833, 39.501873 ], [ -77.621215, 39.50428 ], [ -77.62117, 39.506553 ], [ -77.622604, 39.507598 ], [ -77.621261, 39.510452 ], [ -77.619781, 39.511791 ], [ -77.620384, 39.513118 ], [ -77.618448, 39.517141 ], [ -77.618117, 39.518577 ], [ -77.61482, 39.522153 ], [ -77.614347, 39.524249 ], [ -77.614801, 39.525994 ], [ -77.613135, 39.527885 ], [ -77.613484, 39.528667 ], [ -77.610461, 39.530476 ], [ -77.609965, 39.53216 ], [ -77.607388, 39.53535 ], [ -77.606595, 39.535555 ], [ -77.606072, 39.536719 ], [ -77.602654, 39.539318 ], [ -77.597704, 39.540781 ], [ -77.597068, 39.541975 ], [ -77.598214, 39.544044 ], [ -77.598419, 39.5475 ], [ -77.599418, 39.549709 ], [ -77.598731, 39.550724 ], [ -77.597358, 39.550281 ], [ -77.595909, 39.551109 ], [ -77.594856, 39.552986 ], [ -77.594337, 39.555702 ], [ -77.59452, 39.559051 ], [ -77.593833, 39.561298 ], [ -77.594467, 39.562294 ], [ -77.593971, 39.563919 ], [ -77.591407, 39.565208 ], [ -77.589308, 39.567092 ], [ -77.587821, 39.570377 ], [ -77.586761, 39.571365 ], [ -77.585708, 39.575363 ], [ -77.58451, 39.581607 ], [ -77.585304, 39.583297 ], [ -77.581977, 39.58876 ], [ -77.581054, 39.591735 ], [ -77.577919, 39.598793 ], [ -77.577751, 39.601608 ], [ -77.577644, 39.60305 ], [ -77.575706, 39.609714 ], [ -77.574752, 39.61161 ], [ -77.573722, 39.613037 ], [ -77.570182, 39.619998 ], [ -77.559097, 39.623034 ], [ -77.556197, 39.624022 ], [ -77.550765, 39.625312 ], [ -77.550018, 39.626632 ], [ -77.548446, 39.631225 ], [ -77.547508, 39.632305 ], [ -77.545411, 39.63335 ], [ -77.54068, 39.633561 ], [ -77.53756, 39.632735 ], [ -77.535469, 39.63165 ], [ -77.53276, 39.631183 ], [ -77.530357, 39.63169 ], [ -77.52626, 39.635002 ], [ -77.526518, 39.635993 ], [ -77.525764, 39.637531 ], [ -77.520164, 39.640678 ], [ -77.517234, 39.644714 ], [ -77.516113, 39.647003 ], [ -77.513236, 39.649917 ], [ -77.513229, 39.651344 ], [ -77.512077, 39.654205 ], [ -77.508262, 39.658866 ], [ -77.504508, 39.661692 ], [ -77.504704, 39.662585 ], [ -77.504567, 39.664313 ], [ -77.498443, 39.667541 ], [ -77.497047, 39.669467 ], [ -77.49678, 39.671695 ], [ -77.49466, 39.674633 ], [ -77.492874, 39.676425 ], [ -77.493057, 39.677555 ], [ -77.496199, 39.682008 ], [ -77.497082, 39.683133 ], [ -77.499708, 39.684061 ], [ -77.50836, 39.684072 ], [ -77.505592, 39.687461 ], [ -77.503158, 39.689231 ], [ -77.499656, 39.689506 ], [ -77.496888, 39.690396 ], [ -77.495798, 39.691498 ], [ -77.493519, 39.69259 ], [ -77.491674, 39.694915 ], [ -77.490537, 39.695568 ], [ -77.489662, 39.698793 ], [ -77.487601, 39.701245 ], [ -77.486743, 39.703027 ], [ -77.486239, 39.704619 ], [ -77.479766, 39.708915 ], [ -77.478699, 39.710498 ], [ -77.473992, 39.71368 ], [ -77.472666, 39.715644 ], [ -77.469567, 39.719422 ], [ -77.469145, 39.720018 ], [ -77.463865882811902, 39.720017532486402 ], [ -77.459134607492501, 39.720017113489099 ], [ -77.407419986403198, 39.720012533691097 ], [ -77.380242637188204, 39.720010126890699 ], [ -77.369520990065695, 39.720009177391802 ], [ -77.363064304838403, 39.720008605593897 ], [ -77.3506753876148, 39.720007508443103 ], [ -77.350577990922702, 39.720007499817697 ], [ -77.320259180189495, 39.720004814812398 ], [ -77.306940991530595, 39.720003635366197 ], [ -77.293009991285601, 39.72000240165 ], [ -77.243577076193503, 39.719998023917697 ], [ -77.243307, 39.719998 ], [ -77.239807, 39.719998 ], [ -77.217243539106093, 39.719998 ], [ -77.217024, 39.719998 ], [ -77.215709, 39.719238 ], [ -77.214594, 39.716862 ], [ -77.215441, 39.714671 ], [ -77.215442, 39.713006 ], [ -77.218535, 39.711396 ], [ -77.223704, 39.710729 ], [ -77.225743, 39.709846 ], [ -77.226557, 39.708471 ], [ -77.226637, 39.706637 ], [ -77.224319, 39.704526 ], [ -77.218643, 39.702965 ], [ -77.216159, 39.701354 ], [ -77.215194, 39.699223 ], [ -77.216261, 39.697413 ], [ -77.217783, 39.696342 ], [ -77.225968, 39.693839 ], [ -77.229364, 39.694325 ], [ -77.237019, 39.694722 ], [ -77.239662, 39.695673 ], [ -77.24299, 39.695013 ], [ -77.244437, 39.692281 ], [ -77.243998, 39.690865 ], [ -77.24238, 39.690383 ], [ -77.238662, 39.686934 ], [ -77.236805, 39.686252 ], [ -77.235961, 39.68521 ], [ -77.236372, 39.68118 ], [ -77.234378, 39.679013 ], [ -77.234468, 39.677603 ], [ -77.236786, 39.674565 ], [ -77.240716, 39.6721 ], [ -77.243186, 39.669926 ], [ -77.245068, 39.669579 ], [ -77.249283, 39.667477 ], [ -77.254234, 39.667817 ], [ -77.254905, 39.667285 ], [ -77.255245, 39.663708 ], [ -77.255839, 39.663211 ], [ -77.262151, 39.665168 ], [ -77.26469, 39.663764 ], [ -77.266419, 39.662021 ], [ -77.266601, 39.66141 ], [ -77.265216, 39.658152 ], [ -77.265357, 39.656153 ], [ -77.266145, 39.655072 ], [ -77.269878, 39.653545 ], [ -77.272471, 39.651545 ], [ -77.275617, 39.647125 ], [ -77.275472, 39.646335 ], [ -77.272366, 39.643544 ], [ -77.271267, 39.642 ], [ -77.272028, 39.640938 ], [ -77.276077, 39.639628 ], [ -77.277263, 39.638888 ], [ -77.279217, 39.636281 ], [ -77.275846, 39.63266 ], [ -77.2772, 39.631289 ], [ -77.279969, 39.630783 ], [ -77.283843, 39.630916 ], [ -77.291457, 39.63058 ], [ -77.293588, 39.631185 ], [ -77.294812, 39.632094 ], [ -77.295482, 39.633605 ], [ -77.297537, 39.634943 ], [ -77.298328, 39.636186 ], [ -77.298433, 39.638136 ], [ -77.299981, 39.639289 ], [ -77.3026, 39.640213 ], [ -77.307174, 39.641114 ], [ -77.311161, 39.639733 ], [ -77.311355, 39.638029 ], [ -77.309775, 39.636143 ], [ -77.309562, 39.630764 ], [ -77.30778, 39.628181 ], [ -77.305352, 39.626419 ], [ -77.301785, 39.625739 ], [ -77.300552, 39.625156 ], [ -77.299485, 39.623577 ], [ -77.301795, 39.621203 ], [ -77.305684, 39.620475 ], [ -77.307416, 39.619101 ], [ -77.305182, 39.616854 ], [ -77.303496, 39.615814 ], [ -77.30163, 39.613548 ], [ -77.29977, 39.612284 ], [ -77.295734, 39.611401 ], [ -77.294006, 39.610328 ], [ -77.290304, 39.60664 ], [ -77.290506, 39.604508 ], [ -77.287747, 39.604516 ], [ -77.287346, 39.606487 ], [ -77.28582, 39.607745 ], [ -77.283214, 39.607236 ], [ -77.279864, 39.607058 ], [ -77.276239, 39.606249 ], [ -77.271574, 39.606221 ], [ -77.270071, 39.604971 ], [ -77.269786, 39.603519 ], [ -77.27092, 39.601223 ], [ -77.270008, 39.600044 ], [ -77.266417, 39.598734 ], [ -77.263701, 39.594767 ], [ -77.262759, 39.59406 ], [ -77.260093, 39.594013 ], [ -77.2596, 39.594982 ], [ -77.261192, 39.59678 ], [ -77.262033, 39.599435 ], [ -77.260157, 39.602511 ], [ -77.258014, 39.603745 ], [ -77.256509, 39.603771 ], [ -77.25348, 39.602831 ], [ -77.250847, 39.601589 ], [ -77.250004, 39.600266 ], [ -77.250225, 39.598783 ], [ -77.248399, 39.595069 ], [ -77.246247, 39.593039 ], [ -77.242533, 39.591157 ], [ -77.238778, 39.588975 ], [ -77.239049, 39.584917 ], [ -77.238006, 39.584403 ], [ -77.234433, 39.588063 ], [ -77.230731, 39.589015 ], [ -77.227274, 39.5878 ], [ -77.227762, 39.586971 ], [ -77.230493, 39.58677 ], [ -77.232628, 39.585533 ], [ -77.232257, 39.584352 ], [ -77.229993, 39.583433 ], [ -77.22608, 39.583204 ], [ -77.222512, 39.583101 ], [ -77.220028, 39.581872 ], [ -77.219111, 39.579962 ], [ -77.220501, 39.57832 ], [ -77.222601, 39.577929 ], [ -77.222103, 39.576398 ], [ -77.217534, 39.574549 ], [ -77.215639, 39.574511 ], [ -77.21449, 39.57534 ], [ -77.212569, 39.577883 ], [ -77.211087, 39.578871 ], [ -77.206993, 39.57946 ], [ -77.203438, 39.579197 ], [ -77.200125, 39.578588 ], [ -77.199585, 39.576672 ], [ -77.198024, 39.57543 ], [ -77.197173, 39.574998 ], [ -77.19696, 39.574453 ], [ -77.194469, 39.572241 ], [ -77.191128, 39.570985 ], [ -77.18713, 39.566432 ], [ -77.187244, 39.565957 ], [ -77.186893, 39.564685 ], [ -77.187233, 39.563041 ], [ -77.18332, 39.560429 ], [ -77.182727, 39.559342 ], [ -77.179444, 39.560494 ], [ -77.177827, 39.560868 ], [ -77.174614, 39.55951 ], [ -77.173168, 39.557808 ], [ -77.173267, 39.55655 ], [ -77.171494, 39.554639 ], [ -77.169445, 39.554118 ], [ -77.169154, 39.551751 ], [ -77.169616, 39.549851 ], [ -77.171751, 39.546645 ], [ -77.171603, 39.543823 ], [ -77.169468, 39.543384 ], [ -77.169, 39.542291 ], [ -77.171462, 39.539233 ], [ -77.170406, 39.536592 ], [ -77.170746, 39.534753 ], [ -77.168669, 39.533741 ], [ -77.165322, 39.534001 ], [ -77.165246, 39.533007 ], [ -77.162092, 39.532449 ], [ -77.158856, 39.533042 ], [ -77.155963, 39.53369 ], [ -77.153879, 39.533322 ], [ -77.15234, 39.532498 ], [ -77.151143, 39.530773 ], [ -77.151668, 39.529593 ], [ -77.151152, 39.527281 ], [ -77.150316, 39.526271 ], [ -77.15026, 39.524409 ], [ -77.150927, 39.523279 ], [ -77.149914, 39.521944 ], [ -77.14734, 39.522196 ], [ -77.146561, 39.521669 ], [ -77.143824, 39.521794 ], [ -77.14067, 39.521331 ], [ -77.138487, 39.520518 ], [ -77.136951, 39.517403 ], [ -77.138058, 39.516037 ], [ -77.136267, 39.512814 ], [ -77.13468, 39.511896 ], [ -77.134312, 39.50955 ], [ -77.133552, 39.508551 ], [ -77.129755, 39.50956 ], [ -77.129084, 39.509169 ], [ -77.124903, 39.505368 ], [ -77.121646, 39.50439 ], [ -77.115286, 39.499373 ], [ -77.112432, 39.497494 ], [ -77.109998, 39.49748 ], [ -77.108927, 39.495345 ], [ -77.107711, 39.494556 ], [ -77.106839, 39.491661 ], [ -77.108489, 39.489476 ], [ -77.1102, 39.486004 ], [ -77.117686, 39.478619 ], [ -77.117073, 39.475472 ], [ -77.118679, 39.473691 ], [ -77.119251, 39.468685 ], [ -77.119951, 39.465585 ], [ -77.118941, 39.463105 ], [ -77.11605, 39.460344 ], [ -77.123827, 39.451465 ], [ -77.126572, 39.444817 ], [ -77.126705, 39.443833 ], [ -77.130213, 39.439175 ], [ -77.133448, 39.432401 ], [ -77.134194, 39.43169 ], [ -77.135939, 39.430217 ], [ -77.137854, 39.427175 ], [ -77.140454, 39.424136 ], [ -77.144746, 39.420539 ], [ -77.14717, 39.419005 ], [ -77.148037, 39.417755 ], [ -77.148147, 39.416431 ], [ -77.146981, 39.412371 ], [ -77.147275, 39.409868 ], [ -77.148348, 39.405291 ], [ -77.150043, 39.401196 ], [ -77.151849, 39.397063 ], [ -77.1525, 39.395612 ], [ -77.153267, 39.393902 ], [ -77.154027, 39.392238 ], [ -77.154384, 39.391298 ], [ -77.154307, 39.391076 ], [ -77.15381, 39.389682 ], [ -77.153829, 39.388485 ], [ -77.156204, 39.3829 ], [ -77.155907, 39.381901 ], [ -77.155815, 39.380203 ], [ -77.156119, 39.378939 ], [ -77.159191, 39.374094 ], [ -77.158185, 39.373451 ], [ -77.164376, 39.368138 ], [ -77.165796, 39.365444 ], [ -77.166364, 39.363633 ], [ -77.167377, 39.359325 ], [ -77.167277, 39.359065 ], [ -77.169734, 39.355102 ], [ -77.16808, 39.353957 ], [ -77.168801, 39.353502 ], [ -77.171361, 39.352616 ], [ -77.175291, 39.350611 ], [ -77.187721, 39.345005 ], [ -77.191566, 39.343081 ], [ -77.197807, 39.340381 ], [ -77.21749, 39.331409 ], [ -77.226875, 39.327289 ], [ -77.233618, 39.323777 ], [ -77.2441, 39.318885 ], [ -77.250861, 39.315717 ], [ -77.261694, 39.310614 ], [ -77.262529, 39.31028 ], [ -77.267626, 39.308194 ], [ -77.28373, 39.300379 ], [ -77.285962, 39.299213 ], [ -77.30134, 39.29184 ], [ -77.303578, 39.29112 ], [ -77.313839, 39.286462 ], [ -77.323345, 39.281951 ], [ -77.324984, 39.281175 ], [ -77.334242, 39.276981 ], [ -77.396429, 39.247992 ], [ -77.431508, 39.232173 ], [ -77.454754, 39.221663 ], [ -77.458922349468196, 39.220336398673503 ], [ -77.457943, 39.222023 ], [ -77.45768, 39.22502 ], [ -77.45812, 39.22614 ], [ -77.46021, 39.228359 ], [ -77.471213, 39.234509 ], [ -77.480243056670105, 39.241243423126399 ], [ -77.480807, 39.241664 ], [ -77.484664, 39.246123 ], [ -77.486813, 39.247586 ], [ -77.496606, 39.251045 ], [ -77.508427, 39.25263 ], [ -77.519634, 39.257232 ], [ -77.520986, 39.258491 ], [ -77.522486, 39.259086 ], [ -77.534461, 39.262361 ], [ -77.540581, 39.264947 ], [ -77.543228, 39.266937 ], [ -77.544258, 39.26966 ], [ -77.545846, 39.271535 ], [ -77.546555283374701, 39.272127022816797 ], [ -77.546596863947798, 39.272161729182201 ], [ -77.551054, 39.275882 ], [ -77.551268250498396, 39.276234161255999 ], [ -77.553114, 39.279268 ], [ -77.560854, 39.286152 ], [ -77.562768, 39.294501 ], [ -77.561826, 39.301913 ], [ -77.56321, 39.303903 ], [ -77.565831025117106, 39.3056199030448 ], [ -77.566596, 39.306121 ], [ -77.570041, 39.30635 ], [ -77.578491, 39.305228 ], [ -77.583091870148294, 39.303682572249997 ], [ -77.588235, 39.301955 ], [ -77.592739, 39.30129 ], [ -77.598892, 39.301883 ], [ -77.603949181925998, 39.303185541863101 ], [ -77.605360245252896, 39.303548979263901 ], [ -77.6059, 39.303688 ], [ -77.606856765484494, 39.303595935505697 ], [ -77.615939, 39.302722 ], [ -77.631656894377599, 39.306666675406703 ], [ -77.631697632571402, 39.3066768993558 ], [ -77.636101, 39.307782 ], [ -77.639528628666696, 39.308158293125601 ], [ -77.640282, 39.308241 ], [ -77.643276035039094, 39.308951576864601 ], [ -77.643995627857905, 39.309122358436099 ], [ -77.645454773487998, 39.309468658700901 ], [ -77.650997, 39.310784 ], [ -77.66613, 39.317008 ], [ -77.671341, 39.321675 ], [ -77.675846, 39.324192 ], [ -77.677123012746307, 39.324077373941201 ], [ -77.677164, 39.324534 ] ] ] ] } },
{ "type": "Feature", "properties": { "STATEFP": "24", "COUNTYFP": "035", "COUNTYNS": "00596089", "GEOIDFQ": "0500000US24035", "GEOID": "24035", "NAME": "Queen Anne's", "NAMELSAD": "Queen Anne's County", "STUSPS": "MD", "STATE_NAME": "Maryland", "LSAD": "06", "ALAND": 962618587.0, "AWATER": 360075353.0 }, "geometry": { "type": "MultiPolygon", "coordinates": [ [ [ [ -76.249176, 38.908942 ], [ -76.247603, 38.911003 ], [ -76.249088, 38.913347 ], [ -76.246593, 38.913782 ], [ -76.24309, 38.912092 ], [ -76.243636, 38.908313 ], [ -76.243205, 38.906704 ], [ -76.245763, 38.905082 ], [ -76.248861, 38.905727 ], [ -76.249176, 38.908942 ] ] ], [ [ [ -76.376202, 38.850461 ], [ -76.374677, 38.855319 ], [ -76.372646, 38.857759 ], [ -76.371513, 38.859105 ], [ -76.369157, 38.862953 ], [ -76.368157, 38.866777 ], [ -76.364678, 38.873831 ], [ -76.363869, 38.8841 ], [ -76.364032943571303, 38.885109042321503 ], [ -76.365219, 38.892409 ], [ -76.365387082253093, 38.898178164896699 ], [ -76.365658, 38.907477 ], [ -76.362306, 38.929288 ], [ -76.361959, 38.936131 ], [ -76.361727, 38.939175 ], [ -76.355184001145801, 38.954133857615801 ], [ -76.353828, 38.957234 ], [ -76.347004, 38.967146 ], [ -76.340918665467697, 38.9745031921966 ], [ -76.340851, 38.974585 ], [ -76.335987, 38.97548 ], [ -76.334529, 38.977642 ], [ -76.334652305925104, 38.978200530171897 ], [ -76.335069, 38.980088 ], [ -76.334665697904498, 38.982075950457698 ], [ -76.334603, 38.982385 ], [ -76.332988, 38.9868 ], [ -76.324528, 38.995695 ], [ -76.322679, 38.999602 ], [ -76.321353, 39.00341 ], [ -76.321591, 39.00655 ], [ -76.323557, 39.008961 ], [ -76.320274, 39.023013 ], [ -76.311766, 39.035257 ], [ -76.305306, 39.038867 ], [ -76.302571, 39.03944 ], [ -76.301606, 39.038179 ], [ -76.301853, 39.035211 ], [ -76.302846, 39.032109 ], [ -76.305318, 39.03192 ], [ -76.305954, 39.028769 ], [ -76.305281, 39.026335 ], [ -76.303582, 39.025872 ], [ -76.301574, 39.022445 ], [ -76.297927, 39.01919 ], [ -76.297347, 39.013569 ], [ -76.296277276514502, 39.010792648140502 ], [ -76.294873, 39.007148 ], [ -76.293962, 39.003948 ], [ -76.292912124329703, 39.002644086366402 ], [ -76.28923, 38.998071 ], [ -76.289169341250499, 38.997724593422099 ], [ -76.289135670935295, 38.997532310878199 ], [ -76.289028024207994, 38.996917567997897 ], [ -76.288988, 38.996689 ], [ -76.285385, 38.993294 ], [ -76.28107, 38.988799 ], [ -76.281323, 38.987497 ], [ -76.279657082529894, 38.985328491043497 ], [ -76.277975735590601, 38.983139897693398 ], [ -76.277478, 38.982492 ], [ -76.270955, 38.983415 ], [ -76.270259819860797, 38.9834368463601 ], [ -76.259913, 38.983762 ], [ -76.259995798792502, 38.983174406888303 ], [ -76.260151, 38.982073 ], [ -76.262528, 38.980411 ], [ -76.261815, 38.978009 ], [ -76.257319063849494, 38.975784676645397 ], [ -76.256586, 38.975422 ], [ -76.252783, 38.975791 ], [ -76.251238, 38.976808 ], [ -76.252783, 38.980503 ], [ -76.249931, 38.980965 ], [ -76.249575972762202, 38.980948400850103 ], [ -76.249408694202501, 38.980940579811097 ], [ -76.247071782315402, 38.980831318474401 ], [ -76.244092, 38.980692 ], [ -76.242325, 38.975884 ], [ -76.238641, 38.973482 ], [ -76.234481, 38.973851 ], [ -76.230916, 38.973944 ], [ -76.232105, 38.979117 ], [ -76.229425, 38.979904 ], [ -76.226177, 38.974572 ], [ -76.221827192183497, 38.972151039082298 ], [ -76.218929, 38.970538 ], [ -76.208121, 38.973479 ], [ -76.202735468458599, 38.973105069672499 ], [ -76.20236, 38.973079 ], [ -76.2021995334472, 38.973175215327998 ], [ -76.191431, 38.979632 ], [ -76.191235645816505, 38.979863305138402 ], [ -76.18954, 38.981871 ], [ -76.184388104633399, 38.9854037110535 ], [ -76.180981, 38.98774 ], [ -76.178868, 38.990292 ], [ -76.174207557864506, 38.993706258264702 ], [ -76.172013, 38.995314 ], [ -76.169584, 38.996478 ], [ -76.163988, 38.999541 ], [ -76.163489, 39.00247 ], [ -76.16287, 39.006107 ], [ -76.163616, 39.010057 ], [ -76.167574, 39.018273 ], [ -76.167773, 39.020207 ], [ -76.169229, 39.021436 ], [ -76.170427, 39.023724 ], [ -76.174377, 39.025953 ], [ -76.17544, 39.028744 ], [ -76.178281, 39.031663 ], [ -76.17541, 39.039169 ], [ -76.175487, 39.042256 ], [ -76.177142, 39.044173 ], [ -76.179932, 39.04464 ], [ -76.184207, 39.046264 ], [ -76.180562, 39.050636 ], [ -76.179865, 39.053411 ], [ -76.175284, 39.058805 ], [ -76.16906, 39.062787 ], [ -76.166336, 39.062827 ], [ -76.164436304428506, 39.063511827891098 ], [ -76.15896, 39.065486 ], [ -76.154146, 39.074296 ], [ -76.150229, 39.078816 ], [ -76.140621, 39.079649 ], [ -76.139215226127803, 39.082093711009101 ], [ -76.139, 39.082468 ], [ -76.144911, 39.090131 ], [ -76.144791, 39.093035 ], [ -76.13626, 39.098353 ], [ -76.134341, 39.104325 ], [ -76.134443929286704, 39.104372102979298 ], [ -76.124557, 39.105251 ], [ -76.122856, 39.104847 ], [ -76.119904, 39.105736 ], [ -76.117058, 39.107098 ], [ -76.111923, 39.111057 ], [ -76.106827, 39.116158 ], [ -76.094154, 39.126854 ], [ -76.091606, 39.128311 ], [ -76.087753, 39.129734 ], [ -76.085579, 39.131062 ], [ -76.082062, 39.132126 ], [ -76.077477, 39.132828 ], [ -76.075012, 39.133942 ], [ -76.072548, 39.137272 ], [ -76.072755, 39.139325 ], [ -76.074554, 39.141411 ], [ -76.078735, 39.143982 ], [ -76.08049, 39.145526 ], [ -76.081596, 39.147659 ], [ -76.080993, 39.149158 ], [ -76.078636, 39.151077 ], [ -76.073364, 39.153374 ], [ -76.071113, 39.153957 ], [ -76.063858, 39.155136 ], [ -76.05725, 39.158103 ], [ -76.053154, 39.160362 ], [ -76.049224, 39.161918 ], [ -76.046836, 39.163208 ], [ -76.042587, 39.16603 ], [ -76.041087, 39.167703 ], [ -76.039955, 39.169971 ], [ -76.039497, 39.173027 ], [ -76.040245, 39.175189 ], [ -76.046661, 39.180751 ], [ -76.053268, 39.183151 ], [ -76.060371, 39.18364 ], [ -76.064438, 39.184643 ], [ -76.06591, 39.185925 ], [ -76.067528, 39.188232 ], [ -76.068542, 39.190544 ], [ -76.068794, 39.192345 ], [ -76.067459, 39.195435 ], [ -76.065339, 39.197422 ], [ -76.06398, 39.198833 ], [ -76.063774, 39.199256 ], [ -76.062973, 39.201721 ], [ -76.059415, 39.207499 ], [ -76.056556, 39.210338 ], [ -76.050117, 39.214096 ], [ -76.047302, 39.215511 ], [ -76.03688, 39.221225 ], [ -76.028221, 39.226181 ], [ -76.025093, 39.22721 ], [ -76.022163, 39.226741 ], [ -76.020454, 39.227401 ], [ -76.01654, 39.232227 ], [ -76.015258, 39.234336 ], [ -76.010292, 39.239517 ], [ -76.008834, 39.240322 ], [ -76.007476, 39.240219 ], [ -76.00457, 39.238636 ], [ -75.998779, 39.238071 ], [ -75.991607, 39.238723 ], [ -75.987808, 39.239295 ], [ -75.986213, 39.240451 ], [ -75.985748, 39.242385 ], [ -75.986068, 39.245086 ], [ -75.984771, 39.246082 ], [ -75.980407, 39.244934 ], [ -75.977264, 39.244789 ], [ -75.972999, 39.246139 ], [ -75.97039, 39.246356 ], [ -75.966789, 39.24538 ], [ -75.962615, 39.241989 ], [ -75.958442, 39.240818 ], [ -75.956069, 39.240558 ], [ -75.951667, 39.242675 ], [ -75.948493, 39.242393 ], [ -75.944641, 39.239101 ], [ -75.943389, 39.238582 ], [ -75.940711, 39.238494 ], [ -75.934172, 39.24063 ], [ -75.926933, 39.243698 ], [ -75.924403, 39.244087 ], [ -75.92363, 39.244102 ], [ -75.921379, 39.243502 ], [ -75.917557, 39.243298 ], [ -75.912643, 39.244499 ], [ -75.897852, 39.246888 ], [ -75.895035, 39.247105 ], [ -75.893906, 39.247906 ], [ -75.894562, 39.250206 ], [ -75.894249, 39.25248 ], [ -75.89183, 39.254063 ], [ -75.88987, 39.253872 ], [ -75.888535, 39.252911 ], [ -75.887581, 39.25021 ], [ -75.885658, 39.249199 ], [ -75.880051, 39.251526 ], [ -75.878448, 39.25008 ], [ -75.874084, 39.249798 ], [ -75.873466, 39.252506 ], [ -75.874161, 39.254234 ], [ -75.870964, 39.256699 ], [ -75.866315, 39.260859 ], [ -75.864448, 39.261539 ], [ -75.860149, 39.260322 ], [ -75.855386, 39.261767 ], [ -75.85395, 39.260071 ], [ -75.850419, 39.259017 ], [ -75.84443, 39.257849 ], [ -75.842542, 39.258271 ], [ -75.839736, 39.2577 ], [ -75.839268, 39.256778 ], [ -75.839864, 39.254873 ], [ -75.839084, 39.253815 ], [ -75.836589, 39.252911 ], [ -75.834534, 39.253699 ], [ -75.829362, 39.250701 ], [ -75.826065, 39.249997 ], [ -75.82545, 39.248706 ], [ -75.820084, 39.246201 ], [ -75.816238, 39.246032 ], [ -75.810195, 39.245155 ], [ -75.807793, 39.243694 ], [ -75.807739, 39.242565 ], [ -75.806343, 39.241989 ], [ -75.803601, 39.244137 ], [ -75.80211, 39.242307 ], [ -75.79682, 39.241346 ], [ -75.794185, 39.243724 ], [ -75.793062, 39.242905 ], [ -75.785008, 39.244255 ], [ -75.784415, 39.245183 ], [ -75.778509, 39.246406 ], [ -75.777555, 39.2455 ], [ -75.77516, 39.247037 ], [ -75.771925, 39.246009 ], [ -75.767778, 39.247535 ], [ -75.76486, 39.247341 ], [ -75.762085, 39.246384 ], [ -75.757422, 39.247283 ], [ -75.755962094757095, 39.246069420536401 ], [ -75.755953, 39.245958 ], [ -75.752593183003, 39.199434938086 ], [ -75.752591951784396, 39.199417889520198 ], [ -75.751450556598897, 39.183613100471398 ], [ -75.751028, 39.177762 ], [ -75.750895207303401, 39.1767337302378 ], [ -75.750426375562, 39.173103368661501 ], [ -75.749356, 39.164815 ], [ -75.747671065221795, 39.143345057971302 ], [ -75.75447, 39.139832 ], [ -75.757933, 39.138418 ], [ -75.762818, 39.137364 ], [ -75.763024, 39.137322 ], [ -75.770711, 39.135521 ], [ -75.770798, 39.135503 ], [ -75.77571, 39.134559 ], [ -75.791079, 39.132828 ], [ -75.793968, 39.129779 ], [ -75.798871, 39.128632 ], [ -75.799909, 39.127809 ], [ -75.802281, 39.124597 ], [ -75.809882, 39.120367 ], [ -75.815008, 39.118648 ], [ -75.819429, 39.116 ], [ -75.823157, 39.1151 ], [ -75.826227, 39.112228 ], [ -75.832678, 39.108444 ], [ -75.834944, 39.108339 ], [ -75.835874, 39.106076 ], [ -75.83965, 39.100198 ], [ -75.839784, 39.099412 ], [ -75.843304, 39.090507 ], [ -75.84668, 39.089111 ], [ -75.847929, 39.086968 ], [ -75.848243, 39.085639 ], [ -75.847169, 39.08152 ], [ -75.847074, 39.07478 ], [ -75.848975, 39.071374 ], [ -75.852772, 39.067936 ], [ -75.858032, 39.064125 ], [ -75.860475, 39.061108 ], [ -75.863172, 39.059317 ], [ -75.866025, 39.058947 ], [ -75.86968, 39.057347 ], [ -75.871396, 39.05354 ], [ -75.873367, 39.052165 ], [ -75.874657, 39.049445 ], [ -75.876281, 39.047508 ], [ -75.878654, 39.046855 ], [ -75.878601, 39.045623 ], [ -75.877304, 39.04536 ], [ -75.876005, 39.043349 ], [ -75.878017, 39.038785 ], [ -75.879663, 39.038355 ], [ -75.881285, 39.034268 ], [ -75.882653, 39.033935 ], [ -75.883359, 39.0325 ], [ -75.88295, 39.030463 ], [ -75.88378, 39.029559 ], [ -75.882817, 39.02791 ], [ -75.887197, 39.026605 ], [ -75.888597, 39.023831 ], [ -75.890529, 39.023 ], [ -75.890896, 39.021072 ], [ -75.890307, 39.019325 ], [ -75.890765, 39.018315 ], [ -75.897386, 39.014285 ], [ -75.899287, 39.01422 ], [ -75.901674, 39.016301 ], [ -75.901679, 39.017098 ], [ -75.903836, 39.016804 ], [ -75.905229, 39.015254 ], [ -75.903646, 39.011661 ], [ -75.9041, 39.010426 ], [ -75.906709, 39.010888 ], [ -75.908772, 39.010597 ], [ -75.908477, 39.008587 ], [ -75.909886, 39.006961 ], [ -75.909859, 39.005725 ], [ -75.911091, 39.004127 ], [ -75.913541, 39.003798 ], [ -75.914999, 39.001777 ], [ -75.916738, 39.001656 ], [ -75.919641, 39.000112 ], [ -75.920444, 38.997432 ], [ -75.921993, 38.994422 ], [ -75.925963, 38.993054 ], [ -75.929729, 38.990654 ], [ -75.92854, 38.988715 ], [ -75.929342, 38.987897 ], [ -75.932657, 38.986771 ], [ -75.933713, 38.985364 ], [ -75.933987, 38.983332 ], [ -75.93479, 38.982376 ], [ -75.934642, 38.980196 ], [ -75.936598, 38.978762 ], [ -75.938491, 38.9783 ], [ -75.940933, 38.976295 ], [ -75.939399, 38.974845 ], [ -75.938392, 38.974994 ], [ -75.93658, 38.973419 ], [ -75.937418, 38.971214 ], [ -75.942628, 38.967666 ], [ -75.9428, 38.967097 ], [ -75.942747, 38.965513 ], [ -75.941058, 38.964793 ], [ -75.93989, 38.962217 ], [ -75.938638, 38.961135 ], [ -75.93823, 38.958855 ], [ -75.938701, 38.957707 ], [ -75.940361, 38.958103 ], [ -75.942008, 38.956191 ], [ -75.941761, 38.954702 ], [ -75.942443, 38.952994 ], [ -75.941852, 38.951533 ], [ -75.942218, 38.949924 ], [ -75.94468, 38.947561 ], [ -75.950919, 38.946398 ], [ -75.951325, 38.945613 ], [ -75.9505, 38.943504 ], [ -75.950384, 38.941137 ], [ -75.947217, 38.941472 ], [ -75.947065, 38.940017 ], [ -75.949595, 38.938829 ], [ -75.953055, 38.93866 ], [ -75.953316, 38.938003 ], [ -75.951627, 38.936826 ], [ -75.948914, 38.936315 ], [ -75.947822, 38.934842 ], [ -75.948544, 38.93415 ], [ -75.947974, 38.931895 ], [ -75.949514, 38.930541 ], [ -75.952506, 38.930297 ], [ -75.952742, 38.929261 ], [ -75.950872, 38.926924 ], [ -75.95045, 38.924594 ], [ -75.949592, 38.924067 ], [ -75.949345, 38.919063 ], [ -75.949335, 38.918333 ], [ -75.953988, 38.918926 ], [ -75.957996, 38.919853 ], [ -75.958732, 38.919996 ], [ -75.960339, 38.920303 ], [ -75.966618, 38.921576 ], [ -75.9679, 38.922177 ], [ -75.971916, 38.921838 ], [ -75.978337, 38.923921 ], [ -75.986305, 38.925258 ], [ -76.012566, 38.930128 ], [ -76.065724, 38.939881 ], [ -76.073262, 38.940641 ], [ -76.077932, 38.940147 ], [ -76.080877, 38.941137 ], [ -76.081137, 38.94264 ], [ -76.083632, 38.94116 ], [ -76.085074, 38.942291 ], [ -76.088597, 38.94246 ], [ -76.088714, 38.944267 ], [ -76.090483, 38.945102 ], [ -76.093049, 38.944608 ], [ -76.093662, 38.943942 ], [ -76.096956, 38.944259 ], [ -76.098639, 38.941797 ], [ -76.100874, 38.941978 ], [ -76.101635, 38.939864 ], [ -76.103674, 38.939002 ], [ -76.105628, 38.935585 ], [ -76.106235, 38.933073 ], [ -76.108227, 38.929735 ], [ -76.110972, 38.926651 ], [ -76.111358, 38.922947 ], [ -76.110741, 38.920598 ], [ -76.112338, 38.918263 ], [ -76.114639, 38.916254 ], [ -76.115502, 38.913716 ], [ -76.114728, 38.912754 ], [ -76.111463, 38.911006 ], [ -76.112022, 38.908865 ], [ -76.113475, 38.906499 ], [ -76.113357, 38.904517 ], [ -76.110234, 38.90259 ], [ -76.10935, 38.901137 ], [ -76.109056, 38.899044 ], [ -76.106657, 38.895829 ], [ -76.104567, 38.894152 ], [ -76.104461, 38.892226 ], [ -76.102675, 38.890167 ], [ -76.103895, 38.887376 ], [ -76.102801, 38.886272 ], [ -76.103512, 38.882308 ], [ -76.106514, 38.881277 ], [ -76.114319, 38.880838 ], [ -76.11671, 38.881054 ], [ -76.1214, 38.88242 ], [ -76.122568, 38.88204 ], [ -76.125164, 38.877149 ], [ -76.126018, 38.876459 ], [ -76.128003, 38.875992 ], [ -76.130487, 38.877144 ], [ -76.132066, 38.879467 ], [ -76.136452, 38.880723 ], [ -76.140671, 38.880636 ], [ -76.143723, 38.88121 ], [ -76.146495, 38.882549 ], [ -76.14984, 38.882818 ], [ -76.152679, 38.880933 ], [ -76.157486, 38.880195 ], [ -76.161026, 38.881395 ], [ -76.162458, 38.880986 ], [ -76.16372, 38.879525 ], [ -76.164867, 38.875113 ], [ -76.167469, 38.871958 ], [ -76.167597, 38.868365 ], [ -76.169918, 38.865649 ], [ -76.171522, 38.865227 ], [ -76.177869, 38.865158 ], [ -76.179852, 38.863387 ], [ -76.181368, 38.859582 ], [ -76.18224, 38.858611 ], [ -76.185081, 38.85951 ], [ -76.190666, 38.864076 ], [ -76.192384, 38.863814 ], [ -76.193082, 38.862844 ], [ -76.199938, 38.850091 ], [ -76.201667639998007, 38.848107521516397 ], [ -76.206081, 38.853003 ], [ -76.206328, 38.855585 ], [ -76.205478, 38.857145 ], [ -76.202598, 38.862616 ], [ -76.200082, 38.882885 ], [ -76.198235, 38.887136 ], [ -76.197641, 38.892871 ], [ -76.196809, 38.895091 ], [ -76.198592, 38.896386 ], [ -76.201325, 38.896201 ], [ -76.203345, 38.894444 ], [ -76.203744, 38.895852 ], [ -76.203534, 38.898922 ], [ -76.205231, 38.908803 ], [ -76.20469, 38.91545 ], [ -76.203991, 38.924044 ], [ -76.202486, 38.925134 ], [ -76.203638, 38.928382 ], [ -76.205054, 38.930862 ], [ -76.207889156200693, 38.931237468833203 ], [ -76.208535, 38.931323 ], [ -76.210476, 38.932726 ], [ -76.213002, 38.933563 ], [ -76.213842, 38.937366 ], [ -76.212258, 38.939012 ], [ -76.209406, 38.938827 ], [ -76.208337, 38.941322 ], [ -76.208574, 38.944003 ], [ -76.21, 38.946314 ], [ -76.211189, 38.945759 ], [ -76.211308, 38.943911 ], [ -76.211861818089801, 38.943664562605797 ], [ -76.212971, 38.943171 ], [ -76.214279, 38.944742 ], [ -76.216797269629495, 38.9458536582558 ], [ -76.218676, 38.946683 ], [ -76.221053, 38.947515 ], [ -76.224499, 38.947238 ], [ -76.226163, 38.94465 ], [ -76.227515, 38.941594 ], [ -76.232038, 38.942518 ], [ -76.234838, 38.942524 ], [ -76.237334, 38.949364 ], [ -76.236264, 38.951859 ], [ -76.236502, 38.954169 ], [ -76.238284, 38.957866 ], [ -76.239639302169394, 38.9600159626807 ], [ -76.241255, 38.962579 ], [ -76.243513, 38.965628 ], [ -76.245743334683198, 38.966112039366699 ], [ -76.248451796458895, 38.966699844476103 ], [ -76.248623, 38.966737 ], [ -76.253377, 38.964889 ], [ -76.25207, 38.960915 ], [ -76.25188, 38.958714 ], [ -76.252958028561807, 38.956976879718503 ], [ -76.253496, 38.95611 ], [ -76.25207, 38.953985 ], [ -76.252307, 38.949733 ], [ -76.251758, 38.946905 ], [ -76.253615, 38.944927 ], [ -76.251119, 38.943171 ], [ -76.251119, 38.940213 ], [ -76.254328, 38.938642 ], [ -76.258844, 38.934852 ], [ -76.260864, 38.932726 ], [ -76.2592, 38.929952 ], [ -76.25611, 38.927086 ], [ -76.252426, 38.926254 ], [ -76.250868, 38.92825 ], [ -76.248023, 38.92379 ], [ -76.249674, 38.920907 ], [ -76.251357, 38.921354 ], [ -76.252783, 38.921077 ], [ -76.253881, 38.919607 ], [ -76.256397, 38.918829 ], [ -76.262226, 38.919976 ], [ -76.262353, 38.922192 ], [ -76.264683, 38.924576 ], [ -76.265731, 38.928026 ], [ -76.264943, 38.930297 ], [ -76.268344, 38.933449 ], [ -76.269539, 38.938087 ], [ -76.271682, 38.939926 ], [ -76.270728, 38.942062 ], [ -76.273083, 38.941927 ], [ -76.276726, 38.93981 ], [ -76.281022, 38.936468 ], [ -76.288152, 38.933172 ], [ -76.288696, 38.930593 ], [ -76.291869, 38.930012 ], [ -76.291970775578505, 38.929978032841298 ], [ -76.295911, 38.928663 ], [ -76.295933, 38.924612 ], [ -76.299308, 38.920898 ], [ -76.299431, 38.918542 ], [ -76.293867, 38.910121 ], [ -76.296098, 38.908184 ], [ -76.294453, 38.90686 ], [ -76.293504, 38.905648 ], [ -76.293308, 38.903241 ], [ -76.299606, 38.902675 ], [ -76.299487, 38.906837 ], [ -76.3002, 38.909704 ], [ -76.301982, 38.914697 ], [ -76.302814, 38.922001 ], [ -76.305072, 38.924313 ], [ -76.308994, 38.924683 ], [ -76.313275956750203, 38.923745653432903 ], [ -76.3166, 38.923018 ], [ -76.316956, 38.920337 ], [ -76.317551, 38.917748 ], [ -76.315768, 38.915252 ], [ -76.317313, 38.91442 ], [ -76.318024, 38.911288 ], [ -76.324097, 38.911174 ], [ -76.324087, 38.913587 ], [ -76.324681, 38.915437 ], [ -76.327177, 38.918118 ], [ -76.329791, 38.918488 ], [ -76.33395, 38.918118 ], [ -76.337753, 38.914974 ], [ -76.340249, 38.91183 ], [ -76.338229, 38.907484 ], [ -76.334585, 38.906634 ], [ -76.336104, 38.905977 ], [ -76.337246, 38.900064 ], [ -76.336177, 38.896692 ], [ -76.338218498598593, 38.892986732750103 ], [ -76.338501, 38.892474 ], [ -76.335364, 38.886021 ], [ -76.333641, 38.88055 ], [ -76.333935, 38.877024 ], [ -76.333325624597805, 38.874359110116998 ], [ -76.33103, 38.86432 ], [ -76.334019, 38.860238 ], [ -76.340587, 38.85574 ], [ -76.346205, 38.856426 ], [ -76.35039, 38.857399 ], [ -76.356492, 38.853895 ], [ -76.361141, 38.851992 ], [ -76.363478, 38.849976 ], [ -76.363901, 38.847266 ], [ -76.365665, 38.844246 ], [ -76.365282, 38.841785 ], [ -76.366496088969896, 38.838791505674102 ], [ -76.366504, 38.838772 ], [ -76.368195, 38.836125 ], [ -76.372692, 38.837537 ], [ -76.375086, 38.839474 ], [ -76.375408, 38.842644 ], [ -76.374614, 38.845148 ], [ -76.374858, 38.847589 ], [ -76.375988, 38.848354 ], [ -76.376202, 38.850461 ] ] ] ] } },
{ "type": "Feature", "properties": { "STATEFP": "24", "COUNTYFP": "029", "COUNTYNS": "00593907", "GEOIDFQ": "0500000US24029", "GEOID": "24029", "NAME": "Kent", "NAMELSAD": "Kent County", "STUSPS": "MD", "STATE_NAME": "Maryland", "LSAD": "06", "ALAND": 717394874.0, "AWATER": 353423861.0 }, "geometry": { "type": "MultiPolygon", "coordinates": [ [ [ [ -76.277367, 39.151647 ], [ -76.274637, 39.16549 ], [ -76.267680781163094, 39.178504665560098 ], [ -76.266602, 39.180523 ], [ -76.255831, 39.191595 ], [ -76.251032, 39.199214 ], [ -76.243947568970896, 39.2152290633191 ], [ -76.241362, 39.221074 ], [ -76.237877, 39.2264 ], [ -76.233993199255707, 39.231027095943404 ], [ -76.232051, 39.233341 ], [ -76.229504823993096, 39.237691840189399 ], [ -76.229240302275002, 39.238143848109701 ], [ -76.229122, 39.238346 ], [ -76.226696, 39.244306 ], [ -76.225635, 39.249702 ], [ -76.222479, 39.257748 ], [ -76.219338, 39.261997 ], [ -76.213868, 39.268112 ], [ -76.211253, 39.269812 ], [ -76.207386, 39.268606 ], [ -76.204218, 39.268636 ], [ -76.203031, 39.269871 ], [ -76.201688, 39.271844 ], [ -76.202514, 39.276426 ], [ -76.200092, 39.280028 ], [ -76.198249, 39.280703 ], [ -76.194916, 39.28019 ], [ -76.193482, 39.281209 ], [ -76.190181, 39.281344 ], [ -76.185674, 39.285367 ], [ -76.183131, 39.290997 ], [ -76.181496, 39.291797 ], [ -76.178864, 39.291511 ], [ -76.175299, 39.29004 ], [ -76.172685, 39.2882 ], [ -76.171258141282195, 39.288993533049698 ], [ -76.168882, 39.290315 ], [ -76.168288, 39.294638 ], [ -76.170102, 39.295421 ], [ -76.171496, 39.296661 ], [ -76.172685, 39.298317 ], [ -76.175062, 39.299237 ], [ -76.177704, 39.298701 ], [ -76.179093, 39.300069 ], [ -76.178196, 39.301834 ], [ -76.176633, 39.304003 ], [ -76.176778, 39.306447 ], [ -76.179092, 39.310098 ], [ -76.183264, 39.310968 ], [ -76.186024, 39.312462 ], [ -76.186701, 39.31445 ], [ -76.186647, 39.315475 ], [ -76.185581, 39.319334 ], [ -76.182783, 39.321074 ], [ -76.178144, 39.323018 ], [ -76.175627, 39.323529 ], [ -76.17255, 39.327176 ], [ -76.172055, 39.328982 ], [ -76.170422, 39.332094 ], [ -76.159673, 39.335909 ], [ -76.153269, 39.335515 ], [ -76.150994, 39.334983 ], [ -76.147809, 39.334643 ], [ -76.145524, 39.334399 ], [ -76.144282, 39.331784 ], [ -76.143212, 39.328291 ], [ -76.142343986955694, 39.327741767568703 ], [ -76.141905, 39.327464 ], [ -76.140717, 39.32774 ], [ -76.139885, 39.32921 ], [ -76.139291, 39.331417 ], [ -76.136201, 39.332795 ], [ -76.133468, 39.332887 ], [ -76.132873, 39.335461 ], [ -76.132755, 39.337667 ], [ -76.133225, 39.340491 ], [ -76.136971, 39.344414 ], [ -76.136643, 39.348245 ], [ -76.13495, 39.35107 ], [ -76.132323, 39.352736 ], [ -76.121349, 39.357648 ], [ -76.116356, 39.360925 ], [ -76.114306, 39.364283 ], [ -76.112095, 39.370381 ], [ -76.110527, 39.372257 ], [ -76.099869, 39.371819 ], [ -76.085846, 39.370373 ], [ -76.079836, 39.370659 ], [ -76.073409, 39.371524 ], [ -76.0625907831148, 39.371980283841197 ], [ -76.062313, 39.371992 ], [ -76.062040812491901, 39.3719625696029 ], [ -76.053093863146799, 39.370995176668202 ], [ -76.049846, 39.370644 ], [ -76.032923, 39.367414 ], [ -76.028129, 39.365024 ], [ -76.025046302449397, 39.363147627566001 ], [ -76.023205756849094, 39.362027326605201 ], [ -76.02299, 39.361896 ], [ -76.011538, 39.366614 ], [ -76.008756, 39.365772 ], [ -76.002408, 39.367501 ], [ -75.997752, 39.370472 ], [ -75.993237, 39.372034 ], [ -75.990760336629805, 39.374618329285902 ], [ -75.987136, 39.372577 ], [ -75.985267, 39.370807 ], [ -75.982696, 39.367492 ], [ -75.981109, 39.366569 ], [ -75.979034, 39.366577 ], [ -75.976249, 39.367458 ], [ -75.974418, 39.368621 ], [ -75.972793, 39.370891 ], [ -75.970603, 39.372852 ], [ -75.968269, 39.373973 ], [ -75.966011, 39.374504 ], [ -75.964065, 39.374725 ], [ -75.95697, 39.374603 ], [ -75.95182, 39.373638 ], [ -75.94934, 39.372509 ], [ -75.945365, 39.368583 ], [ -75.942337, 39.367752 ], [ -75.939849, 39.367786 ], [ -75.934112, 39.370857 ], [ -75.932022, 39.371505 ], [ -75.92794, 39.371456 ], [ -75.926589, 39.370994 ], [ -75.92395, 39.368011 ], [ -75.922775, 39.367248 ], [ -75.919789, 39.366948 ], [ -75.915008, 39.366584 ], [ -75.912002, 39.365413 ], [ -75.908035, 39.364501 ], [ -75.903793, 39.364345 ], [ -75.90036, 39.364757 ], [ -75.89598, 39.365871 ], [ -75.892288, 39.36462 ], [ -75.888542, 39.361907 ], [ -75.885101, 39.360843 ], [ -75.882131, 39.364327 ], [ -75.879463, 39.365467 ], [ -75.874412, 39.365791 ], [ -75.867614, 39.367813 ], [ -75.865669, 39.366542 ], [ -75.863754, 39.366436 ], [ -75.861038, 39.36761 ], [ -75.857246, 39.365055 ], [ -75.85543, 39.364562 ], [ -75.852394, 39.366527 ], [ -75.848501, 39.368208 ], [ -75.845476, 39.367698 ], [ -75.844304, 39.369571 ], [ -75.842385, 39.370978 ], [ -75.834014, 39.373757 ], [ -75.831173, 39.374173 ], [ -75.829513, 39.376499 ], [ -75.823658, 39.381413 ], [ -75.818829, 39.382299 ], [ -75.816313, 39.380654 ], [ -75.809452, 39.379749 ], [ -75.8092, 39.378101 ], [ -75.807608, 39.377737 ], [ -75.806165, 39.376799 ], [ -75.806073, 39.375258 ], [ -75.804686, 39.375434 ], [ -75.803794, 39.376972 ], [ -75.80182, 39.377922 ], [ -75.797779, 39.377141 ], [ -75.795726, 39.37724 ], [ -75.794239, 39.379744 ], [ -75.791182, 39.379925 ], [ -75.789398, 39.381128 ], [ -75.788032, 39.380353 ], [ -75.784415, 39.380363 ], [ -75.784224, 39.382549 ], [ -75.781095, 39.382125 ], [ -75.77806, 39.38029 ], [ -75.776304, 39.380256 ], [ -75.776369, 39.379059 ], [ -75.772688, 39.379525 ], [ -75.766693190718101, 39.377537 ], [ -75.766667, 39.377216 ], [ -75.765847374247997, 39.367174704782201 ], [ -75.764388236041498, 39.349298695569402 ], [ -75.760469169416893, 39.301285922840499 ], [ -75.7601316135502, 39.297150501153602 ], [ -75.760104352373006, 39.296816522472298 ], [ -75.756941778457104, 39.258071597416098 ], [ -75.755962094757095, 39.246069420536401 ], [ -75.757422, 39.247283 ], [ -75.762085, 39.246384 ], [ -75.76486, 39.247341 ], [ -75.767778, 39.247535 ], [ -75.771925, 39.246009 ], [ -75.77516, 39.247037 ], [ -75.777555, 39.2455 ], [ -75.778509, 39.246406 ], [ -75.784415, 39.245183 ], [ -75.785008, 39.244255 ], [ -75.793062, 39.242905 ], [ -75.794185, 39.243724 ], [ -75.79682, 39.241346 ], [ -75.80211, 39.242307 ], [ -75.803601, 39.244137 ], [ -75.806343, 39.241989 ], [ -75.807739, 39.242565 ], [ -75.807793, 39.243694 ], [ -75.810195, 39.245155 ], [ -75.816238, 39.246032 ], [ -75.820084, 39.246201 ], [ -75.82545, 39.248706 ], [ -75.826065, 39.249997 ], [ -75.829362, 39.250701 ], [ -75.834534, 39.253699 ], [ -75.836589, 39.252911 ], [ -75.839084, 39.253815 ], [ -75.839864, 39.254873 ], [ -75.839268, 39.256778 ], [ -75.839736, 39.2577 ], [ -75.842542, 39.258271 ], [ -75.84443, 39.257849 ], [ -75.850419, 39.259017 ], [ -75.85395, 39.260071 ], [ -75.855386, 39.261767 ], [ -75.860149, 39.260322 ], [ -75.864448, 39.261539 ], [ -75.866315, 39.260859 ], [ -75.870964, 39.256699 ], [ -75.874161, 39.254234 ], [ -75.873466, 39.252506 ], [ -75.874084, 39.249798 ], [ -75.878448, 39.25008 ], [ -75.880051, 39.251526 ], [ -75.885658, 39.249199 ], [ -75.887581, 39.25021 ], [ -75.888535, 39.252911 ], [ -75.88987, 39.253872 ], [ -75.89183, 39.254063 ], [ -75.894249, 39.25248 ], [ -75.894562, 39.250206 ], [ -75.893906, 39.247906 ], [ -75.895035, 39.247105 ], [ -75.897852, 39.246888 ], [ -75.912643, 39.244499 ], [ -75.917557, 39.243298 ], [ -75.921379, 39.243502 ], [ -75.92363, 39.244102 ], [ -75.924403, 39.244087 ], [ -75.926933, 39.243698 ], [ -75.934172, 39.24063 ], [ -75.940711, 39.238494 ], [ -75.943389, 39.238582 ], [ -75.944641, 39.239101 ], [ -75.948493, 39.242393 ], [ -75.951667, 39.242675 ], [ -75.956069, 39.240558 ], [ -75.958442, 39.240818 ], [ -75.962615, 39.241989 ], [ -75.966789, 39.24538 ], [ -75.97039, 39.246356 ], [ -75.972999, 39.246139 ], [ -75.977264, 39.244789 ], [ -75.980407, 39.244934 ], [ -75.984771, 39.246082 ], [ -75.986068, 39.245086 ], [ -75.985748, 39.242385 ], [ -75.986213, 39.240451 ], [ -75.987808, 39.239295 ], [ -75.991607, 39.238723 ], [ -75.998779, 39.238071 ], [ -76.00457, 39.238636 ], [ -76.007476, 39.240219 ], [ -76.008834, 39.240322 ], [ -76.010292, 39.239517 ], [ -76.015258, 39.234336 ], [ -76.01654, 39.232227 ], [ -76.020454, 39.227401 ], [ -76.022163, 39.226741 ], [ -76.025093, 39.22721 ], [ -76.028221, 39.226181 ], [ -76.03688, 39.221225 ], [ -76.047302, 39.215511 ], [ -76.050117, 39.214096 ], [ -76.056556, 39.210338 ], [ -76.059415, 39.207499 ], [ -76.062973, 39.201721 ], [ -76.063774, 39.199256 ], [ -76.06398, 39.198833 ], [ -76.065339, 39.197422 ], [ -76.067459, 39.195435 ], [ -76.068794, 39.192345 ], [ -76.068542, 39.190544 ], [ -76.067528, 39.188232 ], [ -76.06591, 39.185925 ], [ -76.064438, 39.184643 ], [ -76.060371, 39.18364 ], [ -76.053268, 39.183151 ], [ -76.046661, 39.180751 ], [ -76.040245, 39.175189 ], [ -76.039497, 39.173027 ], [ -76.039955, 39.169971 ], [ -76.041087, 39.167703 ], [ -76.042587, 39.16603 ], [ -76.046836, 39.163208 ], [ -76.049224, 39.161918 ], [ -76.053154, 39.160362 ], [ -76.05725, 39.158103 ], [ -76.063858, 39.155136 ], [ -76.071113, 39.153957 ], [ -76.073364, 39.153374 ], [ -76.078636, 39.151077 ], [ -76.080993, 39.149158 ], [ -76.081596, 39.147659 ], [ -76.08049, 39.145526 ], [ -76.078735, 39.143982 ], [ -76.074554, 39.141411 ], [ -76.072755, 39.139325 ], [ -76.072548, 39.137272 ], [ -76.075012, 39.133942 ], [ -76.077477, 39.132828 ], [ -76.082062, 39.132126 ], [ -76.085579, 39.131062 ], [ -76.087753, 39.129734 ], [ -76.091606, 39.128311 ], [ -76.094154, 39.126854 ], [ -76.106827, 39.116158 ], [ -76.111923, 39.111057 ], [ -76.117058, 39.107098 ], [ -76.119904, 39.105736 ], [ -76.122856, 39.104847 ], [ -76.124557, 39.105251 ], [ -76.134443929286704, 39.104372102979298 ], [ -76.14122, 39.107473 ], [ -76.144826, 39.105609 ], [ -76.151259, 39.1081 ], [ -76.162514, 39.103815 ], [ -76.16402, 39.099915 ], [ -76.164841, 39.095978 ], [ -76.168204, 39.094917 ], [ -76.169595, 39.096347 ], [ -76.170021, 39.100681 ], [ -76.16578, 39.10942 ], [ -76.169018, 39.111762 ], [ -76.169169451571605, 39.111727913954198 ], [ -76.17383, 39.110679 ], [ -76.177716, 39.110477 ], [ -76.181354, 39.111577 ], [ -76.184277, 39.109587 ], [ -76.183722, 39.105905 ], [ -76.184395, 39.096422 ], [ -76.193082, 39.090569 ], [ -76.195521, 39.090294 ], [ -76.201821, 39.096696 ], [ -76.207764, 39.096333 ], [ -76.207826, 39.092004 ], [ -76.203383, 39.085626 ], [ -76.205011, 39.083037 ], [ -76.204621, 39.077023 ], [ -76.20529, 39.074963 ], [ -76.207432, 39.072386 ], [ -76.209503, 39.070881 ], [ -76.211743, 39.069727 ], [ -76.212192, 39.065624 ], [ -76.210886, 39.064656 ], [ -76.209351, 39.059116 ], [ -76.209313, 39.057795 ], [ -76.210294, 39.055606 ], [ -76.213212, 39.055057 ], [ -76.215275, 39.053203 ], [ -76.214363, 39.051086 ], [ -76.212798, 39.05003 ], [ -76.210155, 39.045742 ], [ -76.211846, 39.044555 ], [ -76.211451, 39.042715 ], [ -76.212616, 39.041158 ], [ -76.211168, 39.039727 ], [ -76.211029, 39.0373 ], [ -76.209556, 39.036499 ], [ -76.207253, 39.032993 ], [ -76.208876, 39.029676 ], [ -76.20958, 39.027089 ], [ -76.208502, 39.024818 ], [ -76.204275, 39.019367 ], [ -76.202362, 39.015911 ], [ -76.201492, 39.013508 ], [ -76.204987, 39.012966 ], [ -76.206467, 39.013103 ], [ -76.209114, 39.01001 ], [ -76.209838, 39.008766 ], [ -76.21154, 39.008625 ], [ -76.214187, 39.009609 ], [ -76.215965, 39.009975 ], [ -76.215629, 39.010894 ], [ -76.217302, 39.0134 ], [ -76.220336, 39.014656 ], [ -76.222127, 39.014575 ], [ -76.22377, 39.015151 ], [ -76.225189, 39.017017 ], [ -76.228019, 39.01855 ], [ -76.229374, 39.01762 ], [ -76.231765, 39.018518 ], [ -76.234443, 39.021602 ], [ -76.235092, 39.023456 ], [ -76.236648, 39.024765 ], [ -76.240271, 39.026624 ], [ -76.242687, 39.028926 ], [ -76.240875, 39.034904 ], [ -76.240905, 39.039798 ], [ -76.237065, 39.045521 ], [ -76.234316, 39.046037 ], [ -76.232502, 39.04511 ], [ -76.2304, 39.045536 ], [ -76.230375, 39.047311 ], [ -76.226671, 39.048703 ], [ -76.225032, 39.050231 ], [ -76.226138, 39.052482 ], [ -76.227889, 39.053641 ], [ -76.230316, 39.058275 ], [ -76.231117, 39.061017 ], [ -76.231748, 39.082826 ], [ -76.233457, 39.091385 ], [ -76.235996, 39.099873 ], [ -76.237709, 39.101445 ], [ -76.238748, 39.103903 ], [ -76.242806, 39.108925 ], [ -76.246577, 39.115999 ], [ -76.24729, 39.118712 ], [ -76.244423, 39.122005 ], [ -76.245422, 39.125427 ], [ -76.243973, 39.127521 ], [ -76.244859, 39.130644 ], [ -76.249099, 39.13157 ], [ -76.2498800080878, 39.131979694640798 ], [ -76.257035, 39.135733 ], [ -76.25869, 39.138315 ], [ -76.262292, 39.140468 ], [ -76.265384, 39.143994 ], [ -76.269132, 39.144488 ], [ -76.276075, 39.146225 ], [ -76.277367, 39.151647 ] ] ] ] } },
{ "type": "Feature", "properties": { "STATEFP": "24", "COUNTYFP": "009", "COUNTYNS": "01676636", "GEOIDFQ": "0500000US24009", "GEOID": "24009", "NAME": "Calvert", "NAMELSAD": "Calvert County", "STUSPS": "MD", "STATE_NAME": "Maryland", "LSAD": "06", "ALAND": 552158541.0, "AWATER": 341580669.0 }, "geometry": { "type": "MultiPolygon", "coordinates": [ [ [ [ -76.701208, 38.712755 ], [ -76.699145, 38.715681 ], [ -76.693589, 38.724761 ], [ -76.6937, 38.72707 ], [ -76.695555, 38.731544 ], [ -76.695706, 38.733175 ], [ -76.694996, 38.735075 ], [ -76.693841, 38.735911 ], [ -76.687009, 38.735897 ], [ -76.684632, 38.737158 ], [ -76.684018, 38.738348 ], [ -76.684839, 38.743757 ], [ -76.684866, 38.746927 ], [ -76.686358, 38.748475 ], [ -76.684257, 38.751614 ], [ -76.685548, 38.753038 ], [ -76.685215, 38.756087 ], [ -76.682665, 38.755934 ], [ -76.681219, 38.757626 ], [ -76.678976, 38.755514 ], [ -76.67327, 38.755404 ], [ -76.671459, 38.756737 ], [ -76.669606, 38.756697 ], [ -76.669801, 38.758357 ], [ -76.666635, 38.760057 ], [ -76.667517, 38.761404 ], [ -76.666092, 38.762232 ], [ -76.663483, 38.761828 ], [ -76.660407, 38.764083 ], [ -76.657603, 38.76479 ], [ -76.654924, 38.764407 ], [ -76.653043, 38.765115 ], [ -76.651288, 38.767378 ], [ -76.646727, 38.768947 ], [ -76.643072, 38.769275 ], [ -76.639936, 38.768796 ], [ -76.638534, 38.767846 ], [ -76.635384, 38.767696 ], [ -76.634494, 38.766663 ], [ -76.630972, 38.767238 ], [ -76.626426, 38.767088 ], [ -76.624133, 38.766557 ], [ -76.623079, 38.767278 ], [ -76.623041, 38.749088 ], [ -76.62101, 38.746264 ], [ -76.623072, 38.743932 ], [ -76.62291, 38.735041 ], [ -76.622937, 38.726662 ], [ -76.615902, 38.720804 ], [ -76.60677, 38.720773 ], [ -76.605744, 38.721055 ], [ -76.604569, 38.721122 ], [ -76.603513, 38.721205 ], [ -76.589591, 38.721223 ], [ -76.583286, 38.721285 ], [ -76.535584, 38.72148 ], [ -76.52959, 38.714019 ], [ -76.528311571829903, 38.7127443256283 ], [ -76.528821, 38.710892 ], [ -76.530669942026407, 38.707647616001999 ], [ -76.531308, 38.706528 ], [ -76.531970020923893, 38.702833287618503 ], [ -76.532537, 38.699669 ], [ -76.532535333873497, 38.6994136151717 ], [ -76.532527459024905, 38.698206553839299 ], [ -76.532504598952599, 38.694702548800599 ], [ -76.532483235506206, 38.691427947444801 ], [ -76.532432163344893, 38.683599577167001 ], [ -76.532408542992101, 38.679979035905902 ], [ -76.532398, 38.678363 ], [ -76.530454000003303, 38.670263333261403 ], [ -76.530012930281202, 38.668425618362498 ], [ -76.529250392408002, 38.6652485079412 ], [ -76.526689294056396, 38.6545777038423 ], [ -76.52462, 38.645956 ], [ -76.524223132342897, 38.645229547455401 ], [ -76.515554, 38.629361 ], [ -76.515133, 38.623755 ], [ -76.514046855302396, 38.622004114883303 ], [ -76.513602, 38.621287 ], [ -76.512854, 38.619503 ], [ -76.512248, 38.616574 ], [ -76.511278, 38.615745 ], [ -76.512452086773195, 38.609826786229902 ], [ -76.512582837679801, 38.609167710739101 ], [ -76.514812304979102, 38.597929645229698 ], [ -76.51634, 38.590229 ], [ -76.517209, 38.573114 ], [ -76.516126, 38.568864 ], [ -76.516094, 38.565719 ], [ -76.515106, 38.555763 ], [ -76.515519588261398, 38.552899935260101 ], [ -76.517506, 38.539149 ], [ -76.5175003884777, 38.5381185473098 ], [ -76.517495002984006, 38.537129600596799 ], [ -76.517487, 38.53566 ], [ -76.515706, 38.528988 ], [ -76.513499826114796, 38.522884833774299 ], [ -76.511027, 38.516044 ], [ -76.506023, 38.50461 ], [ -76.503520296413996, 38.500483744142798 ], [ -76.499474039276507, 38.493812601660402 ], [ -76.498761, 38.492637 ], [ -76.492794971011094, 38.483003959461598 ], [ -76.492699, 38.482849 ], [ -76.491006711559805, 38.481151272616202 ], [ -76.483987, 38.474109 ], [ -76.477548063611195, 38.469379673971702 ], [ -76.473543, 38.466438 ], [ -76.473367546241505, 38.466287652029003 ], [ -76.471251861122298, 38.464474701609802 ], [ -76.471093947346006, 38.464339383814 ], [ -76.455799, 38.451233 ], [ -76.454299, 38.449642 ], [ -76.453979, 38.44853 ], [ -76.454588, 38.446794 ], [ -76.454433367122704, 38.446608830200098 ], [ -76.450937, 38.442422 ], [ -76.445376120869597, 38.439012141414203 ], [ -76.436271, 38.433429 ], [ -76.435674021252396, 38.432893185350601 ], [ -76.432413393538894, 38.429966628748701 ], [ -76.415384, 38.414682 ], [ -76.413733, 38.412207 ], [ -76.413535, 38.40933 ], [ -76.407569, 38.402967 ], [ -76.404901, 38.398238 ], [ -76.40271, 38.396003 ], [ -76.402516, 38.394402 ], [ -76.399464, 38.392459 ], [ -76.394842, 38.389403 ], [ -76.388348, 38.387781 ], [ -76.381866, 38.386381 ], [ -76.381482, 38.385252 ], [ -76.386229, 38.382013 ], [ -76.389166, 38.378588 ], [ -76.390914, 38.375055 ], [ -76.390396, 38.371998 ], [ -76.389069, 38.368351 ], [ -76.387182078710694, 38.364105207791603 ], [ -76.386918, 38.363511 ], [ -76.387002, 38.361267 ], [ -76.401531572314099, 38.344923053620597 ], [ -76.403101490283504, 38.343157092822999 ], [ -76.40494, 38.341089 ], [ -76.410269481440494, 38.333859960369999 ], [ -76.411089072591594, 38.332748246786402 ], [ -76.4121, 38.331377 ], [ -76.415522838792299, 38.327310065718002 ], [ -76.417162870697396, 38.325361419467697 ], [ -76.419221, 38.322916 ], [ -76.421377, 38.318931 ], [ -76.422094936313599, 38.319432095033299 ], [ -76.426883, 38.322774 ], [ -76.427518915411198, 38.322959916863297 ], [ -76.432944, 38.324546 ], [ -76.438054, 38.325292 ], [ -76.446373, 38.3238 ], [ -76.451364, 38.323241 ], [ -76.451401025403101, 38.323074152332701 ], [ -76.451728197027506, 38.321599818016999 ], [ -76.45184, 38.321096 ], [ -76.451856553937006, 38.321068661810898 ], [ -76.454098, 38.317367 ], [ -76.455761, 38.316527 ], [ -76.46206, 38.325012 ], [ -76.464985, 38.325693 ], [ -76.467076520626406, 38.3277716655519 ], [ -76.468239, 38.328927 ], [ -76.471998273069204, 38.325013606511199 ], [ -76.475027, 38.326516 ], [ -76.478044, 38.32706 ], [ -76.487575, 38.326257 ], [ -76.488976, 38.327163 ], [ -76.489381, 38.328005 ], [ -76.485047, 38.335895 ], [ -76.484336, 38.33721 ], [ -76.483432, 38.340415 ], [ -76.48313, 38.342446 ], [ -76.483223, 38.34329 ], [ -76.484085, 38.34807 ], [ -76.486364, 38.353517 ], [ -76.491157, 38.361246 ], [ -76.495675, 38.3666 ], [ -76.500449, 38.371635 ], [ -76.501475, 38.372497 ], [ -76.50504, 38.373947 ], [ -76.506271, 38.375096 ], [ -76.507831, 38.377503 ], [ -76.510057, 38.378903 ], [ -76.512609, 38.379708 ], [ -76.516663, 38.381668 ], [ -76.520078, 38.384382 ], [ -76.522594, 38.387997 ], [ -76.524645, 38.390343 ], [ -76.526904, 38.392012 ], [ -76.529924, 38.394972 ], [ -76.534075, 38.397766 ], [ -76.537325, 38.397429 ], [ -76.542273, 38.396144 ], [ -76.545623, 38.395695 ], [ -76.553435, 38.395043 ], [ -76.556652, 38.395295 ], [ -76.558388, 38.395861 ], [ -76.559957, 38.397321 ], [ -76.562669, 38.403858 ], [ -76.563902, 38.406002 ], [ -76.565615, 38.407051 ], [ -76.568129, 38.407713 ], [ -76.571807, 38.408823 ], [ -76.578631, 38.411283 ], [ -76.591674, 38.418854 ], [ -76.595223, 38.422172 ], [ -76.597528, 38.423425 ], [ -76.60219, 38.424173 ], [ -76.605265, 38.423833 ], [ -76.608373, 38.424445 ], [ -76.610799, 38.427239 ], [ -76.613984, 38.429863 ], [ -76.616427, 38.434612 ], [ -76.618831, 38.436354 ], [ -76.621546, 38.438921 ], [ -76.622486, 38.441366 ], [ -76.624681, 38.44367 ], [ -76.628951, 38.446264 ], [ -76.632601, 38.449659 ], [ -76.634487, 38.451457 ], [ -76.639814, 38.455456 ], [ -76.64648, 38.459593 ], [ -76.652588, 38.462422 ], [ -76.653872, 38.463359 ], [ -76.654345, 38.465174 ], [ -76.652095, 38.469519 ], [ -76.652142, 38.473753 ], [ -76.659326, 38.485675 ], [ -76.660341, 38.487368 ], [ -76.665949, 38.494389 ], [ -76.672663, 38.49816 ], [ -76.674118, 38.499622 ], [ -76.670602, 38.509664 ], [ -76.66868, 38.512499 ], [ -76.667222, 38.515471 ], [ -76.666568, 38.518533 ], [ -76.665097, 38.520883 ], [ -76.663809, 38.521981 ], [ -76.662551, 38.524248 ], [ -76.662514, 38.52549 ], [ -76.662995, 38.526616 ], [ -76.665064, 38.528667 ], [ -76.669884, 38.532705 ], [ -76.675457, 38.535876 ], [ -76.675699, 38.536511 ], [ -76.674444, 38.539924 ], [ -76.672642, 38.546818 ], [ -76.672276, 38.552781 ], [ -76.672896, 38.554648 ], [ -76.675468, 38.558824 ], [ -76.677011, 38.563451 ], [ -76.679144, 38.566734 ], [ -76.677692, 38.569898 ], [ -76.677799, 38.572374 ], [ -76.679475, 38.576165 ], [ -76.680702, 38.580499 ], [ -76.67948, 38.585211 ], [ -76.677281, 38.589566 ], [ -76.675166, 38.592106 ], [ -76.674405, 38.595725 ], [ -76.672557, 38.599271 ], [ -76.672407, 38.600627 ], [ -76.673172, 38.603308 ], [ -76.673479, 38.607249 ], [ -76.672764, 38.612456 ], [ -76.672221, 38.614404 ], [ -76.672334, 38.617533 ], [ -76.674558, 38.621373 ], [ -76.675908, 38.623065 ], [ -76.678468, 38.627321 ], [ -76.681023, 38.628646 ], [ -76.683464, 38.62913 ], [ -76.686591, 38.630479 ], [ -76.690181, 38.633038 ], [ -76.692021, 38.634932 ], [ -76.692853, 38.636437 ], [ -76.692166, 38.643198 ], [ -76.692124, 38.646603 ], [ -76.69163, 38.648506 ], [ -76.685127, 38.654771 ], [ -76.684304, 38.656485 ], [ -76.683186, 38.658813 ], [ -76.683329, 38.661178 ], [ -76.684923, 38.663027 ], [ -76.68737, 38.663793 ], [ -76.690951, 38.664029 ], [ -76.694236, 38.663841 ], [ -76.697173, 38.664663 ], [ -76.699261, 38.665769 ], [ -76.701003, 38.668362 ], [ -76.700667, 38.670131 ], [ -76.699261, 38.671109 ], [ -76.692956, 38.672353 ], [ -76.690461, 38.673683 ], [ -76.687424, 38.678746 ], [ -76.686982, 38.680634 ], [ -76.687147, 38.681371 ], [ -76.691947, 38.683765 ], [ -76.69549, 38.685781 ], [ -76.697431, 38.687797 ], [ -76.698429, 38.690443 ], [ -76.698525, 38.692243 ], [ -76.697932, 38.694782 ], [ -76.696008, 38.697783 ], [ -76.694983, 38.700307 ], [ -76.694946, 38.702468 ], [ -76.695988, 38.704985 ], [ -76.697743, 38.70703 ], [ -76.700997, 38.709244 ], [ -76.70196, 38.710864 ], [ -76.701208, 38.712755 ] ] ] ] } },
{ "type": "Feature", "properties": { "STATEFP": "24", "COUNTYFP": "043", "COUNTYNS": "01714220", "GEOIDFQ": "0500000US24043", "GEOID": "24043", "NAME": "Washington", "NAMELSAD": "Washington County", "STUSPS": "MD", "STATE_NAME": "Maryland", "LSAD": "06", "ALAND": 1185655254.0, "AWATER": 24820607.0 }, "geometry": { "type": "MultiPolygon", "coordinates": [ [ [ [ -78.363458, 39.659793 ], [ -78.362258, 39.660965 ], [ -78.357112, 39.659465 ], [ -78.354698, 39.66044 ], [ -78.356326, 39.661538 ], [ -78.357089, 39.663861 ], [ -78.356139, 39.663834 ], [ -78.353721, 39.66142 ], [ -78.349288, 39.66057 ], [ -78.344213, 39.661843 ], [ -78.342345, 39.663131 ], [ -78.338855, 39.663989 ], [ -78.334139, 39.662397 ], [ -78.333556, 39.663157 ], [ -78.333192, 39.66641 ], [ -78.335348, 39.667406 ], [ -78.335923, 39.670353 ], [ -78.340188, 39.671984 ], [ -78.340948, 39.673364 ], [ -78.343478, 39.675535 ], [ -78.341847, 39.67785 ], [ -78.33617, 39.680712 ], [ -78.331483, 39.678683 ], [ -78.330177, 39.678506 ], [ -78.326782, 39.676475 ], [ -78.324531, 39.677593 ], [ -78.320177, 39.676136 ], [ -78.319677, 39.677286 ], [ -78.321047, 39.678945 ], [ -78.318009, 39.680515 ], [ -78.318662, 39.682133 ], [ -78.321625, 39.682157 ], [ -78.322879, 39.683861 ], [ -78.321626, 39.684592 ], [ -78.319099, 39.683513 ], [ -78.316711, 39.683168 ], [ -78.314913, 39.684504 ], [ -78.315192, 39.685887 ], [ -78.316764, 39.686693 ], [ -78.321424, 39.687213 ], [ -78.323057, 39.688354 ], [ -78.322235, 39.689544 ], [ -78.319173, 39.689144 ], [ -78.316314, 39.68928 ], [ -78.313325, 39.692474 ], [ -78.314673, 39.693768 ], [ -78.317085, 39.693313 ], [ -78.319474, 39.695071 ], [ -78.319661, 39.696441 ], [ -78.317449, 39.699177 ], [ -78.318364, 39.702622 ], [ -78.320893, 39.702987 ], [ -78.323438, 39.705153 ], [ -78.327629, 39.707479 ], [ -78.334294, 39.709861 ], [ -78.3339, 39.71269 ], [ -78.330754, 39.711251 ], [ -78.329033, 39.712258 ], [ -78.33151, 39.714511 ], [ -78.333171, 39.718636 ], [ -78.333901, 39.719249 ], [ -78.335834, 39.719953 ], [ -78.338686, 39.716487 ], [ -78.340186, 39.716157 ], [ -78.342962, 39.717196 ], [ -78.346047, 39.721478 ], [ -78.343666, 39.721723 ], [ -78.342834166083804, 39.722538810819898 ], [ -78.34252, 39.722539 ], [ -78.340498, 39.722514 ], [ -78.339539, 39.722552 ], [ -78.337111, 39.722461 ], [ -78.330715, 39.722689 ], [ -78.281730013973004, 39.722628657039699 ], [ -78.26902, 39.722613 ], [ -78.268948, 39.72259 ], [ -78.243103, 39.722481 ], [ -78.240334, 39.722498 ], [ -78.224640603625105, 39.722507621411197 ], [ -78.20445, 39.72252 ], [ -78.202895, 39.722416 ], [ -78.184597360434694, 39.722399447432799 ], [ -78.176150827342099, 39.7223918064578 ], [ -78.175700992401502, 39.722391399524298 ], [ -78.148637950319994, 39.722366917523701 ], [ -78.099140063951197, 39.722322140322497 ], [ -78.075771, 39.722301 ], [ -78.073736, 39.722314 ], [ -78.060163538762396, 39.722307521237802 ], [ -78.059660002891803, 39.722307280876898 ], [ -77.995596059334005, 39.7222767001996 ], [ -77.947420066921893, 39.7222537035748 ], [ -77.937409192019899, 39.722248924922198 ], [ -77.937400040612303, 39.722248920553803 ], [ -77.876017996839906, 39.722219620071101 ], [ -77.874719, 39.722219 ], [ -77.847607971336899, 39.721999170497902 ], [ -77.847604755574295, 39.721999144422902 ], [ -77.790033629790202, 39.721532329531001 ], [ -77.789553217344803, 39.721528434111498 ], [ -77.768534, 39.721358 ], [ -77.768325008288002, 39.721356737633897 ], [ -77.745205533412403, 39.721217089799097 ], [ -77.743204, 39.721205 ], [ -77.743178684149299, 39.721204734624699 ], [ -77.732935526423404, 39.721097359942704 ], [ -77.732615, 39.721094 ], [ -77.7276136513334, 39.7209763212078 ], [ -77.726015549043098, 39.720938718801001 ], [ -77.724115, 39.720894 ], [ -77.724073000037706, 39.720893960196001 ], [ -77.721675242272397, 39.7208916878065 ], [ -77.713543171554406, 39.720883980925997 ], [ -77.674522, 39.720847 ], [ -77.674311372713404, 39.720840606122799 ], [ -77.672249, 39.720778 ], [ -77.669605603974603, 39.720765618483803 ], [ -77.574391717728403, 39.720319642072702 ], [ -77.567421148393507, 39.720286992323601 ], [ -77.543409903656993, 39.720174525023097 ], [ -77.534758, 39.720134 ], [ -77.533371, 39.720165 ], [ -77.527211288739096, 39.720150901697799 ], [ -77.506909630507806, 39.720104435410697 ], [ -77.506589504012396, 39.720103702707497 ], [ -77.499223728541097, 39.7200868439744 ], [ -77.496585704415807, 39.720080806083999 ], [ -77.481618065048295, 39.7200465482602 ], [ -77.469145, 39.720018 ], [ -77.469567, 39.719422 ], [ -77.472666, 39.715644 ], [ -77.473992, 39.71368 ], [ -77.478699, 39.710498 ], [ -77.479766, 39.708915 ], [ -77.486239, 39.704619 ], [ -77.486743, 39.703027 ], [ -77.487601, 39.701245 ], [ -77.489662, 39.698793 ], [ -77.490537, 39.695568 ], [ -77.491674, 39.694915 ], [ -77.493519, 39.69259 ], [ -77.495798, 39.691498 ], [ -77.496888, 39.690396 ], [ -77.499656, 39.689506 ], [ -77.503158, 39.689231 ], [ -77.505592, 39.687461 ], [ -77.50836, 39.684072 ], [ -77.499708, 39.684061 ], [ -77.497082, 39.683133 ], [ -77.496199, 39.682008 ], [ -77.493057, 39.677555 ], [ -77.492874, 39.676425 ], [ -77.49466, 39.674633 ], [ -77.49678, 39.671695 ], [ -77.497047, 39.669467 ], [ -77.498443, 39.667541 ], [ -77.504567, 39.664313 ], [ -77.504704, 39.662585 ], [ -77.504508, 39.661692 ], [ -77.508262, 39.658866 ], [ -77.512077, 39.654205 ], [ -77.513229, 39.651344 ], [ -77.513236, 39.649917 ], [ -77.516113, 39.647003 ], [ -77.517234, 39.644714 ], [ -77.520164, 39.640678 ], [ -77.525764, 39.637531 ], [ -77.526518, 39.635993 ], [ -77.52626, 39.635002 ], [ -77.530357, 39.63169 ], [ -77.53276, 39.631183 ], [ -77.535469, 39.63165 ], [ -77.53756, 39.632735 ], [ -77.54068, 39.633561 ], [ -77.545411, 39.63335 ], [ -77.547508, 39.632305 ], [ -77.548446, 39.631225 ], [ -77.550018, 39.626632 ], [ -77.550765, 39.625312 ], [ -77.556197, 39.624022 ], [ -77.559097, 39.623034 ], [ -77.570182, 39.619998 ], [ -77.573722, 39.613037 ], [ -77.574752, 39.61161 ], [ -77.575706, 39.609714 ], [ -77.577644, 39.60305 ], [ -77.577751, 39.601608 ], [ -77.577919, 39.598793 ], [ -77.581054, 39.591735 ], [ -77.581977, 39.58876 ], [ -77.585304, 39.583297 ], [ -77.58451, 39.581607 ], [ -77.585708, 39.575363 ], [ -77.586761, 39.571365 ], [ -77.587821, 39.570377 ], [ -77.589308, 39.567092 ], [ -77.591407, 39.565208 ], [ -77.593971, 39.563919 ], [ -77.594467, 39.562294 ], [ -77.593833, 39.561298 ], [ -77.59452, 39.559051 ], [ -77.594337, 39.555702 ], [ -77.594856, 39.552986 ], [ -77.595909, 39.551109 ], [ -77.597358, 39.550281 ], [ -77.598731, 39.550724 ], [ -77.599418, 39.549709 ], [ -77.598419, 39.5475 ], [ -77.598214, 39.544044 ], [ -77.597068, 39.541975 ], [ -77.597704, 39.540781 ], [ -77.602654, 39.539318 ], [ -77.606072, 39.536719 ], [ -77.606595, 39.535555 ], [ -77.607388, 39.53535 ], [ -77.609965, 39.53216 ], [ -77.610461, 39.530476 ], [ -77.613484, 39.528667 ], [ -77.613135, 39.527885 ], [ -77.614801, 39.525994 ], [ -77.614347, 39.524249 ], [ -77.61482, 39.522153 ], [ -77.618117, 39.518577 ], [ -77.618448, 39.517141 ], [ -77.620384, 39.513118 ], [ -77.619781, 39.511791 ], [ -77.621261, 39.510452 ], [ -77.622604, 39.507598 ], [ -77.62117, 39.506553 ], [ -77.621215, 39.50428 ], [ -77.622833, 39.501873 ], [ -77.623077, 39.500423 ], [ -77.619902, 39.49689 ], [ -77.61441, 39.491551 ], [ -77.614997, 39.490242 ], [ -77.62017, 39.484695 ], [ -77.621078, 39.484325 ], [ -77.622024, 39.481754 ], [ -77.620666, 39.47789 ], [ -77.618005, 39.474821 ], [ -77.616728, 39.470721 ], [ -77.616156, 39.468371 ], [ -77.618453, 39.466197 ], [ -77.620567, 39.465442 ], [ -77.621734, 39.463962 ], [ -77.621856, 39.459674 ], [ -77.626811, 39.457106 ], [ -77.628554, 39.451547 ], [ -77.626907, 39.448455 ], [ -77.629264, 39.4486 ], [ -77.633842, 39.446819 ], [ -77.634689, 39.445549 ], [ -77.634628, 39.443016 ], [ -77.637008, 39.438529 ], [ -77.637969, 39.434665 ], [ -77.637725, 39.432086 ], [ -77.638305, 39.430324 ], [ -77.637741, 39.424823 ], [ -77.638076, 39.422779 ], [ -77.639793, 39.416881 ], [ -77.640922, 39.414733 ], [ -77.640037, 39.408428 ], [ -77.63932, 39.407356 ], [ -77.640068, 39.405767 ], [ -77.640411, 39.402538 ], [ -77.645333, 39.391389 ], [ -77.646086, 39.390315 ], [ -77.647079, 39.387229 ], [ -77.647857, 39.383247 ], [ -77.649694, 39.380631 ], [ -77.651552, 39.375112 ], [ -77.654334, 39.371422 ], [ -77.656177, 39.368397 ], [ -77.657701, 39.366948 ], [ -77.658843, 39.365437 ], [ -77.660672, 39.363119 ], [ -77.661867, 39.360117 ], [ -77.664591, 39.355618 ], [ -77.666887, 39.350732 ], [ -77.671516, 39.345605 ], [ -77.673442, 39.344225 ], [ -77.67396, 39.343061 ], [ -77.675254, 39.338024 ], [ -77.676371, 39.330325 ], [ -77.677164, 39.324534 ], [ -77.677123012746307, 39.324077373941201 ], [ -77.681706, 39.323666 ], [ -77.687124, 39.319914 ], [ -77.692984, 39.31845 ], [ -77.697461, 39.318633 ], [ -77.707709, 39.321559 ], [ -77.715865, 39.320641 ], [ -77.719519, 39.321314 ], [ -77.726855766356294, 39.321642567653598 ], [ -77.727379, 39.321666 ], [ -77.727988711340501, 39.322186539979 ], [ -77.730533232546605, 39.324358920459801 ], [ -77.730914, 39.324684 ], [ -77.735009, 39.327015 ], [ -77.754379408197707, 39.333432030319202 ], [ -77.755789, 39.333899 ], [ -77.757873455908097, 39.335768799444999 ], [ -77.759615, 39.337331 ], [ -77.761115, 39.339757 ], [ -77.761084, 39.342524 ], [ -77.760435, 39.344171 ], [ -77.759315, 39.345314 ], [ -77.750387, 39.34945 ], [ -77.74593, 39.353221 ], [ -77.743874, 39.359947 ], [ -77.744107926074406, 39.364445311771703 ], [ -77.744144, 39.365139 ], [ -77.753274, 39.37832 ], [ -77.753804, 39.379624 ], [ -77.753389, 39.382094 ], [ -77.752209, 39.383328 ], [ -77.749715, 39.384171 ], [ -77.740765, 39.385409 ], [ -77.738084, 39.386211 ], [ -77.736900512410301, 39.387237760879998 ], [ -77.736317, 39.387744 ], [ -77.735905, 39.389665 ], [ -77.736409, 39.392684 ], [ -77.740012, 39.401694 ], [ -77.747478, 39.41093 ], [ -77.75268, 39.420174 ], [ -77.75309, 39.423262 ], [ -77.754681, 39.424658 ], [ -77.75872, 39.42681 ], [ -77.763319, 39.428436 ], [ -77.764725916432994, 39.428363891109903 ], [ -77.77485, 39.427845 ], [ -77.787266, 39.429335 ], [ -77.792751, 39.430593 ], [ -77.794614788542901, 39.431431460573201 ], [ -77.797894489668096, 39.432906896236702 ], [ -77.798855, 39.433339 ], [ -77.802542, 39.435969 ], [ -77.802684024085593, 39.436203430138399 ], [ -77.803249, 39.437136 ], [ -77.802866, 39.439285 ], [ -77.80086, 39.440841 ], [ -77.78856, 39.442829 ], [ -77.786052, 39.444224 ], [ -77.78558, 39.445367 ], [ -77.78611, 39.447197 ], [ -77.7931, 39.451406 ], [ -77.798144, 39.455981 ], [ -77.799294, 39.458383 ], [ -77.798468, 39.46067 ], [ -77.796196, 39.461722 ], [ -77.793157, 39.462042 ], [ -77.783539, 39.460073 ], [ -77.780471, 39.459867 ], [ -77.779202, 39.460392 ], [ -77.777815, 39.461924 ], [ -77.777815, 39.462816 ], [ -77.778522, 39.463663 ], [ -77.789645, 39.467827 ], [ -77.795634, 39.471259 ], [ -77.796755, 39.472448 ], [ -77.798201, 39.475719 ], [ -77.797787, 39.47876 ], [ -77.796695, 39.480498 ], [ -77.795485, 39.481824 ], [ -77.788519, 39.485048 ], [ -77.78176, 39.487128 ], [ -77.771723, 39.489207 ], [ -77.769125, 39.490281 ], [ -77.768043803416603, 39.490839105400198 ], [ -77.767087, 39.491333 ], [ -77.765644618419998, 39.492921873459302 ], [ -77.765551, 39.493025 ], [ -77.765427476306101, 39.494170098027197 ], [ -77.765403, 39.494397 ], [ -77.765993, 39.495724 ], [ -77.768442, 39.497783 ], [ -77.768783381383798, 39.497960496540898 ], [ -77.77095, 39.499087 ], [ -77.774374, 39.4995 ], [ -77.781608, 39.499067 ], [ -77.784442, 39.498061 ], [ -77.786539, 39.496598 ], [ -77.789757, 39.492207 ], [ -77.791765, 39.490789 ], [ -77.792912802000899, 39.490442818641199 ], [ -77.795631, 39.489623 ], [ -77.80183, 39.489395 ], [ -77.807821, 39.490241 ], [ -77.820781, 39.4939 ], [ -77.8254985217078, 39.494257799094299 ], [ -77.831909, 39.494744 ], [ -77.845666, 39.498628 ], [ -77.847639, 39.500698 ], [ -77.848112, 39.502093 ], [ -77.847611, 39.503351 ], [ -77.845103, 39.505845 ], [ -77.829045, 39.514425 ], [ -77.82565, 39.516895 ], [ -77.823555, 39.524077 ], [ -77.823762, 39.525907 ], [ -77.825357, 39.529177 ], [ -77.827188, 39.530458 ], [ -77.833509, 39.532628 ], [ -77.836935, 39.53217 ], [ -77.839061, 39.531117 ], [ -77.840536, 39.529196 ], [ -77.840651, 39.520941 ], [ -77.84192, 39.51847 ], [ -77.850747, 39.515403 ], [ -77.860195, 39.514325 ], [ -77.86368, 39.515032 ], [ -77.864939781831893, 39.516382720406298 ], [ -77.866132, 39.517661 ], [ -77.866518, 39.520039 ], [ -77.866138, 39.524727 ], [ -77.865078, 39.528226 ], [ -77.864315, 39.534813 ], [ -77.864434, 39.536483 ], [ -77.865351, 39.538381 ], [ -77.87153, 39.544278 ], [ -77.886436, 39.551947 ], [ -77.888945, 39.55595 ], [ -77.888648, 39.558054 ], [ -77.888010473173694, 39.559126545131399 ], [ -77.887968, 39.559198 ], [ -77.886135, 39.560432 ], [ -77.880651029263703, 39.562616595838598 ], [ -77.878451, 39.563493 ], [ -77.872723, 39.563895 ], [ -77.868996748853604, 39.563709460523803 ], [ -77.865734, 39.563547 ], [ -77.864850427217903, 39.563641729154298 ], [ -77.855847, 39.564607 ], [ -77.842174, 39.564333 ], [ -77.83633, 39.56637 ], [ -77.8347328891263, 39.568753609739602 ], [ -77.833217, 39.571016 ], [ -77.832303442280704, 39.574817627167803 ], [ -77.830775, 39.581178 ], [ -77.8302328827629, 39.584624759956696 ], [ -77.830229336141599, 39.584647309234803 ], [ -77.829814, 39.587288 ], [ -77.829753, 39.59105 ], [ -77.831647218113105, 39.6002958073435 ], [ -77.831813, 39.601105 ], [ -77.833568, 39.602936 ], [ -77.838008, 39.606125 ], [ -77.842785, 39.607255 ], [ -77.846871805229597, 39.607202049185801 ], [ -77.853436, 39.607117 ], [ -77.8578, 39.60788 ], [ -77.862650308486707, 39.609332551250098 ], [ -77.866761215946298, 39.610563669597703 ], [ -77.868679, 39.611138 ], [ -77.874718, 39.614293 ], [ -77.885124, 39.615775 ], [ -77.887017, 39.614518 ], [ -77.886959, 39.613329 ], [ -77.881936, 39.608112 ], [ -77.88111, 39.606214 ], [ -77.880993, 39.602852 ], [ -77.881823, 39.600039 ], [ -77.882977, 39.598828 ], [ -77.885077, 39.597937 ], [ -77.888477, 39.597343 ], [ -77.909442314460506, 39.601450799593401 ], [ -77.91641, 39.602816 ], [ -77.916836, 39.602942 ], [ -77.923298, 39.604852 ], [ -77.925901771387998, 39.607552565863401 ], [ -77.925988, 39.607642 ], [ -77.928738, 39.613908 ], [ -77.932862, 39.617676 ], [ -77.937492, 39.61915 ], [ -77.94194, 39.61879 ], [ -77.942625370521299, 39.618274311069399 ], [ -77.944622, 39.616772 ], [ -77.944133, 39.614617 ], [ -77.938362, 39.61258 ], [ -77.93545, 39.608076 ], [ -77.935861267907796, 39.602017277988097 ], [ -77.936371, 39.594508 ], [ -77.93905, 39.587139 ], [ -77.94215, 39.584933 ], [ -77.946182, 39.584814 ], [ -77.949836, 39.58711 ], [ -77.951955, 39.592709 ], [ -77.952152, 39.597272 ], [ -77.950916, 39.601163 ], [ -77.950599, 39.603944 ], [ -77.952104, 39.606358 ], [ -77.957642, 39.608614 ], [ -77.962092, 39.608702 ], [ -77.966223, 39.607435 ], [ -77.968998502959707, 39.605778320871501 ], [ -77.97015, 39.605091 ], [ -77.973967, 39.601071 ], [ -77.976686, 39.599744 ], [ -77.984815, 39.59942 ], [ -77.991437, 39.600194 ], [ -77.991640857008505, 39.600199502061898 ], [ -78.00233, 39.600488 ], [ -78.006734, 39.601337 ], [ -78.009985, 39.602893 ], [ -78.011343, 39.604083 ], [ -78.022401860149799, 39.619600466954402 ], [ -78.023896, 39.621697 ], [ -78.03014, 39.627462 ], [ -78.035992, 39.63572 ], [ -78.03886, 39.638121 ], [ -78.047672, 39.643107 ], [ -78.04995, 39.645349 ], [ -78.051562543600198, 39.647674252073301 ], [ -78.051932, 39.648207 ], [ -78.068291, 39.66106 ], [ -78.074595, 39.666686 ], [ -78.077525, 39.66888 ], [ -78.08226, 39.671166 ], [ -78.085679933874104, 39.671190304646899 ], [ -78.088592, 39.671211 ], [ -78.089835, 39.671668 ], [ -78.097118, 39.678161 ], [ -78.099848718014101, 39.6794172839965 ], [ -78.101737, 39.680286 ], [ -78.107834, 39.682137 ], [ -78.11183, 39.682593 ], [ -78.123939, 39.685652 ], [ -78.132706, 39.686977 ], [ -78.135221, 39.688305 ], [ -78.143478, 39.690412 ], [ -78.154164, 39.690531 ], [ -78.156501737849197, 39.691444720194298 ], [ -78.162126, 39.693643 ], [ -78.171361, 39.695612 ], [ -78.176625, 39.695967 ], [ -78.182759, 39.69511 ], [ -78.186204031705799, 39.6931093395172 ], [ -78.186328193085501, 39.693037234298103 ], [ -78.191107, 39.690262 ], [ -78.192439, 39.689118 ], [ -78.196701, 39.682074 ], [ -78.201081, 39.677866 ], [ -78.202945, 39.676653 ], [ -78.206763, 39.67599 ], [ -78.227333, 39.676121 ], [ -78.231564, 39.674382 ], [ -78.233138, 39.672875 ], [ -78.233012, 39.670471 ], [ -78.223864, 39.662607 ], [ -78.223597, 39.661097 ], [ -78.225075, 39.658878 ], [ -78.227677, 39.656796 ], [ -78.238059, 39.652081 ], [ -78.240325548315397, 39.650165043251299 ], [ -78.246722, 39.644758 ], [ -78.254077, 39.640089 ], [ -78.262189, 39.630464 ], [ -78.263344, 39.626417 ], [ -78.263371, 39.621675 ], [ -78.265088, 39.619274 ], [ -78.266833, 39.618818 ], [ -78.271122, 39.619642 ], [ -78.282220187067097, 39.620413108407398 ], [ -78.282672714869804, 39.620444550298899 ], [ -78.2828638800231, 39.620457832563503 ], [ -78.283039, 39.62047 ], [ -78.2925802132592, 39.623941051819202 ], [ -78.308152, 39.629606 ], [ -78.313033, 39.631001 ], [ -78.331934, 39.636054 ], [ -78.333880268312996, 39.636485919341197 ], [ -78.334228, 39.638594 ], [ -78.33371, 39.640928 ], [ -78.336266, 39.642439 ], [ -78.342029, 39.643881 ], [ -78.346031, 39.649174 ], [ -78.345505, 39.649752 ], [ -78.340397, 39.648733 ], [ -78.339617, 39.652072 ], [ -78.340024, 39.652748 ], [ -78.344237, 39.653131 ], [ -78.347071, 39.654443 ], [ -78.353183, 39.655278 ], [ -78.35565, 39.656138 ], [ -78.357049, 39.657645 ], [ -78.359294, 39.657275 ], [ -78.362395, 39.658479 ], [ -78.363458, 39.659793 ] ] ] ] } },
{ "type": "Feature", "properties": { "STATEFP": "24", "COUNTYFP": "001", "COUNTYNS": "01713506", "GEOIDFQ": "0500000US24001", "GEOID": "24001", "NAME": "Allegany", "NAMELSAD": "Allegany County", "STUSPS": "MD", "STATE_NAME": "Maryland", "LSAD": "06", "ALAND": 1093489886.0, "AWATER": 14710933.0 }, "geometry": { "type": "MultiPolygon", "coordinates": [ [ [ [ -79.067559, 39.479443 ], [ -79.060031, 39.492578 ], [ -79.053098, 39.504748 ], [ -79.041686, 39.524703 ], [ -79.018019, 39.566089 ], [ -78.99867, 39.599942 ], [ -78.989146, 39.616581 ], [ -78.967211, 39.654926 ], [ -78.96104, 39.665726 ], [ -78.954996, 39.676299 ], [ -78.946806, 39.69063 ], [ -78.928418673814804, 39.722778558748303 ], [ -78.914850962661305, 39.722796069940799 ], [ -78.903141757499796, 39.722811182449 ], [ -78.885741949659504, 39.722833639544497 ], [ -78.853870593645397, 39.722874774371398 ], [ -78.849932861715203, 39.7228798566127 ], [ -78.845343867644004, 39.722885779406703 ], [ -78.837652932506302, 39.722895705726899 ], [ -78.815374034150693, 39.722924460030001 ], [ -78.808374699541901, 39.722933493734701 ], [ -78.789527050102393, 39.7229578194897 ], [ -78.772540957076302, 39.722979742623302 ], [ -78.761136083198394, 39.722994462345703 ], [ -78.742523039345897, 39.723018485306604 ], [ -78.742492054077999, 39.723018525297803 ], [ -78.723529, 39.723043 ], [ -78.720771735558401, 39.723033998120599 ], [ -78.706448666220098, 39.722987236359103 ], [ -78.659222197819105, 39.722833052029003 ], [ -78.658260140676006, 39.722829911117998 ], [ -78.633802765575794, 39.722750063013102 ], [ -78.610328657591594, 39.722673425065402 ], [ -78.575893, 39.722561 ], [ -78.546415, 39.722869 ], [ -78.537702, 39.72249 ], [ -78.493469233713199, 39.7227097721345 ], [ -78.461422, 39.722869 ], [ -78.438839, 39.722481 ], [ -78.425180358663397, 39.722489224765603 ], [ -78.380598950062506, 39.722516070161603 ], [ -78.342834166083804, 39.722538810819898 ], [ -78.343666, 39.721723 ], [ -78.346047, 39.721478 ], [ -78.342962, 39.717196 ], [ -78.340186, 39.716157 ], [ -78.338686, 39.716487 ], [ -78.335834, 39.719953 ], [ -78.333901, 39.719249 ], [ -78.333171, 39.718636 ], [ -78.33151, 39.714511 ], [ -78.329033, 39.712258 ], [ -78.330754, 39.711251 ], [ -78.3339, 39.71269 ], [ -78.334294, 39.709861 ], [ -78.327629, 39.707479 ], [ -78.323438, 39.705153 ], [ -78.320893, 39.702987 ], [ -78.318364, 39.702622 ], [ -78.317449, 39.699177 ], [ -78.319661, 39.696441 ], [ -78.319474, 39.695071 ], [ -78.317085, 39.693313 ], [ -78.314673, 39.693768 ], [ -78.313325, 39.692474 ], [ -78.316314, 39.68928 ], [ -78.319173, 39.689144 ], [ -78.322235, 39.689544 ], [ -78.323057, 39.688354 ], [ -78.321424, 39.687213 ], [ -78.316764, 39.686693 ], [ -78.315192, 39.685887 ], [ -78.314913, 39.684504 ], [ -78.316711, 39.683168 ], [ -78.319099, 39.683513 ], [ -78.321626, 39.684592 ], [ -78.322879, 39.683861 ], [ -78.321625, 39.682157 ], [ -78.318662, 39.682133 ], [ -78.318009, 39.680515 ], [ -78.321047, 39.678945 ], [ -78.319677, 39.677286 ], [ -78.320177, 39.676136 ], [ -78.324531, 39.677593 ], [ -78.326782, 39.676475 ], [ -78.330177, 39.678506 ], [ -78.331483, 39.678683 ], [ -78.33617, 39.680712 ], [ -78.341847, 39.67785 ], [ -78.343478, 39.675535 ], [ -78.340948, 39.673364 ], [ -78.340188, 39.671984 ], [ -78.335923, 39.670353 ], [ -78.335348, 39.667406 ], [ -78.333192, 39.66641 ], [ -78.333556, 39.663157 ], [ -78.334139, 39.662397 ], [ -78.338855, 39.663989 ], [ -78.342345, 39.663131 ], [ -78.344213, 39.661843 ], [ -78.349288, 39.66057 ], [ -78.353721, 39.66142 ], [ -78.356139, 39.663834 ], [ -78.357089, 39.663861 ], [ -78.356326, 39.661538 ], [ -78.354698, 39.66044 ], [ -78.357112, 39.659465 ], [ -78.362258, 39.660965 ], [ -78.363458, 39.659793 ], [ -78.362395, 39.658479 ], [ -78.359294, 39.657275 ], [ -78.357049, 39.657645 ], [ -78.35565, 39.656138 ], [ -78.353183, 39.655278 ], [ -78.347071, 39.654443 ], [ -78.344237, 39.653131 ], [ -78.340024, 39.652748 ], [ -78.339617, 39.652072 ], [ -78.340397, 39.648733 ], [ -78.345505, 39.649752 ], [ -78.346031, 39.649174 ], [ -78.342029, 39.643881 ], [ -78.336266, 39.642439 ], [ -78.33371, 39.640928 ], [ -78.334228, 39.638594 ], [ -78.333880268312996, 39.636485919341197 ], [ -78.351905, 39.640486 ], [ -78.355218, 39.640576 ], [ -78.358264, 39.63966 ], [ -78.359506, 39.638081 ], [ -78.358735, 39.635589 ], [ -78.355567, 39.633463 ], [ -78.353673, 39.630787 ], [ -78.353465, 39.628912 ], [ -78.353878, 39.627722 ], [ -78.35577, 39.626258 ], [ -78.358343, 39.625581 ], [ -78.362485, 39.626049 ], [ -78.366212, 39.627534 ], [ -78.367959, 39.628929 ], [ -78.373166, 39.630459 ], [ -78.380504, 39.629359 ], [ -78.382487, 39.628216 ], [ -78.383447, 39.625091 ], [ -78.383461, 39.623321 ], [ -78.382959, 39.622246 ], [ -78.379118, 39.618127 ], [ -78.372404, 39.612297 ], [ -78.372255, 39.6112 ], [ -78.3732, 39.60953 ], [ -78.374732, 39.608635 ], [ -78.378181, 39.608178 ], [ -78.383591, 39.608912 ], [ -78.390774, 39.612117 ], [ -78.395828, 39.616076 ], [ -78.41286, 39.621091 ], [ -78.420549, 39.624021 ], [ -78.425902, 39.624548 ], [ -78.43025, 39.62329 ], [ -78.433297, 39.620569 ], [ -78.433623, 39.618259 ], [ -78.433002, 39.61652 ], [ -78.431524, 39.614484 ], [ -78.425581, 39.607599 ], [ -78.420644, 39.603183 ], [ -78.420584304547702, 39.603145588597499 ], [ -78.41287, 39.598311 ], [ -78.402702, 39.593596 ], [ -78.397471, 39.590232 ], [ -78.395463, 39.587372 ], [ -78.395317, 39.584215 ], [ -78.397446, 39.581952 ], [ -78.400936, 39.580214 ], [ -78.408031, 39.578593 ], [ -78.41867, 39.581111 ], [ -78.420059, 39.581706 ], [ -78.422985, 39.584109 ], [ -78.428246, 39.586717 ], [ -78.443175, 39.591155 ], [ -78.445983, 39.591223 ], [ -78.451186, 39.590193 ], [ -78.454527, 39.588958 ], [ -78.457187, 39.587379 ], [ -78.458052, 39.585241 ], [ -78.458338, 39.580426 ], [ -78.454376, 39.574319 ], [ -78.450207, 39.570889 ], [ -78.442707, 39.566924 ], [ -78.438179, 39.563524 ], [ -78.426537, 39.559155 ], [ -78.423287, 39.556319 ], [ -78.419474, 39.552119 ], [ -78.417295, 39.549603 ], [ -78.417586, 39.547155 ], [ -78.419984, 39.545406 ], [ -78.423975, 39.545103 ], [ -78.426953, 39.546598 ], [ -78.428782, 39.548864 ], [ -78.43015, 39.551235 ], [ -78.431866, 39.55246 ], [ -78.43512, 39.553402 ], [ -78.437397, 39.553472 ], [ -78.439005, 39.551941 ], [ -78.438505, 39.54959 ], [ -78.436564, 39.548266 ], [ -78.434759, 39.543988 ], [ -78.435107, 39.541658 ], [ -78.436378, 39.539302 ], [ -78.438357, 39.538753 ], [ -78.441961, 39.541223 ], [ -78.447853, 39.548219 ], [ -78.451083, 39.550192 ], [ -78.457572, 39.551388 ], [ -78.460224, 39.551184 ], [ -78.461762, 39.549812 ], [ -78.461818, 39.548039 ], [ -78.460123, 39.545848 ], [ -78.456198, 39.544491 ], [ -78.450602, 39.543992 ], [ -78.448565, 39.54209 ], [ -78.448642, 39.53996 ], [ -78.450413, 39.537946 ], [ -78.452150951252406, 39.538053651977002 ], [ -78.454976921617799, 39.538228697908899 ], [ -78.457468, 39.538383 ], [ -78.460904, 39.537436 ], [ -78.462849, 39.535758 ], [ -78.462997, 39.53365 ], [ -78.461071, 39.529304 ], [ -78.460983849701904, 39.526895020511198 ], [ -78.460951, 39.525987 ], [ -78.462899, 39.52084 ], [ -78.468639, 39.516789 ], [ -78.471166, 39.516103 ], [ -78.474178, 39.51624 ], [ -78.480677, 39.51896 ], [ -78.484044, 39.519507 ], [ -78.485697, 39.519392 ], [ -78.489742, 39.517789 ], [ -78.499017, 39.518906 ], [ -78.5032, 39.518652 ], [ -78.513622, 39.522545 ], [ -78.521388, 39.52479 ], [ -78.522513490672097, 39.524766444024102 ], [ -78.523311553470506, 39.5247497409554 ], [ -78.527886, 39.524654 ], [ -78.546584, 39.520998 ], [ -78.550128, 39.520702 ], [ -78.552756, 39.521388 ], [ -78.557127, 39.521526 ], [ -78.565929, 39.519444 ], [ -78.567937, 39.519902 ], [ -78.572692, 39.522372 ], [ -78.578244, 39.526567 ], [ -78.582739, 39.527642 ], [ -78.587596348141801, 39.527901596991001 ], [ -78.587791, 39.527912 ], [ -78.590654, 39.530192 ], [ -78.592131, 39.531816 ], [ -78.590058, 39.535431 ], [ -78.590257, 39.536386 ], [ -78.591633, 39.536891 ], [ -78.594495, 39.536515 ], [ -78.597637, 39.535292 ], [ -78.600511, 39.533434 ], [ -78.602262, 39.532112 ], [ -78.604882, 39.532555 ], [ -78.605868, 39.534304 ], [ -78.606873, 39.535082 ], [ -78.613345695648107, 39.5372074258675 ], [ -78.614526, 39.537595 ], [ -78.623037, 39.539512 ], [ -78.628566, 39.53919 ], [ -78.628736574516594, 39.537918357395597 ], [ -78.628744, 39.537863 ], [ -78.630842, 39.537109 ], [ -78.655984, 39.534695 ], [ -78.657416563133097, 39.535067724082701 ], [ -78.66399, 39.536778 ], [ -78.668745, 39.540164 ], [ -78.675629, 39.540371 ], [ -78.682423, 39.543848 ], [ -78.689455, 39.54577 ], [ -78.691494, 39.547646 ], [ -78.691996, 39.55078 ], [ -78.692824, 39.55197 ], [ -78.694626, 39.553251 ], [ -78.707098, 39.555857 ], [ -78.708664, 39.556795 ], [ -78.713335, 39.562032 ], [ -78.714784, 39.562558 ], [ -78.724590612713101, 39.563914968217198 ], [ -78.72501, 39.563973 ], [ -78.7259418909115, 39.566501418734298 ], [ -78.726342, 39.567587 ], [ -78.731992, 39.575364 ], [ -78.733149, 39.58369 ], [ -78.733979, 39.586618 ], [ -78.738502, 39.586319 ], [ -78.740246, 39.585655 ], [ -78.743318, 39.580712 ], [ -78.746421, 39.579544 ], [ -78.751832, 39.581833 ], [ -78.756747, 39.58069 ], [ -78.760196, 39.582154 ], [ -78.76749, 39.587487 ], [ -78.768314, 39.589394 ], [ -78.768481, 39.591583 ], [ -78.770511, 39.594994 ], [ -78.772128, 39.596497 ], [ -78.774281, 39.597328 ], [ -78.775564040293304, 39.598669541612402 ], [ -78.778141, 39.601364 ], [ -78.778096, 39.602097 ], [ -78.77686, 39.604027 ], [ -78.768115, 39.608704 ], [ -78.760497, 39.609984 ], [ -78.751514, 39.609947 ], [ -78.74935, 39.608572 ], [ -78.749222, 39.606536 ], [ -78.747063, 39.60569 ], [ -78.742284, 39.609389 ], [ -78.73905, 39.609697 ], [ -78.733759, 39.613931 ], [ -78.733553, 39.615533 ], [ -78.736189, 39.621708 ], [ -78.740102327760596, 39.623684841702399 ], [ -78.74288, 39.625088 ], [ -78.748499, 39.626262 ], [ -78.756686, 39.622971 ], [ -78.763171, 39.618897 ], [ -78.769565, 39.619431 ], [ -78.777516, 39.621712 ], [ -78.778477, 39.62265 ], [ -78.778477, 39.624405 ], [ -78.776948878404397, 39.6276727768985 ], [ -78.77264, 39.636887 ], [ -78.77114, 39.638387 ], [ -78.76814, 39.639287 ], [ -78.768133462664906, 39.639297973383798 ], [ -78.76534, 39.643987 ], [ -78.76504, 39.646087 ], [ -78.7654294, 39.6472552 ], [ -78.765664, 39.647959 ], [ -78.76584, 39.648487 ], [ -78.7680102787007, 39.647840602769698 ], [ -78.772240344545807, 39.646580717186701 ], [ -78.775241, 39.645687 ], [ -78.778392413416896, 39.641089036162199 ], [ -78.781341, 39.636787 ], [ -78.784041, 39.636687 ], [ -78.790941, 39.638287 ], [ -78.794365267359794, 39.6370872048712 ], [ -78.794817715763301, 39.636928675955801 ], [ -78.795282, 39.636766 ], [ -78.794097, 39.634559 ], [ -78.796752, 39.632103 ], [ -78.797397, 39.629455 ], [ -78.798647, 39.628708 ], [ -78.80082, 39.628901 ], [ -78.801741, 39.627488 ], [ -78.795964, 39.614205 ], [ -78.795945159079906, 39.614094515074399 ], [ -78.795368, 39.61071 ], [ -78.795857, 39.606934 ], [ -78.79784, 39.604897 ], [ -78.800434, 39.605232 ], [ -78.801792, 39.606812 ], [ -78.803967748081106, 39.607172272779501 ], [ -78.808978433708205, 39.6080019706908 ], [ -78.809347, 39.608063 ], [ -78.812154, 39.60054 ], [ -78.812157564416495, 39.600375043480497 ], [ -78.812215, 39.597717 ], [ -78.817484, 39.594589 ], [ -78.818899, 39.59037 ], [ -78.824788, 39.590233 ], [ -78.826009, 39.588829 ], [ -78.826171980571701, 39.583491038028903 ], [ -78.82636, 39.577333 ], [ -78.820104, 39.576287 ], [ -78.815114, 39.571351 ], [ -78.813512, 39.56772 ], [ -78.816764, 39.561691 ], [ -78.821404, 39.560616 ], [ -78.826407, 39.562589 ], [ -78.830298, 39.565355 ], [ -78.838553, 39.5673 ], [ -78.840036955629301, 39.566291044924 ], [ -78.840315, 39.566102 ], [ -78.841861, 39.564069 ], [ -78.844179, 39.562396 ], [ -78.846183, 39.562849 ], [ -78.847575070069297, 39.562036750857203 ], [ -78.851196, 39.559924 ], [ -78.851016, 39.554044 ], [ -78.851931, 39.551848 ], [ -78.854419, 39.548302 ], [ -78.861431, 39.540965 ], [ -78.863201, 39.540878 ], [ -78.866875, 39.539803 ], [ -78.869174, 39.539438 ], [ -78.870687, 39.538767 ], [ -78.870831292229397, 39.537466599478201 ], [ -78.871013, 39.535829 ], [ -78.869998, 39.534109 ], [ -78.869357, 39.531793 ], [ -78.874744, 39.522611 ], [ -78.87681, 39.52125 ], [ -78.879084, 39.521205 ], [ -78.885996, 39.522581 ], [ -78.888596, 39.524598 ], [ -78.890434, 39.525046 ], [ -78.893317, 39.523756 ], [ -78.89343, 39.522034 ], [ -78.891197, 39.5189 ], [ -78.891538, 39.51531 ], [ -78.892936, 39.512755 ], [ -78.895273, 39.512576 ], [ -78.903822, 39.512583 ], [ -78.905513, 39.511545 ], [ -78.904552, 39.509183 ], [ -78.903888, 39.504716 ], [ -78.908719, 39.496699 ], [ -78.912211, 39.495263 ], [ -78.913806, 39.493753 ], [ -78.914133, 39.491279 ], [ -78.916488, 39.486544 ], [ -78.917067088184794, 39.486303821950003 ], [ -78.918142, 39.485858 ], [ -78.926999, 39.487003 ], [ -78.933613, 39.48618 ], [ -78.938751, 39.483732 ], [ -78.940235352775701, 39.482581647552401 ], [ -78.942293, 39.480987 ], [ -78.942618, 39.479614 ], [ -78.941526, 39.476869 ], [ -78.939164, 39.475267 ], [ -78.938869, 39.4741 ], [ -78.940948, 39.470541 ], [ -78.946603, 39.46614 ], [ -78.948772827242607, 39.465335584105397 ], [ -78.953333, 39.463645 ], [ -78.957708, 39.463845 ], [ -78.959214, 39.461893 ], [ -78.958521, 39.459047 ], [ -78.957559689164398, 39.458059314505697 ], [ -78.954293, 39.454703 ], [ -78.95506, 39.453418 ], [ -78.959961, 39.451644 ], [ -78.960075, 39.450393 ], [ -78.956003, 39.447929 ], [ -78.955483, 39.442277 ], [ -78.956751, 39.440264 ], [ -78.957958792171297, 39.4400138115152 ], [ -78.965484, 39.438455 ], [ -78.967461, 39.439804 ], [ -78.970118, 39.443327 ], [ -78.972984413143195, 39.445088389151302 ], [ -78.978826, 39.448678 ], [ -78.990045014158596, 39.452567266495201 ], [ -78.99695, 39.454961 ], [ -79.004048801423494, 39.458247712121803 ], [ -79.004676632929602, 39.458538395196101 ], [ -79.010097, 39.461048 ], [ -79.017147, 39.466977 ], [ -79.020542, 39.467002 ], [ -79.027032609262406, 39.465347180098803 ], [ -79.028159, 39.46506 ], [ -79.030343, 39.465403 ], [ -79.033884, 39.467761 ], [ -79.035712, 39.471331 ], [ -79.035623, 39.473344 ], [ -79.036199909311506, 39.474884955134598 ], [ -79.036915, 39.476795 ], [ -79.038644924716493, 39.477485404968697 ], [ -79.042528085128296, 39.479035156363601 ], [ -79.044432, 39.479795 ], [ -79.0468992195607, 39.483146196622599 ], [ -79.04705, 39.483351 ], [ -79.050528, 39.483299 ], [ -79.051776994206406, 39.482658556905101 ], [ -79.052447, 39.482315 ], [ -79.05388, 39.480094 ], [ -79.054053892013798, 39.478996708464997 ], [ -79.054429716291594, 39.4766251861057 ], [ -79.054989, 39.473096 ], [ -79.055425, 39.471495 ], [ -79.058093, 39.470811 ], [ -79.060776, 39.471739 ], [ -79.064224, 39.478442 ], [ -79.06623, 39.479944 ], [ -79.066357617256898, 39.479887422766303 ], [ -79.067526323540704, 39.479369294026299 ], [ -79.067559, 39.479443 ] ] ] ] } },
{ "type": "Feature", "properties": { "STATEFP": "24", "COUNTYFP": "019", "COUNTYNS": "00596495", "GEOIDFQ": "0500000US24019", "GEOID": "24019", "NAME": "Dorchester", "NAMELSAD": "Dorchester County", "STUSPS": "MD", "STATE_NAME": "Maryland", "LSAD": "06", "ALAND": 1400573748.0, "AWATER": 1145353067.0 }, "geometry": { "type": "MultiPolygon", "coordinates": [ [ [ [ -76.065444, 38.129795 ], [ -76.064613, 38.130115 ], [ -76.062149, 38.128242 ], [ -76.061103, 38.12688 ], [ -76.063114, 38.126439 ], [ -76.064483, 38.125484 ], [ -76.065673, 38.126838 ], [ -76.065444, 38.129795 ] ] ], [ [ [ -76.088813, 38.163127 ], [ -76.086882, 38.164758 ], [ -76.086764, 38.167468 ], [ -76.087001, 38.169804 ], [ -76.087477, 38.170458 ], [ -76.085456, 38.171859 ], [ -76.083198, 38.173634 ], [ -76.082129, 38.17242 ], [ -76.080465, 38.173541 ], [ -76.081059, 38.175876 ], [ -76.083079, 38.179053 ], [ -76.084251, 38.181095 ], [ -76.083198, 38.182883 ], [ -76.083436, 38.186059 ], [ -76.084387, 38.187553 ], [ -76.086645, 38.188768 ], [ -76.088195, 38.18999 ], [ -76.087239, 38.191943 ], [ -76.086526, 38.192317 ], [ -76.085219, 38.190916 ], [ -76.084506, 38.189795 ], [ -76.08094, 38.188487 ], [ -76.078326, 38.189328 ], [ -76.076068, 38.189048 ], [ -76.073335, 38.188394 ], [ -76.070364, 38.188394 ], [ -76.068224, 38.188768 ], [ -76.06561, 38.188114 ], [ -76.063827, 38.189702 ], [ -76.061926, 38.189608 ], [ -76.058836, 38.191009 ], [ -76.05741, 38.192317 ], [ -76.055984, 38.193718 ], [ -76.05539, 38.195679 ], [ -76.056103, 38.197174 ], [ -76.058123, 38.197454 ], [ -76.060975, 38.198481 ], [ -76.062877, 38.199882 ], [ -76.06454, 38.200536 ], [ -76.067393, 38.200816 ], [ -76.069413, 38.201096 ], [ -76.070495, 38.202911 ], [ -76.066123, 38.203605 ], [ -76.063804, 38.205047 ], [ -76.061775, 38.203395 ], [ -76.059989, 38.203453 ], [ -76.05722, 38.202487 ], [ -76.055305, 38.202465 ], [ -76.052894, 38.203431 ], [ -76.051177, 38.203506 ], [ -76.048988, 38.203777 ], [ -76.046409, 38.201499 ], [ -76.044784, 38.199432 ], [ -76.042434, 38.197513 ], [ -76.040016, 38.1949 ], [ -76.038398, 38.193714 ], [ -76.036659, 38.19231 ], [ -76.036758, 38.191627 ], [ -76.038039, 38.190636 ], [ -76.039584, 38.189421 ], [ -76.041248, 38.188861 ], [ -76.042912, 38.188207 ], [ -76.042912, 38.186993 ], [ -76.04303, 38.185405 ], [ -76.04208, 38.184191 ], [ -76.039584, 38.184658 ], [ -76.037326, 38.184844 ], [ -76.034949, 38.185311 ], [ -76.032335, 38.184471 ], [ -76.029007, 38.183817 ], [ -76.027, 38.182472 ], [ -76.026069, 38.18206 ], [ -76.025398, 38.179817 ], [ -76.024078, 38.178676 ], [ -76.023185, 38.177505 ], [ -76.022888, 38.175918 ], [ -76.022377, 38.173767 ], [ -76.023422, 38.172793 ], [ -76.025204, 38.172513 ], [ -76.025917, 38.170982 ], [ -76.027809, 38.170177 ], [ -76.028854, 38.168399 ], [ -76.031384, 38.167935 ], [ -76.032929, 38.168776 ], [ -76.034117, 38.169617 ], [ -76.035306, 38.16915 ], [ -76.035425, 38.168029 ], [ -76.037445, 38.167842 ], [ -76.03899, 38.167188 ], [ -76.040297, 38.165693 ], [ -76.038396, 38.165039 ], [ -76.037207, 38.163357 ], [ -76.036138, 38.162609 ], [ -76.035187, 38.159806 ], [ -76.035662, 38.158685 ], [ -76.034117, 38.15775 ], [ -76.032814, 38.158065 ], [ -76.030548, 38.155899 ], [ -76.030166, 38.15493 ], [ -76.0289, 38.154182 ], [ -76.029449, 38.152835 ], [ -76.030799, 38.151599 ], [ -76.031517, 38.149658 ], [ -76.032257, 38.148265 ], [ -76.034652, 38.147911 ], [ -76.038024, 38.147174 ], [ -76.038887, 38.14838 ], [ -76.040092, 38.148811 ], [ -76.041992, 38.148487 ], [ -76.043975, 38.148361 ], [ -76.045661, 38.147773 ], [ -76.047904, 38.148155 ], [ -76.051155, 38.147529 ], [ -76.053251, 38.14962 ], [ -76.054201, 38.150368 ], [ -76.055152, 38.152891 ], [ -76.055865, 38.157096 ], [ -76.056578, 38.159806 ], [ -76.058598, 38.163917 ], [ -76.059311, 38.166721 ], [ -76.060262, 38.168776 ], [ -76.063709, 38.170925 ], [ -76.065135, 38.169804 ], [ -76.068106, 38.167748 ], [ -76.069294, 38.165786 ], [ -76.070245, 38.163357 ], [ -76.072265, 38.161768 ], [ -76.074998, 38.159245 ], [ -76.076662, 38.158218 ], [ -76.079158, 38.159152 ], [ -76.081416, 38.159152 ], [ -76.082248, 38.157657 ], [ -76.084743, 38.156629 ], [ -76.085219, 38.158311 ], [ -76.086169, 38.16046 ], [ -76.087714, 38.161488 ], [ -76.088813, 38.163127 ] ] ], [ [ [ -76.089744, 38.146797 ], [ -76.088546, 38.147564 ], [ -76.085472, 38.146823 ], [ -76.084411, 38.145355 ], [ -76.084465, 38.143833 ], [ -76.085334, 38.142318 ], [ -76.085647, 38.140228 ], [ -76.085647, 38.13858 ], [ -76.086882, 38.139246 ], [ -76.088333, 38.141376 ], [ -76.088447, 38.142387 ], [ -76.090225, 38.144767 ], [ -76.089744, 38.146797 ] ] ], [ [ [ -76.09027, 38.119674 ], [ -76.089259, 38.122326 ], [ -76.086532, 38.124359 ], [ -76.084465, 38.122734 ], [ -76.0858, 38.121234 ], [ -76.085662, 38.119029 ], [ -76.085563, 38.117877 ], [ -76.085914, 38.11668 ], [ -76.087814, 38.116046 ], [ -76.089828, 38.115116 ], [ -76.090522, 38.117763 ], [ -76.09027, 38.119674 ] ] ], [ [ [ -76.264358, 38.341991 ], [ -76.263, 38.343898 ], [ -76.259438, 38.341232 ], [ -76.254565, 38.340673 ], [ -76.254922, 38.339648 ], [ -76.256467, 38.339461 ], [ -76.258962, 38.339275 ], [ -76.258725, 38.336851 ], [ -76.258012, 38.335173 ], [ -76.256229, 38.33275 ], [ -76.25409, 38.331165 ], [ -76.252545, 38.329114 ], [ -76.251832, 38.327529 ], [ -76.253734, 38.325944 ], [ -76.254493, 38.324932 ], [ -76.257667, 38.324855 ], [ -76.257507, 38.325748 ], [ -76.256942, 38.328368 ], [ -76.257469, 38.330638 ], [ -76.257728, 38.331569 ], [ -76.260507, 38.333775 ], [ -76.261933, 38.335919 ], [ -76.262409, 38.337783 ], [ -76.265548, 38.34093 ], [ -76.264358, 38.341991 ] ] ], [ [ [ -76.332643, 38.484447 ], [ -76.333119, 38.487051 ], [ -76.329672, 38.486121 ], [ -76.329572389933404, 38.486142826372699 ], [ -76.326701, 38.486772 ], [ -76.324970533136096, 38.487495455563199 ], [ -76.324919, 38.487517 ], [ -76.3253859, 38.4877809 ], [ -76.327058, 38.488726 ], [ -76.326701, 38.489842 ], [ -76.325037, 38.490679 ], [ -76.323968, 38.491144 ], [ -76.323760073200404, 38.492040055070902 ], [ -76.323493, 38.493191 ], [ -76.326701, 38.495051 ], [ -76.327652, 38.496911 ], [ -76.328338, 38.49802 ], [ -76.326939, 38.498399 ], [ -76.323867, 38.498748 ], [ -76.32232, 38.498916 ], [ -76.321929, 38.49776 ], [ -76.319831, 38.497409 ], [ -76.317459, 38.49773 ], [ -76.315879, 38.496795 ], [ -76.310813, 38.496368 ], [ -76.307121, 38.497875 ], [ -76.30355, 38.499507 ], [ -76.299659, 38.501304 ], [ -76.293846, 38.501667 ], [ -76.291682, 38.502813 ], [ -76.287551, 38.503536 ], [ -76.285987, 38.503158 ], [ -76.286177, 38.502305 ], [ -76.288554, 38.501282 ], [ -76.288197, 38.498678 ], [ -76.285226, 38.497841 ], [ -76.281661, 38.496074 ], [ -76.273699, 38.494865 ], [ -76.268232, 38.49719 ], [ -76.267519, 38.49812 ], [ -76.26538, 38.497469 ], [ -76.264214968858298, 38.500156104599498 ], [ -76.263122, 38.502677 ], [ -76.260726, 38.506477 ], [ -76.258644, 38.509803 ], [ -76.251976, 38.519107 ], [ -76.2473, 38.523818 ], [ -76.244464, 38.523972 ], [ -76.232342, 38.526761 ], [ -76.229253, 38.526203 ], [ -76.226757, 38.525459 ], [ -76.225838229222404, 38.526360761710301 ], [ -76.220306695656902, 38.531789890814103 ], [ -76.220221, 38.531874 ], [ -76.221409, 38.536243 ], [ -76.222716, 38.536894 ], [ -76.2228290916361, 38.539632908363899 ], [ -76.222835, 38.539776 ], [ -76.228985142814096, 38.540530435106803 ], [ -76.234957, 38.541263 ], [ -76.244396, 38.536966 ], [ -76.248885, 38.539023 ], [ -76.25045, 38.538974 ], [ -76.252664, 38.540147 ], [ -76.25516, 38.541542 ], [ -76.2674, 38.542564 ], [ -76.272273, 38.538474 ], [ -76.27453, 38.535128 ], [ -76.273817, 38.533919 ], [ -76.274057, 38.531207 ], [ -76.277969, 38.533473 ], [ -76.279273, 38.535575 ], [ -76.277461, 38.541851 ], [ -76.275337, 38.547145 ], [ -76.275913, 38.548809 ], [ -76.275558, 38.552474 ], [ -76.276985, 38.554603 ], [ -76.278228, 38.555957 ], [ -76.278869, 38.55767 ], [ -76.281303, 38.561119 ], [ -76.284217, 38.560997 ], [ -76.283744, 38.56216 ], [ -76.290043, 38.569158 ], [ -76.296302, 38.570083 ], [ -76.299232, 38.569507 ], [ -76.299774, 38.571952 ], [ -76.301689, 38.572948 ], [ -76.305007, 38.572494 ], [ -76.303291, 38.57468 ], [ -76.299705, 38.575042 ], [ -76.294601, 38.579929 ], [ -76.292572, 38.58142 ], [ -76.291847, 38.583663 ], [ -76.290145, 38.58258 ], [ -76.288475, 38.58279 ], [ -76.289861, 38.577319 ], [ -76.283562, 38.575647 ], [ -76.280948, 38.574718 ], [ -76.277383, 38.577784 ], [ -76.2756, 38.580942 ], [ -76.269896, 38.582986 ], [ -76.266212, 38.586052 ], [ -76.265855, 38.588095 ], [ -76.266925, 38.58986 ], [ -76.271797, 38.590789 ], [ -76.272125, 38.592075 ], [ -76.268633, 38.597753 ], [ -76.266687, 38.596641 ], [ -76.26538, 38.597105 ], [ -76.263122, 38.598777 ], [ -76.263835, 38.60147 ], [ -76.26229, 38.602306 ], [ -76.264073, 38.603978 ], [ -76.269777, 38.603885 ], [ -76.271476, 38.601882 ], [ -76.273229, 38.602039 ], [ -76.274887, 38.603584 ], [ -76.275535, 38.604682 ], [ -76.275131, 38.607307 ], [ -76.278861, 38.611518 ], [ -76.280343, 38.615577 ], [ -76.280829, 38.619486 ], [ -76.282493, 38.62255 ], [ -76.286102, 38.625656 ], [ -76.284561, 38.626407 ], [ -76.279838, 38.623977 ], [ -76.27893, 38.622714 ], [ -76.276432, 38.621157 ], [ -76.276096, 38.619005 ], [ -76.273223, 38.617814 ], [ -76.271827, 38.615661 ], [ -76.274293, 38.611779 ], [ -76.269896, 38.610014 ], [ -76.267519, 38.611221 ], [ -76.265142, 38.611221 ], [ -76.264155, 38.615109 ], [ -76.260878, 38.617542 ], [ -76.259438, 38.614843 ], [ -76.257061, 38.614471 ], [ -76.25409, 38.615493 ], [ -76.251357, 38.613914 ], [ -76.249931, 38.615307 ], [ -76.250881, 38.618557 ], [ -76.252783, 38.61995 ], [ -76.254538, 38.622248 ], [ -76.252958, 38.623421 ], [ -76.249725, 38.624755 ], [ -76.249275, 38.626155 ], [ -76.246253, 38.624622 ], [ -76.240028, 38.626548 ], [ -76.238471, 38.627368 ], [ -76.235435, 38.627029 ], [ -76.234573, 38.625694 ], [ -76.234802, 38.624309 ], [ -76.237809, 38.622271 ], [ -76.236038, 38.619445 ], [ -76.238165, 38.6167 ], [ -76.237215, 38.615121 ], [ -76.236264, 38.612429 ], [ -76.235076, 38.611779 ], [ -76.231035, 38.611686 ], [ -76.231986, 38.612986 ], [ -76.231187, 38.61401 ], [ -76.220474, 38.610449 ], [ -76.215393, 38.609413 ], [ -76.212427, 38.606738 ], [ -76.206214, 38.608947 ], [ -76.203065, 38.610741 ], [ -76.202598, 38.613011 ], [ -76.198143, 38.614845 ], [ -76.196853, 38.616287 ], [ -76.191902, 38.619697 ], [ -76.190086, 38.620384 ], [ -76.186492, 38.621074 ], [ -76.181243, 38.624454 ], [ -76.176612, 38.627647 ], [ -76.170166, 38.628673 ], [ -76.168548, 38.627902 ], [ -76.164722, 38.6219 ], [ -76.164722, 38.618743 ], [ -76.164366, 38.614936 ], [ -76.165435, 38.6102 ], [ -76.166743, 38.609086 ], [ -76.166862, 38.606021 ], [ -76.167986393653905, 38.6036182553119 ], [ -76.168644, 38.602213 ], [ -76.165911, 38.598684 ], [ -76.163748, 38.596678 ], [ -76.161276, 38.595117 ], [ -76.156285, 38.59534 ], [ -76.152601, 38.595805 ], [ -76.151769, 38.596548 ], [ -76.149749, 38.59822 ], [ -76.146896, 38.600263 ], [ -76.146212, 38.602525 ], [ -76.141311, 38.606021 ], [ -76.138906, 38.603734 ], [ -76.138697, 38.601749 ], [ -76.132992, 38.595619 ], [ -76.129427, 38.593668 ], [ -76.126931, 38.591439 ], [ -76.120514, 38.586237 ], [ -76.117781, 38.585123 ], [ -76.114334, 38.582986 ], [ -76.113210092980594, 38.583344052672601 ], [ -76.111126, 38.584008 ], [ -76.101618, 38.587538 ], [ -76.090091, 38.592925 ], [ -76.088308, 38.59274 ], [ -76.088903, 38.590232 ], [ -76.086526, 38.585866 ], [ -76.082272819736801, 38.584728302533698 ], [ -76.08201, 38.584658 ], [ -76.080010149215695, 38.584836875809501 ], [ -76.077851, 38.58503 ], [ -76.078445, 38.582986 ], [ -76.077851, 38.579456 ], [ -76.076579743610694, 38.578541602523103 ], [ -76.07488, 38.577319 ], [ -76.072622, 38.578713 ], [ -76.069649, 38.576577 ], [ -76.070958, 38.574811 ], [ -76.067389173586193, 38.573601873003 ], [ -76.063827, 38.572395 ], [ -76.062864953657794, 38.571736597953098 ], [ -76.061926, 38.571094 ], [ -76.061569, 38.569793 ], [ -76.056816, 38.568028 ], [ -76.053726, 38.56747 ], [ -76.04921, 38.564218 ], [ -76.04719, 38.562824 ], [ -76.043149, 38.562081 ], [ -76.040452312047506, 38.562631092767496 ], [ -76.038681729668895, 38.562992270841399 ], [ -76.037683, 38.563196 ], [ -76.034530557170498, 38.564218688462503 ], [ -76.026512, 38.56682 ], [ -76.028471891426605, 38.5723442378142 ], [ -76.027717, 38.572433 ], [ -76.02481, 38.573413 ], [ -76.023445, 38.573875 ], [ -76.020591, 38.575958 ], [ -76.016494, 38.579967 ], [ -76.008056, 38.586318 ], [ -76.005821, 38.5876 ], [ -75.999656, 38.590351 ], [ -75.993972, 38.59106 ], [ -75.991592, 38.59209 ], [ -75.990562, 38.593261 ], [ -75.987655, 38.59703 ], [ -75.983306, 38.604373 ], [ -75.981918, 38.60704 ], [ -75.980934, 38.610054 ], [ -75.98085, 38.614261 ], [ -75.981605, 38.618644 ], [ -75.983009, 38.622081 ], [ -75.983512, 38.625114 ], [ -75.98175, 38.627616 ], [ -75.979309, 38.630271 ], [ -75.97055, 38.637016 ], [ -75.965196, 38.641036 ], [ -75.957923, 38.648036 ], [ -75.956331, 38.650383 ], [ -75.955321, 38.653494 ], [ -75.955691, 38.660559 ], [ -75.955578, 38.663465 ], [ -75.954368, 38.665691 ], [ -75.949001, 38.671804 ], [ -75.945248, 38.674109 ], [ -75.943229, 38.6758 ], [ -75.940643, 38.676658 ], [ -75.937835, 38.676452 ], [ -75.937873, 38.67926 ], [ -75.936851, 38.680137 ], [ -75.933052, 38.680541 ], [ -75.931503, 38.678344 ], [ -75.931999, 38.676807 ], [ -75.929847, 38.675987 ], [ -75.92733, 38.67736 ], [ -75.926681, 38.67995 ], [ -75.921852, 38.678413 ], [ -75.921554, 38.679248 ], [ -75.92369, 38.680908 ], [ -75.922721, 38.682003 ], [ -75.918533, 38.680896 ], [ -75.917572, 38.680114 ], [ -75.916419, 38.681011 ], [ -75.9178, 38.682743 ], [ -75.917404, 38.683887 ], [ -75.914505, 38.683879 ], [ -75.91407, 38.684463 ], [ -75.915, 38.687088 ], [ -75.913027, 38.689059 ], [ -75.910877, 38.686706 ], [ -75.908775, 38.687938 ], [ -75.904861, 38.687648 ], [ -75.902168, 38.690959 ], [ -75.901954, 38.693912 ], [ -75.900268, 38.693897 ], [ -75.897109, 38.699398 ], [ -75.896827, 38.700294 ], [ -75.897089, 38.701322 ], [ -75.894935, 38.700469 ], [ -75.888985, 38.695474 ], [ -75.888748, 38.695386 ], [ -75.884605, 38.694214 ], [ -75.878349, 38.693531 ], [ -75.870467, 38.694252 ], [ -75.868156, 38.695125 ], [ -75.864318, 38.697937 ], [ -75.862991, 38.698989 ], [ -75.860893, 38.700191 ], [ -75.858116, 38.701164 ], [ -75.843589, 38.703784 ], [ -75.840354, 38.704185 ], [ -75.837974, 38.70399 ], [ -75.832069, 38.702468 ], [ -75.823043, 38.69968 ], [ -75.816116, 38.698276 ], [ -75.806236, 38.698356 ], [ -75.803108, 38.697891 ], [ -75.800468, 38.69691 ], [ -75.800277, 38.695983 ], [ -75.798408, 38.676338 ], [ -75.786491, 38.677291 ], [ -75.779891, 38.676486 ], [ -75.77672, 38.676599 ], [ -75.775017, 38.678652 ], [ -75.774911, 38.67639 ], [ -75.77381, 38.676383 ], [ -75.773205, 38.676395 ], [ -75.773672, 38.677674 ], [ -75.771573, 38.681434 ], [ -75.768966, 38.685821 ], [ -75.76654, 38.686431 ], [ -75.762722, 38.68622 ], [ -75.76181, 38.685224 ], [ -75.749018, 38.671073 ], [ -75.744369, 38.668849 ], [ -75.737704, 38.66532 ], [ -75.735637, 38.66328 ], [ -75.728015, 38.656366 ], [ -75.714533, 38.645843 ], [ -75.713734, 38.644992 ], [ -75.711667, 38.640388 ], [ -75.70794, 38.635358 ], [ -75.707355681536598, 38.6354031774734 ], [ -75.707346, 38.63528 ], [ -75.706585, 38.626125 ], [ -75.706235, 38.621296 ], [ -75.70586, 38.616268 ], [ -75.705774, 38.61474 ], [ -75.703981, 38.592066 ], [ -75.703445, 38.58512 ], [ -75.701565, 38.560736 ], [ -75.706083, 38.560544 ], [ -75.708582, 38.557553 ], [ -75.709645, 38.554712 ], [ -75.711893, 38.550876 ], [ -75.718793, 38.546184 ], [ -75.72449, 38.54123 ], [ -75.727212, 38.539753 ], [ -75.732166, 38.538017 ], [ -75.737763, 38.537649 ], [ -75.740586, 38.538364 ], [ -75.74489, 38.537775 ], [ -75.74695, 38.536237 ], [ -75.749655, 38.531688 ], [ -75.751292, 38.531125 ], [ -75.753337, 38.528737 ], [ -75.754121, 38.525675 ], [ -75.754766, 38.520739 ], [ -75.756022, 38.515316 ], [ -75.757059, 38.513363 ], [ -75.759754, 38.510122 ], [ -75.764994, 38.506479 ], [ -75.777913, 38.502855 ], [ -75.782064, 38.501596 ], [ -75.784972, 38.500115 ], [ -75.792229, 38.494184 ], [ -75.79466, 38.492373 ], [ -75.800496, 38.49102 ], [ -75.815193, 38.488794 ], [ -75.818022, 38.48675 ], [ -75.821086, 38.483662 ], [ -75.823706, 38.481022 ], [ -75.824765, 38.479095 ], [ -75.822902, 38.47601 ], [ -75.818709, 38.472332 ], [ -75.815772, 38.469373 ], [ -75.814901, 38.466459 ], [ -75.81669, 38.463307 ], [ -75.821994, 38.460959 ], [ -75.828492, 38.459614 ], [ -75.83316, 38.45762 ], [ -75.835728, 38.45329 ], [ -75.836743, 38.448088 ], [ -75.836104, 38.445631 ], [ -75.833127, 38.443443 ], [ -75.826639, 38.442231 ], [ -75.821342, 38.439261 ], [ -75.819829, 38.435886 ], [ -75.821287, 38.430135 ], [ -75.82496, 38.425372 ], [ -75.828869, 38.423417 ], [ -75.843343, 38.422745 ], [ -75.845573, 38.421868 ], [ -75.847281, 38.417287 ], [ -75.850952, 38.404536 ], [ -75.851258, 38.400348 ], [ -75.846741, 38.397058 ], [ -75.842399, 38.393082 ], [ -75.8393, 38.388771 ], [ -75.838369, 38.387476 ], [ -75.838282, 38.385878 ], [ -75.840348, 38.384784 ], [ -75.844055, 38.384543 ], [ -75.846202, 38.384405 ], [ -75.85529, 38.385345 ], [ -75.860851, 38.383577 ], [ -75.864733493907096, 38.379722676412499 ], [ -75.865365, 38.381208 ], [ -75.869049, 38.379811 ], [ -75.871188, 38.377389 ], [ -75.871069, 38.375339 ], [ -75.869405, 38.374594 ], [ -75.869287, 38.372637 ], [ -75.868692, 38.37068 ], [ -75.866553, 38.369376 ], [ -75.864414, 38.36537 ], [ -75.863226, 38.362574 ], [ -75.863582, 38.359499 ], [ -75.872614, 38.355678 ], [ -75.877605, 38.354094 ], [ -75.882002, 38.353069 ], [ -75.884379, 38.352044 ], [ -75.889846, 38.351671 ], [ -75.89353, 38.3499 ], [ -75.900066, 38.349527 ], [ -75.901136, 38.34785 ], [ -75.903156, 38.346452 ], [ -75.906959, 38.345706 ], [ -75.90791, 38.344215 ], [ -75.912188, 38.34319 ], [ -75.913257, 38.341325 ], [ -75.914565, 38.339275 ], [ -75.913495, 38.333029 ], [ -75.913614, 38.329487 ], [ -75.913559, 38.327057 ], [ -75.916704, 38.326131 ], [ -75.919675, 38.325944 ], [ -75.920378942421706, 38.325267 ], [ -75.923359, 38.322401 ], [ -75.92728, 38.321376 ], [ -75.929895, 38.315409 ], [ -75.932153, 38.312238 ], [ -75.935718, 38.311399 ], [ -75.937025, 38.309161 ], [ -75.938333, 38.30683 ], [ -75.936848, 38.303632 ], [ -75.940828, 38.298436 ], [ -75.940947, 38.293959 ], [ -75.935992, 38.287758 ], [ -75.936906, 38.286031 ], [ -75.938808, 38.284445 ], [ -75.939046, 38.279781 ], [ -75.93793, 38.276194 ], [ -75.938577, 38.272329 ], [ -75.940234, 38.270918 ], [ -75.945463, 38.268865 ], [ -75.947113, 38.267314 ], [ -75.949243, 38.267888 ], [ -75.951497, 38.266949 ], [ -75.953514, 38.265861 ], [ -75.954908, 38.263998 ], [ -75.952239, 38.258987 ], [ -75.951622, 38.256137 ], [ -75.952593, 38.255055 ], [ -75.954597, 38.254577 ], [ -75.954542, 38.252894 ], [ -75.948796, 38.248802 ], [ -75.9445, 38.249145 ], [ -75.940697, 38.246902 ], [ -75.94242, 38.244026 ], [ -75.945276, 38.241858 ], [ -75.946792, 38.239948 ], [ -75.949226, 38.237506 ], [ -75.952026, 38.237899 ], [ -75.955657, 38.236724 ], [ -75.97026, 38.233806 ], [ -75.969926, 38.235162 ], [ -75.967102, 38.237461 ], [ -75.964119, 38.241085 ], [ -75.96286, 38.24501 ], [ -75.962051, 38.248725 ], [ -75.96128, 38.249279 ], [ -75.961948, 38.251388 ], [ -75.965545, 38.25394 ], [ -75.966354, 38.254989 ], [ -75.977859, 38.261871 ], [ -75.982528, 38.264457 ], [ -75.983772, 38.265823 ], [ -75.98394, 38.268981 ], [ -75.981115, 38.268585 ], [ -75.981353, 38.270452 ], [ -75.982184, 38.272038 ], [ -75.982303, 38.273624 ], [ -75.980996, 38.275116 ], [ -75.982897, 38.276982 ], [ -75.985815, 38.276466 ], [ -75.990385, 38.282915 ], [ -76.00193, 38.295276 ], [ -76.000381, 38.297813 ], [ -76.002922, 38.299495 ], [ -76.006004, 38.300716 ], [ -76.007125, 38.302364 ], [ -76.007363422529806, 38.304227510493099 ], [ -76.007375, 38.304318 ], [ -76.016291, 38.307206 ], [ -76.017364, 38.309106 ], [ -76.009376948059497, 38.311996805193601 ], [ -76.008647, 38.312261 ], [ -75.996832083571704, 38.3135099139555 ], [ -75.981345, 38.315147 ], [ -75.976005, 38.316527 ], [ -75.96929, 38.320164 ], [ -75.965309, 38.322495 ], [ -75.963527, 38.324453 ], [ -75.962733, 38.327971 ], [ -75.961506, 38.330978 ], [ -75.961946, 38.336106 ], [ -75.961948, 38.341431 ], [ -75.961982, 38.343376 ], [ -75.960556, 38.344215 ], [ -75.958179, 38.346172 ], [ -75.957617521241204, 38.347115446279702 ], [ -75.957347, 38.34757 ], [ -75.959011, 38.348316 ], [ -75.963289, 38.348968 ], [ -75.966616, 38.347663 ], [ -75.966937, 38.351646 ], [ -75.972291, 38.362605 ], [ -75.973876, 38.36585 ], [ -75.975886, 38.367513 ], [ -75.979788, 38.367646 ], [ -75.982088, 38.368344 ], [ -75.988245, 38.369469 ], [ -75.992999, 38.369562 ], [ -75.995019, 38.370587 ], [ -75.99551, 38.37242 ], [ -75.997634, 38.374221 ], [ -76.002282, 38.374477 ], [ -76.005596, 38.374407 ], [ -76.007497, 38.374221 ], [ -76.009042, 38.375618 ], [ -76.009874, 38.37655 ], [ -76.010667268716901, 38.376693763909799 ], [ -76.011419, 38.37683 ], [ -76.012964, 38.374873 ], [ -76.012489, 38.373196 ], [ -76.010825, 38.371053 ], [ -76.008567, 38.370774 ], [ -76.006949, 38.370216 ], [ -76.005121, 38.368444 ], [ -76.007497, 38.366022 ], [ -76.010348, 38.363561 ], [ -76.011869, 38.360582 ], [ -76.012149, 38.357077 ], [ -76.012726, 38.355958 ], [ -76.011142297425096, 38.354784042080198 ], [ -76.010921, 38.35462 ], [ -76.008686, 38.355306 ], [ -76.006784, 38.354653 ], [ -76.010217, 38.353211 ], [ -76.012251, 38.351485 ], [ -76.012672, 38.348777 ], [ -76.013677, 38.347011 ], [ -76.014034, 38.345147 ], [ -76.013418, 38.343973 ], [ -76.014408, 38.341117 ], [ -76.015935, 38.339182 ], [ -76.017242, 38.332936 ], [ -76.021045, 38.331724 ], [ -76.024967, 38.330419 ], [ -76.028413, 38.327343 ], [ -76.033947, 38.323211 ], [ -76.036453, 38.323345 ], [ -76.041618, 38.322137 ], [ -76.045599, 38.318246 ], [ -76.04721, 38.313274 ], [ -76.04958, 38.309594 ], [ -76.062045, 38.305431 ], [ -76.062172894440195, 38.305280504298302 ], [ -76.062758, 38.304592 ], [ -76.061569, 38.304219 ], [ -76.05022, 38.304101 ], [ -76.047668, 38.301845 ], [ -76.044799, 38.301219 ], [ -76.041053, 38.298046 ], [ -76.039871, 38.295543 ], [ -76.039184, 38.29417 ], [ -76.03701, 38.292118 ], [ -76.035423, 38.289703 ], [ -76.032127, 38.288635 ], [ -76.030532, 38.28796 ], [ -76.030784, 38.285186 ], [ -76.029617, 38.282981 ], [ -76.026962, 38.28141 ], [ -76.027487, 38.280108 ], [ -76.029869, 38.278869 ], [ -76.030138, 38.277613 ], [ -76.03276, 38.275146 ], [ -76.033439, 38.271358 ], [ -76.032805, 38.268934 ], [ -76.034629, 38.265102 ], [ -76.037689, 38.259643 ], [ -76.038935, 38.254932 ], [ -76.040596, 38.250259 ], [ -76.043561, 38.250095 ], [ -76.044232, 38.248341 ], [ -76.045778, 38.249579 ], [ -76.046714, 38.251042 ], [ -76.050399, 38.250202 ], [ -76.052894, 38.251416 ], [ -76.055509, 38.252162 ], [ -76.05848, 38.250202 ], [ -76.055746, 38.249176 ], [ -76.052775, 38.247776 ], [ -76.049923, 38.246003 ], [ -76.047784, 38.244043 ], [ -76.044145, 38.243673 ], [ -76.044108, 38.241682 ], [ -76.042404, 38.238819 ], [ -76.039649, 38.234897 ], [ -76.037707, 38.233823 ], [ -76.036354, 38.232162 ], [ -76.035695, 38.230556 ], [ -76.036529, 38.224765 ], [ -76.034965, 38.223415 ], [ -76.032867, 38.22174 ], [ -76.033363, 38.22018 ], [ -76.032044, 38.216684 ], [ -76.038108, 38.220085 ], [ -76.041137, 38.22211 ], [ -76.040772, 38.225 ], [ -76.044694, 38.22612 ], [ -76.046239, 38.227054 ], [ -76.048378, 38.226214 ], [ -76.048716, 38.224113 ], [ -76.049972, 38.224445 ], [ -76.052558, 38.226932 ], [ -76.055587, 38.226573 ], [ -76.058166, 38.228385 ], [ -76.05973, 38.23067 ], [ -76.062744, 38.233829 ], [ -76.064315, 38.23439 ], [ -76.066596, 38.236736 ], [ -76.066917, 38.237743 ], [ -76.067947, 38.238983 ], [ -76.069129, 38.238922 ], [ -76.06945, 38.240253 ], [ -76.071219, 38.242824 ], [ -76.071258, 38.246623 ], [ -76.0736, 38.248882 ], [ -76.074897, 38.252181 ], [ -76.075236, 38.253189 ], [ -76.07488, 38.254869 ], [ -76.078445, 38.255429 ], [ -76.080346, 38.254402 ], [ -76.080879, 38.252655 ], [ -76.082723, 38.252653 ], [ -76.085044, 38.253566 ], [ -76.086601, 38.254436 ], [ -76.088577, 38.254631 ], [ -76.090118, 38.252647 ], [ -76.094398, 38.252464 ], [ -76.095146, 38.253875 ], [ -76.097343, 38.254543 ], [ -76.09972, 38.253647 ], [ -76.099929, 38.25563 ], [ -76.102081, 38.256858 ], [ -76.107592, 38.262525 ], [ -76.103758, 38.261774 ], [ -76.100074, 38.257482 ], [ -76.096508, 38.257015 ], [ -76.093775, 38.258601 ], [ -76.092943, 38.260654 ], [ -76.094073, 38.262808 ], [ -76.086526, 38.262334 ], [ -76.082961, 38.265506 ], [ -76.081483, 38.266325 ], [ -76.077732, 38.267373 ], [ -76.077019, 38.269239 ], [ -76.079039, 38.270918 ], [ -76.085456, 38.272318 ], [ -76.088308, 38.272504 ], [ -76.086288, 38.27409 ], [ -76.08605, 38.276796 ], [ -76.086645, 38.279315 ], [ -76.090091, 38.279408 ], [ -76.095142, 38.278669 ], [ -76.098885, 38.280807 ], [ -76.099453, 38.28257 ], [ -76.098647, 38.283979 ], [ -76.097221, 38.284818 ], [ -76.097816, 38.286684 ], [ -76.099459, 38.288826 ], [ -76.098766, 38.291441 ], [ -76.102213, 38.292281 ], [ -76.103876, 38.291534 ], [ -76.105184, 38.289109 ], [ -76.108749, 38.288829 ], [ -76.110056, 38.287057 ], [ -76.111296, 38.286946 ], [ -76.111363, 38.289016 ], [ -76.115879, 38.291534 ], [ -76.114929, 38.292747 ], [ -76.110888, 38.293586 ], [ -76.105659, 38.295452 ], [ -76.105421, 38.298063 ], [ -76.106729, 38.299276 ], [ -76.105778, 38.301607 ], [ -76.106389016936006, 38.301884636570499 ], [ -76.108036, 38.302633 ], [ -76.109343, 38.300675 ], [ -76.109581, 38.29853 ], [ -76.112195, 38.298063 ], [ -76.114691, 38.300675 ], [ -76.115047, 38.302913 ], [ -76.114453, 38.304871 ], [ -76.116236, 38.305151 ], [ -76.117781, 38.305431 ], [ -76.118375, 38.303006 ], [ -76.118613, 38.300208 ], [ -76.120633, 38.300302 ], [ -76.12194, 38.298903 ], [ -76.125862, 38.30226 ], [ -76.128833, 38.302633 ], [ -76.130734, 38.301327 ], [ -76.129189, 38.297783 ], [ -76.129784, 38.296105 ], [ -76.13014, 38.292094 ], [ -76.132279, 38.289482 ], [ -76.130734, 38.286964 ], [ -76.128357, 38.285005 ], [ -76.12705, 38.283419 ], [ -76.123542, 38.281089 ], [ -76.124633, 38.279804 ], [ -76.127876, 38.281944 ], [ -76.132995, 38.282802 ], [ -76.138524, 38.281385 ], [ -76.139335, 38.280242 ], [ -76.14109, 38.27729 ], [ -76.142631, 38.276805 ], [ -76.147224, 38.274772 ], [ -76.148223, 38.271923 ], [ -76.149185, 38.271911 ], [ -76.149867, 38.273344 ], [ -76.149036, 38.276143 ], [ -76.14856, 38.278848 ], [ -76.149749, 38.28202 ], [ -76.149876, 38.284663 ], [ -76.143331, 38.289109 ], [ -76.13941, 38.292747 ], [ -76.139647, 38.294892 ], [ -76.140004, 38.296758 ], [ -76.138934, 38.299835 ], [ -76.136439, 38.299089 ], [ -76.135012, 38.300022 ], [ -76.132398, 38.301794 ], [ -76.133468, 38.304219 ], [ -76.134062, 38.30599 ], [ -76.132041, 38.307762 ], [ -76.133943, 38.30972 ], [ -76.137508, 38.309534 ], [ -76.13834, 38.311306 ], [ -76.141549, 38.312425 ], [ -76.142499, 38.313637 ], [ -76.144163, 38.313823 ], [ -76.144282, 38.312425 ], [ -76.145114, 38.310187 ], [ -76.154244, 38.31284 ], [ -76.156047, 38.314476 ], [ -76.159612, 38.315782 ], [ -76.162044, 38.315107 ], [ -76.164366, 38.315782 ], [ -76.16676, 38.317634 ], [ -76.169001, 38.319977 ], [ -76.172922, 38.322401 ], [ -76.174705, 38.324639 ], [ -76.178627, 38.324732 ], [ -76.182667, 38.323986 ], [ -76.184569, 38.32352 ], [ -76.185044, 38.322401 ], [ -76.185519, 38.319977 ], [ -76.190035, 38.319138 ], [ -76.193244, 38.316434 ], [ -76.197166, 38.3169 ], [ -76.196215, 38.319138 ], [ -76.196809, 38.321842 ], [ -76.197285, 38.323893 ], [ -76.198948, 38.324732 ], [ -76.196137, 38.327099 ], [ -76.19467, 38.326504 ], [ -76.193363, 38.325105 ], [ -76.190273, 38.324359 ], [ -76.187777, 38.324919 ], [ -76.18647, 38.32669 ], [ -76.184925, 38.327995 ], [ -76.185757, 38.330699 ], [ -76.189798, 38.331724 ], [ -76.189203, 38.332936 ], [ -76.185995, 38.333868 ], [ -76.184093, 38.334707 ], [ -76.182667, 38.336758 ], [ -76.177914, 38.334148 ], [ -76.175537, 38.331258 ], [ -76.174586, 38.328648 ], [ -76.172447, 38.327343 ], [ -76.170189, 38.324546 ], [ -76.167456, 38.321749 ], [ -76.164247, 38.322588 ], [ -76.16187, 38.320164 ], [ -76.160563, 38.320443 ], [ -76.159137, 38.322028 ], [ -76.15985, 38.326131 ], [ -76.159494, 38.327436 ], [ -76.161751, 38.330419 ], [ -76.168406, 38.332284 ], [ -76.171972, 38.335173 ], [ -76.172328, 38.337224 ], [ -76.171734, 38.339182 ], [ -76.170427, 38.341046 ], [ -76.171496, 38.342258 ], [ -76.171496, 38.343469 ], [ -76.172091, 38.345986 ], [ -76.173635, 38.34757 ], [ -76.176012, 38.350087 ], [ -76.177557, 38.352417 ], [ -76.181835, 38.355585 ], [ -76.182667, 38.358194 ], [ -76.18243, 38.359592 ], [ -76.186351, 38.36071 ], [ -76.18956, 38.360617 ], [ -76.195859, 38.36276 ], [ -76.197166, 38.363785 ], [ -76.195859, 38.364997 ], [ -76.19574, 38.366488 ], [ -76.199067, 38.367419 ], [ -76.198948, 38.368724 ], [ -76.202751, 38.370215 ], [ -76.204653, 38.371053 ], [ -76.206198, 38.370121 ], [ -76.206435, 38.367978 ], [ -76.208812, 38.366394 ], [ -76.217131, 38.36481 ], [ -76.218683, 38.365062 ], [ -76.217725, 38.366767 ], [ -76.218557, 38.367792 ], [ -76.218795, 38.369842 ], [ -76.218438, 38.372078 ], [ -76.216418, 38.372451 ], [ -76.214635, 38.373941 ], [ -76.215111, 38.375432 ], [ -76.215467, 38.376736 ], [ -76.213803, 38.37832 ], [ -76.213922, 38.381115 ], [ -76.214873, 38.383351 ], [ -76.214754, 38.3854 ], [ -76.213803, 38.386891 ], [ -76.215586, 38.389592 ], [ -76.220934, 38.392386 ], [ -76.223786, 38.394715 ], [ -76.225331, 38.395087 ], [ -76.227693796892297, 38.394624713651503 ], [ -76.228183, 38.394529 ], [ -76.229445246169902, 38.393993032218901 ], [ -76.231035, 38.393318 ], [ -76.232105, 38.391175 ], [ -76.232342, 38.389033 ], [ -76.231273, 38.386145 ], [ -76.229134, 38.384934 ], [ -76.227113, 38.380929 ], [ -76.23056, 38.380183 ], [ -76.231986, 38.377482 ], [ -76.232818, 38.374873 ], [ -76.231629, 38.371426 ], [ -76.231273, 38.368072 ], [ -76.23151, 38.36714 ], [ -76.23365, 38.366488 ], [ -76.233887, 38.365276 ], [ -76.232818, 38.363506 ], [ -76.230916, 38.359313 ], [ -76.229015, 38.356237 ], [ -76.229134, 38.353628 ], [ -76.227232, 38.351019 ], [ -76.227232, 38.348689 ], [ -76.226631812720498, 38.348453582923099 ], [ -76.225093, 38.34785 ], [ -76.223192, 38.345706 ], [ -76.220458, 38.342351 ], [ -76.216537, 38.340207 ], [ -76.211902, 38.338063 ], [ -76.21214, 38.332004 ], [ -76.210713, 38.329207 ], [ -76.211532391021194, 38.328989631236098 ], [ -76.217573235931496, 38.327387110636302 ], [ -76.218795, 38.327063 ], [ -76.220617455810299, 38.324917745016002 ], [ -76.221409, 38.323986 ], [ -76.221053, 38.322028 ], [ -76.219508, 38.320257 ], [ -76.220102, 38.31718 ], [ -76.222003, 38.313637 ], [ -76.22034, 38.310187 ], [ -76.217725, 38.307762 ], [ -76.210238, 38.303752 ], [ -76.206079, 38.300302 ], [ -76.201087, 38.291628 ], [ -76.198829, 38.289855 ], [ -76.196215, 38.291068 ], [ -76.196928, 38.29312 ], [ -76.194551, 38.294333 ], [ -76.189203, 38.294706 ], [ -76.187183, 38.294706 ], [ -76.184635, 38.293757 ], [ -76.183143, 38.292747 ], [ -76.180172, 38.292094 ], [ -76.177557, 38.292654 ], [ -76.177201, 38.293959 ], [ -76.175537, 38.295825 ], [ -76.172091, 38.297224 ], [ -76.168644, 38.294239 ], [ -76.166386, 38.292654 ], [ -76.163443, 38.292578 ], [ -76.160474, 38.290983 ], [ -76.166154, 38.290431 ], [ -76.168882, 38.291534 ], [ -76.170189, 38.2934 ], [ -76.172209, 38.29368 ], [ -76.173041, 38.292467 ], [ -76.174824, 38.291628 ], [ -76.177795, 38.290508 ], [ -76.177795, 38.288829 ], [ -76.173555, 38.28523 ], [ -76.175039, 38.283373 ], [ -76.18029, 38.282393 ], [ -76.182073, 38.280341 ], [ -76.180165, 38.276956 ], [ -76.18029, 38.273904 ], [ -76.177557, 38.272131 ], [ -76.174705, 38.270265 ], [ -76.177557, 38.269985 ], [ -76.179102, 38.270918 ], [ -76.181004, 38.270638 ], [ -76.179577, 38.266813 ], [ -76.177914, 38.265413 ], [ -76.175783, 38.261551 ], [ -76.165763, 38.254123 ], [ -76.164123, 38.251522 ], [ -76.163249, 38.248913 ], [ -76.152107, 38.248649 ], [ -76.146297, 38.249678 ], [ -76.138816, 38.246578 ], [ -76.133824, 38.246003 ], [ -76.129768, 38.243408 ], [ -76.126623, 38.242949 ], [ -76.125717, 38.239017 ], [ -76.129974, 38.234611 ], [ -76.132873, 38.233146 ], [ -76.135513, 38.232185 ], [ -76.137939, 38.232166 ], [ -76.140556, 38.231838 ], [ -76.143905, 38.233627 ], [ -76.146225, 38.233324 ], [ -76.149787, 38.234493 ], [ -76.149867, 38.236482 ], [ -76.154518, 38.240295 ], [ -76.156738, 38.243022 ], [ -76.158662, 38.243856 ], [ -76.159375, 38.245163 ], [ -76.162464, 38.245256 ], [ -76.164009, 38.244323 ], [ -76.165489, 38.242797 ], [ -76.166992, 38.244926 ], [ -76.16698, 38.247216 ], [ -76.169833, 38.248243 ], [ -76.171734, 38.247869 ], [ -76.175323, 38.251907 ], [ -76.175621, 38.254364 ], [ -76.178596, 38.257011 ], [ -76.179222, 38.258781 ], [ -76.18254, 38.26107 ], [ -76.185745, 38.263984 ], [ -76.187744, 38.267795 ], [ -76.189277, 38.272415 ], [ -76.190531, 38.277139 ], [ -76.193664, 38.281585 ], [ -76.194763, 38.283695 ], [ -76.197837, 38.286075 ], [ -76.199744, 38.286221 ], [ -76.20092, 38.28738 ], [ -76.201004, 38.288635 ], [ -76.203567, 38.292579 ], [ -76.206474, 38.298435 ], [ -76.209662, 38.300479 ], [ -76.211446, 38.302656 ], [ -76.217613, 38.305683 ], [ -76.220848, 38.306545 ], [ -76.224273, 38.30767 ], [ -76.226376, 38.309988 ], [ -76.226325, 38.311374 ], [ -76.227333, 38.313018 ], [ -76.228988, 38.313655 ], [ -76.229644, 38.314384 ], [ -76.229316, 38.317386 ], [ -76.23011, 38.319778 ], [ -76.230026, 38.321315 ], [ -76.23117, 38.322502 ], [ -76.233398, 38.323123 ], [ -76.233228054963107, 38.323449636784403 ], [ -76.231154, 38.327436 ], [ -76.230203, 38.329207 ], [ -76.232465, 38.331423 ], [ -76.233768, 38.336012 ], [ -76.232937, 38.34524 ], [ -76.232964104601095, 38.345254398399597 ], [ -76.236621, 38.347197 ], [ -76.238452, 38.347986 ], [ -76.238611, 38.350233 ], [ -76.240592, 38.352344 ], [ -76.244094, 38.3586 ], [ -76.246559, 38.360401 ], [ -76.249206, 38.361137 ], [ -76.25, 38.362304 ], [ -76.24958, 38.362979 ], [ -76.249666, 38.364214 ], [ -76.256843, 38.367172 ], [ -76.260559, 38.370754 ], [ -76.263583, 38.372763 ], [ -76.266136, 38.373401 ], [ -76.270195, 38.374591 ], [ -76.271084, 38.379624 ], [ -76.274293, 38.38214 ], [ -76.278068, 38.382392 ], [ -76.278656, 38.383354 ], [ -76.277885, 38.385028 ], [ -76.278457, 38.386425 ], [ -76.279731, 38.387142 ], [ -76.281875, 38.389232 ], [ -76.281379, 38.391307 ], [ -76.282501, 38.392314 ], [ -76.280494, 38.395599 ], [ -76.280151, 38.398273 ], [ -76.279251, 38.403244 ], [ -76.280036, 38.407741 ], [ -76.281501, 38.411212 ], [ -76.282844, 38.415779 ], [ -76.285007, 38.417007 ], [ -76.286376, 38.419414 ], [ -76.286553606692607, 38.419802115538999 ], [ -76.288017, 38.423 ], [ -76.293206, 38.425622 ], [ -76.296081, 38.429039 ], [ -76.296333, 38.431556 ], [ -76.298126, 38.433982 ], [ -76.300361, 38.436103 ], [ -76.300239, 38.43774 ], [ -76.302429, 38.44141 ], [ -76.303611, 38.443107 ], [ -76.303884, 38.445086 ], [ -76.305904, 38.448158 ], [ -76.308927976265693, 38.449848197469699 ], [ -76.309425, 38.450126 ], [ -76.311752, 38.450378 ], [ -76.311958, 38.452667 ], [ -76.313293, 38.455226 ], [ -76.313153, 38.456813 ], [ -76.317907, 38.459046 ], [ -76.321647, 38.461914 ], [ -76.325752, 38.467372 ], [ -76.325988, 38.469189 ], [ -76.32978, 38.472972 ], [ -76.331559, 38.473548 ], [ -76.332124, 38.47597 ], [ -76.331039, 38.477943 ], [ -76.331428, 38.479347 ], [ -76.332412, 38.480232 ], [ -76.333549, 38.482086 ], [ -76.332643, 38.484447 ] ] ] ] } },
{ "type": "Feature", "properties": { "STATEFP": "24", "COUNTYFP": "023", "COUNTYNS": "01711058", "GEOIDFQ": "0500000US24023", "GEOID": "24023", "NAME": "Garrett", "NAMELSAD": "Garrett County", "STUSPS": "MD", "STATE_NAME": "Maryland", "LSAD": "06", "ALAND": 1681102438.0, "AWATER": 22498420.0 }, "geometry": { "type": "MultiPolygon", "coordinates": [ [ [ [ -79.487649928080799, 39.279953996328302 ], [ -79.486812, 39.296367 ], [ -79.486476105246496, 39.3181243557042 ], [ -79.486072, 39.3443 ], [ -79.484372, 39.3443 ], [ -79.484310628302396, 39.350603200849399 ], [ -79.483997792682104, 39.382733088479803 ], [ -79.483997366587204, 39.382776850700402 ], [ -79.483708183742905, 39.412477472014501 ], [ -79.483644203739004, 39.419048559838501 ], [ -79.483643532823095, 39.419117466481097 ], [ -79.483332912800293, 39.451019800420603 ], [ -79.483332522741094, 39.451059861584298 ], [ -79.483304816345594, 39.453905456250503 ], [ -79.482799995340997, 39.505753267360802 ], [ -79.482760815367001, 39.509777259769898 ], [ -79.482708322654005, 39.515168541523103 ], [ -79.482648, 39.521364 ], [ -79.482354, 39.524682 ], [ -79.482366, 39.531689 ], [ -79.478866, 39.531689 ], [ -79.478826899948501, 39.535612949180702 ], [ -79.478622286633495, 39.556147250761299 ], [ -79.478239610349902, 39.594551350787498 ], [ -79.477888644887997, 39.629773059801799 ], [ -79.477764, 39.642282 ], [ -79.476968, 39.642986 ], [ -79.476574, 39.644206 ], [ -79.476596318377901, 39.663702117545803 ], [ -79.476662, 39.721078 ], [ -79.392458382635695, 39.721430546030398 ], [ -79.335005014716202, 39.721671093377701 ], [ -79.317643711650405, 39.7217437821608 ], [ -79.299835271613503, 39.721818343029298 ], [ -79.291726486247398, 39.721852293115802 ], [ -79.249110212356399, 39.722030720108101 ], [ -79.208352335991606, 39.722201366310301 ], [ -79.087425940630595, 39.7227076642817 ], [ -79.087374536245605, 39.722707879502998 ], [ -79.056578130825997, 39.722836818743701 ], [ -79.048774081613601, 39.722869492952398 ], [ -79.045548, 39.722883 ], [ -78.960656886838095, 39.722802838420101 ], [ -78.931176, 39.722775 ], [ -78.928418673814804, 39.722778558748303 ], [ -78.946806, 39.69063 ], [ -78.954996, 39.676299 ], [ -78.96104, 39.665726 ], [ -78.967211, 39.654926 ], [ -78.989146, 39.616581 ], [ -78.99867, 39.599942 ], [ -79.018019, 39.566089 ], [ -79.041686, 39.524703 ], [ -79.053098, 39.504748 ], [ -79.060031, 39.492578 ], [ -79.067559, 39.479443 ], [ -79.067526323540704, 39.479369294026299 ], [ -79.067933, 39.479189 ], [ -79.067928282156103, 39.479087879486499 ], [ -79.06782, 39.476767 ], [ -79.068627, 39.474515 ], [ -79.075130414896194, 39.473122204185302 ], [ -79.08327, 39.471379 ], [ -79.091329, 39.472407 ], [ -79.094857, 39.474666 ], [ -79.100477, 39.477004 ], [ -79.10319, 39.476004 ], [ -79.105208, 39.474239 ], [ -79.105264, 39.472132 ], [ -79.103603, 39.470028 ], [ -79.100544, 39.468766 ], [ -79.096959, 39.468236 ], [ -79.094549, 39.465184 ], [ -79.095428, 39.462548 ], [ -79.103835, 39.463067 ], [ -79.107186, 39.462006 ], [ -79.108572, 39.45875 ], [ -79.107905, 39.457092 ], [ -79.105256, 39.457614 ], [ -79.101863, 39.457275 ], [ -79.103009, 39.454847 ], [ -79.102469, 39.45118 ], [ -79.103369257510707, 39.449726609442003 ], [ -79.104217, 39.448358 ], [ -79.107933, 39.445748 ], [ -79.11407, 39.443321 ], [ -79.116369, 39.440482 ], [ -79.116574, 39.438058 ], [ -79.113459, 39.436723 ], [ -79.110602, 39.4327 ], [ -79.11223, 39.430882 ], [ -79.115495, 39.431682 ], [ -79.12156, 39.432786 ], [ -79.124036, 39.433204 ], [ -79.129047, 39.429542 ], [ -79.129404, 39.426637 ], [ -79.127343, 39.422608 ], [ -79.127866, 39.419066 ], [ -79.128381, 39.417481 ], [ -79.129459209502798, 39.4175052240901 ], [ -79.130651, 39.417532 ], [ -79.136499, 39.418887 ], [ -79.139601, 39.418031 ], [ -79.14231, 39.416687 ], [ -79.142435, 39.414357 ], [ -79.141094, 39.410349 ], [ -79.1416, 39.407524 ], [ -79.143751, 39.405202 ], [ -79.147558, 39.404674 ], [ -79.149752, 39.405726 ], [ -79.149581, 39.407767 ], [ -79.149649, 39.414451 ], [ -79.151241, 39.416968 ], [ -79.15535, 39.418299 ], [ -79.160148, 39.41638 ], [ -79.159213, 39.413021 ], [ -79.159015, 39.410797 ], [ -79.1599438099568, 39.408885768117401 ], [ -79.160349, 39.408052 ], [ -79.164512, 39.405679 ], [ -79.166497, 39.400888 ], [ -79.165593, 39.397134 ], [ -79.16193, 39.391857 ], [ -79.162052, 39.388321 ], [ -79.165187, 39.387147 ], [ -79.171364, 39.391206 ], [ -79.174414, 39.395236 ], [ -79.178639, 39.396632 ], [ -79.181158, 39.394601 ], [ -79.179851260266204, 39.392866667888399 ], [ -79.176959, 39.389028 ], [ -79.180972, 39.386638 ], [ -79.184952, 39.385248 ], [ -79.189143979626905, 39.386410942276299 ], [ -79.189465, 39.3865 ], [ -79.193508, 39.38867 ], [ -79.197131, 39.388595 ], [ -79.198915, 39.386265 ], [ -79.202943, 39.377872 ], [ -79.212072, 39.370772 ], [ -79.21313, 39.366885 ], [ -79.21428, 39.363482 ], [ -79.220357, 39.363157 ], [ -79.228804, 39.364456 ], [ -79.229247, 39.363662 ], [ -79.231648, 39.36457 ], [ -79.232340305311595, 39.361874857055902 ], [ -79.232919, 39.359622 ], [ -79.237452, 39.358514 ], [ -79.239328, 39.359312 ], [ -79.242292, 39.359426 ], [ -79.247999, 39.357342 ], [ -79.249426, 39.355639 ], [ -79.252574, 39.355924 ], [ -79.256308, 39.357227 ], [ -79.25672, 39.35502 ], [ -79.253715, 39.351137 ], [ -79.253494, 39.348083 ], [ -79.253578, 39.346204 ], [ -79.255866, 39.344454 ], [ -79.25736, 39.342516 ], [ -79.257287362788901, 39.3423158935883 ], [ -79.256642, 39.340538 ], [ -79.253895, 39.339081 ], [ -79.253891, 39.337222 ], [ -79.255306, 39.335874 ], [ -79.259781, 39.334237 ], [ -79.267556, 39.336294 ], [ -79.269466, 39.335262 ], [ -79.269365, 39.330732 ], [ -79.270835, 39.328542 ], [ -79.271770858325795, 39.328322649825097 ], [ -79.274325, 39.327724 ], [ -79.282037, 39.323048 ], [ -79.284207, 39.314781 ], [ -79.283723, 39.30964 ], [ -79.290161, 39.303516 ], [ -79.290236, 39.299323 ], [ -79.29271, 39.298729 ], [ -79.298953, 39.300068 ], [ -79.302311, 39.299554 ], [ -79.312829080617703, 39.303629682358597 ], [ -79.314768, 39.304381 ], [ -79.317047, 39.304038 ], [ -79.319965, 39.301714 ], [ -79.321813, 39.299898 ], [ -79.326246, 39.301077 ], [ -79.33238, 39.299919 ], [ -79.338087, 39.296769 ], [ -79.340049, 39.293844 ], [ -79.340500124830598, 39.293811439185703 ], [ -79.344344, 39.293534 ], [ -79.345570406533298, 39.293847406828498 ], [ -79.346011, 39.29396 ], [ -79.346500149284495, 39.293312525077901 ], [ -79.346649625815104, 39.293114666656997 ], [ -79.347219, 39.292361 ], [ -79.347034, 39.290583 ], [ -79.345599, 39.289733 ], [ -79.343625, 39.287148 ], [ -79.343801, 39.286096 ], [ -79.34616, 39.284521 ], [ -79.350983, 39.285244 ], [ -79.352059, 39.280605 ], [ -79.353159822398098, 39.278934562227299 ], [ -79.35375, 39.278039 ], [ -79.356087, 39.277996 ], [ -79.357095, 39.276667 ], [ -79.357680368435396, 39.276426817047302 ], [ -79.361343, 39.274924 ], [ -79.372595, 39.274025 ], [ -79.376154, 39.273154 ], [ -79.378809, 39.271818 ], [ -79.379756, 39.269988 ], [ -79.381857, 39.266865 ], [ -79.384489, 39.2674 ], [ -79.385645, 39.268497 ], [ -79.387753, 39.267462 ], [ -79.387023, 39.26554 ], [ -79.387376, 39.263549 ], [ -79.390922, 39.261164 ], [ -79.39286, 39.261823 ], [ -79.394303, 39.257883 ], [ -79.395736, 39.256376 ], [ -79.397985, 39.25637 ], [ -79.399432, 39.25516 ], [ -79.398364, 39.252945 ], [ -79.400243, 39.250858 ], [ -79.403351, 39.250553 ], [ -79.407647, 39.246609 ], [ -79.409137, 39.243457 ], [ -79.412051, 39.240546 ], [ -79.42035, 39.23888 ], [ -79.420469, 39.235722 ], [ -79.425059, 39.233686 ], [ -79.424413, 39.228171 ], [ -79.425627, 39.225725 ], [ -79.429095, 39.223716 ], [ -79.430717, 39.224452 ], [ -79.432633, 39.224075 ], [ -79.436922, 39.219167 ], [ -79.43983, 39.217074 ], [ -79.445991, 39.215979 ], [ -79.450474, 39.214029 ], [ -79.452685, 39.211719 ], [ -79.454561, 39.210201 ], [ -79.457117, 39.211222 ], [ -79.461063, 39.211441 ], [ -79.465451, 39.209398 ], [ -79.469156, 39.2073 ], [ -79.469793, 39.203734 ], [ -79.473215, 39.202107 ], [ -79.476037, 39.203728 ], [ -79.486873, 39.205961 ], [ -79.485874, 39.264905 ], [ -79.486179, 39.26497 ], [ -79.487274, 39.265205 ], [ -79.486832598709199, 39.275844661653899 ], [ -79.486737, 39.278149 ], [ -79.487651, 39.279933 ], [ -79.487649928080799, 39.279953996328302 ] ] ] ] } },
{ "type": "Feature", "properties": { "STATEFP": "24", "COUNTYFP": "033", "COUNTYNS": "01714670", "GEOIDFQ": "0500000US24033", "GEOID": "24033", "NAME": "Prince George's", "NAMELSAD": "Prince George's County", "STUSPS": "MD", "STATE_NAME": "Maryland", "LSAD": "06", "ALAND": 1250040416.0, "AWATER": 41926971.0 }, "geometry": { "type": "MultiPolygon", "coordinates": [ [ [ [ -77.079948, 38.70901 ], [ -77.080802, 38.710308 ], [ -77.080724, 38.711277 ], [ -77.079868, 38.71208 ], [ -77.079563, 38.712835 ], [ -77.078062, 38.713427 ], [ -77.077108, 38.713091 ], [ -77.074220940000103, 38.712612976957601 ], [ -77.074209, 38.712611 ], [ -77.073501, 38.711314 ], [ -77.071834, 38.710085 ], [ -77.065322, 38.709564 ], [ -77.062190952118797, 38.709654653947602 ], [ -77.053199, 38.709915 ], [ -77.046196, 38.714431 ], [ -77.043309305513105, 38.718924902362303 ], [ -77.043254, 38.719011 ], [ -77.042621964894707, 38.7214786911101 ], [ -77.041487, 38.72591 ], [ -77.041523461387797, 38.728534004540698 ], [ -77.041541478264605, 38.729830619106998 ], [ -77.041637, 38.736705 ], [ -77.042382, 38.737785 ], [ -77.043467, 38.739147 ], [ -77.043079, 38.739797 ], [ -77.042282, 38.741285 ], [ -77.042080963257007, 38.746723179733202 ], [ -77.041597972584995, 38.759788403757398 ], [ -77.041551790311701, 38.761037665453998 ], [ -77.041098, 38.773313 ], [ -77.040372554526996, 38.785355394851003 ], [ -77.040098, 38.789913 ], [ -77.039498, 38.791113 ], [ -77.039006, 38.791645 ], [ -77.037579715256499, 38.792777714848 ], [ -77.021867604247106, 38.8052558273112 ], [ -77.020499452418505, 38.8063423746487 ], [ -77.015561863547006, 38.810263667541797 ], [ -77.004678508076907, 38.818906919454399 ], [ -77.001741688084394, 38.821239258509699 ], [ -77.001491820919298, 38.821437695918 ], [ -77.001481076298305, 38.821446228991 ], [ -77.001397, 38.821513 ], [ -77.001084509433994, 38.821602283018898 ], [ -76.999997, 38.821913 ], [ -76.999130853194202, 38.822660496558399 ], [ -76.998458490566094, 38.823240754716998 ], [ -76.997942934824707, 38.823685686384202 ], [ -76.995947329318099, 38.825407921273403 ], [ -76.992802935577501, 38.828121576145399 ], [ -76.992697, 38.828213 ], [ -76.991343739779794, 38.829197086731398 ], [ -76.989040541131402, 38.830871965809003 ], [ -76.987330649544404, 38.8321153937896 ], [ -76.984969314303896, 38.833832549620901 ], [ -76.982490980881394, 38.835634786175703 ], [ -76.979497, 38.837812 ], [ -76.972937771182004, 38.843074433104697 ], [ -76.972326515878294, 38.843564839863603 ], [ -76.970851731409496, 38.844748051308997 ], [ -76.970809393601897, 38.844782018698503 ], [ -76.966570510714703, 38.848182851060301 ], [ -76.965438274117801, 38.849091238237399 ], [ -76.963472206273096, 38.850668603625799 ], [ -76.961941486243504, 38.851896691863203 ], [ -76.958148964388798, 38.854939411230298 ], [ -76.958140102774607, 38.854946520854497 ], [ -76.953696, 38.858512 ], [ -76.949860966442898, 38.861196523489902 ], [ -76.949696, 38.861312 ], [ -76.946746183955099, 38.863621777656299 ], [ -76.946701967384399, 38.8636564003058 ], [ -76.943641272331604, 38.866052998920097 ], [ -76.939490143742304, 38.869303433495602 ], [ -76.935944196395397, 38.872079996449799 ], [ -76.934971325738701, 38.872841777818898 ], [ -76.933804814136295, 38.873755184754799 ], [ -76.933718878799695, 38.873822474211899 ], [ -76.931247264631097, 38.875757808176701 ], [ -76.9298866240579, 38.876823222814899 ], [ -76.924034950179802, 38.881405225682002 ], [ -76.923972437651798, 38.8814541745108 ], [ -76.920980221810296, 38.883797152238301 ], [ -76.920825111103696, 38.883918607691399 ], [ -76.920195, 38.884412 ], [ -76.919295, 38.885112 ], [ -76.918550521543906, 38.885690065624701 ], [ -76.918535662710696, 38.885701603071702 ], [ -76.913303391762398, 38.889764307572698 ], [ -76.913262575757599, 38.889796 ], [ -76.912763855740593, 38.8901832414249 ], [ -76.910795, 38.891712 ], [ -76.909395, 38.892812 ], [ -76.910528841588302, 38.893716346862703 ], [ -76.910955802208093, 38.894056888699403 ], [ -76.912868951119094, 38.895582807516803 ], [ -76.913413374932105, 38.896017037458897 ], [ -76.9199019174646, 38.901192269293297 ], [ -76.923451063194094, 38.904023051687297 ], [ -76.923529268146595, 38.904085427599597 ], [ -76.931251468051201, 38.910244618908997 ], [ -76.9316368067784, 38.910551963314703 ], [ -76.931724405319002, 38.9106218315098 ], [ -76.935096, 38.913311 ], [ -76.941444504182499, 38.918218135091003 ], [ -76.941920456206901, 38.918586026615301 ], [ -76.941921067989597, 38.918586499498403 ], [ -76.943863881898693, 38.920088215498701 ], [ -76.956050960924699, 38.929508331076399 ], [ -76.957617148646307, 38.9307189303778 ], [ -76.957718618064106, 38.930797362103803 ], [ -76.958798975852005, 38.931632434659399 ], [ -76.961374166883601, 38.933622952411902 ], [ -76.963430253918403, 38.9352122239235 ], [ -76.963435789814099, 38.935216502945401 ], [ -76.966831323513205, 38.937841112158601 ], [ -76.968158917514103, 38.938867288234199 ], [ -76.973746208817303, 38.943186036781803 ], [ -76.974499674140304, 38.943768434779798 ], [ -76.977826303142507, 38.946339783469597 ], [ -76.978434328903006, 38.946809762611103 ], [ -76.985936949582396, 38.952608982734901 ], [ -76.987925151061006, 38.954145781477202 ], [ -76.989517122313103, 38.955376310397199 ], [ -76.991892520544198, 38.957212396454601 ], [ -76.997364490213499, 38.961442006077498 ], [ -76.997492710321396, 38.961541114997097 ], [ -76.999124025830696, 38.962802055425001 ], [ -77.001649914165299, 38.964754464201398 ], [ -77.002498, 38.96541 ], [ -77.002589220168701, 38.9654839197919 ], [ -77.00016, 38.968744 ], [ -76.998446, 38.971048 ], [ -76.997263, 38.97241 ], [ -76.994183, 38.975291 ], [ -76.992536, 38.975455 ], [ -76.990536, 38.975643 ], [ -76.986869, 38.976879 ], [ -76.986044, 38.977611 ], [ -76.986664, 38.979183 ], [ -76.985735, 38.982711 ], [ -76.98494, 38.985297 ], [ -76.984787, 38.987182 ], [ -76.985005, 38.987312 ], [ -76.98682, 38.988375 ], [ -76.987639, 38.988979 ], [ -76.987795, 38.989099 ], [ -76.991098, 38.992405 ], [ -76.990676, 38.993021 ], [ -76.989884, 38.993986 ], [ -76.989059, 38.995577 ], [ -76.985693, 38.99998 ], [ -76.98415, 39.001438 ], [ -76.98367, 39.002201 ], [ -76.983629, 39.002267 ], [ -76.982247, 39.00424 ], [ -76.980464, 39.006903 ], [ -76.980435, 39.006946 ], [ -76.980261, 39.007201 ], [ -76.979606, 39.008161 ], [ -76.978098, 39.009808 ], [ -76.977278, 39.010947 ], [ -76.971892, 39.018354 ], [ -76.971723, 39.018556 ], [ -76.968492, 39.022828 ], [ -76.968312, 39.02308 ], [ -76.967332, 39.024662 ], [ -76.966186, 39.026204 ], [ -76.962097, 39.031208 ], [ -76.957525, 39.037668 ], [ -76.95558, 39.039938 ], [ -76.951996, 39.044808 ], [ -76.951772, 39.045307 ], [ -76.947775, 39.050589 ], [ -76.947431, 39.050986 ], [ -76.946311, 39.052415 ], [ -76.944595, 39.054758 ], [ -76.943736, 39.056014 ], [ -76.937202, 39.064945 ], [ -76.935883, 39.066613 ], [ -76.93023, 39.074272 ], [ -76.928677, 39.076723 ], [ -76.927149, 39.078658 ], [ -76.921596, 39.086207 ], [ -76.917583, 39.091273 ], [ -76.914296, 39.096307 ], [ -76.909809, 39.102479 ], [ -76.909227, 39.104096 ], [ -76.908834, 39.10385 ], [ -76.907444, 39.106238 ], [ -76.903897, 39.114618 ], [ -76.907292, 39.117908 ], [ -76.902407, 39.120317 ], [ -76.90293, 39.121103 ], [ -76.900793, 39.121127 ], [ -76.894275, 39.123861 ], [ -76.888802, 39.129986 ], [ -76.888505, 39.130967 ], [ -76.885656, 39.131292 ], [ -76.884358, 39.126964 ], [ -76.882948, 39.125555 ], [ -76.877896, 39.120507 ], [ -76.875349, 39.11683 ], [ -76.873563, 39.115381 ], [ -76.872808, 39.114588 ], [ -76.870905, 39.114121 ], [ -76.870373, 39.112921 ], [ -76.869003, 39.112214 ], [ -76.863971, 39.110949 ], [ -76.862221, 39.110348 ], [ -76.856716, 39.110733 ], [ -76.853543, 39.10992 ], [ -76.851914, 39.109232 ], [ -76.849084, 39.109097 ], [ -76.846242, 39.107967 ], [ -76.843444, 39.106987 ], [ -76.84159, 39.105861 ], [ -76.840893, 39.104543 ], [ -76.840362, 39.103142 ], [ -76.837799, 39.100948 ], [ -76.837564, 39.09685 ], [ -76.835605, 39.096643 ], [ -76.832516, 39.09532 ], [ -76.828523, 39.095003 ], [ -76.827476, 39.092973 ], [ -76.827117, 39.089831 ], [ -76.832375, 39.085766 ], [ -76.834421, 39.083463 ], [ -76.834908, 39.082871 ], [ -76.832719, 39.075943 ], [ -76.836723, 39.0736 ], [ -76.838083, 39.073586 ], [ -76.837724, 39.071802 ], [ -76.83739, 39.07015 ], [ -76.835616, 39.067919 ], [ -76.833304, 39.069378 ], [ -76.831532, 39.069162 ], [ -76.831424, 39.069034 ], [ -76.829161, 39.065717 ], [ -76.828971, 39.064441 ], [ -76.827501, 39.06572 ], [ -76.826494, 39.065695 ], [ -76.822326, 39.063338 ], [ -76.821203, 39.063539 ], [ -76.819591, 39.062466 ], [ -76.817263, 39.061774 ], [ -76.816205, 39.062623 ], [ -76.814993, 39.061767 ], [ -76.813168, 39.062281 ], [ -76.810537, 39.060922 ], [ -76.808066, 39.061229 ], [ -76.803941, 39.062446 ], [ -76.802031, 39.059354 ], [ -76.801692, 39.056399 ], [ -76.800749, 39.05539 ], [ -76.795709, 39.054574 ], [ -76.793854, 39.052072 ], [ -76.792621, 39.04618 ], [ -76.790741, 39.045722 ], [ -76.787593, 39.044631 ], [ -76.785084, 39.044916 ], [ -76.783721, 39.046252 ], [ -76.776528, 39.04531 ], [ -76.776618, 39.04454 ], [ -76.774616, 39.044756 ], [ -76.773787, 39.043696 ], [ -76.775036, 39.042344 ], [ -76.773187, 39.040707 ], [ -76.77029, 39.040869 ], [ -76.769153, 39.038961 ], [ -76.767112, 39.039075 ], [ -76.765391, 39.040435 ], [ -76.764182, 39.039079 ], [ -76.764454, 39.037618 ], [ -76.761312, 39.035379 ], [ -76.757, 39.037761 ], [ -76.754021, 39.037113 ], [ -76.751258, 39.034714 ], [ -76.747649, 39.033418 ], [ -76.750005, 39.031362 ], [ -76.749921, 39.030003 ], [ -76.74589, 39.028192 ], [ -76.74313, 39.023699 ], [ -76.742784, 39.02047 ], [ -76.744517, 39.01712 ], [ -76.740853, 39.014601 ], [ -76.740379, 39.012868 ], [ -76.738111, 39.012542 ], [ -76.736439, 39.010856 ], [ -76.735694, 39.009873 ], [ -76.734881, 39.008582 ], [ -76.733279, 39.006824 ], [ -76.728974, 39.007079 ], [ -76.724261, 39.004574 ], [ -76.723996, 39.004173 ], [ -76.725962, 39.000108 ], [ -76.725535, 38.998941 ], [ -76.721271, 38.999711 ], [ -76.716346, 38.997425 ], [ -76.712799, 38.99481 ], [ -76.712073, 38.995324 ], [ -76.7089, 38.993413 ], [ -76.708695, 38.99199 ], [ -76.706119, 38.99039 ], [ -76.705774, 38.988981 ], [ -76.705594, 38.988841 ], [ -76.704577, 38.988041 ], [ -76.703743, 38.987601 ], [ -76.702394, 38.986971 ], [ -76.700938, 38.985191 ], [ -76.698459, 38.983783 ], [ -76.698073, 38.982367 ], [ -76.698867, 38.981211 ], [ -76.702176, 38.979835 ], [ -76.702445, 38.97696 ], [ -76.701032, 38.976262 ], [ -76.701627, 38.973846 ], [ -76.704027, 38.972801 ], [ -76.703745, 38.971525 ], [ -76.702286, 38.970131 ], [ -76.699423, 38.969058 ], [ -76.699214, 38.96737 ], [ -76.698979, 38.962676 ], [ -76.696091, 38.959817 ], [ -76.695551, 38.959578 ], [ -76.694168, 38.956782 ], [ -76.693912, 38.955845 ], [ -76.693928, 38.955589 ], [ -76.693841, 38.954507 ], [ -76.693395, 38.952944 ], [ -76.693455, 38.951442 ], [ -76.694199, 38.949725 ], [ -76.695274, 38.948554 ], [ -76.695433, 38.948217 ], [ -76.695284, 38.947777 ], [ -76.69348, 38.944225 ], [ -76.691505, 38.941987 ], [ -76.691022, 38.940841 ], [ -76.692179, 38.936325 ], [ -76.691156, 38.934858 ], [ -76.688895, 38.933545 ], [ -76.68528, 38.932817 ], [ -76.681425, 38.931265 ], [ -76.681376, 38.92935 ], [ -76.683125, 38.926296 ], [ -76.685628, 38.925561 ], [ -76.690533, 38.924763 ], [ -76.690592, 38.923456 ], [ -76.687183, 38.919464 ], [ -76.686508, 38.918163 ], [ -76.685117, 38.917997 ], [ -76.684002, 38.919096 ], [ -76.682806, 38.918951 ], [ -76.680898, 38.91691 ], [ -76.679371, 38.916513 ], [ -76.678056, 38.914194 ], [ -76.678518, 38.910539 ], [ -76.676816, 38.909312 ], [ -76.674933, 38.909026 ], [ -76.672871, 38.907363 ], [ -76.670606, 38.907376 ], [ -76.669515, 38.904426 ], [ -76.671236, 38.90172 ], [ -76.671505, 38.899419 ], [ -76.673024, 38.898797 ], [ -76.676259, 38.895949 ], [ -76.676276, 38.895163 ], [ -76.676301, 38.89191 ], [ -76.673218, 38.888497 ], [ -76.671786, 38.887568 ], [ -76.672145, 38.886627 ], [ -76.675237, 38.885665 ], [ -76.675898, 38.88367 ], [ -76.67541, 38.881734 ], [ -76.676145, 38.880011 ], [ -76.676575, 38.875964 ], [ -76.67826, 38.873509 ], [ -76.680656, 38.872279 ], [ -76.680654, 38.870571 ], [ -76.683162, 38.866721 ], [ -76.688101, 38.864557 ], [ -76.691869, 38.859212 ], [ -76.692124, 38.857131 ], [ -76.691033, 38.855508 ], [ -76.691169, 38.854401 ], [ -76.693647, 38.849716 ], [ -76.696549, 38.847164 ], [ -76.697503, 38.844786 ], [ -76.698273, 38.84303 ], [ -76.699569, 38.838274 ], [ -76.699717, 38.836778 ], [ -76.698986, 38.834333 ], [ -76.69936, 38.832779 ], [ -76.697807, 38.828779 ], [ -76.697522, 38.825694 ], [ -76.696371, 38.822724 ], [ -76.696965, 38.818784 ], [ -76.697826, 38.817948 ], [ -76.701775, 38.815538 ], [ -76.703839, 38.815133 ], [ -76.709424, 38.816264 ], [ -76.711647, 38.814777 ], [ -76.712307, 38.812923 ], [ -76.712236, 38.811209 ], [ -76.712165, 38.810935 ], [ -76.711457, 38.809022 ], [ -76.708907, 38.806474 ], [ -76.708065, 38.804867 ], [ -76.708403, 38.803114 ], [ -76.710676, 38.79843 ], [ -76.710116, 38.796003 ], [ -76.706588, 38.792707 ], [ -76.70254, 38.790397 ], [ -76.702085, 38.788478 ], [ -76.703708, 38.786839 ], [ -76.706145, 38.785665 ], [ -76.712251, 38.784356 ], [ -76.713214, 38.783383 ], [ -76.71439, 38.780761 ], [ -76.714317, 38.778226 ], [ -76.714017, 38.776896 ], [ -76.712548, 38.77491 ], [ -76.708192, 38.773157 ], [ -76.700947, 38.768747 ], [ -76.700078, 38.766189 ], [ -76.699271, 38.75341 ], [ -76.697273, 38.750115 ], [ -76.696374, 38.749426 ], [ -76.694377, 38.748883 ], [ -76.686478, 38.748568 ], [ -76.686358, 38.748475 ], [ -76.684866, 38.746927 ], [ -76.684839, 38.743757 ], [ -76.684018, 38.738348 ], [ -76.684632, 38.737158 ], [ -76.687009, 38.735897 ], [ -76.693841, 38.735911 ], [ -76.694996, 38.735075 ], [ -76.695706, 38.733175 ], [ -76.695555, 38.731544 ], [ -76.6937, 38.72707 ], [ -76.693589, 38.724761 ], [ -76.699145, 38.715681 ], [ -76.701208, 38.712755 ], [ -76.70196, 38.710864 ], [ -76.700997, 38.709244 ], [ -76.697743, 38.70703 ], [ -76.695988, 38.704985 ], [ -76.694946, 38.702468 ], [ -76.694983, 38.700307 ], [ -76.696008, 38.697783 ], [ -76.697932, 38.694782 ], [ -76.698525, 38.692243 ], [ -76.698429, 38.690443 ], [ -76.697431, 38.687797 ], [ -76.69549, 38.685781 ], [ -76.691947, 38.683765 ], [ -76.687147, 38.681371 ], [ -76.686982, 38.680634 ], [ -76.687424, 38.678746 ], [ -76.690461, 38.673683 ], [ -76.692956, 38.672353 ], [ -76.699261, 38.671109 ], [ -76.700667, 38.670131 ], [ -76.701003, 38.668362 ], [ -76.699261, 38.665769 ], [ -76.697173, 38.664663 ], [ -76.694236, 38.663841 ], [ -76.690951, 38.664029 ], [ -76.68737, 38.663793 ], [ -76.684923, 38.663027 ], [ -76.683329, 38.661178 ], [ -76.683186, 38.658813 ], [ -76.684304, 38.656485 ], [ -76.685127, 38.654771 ], [ -76.69163, 38.648506 ], [ -76.692124, 38.646603 ], [ -76.692166, 38.643198 ], [ -76.692853, 38.636437 ], [ -76.692021, 38.634932 ], [ -76.690181, 38.633038 ], [ -76.686591, 38.630479 ], [ -76.683464, 38.62913 ], [ -76.681023, 38.628646 ], [ -76.678468, 38.627321 ], [ -76.675908, 38.623065 ], [ -76.674558, 38.621373 ], [ -76.672334, 38.617533 ], [ -76.672221, 38.614404 ], [ -76.672764, 38.612456 ], [ -76.673479, 38.607249 ], [ -76.673172, 38.603308 ], [ -76.672407, 38.600627 ], [ -76.672557, 38.599271 ], [ -76.674405, 38.595725 ], [ -76.675166, 38.592106 ], [ -76.677281, 38.589566 ], [ -76.67948, 38.585211 ], [ -76.680702, 38.580499 ], [ -76.679475, 38.576165 ], [ -76.677799, 38.572374 ], [ -76.677692, 38.569898 ], [ -76.679144, 38.566734 ], [ -76.677011, 38.563451 ], [ -76.675468, 38.558824 ], [ -76.672896, 38.554648 ], [ -76.672276, 38.552781 ], [ -76.672642, 38.546818 ], [ -76.674444, 38.539924 ], [ -76.675699, 38.536511 ], [ -76.675457, 38.535876 ], [ -76.678298, 38.535372 ], [ -76.684885, 38.536809 ], [ -76.686344, 38.537411 ], [ -76.689818, 38.537628 ], [ -76.691476, 38.538447 ], [ -76.692537, 38.541165 ], [ -76.697064, 38.543165 ], [ -76.701162, 38.542474 ], [ -76.701145, 38.544676 ], [ -76.702291, 38.546409 ], [ -76.704062, 38.547118 ], [ -76.705387, 38.54651 ], [ -76.70614, 38.545416 ], [ -76.704499, 38.543325 ], [ -76.705047, 38.542922 ], [ -76.70694, 38.543429 ], [ -76.707739, 38.546442 ], [ -76.710131, 38.547085 ], [ -76.712464, 38.548896 ], [ -76.712702, 38.547771 ], [ -76.716083, 38.547993 ], [ -76.716415, 38.548808 ], [ -76.715128, 38.549772 ], [ -76.718885, 38.550356 ], [ -76.720354, 38.551204 ], [ -76.723278, 38.551394 ], [ -76.728357, 38.554204 ], [ -76.731474, 38.555385 ], [ -76.733284, 38.557433 ], [ -76.735203, 38.557617 ], [ -76.737003, 38.557074 ], [ -76.739452, 38.55821 ], [ -76.740526, 38.558673 ], [ -76.74016, 38.560505 ], [ -76.739824, 38.562386 ], [ -76.74051, 38.563387 ], [ -76.739892, 38.564773 ], [ -76.74166, 38.565821 ], [ -76.739782, 38.566522 ], [ -76.739353, 38.567605 ], [ -76.739844, 38.569406 ], [ -76.741003, 38.570386 ], [ -76.740861, 38.571574 ], [ -76.739668, 38.572807 ], [ -76.742342, 38.576581 ], [ -76.741132, 38.578809 ], [ -76.742595, 38.582 ], [ -76.742312, 38.58383 ], [ -76.742396, 38.589652 ], [ -76.742682, 38.594217 ], [ -76.745501, 38.596642 ], [ -76.746478, 38.59969 ], [ -76.74583, 38.600721 ], [ -76.746418, 38.603064 ], [ -76.745835, 38.605253 ], [ -76.746662, 38.612223 ], [ -76.74757, 38.617335 ], [ -76.748495, 38.618197 ], [ -76.751461, 38.619005 ], [ -76.755167, 38.620154 ], [ -76.758415, 38.619821 ], [ -76.762116, 38.621083 ], [ -76.763412, 38.622282 ], [ -76.769095, 38.623806 ], [ -76.770682, 38.624688 ], [ -76.777843, 38.627049 ], [ -76.797248, 38.634491 ], [ -76.816857, 38.641595 ], [ -76.817544, 38.641952 ], [ -76.835235, 38.648349 ], [ -76.842026, 38.651025 ], [ -76.856935, 38.656401 ], [ -76.863395, 38.658506 ], [ -76.864412, 38.658091 ], [ -76.866367, 38.658877 ], [ -76.868928, 38.657936 ], [ -76.871568, 38.65888 ], [ -76.874037, 38.658257 ], [ -76.874167, 38.65826 ], [ -76.874495, 38.658284 ], [ -76.878956, 38.659004 ], [ -76.882269, 38.656962 ], [ -76.886026, 38.657619 ], [ -76.889246, 38.656817 ], [ -76.890443, 38.654968 ], [ -76.894461, 38.655226 ], [ -76.89515, 38.654594 ], [ -76.898345, 38.654613 ], [ -76.901273, 38.652344 ], [ -76.902768, 38.652467 ], [ -76.904552, 38.651569 ], [ -76.911093, 38.652908 ], [ -76.913516, 38.652928 ], [ -76.916836, 38.652498 ], [ -76.918818, 38.653523 ], [ -76.927482, 38.65485 ], [ -76.930629, 38.65409 ], [ -76.935532, 38.655244 ], [ -76.9367, 38.654924 ], [ -76.939555, 38.654589 ], [ -76.943633, 38.656901 ], [ -76.946595, 38.658934 ], [ -76.949768, 38.658497 ], [ -76.954501, 38.658458 ], [ -76.958523, 38.65892 ], [ -76.95948, 38.659484 ], [ -76.965748, 38.66127 ], [ -76.967371, 38.661002 ], [ -76.970432, 38.66046 ], [ -76.971061, 38.659471 ], [ -76.972431, 38.658456 ], [ -76.976824, 38.658688 ], [ -76.98472, 38.657572 ], [ -76.989446, 38.656447 ], [ -76.991308, 38.657129 ], [ -76.998596, 38.654664 ], [ -77.001531, 38.654715 ], [ -77.005249, 38.65274 ], [ -77.011028, 38.651975 ], [ -77.013218, 38.650636 ], [ -77.018742, 38.648511 ], [ -77.020089, 38.647596 ], [ -77.021116, 38.646444 ], [ -77.02113, 38.645126 ], [ -77.022372, 38.64206 ], [ -77.024798, 38.640477 ], [ -77.026348, 38.638597 ], [ -77.027138, 38.63484 ], [ -77.028737, 38.63367 ], [ -77.031249, 38.633215 ], [ -77.032487, 38.632107 ], [ -77.034761, 38.631572 ], [ -77.036221, 38.630567 ], [ -77.038273, 38.630006 ], [ -77.03934, 38.628797 ], [ -77.039997, 38.625964 ], [ -77.043097, 38.622498 ], [ -77.046219, 38.620155 ], [ -77.045976, 38.618784 ], [ -77.047329, 38.617081 ], [ -77.04781, 38.616171 ], [ -77.050198, 38.620717 ], [ -77.055731, 38.635481 ], [ -77.057875, 38.639674 ], [ -77.064499, 38.657116 ], [ -77.071703, 38.676143 ], [ -77.07339, 38.681678 ], [ -77.075999, 38.687215 ], [ -77.078463, 38.693774 ], [ -77.078599, 38.694114 ], [ -77.086265154329794, 38.706027846905499 ], [ -77.079948, 38.70901 ] ] ] ] } },
{ "type": "Feature", "properties": { "STATEFP": "24", "COUNTYFP": "011", "COUNTYNS": "00595737", "GEOIDFQ": "0500000US24011", "GEOID": "24011", "NAME": "Caroline", "NAMELSAD": "Caroline County", "STUSPS": "MD", "STATE_NAME": "Maryland", "LSAD": "06", "ALAND": 827350253.0, "AWATER": 16777065.0 }, "geometry": { "type": "MultiPolygon", "coordinates": [ [ [ [ -76.015045, 38.728687 ], [ -76.013206, 38.733291 ], [ -76.009002, 38.736473 ], [ -76.00521, 38.736389 ], [ -75.999671, 38.734836 ], [ -75.996376, 38.73571 ], [ -75.995376, 38.736679 ], [ -75.994354, 38.739765 ], [ -75.99459, 38.741886 ], [ -75.999336, 38.752075 ], [ -75.99945, 38.75444 ], [ -75.998947, 38.755596 ], [ -75.997123, 38.757232 ], [ -75.993759, 38.759284 ], [ -75.979965, 38.76371 ], [ -75.976409, 38.765506 ], [ -75.971801, 38.769542 ], [ -75.968612, 38.772838 ], [ -75.96775, 38.774398 ], [ -75.968238, 38.777729 ], [ -75.967086, 38.779338 ], [ -75.964042, 38.779666 ], [ -75.954551, 38.777496 ], [ -75.951484, 38.777862 ], [ -75.949455, 38.778419 ], [ -75.937347, 38.787242 ], [ -75.935325, 38.789829 ], [ -75.933876, 38.794193 ], [ -75.932518, 38.796138 ], [ -75.927963, 38.799201 ], [ -75.920799, 38.802635 ], [ -75.911369, 38.806285 ], [ -75.910003, 38.806446 ], [ -75.903778, 38.806934 ], [ -75.89981, 38.811691 ], [ -75.896316, 38.812454 ], [ -75.897178, 38.815212 ], [ -75.903251, 38.816764 ], [ -75.906455, 38.819705 ], [ -75.905494, 38.821567 ], [ -75.901747, 38.822883 ], [ -75.901267, 38.824737 ], [ -75.904341, 38.826431 ], [ -75.912918, 38.829532 ], [ -75.913711, 38.832965 ], [ -75.915183, 38.834835 ], [ -75.919432, 38.835205 ], [ -75.927771, 38.838893 ], [ -75.928099, 38.841068 ], [ -75.919348, 38.845016 ], [ -75.918975, 38.846084 ], [ -75.919455, 38.846897 ], [ -75.926772, 38.847038 ], [ -75.929312, 38.849021 ], [ -75.930373, 38.850872 ], [ -75.928336, 38.852428 ], [ -75.922797, 38.854785 ], [ -75.922569, 38.855747 ], [ -75.922187, 38.857257 ], [ -75.924331, 38.860389 ], [ -75.930229, 38.861286 ], [ -75.931503, 38.86288 ], [ -75.932914, 38.866035 ], [ -75.934707, 38.867511 ], [ -75.939292, 38.866558 ], [ -75.941551, 38.868022 ], [ -75.943077, 38.870494 ], [ -75.944396, 38.875087 ], [ -75.943572, 38.87638 ], [ -75.938919, 38.876392 ], [ -75.937583, 38.877994 ], [ -75.937644, 38.879802 ], [ -75.939224, 38.881332 ], [ -75.941482, 38.881179 ], [ -75.943847, 38.879344 ], [ -75.945777, 38.878627 ], [ -75.948753, 38.878444 ], [ -75.950325, 38.879016 ], [ -75.951469, 38.880237 ], [ -75.951354, 38.882236 ], [ -75.950592, 38.884426 ], [ -75.949638, 38.884807 ], [ -75.94548, 38.884029 ], [ -75.941535, 38.884075 ], [ -75.94046, 38.884555 ], [ -75.944587, 38.890068 ], [ -75.94831, 38.891323 ], [ -75.948616, 38.89225 ], [ -75.945945, 38.893913 ], [ -75.944358, 38.897548 ], [ -75.944908, 38.900348 ], [ -75.945968, 38.901374 ], [ -75.948677, 38.902389 ], [ -75.949188, 38.903518 ], [ -75.94812, 38.90456 ], [ -75.944953, 38.905597 ], [ -75.943084, 38.906677 ], [ -75.944641, 38.908817 ], [ -75.94799, 38.910366 ], [ -75.949153, 38.913468 ], [ -75.948243, 38.914515 ], [ -75.943976, 38.914294 ], [ -75.943474, 38.914777 ], [ -75.944256, 38.916517 ], [ -75.948576, 38.917851 ], [ -75.949095, 38.918115 ], [ -75.949335, 38.918333 ], [ -75.949345, 38.919063 ], [ -75.949592, 38.924067 ], [ -75.95045, 38.924594 ], [ -75.950872, 38.926924 ], [ -75.952742, 38.929261 ], [ -75.952506, 38.930297 ], [ -75.949514, 38.930541 ], [ -75.947974, 38.931895 ], [ -75.948544, 38.93415 ], [ -75.947822, 38.934842 ], [ -75.948914, 38.936315 ], [ -75.951627, 38.936826 ], [ -75.953316, 38.938003 ], [ -75.953055, 38.93866 ], [ -75.949595, 38.938829 ], [ -75.947065, 38.940017 ], [ -75.947217, 38.941472 ], [ -75.950384, 38.941137 ], [ -75.9505, 38.943504 ], [ -75.951325, 38.945613 ], [ -75.950919, 38.946398 ], [ -75.94468, 38.947561 ], [ -75.942218, 38.949924 ], [ -75.941852, 38.951533 ], [ -75.942443, 38.952994 ], [ -75.941761, 38.954702 ], [ -75.942008, 38.956191 ], [ -75.940361, 38.958103 ], [ -75.938701, 38.957707 ], [ -75.93823, 38.958855 ], [ -75.938638, 38.961135 ], [ -75.93989, 38.962217 ], [ -75.941058, 38.964793 ], [ -75.942747, 38.965513 ], [ -75.9428, 38.967097 ], [ -75.942628, 38.967666 ], [ -75.937418, 38.971214 ], [ -75.93658, 38.973419 ], [ -75.938392, 38.974994 ], [ -75.939399, 38.974845 ], [ -75.940933, 38.976295 ], [ -75.938491, 38.9783 ], [ -75.936598, 38.978762 ], [ -75.934642, 38.980196 ], [ -75.93479, 38.982376 ], [ -75.933987, 38.983332 ], [ -75.933713, 38.985364 ], [ -75.932657, 38.986771 ], [ -75.929342, 38.987897 ], [ -75.92854, 38.988715 ], [ -75.929729, 38.990654 ], [ -75.925963, 38.993054 ], [ -75.921993, 38.994422 ], [ -75.920444, 38.997432 ], [ -75.919641, 39.000112 ], [ -75.916738, 39.001656 ], [ -75.914999, 39.001777 ], [ -75.913541, 39.003798 ], [ -75.911091, 39.004127 ], [ -75.909859, 39.005725 ], [ -75.909886, 39.006961 ], [ -75.908477, 39.008587 ], [ -75.908772, 39.010597 ], [ -75.906709, 39.010888 ], [ -75.9041, 39.010426 ], [ -75.903646, 39.011661 ], [ -75.905229, 39.015254 ], [ -75.903836, 39.016804 ], [ -75.901679, 39.017098 ], [ -75.901674, 39.016301 ], [ -75.899287, 39.01422 ], [ -75.897386, 39.014285 ], [ -75.890765, 39.018315 ], [ -75.890307, 39.019325 ], [ -75.890896, 39.021072 ], [ -75.890529, 39.023 ], [ -75.888597, 39.023831 ], [ -75.887197, 39.026605 ], [ -75.882817, 39.02791 ], [ -75.88378, 39.029559 ], [ -75.88295, 39.030463 ], [ -75.883359, 39.0325 ], [ -75.882653, 39.033935 ], [ -75.881285, 39.034268 ], [ -75.879663, 39.038355 ], [ -75.878017, 39.038785 ], [ -75.876005, 39.043349 ], [ -75.877304, 39.04536 ], [ -75.878601, 39.045623 ], [ -75.878654, 39.046855 ], [ -75.876281, 39.047508 ], [ -75.874657, 39.049445 ], [ -75.873367, 39.052165 ], [ -75.871396, 39.05354 ], [ -75.86968, 39.057347 ], [ -75.866025, 39.058947 ], [ -75.863172, 39.059317 ], [ -75.860475, 39.061108 ], [ -75.858032, 39.064125 ], [ -75.852772, 39.067936 ], [ -75.848975, 39.071374 ], [ -75.847074, 39.07478 ], [ -75.847169, 39.08152 ], [ -75.848243, 39.085639 ], [ -75.847929, 39.086968 ], [ -75.84668, 39.089111 ], [ -75.843304, 39.090507 ], [ -75.839784, 39.099412 ], [ -75.83965, 39.100198 ], [ -75.835874, 39.106076 ], [ -75.834944, 39.108339 ], [ -75.832678, 39.108444 ], [ -75.826227, 39.112228 ], [ -75.823157, 39.1151 ], [ -75.819429, 39.116 ], [ -75.815008, 39.118648 ], [ -75.809882, 39.120367 ], [ -75.802281, 39.124597 ], [ -75.799909, 39.127809 ], [ -75.798871, 39.128632 ], [ -75.793968, 39.129779 ], [ -75.791079, 39.132828 ], [ -75.77571, 39.134559 ], [ -75.770798, 39.135503 ], [ -75.770711, 39.135521 ], [ -75.763024, 39.137322 ], [ -75.762818, 39.137364 ], [ -75.757933, 39.138418 ], [ -75.75447, 39.139832 ], [ -75.747671065221795, 39.143345057971302 ], [ -75.747668, 39.143306 ], [ -75.746121, 39.120318 ], [ -75.745804906636806, 39.115130406786598 ], [ -75.745793, 39.114935 ], [ -75.745378254413694, 39.110695262198199 ], [ -75.7442989120932, 39.099661682603603 ], [ -75.743811, 39.094674 ], [ -75.742626276108496, 39.079825223377497 ], [ -75.741923074436897, 39.071011621646598 ], [ -75.741922911678103, 39.071009581703201 ], [ -75.739737995958706, 39.043624867265997 ], [ -75.739545482423495, 39.041211992417402 ], [ -75.738627647560094, 39.029708278378301 ], [ -75.7328559079955, 38.957367986998399 ], [ -75.732815091980598, 38.956856418106497 ], [ -75.730919261490399, 38.933094963083697 ], [ -75.727917769336599, 38.895475660524802 ], [ -75.725829, 38.869296 ], [ -75.725565, 38.868152 ], [ -75.724642346539099, 38.855655076029898 ], [ -75.724061, 38.847781 ], [ -75.724004070351896, 38.8467205646906 ], [ -75.724002, 38.846682 ], [ -75.722882, 38.833156 ], [ -75.72261, 38.830008 ], [ -75.722599091852899, 38.829859371810699 ], [ -75.722028, 38.822078 ], [ -75.720440350105605, 38.801878447829999 ], [ -75.720437594112397, 38.801843383531597 ], [ -75.717589477088197, 38.765607001302897 ], [ -75.712876155396003, 38.705639758047496 ], [ -75.712276594847793, 38.698011593541402 ], [ -75.709526800864893, 38.663026168094397 ], [ -75.707355681536598, 38.6354031774734 ], [ -75.70794, 38.635358 ], [ -75.711667, 38.640388 ], [ -75.713734, 38.644992 ], [ -75.714533, 38.645843 ], [ -75.728015, 38.656366 ], [ -75.735637, 38.66328 ], [ -75.737704, 38.66532 ], [ -75.744369, 38.668849 ], [ -75.749018, 38.671073 ], [ -75.76181, 38.685224 ], [ -75.762722, 38.68622 ], [ -75.76654, 38.686431 ], [ -75.768966, 38.685821 ], [ -75.771573, 38.681434 ], [ -75.773672, 38.677674 ], [ -75.773205, 38.676395 ], [ -75.77381, 38.676383 ], [ -75.774911, 38.67639 ], [ -75.775017, 38.678652 ], [ -75.77672, 38.676599 ], [ -75.779891, 38.676486 ], [ -75.786491, 38.677291 ], [ -75.798408, 38.676338 ], [ -75.800277, 38.695983 ], [ -75.800468, 38.69691 ], [ -75.803108, 38.697891 ], [ -75.806236, 38.698356 ], [ -75.816116, 38.698276 ], [ -75.823043, 38.69968 ], [ -75.832069, 38.702468 ], [ -75.837974, 38.70399 ], [ -75.840354, 38.704185 ], [ -75.843589, 38.703784 ], [ -75.858116, 38.701164 ], [ -75.860893, 38.700191 ], [ -75.862991, 38.698989 ], [ -75.864318, 38.697937 ], [ -75.868156, 38.695125 ], [ -75.870467, 38.694252 ], [ -75.878349, 38.693531 ], [ -75.884605, 38.694214 ], [ -75.888748, 38.695386 ], [ -75.888985, 38.695474 ], [ -75.894935, 38.700469 ], [ -75.897089, 38.701322 ], [ -75.896827, 38.700294 ], [ -75.897109, 38.699398 ], [ -75.900268, 38.693897 ], [ -75.901954, 38.693912 ], [ -75.902168, 38.690959 ], [ -75.904861, 38.687648 ], [ -75.908775, 38.687938 ], [ -75.910877, 38.686706 ], [ -75.913027, 38.689059 ], [ -75.915, 38.687088 ], [ -75.91407, 38.684463 ], [ -75.914505, 38.683879 ], [ -75.917404, 38.683887 ], [ -75.9178, 38.682743 ], [ -75.916419, 38.681011 ], [ -75.917572, 38.680114 ], [ -75.918533, 38.680896 ], [ -75.922721, 38.682003 ], [ -75.92369, 38.680908 ], [ -75.921554, 38.679248 ], [ -75.921852, 38.678413 ], [ -75.926681, 38.67995 ], [ -75.92733, 38.67736 ], [ -75.929847, 38.675987 ], [ -75.931999, 38.676807 ], [ -75.931503, 38.678344 ], [ -75.933052, 38.680541 ], [ -75.936851, 38.680137 ], [ -75.937873, 38.67926 ], [ -75.937835, 38.676452 ], [ -75.940643, 38.676658 ], [ -75.943229, 38.6758 ], [ -75.945248, 38.674109 ], [ -75.948638, 38.676204 ], [ -75.953079, 38.677749 ], [ -75.960266, 38.679553 ], [ -75.967933, 38.682014 ], [ -75.970397, 38.68312 ], [ -75.971672, 38.684654 ], [ -75.973464, 38.690711 ], [ -75.975524, 38.696693 ], [ -75.976791, 38.697837 ], [ -75.978614, 38.698318 ], [ -75.983879, 38.697692 ], [ -75.989341, 38.696479 ], [ -75.993049, 38.696723 ], [ -75.994606, 38.69944 ], [ -75.994514, 38.701076 ], [ -75.99308, 38.706584 ], [ -75.994163, 38.709201 ], [ -76.002784, 38.718383 ], [ -76.00753, 38.720981 ], [ -76.010421, 38.72248 ], [ -76.014427, 38.726463 ], [ -76.015045, 38.728687 ] ] ] ] } },
{ "type": "Feature", "properties": { "STATEFP": "24", "COUNTYFP": "045", "COUNTYNS": "01668606", "GEOIDFQ": "0500000US24045", "GEOID": "24045", "NAME": "Wicomico", "NAMELSAD": "Wicomico County", "STUSPS": "MD", "STATE_NAME": "Maryland", "LSAD": "06", "ALAND": 969768022.0, "AWATER": 66763786.0 }, "geometry": { "type": "MultiPolygon", "coordinates": [ [ [ [ -75.920335, 38.264376 ], [ -75.91504, 38.266439 ], [ -75.907672, 38.272597 ], [ -75.906127, 38.277169 ], [ -75.904225, 38.280714 ], [ -75.904117385461902, 38.280883025359898 ], [ -75.902562, 38.283326 ], [ -75.901373, 38.286031 ], [ -75.902324, 38.28855 ], [ -75.904463, 38.289296 ], [ -75.908266, 38.292281 ], [ -75.905176, 38.294799 ], [ -75.903258253090399, 38.297721190588 ], [ -75.903156, 38.297877 ], [ -75.899591, 38.301048 ], [ -75.898493, 38.303526 ], [ -75.893055, 38.309161 ], [ -75.892548213393894, 38.3107514084478 ], [ -75.892223, 38.311772 ], [ -75.892205167494197, 38.311803734357703 ], [ -75.889192438145798, 38.317165125056597 ], [ -75.887047715279195, 38.320981829412901 ], [ -75.882478, 38.329114 ], [ -75.880694, 38.328635 ], [ -75.879509209596407, 38.328021227264799 ], [ -75.8782, 38.327343 ], [ -75.875466, 38.327622 ], [ -75.872495, 38.329021 ], [ -75.871307, 38.331258 ], [ -75.872258, 38.332563 ], [ -75.875667, 38.332716 ], [ -75.872746, 38.338851 ], [ -75.87, 38.342351 ], [ -75.865325, 38.344908 ], [ -75.8618, 38.34757 ], [ -75.856333, 38.349527 ], [ -75.855382, 38.353069 ], [ -75.853719, 38.357356 ], [ -75.851936, 38.361363 ], [ -75.849321, 38.364997 ], [ -75.850272, 38.366394 ], [ -75.853124, 38.368538 ], [ -75.856452, 38.372264 ], [ -75.862869, 38.376271 ], [ -75.863939, 38.377854 ], [ -75.864733493907096, 38.379722676412499 ], [ -75.860851, 38.383577 ], [ -75.85529, 38.385345 ], [ -75.846202, 38.384405 ], [ -75.844055, 38.384543 ], [ -75.840348, 38.384784 ], [ -75.838282, 38.385878 ], [ -75.838369, 38.387476 ], [ -75.8393, 38.388771 ], [ -75.842399, 38.393082 ], [ -75.846741, 38.397058 ], [ -75.851258, 38.400348 ], [ -75.850952, 38.404536 ], [ -75.847281, 38.417287 ], [ -75.845573, 38.421868 ], [ -75.843343, 38.422745 ], [ -75.828869, 38.423417 ], [ -75.82496, 38.425372 ], [ -75.821287, 38.430135 ], [ -75.819829, 38.435886 ], [ -75.821342, 38.439261 ], [ -75.826639, 38.442231 ], [ -75.833127, 38.443443 ], [ -75.836104, 38.445631 ], [ -75.836743, 38.448088 ], [ -75.835728, 38.45329 ], [ -75.83316, 38.45762 ], [ -75.828492, 38.459614 ], [ -75.821994, 38.460959 ], [ -75.81669, 38.463307 ], [ -75.814901, 38.466459 ], [ -75.815772, 38.469373 ], [ -75.818709, 38.472332 ], [ -75.822902, 38.47601 ], [ -75.824765, 38.479095 ], [ -75.823706, 38.481022 ], [ -75.821086, 38.483662 ], [ -75.818022, 38.48675 ], [ -75.815193, 38.488794 ], [ -75.800496, 38.49102 ], [ -75.79466, 38.492373 ], [ -75.792229, 38.494184 ], [ -75.784972, 38.500115 ], [ -75.782064, 38.501596 ], [ -75.777913, 38.502855 ], [ -75.764994, 38.506479 ], [ -75.759754, 38.510122 ], [ -75.757059, 38.513363 ], [ -75.756022, 38.515316 ], [ -75.754766, 38.520739 ], [ -75.754121, 38.525675 ], [ -75.753337, 38.528737 ], [ -75.751292, 38.531125 ], [ -75.749655, 38.531688 ], [ -75.74695, 38.536237 ], [ -75.74489, 38.537775 ], [ -75.740586, 38.538364 ], [ -75.737763, 38.537649 ], [ -75.732166, 38.538017 ], [ -75.727212, 38.539753 ], [ -75.72449, 38.54123 ], [ -75.718793, 38.546184 ], [ -75.711893, 38.550876 ], [ -75.709645, 38.554712 ], [ -75.708582, 38.557553 ], [ -75.706083, 38.560544 ], [ -75.701565, 38.560736 ], [ -75.700394635168195, 38.545520412767502 ], [ -75.700179, 38.542717 ], [ -75.7001723474568, 38.542618701794602 ], [ -75.698779000160499, 38.522030554439802 ], [ -75.698777, 38.522001 ], [ -75.697900750776796, 38.511290541568201 ], [ -75.696688, 38.496467 ], [ -75.696369, 38.492373 ], [ -75.69367, 38.46008 ], [ -75.691652287581803, 38.459995225185899 ], [ -75.665585, 38.4589 ], [ -75.662843, 38.458759 ], [ -75.648079993022094, 38.458369252239699 ], [ -75.630457, 38.457904 ], [ -75.598069, 38.456855 ], [ -75.5979382535903, 38.456843175931297 ], [ -75.593082, 38.456404 ], [ -75.589307, 38.456286 ], [ -75.583601, 38.456424 ], [ -75.583056727607499, 38.456399169113297 ], [ -75.582940403318304, 38.456393862147003 ], [ -75.581892196752804, 38.456346040690597 ], [ -75.574223224402203, 38.4559961655427 ], [ -75.57411, 38.455991 ], [ -75.564351872193797, 38.4557073975271 ], [ -75.564111903112206, 38.455700423256403 ], [ -75.563178185733094, 38.455673286436401 ], [ -75.559975085895303, 38.455580194087801 ], [ -75.559934, 38.455579 ], [ -75.559212, 38.455563 ], [ -75.558395967276098, 38.455543600424399 ], [ -75.558138725434105, 38.455537485004797 ], [ -75.555343383417707, 38.4554710312377 ], [ -75.555339285317402, 38.455470933813402 ], [ -75.552444105799907, 38.455402106605703 ], [ -75.544057077193997, 38.4552027214704 ], [ -75.541141676606699, 38.455133413546498 ], [ -75.539503084174896, 38.455094459229201 ], [ -75.538032912782597, 38.4550595087914 ], [ -75.534136693712099, 38.454966883834203 ], [ -75.533763, 38.454958 ], [ -75.532534604763796, 38.454924487177898 ], [ -75.52273, 38.454657 ], [ -75.521304, 38.454657 ], [ -75.502961, 38.45422 ], [ -75.500142, 38.454144 ], [ -75.47915, 38.453699 ], [ -75.477539330616395, 38.453666161792 ], [ -75.444096642895104, 38.4529843347526 ], [ -75.428728, 38.452671 ], [ -75.428644523147696, 38.452669693331302 ], [ -75.424831, 38.45261 ], [ -75.410884, 38.4524 ], [ -75.40199, 38.452261 ], [ -75.38421, 38.452123 ], [ -75.370891, 38.452238 ], [ -75.355433, 38.452131 ], [ -75.34125, 38.45197 ], [ -75.340799, 38.448907 ], [ -75.338428, 38.446755 ], [ -75.335792, 38.442286 ], [ -75.336351, 38.440127 ], [ -75.33667, 38.436381 ], [ -75.334086, 38.435071 ], [ -75.331972, 38.429268 ], [ -75.331957, 38.427093 ], [ -75.330402, 38.424232 ], [ -75.326895, 38.42177 ], [ -75.325827, 38.420515 ], [ -75.32343, 38.418492 ], [ -75.319915, 38.412613 ], [ -75.318634, 38.407676 ], [ -75.317104, 38.404243 ], [ -75.317808, 38.402324 ], [ -75.319182, 38.398002 ], [ -75.319117, 38.394492 ], [ -75.321028, 38.393858 ], [ -75.323112, 38.390879 ], [ -75.325227, 38.385934 ], [ -75.326616, 38.384915 ], [ -75.329748, 38.3821 ], [ -75.329157, 38.380414 ], [ -75.326672, 38.378248 ], [ -75.32663, 38.376131 ], [ -75.325607, 38.374703 ], [ -75.323079, 38.373135 ], [ -75.321639, 38.370866 ], [ -75.319224, 38.37123 ], [ -75.316292, 38.369282 ], [ -75.316115, 38.365163 ], [ -75.313865, 38.361737 ], [ -75.313958, 38.35981 ], [ -75.312233, 38.359034 ], [ -75.310261, 38.356987 ], [ -75.307421, 38.357005 ], [ -75.307011, 38.35476 ], [ -75.309984, 38.350614 ], [ -75.309884, 38.349281 ], [ -75.313473, 38.347876 ], [ -75.314667, 38.346227 ], [ -75.317387, 38.345747 ], [ -75.316347, 38.343629 ], [ -75.317735, 38.341812 ], [ -75.318812, 38.338418 ], [ -75.323205, 38.331897 ], [ -75.326822, 38.330389 ], [ -75.329085, 38.33073 ], [ -75.330675, 38.331916 ], [ -75.333222, 38.330528 ], [ -75.333681, 38.32962 ], [ -75.339429, 38.324649 ], [ -75.339363, 38.321987 ], [ -75.340959, 38.320206 ], [ -75.344369, 38.319162 ], [ -75.346084, 38.319375 ], [ -75.353419, 38.315917 ], [ -75.355454, 38.314521 ], [ -75.356276, 38.313164 ], [ -75.360081, 38.300856 ], [ -75.360875, 38.298345 ], [ -75.364252, 38.291965 ], [ -75.364641, 38.290359 ], [ -75.372587, 38.28971 ], [ -75.449078, 38.28648 ], [ -75.450292, 38.286439 ], [ -75.45652, 38.286199 ], [ -75.495412, 38.283815 ], [ -75.499642, 38.283838 ], [ -75.512452, 38.283244 ], [ -75.51559, 38.283232 ], [ -75.527288, 38.282643 ], [ -75.568383, 38.280743 ], [ -75.570945, 38.280737 ], [ -75.612764, 38.278626 ], [ -75.625881, 38.282289 ], [ -75.62649, 38.282553 ], [ -75.628028, 38.285202 ], [ -75.629819, 38.285719 ], [ -75.633088, 38.288985 ], [ -75.635275, 38.288536 ], [ -75.63769, 38.289359 ], [ -75.643819, 38.289199 ], [ -75.644149, 38.28928 ], [ -75.646796, 38.290781 ], [ -75.650689, 38.294337 ], [ -75.652318, 38.294248 ], [ -75.653967, 38.294189 ], [ -75.657132, 38.295333 ], [ -75.658755, 38.296663 ], [ -75.662679, 38.298845 ], [ -75.664046, 38.298609 ], [ -75.667316, 38.296588 ], [ -75.669758, 38.296138 ], [ -75.673252, 38.293616 ], [ -75.676722, 38.293644 ], [ -75.681454, 38.292985 ], [ -75.687226, 38.289947 ], [ -75.686177, 38.28665 ], [ -75.68896, 38.283223 ], [ -75.691015, 38.282032 ], [ -75.690914, 38.281637 ], [ -75.690539, 38.280867 ], [ -75.693358, 38.278564 ], [ -75.693143, 38.277189 ], [ -75.694338, 38.275491 ], [ -75.695449, 38.27563 ], [ -75.696404, 38.274194 ], [ -75.695691, 38.271905 ], [ -75.696405, 38.270675 ], [ -75.693576, 38.268782 ], [ -75.694432, 38.266904 ], [ -75.699447, 38.264907 ], [ -75.702757, 38.265497 ], [ -75.704643, 38.266369 ], [ -75.706545, 38.26629 ], [ -75.709354, 38.264935 ], [ -75.711177, 38.264646 ], [ -75.714566, 38.267097 ], [ -75.718173, 38.265882 ], [ -75.72081, 38.267139 ], [ -75.723822, 38.271594 ], [ -75.723065, 38.274694 ], [ -75.723802, 38.276116 ], [ -75.727427, 38.275409 ], [ -75.728815, 38.275892 ], [ -75.729164, 38.277231 ], [ -75.727931, 38.279756 ], [ -75.728455, 38.280952 ], [ -75.731134, 38.281014 ], [ -75.734516, 38.283038 ], [ -75.73749, 38.2819 ], [ -75.740411, 38.279359 ], [ -75.741649, 38.279155 ], [ -75.745937, 38.280426 ], [ -75.74855, 38.284606 ], [ -75.749926, 38.283822 ], [ -75.749238, 38.282594 ], [ -75.749651, 38.281108 ], [ -75.751803, 38.280697 ], [ -75.753099, 38.282055 ], [ -75.752342, 38.284788 ], [ -75.754406, 38.285444 ], [ -75.763324, 38.285967 ], [ -75.769175, 38.284978 ], [ -75.770069, 38.283954 ], [ -75.770989, 38.276525 ], [ -75.772276, 38.273538 ], [ -75.775938, 38.270098 ], [ -75.779007, 38.268321 ], [ -75.781225, 38.267519 ], [ -75.784253, 38.267216 ], [ -75.791078, 38.267085 ], [ -75.795647, 38.266151 ], [ -75.799218, 38.258824 ], [ -75.8013719513268, 38.255889905102997 ], [ -75.802261, 38.256642 ], [ -75.804757, 38.255429 ], [ -75.810936, 38.256362 ], [ -75.813907, 38.257668 ], [ -75.816046, 38.260281 ], [ -75.818898, 38.261028 ], [ -75.821869, 38.261867 ], [ -75.824722, 38.260934 ], [ -75.826742, 38.259348 ], [ -75.834229, 38.257388 ], [ -75.845637, 38.257295 ], [ -75.851579, 38.247963 ], [ -75.856333, 38.247403 ], [ -75.86382, 38.247403 ], [ -75.867266, 38.244883 ], [ -75.869625, 38.2436 ], [ -75.872731, 38.244034 ], [ -75.873089, 38.246096 ], [ -75.871426, 38.248709 ], [ -75.87, 38.250016 ], [ -75.87, 38.251696 ], [ -75.871663, 38.253096 ], [ -75.87404, 38.254589 ], [ -75.875351186512106, 38.254682262214601 ], [ -75.876655, 38.254775 ], [ -75.88022, 38.252349 ], [ -75.881884, 38.249922 ], [ -75.881052, 38.247869 ], [ -75.883435, 38.244445 ], [ -75.888513, 38.241423 ], [ -75.889356, 38.2395 ], [ -75.889133, 38.236575 ], [ -75.887993, 38.23547 ], [ -75.886756, 38.231815 ], [ -75.883833, 38.229006 ], [ -75.886692, 38.229399 ], [ -75.889004, 38.22863 ], [ -75.891429, 38.22756 ], [ -75.895689, 38.228561 ], [ -75.89971, 38.232842 ], [ -75.902154, 38.236256 ], [ -75.904043, 38.239941 ], [ -75.906468, 38.241804 ], [ -75.905758, 38.243041 ], [ -75.907392, 38.245876 ], [ -75.907882, 38.247469 ], [ -75.907122, 38.248883 ], [ -75.907757841580505, 38.250631287893697 ], [ -75.908272, 38.252045 ], [ -75.909214, 38.255838 ], [ -75.911143, 38.257951 ], [ -75.912599, 38.260041 ], [ -75.913598319003796, 38.260748341104403 ], [ -75.915539, 38.262122 ], [ -75.917024, 38.263246 ], [ -75.920335, 38.264376 ] ] ] ] } },
{ "type": "Feature", "properties": { "STATEFP": "24", "COUNTYFP": "031", "COUNTYNS": "01712500", "GEOIDFQ": "0500000US24031", "GEOID": "24031", "NAME": "Montgomery", "NAMELSAD": "Montgomery County", "STUSPS": "MD", "STATE_NAME": "Maryland", "LSAD": "06", "ALAND": 1277235204.0, "AWATER": 35644638.0 }, "geometry": { "type": "MultiPolygon", "coordinates": [ [ [ [ -77.527282, 39.146236 ], [ -77.524872, 39.148455 ], [ -77.524415633122203, 39.150030653532497 ], [ -77.521222, 39.161057 ], [ -77.516426, 39.170891 ], [ -77.510631, 39.178484 ], [ -77.505162, 39.18205 ], [ -77.485971, 39.185665 ], [ -77.478596, 39.189168 ], [ -77.477362, 39.190495 ], [ -77.475013, 39.194934 ], [ -77.475929, 39.202024 ], [ -77.47361, 39.208407 ], [ -77.470113, 39.21184 ], [ -77.459883, 39.218682 ], [ -77.458922349468196, 39.220336398673503 ], [ -77.454754, 39.221663 ], [ -77.431508, 39.232173 ], [ -77.396429, 39.247992 ], [ -77.334242, 39.276981 ], [ -77.324984, 39.281175 ], [ -77.323345, 39.281951 ], [ -77.313839, 39.286462 ], [ -77.303578, 39.29112 ], [ -77.30134, 39.29184 ], [ -77.285962, 39.299213 ], [ -77.28373, 39.300379 ], [ -77.267626, 39.308194 ], [ -77.262529, 39.31028 ], [ -77.261694, 39.310614 ], [ -77.250861, 39.315717 ], [ -77.2441, 39.318885 ], [ -77.233618, 39.323777 ], [ -77.226875, 39.327289 ], [ -77.21749, 39.331409 ], [ -77.197807, 39.340381 ], [ -77.191566, 39.343081 ], [ -77.187721, 39.345005 ], [ -77.175291, 39.350611 ], [ -77.171361, 39.352616 ], [ -77.168801, 39.353502 ], [ -77.180225, 39.346551 ], [ -77.18381, 39.345459 ], [ -77.187113, 39.340595 ], [ -77.186804, 39.338203 ], [ -77.182623, 39.332214 ], [ -77.181489, 39.329294 ], [ -77.180196, 39.32824 ], [ -77.178553, 39.325463 ], [ -77.174765, 39.322247 ], [ -77.172856, 39.319475 ], [ -77.171929, 39.315328 ], [ -77.170347, 39.313109 ], [ -77.166777, 39.312136 ], [ -77.164939, 39.308993 ], [ -77.16459, 39.307444 ], [ -77.162428, 39.307934 ], [ -77.160939, 39.30672 ], [ -77.159774, 39.304896 ], [ -77.157412, 39.304158 ], [ -77.153413, 39.302032 ], [ -77.151468, 39.299989 ], [ -77.149125, 39.299288 ], [ -77.147129, 39.297198 ], [ -77.145568, 39.296075 ], [ -77.144669, 39.294707 ], [ -77.143594, 39.293032 ], [ -77.140059, 39.292095 ], [ -77.140195, 39.289284 ], [ -77.137886, 39.288152 ], [ -77.139759, 39.285624 ], [ -77.140014, 39.283443 ], [ -77.138354, 39.280972 ], [ -77.13647, 39.279239 ], [ -77.136463, 39.278288 ], [ -77.134466, 39.276834 ], [ -77.133998, 39.276175 ], [ -77.134594, 39.273074 ], [ -77.134285, 39.27138 ], [ -77.133238, 39.270356 ], [ -77.131435, 39.270067 ], [ -77.130587, 39.268412 ], [ -77.126183, 39.268632 ], [ -77.123496, 39.268092 ], [ -77.121391, 39.267187 ], [ -77.116994, 39.267535 ], [ -77.115393, 39.266298 ], [ -77.115, 39.265166 ], [ -77.110809, 39.264138 ], [ -77.105239, 39.264503 ], [ -77.103621, 39.265999 ], [ -77.101812, 39.265293 ], [ -77.097489, 39.264806 ], [ -77.093198, 39.262467 ], [ -77.089177, 39.262269 ], [ -77.086161, 39.260573 ], [ -77.082104, 39.260033 ], [ -77.078809, 39.2583 ], [ -77.077782, 39.256514 ], [ -77.074327, 39.256014 ], [ -77.070112, 39.254104 ], [ -77.067305, 39.251573 ], [ -77.065572, 39.250956 ], [ -77.064379, 39.248809 ], [ -77.062188, 39.247325 ], [ -77.060746, 39.243146 ], [ -77.061525, 39.241271 ], [ -77.059767, 39.240174 ], [ -77.057734, 39.240237 ], [ -77.05591, 39.238326 ], [ -77.053757, 39.23882 ], [ -77.05025, 39.237579 ], [ -77.044812, 39.237666 ], [ -77.041001, 39.234191 ], [ -77.038488, 39.231446 ], [ -77.03588, 39.229674 ], [ -77.034516, 39.226144 ], [ -77.032074, 39.224405 ], [ -77.032325, 39.220317 ], [ -77.022292, 39.213991 ], [ -77.019293, 39.21292 ], [ -77.01757, 39.209751 ], [ -77.011448, 39.207539 ], [ -77.00942, 39.206732 ], [ -77.012165, 39.195181 ], [ -77.00491, 39.193263 ], [ -77.004168, 39.192335 ], [ -77.004329, 39.189257 ], [ -77.006392, 39.185619 ], [ -77.007546, 39.184899 ], [ -77.007716, 39.182648 ], [ -77.008418, 39.18157 ], [ -77.007262, 39.180315 ], [ -77.004501, 39.179118 ], [ -76.999911, 39.178629 ], [ -76.998876, 39.1778 ], [ -76.999578, 39.177091 ], [ -77.002853, 39.176145 ], [ -77.005357, 39.176288 ], [ -77.005278, 39.175653 ], [ -77.004424, 39.174305 ], [ -77.003002, 39.174175 ], [ -76.998348, 39.175094 ], [ -76.997427, 39.174104 ], [ -77.001399, 39.170879 ], [ -77.000975, 39.169537 ], [ -76.997319, 39.166471 ], [ -76.99441, 39.166807 ], [ -76.987138, 39.166291 ], [ -76.983353, 39.165313 ], [ -76.982055, 39.164287 ], [ -76.978712, 39.163664 ], [ -76.977902, 39.162888 ], [ -76.975571, 39.163201 ], [ -76.973666, 39.162209 ], [ -76.973003, 39.1614 ], [ -76.973893, 39.158652 ], [ -76.976699, 39.154158 ], [ -76.976698, 39.151992 ], [ -76.975606, 39.149747 ], [ -76.972901, 39.149473 ], [ -76.970392, 39.148724 ], [ -76.966908, 39.148762 ], [ -76.964067, 39.148195 ], [ -76.962973, 39.14584 ], [ -76.955539, 39.144865 ], [ -76.951694, 39.146207 ], [ -76.95001, 39.144355 ], [ -76.952613, 39.142985 ], [ -76.952587, 39.141809 ], [ -76.953067, 39.13897 ], [ -76.955465, 39.138092 ], [ -76.958072, 39.135451 ], [ -76.958517, 39.134023 ], [ -76.948579, 39.129597 ], [ -76.946749, 39.129407 ], [ -76.945223, 39.130217 ], [ -76.943692, 39.132105 ], [ -76.941934, 39.132658 ], [ -76.938278, 39.132779 ], [ -76.935687, 39.134266 ], [ -76.933415, 39.136604 ], [ -76.931285, 39.137444 ], [ -76.929102, 39.138392 ], [ -76.927756, 39.138073 ], [ -76.926438, 39.135306 ], [ -76.918981, 39.132131 ], [ -76.918472, 39.131716 ], [ -76.917643, 39.130135 ], [ -76.916309, 39.128847 ], [ -76.915648, 39.127002 ], [ -76.910018, 39.126458 ], [ -76.907301, 39.12549 ], [ -76.902833, 39.125562 ], [ -76.897241, 39.126994 ], [ -76.893664, 39.128376 ], [ -76.889425, 39.131033 ], [ -76.888505, 39.130967 ], [ -76.888802, 39.129986 ], [ -76.894275, 39.123861 ], [ -76.900793, 39.121127 ], [ -76.90293, 39.121103 ], [ -76.902407, 39.120317 ], [ -76.907292, 39.117908 ], [ -76.903897, 39.114618 ], [ -76.907444, 39.106238 ], [ -76.908834, 39.10385 ], [ -76.909227, 39.104096 ], [ -76.909809, 39.102479 ], [ -76.914296, 39.096307 ], [ -76.917583, 39.091273 ], [ -76.921596, 39.086207 ], [ -76.927149, 39.078658 ], [ -76.928677, 39.076723 ], [ -76.93023, 39.074272 ], [ -76.935883, 39.066613 ], [ -76.937202, 39.064945 ], [ -76.943736, 39.056014 ], [ -76.944595, 39.054758 ], [ -76.946311, 39.052415 ], [ -76.947431, 39.050986 ], [ -76.947775, 39.050589 ], [ -76.951772, 39.045307 ], [ -76.951996, 39.044808 ], [ -76.95558, 39.039938 ], [ -76.957525, 39.037668 ], [ -76.962097, 39.031208 ], [ -76.966186, 39.026204 ], [ -76.967332, 39.024662 ], [ -76.968312, 39.02308 ], [ -76.968492, 39.022828 ], [ -76.971723, 39.018556 ], [ -76.971892, 39.018354 ], [ -76.977278, 39.010947 ], [ -76.978098, 39.009808 ], [ -76.979606, 39.008161 ], [ -76.980261, 39.007201 ], [ -76.980435, 39.006946 ], [ -76.980464, 39.006903 ], [ -76.982247, 39.00424 ], [ -76.983629, 39.002267 ], [ -76.98367, 39.002201 ], [ -76.98415, 39.001438 ], [ -76.985693, 38.99998 ], [ -76.989059, 38.995577 ], [ -76.989884, 38.993986 ], [ -76.990676, 38.993021 ], [ -76.991098, 38.992405 ], [ -76.987795, 38.989099 ], [ -76.987639, 38.988979 ], [ -76.98682, 38.988375 ], [ -76.985005, 38.987312 ], [ -76.984787, 38.987182 ], [ -76.98494, 38.985297 ], [ -76.985735, 38.982711 ], [ -76.986664, 38.979183 ], [ -76.986044, 38.977611 ], [ -76.986869, 38.976879 ], [ -76.990536, 38.975643 ], [ -76.992536, 38.975455 ], [ -76.994183, 38.975291 ], [ -76.997263, 38.97241 ], [ -76.998446, 38.971048 ], [ -77.00016, 38.968744 ], [ -77.002589220168701, 38.9654839197919 ], [ -77.002601759533803, 38.965494081001602 ], [ -77.003692677193598, 38.966378100484498 ], [ -77.007774574197001, 38.969685844607902 ], [ -77.008298, 38.97011 ], [ -77.008589274640102, 38.9703377238095 ], [ -77.011056734099299, 38.972266828477601 ], [ -77.013798, 38.97441 ], [ -77.015598, 38.97591 ], [ -77.0173231309697, 38.977226703025003 ], [ -77.018654553432199, 38.978242908759398 ], [ -77.018706497583295, 38.978282555036799 ], [ -77.020536715098601, 38.979679465173596 ], [ -77.026590704025907, 38.984300161036103 ], [ -77.026634552895203, 38.984333628604602 ], [ -77.026696218486805, 38.984380694753398 ], [ -77.031234921812796, 38.987844851680599 ], [ -77.033707359689103, 38.989731935321302 ], [ -77.036299, 38.99171 ], [ -77.036461350189299, 38.991827444817801 ], [ -77.036769251411599, 38.992050181872202 ], [ -77.040999, 38.99511 ], [ -77.042388998663696, 38.994064888222802 ], [ -77.046541251074402, 38.990942893929002 ], [ -77.0516625043104, 38.987092327586197 ], [ -77.052220061432394, 38.986673111705002 ], [ -77.052937499620796, 38.986133684495698 ], [ -77.054299, 38.98511 ], [ -77.062564652888398, 38.9787553946774 ], [ -77.066690519618703, 38.9755834426199 ], [ -77.068951003066402, 38.973845590771802 ], [ -77.071640984008695, 38.971777542736803 ], [ -77.077436698207094, 38.967321817727402 ], [ -77.077441665345106, 38.967317999008898 ], [ -77.0804181742635, 38.965029669257902 ], [ -77.0822402534113, 38.963628861117598 ], [ -77.082706082725593, 38.9632707331536 ], [ -77.083839171090702, 38.9623996187416 ], [ -77.085780121691698, 38.9609074226397 ], [ -77.085812268288393, 38.9608827084474 ], [ -77.087664362389205, 38.959458824915103 ], [ -77.091355285244902, 38.956621256202702 ], [ -77.091399387458097, 38.956587350573898 ], [ -77.0915, 38.95651 ], [ -77.093866059016406, 38.954555429508197 ], [ -77.098089871993395, 38.951066192701099 ], [ -77.100526969660194, 38.949052938106803 ], [ -77.1007, 38.94891 ], [ -77.101277750604197, 38.948529900918302 ], [ -77.1045, 38.94641 ], [ -77.112478301097397, 38.940100663913597 ], [ -77.112531800026701, 38.940058356319398 ], [ -77.119759, 38.934343 ], [ -77.119796691084105, 38.934370237359602 ], [ -77.127601, 38.94001 ], [ -77.131901, 38.94741 ], [ -77.137701, 38.95531 ], [ -77.146601, 38.96421 ], [ -77.148179, 38.965002 ], [ -77.149924280797606, 38.965500651656498 ], [ -77.151084, 38.965832 ], [ -77.165301, 38.96801 ], [ -77.166901, 38.96811 ], [ -77.168001, 38.96741 ], [ -77.171826689881698, 38.967508094612299 ], [ -77.171901, 38.96751 ], [ -77.179603992850801, 38.968412071048199 ], [ -77.179855776306695, 38.968441556544299 ], [ -77.183002, 38.96881 ], [ -77.188302, 38.96751 ], [ -77.197502, 38.96681 ], [ -77.202502, 38.96791 ], [ -77.203602, 38.96891 ], [ -77.209302, 38.97041 ], [ -77.211502, 38.96941 ], [ -77.221502, 38.97131 ], [ -77.224969, 38.973349 ], [ -77.228395, 38.978404 ], [ -77.229992, 38.979858 ], [ -77.231601, 38.979917 ], [ -77.232268, 38.979502 ], [ -77.234803, 38.97631 ], [ -77.241081, 38.981206 ], [ -77.244621, 38.982535 ], [ -77.246172, 38.985749 ], [ -77.248303, 38.992309 ], [ -77.249203, 38.993709 ], [ -77.253003, 38.995709 ], [ -77.255703, 39.002409 ], [ -77.251803, 39.011409 ], [ -77.246903, 39.014809 ], [ -77.244603, 39.020109 ], [ -77.244926713599995, 39.021218875199999 ], [ -77.246003, 39.024909 ], [ -77.248383031580403, 39.026892359650397 ], [ -77.248403, 39.026909 ], [ -77.255303, 39.030009 ], [ -77.258328302967399, 39.0305461531294 ], [ -77.266004, 39.031909 ], [ -77.274706, 39.034091 ], [ -77.293105, 39.046508 ], [ -77.301005, 39.049508 ], [ -77.308457759218697, 39.051428814231599 ], [ -77.310705, 39.052008 ], [ -77.314905, 39.052208 ], [ -77.324206, 39.056508 ], [ -77.328281093198996, 39.057794871536501 ], [ -77.333706, 39.059508 ], [ -77.333729921255696, 39.059624537433002 ], [ -77.33401, 39.060989 ], [ -77.335511, 39.061771 ], [ -77.340287, 39.062991 ], [ -77.342100278785495, 39.062835793176603 ], [ -77.350311, 39.062133 ], [ -77.359702, 39.062004 ], [ -77.366822456103506, 39.0611697776611 ], [ -77.367529, 39.061087 ], [ -77.369603559255097, 39.061144702972697 ], [ -77.375079, 39.061297 ], [ -77.378496031838395, 39.062323672322101 ], [ -77.380108, 39.062808 ], [ -77.38568, 39.061987 ], [ -77.399204, 39.064784 ], [ -77.401913538603694, 39.064639196304 ], [ -77.404593, 39.064496 ], [ -77.41543, 39.066435 ], [ -77.420710686718195, 39.066736850866597 ], [ -77.42318, 39.066878 ], [ -77.423245521514701, 39.066895200549503 ], [ -77.4374, 39.070611 ], [ -77.443608349953493, 39.071358320014497 ], [ -77.451251052748503, 39.072278297916199 ], [ -77.452827, 39.072468 ], [ -77.456962901478406, 39.0734336849033 ], [ -77.458202, 39.073723 ], [ -77.460817531633595, 39.074872932011303 ], [ -77.46145, 39.075151 ], [ -77.462617, 39.076248 ], [ -77.464965384821298, 39.0797361737039 ], [ -77.465031343440202, 39.079834145347299 ], [ -77.468049802212306, 39.084317613482398 ], [ -77.468698266239798, 39.085280809611099 ], [ -77.469443, 39.086387 ], [ -77.472414, 39.092524 ], [ -77.47701, 39.100331 ], [ -77.477553276799298, 39.101008918835802 ], [ -77.481279, 39.105658 ], [ -77.4858, 39.109303 ], [ -77.494955, 39.113038 ], [ -77.499711, 39.11395 ], [ -77.5020761733592, 39.114653233362802 ], [ -77.51532, 39.118591 ], [ -77.519929, 39.120925 ], [ -77.520985890300594, 39.122499150218701 ], [ -77.524559, 39.127821 ], [ -77.526728, 39.137315 ], [ -77.526790584499295, 39.138322791187903 ], [ -77.527282, 39.146236 ] ] ] ] } },
{ "type": "Feature", "properties": { "STATEFP": "24", "COUNTYFP": "017", "COUNTYNS": "01676992", "GEOIDFQ": "0500000US24017", "GEOID": "24017", "NAME": "Charles", "NAMELSAD": "Charles County", "STUSPS": "MD", "STATE_NAME": "Maryland", "LSAD": "06", "ALAND": 1185745256.0, "AWATER": 479451413.0 }, "geometry": { "type": "MultiPolygon", "coordinates": [ [ [ [ -77.272399, 38.489935 ], [ -77.269857, 38.492426 ], [ -77.267014, 38.498573 ], [ -77.26741, 38.501376 ], [ -77.263599, 38.512344 ], [ -77.256725, 38.51896 ], [ -77.25756, 38.521793 ], [ -77.255157, 38.525551 ], [ -77.248869251961196, 38.535043757450403 ], [ -77.237724, 38.55187 ], [ -77.234908, 38.553323 ], [ -77.22987, 38.554408 ], [ -77.226423, 38.554142 ], [ -77.221117, 38.555217 ], [ -77.214941708979296, 38.562356893500002 ], [ -77.210349, 38.567667 ], [ -77.20871, 38.571134 ], [ -77.206619, 38.57355 ], [ -77.199537, 38.578346 ], [ -77.191736, 38.585424 ], [ -77.191949, 38.586188 ], [ -77.191372, 38.5881 ], [ -77.188116, 38.59269 ], [ -77.186659, 38.596269 ], [ -77.183207, 38.600381 ], [ -77.169671, 38.60687 ], [ -77.165485, 38.606617 ], [ -77.160762463556296, 38.606331695285498 ], [ -77.151180852421206, 38.605752837110202 ], [ -77.148651, 38.6056 ], [ -77.147807203277395, 38.606127156815198 ], [ -77.144339785979994, 38.608293404455601 ], [ -77.140843, 38.610478 ], [ -77.140120489871094, 38.610716768123197 ], [ -77.130516525550107, 38.613890592883102 ], [ -77.130090996758994, 38.614031217501001 ], [ -77.129084, 38.614364 ], [ -77.125190835808596, 38.6190962835501 ], [ -77.12463, 38.619778 ], [ -77.115649, 38.623478 ], [ -77.110539, 38.62682 ], [ -77.107093, 38.630719 ], [ -77.106181626310203, 38.634099995139401 ], [ -77.106142, 38.634247 ], [ -77.106162575665294, 38.634242619408298 ], [ -77.106876938587007, 38.634090530412998 ], [ -77.110064, 38.633412 ], [ -77.114382052290097, 38.633756183250199 ], [ -77.1302, 38.635017 ], [ -77.132201, 38.641217 ], [ -77.131901, 38.644217 ], [ -77.135901, 38.649817 ], [ -77.134462899338303, 38.659967875817699 ], [ -77.132501, 38.673816 ], [ -77.132312061946905, 38.674031929203501 ], [ -77.122552141592905, 38.6851861238938 ], [ -77.122001, 38.685816 ], [ -77.1059, 38.696815 ], [ -77.1027, 38.698315 ], [ -77.099, 38.698615 ], [ -77.095167615384597, 38.701169923076897 ], [ -77.0918, 38.703415 ], [ -77.086265154329794, 38.706027846905499 ], [ -77.078599, 38.694114 ], [ -77.078463, 38.693774 ], [ -77.075999, 38.687215 ], [ -77.07339, 38.681678 ], [ -77.071703, 38.676143 ], [ -77.064499, 38.657116 ], [ -77.057875, 38.639674 ], [ -77.055731, 38.635481 ], [ -77.050198, 38.620717 ], [ -77.04781, 38.616171 ], [ -77.047329, 38.617081 ], [ -77.045976, 38.618784 ], [ -77.046219, 38.620155 ], [ -77.043097, 38.622498 ], [ -77.039997, 38.625964 ], [ -77.03934, 38.628797 ], [ -77.038273, 38.630006 ], [ -77.036221, 38.630567 ], [ -77.034761, 38.631572 ], [ -77.032487, 38.632107 ], [ -77.031249, 38.633215 ], [ -77.028737, 38.63367 ], [ -77.027138, 38.63484 ], [ -77.026348, 38.638597 ], [ -77.024798, 38.640477 ], [ -77.022372, 38.64206 ], [ -77.02113, 38.645126 ], [ -77.021116, 38.646444 ], [ -77.020089, 38.647596 ], [ -77.018742, 38.648511 ], [ -77.013218, 38.650636 ], [ -77.011028, 38.651975 ], [ -77.005249, 38.65274 ], [ -77.001531, 38.654715 ], [ -76.998596, 38.654664 ], [ -76.991308, 38.657129 ], [ -76.989446, 38.656447 ], [ -76.98472, 38.657572 ], [ -76.976824, 38.658688 ], [ -76.972431, 38.658456 ], [ -76.971061, 38.659471 ], [ -76.970432, 38.66046 ], [ -76.967371, 38.661002 ], [ -76.965748, 38.66127 ], [ -76.95948, 38.659484 ], [ -76.958523, 38.65892 ], [ -76.954501, 38.658458 ], [ -76.949768, 38.658497 ], [ -76.946595, 38.658934 ], [ -76.943633, 38.656901 ], [ -76.939555, 38.654589 ], [ -76.9367, 38.654924 ], [ -76.935532, 38.655244 ], [ -76.930629, 38.65409 ], [ -76.927482, 38.65485 ], [ -76.918818, 38.653523 ], [ -76.916836, 38.652498 ], [ -76.913516, 38.652928 ], [ -76.911093, 38.652908 ], [ -76.904552, 38.651569 ], [ -76.902768, 38.652467 ], [ -76.901273, 38.652344 ], [ -76.898345, 38.654613 ], [ -76.89515, 38.654594 ], [ -76.894461, 38.655226 ], [ -76.890443, 38.654968 ], [ -76.889246, 38.656817 ], [ -76.886026, 38.657619 ], [ -76.882269, 38.656962 ], [ -76.878956, 38.659004 ], [ -76.874495, 38.658284 ], [ -76.874167, 38.65826 ], [ -76.874037, 38.658257 ], [ -76.871568, 38.65888 ], [ -76.868928, 38.657936 ], [ -76.866367, 38.658877 ], [ -76.864412, 38.658091 ], [ -76.863395, 38.658506 ], [ -76.856935, 38.656401 ], [ -76.842026, 38.651025 ], [ -76.835235, 38.648349 ], [ -76.817544, 38.641952 ], [ -76.816857, 38.641595 ], [ -76.797248, 38.634491 ], [ -76.777843, 38.627049 ], [ -76.770682, 38.624688 ], [ -76.769095, 38.623806 ], [ -76.763412, 38.622282 ], [ -76.762116, 38.621083 ], [ -76.758415, 38.619821 ], [ -76.755167, 38.620154 ], [ -76.751461, 38.619005 ], [ -76.748495, 38.618197 ], [ -76.74757, 38.617335 ], [ -76.746662, 38.612223 ], [ -76.745835, 38.605253 ], [ -76.746418, 38.603064 ], [ -76.74583, 38.600721 ], [ -76.746478, 38.59969 ], [ -76.745501, 38.596642 ], [ -76.742682, 38.594217 ], [ -76.742396, 38.589652 ], [ -76.742312, 38.58383 ], [ -76.742595, 38.582 ], [ -76.741132, 38.578809 ], [ -76.742342, 38.576581 ], [ -76.739668, 38.572807 ], [ -76.740861, 38.571574 ], [ -76.741003, 38.570386 ], [ -76.739844, 38.569406 ], [ -76.739353, 38.567605 ], [ -76.739782, 38.566522 ], [ -76.74166, 38.565821 ], [ -76.739892, 38.564773 ], [ -76.74051, 38.563387 ], [ -76.739824, 38.562386 ], [ -76.74016, 38.560505 ], [ -76.740526, 38.558673 ], [ -76.739452, 38.55821 ], [ -76.737003, 38.557074 ], [ -76.735203, 38.557617 ], [ -76.733284, 38.557433 ], [ -76.731474, 38.555385 ], [ -76.728357, 38.554204 ], [ -76.723278, 38.551394 ], [ -76.720354, 38.551204 ], [ -76.718885, 38.550356 ], [ -76.715128, 38.549772 ], [ -76.716415, 38.548808 ], [ -76.716083, 38.547993 ], [ -76.712702, 38.547771 ], [ -76.712464, 38.548896 ], [ -76.710131, 38.547085 ], [ -76.707739, 38.546442 ], [ -76.70694, 38.543429 ], [ -76.705047, 38.542922 ], [ -76.704499, 38.543325 ], [ -76.70614, 38.545416 ], [ -76.705387, 38.54651 ], [ -76.704062, 38.547118 ], [ -76.702291, 38.546409 ], [ -76.701145, 38.544676 ], [ -76.701162, 38.542474 ], [ -76.697064, 38.543165 ], [ -76.692537, 38.541165 ], [ -76.691476, 38.538447 ], [ -76.689818, 38.537628 ], [ -76.686344, 38.537411 ], [ -76.684885, 38.536809 ], [ -76.678298, 38.535372 ], [ -76.675457, 38.535876 ], [ -76.669884, 38.532705 ], [ -76.665064, 38.528667 ], [ -76.662995, 38.526616 ], [ -76.662514, 38.52549 ], [ -76.662551, 38.524248 ], [ -76.663809, 38.521981 ], [ -76.665097, 38.520883 ], [ -76.666568, 38.518533 ], [ -76.667222, 38.515471 ], [ -76.66868, 38.512499 ], [ -76.670602, 38.509664 ], [ -76.674118, 38.499622 ], [ -76.680247, 38.497691 ], [ -76.684598, 38.495009 ], [ -76.693647, 38.49621 ], [ -76.694995, 38.496759 ], [ -76.699317, 38.497125 ], [ -76.702203, 38.501668 ], [ -76.703471, 38.502426 ], [ -76.705308, 38.501683 ], [ -76.706614, 38.504294 ], [ -76.708448, 38.504838 ], [ -76.708702, 38.506466 ], [ -76.710844, 38.509411 ], [ -76.713459, 38.5095 ], [ -76.714327, 38.510358 ], [ -76.71592, 38.509474 ], [ -76.717758, 38.51038 ], [ -76.719146, 38.509825 ], [ -76.720401, 38.510692 ], [ -76.72265, 38.510684 ], [ -76.726627, 38.511769 ], [ -76.730088, 38.51183 ], [ -76.733669, 38.512464 ], [ -76.734922, 38.512189 ], [ -76.740048, 38.512576 ], [ -76.744138, 38.512191 ], [ -76.745861, 38.512627 ], [ -76.748052, 38.512469 ], [ -76.752051, 38.513733 ], [ -76.756546, 38.513532 ], [ -76.758, 38.513088 ], [ -76.764753, 38.513382 ], [ -76.76829, 38.512949 ], [ -76.771045, 38.509889 ], [ -76.774639, 38.508994 ], [ -76.779914, 38.500282 ], [ -76.784414, 38.49247 ], [ -76.78521, 38.491713 ], [ -76.796457, 38.474396 ], [ -76.797738, 38.471883 ], [ -76.811407, 38.449462 ], [ -76.820222, 38.435055 ], [ -76.82242, 38.43208 ], [ -76.821942, 38.431193 ], [ -76.822695, 38.428378 ], [ -76.825197, 38.425801 ], [ -76.827323, 38.425186 ], [ -76.829557, 38.421119 ], [ -76.831959, 38.420247 ], [ -76.834882, 38.417935 ], [ -76.836638, 38.415811 ], [ -76.839827, 38.411054 ], [ -76.84103, 38.41004 ], [ -76.844746, 38.409295 ], [ -76.847095, 38.407206 ], [ -76.848141, 38.406083 ], [ -76.848289, 38.402038 ], [ -76.848861, 38.400095 ], [ -76.850317, 38.398336 ], [ -76.852435, 38.397655 ], [ -76.856505, 38.394673 ], [ -76.860207, 38.39367 ], [ -76.860642, 38.392927 ], [ -76.864321, 38.391627 ], [ -76.866488, 38.392812 ], [ -76.867971, 38.392156 ], [ -76.868688, 38.389904 ], [ -76.87146, 38.389937 ], [ -76.873701, 38.385174 ], [ -76.874354, 38.382576 ], [ -76.873658, 38.379571 ], [ -76.8713, 38.377643 ], [ -76.865491, 38.375124 ], [ -76.858268, 38.371716 ], [ -76.852231, 38.368111 ], [ -76.849933, 38.365815 ], [ -76.847925, 38.36223 ], [ -76.84736, 38.359815 ], [ -76.847870098657594, 38.3554444564043 ], [ -76.856103, 38.358567 ], [ -76.858955, 38.357635 ], [ -76.859906, 38.354467 ], [ -76.85848, 38.352603 ], [ -76.863828, 38.343842 ], [ -76.86668, 38.342351 ], [ -76.869294, 38.338715 ], [ -76.869294, 38.333682 ], [ -76.869889, 38.331817 ], [ -76.866086, 38.327436 ], [ -76.862164, 38.325291 ], [ -76.858718, 38.324825 ], [ -76.856639, 38.322244 ], [ -76.85539, 38.319324 ], [ -76.851587, 38.315968 ], [ -76.853845, 38.314289 ], [ -76.854439, 38.312984 ], [ -76.853726, 38.311492 ], [ -76.853013, 38.307855 ], [ -76.853013, 38.305995558784701 ], [ -76.853013, 38.304778 ], [ -76.846715, 38.300301 ], [ -76.845764, 38.298996 ], [ -76.846252, 38.297718 ], [ -76.84622, 38.291768 ], [ -76.840383, 38.289184 ], [ -76.839007799971895, 38.284674391204199 ], [ -76.838177, 38.28195 ], [ -76.83741, 38.277104 ], [ -76.834803, 38.274012 ], [ -76.833714, 38.273271 ], [ -76.835742, 38.272108 ], [ -76.838312, 38.268088 ], [ -76.839501162165007, 38.266081089590102 ], [ -76.84055, 38.264311 ], [ -76.837789, 38.261609 ], [ -76.839641, 38.257185 ], [ -76.842139, 38.254491 ], [ -76.847074, 38.25616 ], [ -76.853084, 38.261475 ], [ -76.857107969749805, 38.264156928446702 ], [ -76.864292, 38.268945 ], [ -76.864427743007795, 38.268998235160602 ], [ -76.865559220235298, 38.269441973463202 ], [ -76.888781, 38.278549 ], [ -76.894033, 38.281699 ], [ -76.904759, 38.286855 ], [ -76.907406, 38.288467 ], [ -76.918069, 38.291499 ], [ -76.920932, 38.291568 ], [ -76.92299, 38.291155 ], [ -76.923943, 38.289725 ], [ -76.924919, 38.290707 ], [ -76.924864, 38.292371 ], [ -76.926112, 38.29443 ], [ -76.924448, 38.298786 ], [ -76.9239, 38.301707 ], [ -76.923716, 38.306717 ], [ -76.922177, 38.311339 ], [ -76.922564525233696, 38.312297938129902 ], [ -76.923629, 38.314932 ], [ -76.925496, 38.316365 ], [ -76.929554, 38.321088 ], [ -76.930264, 38.323091 ], [ -76.935532, 38.326452 ], [ -76.942132, 38.329601 ], [ -76.946013, 38.331866 ], [ -76.952456, 38.333229 ], [ -76.957029, 38.335589 ], [ -76.961004, 38.338546 ], [ -76.967154, 38.341571 ], [ -76.972474, 38.342783 ], [ -76.976477, 38.342491 ], [ -76.978251, 38.342283 ], [ -76.975499, 38.346051 ], [ -76.975099, 38.348748 ], [ -76.976978, 38.353736 ], [ -76.976601056800902, 38.354662599502902 ], [ -76.976081, 38.355941 ], [ -76.977962, 38.357979 ], [ -76.98015, 38.36049 ], [ -76.981909, 38.361205 ], [ -76.983582, 38.362999 ], [ -76.984486, 38.372549 ], [ -76.984297, 38.374686 ], [ -76.986274, 38.382146 ], [ -76.9868, 38.385884 ], [ -76.988133, 38.388574 ], [ -76.988055, 38.391183 ], [ -76.987571, 38.393038 ], [ -76.98828, 38.394975 ], [ -76.989591718861107, 38.3963291538047 ], [ -76.992113, 38.398932 ], [ -76.992130923146604, 38.398971008522601 ], [ -76.993666, 38.402312 ], [ -76.998585, 38.409294 ], [ -77.001638, 38.421952 ], [ -77.007481, 38.431321 ], [ -77.01246, 38.43671 ], [ -77.016371, 38.445572 ], [ -77.028456591021197, 38.445096883428803 ], [ -77.028458311776404, 38.445096815781298 ], [ -77.040638, 38.444618 ], [ -77.044188, 38.443016 ], [ -77.050634, 38.439785 ], [ -77.051817, 38.438555 ], [ -77.06473, 38.431003 ], [ -77.066015, 38.429209 ], [ -77.069894, 38.426126 ], [ -77.073115, 38.425635 ], [ -77.075489, 38.42471 ], [ -77.07911, 38.421783 ], [ -77.086393, 38.414755 ], [ -77.091073, 38.407546 ], [ -77.099851, 38.407811 ], [ -77.101397, 38.407047 ], [ -77.106571, 38.406237 ], [ -77.110586, 38.40921 ], [ -77.113177989872298, 38.4095021812903 ], [ -77.123325, 38.410646 ], [ -77.125012, 38.408508 ], [ -77.125418, 38.40599 ], [ -77.127737, 38.400833 ], [ -77.132915, 38.396637 ], [ -77.136728, 38.391799 ], [ -77.147306, 38.386195 ], [ -77.151157, 38.385365 ], [ -77.15646, 38.383001 ], [ -77.161121, 38.379522 ], [ -77.166048, 38.376003 ], [ -77.168563, 38.375081 ], [ -77.171573, 38.374559 ], [ -77.175306, 38.372412 ], [ -77.177156, 38.370517 ], [ -77.179466, 38.368537 ], [ -77.18668, 38.365636 ], [ -77.200335, 38.361818 ], [ -77.203535, 38.361581 ], [ -77.207312, 38.359867 ], [ -77.216729, 38.363159 ], [ -77.223976, 38.368614 ], [ -77.233833, 38.374109 ], [ -77.236367, 38.374246 ], [ -77.246945, 38.380217 ], [ -77.250172, 38.382781 ], [ -77.253003, 38.388078 ], [ -77.25365, 38.393536 ], [ -77.255582, 38.396346 ], [ -77.257256, 38.397387 ], [ -77.257567, 38.402261 ], [ -77.261413, 38.408452 ], [ -77.263823, 38.411263 ], [ -77.265125, 38.413501 ], [ -77.265608, 38.415844 ], [ -77.263354, 38.420844 ], [ -77.257994, 38.4278 ], [ -77.256718, 38.430446 ], [ -77.257506, 38.433979 ], [ -77.261157, 38.438697 ], [ -77.263992, 38.440744 ], [ -77.265881, 38.443802 ], [ -77.262929, 38.449357 ], [ -77.262664, 38.452666 ], [ -77.263888472771001, 38.454724454474203 ], [ -77.264674, 38.456045 ], [ -77.269409, 38.460289 ], [ -77.27087, 38.464073 ], [ -77.269537, 38.466454 ], [ -77.267285, 38.467498 ], [ -77.265732, 38.471237 ], [ -77.266161, 38.473867 ], [ -77.269334, 38.475374 ], [ -77.271774, 38.477736 ], [ -77.272354, 38.479767 ], [ -77.27422, 38.48177 ], [ -77.272399, 38.489935 ] ] ] ] } },
{ "type": "Feature", "properties": { "STATEFP": "24", "COUNTYFP": "003", "COUNTYNS": "01710958", "GEOIDFQ": "0500000US24003", "GEOID": "24003", "NAME": "Anne Arundel", "NAMELSAD": "Anne Arundel County", "STUSPS": "MD", "STATE_NAME": "Maryland", "LSAD": "06", "ALAND": 1074343714.0, "AWATER": 448054686.0 }, "geometry": { "type": "MultiPolygon", "coordinates": [ [ [ [ -76.838493, 39.104208 ], [ -76.830471, 39.106619 ], [ -76.828707, 39.107583 ], [ -76.826665, 39.109948 ], [ -76.825721, 39.11555 ], [ -76.824608, 39.117217 ], [ -76.822718, 39.118672 ], [ -76.816148, 39.121428 ], [ -76.812035, 39.122733 ], [ -76.807049, 39.122925 ], [ -76.801179, 39.122192 ], [ -76.797403, 39.122578 ], [ -76.794999, 39.123249 ], [ -76.790498, 39.1255 ], [ -76.786455, 39.129514 ], [ -76.78518, 39.132081 ], [ -76.7842, 39.139602 ], [ -76.782621, 39.143812 ], [ -76.781511, 39.145498 ], [ -76.779615, 39.147735 ], [ -76.776962, 39.150883 ], [ -76.767098, 39.162384 ], [ -76.763738, 39.166229 ], [ -76.760416, 39.168907 ], [ -76.754142, 39.172056 ], [ -76.750137, 39.175015 ], [ -76.747471, 39.178316 ], [ -76.74639, 39.179508 ], [ -76.740631, 39.179221 ], [ -76.738196, 39.179093 ], [ -76.734473, 39.180343 ], [ -76.729501, 39.183789 ], [ -76.727956, 39.18408 ], [ -76.72195, 39.183031 ], [ -76.721436, 39.185708 ], [ -76.720097, 39.18735 ], [ -76.7211, 39.189162 ], [ -76.719923, 39.189937 ], [ -76.719217, 39.19148 ], [ -76.716083, 39.191844 ], [ -76.713452, 39.193245 ], [ -76.713911, 39.194371 ], [ -76.711936, 39.197726 ], [ -76.712164, 39.201933 ], [ -76.707993, 39.203422 ], [ -76.707591, 39.205833 ], [ -76.705049, 39.206916 ], [ -76.703335, 39.210695 ], [ -76.700808, 39.212423 ], [ -76.697564, 39.212032 ], [ -76.696774, 39.213596 ], [ -76.697085, 39.214092 ], [ -76.696997, 39.217058 ], [ -76.69394, 39.218977 ], [ -76.692833, 39.21977 ], [ -76.689184, 39.221199 ], [ -76.687745, 39.221292 ], [ -76.684686, 39.220161 ], [ -76.680953, 39.220002 ], [ -76.677487, 39.221808 ], [ -76.674444, 39.225161 ], [ -76.669915, 39.22843 ], [ -76.666384, 39.229823 ], [ -76.665561, 39.230184 ], [ -76.665417, 39.23027 ], [ -76.664535, 39.230645 ], [ -76.66173, 39.231135 ], [ -76.65866, 39.23101 ], [ -76.650522, 39.229466 ], [ -76.647219, 39.229036 ], [ -76.645548, 39.228572 ], [ -76.643683, 39.22771 ], [ -76.641409, 39.22558 ], [ -76.639943, 39.224362 ], [ -76.637142, 39.223497 ], [ -76.631527, 39.223861 ], [ -76.630117, 39.22459 ], [ -76.626921, 39.228524 ], [ -76.624687, 39.230552 ], [ -76.618612, 39.237398 ], [ -76.611679, 39.234387 ], [ -76.609638, 39.232628 ], [ -76.608874, 39.231797 ], [ -76.608167, 39.231099 ], [ -76.606916, 39.229769 ], [ -76.604725, 39.227916 ], [ -76.600665, 39.223734 ], [ -76.597923, 39.221268 ], [ -76.597437, 39.220806 ], [ -76.588226, 39.212257 ], [ -76.584077, 39.207921 ], [ -76.58328, 39.207404 ], [ -76.580287, 39.206607 ], [ -76.577295, 39.205586 ], [ -76.571114, 39.20382 ], [ -76.567396, 39.202117 ], [ -76.563786, 39.201407 ], [ -76.555173, 39.198872 ], [ -76.550086, 39.197207 ], [ -76.533073598867901, 39.2076476380469 ], [ -76.533085, 39.207608 ], [ -76.535385, 39.203808 ], [ -76.533797, 39.202792 ], [ -76.532131, 39.202226 ], [ -76.530875, 39.200979 ], [ -76.527859, 39.19552 ], [ -76.528238, 39.194333 ], [ -76.533817, 39.193195 ], [ -76.533757774644897, 39.192794112073102 ], [ -76.533406, 39.190413 ], [ -76.529956, 39.186979 ], [ -76.528024, 39.184359 ], [ -76.52612, 39.181003 ], [ -76.525785, 39.177908 ], [ -76.523029389930201, 39.176506525619999 ], [ -76.519149, 39.174533 ], [ -76.518865812142295, 39.174281362963399 ], [ -76.517677, 39.173225 ], [ -76.514781495276495, 39.172829262775998 ], [ -76.514643859754997, 39.1728104517208 ], [ -76.512387, 39.172502 ], [ -76.508384, 39.169408 ], [ -76.503675, 39.165966 ], [ -76.500564, 39.162076 ], [ -76.500683, 39.159404 ], [ -76.500941819178394, 39.159091673769801 ], [ -76.501752, 39.158114 ], [ -76.50306, 39.157469 ], [ -76.501745209912599, 39.156223021356404 ], [ -76.50092, 39.155441 ], [ -76.500047707357496, 39.1553181982814 ], [ -76.498306, 39.155073 ], [ -76.493909, 39.155165 ], [ -76.490463, 39.156086 ], [ -76.488561, 39.157376 ], [ -76.487848, 39.159219 ], [ -76.486184, 39.162445 ], [ -76.484023, 39.164407 ], [ -76.48026, 39.166637 ], [ -76.478299, 39.167067 ], [ -76.476916, 39.166304 ], [ -76.476893, 39.164184 ], [ -76.475983, 39.161109 ], [ -76.471667190491701, 39.154970959810498 ], [ -76.471483, 39.154709 ], [ -76.468668590622201, 39.153023454573002 ], [ -76.452782, 39.143509 ], [ -76.440129, 39.13745 ], [ -76.437302102053593, 39.1357926276293 ], [ -76.431043, 39.132123 ], [ -76.432481, 39.126709 ], [ -76.433278, 39.121774 ], [ -76.431981, 39.119555 ], [ -76.432981, 39.113209 ], [ -76.433144, 39.111234 ], [ -76.431932, 39.107159 ], [ -76.429331, 39.101941 ], [ -76.422158, 39.083849 ], [ -76.421936, 39.076991 ], [ -76.423081, 39.07421 ], [ -76.424465, 39.071135 ], [ -76.42994, 39.062853 ], [ -76.43287, 39.059536 ], [ -76.435606445587695, 39.056487876060402 ], [ -76.438928, 39.052788 ], [ -76.435632, 39.050089 ], [ -76.431223, 39.046958 ], [ -76.429713657913297, 39.046421375849697 ], [ -76.429046, 39.046184 ], [ -76.424228, 39.043989 ], [ -76.41373, 39.038872 ], [ -76.405081, 39.033211 ], [ -76.39778, 39.022611 ], [ -76.394498, 39.012684 ], [ -76.395226, 39.011499 ], [ -76.400382, 39.009874 ], [ -76.402765, 39.007738 ], [ -76.403594171667507, 39.007481404649603 ], [ -76.406116, 39.006701 ], [ -76.409699, 39.00356 ], [ -76.413967, 39.001442 ], [ -76.414013, 38.99945 ], [ -76.413248, 38.996967 ], [ -76.415133, 38.995556 ], [ -76.419244, 38.994672 ], [ -76.421911, 38.994601 ], [ -76.422502, 38.993195 ], [ -76.421773, 38.991588 ], [ -76.421004, 38.989186 ], [ -76.422665, 38.986572 ], [ -76.424734, 38.986511 ], [ -76.426867, 38.987048 ], [ -76.42724, 38.989648 ], [ -76.425576, 38.992142 ], [ -76.42415, 38.994174 ], [ -76.423437, 38.997037 ], [ -76.423912, 38.999531 ], [ -76.425814, 39.000455 ], [ -76.428428, 39.000916 ], [ -76.43128, 39.00147 ], [ -76.432137451811897, 38.999471984000898 ], [ -76.432231, 38.999254 ], [ -76.434489, 38.996668 ], [ -76.436034, 38.996114 ], [ -76.437698, 38.996021 ], [ -76.439718, 38.996206 ], [ -76.446611, 38.994913 ], [ -76.449297562863805, 38.993708438793703 ], [ -76.4497, 38.993528 ], [ -76.449723417322303, 38.993446088636901 ], [ -76.450413, 38.991034 ], [ -76.4497, 38.989463 ], [ -76.44875, 38.986969 ], [ -76.448981, 38.982811 ], [ -76.450481, 38.977612 ], [ -76.454581, 38.974512 ], [ -76.455286, 38.979394 ], [ -76.455718, 38.980766 ], [ -76.454454, 38.982351 ], [ -76.456712, 38.983921 ], [ -76.458495, 38.98466 ], [ -76.460871, 38.98309 ], [ -76.463129, 38.981057 ], [ -76.46919, 38.982628 ], [ -76.474602127001901, 38.981772031824697 ], [ -76.476202, 38.981519 ], [ -76.480242, 38.977731 ], [ -76.479751738130702, 38.977104832705798 ], [ -76.478579, 38.975607 ], [ -76.476321, 38.974867 ], [ -76.474198, 38.972647 ], [ -76.474863112672395, 38.967459315632901 ], [ -76.474882, 38.967312 ], [ -76.473243296283798, 38.9623972540587 ], [ -76.472852403814002, 38.961224902302398 ], [ -76.472786009428404, 38.961025774459003 ], [ -76.471281, 38.956512 ], [ -76.463239313644706, 38.948764521682101 ], [ -76.463081, 38.948612 ], [ -76.462085522696, 38.948574434818703 ], [ -76.457781, 38.948412 ], [ -76.453933, 38.944071 ], [ -76.452278385294505, 38.942731183329101 ], [ -76.45028, 38.941113 ], [ -76.4548778441102, 38.937590224887998 ], [ -76.459659, 38.933927 ], [ -76.462374, 38.930712 ], [ -76.462505500811005, 38.930369759353397 ], [ -76.463212482382303, 38.928529787202798 ], [ -76.463460655274005, 38.927883898784003 ], [ -76.463617, 38.927477 ], [ -76.463543875105003, 38.927044249790001 ], [ -76.463166, 38.924808 ], [ -76.462932669114807, 38.924663755790299 ], [ -76.46188, 38.924013 ], [ -76.458783, 38.915214 ], [ -76.460256, 38.907145 ], [ -76.46938, 38.907613 ], [ -76.46948, 38.911513 ], [ -76.475761, 38.914469 ], [ -76.478222, 38.916454 ], [ -76.477865, 38.917563 ], [ -76.478341, 38.91895 ], [ -76.480836, 38.920245 ], [ -76.483451, 38.923573 ], [ -76.485828, 38.92459 ], [ -76.487229995130306, 38.925645682543802 ], [ -76.489512, 38.927364 ], [ -76.497236, 38.925515 ], [ -76.500445, 38.923943 ], [ -76.506219520189404, 38.921235132780303 ], [ -76.50912, 38.919875 ], [ -76.508883, 38.915807 ], [ -76.507338, 38.91294 ], [ -76.501001702110003, 38.909319496367402 ], [ -76.499732, 38.908594 ], [ -76.494503, 38.909334 ], [ -76.495216, 38.905265 ], [ -76.493184, 38.903786 ], [ -76.49388, 38.899614 ], [ -76.49278, 38.895614 ], [ -76.49088, 38.894514 ], [ -76.48938, 38.887414 ], [ -76.49068, 38.884814 ], [ -76.492105485271395, 38.883687799077101 ], [ -76.49701, 38.879813 ], [ -76.511026, 38.869479 ], [ -76.514929613580506, 38.866536447177403 ], [ -76.519442, 38.863135 ], [ -76.522074, 38.862434 ], [ -76.528252, 38.86294 ], [ -76.530986, 38.86288 ], [ -76.534433, 38.862804 ], [ -76.538474, 38.861416 ], [ -76.537523, 38.858547 ], [ -76.536454, 38.851791 ], [ -76.537642, 38.848552 ], [ -76.531337026820097, 38.850127915797898 ], [ -76.528331170117795, 38.850879223841297 ], [ -76.528016, 38.850958 ], [ -76.525401, 38.851514 ], [ -76.523143, 38.851421 ], [ -76.521955, 38.850496 ], [ -76.519935, 38.850125 ], [ -76.516944, 38.851157 ], [ -76.515663486590697, 38.851800457988197 ], [ -76.514944, 38.852162 ], [ -76.509477, 38.849107 ], [ -76.508506399615399, 38.848573650283697 ], [ -76.507457, 38.847997 ], [ -76.506506, 38.846053 ], [ -76.503297, 38.845498 ], [ -76.501871, 38.848645 ], [ -76.500089, 38.849848 ], [ -76.49977, 38.852212 ], [ -76.498161, 38.852859 ], [ -76.496579, 38.853115 ], [ -76.494444, 38.850724 ], [ -76.493464, 38.848247 ], [ -76.493077, 38.844295 ], [ -76.491045, 38.842943 ], [ -76.489878, 38.838715 ], [ -76.490887320243701, 38.836039733569699 ], [ -76.491389, 38.83471 ], [ -76.491984054621497, 38.834204792734702 ], [ -76.494217, 38.832309 ], [ -76.494312061789699, 38.832170873925698 ], [ -76.49576, 38.830067 ], [ -76.495744410112394, 38.829101691011203 ], [ -76.495723, 38.827776 ], [ -76.496065, 38.825931 ], [ -76.496123383884495, 38.825642229063803 ], [ -76.496862011100106, 38.821988925168398 ], [ -76.496918, 38.821712 ], [ -76.497639774731098, 38.820166812871499 ], [ -76.498878, 38.817516 ], [ -76.498764376155194, 38.817185833924299 ], [ -76.497944, 38.814802 ], [ -76.499448122097803, 38.814271423706202 ], [ -76.500382, 38.813942 ], [ -76.501458, 38.811592 ], [ -76.504407, 38.811159 ], [ -76.505306545774005, 38.810613844930202 ], [ -76.506661, 38.809793 ], [ -76.505806, 38.808046 ], [ -76.506271, 38.805547 ], [ -76.506972556630103, 38.805524110713499 ], [ -76.50811, 38.805487 ], [ -76.508280201456103, 38.805117624787101 ], [ -76.508622933244496, 38.804373820179201 ], [ -76.509724323499299, 38.801983557080497 ], [ -76.510078, 38.801216 ], [ -76.510990768891105, 38.800828412360403 ], [ -76.514481494592204, 38.7993461509163 ], [ -76.515812753581201, 38.798780860475098 ], [ -76.523919630532205, 38.795338449880099 ], [ -76.524679, 38.795016 ], [ -76.526349903083698, 38.7931063964758 ], [ -76.527479, 38.791816 ], [ -76.526979, 38.787016 ], [ -76.528135883195205, 38.785790254709902 ], [ -76.530471189089894, 38.783315942511898 ], [ -76.532486617277598, 38.781180548360602 ], [ -76.535379, 38.778116 ], [ -76.537318571874096, 38.776450868300799 ], [ -76.537549377366901, 38.7762527206851 ], [ -76.539230851570807, 38.774809167065897 ], [ -76.539365, 38.774694 ], [ -76.543902, 38.774416 ], [ -76.549578, 38.772852 ], [ -76.554874, 38.770302 ], [ -76.557253021965593, 38.768905452375101 ], [ -76.559884, 38.767361 ], [ -76.560011, 38.762626 ], [ -76.55917, 38.758677 ], [ -76.5571, 38.756853 ], [ -76.554227, 38.753955 ], [ -76.55393, 38.752767 ], [ -76.554321, 38.750441 ], [ -76.555856, 38.748365 ], [ -76.556828, 38.7476 ], [ -76.557535, 38.744687 ], [ -76.552743, 38.73535 ], [ -76.549426, 38.731393 ], [ -76.544475, 38.727705 ], [ -76.541342, 38.728503 ], [ -76.537135, 38.726937 ], [ -76.53552, 38.728153 ], [ -76.529868, 38.728435 ], [ -76.52718, 38.727062 ], [ -76.526198, 38.724287 ], [ -76.527502, 38.715688 ], [ -76.528311571829903, 38.7127443256283 ], [ -76.52959, 38.714019 ], [ -76.535584, 38.72148 ], [ -76.583286, 38.721285 ], [ -76.589591, 38.721223 ], [ -76.603513, 38.721205 ], [ -76.604569, 38.721122 ], [ -76.605744, 38.721055 ], [ -76.60677, 38.720773 ], [ -76.615902, 38.720804 ], [ -76.622937, 38.726662 ], [ -76.62291, 38.735041 ], [ -76.623072, 38.743932 ], [ -76.62101, 38.746264 ], [ -76.623041, 38.749088 ], [ -76.623079, 38.767278 ], [ -76.624133, 38.766557 ], [ -76.626426, 38.767088 ], [ -76.630972, 38.767238 ], [ -76.634494, 38.766663 ], [ -76.635384, 38.767696 ], [ -76.638534, 38.767846 ], [ -76.639936, 38.768796 ], [ -76.643072, 38.769275 ], [ -76.646727, 38.768947 ], [ -76.651288, 38.767378 ], [ -76.653043, 38.765115 ], [ -76.654924, 38.764407 ], [ -76.657603, 38.76479 ], [ -76.660407, 38.764083 ], [ -76.663483, 38.761828 ], [ -76.666092, 38.762232 ], [ -76.667517, 38.761404 ], [ -76.666635, 38.760057 ], [ -76.669801, 38.758357 ], [ -76.669606, 38.756697 ], [ -76.671459, 38.756737 ], [ -76.67327, 38.755404 ], [ -76.678976, 38.755514 ], [ -76.681219, 38.757626 ], [ -76.682665, 38.755934 ], [ -76.685215, 38.756087 ], [ -76.685548, 38.753038 ], [ -76.684257, 38.751614 ], [ -76.686358, 38.748475 ], [ -76.686478, 38.748568 ], [ -76.694377, 38.748883 ], [ -76.696374, 38.749426 ], [ -76.697273, 38.750115 ], [ -76.699271, 38.75341 ], [ -76.700078, 38.766189 ], [ -76.700947, 38.768747 ], [ -76.708192, 38.773157 ], [ -76.712548, 38.77491 ], [ -76.714017, 38.776896 ], [ -76.714317, 38.778226 ], [ -76.71439, 38.780761 ], [ -76.713214, 38.783383 ], [ -76.712251, 38.784356 ], [ -76.706145, 38.785665 ], [ -76.703708, 38.786839 ], [ -76.702085, 38.788478 ], [ -76.70254, 38.790397 ], [ -76.706588, 38.792707 ], [ -76.710116, 38.796003 ], [ -76.710676, 38.79843 ], [ -76.708403, 38.803114 ], [ -76.708065, 38.804867 ], [ -76.708907, 38.806474 ], [ -76.711457, 38.809022 ], [ -76.712165, 38.810935 ], [ -76.712236, 38.811209 ], [ -76.712307, 38.812923 ], [ -76.711647, 38.814777 ], [ -76.709424, 38.816264 ], [ -76.703839, 38.815133 ], [ -76.701775, 38.815538 ], [ -76.697826, 38.817948 ], [ -76.696965, 38.818784 ], [ -76.696371, 38.822724 ], [ -76.697522, 38.825694 ], [ -76.697807, 38.828779 ], [ -76.69936, 38.832779 ], [ -76.698986, 38.834333 ], [ -76.699717, 38.836778 ], [ -76.699569, 38.838274 ], [ -76.698273, 38.84303 ], [ -76.697503, 38.844786 ], [ -76.696549, 38.847164 ], [ -76.693647, 38.849716 ], [ -76.691169, 38.854401 ], [ -76.691033, 38.855508 ], [ -76.692124, 38.857131 ], [ -76.691869, 38.859212 ], [ -76.688101, 38.864557 ], [ -76.683162, 38.866721 ], [ -76.680654, 38.870571 ], [ -76.680656, 38.872279 ], [ -76.67826, 38.873509 ], [ -76.676575, 38.875964 ], [ -76.676145, 38.880011 ], [ -76.67541, 38.881734 ], [ -76.675898, 38.88367 ], [ -76.675237, 38.885665 ], [ -76.672145, 38.886627 ], [ -76.671786, 38.887568 ], [ -76.673218, 38.888497 ], [ -76.676301, 38.89191 ], [ -76.676276, 38.895163 ], [ -76.676259, 38.895949 ], [ -76.673024, 38.898797 ], [ -76.671505, 38.899419 ], [ -76.671236, 38.90172 ], [ -76.669515, 38.904426 ], [ -76.670606, 38.907376 ], [ -76.672871, 38.907363 ], [ -76.674933, 38.909026 ], [ -76.676816, 38.909312 ], [ -76.678518, 38.910539 ], [ -76.678056, 38.914194 ], [ -76.679371, 38.916513 ], [ -76.680898, 38.91691 ], [ -76.682806, 38.918951 ], [ -76.684002, 38.919096 ], [ -76.685117, 38.917997 ], [ -76.686508, 38.918163 ], [ -76.687183, 38.919464 ], [ -76.690592, 38.923456 ], [ -76.690533, 38.924763 ], [ -76.685628, 38.925561 ], [ -76.683125, 38.926296 ], [ -76.681376, 38.92935 ], [ -76.681425, 38.931265 ], [ -76.68528, 38.932817 ], [ -76.688895, 38.933545 ], [ -76.691156, 38.934858 ], [ -76.692179, 38.936325 ], [ -76.691022, 38.940841 ], [ -76.691505, 38.941987 ], [ -76.69348, 38.944225 ], [ -76.695284, 38.947777 ], [ -76.695433, 38.948217 ], [ -76.695274, 38.948554 ], [ -76.694199, 38.949725 ], [ -76.693455, 38.951442 ], [ -76.693395, 38.952944 ], [ -76.693841, 38.954507 ], [ -76.693928, 38.955589 ], [ -76.693912, 38.955845 ], [ -76.694168, 38.956782 ], [ -76.695551, 38.959578 ], [ -76.696091, 38.959817 ], [ -76.698979, 38.962676 ], [ -76.699214, 38.96737 ], [ -76.699423, 38.969058 ], [ -76.702286, 38.970131 ], [ -76.703745, 38.971525 ], [ -76.704027, 38.972801 ], [ -76.701627, 38.973846 ], [ -76.701032, 38.976262 ], [ -76.702445, 38.97696 ], [ -76.702176, 38.979835 ], [ -76.698867, 38.981211 ], [ -76.698073, 38.982367 ], [ -76.698459, 38.983783 ], [ -76.700938, 38.985191 ], [ -76.702394, 38.986971 ], [ -76.703743, 38.987601 ], [ -76.704577, 38.988041 ], [ -76.705594, 38.988841 ], [ -76.705774, 38.988981 ], [ -76.706119, 38.99039 ], [ -76.708695, 38.99199 ], [ -76.7089, 38.993413 ], [ -76.712073, 38.995324 ], [ -76.712799, 38.99481 ], [ -76.716346, 38.997425 ], [ -76.721271, 38.999711 ], [ -76.725535, 38.998941 ], [ -76.725962, 39.000108 ], [ -76.723996, 39.004173 ], [ -76.724261, 39.004574 ], [ -76.728974, 39.007079 ], [ -76.733279, 39.006824 ], [ -76.734881, 39.008582 ], [ -76.735694, 39.009873 ], [ -76.736439, 39.010856 ], [ -76.738111, 39.012542 ], [ -76.740379, 39.012868 ], [ -76.740853, 39.014601 ], [ -76.744517, 39.01712 ], [ -76.742784, 39.02047 ], [ -76.74313, 39.023699 ], [ -76.74589, 39.028192 ], [ -76.749921, 39.030003 ], [ -76.750005, 39.031362 ], [ -76.747649, 39.033418 ], [ -76.751258, 39.034714 ], [ -76.754021, 39.037113 ], [ -76.757, 39.037761 ], [ -76.761312, 39.035379 ], [ -76.764454, 39.037618 ], [ -76.764182, 39.039079 ], [ -76.765391, 39.040435 ], [ -76.767112, 39.039075 ], [ -76.769153, 39.038961 ], [ -76.77029, 39.040869 ], [ -76.773187, 39.040707 ], [ -76.775036, 39.042344 ], [ -76.773787, 39.043696 ], [ -76.774616, 39.044756 ], [ -76.776618, 39.04454 ], [ -76.776528, 39.04531 ], [ -76.783721, 39.046252 ], [ -76.785084, 39.044916 ], [ -76.787593, 39.044631 ], [ -76.790741, 39.045722 ], [ -76.792621, 39.04618 ], [ -76.793854, 39.052072 ], [ -76.795709, 39.054574 ], [ -76.800749, 39.05539 ], [ -76.801692, 39.056399 ], [ -76.802031, 39.059354 ], [ -76.803941, 39.062446 ], [ -76.808066, 39.061229 ], [ -76.810537, 39.060922 ], [ -76.813168, 39.062281 ], [ -76.814993, 39.061767 ], [ -76.816205, 39.062623 ], [ -76.817263, 39.061774 ], [ -76.819591, 39.062466 ], [ -76.821203, 39.063539 ], [ -76.822326, 39.063338 ], [ -76.826494, 39.065695 ], [ -76.827501, 39.06572 ], [ -76.828971, 39.064441 ], [ -76.829161, 39.065717 ], [ -76.831424, 39.069034 ], [ -76.831532, 39.069162 ], [ -76.833304, 39.069378 ], [ -76.835616, 39.067919 ], [ -76.83739, 39.07015 ], [ -76.837724, 39.071802 ], [ -76.838083, 39.073586 ], [ -76.836723, 39.0736 ], [ -76.832719, 39.075943 ], [ -76.834908, 39.082871 ], [ -76.834421, 39.083463 ], [ -76.832375, 39.085766 ], [ -76.827117, 39.089831 ], [ -76.827476, 39.092973 ], [ -76.828523, 39.095003 ], [ -76.832516, 39.09532 ], [ -76.835605, 39.096643 ], [ -76.837564, 39.09685 ], [ -76.837799, 39.100948 ], [ -76.840362, 39.103142 ], [ -76.838493, 39.104208 ] ] ] ] } },
{ "type": "Feature", "properties": { "STATEFP": "24", "COUNTYFP": "027", "COUNTYNS": "01709077", "GEOIDFQ": "0500000US24027", "GEOID": "24027", "NAME": "Howard", "NAMELSAD": "Howard County", "STUSPS": "MD", "STATE_NAME": "Maryland", "LSAD": "06", "ALAND": 649957176.0, "AWATER": 6336170.0 }, "geometry": { "type": "MultiPolygon", "coordinates": [ [ [ [ -77.187113, 39.340595 ], [ -77.18381, 39.345459 ], [ -77.180225, 39.346551 ], [ -77.168801, 39.353502 ], [ -77.16808, 39.353957 ], [ -77.166752, 39.35324 ], [ -77.162466, 39.352417 ], [ -77.160892, 39.351353 ], [ -77.155871, 39.349516 ], [ -77.151466, 39.348702 ], [ -77.145114, 39.351204 ], [ -77.140154, 39.355628 ], [ -77.139591, 39.356492 ], [ -77.135688, 39.360183 ], [ -77.133004, 39.361189 ], [ -77.127165, 39.363543 ], [ -77.125313, 39.364619 ], [ -77.122372, 39.364778 ], [ -77.119678, 39.365762 ], [ -77.11791, 39.365609 ], [ -77.116715, 39.366428 ], [ -77.113298, 39.365842 ], [ -77.111707, 39.366639 ], [ -77.107102, 39.366757 ], [ -77.102668, 39.369021 ], [ -77.10136, 39.369323 ], [ -77.100058, 39.368912 ], [ -77.093387, 39.368145 ], [ -77.092439, 39.367196 ], [ -77.086009, 39.367944 ], [ -77.082104, 39.366671 ], [ -77.080448, 39.365683 ], [ -77.077675, 39.366151 ], [ -77.075836, 39.364844 ], [ -77.074343, 39.362648 ], [ -77.070636, 39.362973 ], [ -77.068896, 39.362435 ], [ -77.064961, 39.361935 ], [ -77.064015, 39.361439 ], [ -77.062674, 39.360092 ], [ -77.061277, 39.359179 ], [ -77.060229, 39.359772 ], [ -77.051421, 39.359074 ], [ -77.05054, 39.359995 ], [ -77.051035, 39.361168 ], [ -77.049111, 39.362269 ], [ -77.045697, 39.360025 ], [ -77.042545, 39.358897 ], [ -77.033523, 39.355261 ], [ -77.033665, 39.353687 ], [ -77.030529, 39.351291 ], [ -77.028796, 39.35246 ], [ -77.025374, 39.350593 ], [ -77.022586, 39.350755 ], [ -77.020939, 39.353517 ], [ -77.018818, 39.352539 ], [ -77.015735, 39.352562 ], [ -77.009138, 39.354826 ], [ -77.003056, 39.35462 ], [ -76.997626, 39.354992 ], [ -76.997551, 39.355951 ], [ -76.992153, 39.359806 ], [ -76.989404, 39.361338 ], [ -76.985347, 39.361493 ], [ -76.983001, 39.36286 ], [ -76.98232, 39.362602 ], [ -76.981613, 39.361667 ], [ -76.976946, 39.361877 ], [ -76.974425, 39.361392 ], [ -76.974116, 39.36191 ], [ -76.972392, 39.363309 ], [ -76.969005, 39.363822 ], [ -76.968452, 39.363493 ], [ -76.967057, 39.362297 ], [ -76.964371, 39.361144 ], [ -76.962353, 39.358089 ], [ -76.959206, 39.356683 ], [ -76.957806, 39.357576 ], [ -76.95037, 39.357975 ], [ -76.951183, 39.358887 ], [ -76.949029, 39.360371 ], [ -76.946429, 39.361039 ], [ -76.944847, 39.358917 ], [ -76.941374, 39.357472 ], [ -76.939759, 39.357778 ], [ -76.938577, 39.358861 ], [ -76.933814, 39.357743 ], [ -76.929313, 39.353951 ], [ -76.927623, 39.353419 ], [ -76.925722, 39.353764 ], [ -76.923282, 39.352068 ], [ -76.916762, 39.350643 ], [ -76.915145, 39.35131 ], [ -76.91397, 39.350893 ], [ -76.912915, 39.350968 ], [ -76.910154, 39.348656 ], [ -76.908001, 39.349382 ], [ -76.908811, 39.350376 ], [ -76.90888, 39.352653 ], [ -76.905803, 39.354145 ], [ -76.902777, 39.354377 ], [ -76.901323, 39.354184 ], [ -76.899595, 39.35233 ], [ -76.897901, 39.35163 ], [ -76.890516, 39.35317 ], [ -76.889029, 39.353805 ], [ -76.888406, 39.351743 ], [ -76.886526, 39.350563 ], [ -76.885753, 39.352629 ], [ -76.884016, 39.352112 ], [ -76.882274, 39.350185 ], [ -76.881906, 39.34855 ], [ -76.879224, 39.345281 ], [ -76.878105, 39.342267 ], [ -76.876322, 39.341219 ], [ -76.875134, 39.339747 ], [ -76.875148, 39.337718 ], [ -76.877361, 39.337151 ], [ -76.878363, 39.336288 ], [ -76.875981, 39.334168 ], [ -76.875041, 39.332154 ], [ -76.870122, 39.331597 ], [ -76.866607, 39.331708 ], [ -76.862444, 39.329813 ], [ -76.860093, 39.327325 ], [ -76.858989, 39.326703 ], [ -76.856331, 39.324016 ], [ -76.855439, 39.323224 ], [ -76.855252, 39.320449 ], [ -76.853915, 39.317662 ], [ -76.852191, 39.316648 ], [ -76.849362, 39.315894 ], [ -76.846922, 39.318115 ], [ -76.844013, 39.318177 ], [ -76.841215, 39.315746 ], [ -76.839737, 39.315274 ], [ -76.835563, 39.315837 ], [ -76.835522, 39.311972 ], [ -76.832691, 39.311882 ], [ -76.831417, 39.3132 ], [ -76.829333, 39.317204 ], [ -76.827172, 39.318685 ], [ -76.825206, 39.319349 ], [ -76.823326, 39.319011 ], [ -76.821507, 39.317139 ], [ -76.819847, 39.314365 ], [ -76.818844, 39.313534 ], [ -76.816451, 39.313176 ], [ -76.816197, 39.315399 ], [ -76.814686, 39.317884 ], [ -76.812342, 39.317903 ], [ -76.811756, 39.316193 ], [ -76.81013, 39.315237 ], [ -76.804518, 39.316733 ], [ -76.799109, 39.315007 ], [ -76.797719, 39.315208 ], [ -76.794718, 39.314277 ], [ -76.792479, 39.311483 ], [ -76.792871, 39.31035 ], [ -76.794031, 39.306798 ], [ -76.795724, 39.306508 ], [ -76.796511, 39.305045 ], [ -76.794128, 39.303276 ], [ -76.791331, 39.303777 ], [ -76.789022, 39.302609 ], [ -76.787532, 39.300207 ], [ -76.783395, 39.298977 ], [ -76.780763, 39.297445 ], [ -76.779145, 39.297139 ], [ -76.778595, 39.294989 ], [ -76.784565, 39.292635 ], [ -76.785398, 39.291087 ], [ -76.785166, 39.282855 ], [ -76.787995, 39.278305 ], [ -76.788813, 39.277352 ], [ -76.789694, 39.273404 ], [ -76.7906, 39.272231 ], [ -76.794389, 39.270321 ], [ -76.794371, 39.26781 ], [ -76.794495, 39.266615 ], [ -76.79379, 39.265863 ], [ -76.78897, 39.263893 ], [ -76.786789, 39.261985 ], [ -76.784708, 39.26103 ], [ -76.781964, 39.258334 ], [ -76.778534, 39.25672 ], [ -76.775295, 39.256633 ], [ -76.771741, 39.255172 ], [ -76.76893, 39.25265 ], [ -76.76383, 39.251312 ], [ -76.763664, 39.250706 ], [ -76.764575, 39.249078 ], [ -76.764734, 39.247598 ], [ -76.763246, 39.246342 ], [ -76.761101, 39.247164 ], [ -76.757176, 39.247496 ], [ -76.7553, 39.246851 ], [ -76.751811, 39.244485 ], [ -76.749896, 39.241571 ], [ -76.748091, 39.240609 ], [ -76.746135, 39.238262 ], [ -76.743197, 39.236389 ], [ -76.741897, 39.234563 ], [ -76.74007, 39.232399 ], [ -76.733453, 39.230872 ], [ -76.7299, 39.228995 ], [ -76.729382, 39.229154 ], [ -76.728391, 39.229395 ], [ -76.724567, 39.228611 ], [ -76.722851, 39.227187 ], [ -76.722194, 39.226416 ], [ -76.717258, 39.225479 ], [ -76.713095, 39.221722 ], [ -76.706671, 39.221245 ], [ -76.706089, 39.218296 ], [ -76.706076, 39.218112 ], [ -76.705231, 39.215673 ], [ -76.700425, 39.213015 ], [ -76.699127, 39.212987 ], [ -76.697085, 39.214092 ], [ -76.696774, 39.213596 ], [ -76.697564, 39.212032 ], [ -76.700808, 39.212423 ], [ -76.703335, 39.210695 ], [ -76.705049, 39.206916 ], [ -76.707591, 39.205833 ], [ -76.707993, 39.203422 ], [ -76.712164, 39.201933 ], [ -76.711936, 39.197726 ], [ -76.713911, 39.194371 ], [ -76.713452, 39.193245 ], [ -76.716083, 39.191844 ], [ -76.719217, 39.19148 ], [ -76.719923, 39.189937 ], [ -76.7211, 39.189162 ], [ -76.720097, 39.18735 ], [ -76.721436, 39.185708 ], [ -76.72195, 39.183031 ], [ -76.727956, 39.18408 ], [ -76.729501, 39.183789 ], [ -76.734473, 39.180343 ], [ -76.738196, 39.179093 ], [ -76.740631, 39.179221 ], [ -76.74639, 39.179508 ], [ -76.747471, 39.178316 ], [ -76.750137, 39.175015 ], [ -76.754142, 39.172056 ], [ -76.760416, 39.168907 ], [ -76.763738, 39.166229 ], [ -76.767098, 39.162384 ], [ -76.776962, 39.150883 ], [ -76.779615, 39.147735 ], [ -76.781511, 39.145498 ], [ -76.782621, 39.143812 ], [ -76.7842, 39.139602 ], [ -76.78518, 39.132081 ], [ -76.786455, 39.129514 ], [ -76.790498, 39.1255 ], [ -76.794999, 39.123249 ], [ -76.797403, 39.122578 ], [ -76.801179, 39.122192 ], [ -76.807049, 39.122925 ], [ -76.812035, 39.122733 ], [ -76.816148, 39.121428 ], [ -76.822718, 39.118672 ], [ -76.824608, 39.117217 ], [ -76.825721, 39.11555 ], [ -76.826665, 39.109948 ], [ -76.828707, 39.107583 ], [ -76.830471, 39.106619 ], [ -76.838493, 39.104208 ], [ -76.840362, 39.103142 ], [ -76.840893, 39.104543 ], [ -76.84159, 39.105861 ], [ -76.843444, 39.106987 ], [ -76.846242, 39.107967 ], [ -76.849084, 39.109097 ], [ -76.851914, 39.109232 ], [ -76.853543, 39.10992 ], [ -76.856716, 39.110733 ], [ -76.862221, 39.110348 ], [ -76.863971, 39.110949 ], [ -76.869003, 39.112214 ], [ -76.870373, 39.112921 ], [ -76.870905, 39.114121 ], [ -76.872808, 39.114588 ], [ -76.873563, 39.115381 ], [ -76.875349, 39.11683 ], [ -76.877896, 39.120507 ], [ -76.882948, 39.125555 ], [ -76.884358, 39.126964 ], [ -76.885656, 39.131292 ], [ -76.888505, 39.130967 ], [ -76.889425, 39.131033 ], [ -76.893664, 39.128376 ], [ -76.897241, 39.126994 ], [ -76.902833, 39.125562 ], [ -76.907301, 39.12549 ], [ -76.910018, 39.126458 ], [ -76.915648, 39.127002 ], [ -76.916309, 39.128847 ], [ -76.917643, 39.130135 ], [ -76.918472, 39.131716 ], [ -76.918981, 39.132131 ], [ -76.926438, 39.135306 ], [ -76.927756, 39.138073 ], [ -76.929102, 39.138392 ], [ -76.931285, 39.137444 ], [ -76.933415, 39.136604 ], [ -76.935687, 39.134266 ], [ -76.938278, 39.132779 ], [ -76.941934, 39.132658 ], [ -76.943692, 39.132105 ], [ -76.945223, 39.130217 ], [ -76.946749, 39.129407 ], [ -76.948579, 39.129597 ], [ -76.958517, 39.134023 ], [ -76.958072, 39.135451 ], [ -76.955465, 39.138092 ], [ -76.953067, 39.13897 ], [ -76.952587, 39.141809 ], [ -76.952613, 39.142985 ], [ -76.95001, 39.144355 ], [ -76.951694, 39.146207 ], [ -76.955539, 39.144865 ], [ -76.962973, 39.14584 ], [ -76.964067, 39.148195 ], [ -76.966908, 39.148762 ], [ -76.970392, 39.148724 ], [ -76.972901, 39.149473 ], [ -76.975606, 39.149747 ], [ -76.976698, 39.151992 ], [ -76.976699, 39.154158 ], [ -76.973893, 39.158652 ], [ -76.973003, 39.1614 ], [ -76.973666, 39.162209 ], [ -76.975571, 39.163201 ], [ -76.977902, 39.162888 ], [ -76.978712, 39.163664 ], [ -76.982055, 39.164287 ], [ -76.983353, 39.165313 ], [ -76.987138, 39.166291 ], [ -76.99441, 39.166807 ], [ -76.997319, 39.166471 ], [ -77.000975, 39.169537 ], [ -77.001399, 39.170879 ], [ -76.997427, 39.174104 ], [ -76.998348, 39.175094 ], [ -77.003002, 39.174175 ], [ -77.004424, 39.174305 ], [ -77.005278, 39.175653 ], [ -77.005357, 39.176288 ], [ -77.002853, 39.176145 ], [ -76.999578, 39.177091 ], [ -76.998876, 39.1778 ], [ -76.999911, 39.178629 ], [ -77.004501, 39.179118 ], [ -77.007262, 39.180315 ], [ -77.008418, 39.18157 ], [ -77.007716, 39.182648 ], [ -77.007546, 39.184899 ], [ -77.006392, 39.185619 ], [ -77.004329, 39.189257 ], [ -77.004168, 39.192335 ], [ -77.00491, 39.193263 ], [ -77.012165, 39.195181 ], [ -77.00942, 39.206732 ], [ -77.011448, 39.207539 ], [ -77.01757, 39.209751 ], [ -77.019293, 39.21292 ], [ -77.022292, 39.213991 ], [ -77.032325, 39.220317 ], [ -77.032074, 39.224405 ], [ -77.034516, 39.226144 ], [ -77.03588, 39.229674 ], [ -77.038488, 39.231446 ], [ -77.041001, 39.234191 ], [ -77.044812, 39.237666 ], [ -77.05025, 39.237579 ], [ -77.053757, 39.23882 ], [ -77.05591, 39.238326 ], [ -77.057734, 39.240237 ], [ -77.059767, 39.240174 ], [ -77.061525, 39.241271 ], [ -77.060746, 39.243146 ], [ -77.062188, 39.247325 ], [ -77.064379, 39.248809 ], [ -77.065572, 39.250956 ], [ -77.067305, 39.251573 ], [ -77.070112, 39.254104 ], [ -77.074327, 39.256014 ], [ -77.077782, 39.256514 ], [ -77.078809, 39.2583 ], [ -77.082104, 39.260033 ], [ -77.086161, 39.260573 ], [ -77.089177, 39.262269 ], [ -77.093198, 39.262467 ], [ -77.097489, 39.264806 ], [ -77.101812, 39.265293 ], [ -77.103621, 39.265999 ], [ -77.105239, 39.264503 ], [ -77.110809, 39.264138 ], [ -77.115, 39.265166 ], [ -77.115393, 39.266298 ], [ -77.116994, 39.267535 ], [ -77.121391, 39.267187 ], [ -77.123496, 39.268092 ], [ -77.126183, 39.268632 ], [ -77.130587, 39.268412 ], [ -77.131435, 39.270067 ], [ -77.133238, 39.270356 ], [ -77.134285, 39.27138 ], [ -77.134594, 39.273074 ], [ -77.133998, 39.276175 ], [ -77.134466, 39.276834 ], [ -77.136463, 39.278288 ], [ -77.13647, 39.279239 ], [ -77.138354, 39.280972 ], [ -77.140014, 39.283443 ], [ -77.139759, 39.285624 ], [ -77.137886, 39.288152 ], [ -77.140195, 39.289284 ], [ -77.140059, 39.292095 ], [ -77.143594, 39.293032 ], [ -77.144669, 39.294707 ], [ -77.145568, 39.296075 ], [ -77.147129, 39.297198 ], [ -77.149125, 39.299288 ], [ -77.151468, 39.299989 ], [ -77.153413, 39.302032 ], [ -77.157412, 39.304158 ], [ -77.159774, 39.304896 ], [ -77.160939, 39.30672 ], [ -77.162428, 39.307934 ], [ -77.16459, 39.307444 ], [ -77.164939, 39.308993 ], [ -77.166777, 39.312136 ], [ -77.170347, 39.313109 ], [ -77.171929, 39.315328 ], [ -77.172856, 39.319475 ], [ -77.174765, 39.322247 ], [ -77.178553, 39.325463 ], [ -77.180196, 39.32824 ], [ -77.181489, 39.329294 ], [ -77.182623, 39.332214 ], [ -77.186804, 39.338203 ], [ -77.187113, 39.340595 ] ] ] ] } },
{ "type": "Feature", "properties": { "STATEFP": "24", "COUNTYFP": "047", "COUNTYNS": "01668802", "GEOIDFQ": "0500000US24047", "GEOID": "24047", "NAME": "Worcester", "NAMELSAD": "Worcester County", "STUSPS": "MD", "STATE_NAME": "Maryland", "LSAD": "06", "ALAND": 1213156432.0, "AWATER": 586531107.0 }, "geometry": { "type": "MultiPolygon", "coordinates": [ [ [ [ -75.660614, 38.046328 ], [ -75.659843, 38.047816 ], [ -75.657484, 38.050341 ], [ -75.656317, 38.052157 ], [ -75.654258, 38.052882 ], [ -75.651611, 38.05247 ], [ -75.649604, 38.0521 ], [ -75.64865, 38.050982 ], [ -75.648941, 38.04838 ], [ -75.647888, 38.04679 ], [ -75.645941, 38.045927 ], [ -75.638854, 38.044707 ], [ -75.638008, 38.044791 ], [ -75.63671, 38.045866 ], [ -75.635955, 38.048209 ], [ -75.637023, 38.049876 ], [ -75.637122, 38.051203 ], [ -75.635635, 38.052164 ], [ -75.631958, 38.053328 ], [ -75.62854, 38.053904 ], [ -75.62606, 38.053755 ], [ -75.622665, 38.054972 ], [ -75.620666, 38.056357 ], [ -75.619323, 38.058165 ], [ -75.616469, 38.063944 ], [ -75.616203, 38.065062 ], [ -75.618461, 38.068503 ], [ -75.618904, 38.070231 ], [ -75.618507, 38.071959 ], [ -75.617522, 38.073016 ], [ -75.615234, 38.074046 ], [ -75.609085, 38.075629 ], [ -75.605696, 38.075064 ], [ -75.604423, 38.074297 ], [ -75.601783, 38.070578 ], [ -75.599586, 38.069384 ], [ -75.594177, 38.068369 ], [ -75.589171, 38.067969 ], [ -75.581588, 38.068266 ], [ -75.578712, 38.069033 ], [ -75.574592, 38.071639 ], [ -75.57154, 38.075102 ], [ -75.571136, 38.076552 ], [ -75.570999, 38.07704 ], [ -75.572488, 38.081163 ], [ -75.572522, 38.083108 ], [ -75.571667, 38.0853 ], [ -75.569518, 38.087106 ], [ -75.564849, 38.088305 ], [ -75.562193, 38.088404 ], [ -75.56011, 38.08729 ], [ -75.558455, 38.085722 ], [ -75.557111, 38.085229 ], [ -75.556007, 38.084822 ], [ -75.553328, 38.084818 ], [ -75.545806, 38.086749 ], [ -75.54087, 38.08948 ], [ -75.542296, 38.089995 ], [ -75.542326, 38.091143 ], [ -75.544119, 38.091868 ], [ -75.543037, 38.093993 ], [ -75.543373, 38.094862 ], [ -75.540397, 38.096663 ], [ -75.541702, 38.09722 ], [ -75.544342, 38.096941 ], [ -75.546058, 38.097987 ], [ -75.545211, 38.099215 ], [ -75.545463, 38.10076 ], [ -75.542502, 38.099804 ], [ -75.540555, 38.102082 ], [ -75.544303, 38.102736 ], [ -75.543617, 38.104041 ], [ -75.543571, 38.106764 ], [ -75.540877, 38.106081 ], [ -75.539633, 38.107348 ], [ -75.540106, 38.108309 ], [ -75.542236, 38.109271 ], [ -75.544074, 38.108199 ], [ -75.54708, 38.107829 ], [ -75.548262, 38.109183 ], [ -75.546447, 38.10998 ], [ -75.546073, 38.11096 ], [ -75.546782, 38.112109 ], [ -75.549774, 38.112334 ], [ -75.55004, 38.113261 ], [ -75.548735, 38.113879 ], [ -75.548728, 38.115092 ], [ -75.551848, 38.115508 ], [ -75.551856, 38.118788 ], [ -75.552543, 38.120875 ], [ -75.554496, 38.123354 ], [ -75.557777, 38.124834 ], [ -75.559158, 38.126925 ], [ -75.56243, 38.12897 ], [ -75.565315, 38.130221 ], [ -75.565558, 38.131022 ], [ -75.568473, 38.132651 ], [ -75.57067, 38.131529 ], [ -75.5717, 38.131598 ], [ -75.574988, 38.137076 ], [ -75.575492, 38.140074 ], [ -75.576689, 38.140437 ], [ -75.576315, 38.143561 ], [ -75.57682, 38.144297 ], [ -75.575279, 38.146685 ], [ -75.573837, 38.14752 ], [ -75.572875, 38.148959 ], [ -75.572409, 38.150916 ], [ -75.570121, 38.152445 ], [ -75.569602, 38.153609 ], [ -75.566673, 38.154444 ], [ -75.564407, 38.156187 ], [ -75.56208, 38.15647 ], [ -75.561843, 38.158209 ], [ -75.56024, 38.158186 ], [ -75.558051, 38.159251 ], [ -75.555404, 38.161436 ], [ -75.551712, 38.162741 ], [ -75.549377, 38.16318 ], [ -75.550354, 38.164069 ], [ -75.548705, 38.167792 ], [ -75.546989, 38.169608 ], [ -75.546859, 38.171874 ], [ -75.548048, 38.17351 ], [ -75.547859, 38.175646 ], [ -75.546782, 38.176066 ], [ -75.545898, 38.17874 ], [ -75.547027, 38.181403 ], [ -75.549331, 38.182745 ], [ -75.549849, 38.183943 ], [ -75.549399, 38.185507 ], [ -75.551009, 38.187476 ], [ -75.552658, 38.187666 ], [ -75.55603, 38.189684 ], [ -75.557716, 38.191515 ], [ -75.557928, 38.191603 ], [ -75.560195, 38.197684 ], [ -75.561157, 38.199423 ], [ -75.563453, 38.202216 ], [ -75.567802, 38.20595 ], [ -75.57363, 38.208605 ], [ -75.575836, 38.211283 ], [ -75.575706, 38.214522 ], [ -75.576843, 38.218832 ], [ -75.576652, 38.220061 ], [ -75.583205, 38.22198 ], [ -75.586817, 38.223608 ], [ -75.589407, 38.226916 ], [ -75.590842, 38.228106 ], [ -75.591926, 38.232249 ], [ -75.592711, 38.233378 ], [ -75.597557, 38.238348 ], [ -75.599723, 38.242167 ], [ -75.603355, 38.245722 ], [ -75.605826, 38.249125 ], [ -75.605903, 38.249827 ], [ -75.604637, 38.254008 ], [ -75.604689, 38.259642 ], [ -75.607627, 38.262606 ], [ -75.610342, 38.266417 ], [ -75.610725, 38.26763 ], [ -75.610213, 38.27307 ], [ -75.611892, 38.276434 ], [ -75.612991, 38.277426 ], [ -75.612764, 38.278626 ], [ -75.570945, 38.280737 ], [ -75.568383, 38.280743 ], [ -75.527288, 38.282643 ], [ -75.51559, 38.283232 ], [ -75.512452, 38.283244 ], [ -75.499642, 38.283838 ], [ -75.495412, 38.283815 ], [ -75.45652, 38.286199 ], [ -75.450292, 38.286439 ], [ -75.449078, 38.28648 ], [ -75.372587, 38.28971 ], [ -75.364641, 38.290359 ], [ -75.364252, 38.291965 ], [ -75.360875, 38.298345 ], [ -75.360081, 38.300856 ], [ -75.356276, 38.313164 ], [ -75.355454, 38.314521 ], [ -75.353419, 38.315917 ], [ -75.346084, 38.319375 ], [ -75.344369, 38.319162 ], [ -75.340959, 38.320206 ], [ -75.339363, 38.321987 ], [ -75.339429, 38.324649 ], [ -75.333681, 38.32962 ], [ -75.333222, 38.330528 ], [ -75.330675, 38.331916 ], [ -75.329085, 38.33073 ], [ -75.326822, 38.330389 ], [ -75.323205, 38.331897 ], [ -75.318812, 38.338418 ], [ -75.317735, 38.341812 ], [ -75.316347, 38.343629 ], [ -75.317387, 38.345747 ], [ -75.314667, 38.346227 ], [ -75.313473, 38.347876 ], [ -75.309884, 38.349281 ], [ -75.309984, 38.350614 ], [ -75.307011, 38.35476 ], [ -75.307421, 38.357005 ], [ -75.310261, 38.356987 ], [ -75.312233, 38.359034 ], [ -75.313958, 38.35981 ], [ -75.313865, 38.361737 ], [ -75.316115, 38.365163 ], [ -75.316292, 38.369282 ], [ -75.319224, 38.37123 ], [ -75.321639, 38.370866 ], [ -75.323079, 38.373135 ], [ -75.325607, 38.374703 ], [ -75.32663, 38.376131 ], [ -75.326672, 38.378248 ], [ -75.329157, 38.380414 ], [ -75.329748, 38.3821 ], [ -75.326616, 38.384915 ], [ -75.325227, 38.385934 ], [ -75.323112, 38.390879 ], [ -75.321028, 38.393858 ], [ -75.319117, 38.394492 ], [ -75.319182, 38.398002 ], [ -75.317808, 38.402324 ], [ -75.317104, 38.404243 ], [ -75.318634, 38.407676 ], [ -75.319915, 38.412613 ], [ -75.32343, 38.418492 ], [ -75.325827, 38.420515 ], [ -75.326895, 38.42177 ], [ -75.330402, 38.424232 ], [ -75.331957, 38.427093 ], [ -75.331972, 38.429268 ], [ -75.334086, 38.435071 ], [ -75.33667, 38.436381 ], [ -75.336351, 38.440127 ], [ -75.335792, 38.442286 ], [ -75.338428, 38.446755 ], [ -75.340799, 38.448907 ], [ -75.34125, 38.45197 ], [ -75.331475317607001, 38.451912246005101 ], [ -75.26035, 38.451492 ], [ -75.252861434401495, 38.451398724304198 ], [ -75.252723, 38.451397 ], [ -75.2362935667214, 38.451350281696101 ], [ -75.232705675607207, 38.451340079263403 ], [ -75.220252285201994, 38.451304667130302 ], [ -75.218509903681095, 38.451299712540099 ], [ -75.205149702638394, 38.451261721824103 ], [ -75.205132864435598, 38.451261673943399 ], [ -75.185554, 38.451206 ], [ -75.184716999814896, 38.451205808291299 ], [ -75.141964689033898, 38.451196016190799 ], [ -75.141894, 38.451196 ], [ -75.085864575988197, 38.4513149405417 ], [ -75.082068, 38.451323 ], [ -75.078484988059898, 38.4513118300817 ], [ -75.0702308531733, 38.4512860980958 ], [ -75.065392909543704, 38.451271015970399 ], [ -75.065368168607094, 38.451270938841397 ], [ -75.062699941950498, 38.4512626207352 ], [ -75.05801, 38.451248 ], [ -75.0535840104491, 38.451255318911102 ], [ -75.052404222416001, 38.451257269833903 ], [ -75.048939, 38.451263 ], [ -75.053303942742104, 38.423126418449698 ], [ -75.054026215102198, 38.418470624236001 ], [ -75.054591, 38.41483 ], [ -75.055267521377601, 38.412298758191099 ], [ -75.056201155443404, 38.408805515169199 ], [ -75.058047781610796, 38.401896262165899 ], [ -75.060853849452798, 38.391397205558199 ], [ -75.06137, 38.389466 ], [ -75.065863, 38.377154 ], [ -75.066239881445199, 38.375606896560498 ], [ -75.067339, 38.371095 ], [ -75.070242955002598, 38.362153622488499 ], [ -75.070886049293705, 38.360173513007801 ], [ -75.072476, 38.355278 ], [ -75.081428, 38.335967 ], [ -75.085518, 38.32427 ], [ -75.085593749923305, 38.324211632117603 ], [ -75.085803607540797, 38.324049929713098 ], [ -75.087466, 38.322769 ], [ -75.093888, 38.323432 ], [ -75.102947, 38.311525 ], [ -75.121551, 38.269606 ], [ -75.130256, 38.246902 ], [ -75.143229, 38.220475 ], [ -75.148017, 38.210192 ], [ -75.15897, 38.184242 ], [ -75.174073, 38.141345 ], [ -75.179155, 38.126364 ], [ -75.193796, 38.096013 ], [ -75.216117, 38.061786 ], [ -75.242469, 38.027028 ], [ -75.250372, 38.026651 ], [ -75.252727887710193, 38.026448783358497 ], [ -75.27436, 38.024592 ], [ -75.283353812699104, 38.023774653192802 ], [ -75.323157215216497, 38.020157368171297 ], [ -75.325362, 38.019957 ], [ -75.374641, 38.015471335967703 ], [ -75.375126644629702, 38.015427129740999 ], [ -75.3778542603566, 38.015178846136202 ], [ -75.396979, 38.013438 ], [ -75.397904932212299, 38.013328277947203 ], [ -75.398498, 38.013258 ], [ -75.406082, 38.012701 ], [ -75.425455885575801, 38.011105755117001 ], [ -75.428732, 38.010836 ], [ -75.428982271689804, 38.0108161321617 ], [ -75.436668, 38.010206 ], [ -75.449349596580404, 38.009116925498503 ], [ -75.459831422235396, 38.008216763679101 ], [ -75.486215331463001, 38.005950957271502 ], [ -75.539942, 38.001337 ], [ -75.541739, 38.001364 ], [ -75.541949988342594, 38.0013460853122 ], [ -75.582689, 37.997887 ], [ -75.609756, 37.995502 ], [ -75.614064, 37.995255 ], [ -75.621344, 37.994524 ], [ -75.6243428147, 37.994206251195997 ], [ -75.621169, 37.998484 ], [ -75.619543, 38.005469 ], [ -75.619728, 38.007124 ], [ -75.621589, 38.008437 ], [ -75.623579, 38.009032 ], [ -75.626472, 38.007574 ], [ -75.628943, 38.007414 ], [ -75.630813, 38.009669 ], [ -75.631866, 38.012736 ], [ -75.630919, 38.015963 ], [ -75.631553, 38.017645 ], [ -75.63504, 38.021277 ], [ -75.636969, 38.022574 ], [ -75.639288, 38.022978 ], [ -75.64102, 38.022284 ], [ -75.64276, 38.020457 ], [ -75.644264, 38.020148 ], [ -75.645851, 38.020636 ], [ -75.646759, 38.021769 ], [ -75.648223, 38.025359 ], [ -75.649154, 38.026362 ], [ -75.651962, 38.027186 ], [ -75.655822, 38.029757 ], [ -75.657378, 38.031355 ], [ -75.659216, 38.034434 ], [ -75.661827, 38.041853 ], [ -75.660614, 38.046328 ] ] ] ] } },
{ "type": "Feature", "properties": { "STATEFP": "24", "COUNTYFP": "510", "COUNTYNS": "01702381", "GEOIDFQ": "0500000US24510", "GEOID": "24510", "NAME": "Baltimore", "NAMELSAD": "Baltimore city", "STUSPS": "MD", "STATE_NAME": "Maryland", "LSAD": "25", "ALAND": 209649328.0, "AWATER": 28758743.0 }, "geometry": { "type": "MultiPolygon", "coordinates": [ [ [ [ -76.711519, 39.365763 ], [ -76.711313, 39.371933 ], [ -76.705204, 39.372007 ], [ -76.702892, 39.372092 ], [ -76.700106, 39.372005 ], [ -76.692444, 39.372033 ], [ -76.683656, 39.372028 ], [ -76.682343, 39.372201 ], [ -76.678773, 39.37215 ], [ -76.678191, 39.371994 ], [ -76.666192, 39.372005 ], [ -76.659997, 39.372096 ], [ -76.657792, 39.371993 ], [ -76.652738, 39.372105 ], [ -76.649803, 39.372104 ], [ -76.649041, 39.372181 ], [ -76.646926, 39.372006 ], [ -76.633944, 39.372009 ], [ -76.631691, 39.371705 ], [ -76.626193, 39.372017 ], [ -76.619643, 39.371951 ], [ -76.618344, 39.372034 ], [ -76.613875, 39.371762 ], [ -76.609805, 39.3722 ], [ -76.605891, 39.372037 ], [ -76.597879, 39.371808 ], [ -76.597045, 39.371868 ], [ -76.594904, 39.371931 ], [ -76.588305, 39.371941 ], [ -76.587701, 39.371782 ], [ -76.585599, 39.372024 ], [ -76.583457, 39.37211 ], [ -76.582208, 39.372106 ], [ -76.581956, 39.372105 ], [ -76.579029, 39.372091 ], [ -76.569997, 39.372121 ], [ -76.567243, 39.372104 ], [ -76.561788, 39.372205 ], [ -76.553749, 39.37207 ], [ -76.549357, 39.372067 ], [ -76.545145, 39.372104 ], [ -76.544243, 39.372181 ], [ -76.5405, 39.37211 ], [ -76.529793, 39.372058 ], [ -76.529787, 39.371606 ], [ -76.52979, 39.363815 ], [ -76.529785, 39.356552 ], [ -76.529773, 39.355575 ], [ -76.529774, 39.353707 ], [ -76.529453, 39.350723 ], [ -76.529594, 39.349741 ], [ -76.529706, 39.348811 ], [ -76.529783, 39.342151 ], [ -76.529693, 39.336142 ], [ -76.52968, 39.335246 ], [ -76.529685, 39.33115 ], [ -76.529685, 39.33028 ], [ -76.529686, 39.323264 ], [ -76.529971, 39.319565 ], [ -76.529786, 39.310391 ], [ -76.529786, 39.29911 ], [ -76.529517, 39.297056 ], [ -76.529681, 39.288152 ], [ -76.529592, 39.284852 ], [ -76.529934, 39.283082 ], [ -76.529788, 39.281527 ], [ -76.529781, 39.273101 ], [ -76.529623, 39.272307 ], [ -76.529685, 39.270207 ], [ -76.529788, 39.269722 ], [ -76.529784, 39.264989 ], [ -76.529758, 39.257584 ], [ -76.529785, 39.255781 ], [ -76.529487, 39.247045 ], [ -76.529583866775695, 39.240298142960903 ], [ -76.533245, 39.23925 ], [ -76.538949, 39.245509 ], [ -76.540256, 39.250387 ], [ -76.552735, 39.257472 ], [ -76.563311, 39.25692 ], [ -76.566282, 39.259589 ], [ -76.569016, 39.259221 ], [ -76.571511, 39.260693 ], [ -76.571868, 39.262165 ], [ -76.572224, 39.264741 ], [ -76.575030938913201, 39.2646422283878 ], [ -76.577453, 39.264557 ], [ -76.579474, 39.261521 ], [ -76.583039, 39.261245 ], [ -76.586485, 39.261337 ], [ -76.5848877881227, 39.255371176428497 ], [ -76.584465, 39.253792 ], [ -76.580187, 39.251951 ], [ -76.578523, 39.251215 ], [ -76.578523, 39.248822 ], [ -76.571749, 39.245601 ], [ -76.565569, 39.241183 ], [ -76.56343, 39.23787 ], [ -76.562242, 39.235292 ], [ -76.560103, 39.235476 ], [ -76.558439, 39.233727 ], [ -76.558914, 39.232255 ], [ -76.559992, 39.231166 ], [ -76.562479, 39.230414 ], [ -76.562836, 39.229677 ], [ -76.562004, 39.22756 ], [ -76.5645, 39.224614 ], [ -76.559461104150003, 39.220406018130703 ], [ -76.555349, 39.216972 ], [ -76.550239, 39.217341 ], [ -76.549051, 39.21375 ], [ -76.541801, 39.212277 ], [ -76.534285, 39.213208 ], [ -76.532845, 39.21111 ], [ -76.532399, 39.209993 ], [ -76.533073598867901, 39.2076476380469 ], [ -76.550086, 39.197207 ], [ -76.555173, 39.198872 ], [ -76.563786, 39.201407 ], [ -76.567396, 39.202117 ], [ -76.571114, 39.20382 ], [ -76.577295, 39.205586 ], [ -76.580287, 39.206607 ], [ -76.58328, 39.207404 ], [ -76.584077, 39.207921 ], [ -76.588226, 39.212257 ], [ -76.597437, 39.220806 ], [ -76.597923, 39.221268 ], [ -76.600665, 39.223734 ], [ -76.604725, 39.227916 ], [ -76.606916, 39.229769 ], [ -76.608167, 39.231099 ], [ -76.608874, 39.231797 ], [ -76.609638, 39.232628 ], [ -76.611679, 39.234387 ], [ -76.618612, 39.237398 ], [ -76.619039, 39.237727 ], [ -76.629853, 39.242338 ], [ -76.632589, 39.243406 ], [ -76.640328, 39.24703 ], [ -76.644212, 39.248924 ], [ -76.647256, 39.25006 ], [ -76.655569, 39.253701 ], [ -76.65986, 39.255509 ], [ -76.66261, 39.256796 ], [ -76.664322, 39.257442 ], [ -76.673432, 39.261281 ], [ -76.680025, 39.264413 ], [ -76.683541, 39.265862 ], [ -76.684649, 39.266458 ], [ -76.686048, 39.266885 ], [ -76.688634, 39.268178 ], [ -76.697379, 39.272196 ], [ -76.698892, 39.272705 ], [ -76.711054, 39.277889 ], [ -76.711132, 39.278262 ], [ -76.711232, 39.278797 ], [ -76.711186, 39.287394 ], [ -76.711015, 39.289603 ], [ -76.71118, 39.291566 ], [ -76.711195, 39.291749 ], [ -76.711393, 39.296805 ], [ -76.711255, 39.297362 ], [ -76.711193, 39.29823 ], [ -76.711255, 39.299212 ], [ -76.71121, 39.299778 ], [ -76.711191, 39.302955 ], [ -76.711185, 39.303409 ], [ -76.711208, 39.304828 ], [ -76.711228, 39.311709 ], [ -76.711119, 39.312475 ], [ -76.711028, 39.318916 ], [ -76.711493, 39.320805 ], [ -76.711393, 39.322005 ], [ -76.711393, 39.326955 ], [ -76.711391, 39.327216 ], [ -76.711462, 39.334573 ], [ -76.711025, 39.336333 ], [ -76.711011, 39.336391 ], [ -76.711388, 39.349496 ], [ -76.711186, 39.354383 ], [ -76.711228, 39.356161 ], [ -76.71135, 39.356771 ], [ -76.711191, 39.362798 ], [ -76.711403, 39.364615 ], [ -76.711519, 39.365763 ] ] ] ] } },
{ "type": "Feature", "properties": { "STATEFP": "24", "COUNTYFP": "013", "COUNTYNS": "01696228", "GEOIDFQ": "0500000US24013", "GEOID": "24013", "NAME": "Carroll", "NAMELSAD": "Carroll County", "STUSPS": "MD", "STATE_NAME": "Maryland", "LSAD": "06", "ALAND": 1159316253.0, "AWATER": 13112686.0 }, "geometry": { "type": "MultiPolygon", "coordinates": [ [ [ [ -77.311161, 39.639733 ], [ -77.307174, 39.641114 ], [ -77.3026, 39.640213 ], [ -77.299981, 39.639289 ], [ -77.298433, 39.638136 ], [ -77.298328, 39.636186 ], [ -77.297537, 39.634943 ], [ -77.295482, 39.633605 ], [ -77.294812, 39.632094 ], [ -77.293588, 39.631185 ], [ -77.291457, 39.63058 ], [ -77.283843, 39.630916 ], [ -77.279969, 39.630783 ], [ -77.2772, 39.631289 ], [ -77.275846, 39.63266 ], [ -77.279217, 39.636281 ], [ -77.277263, 39.638888 ], [ -77.276077, 39.639628 ], [ -77.272028, 39.640938 ], [ -77.271267, 39.642 ], [ -77.272366, 39.643544 ], [ -77.275472, 39.646335 ], [ -77.275617, 39.647125 ], [ -77.272471, 39.651545 ], [ -77.269878, 39.653545 ], [ -77.266145, 39.655072 ], [ -77.265357, 39.656153 ], [ -77.265216, 39.658152 ], [ -77.266601, 39.66141 ], [ -77.266419, 39.662021 ], [ -77.26469, 39.663764 ], [ -77.262151, 39.665168 ], [ -77.255839, 39.663211 ], [ -77.255245, 39.663708 ], [ -77.254905, 39.667285 ], [ -77.254234, 39.667817 ], [ -77.249283, 39.667477 ], [ -77.245068, 39.669579 ], [ -77.243186, 39.669926 ], [ -77.240716, 39.6721 ], [ -77.236786, 39.674565 ], [ -77.234468, 39.677603 ], [ -77.234378, 39.679013 ], [ -77.236372, 39.68118 ], [ -77.235961, 39.68521 ], [ -77.236805, 39.686252 ], [ -77.238662, 39.686934 ], [ -77.24238, 39.690383 ], [ -77.243998, 39.690865 ], [ -77.244437, 39.692281 ], [ -77.24299, 39.695013 ], [ -77.239662, 39.695673 ], [ -77.237019, 39.694722 ], [ -77.229364, 39.694325 ], [ -77.225968, 39.693839 ], [ -77.217783, 39.696342 ], [ -77.216261, 39.697413 ], [ -77.215194, 39.699223 ], [ -77.216159, 39.701354 ], [ -77.218643, 39.702965 ], [ -77.224319, 39.704526 ], [ -77.226637, 39.706637 ], [ -77.226557, 39.708471 ], [ -77.225743, 39.709846 ], [ -77.223704, 39.710729 ], [ -77.218535, 39.711396 ], [ -77.215442, 39.713006 ], [ -77.215441, 39.714671 ], [ -77.214594, 39.716862 ], [ -77.215709, 39.719238 ], [ -77.217024, 39.719998 ], [ -77.216806, 39.719998 ], [ -77.209755038864202, 39.7200025547114 ], [ -77.200036717000202, 39.720008832458497 ], [ -77.1666405411748, 39.720030405395697 ], [ -77.122508062216795, 39.720058913665802 ], [ -77.107532091461394, 39.720068587697902 ], [ -77.066956098057403, 39.720094798583901 ], [ -77.058904, 39.7201 ], [ -77.058204, 39.7202 ], [ -77.047104, 39.72 ], [ -77.043520871440293, 39.719987248879697 ], [ -77.005370959907196, 39.719851486485702 ], [ -76.999318982368393, 39.719829949582298 ], [ -76.990903, 39.7198 ], [ -76.974751518682694, 39.720067991688502 ], [ -76.957886981473294, 39.720347814678902 ], [ -76.936601, 39.720701 ], [ -76.915967459298301, 39.720542422769 ], [ -76.897566, 39.720401 ], [ -76.8901, 39.720401 ], [ -76.881116678560005, 39.720434422490598 ], [ -76.852358287527593, 39.720541418222503 ], [ -76.837725349207105, 39.720595860139802 ], [ -76.809197, 39.720702 ], [ -76.808182181705803, 39.720665756489502 ], [ -76.806397, 39.720602 ], [ -76.800511855613806, 39.720662985952202 ], [ -76.787097, 39.720802 ], [ -76.789948, 39.713819 ], [ -76.79216, 39.707183 ], [ -76.794997, 39.700302 ], [ -76.797297, 39.693502 ], [ -76.798597, 39.690802 ], [ -76.803397, 39.678002 ], [ -76.804304, 39.675882 ], [ -76.806834, 39.669389 ], [ -76.824158, 39.622031 ], [ -76.831244, 39.60218 ], [ -76.833665, 39.594755 ], [ -76.834181, 39.593089 ], [ -76.836655, 39.587446 ], [ -76.840603, 39.575598 ], [ -76.8567, 39.531602 ], [ -76.856998, 39.530565 ], [ -76.857531, 39.529001 ], [ -76.862695, 39.513315 ], [ -76.863362, 39.510806 ], [ -76.8667, 39.500902 ], [ -76.868387, 39.494074 ], [ -76.868686, 39.489462 ], [ -76.868553, 39.48904 ], [ -76.866532, 39.487617 ], [ -76.866966, 39.484912 ], [ -76.869309, 39.482459 ], [ -76.874798, 39.481995 ], [ -76.876612, 39.482977 ], [ -76.877338, 39.480857 ], [ -76.875443, 39.47895 ], [ -76.876901, 39.476665 ], [ -76.88074, 39.476515 ], [ -76.88176, 39.477227 ], [ -76.883294, 39.474751 ], [ -76.883, 39.472102 ], [ -76.884034, 39.470026 ], [ -76.888572, 39.468523 ], [ -76.887805, 39.467067 ], [ -76.8845, 39.466902 ], [ -76.88691, 39.463242 ], [ -76.892, 39.461802 ], [ -76.8879, 39.459002 ], [ -76.8857, 39.456402 ], [ -76.8931, 39.457402 ], [ -76.893, 39.455302 ], [ -76.887599, 39.452502 ], [ -76.886499, 39.451402 ], [ -76.883899, 39.450602 ], [ -76.879399, 39.452902 ], [ -76.877099, 39.452802 ], [ -76.876399, 39.450802 ], [ -76.877949, 39.448958 ], [ -76.8818, 39.445902 ], [ -76.8823, 39.444202 ], [ -76.8871, 39.445202 ], [ -76.8885, 39.446102 ], [ -76.8918, 39.445402 ], [ -76.8918, 39.444402 ], [ -76.8885, 39.443002 ], [ -76.8873, 39.440502 ], [ -76.891, 39.439302 ], [ -76.8943, 39.439802 ], [ -76.892451, 39.438083 ], [ -76.891141, 39.435041 ], [ -76.891899, 39.433751 ], [ -76.894494, 39.434537 ], [ -76.895059, 39.433057 ], [ -76.89468, 39.431816 ], [ -76.893228, 39.431015 ], [ -76.894969, 39.430748 ], [ -76.89556, 39.429487 ], [ -76.895091, 39.428386 ], [ -76.891488, 39.429292 ], [ -76.889605, 39.430156 ], [ -76.890655, 39.428616 ], [ -76.889222, 39.427956 ], [ -76.889788, 39.426483 ], [ -76.888369, 39.425398 ], [ -76.886281, 39.425943 ], [ -76.886827, 39.424298 ], [ -76.886492, 39.421745 ], [ -76.879529, 39.420203 ], [ -76.875329, 39.420503 ], [ -76.874529, 39.419103 ], [ -76.875929, 39.417603 ], [ -76.878629, 39.418503 ], [ -76.881429, 39.417403 ], [ -76.882228, 39.412603 ], [ -76.882528, 39.408803 ], [ -76.884428, 39.407503 ], [ -76.884428, 39.404603 ], [ -76.878928, 39.403903 ], [ -76.879352, 39.402327 ], [ -76.885517, 39.397621 ], [ -76.884117, 39.396568 ], [ -76.879965, 39.394874 ], [ -76.879521, 39.391733 ], [ -76.877528, 39.392557 ], [ -76.877514, 39.390888 ], [ -76.87447, 39.388834 ], [ -76.873439, 39.388865 ], [ -76.874427, 39.388543 ], [ -76.878804, 39.39049 ], [ -76.879694, 39.389938 ], [ -76.878604, 39.389114 ], [ -76.879081, 39.387983 ], [ -76.880503, 39.388296 ], [ -76.882031, 39.387606 ], [ -76.884303, 39.388386 ], [ -76.885144, 39.388133 ], [ -76.884462, 39.386189 ], [ -76.883219, 39.385814 ], [ -76.886856, 39.384164 ], [ -76.888352, 39.384129 ], [ -76.890298, 39.382428 ], [ -76.891332, 39.382229 ], [ -76.891112, 39.379852 ], [ -76.889512, 39.380224 ], [ -76.890431, 39.37915 ], [ -76.8899, 39.37722 ], [ -76.890993, 39.376731 ], [ -76.890252, 39.374517 ], [ -76.889485, 39.37328 ], [ -76.888949, 39.370569 ], [ -76.886545, 39.36925 ], [ -76.886121, 39.366801 ], [ -76.88489, 39.364994 ], [ -76.882022, 39.364336 ], [ -76.879413, 39.366098 ], [ -76.878014, 39.364073 ], [ -76.881008, 39.363505 ], [ -76.881769, 39.362757 ], [ -76.880701, 39.360469 ], [ -76.875923, 39.358721 ], [ -76.873378, 39.35715 ], [ -76.873923, 39.356088 ], [ -76.879738, 39.356846 ], [ -76.8804, 39.355826 ], [ -76.879688, 39.353361 ], [ -76.880193, 39.349718 ], [ -76.882274, 39.350185 ], [ -76.884016, 39.352112 ], [ -76.885753, 39.352629 ], [ -76.886526, 39.350563 ], [ -76.888406, 39.351743 ], [ -76.889029, 39.353805 ], [ -76.890516, 39.35317 ], [ -76.897901, 39.35163 ], [ -76.899595, 39.35233 ], [ -76.901323, 39.354184 ], [ -76.902777, 39.354377 ], [ -76.905803, 39.354145 ], [ -76.90888, 39.352653 ], [ -76.908811, 39.350376 ], [ -76.908001, 39.349382 ], [ -76.910154, 39.348656 ], [ -76.912915, 39.350968 ], [ -76.91397, 39.350893 ], [ -76.915145, 39.35131 ], [ -76.916762, 39.350643 ], [ -76.923282, 39.352068 ], [ -76.925722, 39.353764 ], [ -76.927623, 39.353419 ], [ -76.929313, 39.353951 ], [ -76.933814, 39.357743 ], [ -76.938577, 39.358861 ], [ -76.939759, 39.357778 ], [ -76.941374, 39.357472 ], [ -76.944847, 39.358917 ], [ -76.946429, 39.361039 ], [ -76.949029, 39.360371 ], [ -76.951183, 39.358887 ], [ -76.95037, 39.357975 ], [ -76.957806, 39.357576 ], [ -76.959206, 39.356683 ], [ -76.962353, 39.358089 ], [ -76.964371, 39.361144 ], [ -76.967057, 39.362297 ], [ -76.968452, 39.363493 ], [ -76.969005, 39.363822 ], [ -76.972392, 39.363309 ], [ -76.974116, 39.36191 ], [ -76.974425, 39.361392 ], [ -76.976946, 39.361877 ], [ -76.981613, 39.361667 ], [ -76.98232, 39.362602 ], [ -76.983001, 39.36286 ], [ -76.985347, 39.361493 ], [ -76.989404, 39.361338 ], [ -76.992153, 39.359806 ], [ -76.997551, 39.355951 ], [ -76.997626, 39.354992 ], [ -77.003056, 39.35462 ], [ -77.009138, 39.354826 ], [ -77.015735, 39.352562 ], [ -77.018818, 39.352539 ], [ -77.020939, 39.353517 ], [ -77.022586, 39.350755 ], [ -77.025374, 39.350593 ], [ -77.028796, 39.35246 ], [ -77.030529, 39.351291 ], [ -77.033665, 39.353687 ], [ -77.033523, 39.355261 ], [ -77.042545, 39.358897 ], [ -77.045697, 39.360025 ], [ -77.049111, 39.362269 ], [ -77.051035, 39.361168 ], [ -77.05054, 39.359995 ], [ -77.051421, 39.359074 ], [ -77.060229, 39.359772 ], [ -77.061277, 39.359179 ], [ -77.062674, 39.360092 ], [ -77.064015, 39.361439 ], [ -77.064961, 39.361935 ], [ -77.068896, 39.362435 ], [ -77.070636, 39.362973 ], [ -77.074343, 39.362648 ], [ -77.075836, 39.364844 ], [ -77.077675, 39.366151 ], [ -77.080448, 39.365683 ], [ -77.082104, 39.366671 ], [ -77.086009, 39.367944 ], [ -77.092439, 39.367196 ], [ -77.093387, 39.368145 ], [ -77.100058, 39.368912 ], [ -77.10136, 39.369323 ], [ -77.102668, 39.369021 ], [ -77.107102, 39.366757 ], [ -77.111707, 39.366639 ], [ -77.113298, 39.365842 ], [ -77.116715, 39.366428 ], [ -77.11791, 39.365609 ], [ -77.119678, 39.365762 ], [ -77.122372, 39.364778 ], [ -77.125313, 39.364619 ], [ -77.127165, 39.363543 ], [ -77.133004, 39.361189 ], [ -77.135688, 39.360183 ], [ -77.139591, 39.356492 ], [ -77.140154, 39.355628 ], [ -77.145114, 39.351204 ], [ -77.151466, 39.348702 ], [ -77.155871, 39.349516 ], [ -77.160892, 39.351353 ], [ -77.162466, 39.352417 ], [ -77.166752, 39.35324 ], [ -77.16808, 39.353957 ], [ -77.169734, 39.355102 ], [ -77.167277, 39.359065 ], [ -77.167377, 39.359325 ], [ -77.166364, 39.363633 ], [ -77.165796, 39.365444 ], [ -77.164376, 39.368138 ], [ -77.158185, 39.373451 ], [ -77.159191, 39.374094 ], [ -77.156119, 39.378939 ], [ -77.155815, 39.380203 ], [ -77.155907, 39.381901 ], [ -77.156204, 39.3829 ], [ -77.153829, 39.388485 ], [ -77.15381, 39.389682 ], [ -77.154307, 39.391076 ], [ -77.154384, 39.391298 ], [ -77.154027, 39.392238 ], [ -77.153267, 39.393902 ], [ -77.1525, 39.395612 ], [ -77.151849, 39.397063 ], [ -77.150043, 39.401196 ], [ -77.148348, 39.405291 ], [ -77.147275, 39.409868 ], [ -77.146981, 39.412371 ], [ -77.148147, 39.416431 ], [ -77.148037, 39.417755 ], [ -77.14717, 39.419005 ], [ -77.144746, 39.420539 ], [ -77.140454, 39.424136 ], [ -77.137854, 39.427175 ], [ -77.135939, 39.430217 ], [ -77.134194, 39.43169 ], [ -77.133448, 39.432401 ], [ -77.130213, 39.439175 ], [ -77.126705, 39.443833 ], [ -77.126572, 39.444817 ], [ -77.123827, 39.451465 ], [ -77.11605, 39.460344 ], [ -77.118941, 39.463105 ], [ -77.119951, 39.465585 ], [ -77.119251, 39.468685 ], [ -77.118679, 39.473691 ], [ -77.117073, 39.475472 ], [ -77.117686, 39.478619 ], [ -77.1102, 39.486004 ], [ -77.108489, 39.489476 ], [ -77.106839, 39.491661 ], [ -77.107711, 39.494556 ], [ -77.108927, 39.495345 ], [ -77.109998, 39.49748 ], [ -77.112432, 39.497494 ], [ -77.115286, 39.499373 ], [ -77.121646, 39.50439 ], [ -77.124903, 39.505368 ], [ -77.129084, 39.509169 ], [ -77.129755, 39.50956 ], [ -77.133552, 39.508551 ], [ -77.134312, 39.50955 ], [ -77.13468, 39.511896 ], [ -77.136267, 39.512814 ], [ -77.138058, 39.516037 ], [ -77.136951, 39.517403 ], [ -77.138487, 39.520518 ], [ -77.14067, 39.521331 ], [ -77.143824, 39.521794 ], [ -77.146561, 39.521669 ], [ -77.14734, 39.522196 ], [ -77.149914, 39.521944 ], [ -77.150927, 39.523279 ], [ -77.15026, 39.524409 ], [ -77.150316, 39.526271 ], [ -77.151152, 39.527281 ], [ -77.151668, 39.529593 ], [ -77.151143, 39.530773 ], [ -77.15234, 39.532498 ], [ -77.153879, 39.533322 ], [ -77.155963, 39.53369 ], [ -77.158856, 39.533042 ], [ -77.162092, 39.532449 ], [ -77.165246, 39.533007 ], [ -77.165322, 39.534001 ], [ -77.168669, 39.533741 ], [ -77.170746, 39.534753 ], [ -77.170406, 39.536592 ], [ -77.171462, 39.539233 ], [ -77.169, 39.542291 ], [ -77.169468, 39.543384 ], [ -77.171603, 39.543823 ], [ -77.171751, 39.546645 ], [ -77.169616, 39.549851 ], [ -77.169154, 39.551751 ], [ -77.169445, 39.554118 ], [ -77.171494, 39.554639 ], [ -77.173267, 39.55655 ], [ -77.173168, 39.557808 ], [ -77.174614, 39.55951 ], [ -77.177827, 39.560868 ], [ -77.179444, 39.560494 ], [ -77.182727, 39.559342 ], [ -77.18332, 39.560429 ], [ -77.187233, 39.563041 ], [ -77.186893, 39.564685 ], [ -77.187244, 39.565957 ], [ -77.18713, 39.566432 ], [ -77.191128, 39.570985 ], [ -77.194469, 39.572241 ], [ -77.19696, 39.574453 ], [ -77.197173, 39.574998 ], [ -77.198024, 39.57543 ], [ -77.199585, 39.576672 ], [ -77.200125, 39.578588 ], [ -77.203438, 39.579197 ], [ -77.206993, 39.57946 ], [ -77.211087, 39.578871 ], [ -77.212569, 39.577883 ], [ -77.21449, 39.57534 ], [ -77.215639, 39.574511 ], [ -77.217534, 39.574549 ], [ -77.222103, 39.576398 ], [ -77.222601, 39.577929 ], [ -77.220501, 39.57832 ], [ -77.219111, 39.579962 ], [ -77.220028, 39.581872 ], [ -77.222512, 39.583101 ], [ -77.22608, 39.583204 ], [ -77.229993, 39.583433 ], [ -77.232257, 39.584352 ], [ -77.232628, 39.585533 ], [ -77.230493, 39.58677 ], [ -77.227762, 39.586971 ], [ -77.227274, 39.5878 ], [ -77.230731, 39.589015 ], [ -77.234433, 39.588063 ], [ -77.238006, 39.584403 ], [ -77.239049, 39.584917 ], [ -77.238778, 39.588975 ], [ -77.242533, 39.591157 ], [ -77.246247, 39.593039 ], [ -77.248399, 39.595069 ], [ -77.250225, 39.598783 ], [ -77.250004, 39.600266 ], [ -77.250847, 39.601589 ], [ -77.25348, 39.602831 ], [ -77.256509, 39.603771 ], [ -77.258014, 39.603745 ], [ -77.260157, 39.602511 ], [ -77.262033, 39.599435 ], [ -77.261192, 39.59678 ], [ -77.2596, 39.594982 ], [ -77.260093, 39.594013 ], [ -77.262759, 39.59406 ], [ -77.263701, 39.594767 ], [ -77.266417, 39.598734 ], [ -77.270008, 39.600044 ], [ -77.27092, 39.601223 ], [ -77.269786, 39.603519 ], [ -77.270071, 39.604971 ], [ -77.271574, 39.606221 ], [ -77.276239, 39.606249 ], [ -77.279864, 39.607058 ], [ -77.283214, 39.607236 ], [ -77.28582, 39.607745 ], [ -77.287346, 39.606487 ], [ -77.287747, 39.604516 ], [ -77.290506, 39.604508 ], [ -77.290304, 39.60664 ], [ -77.294006, 39.610328 ], [ -77.295734, 39.611401 ], [ -77.29977, 39.612284 ], [ -77.30163, 39.613548 ], [ -77.303496, 39.615814 ], [ -77.305182, 39.616854 ], [ -77.307416, 39.619101 ], [ -77.305684, 39.620475 ], [ -77.301795, 39.621203 ], [ -77.299485, 39.623577 ], [ -77.300552, 39.625156 ], [ -77.301785, 39.625739 ], [ -77.305352, 39.626419 ], [ -77.30778, 39.628181 ], [ -77.309562, 39.630764 ], [ -77.309775, 39.636143 ], [ -77.311355, 39.638029 ], [ -77.311161, 39.639733 ] ] ] ] } }
]
}
