{
"type": "FeatureCollection",
"name": "MO_counties_2023",
"crs": { "type": "name", "properties": { "name": "urn:ogc:def:crs:EPSG::4269" } },
"features": [
{ "type": "Feature", "properties": { "STATEFP": "29", "COUNTYFP": "113", "COUNTYNS": "00758511", "GEOIDFQ": "0500000US29113", "GEOID": "29113", "NAME": "Lincoln", "NAMELSAD": "Lincoln County", "STUSPS": "MO", "STATE_NAME": "Missouri", "LSAD": "06", "ALAND": 1622789067.0, "AWATER": 36002285.0 }, "geometry": { "type": "MultiPolygon", "coordinates": [ [ [ [ -91.26382, 39.007608 ], [ -91.263107, 39.037003 ], [ -91.262466, 39.052814 ], [ -91.262877, 39.052944 ], [ -91.262493, 39.067778 ], [ -91.262564, 39.070021 ], [ -91.262022, 39.08483 ], [ -91.261887, 39.085022 ], [ -91.260232, 39.139845 ], [ -91.253897, 39.140107 ], [ -91.241463, 39.139873 ], [ -91.236532, 39.139615 ], [ -91.18546, 39.13905 ], [ -91.184671, 39.168245 ], [ -91.183432, 39.197226 ], [ -91.183538, 39.198479 ], [ -91.183109, 39.212912 ], [ -91.182942, 39.227233 ], [ -91.172686, 39.227148 ], [ -91.15647, 39.227265 ], [ -91.148965, 39.227033 ], [ -91.142981, 39.226914 ], [ -91.07982, 39.225172 ], [ -91.066211, 39.225094 ], [ -91.056111, 39.225046 ], [ -91.021391, 39.224879 ], [ -91.00406, 39.224616 ], [ -91.000135, 39.224451 ], [ -90.951009, 39.224866 ], [ -90.895418, 39.22508 ], [ -90.885339, 39.224996 ], [ -90.787634, 39.223953 ], [ -90.787336, 39.224151 ], [ -90.721835, 39.224108 ], [ -90.718227414170897, 39.216318303872598 ], [ -90.717113, 39.213912 ], [ -90.716597, 39.210414 ], [ -90.716677, 39.206723 ], [ -90.717427, 39.202791 ], [ -90.717404, 39.197414 ], [ -90.715913995391105, 39.191468714635597 ], [ -90.71437, 39.185308 ], [ -90.71048, 39.176366 ], [ -90.709953, 39.172924 ], [ -90.709146, 39.155111 ], [ -90.707902, 39.15086 ], [ -90.705168, 39.143152 ], [ -90.702923, 39.138749 ], [ -90.700464, 39.135439 ], [ -90.694945, 39.12968 ], [ -90.686051, 39.117785 ], [ -90.685230363679594, 39.115527045662503 ], [ -90.684518, 39.113567 ], [ -90.681086, 39.10059 ], [ -90.681994, 39.090066 ], [ -90.682744, 39.088348 ], [ -90.700424, 39.071787 ], [ -90.701187, 39.070408 ], [ -90.701204134056098, 39.070320614508098 ], [ -90.701280802595903, 39.0699295968762 ], [ -90.702136, 39.065568 ], [ -90.712541, 39.057064 ], [ -90.713585, 39.055567 ], [ -90.713629, 39.053977 ], [ -90.71158, 39.046798 ], [ -90.707885, 39.042262 ], [ -90.700595, 39.029074 ], [ -90.692403, 39.016656 ], [ -90.69, 39.012169 ], [ -90.689844514415995, 39.011536709423702 ], [ -90.688813, 39.007342 ], [ -90.687719, 39.005374 ], [ -90.684978937801006, 39.001758828739 ], [ -90.683683, 39.000049 ], [ -90.682068, 38.998778 ], [ -90.680901072043895, 38.996691984528603 ], [ -90.678193, 38.991851 ], [ -90.676397, 38.984096 ], [ -90.6764154280269, 38.967249097821103 ], [ -90.676417, 38.965812 ], [ -90.675949, 38.96214 ], [ -90.673966467652605, 38.9580203449853 ], [ -90.669229, 38.948176 ], [ -90.667183, 38.94036 ], [ -90.663424, 38.935551 ], [ -90.663430838055902, 38.934221323751899 ], [ -90.669249, 38.934159 ], [ -90.685863, 38.933932 ], [ -90.691582, 38.934235 ], [ -90.694001, 38.933863 ], [ -90.696582, 38.932784 ], [ -90.698035, 38.930742 ], [ -90.697481, 38.928151 ], [ -90.694711, 38.926523 ], [ -90.691632, 38.925235 ], [ -90.689581, 38.923613 ], [ -90.686599, 38.918852 ], [ -90.68434, 38.917139 ], [ -90.684562, 38.9156 ], [ -90.688485, 38.916599 ], [ -90.69115, 38.916388 ], [ -90.693858, 38.915526 ], [ -90.69719, 38.916067 ], [ -90.70094, 38.919818 ], [ -90.703824, 38.921221 ], [ -90.707322, 38.92149 ], [ -90.70927, 38.920874 ], [ -90.714309, 38.918164 ], [ -90.717502, 38.915376 ], [ -90.717413, 38.913653 ], [ -90.715738, 38.912327 ], [ -90.713819, 38.912079 ], [ -90.709923, 38.913602 ], [ -90.70623, 38.913506 ], [ -90.703291, 38.912239 ], [ -90.700329, 38.90965 ], [ -90.699324, 38.907881 ], [ -90.700517, 38.906522 ], [ -90.703881, 38.905626 ], [ -90.70604, 38.903428 ], [ -90.708149, 38.902591 ], [ -90.709285, 38.903093 ], [ -90.709422, 38.90618 ], [ -90.710648, 38.908106 ], [ -90.714198, 38.909892 ], [ -90.717551, 38.910316 ], [ -90.721215, 38.908688 ], [ -90.723898, 38.90871 ], [ -90.72452, 38.909786 ], [ -90.72286, 38.912055 ], [ -90.723217, 38.91407 ], [ -90.724578, 38.915181 ], [ -90.726232, 38.915207 ], [ -90.729603, 38.914183 ], [ -90.73367, 38.914272 ], [ -90.735737, 38.916177 ], [ -90.735913, 38.918321 ], [ -90.734616, 38.919709 ], [ -90.729239, 38.921406 ], [ -90.726076, 38.922632 ], [ -90.724129, 38.924362 ], [ -90.723701, 38.925932 ], [ -90.724722, 38.928249 ], [ -90.728841, 38.931141 ], [ -90.735822, 38.931141 ], [ -90.740999, 38.930766 ], [ -90.742997, 38.930368 ], [ -90.745151, 38.929489 ], [ -90.746642, 38.92801 ], [ -90.747647, 38.926141 ], [ -90.748309, 38.925113 ], [ -90.749175, 38.924183 ], [ -90.750447, 38.923349 ], [ -90.750955, 38.922999 ], [ -90.751228, 38.922806 ], [ -90.754113, 38.920747 ], [ -90.756746, 38.919811 ], [ -90.760382, 38.919805 ], [ -90.765026, 38.921621 ], [ -90.767792, 38.922329 ], [ -90.773665, 38.922983 ], [ -90.776406, 38.923016 ], [ -90.77821, 38.922488 ], [ -90.782006, 38.918559 ], [ -90.783868, 38.918115 ], [ -90.78922, 38.918361 ], [ -90.791344, 38.917895 ], [ -90.794349, 38.916455 ], [ -90.795982, 38.915411 ], [ -90.801331, 38.912741 ], [ -90.803662, 38.911802 ], [ -90.804418, 38.911139 ], [ -90.80267, 38.909165 ], [ -90.800556, 38.908147 ], [ -90.798168, 38.906302 ], [ -90.797499, 38.905145 ], [ -90.797935, 38.903098 ], [ -90.799154, 38.901421 ], [ -90.800153, 38.901072 ], [ -90.802558, 38.901672 ], [ -90.805944, 38.901733 ], [ -90.807199, 38.901147 ], [ -90.808333, 38.899553 ], [ -90.806926, 38.895244 ], [ -90.807713, 38.893128 ], [ -90.809961, 38.888922 ], [ -90.810213, 38.885605 ], [ -90.809292, 38.883534 ], [ -90.807018, 38.880636 ], [ -90.806213, 38.879016 ], [ -90.807577, 38.87766 ], [ -90.809166, 38.877803 ], [ -90.811182, 38.878999 ], [ -90.813244, 38.878954 ], [ -90.817827, 38.875966 ], [ -90.821147, 38.875884 ], [ -90.822724, 38.876392 ], [ -90.826462, 38.878435 ], [ -90.826982, 38.878964 ], [ -90.829801, 38.878045 ], [ -90.831097, 38.878212 ], [ -90.835088, 38.883531 ], [ -90.836594, 38.884118 ], [ -90.837831, 38.883632 ], [ -90.837983, 38.882325 ], [ -90.834727, 38.881326 ], [ -90.835431, 38.879968 ], [ -90.839266, 38.87964 ], [ -90.839152, 38.881426 ], [ -90.841977, 38.882004 ], [ -90.842953, 38.883455 ], [ -90.844673, 38.883965 ], [ -90.845044, 38.883005 ], [ -90.847385, 38.883699 ], [ -90.851301, 38.883574 ], [ -90.849557, 38.880674 ], [ -90.850189, 38.880124 ], [ -90.852578, 38.881057 ], [ -90.854767, 38.884353 ], [ -90.855845, 38.884722 ], [ -90.859305, 38.881857 ], [ -90.860366, 38.881932 ], [ -90.861487, 38.883399 ], [ -90.861142, 38.885131 ], [ -90.86291, 38.887263 ], [ -90.864535, 38.887872 ], [ -90.869021, 38.888433 ], [ -90.871182, 38.88873 ], [ -90.87466, 38.888271 ], [ -90.880745, 38.888523 ], [ -90.883206, 38.886748 ], [ -90.884905, 38.886829 ], [ -90.892463, 38.886457 ], [ -90.893819, 38.887443 ], [ -90.894677, 38.886313 ], [ -90.897301, 38.886053 ], [ -90.898381, 38.886507 ], [ -90.900496, 38.885993 ], [ -90.900015, 38.887435 ], [ -90.901219, 38.889324 ], [ -90.903748, 38.890319 ], [ -90.907772, 38.890871 ], [ -90.912352, 38.890577 ], [ -90.91389, 38.888883 ], [ -90.918668, 38.887919 ], [ -90.918995, 38.887948 ], [ -90.922121, 38.887426 ], [ -90.925191, 38.888631 ], [ -90.925664, 38.887118 ], [ -90.927061, 38.886587 ], [ -90.928041, 38.887524 ], [ -90.932831, 38.885903 ], [ -90.93322, 38.885146 ], [ -90.934392, 38.886458 ], [ -90.937278, 38.888086 ], [ -90.940172, 38.886472 ], [ -90.94439, 38.890317 ], [ -90.944515, 38.891109 ], [ -90.949305, 38.893788 ], [ -90.949655, 38.894943 ], [ -90.954226, 38.893148 ], [ -90.95645, 38.894164 ], [ -90.957555, 38.893285 ], [ -90.958536, 38.870865 ], [ -90.971322, 38.871167 ], [ -91.009187, 38.87202 ], [ -91.042006, 38.872371 ], [ -91.056066, 38.872577 ], [ -91.059818, 38.872635 ], [ -91.07373, 38.872738 ], [ -91.082564, 38.872569 ], [ -91.090347, 38.872356 ], [ -91.104185, 38.872566 ], [ -91.111251, 38.872709 ], [ -91.111333, 38.883932 ], [ -91.111154, 38.884768 ], [ -91.110953, 38.897826 ], [ -91.110804, 38.902854 ], [ -91.110603, 38.909615 ], [ -91.110187, 38.931901 ], [ -91.189348, 38.932151 ], [ -91.189038, 38.962284 ], [ -91.188396, 38.991798 ], [ -91.18839, 38.992141 ], [ -91.216488, 38.9923 ], [ -91.249223, 38.992828 ], [ -91.250152, 38.992655 ], [ -91.264287, 38.992762 ], [ -91.26382, 39.007608 ] ] ] ] } },
{ "type": "Feature", "properties": { "STATEFP": "29", "COUNTYFP": "041", "COUNTYNS": "00758475", "GEOIDFQ": "0500000US29041", "GEOID": "29041", "NAME": "Chariton", "NAMELSAD": "Chariton County", "STUSPS": "MO", "STATE_NAME": "Missouri", "LSAD": "06", "ALAND": 1945541994.0, "AWATER": 40353307.0 }, "geometry": { "type": "MultiPolygon", "coordinates": [ [ [ [ -93.287446, 39.6833 ], [ -93.286134, 39.68388 ], [ -93.284644, 39.682857 ], [ -93.283424, 39.683426 ], [ -93.285255, 39.685179 ], [ -93.282324, 39.685404 ], [ -93.279609, 39.687966 ], [ -93.279287, 39.689076 ], [ -93.278574, 39.690652 ], [ -93.276666, 39.690079 ], [ -93.276886, 39.691774 ], [ -93.273986, 39.691987 ], [ -93.273129, 39.69529 ], [ -93.271125, 39.694748 ], [ -93.270809, 39.696509 ], [ -93.269359, 39.695703 ], [ -93.268193, 39.69655 ], [ -93.264826, 39.697628 ], [ -93.263715, 39.699577 ], [ -93.263946, 39.700912 ], [ -93.266545, 39.700288 ], [ -93.266243, 39.701953 ], [ -93.266968, 39.703562 ], [ -93.260957, 39.703719 ], [ -93.195273, 39.704248 ], [ -93.192189, 39.704478 ], [ -93.1885, 39.704537 ], [ -93.177711, 39.704671 ], [ -93.158271, 39.704434 ], [ -93.139325, 39.704772 ], [ -93.13534, 39.704706 ], [ -93.129829, 39.705015 ], [ -93.120306, 39.705307 ], [ -93.082799, 39.706709 ], [ -93.056547, 39.705923 ], [ -93.046754, 39.705479 ], [ -93.037619, 39.705057 ], [ -93.027817, 39.704766 ], [ -93.027086, 39.704729 ], [ -92.971028, 39.702346 ], [ -92.961378, 39.702199 ], [ -92.958052, 39.702118 ], [ -92.957502, 39.702126 ], [ -92.955957, 39.702102 ], [ -92.951646, 39.70203 ], [ -92.945603, 39.701935 ], [ -92.937909, 39.701778 ], [ -92.933102, 39.701669 ], [ -92.861133, 39.7001 ], [ -92.860462, 39.700155 ], [ -92.85792, 39.699985 ], [ -92.821574, 39.699893 ], [ -92.764885, 39.69954 ], [ -92.75816, 39.699331 ], [ -92.70809, 39.698571 ], [ -92.689497, 39.698098 ], [ -92.689331, 39.698094 ], [ -92.689349, 39.695785 ], [ -92.690044, 39.672012 ], [ -92.690419, 39.668311 ], [ -92.690279, 39.664708 ], [ -92.690684, 39.660948 ], [ -92.690525, 39.65748 ], [ -92.690845, 39.65592 ], [ -92.690909, 39.654514 ], [ -92.692149, 39.610265 ], [ -92.696592, 39.610371 ], [ -92.698322, 39.576134 ], [ -92.698648, 39.568836 ], [ -92.700364, 39.525138 ], [ -92.700459, 39.517827 ], [ -92.699925, 39.517839 ], [ -92.700506, 39.502157 ], [ -92.701187, 39.487748 ], [ -92.701331, 39.487369 ], [ -92.701748, 39.473093 ], [ -92.703384, 39.429679 ], [ -92.703669, 39.41469 ], [ -92.70382, 39.410801 ], [ -92.703937, 39.408078 ], [ -92.704494, 39.392959 ], [ -92.705309, 39.364334 ], [ -92.705918, 39.35092 ], [ -92.706374, 39.345647 ], [ -92.706318, 39.341679 ], [ -92.707367, 39.321614 ], [ -92.753727, 39.333677 ], [ -92.763155, 39.33622 ], [ -92.790369, 39.343586 ], [ -92.794618, 39.334912 ], [ -92.795446, 39.333555 ], [ -92.814956, 39.293804 ], [ -92.841761, 39.240017 ], [ -92.847084, 39.230176 ], [ -92.847975, 39.22851 ], [ -92.849224, 39.226218 ], [ -92.848825, 39.229378 ], [ -92.84907, 39.230612 ], [ -92.850702, 39.233142 ], [ -92.851796, 39.233946 ], [ -92.854935, 39.235537 ], [ -92.86015, 39.236502 ], [ -92.862851, 39.236437 ], [ -92.86523, 39.235904 ], [ -92.870294, 39.234197 ], [ -92.872606, 39.232981 ], [ -92.879067, 39.228774 ], [ -92.88414, 39.225195 ], [ -92.886552, 39.224257 ], [ -92.892788, 39.222507 ], [ -92.896194, 39.221897 ], [ -92.899431, 39.221865 ], [ -92.906142, 39.222339 ], [ -92.911669, 39.223946 ], [ -92.915197, 39.226262 ], [ -92.919572, 39.231615 ], [ -92.919968, 39.232953 ], [ -92.919969, 39.240208 ], [ -92.917194, 39.245143 ], [ -92.915681, 39.250031 ], [ -92.915469, 39.253379 ], [ -92.916263, 39.255678 ], [ -92.916749, 39.25794 ], [ -92.918446, 39.259769 ], [ -92.923617, 39.263376 ], [ -92.926623, 39.264458 ], [ -92.931673, 39.26566 ], [ -92.936659, 39.266522 ], [ -92.943591, 39.26865 ], [ -92.947403, 39.270094 ], [ -92.95047, 39.271993 ], [ -92.956121, 39.277163 ], [ -92.957766, 39.279336 ], [ -92.958978, 39.283041 ], [ -92.957986, 39.288063 ], [ -92.954925, 39.293817 ], [ -92.953273, 39.298457 ], [ -92.953402, 39.302752 ], [ -92.954289, 39.306346 ], [ -92.958148, 39.311142 ], [ -92.959801, 39.312526 ], [ -92.960569, 39.312856 ], [ -92.961572, 39.312995 ], [ -92.968462, 39.31518 ], [ -92.971592, 39.3156 ], [ -92.976803, 39.31548 ], [ -92.993568, 39.313641 ], [ -93.001933, 39.312995 ], [ -93.007306, 39.313342 ], [ -93.01136, 39.313232 ], [ -93.014919, 39.312875 ], [ -93.023776, 39.313115 ], [ -93.03101, 39.314382 ], [ -93.044755, 39.317666 ], [ -93.052043, 39.320725 ], [ -93.061533, 39.325566 ], [ -93.067996, 39.330294 ], [ -93.07059, 39.332794 ], [ -93.072915, 39.33552 ], [ -93.074438, 39.337965 ], [ -93.076948, 39.342506 ], [ -93.078053, 39.347977 ], [ -93.076361, 39.36069 ], [ -93.077083, 39.3655 ], [ -93.079087, 39.370069 ], [ -93.080289, 39.371752 ], [ -93.087759, 39.378912 ], [ -93.092577, 39.38156 ], [ -93.098584, 39.383174 ], [ -93.104485, 39.383656 ], [ -93.111524, 39.385481 ], [ -93.114348, 39.387 ], [ -93.115685, 39.389455 ], [ -93.118484, 39.402489 ], [ -93.118296, 39.405691 ], [ -93.117499, 39.407428 ], [ -93.114841, 39.411027 ], [ -93.115556, 39.414032 ], [ -93.117177, 39.415861 ], [ -93.120646, 39.417923 ], [ -93.123757, 39.419065 ], [ -93.124687, 39.419168 ], [ -93.13913, 39.423478 ], [ -93.14084, 39.423642 ], [ -93.141733, 39.423728 ], [ -93.146483, 39.421401 ], [ -93.149471, 39.420619 ], [ -93.15475, 39.421723 ], [ -93.156887, 39.423426 ], [ -93.157903, 39.425184 ], [ -93.159464, 39.430534 ], [ -93.162179, 39.432894 ], [ -93.16555, 39.436335 ], [ -93.167307, 39.436254 ], [ -93.171452, 39.433476 ], [ -93.174168, 39.432609 ], [ -93.183537, 39.432473 ], [ -93.187228, 39.43329 ], [ -93.190846, 39.436069 ], [ -93.191932, 39.436459 ], [ -93.19599, 39.436508 ], [ -93.197222, 39.436845 ], [ -93.200873, 39.440671 ], [ -93.204897, 39.440438 ], [ -93.206454, 39.43944 ], [ -93.204834, 39.437847 ], [ -93.199542, 39.436967 ], [ -93.19781, 39.435539 ], [ -93.197752, 39.4343 ], [ -93.198713, 39.433645 ], [ -93.202209, 39.432463 ], [ -93.20495, 39.430296 ], [ -93.205943, 39.429689 ], [ -93.207935, 39.429752 ], [ -93.21109, 39.430688 ], [ -93.213581, 39.430507 ], [ -93.212639, 39.432409 ], [ -93.212787, 39.433757 ], [ -93.210864, 39.438388 ], [ -93.210653, 39.44005 ], [ -93.211233, 39.441405 ], [ -93.214448, 39.442996 ], [ -93.217426, 39.443296 ], [ -93.221493, 39.441853 ], [ -93.222101, 39.439982 ], [ -93.221355, 39.439134 ], [ -93.217043, 39.43597 ], [ -93.216267, 39.434646 ], [ -93.216272, 39.431516 ], [ -93.218281, 39.430279 ], [ -93.219212, 39.430402 ], [ -93.228755, 39.436297 ], [ -93.230116, 39.437943 ], [ -93.23018, 39.440226 ], [ -93.229501, 39.441693 ], [ -93.228442, 39.44436 ], [ -93.229918, 39.44724 ], [ -93.228092, 39.447686 ], [ -93.22582, 39.447107 ], [ -93.223402, 39.447141 ], [ -93.221203, 39.447942 ], [ -93.21997, 39.449283 ], [ -93.219546, 39.450793 ], [ -93.220981, 39.454512 ], [ -93.224471, 39.458794 ], [ -93.224774, 39.460497 ], [ -93.2218, 39.465221 ], [ -93.221593, 39.467662 ], [ -93.222743, 39.47015 ], [ -93.224576, 39.472124 ], [ -93.228095, 39.473215 ], [ -93.232311, 39.472611 ], [ -93.238187, 39.471313 ], [ -93.239212, 39.470877 ], [ -93.239749, 39.469367 ], [ -93.237003, 39.465407 ], [ -93.237541, 39.464423 ], [ -93.240251, 39.463992 ], [ -93.242751, 39.462511 ], [ -93.243887, 39.459673 ], [ -93.244955, 39.458757 ], [ -93.247415, 39.458092 ], [ -93.246839, 39.454601 ], [ -93.245047, 39.450553 ], [ -93.246355, 39.443834 ], [ -93.246927, 39.442972 ], [ -93.250197, 39.442234 ], [ -93.251753, 39.44225 ], [ -93.253441, 39.443405 ], [ -93.254582, 39.445083 ], [ -93.254631, 39.446873 ], [ -93.250194, 39.450571 ], [ -93.249464, 39.452491 ], [ -93.250809, 39.45508 ], [ -93.249882, 39.457456 ], [ -93.250211, 39.459662 ], [ -93.253969, 39.461918 ], [ -93.258051, 39.462856 ], [ -93.26125, 39.459608 ], [ -93.26229, 39.459564 ], [ -93.265626, 39.458158 ], [ -93.271687, 39.456936 ], [ -93.274368, 39.457342 ], [ -93.275848, 39.458302 ], [ -93.276755, 39.459857 ], [ -93.277069, 39.462607 ], [ -93.274867, 39.465108 ], [ -93.273228, 39.465022 ], [ -93.271085, 39.463058 ], [ -93.270687, 39.461667 ], [ -93.268225, 39.460833 ], [ -93.264322, 39.461182 ], [ -93.26283, 39.463263 ], [ -93.261301, 39.466961 ], [ -93.261638, 39.469973 ], [ -93.26265, 39.473108 ], [ -93.264772, 39.476269 ], [ -93.266338, 39.478358 ], [ -93.272111, 39.482608 ], [ -93.275932, 39.484371 ], [ -93.276591, 39.486123 ], [ -93.276868, 39.490411 ], [ -93.276539, 39.496705 ], [ -93.273845, 39.497445 ], [ -93.269951, 39.496248 ], [ -93.267986, 39.496489 ], [ -93.265951, 39.497905 ], [ -93.265863, 39.500023 ], [ -93.26741, 39.502948 ], [ -93.273073, 39.50671 ], [ -93.276286, 39.51129 ], [ -93.276906, 39.515159 ], [ -93.278351, 39.516588 ], [ -93.283007, 39.519477 ], [ -93.283416, 39.521486 ], [ -93.282557, 39.52267 ], [ -93.27848, 39.523462 ], [ -93.27713, 39.524247 ], [ -93.275671, 39.526782 ], [ -93.276296, 39.529621 ], [ -93.276714, 39.531013 ], [ -93.282941, 39.532754 ], [ -93.284253, 39.533502 ], [ -93.285896, 39.535873 ], [ -93.285858, 39.537857 ], [ -93.284813, 39.538738 ], [ -93.281818, 39.539309 ], [ -93.27724, 39.539467 ], [ -93.274819, 39.538617 ], [ -93.273649, 39.535254 ], [ -93.272839, 39.53418 ], [ -93.271128, 39.534376 ], [ -93.268091, 39.540306 ], [ -93.26595, 39.541666 ], [ -93.263525, 39.54229 ], [ -93.257594, 39.541954 ], [ -93.255155, 39.542194 ], [ -93.253605, 39.54354 ], [ -93.254392, 39.544962 ], [ -93.257973, 39.545821 ], [ -93.263582, 39.544517 ], [ -93.266368, 39.546085 ], [ -93.267004, 39.548546 ], [ -93.265968, 39.549637 ], [ -93.260205, 39.551865 ], [ -93.258164, 39.553694 ], [ -93.258024, 39.555218 ], [ -93.259523, 39.556888 ], [ -93.262006, 39.557523 ], [ -93.265911, 39.558002 ], [ -93.267528, 39.558562 ], [ -93.270014, 39.560196 ], [ -93.270972, 39.563193 ], [ -93.270721, 39.565116 ], [ -93.268162, 39.569662 ], [ -93.266894, 39.571379 ], [ -93.266591, 39.573608 ], [ -93.269105, 39.57453 ], [ -93.270966, 39.577073 ], [ -93.271301, 39.579985 ], [ -93.269448, 39.581676 ], [ -93.269411, 39.584335 ], [ -93.270884, 39.585809 ], [ -93.274498, 39.588587 ], [ -93.275055, 39.590096 ], [ -93.274259, 39.592649 ], [ -93.273065, 39.59436 ], [ -93.271041, 39.595902 ], [ -93.270135, 39.59736 ], [ -93.269856, 39.599925 ], [ -93.270247, 39.601022 ], [ -93.27484, 39.607169 ], [ -93.276847, 39.611021 ], [ -93.278098, 39.615632 ], [ -93.279823, 39.618133 ], [ -93.281038, 39.619128 ], [ -93.280909, 39.621272 ], [ -93.279275, 39.622569 ], [ -93.277289, 39.622863 ], [ -93.274083, 39.620574 ], [ -93.272494, 39.620015 ], [ -93.268082, 39.619509 ], [ -93.265772, 39.620025 ], [ -93.261803, 39.622719 ], [ -93.26066, 39.624506 ], [ -93.260388, 39.626711 ], [ -93.261583, 39.629207 ], [ -93.268471, 39.633901 ], [ -93.273469, 39.640185 ], [ -93.278608, 39.645625 ], [ -93.280113, 39.648128 ], [ -93.283418, 39.651433 ], [ -93.284807, 39.654523 ], [ -93.284507, 39.655723 ], [ -93.283056, 39.656355 ], [ -93.282074, 39.655853 ], [ -93.280964, 39.654025 ], [ -93.277638, 39.651826 ], [ -93.275818, 39.651836 ], [ -93.273686, 39.652728 ], [ -93.273392, 39.654842 ], [ -93.274605, 39.657171 ], [ -93.278888, 39.658996 ], [ -93.283574, 39.661974 ], [ -93.285892, 39.666819 ], [ -93.282003, 39.670798 ], [ -93.282563, 39.672414 ], [ -93.284735, 39.673003 ], [ -93.283259, 39.673351 ], [ -93.282096, 39.674805 ], [ -93.282365, 39.676623 ], [ -93.280526, 39.677712 ], [ -93.283236, 39.678838 ], [ -93.279744, 39.67966 ], [ -93.27896, 39.680838 ], [ -93.279261, 39.681613 ], [ -93.285393, 39.682202 ], [ -93.287328, 39.682023 ], [ -93.287446, 39.6833 ] ] ] ] } },
{ "type": "Feature", "properties": { "STATEFP": "29", "COUNTYFP": "065", "COUNTYNS": "00758487", "GEOIDFQ": "0500000US29065", "GEOID": "29065", "NAME": "Dent", "NAMELSAD": "Dent County", "STUSPS": "MO", "STATE_NAME": "Missouri", "LSAD": "06", "ALAND": 1949641179.0, "AWATER": 4518781.0 }, "geometry": { "type": "MultiPolygon", "coordinates": [ [ [ [ -91.808371, 37.678269 ], [ -91.808194, 37.702274 ], [ -91.80818, 37.704246 ], [ -91.806709, 37.704243 ], [ -91.806105, 37.783143 ], [ -91.806219, 37.791286 ], [ -91.805538, 37.791285 ], [ -91.769174, 37.7914 ], [ -91.764749, 37.791391 ], [ -91.711656, 37.790909 ], [ -91.71152, 37.791063 ], [ -91.693165, 37.790795 ], [ -91.6796, 37.790583 ], [ -91.638388, 37.789952 ], [ -91.625151, 37.789752 ], [ -91.620165, 37.790154 ], [ -91.602434, 37.789979 ], [ -91.600852, 37.789683 ], [ -91.597395, 37.789875 ], [ -91.566036, 37.789411 ], [ -91.528797, 37.788989 ], [ -91.517112, 37.788857 ], [ -91.418759, 37.788452 ], [ -91.308426, 37.787186 ], [ -91.308311, 37.787186 ], [ -91.309083, 37.764526 ], [ -91.309846, 37.737451 ], [ -91.309767, 37.736533 ], [ -91.309702, 37.73507 ], [ -91.310655, 37.700048 ], [ -91.27627, 37.6994 ], [ -91.274026, 37.699358 ], [ -91.225232, 37.698533 ], [ -91.153345, 37.69734 ], [ -91.154324, 37.668084 ], [ -91.154421, 37.667617 ], [ -91.154742, 37.625046 ], [ -91.15444, 37.617245 ], [ -91.155073, 37.588092 ], [ -91.173798, 37.588492 ], [ -91.178357, 37.588669 ], [ -91.196608, 37.588851 ], [ -91.209437, 37.588811 ], [ -91.245734, 37.590335 ], [ -91.281547, 37.592266 ], [ -91.312458, 37.592824 ], [ -91.312944, 37.578063 ], [ -91.313176, 37.555046 ], [ -91.314236, 37.505132 ], [ -91.210984, 37.501911 ], [ -91.21109, 37.474941 ], [ -91.211143, 37.470109 ], [ -91.211247, 37.46174 ], [ -91.211263, 37.460863 ], [ -91.211282, 37.458104 ], [ -91.211413, 37.451311 ], [ -91.211517, 37.443784 ], [ -91.211863, 37.415277 ], [ -91.303903, 37.41693 ], [ -91.334133, 37.417436 ], [ -91.370845, 37.418216 ], [ -91.427323, 37.418043 ], [ -91.448573, 37.418911 ], [ -91.463722, 37.418879 ], [ -91.465824, 37.419077 ], [ -91.529232, 37.420491 ], [ -91.555395, 37.421037 ], [ -91.569826, 37.421359 ], [ -91.591699, 37.421703 ], [ -91.605685, 37.421952 ], [ -91.646626, 37.422731 ], [ -91.68519, 37.423295 ], [ -91.75504, 37.42411 ], [ -91.7551, 37.453279 ], [ -91.755185, 37.479085 ], [ -91.754804, 37.511456 ], [ -91.754771, 37.56815 ], [ -91.754902, 37.569403 ], [ -91.754693, 37.58421 ], [ -91.754795, 37.598768 ], [ -91.809105, 37.598863 ], [ -91.808371, 37.678269 ] ] ] ] } },
{ "type": "Feature", "properties": { "STATEFP": "29", "COUNTYFP": "143", "COUNTYNS": "00758526", "GEOIDFQ": "0500000US29143", "GEOID": "29143", "NAME": "New Madrid", "NAMELSAD": "New Madrid County", "STUSPS": "MO", "STATE_NAME": "Missouri", "LSAD": "06", "ALAND": 1747940899.0, "AWATER": 56236293.0 }, "geometry": { "type": "MultiPolygon", "coordinates": [ [ [ [ -89.971289, 36.393135 ], [ -89.970315, 36.397161 ], [ -89.96807, 36.40173 ], [ -89.968188, 36.404508 ], [ -89.966836, 36.408105 ], [ -89.964002, 36.410715 ], [ -89.963539, 36.412378 ], [ -89.963727, 36.413632 ], [ -89.966134, 36.415846 ], [ -89.965302, 36.419371 ], [ -89.964947, 36.422304 ], [ -89.963174, 36.42788 ], [ -89.963381, 36.433093 ], [ -89.961748, 36.437736 ], [ -89.962426, 36.442331 ], [ -89.961583, 36.443976 ], [ -89.958821, 36.447309 ], [ -89.959083, 36.449063 ], [ -89.957307, 36.455466 ], [ -89.957316, 36.459242 ], [ -89.957425, 36.460158 ], [ -89.96068, 36.463284 ], [ -89.960839, 36.466757 ], [ -89.960056, 36.468792 ], [ -89.957594, 36.472393 ], [ -89.958081, 36.47517 ], [ -89.957922, 36.47741 ], [ -89.956629, 36.480619 ], [ -89.956678, 36.482172 ], [ -89.957587, 36.485623 ], [ -89.957948, 36.49507 ], [ -89.959928, 36.498126 ], [ -89.960766, 36.500059 ], [ -89.959633, 36.501361 ], [ -89.959688, 36.504404 ], [ -89.958759, 36.505438 ], [ -89.958972, 36.512624 ], [ -89.958972, 36.515292 ], [ -89.960284, 36.51941 ], [ -89.96031, 36.521736 ], [ -89.95911, 36.523908 ], [ -89.960492, 36.527459 ], [ -89.958988, 36.531656 ], [ -89.95646, 36.534932 ], [ -89.957514, 36.537055 ], [ -89.956802, 36.539526 ], [ -89.957025, 36.541283 ], [ -89.95488, 36.543626 ], [ -89.95387, 36.545644 ], [ -89.953996, 36.550114 ], [ -89.955645, 36.552241 ], [ -89.955734, 36.552954 ], [ -89.956021, 36.555294 ], [ -89.956391, 36.556841 ], [ -89.956988, 36.56085 ], [ -89.95659, 36.561313 ], [ -89.956415, 36.562454 ], [ -89.957009, 36.565453 ], [ -89.957389, 36.570958 ], [ -89.957189, 36.574107 ], [ -89.95796, 36.580089 ], [ -89.958715, 36.582021 ], [ -89.957613, 36.584808 ], [ -89.957937, 36.588265 ], [ -89.958804, 36.589562 ], [ -89.960432, 36.595677 ], [ -89.961557, 36.596877 ], [ -89.962716, 36.600268 ], [ -89.963248, 36.601212 ], [ -89.962553, 36.605089 ], [ -89.962701, 36.606847 ], [ -89.962148, 36.60863 ], [ -89.962712, 36.611881 ], [ -89.963601, 36.613435 ], [ -89.962809, 36.615751 ], [ -89.963436, 36.617381 ], [ -89.963591, 36.620738 ], [ -89.963284, 36.625471 ], [ -89.958786, 36.629331 ], [ -89.940731, 36.628629 ], [ -89.919381, 36.6284 ], [ -89.918915, 36.628243 ], [ -89.86491, 36.627689 ], [ -89.846579, 36.627681 ], [ -89.828746, 36.627375 ], [ -89.810318, 36.627949 ], [ -89.810327, 36.627536 ], [ -89.70145, 36.627455 ], [ -89.700952, 36.627453 ], [ -89.70078, 36.655513 ], [ -89.701226, 36.657311 ], [ -89.700936, 36.682411 ], [ -89.701371, 36.683503 ], [ -89.701247, 36.686364 ], [ -89.702017, 36.715521 ], [ -89.702564, 36.735042 ], [ -89.702677, 36.739077 ], [ -89.700104, 36.740265 ], [ -89.700145, 36.742915 ], [ -89.701091, 36.757352 ], [ -89.702268, 36.786213 ], [ -89.702265, 36.786469 ], [ -89.70417, 36.83932 ], [ -89.704833, 36.859285 ], [ -89.691603, 36.859517 ], [ -89.65029, 36.860684 ], [ -89.637975, 36.860882 ], [ -89.632775, 36.860952 ], [ -89.624442, 36.861156 ], [ -89.62353, 36.861143 ], [ -89.614431, 36.86144 ], [ -89.605956, 36.861659 ], [ -89.603697, 36.862184 ], [ -89.604596, 36.866218 ], [ -89.597621, 36.867131 ], [ -89.591351, 36.867921 ], [ -89.585324, 36.868667 ], [ -89.579324, 36.869426 ], [ -89.56757, 36.870909 ], [ -89.567028, 36.870795 ], [ -89.566664, 36.869337 ], [ -89.562314, 36.869367 ], [ -89.553072, 36.86947 ], [ -89.53773, 36.86954 ], [ -89.53222, 36.869557 ], [ -89.528741, 36.869584 ], [ -89.528343, 36.869587 ], [ -89.519809, 36.869617 ], [ -89.519701, 36.847896 ], [ -89.502092, 36.847571 ], [ -89.502045, 36.832803 ], [ -89.483394, 36.832815 ], [ -89.48327, 36.818111 ], [ -89.483231, 36.817815 ], [ -89.472109, 36.817769 ], [ -89.472558, 36.803345 ], [ -89.463589, 36.803301 ], [ -89.463226, 36.788923 ], [ -89.445614, 36.789311 ], [ -89.445654, 36.782055 ], [ -89.44586, 36.777844 ], [ -89.445888, 36.767646 ], [ -89.436886, 36.767944 ], [ -89.436869, 36.760521 ], [ -89.428066, 36.760719 ], [ -89.42795, 36.746524 ], [ -89.418775, 36.746728 ], [ -89.418832, 36.739405 ], [ -89.415557, 36.739405 ], [ -89.404488, 36.732071 ], [ -89.401396, 36.730819 ], [ -89.400702, 36.729992 ], [ -89.400611, 36.717451 ], [ -89.39167, 36.717383 ], [ -89.39146, 36.702911 ], [ -89.373741, 36.702948 ], [ -89.373169, 36.688248 ], [ -89.364123, 36.688178 ], [ -89.364331, 36.674012 ], [ -89.354872, 36.673709 ], [ -89.355074, 36.666702 ], [ -89.346188, 36.666785 ], [ -89.345968, 36.651818 ], [ -89.336967, 36.652067 ], [ -89.336969, 36.64486 ], [ -89.327476, 36.644969 ], [ -89.327588721766602, 36.632193504332598 ], [ -89.334046, 36.63225 ], [ -89.343753, 36.630991 ], [ -89.35651, 36.628439 ], [ -89.365548, 36.625059 ], [ -89.371002, 36.62084 ], [ -89.375453, 36.615719 ], [ -89.376367, 36.613868 ], [ -89.378012, 36.608096 ], [ -89.380643, 36.59113 ], [ -89.382762, 36.583603 ], [ -89.395909, 36.559649 ], [ -89.396627, 36.556429 ], [ -89.396811, 36.551975 ], [ -89.398685, 36.542329 ], [ -89.405654, 36.528165 ], [ -89.417275, 36.499011 ], [ -89.41977, 36.493896 ], [ -89.422942, 36.489381 ], [ -89.429311, 36.481875 ], [ -89.436763, 36.474432 ], [ -89.448468, 36.46442 ], [ -89.453081, 36.461285 ], [ -89.460436, 36.45814 ], [ -89.464153, 36.457189 ], [ -89.471718, 36.457001 ], [ -89.476532, 36.457846 ], [ -89.486215, 36.46162 ], [ -89.49067, 36.465528 ], [ -89.493198, 36.470124 ], [ -89.494074, 36.473225 ], [ -89.494248, 36.475972 ], [ -89.493495, 36.4787 ], [ -89.48671, 36.494954 ], [ -89.485427, 36.497491 ], [ -89.482474, 36.502131 ], [ -89.477186, 36.50707 ], [ -89.47246, 36.513741 ], [ -89.468668, 36.521291 ], [ -89.465888, 36.529946 ], [ -89.465445, 36.536163 ], [ -89.467761, 36.546847 ], [ -89.473341, 36.559918 ], [ -89.479093, 36.568206 ], [ -89.480813447512602, 36.569701833531802 ], [ -89.480893, 36.569771 ], [ -89.484836, 36.571821 ], [ -89.500076, 36.576305 ], [ -89.514468, 36.577803 ], [ -89.518181079645203, 36.578587885753997 ], [ -89.518702, 36.578698 ], [ -89.522338, 36.58018 ], [ -89.525804819365007, 36.580819163837198 ], [ -89.527583, 36.581147 ], [ -89.542459, 36.580566 ], [ -89.546113, 36.579989 ], [ -89.55264, 36.577178 ], [ -89.553727168495499, 36.5764469694683 ], [ -89.558089, 36.573514 ], [ -89.563185, 36.568749 ], [ -89.566817, 36.564216 ], [ -89.569807, 36.558119 ], [ -89.570114323204393, 36.557116859116 ], [ -89.571509, 36.552569 ], [ -89.571241, 36.547343 ], [ -89.570071, 36.544387 ], [ -89.565804, 36.536988 ], [ -89.564049577980498, 36.533276080005699 ], [ -89.560344, 36.525436 ], [ -89.558349, 36.522099 ], [ -89.554321, 36.517022 ], [ -89.542955, 36.504957 ], [ -89.539232, 36.497934 ], [ -89.538506726418902, 36.496932358363601 ], [ -89.534524, 36.491432 ], [ -89.522674, 36.481305 ], [ -89.520642, 36.478668 ], [ -89.519501, 36.475419 ], [ -89.519675435396906, 36.468714786594902 ], [ -89.51972, 36.467002 ], [ -89.521021, 36.461934 ], [ -89.523427, 36.456572 ], [ -89.52519, 36.453991 ], [ -89.527274, 36.451545 ], [ -89.540868, 36.441559 ], [ -89.543406, 36.43877 ], [ -89.545061, 36.434915 ], [ -89.545503, 36.4307 ], [ -89.545255, 36.427079 ], [ -89.544221, 36.423684 ], [ -89.542337, 36.420103 ], [ -89.525293, 36.400446 ], [ -89.513956, 36.384891 ], [ -89.51038, 36.378356 ], [ -89.509558, 36.375065 ], [ -89.509722, 36.373626 ], [ -89.5111775125918, 36.367843959382697 ], [ -89.513178, 36.359897 ], [ -89.519, 36.3486 ], [ -89.522695, 36.344789 ], [ -89.527029, 36.341679 ], [ -89.531822, 36.339246 ], [ -89.538079, 36.337496 ], [ -89.545006, 36.336809 ], [ -89.545085, 36.359996 ], [ -89.554176, 36.360004 ], [ -89.553944, 36.367219 ], [ -89.563218, 36.367031 ], [ -89.563251, 36.369598 ], [ -89.57141, 36.37342 ], [ -89.575045, 36.376622 ], [ -89.581865, 36.381311 ], [ -89.583722, 36.383028 ], [ -89.584597, 36.384952 ], [ -89.591804, 36.402805 ], [ -89.5923, 36.403805 ], [ -89.611016, 36.411212 ], [ -89.617612, 36.409787 ], [ -89.624336, 36.406301 ], [ -89.6302, 36.4045 ], [ -89.632174, 36.403531 ], [ -89.639738, 36.400788 ], [ -89.646842, 36.399592 ], [ -89.649269, 36.399797 ], [ -89.65168, 36.399093 ], [ -89.660558, 36.398856 ], [ -89.662238, 36.399391 ], [ -89.66376, 36.399643 ], [ -89.666724, 36.399656 ], [ -89.670752, 36.399952 ], [ -89.677713, 36.401269 ], [ -89.679226, 36.402389 ], [ -89.679392, 36.402496 ], [ -89.683606, 36.404153 ], [ -89.687359, 36.406389 ], [ -89.691541, 36.4103 ], [ -89.695795, 36.41639 ], [ -89.699205, 36.41715 ], [ -89.700854, 36.418242 ], [ -89.703828, 36.41958 ], [ -89.705516, 36.419876 ], [ -89.706772, 36.420066 ], [ -89.708061, 36.420508 ], [ -89.710922, 36.421618 ], [ -89.716029, 36.423277 ], [ -89.720855, 36.42578 ], [ -89.725501, 36.42721 ], [ -89.730974, 36.427659 ], [ -89.73494, 36.427211 ], [ -89.738141, 36.425969 ], [ -89.742132, 36.423354 ], [ -89.743568, 36.422041 ], [ -89.745168, 36.41842 ], [ -89.74533, 36.414318 ], [ -89.746302, 36.409454 ], [ -89.745582, 36.405662 ], [ -89.745841, 36.404278 ], [ -89.748103, 36.402473 ], [ -89.75224, 36.402543 ], [ -89.754487, 36.40167 ], [ -89.753986, 36.400113 ], [ -89.751528, 36.39979 ], [ -89.750078, 36.398816 ], [ -89.749096, 36.396951 ], [ -89.749827, 36.39264 ], [ -89.752147, 36.386396 ], [ -89.755649, 36.384804 ], [ -89.758881, 36.385406 ], [ -89.762358, 36.388913 ], [ -89.76623, 36.389875 ], [ -89.766797, 36.389638 ], [ -89.76818, 36.38598 ], [ -89.77369, 36.386143 ], [ -89.791518, 36.385971 ], [ -89.800699, 36.386073 ], [ -89.808719, 36.38578 ], [ -89.808717, 36.386501 ], [ -89.844785, 36.386624 ], [ -89.894678, 36.386279 ], [ -89.897426, 36.386442 ], [ -89.913426, 36.38645 ], [ -89.934962, 36.387544 ], [ -89.943785, 36.387494 ], [ -89.96131, 36.388803 ], [ -89.969491, 36.389543 ], [ -89.972478, 36.389597 ], [ -89.971289, 36.393135 ] ] ] ] } },
{ "type": "Feature", "properties": { "STATEFP": "29", "COUNTYFP": "031", "COUNTYNS": "00758470", "GEOIDFQ": "0500000US29031", "GEOID": "29031", "NAME": "Cape Girardeau", "NAMELSAD": "Cape Girardeau County", "STUSPS": "MO", "STATE_NAME": "Missouri", "LSAD": "06", "ALAND": 1498351218.0, "AWATER": 20284964.0 }, "geometry": { "type": "MultiPolygon", "coordinates": [ [ [ [ -89.8668, 37.218975 ], [ -89.86326, 37.219035 ], [ -89.86259, 37.248796 ], [ -89.862376, 37.271159 ], [ -89.862376, 37.272711 ], [ -89.862346, 37.284474 ], [ -89.862306, 37.292255 ], [ -89.862212, 37.310662 ], [ -89.863563, 37.310679 ], [ -89.863382, 37.319701 ], [ -89.862578, 37.359364 ], [ -89.862363, 37.369974 ], [ -89.862595, 37.402908 ], [ -89.862592, 37.404016 ], [ -89.862583, 37.407089 ], [ -89.862339, 37.447117 ], [ -89.86238, 37.459877 ], [ -89.862413, 37.475284 ], [ -89.862469, 37.496451 ], [ -89.861843, 37.496501 ], [ -89.861849, 37.499237 ], [ -89.861801, 37.502754 ], [ -89.861668, 37.511378 ], [ -89.861635, 37.513504 ], [ -89.861453, 37.525421 ], [ -89.861603, 37.546805 ], [ -89.861439, 37.547629 ], [ -89.861306, 37.559453 ], [ -89.861212, 37.584633 ], [ -89.861123, 37.599286 ], [ -89.816631, 37.599884 ], [ -89.813785, 37.600669 ], [ -89.806443, 37.602003 ], [ -89.804959, 37.601728 ], [ -89.802675, 37.602475 ], [ -89.800184, 37.606423 ], [ -89.799086, 37.605895 ], [ -89.797258, 37.603381 ], [ -89.797493, 37.600421 ], [ -89.802206, 37.593679 ], [ -89.801461, 37.592685 ], [ -89.79946, 37.593564 ], [ -89.797962, 37.593415 ], [ -89.795803, 37.592103 ], [ -89.793698, 37.593135 ], [ -89.791794, 37.592492 ], [ -89.788791, 37.596895 ], [ -89.786334, 37.598728 ], [ -89.785127, 37.598229 ], [ -89.783155, 37.59344 ], [ -89.782099, 37.591837 ], [ -89.778849, 37.591133 ], [ -89.777829, 37.590692 ], [ -89.77286, 37.591255 ], [ -89.770769, 37.591337 ], [ -89.769618, 37.591645 ], [ -89.765494, 37.591571 ], [ -89.764625, 37.591249 ], [ -89.760665, 37.587789 ], [ -89.7598, 37.58806 ], [ -89.760053, 37.590151 ], [ -89.758732, 37.591628 ], [ -89.756122, 37.592286 ], [ -89.75291, 37.591927 ], [ -89.748588, 37.590217 ], [ -89.74348, 37.592669 ], [ -89.739293, 37.590875 ], [ -89.737144, 37.590624 ], [ -89.736057, 37.591206 ], [ -89.735719, 37.59227 ], [ -89.73757, 37.595419 ], [ -89.739899, 37.59718 ], [ -89.740659, 37.599193 ], [ -89.739535, 37.600317 ], [ -89.734951, 37.601558 ], [ -89.729544, 37.600545 ], [ -89.727266, 37.599833 ], [ -89.726219, 37.598015 ], [ -89.722143, 37.595405 ], [ -89.721005, 37.594292 ], [ -89.720493, 37.589487 ], [ -89.719313, 37.587857 ], [ -89.716091, 37.588099 ], [ -89.71461, 37.590245 ], [ -89.716206, 37.594963 ], [ -89.714752, 37.596811 ], [ -89.711123, 37.599428 ], [ -89.709566, 37.599307 ], [ -89.708023, 37.597626 ], [ -89.70394, 37.596022 ], [ -89.701964, 37.596144 ], [ -89.697561, 37.594243 ], [ -89.695234, 37.593927 ], [ -89.693536, 37.595528 ], [ -89.689805, 37.596345 ], [ -89.687026, 37.595577 ], [ -89.684126, 37.593541 ], [ -89.68405, 37.591912 ], [ -89.685953, 37.590819 ], [ -89.68635, 37.588351 ], [ -89.683898, 37.586821 ], [ -89.683655, 37.586117 ], [ -89.681055, 37.584609 ], [ -89.67773, 37.584461 ], [ -89.677116, 37.586915 ], [ -89.677586, 37.591446 ], [ -89.675732, 37.591556 ], [ -89.674544, 37.589879 ], [ -89.674423, 37.589673 ], [ -89.672355, 37.587238 ], [ -89.672184, 37.58338 ], [ -89.671307, 37.584839 ], [ -89.664373, 37.59073 ], [ -89.665323, 37.595282 ], [ -89.665435, 37.598081 ], [ -89.665005, 37.598389 ], [ -89.658482, 37.598319 ], [ -89.654964, 37.598688 ], [ -89.654359, 37.598957 ], [ -89.6532, 37.598947 ], [ -89.650915, 37.597933 ], [ -89.647518, 37.59765 ], [ -89.644695, 37.599218 ], [ -89.641934, 37.602464 ], [ -89.641442, 37.603585 ], [ -89.638927, 37.603595 ], [ -89.638027, 37.601704 ], [ -89.637733, 37.597669 ], [ -89.638777, 37.595617 ], [ -89.640871, 37.594379 ], [ -89.641581, 37.592183 ], [ -89.639328, 37.590173 ], [ -89.63987, 37.587188 ], [ -89.636182, 37.586867 ], [ -89.635243, 37.587354 ], [ -89.634518, 37.59063 ], [ -89.632781, 37.590743 ], [ -89.628184, 37.589476 ], [ -89.626724, 37.587975 ], [ -89.625785, 37.588462 ], [ -89.624744, 37.591097 ], [ -89.624322, 37.593679 ], [ -89.62074, 37.593279 ], [ -89.619211, 37.594776 ], [ -89.616522, 37.592645 ], [ -89.615023, 37.594251 ], [ -89.612092, 37.59595 ], [ -89.611909, 37.597756 ], [ -89.608934, 37.597427 ], [ -89.607861, 37.598612 ], [ -89.608223, 37.599623 ], [ -89.607225, 37.602892 ], [ -89.602828, 37.603225 ], [ -89.602907, 37.598497 ], [ -89.602603, 37.596974 ], [ -89.603574, 37.592056 ], [ -89.602946, 37.591626 ], [ -89.598513, 37.589072 ], [ -89.594309, 37.585167 ], [ -89.592846, 37.58299 ], [ -89.592909, 37.581613 ], [ -89.596492, 37.579014 ], [ -89.593858, 37.576816 ], [ -89.592696, 37.57512 ], [ -89.590882, 37.574689 ], [ -89.590139, 37.575343 ], [ -89.590133, 37.577695 ], [ -89.586171, 37.581175 ], [ -89.583456, 37.58188 ], [ -89.583293, 37.579497 ], [ -89.582218, 37.577006 ], [ -89.582875, 37.575268 ], [ -89.585031, 37.574168 ], [ -89.583639, 37.573425 ], [ -89.581474, 37.571011 ], [ -89.577198, 37.572428 ], [ -89.565764, 37.57369 ], [ -89.559348, 37.575125 ], [ -89.555365, 37.576819 ], [ -89.553981, 37.576644 ], [ -89.549761, 37.574628 ], [ -89.548433, 37.573238 ], [ -89.548907, 37.571063 ], [ -89.548484, 37.569185 ], [ -89.54339, 37.567009 ], [ -89.539588, 37.567708 ], [ -89.538385, 37.569484 ], [ -89.541265, 37.571839 ], [ -89.541115, 37.573591 ], [ -89.54017, 37.574212 ], [ -89.538636, 37.574329 ], [ -89.534928, 37.570815 ], [ -89.533953, 37.569137 ], [ -89.533821, 37.566863 ], [ -89.531719, 37.566072 ], [ -89.529294, 37.564189 ], [ -89.528082, 37.563965 ], [ -89.527508, 37.56567 ], [ -89.524971, 37.566316 ], [ -89.521729567121895, 37.566209522219602 ], [ -89.521925, 37.560735 ], [ -89.521093, 37.553805 ], [ -89.517051, 37.537278 ], [ -89.516447, 37.535558 ], [ -89.5124, 37.52981 ], [ -89.507459, 37.524322 ], [ -89.502917, 37.51787 ], [ -89.500231, 37.512954 ], [ -89.497689, 37.504948 ], [ -89.492051, 37.494008 ], [ -89.482116061507597, 37.480409530394603 ], [ -89.475525, 37.471388 ], [ -89.471201, 37.466473 ], [ -89.454573630958393, 37.452991615966802 ], [ -89.450969, 37.450069 ], [ -89.445649252191004, 37.444419080577397 ], [ -89.443493, 37.442129 ], [ -89.439769, 37.4372 ], [ -89.43413, 37.426847 ], [ -89.42594, 37.407471 ], [ -89.424591488639905, 37.403458839150403 ], [ -89.422465, 37.397132 ], [ -89.42132, 37.392077 ], [ -89.421054, 37.387668 ], [ -89.422037, 37.38053 ], [ -89.428185, 37.356158 ], [ -89.429435312865493, 37.352774989915702 ], [ -89.429738, 37.351956 ], [ -89.432836, 37.347056 ], [ -89.43604, 37.344441 ], [ -89.447556, 37.340475 ], [ -89.454723, 37.339283 ], [ -89.474569, 37.338165 ], [ -89.484211, 37.335646 ], [ -89.486518149839299, 37.3345496947572 ], [ -89.489005, 37.333368 ], [ -89.489135765826106, 37.333248106435299 ], [ -89.489319882834195, 37.333079297465403 ], [ -89.491194, 37.331361 ], [ -89.49516, 37.324795 ], [ -89.49909, 37.32149 ], [ -89.508174, 37.315662 ], [ -89.509699, 37.31426 ], [ -89.510555938578094, 37.3128864190314 ], [ -89.511842, 37.310825 ], [ -89.512107890848299, 37.309973061549996 ], [ -89.514042, 37.303776 ], [ -89.514605, 37.299323 ], [ -89.515291159080505, 37.296930503417201 ], [ -89.515741, 37.295362 ], [ -89.517692, 37.29204 ], [ -89.517900524657193, 37.291241002526 ], [ -89.518393, 37.289354 ], [ -89.518389155253104, 37.2890742039854 ], [ -89.51834, 37.285497 ], [ -89.517032, 37.28192 ], [ -89.513905, 37.277164 ], [ -89.506773, 37.268537 ], [ -89.502303, 37.263738 ], [ -89.496386, 37.258474 ], [ -89.489915, 37.251315 ], [ -89.488728187582595, 37.251507483022301 ], [ -89.490219, 37.24721 ], [ -89.491164, 37.24653 ], [ -89.497821, 37.246345 ], [ -89.498669, 37.24514 ], [ -89.503804, 37.247501 ], [ -89.505045, 37.245639 ], [ -89.507077, 37.243993 ], [ -89.509385, 37.244241 ], [ -89.509679, 37.246042 ], [ -89.510771, 37.246344 ], [ -89.513445, 37.244456 ], [ -89.51826, 37.243568 ], [ -89.517957, 37.245551 ], [ -89.520489, 37.247325 ], [ -89.521851, 37.247337 ], [ -89.546448, 37.247296 ], [ -89.546502, 37.240222 ], [ -89.547321, 37.240229 ], [ -89.565054, 37.240381 ], [ -89.566828, 37.24038 ], [ -89.571642, 37.240307 ], [ -89.583475, 37.240319 ], [ -89.583476, 37.23292 ], [ -89.620256, 37.233008 ], [ -89.620457, 37.21828 ], [ -89.632917, 37.218279 ], [ -89.649659, 37.218268 ], [ -89.649464, 37.20619 ], [ -89.667422, 37.206126 ], [ -89.667426, 37.198754 ], [ -89.685996, 37.198486 ], [ -89.685848, 37.184005 ], [ -89.704168, 37.183964 ], [ -89.703797, 37.155161 ], [ -89.703797, 37.155049 ], [ -89.722045, 37.155074 ], [ -89.721783, 37.14056 ], [ -89.758515, 37.140608 ], [ -89.758224, 37.126039 ], [ -89.762907, 37.126056 ], [ -89.765211, 37.126066 ], [ -89.818061, 37.126069 ], [ -89.821758, 37.126085 ], [ -89.865532, 37.126305 ], [ -89.866627, 37.126227 ], [ -89.866704, 37.177052 ], [ -89.866721, 37.184364 ], [ -89.866788, 37.213998 ], [ -89.866794, 37.21633 ], [ -89.8668, 37.218975 ] ] ] ] } },
{ "type": "Feature", "properties": { "STATEFP": "29", "COUNTYFP": "189", "COUNTYNS": "00758549", "GEOIDFQ": "0500000US29189", "GEOID": "29189", "NAME": "St. Louis", "NAMELSAD": "St. Louis County", "STUSPS": "MO", "STATE_NAME": "Missouri", "LSAD": "06", "ALAND": 1315699985.0, "AWATER": 39811029.0 }, "geometry": { "type": "MultiPolygon", "coordinates": [ [ [ [ -90.736087, 38.469781 ], [ -90.735744, 38.482785 ], [ -90.735574, 38.490012 ], [ -90.735573, 38.492378 ], [ -90.735571, 38.492503 ], [ -90.735466, 38.497154 ], [ -90.735328, 38.504159 ], [ -90.735324, 38.504336 ], [ -90.734408, 38.534972 ], [ -90.734224, 38.541939 ], [ -90.73388, 38.548944 ], [ -90.732628, 38.5766 ], [ -90.732231, 38.62137 ], [ -90.732328, 38.639302 ], [ -90.711061, 38.644741 ], [ -90.709021, 38.645519 ], [ -90.705811, 38.647253 ], [ -90.704174, 38.649155 ], [ -90.703984, 38.650221 ], [ -90.704672, 38.654139 ], [ -90.704536, 38.655519 ], [ -90.702995, 38.657479 ], [ -90.700484, 38.659172 ], [ -90.697953, 38.66037 ], [ -90.69392, 38.661531 ], [ -90.685058, 38.662833 ], [ -90.683057, 38.663434 ], [ -90.679252, 38.665602 ], [ -90.678579, 38.666513 ], [ -90.67732, 38.669784 ], [ -90.675941, 38.675737 ], [ -90.675023, 38.677902 ], [ -90.675163, 38.680965 ], [ -90.674531, 38.682193 ], [ -90.669721, 38.684686 ], [ -90.662749, 38.687439 ], [ -90.660509, 38.688551 ], [ -90.647342, 38.69052 ], [ -90.642551, 38.690949 ], [ -90.635184, 38.690774 ], [ -90.632647, 38.691078 ], [ -90.62841, 38.690409 ], [ -90.626518, 38.690444 ], [ -90.623805, 38.69028 ], [ -90.619088, 38.688582 ], [ -90.611443, 38.684239 ], [ -90.606548, 38.682983 ], [ -90.6039, 38.681977 ], [ -90.595123, 38.681752 ], [ -90.588614, 38.680503 ], [ -90.579461, 38.681486 ], [ -90.572063, 38.683788 ], [ -90.569983, 38.684073 ], [ -90.568311, 38.683931 ], [ -90.560733, 38.682571 ], [ -90.556828, 38.681518 ], [ -90.554722, 38.681552 ], [ -90.550679, 38.682354 ], [ -90.545806, 38.684129 ], [ -90.541729, 38.686209 ], [ -90.54013, 38.687414 ], [ -90.539288, 38.686778 ], [ -90.537616, 38.688018 ], [ -90.533785, 38.691915 ], [ -90.53173, 38.695302 ], [ -90.530363, 38.69863 ], [ -90.529903, 38.702036 ], [ -90.530378, 38.708195 ], [ -90.533018, 38.720963 ], [ -90.533638, 38.726871 ], [ -90.532943, 38.728777 ], [ -90.531927, 38.730298 ], [ -90.529566, 38.73275 ], [ -90.522147, 38.736272 ], [ -90.521552, 38.736577 ], [ -90.51506, 38.739724 ], [ -90.50627, 38.743366 ], [ -90.498291, 38.746852 ], [ -90.49579, 38.748256 ], [ -90.492149, 38.751793 ], [ -90.485205, 38.759229 ], [ -90.482658, 38.763472 ], [ -90.482455, 38.764013 ], [ -90.482299, 38.764348 ], [ -90.480381, 38.769702 ], [ -90.480192, 38.770514 ], [ -90.477468, 38.778198 ], [ -90.47743, 38.778307 ], [ -90.476499, 38.780896 ], [ -90.475574, 38.783016 ], [ -90.475318, 38.783869 ], [ -90.474192, 38.787625 ], [ -90.473188, 38.790978 ], [ -90.467811, 38.797798 ], [ -90.467186, 38.798545 ], [ -90.461917, 38.80485 ], [ -90.449556, 38.819892 ], [ -90.448117, 38.82205 ], [ -90.440617, 38.82765 ], [ -90.439251, 38.828016 ], [ -90.433516, 38.82955 ], [ -90.430975, 38.829806 ], [ -90.425116, 38.82915 ], [ -90.41932, 38.829277 ], [ -90.415546, 38.828876 ], [ -90.401914, 38.824799 ], [ -90.396732, 38.8237 ], [ -90.394992, 38.823197 ], [ -90.389107, 38.82252 ], [ -90.382268, 38.821942 ], [ -90.37378, 38.822714 ], [ -90.369951, 38.82383 ], [ -90.365801, 38.825878 ], [ -90.362163, 38.82786 ], [ -90.360514, 38.829449 ], [ -90.360302, 38.829679 ], [ -90.350337, 38.840253 ], [ -90.349113, 38.841695 ], [ -90.344965, 38.849372 ], [ -90.344914, 38.850849 ], [ -90.342514, 38.858549 ], [ -90.342414, 38.861749 ], [ -90.342614, 38.866549 ], [ -90.340766, 38.873485 ], [ -90.339241, 38.877239 ], [ -90.336387, 38.882572 ], [ -90.332022, 38.886516 ], [ -90.327536, 38.889056 ], [ -90.3245, 38.890261 ], [ -90.320213, 38.891148 ], [ -90.31423, 38.891146 ], [ -90.308798, 38.890307 ], [ -90.30239, 38.888811 ], [ -90.298743, 38.887759 ], [ -90.293712, 38.885548 ], [ -90.289787, 38.882838 ], [ -90.287923, 38.881647 ], [ -90.283557, 38.877928 ], [ -90.275884, 38.872301 ], [ -90.271673, 38.86687 ], [ -90.270476, 38.864646 ], [ -90.26818, 38.861036 ], [ -90.265918, 38.859033 ], [ -90.259309, 38.854409 ], [ -90.256136, 38.852128 ], [ -90.249014, 38.848848 ], [ -90.245071, 38.847448 ], [ -90.235486, 38.842569 ], [ -90.195678, 38.821261 ], [ -90.188927, 38.81851 ], [ -90.183058, 38.818053 ], [ -90.17765, 38.818859 ], [ -90.173501, 38.820382 ], [ -90.167442, 38.824633 ], [ -90.158459, 38.828787 ], [ -90.15511, 38.829722 ], [ -90.150893, 38.829925 ], [ -90.141608, 38.829448 ], [ -90.132811, 38.825086 ], [ -90.12678, 38.821326 ], [ -90.12528, 38.819807 ], [ -90.123064, 38.816035 ], [ -90.117707, 38.805748 ], [ -90.123107, 38.798048 ], [ -90.146708, 38.783049 ], [ -90.166409, 38.772649 ], [ -90.166713861319806, 38.772269478765097 ], [ -90.182091, 38.774058 ], [ -90.184184, 38.774288 ], [ -90.184025, 38.772383 ], [ -90.183869, 38.770593 ], [ -90.184602, 38.76715 ], [ -90.185051, 38.764831 ], [ -90.185595, 38.763282 ], [ -90.186402, 38.761546 ], [ -90.188411, 38.75883 ], [ -90.193252, 38.753604 ], [ -90.195461, 38.751532 ], [ -90.196512, 38.75027 ], [ -90.196877, 38.749831 ], [ -90.197418, 38.749242 ], [ -90.199885, 38.747033 ], [ -90.205717, 38.741849 ], [ -90.212907, 38.736152 ], [ -90.218096, 38.733531 ], [ -90.221779, 38.730134 ], [ -90.222211, 38.729971 ], [ -90.224627, 38.729041 ], [ -90.228025, 38.728109 ], [ -90.233748, 38.725876 ], [ -90.239724, 38.723607 ], [ -90.240614, 38.723257 ], [ -90.247332, 38.720619 ], [ -90.251773, 38.71885 ], [ -90.253999, 38.716016 ], [ -90.255791, 38.713764 ], [ -90.258717, 38.710087 ], [ -90.259966, 38.708518 ], [ -90.262004, 38.705982 ], [ -90.263094, 38.704609 ], [ -90.264984, 38.702223 ], [ -90.265241, 38.7019 ], [ -90.26572, 38.701294 ], [ -90.275192, 38.689232 ], [ -90.278808, 38.68471 ], [ -90.279915, 38.683294 ], [ -90.28144, 38.681434 ], [ -90.282753, 38.679688 ], [ -90.283725, 38.678462 ], [ -90.285978, 38.675616 ], [ -90.289986, 38.670548 ], [ -90.293833, 38.665687 ], [ -90.29514, 38.664039 ], [ -90.296791, 38.661949 ], [ -90.297037, 38.661637 ], [ -90.297423, 38.661152 ], [ -90.297511, 38.661042 ], [ -90.297824, 38.660645 ], [ -90.300754, 38.656944 ], [ -90.301828, 38.655642 ], [ -90.302161, 38.653625 ], [ -90.30283, 38.649631 ], [ -90.302855, 38.649482 ], [ -90.303402, 38.646184 ], [ -90.303619, 38.644894 ], [ -90.304937, 38.641763 ], [ -90.306433, 38.63359 ], [ -90.307813, 38.632468 ], [ -90.308743, 38.630022 ], [ -90.308964, 38.628897 ], [ -90.309296, 38.626962 ], [ -90.309832, 38.624151 ], [ -90.310027, 38.623092 ], [ -90.310251, 38.621749 ], [ -90.310272, 38.621647 ], [ -90.310851, 38.618205 ], [ -90.312038, 38.615295 ], [ -90.314009, 38.610496 ], [ -90.31701, 38.602956 ], [ -90.318423, 38.599405 ], [ -90.318858, 38.598312 ], [ -90.318976, 38.598015 ], [ -90.320515, 38.594152 ], [ -90.319635, 38.592237 ], [ -90.317449, 38.587377 ], [ -90.31624, 38.584686 ], [ -90.313582, 38.578768 ], [ -90.310417, 38.575627 ], [ -90.310018, 38.575231 ], [ -90.307182, 38.572417 ], [ -90.306958, 38.572194 ], [ -90.297022, 38.562368 ], [ -90.292421, 38.558997 ], [ -90.289766, 38.557072 ], [ -90.287, 38.555474 ], [ -90.283771, 38.553932 ], [ -90.280257, 38.552002 ], [ -90.279957, 38.551845 ], [ -90.277863, 38.550535 ], [ -90.272664, 38.548596 ], [ -90.272251, 38.54817 ], [ -90.271581, 38.544844 ], [ -90.27163, 38.544732 ], [ -90.270728, 38.542002 ], [ -90.271035, 38.538681 ], [ -90.2691, 38.537575 ], [ -90.266872, 38.534267 ], [ -90.265329, 38.53369 ], [ -90.262534, 38.533872 ], [ -90.2577736606992, 38.532006202660497 ], [ -90.260314, 38.528352 ], [ -90.263814, 38.520552 ], [ -90.263828340056094, 38.520510700638503 ], [ -90.263946544327794, 38.520170272336003 ], [ -90.268814, 38.506152 ], [ -90.269989207833007, 38.501404160354703 ], [ -90.271314, 38.496052 ], [ -90.274776794676896, 38.486626465267001 ], [ -90.274914, 38.486253 ], [ -90.275915, 38.479553 ], [ -90.277707809787898, 38.4756957425775 ], [ -90.279215, 38.472453 ], [ -90.282679929466198, 38.457546132398697 ], [ -90.284003, 38.451854 ], [ -90.285836946048704, 38.445731307333297 ], [ -90.287493390747699, 38.440201209095903 ], [ -90.287784, 38.439231 ], [ -90.292782, 38.428651 ], [ -90.297294533040599, 38.425396667348402 ], [ -90.312332, 38.414552 ], [ -90.314402098759004, 38.412478314843099 ], [ -90.326185, 38.400675 ], [ -90.326839021269393, 38.400197424449601 ], [ -90.3302355192845, 38.397717253719499 ], [ -90.334094579895805, 38.394899313261099 ], [ -90.334499, 38.394604 ], [ -90.340897, 38.388813 ], [ -90.341330986556102, 38.388214588664901 ], [ -90.343887, 38.390976 ], [ -90.344162, 38.391491 ], [ -90.344307, 38.396568 ], [ -90.344894, 38.398565 ], [ -90.347031, 38.402599 ], [ -90.347939, 38.405357 ], [ -90.347992, 38.410057 ], [ -90.346336, 38.417076 ], [ -90.346481, 38.418163 ], [ -90.34712, 38.419488 ], [ -90.348175, 38.428349 ], [ -90.348122, 38.430592 ], [ -90.346917, 38.436153 ], [ -90.344993, 38.43757 ], [ -90.340875, 38.440875 ], [ -90.335745, 38.448195 ], [ -90.336135, 38.453491 ], [ -90.338918, 38.455347 ], [ -90.347633, 38.457648 ], [ -90.353631, 38.458217 ], [ -90.358158, 38.457613 ], [ -90.360605, 38.456721 ], [ -90.364893, 38.455408 ], [ -90.376459, 38.452912 ], [ -90.376783, 38.452868 ], [ -90.387387, 38.451394 ], [ -90.391031, 38.450561 ], [ -90.392643, 38.451713 ], [ -90.390702, 38.455369 ], [ -90.391631, 38.457329 ], [ -90.39471, 38.458486 ], [ -90.397408, 38.457477 ], [ -90.400331, 38.454212 ], [ -90.404236, 38.452871 ], [ -90.408658, 38.452536 ], [ -90.411214, 38.453438 ], [ -90.412996, 38.455009 ], [ -90.414408, 38.456971 ], [ -90.41501, 38.46294 ], [ -90.416434, 38.467084 ], [ -90.418928, 38.470969 ], [ -90.422, 38.478166 ], [ -90.421889, 38.479985 ], [ -90.422609, 38.482056 ], [ -90.422231, 38.483359 ], [ -90.420057, 38.483725 ], [ -90.415911, 38.481557 ], [ -90.414513, 38.480821 ], [ -90.411805, 38.480988 ], [ -90.407949, 38.483328 ], [ -90.405636, 38.486542 ], [ -90.405311, 38.487981 ], [ -90.407419, 38.491652 ], [ -90.407619, 38.496353 ], [ -90.405603, 38.498586 ], [ -90.405335, 38.500598 ], [ -90.443863, 38.50106 ], [ -90.448677, 38.501082 ], [ -90.453431, 38.501125 ], [ -90.460328, 38.501214 ], [ -90.461238, 38.501247 ], [ -90.462893, 38.501247 ], [ -90.466266, 38.501235 ], [ -90.467012, 38.501259 ], [ -90.469777, 38.501279 ], [ -90.475345, 38.501171 ], [ -90.475393, 38.501175 ], [ -90.49277, 38.50112 ], [ -90.497564, 38.501189 ], [ -90.503894, 38.501249 ], [ -90.506414, 38.501268 ], [ -90.510358, 38.501318 ], [ -90.512523, 38.501344 ], [ -90.560764, 38.501572 ], [ -90.58411, 38.50171 ], [ -90.588113, 38.501739 ], [ -90.591123, 38.501652 ], [ -90.592892, 38.496965 ], [ -90.594044, 38.495159 ], [ -90.595213, 38.494323 ], [ -90.595914, 38.49375 ], [ -90.598745, 38.487999 ], [ -90.6013, 38.483143 ], [ -90.602652, 38.479617 ], [ -90.604889, 38.477574 ], [ -90.610609, 38.472977 ], [ -90.613685, 38.471328 ], [ -90.618026, 38.471984 ], [ -90.625971, 38.475707 ], [ -90.626331, 38.475903 ], [ -90.628619, 38.47773 ], [ -90.630773, 38.482329 ], [ -90.633746, 38.485782 ], [ -90.64352, 38.487906 ], [ -90.651388, 38.487981 ], [ -90.654043, 38.487541 ], [ -90.655561, 38.486737 ], [ -90.658846, 38.48327 ], [ -90.660703, 38.479195 ], [ -90.660048, 38.476573 ], [ -90.659871, 38.473965 ], [ -90.659064, 38.473113 ], [ -90.658099, 38.469895 ], [ -90.65769, 38.46613 ], [ -90.656479, 38.462463 ], [ -90.65429, 38.459861 ], [ -90.653799, 38.458554 ], [ -90.654733, 38.456078 ], [ -90.657054, 38.45423 ], [ -90.661022, 38.450673 ], [ -90.664639, 38.448755 ], [ -90.674537, 38.446319 ], [ -90.678775, 38.445877 ], [ -90.679576, 38.446635 ], [ -90.681695, 38.44761 ], [ -90.684011, 38.446518 ], [ -90.686546, 38.447542 ], [ -90.685958, 38.448824 ], [ -90.680564, 38.450561 ], [ -90.679104, 38.451411 ], [ -90.677055, 38.453601 ], [ -90.676907, 38.455309 ], [ -90.678799, 38.457879 ], [ -90.680546, 38.458372 ], [ -90.683337, 38.457108 ], [ -90.683625, 38.456158 ], [ -90.683622, 38.455593 ], [ -90.683861, 38.455234 ], [ -90.685446, 38.452908 ], [ -90.686567, 38.452439 ], [ -90.688669, 38.453141 ], [ -90.688669, 38.455599 ], [ -90.687557, 38.456503 ], [ -90.68782, 38.460408 ], [ -90.691695, 38.46267 ], [ -90.693492, 38.464603 ], [ -90.695618, 38.47055 ], [ -90.696932, 38.47191 ], [ -90.70027, 38.47244 ], [ -90.704237, 38.471477 ], [ -90.705195, 38.47177 ], [ -90.705963, 38.472077 ], [ -90.709468, 38.469845 ], [ -90.715528, 38.468742 ], [ -90.717805, 38.468782 ], [ -90.71883, 38.469931 ], [ -90.717719, 38.472034 ], [ -90.715281, 38.472865 ], [ -90.71425, 38.475075 ], [ -90.71712, 38.478267 ], [ -90.721046, 38.480892 ], [ -90.723544, 38.482067 ], [ -90.726486, 38.482655 ], [ -90.730509, 38.482736 ], [ -90.73203, 38.482153 ], [ -90.732083, 38.479514 ], [ -90.73353, 38.475753 ], [ -90.73553, 38.467753 ], [ -90.736167, 38.466869 ], [ -90.736087, 38.469781 ] ] ] ] } },
{ "type": "Feature", "properties": { "STATEFP": "29", "COUNTYFP": "171", "COUNTYNS": "00758540", "GEOIDFQ": "0500000US29171", "GEOID": "29171", "NAME": "Putnam", "NAMELSAD": "Putnam County", "STUSPS": "MO", "STATE_NAME": "Missouri", "LSAD": "06", "ALAND": 1339844722.0, "AWATER": 5942463.0 }, "geometry": { "type": "MultiPolygon", "coordinates": [ [ [ [ -93.375217, 40.552654 ], [ -93.374688, 40.559341 ], [ -93.374386008140604, 40.580334311270498 ], [ -93.345442, 40.580514 ], [ -93.327760396853805, 40.580613723809797 ], [ -93.317605, 40.580671 ], [ -93.288917897024106, 40.580734421384598 ], [ -93.260612, 40.580797 ], [ -93.212395450512204, 40.581591659420702 ], [ -93.204097606719202, 40.581728416609103 ], [ -93.135802, 40.582854 ], [ -93.098507, 40.583973 ], [ -93.097296, 40.584014 ], [ -93.089784002733396, 40.584262082769101 ], [ -93.085517, 40.584403 ], [ -93.066600211978894, 40.584851157762699 ], [ -92.986764501692207, 40.586742546156202 ], [ -92.982370001812399, 40.586846656284798 ], [ -92.976038241560801, 40.586996662063001 ], [ -92.957747, 40.58743 ], [ -92.956596691563107, 40.587452291142903 ], [ -92.943470927357197, 40.587706647519603 ], [ -92.941595, 40.587743 ], [ -92.903544, 40.58786 ], [ -92.889796, 40.588039 ], [ -92.879178, 40.588341 ], [ -92.867308230125701, 40.588218949591202 ], [ -92.863034, 40.588175 ], [ -92.861480423975706, 40.5882259324055 ], [ -92.857391, 40.58836 ], [ -92.835074, 40.588484 ], [ -92.827992, 40.588515 ], [ -92.828061, 40.588593 ], [ -92.757407, 40.588908 ], [ -92.753681676712304, 40.588981401757003 ], [ -92.752893126909598, 40.588996938916203 ], [ -92.748278140241595, 40.589087870119798 ], [ -92.742232, 40.589207 ], [ -92.714597773088499, 40.589564179953797 ], [ -92.716087, 40.586974 ], [ -92.721158, 40.58402 ], [ -92.718847, 40.582808 ], [ -92.714255, 40.582833 ], [ -92.710413, 40.5832 ], [ -92.707682, 40.581645 ], [ -92.702249, 40.580982 ], [ -92.701769, 40.580112 ], [ -92.703329, 40.578991 ], [ -92.700988, 40.577961 ], [ -92.701048, 40.574849 ], [ -92.702428, 40.573545 ], [ -92.701438, 40.572836 ], [ -92.702067, 40.570982 ], [ -92.697086, 40.571005 ], [ -92.695705, 40.571372 ], [ -92.694535, 40.570091 ], [ -92.694504, 40.568283 ], [ -92.692014, 40.571075 ], [ -92.691954, 40.575262 ], [ -92.690094, 40.575376 ], [ -92.689823, 40.570389 ], [ -92.690154, 40.569039 ], [ -92.692224, 40.567528 ], [ -92.703356, 40.565009 ], [ -92.709806, 40.562903 ], [ -92.712237, 40.562559 ], [ -92.717128, 40.564183 ], [ -92.719348, 40.56361 ], [ -92.716527, 40.561918 ], [ -92.716286, 40.560751 ], [ -92.717545, 40.558348 ], [ -92.710795, 40.557182 ], [ -92.705425, 40.558099 ], [ -92.701345, 40.559336 ], [ -92.695285, 40.560572 ], [ -92.693033, 40.563752 ], [ -92.691142, 40.564712 ], [ -92.687271, 40.564117 ], [ -92.685682, 40.563088 ], [ -92.683043, 40.560252 ], [ -92.683463, 40.557552 ], [ -92.682953, 40.556545 ], [ -92.684663, 40.552243 ], [ -92.684423, 40.548513 ], [ -92.686373, 40.547803 ], [ -92.686433, 40.54968 ], [ -92.687693, 40.551259 ], [ -92.689553, 40.551305 ], [ -92.690783, 40.549245 ], [ -92.692374, 40.550252 ], [ -92.694953, 40.548581 ], [ -92.696663, 40.54524 ], [ -92.696782, 40.542586 ], [ -92.700861, 40.537597 ], [ -92.70374, 40.537619 ], [ -92.70161, 40.535103 ], [ -92.704729, 40.534393 ], [ -92.706319, 40.536017 ], [ -92.707638, 40.534987 ], [ -92.704758, 40.532768 ], [ -92.701519, 40.530985 ], [ -92.6981, 40.531305 ], [ -92.69951, 40.52952 ], [ -92.699359, 40.527896 ], [ -92.695851, 40.527187 ], [ -92.694082, 40.527644 ], [ -92.692792, 40.526271 ], [ -92.688984, 40.525242 ], [ -92.687184, 40.524006 ], [ -92.682056, 40.524098 ], [ -92.681456, 40.522015 ], [ -92.679897, 40.522084 ], [ -92.678967, 40.523434 ], [ -92.675129, 40.52348 ], [ -92.672521, 40.520574 ], [ -92.670812, 40.519544 ], [ -92.67525, 40.518469 ], [ -92.677919, 40.516043 ], [ -92.680887, 40.518857 ], [ -92.682986, 40.519018 ], [ -92.688324, 40.51689 ], [ -92.684605, 40.515197 ], [ -92.685895, 40.51355 ], [ -92.685626, 40.510666 ], [ -92.683196, 40.511513 ], [ -92.682807, 40.508218 ], [ -92.683527, 40.505197 ], [ -92.686195, 40.502955 ], [ -92.681518, 40.503 ], [ -92.679989, 40.502062 ], [ -92.680379, 40.500918 ], [ -92.682298, 40.500332 ], [ -92.682328, 40.499373 ], [ -92.680648, 40.498823 ], [ -92.6793, 40.49962 ], [ -92.67888, 40.501375 ], [ -92.676842, 40.501284 ], [ -92.676032, 40.49954 ], [ -92.67837, 40.498457 ], [ -92.677562, 40.495642 ], [ -92.678701, 40.494018 ], [ -92.681699, 40.49237 ], [ -92.685296, 40.48935 ], [ -92.685116, 40.485299 ], [ -92.687274, 40.485391 ], [ -92.688563, 40.487267 ], [ -92.690631, 40.488686 ], [ -92.692699, 40.488274 ], [ -92.693358, 40.48594 ], [ -92.694676, 40.485528 ], [ -92.695036, 40.487176 ], [ -92.696115, 40.487199 ], [ -92.696233, 40.485766 ], [ -92.696325, 40.483996 ], [ -92.697763, 40.48205 ], [ -92.698092, 40.479396 ], [ -92.699171, 40.479488 ], [ -92.700939, 40.48086 ], [ -92.699771, 40.483218 ], [ -92.701179, 40.483995 ], [ -92.701928, 40.483103 ], [ -92.702377, 40.480493 ], [ -92.701298, 40.4788 ], [ -92.701418, 40.476512 ], [ -92.703306, 40.475596 ], [ -92.703666, 40.477129 ], [ -92.704445, 40.476832 ], [ -92.704564, 40.474223 ], [ -92.701148, 40.472873 ], [ -92.703395, 40.471408 ], [ -92.704024, 40.468433 ], [ -92.702256, 40.468457 ], [ -92.700459, 40.469509 ], [ -92.69827, 40.469235 ], [ -92.699949, 40.467175 ], [ -92.702255, 40.465985 ], [ -92.702016, 40.465093 ], [ -92.699379, 40.463903 ], [ -92.700667, 40.463125 ], [ -92.703244, 40.463376 ], [ -92.703813, 40.462118 ], [ -92.708665, 40.460904 ], [ -92.709294, 40.459989 ], [ -92.708305, 40.457929 ], [ -92.708724, 40.456511 ], [ -92.705159, 40.45571 ], [ -92.705159, 40.454063 ], [ -92.703241, 40.453537 ], [ -92.702612, 40.45134 ], [ -92.704079, 40.449326 ], [ -92.701383, 40.449395 ], [ -92.702701, 40.447358 ], [ -92.705996, 40.447747 ], [ -92.70932, 40.445893 ], [ -92.710128, 40.443989 ], [ -92.70872, 40.441842 ], [ -92.706084, 40.440424 ], [ -92.702609, 40.439852 ], [ -92.701261, 40.436557 ], [ -92.700153, 40.436146 ], [ -92.694493, 40.435666 ], [ -92.695032, 40.433195 ], [ -92.697907, 40.433377 ], [ -92.698325, 40.43038 ], [ -92.701499, 40.430121 ], [ -92.70087, 40.428663 ], [ -92.697516, 40.426124 ], [ -92.693234, 40.425575 ], [ -92.694013, 40.424019 ], [ -92.693564, 40.422898 ], [ -92.691707, 40.422303 ], [ -92.69006, 40.420884 ], [ -92.688234, 40.420907 ], [ -92.687875, 40.419946 ], [ -92.685389, 40.419351 ], [ -92.683532, 40.420542 ], [ -92.683231, 40.418322 ], [ -92.678562, 40.418389 ], [ -92.676128, 40.416052 ], [ -92.674731, 40.415483 ], [ -92.675869, 40.414636 ], [ -92.67551, 40.413355 ], [ -92.672127, 40.413675 ], [ -92.670331, 40.412119 ], [ -92.67093, 40.409991 ], [ -92.66884, 40.409498 ], [ -92.666093, 40.410457 ], [ -92.664616, 40.409401 ], [ -92.667478, 40.408258 ], [ -92.673236, 40.407749 ], [ -92.674435, 40.406741 ], [ -92.674644, 40.40498 ], [ -92.672909, 40.403492 ], [ -92.674046, 40.403172 ], [ -92.676261, 40.404453 ], [ -92.676949, 40.406307 ], [ -92.675991, 40.407359 ], [ -92.677128, 40.407954 ], [ -92.679284, 40.406948 ], [ -92.679733, 40.403767 ], [ -92.676082, 40.401365 ], [ -92.671083, 40.399488 ], [ -92.667821, 40.398686 ], [ -92.666175, 40.397677 ], [ -92.666145, 40.396512 ], [ -92.670337, 40.394728 ], [ -92.670966, 40.392806 ], [ -92.672073, 40.391524 ], [ -92.673839, 40.392119 ], [ -92.675873, 40.395369 ], [ -92.67725, 40.395369 ], [ -92.680722, 40.393973 ], [ -92.682278, 40.392851 ], [ -92.682817, 40.395346 ], [ -92.686019, 40.39427 ], [ -92.685481, 40.389465 ], [ -92.686595, 40.386902 ], [ -92.686743, 40.386818 ], [ -92.687037, 40.385964 ], [ -92.685122, 40.384133 ], [ -92.685242, 40.382601 ], [ -92.687576, 40.381204 ], [ -92.687246, 40.380266 ], [ -92.682683, 40.376022 ], [ -92.684154, 40.37353 ], [ -92.686398, 40.374638 ], [ -92.687189, 40.374187 ], [ -92.686086, 40.3708 ], [ -92.685054, 40.369936 ], [ -92.686247, 40.367278 ], [ -92.683165, 40.36192 ], [ -92.681965, 40.361015 ], [ -92.683557, 40.360502 ], [ -92.683632, 40.358334 ], [ -92.685139, 40.359424 ], [ -92.686005, 40.358257 ], [ -92.684331, 40.355925 ], [ -92.685813, 40.35105 ], [ -92.685152, 40.348494 ], [ -92.684373, 40.347493 ], [ -92.680739, 40.346374 ], [ -92.683058, 40.345475 ], [ -92.684167, 40.343466 ], [ -92.686852, 40.343427 ], [ -92.724584, 40.342666 ], [ -92.743625, 40.342952 ], [ -92.743615, 40.342481 ], [ -92.818537, 40.342723 ], [ -92.855629, 40.342736 ], [ -92.855313, 40.385894 ], [ -92.954408, 40.384944 ], [ -92.968314, 40.384772 ], [ -92.969357, 40.384995 ], [ -93.026165, 40.385732 ], [ -93.028877, 40.385886 ], [ -93.031922, 40.385881 ], [ -93.069918, 40.386211 ], [ -93.083929, 40.386451 ], [ -93.085601, 40.386325 ], [ -93.087058, 40.38642 ], [ -93.17017, 40.385533 ], [ -93.17081, 40.385646 ], [ -93.195674, 40.385549 ], [ -93.196222, 40.385445 ], [ -93.309814, 40.383504 ], [ -93.366935, 40.382999 ], [ -93.367014, 40.412212 ], [ -93.367015, 40.426635 ], [ -93.366994, 40.45211 ], [ -93.366795, 40.455945 ], [ -93.366968, 40.471794 ], [ -93.374471, 40.471949 ], [ -93.37482, 40.472553 ], [ -93.375217, 40.552654 ] ] ] ] } },
{ "type": "Feature", "properties": { "STATEFP": "29", "COUNTYFP": "023", "COUNTYNS": "00758466", "GEOIDFQ": "0500000US29023", "GEOID": "29023", "NAME": "Butler", "NAMELSAD": "Butler County", "STUSPS": "MO", "STATE_NAME": "Missouri", "LSAD": "06", "ALAND": 1799410880.0, "AWATER": 11191324.0 }, "geometry": { "type": "MultiPolygon", "coordinates": [ [ [ [ -90.678562, 36.92649 ], [ -90.630509, 36.926168 ], [ -90.570081, 36.926565 ], [ -90.569522, 36.927123 ], [ -90.552954, 36.926743 ], [ -90.522921, 36.926873 ], [ -90.516646, 36.926796 ], [ -90.505165, 36.926628 ], [ -90.500114, 36.926603 ], [ -90.498746, 36.926632 ], [ -90.425015, 36.92594 ], [ -90.406714, 36.925926 ], [ -90.374909, 36.925853 ], [ -90.352708, 36.926653 ], [ -90.352708, 36.926053 ], [ -90.331689, 36.925458 ], [ -90.325107, 36.925453 ], [ -90.318908, 36.924902 ], [ -90.313604, 36.924831 ], [ -90.309647, 36.924474 ], [ -90.29927, 36.924252 ], [ -90.288602, 36.923857 ], [ -90.284822, 36.923779 ], [ -90.258563, 36.922043 ], [ -90.259362, 36.919014 ], [ -90.258546, 36.913396 ], [ -90.25755, 36.912049 ], [ -90.255562, 36.911238 ], [ -90.25224, 36.911546 ], [ -90.249316, 36.911331 ], [ -90.248465, 36.910832 ], [ -90.250575, 36.908775 ], [ -90.252682, 36.908567 ], [ -90.25697, 36.909198 ], [ -90.259757, 36.907633 ], [ -90.258036, 36.906435 ], [ -90.257409, 36.90729 ], [ -90.254846, 36.906541 ], [ -90.254511, 36.905419 ], [ -90.252717, 36.903196 ], [ -90.252564, 36.901529 ], [ -90.253266, 36.899093 ], [ -90.251717, 36.89795 ], [ -90.248657, 36.897583 ], [ -90.24736, 36.896194 ], [ -90.247133, 36.894893 ], [ -90.249722, 36.893468 ], [ -90.249678, 36.892213 ], [ -90.248064, 36.891915 ], [ -90.245161, 36.89255 ], [ -90.245027, 36.890479 ], [ -90.247421, 36.888761 ], [ -90.249745, 36.88972 ], [ -90.251966, 36.887702 ], [ -90.250996, 36.884495 ], [ -90.251429, 36.883021 ], [ -90.252999, 36.88188 ], [ -90.250765, 36.881161 ], [ -90.248068, 36.87925 ], [ -90.248109, 36.878389 ], [ -90.251303, 36.878242 ], [ -90.251764, 36.876969 ], [ -90.253152, 36.876619 ], [ -90.255084, 36.879417 ], [ -90.256651, 36.879718 ], [ -90.256376, 36.877142 ], [ -90.255607, 36.875695 ], [ -90.25413, 36.871239 ], [ -90.253279, 36.869571 ], [ -90.25136, 36.867839 ], [ -90.249022, 36.867321 ], [ -90.245749, 36.868579 ], [ -90.244869, 36.868543 ], [ -90.242933, 36.865049 ], [ -90.239833, 36.864371 ], [ -90.240189, 36.861846 ], [ -90.24124, 36.860788 ], [ -90.240907, 36.859426 ], [ -90.239212, 36.86052 ], [ -90.238185, 36.862937 ], [ -90.236958, 36.862679 ], [ -90.234659, 36.859372 ], [ -90.235073, 36.857779 ], [ -90.233843, 36.857132 ], [ -90.230464, 36.85874 ], [ -90.228868, 36.856273 ], [ -90.231808, 36.85346 ], [ -90.23064, 36.8527 ], [ -90.228997, 36.852869 ], [ -90.227762, 36.854091 ], [ -90.225713, 36.85508 ], [ -90.224984, 36.854493 ], [ -90.225597, 36.852914 ], [ -90.227068, 36.851786 ], [ -90.229805, 36.850117 ], [ -90.227802, 36.849118 ], [ -90.224831, 36.846698 ], [ -90.223636, 36.847854 ], [ -90.223765, 36.849415 ], [ -90.222277, 36.850474 ], [ -90.220971, 36.848843 ], [ -90.221147, 36.845725 ], [ -90.220036, 36.844804 ], [ -90.217175, 36.843838 ], [ -90.216321, 36.842811 ], [ -90.217114, 36.84078 ], [ -90.218956, 36.838552 ], [ -90.222428, 36.838658 ], [ -90.221664, 36.836856 ], [ -90.222071, 36.835286 ], [ -90.224423, 36.832396 ], [ -90.224467, 36.831273 ], [ -90.22202, 36.830734 ], [ -90.219993, 36.828352 ], [ -90.217531, 36.826524 ], [ -90.219756, 36.824591 ], [ -90.221959, 36.821453 ], [ -90.22182, 36.820332 ], [ -90.219008, 36.81922 ], [ -90.217612, 36.818177 ], [ -90.21714, 36.820609 ], [ -90.21314, 36.821082 ], [ -90.21233, 36.820718 ], [ -90.211665, 36.818805 ], [ -90.210348, 36.817552 ], [ -90.210918, 36.816852 ], [ -90.214442, 36.817385 ], [ -90.216018, 36.816027 ], [ -90.216299, 36.814595 ], [ -90.212771, 36.812581 ], [ -90.210387, 36.81224 ], [ -90.208956, 36.813523 ], [ -90.208056, 36.813462 ], [ -90.207888, 36.811525 ], [ -90.209086, 36.808581 ], [ -90.207771, 36.807966 ], [ -90.202755, 36.808807 ], [ -90.201175, 36.806858 ], [ -90.199022, 36.8053 ], [ -90.197911, 36.804143 ], [ -90.198111, 36.803063 ], [ -90.199629, 36.802773 ], [ -90.203655, 36.803432 ], [ -90.203891, 36.801679 ], [ -90.201452, 36.798823 ], [ -90.20133, 36.797237 ], [ -90.199453, 36.795724 ], [ -90.197632, 36.792713 ], [ -90.198061, 36.791693 ], [ -90.199147, 36.792132 ], [ -90.200881, 36.794242 ], [ -90.202571, 36.793572 ], [ -90.202579, 36.79227 ], [ -90.201339, 36.790371 ], [ -90.199709, 36.787037 ], [ -90.200095, 36.786541 ], [ -90.201753, 36.78634 ], [ -90.203505, 36.786425 ], [ -90.20317, 36.785759 ], [ -90.200376, 36.782453 ], [ -90.201999, 36.78035 ], [ -90.202167, 36.779776 ], [ -90.200997, 36.77721 ], [ -90.201739, 36.776438 ], [ -90.205386, 36.775169 ], [ -90.206164, 36.77386 ], [ -90.204205, 36.772262 ], [ -90.200945, 36.773512 ], [ -90.198594, 36.773309 ], [ -90.197624, 36.770749 ], [ -90.196438, 36.769526 ], [ -90.193837, 36.769346 ], [ -90.191664, 36.770662 ], [ -90.19071, 36.772329 ], [ -90.189446, 36.772033 ], [ -90.188113, 36.769562 ], [ -90.189841, 36.767799 ], [ -90.190711, 36.76437 ], [ -90.190574, 36.76325 ], [ -90.189298, 36.762513 ], [ -90.184806, 36.76194 ], [ -90.1829, 36.759257 ], [ -90.183485, 36.757459 ], [ -90.186964, 36.757197 ], [ -90.18744, 36.755814 ], [ -90.184601, 36.755233 ], [ -90.181158, 36.754031 ], [ -90.179766, 36.752645 ], [ -90.177457, 36.751938 ], [ -90.175308, 36.751973 ], [ -90.175021, 36.751333 ], [ -90.17661, 36.748181 ], [ -90.175216, 36.747751 ], [ -90.172762, 36.748427 ], [ -90.17253, 36.747543 ], [ -90.174709, 36.745147 ], [ -90.176017, 36.744974 ], [ -90.177785, 36.745733 ], [ -90.178466, 36.744564 ], [ -90.177021, 36.742232 ], [ -90.173333, 36.741063 ], [ -90.171376, 36.741112 ], [ -90.168141, 36.742307 ], [ -90.168946, 36.74039 ], [ -90.168046, 36.737231 ], [ -90.169076, 36.735594 ], [ -90.166239, 36.735527 ], [ -90.162453, 36.734163 ], [ -90.165033, 36.731898 ], [ -90.162766, 36.727285 ], [ -90.161268, 36.725841 ], [ -90.164474, 36.72492 ], [ -90.163525, 36.724131 ], [ -90.15805, 36.722976 ], [ -90.157581, 36.719538 ], [ -90.155981, 36.716017 ], [ -90.15485, 36.715626 ], [ -90.152794, 36.717831 ], [ -90.151623, 36.716346 ], [ -90.15396, 36.710993 ], [ -90.1531, 36.709301 ], [ -90.150949, 36.709305 ], [ -90.149426, 36.71067 ], [ -90.148403, 36.710559 ], [ -90.148855, 36.70921 ], [ -90.152674, 36.707215 ], [ -90.152301, 36.705313 ], [ -90.153524, 36.702674 ], [ -90.150685, 36.699732 ], [ -90.145818, 36.698935 ], [ -90.147009, 36.695571 ], [ -90.146259, 36.695159 ], [ -90.144296, 36.69672 ], [ -90.143391, 36.69889 ], [ -90.141515, 36.698216 ], [ -90.139804, 36.696072 ], [ -90.13972, 36.693982 ], [ -90.140528, 36.693271 ], [ -90.143764, 36.693919 ], [ -90.146786, 36.693692 ], [ -90.14581, 36.691278 ], [ -90.142426, 36.689972 ], [ -90.141538, 36.688486 ], [ -90.139902, 36.68797 ], [ -90.139868, 36.686918 ], [ -90.141854, 36.686395 ], [ -90.144299, 36.686852 ], [ -90.145687, 36.685264 ], [ -90.149195, 36.684245 ], [ -90.147957, 36.681788 ], [ -90.144856, 36.681608 ], [ -90.142071, 36.680521 ], [ -90.143089, 36.679601 ], [ -90.146903, 36.678792 ], [ -90.149088, 36.67922 ], [ -90.149153, 36.677162 ], [ -90.147498, 36.675455 ], [ -90.144398, 36.673355 ], [ -90.146151, 36.67288 ], [ -90.148831, 36.673415 ], [ -90.149291, 36.672047 ], [ -90.146796, 36.671175 ], [ -90.142475, 36.671632 ], [ -90.140398, 36.670856 ], [ -90.139698, 36.669157 ], [ -90.141365, 36.668044 ], [ -90.143078, 36.668174 ], [ -90.142949, 36.666545 ], [ -90.140863, 36.666108 ], [ -90.138195, 36.667427 ], [ -90.136844, 36.667413 ], [ -90.137133, 36.664758 ], [ -90.136653, 36.663585 ], [ -90.134457, 36.662529 ], [ -90.135118, 36.660513 ], [ -90.137313, 36.659227 ], [ -90.140878, 36.659633 ], [ -90.142098, 36.657356 ], [ -90.144722, 36.656807 ], [ -90.14699, 36.657501 ], [ -90.14662, 36.656057 ], [ -90.143498, 36.653155 ], [ -90.143098, 36.652056 ], [ -90.144822, 36.649462 ], [ -90.144131, 36.648728 ], [ -90.139698, 36.648253 ], [ -90.139197, 36.647255 ], [ -90.139999, 36.645058 ], [ -90.138798, 36.642356 ], [ -90.140719, 36.640935 ], [ -90.142635, 36.641228 ], [ -90.1494, 36.640695 ], [ -90.14713, 36.639075 ], [ -90.145534, 36.640248 ], [ -90.144278, 36.640248 ], [ -90.142298, 36.638155 ], [ -90.143398, 36.636256 ], [ -90.144998, 36.635256 ], [ -90.144146, 36.6338 ], [ -90.147504, 36.633155 ], [ -90.149628, 36.633479 ], [ -90.149491, 36.631919 ], [ -90.148398, 36.630656 ], [ -90.146496, 36.630416 ], [ -90.146558, 36.629591 ], [ -90.148054, 36.629024 ], [ -90.150159, 36.630334 ], [ -90.151223, 36.630208 ], [ -90.151484, 36.62849 ], [ -90.153878, 36.628825 ], [ -90.154379, 36.630413 ], [ -90.155472, 36.629835 ], [ -90.155331, 36.628694 ], [ -90.153105, 36.626509 ], [ -90.151347, 36.626116 ], [ -90.150254, 36.627604 ], [ -90.148934, 36.627896 ], [ -90.147281, 36.625118 ], [ -90.147636, 36.623514 ], [ -90.149336, 36.622032 ], [ -90.151616, 36.621839 ], [ -90.152859, 36.62252 ], [ -90.153389, 36.623801 ], [ -90.155453, 36.624981 ], [ -90.156243, 36.626275 ], [ -90.156997, 36.626355 ], [ -90.15643, 36.624028 ], [ -90.156365, 36.620552 ], [ -90.15472, 36.619719 ], [ -90.157134, 36.619372 ], [ -90.157856, 36.620763 ], [ -90.160677, 36.622527 ], [ -90.161152, 36.621536 ], [ -90.159786, 36.619679 ], [ -90.156721, 36.618316 ], [ -90.156044, 36.617174 ], [ -90.158765, 36.614202 ], [ -90.160459, 36.613219 ], [ -90.161886, 36.614431 ], [ -90.162033, 36.618697 ], [ -90.163489, 36.619239 ], [ -90.165079, 36.616653 ], [ -90.168559, 36.614975 ], [ -90.167001, 36.613751 ], [ -90.166629, 36.611975 ], [ -90.167567, 36.610075 ], [ -90.166025, 36.609654 ], [ -90.162473, 36.60762 ], [ -90.161902, 36.60587 ], [ -90.162911, 36.604213 ], [ -90.16429, 36.604151 ], [ -90.168615, 36.605392 ], [ -90.17001, 36.604344 ], [ -90.170275, 36.602156 ], [ -90.175853, 36.600697 ], [ -90.175798, 36.602868 ], [ -90.173494, 36.60522 ], [ -90.174437, 36.606335 ], [ -90.176262, 36.605173 ], [ -90.177413, 36.602322 ], [ -90.17725, 36.600208 ], [ -90.176423, 36.599155 ], [ -90.174842, 36.598822 ], [ -90.17452, 36.596936 ], [ -90.176054, 36.596841 ], [ -90.176103, 36.595889 ], [ -90.173677, 36.593285 ], [ -90.175915, 36.592736 ], [ -90.179704, 36.594551 ], [ -90.179613, 36.597271 ], [ -90.181673, 36.596704 ], [ -90.182544, 36.59256 ], [ -90.184231, 36.590279 ], [ -90.182921, 36.590172 ], [ -90.181044, 36.588857 ], [ -90.181051, 36.588138 ], [ -90.182767, 36.587962 ], [ -90.185693, 36.588392 ], [ -90.186992, 36.587629 ], [ -90.186631, 36.586416 ], [ -90.185038, 36.584621 ], [ -90.185145, 36.58223 ], [ -90.183958, 36.582091 ], [ -90.182166, 36.58318 ], [ -90.180878, 36.58325 ], [ -90.180791, 36.582121 ], [ -90.182372, 36.580985 ], [ -90.185675, 36.580544 ], [ -90.187633, 36.578752 ], [ -90.186924, 36.577234 ], [ -90.18257, 36.576055 ], [ -90.182981, 36.574827 ], [ -90.184687, 36.574334 ], [ -90.185088, 36.573417 ], [ -90.183837, 36.571097 ], [ -90.18068, 36.569487 ], [ -90.184228, 36.565808 ], [ -90.184347, 36.564388 ], [ -90.182802, 36.561768 ], [ -90.182838, 36.560401 ], [ -90.184217, 36.560689 ], [ -90.187402, 36.557282 ], [ -90.188546, 36.554623 ], [ -90.187081, 36.553728 ], [ -90.187113, 36.550887 ], [ -90.185666, 36.548485 ], [ -90.188328, 36.546347 ], [ -90.189113, 36.544473 ], [ -90.192074, 36.543889 ], [ -90.1936, 36.54551 ], [ -90.193689, 36.547067 ], [ -90.190997, 36.547188 ], [ -90.190025, 36.548234 ], [ -90.191254, 36.54968 ], [ -90.194716, 36.547773 ], [ -90.196032, 36.547598 ], [ -90.198155, 36.548468 ], [ -90.198314, 36.546818 ], [ -90.200004, 36.545085 ], [ -90.199519, 36.541715 ], [ -90.200122, 36.541266 ], [ -90.204222, 36.540923 ], [ -90.204358, 36.54479 ], [ -90.205264, 36.54511 ], [ -90.207358, 36.544094 ], [ -90.209954, 36.542034 ], [ -90.208516, 36.539473 ], [ -90.209697, 36.537326 ], [ -90.211815, 36.537306 ], [ -90.211572, 36.534372 ], [ -90.208847, 36.533111 ], [ -90.208406, 36.531199 ], [ -90.205875, 36.531556 ], [ -90.205234, 36.530316 ], [ -90.206791, 36.528819 ], [ -90.209458, 36.530121 ], [ -90.212344, 36.528676 ], [ -90.215349, 36.529705 ], [ -90.217065, 36.527377 ], [ -90.216717, 36.52588 ], [ -90.214704, 36.524445 ], [ -90.21364, 36.522908 ], [ -90.215312, 36.522939 ], [ -90.218011, 36.521848 ], [ -90.219942, 36.522033 ], [ -90.218834, 36.518512 ], [ -90.216583, 36.515651 ], [ -90.218367, 36.513395 ], [ -90.219504, 36.509976 ], [ -90.220835, 36.507799 ], [ -90.218656, 36.508228 ], [ -90.216779, 36.507701 ], [ -90.216544, 36.506458 ], [ -90.219131, 36.504868 ], [ -90.218894, 36.502935 ], [ -90.217057, 36.502693 ], [ -90.217941, 36.500428 ], [ -90.217694256634303, 36.497803702176597 ], [ -90.220702, 36.497858 ], [ -90.2207319861011, 36.497857683437601 ], [ -90.228943, 36.497771 ], [ -90.245905882171002, 36.497838576939998 ], [ -90.265493917885607, 36.497916611999301 ], [ -90.317781916668295, 36.498124917576199 ], [ -90.326401732059495, 36.498159257303499 ], [ -90.339892, 36.498213 ], [ -90.370795863754097, 36.4982439671967 ], [ -90.376617950336794, 36.498249801214797 ], [ -90.425980887504593, 36.498299265314003 ], [ -90.431636153857994, 36.498304932170001 ], [ -90.439099998585803, 36.498312411310799 ], [ -90.467422089391405, 36.498340791443503 ], [ -90.494575, 36.498368 ], [ -90.495027, 36.498371 ], [ -90.50016, 36.498399 ], [ -90.514181022477501, 36.498407676375301 ], [ -90.576112, 36.498446 ], [ -90.576179556008995, 36.498446373278099 ], [ -90.576102, 36.499923 ], [ -90.574959, 36.576822 ], [ -90.574759, 36.59185 ], [ -90.592753, 36.592124 ], [ -90.593005, 36.592445 ], [ -90.592783, 36.613798 ], [ -90.592609, 36.628333 ], [ -90.59249, 36.635629 ], [ -90.592418, 36.650211 ], [ -90.592338, 36.660958 ], [ -90.592364, 36.664066 ], [ -90.59222, 36.672413 ], [ -90.592166, 36.679368 ], [ -90.628387, 36.679544 ], [ -90.628047, 36.692968 ], [ -90.627717, 36.750042 ], [ -90.627785, 36.751405 ], [ -90.627676, 36.752782 ], [ -90.627663, 36.766408 ], [ -90.627614, 36.781392 ], [ -90.627517, 36.810954 ], [ -90.662617, 36.811453 ], [ -90.661797, 36.853759 ], [ -90.6615, 36.87434 ], [ -90.661244, 36.882909 ], [ -90.679729, 36.883107 ], [ -90.678562, 36.92649 ] ] ] ] } },
{ "type": "Feature", "properties": { "STATEFP": "29", "COUNTYFP": "037", "COUNTYNS": "00758473", "GEOIDFQ": "0500000US29037", "GEOID": "29037", "NAME": "Cass", "NAMELSAD": "Cass County", "STUSPS": "MO", "STATE_NAME": "Missouri", "LSAD": "06", "ALAND": 1804223316.0, "AWATER": 14963188.0 }, "geometry": { "type": "MultiPolygon", "coordinates": [ [ [ [ -94.612696, 38.483154 ], [ -94.612726, 38.484367 ], [ -94.612644, 38.491644 ], [ -94.612642649993504, 38.491848217513301 ], [ -94.612616264985604, 38.495839517380901 ], [ -94.612546823884898, 38.506343977209099 ], [ -94.6124647571677, 38.5187583330626 ], [ -94.612453132412995, 38.520516827204098 ], [ -94.612272, 38.547917 ], [ -94.612157, 38.549817 ], [ -94.612168172246797, 38.565533999166703 ], [ -94.612176, 38.576546 ], [ -94.611902, 38.58011 ], [ -94.611887, 38.580139 ], [ -94.611905562149303, 38.605890004618999 ], [ -94.611908, 38.609272 ], [ -94.611858, 38.620485 ], [ -94.611854714655905, 38.620522835794297 ], [ -94.611847540920195, 38.620605452404199 ], [ -94.611465, 38.625011 ], [ -94.611602, 38.635384 ], [ -94.610843155858305, 38.672624647541397 ], [ -94.609842916040193, 38.721711906014498 ], [ -94.609508942173704, 38.7381018369191 ], [ -94.609499277490301, 38.738576135985902 ], [ -94.609456, 38.7407 ], [ -94.609399, 38.74244 ], [ -94.609039422514797, 38.760610578307499 ], [ -94.608908788061697, 38.767211947020201 ], [ -94.608614330130294, 38.782091829997299 ], [ -94.608462613333302, 38.789758555678901 ], [ -94.608041, 38.811064 ], [ -94.608040301989305, 38.811091678808701 ], [ -94.608040187173799, 38.811096231684303 ], [ -94.607906483084903, 38.816398113055499 ], [ -94.607668979358905, 38.825816049268198 ], [ -94.6076261774393, 38.827513310003297 ], [ -94.607625, 38.82756 ], [ -94.607670854313596, 38.829768087497897 ], [ -94.607711181096306, 38.83171 ], [ -94.6077362254333, 38.832915995318501 ], [ -94.608033, 38.847207 ], [ -94.593789, 38.846564 ], [ -94.585572, 38.8462 ], [ -94.564633, 38.845207 ], [ -94.56269, 38.844992 ], [ -94.56208, 38.845002 ], [ -94.5452, 38.844161 ], [ -94.541828, 38.843994 ], [ -94.537827, 38.84403 ], [ -94.532213, 38.843784 ], [ -94.529564, 38.843652 ], [ -94.526849, 38.843281 ], [ -94.521613, 38.843075 ], [ -94.510121, 38.842464 ], [ -94.509068, 38.842302 ], [ -94.499422, 38.842035 ], [ -94.49213, 38.841707 ], [ -94.490031, 38.841713 ], [ -94.480309, 38.841354 ], [ -94.45503, 38.840419 ], [ -94.441401, 38.839943 ], [ -94.436905, 38.839783 ], [ -94.436806, 38.839713 ], [ -94.436649, 38.839707 ], [ -94.432321, 38.839634 ], [ -94.431168, 38.839615 ], [ -94.426801, 38.839506 ], [ -94.418523, 38.839316 ], [ -94.399447, 38.838809 ], [ -94.39001, 38.838543 ], [ -94.380916, 38.83821 ], [ -94.378872, 38.838109 ], [ -94.376002, 38.838005 ], [ -94.361971, 38.837602 ], [ -94.353948, 38.837291 ], [ -94.348105, 38.837115 ], [ -94.343622, 38.837021 ], [ -94.335364, 38.836923 ], [ -94.327195, 38.836599 ], [ -94.324627, 38.83659 ], [ -94.320327, 38.836055 ], [ -94.31657, 38.836101 ], [ -94.287593, 38.835084 ], [ -94.278167, 38.835056 ], [ -94.271604, 38.835043 ], [ -94.267951, 38.835037 ], [ -94.263003, 38.835032 ], [ -94.230672, 38.834874 ], [ -94.212074, 38.834854 ], [ -94.165433, 38.834562 ], [ -94.128154, 38.833398 ], [ -94.126038, 38.833109 ], [ -94.120778, 38.833006 ], [ -94.119096, 38.833167 ], [ -94.119578, 38.832872 ], [ -94.120285, 38.822703 ], [ -94.12031, 38.818469 ], [ -94.120619, 38.816772 ], [ -94.121361, 38.803422 ], [ -94.121265, 38.800516 ], [ -94.121992, 38.773922 ], [ -94.122625, 38.762256 ], [ -94.122824, 38.757882 ], [ -94.124053, 38.751839 ], [ -94.125064, 38.744323 ], [ -94.127235, 38.699646 ], [ -94.127492, 38.693912 ], [ -94.127751, 38.688721 ], [ -94.127952, 38.68497 ], [ -94.128304, 38.677754 ], [ -94.129372, 38.655862 ], [ -94.116408, 38.655518 ], [ -94.117335, 38.630566 ], [ -94.118194, 38.603762 ], [ -94.118845, 38.590392 ], [ -94.119664, 38.568712 ], [ -94.10116, 38.568137 ], [ -94.078007, 38.567731 ], [ -94.064317, 38.56738 ], [ -94.066907, 38.498998 ], [ -94.067075, 38.49132 ], [ -94.067621, 38.473148 ], [ -94.06782, 38.466016 ], [ -94.06502, 38.465816 ], [ -94.065713, 38.447087 ], [ -94.070864, 38.446756 ], [ -94.072516, 38.448978 ], [ -94.073734, 38.44789 ], [ -94.076138, 38.447668 ], [ -94.078084, 38.448114 ], [ -94.075978, 38.449162 ], [ -94.076724, 38.451777 ], [ -94.077994, 38.452043 ], [ -94.07974, 38.451332 ], [ -94.080433, 38.449695 ], [ -94.082235, 38.450636 ], [ -94.08256, 38.4529 ], [ -94.084147, 38.453438 ], [ -94.08641, 38.455934 ], [ -94.087317, 38.455727 ], [ -94.088915, 38.452705 ], [ -94.090049, 38.452658 ], [ -94.090921, 38.455861 ], [ -94.092755, 38.45712 ], [ -94.093455, 38.458516 ], [ -94.094241, 38.458355 ], [ -94.095842, 38.455265 ], [ -94.097181, 38.454648 ], [ -94.101635, 38.4546 ], [ -94.102538, 38.455632 ], [ -94.106085, 38.455884 ], [ -94.109233, 38.455789 ], [ -94.108155, 38.454665 ], [ -94.109959, 38.452651 ], [ -94.114481, 38.452215 ], [ -94.116713, 38.452901 ], [ -94.118286, 38.451826 ], [ -94.124848, 38.452941 ], [ -94.132773, 38.453834 ], [ -94.138329, 38.453366 ], [ -94.140929, 38.451725 ], [ -94.143006, 38.45124 ], [ -94.145787, 38.451264 ], [ -94.147682, 38.450673 ], [ -94.149111, 38.450857 ], [ -94.151386, 38.453422 ], [ -94.152843, 38.453229 ], [ -94.152263, 38.449892 ], [ -94.155347, 38.450025 ], [ -94.157205, 38.44863 ], [ -94.158326, 38.448814 ], [ -94.159082, 38.450714 ], [ -94.161033, 38.450783 ], [ -94.161528, 38.449844 ], [ -94.164439, 38.449227 ], [ -94.165602, 38.450372 ], [ -94.168076, 38.450189 ], [ -94.167553, 38.44758 ], [ -94.16863, 38.447213 ], [ -94.169416, 38.448221 ], [ -94.172384, 38.449869 ], [ -94.173781, 38.449846 ], [ -94.172821, 38.448038 ], [ -94.170609, 38.446848 ], [ -94.170959, 38.446001 ], [ -94.174043, 38.446917 ], [ -94.174102, 38.445452 ], [ -94.17662, 38.445921 ], [ -94.179515, 38.445635 ], [ -94.180795, 38.447421 ], [ -94.182163, 38.447627 ], [ -94.1826, 38.446116 ], [ -94.184899, 38.446139 ], [ -94.185976, 38.446848 ], [ -94.185918, 38.448405 ], [ -94.186674, 38.449366 ], [ -94.189643, 38.450625 ], [ -94.189992, 38.45003 ], [ -94.187664, 38.448725 ], [ -94.189963, 38.44726 ], [ -94.193164, 38.447626 ], [ -94.19491, 38.446894 ], [ -94.200524, 38.445358 ], [ -94.202566, 38.446368 ], [ -94.203729, 38.447877 ], [ -94.206173, 38.447099 ], [ -94.206611, 38.449662 ], [ -94.207512, 38.450784 ], [ -94.210661, 38.45004 ], [ -94.211239, 38.448904 ], [ -94.209375, 38.448219 ], [ -94.209811, 38.447121 ], [ -94.212023, 38.446754 ], [ -94.212955, 38.448379 ], [ -94.214788, 38.448195 ], [ -94.216186, 38.446753 ], [ -94.21738, 38.449797 ], [ -94.223346, 38.448307 ], [ -94.223812, 38.448696 ], [ -94.222474, 38.450937 ], [ -94.222883, 38.452904 ], [ -94.225065, 38.452741 ], [ -94.225938, 38.451046 ], [ -94.229462, 38.452987 ], [ -94.226667, 38.452667 ], [ -94.226144, 38.453318 ], [ -94.228776, 38.454808 ], [ -94.228315, 38.45572 ], [ -94.226405, 38.455631 ], [ -94.224979, 38.457425 ], [ -94.226302, 38.459074 ], [ -94.227168, 38.457275 ], [ -94.231541, 38.458392 ], [ -94.232927, 38.457821 ], [ -94.235298, 38.458016 ], [ -94.238403, 38.455801 ], [ -94.239824, 38.45648 ], [ -94.237478, 38.459156 ], [ -94.239831, 38.460131 ], [ -94.244878, 38.455635 ], [ -94.246892, 38.455071 ], [ -94.249865, 38.455912 ], [ -94.250907, 38.455562 ], [ -94.252385, 38.453043 ], [ -94.255193, 38.452273 ], [ -94.257162, 38.450072 ], [ -94.258399, 38.450502 ], [ -94.259784, 38.452936 ], [ -94.263485, 38.451587 ], [ -94.26396, 38.449783 ], [ -94.26711, 38.450464 ], [ -94.265195, 38.453319 ], [ -94.26611, 38.454688 ], [ -94.2683, 38.455673 ], [ -94.27006, 38.455841 ], [ -94.272953, 38.458304 ], [ -94.275199, 38.458917 ], [ -94.275325, 38.457437 ], [ -94.276769, 38.456717 ], [ -94.278116, 38.458314 ], [ -94.281767, 38.458892 ], [ -94.282738, 38.461643 ], [ -94.284827, 38.462596 ], [ -94.285017, 38.461133 ], [ -94.286787, 38.461138 ], [ -94.288408, 38.4643 ], [ -94.289964, 38.465352 ], [ -94.291661, 38.465321 ], [ -94.291713, 38.46322 ], [ -94.289895, 38.459986 ], [ -94.293504, 38.460638 ], [ -94.292882, 38.457714 ], [ -94.29419, 38.458183 ], [ -94.29751, 38.458879 ], [ -94.298968, 38.460938 ], [ -94.301312, 38.461075 ], [ -94.304308, 38.463506 ], [ -94.305156, 38.467233 ], [ -94.306292, 38.465381 ], [ -94.310281, 38.465311 ], [ -94.311297, 38.466294 ], [ -94.310475, 38.467428 ], [ -94.310925, 38.468796 ], [ -94.313064, 38.468636 ], [ -94.313915, 38.469364 ], [ -94.312148, 38.471386 ], [ -94.341744, 38.47216 ], [ -94.363426, 38.47272 ], [ -94.369147, 38.472694 ], [ -94.398782, 38.473356 ], [ -94.399901, 38.473379 ], [ -94.4149, 38.473582 ], [ -94.425358, 38.473772 ], [ -94.426197, 38.473864 ], [ -94.502244, 38.47539 ], [ -94.507933, 38.475495 ], [ -94.511205, 38.475651 ], [ -94.584743, 38.476735 ], [ -94.598581, 38.477168 ], [ -94.602801, 38.4773 ], [ -94.612865045280202, 38.477602354121998 ], [ -94.612696, 38.483154 ] ] ] ] } },
{ "type": "Feature", "properties": { "STATEFP": "29", "COUNTYFP": "029", "COUNTYNS": "00758469", "GEOIDFQ": "0500000US29029", "GEOID": "29029", "NAME": "Camden", "NAMELSAD": "Camden County", "STUSPS": "MO", "STATE_NAME": "Missouri", "LSAD": "06", "ALAND": 1699124110.0, "AWATER": 136304761.0 }, "geometry": { "type": "MultiPolygon", "coordinates": [ [ [ [ -93.082164, 38.186503 ], [ -93.078758, 38.244624 ], [ -93.078614, 38.252699 ], [ -93.078043, 38.25704 ], [ -93.077692, 38.263092 ], [ -93.075609, 38.26451 ], [ -93.072611, 38.267449 ], [ -93.06825, 38.270123 ], [ -93.066511, 38.270771 ], [ -93.061136, 38.271616 ], [ -93.056666, 38.271737 ], [ -93.05109, 38.270093 ], [ -93.046306, 38.267757 ], [ -93.042475, 38.26518 ], [ -93.034835, 38.257077 ], [ -93.020639, 38.248155 ], [ -93.016534, 38.244912 ], [ -93.013743, 38.241464 ], [ -93.012243, 38.237532 ], [ -93.0105, 38.231611 ], [ -93.009309, 38.228861 ], [ -93.006386, 38.223528 ], [ -93.00565, 38.222705 ], [ -93.002026, 38.22095 ], [ -93.000195, 38.220522 ], [ -92.995895, 38.220328 ], [ -92.994095, 38.220928 ], [ -92.986195, 38.220828 ], [ -92.984195, 38.219728 ], [ -92.983495, 38.218528 ], [ -92.983094, 38.215828 ], [ -92.983394, 38.213528 ], [ -92.984894, 38.211428 ], [ -92.988294, 38.210428 ], [ -92.995895, 38.210028 ], [ -93.006522, 38.210768 ], [ -93.01204, 38.210224 ], [ -93.016628, 38.208026 ], [ -93.02, 38.204797 ], [ -93.022359, 38.199811 ], [ -93.022277, 38.198642 ], [ -93.01694, 38.191282 ], [ -93.01499, 38.189775 ], [ -93.008132, 38.186554 ], [ -93.0062, 38.186002 ], [ -93.000194, 38.186247 ], [ -92.99564, 38.186974 ], [ -92.989903, 38.188375 ], [ -92.986555, 38.190761 ], [ -92.982678, 38.194861 ], [ -92.979558, 38.197734 ], [ -92.975699, 38.203481 ], [ -92.97299, 38.208818 ], [ -92.970116, 38.215222 ], [ -92.963744, 38.225487 ], [ -92.960592, 38.228358 ], [ -92.956898, 38.229508 ], [ -92.951623, 38.229308 ], [ -92.947682, 38.227876 ], [ -92.943975, 38.227493 ], [ -92.937823, 38.225223 ], [ -92.934611, 38.222196 ], [ -92.931993, 38.220229 ], [ -92.931993, 38.216229 ], [ -92.932893, 38.213529 ], [ -92.934693, 38.211129 ], [ -92.938793, 38.208529 ], [ -92.944293, 38.205829 ], [ -92.947593, 38.204829 ], [ -92.954494, 38.203828 ], [ -92.956593, 38.203729 ], [ -92.959795, 38.20203 ], [ -92.961794, 38.199729 ], [ -92.962994, 38.197229 ], [ -92.916613, 38.19542 ], [ -92.867422, 38.19344 ], [ -92.861295, 38.193285 ], [ -92.853584, 38.192983 ], [ -92.85193, 38.192918 ], [ -92.842992, 38.192568 ], [ -92.834114, 38.192254 ], [ -92.832206, 38.192243 ], [ -92.829142, 38.192123 ], [ -92.819406, 38.191645 ], [ -92.80696, 38.191157 ], [ -92.806825, 38.191151 ], [ -92.778893, 38.19006 ], [ -92.775377, 38.189925 ], [ -92.767943, 38.18965 ], [ -92.764539, 38.189619 ], [ -92.764441, 38.194313 ], [ -92.764098, 38.196067 ], [ -92.761704, 38.201857 ], [ -92.758207, 38.20595 ], [ -92.757818, 38.207659 ], [ -92.755988, 38.212465 ], [ -92.753264, 38.214952 ], [ -92.749044, 38.21756 ], [ -92.744042, 38.218125 ], [ -92.740828, 38.21886 ], [ -92.736675, 38.220733 ], [ -92.731405, 38.221588 ], [ -92.725603, 38.220437 ], [ -92.718587, 38.220131 ], [ -92.714117, 38.221212 ], [ -92.710205, 38.223131 ], [ -92.707187, 38.224031 ], [ -92.701053, 38.222757 ], [ -92.698987, 38.222569 ], [ -92.695886, 38.222031 ], [ -92.691787, 38.221031 ], [ -92.685871, 38.218931 ], [ -92.68226, 38.216373 ], [ -92.677658, 38.213306 ], [ -92.675586, 38.212831 ], [ -92.657586, 38.212632 ], [ -92.652413, 38.211751 ], [ -92.648257, 38.211664 ], [ -92.645786, 38.211932 ], [ -92.642485, 38.212832 ], [ -92.640085, 38.213032 ], [ -92.640459, 38.201244 ], [ -92.640934, 38.185898 ], [ -92.64094, 38.185715 ], [ -92.641314, 38.171631 ], [ -92.630161, 38.171391 ], [ -92.627175, 38.171326 ], [ -92.624557, 38.171267 ], [ -92.615915, 38.171033 ], [ -92.605039, 38.170742 ], [ -92.604684, 38.170733 ], [ -92.60482, 38.162808 ], [ -92.604817, 38.162467 ], [ -92.604957, 38.157688 ], [ -92.605024, 38.154269 ], [ -92.605087, 38.150889 ], [ -92.605159, 38.147027 ], [ -92.605219, 38.143278 ], [ -92.605302, 38.139894 ], [ -92.596374, 38.139787 ], [ -92.596551, 38.132529 ], [ -92.596944, 38.127066 ], [ -92.596761, 38.110754 ], [ -92.587688, 38.110636 ], [ -92.587984, 38.096134 ], [ -92.585516, 38.096294 ], [ -92.579144, 38.096037 ], [ -92.569682, 38.095934 ], [ -92.570227, 38.069272 ], [ -92.570281, 38.066635 ], [ -92.563992, 38.066527 ], [ -92.552081, 38.066335 ], [ -92.552381, 38.052145 ], [ -92.547881, 38.052139 ], [ -92.533554, 38.051808 ], [ -92.533895, 38.037467 ], [ -92.51558, 38.036936 ], [ -92.515979, 38.022336 ], [ -92.461305, 38.021851 ], [ -92.406275, 38.021179 ], [ -92.406872, 37.977802 ], [ -92.406889, 37.976965 ], [ -92.407461, 37.948645 ], [ -92.407934, 37.932838 ], [ -92.407766, 37.93246 ], [ -92.40834, 37.904188 ], [ -92.408646, 37.888891 ], [ -92.408916, 37.874633 ], [ -92.408849, 37.870347 ], [ -92.408851, 37.867752 ], [ -92.409007, 37.867282 ], [ -92.409197, 37.866244 ], [ -92.409231, 37.85918 ], [ -92.415567, 37.859484 ], [ -92.419453, 37.859762 ], [ -92.421761, 37.858728 ], [ -92.424757, 37.855816 ], [ -92.425499, 37.852175 ], [ -92.426478, 37.851098 ], [ -92.43021, 37.8498 ], [ -92.433001, 37.8477 ], [ -92.433183, 37.846028 ], [ -92.435039, 37.84511 ], [ -92.438068, 37.84435 ], [ -92.439335, 37.843295 ], [ -92.442184, 37.839628 ], [ -92.447661, 37.836803 ], [ -92.449459, 37.835359 ], [ -92.44853, 37.833539 ], [ -92.448872, 37.832272 ], [ -92.451537, 37.830735 ], [ -92.452963, 37.828485 ], [ -92.452253, 37.825834 ], [ -92.452953, 37.824083 ], [ -92.457529, 37.825022 ], [ -92.461903, 37.824913 ], [ -92.465521, 37.826816 ], [ -92.467823, 37.827435 ], [ -92.470896, 37.827096 ], [ -92.475827, 37.827423 ], [ -92.480354, 37.829018 ], [ -92.489603, 37.828787 ], [ -92.492196, 37.82962 ], [ -92.494758, 37.828712 ], [ -92.496073, 37.827662 ], [ -92.498623, 37.827152 ], [ -92.501467, 37.827735 ], [ -92.503573, 37.826489 ], [ -92.503974, 37.825139 ], [ -92.50701, 37.821994 ], [ -92.508627, 37.818716 ], [ -92.509724, 37.81628 ], [ -92.509755, 37.815718 ], [ -92.511388, 37.814659 ], [ -92.511569, 37.81373 ], [ -92.513696, 37.811962 ], [ -92.513509, 37.810932 ], [ -92.517545, 37.810887 ], [ -92.517498, 37.812422 ], [ -92.517474, 37.813238 ], [ -92.518158, 37.813228 ], [ -92.521436, 37.812835 ], [ -92.523019, 37.812675 ], [ -92.526716, 37.811679 ], [ -92.53168, 37.811139 ], [ -92.533964, 37.809861 ], [ -92.538799, 37.804009 ], [ -92.539605, 37.802064 ], [ -92.549074, 37.800539 ], [ -92.549874, 37.802039 ], [ -92.554875, 37.802239 ], [ -92.558052, 37.802911 ], [ -92.562365, 37.804676 ], [ -92.56532, 37.806965 ], [ -92.564796, 37.807669 ], [ -92.565059, 37.81104 ], [ -92.564478, 37.812289 ], [ -92.567296, 37.814444 ], [ -92.566389, 37.816113 ], [ -92.566766, 37.817129 ], [ -92.568577, 37.816856 ], [ -92.569432, 37.81951 ], [ -92.571576, 37.823639 ], [ -92.572575, 37.824038 ], [ -92.577276, 37.823438 ], [ -92.580576, 37.826538 ], [ -92.582376, 37.827538 ], [ -92.585376, 37.828038 ], [ -92.589282, 37.834544 ], [ -92.595577, 37.836638 ], [ -92.596377, 37.837638 ], [ -92.596277, 37.839438 ], [ -92.600077, 37.840338 ], [ -92.600677, 37.841838 ], [ -92.599477, 37.844038 ], [ -92.601273, 37.847814 ], [ -92.601277, 37.849238 ], [ -92.599177, 37.851838 ], [ -92.601277, 37.852838 ], [ -92.602177, 37.854038 ], [ -92.608678, 37.856138 ], [ -92.608078, 37.857938 ], [ -92.611479, 37.859438 ], [ -92.612679, 37.862738 ], [ -92.614679, 37.863538 ], [ -92.613479, 37.867738 ], [ -92.614378, 37.871537 ], [ -92.617978, 37.872937 ], [ -92.618678, 37.873837 ], [ -92.617278, 37.876637 ], [ -92.617078, 37.878637 ], [ -92.618978, 37.880837 ], [ -92.618978, 37.882937 ], [ -92.620978, 37.886437 ], [ -92.618978, 37.888737 ], [ -92.620479, 37.890937 ], [ -92.620181, 37.892521 ], [ -92.621416, 37.892542 ], [ -92.632415, 37.892482 ], [ -92.686781, 37.893643 ], [ -92.694259, 37.893772 ], [ -92.701439, 37.893884 ], [ -92.705852, 37.893871 ], [ -92.761468, 37.894525 ], [ -92.769976, 37.894632 ], [ -92.775971, 37.894951 ], [ -92.783486, 37.894799 ], [ -92.825602, 37.89534 ], [ -92.846599, 37.895606 ], [ -92.855384, 37.895736 ], [ -92.885954, 37.896632 ], [ -92.886799, 37.896657 ], [ -92.902436, 37.897117 ], [ -92.923532, 37.89773 ], [ -92.948436, 37.898417 ], [ -92.965489, 37.898985 ], [ -92.973092, 37.898965 ], [ -92.982175, 37.899399 ], [ -93.035631, 37.901237 ], [ -93.036622, 37.901207 ], [ -93.045519, 37.901531 ], [ -93.072447, 37.902627 ], [ -93.071837, 37.911416 ], [ -93.072092, 37.911844 ], [ -93.069046, 37.98584 ], [ -93.068887, 37.989575 ], [ -93.068884, 37.989647 ], [ -93.068308, 38.004271 ], [ -93.067525, 38.017695 ], [ -93.067462, 38.018327 ], [ -93.065199, 38.062479 ], [ -93.064554, 38.077134 ], [ -93.063513, 38.09737 ], [ -93.063056, 38.106227 ], [ -93.062695, 38.113533 ], [ -93.059073, 38.185685 ], [ -93.079684, 38.186414 ], [ -93.082164, 38.186503 ] ] ] ] } },
{ "type": "Feature", "properties": { "STATEFP": "29", "COUNTYFP": "159", "COUNTYNS": "00758534", "GEOIDFQ": "0500000US29159", "GEOID": "29159", "NAME": "Pettis", "NAMELSAD": "Pettis County", "STUSPS": "MO", "STATE_NAME": "Missouri", "LSAD": "06", "ALAND": 1766982900.0, "AWATER": 10471760.0 }, "geometry": { "type": "MultiPolygon", "coordinates": [ [ [ [ -93.512441, 38.519808 ], [ -93.511923, 38.532297 ], [ -93.511838, 38.534397 ], [ -93.511707, 38.537977 ], [ -93.511559, 38.541609 ], [ -93.51103, 38.55621 ], [ -93.50837, 38.617242 ], [ -93.508285, 38.617489 ], [ -93.507564, 38.635787 ], [ -93.507569, 38.635863 ], [ -93.509553, 38.635839 ], [ -93.509167, 38.644958 ], [ -93.506424, 38.679589 ], [ -93.506416, 38.679722 ], [ -93.504649, 38.707659 ], [ -93.504794, 38.70884 ], [ -93.50376, 38.723207 ], [ -93.503254, 38.730344 ], [ -93.50273, 38.737656 ], [ -93.500442, 38.772816 ], [ -93.498271, 38.811182 ], [ -93.497502, 38.825714 ], [ -93.495896, 38.854839 ], [ -93.493562, 38.891201 ], [ -93.493124, 38.899158 ], [ -93.498616, 38.8993 ], [ -93.497888, 38.913945 ], [ -93.497278, 38.92843 ], [ -93.496377, 38.942837 ], [ -93.495238, 38.942839 ], [ -93.408061, 38.939682 ], [ -93.396308, 38.939266 ], [ -93.38485, 38.938859 ], [ -93.366079, 38.938162 ], [ -93.352199, 38.937625 ], [ -93.316329, 38.936413 ], [ -93.311087, 38.936124 ], [ -93.273782, 38.93512 ], [ -93.27376, 38.935492 ], [ -93.268575, 38.935526 ], [ -93.252378, 38.934864 ], [ -93.245542, 38.934758 ], [ -93.164203, 38.932119 ], [ -93.164103, 38.932719 ], [ -93.159173, 38.932542 ], [ -93.12521, 38.93132 ], [ -93.105976, 38.931504 ], [ -93.069819, 38.930042 ], [ -93.050453, 38.928244 ], [ -93.050707, 38.924894 ], [ -93.050511, 38.918362 ], [ -93.052043, 38.884247 ], [ -93.052439, 38.875196 ], [ -93.053643, 38.84175 ], [ -93.053682, 38.840654 ], [ -93.054652, 38.820878 ], [ -93.054501, 38.817123 ], [ -93.054987, 38.807728 ], [ -93.055499, 38.797303 ], [ -93.058962, 38.71322 ], [ -93.05914, 38.709524 ], [ -93.059549, 38.700905 ], [ -93.059974, 38.693077 ], [ -93.060615, 38.685333 ], [ -93.06152, 38.662734 ], [ -93.061919, 38.650392 ], [ -93.061955, 38.649145 ], [ -93.063452, 38.620832 ], [ -93.065482, 38.57345 ], [ -93.066636, 38.545856 ], [ -93.067292, 38.530096 ], [ -93.067291, 38.529995 ], [ -93.067352, 38.530094 ], [ -93.073748, 38.530316 ], [ -93.179307, 38.534071 ], [ -93.271594, 38.535189 ], [ -93.290454, 38.535388 ], [ -93.291851, 38.506321 ], [ -93.320788, 38.507081 ], [ -93.322046, 38.507121 ], [ -93.323492, 38.507151 ], [ -93.326074, 38.507235 ], [ -93.350729, 38.507958 ], [ -93.356123, 38.508117 ], [ -93.401531, 38.509357 ], [ -93.402046, 38.509579 ], [ -93.429268, 38.510123 ], [ -93.429836, 38.510246 ], [ -93.512743, 38.512476 ], [ -93.512441, 38.519808 ] ] ] ] } },
{ "type": "Feature", "properties": { "STATEFP": "29", "COUNTYFP": "025", "COUNTYNS": "00758467", "GEOIDFQ": "0500000US29025", "GEOID": "29025", "NAME": "Caldwell", "NAMELSAD": "Caldwell County", "STUSPS": "MO", "STATE_NAME": "Missouri", "LSAD": "06", "ALAND": 1104353494.0, "AWATER": 8399237.0 }, "geometry": { "type": "MultiPolygon", "coordinates": [ [ [ [ -94.207691, 39.541643 ], [ -94.207386, 39.570551 ], [ -94.20716, 39.592312 ], [ -94.206693, 39.614191 ], [ -94.206491, 39.626083 ], [ -94.206645, 39.628466 ], [ -94.206484, 39.639846 ], [ -94.20648, 39.643186 ], [ -94.206101, 39.657813 ], [ -94.206604, 39.661378 ], [ -94.206356, 39.662363 ], [ -94.205818, 39.702007 ], [ -94.205761, 39.715768 ], [ -94.205773, 39.723501 ], [ -94.205786, 39.724546 ], [ -94.205799, 39.73004 ], [ -94.205854, 39.73111 ], [ -94.205962, 39.745333 ], [ -94.205963, 39.745395 ], [ -94.205961, 39.745841 ], [ -94.20578, 39.753873 ], [ -94.205432, 39.760821 ], [ -94.205884, 39.767152 ], [ -94.205844, 39.788954 ], [ -94.167575, 39.788003 ], [ -94.162197, 39.787815 ], [ -94.161136, 39.787875 ], [ -94.130484, 39.786862 ], [ -94.107173, 39.786218 ], [ -94.093205, 39.785852 ], [ -94.026305, 39.785582 ], [ -94.012233, 39.785863 ], [ -93.983907, 39.785784 ], [ -93.983636, 39.785783 ], [ -93.94541, 39.78617 ], [ -93.932049, 39.786314 ], [ -93.91573, 39.786297 ], [ -93.889969, 39.786732 ], [ -93.88681, 39.786588 ], [ -93.870526, 39.786798 ], [ -93.852324, 39.78649 ], [ -93.758992, 39.784674 ], [ -93.758907, 39.721319 ], [ -93.758976, 39.720396 ], [ -93.758951, 39.713884 ], [ -93.758947, 39.712679 ], [ -93.758915, 39.698322 ], [ -93.758697, 39.680319 ], [ -93.758491, 39.662774 ], [ -93.758295, 39.662147 ], [ -93.758282, 39.640957 ], [ -93.758327, 39.640119 ], [ -93.758337, 39.631754 ], [ -93.758327, 39.626008 ], [ -93.758173, 39.625143 ], [ -93.758357, 39.611407 ], [ -93.759183, 39.524558 ], [ -93.77711, 39.524978 ], [ -93.778068, 39.524924 ], [ -93.870196, 39.525865 ], [ -93.872394, 39.525752 ], [ -93.927121, 39.524815 ], [ -93.94634, 39.52463 ], [ -93.974689, 39.52441 ], [ -93.98457, 39.5244 ], [ -94.040439, 39.525099 ], [ -94.096729, 39.525947 ], [ -94.096992, 39.525949 ], [ -94.153327, 39.526229 ], [ -94.156127, 39.526186 ], [ -94.208423, 39.5272 ], [ -94.207691, 39.541643 ] ] ] ] } },
{ "type": "Feature", "properties": { "STATEFP": "29", "COUNTYFP": "087", "COUNTYNS": "00758498", "GEOIDFQ": "0500000US29087", "GEOID": "29087", "NAME": "Holt", "NAMELSAD": "Holt County", "STUSPS": "MO", "STATE_NAME": "Missouri", "LSAD": "06", "ALAND": 1198369591.0, "AWATER": 19839053.0 }, "geometry": { "type": "MultiPolygon", "coordinates": [ [ [ [ -95.554817342733003, 40.264459841211199 ], [ -95.465228, 40.263911 ], [ -95.45511, 40.263827 ], [ -95.408621, 40.26308 ], [ -95.370081, 40.263004 ], [ -95.351045, 40.262875 ], [ -95.313712, 40.262732 ], [ -95.209018, 40.262289 ], [ -95.180614, 40.261706 ], [ -95.161719, 40.261386 ], [ -95.12392, 40.260456 ], [ -95.123895, 40.260558 ], [ -95.071593, 40.260855 ], [ -95.072694, 40.257614 ], [ -95.069445, 40.256848 ], [ -95.067824, 40.255434 ], [ -95.069041, 40.254101 ], [ -95.073031, 40.253503 ], [ -95.075556, 40.251486 ], [ -95.075903, 40.249992 ], [ -95.075029, 40.248505 ], [ -95.072604, 40.248582 ], [ -95.071932, 40.247457 ], [ -95.073234, 40.246337 ], [ -95.073596, 40.243383 ], [ -95.07011, 40.24228 ], [ -95.066621, 40.24312 ], [ -95.067641, 40.244559 ], [ -95.070768, 40.245398 ], [ -95.069962, 40.246758 ], [ -95.0671, 40.247329 ], [ -95.06438, 40.24614 ], [ -95.064859, 40.243461 ], [ -95.061708, 40.24217 ], [ -95.061011, 40.240609 ], [ -95.057879, 40.239086 ], [ -95.060379, 40.23333 ], [ -95.066831, 40.228251 ], [ -95.067891, 40.225786 ], [ -95.067047, 40.224126 ], [ -95.067896, 40.221463 ], [ -95.066757, 40.217563 ], [ -95.067322, 40.212859 ], [ -95.06645, 40.210406 ], [ -95.064124, 40.207915 ], [ -95.063849, 40.205863 ], [ -95.064976, 40.205161 ], [ -95.06831, 40.204454 ], [ -95.068854, 40.200044 ], [ -95.073527, 40.195537 ], [ -95.072468, 40.194191 ], [ -95.072954, 40.190314 ], [ -95.074912, 40.188836 ], [ -95.072004, 40.186507 ], [ -95.070876, 40.18279 ], [ -95.071196, 40.179641 ], [ -95.065964, 40.177795 ], [ -95.067954, 40.17621 ], [ -95.068064, 40.17516 ], [ -95.06608, 40.175106 ], [ -95.063548, 40.17622 ], [ -95.062636, 40.172839 ], [ -95.060645, 40.17173 ], [ -95.061936, 40.170659 ], [ -95.063918, 40.170431 ], [ -95.064216, 40.167479 ], [ -95.065986, 40.168807 ], [ -95.067198, 40.167729 ], [ -95.066708, 40.165836 ], [ -95.064159, 40.165727 ], [ -95.062829, 40.162541 ], [ -95.060206, 40.161258 ], [ -95.06101, 40.15968 ], [ -95.062642, 40.160016 ], [ -95.063376, 40.158886 ], [ -95.061134, 40.157034 ], [ -95.060967, 40.155817 ], [ -95.065112, 40.152724 ], [ -95.065662, 40.15097 ], [ -95.064327, 40.150647 ], [ -95.060629, 40.151183 ], [ -95.05887, 40.15045 ], [ -95.059541, 40.148058 ], [ -95.062749, 40.147791 ], [ -95.064329, 40.148438 ], [ -95.060248, 40.145122 ], [ -95.060969, 40.142875 ], [ -95.059793, 40.140667 ], [ -95.060035, 40.138523 ], [ -95.058511, 40.138079 ], [ -95.055543, 40.141473 ], [ -95.054985, 40.137677 ], [ -95.056008, 40.135977 ], [ -95.054021, 40.1354 ], [ -95.052495, 40.135851 ], [ -95.050631, 40.13884 ], [ -95.049536, 40.137866 ], [ -95.049835, 40.13578 ], [ -95.053139, 40.133977 ], [ -95.052919, 40.132784 ], [ -95.051597, 40.132726 ], [ -95.049647, 40.134169 ], [ -95.047199, 40.133776 ], [ -95.045884, 40.131352 ], [ -95.042907, 40.130759 ], [ -95.04308, 40.130096 ], [ -95.043528, 40.128351 ], [ -95.046508, 40.129175 ], [ -95.047909, 40.12842 ], [ -95.048028, 40.127711 ], [ -95.046389, 40.126407 ], [ -95.040548, 40.12819 ], [ -95.039267, 40.126955 ], [ -95.04034, 40.126292 ], [ -95.042873, 40.126406 ], [ -95.043857, 40.125458 ], [ -95.043296, 40.124115 ], [ -95.040912, 40.124298 ], [ -95.040554, 40.123772 ], [ -95.042542, 40.122463 ], [ -95.042462, 40.119929 ], [ -95.043863, 40.120455 ], [ -95.04571, 40.119609 ], [ -95.043655, 40.116474 ], [ -95.042165, 40.117893 ], [ -95.040735, 40.117366 ], [ -95.040854, 40.115216 ], [ -95.038759, 40.116069 ], [ -95.036798, 40.115556 ], [ -95.036152, 40.114547 ], [ -95.037122, 40.113679 ], [ -95.039433, 40.11416 ], [ -95.041719, 40.113775 ], [ -95.042911, 40.112425 ], [ -95.041958, 40.111007 ], [ -95.040408, 40.11119 ], [ -95.036626, 40.108123 ], [ -95.035881, 40.108398 ], [ -95.036655, 40.110686 ], [ -95.034718, 40.110434 ], [ -95.033587, 40.108718 ], [ -95.037431, 40.105882 ], [ -95.037491, 40.103663 ], [ -95.038682, 40.104372 ], [ -95.039278, 40.105859 ], [ -95.041751, 40.10531 ], [ -95.042258, 40.102703 ], [ -95.044283, 40.102154 ], [ -95.043569, 40.10149 ], [ -95.041096, 40.101604 ], [ -95.038713, 40.101009 ], [ -95.038684, 40.099202 ], [ -95.042497, 40.09966 ], [ -95.043748, 40.099454 ], [ -95.044254, 40.098288 ], [ -95.040561, 40.096799 ], [ -95.042974, 40.095062 ], [ -95.042766, 40.094078 ], [ -95.040116, 40.09185 ], [ -95.043542, 40.088909 ], [ -95.041934, 40.087239 ], [ -95.04381, 40.085821 ], [ -95.042381, 40.083693 ], [ -95.043007, 40.080531 ], [ -95.045307, 40.080603 ], [ -95.043532, 40.079584 ], [ -95.043494, 40.078447 ], [ -95.049312, 40.077368 ], [ -95.049494, 40.076597 ], [ -95.046413, 40.074636 ], [ -95.047476, 40.073098 ], [ -95.048913, 40.073441 ], [ -95.049927, 40.07517 ], [ -95.052203, 40.07651 ], [ -95.052875, 40.074735 ], [ -95.051796, 40.073387 ], [ -95.051325, 40.072412 ], [ -95.051256, 40.072021 ], [ -95.051687, 40.071105 ], [ -95.05431, 40.070782 ], [ -95.054205, 40.072594 ], [ -95.056196, 40.074575 ], [ -95.059067, 40.074737 ], [ -95.059064, 40.073261 ], [ -95.05758, 40.070383 ], [ -95.060281, 40.070975 ], [ -95.06071, 40.069866 ], [ -95.059062, 40.069035 ], [ -95.058689, 40.066103 ], [ -95.057451, 40.064822 ], [ -95.055605, 40.06521 ], [ -95.052896, 40.064135 ], [ -95.049889, 40.064661 ], [ -95.046763, 40.063952 ], [ -95.042625, 40.062441 ], [ -95.03941, 40.059741 ], [ -95.038565, 40.057582 ], [ -95.03834, 40.055188 ], [ -95.037061, 40.052718 ], [ -95.035484, 40.051825 ], [ -95.036979, 40.050878 ], [ -95.037562, 40.049465 ], [ -95.034004, 40.048847 ], [ -95.034711, 40.0475 ], [ -95.03601, 40.047456 ], [ -95.036842, 40.046134 ], [ -95.035379, 40.044933 ], [ -95.033655, 40.045311 ], [ -95.031972, 40.04869 ], [ -95.029889, 40.048529 ], [ -95.027486, 40.049143 ], [ -95.025764, 40.050502 ], [ -95.020506, 40.052029 ], [ -95.018054, 40.051717 ], [ -95.018684, 40.050335 ], [ -95.015511, 40.050401 ], [ -95.012952, 40.049164 ], [ -95.010542, 40.046761 ], [ -95.011216, 40.045639 ], [ -95.013262, 40.045251 ], [ -95.015968, 40.042707 ], [ -95.015598, 40.041603 ], [ -95.011359, 40.041476 ], [ -95.008535, 40.039891 ], [ -95.01106, 40.036981 ], [ -95.009885, 40.034844 ], [ -95.006803, 40.03588 ], [ -95.007461, 40.033624 ], [ -95.009719, 40.032865 ], [ -95.009741, 40.03169 ], [ -95.005488, 40.028642 ], [ -95.004258, 40.027338 ], [ -95.004701, 40.025863 ], [ -95.007511, 40.025864 ], [ -95.010017, 40.022792 ], [ -95.010753, 40.019999 ], [ -95.009793, 40.017625 ], [ -95.010033, 40.016414 ], [ -95.011848, 40.01539 ], [ -95.011742, 40.01435 ], [ -95.009638, 40.011483 ], [ -95.010443, 40.0101 ], [ -95.00829, 40.009381 ], [ -95.007836, 40.008412 ], [ -95.009947, 40.007413 ], [ -95.01081, 40.006155 ], [ -95.009979, 40.004324 ], [ -95.010933, 40.001259 ], [ -95.008406, 40.000304 ], [ -95.008232, 39.999552 ], [ -95.00413, 39.99723 ], [ -95.003684, 39.996155 ], [ -95.004875, 39.994851 ], [ -95.004072, 39.994325 ], [ -95.004849, 39.989658 ], [ -95.00589, 39.987966 ], [ -95.004586, 39.983184 ], [ -95.004623, 39.982095 ], [ -95.005302, 39.980279 ], [ -94.997814, 39.973938 ], [ -94.996474, 39.972131 ], [ -94.995267, 39.972351 ], [ -94.994261, 39.971208 ], [ -94.9943, 39.968243 ], [ -94.996294, 39.970004 ], [ -94.997748, 39.967303 ], [ -94.999453, 39.965047 ], [ -94.999591, 39.963025 ], [ -95.001173, 39.962189 ], [ -95.003009, 39.958337 ], [ -95.002322, 39.957146 ], [ -95.000673, 39.956603 ], [ -94.997937, 39.958215 ], [ -94.997415, 39.960922 ], [ -94.996108, 39.96115 ], [ -94.995777, 39.95701 ], [ -94.992387, 39.955524 ], [ -94.991403, 39.951476 ], [ -94.991658, 39.948661 ], [ -94.995861, 39.947327 ], [ -94.997048, 39.945501 ], [ -94.995038, 39.945003 ], [ -94.992128, 39.947316 ], [ -94.990776, 39.947638 ], [ -94.988097, 39.945003 ], [ -94.988809, 39.942738 ], [ -94.992107, 39.940449 ], [ -94.997632, 39.937518 ], [ -95.00025, 39.935254 ], [ -95.002516, 39.932624 ], [ -95.005432, 39.927432 ], [ -95.003622, 39.925052 ], [ -95.001751, 39.923495 ], [ -95.001931, 39.922237 ], [ -95.004188, 39.922421 ], [ -95.006743, 39.923361 ], [ -95.0052, 39.921049 ], [ -95.000584, 39.917569 ], [ -94.997314, 39.915921 ], [ -94.993392, 39.915031 ], [ -94.993238, 39.9098 ], [ -94.993410251066706, 39.897793237337801 ], [ -95.003819, 39.900401 ], [ -95.00844, 39.900596 ], [ -95.013152, 39.899953 ], [ -95.018743, 39.897372 ], [ -95.021897454869503, 39.893924783112801 ], [ -95.024389, 39.891202 ], [ -95.02524, 39.8897 ], [ -95.025947, 39.886747 ], [ -95.025119, 39.878833 ], [ -95.025422, 39.876711 ], [ -95.027931, 39.871522 ], [ -95.032053, 39.868337 ], [ -95.037767, 39.865542 ], [ -95.042142, 39.864805 ], [ -95.052535, 39.864374 ], [ -95.081534, 39.861718 ], [ -95.085003, 39.861883 ], [ -95.090158, 39.86314 ], [ -95.105912, 39.869164 ], [ -95.128166, 39.874165 ], [ -95.133949073873794, 39.876526209466498 ], [ -95.134747, 39.876852 ], [ -95.137092, 39.878351 ], [ -95.140601, 39.881688 ], [ -95.142718, 39.885889 ], [ -95.143403, 39.889356 ], [ -95.142445, 39.89542 ], [ -95.142563, 39.897992 ], [ -95.143802, 39.901918 ], [ -95.146055, 39.904183 ], [ -95.149657, 39.905948 ], [ -95.1531851852736, 39.906665606396899 ], [ -95.156024, 39.907243 ], [ -95.159834, 39.906984 ], [ -95.172296, 39.902026 ], [ -95.179453, 39.900062 ], [ -95.181379947856101, 39.900042372267698 ], [ -95.189565, 39.899959 ], [ -95.193816, 39.90069 ], [ -95.199347, 39.902709 ], [ -95.201935, 39.904053 ], [ -95.205733, 39.908275 ], [ -95.206196, 39.909557 ], [ -95.206326, 39.912121 ], [ -95.205745, 39.915169 ], [ -95.20201, 39.922438 ], [ -95.20069, 39.928155 ], [ -95.201277, 39.934194 ], [ -95.204428, 39.938949 ], [ -95.213737, 39.943206 ], [ -95.21644, 39.943953 ], [ -95.220212, 39.944433 ], [ -95.231114, 39.943784 ], [ -95.236761, 39.943931 ], [ -95.241383, 39.944949 ], [ -95.250254, 39.948644 ], [ -95.257652, 39.954886 ], [ -95.261854, 39.960618 ], [ -95.269886, 39.969396 ], [ -95.274757, 39.972115 ], [ -95.289715, 39.977706 ], [ -95.302507, 39.984357 ], [ -95.307111, 39.989114 ], [ -95.30778, 39.990618 ], [ -95.308404, 39.993758 ], [ -95.3083073417951, 39.999048764898198 ], [ -95.30829, 39.999998 ], [ -95.308469, 40.002194 ], [ -95.311163, 40.007806 ], [ -95.312211, 40.009395 ], [ -95.315271, 40.01207 ], [ -95.318015, 40.013216 ], [ -95.328501, 40.015657 ], [ -95.336242, 40.019104 ], [ -95.346573, 40.028272 ], [ -95.348777, 40.029297 ], [ -95.356876, 40.031522 ], [ -95.363983, 40.031498 ], [ -95.382957, 40.027112 ], [ -95.387195, 40.02677 ], [ -95.391527, 40.027058 ], [ -95.395858, 40.028038 ], [ -95.402665, 40.030567 ], [ -95.40726, 40.033112 ], [ -95.413588, 40.038424 ], [ -95.416824, 40.043235 ], [ -95.41932, 40.048442 ], [ -95.420659728246605, 40.054511199944699 ], [ -95.42164, 40.058952 ], [ -95.420643, 40.062599 ], [ -95.418345, 40.066509 ], [ -95.414734, 40.06982 ], [ -95.4101547337374, 40.074044415371397 ], [ -95.409856, 40.07432 ], [ -95.408455, 40.079158 ], [ -95.409243, 40.084166 ], [ -95.410643, 40.091531 ], [ -95.407591, 40.09803 ], [ -95.400139, 40.103238 ], [ -95.397146, 40.105183 ], [ -95.394216, 40.108263 ], [ -95.393062, 40.111175 ], [ -95.392990629207802, 40.112689861138399 ], [ -95.392899692836806, 40.114620006094803 ], [ -95.39284, 40.115887 ], [ -95.393106822970793, 40.117636874512399 ], [ -95.393347, 40.119212 ], [ -95.395369, 40.122811 ], [ -95.398667, 40.126419 ], [ -95.404395, 40.129018 ], [ -95.409481, 40.130052 ], [ -95.419186, 40.130586 ], [ -95.42478, 40.132765 ], [ -95.428749, 40.135577 ], [ -95.431022, 40.138411 ], [ -95.432165, 40.141025 ], [ -95.433374, 40.146114 ], [ -95.433822, 40.152935 ], [ -95.434817, 40.156017 ], [ -95.436348, 40.15872 ], [ -95.440694, 40.162282 ], [ -95.442818, 40.163261 ], [ -95.454919, 40.166577 ], [ -95.460746, 40.169173 ], [ -95.469398749090502, 40.1756675983424 ], [ -95.471054, 40.17691 ], [ -95.476301, 40.181988 ], [ -95.479193, 40.185652 ], [ -95.48102, 40.188524 ], [ -95.481528936917101, 40.189782614389003 ], [ -95.48254, 40.192283 ], [ -95.482757, 40.197346 ], [ -95.482319, 40.200667 ], [ -95.477948, 40.208643 ], [ -95.473469, 40.213482 ], [ -95.471393, 40.217333 ], [ -95.470061, 40.221507 ], [ -95.469718, 40.227908 ], [ -95.470349, 40.230819 ], [ -95.472548, 40.236078 ], [ -95.477501, 40.24272 ], [ -95.482778, 40.246273 ], [ -95.485994, 40.247825 ], [ -95.490333, 40.248966 ], [ -95.493405, 40.24956 ], [ -95.50026, 40.249629 ], [ -95.507295, 40.248888 ], [ -95.516107, 40.249187 ], [ -95.521035, 40.250083 ], [ -95.524172, 40.251129 ], [ -95.534626, 40.256953 ], [ -95.543737, 40.260687 ], [ -95.552473, 40.261904 ], [ -95.554324, 40.263395 ], [ -95.554817342733003, 40.264459841211199 ] ] ] ] } },
{ "type": "Feature", "properties": { "STATEFP": "29", "COUNTYFP": "157", "COUNTYNS": "00758533", "GEOIDFQ": "0500000US29157", "GEOID": "29157", "NAME": "Perry", "NAMELSAD": "Perry County", "STUSPS": "MO", "STATE_NAME": "Missouri", "LSAD": "06", "ALAND": 1228574129.0, "AWATER": 25394864.0 }, "geometry": { "type": "MultiPolygon", "coordinates": [ [ [ [ -90.146807, 37.638587 ], [ -90.146778, 37.641618 ], [ -90.146778, 37.641699 ], [ -90.110537, 37.67134 ], [ -90.092067, 37.69582 ], [ -90.072117, 37.722261 ], [ -90.051516, 37.749503 ], [ -90.050744, 37.750054 ], [ -90.035055, 37.772038 ], [ -90.034488, 37.772831 ], [ -90.009529, 37.807821 ], [ -90.00886, 37.808631 ], [ -89.999935, 37.821509 ], [ -89.999923, 37.821523 ], [ -89.985824, 37.833716 ], [ -89.950476, 37.864082 ], [ -89.94829, 37.865975 ], [ -89.946055, 37.867914 ], [ -89.943016, 37.870545 ], [ -89.941792, 37.871608 ], [ -89.938617, 37.874289 ], [ -89.938190721861702, 37.8751107703036 ], [ -89.937383, 37.874693 ], [ -89.923185, 37.870672 ], [ -89.913317, 37.869641 ], [ -89.901832, 37.869822 ], [ -89.897301, 37.871605 ], [ -89.881475, 37.879591 ], [ -89.876594, 37.883294 ], [ -89.872381873346498, 37.887777551429501 ], [ -89.866988, 37.893519 ], [ -89.862949, 37.896906 ], [ -89.851048, 37.90398 ], [ -89.844786, 37.905572 ], [ -89.843836863462499, 37.905405001713603 ], [ -89.842649, 37.905196 ], [ -89.837182410166903, 37.902294732463901 ], [ -89.836254, 37.901802 ], [ -89.813647, 37.88771 ], [ -89.803913, 37.882985 ], [ -89.799333, 37.881517 ], [ -89.798041, 37.879655 ], [ -89.797678, 37.874202 ], [ -89.799835, 37.871367 ], [ -89.80036, 37.868625 ], [ -89.796087, 37.859505 ], [ -89.793718, 37.857054 ], [ -89.786369, 37.851734 ], [ -89.782035, 37.855092 ], [ -89.779828, 37.853896 ], [ -89.774306, 37.852123 ], [ -89.765222, 37.851782 ], [ -89.761992, 37.850657 ], [ -89.757363, 37.847613 ], [ -89.754104, 37.846358 ], [ -89.749961, 37.846984 ], [ -89.7498580029512, 37.8469834486677 ], [ -89.739873, 37.84693 ], [ -89.736439, 37.843494 ], [ -89.732737, 37.838507 ], [ -89.729426, 37.835081 ], [ -89.71748, 37.825724 ], [ -89.703452633123405, 37.817182602514102 ], [ -89.702844, 37.816812 ], [ -89.696559, 37.814337 ], [ -89.68285, 37.807789 ], [ -89.677605, 37.805066 ], [ -89.674415793780895, 37.803005294461599 ], [ -89.669644, 37.799922 ], [ -89.663982, 37.790801 ], [ -89.66132, 37.788204 ], [ -89.66038, 37.786296 ], [ -89.660227, 37.781032 ], [ -89.66119, 37.775732 ], [ -89.661998266297601, 37.773746524081297 ], [ -89.66413, 37.76851 ], [ -89.666474, 37.764195 ], [ -89.667993, 37.759484 ], [ -89.665546, 37.752095 ], [ -89.663352, 37.750052 ], [ -89.658455, 37.74771 ], [ -89.64953, 37.745498 ], [ -89.645429, 37.746108 ], [ -89.63337, 37.745782 ], [ -89.62801, 37.748135 ], [ -89.624023, 37.74912 ], [ -89.617278, 37.74972 ], [ -89.616389, 37.749167 ], [ -89.615933, 37.748184 ], [ -89.616194, 37.744283 ], [ -89.615586, 37.74235 ], [ -89.613157513287803, 37.740541918194303 ], [ -89.612478, 37.740036 ], [ -89.608757, 37.739684 ], [ -89.602406, 37.736492 ], [ -89.600972945853002, 37.735607138141397 ], [ -89.596566, 37.732886 ], [ -89.591289, 37.723599 ], [ -89.587213, 37.71751 ], [ -89.584080266575995, 37.714094299636002 ], [ -89.583316, 37.713261 ], [ -89.573516, 37.709065 ], [ -89.566704, 37.707189 ], [ -89.538652, 37.701054 ], [ -89.531427, 37.700334 ], [ -89.52573, 37.698441 ], [ -89.521948, 37.696475 ], [ -89.516685, 37.692762 ], [ -89.516637746552206, 37.692706793194098 ], [ -89.514255, 37.689923 ], [ -89.512009, 37.685525 ], [ -89.51204, 37.680985 ], [ -89.513927, 37.676575 ], [ -89.516146, 37.667975 ], [ -89.516827, 37.656089 ], [ -89.515903, 37.650803 ], [ -89.51586, 37.645555 ], [ -89.517136, 37.643789 ], [ -89.517718, 37.641217 ], [ -89.515649, 37.636446 ], [ -89.510526, 37.631755 ], [ -89.506563, 37.62505 ], [ -89.502442400958302, 37.621500345257601 ], [ -89.501871944876598, 37.621008930753199 ], [ -89.485792, 37.607157 ], [ -89.478399, 37.598869 ], [ -89.476514, 37.595554 ], [ -89.475932, 37.592998 ], [ -89.47603, 37.590226 ], [ -89.477548, 37.585885 ], [ -89.481118, 37.582973 ], [ -89.486062, 37.580853 ], [ -89.494051, 37.580116 ], [ -89.509542, 37.584147 ], [ -89.513943, 37.584815 ], [ -89.516538, 37.584504 ], [ -89.519808, 37.582748 ], [ -89.520804, 37.581155 ], [ -89.521274, 37.578971 ], [ -89.521517425674404, 37.5721520897118 ], [ -89.521729567121895, 37.566209522219602 ], [ -89.524971, 37.566316 ], [ -89.527508, 37.56567 ], [ -89.528082, 37.563965 ], [ -89.529294, 37.564189 ], [ -89.531719, 37.566072 ], [ -89.533821, 37.566863 ], [ -89.533953, 37.569137 ], [ -89.534928, 37.570815 ], [ -89.538636, 37.574329 ], [ -89.54017, 37.574212 ], [ -89.541115, 37.573591 ], [ -89.541265, 37.571839 ], [ -89.538385, 37.569484 ], [ -89.539588, 37.567708 ], [ -89.54339, 37.567009 ], [ -89.548484, 37.569185 ], [ -89.548907, 37.571063 ], [ -89.548433, 37.573238 ], [ -89.549761, 37.574628 ], [ -89.553981, 37.576644 ], [ -89.555365, 37.576819 ], [ -89.559348, 37.575125 ], [ -89.565764, 37.57369 ], [ -89.577198, 37.572428 ], [ -89.581474, 37.571011 ], [ -89.583639, 37.573425 ], [ -89.585031, 37.574168 ], [ -89.582875, 37.575268 ], [ -89.582218, 37.577006 ], [ -89.583293, 37.579497 ], [ -89.583456, 37.58188 ], [ -89.586171, 37.581175 ], [ -89.590133, 37.577695 ], [ -89.590139, 37.575343 ], [ -89.590882, 37.574689 ], [ -89.592696, 37.57512 ], [ -89.593858, 37.576816 ], [ -89.596492, 37.579014 ], [ -89.592909, 37.581613 ], [ -89.592846, 37.58299 ], [ -89.594309, 37.585167 ], [ -89.598513, 37.589072 ], [ -89.602946, 37.591626 ], [ -89.603574, 37.592056 ], [ -89.602603, 37.596974 ], [ -89.602907, 37.598497 ], [ -89.602828, 37.603225 ], [ -89.607225, 37.602892 ], [ -89.608223, 37.599623 ], [ -89.607861, 37.598612 ], [ -89.608934, 37.597427 ], [ -89.611909, 37.597756 ], [ -89.612092, 37.59595 ], [ -89.615023, 37.594251 ], [ -89.616522, 37.592645 ], [ -89.619211, 37.594776 ], [ -89.62074, 37.593279 ], [ -89.624322, 37.593679 ], [ -89.624744, 37.591097 ], [ -89.625785, 37.588462 ], [ -89.626724, 37.587975 ], [ -89.628184, 37.589476 ], [ -89.632781, 37.590743 ], [ -89.634518, 37.59063 ], [ -89.635243, 37.587354 ], [ -89.636182, 37.586867 ], [ -89.63987, 37.587188 ], [ -89.639328, 37.590173 ], [ -89.641581, 37.592183 ], [ -89.640871, 37.594379 ], [ -89.638777, 37.595617 ], [ -89.637733, 37.597669 ], [ -89.638027, 37.601704 ], [ -89.638927, 37.603595 ], [ -89.641442, 37.603585 ], [ -89.641934, 37.602464 ], [ -89.644695, 37.599218 ], [ -89.647518, 37.59765 ], [ -89.650915, 37.597933 ], [ -89.6532, 37.598947 ], [ -89.654359, 37.598957 ], [ -89.654964, 37.598688 ], [ -89.658482, 37.598319 ], [ -89.665005, 37.598389 ], [ -89.665435, 37.598081 ], [ -89.665323, 37.595282 ], [ -89.664373, 37.59073 ], [ -89.671307, 37.584839 ], [ -89.672184, 37.58338 ], [ -89.672355, 37.587238 ], [ -89.674423, 37.589673 ], [ -89.674544, 37.589879 ], [ -89.675732, 37.591556 ], [ -89.677586, 37.591446 ], [ -89.677116, 37.586915 ], [ -89.67773, 37.584461 ], [ -89.681055, 37.584609 ], [ -89.683655, 37.586117 ], [ -89.683898, 37.586821 ], [ -89.68635, 37.588351 ], [ -89.685953, 37.590819 ], [ -89.68405, 37.591912 ], [ -89.684126, 37.593541 ], [ -89.687026, 37.595577 ], [ -89.689805, 37.596345 ], [ -89.693536, 37.595528 ], [ -89.695234, 37.593927 ], [ -89.697561, 37.594243 ], [ -89.701964, 37.596144 ], [ -89.70394, 37.596022 ], [ -89.708023, 37.597626 ], [ -89.709566, 37.599307 ], [ -89.711123, 37.599428 ], [ -89.714752, 37.596811 ], [ -89.716206, 37.594963 ], [ -89.71461, 37.590245 ], [ -89.716091, 37.588099 ], [ -89.719313, 37.587857 ], [ -89.720493, 37.589487 ], [ -89.721005, 37.594292 ], [ -89.722143, 37.595405 ], [ -89.726219, 37.598015 ], [ -89.727266, 37.599833 ], [ -89.729544, 37.600545 ], [ -89.734951, 37.601558 ], [ -89.739535, 37.600317 ], [ -89.740659, 37.599193 ], [ -89.739899, 37.59718 ], [ -89.73757, 37.595419 ], [ -89.735719, 37.59227 ], [ -89.736057, 37.591206 ], [ -89.737144, 37.590624 ], [ -89.739293, 37.590875 ], [ -89.74348, 37.592669 ], [ -89.748588, 37.590217 ], [ -89.75291, 37.591927 ], [ -89.756122, 37.592286 ], [ -89.758732, 37.591628 ], [ -89.760053, 37.590151 ], [ -89.7598, 37.58806 ], [ -89.760665, 37.587789 ], [ -89.764625, 37.591249 ], [ -89.765494, 37.591571 ], [ -89.769618, 37.591645 ], [ -89.770769, 37.591337 ], [ -89.77286, 37.591255 ], [ -89.777829, 37.590692 ], [ -89.778849, 37.591133 ], [ -89.782099, 37.591837 ], [ -89.783155, 37.59344 ], [ -89.785127, 37.598229 ], [ -89.786334, 37.598728 ], [ -89.788791, 37.596895 ], [ -89.791794, 37.592492 ], [ -89.793698, 37.593135 ], [ -89.795803, 37.592103 ], [ -89.797962, 37.593415 ], [ -89.79946, 37.593564 ], [ -89.801461, 37.592685 ], [ -89.802206, 37.593679 ], [ -89.797493, 37.600421 ], [ -89.797258, 37.603381 ], [ -89.799086, 37.605895 ], [ -89.800184, 37.606423 ], [ -89.802675, 37.602475 ], [ -89.804959, 37.601728 ], [ -89.806443, 37.602003 ], [ -89.813785, 37.600669 ], [ -89.816631, 37.599884 ], [ -89.861123, 37.599286 ], [ -89.944492, 37.598636 ], [ -89.960072, 37.598668 ], [ -89.960272, 37.59852 ], [ -89.990705, 37.59823 ], [ -89.994147, 37.59815 ], [ -89.994987, 37.598099 ], [ -89.99568, 37.598288 ], [ -90.000208, 37.598006 ], [ -90.091762, 37.598281 ], [ -90.125107, 37.597542 ], [ -90.146763, 37.597434 ], [ -90.147306, 37.613546 ], [ -90.146807, 37.638587 ] ] ] ] } },
{ "type": "Feature", "properties": { "STATEFP": "29", "COUNTYFP": "019", "COUNTYNS": "00758464", "GEOIDFQ": "0500000US29019", "GEOID": "29019", "NAME": "Boone", "NAMELSAD": "Boone County", "STUSPS": "MO", "STATE_NAME": "Missouri", "LSAD": "06", "ALAND": 1775568233.0, "AWATER": 14222019.0 }, "geometry": { "type": "MultiPolygon", "coordinates": [ [ [ [ -92.570156, 38.979728 ], [ -92.565915, 38.982208 ], [ -92.561928, 38.9835 ], [ -92.561245, 38.983704 ], [ -92.556495, 38.985426 ], [ -92.556993, 38.988097 ], [ -92.558415, 38.988381 ], [ -92.562111, 38.986425 ], [ -92.563692, 38.986616 ], [ -92.563529, 38.988929 ], [ -92.565389, 38.990676 ], [ -92.564481, 38.992783 ], [ -92.564119, 38.994638 ], [ -92.562206, 38.995938 ], [ -92.562338, 38.996911 ], [ -92.56516, 38.998647 ], [ -92.562464, 38.999904 ], [ -92.56049, 39.002286 ], [ -92.561986, 39.003181 ], [ -92.548431, 39.026635 ], [ -92.543768, 39.03467 ], [ -92.535707, 39.048677 ], [ -92.531253, 39.056639 ], [ -92.520053, 39.076956 ], [ -92.501043, 39.112835 ], [ -92.475415, 39.162997 ], [ -92.471453, 39.170617 ], [ -92.464221, 39.184396 ], [ -92.462149, 39.188346 ], [ -92.452216, 39.207091 ], [ -92.446004, 39.218865 ], [ -92.445901, 39.219059 ], [ -92.442728, 39.225079 ], [ -92.441846, 39.226796 ], [ -92.435537, 39.238814 ], [ -92.430229, 39.248795 ], [ -92.415009, 39.248573 ], [ -92.408971, 39.248172 ], [ -92.372492, 39.247724 ], [ -92.370556, 39.247688 ], [ -92.36724, 39.24748 ], [ -92.326113, 39.246645 ], [ -92.324669, 39.246612 ], [ -92.324204, 39.246605 ], [ -92.324061, 39.246602 ], [ -92.320747, 39.246537 ], [ -92.314471, 39.246454 ], [ -92.286585, 39.245492 ], [ -92.280124, 39.245239 ], [ -92.234165, 39.243666 ], [ -92.231768, 39.243732 ], [ -92.223899, 39.243465 ], [ -92.221428, 39.243155 ], [ -92.19863, 39.242346 ], [ -92.104854, 39.239825 ], [ -92.104374, 39.239809 ], [ -92.105345, 39.218339 ], [ -92.105348, 39.21826 ], [ -92.10542, 39.21617 ], [ -92.105424, 39.216029 ], [ -92.105705, 39.207538 ], [ -92.105973, 39.198924 ], [ -92.105688, 39.195889 ], [ -92.106534, 39.168143 ], [ -92.106359, 39.159813 ], [ -92.106954, 39.152434 ], [ -92.107292, 39.148369 ], [ -92.109876, 39.086498 ], [ -92.109779, 39.083399 ], [ -92.110387, 39.064204 ], [ -92.131512, 39.064484 ], [ -92.12958, 39.062488 ], [ -92.130143, 39.060844 ], [ -92.130935, 39.061273 ], [ -92.132577, 39.059393 ], [ -92.130975, 39.055272 ], [ -92.131885, 39.050782 ], [ -92.130006, 39.050426 ], [ -92.128481, 39.048504 ], [ -92.129425, 39.04597 ], [ -92.129787, 39.045138 ], [ -92.132699, 39.045133 ], [ -92.133511, 39.043522 ], [ -92.13349, 39.039695 ], [ -92.134892, 39.036101 ], [ -92.135974, 39.032397 ], [ -92.140784, 39.030135 ], [ -92.140209, 39.028595 ], [ -92.140653, 39.027382 ], [ -92.134589, 39.027377 ], [ -92.133723, 39.026002 ], [ -92.130607, 39.0253 ], [ -92.131022, 39.021455 ], [ -92.13359, 39.018107 ], [ -92.133729, 39.015309 ], [ -92.132822, 39.01487 ], [ -92.133069, 39.012637 ], [ -92.135687, 39.009103 ], [ -92.140472, 39.006659 ], [ -92.139895, 39.005799 ], [ -92.138496, 39.005902 ], [ -92.138581, 39.003836 ], [ -92.13978, 39.003063 ], [ -92.140296, 39.001454 ], [ -92.139454, 39.000438 ], [ -92.138353, 39.002665 ], [ -92.137139, 39.001818 ], [ -92.136623, 38.999633 ], [ -92.137631, 38.997433 ], [ -92.138785, 38.996576 ], [ -92.136541, 38.994938 ], [ -92.137758, 38.993622 ], [ -92.137086, 38.991887 ], [ -92.138526, 38.988419 ], [ -92.139688, 38.986806 ], [ -92.138334, 38.985182 ], [ -92.140559, 38.984541 ], [ -92.140809, 38.983063 ], [ -92.141813, 38.982027 ], [ -92.141914, 38.980352 ], [ -92.142842, 38.98016 ], [ -92.143817, 38.98197 ], [ -92.14632, 38.980954 ], [ -92.145669, 38.979105 ], [ -92.14706, 38.977577 ], [ -92.145904, 38.973898 ], [ -92.144811, 38.972757 ], [ -92.145651, 38.972007 ], [ -92.145327, 38.970487 ], [ -92.143394, 38.967719 ], [ -92.146453, 38.964804 ], [ -92.146865, 38.963194 ], [ -92.148784, 38.961036 ], [ -92.148104, 38.95904 ], [ -92.146817, 38.958571 ], [ -92.14979, 38.954301 ], [ -92.150801, 38.953613 ], [ -92.15135, 38.949088 ], [ -92.152776, 38.946638 ], [ -92.153366, 38.943578 ], [ -92.152297, 38.941309 ], [ -92.152722, 38.940093 ], [ -92.15317, 38.937782 ], [ -92.151256, 38.937642 ], [ -92.151581, 38.936545 ], [ -92.153258, 38.936143 ], [ -92.154085, 38.934572 ], [ -92.153884, 38.933056 ], [ -92.152404, 38.931352 ], [ -92.154416, 38.927122 ], [ -92.153916, 38.924523 ], [ -92.154814, 38.923691 ], [ -92.158769, 38.925765 ], [ -92.160715, 38.925158 ], [ -92.156591, 38.919775 ], [ -92.156441, 38.918774 ], [ -92.154503, 38.917876 ], [ -92.155501, 38.914396 ], [ -92.157573, 38.911458 ], [ -92.164108, 38.907026 ], [ -92.165117, 38.900948 ], [ -92.166964, 38.900763 ], [ -92.168769, 38.898252 ], [ -92.168952, 38.896424 ], [ -92.163715, 38.897558 ], [ -92.161856, 38.896833 ], [ -92.161291, 38.895865 ], [ -92.158849, 38.894667 ], [ -92.157398, 38.892548 ], [ -92.158745, 38.888836 ], [ -92.158287, 38.888012 ], [ -92.156891, 38.888509 ], [ -92.156686, 38.885495 ], [ -92.154844, 38.884266 ], [ -92.148704, 38.885753 ], [ -92.148123, 38.885208 ], [ -92.14808, 38.881062 ], [ -92.149766, 38.87984 ], [ -92.154928, 38.881067 ], [ -92.156132, 38.880652 ], [ -92.157064, 38.87691 ], [ -92.158394, 38.875559 ], [ -92.159325, 38.872898 ], [ -92.158313, 38.870719 ], [ -92.158707, 38.869577 ], [ -92.162235, 38.866521 ], [ -92.161916, 38.865284 ], [ -92.157912, 38.864624 ], [ -92.156004, 38.865169 ], [ -92.152231, 38.867485 ], [ -92.150881, 38.867601 ], [ -92.149272, 38.866238 ], [ -92.148035, 38.861062 ], [ -92.147555, 38.858448 ], [ -92.148409, 38.856472 ], [ -92.15004, 38.855907 ], [ -92.152459, 38.856033 ], [ -92.15434, 38.854857 ], [ -92.154172, 38.853504 ], [ -92.152483, 38.852059 ], [ -92.150047, 38.851455 ], [ -92.149085, 38.85198 ], [ -92.147236, 38.854274 ], [ -92.145553, 38.854379 ], [ -92.14507, 38.853312 ], [ -92.145915, 38.849172 ], [ -92.147938, 38.847319 ], [ -92.148735, 38.846582 ], [ -92.147918, 38.845483 ], [ -92.142426, 38.846074 ], [ -92.140358, 38.8455 ], [ -92.141412, 38.842246 ], [ -92.142367, 38.841378 ], [ -92.146094, 38.839973 ], [ -92.148683, 38.840244 ], [ -92.15081, 38.838718 ], [ -92.149606, 38.836295 ], [ -92.146802, 38.834715 ], [ -92.145523, 38.832777 ], [ -92.147631, 38.830909 ], [ -92.149868, 38.829739 ], [ -92.152272, 38.829141 ], [ -92.153114, 38.828011 ], [ -92.152826, 38.826108 ], [ -92.151842, 38.824605 ], [ -92.149678, 38.823498 ], [ -92.147902, 38.823657 ], [ -92.14421, 38.823179 ], [ -92.142765, 38.821637 ], [ -92.143773, 38.818344 ], [ -92.145754, 38.815457 ], [ -92.144643, 38.81491 ], [ -92.142017, 38.815819 ], [ -92.140934, 38.816793 ], [ -92.138205, 38.817737 ], [ -92.13643, 38.816823 ], [ -92.135397, 38.815581 ], [ -92.135245, 38.813894 ], [ -92.136771, 38.812286 ], [ -92.13815, 38.811798 ], [ -92.1416, 38.813139 ], [ -92.143276, 38.812665 ], [ -92.143188, 38.811393 ], [ -92.141898, 38.808536 ], [ -92.142858, 38.807201 ], [ -92.144527, 38.806276 ], [ -92.14735, 38.806206 ], [ -92.149, 38.806939 ], [ -92.151075, 38.805746 ], [ -92.14928, 38.801777 ], [ -92.14795, 38.800335 ], [ -92.14497, 38.798141 ], [ -92.144805, 38.79659 ], [ -92.145732, 38.796074 ], [ -92.148985, 38.796521 ], [ -92.151435, 38.798729 ], [ -92.151812, 38.799912 ], [ -92.151872, 38.803652 ], [ -92.15387, 38.804118 ], [ -92.15813, 38.802211 ], [ -92.159384, 38.800426 ], [ -92.155673, 38.795813 ], [ -92.155903, 38.792849 ], [ -92.160068, 38.790248 ], [ -92.159316, 38.787366 ], [ -92.158335, 38.784837 ], [ -92.161928, 38.784782 ], [ -92.164207, 38.78387 ], [ -92.164867, 38.782505 ], [ -92.163261, 38.78107 ], [ -92.16384, 38.779803 ], [ -92.167238, 38.777647 ], [ -92.167812, 38.776786 ], [ -92.166991, 38.776095 ], [ -92.164244, 38.775742 ], [ -92.162353, 38.775972 ], [ -92.16149, 38.772063 ], [ -92.162457, 38.769078 ], [ -92.163127, 38.76492 ], [ -92.168898, 38.764609 ], [ -92.17095, 38.7653 ], [ -92.172312, 38.763939 ], [ -92.174148, 38.76042 ], [ -92.174652, 38.758092 ], [ -92.176007, 38.753944 ], [ -92.181779, 38.752363 ], [ -92.181679, 38.749064 ], [ -92.183294, 38.748035 ], [ -92.186184, 38.747554 ], [ -92.186022, 38.745606 ], [ -92.18411, 38.743744 ], [ -92.181245, 38.74168 ], [ -92.181531, 38.739209 ], [ -92.182058, 38.738402 ], [ -92.186124, 38.735888 ], [ -92.191504, 38.736386 ], [ -92.19357, 38.73686 ], [ -92.19437, 38.736243 ], [ -92.195456, 38.734845 ], [ -92.19473, 38.731893 ], [ -92.192191, 38.730551 ], [ -92.194235, 38.729835 ], [ -92.193638, 38.727668 ], [ -92.192431, 38.726132 ], [ -92.195162, 38.723716 ], [ -92.199534, 38.722031 ], [ -92.200688, 38.722294 ], [ -92.201963, 38.720859 ], [ -92.204242, 38.7203 ], [ -92.2088, 38.720499 ], [ -92.212186, 38.720117 ], [ -92.213355, 38.717367 ], [ -92.216388, 38.714495 ], [ -92.216691, 38.712064 ], [ -92.214962, 38.709213 ], [ -92.214433, 38.707128 ], [ -92.215691, 38.702487 ], [ -92.220738, 38.701574 ], [ -92.225384, 38.699469 ], [ -92.226091, 38.697852 ], [ -92.223619, 38.693591 ], [ -92.221276, 38.690196 ], [ -92.21846, 38.689051 ], [ -92.218365, 38.687004 ], [ -92.219099, 38.671871 ], [ -92.22013, 38.658228 ], [ -92.220161, 38.657925 ], [ -92.220661, 38.643167 ], [ -92.225129, 38.644983 ], [ -92.229401, 38.646027 ], [ -92.245996, 38.644007 ], [ -92.251523, 38.64419 ], [ -92.259091, 38.645347 ], [ -92.262194, 38.646405 ], [ -92.26766, 38.650566 ], [ -92.275806, 38.658215 ], [ -92.285187, 38.663138 ], [ -92.29337, 38.666564 ], [ -92.297703, 38.667209 ], [ -92.308541, 38.66925 ], [ -92.317824, 38.670781 ], [ -92.335455, 38.673177 ], [ -92.337291, 38.673143 ], [ -92.345315, 38.674882 ], [ -92.350605, 38.676398 ], [ -92.357813, 38.679517 ], [ -92.36091, 38.681848 ], [ -92.362543, 38.683981 ], [ -92.363606, 38.68621 ], [ -92.362993, 38.688653 ], [ -92.36143, 38.69204 ], [ -92.354968, 38.697093 ], [ -92.350832, 38.699574 ], [ -92.345667, 38.703059 ], [ -92.343265, 38.705073 ], [ -92.342462, 38.708279 ], [ -92.342665, 38.711769 ], [ -92.344093, 38.715069 ], [ -92.345722, 38.717674 ], [ -92.360216, 38.730133 ], [ -92.364144, 38.731666 ], [ -92.376899, 38.733807 ], [ -92.381949, 38.733873 ], [ -92.387808, 38.735433 ], [ -92.394866, 38.73913 ], [ -92.399886, 38.742169 ], [ -92.403033, 38.745592 ], [ -92.404738, 38.74819 ], [ -92.40681, 38.752653 ], [ -92.408636, 38.758243 ], [ -92.409409, 38.764277 ], [ -92.40922, 38.767566 ], [ -92.408567, 38.770195 ], [ -92.407078, 38.772598 ], [ -92.404943, 38.774257 ], [ -92.395182, 38.778328 ], [ -92.390782, 38.780612 ], [ -92.386335, 38.784579 ], [ -92.384564, 38.787046 ], [ -92.382542, 38.790914 ], [ -92.382272, 38.791606 ], [ -92.379614, 38.800076 ], [ -92.37958, 38.801546 ], [ -92.380442, 38.80487 ], [ -92.381304, 38.808732 ], [ -92.384391, 38.815488 ], [ -92.385654, 38.816544 ], [ -92.38791, 38.817934 ], [ -92.390687, 38.818898 ], [ -92.394089, 38.819576 ], [ -92.397237, 38.81983 ], [ -92.406548, 38.81945 ], [ -92.414021, 38.8189 ], [ -92.416872, 38.818869 ], [ -92.42118, 38.819754 ], [ -92.425205, 38.821418 ], [ -92.432079, 38.825069 ], [ -92.439906, 38.831346 ], [ -92.444856, 38.838344 ], [ -92.44717, 38.842444 ], [ -92.450231, 38.849607 ], [ -92.452538, 38.853738 ], [ -92.456717, 38.860269 ], [ -92.462429, 38.864536 ], [ -92.46845, 38.868619 ], [ -92.47452, 38.871776 ], [ -92.477794, 38.874107 ], [ -92.47964, 38.877439 ], [ -92.480317, 38.881306 ], [ -92.47897, 38.886546 ], [ -92.4753, 38.895334 ], [ -92.474451, 38.898604 ], [ -92.474259, 38.901596 ], [ -92.474586, 38.902371 ], [ -92.47617, 38.904463 ], [ -92.479225, 38.907879 ], [ -92.480497, 38.908853 ], [ -92.482905, 38.910787 ], [ -92.489318, 38.914886 ], [ -92.491264, 38.917607 ], [ -92.498377, 38.922084 ], [ -92.50394, 38.927644 ], [ -92.508657, 38.93271 ], [ -92.514987, 38.938114 ], [ -92.523427, 38.943359 ], [ -92.526437, 38.944776 ], [ -92.531947, 38.948839 ], [ -92.536382, 38.950936 ], [ -92.540118, 38.953718 ], [ -92.544946, 38.959691 ], [ -92.553187, 38.967276 ], [ -92.558086, 38.970692 ], [ -92.55896, 38.972297 ], [ -92.559179, 38.973173 ], [ -92.565992, 38.974264 ], [ -92.570156, 38.979728 ] ] ] ] } },
{ "type": "Feature", "properties": { "STATEFP": "29", "COUNTYFP": "063", "COUNTYNS": "00758486", "GEOIDFQ": "0500000US29063", "GEOID": "29063", "NAME": "DeKalb", "NAMELSAD": "DeKalb County", "STUSPS": "MO", "STATE_NAME": "Missouri", "LSAD": "06", "ALAND": 1091312448.0, "AWATER": 11560688.0 }, "geometry": { "type": "MultiPolygon", "coordinates": [ [ [ [ -94.605377, 40.039217 ], [ -94.58524, 40.039305 ], [ -94.58459, 40.039289 ], [ -94.579647, 40.039265 ], [ -94.576126, 40.039266 ], [ -94.5546, 40.039206 ], [ -94.464648, 40.038888 ], [ -94.45262, 40.038861 ], [ -94.4457, 40.038894 ], [ -94.393612, 40.039169 ], [ -94.329967, 40.039255 ], [ -94.318722, 40.038817 ], [ -94.256423, 40.036559 ], [ -94.234539, 40.035594 ], [ -94.2188, 40.034885 ], [ -94.20441, 40.034739 ], [ -94.203457, 40.034539 ], [ -94.203948, 40.000046 ], [ -94.204262, 39.977797 ], [ -94.204455, 39.963151 ], [ -94.204674, 39.948775 ], [ -94.204725, 39.948109 ], [ -94.204817, 39.934156 ], [ -94.204932, 39.92629 ], [ -94.205213, 39.90916 ], [ -94.205301, 39.901802 ], [ -94.205482, 39.875936 ], [ -94.205561, 39.847281 ], [ -94.205575, 39.832529 ], [ -94.205844, 39.788954 ], [ -94.205884, 39.767152 ], [ -94.205432, 39.760821 ], [ -94.20578, 39.753873 ], [ -94.205961, 39.745841 ], [ -94.21119, 39.745965 ], [ -94.212063, 39.745989 ], [ -94.220283, 39.746218 ], [ -94.23035, 39.746139 ], [ -94.236897, 39.746348 ], [ -94.253114, 39.746398 ], [ -94.254018, 39.746402 ], [ -94.257903, 39.746431 ], [ -94.262269, 39.746443 ], [ -94.281346, 39.746873 ], [ -94.318595, 39.7475 ], [ -94.319034, 39.747465 ], [ -94.321819, 39.747268 ], [ -94.337796, 39.747115 ], [ -94.346461, 39.747219 ], [ -94.350733, 39.747146 ], [ -94.353368, 39.747221 ], [ -94.362337, 39.747148 ], [ -94.365509, 39.747373 ], [ -94.432472, 39.747474 ], [ -94.442519, 39.747629 ], [ -94.451465, 39.747694 ], [ -94.470451, 39.747639 ], [ -94.479833, 39.747735 ], [ -94.489145, 39.747644 ], [ -94.492453, 39.747954 ], [ -94.496362, 39.747655 ], [ -94.50794, 39.747794 ], [ -94.526485, 39.747772 ], [ -94.544256, 39.747698 ], [ -94.544503, 39.747343 ], [ -94.553634, 39.747222 ], [ -94.571621, 39.747119 ], [ -94.573967, 39.747277 ], [ -94.577994, 39.747278 ], [ -94.581399, 39.747271 ], [ -94.596138, 39.747237 ], [ -94.602257, 39.747195 ], [ -94.602363, 39.776347 ], [ -94.60283, 39.819906 ], [ -94.602712, 39.826133 ], [ -94.603191, 39.834317 ], [ -94.604011, 39.878161 ], [ -94.604347, 39.915037 ], [ -94.604539, 39.936018 ], [ -94.604544, 39.936573 ], [ -94.604846, 39.966245 ], [ -94.604783, 39.97637 ], [ -94.604812, 39.98167 ], [ -94.604696, 39.982362 ], [ -94.604814, 39.991991 ], [ -94.604956, 39.992693 ], [ -94.605377, 40.039217 ] ] ] ] } },
{ "type": "Feature", "properties": { "STATEFP": "29", "COUNTYFP": "195", "COUNTYNS": "00758550", "GEOIDFQ": "0500000US29195", "GEOID": "29195", "NAME": "Saline", "NAMELSAD": "Saline County", "STUSPS": "MO", "STATE_NAME": "Missouri", "LSAD": "06", "ALAND": 1956761965.0, "AWATER": 29542462.0 }, "geometry": { "type": "MultiPolygon", "coordinates": [ [ [ [ -93.496377, 38.942837 ], [ -93.495195, 38.964654 ], [ -93.494165, 38.984812 ], [ -93.493947, 38.988157 ], [ -93.493003, 39.00158 ], [ -93.492775, 39.004865 ], [ -93.491922, 39.022886 ], [ -93.491326, 39.030227 ], [ -93.490666, 39.044752 ], [ -93.489376, 39.073921 ], [ -93.487813, 39.098772 ], [ -93.487711, 39.099439 ], [ -93.487734, 39.10257 ], [ -93.4877, 39.103058 ], [ -93.487839, 39.105737 ], [ -93.487734, 39.107449 ], [ -93.487535, 39.107671 ], [ -93.485683, 39.146484 ], [ -93.484899, 39.161232 ], [ -93.482402, 39.202821 ], [ -93.48146, 39.219493 ], [ -93.481578, 39.220874 ], [ -93.481203, 39.228911 ], [ -93.481816, 39.230471 ], [ -93.481028, 39.232248 ], [ -93.480006, 39.245146 ], [ -93.479902, 39.250018 ], [ -93.477233, 39.292796 ], [ -93.473272, 39.293296 ], [ -93.470529, 39.293256 ], [ -93.464985, 39.29237 ], [ -93.459908, 39.289375 ], [ -93.455873, 39.285332 ], [ -93.451433, 39.274077 ], [ -93.450714, 39.272975 ], [ -93.444231, 39.268525 ], [ -93.440554, 39.267821 ], [ -93.43296, 39.267262 ], [ -93.423917, 39.26749 ], [ -93.419441, 39.267917 ], [ -93.413924, 39.267753 ], [ -93.411449, 39.267152 ], [ -93.407143, 39.26511 ], [ -93.404775, 39.263274 ], [ -93.402903, 39.260054 ], [ -93.403013, 39.25803 ], [ -93.404498, 39.254222 ], [ -93.40764, 39.250021 ], [ -93.413381, 39.244556 ], [ -93.41523, 39.241797 ], [ -93.415882, 39.237824 ], [ -93.415226, 39.234923 ], [ -93.411414, 39.231058 ], [ -93.406401, 39.228394 ], [ -93.401877, 39.226905 ], [ -93.396335, 39.22634 ], [ -93.388411, 39.227426 ], [ -93.382104, 39.22883 ], [ -93.373137, 39.231331 ], [ -93.368136, 39.23331 ], [ -93.362615, 39.237327 ], [ -93.357548, 39.240698 ], [ -93.353637, 39.242763 ], [ -93.344522, 39.246031 ], [ -93.33673, 39.248079 ], [ -93.333337, 39.250012 ], [ -93.329121, 39.255081 ], [ -93.32832, 39.257077 ], [ -93.328547, 39.263804 ], [ -93.328962, 39.265483 ], [ -93.330581, 39.268437 ], [ -93.332624, 39.271305 ], [ -93.337763, 39.2769 ], [ -93.341996, 39.283648 ], [ -93.343782, 39.287104 ], [ -93.34443, 39.289364 ], [ -93.344619, 39.292702 ], [ -93.344109, 39.297179 ], [ -93.343174, 39.299113 ], [ -93.340312, 39.303353 ], [ -93.336856, 39.307032 ], [ -93.332252, 39.309606 ], [ -93.324764, 39.310615 ], [ -93.316504, 39.310921 ], [ -93.310473, 39.310744 ], [ -93.301963, 39.309773 ], [ -93.294161, 39.309214 ], [ -93.292635, 39.309283 ], [ -93.283404, 39.309904 ], [ -93.277725, 39.311549 ], [ -93.269393, 39.31655 ], [ -93.266853, 39.319261 ], [ -93.266488, 39.320149 ], [ -93.267795, 39.325117 ], [ -93.264953, 39.328766 ], [ -93.263813, 39.331009 ], [ -93.255922, 39.337837 ], [ -93.252726, 39.338784 ], [ -93.247776, 39.338669 ], [ -93.242857, 39.337617 ], [ -93.240283, 39.336394 ], [ -93.237177, 39.333949 ], [ -93.233931, 39.330699 ], [ -93.230079, 39.327877 ], [ -93.226508, 39.328485 ], [ -93.225221, 39.328863 ], [ -93.221669, 39.331326 ], [ -93.215349, 39.338107 ], [ -93.209536, 39.348573 ], [ -93.206753, 39.35239 ], [ -93.203168, 39.355775 ], [ -93.195201, 39.362523 ], [ -93.192037, 39.365705 ], [ -93.189569, 39.370383 ], [ -93.1888, 39.375023 ], [ -93.188909, 39.377698 ], [ -93.190199, 39.381792 ], [ -93.191531, 39.383791 ], [ -93.197088, 39.390434 ], [ -93.200028, 39.395991 ], [ -93.200951, 39.398891 ], [ -93.200708, 39.401787 ], [ -93.199282, 39.404312 ], [ -93.196746, 39.406836 ], [ -93.193101, 39.409278 ], [ -93.189435, 39.410486 ], [ -93.184755, 39.411348 ], [ -93.180646, 39.411805 ], [ -93.177451, 39.411714 ], [ -93.174465, 39.411026 ], [ -93.167221, 39.407253 ], [ -93.164322, 39.405007 ], [ -93.162066, 39.402513 ], [ -93.159482, 39.398952 ], [ -93.15653, 39.392947 ], [ -93.154525, 39.38996 ], [ -93.151992, 39.387158 ], [ -93.146082, 39.381997 ], [ -93.139631, 39.378643 ], [ -93.135507, 39.377654 ], [ -93.131868, 39.377328 ], [ -93.125199, 39.377675 ], [ -93.10906, 39.38306 ], [ -93.106071, 39.383724 ], [ -93.104485, 39.383656 ], [ -93.098584, 39.383174 ], [ -93.092577, 39.38156 ], [ -93.087759, 39.378912 ], [ -93.080289, 39.371752 ], [ -93.079087, 39.370069 ], [ -93.077083, 39.3655 ], [ -93.076361, 39.36069 ], [ -93.078053, 39.347977 ], [ -93.076948, 39.342506 ], [ -93.074438, 39.337965 ], [ -93.072915, 39.33552 ], [ -93.07059, 39.332794 ], [ -93.067996, 39.330294 ], [ -93.061533, 39.325566 ], [ -93.052043, 39.320725 ], [ -93.044755, 39.317666 ], [ -93.03101, 39.314382 ], [ -93.023776, 39.313115 ], [ -93.014919, 39.312875 ], [ -93.01136, 39.313232 ], [ -93.007306, 39.313342 ], [ -93.001933, 39.312995 ], [ -92.993568, 39.313641 ], [ -92.976803, 39.31548 ], [ -92.971592, 39.3156 ], [ -92.968462, 39.31518 ], [ -92.961572, 39.312995 ], [ -92.960569, 39.312856 ], [ -92.959801, 39.312526 ], [ -92.958148, 39.311142 ], [ -92.954289, 39.306346 ], [ -92.953402, 39.302752 ], [ -92.953273, 39.298457 ], [ -92.954925, 39.293817 ], [ -92.957986, 39.288063 ], [ -92.958978, 39.283041 ], [ -92.957766, 39.279336 ], [ -92.956121, 39.277163 ], [ -92.95047, 39.271993 ], [ -92.947403, 39.270094 ], [ -92.943591, 39.26865 ], [ -92.936659, 39.266522 ], [ -92.931673, 39.26566 ], [ -92.926623, 39.264458 ], [ -92.923617, 39.263376 ], [ -92.918446, 39.259769 ], [ -92.916749, 39.25794 ], [ -92.916263, 39.255678 ], [ -92.915469, 39.253379 ], [ -92.915681, 39.250031 ], [ -92.917194, 39.245143 ], [ -92.919969, 39.240208 ], [ -92.919968, 39.232953 ], [ -92.919572, 39.231615 ], [ -92.915197, 39.226262 ], [ -92.911669, 39.223946 ], [ -92.906142, 39.222339 ], [ -92.899431, 39.221865 ], [ -92.896194, 39.221897 ], [ -92.892788, 39.222507 ], [ -92.886552, 39.224257 ], [ -92.88414, 39.225195 ], [ -92.879067, 39.228774 ], [ -92.872606, 39.232981 ], [ -92.870294, 39.234197 ], [ -92.86523, 39.235904 ], [ -92.862851, 39.236437 ], [ -92.86015, 39.236502 ], [ -92.854935, 39.235537 ], [ -92.851796, 39.233946 ], [ -92.850702, 39.233142 ], [ -92.84907, 39.230612 ], [ -92.848825, 39.229378 ], [ -92.849224, 39.226218 ], [ -92.850102, 39.222406 ], [ -92.85059, 39.220484 ], [ -92.851402, 39.217889 ], [ -92.855186, 39.209081 ], [ -92.859083, 39.202975 ], [ -92.861077, 39.200151 ], [ -92.865625, 39.195286 ], [ -92.868985, 39.191962 ], [ -92.875186, 39.187007 ], [ -92.87773, 39.185838 ], [ -92.885501, 39.182928 ], [ -92.891363, 39.179822 ], [ -92.896741, 39.175906 ], [ -92.900996, 39.171397 ], [ -92.904802, 39.166155 ], [ -92.905391, 39.161951 ], [ -92.905671, 39.151385 ], [ -92.906073, 39.147639 ], [ -92.906321, 39.146981 ], [ -92.907255, 39.1445 ], [ -92.911696, 39.138173 ], [ -92.917154, 39.133286 ], [ -92.922324, 39.130921 ], [ -92.927883, 39.129418 ], [ -92.936957, 39.127836 ], [ -92.94165, 39.125892 ], [ -92.94385, 39.121738 ], [ -92.944467, 39.118443 ], [ -92.945317, 39.114685 ], [ -92.945232, 39.107089 ], [ -92.944262, 39.10526 ], [ -92.942786, 39.103531 ], [ -92.938121, 39.101108 ], [ -92.934053, 39.099329 ], [ -92.927537, 39.097935 ], [ -92.924698, 39.097789 ], [ -92.916718, 39.09793 ], [ -92.911841, 39.097025 ], [ -92.90897, 39.095547 ], [ -92.907438, 39.092655 ], [ -92.906697, 39.088646 ], [ -92.907362, 39.084206 ], [ -92.910762, 39.079759 ], [ -92.91455, 39.076064 ], [ -92.917762, 39.073584 ], [ -92.921104, 39.071991 ], [ -92.928, 39.069636 ], [ -92.930482, 39.068532 ], [ -92.934569, 39.064547 ], [ -92.946834, 39.054741 ], [ -92.957345, 39.046254 ], [ -92.982653, 39.025929 ], [ -92.985475, 39.023665 ], [ -92.99902, 39.01279 ], [ -93.02563, 38.990921 ], [ -93.025954, 38.990657 ], [ -93.037185, 38.98148 ], [ -93.048245, 38.972598 ], [ -93.04875, 38.968517 ], [ -93.050189, 38.936481 ], [ -93.050133, 38.933433 ], [ -93.050453, 38.928244 ], [ -93.069819, 38.930042 ], [ -93.105976, 38.931504 ], [ -93.12521, 38.93132 ], [ -93.159173, 38.932542 ], [ -93.164103, 38.932719 ], [ -93.164203, 38.932119 ], [ -93.245542, 38.934758 ], [ -93.252378, 38.934864 ], [ -93.268575, 38.935526 ], [ -93.27376, 38.935492 ], [ -93.273782, 38.93512 ], [ -93.311087, 38.936124 ], [ -93.316329, 38.936413 ], [ -93.352199, 38.937625 ], [ -93.366079, 38.938162 ], [ -93.38485, 38.938859 ], [ -93.396308, 38.939266 ], [ -93.408061, 38.939682 ], [ -93.495238, 38.942839 ], [ -93.496377, 38.942837 ] ] ] ] } },
{ "type": "Feature", "properties": { "STATEFP": "29", "COUNTYFP": "085", "COUNTYNS": "00758497", "GEOIDFQ": "0500000US29085", "GEOID": "29085", "NAME": "Hickory", "NAMELSAD": "Hickory County", "STUSPS": "MO", "STATE_NAME": "Missouri", "LSAD": "06", "ALAND": 1032908447.0, "AWATER": 33454640.0 }, "geometry": { "type": "MultiPolygon", "coordinates": [ [ [ [ -93.573202, 37.828035 ], [ -93.572303, 37.827935 ], [ -93.569399, 37.900974 ], [ -93.568709, 37.914918 ], [ -93.512103, 37.913535 ], [ -93.511721, 37.921427 ], [ -93.511421, 37.927596 ], [ -93.51012, 37.95648 ], [ -93.508084, 37.998539 ], [ -93.508186, 38.000544 ], [ -93.506536, 38.022273 ], [ -93.504025, 38.071757 ], [ -93.503946, 38.073123 ], [ -93.496726, 38.072575 ], [ -93.450236, 38.071178 ], [ -93.45013, 38.071173 ], [ -93.412941, 38.070042 ], [ -93.395096, 38.069182 ], [ -93.357127, 38.068068 ], [ -93.356913, 38.068064 ], [ -93.350875, 38.067709 ], [ -93.326044, 38.066969 ], [ -93.324684, 38.066928 ], [ -93.3111, 38.066584 ], [ -93.260597, 38.065311 ], [ -93.228816, 38.06487 ], [ -93.223099, 38.064617 ], [ -93.175214, 38.064008 ], [ -93.174337, 38.063933 ], [ -93.173342, 38.063809 ], [ -93.157166, 38.063419 ], [ -93.120185, 38.062701 ], [ -93.065199, 38.062479 ], [ -93.067462, 38.018327 ], [ -93.067525, 38.017695 ], [ -93.068308, 38.004271 ], [ -93.068884, 37.989647 ], [ -93.068887, 37.989575 ], [ -93.069046, 37.98584 ], [ -93.072092, 37.911844 ], [ -93.071837, 37.911416 ], [ -93.072447, 37.902627 ], [ -93.096044, 37.902841 ], [ -93.099239, 37.90309 ], [ -93.112545, 37.903423 ], [ -93.122976, 37.903409 ], [ -93.12352, 37.903299 ], [ -93.182648, 37.904232 ], [ -93.18335, 37.889899 ], [ -93.184318, 37.871625 ], [ -93.184237, 37.868769 ], [ -93.18445, 37.867995 ], [ -93.186391, 37.831643 ], [ -93.187136, 37.817272 ], [ -93.187915, 37.802737 ], [ -93.266441, 37.804281 ], [ -93.273077, 37.804387 ], [ -93.281363, 37.804571 ], [ -93.293721, 37.804791 ], [ -93.321706, 37.805712 ], [ -93.353767, 37.806644 ], [ -93.37163, 37.80718 ], [ -93.372107, 37.807193 ], [ -93.375071, 37.807251 ], [ -93.378694, 37.807367 ], [ -93.408493, 37.808416 ], [ -93.418779, 37.808984 ], [ -93.431785, 37.809395 ], [ -93.432578, 37.809475 ], [ -93.458308, 37.810238 ], [ -93.473018, 37.810603 ], [ -93.482322, 37.810819 ], [ -93.501146, 37.811436 ], [ -93.52749, 37.812037 ], [ -93.556477, 37.812843 ], [ -93.574103, 37.813336 ], [ -93.573202, 37.828035 ] ] ] ] } },
{ "type": "Feature", "properties": { "STATEFP": "29", "COUNTYFP": "201", "COUNTYNS": "00758553", "GEOIDFQ": "0500000US29201", "GEOID": "29201", "NAME": "Scott", "NAMELSAD": "Scott County", "STUSPS": "MO", "STATE_NAME": "Missouri", "LSAD": "06", "ALAND": 1087808786.0, "AWATER": 15175232.0 }, "geometry": { "type": "MultiPolygon", "coordinates": [ [ [ [ -89.786819, 37.087824 ], [ -89.785628, 37.08916 ], [ -89.783148, 37.091368 ], [ -89.780267, 37.091531 ], [ -89.778871, 37.092728 ], [ -89.778491, 37.09327 ], [ -89.778762, 37.094979 ], [ -89.778602, 37.095349 ], [ -89.777009, 37.096427 ], [ -89.776702, 37.096825 ], [ -89.776142, 37.097098 ], [ -89.774523, 37.097272 ], [ -89.773952, 37.099357 ], [ -89.775095, 37.099719 ], [ -89.775516, 37.103303 ], [ -89.773074, 37.107252 ], [ -89.77153, 37.10879 ], [ -89.771926, 37.111782 ], [ -89.772776, 37.112673 ], [ -89.771588, 37.11359 ], [ -89.769295, 37.113001 ], [ -89.765567, 37.118597 ], [ -89.765492, 37.12082 ], [ -89.764352, 37.122619 ], [ -89.765211, 37.126066 ], [ -89.762907, 37.126056 ], [ -89.758224, 37.126039 ], [ -89.758515, 37.140608 ], [ -89.721783, 37.14056 ], [ -89.722045, 37.155074 ], [ -89.703797, 37.155049 ], [ -89.703797, 37.155161 ], [ -89.704168, 37.183964 ], [ -89.685848, 37.184005 ], [ -89.685996, 37.198486 ], [ -89.667426, 37.198754 ], [ -89.667422, 37.206126 ], [ -89.649464, 37.20619 ], [ -89.649659, 37.218268 ], [ -89.632917, 37.218279 ], [ -89.620457, 37.21828 ], [ -89.620256, 37.233008 ], [ -89.583476, 37.23292 ], [ -89.583475, 37.240319 ], [ -89.571642, 37.240307 ], [ -89.566828, 37.24038 ], [ -89.565054, 37.240381 ], [ -89.547321, 37.240229 ], [ -89.546502, 37.240222 ], [ -89.546448, 37.247296 ], [ -89.521851, 37.247337 ], [ -89.520489, 37.247325 ], [ -89.517957, 37.245551 ], [ -89.51826, 37.243568 ], [ -89.513445, 37.244456 ], [ -89.510771, 37.246344 ], [ -89.509679, 37.246042 ], [ -89.509385, 37.244241 ], [ -89.507077, 37.243993 ], [ -89.505045, 37.245639 ], [ -89.503804, 37.247501 ], [ -89.498669, 37.24514 ], [ -89.497821, 37.246345 ], [ -89.491164, 37.24653 ], [ -89.490219, 37.24721 ], [ -89.488728187582595, 37.251507483022301 ], [ -89.479205, 37.253052 ], [ -89.470525, 37.253357 ], [ -89.46266, 37.25152 ], [ -89.460692, 37.250577 ], [ -89.458827, 37.248661 ], [ -89.458698044834705, 37.2483069836684 ], [ -89.458246, 37.247066 ], [ -89.457832, 37.242594 ], [ -89.4579831694451, 37.2418780357768 ], [ -89.458302, 37.240368 ], [ -89.465146200094793, 37.2265843554515 ], [ -89.465973615433299, 37.224918010405801 ], [ -89.4675, 37.221844 ], [ -89.467631, 37.2182 ], [ -89.462676, 37.203351 ], [ -89.461862, 37.199517 ], [ -89.457471912128895, 37.190826044386597 ], [ -89.456105, 37.18812 ], [ -89.455281290732998, 37.186880370680797 ], [ -89.454337765356598, 37.185460425844802 ], [ -89.4540921673333, 37.185090816660299 ], [ -89.438349341268804, 37.161398878814701 ], [ -89.438275, 37.161287 ], [ -89.435202, 37.15209 ], [ -89.42558, 37.138235 ], [ -89.419657425551307, 37.131205641452397 ], [ -89.414471, 37.12505 ], [ -89.41173, 37.122507 ], [ -89.407451, 37.119307 ], [ -89.393427, 37.111197 ], [ -89.390299697600497, 37.109035747309498 ], [ -89.38805, 37.107481 ], [ -89.384175, 37.103267 ], [ -89.37871, 37.094586 ], [ -89.375615, 37.085936 ], [ -89.375712, 37.080505 ], [ -89.376611547209095, 37.0776718651639 ], [ -89.378889, 37.070499 ], [ -89.385056483012505, 37.058010263158202 ], [ -89.385186, 37.057748 ], [ -89.385434, 37.05513 ], [ -89.384681, 37.048251 ], [ -89.383937, 37.046441 ], [ -89.381644, 37.04301 ], [ -89.378277, 37.039605 ], [ -89.362397, 37.030156 ], [ -89.345996, 37.025521 ], [ -89.331164, 37.019936 ], [ -89.322982, 37.01609 ], [ -89.317168, 37.012767 ], [ -89.313270665145296, 37.0095638944548 ], [ -89.347205, 37.00911 ], [ -89.347303, 37.001977 ], [ -89.356473, 36.999388 ], [ -89.374308, 36.994285 ], [ -89.374601, 36.992256 ], [ -89.374496, 36.983889 ], [ -89.375064, 36.964947 ], [ -89.392855, 36.964841 ], [ -89.411289, 36.964787 ], [ -89.411479, 36.950135 ], [ -89.425325, 36.95023 ], [ -89.429899, 36.950263 ], [ -89.42995, 36.935609 ], [ -89.465393, 36.935729 ], [ -89.465233, 36.906239 ], [ -89.483586, 36.906423 ], [ -89.501526, 36.906262 ], [ -89.501542, 36.901936 ], [ -89.501515, 36.876926 ], [ -89.5151, 36.876933 ], [ -89.519865, 36.876937 ], [ -89.519799, 36.873074 ], [ -89.519809, 36.869617 ], [ -89.528343, 36.869587 ], [ -89.528741, 36.869584 ], [ -89.53222, 36.869557 ], [ -89.53773, 36.86954 ], [ -89.553072, 36.86947 ], [ -89.562314, 36.869367 ], [ -89.566664, 36.869337 ], [ -89.567028, 36.870795 ], [ -89.56757, 36.870909 ], [ -89.579324, 36.869426 ], [ -89.585324, 36.868667 ], [ -89.591351, 36.867921 ], [ -89.597621, 36.867131 ], [ -89.604596, 36.866218 ], [ -89.603697, 36.862184 ], [ -89.605956, 36.861659 ], [ -89.614431, 36.86144 ], [ -89.62353, 36.861143 ], [ -89.624442, 36.861156 ], [ -89.632775, 36.860952 ], [ -89.637975, 36.860882 ], [ -89.65029, 36.860684 ], [ -89.691603, 36.859517 ], [ -89.691939, 36.862566 ], [ -89.689556, 36.862972 ], [ -89.689721, 36.863989 ], [ -89.692388, 36.865992 ], [ -89.691661, 36.86737 ], [ -89.689813, 36.868132 ], [ -89.69216, 36.869527 ], [ -89.693815, 36.869804 ], [ -89.696118, 36.872082 ], [ -89.697324, 36.874127 ], [ -89.696754, 36.876701 ], [ -89.695634, 36.876435 ], [ -89.694222, 36.87826 ], [ -89.692167, 36.878716 ], [ -89.69354, 36.88058 ], [ -89.691458, 36.883532 ], [ -89.689607, 36.883769 ], [ -89.689729, 36.885991 ], [ -89.687166, 36.884513 ], [ -89.686614, 36.884797 ], [ -89.686683, 36.887022 ], [ -89.688405, 36.887795 ], [ -89.688725, 36.888964 ], [ -89.691456, 36.892255 ], [ -89.691127, 36.8954 ], [ -89.691943, 36.89602 ], [ -89.693774, 36.89964 ], [ -89.692144, 36.900326 ], [ -89.69189, 36.9015 ], [ -89.692861, 36.90229 ], [ -89.691291, 36.903343 ], [ -89.691791, 36.904296 ], [ -89.691298, 36.906747 ], [ -89.691962, 36.908106 ], [ -89.690145, 36.909058 ], [ -89.691602, 36.910288 ], [ -89.690504, 36.911485 ], [ -89.690532, 36.913376 ], [ -89.689051, 36.912513 ], [ -89.687084, 36.914001 ], [ -89.68868, 36.914417 ], [ -89.68969, 36.91613 ], [ -89.689154, 36.917979 ], [ -89.686862, 36.918596 ], [ -89.686554, 36.91952 ], [ -89.688424, 36.920052 ], [ -89.688527, 36.921026 ], [ -89.685544, 36.921917 ], [ -89.68467, 36.922976 ], [ -89.686719, 36.923902 ], [ -89.687489, 36.922642 ], [ -89.689802, 36.924113 ], [ -89.689619, 36.925771 ], [ -89.6867, 36.928047 ], [ -89.689159, 36.93007 ], [ -89.688931, 36.93208 ], [ -89.690799, 36.932466 ], [ -89.692609, 36.935407 ], [ -89.690992, 36.93649 ], [ -89.693288, 36.938101 ], [ -89.69173, 36.938869 ], [ -89.692249, 36.940651 ], [ -89.693943, 36.94072 ], [ -89.695122, 36.938675 ], [ -89.697244, 36.940245 ], [ -89.699227, 36.943123 ], [ -89.699909, 36.945241 ], [ -89.70144, 36.945881 ], [ -89.703127, 36.947544 ], [ -89.708417, 36.947206 ], [ -89.709643, 36.946772 ], [ -89.709491, 36.948224 ], [ -89.712132, 36.950278 ], [ -89.71219, 36.952905 ], [ -89.713213, 36.953212 ], [ -89.714885, 36.952125 ], [ -89.715651, 36.957118 ], [ -89.715201, 36.957943 ], [ -89.71582, 36.961014 ], [ -89.716695, 36.961663 ], [ -89.717633, 36.965892 ], [ -89.720586, 36.969043 ], [ -89.720345, 36.970899 ], [ -89.718746, 36.971067 ], [ -89.719678, 36.973609 ], [ -89.718071, 36.974768 ], [ -89.720943, 36.974898 ], [ -89.72247, 36.975812 ], [ -89.720529, 36.976697 ], [ -89.721597, 36.977362 ], [ -89.722724, 36.979183 ], [ -89.720956, 36.979433 ], [ -89.720516, 36.981306 ], [ -89.718908, 36.982214 ], [ -89.72048, 36.984449 ], [ -89.720028, 36.986837 ], [ -89.72237, 36.987923 ], [ -89.721203, 36.990054 ], [ -89.723847, 36.991391 ], [ -89.723441, 36.993574 ], [ -89.725371, 36.993882 ], [ -89.726212, 36.994651 ], [ -89.726545, 36.997012 ], [ -89.728447, 36.998467 ], [ -89.72849, 36.999291 ], [ -89.729967, 36.999896 ], [ -89.729775, 37.001258 ], [ -89.731917, 37.003267 ], [ -89.733297, 37.003054 ], [ -89.73432, 37.005268 ], [ -89.73605, 37.005901 ], [ -89.737091, 37.007186 ], [ -89.73593, 37.009015 ], [ -89.735642, 37.01063 ], [ -89.738332, 37.013154 ], [ -89.739795, 37.013653 ], [ -89.738508, 37.014353 ], [ -89.742277, 37.016981 ], [ -89.743513, 37.019788 ], [ -89.744694, 37.020749 ], [ -89.74664, 37.023388 ], [ -89.745675, 37.024255 ], [ -89.746613, 37.024987 ], [ -89.745708, 37.026626 ], [ -89.746269, 37.027757 ], [ -89.749617, 37.028646 ], [ -89.750179, 37.029594 ], [ -89.751687, 37.028951 ], [ -89.753858, 37.029897 ], [ -89.753896, 37.032446 ], [ -89.75227, 37.035759 ], [ -89.754469, 37.037944 ], [ -89.756241, 37.036145 ], [ -89.757557, 37.036305 ], [ -89.758394, 37.038338 ], [ -89.758288, 37.041862 ], [ -89.756469, 37.044382 ], [ -89.756529, 37.04583 ], [ -89.758573, 37.046975 ], [ -89.757618, 37.047222 ], [ -89.757786, 37.049098 ], [ -89.75689, 37.04965 ], [ -89.758613, 37.050673 ], [ -89.758104, 37.051643 ], [ -89.759371, 37.051712 ], [ -89.760166, 37.050545 ], [ -89.762471, 37.050106 ], [ -89.762996, 37.04889 ], [ -89.766423, 37.050702 ], [ -89.769075, 37.054576 ], [ -89.768878, 37.055887 ], [ -89.77032, 37.056463 ], [ -89.769667, 37.059366 ], [ -89.772067, 37.062282 ], [ -89.773104, 37.062026 ], [ -89.773473, 37.064973 ], [ -89.774563, 37.0654 ], [ -89.776507, 37.068352 ], [ -89.775909, 37.06898 ], [ -89.778953, 37.072108 ], [ -89.778949, 37.074763 ], [ -89.778079, 37.075948 ], [ -89.779436, 37.077857 ], [ -89.781602, 37.078959 ], [ -89.781671, 37.080637 ], [ -89.783508, 37.080907 ], [ -89.78587, 37.083424 ], [ -89.785769, 37.085547 ], [ -89.786819, 37.087824 ] ] ] ] } },
{ "type": "Feature", "properties": { "STATEFP": "29", "COUNTYFP": "013", "COUNTYNS": "00758461", "GEOIDFQ": "0500000US29013", "GEOID": "29013", "NAME": "Bates", "NAMELSAD": "Bates County", "STUSPS": "MO", "STATE_NAME": "Missouri", "LSAD": "06", "ALAND": 2167033437.0, "AWATER": 38030738.0 }, "geometry": { "type": "MultiPolygon", "coordinates": [ [ [ [ -94.614061, 38.067343 ], [ -94.613935008348093, 38.118001477539998 ], [ -94.613919023450094, 38.124428654138001 ], [ -94.613856, 38.149769 ], [ -94.613748, 38.160633 ], [ -94.613422, 38.167908 ], [ -94.613420687191606, 38.1679931783179 ], [ -94.613073, 38.190552 ], [ -94.612848, 38.200714 ], [ -94.612822, 38.203918 ], [ -94.6127231579095, 38.212193614295899 ], [ -94.612658, 38.217649 ], [ -94.612658574278797, 38.218568994647804 ], [ -94.612658575997301, 38.218571747649598 ], [ -94.612659, 38.219251 ], [ -94.612635, 38.226987 ], [ -94.612614208000807, 38.237659236141397 ], [ -94.612614, 38.237766 ], [ -94.612692, 38.270394 ], [ -94.6126922711167, 38.270427708270198 ], [ -94.612708076548998, 38.272392816792703 ], [ -94.612824347345494, 38.286848905633498 ], [ -94.612849, 38.289914 ], [ -94.612844, 38.291423 ], [ -94.612689368933005, 38.301464072326802 ], [ -94.612673, 38.302527 ], [ -94.612673, 38.3131160055866 ], [ -94.612673, 38.314832 ], [ -94.612788, 38.320142 ], [ -94.612825, 38.324387 ], [ -94.613, 38.335801 ], [ -94.613312, 38.364407 ], [ -94.613329, 38.369618 ], [ -94.613275403738001, 38.388718367865799 ], [ -94.613265, 38.392426 ], [ -94.613332760941105, 38.399876993079801 ], [ -94.613365, 38.403422 ], [ -94.613341647891005, 38.406892011089802 ], [ -94.613157934600096, 38.434190922527399 ], [ -94.612884400045402, 38.474836841746601 ], [ -94.612878800039198, 38.475668975741002 ], [ -94.612866, 38.477571 ], [ -94.612865045280202, 38.477602354121998 ], [ -94.602801, 38.4773 ], [ -94.598581, 38.477168 ], [ -94.584743, 38.476735 ], [ -94.511205, 38.475651 ], [ -94.507933, 38.475495 ], [ -94.502244, 38.47539 ], [ -94.426197, 38.473864 ], [ -94.425358, 38.473772 ], [ -94.4149, 38.473582 ], [ -94.399901, 38.473379 ], [ -94.398782, 38.473356 ], [ -94.369147, 38.472694 ], [ -94.363426, 38.47272 ], [ -94.341744, 38.47216 ], [ -94.312148, 38.471386 ], [ -94.313915, 38.469364 ], [ -94.313064, 38.468636 ], [ -94.310925, 38.468796 ], [ -94.310475, 38.467428 ], [ -94.311297, 38.466294 ], [ -94.310281, 38.465311 ], [ -94.306292, 38.465381 ], [ -94.305156, 38.467233 ], [ -94.304308, 38.463506 ], [ -94.301312, 38.461075 ], [ -94.298968, 38.460938 ], [ -94.29751, 38.458879 ], [ -94.29419, 38.458183 ], [ -94.292882, 38.457714 ], [ -94.293504, 38.460638 ], [ -94.289895, 38.459986 ], [ -94.291713, 38.46322 ], [ -94.291661, 38.465321 ], [ -94.289964, 38.465352 ], [ -94.288408, 38.4643 ], [ -94.286787, 38.461138 ], [ -94.285017, 38.461133 ], [ -94.284827, 38.462596 ], [ -94.282738, 38.461643 ], [ -94.281767, 38.458892 ], [ -94.278116, 38.458314 ], [ -94.276769, 38.456717 ], [ -94.275325, 38.457437 ], [ -94.275199, 38.458917 ], [ -94.272953, 38.458304 ], [ -94.27006, 38.455841 ], [ -94.2683, 38.455673 ], [ -94.26611, 38.454688 ], [ -94.265195, 38.453319 ], [ -94.26711, 38.450464 ], [ -94.26396, 38.449783 ], [ -94.263485, 38.451587 ], [ -94.259784, 38.452936 ], [ -94.258399, 38.450502 ], [ -94.257162, 38.450072 ], [ -94.255193, 38.452273 ], [ -94.252385, 38.453043 ], [ -94.250907, 38.455562 ], [ -94.249865, 38.455912 ], [ -94.246892, 38.455071 ], [ -94.244878, 38.455635 ], [ -94.239831, 38.460131 ], [ -94.237478, 38.459156 ], [ -94.239824, 38.45648 ], [ -94.238403, 38.455801 ], [ -94.235298, 38.458016 ], [ -94.232927, 38.457821 ], [ -94.231541, 38.458392 ], [ -94.227168, 38.457275 ], [ -94.226302, 38.459074 ], [ -94.224979, 38.457425 ], [ -94.226405, 38.455631 ], [ -94.228315, 38.45572 ], [ -94.228776, 38.454808 ], [ -94.226144, 38.453318 ], [ -94.226667, 38.452667 ], [ -94.229462, 38.452987 ], [ -94.225938, 38.451046 ], [ -94.225065, 38.452741 ], [ -94.222883, 38.452904 ], [ -94.222474, 38.450937 ], [ -94.223812, 38.448696 ], [ -94.223346, 38.448307 ], [ -94.21738, 38.449797 ], [ -94.216186, 38.446753 ], [ -94.214788, 38.448195 ], [ -94.212955, 38.448379 ], [ -94.212023, 38.446754 ], [ -94.209811, 38.447121 ], [ -94.209375, 38.448219 ], [ -94.211239, 38.448904 ], [ -94.210661, 38.45004 ], [ -94.207512, 38.450784 ], [ -94.206611, 38.449662 ], [ -94.206173, 38.447099 ], [ -94.203729, 38.447877 ], [ -94.202566, 38.446368 ], [ -94.200524, 38.445358 ], [ -94.19491, 38.446894 ], [ -94.193164, 38.447626 ], [ -94.189963, 38.44726 ], [ -94.187664, 38.448725 ], [ -94.189992, 38.45003 ], [ -94.189643, 38.450625 ], [ -94.186674, 38.449366 ], [ -94.185918, 38.448405 ], [ -94.185976, 38.446848 ], [ -94.184899, 38.446139 ], [ -94.1826, 38.446116 ], [ -94.182163, 38.447627 ], [ -94.180795, 38.447421 ], [ -94.179515, 38.445635 ], [ -94.17662, 38.445921 ], [ -94.174102, 38.445452 ], [ -94.174043, 38.446917 ], [ -94.170959, 38.446001 ], [ -94.170609, 38.446848 ], [ -94.172821, 38.448038 ], [ -94.173781, 38.449846 ], [ -94.172384, 38.449869 ], [ -94.169416, 38.448221 ], [ -94.16863, 38.447213 ], [ -94.167553, 38.44758 ], [ -94.168076, 38.450189 ], [ -94.165602, 38.450372 ], [ -94.164439, 38.449227 ], [ -94.161528, 38.449844 ], [ -94.161033, 38.450783 ], [ -94.159082, 38.450714 ], [ -94.158326, 38.448814 ], [ -94.157205, 38.44863 ], [ -94.155347, 38.450025 ], [ -94.152263, 38.449892 ], [ -94.152843, 38.453229 ], [ -94.151386, 38.453422 ], [ -94.149111, 38.450857 ], [ -94.147682, 38.450673 ], [ -94.145787, 38.451264 ], [ -94.143006, 38.45124 ], [ -94.140929, 38.451725 ], [ -94.138329, 38.453366 ], [ -94.132773, 38.453834 ], [ -94.124848, 38.452941 ], [ -94.118286, 38.451826 ], [ -94.116713, 38.452901 ], [ -94.114481, 38.452215 ], [ -94.109959, 38.452651 ], [ -94.108155, 38.454665 ], [ -94.109233, 38.455789 ], [ -94.106085, 38.455884 ], [ -94.102538, 38.455632 ], [ -94.101635, 38.4546 ], [ -94.097181, 38.454648 ], [ -94.095842, 38.455265 ], [ -94.094241, 38.458355 ], [ -94.093455, 38.458516 ], [ -94.092755, 38.45712 ], [ -94.090921, 38.455861 ], [ -94.090049, 38.452658 ], [ -94.088915, 38.452705 ], [ -94.087317, 38.455727 ], [ -94.08641, 38.455934 ], [ -94.084147, 38.453438 ], [ -94.08256, 38.4529 ], [ -94.082235, 38.450636 ], [ -94.080433, 38.449695 ], [ -94.07974, 38.451332 ], [ -94.077994, 38.452043 ], [ -94.076724, 38.451777 ], [ -94.075978, 38.449162 ], [ -94.078084, 38.448114 ], [ -94.076138, 38.447668 ], [ -94.073734, 38.44789 ], [ -94.072516, 38.448978 ], [ -94.070864, 38.446756 ], [ -94.065713, 38.447087 ], [ -94.067373, 38.403182 ], [ -94.067936, 38.388459 ], [ -94.070462, 38.330542 ], [ -94.071806, 38.301438 ], [ -94.073721, 38.258083 ], [ -94.075214, 38.214502 ], [ -94.049895, 38.213985 ], [ -94.051579, 38.176663 ], [ -94.05449, 38.118682 ], [ -94.055174, 38.104217 ], [ -94.057808, 38.046475 ], [ -94.058285, 38.036627 ], [ -94.060461, 38.035056 ], [ -94.061333, 38.031551 ], [ -94.063198, 38.030861 ], [ -94.065166, 38.031851 ], [ -94.065266, 38.034781 ], [ -94.066164, 38.035857 ], [ -94.069375, 38.03682 ], [ -94.071402, 38.036405 ], [ -94.074208, 38.033727 ], [ -94.080659, 38.031597 ], [ -94.082752, 38.031695 ], [ -94.085239, 38.032465 ], [ -94.087321, 38.034007 ], [ -94.088601, 38.035946 ], [ -94.088065, 38.038195 ], [ -94.086424, 38.040363 ], [ -94.088065, 38.041713 ], [ -94.090032, 38.040348 ], [ -94.092218, 38.039504 ], [ -94.093801, 38.039651 ], [ -94.095409, 38.040711 ], [ -94.095948, 38.043382 ], [ -94.098935, 38.046773 ], [ -94.101912, 38.048105 ], [ -94.103996, 38.047614 ], [ -94.104893, 38.045103 ], [ -94.103934, 38.042431 ], [ -94.103869, 38.040598 ], [ -94.105647, 38.037759 ], [ -94.108056, 38.036746 ], [ -94.109911, 38.03732 ], [ -94.113419, 38.040307 ], [ -94.115757, 38.040343 ], [ -94.118755, 38.042159 ], [ -94.118868, 38.044505 ], [ -94.115375, 38.046069 ], [ -94.114703, 38.047025 ], [ -94.115478, 38.048433 ], [ -94.116669, 38.048735 ], [ -94.121064, 38.048779 ], [ -94.124693, 38.05017 ], [ -94.126506, 38.051852 ], [ -94.127416, 38.054706 ], [ -94.129037, 38.0567 ], [ -94.130561, 38.057709 ], [ -94.132231, 38.05816 ], [ -94.135238, 38.058118 ], [ -94.139687, 38.057028 ], [ -94.144872, 38.055926 ], [ -94.150064, 38.053913 ], [ -94.153095, 38.054738 ], [ -94.155403, 38.0571 ], [ -94.157432, 38.057119 ], [ -94.16016, 38.055772 ], [ -94.164864, 38.051219 ], [ -94.169431, 38.049549 ], [ -94.173851, 38.048213 ], [ -94.175704, 38.047374 ], [ -94.18252, 38.045431 ], [ -94.184033, 38.04518 ], [ -94.189502, 38.04548 ], [ -94.191788, 38.044794 ], [ -94.193597, 38.043269 ], [ -94.195133, 38.0403 ], [ -94.195162, 38.036977 ], [ -94.194374, 38.035057 ], [ -94.196061, 38.033791 ], [ -94.198136, 38.035283 ], [ -94.198597, 38.036673 ], [ -94.197676, 38.038529 ], [ -94.197908, 38.04016 ], [ -94.200292, 38.043971 ], [ -94.20069, 38.046545 ], [ -94.199136, 38.049388 ], [ -94.195307, 38.050711 ], [ -94.19463, 38.052129 ], [ -94.195358, 38.053688 ], [ -94.198002, 38.054683 ], [ -94.200993, 38.054572 ], [ -94.209544, 38.052158 ], [ -94.211051, 38.050975 ], [ -94.211368, 38.049333 ], [ -94.209894, 38.045383 ], [ -94.210605, 38.04261 ], [ -94.213977, 38.039688 ], [ -94.214782, 38.037557 ], [ -94.214581, 38.034998 ], [ -94.215532, 38.033682 ], [ -94.216811, 38.033384 ], [ -94.218078, 38.0345 ], [ -94.219178, 38.038323 ], [ -94.222209, 38.040446 ], [ -94.223889, 38.040348 ], [ -94.226357, 38.038148 ], [ -94.226996, 38.034527 ], [ -94.226562, 38.031927 ], [ -94.224894, 38.028707 ], [ -94.225197, 38.027016 ], [ -94.227683, 38.026325 ], [ -94.230947, 38.026534 ], [ -94.236588, 38.025952 ], [ -94.239281, 38.02625 ], [ -94.244296, 38.027731 ], [ -94.245361, 38.029221 ], [ -94.244369, 38.03171 ], [ -94.242287, 38.03265 ], [ -94.239404, 38.031767 ], [ -94.234757, 38.031522 ], [ -94.23373, 38.032033 ], [ -94.233668, 38.033753 ], [ -94.236593, 38.03446 ], [ -94.238184, 38.035564 ], [ -94.240429, 38.038018 ], [ -94.24075, 38.039386 ], [ -94.239841, 38.040903 ], [ -94.238466, 38.041496 ], [ -94.235507, 38.041811 ], [ -94.232368, 38.042614 ], [ -94.230452, 38.044697 ], [ -94.230543, 38.045801 ], [ -94.234364, 38.047112 ], [ -94.235399, 38.046519 ], [ -94.237662, 38.04381 ], [ -94.239413, 38.04416 ], [ -94.239054, 38.047369 ], [ -94.240643, 38.050821 ], [ -94.26848, 38.051598 ], [ -94.280445, 38.052003 ], [ -94.389762, 38.054939 ], [ -94.444725, 38.056322 ], [ -94.498873, 38.05748 ], [ -94.499236, 38.057468 ], [ -94.516647, 38.058036 ], [ -94.614054897209201, 38.060055858415197 ], [ -94.614055, 38.060088 ], [ -94.614089, 38.065901 ], [ -94.614061, 38.067343 ] ] ] ] } },
{ "type": "Feature", "properties": { "STATEFP": "29", "COUNTYFP": "095", "COUNTYNS": "00758502", "GEOIDFQ": "0500000US29095", "GEOID": "29095", "NAME": "Jackson", "NAMELSAD": "Jackson County", "STUSPS": "MO", "STATE_NAME": "Missouri", "LSAD": "06", "ALAND": 1565698759.0, "AWATER": 30621015.0 }, "geometry": { "type": "MultiPolygon", "coordinates": [ [ [ [ -94.608334, 38.981806 ], [ -94.608300616654702, 38.984352178091697 ], [ -94.608283832015204, 38.985632357806097 ], [ -94.608257739496494, 38.987622457930399 ], [ -94.608187153294907, 38.993006131692901 ], [ -94.608093663377801, 39.000136692665897 ], [ -94.608093083785903, 39.000180898664603 ], [ -94.608088182175507, 39.000554748941902 ], [ -94.607992364788004, 39.007862828196203 ], [ -94.607927906469001, 39.012779122781403 ], [ -94.607912971401603, 39.013918233952602 ], [ -94.607896622028704, 39.015165215486398 ], [ -94.607896585341095, 39.015168013681802 ], [ -94.607818897374102, 39.021093345551897 ], [ -94.607723805593196, 39.028346082125303 ], [ -94.607691961467097, 39.030774862574098 ], [ -94.607658132125707, 39.033355057199003 ], [ -94.607646846178397, 39.0342158466566 ], [ -94.6076467216308, 39.034225346013002 ], [ -94.607610761586699, 39.036968051266797 ], [ -94.607560102038804, 39.040831901045401 ], [ -94.607534039453995, 39.042819718079102 ], [ -94.607517440316101, 39.044085749416602 ], [ -94.607486485204504, 39.046446723923403 ], [ -94.607436783844406, 39.050237491837997 ], [ -94.607382659580495, 39.054365598650001 ], [ -94.607343702392697, 39.057336898781003 ], [ -94.6072837323903, 39.061910865379701 ], [ -94.607234, 39.065704 ], [ -94.607275304036506, 39.0723126458441 ], [ -94.607276189797204, 39.0724543675638 ], [ -94.6072971763993, 39.075812223897501 ], [ -94.607333914179605, 39.0816902687477 ], [ -94.607334, 39.081704 ], [ -94.607324287407906, 39.082471294777299 ], [ -94.607234, 39.089604 ], [ -94.607234542711794, 39.089711818752299 ], [ -94.607278788981404, 39.098502077636603 ], [ -94.607331232166601, 39.1089207904216 ], [ -94.607354, 39.113444 ], [ -94.603901, 39.110916 ], [ -94.597756, 39.109763 ], [ -94.595725, 39.110004 ], [ -94.589685, 39.11253 ], [ -94.579922, 39.116735 ], [ -94.579019, 39.117367 ], [ -94.565803, 39.12325 ], [ -94.564724, 39.12346 ], [ -94.558317, 39.125757 ], [ -94.554952, 39.127428 ], [ -94.549573, 39.130895 ], [ -94.546132, 39.134303 ], [ -94.539232, 39.142703 ], [ -94.53572, 39.144947 ], [ -94.534061, 39.145908 ], [ -94.531298, 39.146864 ], [ -94.53079, 39.147082 ], [ -94.520887, 39.149219 ], [ -94.512679, 39.150451 ], [ -94.506406, 39.150914 ], [ -94.499031, 39.150603 ], [ -94.498198, 39.150418 ], [ -94.495411, 39.150394 ], [ -94.489764, 39.148308 ], [ -94.484616, 39.145504 ], [ -94.484112, 39.145009 ], [ -94.48023, 39.141403 ], [ -94.47633, 39.137004 ], [ -94.46933, 39.130704 ], [ -94.469318, 39.128839 ], [ -94.467546, 39.12478 ], [ -94.467319, 39.124589 ], [ -94.465792, 39.123302 ], [ -94.46159, 39.120372 ], [ -94.457364, 39.122246 ], [ -94.455429, 39.123104 ], [ -94.44852, 39.126956 ], [ -94.440642, 39.13078 ], [ -94.431581, 39.137369 ], [ -94.430365, 39.138026 ], [ -94.423485, 39.144069 ], [ -94.419475, 39.149318 ], [ -94.417963, 39.151144 ], [ -94.405593, 39.16259 ], [ -94.402328, 39.164766 ], [ -94.401228, 39.167903 ], [ -94.399928, 39.174803 ], [ -94.400426, 39.175983 ], [ -94.402619, 39.1812 ], [ -94.403085, 39.181982 ], [ -94.409025, 39.192104 ], [ -94.408628, 39.193603 ], [ -94.407228, 39.195303 ], [ -94.402128, 39.197003 ], [ -94.401267, 39.196955 ], [ -94.395028, 39.196303 ], [ -94.389728, 39.193503 ], [ -94.384828, 39.187204 ], [ -94.38232, 39.180456 ], [ -94.380098, 39.17345 ], [ -94.378494, 39.170365 ], [ -94.377839, 39.16978 ], [ -94.376447, 39.168857 ], [ -94.375165, 39.168099 ], [ -94.373811, 39.166959 ], [ -94.369415, 39.163676 ], [ -94.36598, 39.163227 ], [ -94.363556, 39.163656 ], [ -94.3601, 39.165763 ], [ -94.358179, 39.167466 ], [ -94.356322, 39.169004 ], [ -94.354132, 39.170451 ], [ -94.350664, 39.171425 ], [ -94.346172, 39.173882 ], [ -94.337659, 39.180742 ], [ -94.335213, 39.183337 ], [ -94.331752, 39.187088 ], [ -94.328155, 39.191232 ], [ -94.322317, 39.198647 ], [ -94.320498, 39.201763 ], [ -94.319362, 39.204611 ], [ -94.31757, 39.213459 ], [ -94.31677, 39.215731 ], [ -94.314002, 39.221267 ], [ -94.311543, 39.223573 ], [ -94.308932, 39.227351 ], [ -94.308028, 39.227865 ], [ -94.304609, 39.231411 ], [ -94.300929, 39.233395 ], [ -94.295105, 39.235523 ], [ -94.289873, 39.237107 ], [ -94.278325, 39.236159 ], [ -94.27387, 39.235723 ], [ -94.2674, 39.235396 ], [ -94.262938, 39.235822 ], [ -94.255424, 39.236219 ], [ -94.250046, 39.234845 ], [ -94.243311, 39.232004 ], [ -94.238429, 39.228219 ], [ -94.235456, 39.224428 ], [ -94.232453, 39.218449 ], [ -94.229561, 39.215356 ], [ -94.226855, 39.213381 ], [ -94.221275, 39.210134 ], [ -94.217744, 39.208452 ], [ -94.216816, 39.208004 ], [ -94.212515, 39.207086 ], [ -94.207254, 39.206324 ], [ -94.204916, 39.206531 ], [ -94.199551, 39.208197 ], [ -94.193391, 39.211541 ], [ -94.188895, 39.213461 ], [ -94.184703, 39.214293 ], [ -94.176143, 39.214149 ], [ -94.173519, 39.213829 ], [ -94.170495, 39.21231 ], [ -94.169423, 39.210614 ], [ -94.170239, 39.204486 ], [ -94.175327, 39.19719 ], [ -94.176447, 39.196038 ], [ -94.181519, 39.192613 ], [ -94.184015, 39.190439 ], [ -94.185735, 39.188029 ], [ -94.187174, 39.183843 ], [ -94.18584, 39.18103 ], [ -94.181152, 39.179014 ], [ -94.176831, 39.178118 ], [ -94.169056, 39.177766 ], [ -94.154016, 39.176263 ], [ -94.147152, 39.175175 ], [ -94.136863, 39.172567 ], [ -94.133664, 39.171239 ], [ -94.129919, 39.168903 ], [ -94.126367, 39.165783 ], [ -94.124303, 39.163287 ], [ -94.122223, 39.159307 ], [ -94.114032, 39.149714 ], [ -94.104823, 39.143507 ], [ -94.104935, 39.140933 ], [ -94.105225, 39.131501 ], [ -94.105223, 39.131441 ], [ -94.105268, 39.12991 ], [ -94.105633, 39.126585 ], [ -94.105639, 39.126406 ], [ -94.106764, 39.091703 ], [ -94.10742, 39.076201 ], [ -94.108145, 39.06233 ], [ -94.108822, 39.04526 ], [ -94.10886, 39.044342 ], [ -94.109106, 39.038424 ], [ -94.109325, 39.033189 ], [ -94.109664, 39.017146 ], [ -94.110005, 39.015087 ], [ -94.110005, 39.014987 ], [ -94.109988, 39.01434 ], [ -94.110136, 39.010383 ], [ -94.110215, 39.00796 ], [ -94.110289, 39.005548 ], [ -94.110319, 39.004557 ], [ -94.11054, 38.998447 ], [ -94.11058, 38.997336 ], [ -94.110719, 38.987927 ], [ -94.110992, 38.985587 ], [ -94.111478, 38.982862 ], [ -94.112592, 38.962558 ], [ -94.112928, 38.960904 ], [ -94.11427, 38.928542 ], [ -94.11418, 38.917995 ], [ -94.114175, 38.917304 ], [ -94.113634, 38.916964 ], [ -94.114092, 38.906242 ], [ -94.11596, 38.870998 ], [ -94.116412, 38.86991 ], [ -94.116513, 38.86956 ], [ -94.117158, 38.853598 ], [ -94.117699, 38.850222 ], [ -94.118498, 38.837189 ], [ -94.118786, 38.833208 ], [ -94.119096, 38.833167 ], [ -94.120778, 38.833006 ], [ -94.126038, 38.833109 ], [ -94.128154, 38.833398 ], [ -94.165433, 38.834562 ], [ -94.212074, 38.834854 ], [ -94.230672, 38.834874 ], [ -94.263003, 38.835032 ], [ -94.267951, 38.835037 ], [ -94.271604, 38.835043 ], [ -94.278167, 38.835056 ], [ -94.287593, 38.835084 ], [ -94.31657, 38.836101 ], [ -94.320327, 38.836055 ], [ -94.324627, 38.83659 ], [ -94.327195, 38.836599 ], [ -94.335364, 38.836923 ], [ -94.343622, 38.837021 ], [ -94.348105, 38.837115 ], [ -94.353948, 38.837291 ], [ -94.361971, 38.837602 ], [ -94.376002, 38.838005 ], [ -94.378872, 38.838109 ], [ -94.380916, 38.83821 ], [ -94.39001, 38.838543 ], [ -94.399447, 38.838809 ], [ -94.418523, 38.839316 ], [ -94.426801, 38.839506 ], [ -94.431168, 38.839615 ], [ -94.432321, 38.839634 ], [ -94.436649, 38.839707 ], [ -94.436806, 38.839713 ], [ -94.436905, 38.839783 ], [ -94.441401, 38.839943 ], [ -94.45503, 38.840419 ], [ -94.480309, 38.841354 ], [ -94.490031, 38.841713 ], [ -94.49213, 38.841707 ], [ -94.499422, 38.842035 ], [ -94.509068, 38.842302 ], [ -94.510121, 38.842464 ], [ -94.521613, 38.843075 ], [ -94.526849, 38.843281 ], [ -94.529564, 38.843652 ], [ -94.532213, 38.843784 ], [ -94.537827, 38.84403 ], [ -94.541828, 38.843994 ], [ -94.5452, 38.844161 ], [ -94.56208, 38.845002 ], [ -94.56269, 38.844992 ], [ -94.564633, 38.845207 ], [ -94.585572, 38.8462 ], [ -94.593789, 38.846564 ], [ -94.608033, 38.847207 ], [ -94.608033, 38.850194846153798 ], [ -94.608033, 38.855007 ], [ -94.608033, 38.859882 ], [ -94.608033, 38.861207 ], [ -94.607995895782906, 38.866831999312502 ], [ -94.607993, 38.867271 ], [ -94.608033, 38.868107 ], [ -94.608033, 38.869207 ], [ -94.608033, 38.869749013333298 ], [ -94.608033, 38.883491759999899 ], [ -94.608033, 38.883807 ], [ -94.608032984062305, 38.883822376370603 ], [ -94.6080256044729, 38.890942070072299 ], [ -94.608022124029802, 38.894299938269803 ], [ -94.608010380116397, 38.9056302524437 ], [ -94.608009274390596, 38.906697036562001 ], [ -94.608002819766796, 38.912924340284299 ], [ -94.607995565069103, 38.9199235407172 ], [ -94.607995200775704, 38.920275004354103 ], [ -94.607985907151303, 38.929241324209997 ], [ -94.607979799363306, 38.935134007047601 ], [ -94.607978023842804, 38.9368469969152 ], [ -94.607978022843497, 38.936847961007999 ], [ -94.607978, 38.93687 ], [ -94.607926744844804, 38.937111631445802 ], [ -94.607866, 38.937398 ], [ -94.608134, 38.940006 ], [ -94.608134, 38.942006 ], [ -94.608134326897499, 38.942071052608298 ], [ -94.608170778496003, 38.949324920711099 ], [ -94.608207947805695, 38.956721613327602 ], [ -94.608207994421704, 38.956730889918198 ], [ -94.608262108024903, 38.967499496944598 ], [ -94.608298290742894, 38.974699857835503 ], [ -94.608318515554799, 38.9787245953992 ], [ -94.608334, 38.981806 ] ] ] ] } },
{ "type": "Feature", "properties": { "STATEFP": "29", "COUNTYFP": "197", "COUNTYNS": "00758551", "GEOIDFQ": "0500000US29197", "GEOID": "29197", "NAME": "Schuyler", "NAMELSAD": "Schuyler County", "STUSPS": "MO", "STATE_NAME": "Missouri", "LSAD": "06", "ALAND": 795916404.0, "AWATER": 2216011.0 }, "geometry": { "type": "MultiPolygon", "coordinates": [ [ [ [ -92.721158, 40.58402 ], [ -92.716087, 40.586974 ], [ -92.714597773088499, 40.589564179953797 ], [ -92.689854, 40.589884 ], [ -92.686693, 40.589809 ], [ -92.639223, 40.590825 ], [ -92.637898, 40.590853 ], [ -92.618371933023198, 40.591292861765602 ], [ -92.580278, 40.592151 ], [ -92.559337447740504, 40.592757836152302 ], [ -92.523736913399205, 40.593789503847297 ], [ -92.522243979, 40.593832767585297 ], [ -92.484588, 40.594924 ], [ -92.482394, 40.594894 ], [ -92.481692, 40.594941 ], [ -92.473042849520297, 40.595119297480402 ], [ -92.461609, 40.595355 ], [ -92.453745, 40.595288 ], [ -92.4277724698605, 40.595716234252002 ], [ -92.409046542192698, 40.596024986752703 ], [ -92.379691, 40.596509 ], [ -92.350806712293505, 40.597273187449296 ], [ -92.350626, 40.592456 ], [ -92.350896, 40.571311 ], [ -92.351222, 40.531803 ], [ -92.351404, 40.491573 ], [ -92.351392, 40.477083 ], [ -92.350393, 40.389744 ], [ -92.350341, 40.38398 ], [ -92.349975, 40.346505 ], [ -92.404051, 40.346329 ], [ -92.441487, 40.345821 ], [ -92.451083, 40.345513 ], [ -92.460645, 40.345204 ], [ -92.467443, 40.345187 ], [ -92.51579, 40.34491 ], [ -92.55866, 40.344346 ], [ -92.563088, 40.3443 ], [ -92.566318, 40.344245 ], [ -92.56669, 40.344258 ], [ -92.567675, 40.344321 ], [ -92.570047, 40.344377 ], [ -92.572797, 40.344175 ], [ -92.574961, 40.344283 ], [ -92.62919, 40.343679 ], [ -92.646934, 40.343595 ], [ -92.684167, 40.343466 ], [ -92.683058, 40.345475 ], [ -92.680739, 40.346374 ], [ -92.684373, 40.347493 ], [ -92.685152, 40.348494 ], [ -92.685813, 40.35105 ], [ -92.684331, 40.355925 ], [ -92.686005, 40.358257 ], [ -92.685139, 40.359424 ], [ -92.683632, 40.358334 ], [ -92.683557, 40.360502 ], [ -92.681965, 40.361015 ], [ -92.683165, 40.36192 ], [ -92.686247, 40.367278 ], [ -92.685054, 40.369936 ], [ -92.686086, 40.3708 ], [ -92.687189, 40.374187 ], [ -92.686398, 40.374638 ], [ -92.684154, 40.37353 ], [ -92.682683, 40.376022 ], [ -92.687246, 40.380266 ], [ -92.687576, 40.381204 ], [ -92.685242, 40.382601 ], [ -92.685122, 40.384133 ], [ -92.687037, 40.385964 ], [ -92.686743, 40.386818 ], [ -92.686595, 40.386902 ], [ -92.685481, 40.389465 ], [ -92.686019, 40.39427 ], [ -92.682817, 40.395346 ], [ -92.682278, 40.392851 ], [ -92.680722, 40.393973 ], [ -92.67725, 40.395369 ], [ -92.675873, 40.395369 ], [ -92.673839, 40.392119 ], [ -92.672073, 40.391524 ], [ -92.670966, 40.392806 ], [ -92.670337, 40.394728 ], [ -92.666145, 40.396512 ], [ -92.666175, 40.397677 ], [ -92.667821, 40.398686 ], [ -92.671083, 40.399488 ], [ -92.676082, 40.401365 ], [ -92.679733, 40.403767 ], [ -92.679284, 40.406948 ], [ -92.677128, 40.407954 ], [ -92.675991, 40.407359 ], [ -92.676949, 40.406307 ], [ -92.676261, 40.404453 ], [ -92.674046, 40.403172 ], [ -92.672909, 40.403492 ], [ -92.674644, 40.40498 ], [ -92.674435, 40.406741 ], [ -92.673236, 40.407749 ], [ -92.667478, 40.408258 ], [ -92.664616, 40.409401 ], [ -92.666093, 40.410457 ], [ -92.66884, 40.409498 ], [ -92.67093, 40.409991 ], [ -92.670331, 40.412119 ], [ -92.672127, 40.413675 ], [ -92.67551, 40.413355 ], [ -92.675869, 40.414636 ], [ -92.674731, 40.415483 ], [ -92.676128, 40.416052 ], [ -92.678562, 40.418389 ], [ -92.683231, 40.418322 ], [ -92.683532, 40.420542 ], [ -92.685389, 40.419351 ], [ -92.687875, 40.419946 ], [ -92.688234, 40.420907 ], [ -92.69006, 40.420884 ], [ -92.691707, 40.422303 ], [ -92.693564, 40.422898 ], [ -92.694013, 40.424019 ], [ -92.693234, 40.425575 ], [ -92.697516, 40.426124 ], [ -92.70087, 40.428663 ], [ -92.701499, 40.430121 ], [ -92.698325, 40.43038 ], [ -92.697907, 40.433377 ], [ -92.695032, 40.433195 ], [ -92.694493, 40.435666 ], [ -92.700153, 40.436146 ], [ -92.701261, 40.436557 ], [ -92.702609, 40.439852 ], [ -92.706084, 40.440424 ], [ -92.70872, 40.441842 ], [ -92.710128, 40.443989 ], [ -92.70932, 40.445893 ], [ -92.705996, 40.447747 ], [ -92.702701, 40.447358 ], [ -92.701383, 40.449395 ], [ -92.704079, 40.449326 ], [ -92.702612, 40.45134 ], [ -92.703241, 40.453537 ], [ -92.705159, 40.454063 ], [ -92.705159, 40.45571 ], [ -92.708724, 40.456511 ], [ -92.708305, 40.457929 ], [ -92.709294, 40.459989 ], [ -92.708665, 40.460904 ], [ -92.703813, 40.462118 ], [ -92.703244, 40.463376 ], [ -92.700667, 40.463125 ], [ -92.699379, 40.463903 ], [ -92.702016, 40.465093 ], [ -92.702255, 40.465985 ], [ -92.699949, 40.467175 ], [ -92.69827, 40.469235 ], [ -92.700459, 40.469509 ], [ -92.702256, 40.468457 ], [ -92.704024, 40.468433 ], [ -92.703395, 40.471408 ], [ -92.701148, 40.472873 ], [ -92.704564, 40.474223 ], [ -92.704445, 40.476832 ], [ -92.703666, 40.477129 ], [ -92.703306, 40.475596 ], [ -92.701418, 40.476512 ], [ -92.701298, 40.4788 ], [ -92.702377, 40.480493 ], [ -92.701928, 40.483103 ], [ -92.701179, 40.483995 ], [ -92.699771, 40.483218 ], [ -92.700939, 40.48086 ], [ -92.699171, 40.479488 ], [ -92.698092, 40.479396 ], [ -92.697763, 40.48205 ], [ -92.696325, 40.483996 ], [ -92.696233, 40.485766 ], [ -92.696115, 40.487199 ], [ -92.695036, 40.487176 ], [ -92.694676, 40.485528 ], [ -92.693358, 40.48594 ], [ -92.692699, 40.488274 ], [ -92.690631, 40.488686 ], [ -92.688563, 40.487267 ], [ -92.687274, 40.485391 ], [ -92.685116, 40.485299 ], [ -92.685296, 40.48935 ], [ -92.681699, 40.49237 ], [ -92.678701, 40.494018 ], [ -92.677562, 40.495642 ], [ -92.67837, 40.498457 ], [ -92.676032, 40.49954 ], [ -92.676842, 40.501284 ], [ -92.67888, 40.501375 ], [ -92.6793, 40.49962 ], [ -92.680648, 40.498823 ], [ -92.682328, 40.499373 ], [ -92.682298, 40.500332 ], [ -92.680379, 40.500918 ], [ -92.679989, 40.502062 ], [ -92.681518, 40.503 ], [ -92.686195, 40.502955 ], [ -92.683527, 40.505197 ], [ -92.682807, 40.508218 ], [ -92.683196, 40.511513 ], [ -92.685626, 40.510666 ], [ -92.685895, 40.51355 ], [ -92.684605, 40.515197 ], [ -92.688324, 40.51689 ], [ -92.682986, 40.519018 ], [ -92.680887, 40.518857 ], [ -92.677919, 40.516043 ], [ -92.67525, 40.518469 ], [ -92.670812, 40.519544 ], [ -92.672521, 40.520574 ], [ -92.675129, 40.52348 ], [ -92.678967, 40.523434 ], [ -92.679897, 40.522084 ], [ -92.681456, 40.522015 ], [ -92.682056, 40.524098 ], [ -92.687184, 40.524006 ], [ -92.688984, 40.525242 ], [ -92.692792, 40.526271 ], [ -92.694082, 40.527644 ], [ -92.695851, 40.527187 ], [ -92.699359, 40.527896 ], [ -92.69951, 40.52952 ], [ -92.6981, 40.531305 ], [ -92.701519, 40.530985 ], [ -92.704758, 40.532768 ], [ -92.707638, 40.534987 ], [ -92.706319, 40.536017 ], [ -92.704729, 40.534393 ], [ -92.70161, 40.535103 ], [ -92.70374, 40.537619 ], [ -92.700861, 40.537597 ], [ -92.696782, 40.542586 ], [ -92.696663, 40.54524 ], [ -92.694953, 40.548581 ], [ -92.692374, 40.550252 ], [ -92.690783, 40.549245 ], [ -92.689553, 40.551305 ], [ -92.687693, 40.551259 ], [ -92.686433, 40.54968 ], [ -92.686373, 40.547803 ], [ -92.684423, 40.548513 ], [ -92.684663, 40.552243 ], [ -92.682953, 40.556545 ], [ -92.683463, 40.557552 ], [ -92.683043, 40.560252 ], [ -92.685682, 40.563088 ], [ -92.687271, 40.564117 ], [ -92.691142, 40.564712 ], [ -92.693033, 40.563752 ], [ -92.695285, 40.560572 ], [ -92.701345, 40.559336 ], [ -92.705425, 40.558099 ], [ -92.710795, 40.557182 ], [ -92.717545, 40.558348 ], [ -92.716286, 40.560751 ], [ -92.716527, 40.561918 ], [ -92.719348, 40.56361 ], [ -92.717128, 40.564183 ], [ -92.712237, 40.562559 ], [ -92.709806, 40.562903 ], [ -92.703356, 40.565009 ], [ -92.692224, 40.567528 ], [ -92.690154, 40.569039 ], [ -92.689823, 40.570389 ], [ -92.690094, 40.575376 ], [ -92.691954, 40.575262 ], [ -92.692014, 40.571075 ], [ -92.694504, 40.568283 ], [ -92.694535, 40.570091 ], [ -92.695705, 40.571372 ], [ -92.697086, 40.571005 ], [ -92.702067, 40.570982 ], [ -92.701438, 40.572836 ], [ -92.702428, 40.573545 ], [ -92.701048, 40.574849 ], [ -92.700988, 40.577961 ], [ -92.703329, 40.578991 ], [ -92.701769, 40.580112 ], [ -92.702249, 40.580982 ], [ -92.707682, 40.581645 ], [ -92.710413, 40.5832 ], [ -92.714255, 40.582833 ], [ -92.718847, 40.582808 ], [ -92.721158, 40.58402 ] ] ] ] } },
{ "type": "Feature", "properties": { "STATEFP": "29", "COUNTYFP": "099", "COUNTYNS": "00758504", "GEOIDFQ": "0500000US29099", "GEOID": "29099", "NAME": "Jefferson", "NAMELSAD": "Jefferson County", "STUSPS": "MO", "STATE_NAME": "Missouri", "LSAD": "06", "ALAND": 1699708490.0, "AWATER": 20267934.0 }, "geometry": { "type": "MultiPolygon", "coordinates": [ [ [ [ -90.773549, 38.24068 ], [ -90.772585, 38.245856 ], [ -90.77228, 38.25005 ], [ -90.76746, 38.27315 ], [ -90.766984, 38.274 ], [ -90.765978, 38.280241 ], [ -90.760533, 38.306405 ], [ -90.755601, 38.330052 ], [ -90.750222, 38.355078 ], [ -90.740674, 38.399353 ], [ -90.739641, 38.404396 ], [ -90.737599, 38.415897 ], [ -90.737333, 38.422049 ], [ -90.736931, 38.436011 ], [ -90.736562, 38.448947 ], [ -90.736204, 38.466812 ], [ -90.736167, 38.466869 ], [ -90.73553, 38.467753 ], [ -90.73353, 38.475753 ], [ -90.732083, 38.479514 ], [ -90.73203, 38.482153 ], [ -90.730509, 38.482736 ], [ -90.726486, 38.482655 ], [ -90.723544, 38.482067 ], [ -90.721046, 38.480892 ], [ -90.71712, 38.478267 ], [ -90.71425, 38.475075 ], [ -90.715281, 38.472865 ], [ -90.717719, 38.472034 ], [ -90.71883, 38.469931 ], [ -90.717805, 38.468782 ], [ -90.715528, 38.468742 ], [ -90.709468, 38.469845 ], [ -90.705963, 38.472077 ], [ -90.705195, 38.47177 ], [ -90.704237, 38.471477 ], [ -90.70027, 38.47244 ], [ -90.696932, 38.47191 ], [ -90.695618, 38.47055 ], [ -90.693492, 38.464603 ], [ -90.691695, 38.46267 ], [ -90.68782, 38.460408 ], [ -90.687557, 38.456503 ], [ -90.688669, 38.455599 ], [ -90.688669, 38.453141 ], [ -90.686567, 38.452439 ], [ -90.685446, 38.452908 ], [ -90.683861, 38.455234 ], [ -90.683622, 38.455593 ], [ -90.683625, 38.456158 ], [ -90.683337, 38.457108 ], [ -90.680546, 38.458372 ], [ -90.678799, 38.457879 ], [ -90.676907, 38.455309 ], [ -90.677055, 38.453601 ], [ -90.679104, 38.451411 ], [ -90.680564, 38.450561 ], [ -90.685958, 38.448824 ], [ -90.686546, 38.447542 ], [ -90.684011, 38.446518 ], [ -90.681695, 38.44761 ], [ -90.679576, 38.446635 ], [ -90.678775, 38.445877 ], [ -90.674537, 38.446319 ], [ -90.664639, 38.448755 ], [ -90.661022, 38.450673 ], [ -90.657054, 38.45423 ], [ -90.654733, 38.456078 ], [ -90.653799, 38.458554 ], [ -90.65429, 38.459861 ], [ -90.656479, 38.462463 ], [ -90.65769, 38.46613 ], [ -90.658099, 38.469895 ], [ -90.659064, 38.473113 ], [ -90.659871, 38.473965 ], [ -90.660048, 38.476573 ], [ -90.660703, 38.479195 ], [ -90.658846, 38.48327 ], [ -90.655561, 38.486737 ], [ -90.654043, 38.487541 ], [ -90.651388, 38.487981 ], [ -90.64352, 38.487906 ], [ -90.633746, 38.485782 ], [ -90.630773, 38.482329 ], [ -90.628619, 38.47773 ], [ -90.626331, 38.475903 ], [ -90.625971, 38.475707 ], [ -90.618026, 38.471984 ], [ -90.613685, 38.471328 ], [ -90.610609, 38.472977 ], [ -90.604889, 38.477574 ], [ -90.602652, 38.479617 ], [ -90.6013, 38.483143 ], [ -90.598745, 38.487999 ], [ -90.595914, 38.49375 ], [ -90.595213, 38.494323 ], [ -90.594044, 38.495159 ], [ -90.592892, 38.496965 ], [ -90.591123, 38.501652 ], [ -90.588113, 38.501739 ], [ -90.58411, 38.50171 ], [ -90.560764, 38.501572 ], [ -90.512523, 38.501344 ], [ -90.510358, 38.501318 ], [ -90.506414, 38.501268 ], [ -90.503894, 38.501249 ], [ -90.497564, 38.501189 ], [ -90.49277, 38.50112 ], [ -90.475393, 38.501175 ], [ -90.475345, 38.501171 ], [ -90.469777, 38.501279 ], [ -90.467012, 38.501259 ], [ -90.466266, 38.501235 ], [ -90.462893, 38.501247 ], [ -90.461238, 38.501247 ], [ -90.460328, 38.501214 ], [ -90.453431, 38.501125 ], [ -90.448677, 38.501082 ], [ -90.443863, 38.50106 ], [ -90.405335, 38.500598 ], [ -90.405603, 38.498586 ], [ -90.407619, 38.496353 ], [ -90.407419, 38.491652 ], [ -90.405311, 38.487981 ], [ -90.405636, 38.486542 ], [ -90.407949, 38.483328 ], [ -90.411805, 38.480988 ], [ -90.414513, 38.480821 ], [ -90.415911, 38.481557 ], [ -90.420057, 38.483725 ], [ -90.422231, 38.483359 ], [ -90.422609, 38.482056 ], [ -90.421889, 38.479985 ], [ -90.422, 38.478166 ], [ -90.418928, 38.470969 ], [ -90.416434, 38.467084 ], [ -90.41501, 38.46294 ], [ -90.414408, 38.456971 ], [ -90.412996, 38.455009 ], [ -90.411214, 38.453438 ], [ -90.408658, 38.452536 ], [ -90.404236, 38.452871 ], [ -90.400331, 38.454212 ], [ -90.397408, 38.457477 ], [ -90.39471, 38.458486 ], [ -90.391631, 38.457329 ], [ -90.390702, 38.455369 ], [ -90.392643, 38.451713 ], [ -90.391031, 38.450561 ], [ -90.387387, 38.451394 ], [ -90.376783, 38.452868 ], [ -90.376459, 38.452912 ], [ -90.364893, 38.455408 ], [ -90.360605, 38.456721 ], [ -90.358158, 38.457613 ], [ -90.353631, 38.458217 ], [ -90.347633, 38.457648 ], [ -90.338918, 38.455347 ], [ -90.336135, 38.453491 ], [ -90.335745, 38.448195 ], [ -90.340875, 38.440875 ], [ -90.344993, 38.43757 ], [ -90.346917, 38.436153 ], [ -90.348122, 38.430592 ], [ -90.348175, 38.428349 ], [ -90.34712, 38.419488 ], [ -90.346481, 38.418163 ], [ -90.346336, 38.417076 ], [ -90.347992, 38.410057 ], [ -90.347939, 38.405357 ], [ -90.347031, 38.402599 ], [ -90.344894, 38.398565 ], [ -90.344307, 38.396568 ], [ -90.344162, 38.391491 ], [ -90.343887, 38.390976 ], [ -90.341330986556102, 38.388214588664901 ], [ -90.343586995781394, 38.385103843704002 ], [ -90.347511013226594, 38.379693131124696 ], [ -90.349132, 38.377458 ], [ -90.354833226672099, 38.363888033259201 ], [ -90.356318, 38.360354 ], [ -90.368219, 38.340254 ], [ -90.370819, 38.333554 ], [ -90.372519, 38.323354 ], [ -90.372505422964494, 38.323031545407801 ], [ -90.371719, 38.304354 ], [ -90.372659, 38.28623 ], [ -90.371468108896707, 38.279379746096197 ], [ -90.3683848643239, 38.261644280516798 ], [ -90.368131, 38.260184 ], [ -90.367864847681602, 38.257998894046601 ], [ -90.366692641733195, 38.248375103386401 ], [ -90.366388, 38.245874 ], [ -90.363397219586702, 38.236524143352902 ], [ -90.359559, 38.224525 ], [ -90.356176, 38.217501 ], [ -90.3557930485632, 38.216886997828198 ], [ -90.355430575469498, 38.216305829446704 ], [ -90.353902, 38.213855 ], [ -90.334258, 38.189932 ], [ -90.331554, 38.18758 ], [ -90.322353, 38.181593 ], [ -90.316839, 38.179456 ], [ -90.31063, 38.178572 ], [ -90.30049, 38.175246 ], [ -90.290765, 38.170453 ], [ -90.283091, 38.164447 ], [ -90.274928, 38.157615 ], [ -90.255759764319393, 38.131956005489798 ], [ -90.252664739513904, 38.127812941630602 ], [ -90.256032, 38.126248 ], [ -90.252421, 38.118378 ], [ -90.250118, 38.116142 ], [ -90.249858, 38.11455 ], [ -90.251311, 38.114254 ], [ -90.254281, 38.116269 ], [ -90.256001, 38.116931 ], [ -90.257334, 38.115124 ], [ -90.259347, 38.11436 ], [ -90.259882, 38.11194 ], [ -90.262057, 38.107898 ], [ -90.26473, 38.106728 ], [ -90.266673, 38.107827 ], [ -90.267569, 38.107186 ], [ -90.269921, 38.107691 ], [ -90.271937, 38.106005 ], [ -90.274046, 38.105039 ], [ -90.275988, 38.105719 ], [ -90.275888, 38.104744 ], [ -90.278196, 38.104311 ], [ -90.279376, 38.104771 ], [ -90.281651, 38.103391 ], [ -90.280139, 38.101734 ], [ -90.280283, 38.098764 ], [ -90.281977, 38.098289 ], [ -90.28468, 38.096406 ], [ -90.285099, 38.095253 ], [ -90.287193, 38.094111 ], [ -90.287894, 38.091803 ], [ -90.291282, 38.091746 ], [ -90.293114, 38.08941 ], [ -90.295999, 38.087979 ], [ -90.297493, 38.089114 ], [ -90.299648, 38.089389 ], [ -90.30401, 38.089798 ], [ -90.307719, 38.090682 ], [ -90.308511, 38.091418 ], [ -90.310739, 38.091397 ], [ -90.31748, 38.092753 ], [ -90.317779, 38.09418 ], [ -90.321343, 38.094911 ], [ -90.324573, 38.09339 ], [ -90.326338, 38.093917 ], [ -90.328811, 38.093785 ], [ -90.32939, 38.09436 ], [ -90.341504, 38.087162 ], [ -90.378416, 38.064983 ], [ -90.389244, 38.058425 ], [ -90.39722, 38.053595 ], [ -90.415177, 38.042795 ], [ -90.416022, 38.042315 ], [ -90.416953, 38.042701 ], [ -90.472101, 38.029862 ], [ -90.472329, 38.029808 ], [ -90.472435, 38.029783 ], [ -90.48728, 38.026279 ], [ -90.491507, 38.025281 ], [ -90.527582, 38.016706 ], [ -90.539229, 38.013946 ], [ -90.545413, 38.01248 ], [ -90.550518, 38.01127 ], [ -90.569132, 38.00686 ], [ -90.583324, 38.003499 ], [ -90.617067, 38.006759 ], [ -90.628084, 38.007743 ], [ -90.627756, 38.010882 ], [ -90.624905, 38.012762 ], [ -90.61651, 38.013493 ], [ -90.61345, 38.014783 ], [ -90.612751, 38.017021 ], [ -90.613589, 38.018792 ], [ -90.615787, 38.020713 ], [ -90.616778, 38.02328 ], [ -90.616445, 38.028412 ], [ -90.618034, 38.031706 ], [ -90.61953, 38.036307 ], [ -90.621508, 38.040357 ], [ -90.620453, 38.043043 ], [ -90.621447, 38.047474 ], [ -90.621128, 38.052063 ], [ -90.620171, 38.055198 ], [ -90.61891, 38.0572 ], [ -90.613812, 38.061512 ], [ -90.6124, 38.064637 ], [ -90.612166, 38.070084 ], [ -90.612914, 38.071631 ], [ -90.615712, 38.073219 ], [ -90.618065, 38.073322 ], [ -90.619854, 38.072779 ], [ -90.623119, 38.074699 ], [ -90.625212, 38.076036 ], [ -90.627138, 38.075884 ], [ -90.632542, 38.07406 ], [ -90.636477, 38.076162 ], [ -90.63998, 38.076548 ], [ -90.644684, 38.077949 ], [ -90.650688, 38.080908 ], [ -90.656389, 38.080886 ], [ -90.659153, 38.081797 ], [ -90.661998, 38.08465 ], [ -90.662033, 38.086225 ], [ -90.659785, 38.086991 ], [ -90.657794, 38.086862 ], [ -90.653677, 38.089032 ], [ -90.651919, 38.090529 ], [ -90.651356, 38.092094 ], [ -90.65433, 38.095353 ], [ -90.657404, 38.097306 ], [ -90.659052, 38.097474 ], [ -90.66051, 38.096422 ], [ -90.661192, 38.094724 ], [ -90.660618, 38.093045 ], [ -90.661381, 38.090582 ], [ -90.663581, 38.087743 ], [ -90.668087, 38.087652 ], [ -90.669656, 38.088494 ], [ -90.674868, 38.087741 ], [ -90.677686, 38.086941 ], [ -90.680833, 38.087675 ], [ -90.684776, 38.08627 ], [ -90.685846, 38.088499 ], [ -90.685366, 38.091058 ], [ -90.683681, 38.092061 ], [ -90.677859, 38.092306 ], [ -90.676175, 38.095066 ], [ -90.676987, 38.096434 ], [ -90.680683, 38.100337 ], [ -90.681399, 38.102681 ], [ -90.693362, 38.11427 ], [ -90.701007, 38.122471 ], [ -90.702814, 38.125051 ], [ -90.706565, 38.128886 ], [ -90.71268, 38.135135 ], [ -90.71333, 38.135799 ], [ -90.715458, 38.137974 ], [ -90.716425, 38.138963 ], [ -90.745266, 38.16852 ], [ -90.75013, 38.172933 ], [ -90.754263, 38.177394 ], [ -90.767603, 38.190678 ], [ -90.780185, 38.204112 ], [ -90.773549, 38.24068 ] ] ] ] } },
{ "type": "Feature", "properties": { "STATEFP": "29", "COUNTYFP": "027", "COUNTYNS": "00758468", "GEOIDFQ": "0500000US29027", "GEOID": "29027", "NAME": "Callaway", "NAMELSAD": "Callaway County", "STUSPS": "MO", "STATE_NAME": "Missouri", "LSAD": "06", "ALAND": 2161520464.0, "AWATER": 33187172.0 }, "geometry": { "type": "MultiPolygon", "coordinates": [ [ [ [ -92.225384, 38.699469 ], [ -92.220738, 38.701574 ], [ -92.215691, 38.702487 ], [ -92.214433, 38.707128 ], [ -92.214962, 38.709213 ], [ -92.216691, 38.712064 ], [ -92.216388, 38.714495 ], [ -92.213355, 38.717367 ], [ -92.212186, 38.720117 ], [ -92.2088, 38.720499 ], [ -92.204242, 38.7203 ], [ -92.201963, 38.720859 ], [ -92.200688, 38.722294 ], [ -92.199534, 38.722031 ], [ -92.195162, 38.723716 ], [ -92.192431, 38.726132 ], [ -92.193638, 38.727668 ], [ -92.194235, 38.729835 ], [ -92.192191, 38.730551 ], [ -92.19473, 38.731893 ], [ -92.195456, 38.734845 ], [ -92.19437, 38.736243 ], [ -92.19357, 38.73686 ], [ -92.191504, 38.736386 ], [ -92.186124, 38.735888 ], [ -92.182058, 38.738402 ], [ -92.181531, 38.739209 ], [ -92.181245, 38.74168 ], [ -92.18411, 38.743744 ], [ -92.186022, 38.745606 ], [ -92.186184, 38.747554 ], [ -92.183294, 38.748035 ], [ -92.181679, 38.749064 ], [ -92.181779, 38.752363 ], [ -92.176007, 38.753944 ], [ -92.174652, 38.758092 ], [ -92.174148, 38.76042 ], [ -92.172312, 38.763939 ], [ -92.17095, 38.7653 ], [ -92.168898, 38.764609 ], [ -92.163127, 38.76492 ], [ -92.162457, 38.769078 ], [ -92.16149, 38.772063 ], [ -92.162353, 38.775972 ], [ -92.164244, 38.775742 ], [ -92.166991, 38.776095 ], [ -92.167812, 38.776786 ], [ -92.167238, 38.777647 ], [ -92.16384, 38.779803 ], [ -92.163261, 38.78107 ], [ -92.164867, 38.782505 ], [ -92.164207, 38.78387 ], [ -92.161928, 38.784782 ], [ -92.158335, 38.784837 ], [ -92.159316, 38.787366 ], [ -92.160068, 38.790248 ], [ -92.155903, 38.792849 ], [ -92.155673, 38.795813 ], [ -92.159384, 38.800426 ], [ -92.15813, 38.802211 ], [ -92.15387, 38.804118 ], [ -92.151872, 38.803652 ], [ -92.151812, 38.799912 ], [ -92.151435, 38.798729 ], [ -92.148985, 38.796521 ], [ -92.145732, 38.796074 ], [ -92.144805, 38.79659 ], [ -92.14497, 38.798141 ], [ -92.14795, 38.800335 ], [ -92.14928, 38.801777 ], [ -92.151075, 38.805746 ], [ -92.149, 38.806939 ], [ -92.14735, 38.806206 ], [ -92.144527, 38.806276 ], [ -92.142858, 38.807201 ], [ -92.141898, 38.808536 ], [ -92.143188, 38.811393 ], [ -92.143276, 38.812665 ], [ -92.1416, 38.813139 ], [ -92.13815, 38.811798 ], [ -92.136771, 38.812286 ], [ -92.135245, 38.813894 ], [ -92.135397, 38.815581 ], [ -92.13643, 38.816823 ], [ -92.138205, 38.817737 ], [ -92.140934, 38.816793 ], [ -92.142017, 38.815819 ], [ -92.144643, 38.81491 ], [ -92.145754, 38.815457 ], [ -92.143773, 38.818344 ], [ -92.142765, 38.821637 ], [ -92.14421, 38.823179 ], [ -92.147902, 38.823657 ], [ -92.149678, 38.823498 ], [ -92.151842, 38.824605 ], [ -92.152826, 38.826108 ], [ -92.153114, 38.828011 ], [ -92.152272, 38.829141 ], [ -92.149868, 38.829739 ], [ -92.147631, 38.830909 ], [ -92.145523, 38.832777 ], [ -92.146802, 38.834715 ], [ -92.149606, 38.836295 ], [ -92.15081, 38.838718 ], [ -92.148683, 38.840244 ], [ -92.146094, 38.839973 ], [ -92.142367, 38.841378 ], [ -92.141412, 38.842246 ], [ -92.140358, 38.8455 ], [ -92.142426, 38.846074 ], [ -92.147918, 38.845483 ], [ -92.148735, 38.846582 ], [ -92.147938, 38.847319 ], [ -92.145915, 38.849172 ], [ -92.14507, 38.853312 ], [ -92.145553, 38.854379 ], [ -92.147236, 38.854274 ], [ -92.149085, 38.85198 ], [ -92.150047, 38.851455 ], [ -92.152483, 38.852059 ], [ -92.154172, 38.853504 ], [ -92.15434, 38.854857 ], [ -92.152459, 38.856033 ], [ -92.15004, 38.855907 ], [ -92.148409, 38.856472 ], [ -92.147555, 38.858448 ], [ -92.148035, 38.861062 ], [ -92.149272, 38.866238 ], [ -92.150881, 38.867601 ], [ -92.152231, 38.867485 ], [ -92.156004, 38.865169 ], [ -92.157912, 38.864624 ], [ -92.161916, 38.865284 ], [ -92.162235, 38.866521 ], [ -92.158707, 38.869577 ], [ -92.158313, 38.870719 ], [ -92.159325, 38.872898 ], [ -92.158394, 38.875559 ], [ -92.157064, 38.87691 ], [ -92.156132, 38.880652 ], [ -92.154928, 38.881067 ], [ -92.149766, 38.87984 ], [ -92.14808, 38.881062 ], [ -92.148123, 38.885208 ], [ -92.148704, 38.885753 ], [ -92.154844, 38.884266 ], [ -92.156686, 38.885495 ], [ -92.156891, 38.888509 ], [ -92.158287, 38.888012 ], [ -92.158745, 38.888836 ], [ -92.157398, 38.892548 ], [ -92.158849, 38.894667 ], [ -92.161291, 38.895865 ], [ -92.161856, 38.896833 ], [ -92.163715, 38.897558 ], [ -92.168952, 38.896424 ], [ -92.168769, 38.898252 ], [ -92.166964, 38.900763 ], [ -92.165117, 38.900948 ], [ -92.164108, 38.907026 ], [ -92.157573, 38.911458 ], [ -92.155501, 38.914396 ], [ -92.154503, 38.917876 ], [ -92.156441, 38.918774 ], [ -92.156591, 38.919775 ], [ -92.160715, 38.925158 ], [ -92.158769, 38.925765 ], [ -92.154814, 38.923691 ], [ -92.153916, 38.924523 ], [ -92.154416, 38.927122 ], [ -92.152404, 38.931352 ], [ -92.153884, 38.933056 ], [ -92.154085, 38.934572 ], [ -92.153258, 38.936143 ], [ -92.151581, 38.936545 ], [ -92.151256, 38.937642 ], [ -92.15317, 38.937782 ], [ -92.152722, 38.940093 ], [ -92.152297, 38.941309 ], [ -92.153366, 38.943578 ], [ -92.152776, 38.946638 ], [ -92.15135, 38.949088 ], [ -92.150801, 38.953613 ], [ -92.14979, 38.954301 ], [ -92.146817, 38.958571 ], [ -92.148104, 38.95904 ], [ -92.148784, 38.961036 ], [ -92.146865, 38.963194 ], [ -92.146453, 38.964804 ], [ -92.143394, 38.967719 ], [ -92.145327, 38.970487 ], [ -92.145651, 38.972007 ], [ -92.144811, 38.972757 ], [ -92.145904, 38.973898 ], [ -92.14706, 38.977577 ], [ -92.145669, 38.979105 ], [ -92.14632, 38.980954 ], [ -92.143817, 38.98197 ], [ -92.142842, 38.98016 ], [ -92.141914, 38.980352 ], [ -92.141813, 38.982027 ], [ -92.140809, 38.983063 ], [ -92.140559, 38.984541 ], [ -92.138334, 38.985182 ], [ -92.139688, 38.986806 ], [ -92.138526, 38.988419 ], [ -92.137086, 38.991887 ], [ -92.137758, 38.993622 ], [ -92.136541, 38.994938 ], [ -92.138785, 38.996576 ], [ -92.137631, 38.997433 ], [ -92.136623, 38.999633 ], [ -92.137139, 39.001818 ], [ -92.138353, 39.002665 ], [ -92.139454, 39.000438 ], [ -92.140296, 39.001454 ], [ -92.13978, 39.003063 ], [ -92.138581, 39.003836 ], [ -92.138496, 39.005902 ], [ -92.139895, 39.005799 ], [ -92.140472, 39.006659 ], [ -92.135687, 39.009103 ], [ -92.133069, 39.012637 ], [ -92.132822, 39.01487 ], [ -92.133729, 39.015309 ], [ -92.13359, 39.018107 ], [ -92.131022, 39.021455 ], [ -92.130607, 39.0253 ], [ -92.133723, 39.026002 ], [ -92.134589, 39.027377 ], [ -92.140653, 39.027382 ], [ -92.140209, 39.028595 ], [ -92.140784, 39.030135 ], [ -92.135974, 39.032397 ], [ -92.134892, 39.036101 ], [ -92.13349, 39.039695 ], [ -92.133511, 39.043522 ], [ -92.132699, 39.045133 ], [ -92.129787, 39.045138 ], [ -92.129425, 39.04597 ], [ -92.128481, 39.048504 ], [ -92.130006, 39.050426 ], [ -92.131885, 39.050782 ], [ -92.130975, 39.055272 ], [ -92.132577, 39.059393 ], [ -92.130935, 39.061273 ], [ -92.130143, 39.060844 ], [ -92.12958, 39.062488 ], [ -92.131512, 39.064484 ], [ -92.110387, 39.064204 ], [ -92.091254, 39.064297 ], [ -92.047924, 39.063426 ], [ -92.046523, 39.0633 ], [ -92.033373, 39.062992 ], [ -92.03317, 39.063034 ], [ -91.976453, 39.062044 ], [ -91.966549, 39.062012 ], [ -91.937252, 39.061905 ], [ -91.928611, 39.06187 ], [ -91.909322, 39.061803 ], [ -91.901007, 39.061748 ], [ -91.863324, 39.061531 ], [ -91.804064, 39.060937 ], [ -91.774466, 39.060786 ], [ -91.752994, 39.060224 ], [ -91.750481, 39.06007 ], [ -91.745579, 39.059991 ], [ -91.744934, 39.060092 ], [ -91.723468, 39.059947 ], [ -91.711253, 39.059868 ], [ -91.650017, 39.059081 ], [ -91.648368, 39.059166 ], [ -91.633998, 39.059057 ], [ -91.63529, 39.029154 ], [ -91.635243, 39.028191 ], [ -91.635845, 39.013944 ], [ -91.635867, 39.013502 ], [ -91.636901, 38.985037 ], [ -91.636702, 38.984474 ], [ -91.638403, 38.953785 ], [ -91.638708, 38.946858 ], [ -91.639059, 38.939324 ], [ -91.640133, 38.901746 ], [ -91.641001, 38.875066 ], [ -91.641589, 38.867459 ], [ -91.641427, 38.863514 ], [ -91.64231, 38.843688 ], [ -91.64233, 38.841775 ], [ -91.64252, 38.840861 ], [ -91.643419, 38.820798 ], [ -91.64345, 38.820176 ], [ -91.644292, 38.799467 ], [ -91.644255, 38.798251 ], [ -91.645137, 38.769387 ], [ -91.645021, 38.76758 ], [ -91.64551, 38.750089 ], [ -91.647163, 38.730627 ], [ -91.646421, 38.716178 ], [ -91.647171, 38.703396 ], [ -91.653362, 38.702122 ], [ -91.656301, 38.701774 ], [ -91.665498, 38.701983 ], [ -91.67647, 38.703377 ], [ -91.682681, 38.704602 ], [ -91.690021, 38.706897 ], [ -91.695075, 38.707501 ], [ -91.702039, 38.70777 ], [ -91.717561, 38.707439 ], [ -91.726221, 38.706721 ], [ -91.732286, 38.705891 ], [ -91.734356, 38.704879 ], [ -91.736566, 38.702571 ], [ -91.741249, 38.699311 ], [ -91.750174, 38.692006 ], [ -91.751946, 38.690212 ], [ -91.754931, 38.688007 ], [ -91.759726, 38.685157 ], [ -91.773087, 38.682938 ], [ -91.777985, 38.6823 ], [ -91.781863, 38.682147 ], [ -91.788001, 38.682658 ], [ -91.801411, 38.683101 ], [ -91.809414, 38.682442 ], [ -91.814436, 38.681835 ], [ -91.821484, 38.680021 ], [ -91.822208, 38.679852 ], [ -91.833296, 38.676148 ], [ -91.841696, 38.673462 ], [ -91.854867, 38.670336 ], [ -91.86057, 38.668174 ], [ -91.864169, 38.666367 ], [ -91.869489, 38.66394 ], [ -91.877356, 38.657743 ], [ -91.881916, 38.652713 ], [ -91.885226, 38.648217 ], [ -91.889147, 38.640439 ], [ -91.891493, 38.63649 ], [ -91.892696, 38.635084 ], [ -91.893749, 38.634087 ], [ -91.904394, 38.626121 ], [ -91.906279, 38.625041 ], [ -91.91082, 38.621459 ], [ -91.913013, 38.619893 ], [ -91.92062, 38.615424 ], [ -91.932193, 38.60592 ], [ -91.943936, 38.597075 ], [ -91.945815, 38.596147 ], [ -91.949235, 38.595123 ], [ -91.952121, 38.594605 ], [ -91.957513, 38.594134 ], [ -91.967735, 38.592602 ], [ -91.973021, 38.591246 ], [ -91.977454, 38.589616 ], [ -91.982025, 38.587638 ], [ -91.991718, 38.582272 ], [ -92.005643, 38.572663 ], [ -92.008983, 38.5709 ], [ -92.015617, 38.567398 ], [ -92.025774, 38.564565 ], [ -92.037278, 38.562448 ], [ -92.037954, 38.562307 ], [ -92.052652, 38.559053 ], [ -92.058876, 38.55774 ], [ -92.061496, 38.557533 ], [ -92.068099, 38.557412 ], [ -92.079176, 38.558223 ], [ -92.084724, 38.558834 ], [ -92.098096, 38.559854 ], [ -92.110571, 38.561664 ], [ -92.115497, 38.562695 ], [ -92.124429, 38.564976 ], [ -92.137908, 38.569057 ], [ -92.139025, 38.569407 ], [ -92.14437, 38.572248 ], [ -92.14751, 38.573415 ], [ -92.158597, 38.576779 ], [ -92.160233, 38.577461 ], [ -92.164065, 38.580052 ], [ -92.169328, 38.58166 ], [ -92.17848, 38.587392 ], [ -92.185812, 38.591283 ], [ -92.186632, 38.591861 ], [ -92.198884, 38.600095 ], [ -92.200721, 38.601668 ], [ -92.201953, 38.603751 ], [ -92.202491, 38.604949 ], [ -92.203038, 38.605272 ], [ -92.203492, 38.608348 ], [ -92.203492, 38.611754 ], [ -92.202325, 38.617633 ], [ -92.202372, 38.623139 ], [ -92.203072, 38.626639 ], [ -92.204751, 38.630279 ], [ -92.208287, 38.635534 ], [ -92.209829, 38.637219 ], [ -92.215746, 38.641285 ], [ -92.220661, 38.643167 ], [ -92.220161, 38.657925 ], [ -92.22013, 38.658228 ], [ -92.219099, 38.671871 ], [ -92.218365, 38.687004 ], [ -92.21846, 38.689051 ], [ -92.221276, 38.690196 ], [ -92.223619, 38.693591 ], [ -92.226091, 38.697852 ], [ -92.225384, 38.699469 ] ] ] ] } },
{ "type": "Feature", "properties": { "STATEFP": "29", "COUNTYFP": "069", "COUNTYNS": "00758489", "GEOIDFQ": "0500000US29069", "GEOID": "29069", "NAME": "Dunklin", "NAMELSAD": "Dunklin County", "STUSPS": "MO", "STATE_NAME": "Missouri", "LSAD": "06", "ALAND": 1403538813.0, "AWATER": 13708531.0 }, "geometry": { "type": "MultiPolygon", "coordinates": [ [ [ [ -90.377863839032202, 35.995717872220197 ], [ -90.36443, 36.013625 ], [ -90.35739, 36.01825 ], [ -90.351732, 36.025347 ], [ -90.35131, 36.02688 ], [ -90.351818, 36.028436 ], [ -90.350974, 36.031572 ], [ -90.348297, 36.035074 ], [ -90.34909, 36.040131 ], [ -90.347908, 36.041939 ], [ -90.343311421482298, 36.044715193890497 ], [ -90.339343, 36.047112 ], [ -90.337146, 36.047754 ], [ -90.335466, 36.061714 ], [ -90.333261, 36.067504 ], [ -90.320746, 36.071326 ], [ -90.318491, 36.075514 ], [ -90.318378, 36.076658 ], [ -90.318745, 36.079313 ], [ -90.32007, 36.081234 ], [ -90.320662, 36.087138 ], [ -90.319168, 36.089976 ], [ -90.312373, 36.094507 ], [ -90.306255, 36.094758 ], [ -90.29991, 36.098236 ], [ -90.297991, 36.103201 ], [ -90.297878, 36.104826 ], [ -90.298413, 36.106748 ], [ -90.294492, 36.112949 ], [ -90.293109, 36.114368 ], [ -90.278724, 36.117406 ], [ -90.272378, 36.11809 ], [ -90.266256, 36.120559 ], [ -90.260645, 36.127409 ], [ -90.258755, 36.127591 ], [ -90.255596, 36.127086 ], [ -90.253198, 36.127383 ], [ -90.248808, 36.129835 ], [ -90.248538263155496, 36.1301213170861 ], [ -90.245961, 36.132857 ], [ -90.244317, 36.136502 ], [ -90.240887, 36.137321 ], [ -90.235585, 36.139474 ], [ -90.234205055067093, 36.142061684306199 ], [ -90.231386, 36.147348 ], [ -90.231445, 36.153868 ], [ -90.23537, 36.159153 ], [ -90.230324, 36.167072 ], [ -90.231284, 36.169246 ], [ -90.229339, 36.17364 ], [ -90.220425, 36.184764 ], [ -90.21574, 36.184582 ], [ -90.213509, 36.183232 ], [ -90.21128, 36.183392 ], [ -90.205259246381999, 36.186519160567499 ], [ -90.204449, 36.18694 ], [ -90.200582, 36.192181 ], [ -90.201712, 36.193187 ], [ -90.201655, 36.19607 ], [ -90.199905, 36.196848 ], [ -90.197167, 36.196002 ], [ -90.195247, 36.200257 ], [ -90.194259, 36.200692 ], [ -90.193017, 36.20044 ], [ -90.190359814814798, 36.201384 ], [ -90.190053, 36.201493 ], [ -90.188189, 36.20536 ], [ -90.18579, 36.204674 ], [ -90.182853, 36.205108 ], [ -90.179695, 36.208262 ], [ -90.173281, 36.210301 ], [ -90.167745, 36.21332 ], [ -90.161166, 36.215767 ], [ -90.159415, 36.215424 ], [ -90.157383, 36.213821 ], [ -90.15614, 36.213706 ], [ -90.152497, 36.215582 ], [ -90.151422, 36.219174 ], [ -90.14224, 36.227522 ], [ -90.138089, 36.227245 ], [ -90.134785, 36.226397 ], [ -90.132356, 36.226442 ], [ -90.126366, 36.229367 ], [ -90.124673, 36.233787 ], [ -90.12466, 36.235549 ], [ -90.127264, 36.236347 ], [ -90.127318689024193, 36.236422988959902 ], [ -90.130114, 36.240307 ], [ -90.130565, 36.242092 ], [ -90.129716, 36.243235 ], [ -90.125958, 36.243416 ], [ -90.124476, 36.244198 ], [ -90.118219, 36.253491 ], [ -90.116707626253003, 36.259039579870802 ], [ -90.114922, 36.265595 ], [ -90.112945, 36.266557 ], [ -90.110317, 36.26697 ], [ -90.105231, 36.266835 ], [ -90.100175, 36.268988 ], [ -90.091247, 36.271256 ], [ -90.087913, 36.271447970267999 ], [ -90.086471, 36.271531 ], [ -90.083731, 36.272332 ], [ -90.075934, 36.281485 ], [ -90.077790791418707, 36.288315126633499 ], [ -90.0778, 36.288349 ], [ -90.071714921149294, 36.293366133709597 ], [ -90.070085, 36.29471 ], [ -90.06398, 36.303038 ], [ -90.0672199273871, 36.3092371346184 ], [ -90.069266, 36.313152 ], [ -90.076504, 36.319237 ], [ -90.077296, 36.319329 ], [ -90.079077, 36.318414 ], [ -90.079981, 36.318619 ], [ -90.081961, 36.322097 ], [ -90.081425, 36.325644 ], [ -90.07888, 36.327977 ], [ -90.076986, 36.330791 ], [ -90.075572, 36.33404 ], [ -90.075884, 36.335184 ], [ -90.078231, 36.336511 ], [ -90.077185, 36.341339 ], [ -90.075064, 36.341774 ], [ -90.074074, 36.342895 ], [ -90.074668, 36.344794 ], [ -90.077695, 36.348478 ], [ -90.077723, 36.349484 ], [ -90.075376, 36.350148 ], [ -90.070653, 36.356097 ], [ -90.066297, 36.3593 ], [ -90.064956017749196, 36.366925652184499 ], [ -90.063891, 36.372982 ], [ -90.064514, 36.382085 ], [ -90.068907, 36.38866 ], [ -90.072897, 36.393007 ], [ -90.074227, 36.393304 ], [ -90.076689, 36.395867 ], [ -90.0773716635467, 36.396986058457699 ], [ -90.077587798632507, 36.397340358605902 ], [ -90.078671, 36.399116 ], [ -90.080426, 36.400763 ], [ -90.094353, 36.403963 ], [ -90.103644, 36.40472 ], [ -90.104374783489007, 36.404639190408901 ], [ -90.109495, 36.404073 ], [ -90.114677, 36.406039 ], [ -90.115839, 36.408235 ], [ -90.119898957748703, 36.410187487707901 ], [ -90.121445, 36.410931 ], [ -90.128719, 36.411659 ], [ -90.131038, 36.415069 ], [ -90.135002, 36.413721 ], [ -90.138512, 36.413952 ], [ -90.138653, 36.414547 ], [ -90.136218, 36.415346 ], [ -90.134915, 36.416902 ], [ -90.134750393961795, 36.418327863708001 ], [ -90.134231, 36.422827 ], [ -90.134797, 36.42324 ], [ -90.13559, 36.422897 ], [ -90.137771, 36.421205 ], [ -90.139499, 36.421457 ], [ -90.143743, 36.424433 ], [ -90.144139, 36.425806 ], [ -90.143798, 36.428483 ], [ -90.14272, 36.43116 ], [ -90.139039, 36.431273 ], [ -90.137565, 36.431913 ], [ -90.134136, 36.436602 ], [ -90.133993, 36.437906 ], [ -90.136029, 36.442941 ], [ -90.136853895504203, 36.450890340755201 ], [ -90.137323, 36.455411 ], [ -90.140041, 36.457883 ], [ -90.141399, 36.459874 ], [ -90.141568, 36.460766 ], [ -90.141146747605802, 36.461690590372598 ], [ -90.141101, 36.461791 ], [ -90.14153, 36.462993 ], [ -90.142475, 36.463422 ], [ -90.143162, 36.46368 ], [ -90.143849, 36.46325 ], [ -90.14462, 36.462789 ], [ -90.155804, 36.463555 ], [ -90.1557, 36.466103 ], [ -90.152888, 36.47093 ], [ -90.146327, 36.46952 ], [ -90.142222, 36.470554 ], [ -90.142269, 36.472138 ], [ -90.143683, 36.476029 ], [ -90.145382, 36.47651 ], [ -90.148329, 36.476168 ], [ -90.158838, 36.479558 ], [ -90.159376, 36.480084 ], [ -90.15946, 36.481343 ], [ -90.157136, 36.484317 ], [ -90.159305, 36.485834 ], [ -90.159462, 36.487609 ], [ -90.156369, 36.487748 ], [ -90.155997, 36.490385 ], [ -90.158568, 36.491574 ], [ -90.159305, 36.492446 ], [ -90.159048, 36.493734 ], [ -90.157358, 36.494223 ], [ -90.155012, 36.493648 ], [ -90.153871, 36.495344 ], [ -90.154409, 36.496832 ], [ -90.152481, 36.497952 ], [ -90.193943, 36.497823 ], [ -90.217323, 36.497797 ], [ -90.217694256634303, 36.497803702176597 ], [ -90.217941, 36.500428 ], [ -90.217057, 36.502693 ], [ -90.218894, 36.502935 ], [ -90.219131, 36.504868 ], [ -90.216544, 36.506458 ], [ -90.216779, 36.507701 ], [ -90.218656, 36.508228 ], [ -90.220835, 36.507799 ], [ -90.219504, 36.509976 ], [ -90.218367, 36.513395 ], [ -90.216583, 36.515651 ], [ -90.218834, 36.518512 ], [ -90.219942, 36.522033 ], [ -90.218011, 36.521848 ], [ -90.215312, 36.522939 ], [ -90.21364, 36.522908 ], [ -90.214704, 36.524445 ], [ -90.216717, 36.52588 ], [ -90.217065, 36.527377 ], [ -90.215349, 36.529705 ], [ -90.212344, 36.528676 ], [ -90.209458, 36.530121 ], [ -90.206791, 36.528819 ], [ -90.205234, 36.530316 ], [ -90.205875, 36.531556 ], [ -90.208406, 36.531199 ], [ -90.208847, 36.533111 ], [ -90.211572, 36.534372 ], [ -90.211815, 36.537306 ], [ -90.209697, 36.537326 ], [ -90.208516, 36.539473 ], [ -90.209954, 36.542034 ], [ -90.207358, 36.544094 ], [ -90.205264, 36.54511 ], [ -90.204358, 36.54479 ], [ -90.204222, 36.540923 ], [ -90.200122, 36.541266 ], [ -90.199519, 36.541715 ], [ -90.200004, 36.545085 ], [ -90.198314, 36.546818 ], [ -90.198155, 36.548468 ], [ -90.196032, 36.547598 ], [ -90.194716, 36.547773 ], [ -90.191254, 36.54968 ], [ -90.190025, 36.548234 ], [ -90.190997, 36.547188 ], [ -90.193689, 36.547067 ], [ -90.1936, 36.54551 ], [ -90.192074, 36.543889 ], [ -90.189113, 36.544473 ], [ -90.188328, 36.546347 ], [ -90.185666, 36.548485 ], [ -90.187113, 36.550887 ], [ -90.187081, 36.553728 ], [ -90.188546, 36.554623 ], [ -90.187402, 36.557282 ], [ -90.184217, 36.560689 ], [ -90.182838, 36.560401 ], [ -90.182802, 36.561768 ], [ -90.184347, 36.564388 ], [ -90.184228, 36.565808 ], [ -90.18068, 36.569487 ], [ -90.183837, 36.571097 ], [ -90.185088, 36.573417 ], [ -90.184687, 36.574334 ], [ -90.182981, 36.574827 ], [ -90.18257, 36.576055 ], [ -90.186924, 36.577234 ], [ -90.187633, 36.578752 ], [ -90.185675, 36.580544 ], [ -90.182372, 36.580985 ], [ -90.180791, 36.582121 ], [ -90.180878, 36.58325 ], [ -90.182166, 36.58318 ], [ -90.183958, 36.582091 ], [ -90.185145, 36.58223 ], [ -90.185038, 36.584621 ], [ -90.186631, 36.586416 ], [ -90.186992, 36.587629 ], [ -90.185693, 36.588392 ], [ -90.182767, 36.587962 ], [ -90.181051, 36.588138 ], [ -90.181044, 36.588857 ], [ -90.182921, 36.590172 ], [ -90.184231, 36.590279 ], [ -90.182544, 36.59256 ], [ -90.181673, 36.596704 ], [ -90.179613, 36.597271 ], [ -90.179704, 36.594551 ], [ -90.175915, 36.592736 ], [ -90.173677, 36.593285 ], [ -90.176103, 36.595889 ], [ -90.176054, 36.596841 ], [ -90.17452, 36.596936 ], [ -90.174842, 36.598822 ], [ -90.176423, 36.599155 ], [ -90.17725, 36.600208 ], [ -90.177413, 36.602322 ], [ -90.176262, 36.605173 ], [ -90.174437, 36.606335 ], [ -90.173494, 36.60522 ], [ -90.175798, 36.602868 ], [ -90.175853, 36.600697 ], [ -90.170275, 36.602156 ], [ -90.17001, 36.604344 ], [ -90.168615, 36.605392 ], [ -90.16429, 36.604151 ], [ -90.162911, 36.604213 ], [ -90.161902, 36.60587 ], [ -90.162473, 36.60762 ], [ -90.166025, 36.609654 ], [ -90.167567, 36.610075 ], [ -90.166629, 36.611975 ], [ -90.167001, 36.613751 ], [ -90.168559, 36.614975 ], [ -90.165079, 36.616653 ], [ -90.163489, 36.619239 ], [ -90.162033, 36.618697 ], [ -90.161886, 36.614431 ], [ -90.160459, 36.613219 ], [ -90.158765, 36.614202 ], [ -90.156044, 36.617174 ], [ -90.156721, 36.618316 ], [ -90.159786, 36.619679 ], [ -90.161152, 36.621536 ], [ -90.160677, 36.622527 ], [ -90.157856, 36.620763 ], [ -90.157134, 36.619372 ], [ -90.15472, 36.619719 ], [ -90.156365, 36.620552 ], [ -90.15643, 36.624028 ], [ -90.156997, 36.626355 ], [ -90.156243, 36.626275 ], [ -90.155453, 36.624981 ], [ -90.153389, 36.623801 ], [ -90.152859, 36.62252 ], [ -90.151616, 36.621839 ], [ -90.149336, 36.622032 ], [ -90.147636, 36.623514 ], [ -90.147281, 36.625118 ], [ -90.148934, 36.627896 ], [ -90.150254, 36.627604 ], [ -90.151347, 36.626116 ], [ -90.153105, 36.626509 ], [ -90.155331, 36.628694 ], [ -90.155472, 36.629835 ], [ -90.154379, 36.630413 ], [ -90.153878, 36.628825 ], [ -90.151484, 36.62849 ], [ -90.151223, 36.630208 ], [ -90.150159, 36.630334 ], [ -90.148054, 36.629024 ], [ -90.146558, 36.629591 ], [ -90.146496, 36.630416 ], [ -90.148398, 36.630656 ], [ -90.137932, 36.630675 ], [ -90.137928, 36.631212 ], [ -90.083548, 36.630696 ], [ -90.055028, 36.630249 ], [ -90.051971, 36.630345 ], [ -90.033313, 36.630142 ], [ -90.028801, 36.630092 ], [ -90.019817, 36.629943 ], [ -89.992353, 36.629621 ], [ -89.969579, 36.629417 ], [ -89.958786, 36.629331 ], [ -89.963284, 36.625471 ], [ -89.963591, 36.620738 ], [ -89.963436, 36.617381 ], [ -89.962809, 36.615751 ], [ -89.963601, 36.613435 ], [ -89.962712, 36.611881 ], [ -89.962148, 36.60863 ], [ -89.962701, 36.606847 ], [ -89.962553, 36.605089 ], [ -89.963248, 36.601212 ], [ -89.962716, 36.600268 ], [ -89.961557, 36.596877 ], [ -89.960432, 36.595677 ], [ -89.958804, 36.589562 ], [ -89.957937, 36.588265 ], [ -89.957613, 36.584808 ], [ -89.958715, 36.582021 ], [ -89.95796, 36.580089 ], [ -89.957189, 36.574107 ], [ -89.957389, 36.570958 ], [ -89.957009, 36.565453 ], [ -89.956415, 36.562454 ], [ -89.95659, 36.561313 ], [ -89.956988, 36.56085 ], [ -89.956391, 36.556841 ], [ -89.956021, 36.555294 ], [ -89.955734, 36.552954 ], [ -89.955645, 36.552241 ], [ -89.953996, 36.550114 ], [ -89.95387, 36.545644 ], [ -89.95488, 36.543626 ], [ -89.957025, 36.541283 ], [ -89.956802, 36.539526 ], [ -89.957514, 36.537055 ], [ -89.95646, 36.534932 ], [ -89.958988, 36.531656 ], [ -89.960492, 36.527459 ], [ -89.95911, 36.523908 ], [ -89.96031, 36.521736 ], [ -89.960284, 36.51941 ], [ -89.958972, 36.515292 ], [ -89.958972, 36.512624 ], [ -89.958759, 36.505438 ], [ -89.959688, 36.504404 ], [ -89.959633, 36.501361 ], [ -89.960766, 36.500059 ], [ -89.959928, 36.498126 ], [ -89.957948, 36.49507 ], [ -89.957587, 36.485623 ], [ -89.956678, 36.482172 ], [ -89.956629, 36.480619 ], [ -89.957922, 36.47741 ], [ -89.958081, 36.47517 ], [ -89.957594, 36.472393 ], [ -89.960056, 36.468792 ], [ -89.960839, 36.466757 ], [ -89.96068, 36.463284 ], [ -89.957425, 36.460158 ], [ -89.957316, 36.459242 ], [ -89.957307, 36.455466 ], [ -89.959083, 36.449063 ], [ -89.958821, 36.447309 ], [ -89.961583, 36.443976 ], [ -89.962426, 36.442331 ], [ -89.961748, 36.437736 ], [ -89.963381, 36.433093 ], [ -89.963174, 36.42788 ], [ -89.964947, 36.422304 ], [ -89.965302, 36.419371 ], [ -89.966134, 36.415846 ], [ -89.963727, 36.413632 ], [ -89.963539, 36.412378 ], [ -89.964002, 36.410715 ], [ -89.966836, 36.408105 ], [ -89.968188, 36.404508 ], [ -89.96807, 36.40173 ], [ -89.970315, 36.397161 ], [ -89.971289, 36.393135 ], [ -89.972478, 36.389597 ], [ -89.969491, 36.389543 ], [ -89.96131, 36.388803 ], [ -89.96117, 36.366871 ], [ -89.96112, 36.349382 ], [ -89.960946, 36.323105 ], [ -89.960856, 36.30862 ], [ -89.961697, 36.293971 ], [ -89.961535, 36.268193 ], [ -89.961393, 36.23547 ], [ -89.961392, 36.235376 ], [ -89.961391, 36.23515 ], [ -89.959354, 36.155586 ], [ -89.959254, 36.153786 ], [ -89.959423, 36.152917 ], [ -89.959197, 36.146647 ], [ -89.959761, 36.146759 ], [ -89.959559, 36.132525 ], [ -89.959557, 36.132387 ], [ -89.959271, 36.052954 ], [ -89.959147, 36.001234 ], [ -89.959379, 36.000371 ], [ -89.959377, 35.99902 ], [ -89.959893, 35.99902 ], [ -89.961075, 35.999135 ], [ -89.965327, 35.998813 ], [ -89.972563, 35.998994 ], [ -89.995532413879104, 35.998845103594498 ], [ -89.995635699855896, 35.998844434055798 ], [ -90.054691112493799, 35.9984616145939 ], [ -90.103842, 35.998143 ], [ -90.119344377281806, 35.997766253937598 ], [ -90.119590327644204, 35.997760276736201 ], [ -90.12635, 35.997596 ], [ -90.127331, 35.997635 ], [ -90.158812, 35.997375 ], [ -90.186071944743702, 35.997174516054002 ], [ -90.195031202953103, 35.9971086249652 ], [ -90.247733322620803, 35.996721025906801 ], [ -90.248310564469193, 35.996716780567198 ], [ -90.2888, 35.996419 ], [ -90.289076051073096, 35.996417301699204 ], [ -90.292376, 35.996397 ], [ -90.339434, 35.996033 ], [ -90.342616, 35.995895 ], [ -90.368718, 35.995812 ], [ -90.37789, 35.995683 ], [ -90.377863839032202, 35.995717872220197 ] ] ] ] } },
{ "type": "Feature", "properties": { "STATEFP": "29", "COUNTYFP": "207", "COUNTYNS": "00758556", "GEOIDFQ": "0500000US29207", "GEOID": "29207", "NAME": "Stoddard", "NAMELSAD": "Stoddard County", "STUSPS": "MO", "STATE_NAME": "Missouri", "LSAD": "06", "ALAND": 2131929142.0, "AWATER": 15025824.0 }, "geometry": { "type": "MultiPolygon", "coordinates": [ [ [ [ -90.259757, 36.907633 ], [ -90.25697, 36.909198 ], [ -90.252682, 36.908567 ], [ -90.250575, 36.908775 ], [ -90.248465, 36.910832 ], [ -90.249316, 36.911331 ], [ -90.25224, 36.911546 ], [ -90.255562, 36.911238 ], [ -90.25755, 36.912049 ], [ -90.258546, 36.913396 ], [ -90.259362, 36.919014 ], [ -90.258563, 36.922043 ], [ -90.249891, 36.921436 ], [ -90.24181, 36.921807 ], [ -90.24164, 36.935945 ], [ -90.223603, 36.935756 ], [ -90.223011, 36.964649 ], [ -90.216716, 36.964614 ], [ -90.205175, 36.964552 ], [ -90.204884, 36.978777 ], [ -90.186577, 36.978683 ], [ -90.186565, 36.987549 ], [ -90.186327, 36.993345 ], [ -90.168461, 36.993195 ], [ -90.167902, 36.997188 ], [ -90.167874, 37.007651 ], [ -90.149447, 37.007444 ], [ -90.14852, 37.04144 ], [ -90.129615, 37.041599 ], [ -90.111247, 37.041205 ], [ -90.091583, 37.041001 ], [ -90.076733, 37.040848 ], [ -90.073162, 37.040926 ], [ -90.040834, 37.040602 ], [ -90.036123, 37.040543 ], [ -90.002506, 37.040359 ], [ -90.000095, 37.040019 ], [ -89.99572, 37.04011 ], [ -89.995852, 37.054734 ], [ -89.959196, 37.05438 ], [ -89.959235, 37.079822 ], [ -89.959416, 37.098356 ], [ -89.959574, 37.127251 ], [ -89.95771, 37.127327 ], [ -89.957503, 37.127298 ], [ -89.947844, 37.127222 ], [ -89.94556, 37.127034 ], [ -89.880037, 37.126441 ], [ -89.866627, 37.126227 ], [ -89.865532, 37.126305 ], [ -89.821758, 37.126085 ], [ -89.818061, 37.126069 ], [ -89.765211, 37.126066 ], [ -89.764352, 37.122619 ], [ -89.765492, 37.12082 ], [ -89.765567, 37.118597 ], [ -89.769295, 37.113001 ], [ -89.771588, 37.11359 ], [ -89.772776, 37.112673 ], [ -89.771926, 37.111782 ], [ -89.77153, 37.10879 ], [ -89.773074, 37.107252 ], [ -89.775516, 37.103303 ], [ -89.775095, 37.099719 ], [ -89.773952, 37.099357 ], [ -89.774523, 37.097272 ], [ -89.776142, 37.097098 ], [ -89.776702, 37.096825 ], [ -89.777009, 37.096427 ], [ -89.778602, 37.095349 ], [ -89.778762, 37.094979 ], [ -89.778491, 37.09327 ], [ -89.778871, 37.092728 ], [ -89.780267, 37.091531 ], [ -89.783148, 37.091368 ], [ -89.785628, 37.08916 ], [ -89.786819, 37.087824 ], [ -89.785769, 37.085547 ], [ -89.78587, 37.083424 ], [ -89.783508, 37.080907 ], [ -89.781671, 37.080637 ], [ -89.781602, 37.078959 ], [ -89.779436, 37.077857 ], [ -89.778079, 37.075948 ], [ -89.778949, 37.074763 ], [ -89.778953, 37.072108 ], [ -89.775909, 37.06898 ], [ -89.776507, 37.068352 ], [ -89.774563, 37.0654 ], [ -89.773473, 37.064973 ], [ -89.773104, 37.062026 ], [ -89.772067, 37.062282 ], [ -89.769667, 37.059366 ], [ -89.77032, 37.056463 ], [ -89.768878, 37.055887 ], [ -89.769075, 37.054576 ], [ -89.766423, 37.050702 ], [ -89.762996, 37.04889 ], [ -89.762471, 37.050106 ], [ -89.760166, 37.050545 ], [ -89.759371, 37.051712 ], [ -89.758104, 37.051643 ], [ -89.758613, 37.050673 ], [ -89.75689, 37.04965 ], [ -89.757786, 37.049098 ], [ -89.757618, 37.047222 ], [ -89.758573, 37.046975 ], [ -89.756529, 37.04583 ], [ -89.756469, 37.044382 ], [ -89.758288, 37.041862 ], [ -89.758394, 37.038338 ], [ -89.757557, 37.036305 ], [ -89.756241, 37.036145 ], [ -89.754469, 37.037944 ], [ -89.75227, 37.035759 ], [ -89.753896, 37.032446 ], [ -89.753858, 37.029897 ], [ -89.751687, 37.028951 ], [ -89.750179, 37.029594 ], [ -89.749617, 37.028646 ], [ -89.746269, 37.027757 ], [ -89.745708, 37.026626 ], [ -89.746613, 37.024987 ], [ -89.745675, 37.024255 ], [ -89.74664, 37.023388 ], [ -89.744694, 37.020749 ], [ -89.743513, 37.019788 ], [ -89.742277, 37.016981 ], [ -89.738508, 37.014353 ], [ -89.739795, 37.013653 ], [ -89.738332, 37.013154 ], [ -89.735642, 37.01063 ], [ -89.73593, 37.009015 ], [ -89.737091, 37.007186 ], [ -89.73605, 37.005901 ], [ -89.73432, 37.005268 ], [ -89.733297, 37.003054 ], [ -89.731917, 37.003267 ], [ -89.729775, 37.001258 ], [ -89.729967, 36.999896 ], [ -89.72849, 36.999291 ], [ -89.728447, 36.998467 ], [ -89.726545, 36.997012 ], [ -89.726212, 36.994651 ], [ -89.725371, 36.993882 ], [ -89.723441, 36.993574 ], [ -89.723847, 36.991391 ], [ -89.721203, 36.990054 ], [ -89.72237, 36.987923 ], [ -89.720028, 36.986837 ], [ -89.72048, 36.984449 ], [ -89.718908, 36.982214 ], [ -89.720516, 36.981306 ], [ -89.720956, 36.979433 ], [ -89.722724, 36.979183 ], [ -89.721597, 36.977362 ], [ -89.720529, 36.976697 ], [ -89.72247, 36.975812 ], [ -89.720943, 36.974898 ], [ -89.718071, 36.974768 ], [ -89.719678, 36.973609 ], [ -89.718746, 36.971067 ], [ -89.720345, 36.970899 ], [ -89.720586, 36.969043 ], [ -89.717633, 36.965892 ], [ -89.716695, 36.961663 ], [ -89.71582, 36.961014 ], [ -89.715201, 36.957943 ], [ -89.715651, 36.957118 ], [ -89.714885, 36.952125 ], [ -89.713213, 36.953212 ], [ -89.71219, 36.952905 ], [ -89.712132, 36.950278 ], [ -89.709491, 36.948224 ], [ -89.709643, 36.946772 ], [ -89.708417, 36.947206 ], [ -89.703127, 36.947544 ], [ -89.70144, 36.945881 ], [ -89.699909, 36.945241 ], [ -89.699227, 36.943123 ], [ -89.697244, 36.940245 ], [ -89.695122, 36.938675 ], [ -89.693943, 36.94072 ], [ -89.692249, 36.940651 ], [ -89.69173, 36.938869 ], [ -89.693288, 36.938101 ], [ -89.690992, 36.93649 ], [ -89.692609, 36.935407 ], [ -89.690799, 36.932466 ], [ -89.688931, 36.93208 ], [ -89.689159, 36.93007 ], [ -89.6867, 36.928047 ], [ -89.689619, 36.925771 ], [ -89.689802, 36.924113 ], [ -89.687489, 36.922642 ], [ -89.686719, 36.923902 ], [ -89.68467, 36.922976 ], [ -89.685544, 36.921917 ], [ -89.688527, 36.921026 ], [ -89.688424, 36.920052 ], [ -89.686554, 36.91952 ], [ -89.686862, 36.918596 ], [ -89.689154, 36.917979 ], [ -89.68969, 36.91613 ], [ -89.68868, 36.914417 ], [ -89.687084, 36.914001 ], [ -89.689051, 36.912513 ], [ -89.690532, 36.913376 ], [ -89.690504, 36.911485 ], [ -89.691602, 36.910288 ], [ -89.690145, 36.909058 ], [ -89.691962, 36.908106 ], [ -89.691298, 36.906747 ], [ -89.691791, 36.904296 ], [ -89.691291, 36.903343 ], [ -89.692861, 36.90229 ], [ -89.69189, 36.9015 ], [ -89.692144, 36.900326 ], [ -89.693774, 36.89964 ], [ -89.691943, 36.89602 ], [ -89.691127, 36.8954 ], [ -89.691456, 36.892255 ], [ -89.688725, 36.888964 ], [ -89.688405, 36.887795 ], [ -89.686683, 36.887022 ], [ -89.686614, 36.884797 ], [ -89.687166, 36.884513 ], [ -89.689729, 36.885991 ], [ -89.689607, 36.883769 ], [ -89.691458, 36.883532 ], [ -89.69354, 36.88058 ], [ -89.692167, 36.878716 ], [ -89.694222, 36.87826 ], [ -89.695634, 36.876435 ], [ -89.696754, 36.876701 ], [ -89.697324, 36.874127 ], [ -89.696118, 36.872082 ], [ -89.693815, 36.869804 ], [ -89.69216, 36.869527 ], [ -89.689813, 36.868132 ], [ -89.691661, 36.86737 ], [ -89.692388, 36.865992 ], [ -89.689721, 36.863989 ], [ -89.689556, 36.862972 ], [ -89.691939, 36.862566 ], [ -89.691603, 36.859517 ], [ -89.704833, 36.859285 ], [ -89.70417, 36.83932 ], [ -89.702265, 36.786469 ], [ -89.702268, 36.786213 ], [ -89.701091, 36.757352 ], [ -89.700145, 36.742915 ], [ -89.700104, 36.740265 ], [ -89.702677, 36.739077 ], [ -89.702564, 36.735042 ], [ -89.702017, 36.715521 ], [ -89.701247, 36.686364 ], [ -89.701371, 36.683503 ], [ -89.700936, 36.682411 ], [ -89.701226, 36.657311 ], [ -89.70078, 36.655513 ], [ -89.700952, 36.627453 ], [ -89.70145, 36.627455 ], [ -89.810327, 36.627536 ], [ -89.810318, 36.627949 ], [ -89.828746, 36.627375 ], [ -89.846579, 36.627681 ], [ -89.86491, 36.627689 ], [ -89.918915, 36.628243 ], [ -89.919381, 36.6284 ], [ -89.940731, 36.628629 ], [ -89.958786, 36.629331 ], [ -89.969579, 36.629417 ], [ -89.992353, 36.629621 ], [ -90.019817, 36.629943 ], [ -90.028801, 36.630092 ], [ -90.033313, 36.630142 ], [ -90.051971, 36.630345 ], [ -90.055028, 36.630249 ], [ -90.083548, 36.630696 ], [ -90.137928, 36.631212 ], [ -90.137932, 36.630675 ], [ -90.148398, 36.630656 ], [ -90.149491, 36.631919 ], [ -90.149628, 36.633479 ], [ -90.147504, 36.633155 ], [ -90.144146, 36.6338 ], [ -90.144998, 36.635256 ], [ -90.143398, 36.636256 ], [ -90.142298, 36.638155 ], [ -90.144278, 36.640248 ], [ -90.145534, 36.640248 ], [ -90.14713, 36.639075 ], [ -90.1494, 36.640695 ], [ -90.142635, 36.641228 ], [ -90.140719, 36.640935 ], [ -90.138798, 36.642356 ], [ -90.139999, 36.645058 ], [ -90.139197, 36.647255 ], [ -90.139698, 36.648253 ], [ -90.144131, 36.648728 ], [ -90.144822, 36.649462 ], [ -90.143098, 36.652056 ], [ -90.143498, 36.653155 ], [ -90.14662, 36.656057 ], [ -90.14699, 36.657501 ], [ -90.144722, 36.656807 ], [ -90.142098, 36.657356 ], [ -90.140878, 36.659633 ], [ -90.137313, 36.659227 ], [ -90.135118, 36.660513 ], [ -90.134457, 36.662529 ], [ -90.136653, 36.663585 ], [ -90.137133, 36.664758 ], [ -90.136844, 36.667413 ], [ -90.138195, 36.667427 ], [ -90.140863, 36.666108 ], [ -90.142949, 36.666545 ], [ -90.143078, 36.668174 ], [ -90.141365, 36.668044 ], [ -90.139698, 36.669157 ], [ -90.140398, 36.670856 ], [ -90.142475, 36.671632 ], [ -90.146796, 36.671175 ], [ -90.149291, 36.672047 ], [ -90.148831, 36.673415 ], [ -90.146151, 36.67288 ], [ -90.144398, 36.673355 ], [ -90.147498, 36.675455 ], [ -90.149153, 36.677162 ], [ -90.149088, 36.67922 ], [ -90.146903, 36.678792 ], [ -90.143089, 36.679601 ], [ -90.142071, 36.680521 ], [ -90.144856, 36.681608 ], [ -90.147957, 36.681788 ], [ -90.149195, 36.684245 ], [ -90.145687, 36.685264 ], [ -90.144299, 36.686852 ], [ -90.141854, 36.686395 ], [ -90.139868, 36.686918 ], [ -90.139902, 36.68797 ], [ -90.141538, 36.688486 ], [ -90.142426, 36.689972 ], [ -90.14581, 36.691278 ], [ -90.146786, 36.693692 ], [ -90.143764, 36.693919 ], [ -90.140528, 36.693271 ], [ -90.13972, 36.693982 ], [ -90.139804, 36.696072 ], [ -90.141515, 36.698216 ], [ -90.143391, 36.69889 ], [ -90.144296, 36.69672 ], [ -90.146259, 36.695159 ], [ -90.147009, 36.695571 ], [ -90.145818, 36.698935 ], [ -90.150685, 36.699732 ], [ -90.153524, 36.702674 ], [ -90.152301, 36.705313 ], [ -90.152674, 36.707215 ], [ -90.148855, 36.70921 ], [ -90.148403, 36.710559 ], [ -90.149426, 36.71067 ], [ -90.150949, 36.709305 ], [ -90.1531, 36.709301 ], [ -90.15396, 36.710993 ], [ -90.151623, 36.716346 ], [ -90.152794, 36.717831 ], [ -90.15485, 36.715626 ], [ -90.155981, 36.716017 ], [ -90.157581, 36.719538 ], [ -90.15805, 36.722976 ], [ -90.163525, 36.724131 ], [ -90.164474, 36.72492 ], [ -90.161268, 36.725841 ], [ -90.162766, 36.727285 ], [ -90.165033, 36.731898 ], [ -90.162453, 36.734163 ], [ -90.166239, 36.735527 ], [ -90.169076, 36.735594 ], [ -90.168046, 36.737231 ], [ -90.168946, 36.74039 ], [ -90.168141, 36.742307 ], [ -90.171376, 36.741112 ], [ -90.173333, 36.741063 ], [ -90.177021, 36.742232 ], [ -90.178466, 36.744564 ], [ -90.177785, 36.745733 ], [ -90.176017, 36.744974 ], [ -90.174709, 36.745147 ], [ -90.17253, 36.747543 ], [ -90.172762, 36.748427 ], [ -90.175216, 36.747751 ], [ -90.17661, 36.748181 ], [ -90.175021, 36.751333 ], [ -90.175308, 36.751973 ], [ -90.177457, 36.751938 ], [ -90.179766, 36.752645 ], [ -90.181158, 36.754031 ], [ -90.184601, 36.755233 ], [ -90.18744, 36.755814 ], [ -90.186964, 36.757197 ], [ -90.183485, 36.757459 ], [ -90.1829, 36.759257 ], [ -90.184806, 36.76194 ], [ -90.189298, 36.762513 ], [ -90.190574, 36.76325 ], [ -90.190711, 36.76437 ], [ -90.189841, 36.767799 ], [ -90.188113, 36.769562 ], [ -90.189446, 36.772033 ], [ -90.19071, 36.772329 ], [ -90.191664, 36.770662 ], [ -90.193837, 36.769346 ], [ -90.196438, 36.769526 ], [ -90.197624, 36.770749 ], [ -90.198594, 36.773309 ], [ -90.200945, 36.773512 ], [ -90.204205, 36.772262 ], [ -90.206164, 36.77386 ], [ -90.205386, 36.775169 ], [ -90.201739, 36.776438 ], [ -90.200997, 36.77721 ], [ -90.202167, 36.779776 ], [ -90.201999, 36.78035 ], [ -90.200376, 36.782453 ], [ -90.20317, 36.785759 ], [ -90.203505, 36.786425 ], [ -90.201753, 36.78634 ], [ -90.200095, 36.786541 ], [ -90.199709, 36.787037 ], [ -90.201339, 36.790371 ], [ -90.202579, 36.79227 ], [ -90.202571, 36.793572 ], [ -90.200881, 36.794242 ], [ -90.199147, 36.792132 ], [ -90.198061, 36.791693 ], [ -90.197632, 36.792713 ], [ -90.199453, 36.795724 ], [ -90.20133, 36.797237 ], [ -90.201452, 36.798823 ], [ -90.203891, 36.801679 ], [ -90.203655, 36.803432 ], [ -90.199629, 36.802773 ], [ -90.198111, 36.803063 ], [ -90.197911, 36.804143 ], [ -90.199022, 36.8053 ], [ -90.201175, 36.806858 ], [ -90.202755, 36.808807 ], [ -90.207771, 36.807966 ], [ -90.209086, 36.808581 ], [ -90.207888, 36.811525 ], [ -90.208056, 36.813462 ], [ -90.208956, 36.813523 ], [ -90.210387, 36.81224 ], [ -90.212771, 36.812581 ], [ -90.216299, 36.814595 ], [ -90.216018, 36.816027 ], [ -90.214442, 36.817385 ], [ -90.210918, 36.816852 ], [ -90.210348, 36.817552 ], [ -90.211665, 36.818805 ], [ -90.21233, 36.820718 ], [ -90.21314, 36.821082 ], [ -90.21714, 36.820609 ], [ -90.217612, 36.818177 ], [ -90.219008, 36.81922 ], [ -90.22182, 36.820332 ], [ -90.221959, 36.821453 ], [ -90.219756, 36.824591 ], [ -90.217531, 36.826524 ], [ -90.219993, 36.828352 ], [ -90.22202, 36.830734 ], [ -90.224467, 36.831273 ], [ -90.224423, 36.832396 ], [ -90.222071, 36.835286 ], [ -90.221664, 36.836856 ], [ -90.222428, 36.838658 ], [ -90.218956, 36.838552 ], [ -90.217114, 36.84078 ], [ -90.216321, 36.842811 ], [ -90.217175, 36.843838 ], [ -90.220036, 36.844804 ], [ -90.221147, 36.845725 ], [ -90.220971, 36.848843 ], [ -90.222277, 36.850474 ], [ -90.223765, 36.849415 ], [ -90.223636, 36.847854 ], [ -90.224831, 36.846698 ], [ -90.227802, 36.849118 ], [ -90.229805, 36.850117 ], [ -90.227068, 36.851786 ], [ -90.225597, 36.852914 ], [ -90.224984, 36.854493 ], [ -90.225713, 36.85508 ], [ -90.227762, 36.854091 ], [ -90.228997, 36.852869 ], [ -90.23064, 36.8527 ], [ -90.231808, 36.85346 ], [ -90.228868, 36.856273 ], [ -90.230464, 36.85874 ], [ -90.233843, 36.857132 ], [ -90.235073, 36.857779 ], [ -90.234659, 36.859372 ], [ -90.236958, 36.862679 ], [ -90.238185, 36.862937 ], [ -90.239212, 36.86052 ], [ -90.240907, 36.859426 ], [ -90.24124, 36.860788 ], [ -90.240189, 36.861846 ], [ -90.239833, 36.864371 ], [ -90.242933, 36.865049 ], [ -90.244869, 36.868543 ], [ -90.245749, 36.868579 ], [ -90.249022, 36.867321 ], [ -90.25136, 36.867839 ], [ -90.253279, 36.869571 ], [ -90.25413, 36.871239 ], [ -90.255607, 36.875695 ], [ -90.256376, 36.877142 ], [ -90.256651, 36.879718 ], [ -90.255084, 36.879417 ], [ -90.253152, 36.876619 ], [ -90.251764, 36.876969 ], [ -90.251303, 36.878242 ], [ -90.248109, 36.878389 ], [ -90.248068, 36.87925 ], [ -90.250765, 36.881161 ], [ -90.252999, 36.88188 ], [ -90.251429, 36.883021 ], [ -90.250996, 36.884495 ], [ -90.251966, 36.887702 ], [ -90.249745, 36.88972 ], [ -90.247421, 36.888761 ], [ -90.245027, 36.890479 ], [ -90.245161, 36.89255 ], [ -90.248064, 36.891915 ], [ -90.249678, 36.892213 ], [ -90.249722, 36.893468 ], [ -90.247133, 36.894893 ], [ -90.24736, 36.896194 ], [ -90.248657, 36.897583 ], [ -90.251717, 36.89795 ], [ -90.253266, 36.899093 ], [ -90.252564, 36.901529 ], [ -90.252717, 36.903196 ], [ -90.254511, 36.905419 ], [ -90.254846, 36.906541 ], [ -90.257409, 36.90729 ], [ -90.258036, 36.906435 ], [ -90.259757, 36.907633 ] ] ] ] } },
{ "type": "Feature", "properties": { "STATEFP": "29", "COUNTYFP": "183", "COUNTYNS": "00758546", "GEOIDFQ": "0500000US29183", "GEOID": "29183", "NAME": "St. Charles", "NAMELSAD": "St. Charles County", "STUSPS": "MO", "STATE_NAME": "Missouri", "LSAD": "06", "ALAND": 1451692063.0, "AWATER": 82663660.0 }, "geometry": { "type": "MultiPolygon", "coordinates": [ [ [ [ -90.963771, 38.578145 ], [ -90.963693, 38.579504 ], [ -90.963817, 38.58219 ], [ -90.963917, 38.583681 ], [ -90.963469, 38.649163 ], [ -90.96324, 38.677858 ], [ -90.963124, 38.693329 ], [ -90.963011, 38.695909 ], [ -90.962526, 38.745136 ], [ -90.96239, 38.7603 ], [ -90.9622, 38.7742 ], [ -90.9618, 38.79145 ], [ -90.961794, 38.791674 ], [ -90.96177, 38.79257 ], [ -90.96174, 38.79325 ], [ -90.961686, 38.795413 ], [ -90.961682, 38.79554 ], [ -90.961653, 38.796557 ], [ -90.96157, 38.79782 ], [ -90.96104, 38.81622 ], [ -90.961, 38.81635 ], [ -90.961004, 38.817458 ], [ -90.960989, 38.817635 ], [ -90.960291, 38.833331 ], [ -90.958536, 38.870865 ], [ -90.957555, 38.893285 ], [ -90.95645, 38.894164 ], [ -90.954226, 38.893148 ], [ -90.949655, 38.894943 ], [ -90.949305, 38.893788 ], [ -90.944515, 38.891109 ], [ -90.94439, 38.890317 ], [ -90.940172, 38.886472 ], [ -90.937278, 38.888086 ], [ -90.934392, 38.886458 ], [ -90.93322, 38.885146 ], [ -90.932831, 38.885903 ], [ -90.928041, 38.887524 ], [ -90.927061, 38.886587 ], [ -90.925664, 38.887118 ], [ -90.925191, 38.888631 ], [ -90.922121, 38.887426 ], [ -90.918995, 38.887948 ], [ -90.918668, 38.887919 ], [ -90.91389, 38.888883 ], [ -90.912352, 38.890577 ], [ -90.907772, 38.890871 ], [ -90.903748, 38.890319 ], [ -90.901219, 38.889324 ], [ -90.900015, 38.887435 ], [ -90.900496, 38.885993 ], [ -90.898381, 38.886507 ], [ -90.897301, 38.886053 ], [ -90.894677, 38.886313 ], [ -90.893819, 38.887443 ], [ -90.892463, 38.886457 ], [ -90.884905, 38.886829 ], [ -90.883206, 38.886748 ], [ -90.880745, 38.888523 ], [ -90.87466, 38.888271 ], [ -90.871182, 38.88873 ], [ -90.869021, 38.888433 ], [ -90.864535, 38.887872 ], [ -90.86291, 38.887263 ], [ -90.861142, 38.885131 ], [ -90.861487, 38.883399 ], [ -90.860366, 38.881932 ], [ -90.859305, 38.881857 ], [ -90.855845, 38.884722 ], [ -90.854767, 38.884353 ], [ -90.852578, 38.881057 ], [ -90.850189, 38.880124 ], [ -90.849557, 38.880674 ], [ -90.851301, 38.883574 ], [ -90.847385, 38.883699 ], [ -90.845044, 38.883005 ], [ -90.844673, 38.883965 ], [ -90.842953, 38.883455 ], [ -90.841977, 38.882004 ], [ -90.839152, 38.881426 ], [ -90.839266, 38.87964 ], [ -90.835431, 38.879968 ], [ -90.834727, 38.881326 ], [ -90.837983, 38.882325 ], [ -90.837831, 38.883632 ], [ -90.836594, 38.884118 ], [ -90.835088, 38.883531 ], [ -90.831097, 38.878212 ], [ -90.829801, 38.878045 ], [ -90.826982, 38.878964 ], [ -90.826462, 38.878435 ], [ -90.822724, 38.876392 ], [ -90.821147, 38.875884 ], [ -90.817827, 38.875966 ], [ -90.813244, 38.878954 ], [ -90.811182, 38.878999 ], [ -90.809166, 38.877803 ], [ -90.807577, 38.87766 ], [ -90.806213, 38.879016 ], [ -90.807018, 38.880636 ], [ -90.809292, 38.883534 ], [ -90.810213, 38.885605 ], [ -90.809961, 38.888922 ], [ -90.807713, 38.893128 ], [ -90.806926, 38.895244 ], [ -90.808333, 38.899553 ], [ -90.807199, 38.901147 ], [ -90.805944, 38.901733 ], [ -90.802558, 38.901672 ], [ -90.800153, 38.901072 ], [ -90.799154, 38.901421 ], [ -90.797935, 38.903098 ], [ -90.797499, 38.905145 ], [ -90.798168, 38.906302 ], [ -90.800556, 38.908147 ], [ -90.80267, 38.909165 ], [ -90.804418, 38.911139 ], [ -90.803662, 38.911802 ], [ -90.801331, 38.912741 ], [ -90.795982, 38.915411 ], [ -90.794349, 38.916455 ], [ -90.791344, 38.917895 ], [ -90.78922, 38.918361 ], [ -90.783868, 38.918115 ], [ -90.782006, 38.918559 ], [ -90.77821, 38.922488 ], [ -90.776406, 38.923016 ], [ -90.773665, 38.922983 ], [ -90.767792, 38.922329 ], [ -90.765026, 38.921621 ], [ -90.760382, 38.919805 ], [ -90.756746, 38.919811 ], [ -90.754113, 38.920747 ], [ -90.751228, 38.922806 ], [ -90.750955, 38.922999 ], [ -90.750447, 38.923349 ], [ -90.749175, 38.924183 ], [ -90.748309, 38.925113 ], [ -90.747647, 38.926141 ], [ -90.746642, 38.92801 ], [ -90.745151, 38.929489 ], [ -90.742997, 38.930368 ], [ -90.740999, 38.930766 ], [ -90.735822, 38.931141 ], [ -90.728841, 38.931141 ], [ -90.724722, 38.928249 ], [ -90.723701, 38.925932 ], [ -90.724129, 38.924362 ], [ -90.726076, 38.922632 ], [ -90.729239, 38.921406 ], [ -90.734616, 38.919709 ], [ -90.735913, 38.918321 ], [ -90.735737, 38.916177 ], [ -90.73367, 38.914272 ], [ -90.729603, 38.914183 ], [ -90.726232, 38.915207 ], [ -90.724578, 38.915181 ], [ -90.723217, 38.91407 ], [ -90.72286, 38.912055 ], [ -90.72452, 38.909786 ], [ -90.723898, 38.90871 ], [ -90.721215, 38.908688 ], [ -90.717551, 38.910316 ], [ -90.714198, 38.909892 ], [ -90.710648, 38.908106 ], [ -90.709422, 38.90618 ], [ -90.709285, 38.903093 ], [ -90.708149, 38.902591 ], [ -90.70604, 38.903428 ], [ -90.703881, 38.905626 ], [ -90.700517, 38.906522 ], [ -90.699324, 38.907881 ], [ -90.700329, 38.90965 ], [ -90.703291, 38.912239 ], [ -90.70623, 38.913506 ], [ -90.709923, 38.913602 ], [ -90.713819, 38.912079 ], [ -90.715738, 38.912327 ], [ -90.717413, 38.913653 ], [ -90.717502, 38.915376 ], [ -90.714309, 38.918164 ], [ -90.70927, 38.920874 ], [ -90.707322, 38.92149 ], [ -90.703824, 38.921221 ], [ -90.70094, 38.919818 ], [ -90.69719, 38.916067 ], [ -90.693858, 38.915526 ], [ -90.69115, 38.916388 ], [ -90.688485, 38.916599 ], [ -90.684562, 38.9156 ], [ -90.68434, 38.917139 ], [ -90.686599, 38.918852 ], [ -90.689581, 38.923613 ], [ -90.691632, 38.925235 ], [ -90.694711, 38.926523 ], [ -90.697481, 38.928151 ], [ -90.698035, 38.930742 ], [ -90.696582, 38.932784 ], [ -90.694001, 38.933863 ], [ -90.691582, 38.934235 ], [ -90.685863, 38.933932 ], [ -90.669249, 38.934159 ], [ -90.663430838055902, 38.934221323751899 ], [ -90.663466, 38.927384 ], [ -90.64729, 38.912095 ], [ -90.635896, 38.903941 ], [ -90.628485, 38.891617 ], [ -90.625122, 38.888654 ], [ -90.595354, 38.87505 ], [ -90.586200901122297, 38.870445148316598 ], [ -90.583388, 38.86903 ], [ -90.576719, 38.868336 ], [ -90.566557, 38.868847 ], [ -90.564627353914602, 38.8691912244213 ], [ -90.555693, 38.870785 ], [ -90.545872, 38.874008 ], [ -90.54403, 38.87505 ], [ -90.531118, 38.887078 ], [ -90.516963, 38.898818 ], [ -90.507451, 38.902767 ], [ -90.500117, 38.910408 ], [ -90.486974, 38.925982 ], [ -90.482725, 38.934712 ], [ -90.483452, 38.940436 ], [ -90.483339, 38.942133 ], [ -90.482419, 38.94446 ], [ -90.472122, 38.958838 ], [ -90.467784, 38.961809 ], [ -90.462411, 38.964322 ], [ -90.450809944078003, 38.967758684265704 ], [ -90.450792, 38.967764 ], [ -90.440078, 38.967364 ], [ -90.433745, 38.965526 ], [ -90.424726, 38.963785 ], [ -90.413108, 38.96333 ], [ -90.406367, 38.962554 ], [ -90.395816, 38.960037 ], [ -90.385768377236005, 38.956407504117401 ], [ -90.383126, 38.955453 ], [ -90.364895214728094, 38.9481659537553 ], [ -90.361652173688597, 38.946869674430197 ], [ -90.346442, 38.94079 ], [ -90.333533, 38.933489 ], [ -90.324179, 38.929827 ], [ -90.323579897490902, 38.9296533536696 ], [ -90.317572, 38.927912 ], [ -90.309454, 38.92412 ], [ -90.306113, 38.923525 ], [ -90.298711, 38.923395 ], [ -90.294754019843296, 38.923567272021003 ], [ -90.283712, 38.924048 ], [ -90.277471, 38.923716 ], [ -90.275714387651902, 38.923447850200802 ], [ -90.269872, 38.922556 ], [ -90.262792, 38.920344 ], [ -90.256993, 38.920763 ], [ -90.254033, 38.920489 ], [ -90.250248, 38.919344 ], [ -90.241703, 38.914828 ], [ -90.230336, 38.91086 ], [ -90.223041, 38.907389 ], [ -90.217027557246297, 38.903009329185402 ], [ -90.213519, 38.900454 ], [ -90.209221150874299, 38.896994432717101 ], [ -90.19761, 38.887648 ], [ -90.19521, 38.886748 ], [ -90.192662942628004, 38.8864881492173 ], [ -90.190309, 38.886248 ], [ -90.186909, 38.885048 ], [ -90.166409, 38.876348 ], [ -90.151508, 38.867148 ], [ -90.140618183871396, 38.862059183589601 ], [ -90.131877306907896, 38.857974567503497 ], [ -90.121021456620696, 38.8529016233474 ], [ -90.113327, 38.849306 ], [ -90.109407, 38.843548 ], [ -90.109107, 38.837448 ], [ -90.110077588235299, 38.833565647058798 ], [ -90.114707, 38.815048 ], [ -90.117707, 38.805748 ], [ -90.123064, 38.816035 ], [ -90.12528, 38.819807 ], [ -90.12678, 38.821326 ], [ -90.132811, 38.825086 ], [ -90.141608, 38.829448 ], [ -90.150893, 38.829925 ], [ -90.15511, 38.829722 ], [ -90.158459, 38.828787 ], [ -90.167442, 38.824633 ], [ -90.173501, 38.820382 ], [ -90.17765, 38.818859 ], [ -90.183058, 38.818053 ], [ -90.188927, 38.81851 ], [ -90.195678, 38.821261 ], [ -90.235486, 38.842569 ], [ -90.245071, 38.847448 ], [ -90.249014, 38.848848 ], [ -90.256136, 38.852128 ], [ -90.259309, 38.854409 ], [ -90.265918, 38.859033 ], [ -90.26818, 38.861036 ], [ -90.270476, 38.864646 ], [ -90.271673, 38.86687 ], [ -90.275884, 38.872301 ], [ -90.283557, 38.877928 ], [ -90.287923, 38.881647 ], [ -90.289787, 38.882838 ], [ -90.293712, 38.885548 ], [ -90.298743, 38.887759 ], [ -90.30239, 38.888811 ], [ -90.308798, 38.890307 ], [ -90.31423, 38.891146 ], [ -90.320213, 38.891148 ], [ -90.3245, 38.890261 ], [ -90.327536, 38.889056 ], [ -90.332022, 38.886516 ], [ -90.336387, 38.882572 ], [ -90.339241, 38.877239 ], [ -90.340766, 38.873485 ], [ -90.342614, 38.866549 ], [ -90.342414, 38.861749 ], [ -90.342514, 38.858549 ], [ -90.344914, 38.850849 ], [ -90.344965, 38.849372 ], [ -90.349113, 38.841695 ], [ -90.350337, 38.840253 ], [ -90.360302, 38.829679 ], [ -90.360514, 38.829449 ], [ -90.362163, 38.82786 ], [ -90.365801, 38.825878 ], [ -90.369951, 38.82383 ], [ -90.37378, 38.822714 ], [ -90.382268, 38.821942 ], [ -90.389107, 38.82252 ], [ -90.394992, 38.823197 ], [ -90.396732, 38.8237 ], [ -90.401914, 38.824799 ], [ -90.415546, 38.828876 ], [ -90.41932, 38.829277 ], [ -90.425116, 38.82915 ], [ -90.430975, 38.829806 ], [ -90.433516, 38.82955 ], [ -90.439251, 38.828016 ], [ -90.440617, 38.82765 ], [ -90.448117, 38.82205 ], [ -90.449556, 38.819892 ], [ -90.461917, 38.80485 ], [ -90.467186, 38.798545 ], [ -90.467811, 38.797798 ], [ -90.473188, 38.790978 ], [ -90.474192, 38.787625 ], [ -90.475318, 38.783869 ], [ -90.475574, 38.783016 ], [ -90.476499, 38.780896 ], [ -90.47743, 38.778307 ], [ -90.477468, 38.778198 ], [ -90.480192, 38.770514 ], [ -90.480381, 38.769702 ], [ -90.482299, 38.764348 ], [ -90.482455, 38.764013 ], [ -90.482658, 38.763472 ], [ -90.485205, 38.759229 ], [ -90.492149, 38.751793 ], [ -90.49579, 38.748256 ], [ -90.498291, 38.746852 ], [ -90.50627, 38.743366 ], [ -90.51506, 38.739724 ], [ -90.521552, 38.736577 ], [ -90.522147, 38.736272 ], [ -90.529566, 38.73275 ], [ -90.531927, 38.730298 ], [ -90.532943, 38.728777 ], [ -90.533638, 38.726871 ], [ -90.533018, 38.720963 ], [ -90.530378, 38.708195 ], [ -90.529903, 38.702036 ], [ -90.530363, 38.69863 ], [ -90.53173, 38.695302 ], [ -90.533785, 38.691915 ], [ -90.537616, 38.688018 ], [ -90.539288, 38.686778 ], [ -90.54013, 38.687414 ], [ -90.541729, 38.686209 ], [ -90.545806, 38.684129 ], [ -90.550679, 38.682354 ], [ -90.554722, 38.681552 ], [ -90.556828, 38.681518 ], [ -90.560733, 38.682571 ], [ -90.568311, 38.683931 ], [ -90.569983, 38.684073 ], [ -90.572063, 38.683788 ], [ -90.579461, 38.681486 ], [ -90.588614, 38.680503 ], [ -90.595123, 38.681752 ], [ -90.6039, 38.681977 ], [ -90.606548, 38.682983 ], [ -90.611443, 38.684239 ], [ -90.619088, 38.688582 ], [ -90.623805, 38.69028 ], [ -90.626518, 38.690444 ], [ -90.62841, 38.690409 ], [ -90.632647, 38.691078 ], [ -90.635184, 38.690774 ], [ -90.642551, 38.690949 ], [ -90.647342, 38.69052 ], [ -90.660509, 38.688551 ], [ -90.662749, 38.687439 ], [ -90.669721, 38.684686 ], [ -90.674531, 38.682193 ], [ -90.675163, 38.680965 ], [ -90.675023, 38.677902 ], [ -90.675941, 38.675737 ], [ -90.67732, 38.669784 ], [ -90.678579, 38.666513 ], [ -90.679252, 38.665602 ], [ -90.683057, 38.663434 ], [ -90.685058, 38.662833 ], [ -90.69392, 38.661531 ], [ -90.697953, 38.66037 ], [ -90.700484, 38.659172 ], [ -90.702995, 38.657479 ], [ -90.704536, 38.655519 ], [ -90.704672, 38.654139 ], [ -90.703984, 38.650221 ], [ -90.704174, 38.649155 ], [ -90.705811, 38.647253 ], [ -90.709021, 38.645519 ], [ -90.711061, 38.644741 ], [ -90.732328, 38.639302 ], [ -90.733952, 38.639104 ], [ -90.736299, 38.636744 ], [ -90.742412, 38.634563 ], [ -90.744048, 38.63089 ], [ -90.750703, 38.625103 ], [ -90.752318, 38.620746 ], [ -90.754757, 38.616108 ], [ -90.755408, 38.612659 ], [ -90.75609, 38.611318 ], [ -90.756419, 38.610672 ], [ -90.763341, 38.601949 ], [ -90.768684, 38.597661 ], [ -90.773622, 38.594617 ], [ -90.777993, 38.592816 ], [ -90.781228, 38.591959 ], [ -90.789585, 38.590494 ], [ -90.79574, 38.590153 ], [ -90.804059, 38.588192 ], [ -90.812988, 38.585554 ], [ -90.816536, 38.583414 ], [ -90.821451, 38.580071 ], [ -90.825255, 38.578007 ], [ -90.829223, 38.575292 ], [ -90.835834, 38.569788 ], [ -90.841933, 38.565955 ], [ -90.849841, 38.562257 ], [ -90.854775, 38.560348 ], [ -90.862, 38.557988 ], [ -90.866668, 38.55607 ], [ -90.868952, 38.555659 ], [ -90.873268, 38.553893 ], [ -90.880391, 38.549715 ], [ -90.883917, 38.547847 ], [ -90.889471, 38.544405 ], [ -90.892675, 38.542182 ], [ -90.895968, 38.540589 ], [ -90.904764, 38.537517 ], [ -90.906043, 38.537178 ], [ -90.910886, 38.535924 ], [ -90.916554, 38.534725 ], [ -90.923303, 38.534134 ], [ -90.926767, 38.53429 ], [ -90.932857, 38.535017 ], [ -90.937352, 38.536065 ], [ -90.942567, 38.537602 ], [ -90.947721, 38.53894 ], [ -90.954039, 38.541561 ], [ -90.96037, 38.545099 ], [ -90.964461, 38.547545 ], [ -90.963771, 38.578145 ] ] ] ] } },
{ "type": "Feature", "properties": { "STATEFP": "29", "COUNTYFP": "033", "COUNTYNS": "00758471", "GEOIDFQ": "0500000US29033", "GEOID": "29033", "NAME": "Carroll", "NAMELSAD": "Carroll County", "STUSPS": "MO", "STATE_NAME": "Missouri", "LSAD": "06", "ALAND": 1799061890.0, "AWATER": 17533392.0 }, "geometry": { "type": "MultiPolygon", "coordinates": [ [ [ [ -93.759183, 39.524558 ], [ -93.758357, 39.611407 ], [ -93.657108, 39.611707 ], [ -93.65568, 39.611633 ], [ -93.654724, 39.611754 ], [ -93.646559, 39.611901 ], [ -93.590759, 39.613085 ], [ -93.578066, 39.613414 ], [ -93.576408, 39.613321 ], [ -93.557643, 39.613559 ], [ -93.556741, 39.613665 ], [ -93.540127, 39.61389 ], [ -93.534371, 39.613822 ], [ -93.496329, 39.614149 ], [ -93.460083, 39.61452 ], [ -93.45908, 39.614483 ], [ -93.421761, 39.614818 ], [ -93.310142, 39.615524 ], [ -93.308738, 39.615632 ], [ -93.283263, 39.615487 ], [ -93.281788, 39.615533 ], [ -93.278098, 39.615632 ], [ -93.276847, 39.611021 ], [ -93.27484, 39.607169 ], [ -93.270247, 39.601022 ], [ -93.269856, 39.599925 ], [ -93.270135, 39.59736 ], [ -93.271041, 39.595902 ], [ -93.273065, 39.59436 ], [ -93.274259, 39.592649 ], [ -93.275055, 39.590096 ], [ -93.274498, 39.588587 ], [ -93.270884, 39.585809 ], [ -93.269411, 39.584335 ], [ -93.269448, 39.581676 ], [ -93.271301, 39.579985 ], [ -93.270966, 39.577073 ], [ -93.269105, 39.57453 ], [ -93.266591, 39.573608 ], [ -93.266894, 39.571379 ], [ -93.268162, 39.569662 ], [ -93.270721, 39.565116 ], [ -93.270972, 39.563193 ], [ -93.270014, 39.560196 ], [ -93.267528, 39.558562 ], [ -93.265911, 39.558002 ], [ -93.262006, 39.557523 ], [ -93.259523, 39.556888 ], [ -93.258024, 39.555218 ], [ -93.258164, 39.553694 ], [ -93.260205, 39.551865 ], [ -93.265968, 39.549637 ], [ -93.267004, 39.548546 ], [ -93.266368, 39.546085 ], [ -93.263582, 39.544517 ], [ -93.257973, 39.545821 ], [ -93.254392, 39.544962 ], [ -93.253605, 39.54354 ], [ -93.255155, 39.542194 ], [ -93.257594, 39.541954 ], [ -93.263525, 39.54229 ], [ -93.26595, 39.541666 ], [ -93.268091, 39.540306 ], [ -93.271128, 39.534376 ], [ -93.272839, 39.53418 ], [ -93.273649, 39.535254 ], [ -93.274819, 39.538617 ], [ -93.27724, 39.539467 ], [ -93.281818, 39.539309 ], [ -93.284813, 39.538738 ], [ -93.285858, 39.537857 ], [ -93.285896, 39.535873 ], [ -93.284253, 39.533502 ], [ -93.282941, 39.532754 ], [ -93.276714, 39.531013 ], [ -93.276296, 39.529621 ], [ -93.275671, 39.526782 ], [ -93.27713, 39.524247 ], [ -93.27848, 39.523462 ], [ -93.282557, 39.52267 ], [ -93.283416, 39.521486 ], [ -93.283007, 39.519477 ], [ -93.278351, 39.516588 ], [ -93.276906, 39.515159 ], [ -93.276286, 39.51129 ], [ -93.273073, 39.50671 ], [ -93.26741, 39.502948 ], [ -93.265863, 39.500023 ], [ -93.265951, 39.497905 ], [ -93.267986, 39.496489 ], [ -93.269951, 39.496248 ], [ -93.273845, 39.497445 ], [ -93.276539, 39.496705 ], [ -93.276868, 39.490411 ], [ -93.276591, 39.486123 ], [ -93.275932, 39.484371 ], [ -93.272111, 39.482608 ], [ -93.266338, 39.478358 ], [ -93.264772, 39.476269 ], [ -93.26265, 39.473108 ], [ -93.261638, 39.469973 ], [ -93.261301, 39.466961 ], [ -93.26283, 39.463263 ], [ -93.264322, 39.461182 ], [ -93.268225, 39.460833 ], [ -93.270687, 39.461667 ], [ -93.271085, 39.463058 ], [ -93.273228, 39.465022 ], [ -93.274867, 39.465108 ], [ -93.277069, 39.462607 ], [ -93.276755, 39.459857 ], [ -93.275848, 39.458302 ], [ -93.274368, 39.457342 ], [ -93.271687, 39.456936 ], [ -93.265626, 39.458158 ], [ -93.26229, 39.459564 ], [ -93.26125, 39.459608 ], [ -93.258051, 39.462856 ], [ -93.253969, 39.461918 ], [ -93.250211, 39.459662 ], [ -93.249882, 39.457456 ], [ -93.250809, 39.45508 ], [ -93.249464, 39.452491 ], [ -93.250194, 39.450571 ], [ -93.254631, 39.446873 ], [ -93.254582, 39.445083 ], [ -93.253441, 39.443405 ], [ -93.251753, 39.44225 ], [ -93.250197, 39.442234 ], [ -93.246927, 39.442972 ], [ -93.246355, 39.443834 ], [ -93.245047, 39.450553 ], [ -93.246839, 39.454601 ], [ -93.247415, 39.458092 ], [ -93.244955, 39.458757 ], [ -93.243887, 39.459673 ], [ -93.242751, 39.462511 ], [ -93.240251, 39.463992 ], [ -93.237541, 39.464423 ], [ -93.237003, 39.465407 ], [ -93.239749, 39.469367 ], [ -93.239212, 39.470877 ], [ -93.238187, 39.471313 ], [ -93.232311, 39.472611 ], [ -93.228095, 39.473215 ], [ -93.224576, 39.472124 ], [ -93.222743, 39.47015 ], [ -93.221593, 39.467662 ], [ -93.2218, 39.465221 ], [ -93.224774, 39.460497 ], [ -93.224471, 39.458794 ], [ -93.220981, 39.454512 ], [ -93.219546, 39.450793 ], [ -93.21997, 39.449283 ], [ -93.221203, 39.447942 ], [ -93.223402, 39.447141 ], [ -93.22582, 39.447107 ], [ -93.228092, 39.447686 ], [ -93.229918, 39.44724 ], [ -93.228442, 39.44436 ], [ -93.229501, 39.441693 ], [ -93.23018, 39.440226 ], [ -93.230116, 39.437943 ], [ -93.228755, 39.436297 ], [ -93.219212, 39.430402 ], [ -93.218281, 39.430279 ], [ -93.216272, 39.431516 ], [ -93.216267, 39.434646 ], [ -93.217043, 39.43597 ], [ -93.221355, 39.439134 ], [ -93.222101, 39.439982 ], [ -93.221493, 39.441853 ], [ -93.217426, 39.443296 ], [ -93.214448, 39.442996 ], [ -93.211233, 39.441405 ], [ -93.210653, 39.44005 ], [ -93.210864, 39.438388 ], [ -93.212787, 39.433757 ], [ -93.212639, 39.432409 ], [ -93.213581, 39.430507 ], [ -93.21109, 39.430688 ], [ -93.207935, 39.429752 ], [ -93.205943, 39.429689 ], [ -93.20495, 39.430296 ], [ -93.202209, 39.432463 ], [ -93.198713, 39.433645 ], [ -93.197752, 39.4343 ], [ -93.19781, 39.435539 ], [ -93.199542, 39.436967 ], [ -93.204834, 39.437847 ], [ -93.206454, 39.43944 ], [ -93.204897, 39.440438 ], [ -93.200873, 39.440671 ], [ -93.197222, 39.436845 ], [ -93.19599, 39.436508 ], [ -93.191932, 39.436459 ], [ -93.190846, 39.436069 ], [ -93.187228, 39.43329 ], [ -93.183537, 39.432473 ], [ -93.174168, 39.432609 ], [ -93.171452, 39.433476 ], [ -93.167307, 39.436254 ], [ -93.16555, 39.436335 ], [ -93.162179, 39.432894 ], [ -93.159464, 39.430534 ], [ -93.157903, 39.425184 ], [ -93.156887, 39.423426 ], [ -93.15475, 39.421723 ], [ -93.149471, 39.420619 ], [ -93.146483, 39.421401 ], [ -93.141733, 39.423728 ], [ -93.14084, 39.423642 ], [ -93.13913, 39.423478 ], [ -93.124687, 39.419168 ], [ -93.123757, 39.419065 ], [ -93.120646, 39.417923 ], [ -93.117177, 39.415861 ], [ -93.115556, 39.414032 ], [ -93.114841, 39.411027 ], [ -93.117499, 39.407428 ], [ -93.118296, 39.405691 ], [ -93.118484, 39.402489 ], [ -93.115685, 39.389455 ], [ -93.114348, 39.387 ], [ -93.111524, 39.385481 ], [ -93.104485, 39.383656 ], [ -93.106071, 39.383724 ], [ -93.10906, 39.38306 ], [ -93.125199, 39.377675 ], [ -93.131868, 39.377328 ], [ -93.135507, 39.377654 ], [ -93.139631, 39.378643 ], [ -93.146082, 39.381997 ], [ -93.151992, 39.387158 ], [ -93.154525, 39.38996 ], [ -93.15653, 39.392947 ], [ -93.159482, 39.398952 ], [ -93.162066, 39.402513 ], [ -93.164322, 39.405007 ], [ -93.167221, 39.407253 ], [ -93.174465, 39.411026 ], [ -93.177451, 39.411714 ], [ -93.180646, 39.411805 ], [ -93.184755, 39.411348 ], [ -93.189435, 39.410486 ], [ -93.193101, 39.409278 ], [ -93.196746, 39.406836 ], [ -93.199282, 39.404312 ], [ -93.200708, 39.401787 ], [ -93.200951, 39.398891 ], [ -93.200028, 39.395991 ], [ -93.197088, 39.390434 ], [ -93.191531, 39.383791 ], [ -93.190199, 39.381792 ], [ -93.188909, 39.377698 ], [ -93.1888, 39.375023 ], [ -93.189569, 39.370383 ], [ -93.192037, 39.365705 ], [ -93.195201, 39.362523 ], [ -93.203168, 39.355775 ], [ -93.206753, 39.35239 ], [ -93.209536, 39.348573 ], [ -93.215349, 39.338107 ], [ -93.221669, 39.331326 ], [ -93.225221, 39.328863 ], [ -93.226508, 39.328485 ], [ -93.230079, 39.327877 ], [ -93.233931, 39.330699 ], [ -93.237177, 39.333949 ], [ -93.240283, 39.336394 ], [ -93.242857, 39.337617 ], [ -93.247776, 39.338669 ], [ -93.252726, 39.338784 ], [ -93.255922, 39.337837 ], [ -93.263813, 39.331009 ], [ -93.264953, 39.328766 ], [ -93.267795, 39.325117 ], [ -93.266488, 39.320149 ], [ -93.266853, 39.319261 ], [ -93.269393, 39.31655 ], [ -93.277725, 39.311549 ], [ -93.283404, 39.309904 ], [ -93.292635, 39.309283 ], [ -93.294161, 39.309214 ], [ -93.301963, 39.309773 ], [ -93.310473, 39.310744 ], [ -93.316504, 39.310921 ], [ -93.324764, 39.310615 ], [ -93.332252, 39.309606 ], [ -93.336856, 39.307032 ], [ -93.340312, 39.303353 ], [ -93.343174, 39.299113 ], [ -93.344109, 39.297179 ], [ -93.344619, 39.292702 ], [ -93.34443, 39.289364 ], [ -93.343782, 39.287104 ], [ -93.341996, 39.283648 ], [ -93.337763, 39.2769 ], [ -93.332624, 39.271305 ], [ -93.330581, 39.268437 ], [ -93.328962, 39.265483 ], [ -93.328547, 39.263804 ], [ -93.32832, 39.257077 ], [ -93.329121, 39.255081 ], [ -93.333337, 39.250012 ], [ -93.33673, 39.248079 ], [ -93.344522, 39.246031 ], [ -93.353637, 39.242763 ], [ -93.357548, 39.240698 ], [ -93.362615, 39.237327 ], [ -93.368136, 39.23331 ], [ -93.373137, 39.231331 ], [ -93.382104, 39.22883 ], [ -93.388411, 39.227426 ], [ -93.396335, 39.22634 ], [ -93.401877, 39.226905 ], [ -93.406401, 39.228394 ], [ -93.411414, 39.231058 ], [ -93.415226, 39.234923 ], [ -93.415882, 39.237824 ], [ -93.41523, 39.241797 ], [ -93.413381, 39.244556 ], [ -93.40764, 39.250021 ], [ -93.404498, 39.254222 ], [ -93.403013, 39.25803 ], [ -93.402903, 39.260054 ], [ -93.404775, 39.263274 ], [ -93.407143, 39.26511 ], [ -93.411449, 39.267152 ], [ -93.413924, 39.267753 ], [ -93.419441, 39.267917 ], [ -93.423917, 39.26749 ], [ -93.43296, 39.267262 ], [ -93.440554, 39.267821 ], [ -93.444231, 39.268525 ], [ -93.450714, 39.272975 ], [ -93.451433, 39.274077 ], [ -93.455873, 39.285332 ], [ -93.459908, 39.289375 ], [ -93.464985, 39.29237 ], [ -93.470529, 39.293256 ], [ -93.473272, 39.293296 ], [ -93.477233, 39.292796 ], [ -93.478254, 39.292666 ], [ -93.483999, 39.290038 ], [ -93.485806, 39.288759 ], [ -93.489889, 39.285145 ], [ -93.492018, 39.282938 ], [ -93.49334, 39.28067 ], [ -93.495377, 39.275459 ], [ -93.496323, 39.270022 ], [ -93.496313, 39.268263 ], [ -93.496221, 39.264891 ], [ -93.495171, 39.261185 ], [ -93.494173, 39.255737 ], [ -93.492238, 39.25002 ], [ -93.490194, 39.245541 ], [ -93.487611, 39.238338 ], [ -93.486573, 39.233861 ], [ -93.487885, 39.228875 ], [ -93.489284, 39.226297 ], [ -93.49196, 39.223461 ], [ -93.498663, 39.219514 ], [ -93.500211, 39.218005 ], [ -93.505836, 39.216712 ], [ -93.516063, 39.215289 ], [ -93.529631, 39.214996 ], [ -93.537167, 39.215653 ], [ -93.544047, 39.215762 ], [ -93.551528, 39.217017 ], [ -93.560172, 39.219007 ], [ -93.563192, 39.22002 ], [ -93.565778, 39.222503 ], [ -93.567707, 39.227174 ], [ -93.568926, 39.228605 ], [ -93.572658, 39.231744 ], [ -93.574062, 39.232459 ], [ -93.578088, 39.236136 ], [ -93.580546, 39.237708 ], [ -93.583556, 39.238965 ], [ -93.58495, 39.240431 ], [ -93.589967, 39.24167 ], [ -93.595939, 39.242062 ], [ -93.605188, 39.240844 ], [ -93.60641, 39.241303 ], [ -93.613419, 39.24252 ], [ -93.624326, 39.242893 ], [ -93.628359, 39.243164 ], [ -93.631395, 39.24539 ], [ -93.636381, 39.247172 ], [ -93.640584, 39.247306 ], [ -93.643351, 39.245391 ], [ -93.646739, 39.245862 ], [ -93.650526, 39.248214 ], [ -93.653777, 39.248011 ], [ -93.657179, 39.245882 ], [ -93.656065, 39.241169 ], [ -93.658009, 39.238478 ], [ -93.661378, 39.237089 ], [ -93.661901, 39.235782 ], [ -93.666473, 39.235477 ], [ -93.674332, 39.233966 ], [ -93.681595, 39.231235 ], [ -93.683496, 39.230051 ], [ -93.687497, 39.22686 ], [ -93.689411, 39.224716 ], [ -93.692696, 39.218908 ], [ -93.693857, 39.215858 ], [ -93.696968, 39.211874 ], [ -93.700057, 39.209725 ], [ -93.70781, 39.206895 ], [ -93.71121, 39.206262 ], [ -93.719246, 39.206396 ], [ -93.722891, 39.207098 ], [ -93.728851, 39.208437 ], [ -93.738956, 39.209655 ], [ -93.746, 39.209487 ], [ -93.758463, 39.207021 ], [ -93.758881, 39.249782 ], [ -93.758891, 39.264219 ], [ -93.758929, 39.31286 ], [ -93.759009, 39.313344 ], [ -93.758958, 39.350903 ], [ -93.75895, 39.394239 ], [ -93.759036, 39.422912 ], [ -93.758993, 39.437368 ], [ -93.758953, 39.451911 ], [ -93.758956, 39.452576 ], [ -93.759102, 39.524268 ], [ -93.759183, 39.524558 ] ] ] ] } },
{ "type": "Feature", "properties": { "STATEFP": "29", "COUNTYFP": "227", "COUNTYNS": "00758566", "GEOIDFQ": "0500000US29227", "GEOID": "29227", "NAME": "Worth", "NAMELSAD": "Worth County", "STUSPS": "MO", "STATE_NAME": "Missouri", "LSAD": "06", "ALAND": 690564983.0, "AWATER": 493903.0 }, "geometry": { "type": "MultiPolygon", "coordinates": [ [ [ [ -94.632032, 40.571186 ], [ -94.594001, 40.570966 ], [ -94.585766003781998, 40.570941063274503 ], [ -94.547404941958007, 40.570824900589898 ], [ -94.542154, 40.570809 ], [ -94.541828, 40.570809 ], [ -94.538318, 40.570763 ], [ -94.537848, 40.570763 ], [ -94.537058, 40.570763 ], [ -94.533878, 40.570739 ], [ -94.48928, 40.570707 ], [ -94.471213, 40.570825 ], [ -94.470648, 40.57083 ], [ -94.460661461209796, 40.570940646310497 ], [ -94.460088, 40.570947 ], [ -94.443201134900804, 40.570999279594197 ], [ -94.429725, 40.571041 ], [ -94.389411884324204, 40.571222758425698 ], [ -94.358390962223893, 40.571362621442297 ], [ -94.358307, 40.571363 ], [ -94.346197007809096, 40.571412895343002 ], [ -94.336706, 40.571452 ], [ -94.336556, 40.571475 ], [ -94.324765, 40.571477 ], [ -94.310724, 40.571524 ], [ -94.294813, 40.571341 ], [ -94.28735, 40.571521 ], [ -94.243149901031998, 40.5718308837601 ], [ -94.234028865839306, 40.5718948306912 ], [ -94.232240044673603, 40.571907371989603 ], [ -94.231826, 40.51365 ], [ -94.231872, 40.51326 ], [ -94.231565, 40.470357 ], [ -94.214619, 40.470464 ], [ -94.214375, 40.423256 ], [ -94.214222, 40.409408 ], [ -94.214213, 40.398773 ], [ -94.214278, 40.384254 ], [ -94.288477, 40.386045 ], [ -94.292433, 40.386252 ], [ -94.293952, 40.386377 ], [ -94.309422, 40.386637 ], [ -94.326358, 40.38665 ], [ -94.366528, 40.386678 ], [ -94.366555, 40.386796 ], [ -94.404392, 40.38654 ], [ -94.460489, 40.386367 ], [ -94.478801, 40.386609 ], [ -94.479542, 40.386613 ], [ -94.598487, 40.386714 ], [ -94.608642, 40.386818 ], [ -94.608137, 40.408204 ], [ -94.608263, 40.423195 ], [ -94.608292, 40.430478 ], [ -94.608409, 40.472443 ], [ -94.631889, 40.472513 ], [ -94.631941, 40.483062 ], [ -94.632296, 40.564959 ], [ -94.632032, 40.571186 ] ] ] ] } },
{ "type": "Feature", "properties": { "STATEFP": "29", "COUNTYFP": "165", "COUNTYNS": "00758537", "GEOIDFQ": "0500000US29165", "GEOID": "29165", "NAME": "Platte", "NAMELSAD": "Platte County", "STUSPS": "MO", "STATE_NAME": "Missouri", "LSAD": "06", "ALAND": 1087337874.0, "AWATER": 16894639.0 }, "geometry": { "type": "MultiPolygon", "coordinates": [ [ [ [ -95.101408, 39.533255 ], [ -95.062853, 39.53324 ], [ -95.037772, 39.533228 ], [ -95.037641, 39.533229 ], [ -94.994004, 39.533125 ], [ -94.881516, 39.532414 ], [ -94.872437, 39.532352 ], [ -94.866205, 39.532309 ], [ -94.844561, 39.532158 ], [ -94.788435, 39.531743 ], [ -94.787343, 39.531735 ], [ -94.787101, 39.531734 ], [ -94.777032, 39.531654 ], [ -94.7698, 39.531597 ], [ -94.769197, 39.531592 ], [ -94.765081, 39.53156 ], [ -94.764378, 39.531555 ], [ -94.760287, 39.531525 ], [ -94.760116, 39.531523 ], [ -94.655962, 39.530663 ], [ -94.610157, 39.530227 ], [ -94.601215, 39.53017 ], [ -94.601167, 39.492117 ], [ -94.601164, 39.492072 ], [ -94.601001, 39.487932 ], [ -94.60104, 39.470415 ], [ -94.600819, 39.456155 ], [ -94.600732, 39.443677 ], [ -94.600704, 39.433877 ], [ -94.600739, 39.426609 ], [ -94.600657, 39.417222 ], [ -94.600699, 39.405176 ], [ -94.600812, 39.397828 ], [ -94.600855, 39.394543 ], [ -94.600962, 39.386757 ], [ -94.601016, 39.383728 ], [ -94.600911, 39.37607 ], [ -94.60081, 39.370971 ], [ -94.600714, 39.354371 ], [ -94.600771, 39.347221 ], [ -94.600788, 39.340083 ], [ -94.600796, 39.336669 ], [ -94.600793, 39.336444 ], [ -94.600762, 39.3333 ], [ -94.600765, 39.333149 ], [ -94.600902, 39.325613 ], [ -94.600708, 39.310908 ], [ -94.600621, 39.307397 ], [ -94.600614, 39.307079 ], [ -94.600493, 39.30238 ], [ -94.600423, 39.298524 ], [ -94.600358, 39.296755 ], [ -94.600372, 39.296304 ], [ -94.6004, 39.291948 ], [ -94.60038, 39.289436 ], [ -94.600532, 39.274939 ], [ -94.600674, 39.267709 ], [ -94.600677, 39.267546 ], [ -94.600774, 39.261221 ], [ -94.600807, 39.256731 ], [ -94.600977, 39.246375 ], [ -94.601372, 39.244399 ], [ -94.600945, 39.24256 ], [ -94.600945, 39.234467 ], [ -94.601, 39.231999 ], [ -94.60101, 39.224898 ], [ -94.60101, 39.224595 ], [ -94.601077, 39.218007 ], [ -94.601056, 39.217485 ], [ -94.601099, 39.206494 ], [ -94.601125, 39.202922 ], [ -94.601111, 39.195857 ], [ -94.601316, 39.188646 ], [ -94.601284, 39.187274 ], [ -94.601232, 39.182557 ], [ -94.601463, 39.181766 ], [ -94.60154, 39.167445 ], [ -94.601733, 39.159603 ], [ -94.608657, 39.161044 ], [ -94.615834, 39.160003 ], [ -94.623565925368098, 39.156757500462803 ], [ -94.623934, 39.156603 ], [ -94.639779, 39.153707 ], [ -94.650735, 39.154103 ], [ -94.650776990967501, 39.154116107631801 ], [ -94.655787, 39.15568 ], [ -94.65921, 39.157841 ], [ -94.661397, 39.162742 ], [ -94.660315, 39.168051 ], [ -94.659162, 39.174126 ], [ -94.659399644885895, 39.174379104771504 ], [ -94.663835, 39.179103 ], [ -94.669135, 39.182003 ], [ -94.680336, 39.184303 ], [ -94.687236, 39.183503 ], [ -94.696165853325297, 39.178653233572199 ], [ -94.696332, 39.178563 ], [ -94.714137, 39.170403 ], [ -94.723637, 39.169003 ], [ -94.736537, 39.169203 ], [ -94.741925581881503, 39.170200700774203 ], [ -94.741938, 39.170203 ], [ -94.752338, 39.173203 ], [ -94.763138, 39.179903 ], [ -94.770338, 39.190002 ], [ -94.770719619904895, 39.190779917498404 ], [ -94.770936193974194, 39.191221395408803 ], [ -94.771062224301104, 39.191478303382901 ], [ -94.771068387374498, 39.191490866571002 ], [ -94.775538, 39.200602 ], [ -94.777838, 39.203522 ], [ -94.781518, 39.206146 ], [ -94.783838, 39.207154 ], [ -94.787343, 39.207666 ], [ -94.789100343714907, 39.207430926749801 ], [ -94.799663, 39.206018 ], [ -94.811663, 39.206594 ], [ -94.820687, 39.208626 ], [ -94.823791, 39.209874 ], [ -94.831679, 39.215938 ], [ -94.833552, 39.217794 ], [ -94.834964527919198, 39.220483813803703 ], [ -94.835056, 39.220658 ], [ -94.834896, 39.223842 ], [ -94.827791, 39.234001 ], [ -94.826111, 39.238289 ], [ -94.825663, 39.241729 ], [ -94.826351588452397, 39.244809527287103 ], [ -94.826372341313601, 39.244902369034499 ], [ -94.827487, 39.249889 ], [ -94.831471, 39.256273 ], [ -94.834900945312498, 39.259574 ], [ -94.837855, 39.262417 ], [ -94.84632, 39.268481 ], [ -94.8506188963092, 39.270617653820402 ], [ -94.857072, 39.273825 ], [ -94.857771536318694, 39.274092657951201 ], [ -94.867568, 39.277841 ], [ -94.87832, 39.281136 ], [ -94.882576, 39.283328 ], [ -94.887056, 39.28648 ], [ -94.889504464687207, 39.288798555949299 ], [ -94.889935301279294, 39.289206533548104 ], [ -94.895217, 39.294208 ], [ -94.900049, 39.300192 ], [ -94.900724488062707, 39.301521976496403 ], [ -94.900864315537106, 39.301797284477203 ], [ -94.903137, 39.306272 ], [ -94.905329, 39.311952 ], [ -94.905983679819101, 39.314754249766501 ], [ -94.908065, 39.323663 ], [ -94.908216615631403, 39.325115119898399 ], [ -94.908698072809699, 39.329726343307797 ], [ -94.909804985649401, 39.340327955722799 ], [ -94.910641, 39.348335 ], [ -94.910164172174305, 39.351550531234999 ], [ -94.910017, 39.352543 ], [ -94.909409, 39.354255 ], [ -94.907297, 39.356735 ], [ -94.902497, 39.360383 ], [ -94.899024, 39.362431 ], [ -94.896832, 39.363135 ], [ -94.890928, 39.364031 ], [ -94.885216, 39.366911 ], [ -94.88136, 39.370383 ], [ -94.879088, 39.375703 ], [ -94.879281, 39.37978 ], [ -94.880229490285799, 39.382080843043099 ], [ -94.880979, 39.383899 ], [ -94.882956606819207, 39.386783071027203 ], [ -94.885026, 39.389801 ], [ -94.886866028956604, 39.391027841405197 ], [ -94.888972, 39.392432 ], [ -94.891845, 39.393313 ], [ -94.892856601149902, 39.393394341253902 ], [ -94.894979, 39.393565 ], [ -94.895121648073399, 39.393549013578003 ], [ -94.901823, 39.392798 ], [ -94.909581, 39.388865 ], [ -94.915859, 39.386348 ], [ -94.919225, 39.385174 ], [ -94.92311, 39.384492 ], [ -94.933652, 39.385546 ], [ -94.937158, 39.386531 ], [ -94.938199849043997, 39.387113270103796 ], [ -94.939697, 39.38795 ], [ -94.942039, 39.389499 ], [ -94.945577, 39.393851 ], [ -94.946227, 39.395648 ], [ -94.946662, 39.399717 ], [ -94.946293, 39.405646 ], [ -94.947864, 39.408604 ], [ -94.951209, 39.411707 ], [ -94.954817, 39.413844 ], [ -94.966066, 39.417288 ], [ -94.968848621773205, 39.419072902755197 ], [ -94.972952, 39.421705 ], [ -94.976606, 39.426701 ], [ -94.978798, 39.436241 ], [ -94.982144, 39.440552 ], [ -94.990172, 39.446192 ], [ -94.995768, 39.448174 ], [ -95.000362825683695, 39.4492358246519 ], [ -95.014922814036794, 39.452600512592099 ], [ -95.015825, 39.452809 ], [ -95.028498, 39.458287 ], [ -95.033408, 39.460876 ], [ -95.0375, 39.463689 ], [ -95.04078, 39.466387 ], [ -95.045716, 39.472459 ], [ -95.047133, 39.474971 ], [ -95.04837, 39.48042 ], [ -95.049845, 39.494415 ], [ -95.050552, 39.497514 ], [ -95.052177, 39.499996 ], [ -95.05638, 39.503972 ], [ -95.059461, 39.506143 ], [ -95.077441, 39.513552 ], [ -95.082714, 39.516712 ], [ -95.092704, 39.524241 ], [ -95.096816339113005, 39.527918038488103 ], [ -95.102888, 39.533347 ], [ -95.101408, 39.533255 ] ] ] ] } },
{ "type": "Feature", "properties": { "STATEFP": "29", "COUNTYFP": "127", "COUNTYNS": "00758517", "GEOIDFQ": "0500000US29127", "GEOID": "29127", "NAME": "Marion", "NAMELSAD": "Marion County", "STUSPS": "MO", "STATE_NAME": "Missouri", "LSAD": "06", "ALAND": 1131623305.0, "AWATER": 19113754.0 }, "geometry": { "type": "MultiPolygon", "coordinates": [ [ [ [ -91.846752, 39.664904 ], [ -91.845483, 39.738258 ], [ -91.845035, 39.760029 ], [ -91.845033, 39.763438 ], [ -91.844145, 39.796415 ], [ -91.843654, 39.810908 ], [ -91.843385, 39.818488 ], [ -91.842933, 39.845093 ], [ -91.842573, 39.861176 ], [ -91.842461, 39.861356 ], [ -91.840978, 39.913431 ], [ -91.840917, 39.915367 ], [ -91.840785, 39.919518 ], [ -91.84104, 39.919791 ], [ -91.840687, 39.934167 ], [ -91.840471, 39.941619 ], [ -91.840353, 39.948235 ], [ -91.787269, 39.947826 ], [ -91.758286, 39.94769 ], [ -91.740468, 39.947585 ], [ -91.625158, 39.947141 ], [ -91.620297, 39.946715 ], [ -91.617133, 39.946721 ], [ -91.603538, 39.94675 ], [ -91.575774, 39.946812 ], [ -91.575164, 39.946917 ], [ -91.573202, 39.946994 ], [ -91.572724, 39.946707 ], [ -91.569473, 39.946676 ], [ -91.456112, 39.945523 ], [ -91.455526, 39.945558 ], [ -91.435477500862703, 39.945277915357401 ], [ -91.429055, 39.940741 ], [ -91.425782, 39.937765 ], [ -91.4241157731621, 39.935743592656401 ], [ -91.421916099964307, 39.933075027096002 ], [ -91.421832, 39.932973 ], [ -91.420073311490498, 39.929233652586603 ], [ -91.41936, 39.927717 ], [ -91.418807, 39.922126 ], [ -91.41988, 39.916533 ], [ -91.420878, 39.914865 ], [ -91.4277611068092, 39.908784553083599 ], [ -91.428956, 39.907729 ], [ -91.443513, 39.893583 ], [ -91.446922, 39.883034 ], [ -91.447844, 39.877951 ], [ -91.446385, 39.870394 ], [ -91.440450535941594, 39.856103966747703 ], [ -91.437069413281193, 39.8479623123755 ], [ -91.436051, 39.84551 ], [ -91.432919, 39.840554 ], [ -91.429519, 39.837801 ], [ -91.414513, 39.829984 ], [ -91.406223, 39.826472 ], [ -91.397853, 39.821122 ], [ -91.385773, 39.815553 ], [ -91.377971, 39.811273 ], [ -91.375148, 39.80886 ], [ -91.368948036937994, 39.801559375158 ], [ -91.367966, 39.800403 ], [ -91.363444, 39.792804 ], [ -91.361571, 39.787548 ], [ -91.361744, 39.785079 ], [ -91.363012272494899, 39.782753697561802 ], [ -91.364848, 39.779388 ], [ -91.365694, 39.77491 ], [ -91.365742691404705, 39.772623800741201 ], [ -91.365906, 39.764956 ], [ -91.365125, 39.758723 ], [ -91.366047, 39.755955 ], [ -91.367406, 39.75388 ], [ -91.369953, 39.745042 ], [ -91.370009, 39.732524 ], [ -91.3678314595562, 39.729150549711399 ], [ -91.367753, 39.729029 ], [ -91.354026359001296, 39.716449600257803 ], [ -91.352749, 39.715279 ], [ -91.348883859707897, 39.712229539737301 ], [ -91.3453, 39.709402 ], [ -91.331603, 39.700433 ], [ -91.330724934581099, 39.699933631734403 ], [ -91.317814, 39.692591 ], [ -91.306681975901199, 39.684880916888403 ], [ -91.322998, 39.6851 ], [ -91.336934, 39.685176 ], [ -91.341635, 39.685205 ], [ -91.343776, 39.685204 ], [ -91.344672, 39.68541 ], [ -91.346354, 39.685227 ], [ -91.348742, 39.685122 ], [ -91.372725, 39.685235 ], [ -91.374867, 39.685316 ], [ -91.375655, 39.685374 ], [ -91.379398, 39.685513 ], [ -91.386523, 39.685422 ], [ -91.387549, 39.685405 ], [ -91.395837, 39.68549 ], [ -91.396997, 39.685263 ], [ -91.397356, 39.685417 ], [ -91.405869, 39.685394 ], [ -91.417587, 39.685357 ], [ -91.418856, 39.685324 ], [ -91.422608, 39.685387 ], [ -91.472075, 39.685422 ], [ -91.510461, 39.685397 ], [ -91.510876, 39.685398 ], [ -91.527478, 39.685381 ], [ -91.538305, 39.685365 ], [ -91.547908, 39.685347 ], [ -91.556718, 39.68533 ], [ -91.566167, 39.685455 ], [ -91.566609, 39.68546 ], [ -91.621463, 39.685743 ], [ -91.633299, 39.686039 ], [ -91.64272, 39.686073 ], [ -91.644884, 39.685882 ], [ -91.645788, 39.685913 ], [ -91.715497, 39.686492 ], [ -91.715681, 39.685386 ], [ -91.71551, 39.670173 ], [ -91.71443, 39.664246 ], [ -91.714172, 39.657471 ], [ -91.715247, 39.657644 ], [ -91.717463, 39.657825 ], [ -91.73151, 39.657848 ], [ -91.734621, 39.657365 ], [ -91.749807, 39.657748 ], [ -91.75075, 39.658415 ], [ -91.753372, 39.658024 ], [ -91.762573, 39.657932 ], [ -91.763195, 39.657916 ], [ -91.772069, 39.658032 ], [ -91.807593, 39.658386 ], [ -91.808601, 39.658308 ], [ -91.846743, 39.658513 ], [ -91.846683, 39.664338 ], [ -91.846752, 39.664904 ] ] ] ] } },
{ "type": "Feature", "properties": { "STATEFP": "29", "COUNTYFP": "045", "COUNTYNS": "00758477", "GEOIDFQ": "0500000US29045", "GEOID": "29045", "NAME": "Clark", "NAMELSAD": "Clark County", "STUSPS": "MO", "STATE_NAME": "Missouri", "LSAD": "06", "ALAND": 1306924726.0, "AWATER": 18695976.0 }, "geometry": { "type": "MultiPolygon", "coordinates": [ [ [ [ -91.95078, 40.257586 ], [ -91.950677, 40.262019 ], [ -91.949747, 40.300832 ], [ -91.948608, 40.32972 ], [ -91.946748, 40.387766 ], [ -91.946213, 40.388385 ], [ -91.946397, 40.401377 ], [ -91.946572, 40.401811 ], [ -91.946369, 40.402103 ], [ -91.945665, 40.430529 ], [ -91.945363, 40.445951 ], [ -91.945032, 40.475558 ], [ -91.944744, 40.496956 ], [ -91.94458, 40.504332 ], [ -91.943113186633994, 40.605841707970001 ], [ -91.939292, 40.60615 ], [ -91.868401, 40.608059 ], [ -91.8332500099241, 40.609759791223603 ], [ -91.832481, 40.609797 ], [ -91.832394813702606, 40.6098014359766 ], [ -91.824826, 40.610191 ], [ -91.824196113217795, 40.610210433788197 ], [ -91.813968, 40.610526 ], [ -91.800133, 40.610953 ], [ -91.795374, 40.611101 ], [ -91.785916, 40.611488 ], [ -91.729115, 40.61364 ], [ -91.720058, 40.601527 ], [ -91.716769, 40.59853 ], [ -91.712025, 40.595046 ], [ -91.696359, 40.588148 ], [ -91.68882, 40.583409 ], [ -91.686357, 40.580875 ], [ -91.685381, 40.578892 ], [ -91.685723, 40.576785 ], [ -91.691557, 40.564867 ], [ -91.691591, 40.562222 ], [ -91.690804, 40.559893 ], [ -91.689526288683496, 40.558372985064103 ], [ -91.6887, 40.55739 ], [ -91.681714, 40.553035 ], [ -91.670993, 40.550937 ], [ -91.654345, 40.549189 ], [ -91.638082, 40.545541 ], [ -91.625161, 40.5435 ], [ -91.6229943727228, 40.542697397807103 ], [ -91.6219, 40.542292 ], [ -91.620412, 40.541092 ], [ -91.620071, 40.540817 ], [ -91.618999, 40.539084 ], [ -91.618028, 40.53403 ], [ -91.618793, 40.526286 ], [ -91.622196, 40.51704 ], [ -91.622362, 40.514362 ], [ -91.621353, 40.510072 ], [ -91.619486, 40.507134 ], [ -91.616948, 40.504794 ], [ -91.612821, 40.502377 ], [ -91.608347, 40.50004 ], [ -91.602250306697897, 40.4977962851695 ], [ -91.594644, 40.494997 ], [ -91.590817, 40.492292 ], [ -91.586884, 40.487233 ], [ -91.583315, 40.479118 ], [ -91.582437, 40.474703 ], [ -91.581528, 40.472876 ], [ -91.580355, 40.471015 ], [ -91.575960197970502, 40.4668223478945 ], [ -91.574746, 40.465664 ], [ -91.567743, 40.46229 ], [ -91.563844, 40.460988 ], [ -91.560570769880897, 40.460336758393801 ], [ -91.552691, 40.458769 ], [ -91.543785, 40.458149 ], [ -91.534344781713699, 40.458679293460499 ], [ -91.5286, 40.459002 ], [ -91.526155, 40.458625 ], [ -91.52509, 40.457845 ], [ -91.523864, 40.456331 ], [ -91.523072, 40.452254 ], [ -91.523128520539103, 40.451631137978701 ], [ -91.523271, 40.450061 ], [ -91.524053, 40.448437 ], [ -91.526108, 40.446634 ], [ -91.531912, 40.44273 ], [ -91.533548, 40.440804 ], [ -91.533623, 40.43832 ], [ -91.532807, 40.436784 ], [ -91.529132, 40.434272 ], [ -91.525, 40.433483 ], [ -91.519935, 40.433673 ], [ -91.519134, 40.432822 ], [ -91.519012, 40.431298 ], [ -91.521388, 40.426488 ], [ -91.526555, 40.419872 ], [ -91.527057, 40.416689 ], [ -91.526425, 40.413404 ], [ -91.524612, 40.410765 ], [ -91.522333, 40.409648 ], [ -91.518392, 40.408682 ], [ -91.513993, 40.408537 ], [ -91.509063, 40.406775 ], [ -91.507427, 40.405524 ], [ -91.506745, 40.404335 ], [ -91.505272, 40.403512 ], [ -91.498093, 40.401926 ], [ -91.493644, 40.402433 ], [ -91.492688645344501, 40.402903190222297 ], [ -91.489816, 40.404317 ], [ -91.488481, 40.404317 ], [ -91.487829, 40.403866 ], [ -91.487955, 40.402465 ], [ -91.488597, 40.400009 ], [ -91.490816, 40.395225 ], [ -91.490977, 40.393484 ], [ -91.484507, 40.3839 ], [ -91.482322, 40.382057 ], [ -91.480251, 40.381783 ], [ -91.471967, 40.382884 ], [ -91.465116, 40.385257 ], [ -91.463386, 40.385394 ], [ -91.463008, 40.384041 ], [ -91.465891, 40.378365 ], [ -91.463895, 40.375659 ], [ -91.451627, 40.376019 ], [ -91.445371, 40.379388 ], [ -91.445168, 40.382461 ], [ -91.441243, 40.386255 ], [ -91.436947111351301, 40.385217215206097 ], [ -91.436237546098496, 40.385045801072799 ], [ -91.435197783622399, 40.384794619122999 ], [ -91.425662, 40.382491 ], [ -91.422324, 40.380939 ], [ -91.419422, 40.378264 ], [ -91.422055931802007, 40.375971273787897 ], [ -91.426632, 40.371988 ], [ -91.429442, 40.370386 ], [ -91.433112715157094, 40.368970735378298 ], [ -91.439342, 40.366569 ], [ -91.444833, 40.36317 ], [ -91.446308, 40.361823 ], [ -91.447835, 40.359129 ], [ -91.452237, 40.35367 ], [ -91.456664171698904, 40.348637964794101 ], [ -91.46214, 40.342414 ], [ -91.466603, 40.334461 ], [ -91.466900993545707, 40.333284642904601 ], [ -91.469656, 40.322409 ], [ -91.471826, 40.31734 ], [ -91.486078, 40.293426 ], [ -91.489868, 40.286048 ], [ -91.4907990531932, 40.283497780498003 ], [ -91.491476943915004, 40.281640990626698 ], [ -91.492727, 40.278217 ], [ -91.493061, 40.275262 ], [ -91.492891, 40.269923 ], [ -91.490525, 40.264814 ], [ -91.489969, 40.26234 ], [ -91.490524, 40.259498 ], [ -91.496179940625794, 40.250487295646799 ], [ -91.497263321357494, 40.248761318639403 ], [ -91.500154, 40.248862 ], [ -91.547685, 40.249413 ], [ -91.609698, 40.250634 ], [ -91.615436, 40.250704 ], [ -91.633162, 40.251411 ], [ -91.642912, 40.251506 ], [ -91.647798, 40.251371 ], [ -91.722291, 40.253115 ], [ -91.722921, 40.25321 ], [ -91.729527, 40.253597 ], [ -91.781416, 40.254979 ], [ -91.834875, 40.255687 ], [ -91.837815, 40.255863 ], [ -91.837832, 40.255218 ], [ -91.883755, 40.255825 ], [ -91.893609, 40.256051 ], [ -91.941254, 40.257002 ], [ -91.950812, 40.25721 ], [ -91.95078, 40.257586 ] ] ] ] } },
{ "type": "Feature", "properties": { "STATEFP": "29", "COUNTYFP": "129", "COUNTYNS": "00758519", "GEOIDFQ": "0500000US29129", "GEOID": "29129", "NAME": "Mercer", "NAMELSAD": "Mercer County", "STUSPS": "MO", "STATE_NAME": "Missouri", "LSAD": "06", "ALAND": 1175427717.0, "AWATER": 3302140.0 }, "geometry": { "type": "MultiPolygon", "coordinates": [ [ [ [ -93.774671, 40.508764 ], [ -93.774355, 40.524125 ], [ -93.774319, 40.524292 ], [ -93.774344270835201, 40.577584369066301 ], [ -93.770231, 40.577615 ], [ -93.750223, 40.57772 ], [ -93.747847261013106, 40.577655704813097 ], [ -93.742759, 40.577518 ], [ -93.738009002499197, 40.577538727261803 ], [ -93.737259, 40.577542 ], [ -93.728355, 40.577547 ], [ -93.722443, 40.577641 ], [ -93.699862069649001, 40.577805557387201 ], [ -93.690333, 40.577875 ], [ -93.677099, 40.578127 ], [ -93.671249475281797, 40.578207790624901 ], [ -93.669118065894807, 40.5782372285544 ], [ -93.668845, 40.578241 ], [ -93.661913, 40.578354 ], [ -93.659272, 40.57833 ], [ -93.656211, 40.578352 ], [ -93.633096119230004, 40.578801267293002 ], [ -93.6231598366806, 40.578994391662 ], [ -93.597352, 40.579496 ], [ -93.566189, 40.580117 ], [ -93.56581, 40.580075 ], [ -93.56524, 40.580143 ], [ -93.560798, 40.580304 ], [ -93.558938, 40.580189 ], [ -93.556899, 40.580235 ], [ -93.553986, 40.580303 ], [ -93.548284, 40.580417 ], [ -93.532732973365398, 40.580378329321498 ], [ -93.528177, 40.580367 ], [ -93.527607, 40.580436 ], [ -93.527060753191094, 40.5804430574523 ], [ -93.524124, 40.580481 ], [ -93.523154849405799, 40.580474074713997 ], [ -93.520548882430006, 40.5804554531843 ], [ -93.513634902678703, 40.580406047769699 ], [ -93.489050855750094, 40.580230376871597 ], [ -93.466887, 40.580072 ], [ -93.465297, 40.580164 ], [ -93.441767, 40.579916 ], [ -93.441646787347906, 40.579916746298103 ], [ -93.374386008140604, 40.580334311270498 ], [ -93.374688, 40.559341 ], [ -93.375217, 40.552654 ], [ -93.37482, 40.472553 ], [ -93.374471, 40.471949 ], [ -93.366968, 40.471794 ], [ -93.366795, 40.455945 ], [ -93.366994, 40.45211 ], [ -93.367015, 40.426635 ], [ -93.367014, 40.412212 ], [ -93.366935, 40.382999 ], [ -93.367073, 40.368411 ], [ -93.367295, 40.324665 ], [ -93.367265, 40.306006 ], [ -93.366995, 40.302856 ], [ -93.367254, 40.295642 ], [ -93.367214, 40.266314 ], [ -93.376643, 40.266196 ], [ -93.405196, 40.265839 ], [ -93.414048, 40.265723 ], [ -93.456457, 40.265384 ], [ -93.475882, 40.265239 ], [ -93.499177, 40.265117 ], [ -93.500219, 40.264751 ], [ -93.508685, 40.264785 ], [ -93.527773, 40.264862 ], [ -93.57091, 40.264998 ], [ -93.614269, 40.26461 ], [ -93.623899, 40.264596 ], [ -93.62522, 40.264165 ], [ -93.652328, 40.264238 ], [ -93.694071, 40.26378 ], [ -93.70767, 40.263695 ], [ -93.758578, 40.264086 ], [ -93.763324, 40.263988 ], [ -93.76351, 40.292626 ], [ -93.763456, 40.321758 ], [ -93.763398, 40.321839 ], [ -93.763612, 40.343247 ], [ -93.763713, 40.343936 ], [ -93.763468, 40.350847 ], [ -93.763551, 40.365519 ], [ -93.764073, 40.375006 ], [ -93.764108, 40.380054 ], [ -93.764516, 40.42387 ], [ -93.764436, 40.427631 ], [ -93.764485, 40.442179 ], [ -93.764606, 40.456432 ], [ -93.764787, 40.467862 ], [ -93.764823, 40.472515 ], [ -93.774548, 40.47235 ], [ -93.774514, 40.488515 ], [ -93.774821, 40.502759 ], [ -93.774671, 40.508764 ] ] ] ] } },
{ "type": "Feature", "properties": { "STATEFP": "29", "COUNTYFP": "209", "COUNTYNS": "00758557", "GEOIDFQ": "0500000US29209", "GEOID": "29209", "NAME": "Stone", "NAMELSAD": "Stone County", "STUSPS": "MO", "STATE_NAME": "Missouri", "LSAD": "06", "ALAND": 1201273286.0, "AWATER": 121206420.0 }, "geometry": { "type": "MultiPolygon", "coordinates": [ [ [ [ -93.61286, 36.825866 ], [ -93.612775, 36.834776 ], [ -93.612676, 36.835486 ], [ -93.611904, 36.863981 ], [ -93.612195, 36.864269 ], [ -93.612007, 36.871372 ], [ -93.611853, 36.88608 ], [ -93.611238, 36.914734 ], [ -93.611192, 36.916347 ], [ -93.611003, 36.922831 ], [ -93.610612, 36.951725 ], [ -93.610126, 36.99581 ], [ -93.601319, 36.995693 ], [ -93.587284, 36.995528 ], [ -93.573678, 36.995334 ], [ -93.555664, 36.995128 ], [ -93.537351, 36.994772 ], [ -93.523647, 36.994485 ], [ -93.518704, 36.994338 ], [ -93.502768, 36.994105 ], [ -93.50134, 36.994084 ], [ -93.474372, 36.99391 ], [ -93.46554, 36.993842 ], [ -93.465381, 36.993843 ], [ -93.447031, 36.993701 ], [ -93.429169, 36.993449 ], [ -93.375088, 36.993028 ], [ -93.371244, 36.992878 ], [ -93.368779, 36.992839 ], [ -93.342398, 36.992569 ], [ -93.337451, 36.992494 ], [ -93.337912, 36.974871 ], [ -93.338063, 36.97025 ], [ -93.338406, 36.959328 ], [ -93.338708, 36.948624 ], [ -93.339397, 36.923003 ], [ -93.339814, 36.904754 ], [ -93.340222, 36.890081 ], [ -93.340179, 36.88916 ], [ -93.341371, 36.846802 ], [ -93.342041, 36.817301 ], [ -93.341308, 36.817292 ], [ -93.311055, 36.816944 ], [ -93.304359, 36.816866 ], [ -93.305029, 36.797876 ], [ -93.305288, 36.790301 ], [ -93.305357, 36.788297 ], [ -93.305851, 36.773708 ], [ -93.306599, 36.758879 ], [ -93.306934, 36.751079 ], [ -93.307712, 36.729984 ], [ -93.30956, 36.729997 ], [ -93.310429, 36.702523 ], [ -93.310561, 36.692455 ], [ -93.310564, 36.692159 ], [ -93.310614, 36.687905 ], [ -93.310704, 36.680135 ], [ -93.310761, 36.67545 ], [ -93.310802, 36.672922 ], [ -93.310934, 36.668311 ], [ -93.311009, 36.665673 ], [ -93.311215, 36.658443 ], [ -93.311799, 36.640034 ], [ -93.311799, 36.640015 ], [ -93.312067, 36.628746 ], [ -93.312056, 36.627957 ], [ -93.312285, 36.613018 ], [ -93.312774, 36.595929 ], [ -93.313022, 36.585474 ], [ -93.313208, 36.578381 ], [ -93.313277, 36.574734 ], [ -93.313319, 36.572059 ], [ -93.313402, 36.568027 ], [ -93.313648, 36.557583 ], [ -93.314502, 36.53117 ], [ -93.314552, 36.531005 ], [ -93.314903, 36.51426 ], [ -93.315323126598599, 36.498407959193301 ], [ -93.315337, 36.498408 ], [ -93.329802027649393, 36.498428226730198 ], [ -93.384272049789601, 36.498504393224202 ], [ -93.391215128502907, 36.498514101866498 ], [ -93.394718, 36.498519 ], [ -93.395220425018294, 36.498574373807998 ], [ -93.395235193081305, 36.498576001441698 ], [ -93.396079, 36.498669 ], [ -93.398671945328203, 36.498661953496999 ], [ -93.400050634758799, 36.498658206815897 ], [ -93.401322768326594, 36.498654749707498 ], [ -93.418540336804398, 36.498607959809398 ], [ -93.426989, 36.498585 ], [ -93.433447942734304, 36.498611183057903 ], [ -93.438039115426093, 36.498629794608597 ], [ -93.4397809817075, 36.4986368557311 ], [ -93.474757611863296, 36.498778642888702 ], [ -93.477713617689503, 36.498790625851697 ], [ -93.489236408066205, 36.4988373365751 ], [ -93.507408, 36.498911 ], [ -93.514399973717502, 36.498881473083998 ], [ -93.514512, 36.498881 ], [ -93.583217788482202, 36.498895771414603 ], [ -93.584262058264599, 36.498895995927597 ], [ -93.584119, 36.507955 ], [ -93.583981, 36.518672 ], [ -93.584155, 36.519254 ], [ -93.582616, 36.562924 ], [ -93.581784, 36.586067 ], [ -93.58107, 36.610067 ], [ -93.580682, 36.629017 ], [ -93.57981, 36.649583 ], [ -93.579333, 36.661741 ], [ -93.579252, 36.663844 ], [ -93.579247, 36.663977 ], [ -93.578152, 36.692861 ], [ -93.577975, 36.697533 ], [ -93.576438, 36.735675 ], [ -93.576421, 36.736109 ], [ -93.575396, 36.766 ], [ -93.575067, 36.779586 ], [ -93.5738, 36.820032 ], [ -93.590944, 36.819946 ], [ -93.592903, 36.820278 ], [ -93.612929, 36.820562 ], [ -93.61286, 36.825866 ] ] ] ] } },
{ "type": "Feature", "properties": { "STATEFP": "29", "COUNTYFP": "091", "COUNTYNS": "00758500", "GEOIDFQ": "0500000US29091", "GEOID": "29091", "NAME": "Howell", "NAMELSAD": "Howell County", "STUSPS": "MO", "STATE_NAME": "Missouri", "LSAD": "06", "ALAND": 2401376472.0, "AWATER": 2920041.0 }, "geometry": { "type": "MultiPolygon", "coordinates": [ [ [ [ -92.120386430802398, 36.4988632711175 ], [ -92.119042, 36.539149 ], [ -92.11909, 36.539626 ], [ -92.118923, 36.553208 ], [ -92.11832, 36.572998 ], [ -92.11818, 36.57945 ], [ -92.11809, 36.5801 ], [ -92.117067, 36.618779 ], [ -92.116461, 36.64606 ], [ -92.116363, 36.651393 ], [ -92.115662, 36.680231 ], [ -92.11556, 36.68967 ], [ -92.115315, 36.692337 ], [ -92.114697, 36.718853 ], [ -92.114301, 36.733528 ], [ -92.1136, 36.762436 ], [ -92.113588, 36.76275 ], [ -92.113018, 36.77719 ], [ -92.112346, 36.794231 ], [ -92.095982, 36.794011 ], [ -92.094678, 36.837495 ], [ -92.094676, 36.837565 ], [ -92.093466, 36.869977 ], [ -92.093229, 36.881607 ], [ -92.093066, 36.895091 ], [ -92.092247, 36.918598 ], [ -92.090922, 36.968928 ], [ -92.090912, 36.969257 ], [ -92.090282, 36.99616 ], [ -92.089904, 37.000054 ], [ -92.089628, 37.012494 ], [ -92.089032, 37.035362 ], [ -92.089202, 37.03787 ], [ -92.088708, 37.056248 ], [ -92.03556, 37.055952 ], [ -92.018467, 37.055856 ], [ -91.980803, 37.05564 ], [ -91.927337, 37.053029 ], [ -91.918858, 37.0527 ], [ -91.875058, 37.050697 ], [ -91.854039, 37.050372 ], [ -91.836172, 37.050399 ], [ -91.817542, 37.05021 ], [ -91.813224, 37.050139 ], [ -91.79944, 37.05002 ], [ -91.763216, 37.049862 ], [ -91.740988, 37.049809 ], [ -91.732521, 37.049302 ], [ -91.721808, 37.049423 ], [ -91.690331, 37.0488 ], [ -91.687124, 37.048893 ], [ -91.6712, 37.048892 ], [ -91.655607, 37.048925 ], [ -91.655608, 37.048752 ], [ -91.656156, 36.990265 ], [ -91.656119, 36.975689 ], [ -91.656339, 36.960627 ], [ -91.657814, 36.889648 ], [ -91.658111, 36.888724 ], [ -91.658466, 36.875056 ], [ -91.658206, 36.873591 ], [ -91.658188, 36.866487 ], [ -91.658576, 36.85896 ], [ -91.658413, 36.857609 ], [ -91.65823, 36.840698 ], [ -91.658693, 36.830984 ], [ -91.660017, 36.787531 ], [ -91.664239, 36.787597 ], [ -91.674237, 36.787832 ], [ -91.674892, 36.767728 ], [ -91.674718, 36.766188 ], [ -91.67658, 36.69391 ], [ -91.67703, 36.679217 ], [ -91.677729, 36.645569 ], [ -91.678333, 36.62506 ], [ -91.677974, 36.60675 ], [ -91.672304, 36.606604 ], [ -91.671905, 36.595014 ], [ -91.672053, 36.59115 ], [ -91.671926, 36.544696 ], [ -91.67187, 36.544225 ], [ -91.67225, 36.507778 ], [ -91.672406, 36.500062 ], [ -91.672343, 36.499463 ], [ -91.686026, 36.499374 ], [ -91.687615, 36.499397 ], [ -91.708468473280007, 36.499296599135 ], [ -91.708470114520495, 36.499296591233097 ], [ -91.726663, 36.499209 ], [ -91.766111, 36.499114 ], [ -91.767134079131395, 36.499111800066402 ], [ -91.7816606869455, 36.499080563408299 ], [ -91.784713, 36.499074 ], [ -91.7995, 36.498952 ], [ -91.80204, 36.498963 ], [ -91.805981, 36.498987 ], [ -91.836928898569496, 36.498882081091701 ], [ -91.845641835720997, 36.498852542677298 ], [ -91.864385, 36.498789 ], [ -91.865995, 36.498783 ], [ -91.925761487022399, 36.498607402552203 ], [ -91.931581583685201, 36.498590302766502 ], [ -91.9364102841609, 36.498576115760997 ], [ -91.9545929285878, 36.498522694084201 ], [ -91.985745106151896, 36.498431167157499 ], [ -91.985802, 36.498431 ], [ -91.988751, 36.498498 ], [ -92.019375, 36.498524 ], [ -92.028847, 36.498642 ], [ -92.0428348913577, 36.498656537189397 ], [ -92.055789, 36.49867 ], [ -92.057178, 36.49867 ], [ -92.074934, 36.498761 ], [ -92.098356, 36.498803 ], [ -92.112478347129596, 36.498842246613897 ], [ -92.120306, 36.498864 ], [ -92.120386430802398, 36.4988632711175 ] ] ] ] } },
{ "type": "Feature", "properties": { "STATEFP": "29", "COUNTYFP": "119", "COUNTYNS": "00758518", "GEOIDFQ": "0500000US29119", "GEOID": "29119", "NAME": "McDonald", "NAMELSAD": "McDonald County", "STUSPS": "MO", "STATE_NAME": "Missouri", "LSAD": "06", "ALAND": 1397155461.0, "AWATER": 520251.0 }, "geometry": { "type": "MultiPolygon", "coordinates": [ [ [ [ -94.618307, 36.76656 ], [ -94.541428, 36.764129 ], [ -94.522883, 36.76352 ], [ -94.505747, 36.762922 ], [ -94.453153, 36.761083 ], [ -94.451853, 36.760885 ], [ -94.433848, 36.760254 ], [ -94.41597, 36.759648 ], [ -94.365586, 36.757903 ], [ -94.344815, 36.757231 ], [ -94.326515, 36.756648 ], [ -94.326292, 36.756518 ], [ -94.290357, 36.755274 ], [ -94.281469, 36.754884 ], [ -94.219932, 36.752991 ], [ -94.193497, 36.752134 ], [ -94.165951, 36.751232 ], [ -94.156338, 36.750946 ], [ -94.129649, 36.750051 ], [ -94.116409, 36.74953 ], [ -94.096031, 36.748832 ], [ -94.086866, 36.748588 ], [ -94.085909, 36.748565 ], [ -94.084063, 36.748373 ], [ -94.079482, 36.748155 ], [ -94.073539, 36.747997 ], [ -94.073411, 36.747976 ], [ -94.071181, 36.747886 ], [ -94.068898, 36.747818 ], [ -94.067145, 36.74774 ], [ -94.068405, 36.723141 ], [ -94.07002, 36.689993 ], [ -94.071399, 36.661202 ], [ -94.070757, 36.661162 ], [ -94.070947, 36.652886 ], [ -94.071227, 36.647092 ], [ -94.071926, 36.632716 ], [ -94.072535, 36.618838 ], [ -94.074344, 36.574786 ], [ -94.074367, 36.574272 ], [ -94.076842, 36.5091 ], [ -94.077146, 36.503777 ], [ -94.077089, 36.49873 ], [ -94.094474008372401, 36.498686333296803 ], [ -94.098588, 36.498676 ], [ -94.100252, 36.49867 ], [ -94.110673, 36.498587 ], [ -94.111473, 36.498597 ], [ -94.112281752232505, 36.498600248221997 ], [ -94.114480474569206, 36.498609079033301 ], [ -94.116029107240806, 36.498615298864998 ], [ -94.181412747365798, 36.4988779016401 ], [ -94.181418056309496, 36.498877922962599 ], [ -94.182922674813099, 36.498883966018603 ], [ -94.184113679699095, 36.498888749496402 ], [ -94.196426981866196, 36.498938203875397 ], [ -94.215435829105502, 36.499014549824203 ], [ -94.241834021306104, 36.499120573877299 ], [ -94.249195856414701, 36.499150141492699 ], [ -94.253661839718902, 36.499168078389602 ], [ -94.269429801561401, 36.499231407848299 ], [ -94.276114428821799, 36.4992582555684 ], [ -94.280087044872403, 36.499274210935802 ], [ -94.289136925463495, 36.499310558311898 ], [ -94.307057893426602, 36.499382534970202 ], [ -94.313238890113197, 36.499407359939902 ], [ -94.315971886190795, 36.499418336574898 ], [ -94.327428914243697, 36.499464351867999 ], [ -94.329442331821795, 36.499472438432797 ], [ -94.339328471067503, 36.499512144505999 ], [ -94.361203, 36.4996 ], [ -94.371896721495503, 36.4995739202243 ], [ -94.383813233778596, 36.4995448583147 ], [ -94.447361907024003, 36.499389876240002 ], [ -94.452558536215506, 36.4993772027359 ], [ -94.457096005211199, 36.499366136787202 ], [ -94.476361860764399, 36.499319151348899 ], [ -94.480283611129906, 36.4993095870106 ], [ -94.519478, 36.499214 ], [ -94.554646186146101, 36.499463106512898 ], [ -94.55929, 36.499496 ], [ -94.617648835490698, 36.499414377858898 ], [ -94.617919, 36.499414 ], [ -94.617918681554002, 36.499532166225499 ], [ -94.617899799545199, 36.506538740171997 ], [ -94.617897143961798, 36.507524151302299 ], [ -94.617894389758803, 36.508546157354502 ], [ -94.617877, 36.514999 ], [ -94.617883, 36.517799 ], [ -94.617994595351306, 36.533932359512796 ], [ -94.617997, 36.53428 ], [ -94.617868, 36.53609 ], [ -94.617869409876107, 36.536133414460899 ], [ -94.617897, 36.536983 ], [ -94.617875670237893, 36.547454885264202 ], [ -94.617814, 36.577732 ], [ -94.617824647389099, 36.583571137401897 ], [ -94.617850961400293, 36.598002011011097 ], [ -94.617853, 36.59912 ], [ -94.617864977036604, 36.606836205856602 ], [ -94.617865, 36.606851 ], [ -94.617815, 36.612604 ], [ -94.617859761993998, 36.624716595566397 ], [ -94.617859864902002, 36.624744442480001 ], [ -94.617862438161396, 36.625440766478398 ], [ -94.618019424289599, 36.667921212770501 ], [ -94.618019516158697, 36.667946072546201 ], [ -94.618025, 36.66943 ], [ -94.61813, 36.701423 ], [ -94.618149452771803, 36.708581729920198 ], [ -94.618171462704694, 36.716681509595396 ], [ -94.6182161130955, 36.733113105669297 ], [ -94.618280430535293, 36.756782286869097 ], [ -94.618307, 36.76656 ] ] ] ] } },
{ "type": "Feature", "properties": { "STATEFP": "29", "COUNTYFP": "011", "COUNTYNS": "00758460", "GEOIDFQ": "0500000US29011", "GEOID": "29011", "NAME": "Barton", "NAMELSAD": "Barton County", "STUSPS": "MO", "STATE_NAME": "Missouri", "LSAD": "06", "ALAND": 1533351028.0, "AWATER": 12152201.0 }, "geometry": { "type": "MultiPolygon", "coordinates": [ [ [ [ -94.617625, 37.367576 ], [ -94.617557, 37.396375 ], [ -94.617511, 37.410909 ], [ -94.617510177366498, 37.410957913250101 ], [ -94.617265, 37.425536 ], [ -94.617264609259095, 37.4255779591116 ], [ -94.617132, 37.439818 ], [ -94.617133058441595, 37.440047635802799 ], [ -94.617201, 37.454788 ], [ -94.617205, 37.460373 ], [ -94.617222, 37.460476 ], [ -94.61718, 37.465203 ], [ -94.617183, 37.469665 ], [ -94.617090959902498, 37.477776033587503 ], [ -94.617023, 37.483765 ], [ -94.616974599203004, 37.491572214022 ], [ -94.616879510681599, 37.506910317621397 ], [ -94.616789, 37.52151 ], [ -94.616908, 37.527804 ], [ -94.617165251648004, 37.551568315002399 ], [ -94.617172176647998, 37.552208030563101 ], [ -94.617186, 37.553485 ], [ -94.617184892869304, 37.553647790796397 ], [ -94.61716, 37.557308 ], [ -94.617130050986006, 37.560987179497999 ], [ -94.617112314993804, 37.5631660124698 ], [ -94.617081, 37.567013 ], [ -94.617083360855602, 37.5670582598216 ], [ -94.617271351877207, 37.570662224448903 ], [ -94.617315, 37.571499 ], [ -94.617283, 37.571896 ], [ -94.617428, 37.609522 ], [ -94.6173, 37.610495 ], [ -94.6174738229154, 37.636691193602402 ], [ -94.617477, 37.63717 ], [ -94.617517927194001, 37.643991612399702 ], [ -94.617575433499695, 37.653576577564799 ], [ -94.557488, 37.652594 ], [ -94.556943, 37.652636 ], [ -94.511383, 37.651689 ], [ -94.493151, 37.651342 ], [ -94.428668, 37.650009 ], [ -94.426696, 37.649961 ], [ -94.390391, 37.649301 ], [ -94.382761, 37.649143 ], [ -94.378683, 37.648803 ], [ -94.365396, 37.648567 ], [ -94.360659, 37.648475 ], [ -94.347197, 37.648213 ], [ -94.292232, 37.647099 ], [ -94.289559, 37.647038 ], [ -94.283964, 37.646927 ], [ -94.274067, 37.646693 ], [ -94.225172, 37.645465 ], [ -94.164333, 37.643694 ], [ -94.16424, 37.643365 ], [ -94.163837, 37.643577 ], [ -94.115919, 37.641514 ], [ -94.113115, 37.641427 ], [ -94.101842, 37.640935 ], [ -94.083597, 37.640165 ], [ -94.07381, 37.639752 ], [ -94.073524, 37.639722 ], [ -94.075385, 37.58157 ], [ -94.076024, 37.552754 ], [ -94.076854, 37.521707 ], [ -94.076896, 37.521599 ], [ -94.078316, 37.465098 ], [ -94.07873, 37.450801 ], [ -94.079376, 37.429152 ], [ -94.079878, 37.40712 ], [ -94.080789, 37.378043 ], [ -94.081228, 37.37806 ], [ -94.081173, 37.374934 ], [ -94.082083, 37.349291 ], [ -94.118642, 37.350192 ], [ -94.173294, 37.351492 ], [ -94.183454, 37.351663 ], [ -94.228526, 37.352722 ], [ -94.283088, 37.353839 ], [ -94.283295, 37.353982 ], [ -94.300488, 37.354502 ], [ -94.310581, 37.354834 ], [ -94.311264, 37.35485 ], [ -94.392845, 37.35643 ], [ -94.392821, 37.35688 ], [ -94.456002, 37.358322 ], [ -94.465396, 37.358697 ], [ -94.481702, 37.359342 ], [ -94.483733, 37.359417 ], [ -94.492452, 37.360038 ], [ -94.501378, 37.360363 ], [ -94.501608, 37.360408 ], [ -94.501709, 37.360436 ], [ -94.505708, 37.360665 ], [ -94.516871, 37.361243 ], [ -94.576995, 37.363155 ], [ -94.580972, 37.363414 ], [ -94.589771, 37.363813 ], [ -94.594678, 37.363655 ], [ -94.606214, 37.363847 ], [ -94.610217, 37.364074 ], [ -94.617537717161994, 37.364167103563297 ], [ -94.617537, 37.364355 ], [ -94.617621770181401, 37.367298144499301 ], [ -94.617626, 37.367445 ], [ -94.617625, 37.367576 ] ] ] ] } },
{ "type": "Feature", "properties": { "STATEFP": "29", "COUNTYFP": "109", "COUNTYNS": "00758509", "GEOIDFQ": "0500000US29109", "GEOID": "29109", "NAME": "Lawrence", "NAMELSAD": "Lawrence County", "STUSPS": "MO", "STATE_NAME": "Missouri", "LSAD": "06", "ALAND": 1584393363.0, "AWATER": 4247256.0 }, "geometry": { "type": "MultiPolygon", "coordinates": [ [ [ [ -94.062729, 36.936985 ], [ -94.06267, 36.939152 ], [ -94.062192, 36.952019 ], [ -94.062278, 36.952714 ], [ -94.06108, 36.989851 ], [ -94.060096, 37.019002 ], [ -94.059292, 37.045914 ], [ -94.059211, 37.048127 ], [ -94.058358, 37.077233 ], [ -94.056788, 37.135216 ], [ -94.056433, 37.145973 ], [ -94.056394, 37.149559 ], [ -94.056893, 37.14981 ], [ -94.056463, 37.150304 ], [ -94.056197, 37.1547 ], [ -94.055533, 37.179042 ], [ -94.055257, 37.18629 ], [ -94.053299, 37.251809 ], [ -94.052313, 37.290078 ], [ -93.955472, 37.288074 ], [ -93.954739, 37.288086 ], [ -93.953021, 37.288077 ], [ -93.952034, 37.287849 ], [ -93.948356, 37.287669 ], [ -93.945064, 37.287848 ], [ -93.864036, 37.286856 ], [ -93.855237, 37.286662 ], [ -93.845532, 37.286456 ], [ -93.841438, 37.286359 ], [ -93.837305, 37.286432 ], [ -93.785395, 37.285379 ], [ -93.767074, 37.284981 ], [ -93.761968, 37.284855 ], [ -93.759443, 37.284764 ], [ -93.750207, 37.284782 ], [ -93.747049, 37.284551 ], [ -93.735481, 37.284242 ], [ -93.733511, 37.284206 ], [ -93.710535, 37.283755 ], [ -93.703451, 37.283747 ], [ -93.673889, 37.282941 ], [ -93.625844, 37.282011 ], [ -93.605095, 37.281482 ], [ -93.60574, 37.244128 ], [ -93.605681, 37.243012 ], [ -93.606427, 37.215431 ], [ -93.606793, 37.200278 ], [ -93.60734, 37.17113 ], [ -93.607852, 37.156632 ], [ -93.607976, 37.14204 ], [ -93.608601, 37.112695 ], [ -93.608899, 37.098153 ], [ -93.609356, 37.069004 ], [ -93.609442, 37.061694 ], [ -93.61006, 37.01761 ], [ -93.610177, 37.003099 ], [ -93.610126, 36.99581 ], [ -93.610612, 36.951725 ], [ -93.611003, 36.922831 ], [ -93.657582, 36.92399 ], [ -93.683542, 36.924723 ], [ -93.719151, 36.925429 ], [ -93.719153, 36.925653 ], [ -93.755544, 36.92621 ], [ -93.814569, 36.926931 ], [ -93.81895, 36.926986 ], [ -93.827465, 36.927101 ], [ -93.882234, 36.928021 ], [ -93.894168, 36.928202 ], [ -93.895655, 36.928216 ], [ -93.900356, 36.928262 ], [ -93.913886, 36.928547 ], [ -93.923552, 36.92874 ], [ -93.927388, 36.928827 ], [ -93.936247, 36.928928 ], [ -93.949747, 36.929365 ], [ -93.949785, 36.929366 ], [ -93.952546, 36.929451 ], [ -93.953687, 36.92948 ], [ -93.954271, 36.929491 ], [ -93.957029, 36.929557 ], [ -93.963328, 36.929678 ], [ -93.96484, 36.929721 ], [ -93.972396, 36.929945 ], [ -94.008428, 36.930707 ], [ -94.008516, 36.930708 ], [ -94.008605, 36.930711 ], [ -94.02663, 36.931135 ], [ -94.06274, 36.931775 ], [ -94.062729, 36.936985 ] ] ] ] } },
{ "type": "Feature", "properties": { "STATEFP": "29", "COUNTYFP": "077", "COUNTYNS": "00758493", "GEOIDFQ": "0500000US29077", "GEOID": "29077", "NAME": "Greene", "NAMELSAD": "Greene County", "STUSPS": "MO", "STATE_NAME": "Missouri", "LSAD": "06", "ALAND": 1749093453.0, "AWATER": 6607713.0 }, "geometry": { "type": "MultiPolygon", "coordinates": [ [ [ [ -93.624415, 37.324748 ], [ -93.624639, 37.325362 ], [ -93.624372, 37.331079 ], [ -93.623858, 37.345816 ], [ -93.623928, 37.347561 ], [ -93.62304, 37.369176 ], [ -93.622785, 37.38373 ], [ -93.622412, 37.394041 ], [ -93.622231, 37.398265 ], [ -93.621671, 37.412805 ], [ -93.621153, 37.427423 ], [ -93.520777, 37.425284 ], [ -93.511633, 37.42539 ], [ -93.509344, 37.425381 ], [ -93.49226, 37.424962 ], [ -93.473797, 37.424543 ], [ -93.461929, 37.42447 ], [ -93.4557, 37.424184 ], [ -93.441948, 37.423686 ], [ -93.43723, 37.423554 ], [ -93.42797, 37.42332 ], [ -93.400563, 37.42269 ], [ -93.364351, 37.421815 ], [ -93.36394, 37.42181 ], [ -93.351353, 37.421392 ], [ -93.351, 37.42135 ], [ -93.350296, 37.421469 ], [ -93.32759, 37.420544 ], [ -93.30113, 37.41996 ], [ -93.27516, 37.419387 ], [ -93.27354, 37.41925 ], [ -93.239088, 37.418943 ], [ -93.219022, 37.418287 ], [ -93.182489, 37.417204 ], [ -93.158287, 37.416799 ], [ -93.119504, 37.415694 ], [ -93.119348, 37.415622 ], [ -93.079958, 37.41492 ], [ -93.07338, 37.414989 ], [ -93.074486, 37.378546 ], [ -93.07465, 37.37339 ], [ -93.07466, 37.373377 ], [ -93.074719, 37.371349 ], [ -93.07481, 37.365195 ], [ -93.074923, 37.360364 ], [ -93.075004, 37.356916 ], [ -93.075043, 37.355204 ], [ -93.075682, 37.327807 ], [ -93.075856, 37.320747 ], [ -93.076175, 37.303502 ], [ -93.076771, 37.270745 ], [ -93.076778, 37.270412 ], [ -93.070014, 37.26995 ], [ -93.068783, 37.269872 ], [ -93.061541, 37.269832 ], [ -93.062142, 37.235117 ], [ -93.062506, 37.217812 ], [ -93.062529, 37.216671 ], [ -93.062536, 37.216457 ], [ -93.06331, 37.18928 ], [ -93.063255, 37.183743 ], [ -93.063778, 37.161781 ], [ -93.064212, 37.143111 ], [ -93.06469, 37.121547 ], [ -93.064975, 37.109935 ], [ -93.065123, 37.097196 ], [ -93.065274, 37.088694 ], [ -93.069606, 37.088748 ], [ -93.070189, 37.088756 ], [ -93.119744, 37.089808 ], [ -93.12, 37.08982 ], [ -93.120242, 37.089826 ], [ -93.13826, 37.09022 ], [ -93.16112, 37.09063 ], [ -93.1726, 37.09078 ], [ -93.173173, 37.090885 ], [ -93.19107, 37.09136 ], [ -93.2003, 37.09163 ], [ -93.209074, 37.091928 ], [ -93.20933, 37.09194 ], [ -93.218115, 37.092197 ], [ -93.219708, 37.092248 ], [ -93.225462, 37.092474 ], [ -93.229603, 37.092559 ], [ -93.230941, 37.092601 ], [ -93.231211, 37.09261 ], [ -93.231511, 37.092619 ], [ -93.231807, 37.092629 ], [ -93.231896, 37.092632 ], [ -93.259459, 37.093593 ], [ -93.263985, 37.093751 ], [ -93.265478, 37.093751 ], [ -93.26855, 37.093755 ], [ -93.271677, 37.093844 ], [ -93.27186, 37.09385 ], [ -93.272108, 37.093851 ], [ -93.278397, 37.09385 ], [ -93.297659, 37.094451 ], [ -93.316158, 37.094648 ], [ -93.320804, 37.09465 ], [ -93.325301, 37.094652 ], [ -93.334473, 37.094744 ], [ -93.345462, 37.094853 ], [ -93.352702, 37.094952 ], [ -93.354462, 37.094952 ], [ -93.354604, 37.094953 ], [ -93.37092, 37.09514 ], [ -93.3896, 37.09549 ], [ -93.407297, 37.095651 ], [ -93.41707, 37.09576 ], [ -93.444326, 37.096195 ], [ -93.44913, 37.09627 ], [ -93.46292, 37.09637 ], [ -93.463032, 37.096371 ], [ -93.481016, 37.096559 ], [ -93.48117, 37.09656 ], [ -93.48137, 37.096563 ], [ -93.490054, 37.096658 ], [ -93.4902, 37.09666 ], [ -93.490382, 37.096662 ], [ -93.49144, 37.0967 ], [ -93.498759, 37.096979 ], [ -93.510551, 37.097107 ], [ -93.516851, 37.097258 ], [ -93.60766, 37.098223 ], [ -93.608899, 37.098153 ], [ -93.608601, 37.112695 ], [ -93.607976, 37.14204 ], [ -93.607852, 37.156632 ], [ -93.60734, 37.17113 ], [ -93.606793, 37.200278 ], [ -93.606427, 37.215431 ], [ -93.605681, 37.243012 ], [ -93.60574, 37.244128 ], [ -93.605095, 37.281482 ], [ -93.625844, 37.282011 ], [ -93.624415, 37.324748 ] ] ] ] } },
{ "type": "Feature", "properties": { "STATEFP": "29", "COUNTYFP": "003", "COUNTYNS": "00758456", "GEOIDFQ": "0500000US29003", "GEOID": "29003", "NAME": "Andrew", "NAMELSAD": "Andrew County", "STUSPS": "MO", "STATE_NAME": "Missouri", "LSAD": "06", "ALAND": 1120510438.0, "AWATER": 9677371.0 }, "geometry": { "type": "MultiPolygon", "coordinates": [ [ [ [ -95.060281, 40.070975 ], [ -95.05758, 40.070383 ], [ -95.059064, 40.073261 ], [ -95.059067, 40.074737 ], [ -95.056196, 40.074575 ], [ -95.054205, 40.072594 ], [ -95.05431, 40.070782 ], [ -95.051687, 40.071105 ], [ -95.051256, 40.072021 ], [ -95.051325, 40.072412 ], [ -95.051796, 40.073387 ], [ -95.052875, 40.074735 ], [ -95.052203, 40.07651 ], [ -95.049927, 40.07517 ], [ -95.048913, 40.073441 ], [ -95.047476, 40.073098 ], [ -95.046413, 40.074636 ], [ -95.049494, 40.076597 ], [ -95.049312, 40.077368 ], [ -95.043494, 40.078447 ], [ -95.043532, 40.079584 ], [ -95.045307, 40.080603 ], [ -95.043007, 40.080531 ], [ -95.042381, 40.083693 ], [ -95.04381, 40.085821 ], [ -95.041934, 40.087239 ], [ -95.043542, 40.088909 ], [ -95.040116, 40.09185 ], [ -95.042766, 40.094078 ], [ -95.042974, 40.095062 ], [ -95.040561, 40.096799 ], [ -95.044254, 40.098288 ], [ -95.043748, 40.099454 ], [ -95.042497, 40.09966 ], [ -95.038684, 40.099202 ], [ -95.038713, 40.101009 ], [ -95.041096, 40.101604 ], [ -95.043569, 40.10149 ], [ -95.044283, 40.102154 ], [ -95.042258, 40.102703 ], [ -95.041751, 40.10531 ], [ -95.039278, 40.105859 ], [ -95.038682, 40.104372 ], [ -95.037491, 40.103663 ], [ -95.037431, 40.105882 ], [ -95.033587, 40.108718 ], [ -95.034718, 40.110434 ], [ -95.036655, 40.110686 ], [ -95.035881, 40.108398 ], [ -95.036626, 40.108123 ], [ -95.040408, 40.11119 ], [ -95.041958, 40.111007 ], [ -95.042911, 40.112425 ], [ -95.041719, 40.113775 ], [ -95.039433, 40.11416 ], [ -95.037122, 40.113679 ], [ -95.036152, 40.114547 ], [ -95.036798, 40.115556 ], [ -95.038759, 40.116069 ], [ -95.040854, 40.115216 ], [ -95.040735, 40.117366 ], [ -95.042165, 40.117893 ], [ -95.043655, 40.116474 ], [ -95.04571, 40.119609 ], [ -95.043863, 40.120455 ], [ -95.042462, 40.119929 ], [ -95.042542, 40.122463 ], [ -95.040554, 40.123772 ], [ -95.040912, 40.124298 ], [ -95.043296, 40.124115 ], [ -95.043857, 40.125458 ], [ -95.042873, 40.126406 ], [ -95.04034, 40.126292 ], [ -95.039267, 40.126955 ], [ -95.040548, 40.12819 ], [ -95.046389, 40.126407 ], [ -95.048028, 40.127711 ], [ -95.047909, 40.12842 ], [ -95.046508, 40.129175 ], [ -95.043528, 40.128351 ], [ -95.04308, 40.130096 ], [ -95.022353, 40.129979 ], [ -94.973781, 40.129518 ], [ -94.973236, 40.129475 ], [ -94.966004, 40.129338 ], [ -94.955011, 40.129205 ], [ -94.936101, 40.128978 ], [ -94.898333, 40.128476 ], [ -94.858802, 40.127979 ], [ -94.838264, 40.127627 ], [ -94.837613, 40.127622 ], [ -94.784979, 40.127017 ], [ -94.74652, 40.126806 ], [ -94.727961, 40.126812 ], [ -94.671338, 40.126393 ], [ -94.658099, 40.126352 ], [ -94.652706, 40.12633 ], [ -94.605942, 40.126127 ], [ -94.606596, 40.039203 ], [ -94.605377, 40.039217 ], [ -94.604956, 39.992693 ], [ -94.604814, 39.991991 ], [ -94.604696, 39.982362 ], [ -94.604812, 39.98167 ], [ -94.604783, 39.97637 ], [ -94.604846, 39.966245 ], [ -94.604544, 39.936573 ], [ -94.604539, 39.936018 ], [ -94.604347, 39.915037 ], [ -94.604011, 39.878161 ], [ -94.603191, 39.834317 ], [ -94.602712, 39.826133 ], [ -94.60283, 39.819906 ], [ -94.710518, 39.82076 ], [ -94.727469, 39.820806 ], [ -94.75649, 39.820963 ], [ -94.756763, 39.820964 ], [ -94.767686, 39.821025 ], [ -94.767749, 39.821276 ], [ -94.799625, 39.821323 ], [ -94.80548, 39.821321 ], [ -94.815043, 39.821256 ], [ -94.815227, 39.821255 ], [ -94.824829, 39.821195 ], [ -94.834233, 39.821148 ], [ -94.838935, 39.821099 ], [ -94.843685, 39.821085 ], [ -94.848398, 39.821057 ], [ -94.876588952909401, 39.820878102387702 ], [ -94.877044, 39.823754 ], [ -94.878677, 39.826522 ], [ -94.881013, 39.828922 ], [ -94.886933, 39.833098 ], [ -94.889493, 39.834026 ], [ -94.892677, 39.834378 ], [ -94.903157, 39.83385 ], [ -94.909942, 39.834426 ], [ -94.916918, 39.836138 ], [ -94.92615, 39.841322 ], [ -94.937655, 39.849786 ], [ -94.939767, 39.85193 ], [ -94.942567, 39.856602 ], [ -94.942407, 39.861066 ], [ -94.940743, 39.86441 ], [ -94.938791, 39.866954 ], [ -94.931463, 39.872602 ], [ -94.928466, 39.876344 ], [ -94.927252, 39.880258 ], [ -94.927359, 39.883966 ], [ -94.927897, 39.886112 ], [ -94.929574, 39.888754 ], [ -94.934493, 39.893366 ], [ -94.943867, 39.89813 ], [ -94.95154, 39.900533 ], [ -94.959276, 39.901671 ], [ -94.963345, 39.901136 ], [ -94.977749, 39.897472 ], [ -94.986975, 39.89667 ], [ -94.990284, 39.89701 ], [ -94.993410251066706, 39.897793237337801 ], [ -94.993238, 39.9098 ], [ -94.993392, 39.915031 ], [ -94.997314, 39.915921 ], [ -95.000584, 39.917569 ], [ -95.0052, 39.921049 ], [ -95.006743, 39.923361 ], [ -95.004188, 39.922421 ], [ -95.001931, 39.922237 ], [ -95.001751, 39.923495 ], [ -95.003622, 39.925052 ], [ -95.005432, 39.927432 ], [ -95.002516, 39.932624 ], [ -95.00025, 39.935254 ], [ -94.997632, 39.937518 ], [ -94.992107, 39.940449 ], [ -94.988809, 39.942738 ], [ -94.988097, 39.945003 ], [ -94.990776, 39.947638 ], [ -94.992128, 39.947316 ], [ -94.995038, 39.945003 ], [ -94.997048, 39.945501 ], [ -94.995861, 39.947327 ], [ -94.991658, 39.948661 ], [ -94.991403, 39.951476 ], [ -94.992387, 39.955524 ], [ -94.995777, 39.95701 ], [ -94.996108, 39.96115 ], [ -94.997415, 39.960922 ], [ -94.997937, 39.958215 ], [ -95.000673, 39.956603 ], [ -95.002322, 39.957146 ], [ -95.003009, 39.958337 ], [ -95.001173, 39.962189 ], [ -94.999591, 39.963025 ], [ -94.999453, 39.965047 ], [ -94.997748, 39.967303 ], [ -94.996294, 39.970004 ], [ -94.9943, 39.968243 ], [ -94.994261, 39.971208 ], [ -94.995267, 39.972351 ], [ -94.996474, 39.972131 ], [ -94.997814, 39.973938 ], [ -95.005302, 39.980279 ], [ -95.004623, 39.982095 ], [ -95.004586, 39.983184 ], [ -95.00589, 39.987966 ], [ -95.004849, 39.989658 ], [ -95.004072, 39.994325 ], [ -95.004875, 39.994851 ], [ -95.003684, 39.996155 ], [ -95.00413, 39.99723 ], [ -95.008232, 39.999552 ], [ -95.008406, 40.000304 ], [ -95.010933, 40.001259 ], [ -95.009979, 40.004324 ], [ -95.01081, 40.006155 ], [ -95.009947, 40.007413 ], [ -95.007836, 40.008412 ], [ -95.00829, 40.009381 ], [ -95.010443, 40.0101 ], [ -95.009638, 40.011483 ], [ -95.011742, 40.01435 ], [ -95.011848, 40.01539 ], [ -95.010033, 40.016414 ], [ -95.009793, 40.017625 ], [ -95.010753, 40.019999 ], [ -95.010017, 40.022792 ], [ -95.007511, 40.025864 ], [ -95.004701, 40.025863 ], [ -95.004258, 40.027338 ], [ -95.005488, 40.028642 ], [ -95.009741, 40.03169 ], [ -95.009719, 40.032865 ], [ -95.007461, 40.033624 ], [ -95.006803, 40.03588 ], [ -95.009885, 40.034844 ], [ -95.01106, 40.036981 ], [ -95.008535, 40.039891 ], [ -95.011359, 40.041476 ], [ -95.015598, 40.041603 ], [ -95.015968, 40.042707 ], [ -95.013262, 40.045251 ], [ -95.011216, 40.045639 ], [ -95.010542, 40.046761 ], [ -95.012952, 40.049164 ], [ -95.015511, 40.050401 ], [ -95.018684, 40.050335 ], [ -95.018054, 40.051717 ], [ -95.020506, 40.052029 ], [ -95.025764, 40.050502 ], [ -95.027486, 40.049143 ], [ -95.029889, 40.048529 ], [ -95.031972, 40.04869 ], [ -95.033655, 40.045311 ], [ -95.035379, 40.044933 ], [ -95.036842, 40.046134 ], [ -95.03601, 40.047456 ], [ -95.034711, 40.0475 ], [ -95.034004, 40.048847 ], [ -95.037562, 40.049465 ], [ -95.036979, 40.050878 ], [ -95.035484, 40.051825 ], [ -95.037061, 40.052718 ], [ -95.03834, 40.055188 ], [ -95.038565, 40.057582 ], [ -95.03941, 40.059741 ], [ -95.042625, 40.062441 ], [ -95.046763, 40.063952 ], [ -95.049889, 40.064661 ], [ -95.052896, 40.064135 ], [ -95.055605, 40.06521 ], [ -95.057451, 40.064822 ], [ -95.058689, 40.066103 ], [ -95.059062, 40.069035 ], [ -95.06071, 40.069866 ], [ -95.060281, 40.070975 ] ] ] ] } },
{ "type": "Feature", "properties": { "STATEFP": "29", "COUNTYFP": "187", "COUNTYNS": "00758548", "GEOIDFQ": "0500000US29187", "GEOID": "29187", "NAME": "St. Francois", "NAMELSAD": "St. Francois County", "STUSPS": "MO", "STATE_NAME": "Missouri", "LSAD": "06", "ALAND": 1170380016.0, "AWATER": 7218075.0 }, "geometry": { "type": "MultiPolygon", "coordinates": [ [ [ [ -90.647843, 37.644602 ], [ -90.6476, 37.659337 ], [ -90.647348, 37.661617 ], [ -90.64706, 37.66984 ], [ -90.646549, 37.690118 ], [ -90.646042, 37.704683 ], [ -90.645135, 37.734813 ], [ -90.644802, 37.746568 ], [ -90.644501, 37.750049 ], [ -90.644374, 37.764159 ], [ -90.644337, 37.768371 ], [ -90.644121, 37.783352 ], [ -90.643755, 37.793071 ], [ -90.643592, 37.809305 ], [ -90.643472, 37.822638 ], [ -90.643438, 37.826463 ], [ -90.643306, 37.851955 ], [ -90.643052, 37.864447 ], [ -90.642853, 37.868177 ], [ -90.642757, 37.873672 ], [ -90.642761, 37.875588 ], [ -90.642572, 37.890686 ], [ -90.642477, 37.897396 ], [ -90.642392, 37.904719 ], [ -90.642052, 37.917611 ], [ -90.641593, 37.935731 ], [ -90.641491, 37.950026 ], [ -90.641418, 37.961504 ], [ -90.641405, 37.963654 ], [ -90.641396, 37.964988 ], [ -90.641302, 37.980212 ], [ -90.641238, 37.992157 ], [ -90.640509, 38.052557 ], [ -90.63998, 38.076548 ], [ -90.636477, 38.076162 ], [ -90.632542, 38.07406 ], [ -90.627138, 38.075884 ], [ -90.625212, 38.076036 ], [ -90.623119, 38.074699 ], [ -90.619854, 38.072779 ], [ -90.618065, 38.073322 ], [ -90.615712, 38.073219 ], [ -90.612914, 38.071631 ], [ -90.612166, 38.070084 ], [ -90.6124, 38.064637 ], [ -90.613812, 38.061512 ], [ -90.61891, 38.0572 ], [ -90.620171, 38.055198 ], [ -90.621128, 38.052063 ], [ -90.621447, 38.047474 ], [ -90.620453, 38.043043 ], [ -90.621508, 38.040357 ], [ -90.61953, 38.036307 ], [ -90.618034, 38.031706 ], [ -90.616445, 38.028412 ], [ -90.616778, 38.02328 ], [ -90.615787, 38.020713 ], [ -90.613589, 38.018792 ], [ -90.612751, 38.017021 ], [ -90.61345, 38.014783 ], [ -90.61651, 38.013493 ], [ -90.624905, 38.012762 ], [ -90.627756, 38.010882 ], [ -90.628084, 38.007743 ], [ -90.617067, 38.006759 ], [ -90.583324, 38.003499 ], [ -90.569132, 38.00686 ], [ -90.550518, 38.01127 ], [ -90.545413, 38.01248 ], [ -90.539229, 38.013946 ], [ -90.527582, 38.016706 ], [ -90.491507, 38.025281 ], [ -90.48728, 38.026279 ], [ -90.472435, 38.029783 ], [ -90.472329, 38.029808 ], [ -90.472101, 38.029862 ], [ -90.416953, 38.042701 ], [ -90.416022, 38.042315 ], [ -90.415849, 38.042195 ], [ -90.4122, 38.039674 ], [ -90.384375, 38.021688 ], [ -90.375121, 38.015883 ], [ -90.372623, 38.014048 ], [ -90.362185, 38.007229 ], [ -90.353772, 38.001848 ], [ -90.353646, 38.001768 ], [ -90.32287, 37.981731 ], [ -90.340007, 37.968856 ], [ -90.342277, 37.967152 ], [ -90.362131, 37.952242 ], [ -90.381084, 37.93792 ], [ -90.408671, 37.917126 ], [ -90.429023, 37.901945 ], [ -90.451207, 37.885155 ], [ -90.457463, 37.880201 ], [ -90.459133, 37.878924 ], [ -90.457567, 37.877646 ], [ -90.422987, 37.851422 ], [ -90.419784, 37.84906 ], [ -90.378906, 37.817516 ], [ -90.34833, 37.793495 ], [ -90.332214, 37.780095 ], [ -90.317865, 37.768287 ], [ -90.308885, 37.760721 ], [ -90.268155, 37.725988 ], [ -90.259278, 37.717908 ], [ -90.200208, 37.669628 ], [ -90.179086, 37.683506 ], [ -90.154187, 37.699766 ], [ -90.110537, 37.67134 ], [ -90.146778, 37.641699 ], [ -90.146778, 37.641618 ], [ -90.199223, 37.641172 ], [ -90.219478, 37.641137 ], [ -90.255629, 37.641557 ], [ -90.283736, 37.64167 ], [ -90.284361, 37.64172 ], [ -90.288414, 37.641872 ], [ -90.291362, 37.64173 ], [ -90.311173, 37.641845 ], [ -90.311324, 37.641039 ], [ -90.322679, 37.64172 ], [ -90.348017, 37.641966 ], [ -90.453576, 37.642752 ], [ -90.490497, 37.642584 ], [ -90.516756, 37.642665 ], [ -90.534701, 37.643624 ], [ -90.535016, 37.643641 ], [ -90.535006, 37.645019 ], [ -90.553423, 37.642979 ], [ -90.590223, 37.642717 ], [ -90.647874, 37.642809 ], [ -90.647843, 37.644602 ] ] ] ] } },
{ "type": "Feature", "properties": { "STATEFP": "29", "COUNTYFP": "061", "COUNTYNS": "00758485", "GEOIDFQ": "0500000US29061", "GEOID": "29061", "NAME": "Daviess", "NAMELSAD": "Daviess County", "STUSPS": "MO", "STATE_NAME": "Missouri", "LSAD": "06", "ALAND": 1458893649.0, "AWATER": 14926594.0 }, "geometry": { "type": "MultiPolygon", "coordinates": [ [ [ [ -94.218459, 40.049406 ], [ -94.216867, 40.107574 ], [ -94.216919, 40.108192 ], [ -94.216723, 40.115409 ], [ -94.216494, 40.12503 ], [ -94.216696, 40.136626 ], [ -94.136459, 40.135235 ], [ -94.103708, 40.13466 ], [ -94.086395, 40.134793 ], [ -94.085082, 40.13467 ], [ -94.080453, 40.134766 ], [ -94.073902, 40.134539 ], [ -94.009268, 40.134173 ], [ -93.990194, 40.133992 ], [ -93.990103, 40.133988 ], [ -93.950572, 40.133864 ], [ -93.934869, 40.133755 ], [ -93.877876, 40.133547 ], [ -93.872415, 40.133483 ], [ -93.867714, 40.133462 ], [ -93.810237, 40.133111 ], [ -93.809774, 40.133141 ], [ -93.764021, 40.132909 ], [ -93.764038, 40.129237 ], [ -93.764205, 40.11834 ], [ -93.764207, 40.118268 ], [ -93.764362, 40.111079 ], [ -93.764921, 40.10202 ], [ -93.76461, 40.074657 ], [ -93.764011, 40.067589 ], [ -93.764009, 40.060373 ], [ -93.764485, 40.055457 ], [ -93.764613, 40.045806 ], [ -93.764782, 40.031121 ], [ -93.76369, 40.031241 ], [ -93.763288, 40.011103 ], [ -93.763054, 39.999934 ], [ -93.762574, 39.995934 ], [ -93.761973, 39.959552 ], [ -93.761625, 39.930831 ], [ -93.760879, 39.886773 ], [ -93.760567, 39.885692 ], [ -93.760211, 39.872299 ], [ -93.759005, 39.809738 ], [ -93.759145, 39.808879 ], [ -93.759122, 39.807535 ], [ -93.75912, 39.80741 ], [ -93.758992, 39.784674 ], [ -93.852324, 39.78649 ], [ -93.870526, 39.786798 ], [ -93.88681, 39.786588 ], [ -93.889969, 39.786732 ], [ -93.91573, 39.786297 ], [ -93.932049, 39.786314 ], [ -93.94541, 39.78617 ], [ -93.983636, 39.785783 ], [ -93.983907, 39.785784 ], [ -94.012233, 39.785863 ], [ -94.026305, 39.785582 ], [ -94.093205, 39.785852 ], [ -94.107173, 39.786218 ], [ -94.130484, 39.786862 ], [ -94.161136, 39.787875 ], [ -94.162197, 39.787815 ], [ -94.167575, 39.788003 ], [ -94.205844, 39.788954 ], [ -94.205575, 39.832529 ], [ -94.205561, 39.847281 ], [ -94.205482, 39.875936 ], [ -94.205301, 39.901802 ], [ -94.205213, 39.90916 ], [ -94.204932, 39.92629 ], [ -94.204817, 39.934156 ], [ -94.204725, 39.948109 ], [ -94.204674, 39.948775 ], [ -94.204455, 39.963151 ], [ -94.204262, 39.977797 ], [ -94.203948, 40.000046 ], [ -94.203457, 40.034539 ], [ -94.20441, 40.034739 ], [ -94.2188, 40.034885 ], [ -94.218459, 40.049406 ] ] ] ] } },
{ "type": "Feature", "properties": { "STATEFP": "29", "COUNTYFP": "175", "COUNTYNS": "00758542", "GEOIDFQ": "0500000US29175", "GEOID": "29175", "NAME": "Randolph", "NAMELSAD": "Randolph County", "STUSPS": "MO", "STATE_NAME": "Missouri", "LSAD": "06", "ALAND": 1250220618.0, "AWATER": 13254192.0 }, "geometry": { "type": "MultiPolygon", "coordinates": [ [ [ [ -92.706318, 39.341679 ], [ -92.706374, 39.345647 ], [ -92.705918, 39.35092 ], [ -92.705309, 39.364334 ], [ -92.704494, 39.392959 ], [ -92.703937, 39.408078 ], [ -92.70382, 39.410801 ], [ -92.703669, 39.41469 ], [ -92.703384, 39.429679 ], [ -92.701748, 39.473093 ], [ -92.701331, 39.487369 ], [ -92.701187, 39.487748 ], [ -92.700506, 39.502157 ], [ -92.699925, 39.517839 ], [ -92.700459, 39.517827 ], [ -92.700364, 39.525138 ], [ -92.698648, 39.568836 ], [ -92.698322, 39.576134 ], [ -92.696592, 39.610371 ], [ -92.692149, 39.610265 ], [ -92.652481, 39.609791 ], [ -92.648061, 39.609541 ], [ -92.640058, 39.609544 ], [ -92.617493, 39.609229 ], [ -92.531626, 39.608252 ], [ -92.523885, 39.608127 ], [ -92.523656, 39.608058 ], [ -92.515393, 39.607935 ], [ -92.495157, 39.607653 ], [ -92.480589, 39.607615 ], [ -92.446974, 39.607322 ], [ -92.446562, 39.607307 ], [ -92.443896, 39.607301 ], [ -92.44359, 39.607292 ], [ -92.426894, 39.607043 ], [ -92.41828, 39.606951 ], [ -92.411733, 39.606699 ], [ -92.406704, 39.606686 ], [ -92.300871, 39.605348 ], [ -92.301477, 39.585237 ], [ -92.301896, 39.579705 ], [ -92.302843, 39.552215 ], [ -92.304151, 39.515952 ], [ -92.304398, 39.508824 ], [ -92.304763, 39.498444 ], [ -92.305576, 39.472062 ], [ -92.305923, 39.458605 ], [ -92.305976, 39.457151 ], [ -92.307222, 39.421224 ], [ -92.308284, 39.392089 ], [ -92.308506, 39.385243 ], [ -92.309114, 39.36984 ], [ -92.309335, 39.363248 ], [ -92.31001, 39.34877 ], [ -92.310028, 39.347795 ], [ -92.310529, 39.334108 ], [ -92.310538, 39.333905 ], [ -92.312949, 39.275018 ], [ -92.313019, 39.27482 ], [ -92.313836, 39.249986 ], [ -92.314471, 39.246454 ], [ -92.320747, 39.246537 ], [ -92.324061, 39.246602 ], [ -92.324204, 39.246605 ], [ -92.324669, 39.246612 ], [ -92.326113, 39.246645 ], [ -92.36724, 39.24748 ], [ -92.370556, 39.247688 ], [ -92.372492, 39.247724 ], [ -92.408971, 39.248172 ], [ -92.415009, 39.248573 ], [ -92.430229, 39.248795 ], [ -92.448559, 39.253586 ], [ -92.467376, 39.25858 ], [ -92.476626, 39.261035 ], [ -92.479807, 39.26188 ], [ -92.55953, 39.28297 ], [ -92.568533, 39.285326 ], [ -92.573828, 39.286708 ], [ -92.586877, 39.290122 ], [ -92.651848, 39.307165 ], [ -92.707367, 39.321614 ], [ -92.706318, 39.341679 ] ] ] ] } },
{ "type": "Feature", "properties": { "STATEFP": "29", "COUNTYFP": "137", "COUNTYNS": "00758523", "GEOIDFQ": "0500000US29137", "GEOID": "29137", "NAME": "Monroe", "NAMELSAD": "Monroe County", "STUSPS": "MO", "STATE_NAME": "Missouri", "LSAD": "06", "ALAND": 1677352687.0, "AWATER": 58366943.0 }, "geometry": { "type": "MultiPolygon", "coordinates": [ [ [ [ -92.31001, 39.34877 ], [ -92.309335, 39.363248 ], [ -92.309114, 39.36984 ], [ -92.308506, 39.385243 ], [ -92.308284, 39.392089 ], [ -92.307222, 39.421224 ], [ -92.305976, 39.457151 ], [ -92.305923, 39.458605 ], [ -92.305576, 39.472062 ], [ -92.304763, 39.498444 ], [ -92.304398, 39.508824 ], [ -92.304151, 39.515952 ], [ -92.302843, 39.552215 ], [ -92.301896, 39.579705 ], [ -92.301477, 39.585237 ], [ -92.300871, 39.605348 ], [ -92.299316, 39.605344 ], [ -92.186691, 39.604082 ], [ -92.184974, 39.662255 ], [ -92.184986, 39.662932 ], [ -92.128561, 39.661956 ], [ -92.109887, 39.661793 ], [ -92.035325, 39.660433 ], [ -91.959562, 39.659471 ], [ -91.908928, 39.659313 ], [ -91.903315, 39.659269 ], [ -91.860832, 39.658698 ], [ -91.846743, 39.658513 ], [ -91.808601, 39.658308 ], [ -91.807593, 39.658386 ], [ -91.772069, 39.658032 ], [ -91.763195, 39.657916 ], [ -91.762573, 39.657932 ], [ -91.753372, 39.658024 ], [ -91.75075, 39.658415 ], [ -91.749807, 39.657748 ], [ -91.734621, 39.657365 ], [ -91.73151, 39.657848 ], [ -91.717463, 39.657825 ], [ -91.715247, 39.657644 ], [ -91.71525, 39.649691 ], [ -91.715315, 39.642963 ], [ -91.715749, 39.642981 ], [ -91.715846, 39.633403 ], [ -91.716264, 39.59945 ], [ -91.711934, 39.599095 ], [ -91.712991, 39.528467 ], [ -91.713687, 39.502384 ], [ -91.713535, 39.499195 ], [ -91.715292, 39.444798 ], [ -91.715989, 39.433026 ], [ -91.715963, 39.426445 ], [ -91.716195, 39.411761 ], [ -91.716679, 39.383326 ], [ -91.716863, 39.382859 ], [ -91.716674, 39.381711 ], [ -91.717309, 39.360716 ], [ -91.717968, 39.339122 ], [ -91.722523, 39.339293 ], [ -91.737693, 39.339337 ], [ -91.745196, 39.339083 ], [ -91.755234, 39.338859 ], [ -91.756628, 39.338862 ], [ -91.816168, 39.337907 ], [ -91.8565, 39.337879 ], [ -91.892405, 39.338241 ], [ -91.904989, 39.338408 ], [ -91.907372, 39.338322 ], [ -91.911729, 39.338429 ], [ -91.94955, 39.339254 ], [ -91.968648, 39.339576 ], [ -91.992043, 39.339992 ], [ -91.995785, 39.340348 ], [ -91.996892, 39.340296 ], [ -92.005828, 39.340371 ], [ -92.024397, 39.340332 ], [ -92.043233, 39.340315 ], [ -92.045613, 39.340511 ], [ -92.082016, 39.34062 ], [ -92.092226, 39.340762 ], [ -92.100742, 39.340933 ], [ -92.119431, 39.341518 ], [ -92.17597, 39.343239 ], [ -92.178721, 39.343467 ], [ -92.182696, 39.343397 ], [ -92.216481, 39.34463 ], [ -92.218438, 39.344554 ], [ -92.227188, 39.344999 ], [ -92.245555, 39.345725 ], [ -92.250759, 39.346066 ], [ -92.310028, 39.347795 ], [ -92.31001, 39.34877 ] ] ] ] } },
{ "type": "Feature", "properties": { "STATEFP": "29", "COUNTYFP": "103", "COUNTYNS": "00758506", "GEOIDFQ": "0500000US29103", "GEOID": "29103", "NAME": "Knox", "NAMELSAD": "Knox County", "STUSPS": "MO", "STATE_NAME": "Missouri", "LSAD": "06", "ALAND": 1305380284.0, "AWATER": 7303439.0 }, "geometry": { "type": "MultiPolygon", "coordinates": [ [ [ [ -92.34927, 40.239763 ], [ -92.348578, 40.240797 ], [ -92.348551, 40.273915 ], [ -92.348533, 40.281135 ], [ -92.348055, 40.281599 ], [ -92.348167, 40.28717 ], [ -92.347801, 40.302756 ], [ -92.326416, 40.302864 ], [ -92.250185, 40.303488 ], [ -92.242803, 40.303827 ], [ -92.190642, 40.304139 ], [ -92.188463, 40.304049 ], [ -92.17859, 40.304195 ], [ -92.178568, 40.304195 ], [ -92.172297, 40.304135 ], [ -92.156692, 40.303968 ], [ -92.137644, 40.303727 ], [ -92.061741, 40.302725 ], [ -92.044234, 40.302403 ], [ -92.025151, 40.302026 ], [ -91.983021, 40.301404 ], [ -91.978925, 40.301283 ], [ -91.949747, 40.300832 ], [ -91.950677, 40.262019 ], [ -91.95078, 40.257586 ], [ -91.950812, 40.25721 ], [ -91.951663, 40.21395 ], [ -91.947241, 40.213799 ], [ -91.947467, 40.205179 ], [ -91.947721, 40.195989 ], [ -91.948117, 40.181484 ], [ -91.948314, 40.180646 ], [ -91.949013, 40.159542 ], [ -91.949226, 40.152881 ], [ -91.949967, 40.123164 ], [ -91.950329, 40.093991 ], [ -91.950948, 40.054661 ], [ -91.951036, 40.050784 ], [ -91.951228, 40.036336 ], [ -91.951216, 40.028805 ], [ -91.951571, 40.021677 ], [ -91.952419, 39.985701 ], [ -91.952527, 39.981171 ], [ -91.952726, 39.949426 ], [ -91.994966, 39.949946 ], [ -92.037795, 39.950604 ], [ -92.037981, 39.950661 ], [ -92.063637, 39.9513 ], [ -92.096565, 39.952203 ], [ -92.120373, 39.95283 ], [ -92.177328, 39.954494 ], [ -92.287882, 39.95249 ], [ -92.28833, 39.95249 ], [ -92.293316, 39.952598 ], [ -92.344708, 39.953297 ], [ -92.344273, 39.967913 ], [ -92.343032, 40.026213 ], [ -92.342985, 40.033294 ], [ -92.342887, 40.033699 ], [ -92.34294, 40.037163 ], [ -92.345064, 40.03721 ], [ -92.345256, 40.037955 ], [ -92.345798, 40.09532 ], [ -92.345955, 40.117136 ], [ -92.345955, 40.124171 ], [ -92.345818, 40.124563 ], [ -92.345772, 40.125037 ], [ -92.345872, 40.138998 ], [ -92.345718, 40.141551 ], [ -92.34584, 40.153788 ], [ -92.345903, 40.160808 ], [ -92.346455, 40.215888 ], [ -92.348616, 40.215834 ], [ -92.348747, 40.237393 ], [ -92.34927, 40.239763 ] ] ] ] } },
{ "type": "Feature", "properties": { "STATEFP": "29", "COUNTYFP": "221", "COUNTYNS": "00758563", "GEOIDFQ": "0500000US29221", "GEOID": "29221", "NAME": "Washington", "NAMELSAD": "Washington County", "STUSPS": "MO", "STATE_NAME": "Missouri", "LSAD": "06", "ALAND": 1968043965.0, "AWATER": 6791224.0 }, "geometry": { "type": "MultiPolygon", "coordinates": [ [ [ [ -91.097582, 37.840299 ], [ -91.096354, 37.870838 ], [ -91.095532, 37.903297 ], [ -91.095694, 37.918829 ], [ -91.095247, 37.946127 ], [ -91.094815, 37.951856 ], [ -91.094779, 37.957889 ], [ -91.093953, 38.001273 ], [ -91.094112, 38.01638 ], [ -91.094414, 38.050702 ], [ -91.094469, 38.052076 ], [ -91.094312, 38.08198 ], [ -91.09449, 38.088961 ], [ -91.095219, 38.117386 ], [ -91.095735, 38.125047 ], [ -91.095707, 38.150863 ], [ -91.095755, 38.186175 ], [ -91.095765, 38.204083 ], [ -91.085975, 38.204041 ], [ -91.085606, 38.204084 ], [ -91.008785, 38.204089 ], [ -90.98964, 38.204295 ], [ -90.978782, 38.20564 ], [ -90.970187, 38.206687 ], [ -90.97019, 38.20551 ], [ -90.952198, 38.205369 ], [ -90.934015, 38.205244 ], [ -90.895703, 38.204926 ], [ -90.892409, 38.205011 ], [ -90.884854, 38.204832 ], [ -90.881832, 38.204965 ], [ -90.864677, 38.204914 ], [ -90.858312, 38.205103 ], [ -90.835147, 38.204551 ], [ -90.819205, 38.204258 ], [ -90.790637, 38.203979 ], [ -90.780185, 38.204112 ], [ -90.767603, 38.190678 ], [ -90.754263, 38.177394 ], [ -90.75013, 38.172933 ], [ -90.745266, 38.16852 ], [ -90.716425, 38.138963 ], [ -90.715458, 38.137974 ], [ -90.71333, 38.135799 ], [ -90.71268, 38.135135 ], [ -90.706565, 38.128886 ], [ -90.702814, 38.125051 ], [ -90.701007, 38.122471 ], [ -90.693362, 38.11427 ], [ -90.681399, 38.102681 ], [ -90.680683, 38.100337 ], [ -90.676987, 38.096434 ], [ -90.676175, 38.095066 ], [ -90.677859, 38.092306 ], [ -90.683681, 38.092061 ], [ -90.685366, 38.091058 ], [ -90.685846, 38.088499 ], [ -90.684776, 38.08627 ], [ -90.680833, 38.087675 ], [ -90.677686, 38.086941 ], [ -90.674868, 38.087741 ], [ -90.669656, 38.088494 ], [ -90.668087, 38.087652 ], [ -90.663581, 38.087743 ], [ -90.661381, 38.090582 ], [ -90.660618, 38.093045 ], [ -90.661192, 38.094724 ], [ -90.66051, 38.096422 ], [ -90.659052, 38.097474 ], [ -90.657404, 38.097306 ], [ -90.65433, 38.095353 ], [ -90.651356, 38.092094 ], [ -90.651919, 38.090529 ], [ -90.653677, 38.089032 ], [ -90.657794, 38.086862 ], [ -90.659785, 38.086991 ], [ -90.662033, 38.086225 ], [ -90.661998, 38.08465 ], [ -90.659153, 38.081797 ], [ -90.656389, 38.080886 ], [ -90.650688, 38.080908 ], [ -90.644684, 38.077949 ], [ -90.63998, 38.076548 ], [ -90.640509, 38.052557 ], [ -90.641238, 37.992157 ], [ -90.641302, 37.980212 ], [ -90.641396, 37.964988 ], [ -90.641405, 37.963654 ], [ -90.641418, 37.961504 ], [ -90.641491, 37.950026 ], [ -90.641593, 37.935731 ], [ -90.642052, 37.917611 ], [ -90.642392, 37.904719 ], [ -90.642477, 37.897396 ], [ -90.642572, 37.890686 ], [ -90.642761, 37.875588 ], [ -90.642757, 37.873672 ], [ -90.642853, 37.868177 ], [ -90.643052, 37.864447 ], [ -90.643306, 37.851955 ], [ -90.643438, 37.826463 ], [ -90.643472, 37.822638 ], [ -90.643592, 37.809305 ], [ -90.643755, 37.793071 ], [ -90.644121, 37.783352 ], [ -90.644337, 37.768371 ], [ -90.644374, 37.764159 ], [ -90.644501, 37.750049 ], [ -90.644802, 37.746568 ], [ -90.645135, 37.734813 ], [ -90.662292, 37.735209 ], [ -90.700622, 37.736169 ], [ -90.738383, 37.737188 ], [ -90.742072, 37.737042 ], [ -90.76195, 37.737185 ], [ -90.762091, 37.738517 ], [ -90.783124, 37.736635 ], [ -90.818769, 37.735525 ], [ -90.82091, 37.735454 ], [ -90.83965, 37.734774 ], [ -90.874134, 37.734196 ], [ -90.874051, 37.736028 ], [ -90.875129, 37.736109 ], [ -90.887663, 37.735404 ], [ -90.892849, 37.734871 ], [ -90.910973, 37.735755 ], [ -90.91234, 37.735906 ], [ -90.96527, 37.738524 ], [ -90.98265, 37.738999 ], [ -90.982499, 37.74033 ], [ -91.000132, 37.738838 ], [ -91.000686, 37.738733 ], [ -91.055923, 37.739368 ], [ -91.085973, 37.739628 ], [ -91.100017, 37.740012 ], [ -91.097582, 37.840299 ] ] ] ] } },
{ "type": "Feature", "properties": { "STATEFP": "29", "COUNTYFP": "035", "COUNTYNS": "00758472", "GEOIDFQ": "0500000US29035", "GEOID": "29035", "NAME": "Carter", "NAMELSAD": "Carter County", "STUSPS": "MO", "STATE_NAME": "Missouri", "LSAD": "06", "ALAND": 1314052440.0, "AWATER": 4304986.0 }, "geometry": { "type": "MultiPolygon", "coordinates": [ [ [ [ -91.224467, 36.840395 ], [ -91.223498, 36.873789 ], [ -91.223037, 36.875053 ], [ -91.22283, 36.883857 ], [ -91.22248, 36.898719 ], [ -91.220666, 36.965196 ], [ -91.219053, 37.009269 ], [ -91.218681, 37.027598 ], [ -91.217854, 37.057751 ], [ -91.21715, 37.086197 ], [ -91.10974, 37.084057 ], [ -91.109651, 37.086667 ], [ -91.10269, 37.086665 ], [ -91.090392, 37.086676 ], [ -91.072514, 37.088951 ], [ -91.065418, 37.088495 ], [ -91.066736, 37.093775 ], [ -91.036046, 37.093684 ], [ -91.017766, 37.095677 ], [ -90.99989, 37.100404 ], [ -90.999899, 37.100112 ], [ -90.999991, 37.097649 ], [ -90.963562, 37.09736 ], [ -90.964466, 37.053584 ], [ -90.960852, 37.053504 ], [ -90.908628, 37.052366 ], [ -90.908184, 37.052377 ], [ -90.893154, 37.052182 ], [ -90.890054, 37.052142 ], [ -90.876554, 37.051974 ], [ -90.865389, 37.051662 ], [ -90.862781, 37.051721 ], [ -90.779553, 37.050324 ], [ -90.75012, 37.049866 ], [ -90.748559, 37.049722 ], [ -90.729722, 37.049534 ], [ -90.730938, 37.000398 ], [ -90.712986, 37.000367 ], [ -90.713239, 36.986065 ], [ -90.71342, 36.971051 ], [ -90.695419, 36.970751 ], [ -90.695574, 36.959537 ], [ -90.695691, 36.951066 ], [ -90.696194, 36.942256 ], [ -90.696891, 36.927186 ], [ -90.684536, 36.927451 ], [ -90.678568, 36.927288 ], [ -90.678562, 36.92649 ], [ -90.679729, 36.883107 ], [ -90.661244, 36.882909 ], [ -90.6615, 36.87434 ], [ -90.661797, 36.853759 ], [ -90.662617, 36.811453 ], [ -90.719283, 36.811585 ], [ -90.753959, 36.811694 ], [ -90.806803, 36.812352 ], [ -90.834406, 36.812818 ], [ -90.835251, 36.812759 ], [ -90.86186, 36.813014 ], [ -90.890424, 36.813054 ], [ -90.895724, 36.812854 ], [ -90.898389, 36.812997 ], [ -90.93378, 36.814713 ], [ -90.946726, 36.815254 ], [ -90.946326, 36.816554 ], [ -90.946726, 36.817554 ], [ -90.946826, 36.817954 ], [ -90.970226, 36.818454 ], [ -90.979627, 36.819154 ], [ -90.987527, 36.819954 ], [ -90.993627, 36.820154 ], [ -90.995427, 36.819954 ], [ -91.007738, 36.820076 ], [ -91.007917, 36.824309 ], [ -91.025335, 36.822148 ], [ -91.115926, 36.823672 ], [ -91.224825, 36.825679 ], [ -91.224467, 36.840395 ] ] ] ] } },
{ "type": "Feature", "properties": { "STATEFP": "29", "COUNTYFP": "017", "COUNTYNS": "00758463", "GEOIDFQ": "0500000US29017", "GEOID": "29017", "NAME": "Bollinger", "NAMELSAD": "Bollinger County", "STUSPS": "MO", "STATE_NAME": "Missouri", "LSAD": "06", "ALAND": 1600364576.0, "AWATER": 8530122.0 }, "geometry": { "type": "MultiPolygon", "coordinates": [ [ [ [ -90.222864, 37.10058 ], [ -90.222559, 37.116433 ], [ -90.221658, 37.125052 ], [ -90.220509, 37.167849 ], [ -90.220414, 37.174121 ], [ -90.220405, 37.174713 ], [ -90.219953, 37.205497 ], [ -90.219704, 37.221595 ], [ -90.219459, 37.235984 ], [ -90.219454, 37.236296 ], [ -90.219234, 37.24927 ], [ -90.2188, 37.254602 ], [ -90.218608, 37.278764 ], [ -90.217657, 37.314967 ], [ -90.201264, 37.313795 ], [ -90.145699, 37.312091 ], [ -90.1454, 37.342433 ], [ -90.145614, 37.357112 ], [ -90.145809, 37.366772 ], [ -90.145516, 37.403713 ], [ -90.145181, 37.405848 ], [ -90.143698, 37.465097 ], [ -90.143989, 37.480923 ], [ -90.144014, 37.487656 ], [ -90.144156, 37.490069 ], [ -90.143924, 37.496478 ], [ -90.141925, 37.496552 ], [ -90.141466, 37.500055 ], [ -90.138536, 37.541219 ], [ -90.146752, 37.597127 ], [ -90.146763, 37.597434 ], [ -90.125107, 37.597542 ], [ -90.091762, 37.598281 ], [ -90.000208, 37.598006 ], [ -89.99568, 37.598288 ], [ -89.994987, 37.598099 ], [ -89.994147, 37.59815 ], [ -89.990705, 37.59823 ], [ -89.960272, 37.59852 ], [ -89.960072, 37.598668 ], [ -89.944492, 37.598636 ], [ -89.861123, 37.599286 ], [ -89.861212, 37.584633 ], [ -89.861306, 37.559453 ], [ -89.861439, 37.547629 ], [ -89.861603, 37.546805 ], [ -89.861453, 37.525421 ], [ -89.861635, 37.513504 ], [ -89.861668, 37.511378 ], [ -89.861801, 37.502754 ], [ -89.861849, 37.499237 ], [ -89.861843, 37.496501 ], [ -89.862469, 37.496451 ], [ -89.862413, 37.475284 ], [ -89.86238, 37.459877 ], [ -89.862339, 37.447117 ], [ -89.862583, 37.407089 ], [ -89.862592, 37.404016 ], [ -89.862595, 37.402908 ], [ -89.862363, 37.369974 ], [ -89.862578, 37.359364 ], [ -89.863382, 37.319701 ], [ -89.863563, 37.310679 ], [ -89.862212, 37.310662 ], [ -89.862306, 37.292255 ], [ -89.862346, 37.284474 ], [ -89.862376, 37.272711 ], [ -89.862376, 37.271159 ], [ -89.86259, 37.248796 ], [ -89.86326, 37.219035 ], [ -89.8668, 37.218975 ], [ -89.866794, 37.21633 ], [ -89.866788, 37.213998 ], [ -89.866721, 37.184364 ], [ -89.866704, 37.177052 ], [ -89.866627, 37.126227 ], [ -89.880037, 37.126441 ], [ -89.94556, 37.127034 ], [ -89.947844, 37.127222 ], [ -89.957503, 37.127298 ], [ -89.95771, 37.127327 ], [ -89.959574, 37.127251 ], [ -89.959416, 37.098356 ], [ -89.959235, 37.079822 ], [ -89.959196, 37.05438 ], [ -89.995852, 37.054734 ], [ -89.99572, 37.04011 ], [ -90.000095, 37.040019 ], [ -90.002506, 37.040359 ], [ -90.036123, 37.040543 ], [ -90.040834, 37.040602 ], [ -90.073162, 37.040926 ], [ -90.076733, 37.040848 ], [ -90.091583, 37.041001 ], [ -90.111247, 37.041205 ], [ -90.110616, 37.077328 ], [ -90.110354, 37.085871 ], [ -90.119967, 37.085205 ], [ -90.125136, 37.085648 ], [ -90.169545, 37.08607 ], [ -90.186709, 37.086715 ], [ -90.22323, 37.086519 ], [ -90.222864, 37.10058 ] ] ] ] } },
{ "type": "Feature", "properties": { "STATEFP": "29", "COUNTYFP": "149", "COUNTYNS": "00758529", "GEOIDFQ": "0500000US29149", "GEOID": "29149", "NAME": "Oregon", "NAMELSAD": "Oregon County", "STUSPS": "MO", "STATE_NAME": "Missouri", "LSAD": "06", "ALAND": 2045687598.0, "AWATER": 4528441.0 }, "geometry": { "type": "MultiPolygon", "coordinates": [ [ [ [ -91.678333, 36.62506 ], [ -91.677729, 36.645569 ], [ -91.67703, 36.679217 ], [ -91.67658, 36.69391 ], [ -91.674718, 36.766188 ], [ -91.674892, 36.767728 ], [ -91.674237, 36.787832 ], [ -91.664239, 36.787597 ], [ -91.660017, 36.787531 ], [ -91.658693, 36.830984 ], [ -91.65823, 36.840698 ], [ -91.658413, 36.857609 ], [ -91.658576, 36.85896 ], [ -91.658188, 36.866487 ], [ -91.658206, 36.873591 ], [ -91.658466, 36.875056 ], [ -91.658111, 36.888724 ], [ -91.581742, 36.888054 ], [ -91.543717, 36.887206 ], [ -91.540223, 36.887332 ], [ -91.536878, 36.887032 ], [ -91.512022, 36.886954 ], [ -91.500138, 36.886898 ], [ -91.493151, 36.886061 ], [ -91.459202, 36.885829 ], [ -91.440994, 36.885841 ], [ -91.387743, 36.885486 ], [ -91.375138, 36.88539 ], [ -91.369319, 36.88567 ], [ -91.333626, 36.885486 ], [ -91.329875, 36.885548 ], [ -91.255172, 36.885151 ], [ -91.25383, 36.885243 ], [ -91.250129, 36.88515 ], [ -91.22283, 36.883857 ], [ -91.223037, 36.875053 ], [ -91.223498, 36.873789 ], [ -91.224467, 36.840395 ], [ -91.224825, 36.825679 ], [ -91.115926, 36.823672 ], [ -91.116498, 36.802505 ], [ -91.116349, 36.800327 ], [ -91.117526, 36.780055 ], [ -91.119618, 36.780081 ], [ -91.120814, 36.730601 ], [ -91.12197, 36.693259 ], [ -91.121823, 36.692612 ], [ -91.122058, 36.688917 ], [ -91.122382, 36.671026 ], [ -91.122897, 36.643766 ], [ -91.123182, 36.628948 ], [ -91.123514, 36.61464 ], [ -91.123985, 36.599525 ], [ -91.123512, 36.594204 ], [ -91.1268, 36.500064 ], [ -91.126529, 36.497712 ], [ -91.172386142782301, 36.497610522688298 ], [ -91.172417187414297, 36.497610453989601 ], [ -91.21736, 36.497511 ], [ -91.218645, 36.497564 ], [ -91.227398, 36.497617 ], [ -91.235647145319007, 36.497593904605097 ], [ -91.302403768433607, 36.497407003960703 ], [ -91.327467918334804, 36.497336831061801 ], [ -91.404915, 36.49712 ], [ -91.405141, 36.497165 ], [ -91.406873513431094, 36.497118996386902 ], [ -91.407137, 36.497112 ], [ -91.407261, 36.497123 ], [ -91.433103736918795, 36.497260962915497 ], [ -91.433298, 36.497262 ], [ -91.436502, 36.497377 ], [ -91.446284, 36.497469 ], [ -91.450021737881698, 36.497562207478701 ], [ -91.450022428377494, 36.497562224697504 ], [ -91.50014, 36.498812 ], [ -91.505636426350193, 36.498850950176603 ], [ -91.527435856914494, 36.499005430854801 ], [ -91.529774, 36.499022 ], [ -91.529785581270303, 36.499022218699302 ], [ -91.534480043007804, 36.499110868343202 ], [ -91.53687, 36.499156 ], [ -91.539359, 36.499116 ], [ -91.544158269897196, 36.499138028472601 ], [ -91.544700048124795, 36.499140515214798 ], [ -91.549163, 36.499161 ], [ -91.553485081197394, 36.499161091861502 ], [ -91.555138343883797, 36.499161126999901 ], [ -91.555700490608302, 36.499161138947699 ], [ -91.564771001990806, 36.499161331732203 ], [ -91.5824066465687, 36.499161706560002 ], [ -91.596213, 36.499162 ], [ -91.601317, 36.499343 ], [ -91.617692692744598, 36.499264171388099 ], [ -91.617694150685196, 36.499264164369897 ], [ -91.631439, 36.499198 ], [ -91.64259, 36.499335 ], [ -91.672343, 36.499463 ], [ -91.672406, 36.500062 ], [ -91.67225, 36.507778 ], [ -91.67187, 36.544225 ], [ -91.671926, 36.544696 ], [ -91.672053, 36.59115 ], [ -91.671905, 36.595014 ], [ -91.672304, 36.606604 ], [ -91.677974, 36.60675 ], [ -91.678333, 36.62506 ] ] ] ] } },
{ "type": "Feature", "properties": { "STATEFP": "29", "COUNTYFP": "133", "COUNTYNS": "00758521", "GEOIDFQ": "0500000US29133", "GEOID": "29133", "NAME": "Mississippi", "NAMELSAD": "Mississippi County", "STUSPS": "MO", "STATE_NAME": "Missouri", "LSAD": "06", "ALAND": 1066029407.0, "AWATER": 44515175.0 }, "geometry": { "type": "MultiPolygon", "coordinates": [ [ [ [ -89.519865, 36.876937 ], [ -89.5151, 36.876933 ], [ -89.501515, 36.876926 ], [ -89.501542, 36.901936 ], [ -89.501526, 36.906262 ], [ -89.483586, 36.906423 ], [ -89.465233, 36.906239 ], [ -89.465393, 36.935729 ], [ -89.42995, 36.935609 ], [ -89.429899, 36.950263 ], [ -89.425325, 36.95023 ], [ -89.411479, 36.950135 ], [ -89.411289, 36.964787 ], [ -89.392855, 36.964841 ], [ -89.375064, 36.964947 ], [ -89.374496, 36.983889 ], [ -89.374601, 36.992256 ], [ -89.374308, 36.994285 ], [ -89.356473, 36.999388 ], [ -89.347303, 37.001977 ], [ -89.347205, 37.00911 ], [ -89.313270665145296, 37.0095638944548 ], [ -89.29213, 36.992189 ], [ -89.278628, 36.98867 ], [ -89.274198, 36.990495 ], [ -89.269564, 36.993401 ], [ -89.266242, 36.996302 ], [ -89.263527, 37.00005 ], [ -89.257608, 37.015496 ], [ -89.260003, 37.023288 ], [ -89.266286, 37.028683 ], [ -89.277715, 37.03614 ], [ -89.291185, 37.040408 ], [ -89.301368, 37.044982 ], [ -89.304752, 37.047565 ], [ -89.307397, 37.050432 ], [ -89.309401, 37.053769 ], [ -89.310819, 37.057897 ], [ -89.30829, 37.068371 ], [ -89.307726, 37.069654 ], [ -89.294036, 37.067345 ], [ -89.283685, 37.066736 ], [ -89.283488, 37.065811 ], [ -89.280375, 37.065224 ], [ -89.264484, 37.064814 ], [ -89.259936, 37.064071 ], [ -89.255334468952995, 37.071372230744402 ], [ -89.25493, 37.072014 ], [ -89.245648, 37.057783 ], [ -89.238253, 37.042853 ], [ -89.234053, 37.037277 ], [ -89.225482, 37.031077 ], [ -89.216664322952099, 37.026319663968003 ], [ -89.205038, 37.020047 ], [ -89.200793, 37.016164 ], [ -89.198488, 37.011723 ], [ -89.196491055277903, 37.004984538364802 ], [ -89.195029, 37.000051 ], [ -89.195039, 36.989768 ], [ -89.192097, 36.979995 ], [ -89.185491, 36.973518 ], [ -89.177235, 36.970885 ], [ -89.170008, 36.970298 ], [ -89.161767, 36.972768 ], [ -89.149882, 36.977636 ], [ -89.14411, 36.979133 ], [ -89.140814, 36.979416 ], [ -89.132685, 36.9822 ], [ -89.128868, 36.983265 ], [ -89.125069, 36.983499 ], [ -89.1183, 36.981879 ], [ -89.11503, 36.980335 ], [ -89.109498, 36.976563 ], [ -89.102879, 36.9697 ], [ -89.099594, 36.964543 ], [ -89.099237386960496, 36.962626888370501 ], [ -89.099007, 36.961389 ], [ -89.098843, 36.95785 ], [ -89.100762006684704, 36.944001817075097 ], [ -89.100766, 36.943973 ], [ -89.102137, 36.939154 ], [ -89.109377, 36.920066 ], [ -89.117567, 36.887356 ], [ -89.119813, 36.882792 ], [ -89.122227802612699, 36.8790346666852 ], [ -89.124903225968495, 36.874871818238297 ], [ -89.126702, 36.872073 ], [ -89.131944, 36.857437 ], [ -89.137969, 36.847349 ], [ -89.147674, 36.847148 ], [ -89.153513, 36.8466 ], [ -89.15733, 36.843305 ], [ -89.159466, 36.842505 ], [ -89.166841, 36.842529 ], [ -89.1704, 36.841522 ], [ -89.173419, 36.839806 ], [ -89.177177, 36.835779 ], [ -89.178153, 36.834586 ], [ -89.178888, 36.831368 ], [ -89.178574, 36.816554 ], [ -89.179229, 36.812915 ], [ -89.178749, 36.809928 ], [ -89.177417, 36.807269 ], [ -89.176305953645397, 36.805667539044698 ], [ -89.175059463937103, 36.803870850192901 ], [ -89.171069, 36.798119 ], [ -89.168458, 36.795571 ], [ -89.160877, 36.790914 ], [ -89.155891, 36.789126 ], [ -89.144208, 36.788353 ], [ -89.13321, 36.788228 ], [ -89.128923, 36.787677 ], [ -89.12353, 36.785309 ], [ -89.123480977107505, 36.785257678911698 ], [ -89.120437, 36.782071 ], [ -89.116847, 36.775607 ], [ -89.116067, 36.772423 ], [ -89.116563, 36.767557 ], [ -89.119198, 36.759802 ], [ -89.12243, 36.754844 ], [ -89.126134, 36.751735 ], [ -89.130399, 36.751702 ], [ -89.135518, 36.751956 ], [ -89.142313, 36.755369 ], [ -89.151756, 36.756264 ], [ -89.15699, 36.755968 ], [ -89.166888, 36.759633 ], [ -89.169106, 36.759473 ], [ -89.174830763580104, 36.757640790485603 ], [ -89.174956161658201, 36.757600656854102 ], [ -89.179545, 36.756132 ], [ -89.184523, 36.753638 ], [ -89.191553, 36.747217 ], [ -89.197808, 36.739412 ], [ -89.199798, 36.734217 ], [ -89.201047, 36.725772 ], [ -89.200732, 36.720141 ], [ -89.19948, 36.716045 ], [ -89.19604, 36.712017 ], [ -89.184356, 36.701238 ], [ -89.174836, 36.69396 ], [ -89.169522, 36.688878 ], [ -89.168016, 36.685514 ], [ -89.167961, 36.678189 ], [ -89.169467, 36.674596 ], [ -89.171882, 36.672526 ], [ -89.168723, 36.671892 ], [ -89.15908, 36.666352 ], [ -89.164601, 36.660132 ], [ -89.165505036639701, 36.659265765286797 ], [ -89.174681875252801, 36.650472652469801 ], [ -89.174741, 36.650416 ], [ -89.183321, 36.644694 ], [ -89.187749, 36.641115 ], [ -89.192542, 36.635997 ], [ -89.197654, 36.628936 ], [ -89.199136, 36.625649 ], [ -89.200902, 36.618177 ], [ -89.202607, 36.601576 ], [ -89.213563, 36.580119 ], [ -89.217447, 36.576159 ], [ -89.220184617765597, 36.5742777197202 ], [ -89.227319, 36.569375 ], [ -89.236542, 36.566824 ], [ -89.258318, 36.564948 ], [ -89.259994, 36.565149 ], [ -89.268057, 36.568908 ], [ -89.27171, 36.571387 ], [ -89.278935, 36.577699 ], [ -89.294637, 36.593729 ], [ -89.301502, 36.604138 ], [ -89.313405, 36.62012 ], [ -89.318154, 36.625059 ], [ -89.326731, 36.632186 ], [ -89.327588721766602, 36.632193504332598 ], [ -89.327476, 36.644969 ], [ -89.336969, 36.64486 ], [ -89.336967, 36.652067 ], [ -89.345968, 36.651818 ], [ -89.346188, 36.666785 ], [ -89.355074, 36.666702 ], [ -89.354872, 36.673709 ], [ -89.364331, 36.674012 ], [ -89.364123, 36.688178 ], [ -89.373169, 36.688248 ], [ -89.373741, 36.702948 ], [ -89.39146, 36.702911 ], [ -89.39167, 36.717383 ], [ -89.400611, 36.717451 ], [ -89.400702, 36.729992 ], [ -89.401396, 36.730819 ], [ -89.404488, 36.732071 ], [ -89.415557, 36.739405 ], [ -89.418832, 36.739405 ], [ -89.418775, 36.746728 ], [ -89.42795, 36.746524 ], [ -89.428066, 36.760719 ], [ -89.436869, 36.760521 ], [ -89.436886, 36.767944 ], [ -89.445888, 36.767646 ], [ -89.44586, 36.777844 ], [ -89.445654, 36.782055 ], [ -89.445614, 36.789311 ], [ -89.463226, 36.788923 ], [ -89.463589, 36.803301 ], [ -89.472558, 36.803345 ], [ -89.472109, 36.817769 ], [ -89.483231, 36.817815 ], [ -89.48327, 36.818111 ], [ -89.483394, 36.832815 ], [ -89.502045, 36.832803 ], [ -89.502092, 36.847571 ], [ -89.519701, 36.847896 ], [ -89.519809, 36.869617 ], [ -89.519799, 36.873074 ], [ -89.519865, 36.876937 ] ] ] ] } },
{ "type": "Feature", "properties": { "STATEFP": "29", "COUNTYFP": "173", "COUNTYNS": "00758541", "GEOIDFQ": "0500000US29173", "GEOID": "29173", "NAME": "Ralls", "NAMELSAD": "Ralls County", "STUSPS": "MO", "STATE_NAME": "Missouri", "LSAD": "06", "ALAND": 1216743024.0, "AWATER": 36381069.0 }, "geometry": { "type": "MultiPolygon", "coordinates": [ [ [ [ -91.717968, 39.339122 ], [ -91.717309, 39.360716 ], [ -91.716674, 39.381711 ], [ -91.716863, 39.382859 ], [ -91.716679, 39.383326 ], [ -91.716195, 39.411761 ], [ -91.715963, 39.426445 ], [ -91.715989, 39.433026 ], [ -91.715292, 39.444798 ], [ -91.713535, 39.499195 ], [ -91.713687, 39.502384 ], [ -91.712991, 39.528467 ], [ -91.711934, 39.599095 ], [ -91.716264, 39.59945 ], [ -91.715846, 39.633403 ], [ -91.715749, 39.642981 ], [ -91.715315, 39.642963 ], [ -91.71525, 39.649691 ], [ -91.715247, 39.657644 ], [ -91.714172, 39.657471 ], [ -91.71443, 39.664246 ], [ -91.71551, 39.670173 ], [ -91.715681, 39.685386 ], [ -91.715497, 39.686492 ], [ -91.645788, 39.685913 ], [ -91.644884, 39.685882 ], [ -91.64272, 39.686073 ], [ -91.633299, 39.686039 ], [ -91.621463, 39.685743 ], [ -91.566609, 39.68546 ], [ -91.566167, 39.685455 ], [ -91.556718, 39.68533 ], [ -91.547908, 39.685347 ], [ -91.538305, 39.685365 ], [ -91.527478, 39.685381 ], [ -91.510876, 39.685398 ], [ -91.510461, 39.685397 ], [ -91.472075, 39.685422 ], [ -91.422608, 39.685387 ], [ -91.418856, 39.685324 ], [ -91.417587, 39.685357 ], [ -91.405869, 39.685394 ], [ -91.397356, 39.685417 ], [ -91.396997, 39.685263 ], [ -91.395837, 39.68549 ], [ -91.387549, 39.685405 ], [ -91.386523, 39.685422 ], [ -91.379398, 39.685513 ], [ -91.375655, 39.685374 ], [ -91.374867, 39.685316 ], [ -91.372725, 39.685235 ], [ -91.348742, 39.685122 ], [ -91.346354, 39.685227 ], [ -91.344672, 39.68541 ], [ -91.343776, 39.685204 ], [ -91.341635, 39.685205 ], [ -91.336934, 39.685176 ], [ -91.322998, 39.6851 ], [ -91.306681975901199, 39.684880916888403 ], [ -91.305348, 39.683957 ], [ -91.302485, 39.679631 ], [ -91.293788, 39.674766 ], [ -91.283329, 39.670134 ], [ -91.27614, 39.665759 ], [ -91.267708449861303, 39.657875163358298 ], [ -91.266765, 39.656993 ], [ -91.266088965975996, 39.656136511106901 ], [ -91.260475, 39.649024 ], [ -91.256467632244096, 39.646233644066001 ], [ -91.248779, 39.64088 ], [ -91.245914, 39.637311 ], [ -91.24356, 39.633064 ], [ -91.241225, 39.630067 ], [ -91.229317, 39.620853 ], [ -91.223328, 39.617603 ], [ -91.21664, 39.615124 ], [ -91.185921, 39.605119 ], [ -91.181936, 39.602677 ], [ -91.178012, 39.598196 ], [ -91.203712, 39.598355 ], [ -91.203819, 39.598247 ], [ -91.248115, 39.572976 ], [ -91.25009, 39.571262 ], [ -91.271506, 39.558718 ], [ -91.280933, 39.553205 ], [ -91.281015, 39.553154 ], [ -91.329216, 39.524895 ], [ -91.336745, 39.520482 ], [ -91.340316, 39.518382 ], [ -91.367131, 39.502708 ], [ -91.375149, 39.499628 ], [ -91.3809, 39.496346 ], [ -91.388105, 39.492431 ], [ -91.409788, 39.479865 ], [ -91.412753, 39.47818 ], [ -91.419168, 39.474535 ], [ -91.422498, 39.472964 ], [ -91.428129, 39.469886 ], [ -91.443811, 39.460186 ], [ -91.460442, 39.450722 ], [ -91.460305, 39.449852 ], [ -91.455448, 39.422038 ], [ -91.455345, 39.420429 ], [ -91.453439, 39.408233 ], [ -91.453014, 39.406682 ], [ -91.438235, 39.318716 ], [ -91.464247, 39.319557 ], [ -91.471991, 39.319958 ], [ -91.482745, 39.320411 ], [ -91.487574, 39.320619 ], [ -91.498857, 39.321083 ], [ -91.551677, 39.32262 ], [ -91.62431, 39.324214 ], [ -91.624689, 39.32422 ], [ -91.632446, 39.324211 ], [ -91.643135, 39.324204 ], [ -91.643295, 39.324202 ], [ -91.646634, 39.324227 ], [ -91.650625, 39.324372 ], [ -91.651924, 39.324261 ], [ -91.718467, 39.324505 ], [ -91.717968, 39.339122 ] ] ] ] } },
{ "type": "Feature", "properties": { "STATEFP": "29", "COUNTYFP": "510", "COUNTYNS": "00767557", "GEOIDFQ": "0500000US29510", "GEOID": "29510", "NAME": "St. Louis", "NAMELSAD": "St. Louis city", "STUSPS": "MO", "STATE_NAME": "Missouri", "LSAD": "25", "ALAND": 159853177.0, "AWATER": 11534970.0 }, "geometry": { "type": "MultiPolygon", "coordinates": [ [ [ [ -90.320515, 38.594152 ], [ -90.318976, 38.598015 ], [ -90.318858, 38.598312 ], [ -90.318423, 38.599405 ], [ -90.31701, 38.602956 ], [ -90.314009, 38.610496 ], [ -90.312038, 38.615295 ], [ -90.310851, 38.618205 ], [ -90.310272, 38.621647 ], [ -90.310251, 38.621749 ], [ -90.310027, 38.623092 ], [ -90.309832, 38.624151 ], [ -90.309296, 38.626962 ], [ -90.308964, 38.628897 ], [ -90.308743, 38.630022 ], [ -90.307813, 38.632468 ], [ -90.306433, 38.63359 ], [ -90.304937, 38.641763 ], [ -90.303619, 38.644894 ], [ -90.303402, 38.646184 ], [ -90.302855, 38.649482 ], [ -90.30283, 38.649631 ], [ -90.302161, 38.653625 ], [ -90.301828, 38.655642 ], [ -90.300754, 38.656944 ], [ -90.297824, 38.660645 ], [ -90.297511, 38.661042 ], [ -90.297423, 38.661152 ], [ -90.297037, 38.661637 ], [ -90.296791, 38.661949 ], [ -90.29514, 38.664039 ], [ -90.293833, 38.665687 ], [ -90.289986, 38.670548 ], [ -90.285978, 38.675616 ], [ -90.283725, 38.678462 ], [ -90.282753, 38.679688 ], [ -90.28144, 38.681434 ], [ -90.279915, 38.683294 ], [ -90.278808, 38.68471 ], [ -90.275192, 38.689232 ], [ -90.26572, 38.701294 ], [ -90.265241, 38.7019 ], [ -90.264984, 38.702223 ], [ -90.263094, 38.704609 ], [ -90.262004, 38.705982 ], [ -90.259966, 38.708518 ], [ -90.258717, 38.710087 ], [ -90.255791, 38.713764 ], [ -90.253999, 38.716016 ], [ -90.251773, 38.71885 ], [ -90.247332, 38.720619 ], [ -90.240614, 38.723257 ], [ -90.239724, 38.723607 ], [ -90.233748, 38.725876 ], [ -90.228025, 38.728109 ], [ -90.224627, 38.729041 ], [ -90.222211, 38.729971 ], [ -90.221779, 38.730134 ], [ -90.218096, 38.733531 ], [ -90.212907, 38.736152 ], [ -90.205717, 38.741849 ], [ -90.199885, 38.747033 ], [ -90.197418, 38.749242 ], [ -90.196877, 38.749831 ], [ -90.196512, 38.75027 ], [ -90.195461, 38.751532 ], [ -90.193252, 38.753604 ], [ -90.188411, 38.75883 ], [ -90.186402, 38.761546 ], [ -90.185595, 38.763282 ], [ -90.185051, 38.764831 ], [ -90.184602, 38.76715 ], [ -90.183869, 38.770593 ], [ -90.184025, 38.772383 ], [ -90.184184, 38.774288 ], [ -90.182091, 38.774058 ], [ -90.166713861319806, 38.772269478765097 ], [ -90.171309, 38.766549 ], [ -90.175109, 38.760249 ], [ -90.176309, 38.754449 ], [ -90.183409, 38.746849 ], [ -90.183609502447794, 38.746750017778901 ], [ -90.191309, 38.742949 ], [ -90.20521, 38.73215 ], [ -90.20991, 38.72605 ], [ -90.21141, 38.72135 ], [ -90.21191, 38.71795 ], [ -90.21201, 38.71175 ], [ -90.20921, 38.70275 ], [ -90.202223787642197, 38.693468317867499 ], [ -90.20221, 38.69345 ], [ -90.197360430736197, 38.689362505906203 ], [ -90.195945162868398, 38.688169637274797 ], [ -90.195228183963707, 38.6875653264837 ], [ -90.19521, 38.68755 ], [ -90.187054885941606, 38.6756880159151 ], [ -90.18641, 38.67475 ], [ -90.1854551579396, 38.672388022271598 ], [ -90.18261, 38.66535 ], [ -90.181242479799394, 38.660062255224297 ], [ -90.18111, 38.65955 ], [ -90.181054743965504, 38.659276970182297 ], [ -90.178393145404996, 38.6461255420014 ], [ -90.17771, 38.64275 ], [ -90.177713257491703, 38.642652275249702 ], [ -90.177771467175802, 38.640905984726103 ], [ -90.17801, 38.63375 ], [ -90.178012746374705, 38.633734208345601 ], [ -90.17881, 38.62915 ], [ -90.182413946008495, 38.618022658631098 ], [ -90.18451, 38.611551 ], [ -90.184993216491605, 38.610717069333703 ], [ -90.186647852528395, 38.607861513373898 ], [ -90.191811, 38.598951 ], [ -90.196011, 38.594451 ], [ -90.201647139807605, 38.589421829094697 ], [ -90.202511, 38.588651 ], [ -90.204602797649201, 38.587357388295899 ], [ -90.210111, 38.583951 ], [ -90.216712, 38.578751 ], [ -90.217921067053695, 38.578236026995697 ], [ -90.221246354136397, 38.576819701015999 ], [ -90.222112, 38.576451 ], [ -90.223116770490293, 38.575781153006503 ], [ -90.224212, 38.575051 ], [ -90.224707450371994, 38.574443265462101 ], [ -90.229166697846594, 38.568973416499198 ], [ -90.238061267699905, 38.558063065825699 ], [ -90.240462325717502, 38.555117854827103 ], [ -90.248913, 38.544752 ], [ -90.250271055671206, 38.5427984772382 ], [ -90.2577736606992, 38.532006202660497 ], [ -90.262534, 38.533872 ], [ -90.265329, 38.53369 ], [ -90.266872, 38.534267 ], [ -90.2691, 38.537575 ], [ -90.271035, 38.538681 ], [ -90.270728, 38.542002 ], [ -90.27163, 38.544732 ], [ -90.271581, 38.544844 ], [ -90.272251, 38.54817 ], [ -90.272664, 38.548596 ], [ -90.277863, 38.550535 ], [ -90.279957, 38.551845 ], [ -90.280257, 38.552002 ], [ -90.283771, 38.553932 ], [ -90.287, 38.555474 ], [ -90.289766, 38.557072 ], [ -90.292421, 38.558997 ], [ -90.297022, 38.562368 ], [ -90.306958, 38.572194 ], [ -90.307182, 38.572417 ], [ -90.310018, 38.575231 ], [ -90.310417, 38.575627 ], [ -90.313582, 38.578768 ], [ -90.31624, 38.584686 ], [ -90.317449, 38.587377 ], [ -90.319635, 38.592237 ], [ -90.320515, 38.594152 ] ] ] ] } },
{ "type": "Feature", "properties": { "STATEFP": "29", "COUNTYFP": "005", "COUNTYNS": "00758457", "GEOIDFQ": "0500000US29005", "GEOID": "29005", "NAME": "Atchison", "NAMELSAD": "Atchison County", "STUSPS": "MO", "STATE_NAME": "Missouri", "LSAD": "06", "ALAND": 1417462628.0, "AWATER": 7359186.0 }, "geometry": { "type": "MultiPolygon", "coordinates": [ [ [ [ -95.773549, 40.578205 ], [ -95.768527, 40.583296 ], [ -95.765645, 40.585208 ], [ -95.746443, 40.584935 ], [ -95.6875, 40.584381 ], [ -95.687442, 40.58438 ], [ -95.652198390073195, 40.584267163566302 ], [ -95.64184, 40.584234 ], [ -95.638067376445207, 40.584143396223503 ], [ -95.611069, 40.583495 ], [ -95.610881032918599, 40.583492299017202 ], [ -95.574046, 40.582963 ], [ -95.554959, 40.582629 ], [ -95.545305943497894, 40.582460557998303 ], [ -95.533182, 40.582249 ], [ -95.526682, 40.582136 ], [ -95.525392, 40.58209 ], [ -95.499155440647698, 40.581832654974001 ], [ -95.4881440819169, 40.581724648494898 ], [ -95.469319, 40.58154 ], [ -95.455064, 40.581400921670102 ], [ -95.431075003946901, 40.581166874002101 ], [ -95.415406, 40.581014 ], [ -95.373923020130803, 40.580501370976002 ], [ -95.373893, 40.580501 ], [ -95.357802, 40.5801 ], [ -95.335588, 40.579871 ], [ -95.259010411147202, 40.579170097842699 ], [ -95.230863489917695, 40.578912473672197 ], [ -95.224735484063302, 40.578856385035998 ], [ -95.221525, 40.578827 ], [ -95.218783, 40.578781 ], [ -95.217455, 40.578759 ], [ -95.213327, 40.578689 ], [ -95.212715, 40.578679 ], [ -95.211660187478799, 40.578655559721703 ], [ -95.21159, 40.578654 ], [ -95.211408, 40.57865 ], [ -95.202264468408302, 40.578527764403397 ], [ -95.202395, 40.567427 ], [ -95.202043, 40.565305 ], [ -95.202017, 40.479135 ], [ -95.177708, 40.478903 ], [ -95.177606, 40.435579 ], [ -95.177614, 40.39219 ], [ -95.17871, 40.33415 ], [ -95.179043, 40.319641 ], [ -95.179339, 40.305442 ], [ -95.179519, 40.303922 ], [ -95.180614, 40.261706 ], [ -95.209018, 40.262289 ], [ -95.313712, 40.262732 ], [ -95.351045, 40.262875 ], [ -95.370081, 40.263004 ], [ -95.408621, 40.26308 ], [ -95.45511, 40.263827 ], [ -95.465228, 40.263911 ], [ -95.554817342733003, 40.264459841211199 ], [ -95.556325, 40.267714 ], [ -95.556275, 40.270761 ], [ -95.551488, 40.281061 ], [ -95.550966, 40.285947 ], [ -95.55162, 40.288666 ], [ -95.553292, 40.291158 ], [ -95.558732, 40.295774 ], [ -95.562157, 40.297359 ], [ -95.56814, 40.299129 ], [ -95.581787, 40.29958 ], [ -95.587371, 40.301649 ], [ -95.590165, 40.303199 ], [ -95.5935732800788, 40.3058519358597 ], [ -95.597847724384195, 40.309179076328199 ], [ -95.598657, 40.309809 ], [ -95.60511, 40.312559 ], [ -95.610439, 40.31397 ], [ -95.613479, 40.314233 ], [ -95.617931, 40.313728 ], [ -95.623213, 40.312469 ], [ -95.63631, 40.307675 ], [ -95.642262, 40.306025 ], [ -95.645329, 40.305693 ], [ -95.651507, 40.306684 ], [ -95.654294, 40.307906 ], [ -95.657328, 40.310856 ], [ -95.658025, 40.3127 ], [ -95.657764, 40.315788 ], [ -95.656612, 40.319465 ], [ -95.653729, 40.322582 ], [ -95.647931, 40.325556 ], [ -95.633807, 40.329297 ], [ -95.629936, 40.330994 ], [ -95.625204, 40.334288 ], [ -95.623182, 40.338367 ], [ -95.622704, 40.340856 ], [ -95.623728, 40.346567 ], [ -95.624815, 40.349214 ], [ -95.624878788920398, 40.349313067591403 ], [ -95.627124, 40.3528 ], [ -95.627420777327501, 40.353107198932101 ], [ -95.631481, 40.35731 ], [ -95.636991, 40.36136 ], [ -95.638984299496002, 40.363848661090302 ], [ -95.641027, 40.366399 ], [ -95.642414, 40.369829 ], [ -95.642679, 40.375001 ], [ -95.642147, 40.378243 ], [ -95.643934, 40.386849 ], [ -95.649418, 40.396149 ], [ -95.6517441595512, 40.399151507917999 ], [ -95.659134, 40.40869 ], [ -95.661463, 40.415947 ], [ -95.660721, 40.418841 ], [ -95.65831, 40.424538 ], [ -95.656288, 40.428765 ], [ -95.65563, 40.434736 ], [ -95.657695172908205, 40.440499123147099 ], [ -95.657776341619495, 40.440725634582002 ], [ -95.65819, 40.44188 ], [ -95.665413, 40.451182 ], [ -95.671742, 40.456695 ], [ -95.677174, 40.460158 ], [ -95.684363, 40.463366 ], [ -95.687134038118202, 40.465271286186201 ], [ -95.693133, 40.469396 ], [ -95.694651, 40.471452 ], [ -95.696365, 40.475897 ], [ -95.696756, 40.478849 ], [ -95.696206, 40.482113 ], [ -95.695247, 40.486587 ], [ -95.694726, 40.493602 ], [ -95.695945, 40.499051 ], [ -95.699969, 40.505275 ], [ -95.695604, 40.506473 ], [ -95.692083, 40.508133 ], [ -95.667981, 40.51496 ], [ -95.661687, 40.517309 ], [ -95.655674, 40.523557 ], [ -95.654794222564604, 40.527310493589503 ], [ -95.652262, 40.538114 ], [ -95.65341, 40.541893 ], [ -95.655848, 40.546609 ], [ -95.662097, 40.549959 ], [ -95.665486, 40.556686 ], [ -95.671754, 40.562626 ], [ -95.678718, 40.56256 ], [ -95.687109, 40.560664 ], [ -95.694147, 40.556942 ], [ -95.694881, 40.55072 ], [ -95.696673, 40.545137 ], [ -95.697281, 40.536985 ], [ -95.69505, 40.533124 ], [ -95.69721, 40.528477 ], [ -95.708591, 40.521551 ], [ -95.709974, 40.523798 ], [ -95.714291, 40.527208 ], [ -95.722444, 40.528118 ], [ -95.725214, 40.527773 ], [ -95.731179, 40.525436 ], [ -95.73725, 40.52393 ], [ -95.74868, 40.524275 ], [ -95.75711, 40.52599 ], [ -95.762857, 40.528371 ], [ -95.76692, 40.531563 ], [ -95.768693, 40.534106 ], [ -95.769281, 40.536656 ], [ -95.768412, 40.540347 ], [ -95.764696, 40.545721 ], [ -95.763624, 40.548298 ], [ -95.763366, 40.550797 ], [ -95.763833, 40.553873 ], [ -95.76503, 40.556921 ], [ -95.771776, 40.566133 ], [ -95.774704, 40.573574 ], [ -95.773549, 40.578205 ] ] ] ] } },
{ "type": "Feature", "properties": { "STATEFP": "29", "COUNTYFP": "147", "COUNTYNS": "00758528", "GEOIDFQ": "0500000US29147", "GEOID": "29147", "NAME": "Nodaway", "NAMELSAD": "Nodaway County", "STUSPS": "MO", "STATE_NAME": "Missouri", "LSAD": "06", "ALAND": 2271326611.0, "AWATER": 2361588.0 }, "geometry": { "type": "MultiPolygon", "coordinates": [ [ [ [ -95.202264468408302, 40.578527764403397 ], [ -95.164058, 40.578017 ], [ -95.164007997718699, 40.5780161787469 ], [ -95.154499, 40.57786 ], [ -95.145111279418302, 40.5777353694357 ], [ -95.120829, 40.577413 ], [ -95.112222, 40.577228 ], [ -95.110663, 40.577206 ], [ -95.110303, 40.57716 ], [ -95.107213, 40.577116 ], [ -95.097607, 40.577168 ], [ -95.079742, 40.577007 ], [ -95.068921, 40.57688 ], [ -95.040228445121997, 40.576438804618199 ], [ -95.030675775840606, 40.576291916563498 ], [ -95.021836384472607, 40.576155996333803 ], [ -95.021821853964497, 40.576155772903299 ], [ -94.991661, 40.575692 ], [ -94.966491, 40.575839 ], [ -94.955134, 40.575669 ], [ -94.953270997401802, 40.575641173950899 ], [ -94.914896, 40.575068 ], [ -94.901451, 40.574877 ], [ -94.896801, 40.574738 ], [ -94.896772992428495, 40.5747376947822 ], [ -94.823758, 40.573942 ], [ -94.819978, 40.573714 ], [ -94.811188, 40.573532 ], [ -94.801474999528295, 40.573387088299398 ], [ -94.7998869940877, 40.573363396282701 ], [ -94.773988, 40.572977 ], [ -94.745517930288599, 40.572591591453801 ], [ -94.716665, 40.572201 ], [ -94.714925, 40.572201 ], [ -94.697807578395697, 40.571981763131298 ], [ -94.688354732990604, 40.5718606927812 ], [ -94.682601, 40.571787 ], [ -94.670129376613801, 40.571638777854901 ], [ -94.632032, 40.571186 ], [ -94.632296, 40.564959 ], [ -94.631941, 40.483062 ], [ -94.631889, 40.472513 ], [ -94.608409, 40.472443 ], [ -94.608292, 40.430478 ], [ -94.608263, 40.423195 ], [ -94.608137, 40.408204 ], [ -94.608642, 40.386818 ], [ -94.598487, 40.386714 ], [ -94.599922, 40.341715 ], [ -94.601444, 40.300373 ], [ -94.602659, 40.300216 ], [ -94.60335, 40.271255 ], [ -94.603482, 40.217202 ], [ -94.604468, 40.213415 ], [ -94.604687, 40.198311 ], [ -94.605125, 40.169953 ], [ -94.605629, 40.126336 ], [ -94.605942, 40.126127 ], [ -94.652706, 40.12633 ], [ -94.658099, 40.126352 ], [ -94.671338, 40.126393 ], [ -94.727961, 40.126812 ], [ -94.74652, 40.126806 ], [ -94.784979, 40.127017 ], [ -94.837613, 40.127622 ], [ -94.838264, 40.127627 ], [ -94.858802, 40.127979 ], [ -94.898333, 40.128476 ], [ -94.936101, 40.128978 ], [ -94.955011, 40.129205 ], [ -94.966004, 40.129338 ], [ -94.973236, 40.129475 ], [ -94.973781, 40.129518 ], [ -95.022353, 40.129979 ], [ -95.04308, 40.130096 ], [ -95.042907, 40.130759 ], [ -95.045884, 40.131352 ], [ -95.047199, 40.133776 ], [ -95.049647, 40.134169 ], [ -95.051597, 40.132726 ], [ -95.052919, 40.132784 ], [ -95.053139, 40.133977 ], [ -95.049835, 40.13578 ], [ -95.049536, 40.137866 ], [ -95.050631, 40.13884 ], [ -95.052495, 40.135851 ], [ -95.054021, 40.1354 ], [ -95.056008, 40.135977 ], [ -95.054985, 40.137677 ], [ -95.055543, 40.141473 ], [ -95.058511, 40.138079 ], [ -95.060035, 40.138523 ], [ -95.059793, 40.140667 ], [ -95.060969, 40.142875 ], [ -95.060248, 40.145122 ], [ -95.064329, 40.148438 ], [ -95.062749, 40.147791 ], [ -95.059541, 40.148058 ], [ -95.05887, 40.15045 ], [ -95.060629, 40.151183 ], [ -95.064327, 40.150647 ], [ -95.065662, 40.15097 ], [ -95.065112, 40.152724 ], [ -95.060967, 40.155817 ], [ -95.061134, 40.157034 ], [ -95.063376, 40.158886 ], [ -95.062642, 40.160016 ], [ -95.06101, 40.15968 ], [ -95.060206, 40.161258 ], [ -95.062829, 40.162541 ], [ -95.064159, 40.165727 ], [ -95.066708, 40.165836 ], [ -95.067198, 40.167729 ], [ -95.065986, 40.168807 ], [ -95.064216, 40.167479 ], [ -95.063918, 40.170431 ], [ -95.061936, 40.170659 ], [ -95.060645, 40.17173 ], [ -95.062636, 40.172839 ], [ -95.063548, 40.17622 ], [ -95.06608, 40.175106 ], [ -95.068064, 40.17516 ], [ -95.067954, 40.17621 ], [ -95.065964, 40.177795 ], [ -95.071196, 40.179641 ], [ -95.070876, 40.18279 ], [ -95.072004, 40.186507 ], [ -95.074912, 40.188836 ], [ -95.072954, 40.190314 ], [ -95.072468, 40.194191 ], [ -95.073527, 40.195537 ], [ -95.068854, 40.200044 ], [ -95.06831, 40.204454 ], [ -95.064976, 40.205161 ], [ -95.063849, 40.205863 ], [ -95.064124, 40.207915 ], [ -95.06645, 40.210406 ], [ -95.067322, 40.212859 ], [ -95.066757, 40.217563 ], [ -95.067896, 40.221463 ], [ -95.067047, 40.224126 ], [ -95.067891, 40.225786 ], [ -95.066831, 40.228251 ], [ -95.060379, 40.23333 ], [ -95.057879, 40.239086 ], [ -95.061011, 40.240609 ], [ -95.061708, 40.24217 ], [ -95.064859, 40.243461 ], [ -95.06438, 40.24614 ], [ -95.0671, 40.247329 ], [ -95.069962, 40.246758 ], [ -95.070768, 40.245398 ], [ -95.067641, 40.244559 ], [ -95.066621, 40.24312 ], [ -95.07011, 40.24228 ], [ -95.073596, 40.243383 ], [ -95.073234, 40.246337 ], [ -95.071932, 40.247457 ], [ -95.072604, 40.248582 ], [ -95.075029, 40.248505 ], [ -95.075903, 40.249992 ], [ -95.075556, 40.251486 ], [ -95.073031, 40.253503 ], [ -95.069041, 40.254101 ], [ -95.067824, 40.255434 ], [ -95.069445, 40.256848 ], [ -95.072694, 40.257614 ], [ -95.071593, 40.260855 ], [ -95.123895, 40.260558 ], [ -95.12392, 40.260456 ], [ -95.161719, 40.261386 ], [ -95.180614, 40.261706 ], [ -95.179519, 40.303922 ], [ -95.179339, 40.305442 ], [ -95.179043, 40.319641 ], [ -95.17871, 40.33415 ], [ -95.177614, 40.39219 ], [ -95.177606, 40.435579 ], [ -95.177708, 40.478903 ], [ -95.202017, 40.479135 ], [ -95.202043, 40.565305 ], [ -95.202395, 40.567427 ], [ -95.202264468408302, 40.578527764403397 ] ] ] ] } },
{ "type": "Feature", "properties": { "STATEFP": "29", "COUNTYFP": "097", "COUNTYNS": "00758503", "GEOIDFQ": "0500000US29097", "GEOID": "29097", "NAME": "Jasper", "NAMELSAD": "Jasper County", "STUSPS": "MO", "STATE_NAME": "Missouri", "LSAD": "06", "ALAND": 1653723332.0, "AWATER": 7163884.0 }, "geometry": { "type": "MultiPolygon", "coordinates": [ [ [ [ -94.618505, 37.181184 ], [ -94.618319, 37.188774 ], [ -94.618305110723, 37.2071901891997 ], [ -94.618305, 37.207337 ], [ -94.618219, 37.207772 ], [ -94.61815, 37.228121 ], [ -94.618123, 37.229334 ], [ -94.618158, 37.237597 ], [ -94.618075, 37.240436 ], [ -94.6179646084029, 37.261933406259701 ], [ -94.617702267076496, 37.313021154077902 ], [ -94.617648, 37.323589 ], [ -94.617695, 37.336842 ], [ -94.617636, 37.338417 ], [ -94.617588893612094, 37.350758873639698 ], [ -94.617537717161994, 37.364167103563297 ], [ -94.610217, 37.364074 ], [ -94.606214, 37.363847 ], [ -94.594678, 37.363655 ], [ -94.589771, 37.363813 ], [ -94.580972, 37.363414 ], [ -94.576995, 37.363155 ], [ -94.516871, 37.361243 ], [ -94.505708, 37.360665 ], [ -94.501709, 37.360436 ], [ -94.501608, 37.360408 ], [ -94.501378, 37.360363 ], [ -94.492452, 37.360038 ], [ -94.483733, 37.359417 ], [ -94.481702, 37.359342 ], [ -94.465396, 37.358697 ], [ -94.456002, 37.358322 ], [ -94.392821, 37.35688 ], [ -94.392845, 37.35643 ], [ -94.311264, 37.35485 ], [ -94.310581, 37.354834 ], [ -94.300488, 37.354502 ], [ -94.283295, 37.353982 ], [ -94.283088, 37.353839 ], [ -94.228526, 37.352722 ], [ -94.183454, 37.351663 ], [ -94.173294, 37.351492 ], [ -94.118642, 37.350192 ], [ -94.082083, 37.349291 ], [ -94.083833, 37.290851 ], [ -94.052313, 37.290078 ], [ -94.053299, 37.251809 ], [ -94.055257, 37.18629 ], [ -94.055533, 37.179042 ], [ -94.056197, 37.1547 ], [ -94.056463, 37.150304 ], [ -94.056893, 37.14981 ], [ -94.056394, 37.149559 ], [ -94.056433, 37.145973 ], [ -94.056788, 37.135216 ], [ -94.058358, 37.077233 ], [ -94.059211, 37.048127 ], [ -94.093983, 37.048945 ], [ -94.119271, 37.049508 ], [ -94.120974, 37.049596 ], [ -94.126916, 37.049737 ], [ -94.131407, 37.049847 ], [ -94.150197, 37.050329 ], [ -94.168214, 37.050765 ], [ -94.177216, 37.050923 ], [ -94.20428, 37.051535 ], [ -94.222489, 37.052026 ], [ -94.259114, 37.052938 ], [ -94.259275, 37.052967 ], [ -94.277234, 37.053046 ], [ -94.295404, 37.053234 ], [ -94.313481, 37.053343 ], [ -94.331519, 37.053504 ], [ -94.365608, 37.053929 ], [ -94.367725, 37.053756 ], [ -94.388072, 37.053945 ], [ -94.40548, 37.05424 ], [ -94.423816, 37.054413 ], [ -94.426301, 37.054463 ], [ -94.442036, 37.054648 ], [ -94.443743, 37.054664 ], [ -94.44443, 37.05467 ], [ -94.445457, 37.054679 ], [ -94.446665, 37.054684 ], [ -94.447439, 37.054687 ], [ -94.450939, 37.054702 ], [ -94.460168, 37.054764 ], [ -94.463051, 37.054846 ], [ -94.477289, 37.055137 ], [ -94.478306, 37.055043 ], [ -94.479504, 37.05489 ], [ -94.496351, 37.054804 ], [ -94.49643, 37.054804 ], [ -94.507246, 37.054929 ], [ -94.512638, 37.055005 ], [ -94.514781, 37.055025 ], [ -94.5149, 37.055024 ], [ -94.532898, 37.055364 ], [ -94.541283, 37.055413 ], [ -94.542414, 37.055423 ], [ -94.543528, 37.055432 ], [ -94.54461, 37.055427 ], [ -94.550216, 37.05547 ], [ -94.559084, 37.055682 ], [ -94.564402, 37.055846 ], [ -94.568119, 37.055953 ], [ -94.576364, 37.05615 ], [ -94.581678, 37.056264 ], [ -94.594373, 37.056462 ], [ -94.617875, 37.056798 ], [ -94.617894171907196, 37.060073170948002 ], [ -94.6179542534055, 37.070337 ], [ -94.617958408190603, 37.071046769315799 ], [ -94.617982, 37.075077 ], [ -94.618012606876206, 37.07748496272 ], [ -94.618031237419899, 37.078950700491497 ], [ -94.61812, 37.085934 ], [ -94.618082, 37.086432 ], [ -94.618085211648193, 37.0892670825111 ], [ -94.61809, 37.093494 ], [ -94.618088, 37.093671 ], [ -94.618059, 37.096676 ], [ -94.618151, 37.103968 ], [ -94.618212, 37.113169 ], [ -94.618164414441495, 37.118929978643301 ], [ -94.618075557527305, 37.129687502575003 ], [ -94.618075, 37.129755 ], [ -94.618072, 37.132345 ], [ -94.618086037551294, 37.133747044462503 ], [ -94.618279957221304, 37.153115379671803 ], [ -94.618350718972593, 37.160182931508203 ], [ -94.618351, 37.160211 ], [ -94.618473, 37.174782 ], [ -94.618504560947898, 37.181096162146702 ], [ -94.618504674811405, 37.181118941956598 ], [ -94.618505, 37.181184 ] ] ] ] } },
{ "type": "Feature", "properties": { "STATEFP": "29", "COUNTYFP": "105", "COUNTYNS": "00758507", "GEOIDFQ": "0500000US29105", "GEOID": "29105", "NAME": "Laclede", "NAMELSAD": "Laclede County", "STUSPS": "MO", "STATE_NAME": "Missouri", "LSAD": "06", "ALAND": 1980373787.0, "AWATER": 8720826.0 }, "geometry": { "type": "MultiPolygon", "coordinates": [ [ [ [ -92.859525, 37.737646 ], [ -92.859517, 37.737931 ], [ -92.859294, 37.745941 ], [ -92.859239, 37.74798 ], [ -92.858586, 37.764959 ], [ -92.858589, 37.765346 ], [ -92.858756, 37.786011 ], [ -92.858451, 37.80502 ], [ -92.85839, 37.808769 ], [ -92.858333, 37.812331 ], [ -92.858116, 37.82342 ], [ -92.857563, 37.838044 ], [ -92.85596, 37.880467 ], [ -92.855384, 37.895736 ], [ -92.846599, 37.895606 ], [ -92.825602, 37.89534 ], [ -92.783486, 37.894799 ], [ -92.775971, 37.894951 ], [ -92.769976, 37.894632 ], [ -92.761468, 37.894525 ], [ -92.705852, 37.893871 ], [ -92.701439, 37.893884 ], [ -92.694259, 37.893772 ], [ -92.686781, 37.893643 ], [ -92.632415, 37.892482 ], [ -92.621416, 37.892542 ], [ -92.620181, 37.892521 ], [ -92.620479, 37.890937 ], [ -92.618978, 37.888737 ], [ -92.620978, 37.886437 ], [ -92.618978, 37.882937 ], [ -92.618978, 37.880837 ], [ -92.617078, 37.878637 ], [ -92.617278, 37.876637 ], [ -92.618678, 37.873837 ], [ -92.617978, 37.872937 ], [ -92.614378, 37.871537 ], [ -92.613479, 37.867738 ], [ -92.614679, 37.863538 ], [ -92.612679, 37.862738 ], [ -92.611479, 37.859438 ], [ -92.608078, 37.857938 ], [ -92.608678, 37.856138 ], [ -92.602177, 37.854038 ], [ -92.601277, 37.852838 ], [ -92.599177, 37.851838 ], [ -92.601277, 37.849238 ], [ -92.601273, 37.847814 ], [ -92.599477, 37.844038 ], [ -92.600677, 37.841838 ], [ -92.600077, 37.840338 ], [ -92.596277, 37.839438 ], [ -92.596377, 37.837638 ], [ -92.595577, 37.836638 ], [ -92.589282, 37.834544 ], [ -92.585376, 37.828038 ], [ -92.582376, 37.827538 ], [ -92.580576, 37.826538 ], [ -92.577276, 37.823438 ], [ -92.572575, 37.824038 ], [ -92.571576, 37.823639 ], [ -92.569432, 37.81951 ], [ -92.568577, 37.816856 ], [ -92.566766, 37.817129 ], [ -92.566389, 37.816113 ], [ -92.567296, 37.814444 ], [ -92.564478, 37.812289 ], [ -92.565059, 37.81104 ], [ -92.564796, 37.807669 ], [ -92.56532, 37.806965 ], [ -92.562365, 37.804676 ], [ -92.558052, 37.802911 ], [ -92.554875, 37.802239 ], [ -92.549874, 37.802039 ], [ -92.549074, 37.800539 ], [ -92.539605, 37.802064 ], [ -92.538799, 37.804009 ], [ -92.533964, 37.809861 ], [ -92.53168, 37.811139 ], [ -92.526716, 37.811679 ], [ -92.523019, 37.812675 ], [ -92.521436, 37.812835 ], [ -92.518158, 37.813228 ], [ -92.517474, 37.813238 ], [ -92.517498, 37.812422 ], [ -92.517545, 37.810887 ], [ -92.513509, 37.810932 ], [ -92.513696, 37.811962 ], [ -92.511569, 37.81373 ], [ -92.511388, 37.814659 ], [ -92.509755, 37.815718 ], [ -92.509724, 37.81628 ], [ -92.508627, 37.818716 ], [ -92.50701, 37.821994 ], [ -92.503974, 37.825139 ], [ -92.503573, 37.826489 ], [ -92.501467, 37.827735 ], [ -92.498623, 37.827152 ], [ -92.496073, 37.827662 ], [ -92.494758, 37.828712 ], [ -92.492196, 37.82962 ], [ -92.489603, 37.828787 ], [ -92.480354, 37.829018 ], [ -92.475827, 37.827423 ], [ -92.470896, 37.827096 ], [ -92.467823, 37.827435 ], [ -92.465521, 37.826816 ], [ -92.461903, 37.824913 ], [ -92.457529, 37.825022 ], [ -92.452953, 37.824083 ], [ -92.452253, 37.825834 ], [ -92.452963, 37.828485 ], [ -92.451537, 37.830735 ], [ -92.448872, 37.832272 ], [ -92.44853, 37.833539 ], [ -92.449459, 37.835359 ], [ -92.447661, 37.836803 ], [ -92.442184, 37.839628 ], [ -92.439335, 37.843295 ], [ -92.438068, 37.84435 ], [ -92.435039, 37.84511 ], [ -92.433183, 37.846028 ], [ -92.433001, 37.8477 ], [ -92.43021, 37.8498 ], [ -92.426478, 37.851098 ], [ -92.425499, 37.852175 ], [ -92.424757, 37.855816 ], [ -92.421761, 37.858728 ], [ -92.419453, 37.859762 ], [ -92.415567, 37.859484 ], [ -92.409231, 37.85918 ], [ -92.409304, 37.856814 ], [ -92.409685, 37.848324 ], [ -92.409727, 37.847013 ], [ -92.40976, 37.845906 ], [ -92.411088, 37.801283 ], [ -92.41122, 37.796838 ], [ -92.411227, 37.796629 ], [ -92.411863, 37.768078 ], [ -92.412212, 37.757084 ], [ -92.413661, 37.71416 ], [ -92.411701, 37.714034 ], [ -92.411569, 37.714041 ], [ -92.391157, 37.70577 ], [ -92.304028, 37.670648 ], [ -92.300234, 37.669121 ], [ -92.300133, 37.66908 ], [ -92.248937, 37.648471 ], [ -92.249463, 37.604543 ], [ -92.250863, 37.539344 ], [ -92.250765, 37.537321 ], [ -92.250956, 37.534491 ], [ -92.251553, 37.503102 ], [ -92.25224, 37.473801 ], [ -92.252261, 37.472944 ], [ -92.305963, 37.473645 ], [ -92.306163, 37.472945 ], [ -92.35969, 37.473856 ], [ -92.361401, 37.473812 ], [ -92.371535, 37.473643 ], [ -92.41162, 37.474739 ], [ -92.411705, 37.474741 ], [ -92.414279, 37.474783 ], [ -92.432771, 37.475099 ], [ -92.450434, 37.475398 ], [ -92.468207, 37.475702 ], [ -92.511031, 37.476676 ], [ -92.522472, 37.477076 ], [ -92.543168, 37.478545 ], [ -92.552569, 37.478545 ], [ -92.559, 37.478734 ], [ -92.587208, 37.479132 ], [ -92.590089, 37.47922 ], [ -92.649894, 37.480665 ], [ -92.651693, 37.480664 ], [ -92.686671, 37.481545 ], [ -92.742722, 37.482468 ], [ -92.748508, 37.482296 ], [ -92.756434, 37.482677 ], [ -92.785748, 37.482911 ], [ -92.788105, 37.483077 ], [ -92.814479, 37.483362 ], [ -92.819561, 37.483563 ], [ -92.825956, 37.483548 ], [ -92.833781, 37.48375 ], [ -92.852107, 37.484083 ], [ -92.853481, 37.48397 ], [ -92.852775, 37.507848 ], [ -92.852721, 37.509943 ], [ -92.851855, 37.541856 ], [ -92.851514, 37.550817 ], [ -92.851515, 37.552953 ], [ -92.851617, 37.553841 ], [ -92.851102, 37.570876 ], [ -92.84977, 37.614471 ], [ -92.849535, 37.623195 ], [ -92.849761, 37.625041 ], [ -92.848918, 37.64883 ], [ -92.848871, 37.650122 ], [ -92.848548, 37.65899 ], [ -92.848061, 37.673574 ], [ -92.848096, 37.676179 ], [ -92.846759, 37.708105 ], [ -92.846736, 37.708694 ], [ -92.846281, 37.721039 ], [ -92.859913, 37.721239 ], [ -92.859525, 37.737646 ] ] ] ] } },
{ "type": "Feature", "properties": { "STATEFP": "29", "COUNTYFP": "117", "COUNTYNS": "00758513", "GEOIDFQ": "0500000US29117", "GEOID": "29117", "NAME": "Livingston", "NAMELSAD": "Livingston County", "STUSPS": "MO", "STATE_NAME": "Missouri", "LSAD": "06", "ALAND": 1378657549.0, "AWATER": 16187907.0 }, "geometry": { "type": "MultiPolygon", "coordinates": [ [ [ [ -93.761973, 39.959552 ], [ -93.74492, 39.959687 ], [ -93.74085, 39.958842 ], [ -93.739458, 39.959747 ], [ -93.706771, 39.960557 ], [ -93.702364, 39.960698 ], [ -93.688671, 39.960706 ], [ -93.674064, 39.96116 ], [ -93.672707, 39.961325 ], [ -93.650688, 39.961902 ], [ -93.641042, 39.962121 ], [ -93.63737, 39.962091 ], [ -93.631601, 39.962187 ], [ -93.625202, 39.962244 ], [ -93.622493, 39.962657 ], [ -93.614935, 39.962839 ], [ -93.611344, 39.962943 ], [ -93.611001, 39.962953 ], [ -93.605345, 39.963238 ], [ -93.580107, 39.963646 ], [ -93.568201, 39.9639 ], [ -93.502031, 39.965123 ], [ -93.483994, 39.96542 ], [ -93.483459, 39.965164 ], [ -93.455353, 39.965942 ], [ -93.453823, 39.96597 ], [ -93.38478, 39.967208 ], [ -93.383565, 39.967171 ], [ -93.374899, 39.967213 ], [ -93.370369, 39.967467 ], [ -93.361957, 39.967606 ], [ -93.361359, 39.967628 ], [ -93.361295, 39.92395 ], [ -93.361296, 39.923788 ], [ -93.361422, 39.880137 ], [ -93.363282, 39.880102 ], [ -93.363513, 39.850388 ], [ -93.363692, 39.821403 ], [ -93.364292, 39.74543 ], [ -93.364493, 39.744371 ], [ -93.364665, 39.720764 ], [ -93.364808, 39.703803 ], [ -93.330512, 39.703599 ], [ -93.309465, 39.703436 ], [ -93.307204, 39.703539 ], [ -93.266968, 39.703562 ], [ -93.266243, 39.701953 ], [ -93.266545, 39.700288 ], [ -93.263946, 39.700912 ], [ -93.263715, 39.699577 ], [ -93.264826, 39.697628 ], [ -93.268193, 39.69655 ], [ -93.269359, 39.695703 ], [ -93.270809, 39.696509 ], [ -93.271125, 39.694748 ], [ -93.273129, 39.69529 ], [ -93.273986, 39.691987 ], [ -93.276886, 39.691774 ], [ -93.276666, 39.690079 ], [ -93.278574, 39.690652 ], [ -93.279287, 39.689076 ], [ -93.279609, 39.687966 ], [ -93.282324, 39.685404 ], [ -93.285255, 39.685179 ], [ -93.283424, 39.683426 ], [ -93.284644, 39.682857 ], [ -93.286134, 39.68388 ], [ -93.287446, 39.6833 ], [ -93.287328, 39.682023 ], [ -93.285393, 39.682202 ], [ -93.279261, 39.681613 ], [ -93.27896, 39.680838 ], [ -93.279744, 39.67966 ], [ -93.283236, 39.678838 ], [ -93.280526, 39.677712 ], [ -93.282365, 39.676623 ], [ -93.282096, 39.674805 ], [ -93.283259, 39.673351 ], [ -93.284735, 39.673003 ], [ -93.282563, 39.672414 ], [ -93.282003, 39.670798 ], [ -93.285892, 39.666819 ], [ -93.283574, 39.661974 ], [ -93.278888, 39.658996 ], [ -93.274605, 39.657171 ], [ -93.273392, 39.654842 ], [ -93.273686, 39.652728 ], [ -93.275818, 39.651836 ], [ -93.277638, 39.651826 ], [ -93.280964, 39.654025 ], [ -93.282074, 39.655853 ], [ -93.283056, 39.656355 ], [ -93.284507, 39.655723 ], [ -93.284807, 39.654523 ], [ -93.283418, 39.651433 ], [ -93.280113, 39.648128 ], [ -93.278608, 39.645625 ], [ -93.273469, 39.640185 ], [ -93.268471, 39.633901 ], [ -93.261583, 39.629207 ], [ -93.260388, 39.626711 ], [ -93.26066, 39.624506 ], [ -93.261803, 39.622719 ], [ -93.265772, 39.620025 ], [ -93.268082, 39.619509 ], [ -93.272494, 39.620015 ], [ -93.274083, 39.620574 ], [ -93.277289, 39.622863 ], [ -93.279275, 39.622569 ], [ -93.280909, 39.621272 ], [ -93.281038, 39.619128 ], [ -93.279823, 39.618133 ], [ -93.278098, 39.615632 ], [ -93.281788, 39.615533 ], [ -93.283263, 39.615487 ], [ -93.308738, 39.615632 ], [ -93.310142, 39.615524 ], [ -93.421761, 39.614818 ], [ -93.45908, 39.614483 ], [ -93.460083, 39.61452 ], [ -93.496329, 39.614149 ], [ -93.534371, 39.613822 ], [ -93.540127, 39.61389 ], [ -93.556741, 39.613665 ], [ -93.557643, 39.613559 ], [ -93.576408, 39.613321 ], [ -93.578066, 39.613414 ], [ -93.590759, 39.613085 ], [ -93.646559, 39.611901 ], [ -93.654724, 39.611754 ], [ -93.65568, 39.611633 ], [ -93.657108, 39.611707 ], [ -93.758357, 39.611407 ], [ -93.758173, 39.625143 ], [ -93.758327, 39.626008 ], [ -93.758337, 39.631754 ], [ -93.758327, 39.640119 ], [ -93.758282, 39.640957 ], [ -93.758295, 39.662147 ], [ -93.758491, 39.662774 ], [ -93.758697, 39.680319 ], [ -93.758915, 39.698322 ], [ -93.758947, 39.712679 ], [ -93.758951, 39.713884 ], [ -93.758976, 39.720396 ], [ -93.758907, 39.721319 ], [ -93.758992, 39.784674 ], [ -93.75912, 39.80741 ], [ -93.759122, 39.807535 ], [ -93.759145, 39.808879 ], [ -93.759005, 39.809738 ], [ -93.760211, 39.872299 ], [ -93.760567, 39.885692 ], [ -93.760879, 39.886773 ], [ -93.761625, 39.930831 ], [ -93.761973, 39.959552 ] ] ] ] } },
{ "type": "Feature", "properties": { "STATEFP": "29", "COUNTYFP": "051", "COUNTYNS": "00758480", "GEOIDFQ": "0500000US29051", "GEOID": "29051", "NAME": "Cole", "NAMELSAD": "Cole County", "STUSPS": "MO", "STATE_NAME": "Missouri", "LSAD": "06", "ALAND": 1014104092.0, "AWATER": 19106873.0 }, "geometry": { "type": "MultiPolygon", "coordinates": [ [ [ [ -92.487897, 38.449854 ], [ -92.460184, 38.535901 ], [ -92.458691, 38.539989 ], [ -92.449245, 38.569381 ], [ -92.448367, 38.572562 ], [ -92.446038, 38.579737 ], [ -92.433795, 38.616468 ], [ -92.433713, 38.617246 ], [ -92.415616, 38.673957 ], [ -92.414359, 38.677821 ], [ -92.400083, 38.722551 ], [ -92.400079, 38.722612 ], [ -92.399385, 38.724745 ], [ -92.394866, 38.73913 ], [ -92.387808, 38.735433 ], [ -92.381949, 38.733873 ], [ -92.376899, 38.733807 ], [ -92.364144, 38.731666 ], [ -92.360216, 38.730133 ], [ -92.345722, 38.717674 ], [ -92.344093, 38.715069 ], [ -92.342665, 38.711769 ], [ -92.342462, 38.708279 ], [ -92.343265, 38.705073 ], [ -92.345667, 38.703059 ], [ -92.350832, 38.699574 ], [ -92.354968, 38.697093 ], [ -92.36143, 38.69204 ], [ -92.362993, 38.688653 ], [ -92.363606, 38.68621 ], [ -92.362543, 38.683981 ], [ -92.36091, 38.681848 ], [ -92.357813, 38.679517 ], [ -92.350605, 38.676398 ], [ -92.345315, 38.674882 ], [ -92.337291, 38.673143 ], [ -92.335455, 38.673177 ], [ -92.317824, 38.670781 ], [ -92.308541, 38.66925 ], [ -92.297703, 38.667209 ], [ -92.29337, 38.666564 ], [ -92.285187, 38.663138 ], [ -92.275806, 38.658215 ], [ -92.26766, 38.650566 ], [ -92.262194, 38.646405 ], [ -92.259091, 38.645347 ], [ -92.251523, 38.64419 ], [ -92.245996, 38.644007 ], [ -92.229401, 38.646027 ], [ -92.225129, 38.644983 ], [ -92.220661, 38.643167 ], [ -92.215746, 38.641285 ], [ -92.209829, 38.637219 ], [ -92.208287, 38.635534 ], [ -92.204751, 38.630279 ], [ -92.203072, 38.626639 ], [ -92.202372, 38.623139 ], [ -92.202325, 38.617633 ], [ -92.203492, 38.611754 ], [ -92.203492, 38.608348 ], [ -92.203038, 38.605272 ], [ -92.202491, 38.604949 ], [ -92.201953, 38.603751 ], [ -92.200721, 38.601668 ], [ -92.198884, 38.600095 ], [ -92.186632, 38.591861 ], [ -92.185812, 38.591283 ], [ -92.17848, 38.587392 ], [ -92.169328, 38.58166 ], [ -92.164065, 38.580052 ], [ -92.160233, 38.577461 ], [ -92.158597, 38.576779 ], [ -92.14751, 38.573415 ], [ -92.14437, 38.572248 ], [ -92.139025, 38.569407 ], [ -92.137908, 38.569057 ], [ -92.124429, 38.564976 ], [ -92.115497, 38.562695 ], [ -92.110571, 38.561664 ], [ -92.098096, 38.559854 ], [ -92.084724, 38.558834 ], [ -92.079176, 38.558223 ], [ -92.068099, 38.557412 ], [ -92.061496, 38.557533 ], [ -92.058876, 38.55774 ], [ -92.052652, 38.559053 ], [ -92.037954, 38.562307 ], [ -92.037278, 38.562448 ], [ -92.025774, 38.564565 ], [ -92.015617, 38.567398 ], [ -92.008983, 38.5709 ], [ -92.0035, 38.56026 ], [ -92.00584, 38.55981 ], [ -92.014115, 38.559972 ], [ -92.018912, 38.558954 ], [ -92.022124, 38.556903 ], [ -92.024875, 38.553627 ], [ -92.025857, 38.552017 ], [ -92.027688, 38.546567 ], [ -92.028914, 38.538104 ], [ -92.028198, 38.53262 ], [ -92.027094, 38.528713 ], [ -92.025183, 38.524129 ], [ -92.016588, 38.511003 ], [ -92.010855, 38.503926 ], [ -92.0087, 38.500038 ], [ -92.008298, 38.497119 ], [ -92.008528, 38.494572 ], [ -92.008543, 38.494404 ], [ -92.008858, 38.491788 ], [ -92.010531, 38.487514 ], [ -92.015074, 38.481026 ], [ -92.020554, 38.47629 ], [ -92.026554, 38.472577 ], [ -92.030361, 38.470702 ], [ -92.041026, 38.467185 ], [ -92.043489, 38.466479 ], [ -92.051572, 38.466277 ], [ -92.06404, 38.467279 ], [ -92.068606, 38.467156 ], [ -92.073712, 38.466724 ], [ -92.081944, 38.46525 ], [ -92.086088, 38.463963 ], [ -92.089935, 38.462053 ], [ -92.100666, 38.458791 ], [ -92.105025, 38.457931 ], [ -92.110415, 38.457376 ], [ -92.116275, 38.457571 ], [ -92.120417, 38.458532 ], [ -92.12764, 38.460861 ], [ -92.130262, 38.462153 ], [ -92.135564, 38.466873 ], [ -92.138079, 38.470026 ], [ -92.142468, 38.472519 ], [ -92.147333, 38.474086 ], [ -92.151594, 38.474768 ], [ -92.153739, 38.474612 ], [ -92.155559, 38.47448 ], [ -92.160986, 38.473305 ], [ -92.162001, 38.473026 ], [ -92.167357, 38.469687 ], [ -92.168883, 38.466812 ], [ -92.167634, 38.46395 ], [ -92.164055, 38.459042 ], [ -92.162631, 38.45483 ], [ -92.162834, 38.449951 ], [ -92.162033, 38.446503 ], [ -92.160938, 38.443688 ], [ -92.157671, 38.439044 ], [ -92.152072, 38.433219 ], [ -92.149291, 38.431152 ], [ -92.143639, 38.429689 ], [ -92.138393, 38.427383 ], [ -92.133434, 38.424365 ], [ -92.129969, 38.422772 ], [ -92.124778, 38.419936 ], [ -92.121578, 38.417336 ], [ -92.119378, 38.414936 ], [ -92.115877, 38.408637 ], [ -92.115277, 38.407037 ], [ -92.114977, 38.401937 ], [ -92.116277, 38.398837 ], [ -92.117877, 38.396037 ], [ -92.121777, 38.391337 ], [ -92.125177, 38.389015 ], [ -92.133381, 38.384609 ], [ -92.138188, 38.382753 ], [ -92.148877, 38.379536 ], [ -92.160577, 38.377036 ], [ -92.165178, 38.376836 ], [ -92.169378, 38.377336 ], [ -92.170871, 38.377921 ], [ -92.17201, 38.378167 ], [ -92.176018, 38.377556 ], [ -92.178858, 38.378567 ], [ -92.180721, 38.378419 ], [ -92.182375, 38.376238 ], [ -92.186578, 38.373935 ], [ -92.188678, 38.373535 ], [ -92.190178, 38.372035 ], [ -92.193178, 38.370835 ], [ -92.19341, 38.364549 ], [ -92.194476, 38.335536 ], [ -92.224678, 38.335733 ], [ -92.226076, 38.332934 ], [ -92.228244, 38.330926 ], [ -92.232974, 38.327748 ], [ -92.237109, 38.32628 ], [ -92.246116, 38.323757 ], [ -92.247778, 38.322935 ], [ -92.250178, 38.322713 ], [ -92.259278, 38.325235 ], [ -92.268478, 38.328335 ], [ -92.272879, 38.330534 ], [ -92.276079, 38.332534 ], [ -92.278479, 38.334434 ], [ -92.281479, 38.336234 ], [ -92.284479, 38.337534 ], [ -92.288779, 38.338834 ], [ -92.294179, 38.339434 ], [ -92.29768, 38.339234 ], [ -92.302628, 38.336617 ], [ -92.32768, 38.337234 ], [ -92.358298, 38.338789 ], [ -92.394297, 38.340622 ], [ -92.408407, 38.341344 ], [ -92.407971, 38.348429 ], [ -92.407358, 38.359073 ], [ -92.406397, 38.375487 ], [ -92.404152, 38.413876 ], [ -92.403484, 38.425331 ], [ -92.406243, 38.425406 ], [ -92.481598, 38.42746 ], [ -92.495185, 38.427829 ], [ -92.487897, 38.449854 ] ] ] ] } },
{ "type": "Feature", "properties": { "STATEFP": "29", "COUNTYFP": "229", "COUNTYNS": "00758567", "GEOIDFQ": "0500000US29229", "GEOID": "29229", "NAME": "Wright", "NAMELSAD": "Wright County", "STUSPS": "MO", "STATE_NAME": "Missouri", "LSAD": "06", "ALAND": 1765786965.0, "AWATER": 3526470.0 }, "geometry": { "type": "MultiPolygon", "coordinates": [ [ [ [ -92.691904, 37.281743 ], [ -92.691254, 37.307183 ], [ -92.691003, 37.321456 ], [ -92.690471, 37.350647 ], [ -92.689571, 37.350647 ], [ -92.689495, 37.356898 ], [ -92.689197, 37.378907 ], [ -92.68896, 37.391282 ], [ -92.688901, 37.39439 ], [ -92.688866, 37.396198 ], [ -92.689006, 37.396881 ], [ -92.688745, 37.397615 ], [ -92.688737, 37.398156 ], [ -92.688645, 37.408977 ], [ -92.688072, 37.437746 ], [ -92.687207, 37.452334 ], [ -92.686671, 37.481545 ], [ -92.651693, 37.480664 ], [ -92.649894, 37.480665 ], [ -92.590089, 37.47922 ], [ -92.587208, 37.479132 ], [ -92.559, 37.478734 ], [ -92.552569, 37.478545 ], [ -92.543168, 37.478545 ], [ -92.522472, 37.477076 ], [ -92.511031, 37.476676 ], [ -92.468207, 37.475702 ], [ -92.450434, 37.475398 ], [ -92.432771, 37.475099 ], [ -92.414279, 37.474783 ], [ -92.411705, 37.474741 ], [ -92.41162, 37.474739 ], [ -92.371535, 37.473643 ], [ -92.361401, 37.473812 ], [ -92.35969, 37.473856 ], [ -92.306163, 37.472945 ], [ -92.305963, 37.473645 ], [ -92.252261, 37.472944 ], [ -92.253209, 37.386537 ], [ -92.25331, 37.3774 ], [ -92.252058, 37.371879 ], [ -92.252251, 37.357204 ], [ -92.25245, 37.342762 ], [ -92.251943, 37.342752 ], [ -92.252102, 37.31605 ], [ -92.252238, 37.298903 ], [ -92.25298, 37.254843 ], [ -92.247175, 37.254908 ], [ -92.247526, 37.250083 ], [ -92.248038, 37.219533 ], [ -92.248385, 37.199537 ], [ -92.248641, 37.196483 ], [ -92.248408, 37.194153 ], [ -92.249084, 37.159622 ], [ -92.249004, 37.146483 ], [ -92.249047, 37.143379 ], [ -92.24909, 37.141254 ], [ -92.249245, 37.139764 ], [ -92.249153, 37.135586 ], [ -92.249133, 37.131802 ], [ -92.24941, 37.125112 ], [ -92.249443, 37.123975 ], [ -92.249573, 37.121506 ], [ -92.249707, 37.120558 ], [ -92.249529, 37.11688 ], [ -92.251359, 37.059653 ], [ -92.26424, 37.060062 ], [ -92.270607, 37.059978 ], [ -92.288001, 37.060296 ], [ -92.305426, 37.061251 ], [ -92.35076, 37.061851 ], [ -92.378208, 37.062141 ], [ -92.41435, 37.062569 ], [ -92.41764, 37.062589 ], [ -92.454287, 37.062801 ], [ -92.467788, 37.062894 ], [ -92.476564, 37.062977 ], [ -92.520502, 37.063637 ], [ -92.522279, 37.063675 ], [ -92.539027, 37.064033 ], [ -92.544945, 37.064122 ], [ -92.545275, 37.064128 ], [ -92.603474, 37.06582 ], [ -92.613427, 37.06597 ], [ -92.617054, 37.065957 ], [ -92.632492, 37.066548 ], [ -92.649227, 37.066697 ], [ -92.685867, 37.067051 ], [ -92.684901, 37.090387 ], [ -92.683761, 37.117991 ], [ -92.682759, 37.154539 ], [ -92.681883, 37.169243 ], [ -92.681963, 37.175828 ], [ -92.680488, 37.214269 ], [ -92.680608, 37.215706 ], [ -92.680254, 37.22769 ], [ -92.679676, 37.238715 ], [ -92.679769, 37.239725 ], [ -92.679659, 37.242363 ], [ -92.67897, 37.263149 ], [ -92.692303, 37.263514 ], [ -92.691904, 37.281743 ] ] ] ] } },
{ "type": "Feature", "properties": { "STATEFP": "29", "COUNTYFP": "049", "COUNTYNS": "00758479", "GEOIDFQ": "0500000US29049", "GEOID": "29049", "NAME": "Clinton", "NAMELSAD": "Clinton County", "STUSPS": "MO", "STATE_NAME": "Missouri", "LSAD": "06", "ALAND": 1085049760.0, "AWATER": 11764909.0 }, "geometry": { "type": "MultiPolygon", "coordinates": [ [ [ [ -94.602257, 39.747195 ], [ -94.596138, 39.747237 ], [ -94.581399, 39.747271 ], [ -94.577994, 39.747278 ], [ -94.573967, 39.747277 ], [ -94.571621, 39.747119 ], [ -94.553634, 39.747222 ], [ -94.544503, 39.747343 ], [ -94.544256, 39.747698 ], [ -94.526485, 39.747772 ], [ -94.50794, 39.747794 ], [ -94.496362, 39.747655 ], [ -94.492453, 39.747954 ], [ -94.489145, 39.747644 ], [ -94.479833, 39.747735 ], [ -94.470451, 39.747639 ], [ -94.451465, 39.747694 ], [ -94.442519, 39.747629 ], [ -94.432472, 39.747474 ], [ -94.365509, 39.747373 ], [ -94.362337, 39.747148 ], [ -94.353368, 39.747221 ], [ -94.350733, 39.747146 ], [ -94.346461, 39.747219 ], [ -94.337796, 39.747115 ], [ -94.321819, 39.747268 ], [ -94.319034, 39.747465 ], [ -94.318595, 39.7475 ], [ -94.281346, 39.746873 ], [ -94.262269, 39.746443 ], [ -94.257903, 39.746431 ], [ -94.254018, 39.746402 ], [ -94.253114, 39.746398 ], [ -94.236897, 39.746348 ], [ -94.23035, 39.746139 ], [ -94.220283, 39.746218 ], [ -94.212063, 39.745989 ], [ -94.21119, 39.745965 ], [ -94.205961, 39.745841 ], [ -94.205963, 39.745395 ], [ -94.205962, 39.745333 ], [ -94.205854, 39.73111 ], [ -94.205799, 39.73004 ], [ -94.205786, 39.724546 ], [ -94.205773, 39.723501 ], [ -94.205761, 39.715768 ], [ -94.205818, 39.702007 ], [ -94.206356, 39.662363 ], [ -94.206604, 39.661378 ], [ -94.206101, 39.657813 ], [ -94.20648, 39.643186 ], [ -94.206484, 39.639846 ], [ -94.206645, 39.628466 ], [ -94.206491, 39.626083 ], [ -94.206693, 39.614191 ], [ -94.20716, 39.592312 ], [ -94.207386, 39.570551 ], [ -94.207691, 39.541643 ], [ -94.208423, 39.5272 ], [ -94.209004, 39.512743 ], [ -94.209712, 39.492751 ], [ -94.20993, 39.49125 ], [ -94.209812, 39.489586 ], [ -94.210882, 39.455502 ], [ -94.210557, 39.4549 ], [ -94.210642, 39.454682 ], [ -94.257584, 39.455203 ], [ -94.27634, 39.45528 ], [ -94.285612, 39.455339 ], [ -94.304308, 39.455542 ], [ -94.321806, 39.455591 ], [ -94.323761, 39.455632 ], [ -94.32648, 39.455603 ], [ -94.34005, 39.455577 ], [ -94.342168, 39.45556 ], [ -94.351234, 39.455575 ], [ -94.359079, 39.455535 ], [ -94.361218, 39.455666 ], [ -94.373003, 39.455562 ], [ -94.378016, 39.455527 ], [ -94.425219, 39.455733 ], [ -94.435236, 39.455405 ], [ -94.463372, 39.455429 ], [ -94.472468, 39.455523 ], [ -94.482484, 39.455542 ], [ -94.485931, 39.455548 ], [ -94.519725, 39.455654 ], [ -94.5198, 39.455585 ], [ -94.55083, 39.455802 ], [ -94.553372, 39.455815 ], [ -94.56436, 39.456019 ], [ -94.564733, 39.45588 ], [ -94.564925, 39.455859 ], [ -94.565684, 39.455886 ], [ -94.567342, 39.455885 ], [ -94.567638, 39.455872 ], [ -94.573837, 39.455848 ], [ -94.597879, 39.455838 ], [ -94.600819, 39.456155 ], [ -94.60104, 39.470415 ], [ -94.601001, 39.487932 ], [ -94.601164, 39.492072 ], [ -94.601167, 39.492117 ], [ -94.601215, 39.53017 ], [ -94.601243, 39.540508 ], [ -94.601252, 39.541479 ], [ -94.6012, 39.584501 ], [ -94.601314, 39.603085 ], [ -94.601629, 39.605609 ], [ -94.601876, 39.609293 ], [ -94.602124, 39.616756 ], [ -94.602112, 39.623396 ], [ -94.602138, 39.625711 ], [ -94.602244, 39.645635 ], [ -94.602167, 39.689066 ], [ -94.602316, 39.703906 ], [ -94.602257, 39.747195 ] ] ] ] } },
{ "type": "Feature", "properties": { "STATEFP": "29", "COUNTYFP": "179", "COUNTYNS": "00758544", "GEOIDFQ": "0500000US29179", "GEOID": "29179", "NAME": "Reynolds", "NAMELSAD": "Reynolds County", "STUSPS": "MO", "STATE_NAME": "Missouri", "LSAD": "06", "ALAND": 2093946390.0, "AWATER": 15373678.0 }, "geometry": { "type": "MultiPolygon", "coordinates": [ [ [ [ -91.313176, 37.555046 ], [ -91.312944, 37.578063 ], [ -91.312458, 37.592824 ], [ -91.281547, 37.592266 ], [ -91.245734, 37.590335 ], [ -91.209437, 37.588811 ], [ -91.196608, 37.588851 ], [ -91.178357, 37.588669 ], [ -91.173798, 37.588492 ], [ -91.155073, 37.588092 ], [ -91.136788, 37.588144 ], [ -91.100665, 37.587762 ], [ -91.083423, 37.589726 ], [ -91.080977, 37.589934 ], [ -91.000127, 37.602275 ], [ -90.986777, 37.603853 ], [ -90.959446, 37.603649 ], [ -90.953566, 37.603666 ], [ -90.950157, 37.603679 ], [ -90.941277, 37.603712 ], [ -90.934517, 37.603436 ], [ -90.88085, 37.602813 ], [ -90.875125, 37.602662 ], [ -90.871978, 37.602814 ], [ -90.83562, 37.602823 ], [ -90.791006, 37.602118 ], [ -90.785079, 37.602371 ], [ -90.768695, 37.603011 ], [ -90.770235, 37.549446 ], [ -90.770618, 37.513865 ], [ -90.770706, 37.505315 ], [ -90.771251, 37.475986 ], [ -90.771273, 37.461433 ], [ -90.771344, 37.460899 ], [ -90.771734, 37.430033 ], [ -90.772175, 37.406312 ], [ -90.772332, 37.400578 ], [ -90.773036, 37.375049 ], [ -90.772949, 37.373659 ], [ -90.761033, 37.373059 ], [ -90.74972, 37.372796 ], [ -90.750835, 37.331226 ], [ -90.751278, 37.31475 ], [ -90.752264, 37.314689 ], [ -90.753627, 37.270113 ], [ -90.735453, 37.27104 ], [ -90.735715, 37.258961 ], [ -90.736157, 37.227101 ], [ -90.734438, 37.227146 ], [ -90.734861, 37.210022 ], [ -90.736249, 37.193049 ], [ -90.736971, 37.180942 ], [ -90.737146, 37.166413 ], [ -90.75587, 37.166722 ], [ -90.756253, 37.155622 ], [ -90.756799, 37.137739 ], [ -90.77903, 37.137632 ], [ -90.779231, 37.127213 ], [ -90.778844, 37.12145 ], [ -90.778938, 37.107795 ], [ -90.779553, 37.050324 ], [ -90.862781, 37.051721 ], [ -90.865389, 37.051662 ], [ -90.876554, 37.051974 ], [ -90.890054, 37.052142 ], [ -90.893154, 37.052182 ], [ -90.908184, 37.052377 ], [ -90.908628, 37.052366 ], [ -90.960852, 37.053504 ], [ -90.964466, 37.053584 ], [ -90.963562, 37.09736 ], [ -90.999991, 37.097649 ], [ -90.999899, 37.100112 ], [ -90.99989, 37.100404 ], [ -91.017766, 37.095677 ], [ -91.017916, 37.125049 ], [ -91.017163, 37.143478 ], [ -91.035138, 37.140181 ], [ -91.034346, 37.169343 ], [ -91.071046, 37.162712 ], [ -91.070634, 37.177573 ], [ -91.088865, 37.174179 ], [ -91.08826, 37.203193 ], [ -91.107186, 37.203247 ], [ -91.107284, 37.199201 ], [ -91.126028, 37.19948 ], [ -91.125514, 37.227407 ], [ -91.125295, 37.240063 ], [ -91.12317, 37.240041 ], [ -91.123152, 37.254504 ], [ -91.159321, 37.255038 ], [ -91.159122, 37.265414 ], [ -91.158429, 37.312917 ], [ -91.176158, 37.312592 ], [ -91.176256, 37.327341 ], [ -91.175583, 37.38513 ], [ -91.175405, 37.414805 ], [ -91.211863, 37.415277 ], [ -91.211517, 37.443784 ], [ -91.211413, 37.451311 ], [ -91.211282, 37.458104 ], [ -91.211263, 37.460863 ], [ -91.211247, 37.46174 ], [ -91.211143, 37.470109 ], [ -91.21109, 37.474941 ], [ -91.210984, 37.501911 ], [ -91.314236, 37.505132 ], [ -91.313176, 37.555046 ] ] ] ] } },
{ "type": "Feature", "properties": { "STATEFP": "29", "COUNTYFP": "177", "COUNTYNS": "00758543", "GEOIDFQ": "0500000US29177", "GEOID": "29177", "NAME": "Ray", "NAMELSAD": "Ray County", "STUSPS": "MO", "STATE_NAME": "Missouri", "LSAD": "06", "ALAND": 1473655260.0, "AWATER": 13412073.0 }, "geometry": { "type": "MultiPolygon", "coordinates": [ [ [ [ -94.212188, 39.234333 ], [ -94.212112, 39.254388 ], [ -94.212129, 39.265455 ], [ -94.212144, 39.273237 ], [ -94.212273, 39.2946 ], [ -94.212161, 39.316514 ], [ -94.212079, 39.330681 ], [ -94.212013, 39.34046 ], [ -94.211976, 39.343763 ], [ -94.211892, 39.34953 ], [ -94.211888, 39.349764 ], [ -94.211871, 39.351622 ], [ -94.211617, 39.378194 ], [ -94.21159, 39.385805 ], [ -94.211425, 39.389377 ], [ -94.211331, 39.393239 ], [ -94.211266, 39.394858 ], [ -94.211274, 39.396417 ], [ -94.211173, 39.404535 ], [ -94.21114, 39.407248 ], [ -94.21088, 39.422072 ], [ -94.210794, 39.425681 ], [ -94.210795, 39.440358 ], [ -94.210758, 39.444015 ], [ -94.210742, 39.445554 ], [ -94.210642, 39.454682 ], [ -94.210557, 39.4549 ], [ -94.210882, 39.455502 ], [ -94.209812, 39.489586 ], [ -94.20993, 39.49125 ], [ -94.209712, 39.492751 ], [ -94.209004, 39.512743 ], [ -94.208423, 39.5272 ], [ -94.156127, 39.526186 ], [ -94.153327, 39.526229 ], [ -94.096992, 39.525949 ], [ -94.096729, 39.525947 ], [ -94.040439, 39.525099 ], [ -93.98457, 39.5244 ], [ -93.974689, 39.52441 ], [ -93.94634, 39.52463 ], [ -93.927121, 39.524815 ], [ -93.872394, 39.525752 ], [ -93.870196, 39.525865 ], [ -93.778068, 39.524924 ], [ -93.77711, 39.524978 ], [ -93.759183, 39.524558 ], [ -93.759102, 39.524268 ], [ -93.758956, 39.452576 ], [ -93.758953, 39.451911 ], [ -93.758993, 39.437368 ], [ -93.759036, 39.422912 ], [ -93.75895, 39.394239 ], [ -93.758958, 39.350903 ], [ -93.759009, 39.313344 ], [ -93.758929, 39.31286 ], [ -93.758891, 39.264219 ], [ -93.758881, 39.249782 ], [ -93.758463, 39.207021 ], [ -93.760358, 39.206637 ], [ -93.768834, 39.203783 ], [ -93.774095, 39.201682 ], [ -93.778523, 39.200574 ], [ -93.78181, 39.20019 ], [ -93.784391, 39.200209 ], [ -93.788494, 39.20103 ], [ -93.794502, 39.202984 ], [ -93.799775, 39.205206 ], [ -93.802519, 39.207271 ], [ -93.810917, 39.210937 ], [ -93.818513, 39.213655 ], [ -93.824172, 39.214897 ], [ -93.828992, 39.215257 ], [ -93.840147, 39.215467 ], [ -93.84648, 39.214949 ], [ -93.848971, 39.214541 ], [ -93.855434, 39.212874 ], [ -93.861249, 39.210749 ], [ -93.872089, 39.205937 ], [ -93.873678, 39.205047 ], [ -93.87522, 39.20408 ], [ -93.887053, 39.194514 ], [ -93.890151, 39.192012 ], [ -93.896551, 39.186879 ], [ -93.899417, 39.184539 ], [ -93.901461, 39.184502 ], [ -93.904311, 39.183465 ], [ -93.909131, 39.182504 ], [ -93.917854, 39.183306 ], [ -93.925203, 39.184336 ], [ -93.92583, 39.184346 ], [ -93.92783, 39.184386 ], [ -93.932291, 39.183757 ], [ -93.935648, 39.182085 ], [ -93.937674, 39.180679 ], [ -93.940043, 39.17969 ], [ -93.940718, 39.178743 ], [ -93.941451, 39.174973 ], [ -93.943323, 39.173825 ], [ -93.944358, 39.170222 ], [ -93.944128, 39.161889 ], [ -93.942411, 39.158083 ], [ -93.948345, 39.152661 ], [ -93.950458, 39.150845 ], [ -93.958327, 39.145168 ], [ -93.961155, 39.143563 ], [ -93.967014, 39.142376 ], [ -93.968748, 39.142293 ], [ -93.973544, 39.143272 ], [ -93.979091, 39.145466 ], [ -93.984713, 39.148989 ], [ -93.988892, 39.152786 ], [ -93.986692, 39.155817 ], [ -93.98626, 39.161261 ], [ -93.983361, 39.168524 ], [ -93.981175, 39.170284 ], [ -93.975348, 39.172737 ], [ -93.967863, 39.178134 ], [ -93.962442, 39.183369 ], [ -93.961479, 39.187525 ], [ -93.961779, 39.19212 ], [ -93.963053, 39.194134 ], [ -93.966768, 39.198266 ], [ -93.971971, 39.202176 ], [ -93.977402, 39.205491 ], [ -93.978963, 39.206046 ], [ -93.980088, 39.205874 ], [ -93.988664, 39.201639 ], [ -93.994661, 39.200251 ], [ -94.000222, 39.198473 ], [ -94.001214, 39.198618 ], [ -94.005396, 39.197698 ], [ -94.01539, 39.19521 ], [ -94.019966, 39.193609 ], [ -94.028822, 39.191595 ], [ -94.032046, 39.189961 ], [ -94.034494, 39.187945 ], [ -94.036047, 39.184969 ], [ -94.036015, 39.180393 ], [ -94.035474, 39.177502 ], [ -94.028455, 39.16903 ], [ -94.025711, 39.165001 ], [ -94.024751, 39.160696 ], [ -94.024206, 39.154537 ], [ -94.025662, 39.153881 ], [ -94.027379, 39.152853 ], [ -94.031006, 39.150904 ], [ -94.036782, 39.14732 ], [ -94.042958, 39.14252 ], [ -94.045566, 39.14084 ], [ -94.051166, 39.13804 ], [ -94.056638, 39.135544 ], [ -94.058975, 39.134824 ], [ -94.062463, 39.13428 ], [ -94.072991, 39.134024 ], [ -94.078607, 39.134247 ], [ -94.084559, 39.135047 ], [ -94.087135, 39.135543 ], [ -94.092047, 39.137191 ], [ -94.096815, 39.139159 ], [ -94.103391, 39.142423 ], [ -94.104823, 39.143507 ], [ -94.114032, 39.149714 ], [ -94.122223, 39.159307 ], [ -94.124303, 39.163287 ], [ -94.126367, 39.165783 ], [ -94.129919, 39.168903 ], [ -94.133664, 39.171239 ], [ -94.136863, 39.172567 ], [ -94.147152, 39.175175 ], [ -94.154016, 39.176263 ], [ -94.169056, 39.177766 ], [ -94.176831, 39.178118 ], [ -94.181152, 39.179014 ], [ -94.18584, 39.18103 ], [ -94.187174, 39.183843 ], [ -94.185735, 39.188029 ], [ -94.184015, 39.190439 ], [ -94.181519, 39.192613 ], [ -94.176447, 39.196038 ], [ -94.175327, 39.19719 ], [ -94.170239, 39.204486 ], [ -94.169423, 39.210614 ], [ -94.170495, 39.21231 ], [ -94.173519, 39.213829 ], [ -94.176143, 39.214149 ], [ -94.184703, 39.214293 ], [ -94.188895, 39.213461 ], [ -94.193391, 39.211541 ], [ -94.199551, 39.208197 ], [ -94.204916, 39.206531 ], [ -94.207254, 39.206324 ], [ -94.212515, 39.207086 ], [ -94.212188, 39.234333 ] ] ] ] } },
{ "type": "Feature", "properties": { "STATEFP": "29", "COUNTYFP": "139", "COUNTYNS": "00758524", "GEOIDFQ": "0500000US29139", "GEOID": "29139", "NAME": "Montgomery", "NAMELSAD": "Montgomery County", "STUSPS": "MO", "STATE_NAME": "Missouri", "LSAD": "06", "ALAND": 1385765320.0, "AWATER": 14100641.0 }, "geometry": { "type": "MultiPolygon", "coordinates": [ [ [ [ -91.646421, 38.716178 ], [ -91.647163, 38.730627 ], [ -91.64551, 38.750089 ], [ -91.645021, 38.76758 ], [ -91.645137, 38.769387 ], [ -91.644255, 38.798251 ], [ -91.644292, 38.799467 ], [ -91.64345, 38.820176 ], [ -91.643419, 38.820798 ], [ -91.64252, 38.840861 ], [ -91.64233, 38.841775 ], [ -91.64231, 38.843688 ], [ -91.641427, 38.863514 ], [ -91.641589, 38.867459 ], [ -91.641001, 38.875066 ], [ -91.640133, 38.901746 ], [ -91.639059, 38.939324 ], [ -91.638708, 38.946858 ], [ -91.638403, 38.953785 ], [ -91.636702, 38.984474 ], [ -91.636901, 38.985037 ], [ -91.635867, 39.013502 ], [ -91.635845, 39.013944 ], [ -91.635243, 39.028191 ], [ -91.63529, 39.029154 ], [ -91.633998, 39.059057 ], [ -91.631858, 39.102618 ], [ -91.629598, 39.147853 ], [ -91.593063, 39.147064 ], [ -91.575584, 39.146713 ], [ -91.556238, 39.146126 ], [ -91.484936, 39.144857 ], [ -91.47208, 39.144366 ], [ -91.469053, 39.144367 ], [ -91.451257, 39.143702 ], [ -91.420995, 39.143051 ], [ -91.41923, 39.14284 ], [ -91.409033, 39.142542 ], [ -91.375094, 39.142047 ], [ -91.374386, 39.141782 ], [ -91.356627, 39.141873 ], [ -91.351249, 39.141513 ], [ -91.333098, 39.141326 ], [ -91.32486, 39.140911 ], [ -91.260232, 39.139845 ], [ -91.261887, 39.085022 ], [ -91.262022, 39.08483 ], [ -91.262564, 39.070021 ], [ -91.262493, 39.067778 ], [ -91.262877, 39.052944 ], [ -91.262466, 39.052814 ], [ -91.263107, 39.037003 ], [ -91.26382, 39.007608 ], [ -91.264287, 38.992762 ], [ -91.264474, 38.984844 ], [ -91.264804, 38.970954 ], [ -91.264979, 38.963638 ], [ -91.263774, 38.963634 ], [ -91.263644, 38.956458 ], [ -91.264687, 38.918863 ], [ -91.265269, 38.874737 ], [ -91.264931, 38.84643 ], [ -91.264933, 38.846213 ], [ -91.264927, 38.843833 ], [ -91.273903, 38.843674 ], [ -91.278545, 38.843571 ], [ -91.280003, 38.843539 ], [ -91.283417, 38.843465 ], [ -91.301898, 38.84431 ], [ -91.301894, 38.845851 ], [ -91.313785, 38.845294 ], [ -91.364867, 38.844514 ], [ -91.405263, 38.845144 ], [ -91.415832, 38.8453 ], [ -91.416604, 38.830921 ], [ -91.416289, 38.820591 ], [ -91.416482, 38.805632 ], [ -91.416853, 38.788066 ], [ -91.417648, 38.739774 ], [ -91.417948, 38.7355 ], [ -91.417819, 38.734975 ], [ -91.418047, 38.731733 ], [ -91.418302, 38.72075 ], [ -91.418637, 38.709778 ], [ -91.426741, 38.709736 ], [ -91.438677, 38.709437 ], [ -91.442845, 38.709182 ], [ -91.450484, 38.707813 ], [ -91.4576, 38.70627 ], [ -91.457955, 38.708064 ], [ -91.453063, 38.709268 ], [ -91.455194, 38.709624 ], [ -91.454815, 38.710311 ], [ -91.46008, 38.709376 ], [ -91.462589, 38.708102 ], [ -91.468176, 38.708024 ], [ -91.470103, 38.707479 ], [ -91.472339, 38.707621 ], [ -91.479281, 38.711722 ], [ -91.485101, 38.713307 ], [ -91.487792, 38.713114 ], [ -91.490596, 38.712294 ], [ -91.494438, 38.709695 ], [ -91.496533, 38.709464 ], [ -91.498229, 38.707925 ], [ -91.499248, 38.705881 ], [ -91.501074, 38.704687 ], [ -91.502407, 38.702875 ], [ -91.503419, 38.699981 ], [ -91.502602, 38.695 ], [ -91.522725, 38.688241 ], [ -91.524638, 38.68741 ], [ -91.53579, 38.681796 ], [ -91.545313, 38.676882 ], [ -91.546289, 38.676627 ], [ -91.547142, 38.676406 ], [ -91.552196, 38.676322 ], [ -91.558185, 38.676635 ], [ -91.575975, 38.680843 ], [ -91.582568, 38.681421 ], [ -91.587665, 38.682185 ], [ -91.593042, 38.684062 ], [ -91.602885, 38.688293 ], [ -91.606557, 38.69016 ], [ -91.61311, 38.694547 ], [ -91.616032, 38.696523 ], [ -91.619734, 38.698536 ], [ -91.625169, 38.70073 ], [ -91.633862, 38.70281 ], [ -91.640372, 38.703792 ], [ -91.641376, 38.703939 ], [ -91.647171, 38.703396 ], [ -91.646421, 38.716178 ] ] ] ] } },
{ "type": "Feature", "properties": { "STATEFP": "29", "COUNTYFP": "101", "COUNTYNS": "00758505", "GEOIDFQ": "0500000US29101", "GEOID": "29101", "NAME": "Johnson", "NAMELSAD": "Johnson County", "STUSPS": "MO", "STATE_NAME": "Missouri", "LSAD": "06", "ALAND": 2147776086.0, "AWATER": 10180467.0 }, "geometry": { "type": "MultiPolygon", "coordinates": [ [ [ [ -94.128304, 38.677754 ], [ -94.127952, 38.68497 ], [ -94.127751, 38.688721 ], [ -94.127492, 38.693912 ], [ -94.127235, 38.699646 ], [ -94.125064, 38.744323 ], [ -94.124053, 38.751839 ], [ -94.122824, 38.757882 ], [ -94.122625, 38.762256 ], [ -94.121992, 38.773922 ], [ -94.121265, 38.800516 ], [ -94.121361, 38.803422 ], [ -94.120619, 38.816772 ], [ -94.12031, 38.818469 ], [ -94.120285, 38.822703 ], [ -94.119578, 38.832872 ], [ -94.119096, 38.833167 ], [ -94.118786, 38.833208 ], [ -94.118498, 38.837189 ], [ -94.117699, 38.850222 ], [ -94.117158, 38.853598 ], [ -94.116513, 38.86956 ], [ -94.116412, 38.86991 ], [ -94.11596, 38.870998 ], [ -94.114092, 38.906242 ], [ -94.113634, 38.916964 ], [ -94.114175, 38.917304 ], [ -94.113306, 38.917481 ], [ -94.110187, 38.917608 ], [ -94.077567, 38.916583 ], [ -94.076099, 38.916499 ], [ -94.068751, 38.916192 ], [ -94.03594, 38.915144 ], [ -94.012821, 38.914486 ], [ -93.971101, 38.913308 ], [ -93.970856, 38.913459 ], [ -93.947393, 38.91252 ], [ -93.943675, 38.912386 ], [ -93.928697, 38.912097 ], [ -93.922783, 38.911805 ], [ -93.915966, 38.911468 ], [ -93.911622, 38.911234 ], [ -93.887364, 38.910312 ], [ -93.849987, 38.909057 ], [ -93.836319, 38.908709 ], [ -93.834719, 38.937909 ], [ -93.798027, 38.936458 ], [ -93.77902, 38.935836 ], [ -93.735885, 38.934684 ], [ -93.723733, 38.934485 ], [ -93.714067, 38.934347 ], [ -93.676122, 38.933515 ], [ -93.630362, 38.932095 ], [ -93.611396, 38.93211 ], [ -93.497278, 38.92843 ], [ -93.497888, 38.913945 ], [ -93.498616, 38.8993 ], [ -93.493124, 38.899158 ], [ -93.493562, 38.891201 ], [ -93.495896, 38.854839 ], [ -93.497502, 38.825714 ], [ -93.498271, 38.811182 ], [ -93.500442, 38.772816 ], [ -93.50273, 38.737656 ], [ -93.503254, 38.730344 ], [ -93.50376, 38.723207 ], [ -93.504794, 38.70884 ], [ -93.504649, 38.707659 ], [ -93.506416, 38.679722 ], [ -93.506424, 38.679589 ], [ -93.509167, 38.644958 ], [ -93.509553, 38.635839 ], [ -93.507569, 38.635863 ], [ -93.507564, 38.635787 ], [ -93.508285, 38.617489 ], [ -93.50837, 38.617242 ], [ -93.51103, 38.55621 ], [ -93.518723, 38.556305 ], [ -93.561721, 38.557431 ], [ -93.619768, 38.559083 ], [ -93.621416, 38.559048 ], [ -93.621888, 38.559067 ], [ -93.639803, 38.559446 ], [ -93.676985, 38.560152 ], [ -93.695383, 38.560592 ], [ -93.719417, 38.560993 ], [ -93.732796, 38.561335 ], [ -93.733176, 38.560958 ], [ -93.769874, 38.561772 ], [ -93.78849, 38.562014 ], [ -93.842963, 38.562901 ], [ -93.849247, 38.56295 ], [ -93.861876, 38.563199 ], [ -93.917315, 38.564201 ], [ -93.930712, 38.564426 ], [ -93.952961, 38.564919 ], [ -94.012641, 38.566232 ], [ -94.064317, 38.56738 ], [ -94.078007, 38.567731 ], [ -94.10116, 38.568137 ], [ -94.119664, 38.568712 ], [ -94.118845, 38.590392 ], [ -94.118194, 38.603762 ], [ -94.117335, 38.630566 ], [ -94.116408, 38.655518 ], [ -94.129372, 38.655862 ], [ -94.128304, 38.677754 ] ] ] ] } },
{ "type": "Feature", "properties": { "STATEFP": "29", "COUNTYFP": "057", "COUNTYNS": "00758483", "GEOIDFQ": "0500000US29057", "GEOID": "29057", "NAME": "Dade", "NAMELSAD": "Dade County", "STUSPS": "MO", "STATE_NAME": "Missouri", "LSAD": "06", "ALAND": 1269120978.0, "AWATER": 42072597.0 }, "geometry": { "type": "MultiPolygon", "coordinates": [ [ [ [ -94.082083, 37.349291 ], [ -94.081173, 37.374934 ], [ -94.081228, 37.37806 ], [ -94.080789, 37.378043 ], [ -94.079878, 37.40712 ], [ -94.079376, 37.429152 ], [ -94.07873, 37.450801 ], [ -94.078316, 37.465098 ], [ -94.076896, 37.521599 ], [ -94.076854, 37.521707 ], [ -94.076024, 37.552754 ], [ -94.075385, 37.58157 ], [ -94.06671, 37.581336 ], [ -94.066185, 37.581216 ], [ -93.947012, 37.579379 ], [ -93.922, 37.579123 ], [ -93.85153, 37.57835 ], [ -93.837602, 37.578169 ], [ -93.773941, 37.576641 ], [ -93.773585, 37.57663 ], [ -93.762436, 37.576308 ], [ -93.724992, 37.575179 ], [ -93.707188, 37.574698 ], [ -93.699009, 37.574417 ], [ -93.697965, 37.57449 ], [ -93.693581, 37.574374 ], [ -93.655834, 37.573459 ], [ -93.616033, 37.572689 ], [ -93.616424, 37.564114 ], [ -93.617371, 37.538992 ], [ -93.618147, 37.514667 ], [ -93.618177, 37.514327 ], [ -93.620377, 37.456348 ], [ -93.620379, 37.456289 ], [ -93.620909, 37.434617 ], [ -93.621153, 37.427423 ], [ -93.621671, 37.412805 ], [ -93.622231, 37.398265 ], [ -93.622412, 37.394041 ], [ -93.622785, 37.38373 ], [ -93.62304, 37.369176 ], [ -93.623928, 37.347561 ], [ -93.623858, 37.345816 ], [ -93.624372, 37.331079 ], [ -93.624639, 37.325362 ], [ -93.624415, 37.324748 ], [ -93.625844, 37.282011 ], [ -93.673889, 37.282941 ], [ -93.703451, 37.283747 ], [ -93.710535, 37.283755 ], [ -93.733511, 37.284206 ], [ -93.735481, 37.284242 ], [ -93.747049, 37.284551 ], [ -93.750207, 37.284782 ], [ -93.759443, 37.284764 ], [ -93.761968, 37.284855 ], [ -93.767074, 37.284981 ], [ -93.785395, 37.285379 ], [ -93.837305, 37.286432 ], [ -93.841438, 37.286359 ], [ -93.845532, 37.286456 ], [ -93.855237, 37.286662 ], [ -93.864036, 37.286856 ], [ -93.945064, 37.287848 ], [ -93.948356, 37.287669 ], [ -93.952034, 37.287849 ], [ -93.953021, 37.288077 ], [ -93.954739, 37.288086 ], [ -93.955472, 37.288074 ], [ -94.052313, 37.290078 ], [ -94.083833, 37.290851 ], [ -94.082083, 37.349291 ] ] ] ] } },
{ "type": "Feature", "properties": { "STATEFP": "29", "COUNTYFP": "007", "COUNTYNS": "00758458", "GEOIDFQ": "0500000US29007", "GEOID": "29007", "NAME": "Audrain", "NAMELSAD": "Audrain County", "STUSPS": "MO", "STATE_NAME": "Missouri", "LSAD": "06", "ALAND": 1792918163.0, "AWATER": 11843439.0 }, "geometry": { "type": "MultiPolygon", "coordinates": [ [ [ [ -92.313836, 39.249986 ], [ -92.313019, 39.27482 ], [ -92.312949, 39.275018 ], [ -92.310538, 39.333905 ], [ -92.310529, 39.334108 ], [ -92.310028, 39.347795 ], [ -92.250759, 39.346066 ], [ -92.245555, 39.345725 ], [ -92.227188, 39.344999 ], [ -92.218438, 39.344554 ], [ -92.216481, 39.34463 ], [ -92.182696, 39.343397 ], [ -92.178721, 39.343467 ], [ -92.17597, 39.343239 ], [ -92.119431, 39.341518 ], [ -92.100742, 39.340933 ], [ -92.092226, 39.340762 ], [ -92.082016, 39.34062 ], [ -92.045613, 39.340511 ], [ -92.043233, 39.340315 ], [ -92.024397, 39.340332 ], [ -92.005828, 39.340371 ], [ -91.996892, 39.340296 ], [ -91.995785, 39.340348 ], [ -91.992043, 39.339992 ], [ -91.968648, 39.339576 ], [ -91.94955, 39.339254 ], [ -91.911729, 39.338429 ], [ -91.907372, 39.338322 ], [ -91.904989, 39.338408 ], [ -91.892405, 39.338241 ], [ -91.8565, 39.337879 ], [ -91.816168, 39.337907 ], [ -91.756628, 39.338862 ], [ -91.755234, 39.338859 ], [ -91.745196, 39.339083 ], [ -91.737693, 39.339337 ], [ -91.722523, 39.339293 ], [ -91.717968, 39.339122 ], [ -91.718467, 39.324505 ], [ -91.651924, 39.324261 ], [ -91.650625, 39.324372 ], [ -91.646634, 39.324227 ], [ -91.643295, 39.324202 ], [ -91.643135, 39.324204 ], [ -91.632446, 39.324211 ], [ -91.624689, 39.32422 ], [ -91.62431, 39.324214 ], [ -91.551677, 39.32262 ], [ -91.498857, 39.321083 ], [ -91.487574, 39.320619 ], [ -91.482745, 39.320411 ], [ -91.471991, 39.319958 ], [ -91.464247, 39.319557 ], [ -91.438235, 39.318716 ], [ -91.438222, 39.318643 ], [ -91.435822, 39.304375 ], [ -91.433325, 39.289531 ], [ -91.423543, 39.230487 ], [ -91.411472, 39.157326 ], [ -91.409033, 39.142542 ], [ -91.41923, 39.14284 ], [ -91.420995, 39.143051 ], [ -91.451257, 39.143702 ], [ -91.469053, 39.144367 ], [ -91.47208, 39.144366 ], [ -91.484936, 39.144857 ], [ -91.556238, 39.146126 ], [ -91.575584, 39.146713 ], [ -91.593063, 39.147064 ], [ -91.629598, 39.147853 ], [ -91.631858, 39.102618 ], [ -91.633998, 39.059057 ], [ -91.648368, 39.059166 ], [ -91.650017, 39.059081 ], [ -91.711253, 39.059868 ], [ -91.723468, 39.059947 ], [ -91.744934, 39.060092 ], [ -91.745579, 39.059991 ], [ -91.750481, 39.06007 ], [ -91.752994, 39.060224 ], [ -91.774466, 39.060786 ], [ -91.804064, 39.060937 ], [ -91.863324, 39.061531 ], [ -91.901007, 39.061748 ], [ -91.909322, 39.061803 ], [ -91.928611, 39.06187 ], [ -91.937252, 39.061905 ], [ -91.966549, 39.062012 ], [ -91.976453, 39.062044 ], [ -92.03317, 39.063034 ], [ -92.033373, 39.062992 ], [ -92.046523, 39.0633 ], [ -92.047924, 39.063426 ], [ -92.091254, 39.064297 ], [ -92.110387, 39.064204 ], [ -92.109779, 39.083399 ], [ -92.109876, 39.086498 ], [ -92.107292, 39.148369 ], [ -92.106954, 39.152434 ], [ -92.106359, 39.159813 ], [ -92.106534, 39.168143 ], [ -92.105688, 39.195889 ], [ -92.105973, 39.198924 ], [ -92.105705, 39.207538 ], [ -92.105424, 39.216029 ], [ -92.10542, 39.21617 ], [ -92.105348, 39.21826 ], [ -92.105345, 39.218339 ], [ -92.104374, 39.239809 ], [ -92.104854, 39.239825 ], [ -92.19863, 39.242346 ], [ -92.221428, 39.243155 ], [ -92.223899, 39.243465 ], [ -92.231768, 39.243732 ], [ -92.234165, 39.243666 ], [ -92.280124, 39.245239 ], [ -92.286585, 39.245492 ], [ -92.314471, 39.246454 ], [ -92.313836, 39.249986 ] ] ] ] } },
{ "type": "Feature", "properties": { "STATEFP": "29", "COUNTYFP": "205", "COUNTYNS": "00758555", "GEOIDFQ": "0500000US29205", "GEOID": "29205", "NAME": "Shelby", "NAMELSAD": "Shelby County", "STUSPS": "MO", "STATE_NAME": "Missouri", "LSAD": "06", "ALAND": 1297230219.0, "AWATER": 3764606.0 }, "geometry": { "type": "MultiPolygon", "coordinates": [ [ [ [ -92.298516, 39.641844 ], [ -92.298309, 39.648632 ], [ -92.296916, 39.691886 ], [ -92.296522, 39.706456 ], [ -92.296244, 39.70831 ], [ -92.295093, 39.73566 ], [ -92.293782, 39.764224 ], [ -92.293512, 39.764888 ], [ -92.293269, 39.778712 ], [ -92.292449, 39.792282 ], [ -92.291517, 39.821964 ], [ -92.290926, 39.837444 ], [ -92.291123, 39.839876 ], [ -92.290432, 39.858042 ], [ -92.290139, 39.865329 ], [ -92.289888, 39.871824 ], [ -92.289178, 39.894356 ], [ -92.288915, 39.908867 ], [ -92.287882, 39.95249 ], [ -92.177328, 39.954494 ], [ -92.120373, 39.95283 ], [ -92.096565, 39.952203 ], [ -92.063637, 39.9513 ], [ -92.037981, 39.950661 ], [ -92.037795, 39.950604 ], [ -91.994966, 39.949946 ], [ -91.952726, 39.949426 ], [ -91.901416, 39.948919 ], [ -91.887363, 39.948796 ], [ -91.887221, 39.948779 ], [ -91.840353, 39.948235 ], [ -91.840471, 39.941619 ], [ -91.840687, 39.934167 ], [ -91.84104, 39.919791 ], [ -91.840785, 39.919518 ], [ -91.840917, 39.915367 ], [ -91.840978, 39.913431 ], [ -91.842461, 39.861356 ], [ -91.842573, 39.861176 ], [ -91.842933, 39.845093 ], [ -91.843385, 39.818488 ], [ -91.843654, 39.810908 ], [ -91.844145, 39.796415 ], [ -91.845033, 39.763438 ], [ -91.845035, 39.760029 ], [ -91.845483, 39.738258 ], [ -91.846752, 39.664904 ], [ -91.846683, 39.664338 ], [ -91.846743, 39.658513 ], [ -91.860832, 39.658698 ], [ -91.903315, 39.659269 ], [ -91.908928, 39.659313 ], [ -91.959562, 39.659471 ], [ -92.035325, 39.660433 ], [ -92.109887, 39.661793 ], [ -92.128561, 39.661956 ], [ -92.184986, 39.662932 ], [ -92.184974, 39.662255 ], [ -92.186691, 39.604082 ], [ -92.299316, 39.605344 ], [ -92.298516, 39.641844 ] ] ] ] } },
{ "type": "Feature", "properties": { "STATEFP": "29", "COUNTYFP": "123", "COUNTYNS": "00758515", "GEOIDFQ": "0500000US29123", "GEOID": "29123", "NAME": "Madison", "NAMELSAD": "Madison County", "STUSPS": "MO", "STATE_NAME": "Missouri", "LSAD": "06", "ALAND": 1280453084.0, "AWATER": 8323284.0 }, "geometry": { "type": "MultiPolygon", "coordinates": [ [ [ [ -90.548632, 37.382321 ], [ -90.548345, 37.406912 ], [ -90.547817, 37.44525 ], [ -90.54781, 37.445758 ], [ -90.547724, 37.44633 ], [ -90.546721, 37.509087 ], [ -90.546727, 37.511219 ], [ -90.546729, 37.511854 ], [ -90.546769, 37.524407 ], [ -90.546837, 37.554214 ], [ -90.547122, 37.568134 ], [ -90.547406, 37.59841 ], [ -90.536134, 37.598236 ], [ -90.535066, 37.599371 ], [ -90.535029, 37.622925 ], [ -90.535196, 37.625051 ], [ -90.535016, 37.643641 ], [ -90.534701, 37.643624 ], [ -90.516756, 37.642665 ], [ -90.490497, 37.642584 ], [ -90.453576, 37.642752 ], [ -90.348017, 37.641966 ], [ -90.322679, 37.64172 ], [ -90.311324, 37.641039 ], [ -90.311173, 37.641845 ], [ -90.291362, 37.64173 ], [ -90.288414, 37.641872 ], [ -90.284361, 37.64172 ], [ -90.283736, 37.64167 ], [ -90.255629, 37.641557 ], [ -90.219478, 37.641137 ], [ -90.199223, 37.641172 ], [ -90.146778, 37.641618 ], [ -90.146807, 37.638587 ], [ -90.147306, 37.613546 ], [ -90.146763, 37.597434 ], [ -90.146752, 37.597127 ], [ -90.138536, 37.541219 ], [ -90.141466, 37.500055 ], [ -90.141925, 37.496552 ], [ -90.143924, 37.496478 ], [ -90.144156, 37.490069 ], [ -90.144014, 37.487656 ], [ -90.143989, 37.480923 ], [ -90.143698, 37.465097 ], [ -90.145181, 37.405848 ], [ -90.145516, 37.403713 ], [ -90.145809, 37.366772 ], [ -90.145614, 37.357112 ], [ -90.1454, 37.342433 ], [ -90.145699, 37.312091 ], [ -90.201264, 37.313795 ], [ -90.217657, 37.314967 ], [ -90.236355, 37.316315 ], [ -90.325971, 37.315418 ], [ -90.346243, 37.314577 ], [ -90.438537, 37.316136 ], [ -90.445021, 37.316266 ], [ -90.45262, 37.316227 ], [ -90.493484, 37.316362 ], [ -90.500117, 37.316502 ], [ -90.51217, 37.316362 ], [ -90.521584, 37.316686 ], [ -90.530048, 37.317003 ], [ -90.549729, 37.317594 ], [ -90.548632, 37.382321 ] ] ] ] } },
{ "type": "Feature", "properties": { "STATEFP": "29", "COUNTYFP": "223", "COUNTYNS": "00758564", "GEOIDFQ": "0500000US29223", "GEOID": "29223", "NAME": "Wayne", "NAMELSAD": "Wayne County", "STUSPS": "MO", "STATE_NAME": "Missouri", "LSAD": "06", "ALAND": 1966281377.0, "AWATER": 38535344.0 }, "geometry": { "type": "MultiPolygon", "coordinates": [ [ [ [ -90.778938, 37.107795 ], [ -90.778844, 37.12145 ], [ -90.779231, 37.127213 ], [ -90.77903, 37.137632 ], [ -90.756799, 37.137739 ], [ -90.756253, 37.155622 ], [ -90.75587, 37.166722 ], [ -90.737146, 37.166413 ], [ -90.736971, 37.180942 ], [ -90.736249, 37.193049 ], [ -90.734861, 37.210022 ], [ -90.734438, 37.227146 ], [ -90.736157, 37.227101 ], [ -90.735715, 37.258961 ], [ -90.735453, 37.27104 ], [ -90.715784, 37.272034 ], [ -90.7066, 37.271983 ], [ -90.67766, 37.273386 ], [ -90.667931, 37.274455 ], [ -90.661775, 37.274767 ], [ -90.659914, 37.274569 ], [ -90.642316, 37.272209 ], [ -90.625115, 37.271937 ], [ -90.605887, 37.272173 ], [ -90.587414, 37.273342 ], [ -90.569086, 37.273437 ], [ -90.550603, 37.272608 ], [ -90.549729, 37.317594 ], [ -90.530048, 37.317003 ], [ -90.521584, 37.316686 ], [ -90.51217, 37.316362 ], [ -90.500117, 37.316502 ], [ -90.493484, 37.316362 ], [ -90.45262, 37.316227 ], [ -90.445021, 37.316266 ], [ -90.438537, 37.316136 ], [ -90.346243, 37.314577 ], [ -90.325971, 37.315418 ], [ -90.236355, 37.316315 ], [ -90.217657, 37.314967 ], [ -90.218608, 37.278764 ], [ -90.2188, 37.254602 ], [ -90.219234, 37.24927 ], [ -90.219454, 37.236296 ], [ -90.219459, 37.235984 ], [ -90.219704, 37.221595 ], [ -90.219953, 37.205497 ], [ -90.220405, 37.174713 ], [ -90.220414, 37.174121 ], [ -90.220509, 37.167849 ], [ -90.221658, 37.125052 ], [ -90.222559, 37.116433 ], [ -90.222864, 37.10058 ], [ -90.22323, 37.086519 ], [ -90.186709, 37.086715 ], [ -90.169545, 37.08607 ], [ -90.125136, 37.085648 ], [ -90.119967, 37.085205 ], [ -90.110354, 37.085871 ], [ -90.110616, 37.077328 ], [ -90.111247, 37.041205 ], [ -90.129615, 37.041599 ], [ -90.14852, 37.04144 ], [ -90.149447, 37.007444 ], [ -90.167874, 37.007651 ], [ -90.167902, 36.997188 ], [ -90.168461, 36.993195 ], [ -90.186327, 36.993345 ], [ -90.186565, 36.987549 ], [ -90.186577, 36.978683 ], [ -90.204884, 36.978777 ], [ -90.205175, 36.964552 ], [ -90.216716, 36.964614 ], [ -90.223011, 36.964649 ], [ -90.223603, 36.935756 ], [ -90.24164, 36.935945 ], [ -90.24181, 36.921807 ], [ -90.249891, 36.921436 ], [ -90.258563, 36.922043 ], [ -90.284822, 36.923779 ], [ -90.288602, 36.923857 ], [ -90.29927, 36.924252 ], [ -90.309647, 36.924474 ], [ -90.313604, 36.924831 ], [ -90.318908, 36.924902 ], [ -90.325107, 36.925453 ], [ -90.331689, 36.925458 ], [ -90.352708, 36.926053 ], [ -90.352708, 36.926653 ], [ -90.374909, 36.925853 ], [ -90.406714, 36.925926 ], [ -90.425015, 36.92594 ], [ -90.498746, 36.926632 ], [ -90.500114, 36.926603 ], [ -90.505165, 36.926628 ], [ -90.516646, 36.926796 ], [ -90.522921, 36.926873 ], [ -90.552954, 36.926743 ], [ -90.569522, 36.927123 ], [ -90.570081, 36.926565 ], [ -90.630509, 36.926168 ], [ -90.678562, 36.92649 ], [ -90.678568, 36.927288 ], [ -90.684536, 36.927451 ], [ -90.696891, 36.927186 ], [ -90.696194, 36.942256 ], [ -90.695691, 36.951066 ], [ -90.695574, 36.959537 ], [ -90.695419, 36.970751 ], [ -90.71342, 36.971051 ], [ -90.713239, 36.986065 ], [ -90.712986, 37.000367 ], [ -90.730938, 37.000398 ], [ -90.729722, 37.049534 ], [ -90.748559, 37.049722 ], [ -90.75012, 37.049866 ], [ -90.779553, 37.050324 ], [ -90.778938, 37.107795 ] ] ] ] } },
{ "type": "Feature", "properties": { "STATEFP": "29", "COUNTYFP": "203", "COUNTYNS": "00758554", "GEOIDFQ": "0500000US29203", "GEOID": "29203", "NAME": "Shannon", "NAMELSAD": "Shannon County", "STUSPS": "MO", "STATE_NAME": "Missouri", "LSAD": "06", "ALAND": 2599881424.0, "AWATER": 464012.0 }, "geometry": { "type": "MultiPolygon", "coordinates": [ [ [ [ -91.657814, 36.889648 ], [ -91.656339, 36.960627 ], [ -91.656119, 36.975689 ], [ -91.656156, 36.990265 ], [ -91.655608, 37.048752 ], [ -91.655607, 37.048925 ], [ -91.655425, 37.054412 ], [ -91.655071, 37.078984 ], [ -91.654877, 37.080364 ], [ -91.654676, 37.107254 ], [ -91.65416, 37.137294 ], [ -91.65355, 37.167786 ], [ -91.653541, 37.170427 ], [ -91.653548, 37.180907 ], [ -91.653343, 37.185124 ], [ -91.653317, 37.187182 ], [ -91.653257, 37.192223 ], [ -91.653119, 37.193043 ], [ -91.651579, 37.24835 ], [ -91.647691, 37.248333 ], [ -91.648113, 37.262833 ], [ -91.647852, 37.27454 ], [ -91.647547, 37.288069 ], [ -91.647173, 37.326003 ], [ -91.647375, 37.335231 ], [ -91.647026, 37.378694 ], [ -91.646626, 37.422731 ], [ -91.605685, 37.421952 ], [ -91.591699, 37.421703 ], [ -91.569826, 37.421359 ], [ -91.555395, 37.421037 ], [ -91.529232, 37.420491 ], [ -91.465824, 37.419077 ], [ -91.463722, 37.418879 ], [ -91.448573, 37.418911 ], [ -91.427323, 37.418043 ], [ -91.370845, 37.418216 ], [ -91.334133, 37.417436 ], [ -91.303903, 37.41693 ], [ -91.211863, 37.415277 ], [ -91.175405, 37.414805 ], [ -91.175583, 37.38513 ], [ -91.176256, 37.327341 ], [ -91.176158, 37.312592 ], [ -91.158429, 37.312917 ], [ -91.159122, 37.265414 ], [ -91.159321, 37.255038 ], [ -91.123152, 37.254504 ], [ -91.12317, 37.240041 ], [ -91.125295, 37.240063 ], [ -91.125514, 37.227407 ], [ -91.126028, 37.19948 ], [ -91.107284, 37.199201 ], [ -91.107186, 37.203247 ], [ -91.08826, 37.203193 ], [ -91.088865, 37.174179 ], [ -91.070634, 37.177573 ], [ -91.071046, 37.162712 ], [ -91.034346, 37.169343 ], [ -91.035138, 37.140181 ], [ -91.017163, 37.143478 ], [ -91.017916, 37.125049 ], [ -91.017766, 37.095677 ], [ -91.036046, 37.093684 ], [ -91.066736, 37.093775 ], [ -91.065418, 37.088495 ], [ -91.072514, 37.088951 ], [ -91.090392, 37.086676 ], [ -91.10269, 37.086665 ], [ -91.109651, 37.086667 ], [ -91.10974, 37.084057 ], [ -91.21715, 37.086197 ], [ -91.217854, 37.057751 ], [ -91.218681, 37.027598 ], [ -91.219053, 37.009269 ], [ -91.220666, 36.965196 ], [ -91.22248, 36.898719 ], [ -91.22283, 36.883857 ], [ -91.250129, 36.88515 ], [ -91.25383, 36.885243 ], [ -91.255172, 36.885151 ], [ -91.329875, 36.885548 ], [ -91.333626, 36.885486 ], [ -91.369319, 36.88567 ], [ -91.375138, 36.88539 ], [ -91.387743, 36.885486 ], [ -91.440994, 36.885841 ], [ -91.459202, 36.885829 ], [ -91.493151, 36.886061 ], [ -91.500138, 36.886898 ], [ -91.512022, 36.886954 ], [ -91.536878, 36.887032 ], [ -91.540223, 36.887332 ], [ -91.543717, 36.887206 ], [ -91.581742, 36.888054 ], [ -91.658111, 36.888724 ], [ -91.657814, 36.889648 ] ] ] ] } },
{ "type": "Feature", "properties": { "STATEFP": "29", "COUNTYFP": "181", "COUNTYNS": "00758545", "GEOIDFQ": "0500000US29181", "GEOID": "29181", "NAME": "Ripley", "NAMELSAD": "Ripley County", "STUSPS": "MO", "STATE_NAME": "Missouri", "LSAD": "06", "ALAND": 1630438188.0, "AWATER": 5455724.0 }, "geometry": { "type": "MultiPolygon", "coordinates": [ [ [ [ -91.1268, 36.500064 ], [ -91.123512, 36.594204 ], [ -91.123985, 36.599525 ], [ -91.123514, 36.61464 ], [ -91.123182, 36.628948 ], [ -91.122897, 36.643766 ], [ -91.122382, 36.671026 ], [ -91.122058, 36.688917 ], [ -91.121823, 36.692612 ], [ -91.12197, 36.693259 ], [ -91.120814, 36.730601 ], [ -91.119618, 36.780081 ], [ -91.117526, 36.780055 ], [ -91.116349, 36.800327 ], [ -91.116498, 36.802505 ], [ -91.115926, 36.823672 ], [ -91.025335, 36.822148 ], [ -91.007917, 36.824309 ], [ -91.007738, 36.820076 ], [ -90.995427, 36.819954 ], [ -90.993627, 36.820154 ], [ -90.987527, 36.819954 ], [ -90.979627, 36.819154 ], [ -90.970226, 36.818454 ], [ -90.946826, 36.817954 ], [ -90.946726, 36.817554 ], [ -90.946326, 36.816554 ], [ -90.946726, 36.815254 ], [ -90.93378, 36.814713 ], [ -90.898389, 36.812997 ], [ -90.895724, 36.812854 ], [ -90.890424, 36.813054 ], [ -90.86186, 36.813014 ], [ -90.835251, 36.812759 ], [ -90.834406, 36.812818 ], [ -90.806803, 36.812352 ], [ -90.753959, 36.811694 ], [ -90.719283, 36.811585 ], [ -90.662617, 36.811453 ], [ -90.627517, 36.810954 ], [ -90.627614, 36.781392 ], [ -90.627663, 36.766408 ], [ -90.627676, 36.752782 ], [ -90.627785, 36.751405 ], [ -90.627717, 36.750042 ], [ -90.628047, 36.692968 ], [ -90.628387, 36.679544 ], [ -90.592166, 36.679368 ], [ -90.59222, 36.672413 ], [ -90.592364, 36.664066 ], [ -90.592338, 36.660958 ], [ -90.592418, 36.650211 ], [ -90.59249, 36.635629 ], [ -90.592609, 36.628333 ], [ -90.592783, 36.613798 ], [ -90.593005, 36.592445 ], [ -90.592753, 36.592124 ], [ -90.574759, 36.59185 ], [ -90.574959, 36.576822 ], [ -90.576102, 36.499923 ], [ -90.576179556008995, 36.498446373278099 ], [ -90.584285947290098, 36.498491164822497 ], [ -90.585342, 36.498497 ], [ -90.5943, 36.498459 ], [ -90.60545, 36.498459 ], [ -90.612554, 36.498559 ], [ -90.648494, 36.498447 ], [ -90.653246, 36.498488 ], [ -90.693005, 36.49851 ], [ -90.711226, 36.498318 ], [ -90.726291556969102, 36.498366700327402 ], [ -90.765672, 36.498494 ], [ -90.778907112545895, 36.498516870829697 ], [ -90.782454, 36.498523 ], [ -90.784243672268502, 36.498523658161297 ], [ -90.802629030001597, 36.498530419472601 ], [ -90.850434, 36.498548 ], [ -90.863734845191303, 36.4982778915805 ], [ -90.872586903036506, 36.498098127413598 ], [ -90.873775, 36.498074 ], [ -90.876567, 36.498313 ], [ -90.876867, 36.498423 ], [ -90.87922, 36.498378 ], [ -90.924933027736799, 36.498404946816002 ], [ -90.940441015274303, 36.4984140884307 ], [ -90.960648, 36.498426 ], [ -90.962913117586794, 36.498418496504897 ], [ -90.963063, 36.498418 ], [ -90.980715741347794, 36.4983605737836 ], [ -90.981255132788803, 36.498358819086697 ], [ -91.008558, 36.49827 ], [ -91.0167096348152, 36.4980899299021 ], [ -91.017974, 36.498062 ], [ -91.046344140199494, 36.497992081547999 ], [ -91.063685771640607, 36.497949342949802 ], [ -91.09588, 36.49787 ], [ -91.096277, 36.497893 ], [ -91.109232218310197, 36.497815487950703 ], [ -91.126529, 36.497712 ], [ -91.1268, 36.500064 ] ] ] ] } },
{ "type": "Feature", "properties": { "STATEFP": "29", "COUNTYFP": "186", "COUNTYNS": "00765806", "GEOIDFQ": "0500000US29186", "GEOID": "29186", "NAME": "Ste. Genevieve", "NAMELSAD": "Ste. Genevieve County", "STUSPS": "MO", "STATE_NAME": "Missouri", "LSAD": "06", "ALAND": 1292800351.0, "AWATER": 19739769.0 }, "geometry": { "type": "MultiPolygon", "coordinates": [ [ [ [ -90.459133, 37.878924 ], [ -90.457463, 37.880201 ], [ -90.451207, 37.885155 ], [ -90.429023, 37.901945 ], [ -90.408671, 37.917126 ], [ -90.381084, 37.93792 ], [ -90.362131, 37.952242 ], [ -90.342277, 37.967152 ], [ -90.340007, 37.968856 ], [ -90.32287, 37.981731 ], [ -90.353646, 38.001768 ], [ -90.353772, 38.001848 ], [ -90.362185, 38.007229 ], [ -90.372623, 38.014048 ], [ -90.375121, 38.015883 ], [ -90.384375, 38.021688 ], [ -90.4122, 38.039674 ], [ -90.415849, 38.042195 ], [ -90.416022, 38.042315 ], [ -90.415177, 38.042795 ], [ -90.39722, 38.053595 ], [ -90.389244, 38.058425 ], [ -90.378416, 38.064983 ], [ -90.341504, 38.087162 ], [ -90.32939, 38.09436 ], [ -90.328811, 38.093785 ], [ -90.326338, 38.093917 ], [ -90.324573, 38.09339 ], [ -90.321343, 38.094911 ], [ -90.317779, 38.09418 ], [ -90.31748, 38.092753 ], [ -90.310739, 38.091397 ], [ -90.308511, 38.091418 ], [ -90.307719, 38.090682 ], [ -90.30401, 38.089798 ], [ -90.299648, 38.089389 ], [ -90.297493, 38.089114 ], [ -90.295999, 38.087979 ], [ -90.293114, 38.08941 ], [ -90.291282, 38.091746 ], [ -90.287894, 38.091803 ], [ -90.287193, 38.094111 ], [ -90.285099, 38.095253 ], [ -90.28468, 38.096406 ], [ -90.281977, 38.098289 ], [ -90.280283, 38.098764 ], [ -90.280139, 38.101734 ], [ -90.281651, 38.103391 ], [ -90.279376, 38.104771 ], [ -90.278196, 38.104311 ], [ -90.275888, 38.104744 ], [ -90.275988, 38.105719 ], [ -90.274046, 38.105039 ], [ -90.271937, 38.106005 ], [ -90.269921, 38.107691 ], [ -90.267569, 38.107186 ], [ -90.266673, 38.107827 ], [ -90.26473, 38.106728 ], [ -90.262057, 38.107898 ], [ -90.259882, 38.11194 ], [ -90.259347, 38.11436 ], [ -90.257334, 38.115124 ], [ -90.256001, 38.116931 ], [ -90.254281, 38.116269 ], [ -90.251311, 38.114254 ], [ -90.249858, 38.11455 ], [ -90.250118, 38.116142 ], [ -90.252421, 38.118378 ], [ -90.256032, 38.126248 ], [ -90.252664739513904, 38.127812941630602 ], [ -90.252484, 38.127571 ], [ -90.250118, 38.125054 ], [ -90.243116, 38.112669 ], [ -90.218708, 38.094365 ], [ -90.205349618404895, 38.086656388355799 ], [ -90.202072, 38.084765 ], [ -90.17716, 38.071152 ], [ -90.17222, 38.069636 ], [ -90.163411, 38.074347 ], [ -90.161562, 38.07489 ], [ -90.157855, 38.074798 ], [ -90.144553, 38.069023 ], [ -90.130788, 38.062341 ], [ -90.128159, 38.059644 ], [ -90.126396, 38.054897 ], [ -90.126006, 38.05057 ], [ -90.126612, 38.043981 ], [ -90.126194, 38.040702 ], [ -90.117423, 38.031708 ], [ -90.113969400498206, 38.029125930315999 ], [ -90.11052, 38.026547 ], [ -90.094469591038106, 38.0181949598893 ], [ -90.093774, 38.017833 ], [ -90.08826, 38.015772 ], [ -90.080959, 38.015428 ], [ -90.072283, 38.017001 ], [ -90.065045, 38.016875 ], [ -90.059367, 38.015543 ], [ -90.059169351969402, 38.015431740550902 ], [ -90.057269, 38.014362 ], [ -90.055399, 38.011953 ], [ -90.052433, 38.006152 ], [ -90.049157, 38.004178 ], [ -90.040527778002797, 38.000051008482998 ], [ -90.035612, 37.9977 ], [ -90.03169, 37.995028 ], [ -90.021588, 37.9854 ], [ -90.016241096855495, 37.979679468143502 ], [ -90.005331, 37.968007 ], [ -90.00011, 37.964563 ], [ -89.997103, 37.963225 ], [ -89.988664, 37.961809 ], [ -89.984540101544994, 37.962224563702698 ], [ -89.978919, 37.962791 ], [ -89.964204, 37.964574 ], [ -89.940754, 37.971038 ], [ -89.939308, 37.96647 ], [ -89.936756, 37.962869 ], [ -89.937001, 37.961388 ], [ -89.93586, 37.959574 ], [ -89.933727, 37.959149 ], [ -89.925085, 37.960021 ], [ -89.925071751230504, 37.959818013378502 ], [ -89.924811, 37.955823 ], [ -89.925389, 37.95413 ], [ -89.932467, 37.947497 ], [ -89.937927, 37.946193 ], [ -89.947429, 37.940336 ], [ -89.959646, 37.940196 ], [ -89.962273, 37.934363 ], [ -89.968365, 37.931456 ], [ -89.974918, 37.926719 ], [ -89.974221, 37.919217 ], [ -89.973642, 37.917661 ], [ -89.971649, 37.91526 ], [ -89.964291599765502, 37.902949513404003 ], [ -89.953612889970302, 37.885081773494903 ], [ -89.952499, 37.883218 ], [ -89.950594, 37.881526 ], [ -89.939402328844693, 37.875737438270797 ], [ -89.938190721861702, 37.8751107703036 ], [ -89.938617, 37.874289 ], [ -89.941792, 37.871608 ], [ -89.943016, 37.870545 ], [ -89.946055, 37.867914 ], [ -89.94829, 37.865975 ], [ -89.950476, 37.864082 ], [ -89.985824, 37.833716 ], [ -89.999923, 37.821523 ], [ -89.999935, 37.821509 ], [ -90.00886, 37.808631 ], [ -90.009529, 37.807821 ], [ -90.034488, 37.772831 ], [ -90.035055, 37.772038 ], [ -90.050744, 37.750054 ], [ -90.051516, 37.749503 ], [ -90.072117, 37.722261 ], [ -90.092067, 37.69582 ], [ -90.110537, 37.67134 ], [ -90.154187, 37.699766 ], [ -90.179086, 37.683506 ], [ -90.200208, 37.669628 ], [ -90.259278, 37.717908 ], [ -90.268155, 37.725988 ], [ -90.308885, 37.760721 ], [ -90.317865, 37.768287 ], [ -90.332214, 37.780095 ], [ -90.34833, 37.793495 ], [ -90.378906, 37.817516 ], [ -90.419784, 37.84906 ], [ -90.422987, 37.851422 ], [ -90.457567, 37.877646 ], [ -90.459133, 37.878924 ] ] ] ] } },
{ "type": "Feature", "properties": { "STATEFP": "29", "COUNTYFP": "021", "COUNTYNS": "00758465", "GEOIDFQ": "0500000US29021", "GEOID": "29021", "NAME": "Buchanan", "NAMELSAD": "Buchanan County", "STUSPS": "MO", "STATE_NAME": "Missouri", "LSAD": "06", "ALAND": 1057361281.0, "AWATER": 17942874.0 }, "geometry": { "type": "MultiPolygon", "coordinates": [ [ [ [ -95.113077, 39.559133 ], [ -95.112891675045205, 39.559617817727997 ], [ -95.107454, 39.573843 ], [ -95.106406, 39.575252 ], [ -95.103228, 39.577783 ], [ -95.099095, 39.579691 ], [ -95.097065994623705, 39.580250954743597 ], [ -95.095736, 39.580618 ], [ -95.089515, 39.581028 ], [ -95.076688, 39.576764 ], [ -95.07216, 39.576122 ], [ -95.069315, 39.576218 ], [ -95.064519, 39.577115 ], [ -95.059519, 39.579132 ], [ -95.056897, 39.580567 ], [ -95.054804, 39.582488 ], [ -95.049277, 39.589583 ], [ -95.047165, 39.595117 ], [ -95.046361, 39.599557 ], [ -95.046445, 39.601606 ], [ -95.047911, 39.606288 ], [ -95.053012, 39.613965 ], [ -95.053389961009998, 39.615323540228601 ], [ -95.054302198917199, 39.618602481341803 ], [ -95.055152, 39.621657 ], [ -95.054925, 39.624995 ], [ -95.053367, 39.630347 ], [ -95.049518, 39.637876 ], [ -95.044554, 39.64437 ], [ -95.039966677693599, 39.648760663257399 ], [ -95.039049, 39.649639 ], [ -95.037464, 39.652905 ], [ -95.027644, 39.665454 ], [ -95.024595, 39.668485 ], [ -95.021513199645099, 39.670637399674298 ], [ -95.018318, 39.672869 ], [ -95.01531, 39.674262 ], [ -95.009023, 39.675765 ], [ -95.001379, 39.676479 ], [ -94.993557, 39.67657 ], [ -94.991993365895794, 39.676782739333902 ], [ -94.991832620337107, 39.676804609477898 ], [ -94.984149, 39.67785 ], [ -94.981557, 39.678634 ], [ -94.976325, 39.68137 ], [ -94.971317, 39.68641 ], [ -94.969909, 39.68905 ], [ -94.968981, 39.692954 ], [ -94.968548330750707, 39.704793404004498 ], [ -94.968453, 39.707402 ], [ -94.971078, 39.723146 ], [ -94.971206, 39.729305 ], [ -94.970422, 39.732121 ], [ -94.965318, 39.739065 ], [ -94.963707845044198, 39.740296005317902 ], [ -94.960086, 39.743065 ], [ -94.955286, 39.745689 ], [ -94.95263, 39.745961 ], [ -94.948726, 39.745593 ], [ -94.948659325917703, 39.745572654784397 ], [ -94.944741, 39.744377 ], [ -94.939221, 39.741578 ], [ -94.930005, 39.73537 ], [ -94.918324, 39.728794 ], [ -94.910068, 39.725786 ], [ -94.902612, 39.724202 ], [ -94.899316, 39.724042 ], [ -94.898347650844698, 39.724150958462801 ], [ -94.891744, 39.724894 ], [ -94.884143, 39.726794 ], [ -94.881386483825906, 39.727993895275802 ], [ -94.875643, 39.730494 ], [ -94.870143, 39.734594 ], [ -94.862943, 39.742994 ], [ -94.860645400576303, 39.748832689670799 ], [ -94.860641843239193, 39.748841729622299 ], [ -94.860573118391699, 39.749016374102602 ], [ -94.860572229854, 39.749018632066203 ], [ -94.860499944547101, 39.749202324432297 ], [ -94.860371, 39.74953 ], [ -94.859443, 39.753694 ], [ -94.860743, 39.763094 ], [ -94.863143, 39.767294 ], [ -94.865243, 39.770094 ], [ -94.867143, 39.771694 ], [ -94.869644, 39.772894 ], [ -94.871144, 39.772994 ], [ -94.871158305620796, 39.772991583716902 ], [ -94.881422, 39.771258 ], [ -94.88146, 39.771258 ], [ -94.883924, 39.770186 ], [ -94.893646, 39.764208 ], [ -94.893724, 39.76416 ], [ -94.893919, 39.76404 ], [ -94.894071, 39.763946 ], [ -94.895041, 39.76335 ], [ -94.895268, 39.76321 ], [ -94.899156, 39.761258 ], [ -94.906244, 39.759418 ], [ -94.912293, 39.759338 ], [ -94.916789, 39.760938 ], [ -94.926229, 39.76649 ], [ -94.929653, 39.769098 ], [ -94.931183732702493, 39.770607145020698 ], [ -94.934262, 39.773642 ], [ -94.935302, 39.77561 ], [ -94.935782, 39.778906 ], [ -94.935206, 39.78313 ], [ -94.932726, 39.786282 ], [ -94.929654, 39.788282 ], [ -94.925605, 39.789754 ], [ -94.892965, 39.791098 ], [ -94.890292, 39.791626 ], [ -94.884084, 39.794234 ], [ -94.880932, 39.797338 ], [ -94.880661110621901, 39.797902215103903 ], [ -94.876344, 39.806894 ], [ -94.875944, 39.813294 ], [ -94.876544, 39.820594 ], [ -94.876588952909401, 39.820878102387702 ], [ -94.848398, 39.821057 ], [ -94.843685, 39.821085 ], [ -94.838935, 39.821099 ], [ -94.834233, 39.821148 ], [ -94.824829, 39.821195 ], [ -94.815227, 39.821255 ], [ -94.815043, 39.821256 ], [ -94.80548, 39.821321 ], [ -94.799625, 39.821323 ], [ -94.767749, 39.821276 ], [ -94.767686, 39.821025 ], [ -94.756763, 39.820964 ], [ -94.75649, 39.820963 ], [ -94.727469, 39.820806 ], [ -94.710518, 39.82076 ], [ -94.60283, 39.819906 ], [ -94.602363, 39.776347 ], [ -94.602257, 39.747195 ], [ -94.602316, 39.703906 ], [ -94.602167, 39.689066 ], [ -94.602244, 39.645635 ], [ -94.602138, 39.625711 ], [ -94.602112, 39.623396 ], [ -94.602124, 39.616756 ], [ -94.601876, 39.609293 ], [ -94.601629, 39.605609 ], [ -94.601314, 39.603085 ], [ -94.6012, 39.584501 ], [ -94.601252, 39.541479 ], [ -94.601243, 39.540508 ], [ -94.601215, 39.53017 ], [ -94.610157, 39.530227 ], [ -94.655962, 39.530663 ], [ -94.760116, 39.531523 ], [ -94.760287, 39.531525 ], [ -94.764378, 39.531555 ], [ -94.765081, 39.53156 ], [ -94.769197, 39.531592 ], [ -94.7698, 39.531597 ], [ -94.777032, 39.531654 ], [ -94.787101, 39.531734 ], [ -94.787343, 39.531735 ], [ -94.788435, 39.531743 ], [ -94.844561, 39.532158 ], [ -94.866205, 39.532309 ], [ -94.872437, 39.532352 ], [ -94.881516, 39.532414 ], [ -94.994004, 39.533125 ], [ -95.037641, 39.533229 ], [ -95.037772, 39.533228 ], [ -95.062853, 39.53324 ], [ -95.101408, 39.533255 ], [ -95.102888, 39.533347 ], [ -95.106313133200302, 39.537328209302402 ], [ -95.106596, 39.537657 ], [ -95.109304, 39.542285 ], [ -95.113557, 39.553941 ], [ -95.113077, 39.559133 ] ] ] ] } },
{ "type": "Feature", "properties": { "STATEFP": "29", "COUNTYFP": "107", "COUNTYNS": "00758508", "GEOIDFQ": "0500000US29107", "GEOID": "29107", "NAME": "Lafayette", "NAMELSAD": "Lafayette County", "STUSPS": "MO", "STATE_NAME": "Missouri", "LSAD": "06", "ALAND": 1627237795.0, "AWATER": 27073170.0 }, "geometry": { "type": "MultiPolygon", "coordinates": [ [ [ [ -94.11427, 38.928542 ], [ -94.112928, 38.960904 ], [ -94.112592, 38.962558 ], [ -94.111478, 38.982862 ], [ -94.110992, 38.985587 ], [ -94.110719, 38.987927 ], [ -94.11058, 38.997336 ], [ -94.11054, 38.998447 ], [ -94.110319, 39.004557 ], [ -94.110289, 39.005548 ], [ -94.110215, 39.00796 ], [ -94.110136, 39.010383 ], [ -94.109988, 39.01434 ], [ -94.110005, 39.014987 ], [ -94.110005, 39.015087 ], [ -94.109664, 39.017146 ], [ -94.109325, 39.033189 ], [ -94.109106, 39.038424 ], [ -94.10886, 39.044342 ], [ -94.108822, 39.04526 ], [ -94.108145, 39.06233 ], [ -94.10742, 39.076201 ], [ -94.106764, 39.091703 ], [ -94.105639, 39.126406 ], [ -94.105633, 39.126585 ], [ -94.105268, 39.12991 ], [ -94.105223, 39.131441 ], [ -94.105225, 39.131501 ], [ -94.104935, 39.140933 ], [ -94.104823, 39.143507 ], [ -94.103391, 39.142423 ], [ -94.096815, 39.139159 ], [ -94.092047, 39.137191 ], [ -94.087135, 39.135543 ], [ -94.084559, 39.135047 ], [ -94.078607, 39.134247 ], [ -94.072991, 39.134024 ], [ -94.062463, 39.13428 ], [ -94.058975, 39.134824 ], [ -94.056638, 39.135544 ], [ -94.051166, 39.13804 ], [ -94.045566, 39.14084 ], [ -94.042958, 39.14252 ], [ -94.036782, 39.14732 ], [ -94.031006, 39.150904 ], [ -94.027379, 39.152853 ], [ -94.025662, 39.153881 ], [ -94.024206, 39.154537 ], [ -94.024751, 39.160696 ], [ -94.025711, 39.165001 ], [ -94.028455, 39.16903 ], [ -94.035474, 39.177502 ], [ -94.036015, 39.180393 ], [ -94.036047, 39.184969 ], [ -94.034494, 39.187945 ], [ -94.032046, 39.189961 ], [ -94.028822, 39.191595 ], [ -94.019966, 39.193609 ], [ -94.01539, 39.19521 ], [ -94.005396, 39.197698 ], [ -94.001214, 39.198618 ], [ -94.000222, 39.198473 ], [ -93.994661, 39.200251 ], [ -93.988664, 39.201639 ], [ -93.980088, 39.205874 ], [ -93.978963, 39.206046 ], [ -93.977402, 39.205491 ], [ -93.971971, 39.202176 ], [ -93.966768, 39.198266 ], [ -93.963053, 39.194134 ], [ -93.961779, 39.19212 ], [ -93.961479, 39.187525 ], [ -93.962442, 39.183369 ], [ -93.967863, 39.178134 ], [ -93.975348, 39.172737 ], [ -93.981175, 39.170284 ], [ -93.983361, 39.168524 ], [ -93.98626, 39.161261 ], [ -93.986692, 39.155817 ], [ -93.988892, 39.152786 ], [ -93.984713, 39.148989 ], [ -93.979091, 39.145466 ], [ -93.973544, 39.143272 ], [ -93.968748, 39.142293 ], [ -93.967014, 39.142376 ], [ -93.961155, 39.143563 ], [ -93.958327, 39.145168 ], [ -93.950458, 39.150845 ], [ -93.948345, 39.152661 ], [ -93.942411, 39.158083 ], [ -93.944128, 39.161889 ], [ -93.944358, 39.170222 ], [ -93.943323, 39.173825 ], [ -93.941451, 39.174973 ], [ -93.940718, 39.178743 ], [ -93.940043, 39.17969 ], [ -93.937674, 39.180679 ], [ -93.935648, 39.182085 ], [ -93.932291, 39.183757 ], [ -93.92783, 39.184386 ], [ -93.92583, 39.184346 ], [ -93.925203, 39.184336 ], [ -93.917854, 39.183306 ], [ -93.909131, 39.182504 ], [ -93.904311, 39.183465 ], [ -93.901461, 39.184502 ], [ -93.899417, 39.184539 ], [ -93.896551, 39.186879 ], [ -93.890151, 39.192012 ], [ -93.887053, 39.194514 ], [ -93.87522, 39.20408 ], [ -93.873678, 39.205047 ], [ -93.872089, 39.205937 ], [ -93.861249, 39.210749 ], [ -93.855434, 39.212874 ], [ -93.848971, 39.214541 ], [ -93.84648, 39.214949 ], [ -93.840147, 39.215467 ], [ -93.828992, 39.215257 ], [ -93.824172, 39.214897 ], [ -93.818513, 39.213655 ], [ -93.810917, 39.210937 ], [ -93.802519, 39.207271 ], [ -93.799775, 39.205206 ], [ -93.794502, 39.202984 ], [ -93.788494, 39.20103 ], [ -93.784391, 39.200209 ], [ -93.78181, 39.20019 ], [ -93.778523, 39.200574 ], [ -93.774095, 39.201682 ], [ -93.768834, 39.203783 ], [ -93.760358, 39.206637 ], [ -93.758463, 39.207021 ], [ -93.746, 39.209487 ], [ -93.738956, 39.209655 ], [ -93.728851, 39.208437 ], [ -93.722891, 39.207098 ], [ -93.719246, 39.206396 ], [ -93.71121, 39.206262 ], [ -93.70781, 39.206895 ], [ -93.700057, 39.209725 ], [ -93.696968, 39.211874 ], [ -93.693857, 39.215858 ], [ -93.692696, 39.218908 ], [ -93.689411, 39.224716 ], [ -93.687497, 39.22686 ], [ -93.683496, 39.230051 ], [ -93.681595, 39.231235 ], [ -93.674332, 39.233966 ], [ -93.666473, 39.235477 ], [ -93.661901, 39.235782 ], [ -93.661378, 39.237089 ], [ -93.658009, 39.238478 ], [ -93.656065, 39.241169 ], [ -93.657179, 39.245882 ], [ -93.653777, 39.248011 ], [ -93.650526, 39.248214 ], [ -93.646739, 39.245862 ], [ -93.643351, 39.245391 ], [ -93.640584, 39.247306 ], [ -93.636381, 39.247172 ], [ -93.631395, 39.24539 ], [ -93.628359, 39.243164 ], [ -93.624326, 39.242893 ], [ -93.613419, 39.24252 ], [ -93.60641, 39.241303 ], [ -93.605188, 39.240844 ], [ -93.595939, 39.242062 ], [ -93.589967, 39.24167 ], [ -93.58495, 39.240431 ], [ -93.583556, 39.238965 ], [ -93.580546, 39.237708 ], [ -93.578088, 39.236136 ], [ -93.574062, 39.232459 ], [ -93.572658, 39.231744 ], [ -93.568926, 39.228605 ], [ -93.567707, 39.227174 ], [ -93.565778, 39.222503 ], [ -93.563192, 39.22002 ], [ -93.560172, 39.219007 ], [ -93.551528, 39.217017 ], [ -93.544047, 39.215762 ], [ -93.537167, 39.215653 ], [ -93.529631, 39.214996 ], [ -93.516063, 39.215289 ], [ -93.505836, 39.216712 ], [ -93.500211, 39.218005 ], [ -93.498663, 39.219514 ], [ -93.49196, 39.223461 ], [ -93.489284, 39.226297 ], [ -93.487885, 39.228875 ], [ -93.486573, 39.233861 ], [ -93.487611, 39.238338 ], [ -93.490194, 39.245541 ], [ -93.492238, 39.25002 ], [ -93.494173, 39.255737 ], [ -93.495171, 39.261185 ], [ -93.496221, 39.264891 ], [ -93.496313, 39.268263 ], [ -93.496323, 39.270022 ], [ -93.495377, 39.275459 ], [ -93.49334, 39.28067 ], [ -93.492018, 39.282938 ], [ -93.489889, 39.285145 ], [ -93.485806, 39.288759 ], [ -93.483999, 39.290038 ], [ -93.478254, 39.292666 ], [ -93.477233, 39.292796 ], [ -93.479902, 39.250018 ], [ -93.480006, 39.245146 ], [ -93.481028, 39.232248 ], [ -93.481816, 39.230471 ], [ -93.481203, 39.228911 ], [ -93.481578, 39.220874 ], [ -93.48146, 39.219493 ], [ -93.482402, 39.202821 ], [ -93.484899, 39.161232 ], [ -93.485683, 39.146484 ], [ -93.487535, 39.107671 ], [ -93.487734, 39.107449 ], [ -93.487839, 39.105737 ], [ -93.4877, 39.103058 ], [ -93.487734, 39.10257 ], [ -93.487711, 39.099439 ], [ -93.487813, 39.098772 ], [ -93.489376, 39.073921 ], [ -93.490666, 39.044752 ], [ -93.491326, 39.030227 ], [ -93.491922, 39.022886 ], [ -93.492775, 39.004865 ], [ -93.493003, 39.00158 ], [ -93.493947, 38.988157 ], [ -93.494165, 38.984812 ], [ -93.495195, 38.964654 ], [ -93.496377, 38.942837 ], [ -93.497278, 38.92843 ], [ -93.611396, 38.93211 ], [ -93.630362, 38.932095 ], [ -93.676122, 38.933515 ], [ -93.714067, 38.934347 ], [ -93.723733, 38.934485 ], [ -93.735885, 38.934684 ], [ -93.77902, 38.935836 ], [ -93.798027, 38.936458 ], [ -93.834719, 38.937909 ], [ -93.836319, 38.908709 ], [ -93.849987, 38.909057 ], [ -93.887364, 38.910312 ], [ -93.911622, 38.911234 ], [ -93.915966, 38.911468 ], [ -93.922783, 38.911805 ], [ -93.928697, 38.912097 ], [ -93.943675, 38.912386 ], [ -93.947393, 38.91252 ], [ -93.970856, 38.913459 ], [ -93.971101, 38.913308 ], [ -94.012821, 38.914486 ], [ -94.03594, 38.915144 ], [ -94.068751, 38.916192 ], [ -94.076099, 38.916499 ], [ -94.077567, 38.916583 ], [ -94.110187, 38.917608 ], [ -94.113306, 38.917481 ], [ -94.114175, 38.917304 ], [ -94.11418, 38.917995 ], [ -94.11427, 38.928542 ] ] ] ] } },
{ "type": "Feature", "properties": { "STATEFP": "29", "COUNTYFP": "053", "COUNTYNS": "00758481", "GEOIDFQ": "0500000US29053", "GEOID": "29053", "NAME": "Cooper", "NAMELSAD": "Cooper County", "STUSPS": "MO", "STATE_NAME": "Missouri", "LSAD": "06", "ALAND": 1462695259.0, "AWATER": 11475878.0 }, "geometry": { "type": "MultiPolygon", "coordinates": [ [ [ [ -93.059549, 38.700905 ], [ -93.05914, 38.709524 ], [ -93.058962, 38.71322 ], [ -93.055499, 38.797303 ], [ -93.054987, 38.807728 ], [ -93.054501, 38.817123 ], [ -93.054652, 38.820878 ], [ -93.053682, 38.840654 ], [ -93.053643, 38.84175 ], [ -93.052439, 38.875196 ], [ -93.052043, 38.884247 ], [ -93.050511, 38.918362 ], [ -93.050707, 38.924894 ], [ -93.050453, 38.928244 ], [ -93.050133, 38.933433 ], [ -93.050189, 38.936481 ], [ -93.04875, 38.968517 ], [ -93.048245, 38.972598 ], [ -93.037185, 38.98148 ], [ -93.025954, 38.990657 ], [ -93.02563, 38.990921 ], [ -92.99902, 39.01279 ], [ -92.985475, 39.023665 ], [ -92.982653, 39.025929 ], [ -92.957345, 39.046254 ], [ -92.946834, 39.054741 ], [ -92.934569, 39.064547 ], [ -92.935096, 39.06099 ], [ -92.934992, 39.058909 ], [ -92.93065, 39.050746 ], [ -92.923113, 39.040835 ], [ -92.921403, 39.037601 ], [ -92.918175, 39.029167 ], [ -92.915223, 39.022798 ], [ -92.914477, 39.021188 ], [ -92.909654, 39.015648 ], [ -92.902547, 39.01111 ], [ -92.894328, 39.008359 ], [ -92.889185, 39.007096 ], [ -92.884513, 39.00563 ], [ -92.87951, 39.003236 ], [ -92.876046, 39.000836 ], [ -92.870118, 38.995655 ], [ -92.866218, 38.990993 ], [ -92.861851, 38.987123 ], [ -92.856591, 38.98409 ], [ -92.852628, 38.982183 ], [ -92.847561, 38.980943 ], [ -92.841617, 38.979821 ], [ -92.832714, 38.978937 ], [ -92.829152, 38.978844 ], [ -92.820393, 38.978312 ], [ -92.81782, 38.977942 ], [ -92.809713, 38.975861 ], [ -92.804497, 38.975086 ], [ -92.796897, 38.973042 ], [ -92.791809, 38.972044 ], [ -92.783099, 38.971571 ], [ -92.774216, 38.972182 ], [ -92.770922, 38.972703 ], [ -92.764862, 38.974429 ], [ -92.754442, 38.979199 ], [ -92.745931, 38.98114 ], [ -92.733659, 38.983343 ], [ -92.720402, 38.984194 ], [ -92.719421, 38.98426 ], [ -92.715643, 38.984011 ], [ -92.707198, 38.981892 ], [ -92.697669, 38.977417 ], [ -92.693002, 38.975957 ], [ -92.689466, 38.975645 ], [ -92.681063, 38.975465 ], [ -92.675007, 38.975623 ], [ -92.665822, 38.976237 ], [ -92.655927, 38.976658 ], [ -92.6467, 38.975875 ], [ -92.635028, 38.974699 ], [ -92.629587, 38.973882 ], [ -92.612291, 38.969748 ], [ -92.606998, 38.968726 ], [ -92.59776, 38.967681 ], [ -92.590677, 38.967554 ], [ -92.587451, 38.967783 ], [ -92.570661, 38.971896 ], [ -92.564393, 38.972229 ], [ -92.562079, 38.972014 ], [ -92.558086, 38.970692 ], [ -92.553187, 38.967276 ], [ -92.544946, 38.959691 ], [ -92.540118, 38.953718 ], [ -92.536382, 38.950936 ], [ -92.531947, 38.948839 ], [ -92.526437, 38.944776 ], [ -92.523427, 38.943359 ], [ -92.514987, 38.938114 ], [ -92.508657, 38.93271 ], [ -92.50394, 38.927644 ], [ -92.498377, 38.922084 ], [ -92.500185, 38.919381 ], [ -92.505725, 38.909067 ], [ -92.520531, 38.881657 ], [ -92.520627, 38.881517 ], [ -92.528162, 38.867051 ], [ -92.528699, 38.865718 ], [ -92.565598, 38.794178 ], [ -92.572654, 38.781192 ], [ -92.594978, 38.737609 ], [ -92.616652, 38.694466 ], [ -92.616638, 38.693957 ], [ -92.617147, 38.680013 ], [ -92.635317, 38.680441 ], [ -92.713912, 38.682701 ], [ -92.726706, 38.683135 ], [ -92.726692, 38.684077 ], [ -92.731451, 38.683893 ], [ -92.745305, 38.683534 ], [ -92.763927, 38.683802 ], [ -92.79224, 38.684181 ], [ -92.820722, 38.684616 ], [ -92.839792, 38.684948 ], [ -92.839837, 38.683974 ], [ -92.858181, 38.683742 ], [ -92.876826, 38.684319 ], [ -92.915778, 38.685109 ], [ -92.926233, 38.68536 ], [ -92.927966, 38.685269 ], [ -92.932435, 38.685515 ], [ -92.950502, 38.686028 ], [ -92.950512, 38.68577 ], [ -92.950986, 38.685803 ], [ -92.953597, 38.685985 ], [ -92.95431, 38.686019 ], [ -92.958598, 38.686442 ], [ -92.961924, 38.686524 ], [ -92.964342, 38.686804 ], [ -92.974051, 38.687581 ], [ -92.975996, 38.687569 ], [ -92.997001, 38.689049 ], [ -93.000202, 38.689444 ], [ -93.040124, 38.692019 ], [ -93.043891, 38.692137 ], [ -93.046662, 38.69228 ], [ -93.059974, 38.693077 ], [ -93.059549, 38.700905 ] ] ] ] } },
{ "type": "Feature", "properties": { "STATEFP": "29", "COUNTYFP": "167", "COUNTYNS": "00758538", "GEOIDFQ": "0500000US29167", "GEOID": "29167", "NAME": "Polk", "NAMELSAD": "Polk County", "STUSPS": "MO", "STATE_NAME": "Missouri", "LSAD": "06", "ALAND": 1646006426.0, "AWATER": 17837670.0 }, "geometry": { "type": "MultiPolygon", "coordinates": [ [ [ [ -93.632033, 37.749584 ], [ -93.631357, 37.767659 ], [ -93.630216, 37.786047 ], [ -93.628404, 37.829435 ], [ -93.617713, 37.829101 ], [ -93.573202, 37.828035 ], [ -93.574103, 37.813336 ], [ -93.556477, 37.812843 ], [ -93.52749, 37.812037 ], [ -93.501146, 37.811436 ], [ -93.482322, 37.810819 ], [ -93.473018, 37.810603 ], [ -93.458308, 37.810238 ], [ -93.432578, 37.809475 ], [ -93.431785, 37.809395 ], [ -93.418779, 37.808984 ], [ -93.408493, 37.808416 ], [ -93.378694, 37.807367 ], [ -93.375071, 37.807251 ], [ -93.372107, 37.807193 ], [ -93.37163, 37.80718 ], [ -93.353767, 37.806644 ], [ -93.321706, 37.805712 ], [ -93.293721, 37.804791 ], [ -93.281363, 37.804571 ], [ -93.273077, 37.804387 ], [ -93.266441, 37.804281 ], [ -93.187915, 37.802737 ], [ -93.188508, 37.788444 ], [ -93.188532, 37.787832 ], [ -93.190018, 37.759053 ], [ -93.190691, 37.744522 ], [ -93.19138, 37.730012 ], [ -93.177975, 37.729626 ], [ -93.173183, 37.72966 ], [ -93.175222, 37.67489 ], [ -93.175641, 37.664259 ], [ -93.17547, 37.658513 ], [ -93.176405, 37.634712 ], [ -93.177214, 37.605676 ], [ -93.1782, 37.576723 ], [ -93.177966, 37.574544 ], [ -93.179549, 37.533488 ], [ -93.179917, 37.518749 ], [ -93.180165, 37.511559 ], [ -93.180124, 37.511386 ], [ -93.180687, 37.489709 ], [ -93.181629, 37.453592 ], [ -93.181825, 37.446892 ], [ -93.182489, 37.417204 ], [ -93.219022, 37.418287 ], [ -93.239088, 37.418943 ], [ -93.27354, 37.41925 ], [ -93.27516, 37.419387 ], [ -93.30113, 37.41996 ], [ -93.32759, 37.420544 ], [ -93.350296, 37.421469 ], [ -93.351, 37.42135 ], [ -93.351353, 37.421392 ], [ -93.36394, 37.42181 ], [ -93.364351, 37.421815 ], [ -93.400563, 37.42269 ], [ -93.42797, 37.42332 ], [ -93.43723, 37.423554 ], [ -93.441948, 37.423686 ], [ -93.4557, 37.424184 ], [ -93.461929, 37.42447 ], [ -93.473797, 37.424543 ], [ -93.49226, 37.424962 ], [ -93.509344, 37.425381 ], [ -93.511633, 37.42539 ], [ -93.520777, 37.425284 ], [ -93.621153, 37.427423 ], [ -93.620909, 37.434617 ], [ -93.620379, 37.456289 ], [ -93.620377, 37.456348 ], [ -93.618177, 37.514327 ], [ -93.618147, 37.514667 ], [ -93.617371, 37.538992 ], [ -93.616424, 37.564114 ], [ -93.616033, 37.572689 ], [ -93.615407, 37.587312 ], [ -93.614557, 37.615078 ], [ -93.614212, 37.615764 ], [ -93.614054, 37.625034 ], [ -93.61381, 37.630927 ], [ -93.612327, 37.667188 ], [ -93.612013, 37.674501 ], [ -93.61201, 37.674574 ], [ -93.609848, 37.733185 ], [ -93.609489, 37.741755 ], [ -93.618678, 37.741941 ], [ -93.632439, 37.742302 ], [ -93.632033, 37.749584 ] ] ] ] } },
{ "type": "Feature", "properties": { "STATEFP": "29", "COUNTYFP": "151", "COUNTYNS": "00758530", "GEOIDFQ": "0500000US29151", "GEOID": "29151", "NAME": "Osage", "NAMELSAD": "Osage County", "STUSPS": "MO", "STATE_NAME": "Missouri", "LSAD": "06", "ALAND": 1571034360.0, "AWATER": 17734586.0 }, "geometry": { "type": "MultiPolygon", "coordinates": [ [ [ [ -92.195222, 38.308919 ], [ -92.194476, 38.335536 ], [ -92.19341, 38.364549 ], [ -92.193178, 38.370835 ], [ -92.190178, 38.372035 ], [ -92.188678, 38.373535 ], [ -92.186578, 38.373935 ], [ -92.182375, 38.376238 ], [ -92.180721, 38.378419 ], [ -92.178858, 38.378567 ], [ -92.176018, 38.377556 ], [ -92.17201, 38.378167 ], [ -92.170871, 38.377921 ], [ -92.169378, 38.377336 ], [ -92.165178, 38.376836 ], [ -92.160577, 38.377036 ], [ -92.148877, 38.379536 ], [ -92.138188, 38.382753 ], [ -92.133381, 38.384609 ], [ -92.125177, 38.389015 ], [ -92.121777, 38.391337 ], [ -92.117877, 38.396037 ], [ -92.116277, 38.398837 ], [ -92.114977, 38.401937 ], [ -92.115277, 38.407037 ], [ -92.115877, 38.408637 ], [ -92.119378, 38.414936 ], [ -92.121578, 38.417336 ], [ -92.124778, 38.419936 ], [ -92.129969, 38.422772 ], [ -92.133434, 38.424365 ], [ -92.138393, 38.427383 ], [ -92.143639, 38.429689 ], [ -92.149291, 38.431152 ], [ -92.152072, 38.433219 ], [ -92.157671, 38.439044 ], [ -92.160938, 38.443688 ], [ -92.162033, 38.446503 ], [ -92.162834, 38.449951 ], [ -92.162631, 38.45483 ], [ -92.164055, 38.459042 ], [ -92.167634, 38.46395 ], [ -92.168883, 38.466812 ], [ -92.167357, 38.469687 ], [ -92.162001, 38.473026 ], [ -92.160986, 38.473305 ], [ -92.155559, 38.47448 ], [ -92.153739, 38.474612 ], [ -92.151594, 38.474768 ], [ -92.147333, 38.474086 ], [ -92.142468, 38.472519 ], [ -92.138079, 38.470026 ], [ -92.135564, 38.466873 ], [ -92.130262, 38.462153 ], [ -92.12764, 38.460861 ], [ -92.120417, 38.458532 ], [ -92.116275, 38.457571 ], [ -92.110415, 38.457376 ], [ -92.105025, 38.457931 ], [ -92.100666, 38.458791 ], [ -92.089935, 38.462053 ], [ -92.086088, 38.463963 ], [ -92.081944, 38.46525 ], [ -92.073712, 38.466724 ], [ -92.068606, 38.467156 ], [ -92.06404, 38.467279 ], [ -92.051572, 38.466277 ], [ -92.043489, 38.466479 ], [ -92.041026, 38.467185 ], [ -92.030361, 38.470702 ], [ -92.026554, 38.472577 ], [ -92.020554, 38.47629 ], [ -92.015074, 38.481026 ], [ -92.010531, 38.487514 ], [ -92.008858, 38.491788 ], [ -92.008543, 38.494404 ], [ -92.008528, 38.494572 ], [ -92.008298, 38.497119 ], [ -92.0087, 38.500038 ], [ -92.010855, 38.503926 ], [ -92.016588, 38.511003 ], [ -92.025183, 38.524129 ], [ -92.027094, 38.528713 ], [ -92.028198, 38.53262 ], [ -92.028914, 38.538104 ], [ -92.027688, 38.546567 ], [ -92.025857, 38.552017 ], [ -92.024875, 38.553627 ], [ -92.022124, 38.556903 ], [ -92.018912, 38.558954 ], [ -92.014115, 38.559972 ], [ -92.00584, 38.55981 ], [ -92.0035, 38.56026 ], [ -92.008983, 38.5709 ], [ -92.005643, 38.572663 ], [ -91.991718, 38.582272 ], [ -91.982025, 38.587638 ], [ -91.977454, 38.589616 ], [ -91.973021, 38.591246 ], [ -91.967735, 38.592602 ], [ -91.957513, 38.594134 ], [ -91.952121, 38.594605 ], [ -91.949235, 38.595123 ], [ -91.945815, 38.596147 ], [ -91.943936, 38.597075 ], [ -91.932193, 38.60592 ], [ -91.92062, 38.615424 ], [ -91.913013, 38.619893 ], [ -91.91082, 38.621459 ], [ -91.906279, 38.625041 ], [ -91.904394, 38.626121 ], [ -91.893749, 38.634087 ], [ -91.892696, 38.635084 ], [ -91.891493, 38.63649 ], [ -91.889147, 38.640439 ], [ -91.885226, 38.648217 ], [ -91.881916, 38.652713 ], [ -91.877356, 38.657743 ], [ -91.869489, 38.66394 ], [ -91.864169, 38.666367 ], [ -91.86057, 38.668174 ], [ -91.854867, 38.670336 ], [ -91.841696, 38.673462 ], [ -91.833296, 38.676148 ], [ -91.822208, 38.679852 ], [ -91.821484, 38.680021 ], [ -91.814436, 38.681835 ], [ -91.809414, 38.682442 ], [ -91.801411, 38.683101 ], [ -91.788001, 38.682658 ], [ -91.781863, 38.682147 ], [ -91.777985, 38.6823 ], [ -91.773087, 38.682938 ], [ -91.759726, 38.685157 ], [ -91.754931, 38.688007 ], [ -91.751946, 38.690212 ], [ -91.750174, 38.692006 ], [ -91.741249, 38.699311 ], [ -91.736566, 38.702571 ], [ -91.734356, 38.704879 ], [ -91.732286, 38.705891 ], [ -91.726221, 38.706721 ], [ -91.717561, 38.707439 ], [ -91.702039, 38.70777 ], [ -91.695075, 38.707501 ], [ -91.690021, 38.706897 ], [ -91.682681, 38.704602 ], [ -91.67647, 38.703377 ], [ -91.665498, 38.701983 ], [ -91.656301, 38.701774 ], [ -91.653362, 38.702122 ], [ -91.647171, 38.703396 ], [ -91.641376, 38.703939 ], [ -91.640372, 38.703792 ], [ -91.640306, 38.676309 ], [ -91.640413, 38.675926 ], [ -91.640577, 38.674195 ], [ -91.640595, 38.667534 ], [ -91.640616, 38.66118 ], [ -91.641374, 38.641081 ], [ -91.641099, 38.633182 ], [ -91.641335, 38.626563 ], [ -91.641166, 38.621827 ], [ -91.641308, 38.617307 ], [ -91.641963, 38.582064 ], [ -91.642169, 38.556926 ], [ -91.642369, 38.542515 ], [ -91.642422, 38.505181 ], [ -91.642399, 38.504655 ], [ -91.642849, 38.483909 ], [ -91.643244, 38.45804 ], [ -91.643556, 38.437723 ], [ -91.643577, 38.436446 ], [ -91.643786, 38.422951 ], [ -91.644478, 38.378035 ], [ -91.644491, 38.377301 ], [ -91.644352, 38.357424 ], [ -91.644392, 38.348073 ], [ -91.64461, 38.316403 ], [ -91.644697, 38.304394 ], [ -91.644661, 38.303393 ], [ -91.644666, 38.301645 ], [ -91.644657, 38.299815 ], [ -91.644729, 38.28851 ], [ -91.704228, 38.28883 ], [ -91.708206, 38.288951 ], [ -91.711348, 38.289037 ], [ -91.723931, 38.289184 ], [ -91.730388, 38.289111 ], [ -91.757318, 38.28872 ], [ -91.757427, 38.290096 ], [ -91.763536, 38.290693 ], [ -91.775346, 38.292044 ], [ -91.86312, 38.29361 ], [ -91.862664, 38.292889 ], [ -91.865828, 38.292907 ], [ -91.883986, 38.289898 ], [ -91.972625, 38.28963 ], [ -91.991665, 38.288674 ], [ -92.00075, 38.288848 ], [ -92.000821, 38.288302 ], [ -92.012094, 38.28815 ], [ -92.023415, 38.288706 ], [ -92.023583, 38.28871 ], [ -92.027481, 38.288799 ], [ -92.029001, 38.28883 ], [ -92.171661, 38.291746 ], [ -92.177581, 38.291868 ], [ -92.195675, 38.292237 ], [ -92.195222, 38.308919 ] ] ] ] } },
{ "type": "Feature", "properties": { "STATEFP": "29", "COUNTYFP": "161", "COUNTYNS": "00758535", "GEOIDFQ": "0500000US29161", "GEOID": "29161", "NAME": "Phelps", "NAMELSAD": "Phelps County", "STUSPS": "MO", "STATE_NAME": "Missouri", "LSAD": "06", "ALAND": 1739919007.0, "AWATER": 6567069.0 }, "geometry": { "type": "MultiPolygon", "coordinates": [ [ [ [ -92.02856, 37.706841 ], [ -92.026822, 37.707047 ], [ -92.026163, 37.728325 ], [ -92.025954, 37.735824 ], [ -92.02556, 37.75004 ], [ -92.025136, 37.769347 ], [ -92.02506, 37.772813 ], [ -92.0246, 37.793721 ], [ -92.023674, 37.835867 ], [ -92.022863, 37.88074 ], [ -92.022463, 37.88074 ], [ -92.02196, 37.927893 ], [ -92.021953, 37.928245 ], [ -92.021688, 37.939837 ], [ -92.021189, 37.975575 ], [ -92.021165, 38.010639 ], [ -92.001951, 38.010088 ], [ -92.000164, 38.010217 ], [ -91.984815, 38.009622 ], [ -91.966333, 38.009683 ], [ -91.96378, 38.015396 ], [ -91.963247, 38.017869 ], [ -91.963168, 38.022743 ], [ -91.96236, 38.02549 ], [ -91.960132, 38.030695 ], [ -91.958301, 38.036319 ], [ -91.955967, 38.038003 ], [ -91.953704, 38.040155 ], [ -91.951911, 38.04109 ], [ -91.949089, 38.041872 ], [ -91.945536, 38.042179 ], [ -91.941852, 38.041592 ], [ -91.93844, 38.036752 ], [ -91.93766, 38.034859 ], [ -91.937294, 38.032099 ], [ -91.936029, 38.03088 ], [ -91.935247, 38.03087 ], [ -91.931181, 38.032726 ], [ -91.924722, 38.035224 ], [ -91.917847, 38.040122 ], [ -91.917023, 38.041484 ], [ -91.913885, 38.042982 ], [ -91.90983, 38.044376 ], [ -91.907202, 38.044859 ], [ -91.90606, 38.045882 ], [ -91.901088, 38.047389 ], [ -91.896944, 38.047864 ], [ -91.896128, 38.048695 ], [ -91.895132, 38.051199 ], [ -91.894475, 38.051197 ], [ -91.876209, 38.051171 ], [ -91.874871, 38.051172 ], [ -91.868123, 38.051214 ], [ -91.828344, 38.051609 ], [ -91.822594, 38.051549 ], [ -91.802108, 38.051916 ], [ -91.780681, 38.052567 ], [ -91.775063, 38.052398 ], [ -91.774464, 38.052389 ], [ -91.76565, 38.052785 ], [ -91.753347, 38.053243 ], [ -91.747707, 38.053195 ], [ -91.747389, 38.05332 ], [ -91.746407, 38.053212 ], [ -91.687535, 38.052192 ], [ -91.650113, 38.051308 ], [ -91.632431, 38.050951 ], [ -91.631703, 38.077635 ], [ -91.631827, 38.077939 ], [ -91.630662, 38.145242 ], [ -91.630554, 38.153519 ], [ -91.608101, 38.15329 ], [ -91.589527, 38.153249 ], [ -91.580252, 38.152793 ], [ -91.566357, 38.152747 ], [ -91.538016, 38.15249 ], [ -91.534384, 38.152593 ], [ -91.526602, 38.152559 ], [ -91.525025, 38.152433 ], [ -91.52499, 38.14082 ], [ -91.525245, 38.135628 ], [ -91.52526, 38.125066 ], [ -91.525006, 38.123623 ], [ -91.525329, 38.077907 ], [ -91.525383, 38.077529 ], [ -91.525712, 38.048979 ], [ -91.525712, 38.044442 ], [ -91.525989, 38.01161 ], [ -91.525818, 38.011002 ], [ -91.526306, 37.968751 ], [ -91.526355, 37.96192 ], [ -91.526367, 37.95515 ], [ -91.526392, 37.941426 ], [ -91.526686, 37.92123 ], [ -91.526713, 37.919317 ], [ -91.526934, 37.904536 ], [ -91.527373, 37.875043 ], [ -91.527526, 37.873468 ], [ -91.528797, 37.788989 ], [ -91.566036, 37.789411 ], [ -91.597395, 37.789875 ], [ -91.600852, 37.789683 ], [ -91.602434, 37.789979 ], [ -91.620165, 37.790154 ], [ -91.625151, 37.789752 ], [ -91.638388, 37.789952 ], [ -91.6796, 37.790583 ], [ -91.693165, 37.790795 ], [ -91.71152, 37.791063 ], [ -91.711656, 37.790909 ], [ -91.764749, 37.791391 ], [ -91.769174, 37.7914 ], [ -91.805538, 37.791285 ], [ -91.806219, 37.791286 ], [ -91.806105, 37.783143 ], [ -91.806709, 37.704243 ], [ -91.80818, 37.704246 ], [ -91.808194, 37.702274 ], [ -91.808371, 37.678269 ], [ -91.809105, 37.598863 ], [ -91.86268, 37.598873 ], [ -91.935482, 37.600502 ], [ -91.953804, 37.601051 ], [ -91.963493, 37.601336 ], [ -91.992549, 37.60224 ], [ -92.011227, 37.602142 ], [ -92.029258, 37.602542 ], [ -92.02856, 37.706841 ] ] ] ] } },
{ "type": "Feature", "properties": { "STATEFP": "29", "COUNTYFP": "055", "COUNTYNS": "00758482", "GEOIDFQ": "0500000US29055", "GEOID": "29055", "NAME": "Crawford", "NAMELSAD": "Crawford County", "STUSPS": "MO", "STATE_NAME": "Missouri", "LSAD": "06", "ALAND": 1923005890.0, "AWATER": 3306286.0 }, "geometry": { "type": "MultiPolygon", "coordinates": [ [ [ [ -91.535333, 38.210936 ], [ -91.535115, 38.210976 ], [ -91.470209, 38.210859 ], [ -91.460616, 38.210528 ], [ -91.44008, 38.21036 ], [ -91.433099, 38.210937 ], [ -91.424832, 38.211639 ], [ -91.42483, 38.209876 ], [ -91.41887, 38.21013 ], [ -91.405235, 38.209953 ], [ -91.367482, 38.209741 ], [ -91.36763, 38.204013 ], [ -91.358091, 38.204121 ], [ -91.348024, 38.204054 ], [ -91.346926, 38.204037 ], [ -91.33884, 38.20404 ], [ -91.31119, 38.204048 ], [ -91.291153, 38.203994 ], [ -91.255465, 38.204141 ], [ -91.199438, 38.204088 ], [ -91.199387, 38.204088 ], [ -91.187445, 38.204085 ], [ -91.177533, 38.204085 ], [ -91.169419, 38.204065 ], [ -91.168801, 38.20415 ], [ -91.144616, 38.204214 ], [ -91.140334, 38.204219 ], [ -91.125141, 38.204243 ], [ -91.123721, 38.204144 ], [ -91.097604, 38.204083 ], [ -91.095765, 38.204083 ], [ -91.095755, 38.186175 ], [ -91.095707, 38.150863 ], [ -91.095735, 38.125047 ], [ -91.095219, 38.117386 ], [ -91.09449, 38.088961 ], [ -91.094312, 38.08198 ], [ -91.094469, 38.052076 ], [ -91.094414, 38.050702 ], [ -91.094112, 38.01638 ], [ -91.093953, 38.001273 ], [ -91.094779, 37.957889 ], [ -91.094815, 37.951856 ], [ -91.095247, 37.946127 ], [ -91.095694, 37.918829 ], [ -91.095532, 37.903297 ], [ -91.096354, 37.870838 ], [ -91.097582, 37.840299 ], [ -91.100017, 37.740012 ], [ -91.146521, 37.740811 ], [ -91.146972, 37.697198 ], [ -91.153345, 37.69734 ], [ -91.225232, 37.698533 ], [ -91.274026, 37.699358 ], [ -91.27627, 37.6994 ], [ -91.310655, 37.700048 ], [ -91.309702, 37.73507 ], [ -91.309767, 37.736533 ], [ -91.309846, 37.737451 ], [ -91.309083, 37.764526 ], [ -91.308311, 37.787186 ], [ -91.308426, 37.787186 ], [ -91.418759, 37.788452 ], [ -91.517112, 37.788857 ], [ -91.528797, 37.788989 ], [ -91.527526, 37.873468 ], [ -91.527373, 37.875043 ], [ -91.526934, 37.904536 ], [ -91.526713, 37.919317 ], [ -91.526686, 37.92123 ], [ -91.526392, 37.941426 ], [ -91.526367, 37.95515 ], [ -91.526355, 37.96192 ], [ -91.526306, 37.968751 ], [ -91.525818, 38.011002 ], [ -91.525989, 38.01161 ], [ -91.525712, 38.044442 ], [ -91.525712, 38.048979 ], [ -91.525383, 38.077529 ], [ -91.525329, 38.077907 ], [ -91.525006, 38.123623 ], [ -91.52526, 38.125066 ], [ -91.525245, 38.135628 ], [ -91.52499, 38.14082 ], [ -91.525025, 38.152433 ], [ -91.526602, 38.152559 ], [ -91.534384, 38.152593 ], [ -91.534636, 38.167105 ], [ -91.535119, 38.196383 ], [ -91.535333, 38.210936 ] ] ] ] } },
{ "type": "Feature", "properties": { "STATEFP": "29", "COUNTYFP": "083", "COUNTYNS": "00758496", "GEOIDFQ": "0500000US29083", "GEOID": "29083", "NAME": "Henry", "NAMELSAD": "Henry County", "STUSPS": "MO", "STATE_NAME": "Missouri", "LSAD": "06", "ALAND": 1805055455.0, "AWATER": 91656837.0 }, "geometry": { "type": "MultiPolygon", "coordinates": [ [ [ [ -94.073721, 38.258083 ], [ -94.071806, 38.301438 ], [ -94.070462, 38.330542 ], [ -94.067936, 38.388459 ], [ -94.067373, 38.403182 ], [ -94.065713, 38.447087 ], [ -94.06502, 38.465816 ], [ -94.06782, 38.466016 ], [ -94.067621, 38.473148 ], [ -94.067075, 38.49132 ], [ -94.066907, 38.498998 ], [ -94.064317, 38.56738 ], [ -94.012641, 38.566232 ], [ -93.952961, 38.564919 ], [ -93.930712, 38.564426 ], [ -93.917315, 38.564201 ], [ -93.861876, 38.563199 ], [ -93.849247, 38.56295 ], [ -93.842963, 38.562901 ], [ -93.78849, 38.562014 ], [ -93.769874, 38.561772 ], [ -93.733176, 38.560958 ], [ -93.732796, 38.561335 ], [ -93.719417, 38.560993 ], [ -93.695383, 38.560592 ], [ -93.676985, 38.560152 ], [ -93.639803, 38.559446 ], [ -93.621888, 38.559067 ], [ -93.621416, 38.559048 ], [ -93.619768, 38.559083 ], [ -93.561721, 38.557431 ], [ -93.518723, 38.556305 ], [ -93.51103, 38.55621 ], [ -93.511559, 38.541609 ], [ -93.511707, 38.537977 ], [ -93.511838, 38.534397 ], [ -93.511923, 38.532297 ], [ -93.512441, 38.519808 ], [ -93.512743, 38.512476 ], [ -93.51302, 38.501661 ], [ -93.515081, 38.454521 ], [ -93.512007, 38.454449 ], [ -93.511958, 38.446814 ], [ -93.514032, 38.403335 ], [ -93.514634, 38.392328 ], [ -93.515651, 38.373953 ], [ -93.517303, 38.340975 ], [ -93.518259, 38.321792 ], [ -93.520651, 38.272515 ], [ -93.523484, 38.207216 ], [ -93.528034, 38.207143 ], [ -93.535413, 38.206866 ], [ -93.538576, 38.205477 ], [ -93.539553, 38.206857 ], [ -93.545612, 38.210834 ], [ -93.557027, 38.219673 ], [ -93.5609, 38.220808 ], [ -93.564749, 38.220598 ], [ -93.56619, 38.219268 ], [ -93.569525, 38.218944 ], [ -93.570595, 38.217209 ], [ -93.570781, 38.215409 ], [ -93.567528, 38.211891 ], [ -93.563432, 38.206005 ], [ -93.559809, 38.204238 ], [ -93.557336, 38.201074 ], [ -93.575738, 38.201068 ], [ -93.60959, 38.202258 ], [ -93.61608, 38.202569 ], [ -93.744373, 38.205829 ], [ -93.752741, 38.206037 ], [ -93.756961, 38.206121 ], [ -93.826478, 38.208168 ], [ -93.828277, 38.20807 ], [ -93.830524, 38.208145 ], [ -93.854429, 38.208868 ], [ -93.876021, 38.209475 ], [ -93.940149, 38.211282 ], [ -93.964932, 38.211919 ], [ -94.020983, 38.213293 ], [ -94.049895, 38.213985 ], [ -94.075214, 38.214502 ], [ -94.073721, 38.258083 ] ] ] ] } },
{ "type": "Feature", "properties": { "STATEFP": "29", "COUNTYFP": "225", "COUNTYNS": "00758565", "GEOIDFQ": "0500000US29225", "GEOID": "29225", "NAME": "Webster", "NAMELSAD": "Webster County", "STUSPS": "MO", "STATE_NAME": "Missouri", "LSAD": "06", "ALAND": 1534731555.0, "AWATER": 3109298.0 }, "geometry": { "type": "MultiPolygon", "coordinates": [ [ [ [ -93.076771, 37.270745 ], [ -93.076175, 37.303502 ], [ -93.075856, 37.320747 ], [ -93.075682, 37.327807 ], [ -93.075043, 37.355204 ], [ -93.075004, 37.356916 ], [ -93.074923, 37.360364 ], [ -93.07481, 37.365195 ], [ -93.074719, 37.371349 ], [ -93.07466, 37.373377 ], [ -93.07465, 37.37339 ], [ -93.074486, 37.378546 ], [ -93.07338, 37.414989 ], [ -93.073271, 37.41904 ], [ -93.072577, 37.443441 ], [ -93.072642, 37.444003 ], [ -93.071584, 37.487444 ], [ -93.015856, 37.486411 ], [ -92.979916, 37.485705 ], [ -92.970843, 37.485668 ], [ -92.967736, 37.485648 ], [ -92.961166, 37.4856 ], [ -92.957689, 37.485723 ], [ -92.908138, 37.484843 ], [ -92.854413, 37.483872 ], [ -92.853481, 37.48397 ], [ -92.852107, 37.484083 ], [ -92.833781, 37.48375 ], [ -92.825956, 37.483548 ], [ -92.819561, 37.483563 ], [ -92.814479, 37.483362 ], [ -92.788105, 37.483077 ], [ -92.785748, 37.482911 ], [ -92.756434, 37.482677 ], [ -92.748508, 37.482296 ], [ -92.742722, 37.482468 ], [ -92.686671, 37.481545 ], [ -92.687207, 37.452334 ], [ -92.688072, 37.437746 ], [ -92.688645, 37.408977 ], [ -92.688737, 37.398156 ], [ -92.688745, 37.397615 ], [ -92.689006, 37.396881 ], [ -92.688866, 37.396198 ], [ -92.688901, 37.39439 ], [ -92.68896, 37.391282 ], [ -92.689197, 37.378907 ], [ -92.689495, 37.356898 ], [ -92.689571, 37.350647 ], [ -92.690471, 37.350647 ], [ -92.691003, 37.321456 ], [ -92.691254, 37.307183 ], [ -92.691904, 37.281743 ], [ -92.692303, 37.263514 ], [ -92.67897, 37.263149 ], [ -92.679659, 37.242363 ], [ -92.679769, 37.239725 ], [ -92.679676, 37.238715 ], [ -92.680254, 37.22769 ], [ -92.680608, 37.215706 ], [ -92.680488, 37.214269 ], [ -92.681963, 37.175828 ], [ -92.681883, 37.169243 ], [ -92.682759, 37.154539 ], [ -92.683761, 37.117991 ], [ -92.684901, 37.090387 ], [ -92.685867, 37.067051 ], [ -92.717411, 37.067517 ], [ -92.738977, 37.067829 ], [ -92.745012, 37.067753 ], [ -92.750167, 37.068003 ], [ -92.849076, 37.068763 ], [ -92.851871, 37.068833 ], [ -92.857042, 37.069335 ], [ -92.86711, 37.069403 ], [ -92.903273, 37.070651 ], [ -92.902922, 37.085221 ], [ -92.956942, 37.086844 ], [ -92.957175, 37.087651 ], [ -92.975426, 37.08764 ], [ -92.975814, 37.087504 ], [ -92.978737, 37.087519 ], [ -92.993629, 37.087667 ], [ -93.034031, 37.088291 ], [ -93.065274, 37.088694 ], [ -93.065123, 37.097196 ], [ -93.064975, 37.109935 ], [ -93.06469, 37.121547 ], [ -93.064212, 37.143111 ], [ -93.063778, 37.161781 ], [ -93.063255, 37.183743 ], [ -93.06331, 37.18928 ], [ -93.062536, 37.216457 ], [ -93.062529, 37.216671 ], [ -93.062506, 37.217812 ], [ -93.062142, 37.235117 ], [ -93.061541, 37.269832 ], [ -93.068783, 37.269872 ], [ -93.070014, 37.26995 ], [ -93.076778, 37.270412 ], [ -93.076771, 37.270745 ] ] ] ] } },
{ "type": "Feature", "properties": { "STATEFP": "29", "COUNTYFP": "059", "COUNTYNS": "00758484", "GEOIDFQ": "0500000US29059", "GEOID": "29059", "NAME": "Dallas", "NAMELSAD": "Dallas County", "STUSPS": "MO", "STATE_NAME": "Missouri", "LSAD": "06", "ALAND": 1401057564.0, "AWATER": 4909180.0 }, "geometry": { "type": "MultiPolygon", "coordinates": [ [ [ [ -93.190691, 37.744522 ], [ -93.190018, 37.759053 ], [ -93.188532, 37.787832 ], [ -93.188508, 37.788444 ], [ -93.187915, 37.802737 ], [ -93.187136, 37.817272 ], [ -93.186391, 37.831643 ], [ -93.18445, 37.867995 ], [ -93.184237, 37.868769 ], [ -93.184318, 37.871625 ], [ -93.18335, 37.889899 ], [ -93.182648, 37.904232 ], [ -93.12352, 37.903299 ], [ -93.122976, 37.903409 ], [ -93.112545, 37.903423 ], [ -93.099239, 37.90309 ], [ -93.096044, 37.902841 ], [ -93.072447, 37.902627 ], [ -93.045519, 37.901531 ], [ -93.036622, 37.901207 ], [ -93.035631, 37.901237 ], [ -92.982175, 37.899399 ], [ -92.973092, 37.898965 ], [ -92.965489, 37.898985 ], [ -92.948436, 37.898417 ], [ -92.923532, 37.89773 ], [ -92.902436, 37.897117 ], [ -92.886799, 37.896657 ], [ -92.885954, 37.896632 ], [ -92.855384, 37.895736 ], [ -92.85596, 37.880467 ], [ -92.857563, 37.838044 ], [ -92.858116, 37.82342 ], [ -92.858333, 37.812331 ], [ -92.85839, 37.808769 ], [ -92.858451, 37.80502 ], [ -92.858756, 37.786011 ], [ -92.858589, 37.765346 ], [ -92.858586, 37.764959 ], [ -92.859239, 37.74798 ], [ -92.859294, 37.745941 ], [ -92.859517, 37.737931 ], [ -92.859525, 37.737646 ], [ -92.859913, 37.721239 ], [ -92.846281, 37.721039 ], [ -92.846736, 37.708694 ], [ -92.846759, 37.708105 ], [ -92.848096, 37.676179 ], [ -92.848061, 37.673574 ], [ -92.848548, 37.65899 ], [ -92.848871, 37.650122 ], [ -92.848918, 37.64883 ], [ -92.849761, 37.625041 ], [ -92.849535, 37.623195 ], [ -92.84977, 37.614471 ], [ -92.851102, 37.570876 ], [ -92.851617, 37.553841 ], [ -92.851515, 37.552953 ], [ -92.851514, 37.550817 ], [ -92.851855, 37.541856 ], [ -92.852721, 37.509943 ], [ -92.852775, 37.507848 ], [ -92.853481, 37.48397 ], [ -92.854413, 37.483872 ], [ -92.908138, 37.484843 ], [ -92.957689, 37.485723 ], [ -92.961166, 37.4856 ], [ -92.967736, 37.485648 ], [ -92.970843, 37.485668 ], [ -92.979916, 37.485705 ], [ -93.015856, 37.486411 ], [ -93.071584, 37.487444 ], [ -93.072642, 37.444003 ], [ -93.072577, 37.443441 ], [ -93.073271, 37.41904 ], [ -93.07338, 37.414989 ], [ -93.079958, 37.41492 ], [ -93.119348, 37.415622 ], [ -93.119504, 37.415694 ], [ -93.158287, 37.416799 ], [ -93.182489, 37.417204 ], [ -93.181825, 37.446892 ], [ -93.181629, 37.453592 ], [ -93.180687, 37.489709 ], [ -93.180124, 37.511386 ], [ -93.180165, 37.511559 ], [ -93.179917, 37.518749 ], [ -93.179549, 37.533488 ], [ -93.177966, 37.574544 ], [ -93.1782, 37.576723 ], [ -93.177214, 37.605676 ], [ -93.176405, 37.634712 ], [ -93.17547, 37.658513 ], [ -93.175641, 37.664259 ], [ -93.175222, 37.67489 ], [ -93.173183, 37.72966 ], [ -93.177975, 37.729626 ], [ -93.19138, 37.730012 ], [ -93.190691, 37.744522 ] ] ] ] } },
{ "type": "Feature", "properties": { "STATEFP": "29", "COUNTYFP": "217", "COUNTYNS": "00758561", "GEOIDFQ": "0500000US29217", "GEOID": "29217", "NAME": "Vernon", "NAMELSAD": "Vernon County", "STUSPS": "MO", "STATE_NAME": "Missouri", "LSAD": "06", "ALAND": 2140343862.0, "AWATER": 27020859.0 }, "geometry": { "type": "MultiPolygon", "coordinates": [ [ [ [ -94.617841103214104, 37.728214183800397 ], [ -94.617808, 37.729707 ], [ -94.617802286757893, 37.732548057419301 ], [ -94.6177561473026, 37.755492094811203 ], [ -94.617744584109104, 37.761242191833198 ], [ -94.617723052842393, 37.771949171037498 ], [ -94.617721, 37.77297 ], [ -94.617667504955605, 37.775864959991502 ], [ -94.616862, 37.819456 ], [ -94.61645, 37.83756 ], [ -94.616426, 37.845282 ], [ -94.616273948685901, 37.851651022648497 ], [ -94.616122948349897, 37.8579760226405 ], [ -94.616, 37.863126 ], [ -94.615834, 37.87251 ], [ -94.615920619409593, 37.878305535442799 ], [ -94.615921, 37.878331 ], [ -94.615706, 37.886843 ], [ -94.615469, 37.901775 ], [ -94.615393, 37.906392 ], [ -94.615391934705499, 37.906439998550802 ], [ -94.615181, 37.915944 ], [ -94.614778, 37.9342 ], [ -94.614835, 37.9367 ], [ -94.614754, 37.940769 ], [ -94.614622630243005, 37.944093024908 ], [ -94.614612, 37.944362 ], [ -94.614594, 37.949978 ], [ -94.614562, 37.951517 ], [ -94.614557, 37.971037 ], [ -94.614466712224299, 37.987487040181598 ], [ -94.614465, 37.987799 ], [ -94.614212, 37.992462 ], [ -94.613981, 38.036949 ], [ -94.613981346491897, 38.0370573442828 ], [ -94.614054897209201, 38.060055858415197 ], [ -94.516647, 38.058036 ], [ -94.499236, 38.057468 ], [ -94.498873, 38.05748 ], [ -94.444725, 38.056322 ], [ -94.389762, 38.054939 ], [ -94.280445, 38.052003 ], [ -94.26848, 38.051598 ], [ -94.240643, 38.050821 ], [ -94.239054, 38.047369 ], [ -94.239413, 38.04416 ], [ -94.237662, 38.04381 ], [ -94.235399, 38.046519 ], [ -94.234364, 38.047112 ], [ -94.230543, 38.045801 ], [ -94.230452, 38.044697 ], [ -94.232368, 38.042614 ], [ -94.235507, 38.041811 ], [ -94.238466, 38.041496 ], [ -94.239841, 38.040903 ], [ -94.24075, 38.039386 ], [ -94.240429, 38.038018 ], [ -94.238184, 38.035564 ], [ -94.236593, 38.03446 ], [ -94.233668, 38.033753 ], [ -94.23373, 38.032033 ], [ -94.234757, 38.031522 ], [ -94.239404, 38.031767 ], [ -94.242287, 38.03265 ], [ -94.244369, 38.03171 ], [ -94.245361, 38.029221 ], [ -94.244296, 38.027731 ], [ -94.239281, 38.02625 ], [ -94.236588, 38.025952 ], [ -94.230947, 38.026534 ], [ -94.227683, 38.026325 ], [ -94.225197, 38.027016 ], [ -94.224894, 38.028707 ], [ -94.226562, 38.031927 ], [ -94.226996, 38.034527 ], [ -94.226357, 38.038148 ], [ -94.223889, 38.040348 ], [ -94.222209, 38.040446 ], [ -94.219178, 38.038323 ], [ -94.218078, 38.0345 ], [ -94.216811, 38.033384 ], [ -94.215532, 38.033682 ], [ -94.214581, 38.034998 ], [ -94.214782, 38.037557 ], [ -94.213977, 38.039688 ], [ -94.210605, 38.04261 ], [ -94.209894, 38.045383 ], [ -94.211368, 38.049333 ], [ -94.211051, 38.050975 ], [ -94.209544, 38.052158 ], [ -94.200993, 38.054572 ], [ -94.198002, 38.054683 ], [ -94.195358, 38.053688 ], [ -94.19463, 38.052129 ], [ -94.195307, 38.050711 ], [ -94.199136, 38.049388 ], [ -94.20069, 38.046545 ], [ -94.200292, 38.043971 ], [ -94.197908, 38.04016 ], [ -94.197676, 38.038529 ], [ -94.198597, 38.036673 ], [ -94.198136, 38.035283 ], [ -94.196061, 38.033791 ], [ -94.194374, 38.035057 ], [ -94.195162, 38.036977 ], [ -94.195133, 38.0403 ], [ -94.193597, 38.043269 ], [ -94.191788, 38.044794 ], [ -94.189502, 38.04548 ], [ -94.184033, 38.04518 ], [ -94.18252, 38.045431 ], [ -94.175704, 38.047374 ], [ -94.173851, 38.048213 ], [ -94.169431, 38.049549 ], [ -94.164864, 38.051219 ], [ -94.16016, 38.055772 ], [ -94.157432, 38.057119 ], [ -94.155403, 38.0571 ], [ -94.153095, 38.054738 ], [ -94.150064, 38.053913 ], [ -94.144872, 38.055926 ], [ -94.139687, 38.057028 ], [ -94.135238, 38.058118 ], [ -94.132231, 38.05816 ], [ -94.130561, 38.057709 ], [ -94.129037, 38.0567 ], [ -94.127416, 38.054706 ], [ -94.126506, 38.051852 ], [ -94.124693, 38.05017 ], [ -94.121064, 38.048779 ], [ -94.116669, 38.048735 ], [ -94.115478, 38.048433 ], [ -94.114703, 38.047025 ], [ -94.115375, 38.046069 ], [ -94.118868, 38.044505 ], [ -94.118755, 38.042159 ], [ -94.115757, 38.040343 ], [ -94.113419, 38.040307 ], [ -94.109911, 38.03732 ], [ -94.108056, 38.036746 ], [ -94.105647, 38.037759 ], [ -94.103869, 38.040598 ], [ -94.103934, 38.042431 ], [ -94.104893, 38.045103 ], [ -94.103996, 38.047614 ], [ -94.101912, 38.048105 ], [ -94.098935, 38.046773 ], [ -94.095948, 38.043382 ], [ -94.095409, 38.040711 ], [ -94.093801, 38.039651 ], [ -94.092218, 38.039504 ], [ -94.090032, 38.040348 ], [ -94.088065, 38.041713 ], [ -94.086424, 38.040363 ], [ -94.088065, 38.038195 ], [ -94.088601, 38.035946 ], [ -94.087321, 38.034007 ], [ -94.085239, 38.032465 ], [ -94.082752, 38.031695 ], [ -94.080659, 38.031597 ], [ -94.074208, 38.033727 ], [ -94.071402, 38.036405 ], [ -94.069375, 38.03682 ], [ -94.066164, 38.035857 ], [ -94.065266, 38.034781 ], [ -94.065166, 38.031851 ], [ -94.063198, 38.030861 ], [ -94.061333, 38.031551 ], [ -94.060461, 38.035056 ], [ -94.058285, 38.036627 ], [ -94.060135, 38.00966 ], [ -94.060002, 38.002656 ], [ -94.060842, 37.987786 ], [ -94.061065, 37.972931 ], [ -94.061389, 37.97247 ], [ -94.063874, 37.929699 ], [ -94.064723, 37.921084 ], [ -94.065675, 37.900987 ], [ -94.067963, 37.864477 ], [ -94.069203, 37.842631 ], [ -94.069973, 37.828472 ], [ -94.073307, 37.760562 ], [ -94.073342, 37.755706 ], [ -94.068716, 37.755568 ], [ -94.071894, 37.683378 ], [ -94.071903, 37.683122 ], [ -94.072981, 37.657447 ], [ -94.073524, 37.639722 ], [ -94.07381, 37.639752 ], [ -94.083597, 37.640165 ], [ -94.101842, 37.640935 ], [ -94.113115, 37.641427 ], [ -94.115919, 37.641514 ], [ -94.163837, 37.643577 ], [ -94.16424, 37.643365 ], [ -94.164333, 37.643694 ], [ -94.225172, 37.645465 ], [ -94.274067, 37.646693 ], [ -94.283964, 37.646927 ], [ -94.289559, 37.647038 ], [ -94.292232, 37.647099 ], [ -94.347197, 37.648213 ], [ -94.360659, 37.648475 ], [ -94.365396, 37.648567 ], [ -94.378683, 37.648803 ], [ -94.382761, 37.649143 ], [ -94.390391, 37.649301 ], [ -94.426696, 37.649961 ], [ -94.428668, 37.650009 ], [ -94.493151, 37.651342 ], [ -94.511383, 37.651689 ], [ -94.556943, 37.652636 ], [ -94.557488, 37.652594 ], [ -94.617575433499695, 37.653576577564799 ], [ -94.617576, 37.653671 ], [ -94.6177338243197, 37.673105366866601 ], [ -94.617734, 37.673127 ], [ -94.617885, 37.682214 ], [ -94.617687, 37.686653 ], [ -94.617651, 37.687671 ], [ -94.617805, 37.690178 ], [ -94.617975, 37.722176 ], [ -94.617841103214104, 37.728214183800397 ] ] ] ] } },
{ "type": "Feature", "properties": { "STATEFP": "29", "COUNTYFP": "145", "COUNTYNS": "00758527", "GEOIDFQ": "0500000US29145", "GEOID": "29145", "NAME": "Newton", "NAMELSAD": "Newton County", "STUSPS": "MO", "STATE_NAME": "Missouri", "LSAD": "06", "ALAND": 1618106507.0, "AWATER": 4715004.0 }, "geometry": { "type": "MultiPolygon", "coordinates": [ [ [ [ -94.618658, 36.880064 ], [ -94.618325814177098, 36.893641995453798 ], [ -94.618243, 36.897027 ], [ -94.618243141766797, 36.897079508236097 ], [ -94.618282, 36.911472 ], [ -94.618238856640403, 36.919964914156601 ], [ -94.618207526643204, 36.926132328535502 ], [ -94.618207, 36.926236 ], [ -94.618295, 36.929647 ], [ -94.618166, 36.937584 ], [ -94.618109, 36.946564 ], [ -94.618026, 36.950158 ], [ -94.618026575432694, 36.955284645041601 ], [ -94.618031, 36.994704 ], [ -94.618045292103105, 36.995898184608997 ], [ -94.618045313211994, 36.995899948379098 ], [ -94.618049, 36.996208 ], [ -94.617964, 36.998905 ], [ -94.617985295692307, 37.005850830465199 ], [ -94.617995, 37.009016 ], [ -94.617992022896303, 37.012144042850402 ], [ -94.617974147271298, 37.030925962070299 ], [ -94.6179724141127, 37.032746991828397 ], [ -94.617972406488505, 37.032755002553699 ], [ -94.617965, 37.040537 ], [ -94.617877308305395, 37.056380940511303 ], [ -94.617875, 37.056798 ], [ -94.594373, 37.056462 ], [ -94.581678, 37.056264 ], [ -94.576364, 37.05615 ], [ -94.568119, 37.055953 ], [ -94.564402, 37.055846 ], [ -94.559084, 37.055682 ], [ -94.550216, 37.05547 ], [ -94.54461, 37.055427 ], [ -94.543528, 37.055432 ], [ -94.542414, 37.055423 ], [ -94.541283, 37.055413 ], [ -94.532898, 37.055364 ], [ -94.5149, 37.055024 ], [ -94.514781, 37.055025 ], [ -94.512638, 37.055005 ], [ -94.507246, 37.054929 ], [ -94.49643, 37.054804 ], [ -94.496351, 37.054804 ], [ -94.479504, 37.05489 ], [ -94.478306, 37.055043 ], [ -94.477289, 37.055137 ], [ -94.463051, 37.054846 ], [ -94.460168, 37.054764 ], [ -94.450939, 37.054702 ], [ -94.447439, 37.054687 ], [ -94.446665, 37.054684 ], [ -94.445457, 37.054679 ], [ -94.44443, 37.05467 ], [ -94.443743, 37.054664 ], [ -94.442036, 37.054648 ], [ -94.426301, 37.054463 ], [ -94.423816, 37.054413 ], [ -94.40548, 37.05424 ], [ -94.388072, 37.053945 ], [ -94.367725, 37.053756 ], [ -94.365608, 37.053929 ], [ -94.331519, 37.053504 ], [ -94.313481, 37.053343 ], [ -94.295404, 37.053234 ], [ -94.277234, 37.053046 ], [ -94.259275, 37.052967 ], [ -94.259114, 37.052938 ], [ -94.222489, 37.052026 ], [ -94.20428, 37.051535 ], [ -94.177216, 37.050923 ], [ -94.168214, 37.050765 ], [ -94.150197, 37.050329 ], [ -94.131407, 37.049847 ], [ -94.126916, 37.049737 ], [ -94.120974, 37.049596 ], [ -94.119271, 37.049508 ], [ -94.093983, 37.048945 ], [ -94.059211, 37.048127 ], [ -94.059292, 37.045914 ], [ -94.060096, 37.019002 ], [ -94.06108, 36.989851 ], [ -94.062278, 36.952714 ], [ -94.062192, 36.952019 ], [ -94.06267, 36.939152 ], [ -94.062729, 36.936985 ], [ -94.06274, 36.931775 ], [ -94.063864, 36.90788 ], [ -94.064815, 36.875095 ], [ -94.064762, 36.873851 ], [ -94.065578, 36.859272 ], [ -94.065468, 36.859124 ], [ -94.066198, 36.841738 ], [ -94.066099, 36.836069 ], [ -94.066378, 36.830228 ], [ -94.065012, 36.830187 ], [ -94.06578, 36.812925 ], [ -94.066741, 36.791294 ], [ -94.068026, 36.76239 ], [ -94.068198, 36.758549 ], [ -94.068898, 36.747818 ], [ -94.071181, 36.747886 ], [ -94.073411, 36.747976 ], [ -94.073539, 36.747997 ], [ -94.079482, 36.748155 ], [ -94.084063, 36.748373 ], [ -94.085909, 36.748565 ], [ -94.086866, 36.748588 ], [ -94.096031, 36.748832 ], [ -94.116409, 36.74953 ], [ -94.129649, 36.750051 ], [ -94.156338, 36.750946 ], [ -94.165951, 36.751232 ], [ -94.193497, 36.752134 ], [ -94.219932, 36.752991 ], [ -94.281469, 36.754884 ], [ -94.290357, 36.755274 ], [ -94.326292, 36.756518 ], [ -94.326515, 36.756648 ], [ -94.344815, 36.757231 ], [ -94.365586, 36.757903 ], [ -94.41597, 36.759648 ], [ -94.433848, 36.760254 ], [ -94.451853, 36.760885 ], [ -94.453153, 36.761083 ], [ -94.505747, 36.762922 ], [ -94.522883, 36.76352 ], [ -94.541428, 36.764129 ], [ -94.618307, 36.76656 ], [ -94.618311312737205, 36.771331187038001 ], [ -94.618357008137806, 36.821884071401698 ], [ -94.618359360866094, 36.824486897881002 ], [ -94.618359424304799, 36.824557080228203 ], [ -94.618367759180799, 36.833777964965101 ], [ -94.618376769419598, 36.843746004508901 ], [ -94.61838, 36.84732 ], [ -94.618559131100199, 36.868418808439799 ], [ -94.618561737446697, 36.868725794801797 ], [ -94.618563249153098, 36.868903849888099 ], [ -94.618563270608107, 36.868906376944501 ], [ -94.618657355519304, 36.879988090372699 ], [ -94.618658, 36.880064 ] ] ] ] } },
{ "type": "Feature", "properties": { "STATEFP": "29", "COUNTYFP": "111", "COUNTYNS": "00758510", "GEOIDFQ": "0500000US29111", "GEOID": "29111", "NAME": "Lewis", "NAMELSAD": "Lewis County", "STUSPS": "MO", "STATE_NAME": "Missouri", "LSAD": "06", "ALAND": 1307990182.0, "AWATER": 14964045.0 }, "geometry": { "type": "MultiPolygon", "coordinates": [ [ [ [ -91.952527, 39.981171 ], [ -91.952419, 39.985701 ], [ -91.951571, 40.021677 ], [ -91.951216, 40.028805 ], [ -91.951228, 40.036336 ], [ -91.951036, 40.050784 ], [ -91.950948, 40.054661 ], [ -91.950329, 40.093991 ], [ -91.949967, 40.123164 ], [ -91.949226, 40.152881 ], [ -91.949013, 40.159542 ], [ -91.948314, 40.180646 ], [ -91.948117, 40.181484 ], [ -91.947721, 40.195989 ], [ -91.947467, 40.205179 ], [ -91.947241, 40.213799 ], [ -91.951663, 40.21395 ], [ -91.950812, 40.25721 ], [ -91.941254, 40.257002 ], [ -91.893609, 40.256051 ], [ -91.883755, 40.255825 ], [ -91.837832, 40.255218 ], [ -91.837815, 40.255863 ], [ -91.834875, 40.255687 ], [ -91.781416, 40.254979 ], [ -91.729527, 40.253597 ], [ -91.722921, 40.25321 ], [ -91.722291, 40.253115 ], [ -91.647798, 40.251371 ], [ -91.642912, 40.251506 ], [ -91.633162, 40.251411 ], [ -91.615436, 40.250704 ], [ -91.609698, 40.250634 ], [ -91.547685, 40.249413 ], [ -91.500154, 40.248862 ], [ -91.497263321357494, 40.248761318639403 ], [ -91.498104, 40.247422 ], [ -91.500855, 40.245722 ], [ -91.503231, 40.243474 ], [ -91.505828, 40.238839 ], [ -91.506501, 40.236304 ], [ -91.505968, 40.234305 ], [ -91.504289, 40.231712 ], [ -91.504282, 40.224299 ], [ -91.506947, 40.21555 ], [ -91.507269, 40.209338 ], [ -91.506664, 40.204758 ], [ -91.505036912337602, 40.199925095814102 ], [ -91.504477, 40.198262 ], [ -91.505495, 40.195606 ], [ -91.509551, 40.191338 ], [ -91.511073, 40.188794 ], [ -91.512974, 40.181062 ], [ -91.513079, 40.178537 ], [ -91.511956, 40.170441 ], [ -91.508224, 40.157665 ], [ -91.508324, 40.156326 ], [ -91.51159, 40.149269 ], [ -91.511749, 40.147091 ], [ -91.511302470551001, 40.141115265671203 ], [ -91.510322, 40.127994 ], [ -91.510163584821697, 40.1270941076504 ], [ -91.509245, 40.121876 ], [ -91.508495853834305, 40.118695771602802 ], [ -91.507250449979395, 40.113408861134999 ], [ -91.506006, 40.108126 ], [ -91.503255210985998, 40.099013314804097 ], [ -91.500823, 40.090956 ], [ -91.497663, 40.078257 ], [ -91.497283985552002, 40.077052004544399 ], [ -91.495365, 40.070951 ], [ -91.491046385162207, 40.060815490684597 ], [ -91.489606, 40.057435 ], [ -91.494878, 40.036453 ], [ -91.493179781254995, 40.033463124244903 ], [ -91.4881317454103, 40.024575576614602 ], [ -91.488062126449194, 40.0244530058064 ], [ -91.487351, 40.023201 ], [ -91.484064, 40.019332 ], [ -91.477298, 40.008993 ], [ -91.469247, 39.995327 ], [ -91.467294, 39.990631 ], [ -91.466682, 39.987253 ], [ -91.465315, 39.983995 ], [ -91.463683, 39.981845 ], [ -91.459533, 39.979892 ], [ -91.458852, 39.979015 ], [ -91.454647, 39.971306 ], [ -91.449806, 39.965278 ], [ -91.447236, 39.959502 ], [ -91.44156, 39.951299 ], [ -91.43709, 39.946417 ], [ -91.435477500862703, 39.945277915357401 ], [ -91.455526, 39.945558 ], [ -91.456112, 39.945523 ], [ -91.569473, 39.946676 ], [ -91.572724, 39.946707 ], [ -91.573202, 39.946994 ], [ -91.575164, 39.946917 ], [ -91.575774, 39.946812 ], [ -91.603538, 39.94675 ], [ -91.617133, 39.946721 ], [ -91.620297, 39.946715 ], [ -91.625158, 39.947141 ], [ -91.740468, 39.947585 ], [ -91.758286, 39.94769 ], [ -91.787269, 39.947826 ], [ -91.840353, 39.948235 ], [ -91.887221, 39.948779 ], [ -91.887363, 39.948796 ], [ -91.901416, 39.948919 ], [ -91.952726, 39.949426 ], [ -91.952527, 39.981171 ] ] ] ] } },
{ "type": "Feature", "properties": { "STATEFP": "29", "COUNTYFP": "089", "COUNTYNS": "00758499", "GEOIDFQ": "0500000US29089", "GEOID": "29089", "NAME": "Howard", "NAMELSAD": "Howard County", "STUSPS": "MO", "STATE_NAME": "Missouri", "LSAD": "06", "ALAND": 1201239501.0, "AWATER": 19855699.0 }, "geometry": { "type": "MultiPolygon", "coordinates": [ [ [ [ -92.945317, 39.114685 ], [ -92.944467, 39.118443 ], [ -92.94385, 39.121738 ], [ -92.94165, 39.125892 ], [ -92.936957, 39.127836 ], [ -92.927883, 39.129418 ], [ -92.922324, 39.130921 ], [ -92.917154, 39.133286 ], [ -92.911696, 39.138173 ], [ -92.907255, 39.1445 ], [ -92.906321, 39.146981 ], [ -92.906073, 39.147639 ], [ -92.905671, 39.151385 ], [ -92.905391, 39.161951 ], [ -92.904802, 39.166155 ], [ -92.900996, 39.171397 ], [ -92.896741, 39.175906 ], [ -92.891363, 39.179822 ], [ -92.885501, 39.182928 ], [ -92.87773, 39.185838 ], [ -92.875186, 39.187007 ], [ -92.868985, 39.191962 ], [ -92.865625, 39.195286 ], [ -92.861077, 39.200151 ], [ -92.859083, 39.202975 ], [ -92.855186, 39.209081 ], [ -92.851402, 39.217889 ], [ -92.85059, 39.220484 ], [ -92.850102, 39.222406 ], [ -92.849224, 39.226218 ], [ -92.847975, 39.22851 ], [ -92.847084, 39.230176 ], [ -92.841761, 39.240017 ], [ -92.814956, 39.293804 ], [ -92.795446, 39.333555 ], [ -92.794618, 39.334912 ], [ -92.790369, 39.343586 ], [ -92.763155, 39.33622 ], [ -92.753727, 39.333677 ], [ -92.707367, 39.321614 ], [ -92.651848, 39.307165 ], [ -92.586877, 39.290122 ], [ -92.573828, 39.286708 ], [ -92.568533, 39.285326 ], [ -92.55953, 39.28297 ], [ -92.479807, 39.26188 ], [ -92.476626, 39.261035 ], [ -92.467376, 39.25858 ], [ -92.448559, 39.253586 ], [ -92.430229, 39.248795 ], [ -92.435537, 39.238814 ], [ -92.441846, 39.226796 ], [ -92.442728, 39.225079 ], [ -92.445901, 39.219059 ], [ -92.446004, 39.218865 ], [ -92.452216, 39.207091 ], [ -92.462149, 39.188346 ], [ -92.464221, 39.184396 ], [ -92.471453, 39.170617 ], [ -92.475415, 39.162997 ], [ -92.501043, 39.112835 ], [ -92.520053, 39.076956 ], [ -92.531253, 39.056639 ], [ -92.535707, 39.048677 ], [ -92.543768, 39.03467 ], [ -92.548431, 39.026635 ], [ -92.561986, 39.003181 ], [ -92.56049, 39.002286 ], [ -92.562464, 38.999904 ], [ -92.56516, 38.998647 ], [ -92.562338, 38.996911 ], [ -92.562206, 38.995938 ], [ -92.564119, 38.994638 ], [ -92.564481, 38.992783 ], [ -92.565389, 38.990676 ], [ -92.563529, 38.988929 ], [ -92.563692, 38.986616 ], [ -92.562111, 38.986425 ], [ -92.558415, 38.988381 ], [ -92.556993, 38.988097 ], [ -92.556495, 38.985426 ], [ -92.561245, 38.983704 ], [ -92.561928, 38.9835 ], [ -92.565915, 38.982208 ], [ -92.570156, 38.979728 ], [ -92.565992, 38.974264 ], [ -92.559179, 38.973173 ], [ -92.55896, 38.972297 ], [ -92.558086, 38.970692 ], [ -92.562079, 38.972014 ], [ -92.564393, 38.972229 ], [ -92.570661, 38.971896 ], [ -92.587451, 38.967783 ], [ -92.590677, 38.967554 ], [ -92.59776, 38.967681 ], [ -92.606998, 38.968726 ], [ -92.612291, 38.969748 ], [ -92.629587, 38.973882 ], [ -92.635028, 38.974699 ], [ -92.6467, 38.975875 ], [ -92.655927, 38.976658 ], [ -92.665822, 38.976237 ], [ -92.675007, 38.975623 ], [ -92.681063, 38.975465 ], [ -92.689466, 38.975645 ], [ -92.693002, 38.975957 ], [ -92.697669, 38.977417 ], [ -92.707198, 38.981892 ], [ -92.715643, 38.984011 ], [ -92.719421, 38.98426 ], [ -92.720402, 38.984194 ], [ -92.733659, 38.983343 ], [ -92.745931, 38.98114 ], [ -92.754442, 38.979199 ], [ -92.764862, 38.974429 ], [ -92.770922, 38.972703 ], [ -92.774216, 38.972182 ], [ -92.783099, 38.971571 ], [ -92.791809, 38.972044 ], [ -92.796897, 38.973042 ], [ -92.804497, 38.975086 ], [ -92.809713, 38.975861 ], [ -92.81782, 38.977942 ], [ -92.820393, 38.978312 ], [ -92.829152, 38.978844 ], [ -92.832714, 38.978937 ], [ -92.841617, 38.979821 ], [ -92.847561, 38.980943 ], [ -92.852628, 38.982183 ], [ -92.856591, 38.98409 ], [ -92.861851, 38.987123 ], [ -92.866218, 38.990993 ], [ -92.870118, 38.995655 ], [ -92.876046, 39.000836 ], [ -92.87951, 39.003236 ], [ -92.884513, 39.00563 ], [ -92.889185, 39.007096 ], [ -92.894328, 39.008359 ], [ -92.902547, 39.01111 ], [ -92.909654, 39.015648 ], [ -92.914477, 39.021188 ], [ -92.915223, 39.022798 ], [ -92.918175, 39.029167 ], [ -92.921403, 39.037601 ], [ -92.923113, 39.040835 ], [ -92.93065, 39.050746 ], [ -92.934992, 39.058909 ], [ -92.935096, 39.06099 ], [ -92.934569, 39.064547 ], [ -92.930482, 39.068532 ], [ -92.928, 39.069636 ], [ -92.921104, 39.071991 ], [ -92.917762, 39.073584 ], [ -92.91455, 39.076064 ], [ -92.910762, 39.079759 ], [ -92.907362, 39.084206 ], [ -92.906697, 39.088646 ], [ -92.907438, 39.092655 ], [ -92.90897, 39.095547 ], [ -92.911841, 39.097025 ], [ -92.916718, 39.09793 ], [ -92.924698, 39.097789 ], [ -92.927537, 39.097935 ], [ -92.934053, 39.099329 ], [ -92.938121, 39.101108 ], [ -92.942786, 39.103531 ], [ -92.944262, 39.10526 ], [ -92.945232, 39.107089 ], [ -92.945317, 39.114685 ] ] ] ] } },
{ "type": "Feature", "properties": { "STATEFP": "29", "COUNTYFP": "155", "COUNTYNS": "00758532", "GEOIDFQ": "0500000US29155", "GEOID": "29155", "NAME": "Pemiscot", "NAMELSAD": "Pemiscot County", "STUSPS": "MO", "STATE_NAME": "Missouri", "LSAD": "06", "ALAND": 1275841039.0, "AWATER": 53915406.0 }, "geometry": { "type": "MultiPolygon", "coordinates": [ [ [ [ -89.961697, 36.293971 ], [ -89.960856, 36.30862 ], [ -89.960946, 36.323105 ], [ -89.96112, 36.349382 ], [ -89.96117, 36.366871 ], [ -89.96131, 36.388803 ], [ -89.943785, 36.387494 ], [ -89.934962, 36.387544 ], [ -89.913426, 36.38645 ], [ -89.897426, 36.386442 ], [ -89.894678, 36.386279 ], [ -89.844785, 36.386624 ], [ -89.808717, 36.386501 ], [ -89.808719, 36.38578 ], [ -89.800699, 36.386073 ], [ -89.791518, 36.385971 ], [ -89.77369, 36.386143 ], [ -89.76818, 36.38598 ], [ -89.766797, 36.389638 ], [ -89.76623, 36.389875 ], [ -89.762358, 36.388913 ], [ -89.758881, 36.385406 ], [ -89.755649, 36.384804 ], [ -89.752147, 36.386396 ], [ -89.749827, 36.39264 ], [ -89.749096, 36.396951 ], [ -89.750078, 36.398816 ], [ -89.751528, 36.39979 ], [ -89.753986, 36.400113 ], [ -89.754487, 36.40167 ], [ -89.75224, 36.402543 ], [ -89.748103, 36.402473 ], [ -89.745841, 36.404278 ], [ -89.745582, 36.405662 ], [ -89.746302, 36.409454 ], [ -89.74533, 36.414318 ], [ -89.745168, 36.41842 ], [ -89.743568, 36.422041 ], [ -89.742132, 36.423354 ], [ -89.738141, 36.425969 ], [ -89.73494, 36.427211 ], [ -89.730974, 36.427659 ], [ -89.725501, 36.42721 ], [ -89.720855, 36.42578 ], [ -89.716029, 36.423277 ], [ -89.710922, 36.421618 ], [ -89.708061, 36.420508 ], [ -89.706772, 36.420066 ], [ -89.705516, 36.419876 ], [ -89.703828, 36.41958 ], [ -89.700854, 36.418242 ], [ -89.699205, 36.41715 ], [ -89.695795, 36.41639 ], [ -89.691541, 36.4103 ], [ -89.687359, 36.406389 ], [ -89.683606, 36.404153 ], [ -89.679392, 36.402496 ], [ -89.679226, 36.402389 ], [ -89.677713, 36.401269 ], [ -89.670752, 36.399952 ], [ -89.666724, 36.399656 ], [ -89.66376, 36.399643 ], [ -89.662238, 36.399391 ], [ -89.660558, 36.398856 ], [ -89.65168, 36.399093 ], [ -89.649269, 36.399797 ], [ -89.646842, 36.399592 ], [ -89.639738, 36.400788 ], [ -89.632174, 36.403531 ], [ -89.6302, 36.4045 ], [ -89.624336, 36.406301 ], [ -89.617612, 36.409787 ], [ -89.611016, 36.411212 ], [ -89.5923, 36.403805 ], [ -89.591804, 36.402805 ], [ -89.584597, 36.384952 ], [ -89.583722, 36.383028 ], [ -89.581865, 36.381311 ], [ -89.575045, 36.376622 ], [ -89.57141, 36.37342 ], [ -89.563251, 36.369598 ], [ -89.563218, 36.367031 ], [ -89.553944, 36.367219 ], [ -89.554176, 36.360004 ], [ -89.545085, 36.359996 ], [ -89.545006, 36.336809 ], [ -89.560439, 36.337746 ], [ -89.581636, 36.342357 ], [ -89.600544, 36.342985 ], [ -89.605668, 36.342234 ], [ -89.610689, 36.340442 ], [ -89.615841, 36.336085 ], [ -89.6198, 36.329546 ], [ -89.620255, 36.323006 ], [ -89.620165746160694, 36.322805112780301 ], [ -89.619242, 36.320726 ], [ -89.611819, 36.309088 ], [ -89.58982, 36.296814 ], [ -89.584337, 36.29334 ], [ -89.578492, 36.288317 ], [ -89.554289, 36.277751 ], [ -89.549219, 36.27875 ], [ -89.546577, 36.280439 ], [ -89.544797, 36.280458 ], [ -89.539487, 36.277368 ], [ -89.537675, 36.275279 ], [ -89.537255254344103, 36.274352273570599 ], [ -89.535529, 36.270541 ], [ -89.534507, 36.261802 ], [ -89.534745, 36.252576 ], [ -89.539229, 36.248821 ], [ -89.541621, 36.247891 ], [ -89.544743, 36.247484 ], [ -89.548952, 36.2482 ], [ -89.553563, 36.250341 ], [ -89.557991, 36.251037 ], [ -89.562206, 36.250909 ], [ -89.564997, 36.250067 ], [ -89.573928, 36.243843 ], [ -89.577544, 36.242262 ], [ -89.587326, 36.239484 ], [ -89.602374, 36.238106 ], [ -89.60651, 36.238328 ], [ -89.611145, 36.239271 ], [ -89.624416, 36.243305 ], [ -89.63679, 36.248079 ], [ -89.642182, 36.249486 ], [ -89.652518, 36.250692 ], [ -89.678046, 36.248284 ], [ -89.686229, 36.249507 ], [ -89.691308, 36.252079 ], [ -89.693789419163494, 36.252513106179101 ], [ -89.695235, 36.252766 ], [ -89.698568, 36.250591 ], [ -89.699817, 36.248384 ], [ -89.700643716160499, 36.2472712677991 ], [ -89.703511, 36.243412 ], [ -89.705328, 36.239898 ], [ -89.705545, 36.238136 ], [ -89.70525, 36.236568 ], [ -89.704459, 36.235468 ], [ -89.700393, 36.231516786700098 ], [ -89.699677, 36.230821 ], [ -89.69263, 36.224959 ], [ -89.685092801076706, 36.219745991602302 ], [ -89.679548, 36.215911 ], [ -89.672537833054804, 36.211637273839102 ], [ -89.664144, 36.20652 ], [ -89.658172507997094, 36.203304878604399 ], [ -89.654876, 36.20153 ], [ -89.64479, 36.194101 ], [ -89.636893, 36.188951 ], [ -89.629452, 36.185382 ], [ -89.623804, 36.183128 ], [ -89.618228, 36.179966 ], [ -89.613993838188307, 36.176651176421998 ], [ -89.607004, 36.171179 ], [ -89.600871, 36.164558 ], [ -89.598644822670806, 36.161428491215197 ], [ -89.594397, 36.155457 ], [ -89.592206, 36.15012 ], [ -89.591605, 36.144096 ], [ -89.592102, 36.135637 ], [ -89.59307, 36.129699 ], [ -89.594, 36.12719 ], [ -89.598946, 36.121778 ], [ -89.601936, 36.11947 ], [ -89.612878996100704, 36.1147799075232 ], [ -89.615128, 36.113816 ], [ -89.621241563536401, 36.110322973999502 ], [ -89.625078, 36.108131 ], [ -89.628305, 36.106853 ], [ -89.64302, 36.10362 ], [ -89.657709, 36.099128 ], [ -89.666598, 36.095802 ], [ -89.672463, 36.091837 ], [ -89.678821, 36.084636 ], [ -89.680029, 36.082494 ], [ -89.681946, 36.072336 ], [ -89.684439, 36.051719 ], [ -89.685367154423702, 36.045892564184399 ], [ -89.687254, 36.034048 ], [ -89.688577, 36.029238 ], [ -89.692437, 36.020507 ], [ -89.703571, 36.00804 ], [ -89.705677, 36.005018 ], [ -89.706932, 36.000981 ], [ -89.733056, 36.000809 ], [ -89.737564, 36.000522 ], [ -89.737648, 36.000567 ], [ -89.769973, 36.000536 ], [ -89.770183045187494, 36.000527061906901 ], [ -89.770255, 36.000524 ], [ -89.787103637946203, 36.0003731803357 ], [ -89.805027891471596, 36.000212732357198 ], [ -89.859728353687302, 35.9997230841511 ], [ -89.86901, 35.99964 ], [ -89.87459, 35.999575 ], [ -89.874878, 35.999576745454497 ], [ -89.875085, 35.999578 ], [ -89.875586, 35.999562 ], [ -89.896508, 35.999432 ], [ -89.901183, 35.999365 ], [ -89.940158610647799, 35.999133935187899 ], [ -89.945914563393103, 35.999099811331597 ], [ -89.959377, 35.99902 ], [ -89.959379, 36.000371 ], [ -89.959147, 36.001234 ], [ -89.959271, 36.052954 ], [ -89.959557, 36.132387 ], [ -89.959559, 36.132525 ], [ -89.959761, 36.146759 ], [ -89.959197, 36.146647 ], [ -89.959423, 36.152917 ], [ -89.959254, 36.153786 ], [ -89.959354, 36.155586 ], [ -89.961391, 36.23515 ], [ -89.961392, 36.235376 ], [ -89.961393, 36.23547 ], [ -89.961535, 36.268193 ], [ -89.961697, 36.293971 ] ] ] ] } },
{ "type": "Feature", "properties": { "STATEFP": "29", "COUNTYFP": "093", "COUNTYNS": "00758501", "GEOIDFQ": "0500000US29093", "GEOID": "29093", "NAME": "Iron", "NAMELSAD": "Iron County", "STUSPS": "MO", "STATE_NAME": "Missouri", "LSAD": "06", "ALAND": 1425174278.0, "AWATER": 4665920.0 }, "geometry": { "type": "MultiPolygon", "coordinates": [ [ [ [ -91.15444, 37.617245 ], [ -91.154742, 37.625046 ], [ -91.154421, 37.667617 ], [ -91.154324, 37.668084 ], [ -91.153345, 37.69734 ], [ -91.146972, 37.697198 ], [ -91.146521, 37.740811 ], [ -91.100017, 37.740012 ], [ -91.085973, 37.739628 ], [ -91.055923, 37.739368 ], [ -91.000686, 37.738733 ], [ -91.000132, 37.738838 ], [ -90.982499, 37.74033 ], [ -90.98265, 37.738999 ], [ -90.96527, 37.738524 ], [ -90.91234, 37.735906 ], [ -90.910973, 37.735755 ], [ -90.892849, 37.734871 ], [ -90.887663, 37.735404 ], [ -90.875129, 37.736109 ], [ -90.874051, 37.736028 ], [ -90.874134, 37.734196 ], [ -90.83965, 37.734774 ], [ -90.82091, 37.735454 ], [ -90.818769, 37.735525 ], [ -90.783124, 37.736635 ], [ -90.762091, 37.738517 ], [ -90.76195, 37.737185 ], [ -90.742072, 37.737042 ], [ -90.738383, 37.737188 ], [ -90.700622, 37.736169 ], [ -90.662292, 37.735209 ], [ -90.645135, 37.734813 ], [ -90.646042, 37.704683 ], [ -90.646549, 37.690118 ], [ -90.64706, 37.66984 ], [ -90.647348, 37.661617 ], [ -90.6476, 37.659337 ], [ -90.647843, 37.644602 ], [ -90.647874, 37.642809 ], [ -90.590223, 37.642717 ], [ -90.553423, 37.642979 ], [ -90.535006, 37.645019 ], [ -90.535016, 37.643641 ], [ -90.535196, 37.625051 ], [ -90.535029, 37.622925 ], [ -90.535066, 37.599371 ], [ -90.536134, 37.598236 ], [ -90.547406, 37.59841 ], [ -90.547122, 37.568134 ], [ -90.546837, 37.554214 ], [ -90.546769, 37.524407 ], [ -90.546729, 37.511854 ], [ -90.546727, 37.511219 ], [ -90.546721, 37.509087 ], [ -90.547724, 37.44633 ], [ -90.54781, 37.445758 ], [ -90.547817, 37.44525 ], [ -90.548345, 37.406912 ], [ -90.548632, 37.382321 ], [ -90.549729, 37.317594 ], [ -90.550603, 37.272608 ], [ -90.569086, 37.273437 ], [ -90.587414, 37.273342 ], [ -90.605887, 37.272173 ], [ -90.625115, 37.271937 ], [ -90.642316, 37.272209 ], [ -90.659914, 37.274569 ], [ -90.661775, 37.274767 ], [ -90.667931, 37.274455 ], [ -90.67766, 37.273386 ], [ -90.7066, 37.271983 ], [ -90.715784, 37.272034 ], [ -90.735453, 37.27104 ], [ -90.753627, 37.270113 ], [ -90.752264, 37.314689 ], [ -90.751278, 37.31475 ], [ -90.750835, 37.331226 ], [ -90.74972, 37.372796 ], [ -90.761033, 37.373059 ], [ -90.772949, 37.373659 ], [ -90.773036, 37.375049 ], [ -90.772332, 37.400578 ], [ -90.772175, 37.406312 ], [ -90.771734, 37.430033 ], [ -90.771344, 37.460899 ], [ -90.771273, 37.461433 ], [ -90.771251, 37.475986 ], [ -90.770706, 37.505315 ], [ -90.770618, 37.513865 ], [ -90.770235, 37.549446 ], [ -90.768695, 37.603011 ], [ -90.785079, 37.602371 ], [ -90.791006, 37.602118 ], [ -90.83562, 37.602823 ], [ -90.871978, 37.602814 ], [ -90.875125, 37.602662 ], [ -90.88085, 37.602813 ], [ -90.934517, 37.603436 ], [ -90.941277, 37.603712 ], [ -90.950157, 37.603679 ], [ -90.953566, 37.603666 ], [ -90.959446, 37.603649 ], [ -90.986777, 37.603853 ], [ -91.000127, 37.602275 ], [ -91.080977, 37.589934 ], [ -91.083423, 37.589726 ], [ -91.100665, 37.587762 ], [ -91.136788, 37.588144 ], [ -91.155073, 37.588092 ], [ -91.15444, 37.617245 ] ] ] ] } },
{ "type": "Feature", "properties": { "STATEFP": "29", "COUNTYFP": "213", "COUNTYNS": "00758559", "GEOIDFQ": "0500000US29213", "GEOID": "29213", "NAME": "Taney", "NAMELSAD": "Taney County", "STUSPS": "MO", "STATE_NAME": "Missouri", "LSAD": "06", "ALAND": 1637553942.0, "AWATER": 50101664.0 }, "geometry": { "type": "MultiPolygon", "coordinates": [ [ [ [ -93.314903, 36.51426 ], [ -93.314552, 36.531005 ], [ -93.314502, 36.53117 ], [ -93.313648, 36.557583 ], [ -93.313402, 36.568027 ], [ -93.313319, 36.572059 ], [ -93.313277, 36.574734 ], [ -93.313208, 36.578381 ], [ -93.313022, 36.585474 ], [ -93.312774, 36.595929 ], [ -93.312285, 36.613018 ], [ -93.312056, 36.627957 ], [ -93.312067, 36.628746 ], [ -93.311799, 36.640015 ], [ -93.311799, 36.640034 ], [ -93.311215, 36.658443 ], [ -93.311009, 36.665673 ], [ -93.310934, 36.668311 ], [ -93.310802, 36.672922 ], [ -93.310761, 36.67545 ], [ -93.310704, 36.680135 ], [ -93.310614, 36.687905 ], [ -93.310564, 36.692159 ], [ -93.310561, 36.692455 ], [ -93.310429, 36.702523 ], [ -93.30956, 36.729997 ], [ -93.307712, 36.729984 ], [ -93.306934, 36.751079 ], [ -93.306599, 36.758879 ], [ -93.305851, 36.773708 ], [ -93.305357, 36.788297 ], [ -93.305288, 36.790301 ], [ -93.305029, 36.797876 ], [ -93.304359, 36.816866 ], [ -93.276397, 36.816396 ], [ -93.229634, 36.815585 ], [ -93.226047, 36.815521 ], [ -93.182803, 36.814752 ], [ -93.181687, 36.814724 ], [ -93.175435, 36.814611 ], [ -93.171263, 36.814536 ], [ -93.146858, 36.814088 ], [ -93.141141, 36.813983 ], [ -93.11663, 36.813466 ], [ -93.071533, 36.812676 ], [ -93.044365, 36.812093 ], [ -92.982024, 36.810932 ], [ -92.963717, 36.810495 ], [ -92.963517, 36.81049 ], [ -92.93114, 36.809709 ], [ -92.909336, 36.809178 ], [ -92.903692, 36.809043 ], [ -92.855405, 36.807953 ], [ -92.783007, 36.806471 ], [ -92.764869, 36.806097 ], [ -92.766218, 36.755881 ], [ -92.767093, 36.712366 ], [ -92.767245, 36.708643 ], [ -92.767722, 36.683469 ], [ -92.769194, 36.625293 ], [ -92.769209, 36.624746 ], [ -92.769386, 36.619444 ], [ -92.77044, 36.573477 ], [ -92.772333, 36.497772 ], [ -92.779431708720793, 36.497804876290999 ], [ -92.784816401766605, 36.497829814451201 ], [ -92.838621, 36.498079 ], [ -92.838876, 36.498033 ], [ -92.854008427462901, 36.497982764458499 ], [ -92.894001, 36.49785 ], [ -92.894336, 36.497867 ], [ -92.916418926147799, 36.497915574599602 ], [ -92.929156928771306, 36.497943593684298 ], [ -92.929362659081505, 36.497944046218002 ], [ -92.934551013996199, 36.497955458757303 ], [ -93.013741689295401, 36.498129650135802 ], [ -93.013745101936706, 36.498129657642401 ], [ -93.014401107561298, 36.498131100621897 ], [ -93.068455, 36.49825 ], [ -93.069512, 36.498242 ], [ -93.087635, 36.498239 ], [ -93.088988, 36.498184 ], [ -93.125969, 36.497851 ], [ -93.151159999955894, 36.497925095871402 ], [ -93.192459841004805, 36.4980465736895 ], [ -93.210000002454095, 36.4980981656688 ], [ -93.221782068177802, 36.498132820999203 ], [ -93.293117305924596, 36.498342643817303 ], [ -93.315323126598599, 36.498407959193301 ], [ -93.314903, 36.51426 ] ] ] ] } },
{ "type": "Feature", "properties": { "STATEFP": "29", "COUNTYFP": "163", "COUNTYNS": "00758536", "GEOIDFQ": "0500000US29163", "GEOID": "29163", "NAME": "Pike", "NAMELSAD": "Pike County", "STUSPS": "MO", "STATE_NAME": "Missouri", "LSAD": "06", "ALAND": 1736428526.0, "AWATER": 36976721.0 }, "geometry": { "type": "MultiPolygon", "coordinates": [ [ [ [ -91.460442, 39.450722 ], [ -91.443811, 39.460186 ], [ -91.428129, 39.469886 ], [ -91.422498, 39.472964 ], [ -91.419168, 39.474535 ], [ -91.412753, 39.47818 ], [ -91.409788, 39.479865 ], [ -91.388105, 39.492431 ], [ -91.3809, 39.496346 ], [ -91.375149, 39.499628 ], [ -91.367131, 39.502708 ], [ -91.340316, 39.518382 ], [ -91.336745, 39.520482 ], [ -91.329216, 39.524895 ], [ -91.281015, 39.553154 ], [ -91.280933, 39.553205 ], [ -91.271506, 39.558718 ], [ -91.25009, 39.571262 ], [ -91.248115, 39.572976 ], [ -91.203819, 39.598247 ], [ -91.203712, 39.598355 ], [ -91.178012, 39.598196 ], [ -91.174651, 39.593313 ], [ -91.174232, 39.591975 ], [ -91.171641, 39.581899 ], [ -91.16982, 39.569555 ], [ -91.168419, 39.564928 ], [ -91.166621617832703, 39.562538251755797 ], [ -91.163634, 39.558566 ], [ -91.158606, 39.553048 ], [ -91.153628, 39.548248 ], [ -91.149215970730296, 39.546228670332397 ], [ -91.148275, 39.545798 ], [ -91.126638, 39.542227 ], [ -91.115882542909802, 39.5412424130337 ], [ -91.114305, 39.541098 ], [ -91.100307, 39.538695 ], [ -91.098200853064299, 39.536027629183401 ], [ -91.092869, 39.529275 ], [ -91.086292, 39.517141 ], [ -91.079769, 39.507728 ], [ -91.078409901085394, 39.50624 ], [ -91.075309, 39.502845 ], [ -91.064305, 39.494643 ], [ -91.063079136352599, 39.481340013268799 ], [ -91.062414, 39.474122 ], [ -91.059439, 39.46886 ], [ -91.053058, 39.462122 ], [ -91.050334008475801, 39.459601 ], [ -91.047373477136603, 39.456861087103903 ], [ -91.047339151419493, 39.4568293193351 ], [ -91.03827, 39.448436 ], [ -91.035515127438799, 39.446605306378501 ], [ -91.029986271836606, 39.442931219661098 ], [ -91.027532718416396, 39.441300761446897 ], [ -91.024337901060306, 39.439177711604998 ], [ -91.02361, 39.438694 ], [ -91.011954, 39.432661 ], [ -91.003692, 39.427603 ], [ -90.993789, 39.422959 ], [ -90.98302, 39.420462 ], [ -90.977618, 39.41829 ], [ -90.972465, 39.414144 ], [ -90.96748, 39.411948 ], [ -90.957459, 39.408996 ], [ -90.949692715668704, 39.407729315634199 ], [ -90.948299, 39.407502 ], [ -90.940766, 39.403984 ], [ -90.939025, 39.402744 ], [ -90.937419, 39.400803 ], [ -90.936778219234697, 39.399486555729602 ], [ -90.935729, 39.397331 ], [ -90.934007, 39.392127 ], [ -90.928745, 39.387544 ], [ -90.924601, 39.385136 ], [ -90.920976, 39.383687 ], [ -90.918521335674001, 39.383014473259202 ], [ -90.914658, 39.381956 ], [ -90.912724977030194, 39.3816239113564 ], [ -90.907999, 39.380812 ], [ -90.904862, 39.379403 ], [ -90.902905, 39.377534 ], [ -90.902656, 39.375366 ], [ -90.900095, 39.372354 ], [ -90.895745161269602, 39.368904009199397 ], [ -90.893777, 39.367343 ], [ -90.890830436883604, 39.3659852382686 ], [ -90.859113, 39.35137 ], [ -90.8475, 39.345272 ], [ -90.840106, 39.340438 ], [ -90.821306, 39.323659 ], [ -90.816851, 39.320496 ], [ -90.799346, 39.313087 ], [ -90.793461, 39.309498 ], [ -90.791803611613503, 39.307121349949199 ], [ -90.791689, 39.306957 ], [ -90.790675, 39.302908 ], [ -90.783789, 39.297164 ], [ -90.775673, 39.292811 ], [ -90.773887, 39.290544 ], [ -90.767648, 39.280025 ], [ -90.751599, 39.265432 ], [ -90.748877, 39.264126 ], [ -90.739087, 39.261893 ], [ -90.733976, 39.259098 ], [ -90.72996, 39.255894 ], [ -90.726981, 39.251173 ], [ -90.723477923678203, 39.239182050370502 ], [ -90.721593, 39.23273 ], [ -90.721188, 39.230176 ], [ -90.721609562448094, 39.226222304582699 ], [ -90.721835, 39.224108 ], [ -90.787336, 39.224151 ], [ -90.787634, 39.223953 ], [ -90.885339, 39.224996 ], [ -90.895418, 39.22508 ], [ -90.951009, 39.224866 ], [ -91.000135, 39.224451 ], [ -91.00406, 39.224616 ], [ -91.021391, 39.224879 ], [ -91.056111, 39.225046 ], [ -91.066211, 39.225094 ], [ -91.07982, 39.225172 ], [ -91.142981, 39.226914 ], [ -91.148965, 39.227033 ], [ -91.15647, 39.227265 ], [ -91.172686, 39.227148 ], [ -91.182942, 39.227233 ], [ -91.183109, 39.212912 ], [ -91.183538, 39.198479 ], [ -91.183432, 39.197226 ], [ -91.184671, 39.168245 ], [ -91.18546, 39.13905 ], [ -91.236532, 39.139615 ], [ -91.241463, 39.139873 ], [ -91.253897, 39.140107 ], [ -91.260232, 39.139845 ], [ -91.32486, 39.140911 ], [ -91.333098, 39.141326 ], [ -91.351249, 39.141513 ], [ -91.356627, 39.141873 ], [ -91.374386, 39.141782 ], [ -91.375094, 39.142047 ], [ -91.409033, 39.142542 ], [ -91.411472, 39.157326 ], [ -91.423543, 39.230487 ], [ -91.433325, 39.289531 ], [ -91.435822, 39.304375 ], [ -91.438222, 39.318643 ], [ -91.438235, 39.318716 ], [ -91.453014, 39.406682 ], [ -91.453439, 39.408233 ], [ -91.455345, 39.420429 ], [ -91.455448, 39.422038 ], [ -91.460305, 39.449852 ], [ -91.460442, 39.450722 ] ] ] ] } },
{ "type": "Feature", "properties": { "STATEFP": "29", "COUNTYFP": "153", "COUNTYNS": "00758531", "GEOIDFQ": "0500000US29153", "GEOID": "29153", "NAME": "Ozark", "NAMELSAD": "Ozark County", "STUSPS": "MO", "STATE_NAME": "Missouri", "LSAD": "06", "ALAND": 1929557613.0, "AWATER": 26607427.0 }, "geometry": { "type": "MultiPolygon", "coordinates": [ [ [ [ -92.77044, 36.573477 ], [ -92.769386, 36.619444 ], [ -92.769209, 36.624746 ], [ -92.769194, 36.625293 ], [ -92.767722, 36.683469 ], [ -92.767245, 36.708643 ], [ -92.767093, 36.712366 ], [ -92.766218, 36.755881 ], [ -92.764869, 36.806097 ], [ -92.763437, 36.805947 ], [ -92.74677, 36.805708 ], [ -92.65683, 36.804246 ], [ -92.644019, 36.804074 ], [ -92.638755, 36.803989 ], [ -92.638226, 36.803981 ], [ -92.58959, 36.803109 ], [ -92.582668, 36.802981 ], [ -92.548115, 36.802481 ], [ -92.529504, 36.802134 ], [ -92.516727, 36.80187 ], [ -92.507432, 36.801631 ], [ -92.485059, 36.801334 ], [ -92.484451, 36.80121 ], [ -92.483021, 36.801017 ], [ -92.422429, 36.8002 ], [ -92.413963, 36.800035 ], [ -92.409844, 36.799955 ], [ -92.403328, 36.799865 ], [ -92.367155, 36.799325 ], [ -92.359968, 36.799147 ], [ -92.345726, 36.798916 ], [ -92.33074, 36.798573 ], [ -92.313135, 36.79829 ], [ -92.221863, 36.796492 ], [ -92.221292, 36.796373 ], [ -92.204295, 36.79612 ], [ -92.16168, 36.79532 ], [ -92.159607, 36.79519 ], [ -92.147343, 36.794971 ], [ -92.141852, 36.794853 ], [ -92.132075, 36.794641 ], [ -92.112346, 36.794231 ], [ -92.113018, 36.77719 ], [ -92.113588, 36.76275 ], [ -92.1136, 36.762436 ], [ -92.114301, 36.733528 ], [ -92.114697, 36.718853 ], [ -92.115315, 36.692337 ], [ -92.11556, 36.68967 ], [ -92.115662, 36.680231 ], [ -92.116363, 36.651393 ], [ -92.116461, 36.64606 ], [ -92.117067, 36.618779 ], [ -92.11809, 36.5801 ], [ -92.11818, 36.57945 ], [ -92.11832, 36.572998 ], [ -92.118923, 36.553208 ], [ -92.11909, 36.539626 ], [ -92.119042, 36.539149 ], [ -92.120386430802398, 36.4988632711175 ], [ -92.137741, 36.498706 ], [ -92.1502863617131, 36.498633765738198 ], [ -92.199396, 36.498351 ], [ -92.211449, 36.498395 ], [ -92.214143, 36.498372 ], [ -92.215785810885095, 36.498404581088501 ], [ -92.216412, 36.498417 ], [ -92.259440791707405, 36.498175052100102 ], [ -92.259457713870106, 36.498174956947999 ], [ -92.309424, 36.497894 ], [ -92.318415, 36.497711 ], [ -92.350277, 36.497787 ], [ -92.370246001100696, 36.497315101734301 ], [ -92.375159, 36.497199 ], [ -92.384927, 36.497845 ], [ -92.420383, 36.497914 ], [ -92.4231356147193, 36.497984942483299 ], [ -92.434468926962694, 36.498277033239297 ], [ -92.434649088922995, 36.498281676510601 ], [ -92.444129, 36.498526 ], [ -92.482162221899898, 36.498636897754601 ], [ -92.516836, 36.498738 ], [ -92.529129870328603, 36.4986088420019 ], [ -92.559839855086096, 36.498286206408302 ], [ -92.564238, 36.49824 ], [ -92.601627916588001, 36.498155911093697 ], [ -92.617321956405107, 36.4981206156246 ], [ -92.630642814136905, 36.498090657377503 ], [ -92.762045143244407, 36.497795137110302 ], [ -92.772333, 36.497772 ], [ -92.77044, 36.573477 ] ] ] ] } },
{ "type": "Feature", "properties": { "STATEFP": "29", "COUNTYFP": "081", "COUNTYNS": "00758495", "GEOIDFQ": "0500000US29081", "GEOID": "29081", "NAME": "Harrison", "NAMELSAD": "Harrison County", "STUSPS": "MO", "STATE_NAME": "Missouri", "LSAD": "06", "ALAND": 1871309888.0, "AWATER": 10070644.0 }, "geometry": { "type": "MultiPolygon", "coordinates": [ [ [ [ -94.232240044673603, 40.571907371989603 ], [ -94.130130083374894, 40.572623257688697 ], [ -94.118542732137698, 40.572704495786702 ], [ -94.091085, 40.572897 ], [ -94.089194, 40.572806 ], [ -94.080463, 40.572899 ], [ -94.080223, 40.572899 ], [ -94.072139900436895, 40.573019310839904 ], [ -94.034134, 40.573585 ], [ -94.015492, 40.573914 ], [ -94.003323829371396, 40.5741405467909 ], [ -93.987431422997304, 40.574436431338597 ], [ -93.976766, 40.574635 ], [ -93.963863, 40.574754 ], [ -93.939857, 40.575192 ], [ -93.938627, 40.575284 ], [ -93.937448645695397, 40.575389512770997 ], [ -93.937097, 40.575421 ], [ -93.936317, 40.575284 ], [ -93.935687, 40.57533 ], [ -93.913961, 40.575672 ], [ -93.900877, 40.575874 ], [ -93.900855499232094, 40.575874937212902 ], [ -93.899317, 40.575942 ], [ -93.898327, 40.576011 ], [ -93.889049512740002, 40.576134572450101 ], [ -93.853656, 40.576606 ], [ -93.84093, 40.576791 ], [ -93.825279494117197, 40.576998921604797 ], [ -93.818725, 40.577086 ], [ -93.815485, 40.577278 ], [ -93.801374335704807, 40.577383080078398 ], [ -93.786868160787193, 40.577491105467203 ], [ -93.774344270835201, 40.577584369066301 ], [ -93.774319, 40.524292 ], [ -93.774355, 40.524125 ], [ -93.774671, 40.508764 ], [ -93.774821, 40.502759 ], [ -93.774514, 40.488515 ], [ -93.774548, 40.47235 ], [ -93.764823, 40.472515 ], [ -93.764787, 40.467862 ], [ -93.764606, 40.456432 ], [ -93.764485, 40.442179 ], [ -93.764436, 40.427631 ], [ -93.764516, 40.42387 ], [ -93.764108, 40.380054 ], [ -93.764073, 40.375006 ], [ -93.763551, 40.365519 ], [ -93.763468, 40.350847 ], [ -93.763713, 40.343936 ], [ -93.763612, 40.343247 ], [ -93.763398, 40.321839 ], [ -93.763456, 40.321758 ], [ -93.76351, 40.292626 ], [ -93.763324, 40.263988 ], [ -93.763177, 40.249599 ], [ -93.763189, 40.247868 ], [ -93.763289, 40.234355 ], [ -93.763653, 40.220249 ], [ -93.76346, 40.210528 ], [ -93.763496, 40.205386 ], [ -93.764021, 40.132909 ], [ -93.809774, 40.133141 ], [ -93.810237, 40.133111 ], [ -93.867714, 40.133462 ], [ -93.872415, 40.133483 ], [ -93.877876, 40.133547 ], [ -93.934869, 40.133755 ], [ -93.950572, 40.133864 ], [ -93.990103, 40.133988 ], [ -93.990194, 40.133992 ], [ -94.009268, 40.134173 ], [ -94.073902, 40.134539 ], [ -94.080453, 40.134766 ], [ -94.085082, 40.13467 ], [ -94.086395, 40.134793 ], [ -94.103708, 40.13466 ], [ -94.136459, 40.135235 ], [ -94.216696, 40.136626 ], [ -94.216488, 40.166057 ], [ -94.216254, 40.209407 ], [ -94.21654, 40.216768 ], [ -94.216152, 40.249088 ], [ -94.216222, 40.249984 ], [ -94.215931, 40.296716 ], [ -94.214278, 40.384254 ], [ -94.214213, 40.398773 ], [ -94.214222, 40.409408 ], [ -94.214375, 40.423256 ], [ -94.214619, 40.470464 ], [ -94.231565, 40.470357 ], [ -94.231872, 40.51326 ], [ -94.231826, 40.51365 ], [ -94.232240044673603, 40.571907371989603 ] ] ] ] } },
{ "type": "Feature", "properties": { "STATEFP": "29", "COUNTYFP": "215", "COUNTYNS": "00758560", "GEOIDFQ": "0500000US29215", "GEOID": "29215", "NAME": "Texas", "NAMELSAD": "Texas County", "STUSPS": "MO", "STATE_NAME": "Missouri", "LSAD": "06", "ALAND": 3049106823.0, "AWATER": 5071079.0 }, "geometry": { "type": "MultiPolygon", "coordinates": [ [ [ [ -92.253209, 37.386537 ], [ -92.252261, 37.472944 ], [ -92.25224, 37.473801 ], [ -92.251553, 37.503102 ], [ -92.250956, 37.534491 ], [ -92.250765, 37.537321 ], [ -92.250863, 37.539344 ], [ -92.249463, 37.604543 ], [ -92.243699, 37.6044 ], [ -92.2363, 37.604583 ], [ -92.227188, 37.604627 ], [ -92.183261, 37.605243 ], [ -92.176978, 37.60517 ], [ -92.158296, 37.604901 ], [ -92.08477, 37.603646 ], [ -92.083939, 37.603629 ], [ -92.042918, 37.602804 ], [ -92.029258, 37.602542 ], [ -92.011227, 37.602142 ], [ -91.992549, 37.60224 ], [ -91.963493, 37.601336 ], [ -91.953804, 37.601051 ], [ -91.935482, 37.600502 ], [ -91.86268, 37.598873 ], [ -91.809105, 37.598863 ], [ -91.754795, 37.598768 ], [ -91.754693, 37.58421 ], [ -91.754902, 37.569403 ], [ -91.754771, 37.56815 ], [ -91.754804, 37.511456 ], [ -91.755185, 37.479085 ], [ -91.7551, 37.453279 ], [ -91.75504, 37.42411 ], [ -91.68519, 37.423295 ], [ -91.646626, 37.422731 ], [ -91.647026, 37.378694 ], [ -91.647375, 37.335231 ], [ -91.647173, 37.326003 ], [ -91.647547, 37.288069 ], [ -91.647852, 37.27454 ], [ -91.648113, 37.262833 ], [ -91.647691, 37.248333 ], [ -91.651579, 37.24835 ], [ -91.653119, 37.193043 ], [ -91.653257, 37.192223 ], [ -91.653317, 37.187182 ], [ -91.653343, 37.185124 ], [ -91.653548, 37.180907 ], [ -91.653541, 37.170427 ], [ -91.65355, 37.167786 ], [ -91.65416, 37.137294 ], [ -91.654676, 37.107254 ], [ -91.654877, 37.080364 ], [ -91.655071, 37.078984 ], [ -91.655425, 37.054412 ], [ -91.655607, 37.048925 ], [ -91.6712, 37.048892 ], [ -91.687124, 37.048893 ], [ -91.690331, 37.0488 ], [ -91.721808, 37.049423 ], [ -91.732521, 37.049302 ], [ -91.740988, 37.049809 ], [ -91.763216, 37.049862 ], [ -91.79944, 37.05002 ], [ -91.813224, 37.050139 ], [ -91.817542, 37.05021 ], [ -91.836172, 37.050399 ], [ -91.854039, 37.050372 ], [ -91.875058, 37.050697 ], [ -91.918858, 37.0527 ], [ -91.927337, 37.053029 ], [ -91.980803, 37.05564 ], [ -92.018467, 37.055856 ], [ -92.03556, 37.055952 ], [ -92.088708, 37.056248 ], [ -92.143087, 37.057097 ], [ -92.196489, 37.058422 ], [ -92.196689, 37.058427 ], [ -92.23716, 37.059431 ], [ -92.25016, 37.059753 ], [ -92.251359, 37.059653 ], [ -92.249529, 37.11688 ], [ -92.249707, 37.120558 ], [ -92.249573, 37.121506 ], [ -92.249443, 37.123975 ], [ -92.24941, 37.125112 ], [ -92.249133, 37.131802 ], [ -92.249153, 37.135586 ], [ -92.249245, 37.139764 ], [ -92.24909, 37.141254 ], [ -92.249047, 37.143379 ], [ -92.249004, 37.146483 ], [ -92.249084, 37.159622 ], [ -92.248408, 37.194153 ], [ -92.248641, 37.196483 ], [ -92.248385, 37.199537 ], [ -92.248038, 37.219533 ], [ -92.247526, 37.250083 ], [ -92.247175, 37.254908 ], [ -92.25298, 37.254843 ], [ -92.252238, 37.298903 ], [ -92.252102, 37.31605 ], [ -92.251943, 37.342752 ], [ -92.25245, 37.342762 ], [ -92.252251, 37.357204 ], [ -92.252058, 37.371879 ], [ -92.25331, 37.3774 ], [ -92.253209, 37.386537 ] ] ] ] } },
{ "type": "Feature", "properties": { "STATEFP": "29", "COUNTYFP": "115", "COUNTYNS": "00758512", "GEOIDFQ": "0500000US29115", "GEOID": "29115", "NAME": "Linn", "NAMELSAD": "Linn County", "STUSPS": "MO", "STATE_NAME": "Missouri", "LSAD": "06", "ALAND": 1594366554.0, "AWATER": 14989603.0 }, "geometry": { "type": "MultiPolygon", "coordinates": [ [ [ [ -93.364665, 39.720764 ], [ -93.364493, 39.744371 ], [ -93.364292, 39.74543 ], [ -93.363692, 39.821403 ], [ -93.363513, 39.850388 ], [ -93.363282, 39.880102 ], [ -93.361422, 39.880137 ], [ -93.361296, 39.923788 ], [ -93.361295, 39.92395 ], [ -93.361359, 39.967628 ], [ -93.361957, 39.967606 ], [ -93.361761, 40.00483 ], [ -93.361761, 40.01125 ], [ -93.361951, 40.033098 ], [ -93.33379, 40.033574 ], [ -93.332926, 40.033748 ], [ -93.309992, 40.033886 ], [ -93.271618, 40.034556 ], [ -93.251932, 40.03491 ], [ -93.220888, 40.035412 ], [ -93.169622, 40.036195 ], [ -93.168934, 40.036246 ], [ -93.153686, 40.036418 ], [ -93.151109, 40.036545 ], [ -93.123347, 40.036858 ], [ -93.121043, 40.036883 ], [ -93.108464, 40.037 ], [ -93.046195, 40.036999 ], [ -93.043926, 40.037012 ], [ -93.015559, 40.036578 ], [ -93.00803, 40.036417 ], [ -93.007352, 40.036535 ], [ -93.003146, 40.036498 ], [ -92.981327, 40.036541 ], [ -92.979144, 40.036446 ], [ -92.959467, 40.03639 ], [ -92.865597, 40.037103 ], [ -92.865015, 40.036791 ], [ -92.856191, 40.037253 ], [ -92.847477, 40.037301 ], [ -92.849443, 39.971771 ], [ -92.849465, 39.970783 ], [ -92.849635, 39.962822 ], [ -92.850453, 39.941492 ], [ -92.85248, 39.897489 ], [ -92.852767, 39.890261 ], [ -92.853342, 39.875646 ], [ -92.85613, 39.788243 ], [ -92.856619, 39.759376 ], [ -92.856938, 39.743564 ], [ -92.857097, 39.729376 ], [ -92.85792, 39.699985 ], [ -92.860462, 39.700155 ], [ -92.861133, 39.7001 ], [ -92.933102, 39.701669 ], [ -92.937909, 39.701778 ], [ -92.945603, 39.701935 ], [ -92.951646, 39.70203 ], [ -92.955957, 39.702102 ], [ -92.957502, 39.702126 ], [ -92.958052, 39.702118 ], [ -92.961378, 39.702199 ], [ -92.971028, 39.702346 ], [ -93.027086, 39.704729 ], [ -93.027817, 39.704766 ], [ -93.037619, 39.705057 ], [ -93.046754, 39.705479 ], [ -93.056547, 39.705923 ], [ -93.082799, 39.706709 ], [ -93.120306, 39.705307 ], [ -93.129829, 39.705015 ], [ -93.13534, 39.704706 ], [ -93.139325, 39.704772 ], [ -93.158271, 39.704434 ], [ -93.177711, 39.704671 ], [ -93.1885, 39.704537 ], [ -93.192189, 39.704478 ], [ -93.195273, 39.704248 ], [ -93.260957, 39.703719 ], [ -93.266968, 39.703562 ], [ -93.307204, 39.703539 ], [ -93.309465, 39.703436 ], [ -93.330512, 39.703599 ], [ -93.364808, 39.703803 ], [ -93.364665, 39.720764 ] ] ] ] } },
{ "type": "Feature", "properties": { "STATEFP": "29", "COUNTYFP": "043", "COUNTYNS": "00758476", "GEOIDFQ": "0500000US29043", "GEOID": "29043", "NAME": "Christian", "NAMELSAD": "Christian County", "STUSPS": "MO", "STATE_NAME": "Missouri", "LSAD": "06", "ALAND": 1457133932.0, "AWATER": 3049199.0 }, "geometry": { "type": "MultiPolygon", "coordinates": [ [ [ [ -93.610177, 37.003099 ], [ -93.61006, 37.01761 ], [ -93.609442, 37.061694 ], [ -93.609356, 37.069004 ], [ -93.608899, 37.098153 ], [ -93.60766, 37.098223 ], [ -93.516851, 37.097258 ], [ -93.510551, 37.097107 ], [ -93.498759, 37.096979 ], [ -93.49144, 37.0967 ], [ -93.490382, 37.096662 ], [ -93.4902, 37.09666 ], [ -93.490054, 37.096658 ], [ -93.48137, 37.096563 ], [ -93.48117, 37.09656 ], [ -93.481016, 37.096559 ], [ -93.463032, 37.096371 ], [ -93.46292, 37.09637 ], [ -93.44913, 37.09627 ], [ -93.444326, 37.096195 ], [ -93.41707, 37.09576 ], [ -93.407297, 37.095651 ], [ -93.3896, 37.09549 ], [ -93.37092, 37.09514 ], [ -93.354604, 37.094953 ], [ -93.354462, 37.094952 ], [ -93.352702, 37.094952 ], [ -93.345462, 37.094853 ], [ -93.334473, 37.094744 ], [ -93.325301, 37.094652 ], [ -93.320804, 37.09465 ], [ -93.316158, 37.094648 ], [ -93.297659, 37.094451 ], [ -93.278397, 37.09385 ], [ -93.272108, 37.093851 ], [ -93.27186, 37.09385 ], [ -93.271677, 37.093844 ], [ -93.26855, 37.093755 ], [ -93.265478, 37.093751 ], [ -93.263985, 37.093751 ], [ -93.259459, 37.093593 ], [ -93.231896, 37.092632 ], [ -93.231807, 37.092629 ], [ -93.231511, 37.092619 ], [ -93.231211, 37.09261 ], [ -93.230941, 37.092601 ], [ -93.229603, 37.092559 ], [ -93.225462, 37.092474 ], [ -93.219708, 37.092248 ], [ -93.218115, 37.092197 ], [ -93.20933, 37.09194 ], [ -93.209074, 37.091928 ], [ -93.2003, 37.09163 ], [ -93.19107, 37.09136 ], [ -93.173173, 37.090885 ], [ -93.1726, 37.09078 ], [ -93.16112, 37.09063 ], [ -93.13826, 37.09022 ], [ -93.120242, 37.089826 ], [ -93.12, 37.08982 ], [ -93.119744, 37.089808 ], [ -93.070189, 37.088756 ], [ -93.069606, 37.088748 ], [ -93.065274, 37.088694 ], [ -93.034031, 37.088291 ], [ -92.993629, 37.087667 ], [ -92.978737, 37.087519 ], [ -92.975814, 37.087504 ], [ -92.975426, 37.08764 ], [ -92.957175, 37.087651 ], [ -92.956942, 37.086844 ], [ -92.902922, 37.085221 ], [ -92.903273, 37.070651 ], [ -92.903208, 37.058323 ], [ -92.903051, 37.056048 ], [ -92.903408, 37.041428 ], [ -92.903494, 37.037644 ], [ -92.904533, 36.998333 ], [ -92.905114, 36.969185 ], [ -92.90558, 36.950079 ], [ -92.905782, 36.940015 ], [ -92.905803, 36.939291 ], [ -92.907094, 36.896715 ], [ -92.907992, 36.867628 ], [ -92.908218, 36.857204 ], [ -92.908258, 36.854565 ], [ -92.908844, 36.824056 ], [ -92.908987, 36.819885 ], [ -92.909336, 36.809178 ], [ -92.93114, 36.809709 ], [ -92.963517, 36.81049 ], [ -92.963717, 36.810495 ], [ -92.982024, 36.810932 ], [ -93.044365, 36.812093 ], [ -93.071533, 36.812676 ], [ -93.11663, 36.813466 ], [ -93.141141, 36.813983 ], [ -93.146858, 36.814088 ], [ -93.171263, 36.814536 ], [ -93.175435, 36.814611 ], [ -93.181687, 36.814724 ], [ -93.182803, 36.814752 ], [ -93.226047, 36.815521 ], [ -93.229634, 36.815585 ], [ -93.276397, 36.816396 ], [ -93.304359, 36.816866 ], [ -93.311055, 36.816944 ], [ -93.341308, 36.817292 ], [ -93.342041, 36.817301 ], [ -93.341371, 36.846802 ], [ -93.340179, 36.88916 ], [ -93.340222, 36.890081 ], [ -93.339814, 36.904754 ], [ -93.339397, 36.923003 ], [ -93.338708, 36.948624 ], [ -93.338406, 36.959328 ], [ -93.338063, 36.97025 ], [ -93.337912, 36.974871 ], [ -93.337451, 36.992494 ], [ -93.342398, 36.992569 ], [ -93.368779, 36.992839 ], [ -93.371244, 36.992878 ], [ -93.375088, 36.993028 ], [ -93.429169, 36.993449 ], [ -93.447031, 36.993701 ], [ -93.465381, 36.993843 ], [ -93.46554, 36.993842 ], [ -93.474372, 36.99391 ], [ -93.50134, 36.994084 ], [ -93.502768, 36.994105 ], [ -93.518704, 36.994338 ], [ -93.523647, 36.994485 ], [ -93.537351, 36.994772 ], [ -93.555664, 36.995128 ], [ -93.573678, 36.995334 ], [ -93.587284, 36.995528 ], [ -93.601319, 36.995693 ], [ -93.610126, 36.99581 ], [ -93.610177, 37.003099 ] ] ] ] } },
{ "type": "Feature", "properties": { "STATEFP": "29", "COUNTYFP": "141", "COUNTYNS": "00758525", "GEOIDFQ": "0500000US29141", "GEOID": "29141", "NAME": "Morgan", "NAMELSAD": "Morgan County", "STUSPS": "MO", "STATE_NAME": "Missouri", "LSAD": "06", "ALAND": 1547866672.0, "AWATER": 42414965.0 }, "geometry": { "type": "MultiPolygon", "coordinates": [ [ [ [ -93.077061, 38.273964 ], [ -93.075827, 38.30204 ], [ -93.073866, 38.344066 ], [ -93.073427, 38.350205 ], [ -93.073419, 38.354353 ], [ -93.073158, 38.361211 ], [ -93.068971, 38.433669 ], [ -93.068763, 38.442273 ], [ -93.072054, 38.442274 ], [ -93.068737, 38.502378 ], [ -93.067291, 38.529995 ], [ -93.067292, 38.530096 ], [ -93.066636, 38.545856 ], [ -93.065482, 38.57345 ], [ -93.063452, 38.620832 ], [ -93.061955, 38.649145 ], [ -93.061919, 38.650392 ], [ -93.06152, 38.662734 ], [ -93.060615, 38.685333 ], [ -93.059974, 38.693077 ], [ -93.046662, 38.69228 ], [ -93.043891, 38.692137 ], [ -93.040124, 38.692019 ], [ -93.000202, 38.689444 ], [ -92.997001, 38.689049 ], [ -92.975996, 38.687569 ], [ -92.974051, 38.687581 ], [ -92.964342, 38.686804 ], [ -92.961924, 38.686524 ], [ -92.958598, 38.686442 ], [ -92.95431, 38.686019 ], [ -92.953597, 38.685985 ], [ -92.950986, 38.685803 ], [ -92.950512, 38.68577 ], [ -92.950502, 38.686028 ], [ -92.932435, 38.685515 ], [ -92.927966, 38.685269 ], [ -92.926233, 38.68536 ], [ -92.915778, 38.685109 ], [ -92.876826, 38.684319 ], [ -92.858181, 38.683742 ], [ -92.839837, 38.683974 ], [ -92.84163, 38.604033 ], [ -92.84195, 38.60315 ], [ -92.841871, 38.596792 ], [ -92.824301, 38.58335 ], [ -92.802604, 38.566759 ], [ -92.802405, 38.566609 ], [ -92.797142, 38.562635 ], [ -92.788404, 38.556008 ], [ -92.785987, 38.554154 ], [ -92.782786, 38.551708 ], [ -92.761153, 38.535197 ], [ -92.733569, 38.514183 ], [ -92.732861, 38.51364 ], [ -92.723423, 38.506404 ], [ -92.712401, 38.497787 ], [ -92.698784, 38.48732 ], [ -92.693541, 38.483292 ], [ -92.684638, 38.476465 ], [ -92.670988, 38.465992 ], [ -92.664908, 38.461341 ], [ -92.660092, 38.457628 ], [ -92.625189, 38.430778 ], [ -92.63019, 38.430958 ], [ -92.630457, 38.427114 ], [ -92.633756, 38.348082 ], [ -92.689834, 38.348472 ], [ -92.693083, 38.273961 ], [ -92.693713, 38.260812 ], [ -92.695886, 38.222031 ], [ -92.698987, 38.222569 ], [ -92.701053, 38.222757 ], [ -92.707187, 38.224031 ], [ -92.710205, 38.223131 ], [ -92.714117, 38.221212 ], [ -92.718587, 38.220131 ], [ -92.725603, 38.220437 ], [ -92.731405, 38.221588 ], [ -92.736675, 38.220733 ], [ -92.740828, 38.21886 ], [ -92.744042, 38.218125 ], [ -92.749044, 38.21756 ], [ -92.753264, 38.214952 ], [ -92.755988, 38.212465 ], [ -92.757818, 38.207659 ], [ -92.758207, 38.20595 ], [ -92.761704, 38.201857 ], [ -92.764098, 38.196067 ], [ -92.764441, 38.194313 ], [ -92.764539, 38.189619 ], [ -92.767943, 38.18965 ], [ -92.775377, 38.189925 ], [ -92.778893, 38.19006 ], [ -92.806825, 38.191151 ], [ -92.80696, 38.191157 ], [ -92.819406, 38.191645 ], [ -92.829142, 38.192123 ], [ -92.832206, 38.192243 ], [ -92.834114, 38.192254 ], [ -92.842992, 38.192568 ], [ -92.85193, 38.192918 ], [ -92.853584, 38.192983 ], [ -92.861295, 38.193285 ], [ -92.867422, 38.19344 ], [ -92.916613, 38.19542 ], [ -92.962994, 38.197229 ], [ -92.961794, 38.199729 ], [ -92.959795, 38.20203 ], [ -92.956593, 38.203729 ], [ -92.954494, 38.203828 ], [ -92.947593, 38.204829 ], [ -92.944293, 38.205829 ], [ -92.938793, 38.208529 ], [ -92.934693, 38.211129 ], [ -92.932893, 38.213529 ], [ -92.931993, 38.216229 ], [ -92.931993, 38.220229 ], [ -92.934611, 38.222196 ], [ -92.937823, 38.225223 ], [ -92.943975, 38.227493 ], [ -92.947682, 38.227876 ], [ -92.951623, 38.229308 ], [ -92.956898, 38.229508 ], [ -92.960592, 38.228358 ], [ -92.963744, 38.225487 ], [ -92.970116, 38.215222 ], [ -92.97299, 38.208818 ], [ -92.975699, 38.203481 ], [ -92.979558, 38.197734 ], [ -92.982678, 38.194861 ], [ -92.986555, 38.190761 ], [ -92.989903, 38.188375 ], [ -92.99564, 38.186974 ], [ -93.000194, 38.186247 ], [ -93.0062, 38.186002 ], [ -93.008132, 38.186554 ], [ -93.01499, 38.189775 ], [ -93.01694, 38.191282 ], [ -93.022277, 38.198642 ], [ -93.022359, 38.199811 ], [ -93.02, 38.204797 ], [ -93.016628, 38.208026 ], [ -93.01204, 38.210224 ], [ -93.006522, 38.210768 ], [ -92.995895, 38.210028 ], [ -92.988294, 38.210428 ], [ -92.984894, 38.211428 ], [ -92.983394, 38.213528 ], [ -92.983094, 38.215828 ], [ -92.983495, 38.218528 ], [ -92.984195, 38.219728 ], [ -92.986195, 38.220828 ], [ -92.994095, 38.220928 ], [ -92.995895, 38.220328 ], [ -93.000195, 38.220522 ], [ -93.002026, 38.22095 ], [ -93.00565, 38.222705 ], [ -93.006386, 38.223528 ], [ -93.009309, 38.228861 ], [ -93.0105, 38.231611 ], [ -93.012243, 38.237532 ], [ -93.013743, 38.241464 ], [ -93.016534, 38.244912 ], [ -93.020639, 38.248155 ], [ -93.034835, 38.257077 ], [ -93.042475, 38.26518 ], [ -93.046306, 38.267757 ], [ -93.05109, 38.270093 ], [ -93.056666, 38.271737 ], [ -93.061136, 38.271616 ], [ -93.066511, 38.270771 ], [ -93.06825, 38.270123 ], [ -93.072611, 38.267449 ], [ -93.075609, 38.26451 ], [ -93.077692, 38.263092 ], [ -93.077061, 38.273964 ] ] ] ] } },
{ "type": "Feature", "properties": { "STATEFP": "29", "COUNTYFP": "075", "COUNTYNS": "00758492", "GEOIDFQ": "0500000US29075", "GEOID": "29075", "NAME": "Gentry", "NAMELSAD": "Gentry County", "STUSPS": "MO", "STATE_NAME": "Missouri", "LSAD": "06", "ALAND": 1272776755.0, "AWATER": 762384.0 }, "geometry": { "type": "MultiPolygon", "coordinates": [ [ [ [ -94.605942, 40.126127 ], [ -94.605629, 40.126336 ], [ -94.605125, 40.169953 ], [ -94.604687, 40.198311 ], [ -94.604468, 40.213415 ], [ -94.603482, 40.217202 ], [ -94.60335, 40.271255 ], [ -94.602659, 40.300216 ], [ -94.601444, 40.300373 ], [ -94.599922, 40.341715 ], [ -94.598487, 40.386714 ], [ -94.479542, 40.386613 ], [ -94.478801, 40.386609 ], [ -94.460489, 40.386367 ], [ -94.404392, 40.38654 ], [ -94.366555, 40.386796 ], [ -94.366528, 40.386678 ], [ -94.326358, 40.38665 ], [ -94.309422, 40.386637 ], [ -94.293952, 40.386377 ], [ -94.292433, 40.386252 ], [ -94.288477, 40.386045 ], [ -94.214278, 40.384254 ], [ -94.215931, 40.296716 ], [ -94.216222, 40.249984 ], [ -94.216152, 40.249088 ], [ -94.21654, 40.216768 ], [ -94.216254, 40.209407 ], [ -94.216488, 40.166057 ], [ -94.216696, 40.136626 ], [ -94.216494, 40.12503 ], [ -94.216723, 40.115409 ], [ -94.216919, 40.108192 ], [ -94.216867, 40.107574 ], [ -94.218459, 40.049406 ], [ -94.2188, 40.034885 ], [ -94.234539, 40.035594 ], [ -94.256423, 40.036559 ], [ -94.318722, 40.038817 ], [ -94.329967, 40.039255 ], [ -94.393612, 40.039169 ], [ -94.4457, 40.038894 ], [ -94.45262, 40.038861 ], [ -94.464648, 40.038888 ], [ -94.5546, 40.039206 ], [ -94.576126, 40.039266 ], [ -94.579647, 40.039265 ], [ -94.58459, 40.039289 ], [ -94.58524, 40.039305 ], [ -94.605377, 40.039217 ], [ -94.606596, 40.039203 ], [ -94.605942, 40.126127 ] ] ] ] } },
{ "type": "Feature", "properties": { "STATEFP": "29", "COUNTYFP": "039", "COUNTYNS": "00758474", "GEOIDFQ": "0500000US29039", "GEOID": "29039", "NAME": "Cedar", "NAMELSAD": "Cedar County", "STUSPS": "MO", "STATE_NAME": "Missouri", "LSAD": "06", "ALAND": 1228870903.0, "AWATER": 62637821.0 }, "geometry": { "type": "MultiPolygon", "coordinates": [ [ [ [ -94.073524, 37.639722 ], [ -94.072981, 37.657447 ], [ -94.071903, 37.683122 ], [ -94.071894, 37.683378 ], [ -94.068716, 37.755568 ], [ -94.073342, 37.755706 ], [ -94.073307, 37.760562 ], [ -94.069973, 37.828472 ], [ -94.069203, 37.842631 ], [ -94.067963, 37.864477 ], [ -94.065675, 37.900987 ], [ -94.061115, 37.900819 ], [ -94.019571, 37.899274 ], [ -93.955597, 37.897154 ], [ -93.955022, 37.896928 ], [ -93.954925, 37.896914 ], [ -93.918516, 37.895885 ], [ -93.900179, 37.895336 ], [ -93.85017, 37.894099 ], [ -93.849417, 37.894386 ], [ -93.84554, 37.894889 ], [ -93.819522, 37.892804 ], [ -93.809653, 37.892629 ], [ -93.808648, 37.892775 ], [ -93.808664, 37.887961 ], [ -93.810267, 37.859597 ], [ -93.810784, 37.84904 ], [ -93.811801, 37.835092 ], [ -93.811692, 37.834786 ], [ -93.803148, 37.834315 ], [ -93.738248, 37.831943 ], [ -93.692446, 37.831038 ], [ -93.68334, 37.83081 ], [ -93.668662, 37.830451 ], [ -93.66091, 37.830152 ], [ -93.63705, 37.829721 ], [ -93.628404, 37.829435 ], [ -93.630216, 37.786047 ], [ -93.631357, 37.767659 ], [ -93.632033, 37.749584 ], [ -93.632439, 37.742302 ], [ -93.618678, 37.741941 ], [ -93.609489, 37.741755 ], [ -93.609848, 37.733185 ], [ -93.61201, 37.674574 ], [ -93.612013, 37.674501 ], [ -93.612327, 37.667188 ], [ -93.61381, 37.630927 ], [ -93.614054, 37.625034 ], [ -93.614212, 37.615764 ], [ -93.614557, 37.615078 ], [ -93.615407, 37.587312 ], [ -93.616033, 37.572689 ], [ -93.655834, 37.573459 ], [ -93.693581, 37.574374 ], [ -93.697965, 37.57449 ], [ -93.699009, 37.574417 ], [ -93.707188, 37.574698 ], [ -93.724992, 37.575179 ], [ -93.762436, 37.576308 ], [ -93.773585, 37.57663 ], [ -93.773941, 37.576641 ], [ -93.837602, 37.578169 ], [ -93.85153, 37.57835 ], [ -93.922, 37.579123 ], [ -93.947012, 37.579379 ], [ -94.066185, 37.581216 ], [ -94.06671, 37.581336 ], [ -94.075385, 37.58157 ], [ -94.073524, 37.639722 ] ] ] ] } },
{ "type": "Feature", "properties": { "STATEFP": "29", "COUNTYFP": "001", "COUNTYNS": "00765805", "GEOIDFQ": "0500000US29001", "GEOID": "29001", "NAME": "Adair", "NAMELSAD": "Adair County", "STUSPS": "MO", "STATE_NAME": "Missouri", "LSAD": "06", "ALAND": 1469362054.0, "AWATER": 5468507.0 }, "geometry": { "type": "MultiPolygon", "coordinates": [ [ [ [ -92.856045, 40.121128 ], [ -92.856045, 40.124365 ], [ -92.856044, 40.125025 ], [ -92.855857, 40.163881 ], [ -92.855903, 40.164753 ], [ -92.85574, 40.165885 ], [ -92.855505, 40.211761 ], [ -92.855625, 40.299083 ], [ -92.855618, 40.300674 ], [ -92.855629, 40.342736 ], [ -92.818537, 40.342723 ], [ -92.743615, 40.342481 ], [ -92.743625, 40.342952 ], [ -92.724584, 40.342666 ], [ -92.686852, 40.343427 ], [ -92.684167, 40.343466 ], [ -92.646934, 40.343595 ], [ -92.62919, 40.343679 ], [ -92.574961, 40.344283 ], [ -92.572797, 40.344175 ], [ -92.570047, 40.344377 ], [ -92.567675, 40.344321 ], [ -92.56669, 40.344258 ], [ -92.566318, 40.344245 ], [ -92.563088, 40.3443 ], [ -92.55866, 40.344346 ], [ -92.51579, 40.34491 ], [ -92.467443, 40.345187 ], [ -92.460645, 40.345204 ], [ -92.451083, 40.345513 ], [ -92.441487, 40.345821 ], [ -92.404051, 40.346329 ], [ -92.349975, 40.346505 ], [ -92.349897, 40.302733 ], [ -92.347801, 40.302756 ], [ -92.348167, 40.28717 ], [ -92.348055, 40.281599 ], [ -92.348533, 40.281135 ], [ -92.348551, 40.273915 ], [ -92.348578, 40.240797 ], [ -92.34927, 40.239763 ], [ -92.348747, 40.237393 ], [ -92.348616, 40.215834 ], [ -92.346455, 40.215888 ], [ -92.345903, 40.160808 ], [ -92.34584, 40.153788 ], [ -92.345718, 40.141551 ], [ -92.345872, 40.138998 ], [ -92.345772, 40.125037 ], [ -92.345818, 40.124563 ], [ -92.345955, 40.124171 ], [ -92.345955, 40.117136 ], [ -92.345798, 40.09532 ], [ -92.345256, 40.037955 ], [ -92.345064, 40.03721 ], [ -92.399038, 40.037012 ], [ -92.467751, 40.036961 ], [ -92.477985, 40.037111 ], [ -92.482351, 40.036985 ], [ -92.487607, 40.03698 ], [ -92.488419, 40.037097 ], [ -92.490481, 40.037079 ], [ -92.492745, 40.037114 ], [ -92.496491, 40.037092 ], [ -92.501666, 40.037093 ], [ -92.509616, 40.03706 ], [ -92.515529, 40.037116 ], [ -92.622069, 40.038224 ], [ -92.625192, 40.038302 ], [ -92.628804, 40.03829 ], [ -92.685819, 40.038289 ], [ -92.700684, 40.038192 ], [ -92.733642, 40.038056 ], [ -92.742944, 40.03798 ], [ -92.847477, 40.037301 ], [ -92.856191, 40.037253 ], [ -92.856045, 40.121128 ] ] ] ] } },
{ "type": "Feature", "properties": { "STATEFP": "29", "COUNTYFP": "169", "COUNTYNS": "00758539", "GEOIDFQ": "0500000US29169", "GEOID": "29169", "NAME": "Pulaski", "NAMELSAD": "Pulaski County", "STUSPS": "MO", "STATE_NAME": "Missouri", "LSAD": "06", "ALAND": 1417014584.0, "AWATER": 11312724.0 }, "geometry": { "type": "MultiPolygon", "coordinates": [ [ [ [ -92.412212, 37.757084 ], [ -92.411863, 37.768078 ], [ -92.411227, 37.796629 ], [ -92.41122, 37.796838 ], [ -92.411088, 37.801283 ], [ -92.40976, 37.845906 ], [ -92.409727, 37.847013 ], [ -92.409685, 37.848324 ], [ -92.409304, 37.856814 ], [ -92.409231, 37.85918 ], [ -92.409197, 37.866244 ], [ -92.409007, 37.867282 ], [ -92.408851, 37.867752 ], [ -92.408849, 37.870347 ], [ -92.408916, 37.874633 ], [ -92.408646, 37.888891 ], [ -92.40834, 37.904188 ], [ -92.407766, 37.93246 ], [ -92.407934, 37.932838 ], [ -92.407461, 37.948645 ], [ -92.406889, 37.976965 ], [ -92.406872, 37.977802 ], [ -92.406275, 38.021179 ], [ -92.404535, 38.021145 ], [ -92.390076, 38.020437 ], [ -92.379449, 38.020231 ], [ -92.377349, 38.020647 ], [ -92.365937, 38.020632 ], [ -92.365625, 38.02017 ], [ -92.363322, 38.019982 ], [ -92.295665, 38.018938 ], [ -92.295673, 38.018436 ], [ -92.272452, 38.017933 ], [ -92.223288, 38.016988 ], [ -92.18537, 38.016338 ], [ -92.18537, 38.015138 ], [ -92.171784, 38.014707 ], [ -92.164401, 38.014882 ], [ -92.155182, 38.014667 ], [ -92.142913, 38.013787 ], [ -92.121467, 38.013104 ], [ -92.075455, 38.01138 ], [ -92.075464, 38.011039 ], [ -92.061372, 38.010935 ], [ -92.057274, 38.010905 ], [ -92.021165, 38.010639 ], [ -92.021189, 37.975575 ], [ -92.021688, 37.939837 ], [ -92.021953, 37.928245 ], [ -92.02196, 37.927893 ], [ -92.022463, 37.88074 ], [ -92.022863, 37.88074 ], [ -92.023674, 37.835867 ], [ -92.0246, 37.793721 ], [ -92.02506, 37.772813 ], [ -92.025136, 37.769347 ], [ -92.02556, 37.75004 ], [ -92.025954, 37.735824 ], [ -92.026163, 37.728325 ], [ -92.026822, 37.707047 ], [ -92.02856, 37.706841 ], [ -92.029258, 37.602542 ], [ -92.042918, 37.602804 ], [ -92.083939, 37.603629 ], [ -92.08477, 37.603646 ], [ -92.158296, 37.604901 ], [ -92.176978, 37.60517 ], [ -92.183261, 37.605243 ], [ -92.227188, 37.604627 ], [ -92.2363, 37.604583 ], [ -92.243699, 37.6044 ], [ -92.249463, 37.604543 ], [ -92.248937, 37.648471 ], [ -92.300133, 37.66908 ], [ -92.300234, 37.669121 ], [ -92.304028, 37.670648 ], [ -92.391157, 37.70577 ], [ -92.411569, 37.714041 ], [ -92.411701, 37.714034 ], [ -92.413661, 37.71416 ], [ -92.412212, 37.757084 ] ] ] ] } },
{ "type": "Feature", "properties": { "STATEFP": "29", "COUNTYFP": "079", "COUNTYNS": "00758494", "GEOIDFQ": "0500000US29079", "GEOID": "29079", "NAME": "Grundy", "NAMELSAD": "Grundy County", "STUSPS": "MO", "STATE_NAME": "Missouri", "LSAD": "06", "ALAND": 1127403258.0, "AWATER": 7116081.0 }, "geometry": { "type": "MultiPolygon", "coordinates": [ [ [ [ -93.764921, 40.10202 ], [ -93.764362, 40.111079 ], [ -93.764207, 40.118268 ], [ -93.764205, 40.11834 ], [ -93.764038, 40.129237 ], [ -93.764021, 40.132909 ], [ -93.763496, 40.205386 ], [ -93.76346, 40.210528 ], [ -93.763653, 40.220249 ], [ -93.763289, 40.234355 ], [ -93.763189, 40.247868 ], [ -93.763177, 40.249599 ], [ -93.763324, 40.263988 ], [ -93.758578, 40.264086 ], [ -93.70767, 40.263695 ], [ -93.694071, 40.26378 ], [ -93.652328, 40.264238 ], [ -93.62522, 40.264165 ], [ -93.623899, 40.264596 ], [ -93.614269, 40.26461 ], [ -93.57091, 40.264998 ], [ -93.527773, 40.264862 ], [ -93.508685, 40.264785 ], [ -93.500219, 40.264751 ], [ -93.499177, 40.265117 ], [ -93.475882, 40.265239 ], [ -93.456457, 40.265384 ], [ -93.414048, 40.265723 ], [ -93.405196, 40.265839 ], [ -93.376643, 40.266196 ], [ -93.367214, 40.266314 ], [ -93.366909, 40.23736 ], [ -93.366625, 40.208398 ], [ -93.366618, 40.208034 ], [ -93.366792, 40.193581 ], [ -93.367009, 40.130529 ], [ -93.367145, 40.129516 ], [ -93.366956, 40.128504 ], [ -93.36696, 40.127569 ], [ -93.366739, 40.120511 ], [ -93.366577, 40.065909 ], [ -93.366556, 40.033099 ], [ -93.361951, 40.033098 ], [ -93.361761, 40.01125 ], [ -93.361761, 40.00483 ], [ -93.361957, 39.967606 ], [ -93.370369, 39.967467 ], [ -93.374899, 39.967213 ], [ -93.383565, 39.967171 ], [ -93.38478, 39.967208 ], [ -93.453823, 39.96597 ], [ -93.455353, 39.965942 ], [ -93.483459, 39.965164 ], [ -93.483994, 39.96542 ], [ -93.502031, 39.965123 ], [ -93.568201, 39.9639 ], [ -93.580107, 39.963646 ], [ -93.605345, 39.963238 ], [ -93.611001, 39.962953 ], [ -93.611344, 39.962943 ], [ -93.614935, 39.962839 ], [ -93.622493, 39.962657 ], [ -93.625202, 39.962244 ], [ -93.631601, 39.962187 ], [ -93.63737, 39.962091 ], [ -93.641042, 39.962121 ], [ -93.650688, 39.961902 ], [ -93.672707, 39.961325 ], [ -93.674064, 39.96116 ], [ -93.688671, 39.960706 ], [ -93.702364, 39.960698 ], [ -93.706771, 39.960557 ], [ -93.739458, 39.959747 ], [ -93.74085, 39.958842 ], [ -93.74492, 39.959687 ], [ -93.761973, 39.959552 ], [ -93.762574, 39.995934 ], [ -93.763054, 39.999934 ], [ -93.763288, 40.011103 ], [ -93.76369, 40.031241 ], [ -93.764782, 40.031121 ], [ -93.764613, 40.045806 ], [ -93.764485, 40.055457 ], [ -93.764009, 40.060373 ], [ -93.764011, 40.067589 ], [ -93.76461, 40.074657 ], [ -93.764921, 40.10202 ] ] ] ] } },
{ "type": "Feature", "properties": { "STATEFP": "29", "COUNTYFP": "211", "COUNTYNS": "00758558", "GEOIDFQ": "0500000US29211", "GEOID": "29211", "NAME": "Sullivan", "NAMELSAD": "Sullivan County", "STUSPS": "MO", "STATE_NAME": "Missouri", "LSAD": "06", "ALAND": 1678265913.0, "AWATER": 9121738.0 }, "geometry": { "type": "MultiPolygon", "coordinates": [ [ [ [ -93.367295, 40.324665 ], [ -93.367073, 40.368411 ], [ -93.366935, 40.382999 ], [ -93.309814, 40.383504 ], [ -93.196222, 40.385445 ], [ -93.195674, 40.385549 ], [ -93.17081, 40.385646 ], [ -93.17017, 40.385533 ], [ -93.087058, 40.38642 ], [ -93.085601, 40.386325 ], [ -93.083929, 40.386451 ], [ -93.069918, 40.386211 ], [ -93.031922, 40.385881 ], [ -93.028877, 40.385886 ], [ -93.026165, 40.385732 ], [ -92.969357, 40.384995 ], [ -92.968314, 40.384772 ], [ -92.954408, 40.384944 ], [ -92.855313, 40.385894 ], [ -92.855629, 40.342736 ], [ -92.855618, 40.300674 ], [ -92.855625, 40.299083 ], [ -92.855505, 40.211761 ], [ -92.85574, 40.165885 ], [ -92.855903, 40.164753 ], [ -92.855857, 40.163881 ], [ -92.856044, 40.125025 ], [ -92.856045, 40.124365 ], [ -92.856045, 40.121128 ], [ -92.856191, 40.037253 ], [ -92.865015, 40.036791 ], [ -92.865597, 40.037103 ], [ -92.959467, 40.03639 ], [ -92.979144, 40.036446 ], [ -92.981327, 40.036541 ], [ -93.003146, 40.036498 ], [ -93.007352, 40.036535 ], [ -93.00803, 40.036417 ], [ -93.015559, 40.036578 ], [ -93.043926, 40.037012 ], [ -93.046195, 40.036999 ], [ -93.108464, 40.037 ], [ -93.121043, 40.036883 ], [ -93.123347, 40.036858 ], [ -93.151109, 40.036545 ], [ -93.153686, 40.036418 ], [ -93.168934, 40.036246 ], [ -93.169622, 40.036195 ], [ -93.220888, 40.035412 ], [ -93.251932, 40.03491 ], [ -93.271618, 40.034556 ], [ -93.309992, 40.033886 ], [ -93.332926, 40.033748 ], [ -93.33379, 40.033574 ], [ -93.361951, 40.033098 ], [ -93.366556, 40.033099 ], [ -93.366577, 40.065909 ], [ -93.366739, 40.120511 ], [ -93.36696, 40.127569 ], [ -93.366956, 40.128504 ], [ -93.367145, 40.129516 ], [ -93.367009, 40.130529 ], [ -93.366792, 40.193581 ], [ -93.366618, 40.208034 ], [ -93.366625, 40.208398 ], [ -93.366909, 40.23736 ], [ -93.367214, 40.266314 ], [ -93.367254, 40.295642 ], [ -93.366995, 40.302856 ], [ -93.367265, 40.306006 ], [ -93.367295, 40.324665 ] ] ] ] } },
{ "type": "Feature", "properties": { "STATEFP": "29", "COUNTYFP": "131", "COUNTYNS": "00758520", "GEOIDFQ": "0500000US29131", "GEOID": "29131", "NAME": "Miller", "NAMELSAD": "Miller County", "STUSPS": "MO", "STATE_NAME": "Missouri", "LSAD": "06", "ALAND": 1534756299.0, "AWATER": 19216025.0 }, "geometry": { "type": "MultiPolygon", "coordinates": [ [ [ [ -92.693713, 38.260812 ], [ -92.693083, 38.273961 ], [ -92.689834, 38.348472 ], [ -92.633756, 38.348082 ], [ -92.630457, 38.427114 ], [ -92.63019, 38.430958 ], [ -92.625189, 38.430778 ], [ -92.623987, 38.430637 ], [ -92.611566, 38.430476 ], [ -92.606733, 38.430371 ], [ -92.546029, 38.428926 ], [ -92.541611, 38.428806 ], [ -92.513962, 38.428118 ], [ -92.500191, 38.427728 ], [ -92.495185, 38.427829 ], [ -92.481598, 38.42746 ], [ -92.406243, 38.425406 ], [ -92.403484, 38.425331 ], [ -92.404152, 38.413876 ], [ -92.406397, 38.375487 ], [ -92.407358, 38.359073 ], [ -92.407971, 38.348429 ], [ -92.408407, 38.341344 ], [ -92.394297, 38.340622 ], [ -92.358298, 38.338789 ], [ -92.32768, 38.337234 ], [ -92.302628, 38.336617 ], [ -92.29768, 38.339234 ], [ -92.294179, 38.339434 ], [ -92.288779, 38.338834 ], [ -92.284479, 38.337534 ], [ -92.281479, 38.336234 ], [ -92.278479, 38.334434 ], [ -92.276079, 38.332534 ], [ -92.272879, 38.330534 ], [ -92.268478, 38.328335 ], [ -92.259278, 38.325235 ], [ -92.250178, 38.322713 ], [ -92.247778, 38.322935 ], [ -92.246116, 38.323757 ], [ -92.237109, 38.32628 ], [ -92.232974, 38.327748 ], [ -92.228244, 38.330926 ], [ -92.226076, 38.332934 ], [ -92.224678, 38.335733 ], [ -92.194476, 38.335536 ], [ -92.195222, 38.308919 ], [ -92.195675, 38.292237 ], [ -92.19574, 38.288572 ], [ -92.195873, 38.281038 ], [ -92.196326, 38.255648 ], [ -92.196458, 38.247831 ], [ -92.196659, 38.224483 ], [ -92.197017, 38.221385 ], [ -92.197082, 38.206885 ], [ -92.19735, 38.189318 ], [ -92.197773, 38.161538 ], [ -92.181372, 38.161238 ], [ -92.181416, 38.161004 ], [ -92.18154, 38.15148 ], [ -92.18179, 38.148951 ], [ -92.182187, 38.131521 ], [ -92.185017, 38.02012 ], [ -92.185305, 38.018661 ], [ -92.18537, 38.016338 ], [ -92.223288, 38.016988 ], [ -92.272452, 38.017933 ], [ -92.295673, 38.018436 ], [ -92.295665, 38.018938 ], [ -92.363322, 38.019982 ], [ -92.365625, 38.02017 ], [ -92.365937, 38.020632 ], [ -92.377349, 38.020647 ], [ -92.379449, 38.020231 ], [ -92.390076, 38.020437 ], [ -92.404535, 38.021145 ], [ -92.406275, 38.021179 ], [ -92.461305, 38.021851 ], [ -92.515979, 38.022336 ], [ -92.51558, 38.036936 ], [ -92.533895, 38.037467 ], [ -92.533554, 38.051808 ], [ -92.547881, 38.052139 ], [ -92.552381, 38.052145 ], [ -92.552081, 38.066335 ], [ -92.563992, 38.066527 ], [ -92.570281, 38.066635 ], [ -92.570227, 38.069272 ], [ -92.569682, 38.095934 ], [ -92.579144, 38.096037 ], [ -92.585516, 38.096294 ], [ -92.587984, 38.096134 ], [ -92.587688, 38.110636 ], [ -92.596761, 38.110754 ], [ -92.596944, 38.127066 ], [ -92.596551, 38.132529 ], [ -92.596374, 38.139787 ], [ -92.605302, 38.139894 ], [ -92.605219, 38.143278 ], [ -92.605159, 38.147027 ], [ -92.605087, 38.150889 ], [ -92.605024, 38.154269 ], [ -92.604957, 38.157688 ], [ -92.604817, 38.162467 ], [ -92.60482, 38.162808 ], [ -92.604684, 38.170733 ], [ -92.605039, 38.170742 ], [ -92.615915, 38.171033 ], [ -92.624557, 38.171267 ], [ -92.627175, 38.171326 ], [ -92.630161, 38.171391 ], [ -92.641314, 38.171631 ], [ -92.64094, 38.185715 ], [ -92.640934, 38.185898 ], [ -92.640459, 38.201244 ], [ -92.640085, 38.213032 ], [ -92.642485, 38.212832 ], [ -92.645786, 38.211932 ], [ -92.648257, 38.211664 ], [ -92.652413, 38.211751 ], [ -92.657586, 38.212632 ], [ -92.675586, 38.212831 ], [ -92.677658, 38.213306 ], [ -92.68226, 38.216373 ], [ -92.685871, 38.218931 ], [ -92.691787, 38.221031 ], [ -92.695886, 38.222031 ], [ -92.693713, 38.260812 ] ] ] ] } },
{ "type": "Feature", "properties": { "STATEFP": "29", "COUNTYFP": "015", "COUNTYNS": "00758462", "GEOIDFQ": "0500000US29015", "GEOID": "29015", "NAME": "Benton", "NAMELSAD": "Benton County", "STUSPS": "MO", "STATE_NAME": "Missouri", "LSAD": "06", "ALAND": 1823437753.0, "AWATER": 125605711.0 }, "geometry": { "type": "MultiPolygon", "coordinates": [ [ [ [ -93.523484, 38.207216 ], [ -93.520651, 38.272515 ], [ -93.518259, 38.321792 ], [ -93.517303, 38.340975 ], [ -93.515651, 38.373953 ], [ -93.514634, 38.392328 ], [ -93.514032, 38.403335 ], [ -93.511958, 38.446814 ], [ -93.512007, 38.454449 ], [ -93.515081, 38.454521 ], [ -93.51302, 38.501661 ], [ -93.512743, 38.512476 ], [ -93.429836, 38.510246 ], [ -93.429268, 38.510123 ], [ -93.402046, 38.509579 ], [ -93.401531, 38.509357 ], [ -93.356123, 38.508117 ], [ -93.350729, 38.507958 ], [ -93.326074, 38.507235 ], [ -93.323492, 38.507151 ], [ -93.322046, 38.507121 ], [ -93.320788, 38.507081 ], [ -93.291851, 38.506321 ], [ -93.290454, 38.535388 ], [ -93.271594, 38.535189 ], [ -93.179307, 38.534071 ], [ -93.073748, 38.530316 ], [ -93.067352, 38.530094 ], [ -93.067291, 38.529995 ], [ -93.068737, 38.502378 ], [ -93.072054, 38.442274 ], [ -93.068763, 38.442273 ], [ -93.068971, 38.433669 ], [ -93.073158, 38.361211 ], [ -93.073419, 38.354353 ], [ -93.073427, 38.350205 ], [ -93.073866, 38.344066 ], [ -93.075827, 38.30204 ], [ -93.077061, 38.273964 ], [ -93.077692, 38.263092 ], [ -93.078043, 38.25704 ], [ -93.078614, 38.252699 ], [ -93.078758, 38.244624 ], [ -93.082164, 38.186503 ], [ -93.079684, 38.186414 ], [ -93.059073, 38.185685 ], [ -93.062695, 38.113533 ], [ -93.063056, 38.106227 ], [ -93.063513, 38.09737 ], [ -93.064554, 38.077134 ], [ -93.065199, 38.062479 ], [ -93.120185, 38.062701 ], [ -93.157166, 38.063419 ], [ -93.173342, 38.063809 ], [ -93.174337, 38.063933 ], [ -93.175214, 38.064008 ], [ -93.223099, 38.064617 ], [ -93.228816, 38.06487 ], [ -93.260597, 38.065311 ], [ -93.3111, 38.066584 ], [ -93.324684, 38.066928 ], [ -93.326044, 38.066969 ], [ -93.350875, 38.067709 ], [ -93.356913, 38.068064 ], [ -93.357127, 38.068068 ], [ -93.395096, 38.069182 ], [ -93.412941, 38.070042 ], [ -93.45013, 38.071173 ], [ -93.450236, 38.071178 ], [ -93.496726, 38.072575 ], [ -93.503946, 38.073123 ], [ -93.503283, 38.087505 ], [ -93.503275, 38.087684 ], [ -93.503125, 38.091147 ], [ -93.503182, 38.091902 ], [ -93.500771, 38.138492 ], [ -93.500312, 38.144824 ], [ -93.500284, 38.145443 ], [ -93.500145, 38.15071 ], [ -93.499629, 38.155296 ], [ -93.49728, 38.199087 ], [ -93.499332, 38.19914 ], [ -93.513309, 38.199524 ], [ -93.512157, 38.202294 ], [ -93.51173, 38.20648 ], [ -93.514061, 38.207634 ], [ -93.52152, 38.207588 ], [ -93.523484, 38.207216 ] ] ] ] } },
{ "type": "Feature", "properties": { "STATEFP": "29", "COUNTYFP": "121", "COUNTYNS": "00758514", "GEOIDFQ": "0500000US29121", "GEOID": "29121", "NAME": "Macon", "NAMELSAD": "Macon County", "STUSPS": "MO", "STATE_NAME": "Missouri", "LSAD": "06", "ALAND": 2075118027.0, "AWATER": 28912941.0 }, "geometry": { "type": "MultiPolygon", "coordinates": [ [ [ [ -92.857097, 39.729376 ], [ -92.856938, 39.743564 ], [ -92.856619, 39.759376 ], [ -92.85613, 39.788243 ], [ -92.853342, 39.875646 ], [ -92.852767, 39.890261 ], [ -92.85248, 39.897489 ], [ -92.850453, 39.941492 ], [ -92.849635, 39.962822 ], [ -92.849465, 39.970783 ], [ -92.849443, 39.971771 ], [ -92.847477, 40.037301 ], [ -92.742944, 40.03798 ], [ -92.733642, 40.038056 ], [ -92.700684, 40.038192 ], [ -92.685819, 40.038289 ], [ -92.628804, 40.03829 ], [ -92.625192, 40.038302 ], [ -92.622069, 40.038224 ], [ -92.515529, 40.037116 ], [ -92.509616, 40.03706 ], [ -92.501666, 40.037093 ], [ -92.496491, 40.037092 ], [ -92.492745, 40.037114 ], [ -92.490481, 40.037079 ], [ -92.488419, 40.037097 ], [ -92.487607, 40.03698 ], [ -92.482351, 40.036985 ], [ -92.477985, 40.037111 ], [ -92.467751, 40.036961 ], [ -92.399038, 40.037012 ], [ -92.345064, 40.03721 ], [ -92.34294, 40.037163 ], [ -92.342887, 40.033699 ], [ -92.342985, 40.033294 ], [ -92.343032, 40.026213 ], [ -92.344273, 39.967913 ], [ -92.344708, 39.953297 ], [ -92.293316, 39.952598 ], [ -92.28833, 39.95249 ], [ -92.287882, 39.95249 ], [ -92.288915, 39.908867 ], [ -92.289178, 39.894356 ], [ -92.289888, 39.871824 ], [ -92.290139, 39.865329 ], [ -92.290432, 39.858042 ], [ -92.291123, 39.839876 ], [ -92.290926, 39.837444 ], [ -92.291517, 39.821964 ], [ -92.292449, 39.792282 ], [ -92.293269, 39.778712 ], [ -92.293512, 39.764888 ], [ -92.293782, 39.764224 ], [ -92.295093, 39.73566 ], [ -92.296244, 39.70831 ], [ -92.296522, 39.706456 ], [ -92.296916, 39.691886 ], [ -92.298309, 39.648632 ], [ -92.298516, 39.641844 ], [ -92.299316, 39.605344 ], [ -92.300871, 39.605348 ], [ -92.406704, 39.606686 ], [ -92.411733, 39.606699 ], [ -92.41828, 39.606951 ], [ -92.426894, 39.607043 ], [ -92.44359, 39.607292 ], [ -92.443896, 39.607301 ], [ -92.446562, 39.607307 ], [ -92.446974, 39.607322 ], [ -92.480589, 39.607615 ], [ -92.495157, 39.607653 ], [ -92.515393, 39.607935 ], [ -92.523656, 39.608058 ], [ -92.523885, 39.608127 ], [ -92.531626, 39.608252 ], [ -92.617493, 39.609229 ], [ -92.640058, 39.609544 ], [ -92.648061, 39.609541 ], [ -92.652481, 39.609791 ], [ -92.692149, 39.610265 ], [ -92.690909, 39.654514 ], [ -92.690845, 39.65592 ], [ -92.690525, 39.65748 ], [ -92.690684, 39.660948 ], [ -92.690279, 39.664708 ], [ -92.690419, 39.668311 ], [ -92.690044, 39.672012 ], [ -92.689349, 39.695785 ], [ -92.689331, 39.698094 ], [ -92.689497, 39.698098 ], [ -92.70809, 39.698571 ], [ -92.75816, 39.699331 ], [ -92.764885, 39.69954 ], [ -92.821574, 39.699893 ], [ -92.85792, 39.699985 ], [ -92.857097, 39.729376 ] ] ] ] } },
{ "type": "Feature", "properties": { "STATEFP": "29", "COUNTYFP": "067", "COUNTYNS": "00758488", "GEOIDFQ": "0500000US29067", "GEOID": "29067", "NAME": "Douglas", "NAMELSAD": "Douglas County", "STUSPS": "MO", "STATE_NAME": "Missouri", "LSAD": "06", "ALAND": 2107274104.0, "AWATER": 2520175.0 }, "geometry": { "type": "MultiPolygon", "coordinates": [ [ [ [ -92.908987, 36.819885 ], [ -92.908844, 36.824056 ], [ -92.908258, 36.854565 ], [ -92.908218, 36.857204 ], [ -92.907992, 36.867628 ], [ -92.907094, 36.896715 ], [ -92.905803, 36.939291 ], [ -92.905782, 36.940015 ], [ -92.90558, 36.950079 ], [ -92.905114, 36.969185 ], [ -92.904533, 36.998333 ], [ -92.903494, 37.037644 ], [ -92.903408, 37.041428 ], [ -92.903051, 37.056048 ], [ -92.903208, 37.058323 ], [ -92.903273, 37.070651 ], [ -92.86711, 37.069403 ], [ -92.857042, 37.069335 ], [ -92.851871, 37.068833 ], [ -92.849076, 37.068763 ], [ -92.750167, 37.068003 ], [ -92.745012, 37.067753 ], [ -92.738977, 37.067829 ], [ -92.717411, 37.067517 ], [ -92.685867, 37.067051 ], [ -92.649227, 37.066697 ], [ -92.632492, 37.066548 ], [ -92.617054, 37.065957 ], [ -92.613427, 37.06597 ], [ -92.603474, 37.06582 ], [ -92.545275, 37.064128 ], [ -92.544945, 37.064122 ], [ -92.539027, 37.064033 ], [ -92.522279, 37.063675 ], [ -92.520502, 37.063637 ], [ -92.476564, 37.062977 ], [ -92.467788, 37.062894 ], [ -92.454287, 37.062801 ], [ -92.41764, 37.062589 ], [ -92.41435, 37.062569 ], [ -92.378208, 37.062141 ], [ -92.35076, 37.061851 ], [ -92.305426, 37.061251 ], [ -92.288001, 37.060296 ], [ -92.270607, 37.059978 ], [ -92.26424, 37.060062 ], [ -92.251359, 37.059653 ], [ -92.25016, 37.059753 ], [ -92.23716, 37.059431 ], [ -92.196689, 37.058427 ], [ -92.196489, 37.058422 ], [ -92.143087, 37.057097 ], [ -92.088708, 37.056248 ], [ -92.089202, 37.03787 ], [ -92.089032, 37.035362 ], [ -92.089628, 37.012494 ], [ -92.089904, 37.000054 ], [ -92.090282, 36.99616 ], [ -92.090912, 36.969257 ], [ -92.090922, 36.968928 ], [ -92.092247, 36.918598 ], [ -92.093066, 36.895091 ], [ -92.093229, 36.881607 ], [ -92.093466, 36.869977 ], [ -92.094676, 36.837565 ], [ -92.094678, 36.837495 ], [ -92.095982, 36.794011 ], [ -92.112346, 36.794231 ], [ -92.132075, 36.794641 ], [ -92.141852, 36.794853 ], [ -92.147343, 36.794971 ], [ -92.159607, 36.79519 ], [ -92.16168, 36.79532 ], [ -92.204295, 36.79612 ], [ -92.221292, 36.796373 ], [ -92.221863, 36.796492 ], [ -92.313135, 36.79829 ], [ -92.33074, 36.798573 ], [ -92.345726, 36.798916 ], [ -92.359968, 36.799147 ], [ -92.367155, 36.799325 ], [ -92.403328, 36.799865 ], [ -92.409844, 36.799955 ], [ -92.413963, 36.800035 ], [ -92.422429, 36.8002 ], [ -92.483021, 36.801017 ], [ -92.484451, 36.80121 ], [ -92.485059, 36.801334 ], [ -92.507432, 36.801631 ], [ -92.516727, 36.80187 ], [ -92.529504, 36.802134 ], [ -92.548115, 36.802481 ], [ -92.582668, 36.802981 ], [ -92.58959, 36.803109 ], [ -92.638226, 36.803981 ], [ -92.638755, 36.803989 ], [ -92.644019, 36.804074 ], [ -92.65683, 36.804246 ], [ -92.74677, 36.805708 ], [ -92.763437, 36.805947 ], [ -92.764869, 36.806097 ], [ -92.783007, 36.806471 ], [ -92.855405, 36.807953 ], [ -92.903692, 36.809043 ], [ -92.909336, 36.809178 ], [ -92.908987, 36.819885 ] ] ] ] } },
{ "type": "Feature", "properties": { "STATEFP": "29", "COUNTYFP": "071", "COUNTYNS": "00758490", "GEOIDFQ": "0500000US29071", "GEOID": "29071", "NAME": "Franklin", "NAMELSAD": "Franklin County", "STUSPS": "MO", "STATE_NAME": "Missouri", "LSAD": "06", "ALAND": 2389725909.0, "AWATER": 20813993.0 }, "geometry": { "type": "MultiPolygon", "coordinates": [ [ [ [ -91.369192, 38.699324 ], [ -91.367338, 38.698735 ], [ -91.357462, 38.6967 ], [ -91.352986, 38.695635 ], [ -91.34912, 38.695435 ], [ -91.346112, 38.695956 ], [ -91.341682, 38.697415 ], [ -91.329563, 38.705974 ], [ -91.327974, 38.707266 ], [ -91.324376, 38.708414 ], [ -91.319022, 38.708368 ], [ -91.313093, 38.706715 ], [ -91.309687, 38.704464 ], [ -91.304157, 38.699977 ], [ -91.297872, 38.694588 ], [ -91.29112, 38.689181 ], [ -91.279243, 38.682074 ], [ -91.274743, 38.67899 ], [ -91.266634, 38.671753 ], [ -91.259813, 38.666601 ], [ -91.250154, 38.661445 ], [ -91.246672, 38.660144 ], [ -91.243636, 38.658383 ], [ -91.243051, 38.658084 ], [ -91.237423, 38.654966 ], [ -91.232986, 38.65134 ], [ -91.230425, 38.648138 ], [ -91.2276, 38.642978 ], [ -91.226858, 38.640711 ], [ -91.226538, 38.636648 ], [ -91.228472, 38.630194 ], [ -91.227526, 38.625048 ], [ -91.226547, 38.621567 ], [ -91.224986, 38.620783 ], [ -91.221492, 38.619741 ], [ -91.216357, 38.617702 ], [ -91.202933, 38.614706 ], [ -91.199511, 38.613492 ], [ -91.192394, 38.610963 ], [ -91.184573, 38.608414 ], [ -91.182957, 38.607896 ], [ -91.174806, 38.60682 ], [ -91.152537, 38.603692 ], [ -91.132535, 38.598279 ], [ -91.125148, 38.597704 ], [ -91.123011, 38.597883 ], [ -91.117379, 38.598494 ], [ -91.11291, 38.599606 ], [ -91.096117, 38.605082 ], [ -91.089183, 38.606895 ], [ -91.086894, 38.607493 ], [ -91.077324, 38.609343 ], [ -91.068888, 38.609898 ], [ -91.06348, 38.609438 ], [ -91.055898, 38.608267 ], [ -91.046568, 38.60488 ], [ -91.037222, 38.598576 ], [ -91.035005, 38.596274 ], [ -91.032325, 38.59349 ], [ -91.029306, 38.588684 ], [ -91.024469, 38.578398 ], [ -91.02143, 38.57352 ], [ -91.01838, 38.570262 ], [ -91.014132, 38.566013 ], [ -91.007668, 38.562492 ], [ -91.005406, 38.561082 ], [ -90.998144, 38.557495 ], [ -90.99241, 38.555126 ], [ -90.989271, 38.554059 ], [ -90.984761, 38.552943 ], [ -90.978335, 38.551861 ], [ -90.96952, 38.549652 ], [ -90.964461, 38.547545 ], [ -90.96037, 38.545099 ], [ -90.954039, 38.541561 ], [ -90.947721, 38.53894 ], [ -90.942567, 38.537602 ], [ -90.937352, 38.536065 ], [ -90.932857, 38.535017 ], [ -90.926767, 38.53429 ], [ -90.923303, 38.534134 ], [ -90.916554, 38.534725 ], [ -90.910886, 38.535924 ], [ -90.906043, 38.537178 ], [ -90.904764, 38.537517 ], [ -90.895968, 38.540589 ], [ -90.892675, 38.542182 ], [ -90.889471, 38.544405 ], [ -90.883917, 38.547847 ], [ -90.880391, 38.549715 ], [ -90.873268, 38.553893 ], [ -90.868952, 38.555659 ], [ -90.866668, 38.55607 ], [ -90.862, 38.557988 ], [ -90.854775, 38.560348 ], [ -90.849841, 38.562257 ], [ -90.841933, 38.565955 ], [ -90.835834, 38.569788 ], [ -90.829223, 38.575292 ], [ -90.825255, 38.578007 ], [ -90.821451, 38.580071 ], [ -90.816536, 38.583414 ], [ -90.812988, 38.585554 ], [ -90.804059, 38.588192 ], [ -90.79574, 38.590153 ], [ -90.789585, 38.590494 ], [ -90.781228, 38.591959 ], [ -90.777993, 38.592816 ], [ -90.773622, 38.594617 ], [ -90.768684, 38.597661 ], [ -90.763341, 38.601949 ], [ -90.756419, 38.610672 ], [ -90.75609, 38.611318 ], [ -90.755408, 38.612659 ], [ -90.754757, 38.616108 ], [ -90.752318, 38.620746 ], [ -90.750703, 38.625103 ], [ -90.744048, 38.63089 ], [ -90.742412, 38.634563 ], [ -90.736299, 38.636744 ], [ -90.733952, 38.639104 ], [ -90.732328, 38.639302 ], [ -90.732231, 38.62137 ], [ -90.732628, 38.5766 ], [ -90.73388, 38.548944 ], [ -90.734224, 38.541939 ], [ -90.734408, 38.534972 ], [ -90.735324, 38.504336 ], [ -90.735328, 38.504159 ], [ -90.735466, 38.497154 ], [ -90.735571, 38.492503 ], [ -90.735573, 38.492378 ], [ -90.735574, 38.490012 ], [ -90.735744, 38.482785 ], [ -90.736087, 38.469781 ], [ -90.736167, 38.466869 ], [ -90.736204, 38.466812 ], [ -90.736562, 38.448947 ], [ -90.736931, 38.436011 ], [ -90.737333, 38.422049 ], [ -90.737599, 38.415897 ], [ -90.739641, 38.404396 ], [ -90.740674, 38.399353 ], [ -90.750222, 38.355078 ], [ -90.755601, 38.330052 ], [ -90.760533, 38.306405 ], [ -90.765978, 38.280241 ], [ -90.766984, 38.274 ], [ -90.76746, 38.27315 ], [ -90.77228, 38.25005 ], [ -90.772585, 38.245856 ], [ -90.773549, 38.24068 ], [ -90.780185, 38.204112 ], [ -90.790637, 38.203979 ], [ -90.819205, 38.204258 ], [ -90.835147, 38.204551 ], [ -90.858312, 38.205103 ], [ -90.864677, 38.204914 ], [ -90.881832, 38.204965 ], [ -90.884854, 38.204832 ], [ -90.892409, 38.205011 ], [ -90.895703, 38.204926 ], [ -90.934015, 38.205244 ], [ -90.952198, 38.205369 ], [ -90.97019, 38.20551 ], [ -90.970187, 38.206687 ], [ -90.978782, 38.20564 ], [ -90.98964, 38.204295 ], [ -91.008785, 38.204089 ], [ -91.085606, 38.204084 ], [ -91.085975, 38.204041 ], [ -91.095765, 38.204083 ], [ -91.097604, 38.204083 ], [ -91.123721, 38.204144 ], [ -91.125141, 38.204243 ], [ -91.140334, 38.204219 ], [ -91.144616, 38.204214 ], [ -91.168801, 38.20415 ], [ -91.169419, 38.204065 ], [ -91.177533, 38.204085 ], [ -91.187445, 38.204085 ], [ -91.199387, 38.204088 ], [ -91.199438, 38.204088 ], [ -91.255465, 38.204141 ], [ -91.291153, 38.203994 ], [ -91.31119, 38.204048 ], [ -91.33884, 38.20404 ], [ -91.346926, 38.204037 ], [ -91.348024, 38.204054 ], [ -91.358091, 38.204121 ], [ -91.36763, 38.204013 ], [ -91.367482, 38.209741 ], [ -91.367101, 38.224488 ], [ -91.366638, 38.242861 ], [ -91.367065, 38.250064 ], [ -91.366653, 38.256094 ], [ -91.36648, 38.263811 ], [ -91.366274, 38.283085 ], [ -91.36599, 38.285204 ], [ -91.365953, 38.289407 ], [ -91.365948, 38.293158 ], [ -91.365898, 38.299846 ], [ -91.365565, 38.322086 ], [ -91.365436, 38.33147 ], [ -91.367037, 38.331491 ], [ -91.366827, 38.393121 ], [ -91.366928, 38.393947 ], [ -91.366833, 38.419915 ], [ -91.367753, 38.420296 ], [ -91.36777, 38.434604 ], [ -91.367665, 38.461479 ], [ -91.367622, 38.480272 ], [ -91.367794, 38.509374 ], [ -91.36852, 38.509366 ], [ -91.36832, 38.546312 ], [ -91.368337, 38.55365 ], [ -91.367821, 38.569216 ], [ -91.368002, 38.5837 ], [ -91.368358, 38.598592 ], [ -91.368696, 38.623011 ], [ -91.368853, 38.625044 ], [ -91.36842, 38.665575 ], [ -91.368417, 38.688158 ], [ -91.369192, 38.699324 ] ] ] ] } },
{ "type": "Feature", "properties": { "STATEFP": "29", "COUNTYFP": "185", "COUNTYNS": "00758547", "GEOIDFQ": "0500000US29185", "GEOID": "29185", "NAME": "St. Clair", "NAMELSAD": "St. Clair County", "STUSPS": "MO", "STATE_NAME": "Missouri", "LSAD": "06", "ALAND": 1748193268.0, "AWATER": 70137865.0 }, "geometry": { "type": "MultiPolygon", "coordinates": [ [ [ [ -94.064723, 37.921084 ], [ -94.063874, 37.929699 ], [ -94.061389, 37.97247 ], [ -94.061065, 37.972931 ], [ -94.060842, 37.987786 ], [ -94.060002, 38.002656 ], [ -94.060135, 38.00966 ], [ -94.058285, 38.036627 ], [ -94.057808, 38.046475 ], [ -94.055174, 38.104217 ], [ -94.05449, 38.118682 ], [ -94.051579, 38.176663 ], [ -94.049895, 38.213985 ], [ -94.020983, 38.213293 ], [ -93.964932, 38.211919 ], [ -93.940149, 38.211282 ], [ -93.876021, 38.209475 ], [ -93.854429, 38.208868 ], [ -93.830524, 38.208145 ], [ -93.828277, 38.20807 ], [ -93.826478, 38.208168 ], [ -93.756961, 38.206121 ], [ -93.752741, 38.206037 ], [ -93.744373, 38.205829 ], [ -93.61608, 38.202569 ], [ -93.60959, 38.202258 ], [ -93.575738, 38.201068 ], [ -93.557336, 38.201074 ], [ -93.559809, 38.204238 ], [ -93.563432, 38.206005 ], [ -93.567528, 38.211891 ], [ -93.570781, 38.215409 ], [ -93.570595, 38.217209 ], [ -93.569525, 38.218944 ], [ -93.56619, 38.219268 ], [ -93.564749, 38.220598 ], [ -93.5609, 38.220808 ], [ -93.557027, 38.219673 ], [ -93.545612, 38.210834 ], [ -93.539553, 38.206857 ], [ -93.538576, 38.205477 ], [ -93.535413, 38.206866 ], [ -93.528034, 38.207143 ], [ -93.523484, 38.207216 ], [ -93.52152, 38.207588 ], [ -93.514061, 38.207634 ], [ -93.51173, 38.20648 ], [ -93.512157, 38.202294 ], [ -93.513309, 38.199524 ], [ -93.499332, 38.19914 ], [ -93.49728, 38.199087 ], [ -93.499629, 38.155296 ], [ -93.500145, 38.15071 ], [ -93.500284, 38.145443 ], [ -93.500312, 38.144824 ], [ -93.500771, 38.138492 ], [ -93.503182, 38.091902 ], [ -93.503125, 38.091147 ], [ -93.503275, 38.087684 ], [ -93.503283, 38.087505 ], [ -93.503946, 38.073123 ], [ -93.504025, 38.071757 ], [ -93.506536, 38.022273 ], [ -93.508186, 38.000544 ], [ -93.508084, 37.998539 ], [ -93.51012, 37.95648 ], [ -93.511421, 37.927596 ], [ -93.511721, 37.921427 ], [ -93.512103, 37.913535 ], [ -93.568709, 37.914918 ], [ -93.569399, 37.900974 ], [ -93.572303, 37.827935 ], [ -93.573202, 37.828035 ], [ -93.617713, 37.829101 ], [ -93.628404, 37.829435 ], [ -93.63705, 37.829721 ], [ -93.66091, 37.830152 ], [ -93.668662, 37.830451 ], [ -93.68334, 37.83081 ], [ -93.692446, 37.831038 ], [ -93.738248, 37.831943 ], [ -93.803148, 37.834315 ], [ -93.811692, 37.834786 ], [ -93.811801, 37.835092 ], [ -93.810784, 37.84904 ], [ -93.810267, 37.859597 ], [ -93.808664, 37.887961 ], [ -93.808648, 37.892775 ], [ -93.809653, 37.892629 ], [ -93.819522, 37.892804 ], [ -93.84554, 37.894889 ], [ -93.849417, 37.894386 ], [ -93.85017, 37.894099 ], [ -93.900179, 37.895336 ], [ -93.918516, 37.895885 ], [ -93.954925, 37.896914 ], [ -93.955022, 37.896928 ], [ -93.955597, 37.897154 ], [ -94.019571, 37.899274 ], [ -94.061115, 37.900819 ], [ -94.065675, 37.900987 ], [ -94.064723, 37.921084 ] ] ] ] } },
{ "type": "Feature", "properties": { "STATEFP": "29", "COUNTYFP": "073", "COUNTYNS": "00758491", "GEOIDFQ": "0500000US29073", "GEOID": "29073", "NAME": "Gasconade", "NAMELSAD": "Gasconade County", "STUSPS": "MO", "STATE_NAME": "Missouri", "LSAD": "06", "ALAND": 1344216320.0, "AWATER": 18008168.0 }, "geometry": { "type": "MultiPolygon", "coordinates": [ [ [ [ -91.644818, 38.155468 ], [ -91.644837, 38.18337 ], [ -91.644718, 38.227719 ], [ -91.644792, 38.243181 ], [ -91.644764, 38.262009 ], [ -91.644557, 38.265673 ], [ -91.644729, 38.28851 ], [ -91.644657, 38.299815 ], [ -91.644666, 38.301645 ], [ -91.644661, 38.303393 ], [ -91.644697, 38.304394 ], [ -91.64461, 38.316403 ], [ -91.644392, 38.348073 ], [ -91.644352, 38.357424 ], [ -91.644491, 38.377301 ], [ -91.644478, 38.378035 ], [ -91.643786, 38.422951 ], [ -91.643577, 38.436446 ], [ -91.643556, 38.437723 ], [ -91.643244, 38.45804 ], [ -91.642849, 38.483909 ], [ -91.642399, 38.504655 ], [ -91.642422, 38.505181 ], [ -91.642369, 38.542515 ], [ -91.642169, 38.556926 ], [ -91.641963, 38.582064 ], [ -91.641308, 38.617307 ], [ -91.641166, 38.621827 ], [ -91.641335, 38.626563 ], [ -91.641099, 38.633182 ], [ -91.641374, 38.641081 ], [ -91.640616, 38.66118 ], [ -91.640595, 38.667534 ], [ -91.640577, 38.674195 ], [ -91.640413, 38.675926 ], [ -91.640306, 38.676309 ], [ -91.640372, 38.703792 ], [ -91.633862, 38.70281 ], [ -91.625169, 38.70073 ], [ -91.619734, 38.698536 ], [ -91.616032, 38.696523 ], [ -91.61311, 38.694547 ], [ -91.606557, 38.69016 ], [ -91.602885, 38.688293 ], [ -91.593042, 38.684062 ], [ -91.587665, 38.682185 ], [ -91.582568, 38.681421 ], [ -91.575975, 38.680843 ], [ -91.558185, 38.676635 ], [ -91.552196, 38.676322 ], [ -91.547142, 38.676406 ], [ -91.546289, 38.676627 ], [ -91.545313, 38.676882 ], [ -91.53579, 38.681796 ], [ -91.524638, 38.68741 ], [ -91.522725, 38.688241 ], [ -91.502602, 38.695 ], [ -91.503419, 38.699981 ], [ -91.502407, 38.702875 ], [ -91.501074, 38.704687 ], [ -91.499248, 38.705881 ], [ -91.498229, 38.707925 ], [ -91.496533, 38.709464 ], [ -91.494438, 38.709695 ], [ -91.490596, 38.712294 ], [ -91.487792, 38.713114 ], [ -91.485101, 38.713307 ], [ -91.479281, 38.711722 ], [ -91.472339, 38.707621 ], [ -91.470103, 38.707479 ], [ -91.468176, 38.708024 ], [ -91.462589, 38.708102 ], [ -91.46008, 38.709376 ], [ -91.454815, 38.710311 ], [ -91.455194, 38.709624 ], [ -91.453063, 38.709268 ], [ -91.457955, 38.708064 ], [ -91.4576, 38.70627 ], [ -91.450484, 38.707813 ], [ -91.442845, 38.709182 ], [ -91.438677, 38.709437 ], [ -91.426741, 38.709736 ], [ -91.418637, 38.709778 ], [ -91.405369, 38.709219 ], [ -91.397327, 38.708444 ], [ -91.395134, 38.70799 ], [ -91.388082, 38.705614 ], [ -91.382347, 38.704044 ], [ -91.375159, 38.701287 ], [ -91.369192, 38.699324 ], [ -91.368417, 38.688158 ], [ -91.36842, 38.665575 ], [ -91.368853, 38.625044 ], [ -91.368696, 38.623011 ], [ -91.368358, 38.598592 ], [ -91.368002, 38.5837 ], [ -91.367821, 38.569216 ], [ -91.368337, 38.55365 ], [ -91.36832, 38.546312 ], [ -91.36852, 38.509366 ], [ -91.367794, 38.509374 ], [ -91.367622, 38.480272 ], [ -91.367665, 38.461479 ], [ -91.36777, 38.434604 ], [ -91.367753, 38.420296 ], [ -91.366833, 38.419915 ], [ -91.366928, 38.393947 ], [ -91.366827, 38.393121 ], [ -91.367037, 38.331491 ], [ -91.365436, 38.33147 ], [ -91.365565, 38.322086 ], [ -91.365898, 38.299846 ], [ -91.365948, 38.293158 ], [ -91.365953, 38.289407 ], [ -91.36599, 38.285204 ], [ -91.366274, 38.283085 ], [ -91.36648, 38.263811 ], [ -91.366653, 38.256094 ], [ -91.367065, 38.250064 ], [ -91.366638, 38.242861 ], [ -91.367101, 38.224488 ], [ -91.367482, 38.209741 ], [ -91.405235, 38.209953 ], [ -91.41887, 38.21013 ], [ -91.42483, 38.209876 ], [ -91.424832, 38.211639 ], [ -91.433099, 38.210937 ], [ -91.44008, 38.21036 ], [ -91.460616, 38.210528 ], [ -91.470209, 38.210859 ], [ -91.535115, 38.210976 ], [ -91.535333, 38.210936 ], [ -91.535119, 38.196383 ], [ -91.534636, 38.167105 ], [ -91.534384, 38.152593 ], [ -91.538016, 38.15249 ], [ -91.566357, 38.152747 ], [ -91.580252, 38.152793 ], [ -91.589527, 38.153249 ], [ -91.608101, 38.15329 ], [ -91.630554, 38.153519 ], [ -91.644893, 38.153679 ], [ -91.644818, 38.155468 ] ] ] ] } },
{ "type": "Feature", "properties": { "STATEFP": "29", "COUNTYFP": "199", "COUNTYNS": "00758552", "GEOIDFQ": "0500000US29199", "GEOID": "29199", "NAME": "Scotland", "NAMELSAD": "Scotland County", "STUSPS": "MO", "STATE_NAME": "Missouri", "LSAD": "06", "ALAND": 1130548365.0, "AWATER": 7217862.0 }, "geometry": { "type": "MultiPolygon", "coordinates": [ [ [ [ -92.351404, 40.491573 ], [ -92.351222, 40.531803 ], [ -92.350896, 40.571311 ], [ -92.350626, 40.592456 ], [ -92.350806712293505, 40.597273187449296 ], [ -92.350776, 40.597274 ], [ -92.331445, 40.597714 ], [ -92.331205, 40.597805 ], [ -92.298754, 40.598469 ], [ -92.293593210497505, 40.598557016034199 ], [ -92.246038718731896, 40.599368046550602 ], [ -92.236484, 40.599531 ], [ -92.222299986147306, 40.599757120871203 ], [ -92.217603, 40.599832 ], [ -92.201669, 40.59998 ], [ -92.196162, 40.600069 ], [ -92.17978, 40.600529 ], [ -92.096387, 40.60183 ], [ -92.092875, 40.602082 ], [ -92.0832, 40.602244 ], [ -92.082339, 40.602176 ], [ -92.069521, 40.602772 ], [ -92.067904, 40.602648 ], [ -92.063931037128995, 40.602758605292301 ], [ -92.053746966744399, 40.603042124700501 ], [ -92.053231431552902, 40.603056476941497 ], [ -92.029649, 40.603713 ], [ -91.998683, 40.604433 ], [ -91.970988, 40.605112 ], [ -91.948657273044603, 40.605456361296298 ], [ -91.947708, 40.605471 ], [ -91.943113186633994, 40.605841707970001 ], [ -91.94458, 40.504332 ], [ -91.944744, 40.496956 ], [ -91.945032, 40.475558 ], [ -91.945363, 40.445951 ], [ -91.945665, 40.430529 ], [ -91.946369, 40.402103 ], [ -91.946572, 40.401811 ], [ -91.946397, 40.401377 ], [ -91.946213, 40.388385 ], [ -91.946748, 40.387766 ], [ -91.948608, 40.32972 ], [ -91.949747, 40.300832 ], [ -91.978925, 40.301283 ], [ -91.983021, 40.301404 ], [ -92.025151, 40.302026 ], [ -92.044234, 40.302403 ], [ -92.061741, 40.302725 ], [ -92.137644, 40.303727 ], [ -92.156692, 40.303968 ], [ -92.172297, 40.304135 ], [ -92.178568, 40.304195 ], [ -92.17859, 40.304195 ], [ -92.188463, 40.304049 ], [ -92.190642, 40.304139 ], [ -92.242803, 40.303827 ], [ -92.250185, 40.303488 ], [ -92.326416, 40.302864 ], [ -92.347801, 40.302756 ], [ -92.349897, 40.302733 ], [ -92.349975, 40.346505 ], [ -92.350341, 40.38398 ], [ -92.350393, 40.389744 ], [ -92.351392, 40.477083 ], [ -92.351404, 40.491573 ] ] ] ] } },
{ "type": "Feature", "properties": { "STATEFP": "29", "COUNTYFP": "125", "COUNTYNS": "00758516", "GEOIDFQ": "0500000US29125", "GEOID": "29125", "NAME": "Maries", "NAMELSAD": "Maries County", "STUSPS": "MO", "STATE_NAME": "Missouri", "LSAD": "06", "ALAND": 1364873607.0, "AWATER": 7632374.0 }, "geometry": { "type": "MultiPolygon", "coordinates": [ [ [ [ -92.19735, 38.189318 ], [ -92.197082, 38.206885 ], [ -92.197017, 38.221385 ], [ -92.196659, 38.224483 ], [ -92.196458, 38.247831 ], [ -92.196326, 38.255648 ], [ -92.195873, 38.281038 ], [ -92.19574, 38.288572 ], [ -92.195675, 38.292237 ], [ -92.177581, 38.291868 ], [ -92.171661, 38.291746 ], [ -92.029001, 38.28883 ], [ -92.027481, 38.288799 ], [ -92.023583, 38.28871 ], [ -92.023415, 38.288706 ], [ -92.012094, 38.28815 ], [ -92.000821, 38.288302 ], [ -92.00075, 38.288848 ], [ -91.991665, 38.288674 ], [ -91.972625, 38.28963 ], [ -91.883986, 38.289898 ], [ -91.865828, 38.292907 ], [ -91.862664, 38.292889 ], [ -91.86312, 38.29361 ], [ -91.775346, 38.292044 ], [ -91.763536, 38.290693 ], [ -91.757427, 38.290096 ], [ -91.757318, 38.28872 ], [ -91.730388, 38.289111 ], [ -91.723931, 38.289184 ], [ -91.711348, 38.289037 ], [ -91.708206, 38.288951 ], [ -91.704228, 38.28883 ], [ -91.644729, 38.28851 ], [ -91.644557, 38.265673 ], [ -91.644764, 38.262009 ], [ -91.644792, 38.243181 ], [ -91.644718, 38.227719 ], [ -91.644837, 38.18337 ], [ -91.644818, 38.155468 ], [ -91.644893, 38.153679 ], [ -91.630554, 38.153519 ], [ -91.630662, 38.145242 ], [ -91.631827, 38.077939 ], [ -91.631703, 38.077635 ], [ -91.632431, 38.050951 ], [ -91.650113, 38.051308 ], [ -91.687535, 38.052192 ], [ -91.746407, 38.053212 ], [ -91.747389, 38.05332 ], [ -91.747707, 38.053195 ], [ -91.753347, 38.053243 ], [ -91.76565, 38.052785 ], [ -91.774464, 38.052389 ], [ -91.775063, 38.052398 ], [ -91.780681, 38.052567 ], [ -91.802108, 38.051916 ], [ -91.822594, 38.051549 ], [ -91.828344, 38.051609 ], [ -91.868123, 38.051214 ], [ -91.874871, 38.051172 ], [ -91.876209, 38.051171 ], [ -91.894475, 38.051197 ], [ -91.895132, 38.051199 ], [ -91.896128, 38.048695 ], [ -91.896944, 38.047864 ], [ -91.901088, 38.047389 ], [ -91.90606, 38.045882 ], [ -91.907202, 38.044859 ], [ -91.90983, 38.044376 ], [ -91.913885, 38.042982 ], [ -91.917023, 38.041484 ], [ -91.917847, 38.040122 ], [ -91.924722, 38.035224 ], [ -91.931181, 38.032726 ], [ -91.935247, 38.03087 ], [ -91.936029, 38.03088 ], [ -91.937294, 38.032099 ], [ -91.93766, 38.034859 ], [ -91.93844, 38.036752 ], [ -91.941852, 38.041592 ], [ -91.945536, 38.042179 ], [ -91.949089, 38.041872 ], [ -91.951911, 38.04109 ], [ -91.953704, 38.040155 ], [ -91.955967, 38.038003 ], [ -91.958301, 38.036319 ], [ -91.960132, 38.030695 ], [ -91.96236, 38.02549 ], [ -91.963168, 38.022743 ], [ -91.963247, 38.017869 ], [ -91.96378, 38.015396 ], [ -91.966333, 38.009683 ], [ -91.984815, 38.009622 ], [ -92.000164, 38.010217 ], [ -92.001951, 38.010088 ], [ -92.021165, 38.010639 ], [ -92.057274, 38.010905 ], [ -92.061372, 38.010935 ], [ -92.075464, 38.011039 ], [ -92.075455, 38.01138 ], [ -92.121467, 38.013104 ], [ -92.142913, 38.013787 ], [ -92.155182, 38.014667 ], [ -92.164401, 38.014882 ], [ -92.171784, 38.014707 ], [ -92.18537, 38.015138 ], [ -92.18537, 38.016338 ], [ -92.185305, 38.018661 ], [ -92.185017, 38.02012 ], [ -92.182187, 38.131521 ], [ -92.18179, 38.148951 ], [ -92.18154, 38.15148 ], [ -92.181416, 38.161004 ], [ -92.181372, 38.161238 ], [ -92.197773, 38.161538 ], [ -92.19735, 38.189318 ] ] ] ] } },
{ "type": "Feature", "properties": { "STATEFP": "29", "COUNTYFP": "219", "COUNTYNS": "00758562", "GEOIDFQ": "0500000US29219", "GEOID": "29219", "NAME": "Warren", "NAMELSAD": "Warren County", "STUSPS": "MO", "STATE_NAME": "Missouri", "LSAD": "06", "ALAND": 1110043615.0, "AWATER": 23774997.0 }, "geometry": { "type": "MultiPolygon", "coordinates": [ [ [ [ -91.418302, 38.72075 ], [ -91.418047, 38.731733 ], [ -91.417819, 38.734975 ], [ -91.417948, 38.7355 ], [ -91.417648, 38.739774 ], [ -91.416853, 38.788066 ], [ -91.416482, 38.805632 ], [ -91.416289, 38.820591 ], [ -91.416604, 38.830921 ], [ -91.415832, 38.8453 ], [ -91.405263, 38.845144 ], [ -91.364867, 38.844514 ], [ -91.313785, 38.845294 ], [ -91.301894, 38.845851 ], [ -91.301898, 38.84431 ], [ -91.283417, 38.843465 ], [ -91.280003, 38.843539 ], [ -91.278545, 38.843571 ], [ -91.273903, 38.843674 ], [ -91.264927, 38.843833 ], [ -91.264933, 38.846213 ], [ -91.264931, 38.84643 ], [ -91.265269, 38.874737 ], [ -91.264687, 38.918863 ], [ -91.263644, 38.956458 ], [ -91.263774, 38.963634 ], [ -91.264979, 38.963638 ], [ -91.264804, 38.970954 ], [ -91.264474, 38.984844 ], [ -91.264287, 38.992762 ], [ -91.250152, 38.992655 ], [ -91.249223, 38.992828 ], [ -91.216488, 38.9923 ], [ -91.18839, 38.992141 ], [ -91.188396, 38.991798 ], [ -91.189038, 38.962284 ], [ -91.189348, 38.932151 ], [ -91.110187, 38.931901 ], [ -91.110603, 38.909615 ], [ -91.110804, 38.902854 ], [ -91.110953, 38.897826 ], [ -91.111154, 38.884768 ], [ -91.111333, 38.883932 ], [ -91.111251, 38.872709 ], [ -91.104185, 38.872566 ], [ -91.090347, 38.872356 ], [ -91.082564, 38.872569 ], [ -91.07373, 38.872738 ], [ -91.059818, 38.872635 ], [ -91.056066, 38.872577 ], [ -91.042006, 38.872371 ], [ -91.009187, 38.87202 ], [ -90.971322, 38.871167 ], [ -90.958536, 38.870865 ], [ -90.960291, 38.833331 ], [ -90.960989, 38.817635 ], [ -90.961004, 38.817458 ], [ -90.961, 38.81635 ], [ -90.96104, 38.81622 ], [ -90.96157, 38.79782 ], [ -90.961653, 38.796557 ], [ -90.961682, 38.79554 ], [ -90.961686, 38.795413 ], [ -90.96174, 38.79325 ], [ -90.96177, 38.79257 ], [ -90.961794, 38.791674 ], [ -90.9618, 38.79145 ], [ -90.9622, 38.7742 ], [ -90.96239, 38.7603 ], [ -90.962526, 38.745136 ], [ -90.963011, 38.695909 ], [ -90.963124, 38.693329 ], [ -90.96324, 38.677858 ], [ -90.963469, 38.649163 ], [ -90.963917, 38.583681 ], [ -90.963817, 38.58219 ], [ -90.963693, 38.579504 ], [ -90.963771, 38.578145 ], [ -90.964461, 38.547545 ], [ -90.96952, 38.549652 ], [ -90.978335, 38.551861 ], [ -90.984761, 38.552943 ], [ -90.989271, 38.554059 ], [ -90.99241, 38.555126 ], [ -90.998144, 38.557495 ], [ -91.005406, 38.561082 ], [ -91.007668, 38.562492 ], [ -91.014132, 38.566013 ], [ -91.01838, 38.570262 ], [ -91.02143, 38.57352 ], [ -91.024469, 38.578398 ], [ -91.029306, 38.588684 ], [ -91.032325, 38.59349 ], [ -91.035005, 38.596274 ], [ -91.037222, 38.598576 ], [ -91.046568, 38.60488 ], [ -91.055898, 38.608267 ], [ -91.06348, 38.609438 ], [ -91.068888, 38.609898 ], [ -91.077324, 38.609343 ], [ -91.086894, 38.607493 ], [ -91.089183, 38.606895 ], [ -91.096117, 38.605082 ], [ -91.11291, 38.599606 ], [ -91.117379, 38.598494 ], [ -91.123011, 38.597883 ], [ -91.125148, 38.597704 ], [ -91.132535, 38.598279 ], [ -91.152537, 38.603692 ], [ -91.174806, 38.60682 ], [ -91.182957, 38.607896 ], [ -91.184573, 38.608414 ], [ -91.192394, 38.610963 ], [ -91.199511, 38.613492 ], [ -91.202933, 38.614706 ], [ -91.216357, 38.617702 ], [ -91.221492, 38.619741 ], [ -91.224986, 38.620783 ], [ -91.226547, 38.621567 ], [ -91.227526, 38.625048 ], [ -91.228472, 38.630194 ], [ -91.226538, 38.636648 ], [ -91.226858, 38.640711 ], [ -91.2276, 38.642978 ], [ -91.230425, 38.648138 ], [ -91.232986, 38.65134 ], [ -91.237423, 38.654966 ], [ -91.243051, 38.658084 ], [ -91.243636, 38.658383 ], [ -91.246672, 38.660144 ], [ -91.250154, 38.661445 ], [ -91.259813, 38.666601 ], [ -91.266634, 38.671753 ], [ -91.274743, 38.67899 ], [ -91.279243, 38.682074 ], [ -91.29112, 38.689181 ], [ -91.297872, 38.694588 ], [ -91.304157, 38.699977 ], [ -91.309687, 38.704464 ], [ -91.313093, 38.706715 ], [ -91.319022, 38.708368 ], [ -91.324376, 38.708414 ], [ -91.327974, 38.707266 ], [ -91.329563, 38.705974 ], [ -91.341682, 38.697415 ], [ -91.346112, 38.695956 ], [ -91.34912, 38.695435 ], [ -91.352986, 38.695635 ], [ -91.357462, 38.6967 ], [ -91.367338, 38.698735 ], [ -91.369192, 38.699324 ], [ -91.375159, 38.701287 ], [ -91.382347, 38.704044 ], [ -91.388082, 38.705614 ], [ -91.395134, 38.70799 ], [ -91.397327, 38.708444 ], [ -91.405369, 38.709219 ], [ -91.418637, 38.709778 ], [ -91.418302, 38.72075 ] ] ] ] } },
{ "type": "Feature", "properties": { "STATEFP": "29", "COUNTYFP": "009", "COUNTYNS": "00758459", "GEOIDFQ": "0500000US29009", "GEOID": "29009", "NAME": "Barry", "NAMELSAD": "Barry County", "STUSPS": "MO", "STATE_NAME": "Missouri", "LSAD": "06", "ALAND": 2015326675.0, "AWATER": 32912693.0 }, "geometry": { "type": "MultiPolygon", "coordinates": [ [ [ [ -94.077146, 36.503777 ], [ -94.076842, 36.5091 ], [ -94.074367, 36.574272 ], [ -94.074344, 36.574786 ], [ -94.072535, 36.618838 ], [ -94.071926, 36.632716 ], [ -94.071227, 36.647092 ], [ -94.070947, 36.652886 ], [ -94.070757, 36.661162 ], [ -94.071399, 36.661202 ], [ -94.07002, 36.689993 ], [ -94.068405, 36.723141 ], [ -94.067145, 36.74774 ], [ -94.068898, 36.747818 ], [ -94.068198, 36.758549 ], [ -94.068026, 36.76239 ], [ -94.066741, 36.791294 ], [ -94.06578, 36.812925 ], [ -94.065012, 36.830187 ], [ -94.066378, 36.830228 ], [ -94.066099, 36.836069 ], [ -94.066198, 36.841738 ], [ -94.065468, 36.859124 ], [ -94.065578, 36.859272 ], [ -94.064762, 36.873851 ], [ -94.064815, 36.875095 ], [ -94.063864, 36.90788 ], [ -94.06274, 36.931775 ], [ -94.02663, 36.931135 ], [ -94.008605, 36.930711 ], [ -94.008516, 36.930708 ], [ -94.008428, 36.930707 ], [ -93.972396, 36.929945 ], [ -93.96484, 36.929721 ], [ -93.963328, 36.929678 ], [ -93.957029, 36.929557 ], [ -93.954271, 36.929491 ], [ -93.953687, 36.92948 ], [ -93.952546, 36.929451 ], [ -93.949785, 36.929366 ], [ -93.949747, 36.929365 ], [ -93.936247, 36.928928 ], [ -93.927388, 36.928827 ], [ -93.923552, 36.92874 ], [ -93.913886, 36.928547 ], [ -93.900356, 36.928262 ], [ -93.895655, 36.928216 ], [ -93.894168, 36.928202 ], [ -93.882234, 36.928021 ], [ -93.827465, 36.927101 ], [ -93.81895, 36.926986 ], [ -93.814569, 36.926931 ], [ -93.755544, 36.92621 ], [ -93.719153, 36.925653 ], [ -93.719151, 36.925429 ], [ -93.683542, 36.924723 ], [ -93.657582, 36.92399 ], [ -93.611003, 36.922831 ], [ -93.611192, 36.916347 ], [ -93.611238, 36.914734 ], [ -93.611853, 36.88608 ], [ -93.612007, 36.871372 ], [ -93.612195, 36.864269 ], [ -93.611904, 36.863981 ], [ -93.612676, 36.835486 ], [ -93.612775, 36.834776 ], [ -93.61286, 36.825866 ], [ -93.612929, 36.820562 ], [ -93.592903, 36.820278 ], [ -93.590944, 36.819946 ], [ -93.5738, 36.820032 ], [ -93.575067, 36.779586 ], [ -93.575396, 36.766 ], [ -93.576421, 36.736109 ], [ -93.576438, 36.735675 ], [ -93.577975, 36.697533 ], [ -93.578152, 36.692861 ], [ -93.579247, 36.663977 ], [ -93.579252, 36.663844 ], [ -93.579333, 36.661741 ], [ -93.57981, 36.649583 ], [ -93.580682, 36.629017 ], [ -93.58107, 36.610067 ], [ -93.581784, 36.586067 ], [ -93.582616, 36.562924 ], [ -93.584155, 36.519254 ], [ -93.583981, 36.518672 ], [ -93.584119, 36.507955 ], [ -93.584262058264599, 36.498895995927597 ], [ -93.584281, 36.498896 ], [ -93.648282154693902, 36.499027989610603 ], [ -93.658858148897096, 36.499049800488301 ], [ -93.680121976580395, 36.499093652889798 ], [ -93.689392, 36.499112770463398 ], [ -93.691422028960901, 36.499116956992999 ], [ -93.700171, 36.499135 ], [ -93.709766888994494, 36.499178149628598 ], [ -93.709956, 36.499179 ], [ -93.718893, 36.499178 ], [ -93.720712714457406, 36.499152151186202 ], [ -93.727552, 36.499055 ], [ -93.728022, 36.499037 ], [ -93.752237482906196, 36.498993628417601 ], [ -93.752277438773206, 36.498993556854003 ], [ -93.753740915704597, 36.498990935666903 ], [ -93.834041987661294, 36.498847110967297 ], [ -93.834348988467497, 36.498846561107896 ], [ -93.866689096068896, 36.4987886377683 ], [ -93.901905135927606, 36.498725563437702 ], [ -93.906128, 36.498718 ], [ -93.92184, 36.498718 ], [ -93.926634001019806, 36.498717871646498 ], [ -93.95919, 36.498717 ], [ -93.962197, 36.498717 ], [ -93.96392, 36.498717 ], [ -93.967149, 36.498717370923103 ], [ -93.971528957013504, 36.498717874059501 ], [ -93.976018868884296, 36.498718389826699 ], [ -93.989453749890998, 36.498719933124299 ], [ -93.996042011522903, 36.498720689933997 ], [ -94.031780571491097, 36.498724795309897 ], [ -94.073370994190498, 36.498729572903599 ], [ -94.077089, 36.49873 ], [ -94.077146, 36.503777 ] ] ] ] } },
{ "type": "Feature", "properties": { "STATEFP": "29", "COUNTYFP": "047", "COUNTYNS": "00758478", "GEOIDFQ": "0500000US29047", "GEOID": "29047", "NAME": "Clay", "NAMELSAD": "Clay County", "STUSPS": "MO", "STATE_NAME": "Missouri", "LSAD": "06", "ALAND": 1029905842.0, "AWATER": 28508807.0 }, "geometry": { "type": "MultiPolygon", "coordinates": [ [ [ [ -94.60829, 39.117944 ], [ -94.605734, 39.122204 ], [ -94.600434, 39.128503 ], [ -94.592533, 39.135903 ], [ -94.589898, 39.138979 ], [ -94.588413, 39.149869 ], [ -94.590661, 39.154767 ], [ -94.596033, 39.157703 ], [ -94.601733, 39.159603 ], [ -94.60154, 39.167445 ], [ -94.601463, 39.181766 ], [ -94.601232, 39.182557 ], [ -94.601284, 39.187274 ], [ -94.601316, 39.188646 ], [ -94.601111, 39.195857 ], [ -94.601125, 39.202922 ], [ -94.601099, 39.206494 ], [ -94.601056, 39.217485 ], [ -94.601077, 39.218007 ], [ -94.60101, 39.224595 ], [ -94.60101, 39.224898 ], [ -94.601, 39.231999 ], [ -94.600945, 39.234467 ], [ -94.600945, 39.24256 ], [ -94.601372, 39.244399 ], [ -94.600977, 39.246375 ], [ -94.600807, 39.256731 ], [ -94.600774, 39.261221 ], [ -94.600677, 39.267546 ], [ -94.600674, 39.267709 ], [ -94.600532, 39.274939 ], [ -94.60038, 39.289436 ], [ -94.6004, 39.291948 ], [ -94.600372, 39.296304 ], [ -94.600358, 39.296755 ], [ -94.600423, 39.298524 ], [ -94.600493, 39.30238 ], [ -94.600614, 39.307079 ], [ -94.600621, 39.307397 ], [ -94.600708, 39.310908 ], [ -94.600902, 39.325613 ], [ -94.600765, 39.333149 ], [ -94.600762, 39.3333 ], [ -94.600793, 39.336444 ], [ -94.600796, 39.336669 ], [ -94.600788, 39.340083 ], [ -94.600771, 39.347221 ], [ -94.600714, 39.354371 ], [ -94.60081, 39.370971 ], [ -94.600911, 39.37607 ], [ -94.601016, 39.383728 ], [ -94.600962, 39.386757 ], [ -94.600855, 39.394543 ], [ -94.600812, 39.397828 ], [ -94.600699, 39.405176 ], [ -94.600657, 39.417222 ], [ -94.600739, 39.426609 ], [ -94.600704, 39.433877 ], [ -94.600732, 39.443677 ], [ -94.600819, 39.456155 ], [ -94.597879, 39.455838 ], [ -94.573837, 39.455848 ], [ -94.567638, 39.455872 ], [ -94.567342, 39.455885 ], [ -94.565684, 39.455886 ], [ -94.564925, 39.455859 ], [ -94.564733, 39.45588 ], [ -94.56436, 39.456019 ], [ -94.553372, 39.455815 ], [ -94.55083, 39.455802 ], [ -94.5198, 39.455585 ], [ -94.519725, 39.455654 ], [ -94.485931, 39.455548 ], [ -94.482484, 39.455542 ], [ -94.472468, 39.455523 ], [ -94.463372, 39.455429 ], [ -94.435236, 39.455405 ], [ -94.425219, 39.455733 ], [ -94.378016, 39.455527 ], [ -94.373003, 39.455562 ], [ -94.361218, 39.455666 ], [ -94.359079, 39.455535 ], [ -94.351234, 39.455575 ], [ -94.342168, 39.45556 ], [ -94.34005, 39.455577 ], [ -94.32648, 39.455603 ], [ -94.323761, 39.455632 ], [ -94.321806, 39.455591 ], [ -94.304308, 39.455542 ], [ -94.285612, 39.455339 ], [ -94.27634, 39.45528 ], [ -94.257584, 39.455203 ], [ -94.210642, 39.454682 ], [ -94.210742, 39.445554 ], [ -94.210758, 39.444015 ], [ -94.210795, 39.440358 ], [ -94.210794, 39.425681 ], [ -94.21088, 39.422072 ], [ -94.21114, 39.407248 ], [ -94.211173, 39.404535 ], [ -94.211274, 39.396417 ], [ -94.211266, 39.394858 ], [ -94.211331, 39.393239 ], [ -94.211425, 39.389377 ], [ -94.21159, 39.385805 ], [ -94.211617, 39.378194 ], [ -94.211871, 39.351622 ], [ -94.211888, 39.349764 ], [ -94.211892, 39.34953 ], [ -94.211976, 39.343763 ], [ -94.212013, 39.34046 ], [ -94.212079, 39.330681 ], [ -94.212161, 39.316514 ], [ -94.212273, 39.2946 ], [ -94.212144, 39.273237 ], [ -94.212129, 39.265455 ], [ -94.212112, 39.254388 ], [ -94.212188, 39.234333 ], [ -94.212515, 39.207086 ], [ -94.216816, 39.208004 ], [ -94.217744, 39.208452 ], [ -94.221275, 39.210134 ], [ -94.226855, 39.213381 ], [ -94.229561, 39.215356 ], [ -94.232453, 39.218449 ], [ -94.235456, 39.224428 ], [ -94.238429, 39.228219 ], [ -94.243311, 39.232004 ], [ -94.250046, 39.234845 ], [ -94.255424, 39.236219 ], [ -94.262938, 39.235822 ], [ -94.2674, 39.235396 ], [ -94.27387, 39.235723 ], [ -94.278325, 39.236159 ], [ -94.289873, 39.237107 ], [ -94.295105, 39.235523 ], [ -94.300929, 39.233395 ], [ -94.304609, 39.231411 ], [ -94.308028, 39.227865 ], [ -94.308932, 39.227351 ], [ -94.311543, 39.223573 ], [ -94.314002, 39.221267 ], [ -94.31677, 39.215731 ], [ -94.31757, 39.213459 ], [ -94.319362, 39.204611 ], [ -94.320498, 39.201763 ], [ -94.322317, 39.198647 ], [ -94.328155, 39.191232 ], [ -94.331752, 39.187088 ], [ -94.335213, 39.183337 ], [ -94.337659, 39.180742 ], [ -94.346172, 39.173882 ], [ -94.350664, 39.171425 ], [ -94.354132, 39.170451 ], [ -94.356322, 39.169004 ], [ -94.358179, 39.167466 ], [ -94.3601, 39.165763 ], [ -94.363556, 39.163656 ], [ -94.36598, 39.163227 ], [ -94.369415, 39.163676 ], [ -94.373811, 39.166959 ], [ -94.375165, 39.168099 ], [ -94.376447, 39.168857 ], [ -94.377839, 39.16978 ], [ -94.378494, 39.170365 ], [ -94.380098, 39.17345 ], [ -94.38232, 39.180456 ], [ -94.384828, 39.187204 ], [ -94.389728, 39.193503 ], [ -94.395028, 39.196303 ], [ -94.401267, 39.196955 ], [ -94.402128, 39.197003 ], [ -94.407228, 39.195303 ], [ -94.408628, 39.193603 ], [ -94.409025, 39.192104 ], [ -94.403085, 39.181982 ], [ -94.402619, 39.1812 ], [ -94.400426, 39.175983 ], [ -94.399928, 39.174803 ], [ -94.401228, 39.167903 ], [ -94.402328, 39.164766 ], [ -94.405593, 39.16259 ], [ -94.417963, 39.151144 ], [ -94.419475, 39.149318 ], [ -94.423485, 39.144069 ], [ -94.430365, 39.138026 ], [ -94.431581, 39.137369 ], [ -94.440642, 39.13078 ], [ -94.44852, 39.126956 ], [ -94.455429, 39.123104 ], [ -94.457364, 39.122246 ], [ -94.46159, 39.120372 ], [ -94.465792, 39.123302 ], [ -94.467319, 39.124589 ], [ -94.467546, 39.12478 ], [ -94.469318, 39.128839 ], [ -94.46933, 39.130704 ], [ -94.47633, 39.137004 ], [ -94.48023, 39.141403 ], [ -94.484112, 39.145009 ], [ -94.484616, 39.145504 ], [ -94.489764, 39.148308 ], [ -94.495411, 39.150394 ], [ -94.498198, 39.150418 ], [ -94.499031, 39.150603 ], [ -94.506406, 39.150914 ], [ -94.512679, 39.150451 ], [ -94.520887, 39.149219 ], [ -94.53079, 39.147082 ], [ -94.531298, 39.146864 ], [ -94.534061, 39.145908 ], [ -94.53572, 39.144947 ], [ -94.539232, 39.142703 ], [ -94.546132, 39.134303 ], [ -94.549573, 39.130895 ], [ -94.554952, 39.127428 ], [ -94.558317, 39.125757 ], [ -94.564724, 39.12346 ], [ -94.565803, 39.12325 ], [ -94.579019, 39.117367 ], [ -94.579922, 39.116735 ], [ -94.589685, 39.11253 ], [ -94.595725, 39.110004 ], [ -94.597756, 39.109763 ], [ -94.603901, 39.110916 ], [ -94.607354, 39.113444 ], [ -94.60829, 39.117944 ] ] ] ] } },
{ "type": "Feature", "properties": { "STATEFP": "29", "COUNTYFP": "135", "COUNTYNS": "00758522", "GEOIDFQ": "0500000US29135", "GEOID": "29135", "NAME": "Moniteau", "NAMELSAD": "Moniteau County", "STUSPS": "MO", "STATE_NAME": "Missouri", "LSAD": "06", "ALAND": 1074931224.0, "AWATER": 9940393.0 }, "geometry": { "type": "MultiPolygon", "coordinates": [ [ [ [ -92.84195, 38.60315 ], [ -92.84163, 38.604033 ], [ -92.839837, 38.683974 ], [ -92.839792, 38.684948 ], [ -92.820722, 38.684616 ], [ -92.79224, 38.684181 ], [ -92.763927, 38.683802 ], [ -92.745305, 38.683534 ], [ -92.731451, 38.683893 ], [ -92.726692, 38.684077 ], [ -92.726706, 38.683135 ], [ -92.713912, 38.682701 ], [ -92.635317, 38.680441 ], [ -92.617147, 38.680013 ], [ -92.616638, 38.693957 ], [ -92.616652, 38.694466 ], [ -92.594978, 38.737609 ], [ -92.572654, 38.781192 ], [ -92.565598, 38.794178 ], [ -92.528699, 38.865718 ], [ -92.528162, 38.867051 ], [ -92.520627, 38.881517 ], [ -92.520531, 38.881657 ], [ -92.505725, 38.909067 ], [ -92.500185, 38.919381 ], [ -92.498377, 38.922084 ], [ -92.491264, 38.917607 ], [ -92.489318, 38.914886 ], [ -92.482905, 38.910787 ], [ -92.480497, 38.908853 ], [ -92.479225, 38.907879 ], [ -92.47617, 38.904463 ], [ -92.474586, 38.902371 ], [ -92.474259, 38.901596 ], [ -92.474451, 38.898604 ], [ -92.4753, 38.895334 ], [ -92.47897, 38.886546 ], [ -92.480317, 38.881306 ], [ -92.47964, 38.877439 ], [ -92.477794, 38.874107 ], [ -92.47452, 38.871776 ], [ -92.46845, 38.868619 ], [ -92.462429, 38.864536 ], [ -92.456717, 38.860269 ], [ -92.452538, 38.853738 ], [ -92.450231, 38.849607 ], [ -92.44717, 38.842444 ], [ -92.444856, 38.838344 ], [ -92.439906, 38.831346 ], [ -92.432079, 38.825069 ], [ -92.425205, 38.821418 ], [ -92.42118, 38.819754 ], [ -92.416872, 38.818869 ], [ -92.414021, 38.8189 ], [ -92.406548, 38.81945 ], [ -92.397237, 38.81983 ], [ -92.394089, 38.819576 ], [ -92.390687, 38.818898 ], [ -92.38791, 38.817934 ], [ -92.385654, 38.816544 ], [ -92.384391, 38.815488 ], [ -92.381304, 38.808732 ], [ -92.380442, 38.80487 ], [ -92.37958, 38.801546 ], [ -92.379614, 38.800076 ], [ -92.382272, 38.791606 ], [ -92.382542, 38.790914 ], [ -92.384564, 38.787046 ], [ -92.386335, 38.784579 ], [ -92.390782, 38.780612 ], [ -92.395182, 38.778328 ], [ -92.404943, 38.774257 ], [ -92.407078, 38.772598 ], [ -92.408567, 38.770195 ], [ -92.40922, 38.767566 ], [ -92.409409, 38.764277 ], [ -92.408636, 38.758243 ], [ -92.40681, 38.752653 ], [ -92.404738, 38.74819 ], [ -92.403033, 38.745592 ], [ -92.399886, 38.742169 ], [ -92.394866, 38.73913 ], [ -92.399385, 38.724745 ], [ -92.400079, 38.722612 ], [ -92.400083, 38.722551 ], [ -92.414359, 38.677821 ], [ -92.415616, 38.673957 ], [ -92.433713, 38.617246 ], [ -92.433795, 38.616468 ], [ -92.446038, 38.579737 ], [ -92.448367, 38.572562 ], [ -92.449245, 38.569381 ], [ -92.458691, 38.539989 ], [ -92.460184, 38.535901 ], [ -92.487897, 38.449854 ], [ -92.495185, 38.427829 ], [ -92.500191, 38.427728 ], [ -92.513962, 38.428118 ], [ -92.541611, 38.428806 ], [ -92.546029, 38.428926 ], [ -92.606733, 38.430371 ], [ -92.611566, 38.430476 ], [ -92.623987, 38.430637 ], [ -92.625189, 38.430778 ], [ -92.660092, 38.457628 ], [ -92.664908, 38.461341 ], [ -92.670988, 38.465992 ], [ -92.684638, 38.476465 ], [ -92.693541, 38.483292 ], [ -92.698784, 38.48732 ], [ -92.712401, 38.497787 ], [ -92.723423, 38.506404 ], [ -92.732861, 38.51364 ], [ -92.733569, 38.514183 ], [ -92.761153, 38.535197 ], [ -92.782786, 38.551708 ], [ -92.785987, 38.554154 ], [ -92.788404, 38.556008 ], [ -92.797142, 38.562635 ], [ -92.802405, 38.566609 ], [ -92.802604, 38.566759 ], [ -92.824301, 38.58335 ], [ -92.841871, 38.596792 ], [ -92.84195, 38.60315 ] ] ] ] } }
]
}
