{
"type": "FeatureCollection",
"name": "Pennsylvania_counties_2023",
"crs": { "type": "name", "properties": { "name": "urn:ogc:def:crs:OGC:1.3:CRS84" } },
"features": [
{ "type": "Feature", "properties": { "STATEFP": "42", "COUNTYFP": "111", "COUNTYNS": "01209188", "GEOIDFQ": "0500000US42111", "GEOID": "42111", "NAME": "Somerset", "NAMELSAD": "Somerset County", "STUSPS": "PA", "STATE_NAME": "Pennsylvania", "LSAD": "06", "ALAND": 2784359437.0, "AWATER": 17101197.0, "STATE_NAME_HYPHEN": "Pennsylvania" }, "geometry": { "type": "MultiPolygon", "coordinates": [ [ [ [ -79.417558, 39.853776 ], [ -79.413258, 39.851676 ], [ -79.409782, 39.849298 ], [ -79.403458, 39.847476 ], [ -79.400944, 39.846094 ], [ -79.393658, 39.843476 ], [ -79.391266, 39.840657 ], [ -79.389589, 39.839636 ], [ -79.385198, 39.838377 ], [ -79.381473, 39.836314 ], [ -79.381507, 39.833589 ], [ -79.38305, 39.830027 ], [ -79.383035, 39.828216 ], [ -79.382068, 39.827082 ], [ -79.381233, 39.826876 ], [ -79.375163, 39.827976 ], [ -79.371601, 39.827076 ], [ -79.367286, 39.822731 ], [ -79.365695, 39.820546 ], [ -79.365125, 39.815329 ], [ -79.365505, 39.813753 ], [ -79.363957, 39.806777 ], [ -79.366107, 39.803907 ], [ -79.367671, 39.802963 ], [ -79.368849, 39.801458 ], [ -79.368949, 39.798266 ], [ -79.368257, 39.795877 ], [ -79.365257, 39.790077 ], [ -79.362557, 39.788477 ], [ -79.358257, 39.788077 ], [ -79.354357, 39.788477 ], [ -79.351557, 39.787677 ], [ -79.351257, 39.786577 ], [ -79.352357, 39.784477 ], [ -79.354457, 39.782477 ], [ -79.356757, 39.781477 ], [ -79.359857, 39.781877 ], [ -79.361657, 39.783677 ], [ -79.363357, 39.784277 ], [ -79.370157, 39.785777 ], [ -79.376157, 39.789177 ], [ -79.380058, 39.790077 ], [ -79.381058, 39.788477 ], [ -79.381158, 39.786377 ], [ -79.382058, 39.783477 ], [ -79.383058, 39.782477 ], [ -79.384558, 39.782277 ], [ -79.389258, 39.784077 ], [ -79.392958, 39.784277 ], [ -79.394958, 39.783377 ], [ -79.395358, 39.782477 ], [ -79.393958, 39.780377 ], [ -79.391658, 39.777977 ], [ -79.385358, 39.775277 ], [ -79.384758, 39.774777 ], [ -79.380258, 39.773177 ], [ -79.378658, 39.770177 ], [ -79.378658, 39.768877 ], [ -79.380458, 39.766177 ], [ -79.382576, 39.765099 ], [ -79.386258, 39.761877 ], [ -79.388958, 39.761377 ], [ -79.398558, 39.758277 ], [ -79.399734, 39.754904 ], [ -79.397758, 39.751777 ], [ -79.395958, 39.750377 ], [ -79.394158, 39.747277 ], [ -79.393658, 39.744477 ], [ -79.394058, 39.743277 ], [ -79.398259, 39.742577 ], [ -79.404359, 39.742977 ], [ -79.407959, 39.741977 ], [ -79.408859, 39.741077 ], [ -79.409959, 39.736478 ], [ -79.409959, 39.734978 ], [ -79.406159, 39.733578 ], [ -79.401959, 39.734178 ], [ -79.398659, 39.733178 ], [ -79.396859, 39.734078 ], [ -79.392659, 39.732678 ], [ -79.390559, 39.729878 ], [ -79.389459, 39.727078 ], [ -79.389759, 39.724878 ], [ -79.3924584, 39.7214305 ], [ -79.335005, 39.7216711 ], [ -79.3176437, 39.7217438 ], [ -79.2998353, 39.721818299999988 ], [ -79.2917265, 39.7218523 ], [ -79.2491102, 39.7220307 ], [ -79.2083523, 39.7222014 ], [ -79.0874259, 39.7227077 ], [ -79.0873745, 39.7227079 ], [ -79.0565781, 39.7228368 ], [ -79.0487741, 39.7228695 ], [ -79.045548, 39.722883 ], [ -78.960656899999989, 39.7228028 ], [ -78.931176, 39.722775 ], [ -78.9284187, 39.7227786 ], [ -78.914851, 39.7227961 ], [ -78.9031418, 39.722811199999988 ], [ -78.8857419, 39.7228336 ], [ -78.8538706, 39.7228748 ], [ -78.8499329, 39.7228799 ], [ -78.8453439, 39.7228858 ], [ -78.8376529, 39.7228957 ], [ -78.815374, 39.7229245 ], [ -78.8083747, 39.7229335 ], [ -78.803854, 39.730677 ], [ -78.801871, 39.73456 ], [ -78.796851, 39.741153 ], [ -78.795736, 39.744182 ], [ -78.793067, 39.747826 ], [ -78.79145, 39.751567 ], [ -78.771541, 39.789184 ], [ -78.769241, 39.791384 ], [ -78.767041, 39.795384 ], [ -78.76299, 39.806863 ], [ -78.757241, 39.823484 ], [ -78.757248, 39.824427 ], [ -78.758238, 39.86327 ], [ -78.758013, 39.866601 ], [ -78.758552, 39.882771 ], [ -78.758855, 39.889791 ], [ -78.759325, 39.906893 ], [ -78.759199, 39.910941 ], [ -78.761165, 40.000938 ], [ -78.761384, 40.003157 ], [ -78.761617, 40.014491 ], [ -78.763037, 40.014721 ], [ -78.763202, 40.056745 ], [ -78.763206, 40.057005 ], [ -78.752016, 40.074917 ], [ -78.739847, 40.069571 ], [ -78.737274, 40.075359 ], [ -78.72285, 40.107803 ], [ -78.706306, 40.144784 ], [ -78.698671, 40.16145 ], [ -78.676956, 40.211207 ], [ -78.661809, 40.230592 ], [ -78.66141, 40.231104 ], [ -78.658305, 40.243235 ], [ -78.768601, 40.244045 ], [ -78.802615, 40.244315 ], [ -78.810282, 40.244368 ], [ -78.825653, 40.244505 ], [ -78.835102, 40.24468 ], [ -78.839013, 40.244754 ], [ -78.847958, 40.244929 ], [ -78.851167, 40.245988 ], [ -78.853169, 40.245723 ], [ -78.856324, 40.24318 ], [ -78.856612, 40.243058 ], [ -78.858565, 40.242525 ], [ -78.860063, 40.242899 ], [ -78.860859, 40.245204 ], [ -78.862369, 40.245141 ], [ -78.863464, 40.244264 ], [ -78.86459, 40.244512 ], [ -78.869229, 40.248998 ], [ -78.873385, 40.248662 ], [ -78.879844, 40.247227 ], [ -78.880612, 40.245301 ], [ -78.883847, 40.244668 ], [ -78.884733, 40.244644 ], [ -78.887067, 40.247168 ], [ -78.890868, 40.249744 ], [ -78.891144, 40.250197 ], [ -78.892033, 40.253004 ], [ -78.892609, 40.257756 ], [ -78.894019, 40.261062 ], [ -78.896749, 40.262732 ], [ -78.897195, 40.264106 ], [ -78.896019, 40.26668 ], [ -78.894516, 40.267962 ], [ -78.894984, 40.26989 ], [ -78.897163, 40.27227 ], [ -78.902054, 40.274791 ], [ -78.904093, 40.275262 ], [ -78.907375, 40.27543 ], [ -78.910546, 40.276392 ], [ -78.922491, 40.277866 ], [ -78.924794, 40.278488 ], [ -78.925631, 40.278974 ], [ -78.927693, 40.283086 ], [ -78.927109, 40.284733 ], [ -78.933396, 40.284816 ], [ -78.938626, 40.284884 ], [ -78.981767, 40.285439 ], [ -79.007467, 40.285266 ], [ -79.015796, 40.285414 ], [ -79.056053, 40.284861 ], [ -79.056645, 40.282921 ], [ -79.056211, 40.280993 ], [ -79.056646, 40.278604 ], [ -79.059378, 40.275767 ], [ -79.065384, 40.273717 ], [ -79.067963, 40.272471 ], [ -79.06976, 40.270068 ], [ -79.073523, 40.266727 ], [ -79.073699, 40.264811 ], [ -79.075827, 40.262484 ], [ -79.076638, 40.260307 ], [ -79.07957, 40.257928 ], [ -79.078084, 40.25484 ], [ -79.078059, 40.25256 ], [ -79.07925, 40.251172 ], [ -79.082472, 40.250074 ], [ -79.084894, 40.246193 ], [ -79.086734, 40.245342 ], [ -79.086343, 40.242391 ], [ -79.088656, 40.241259 ], [ -79.09142, 40.2405 ], [ -79.092012, 40.239067 ], [ -79.094907, 40.236485 ], [ -79.09503, 40.233633 ], [ -79.097385, 40.232155 ], [ -79.102215, 40.232294 ], [ -79.100153, 40.231149 ], [ -79.09835, 40.227966 ], [ -79.098438, 40.226612 ], [ -79.100342, 40.224939 ], [ -79.103765, 40.22489 ], [ -79.104502, 40.224311 ], [ -79.101458, 40.223789 ], [ -79.100286, 40.222344 ], [ -79.103534, 40.220142 ], [ -79.103003, 40.218231 ], [ -79.104109, 40.217145 ], [ -79.105547, 40.217011 ], [ -79.109072, 40.218324 ], [ -79.106957, 40.215789 ], [ -79.106781, 40.214894 ], [ -79.107929, 40.213026 ], [ -79.110431, 40.21146 ], [ -79.112212, 40.211477 ], [ -79.114286, 40.210258 ], [ -79.114053, 40.206703 ], [ -79.1146, 40.205039 ], [ -79.116239, 40.203753 ], [ -79.121942, 40.203138 ], [ -79.1225, 40.201665 ], [ -79.126157, 40.200391 ], [ -79.125169, 40.198841 ], [ -79.125397, 40.197105 ], [ -79.123814, 40.193949 ], [ -79.12446, 40.191923 ], [ -79.125783, 40.191245 ], [ -79.125966, 40.18978 ], [ -79.127486, 40.1878 ], [ -79.127549, 40.186769 ], [ -79.125963, 40.184999 ], [ -79.126744, 40.183281 ], [ -79.128186, 40.182873 ], [ -79.129653, 40.180924 ], [ -79.131711, 40.179737 ], [ -79.134393, 40.178722 ], [ -79.135904, 40.178723 ], [ -79.140379, 40.180088 ], [ -79.143022, 40.18 ], [ -79.143361, 40.178616 ], [ -79.141907, 40.176224 ], [ -79.141065, 40.173058 ], [ -79.141286, 40.169684 ], [ -79.140049, 40.165736 ], [ -79.140025, 40.163899 ], [ -79.140702, 40.163307 ], [ -79.145398, 40.162313 ], [ -79.146624, 40.161297 ], [ -79.149768, 40.160373 ], [ -79.153914, 40.16089 ], [ -79.157724, 40.160445 ], [ -79.160925, 40.161141 ], [ -79.16121, 40.159838 ], [ -79.160494, 40.156884 ], [ -79.162754, 40.154062 ], [ -79.162316, 40.149466 ], [ -79.163195, 40.146297 ], [ -79.162123, 40.14331 ], [ -79.163164, 40.14103 ], [ -79.165664, 40.13906 ], [ -79.165795, 40.136289 ], [ -79.167393, 40.132327 ], [ -79.167988, 40.128164 ], [ -79.172304, 40.126111 ], [ -79.172565, 40.125542 ], [ -79.173348, 40.121998 ], [ -79.174249, 40.120604 ], [ -79.180987, 40.115714 ], [ -79.181156, 40.113885 ], [ -79.182832, 40.11312 ], [ -79.182927, 40.111436 ], [ -79.185222, 40.109848 ], [ -79.190086, 40.10951 ], [ -79.191602, 40.109996 ], [ -79.195368, 40.113329 ], [ -79.196872, 40.115951 ], [ -79.196564, 40.118454 ], [ -79.197956, 40.118695 ], [ -79.201019, 40.118099 ], [ -79.202579, 40.117003 ], [ -79.20295, 40.114926 ], [ -79.205189, 40.11656 ], [ -79.210774, 40.118903 ], [ -79.213791, 40.117991 ], [ -79.217166, 40.114575 ], [ -79.220864, 40.112737 ], [ -79.22262, 40.104171 ], [ -79.225649, 40.100695 ], [ -79.226672, 40.09825 ], [ -79.229019, 40.097813 ], [ -79.234624, 40.09622 ], [ -79.23662, 40.096541 ], [ -79.240087, 40.094708 ], [ -79.240122, 40.092513 ], [ -79.243013, 40.09227 ], [ -79.246398, 40.09371 ], [ -79.25233, 40.090699 ], [ -79.256005, 40.088463 ], [ -79.257439, 40.085249 ], [ -79.258671, 40.080273 ], [ -79.264387, 40.078668 ], [ -79.267739, 40.074268 ], [ -79.267947, 40.06938 ], [ -79.267168, 40.067659 ], [ -79.267362, 40.065717 ], [ -79.269261, 40.065404 ], [ -79.271351, 40.064238 ], [ -79.273019, 40.06155 ], [ -79.276659, 40.058445 ], [ -79.278766, 40.055537 ], [ -79.278216, 40.053035 ], [ -79.278441, 40.050159 ], [ -79.28431, 40.048246 ], [ -79.285661, 40.047081 ], [ -79.285602, 40.045073 ], [ -79.288578, 40.041775 ], [ -79.293385, 40.040347 ], [ -79.293884, 40.040446 ], [ -79.294283, 40.039429 ], [ -79.296429, 40.036809 ], [ -79.299851, 40.032033 ], [ -79.302654, 40.028656 ], [ -79.305326, 40.025239 ], [ -79.309927, 40.019229 ], [ -79.309496, 40.01859 ], [ -79.310458, 40.0186 ], [ -79.322786, 40.003496 ], [ -79.330768, 39.992946 ], [ -79.338466, 39.982014 ], [ -79.342585, 39.982056 ], [ -79.342538, 39.976303 ], [ -79.347444, 39.96953 ], [ -79.35416, 39.960673 ], [ -79.35412, 39.958064 ], [ -79.356005, 39.958164 ], [ -79.364093, 39.947794 ], [ -79.372884, 39.936522 ], [ -79.378303, 39.936651 ], [ -79.378258, 39.933135 ], [ -79.383282, 39.92756 ], [ -79.382249, 39.926846 ], [ -79.383957, 39.924494 ], [ -79.387279, 39.922346 ], [ -79.391562, 39.919504 ], [ -79.387624, 39.915696 ], [ -79.398755, 39.900538 ], [ -79.417285, 39.854451 ], [ -79.417558, 39.853776 ] ] ] ] } },
{ "type": "Feature", "properties": { "STATEFP": "42", "COUNTYFP": "133", "COUNTYNS": "01209193", "GEOIDFQ": "0500000US42133", "GEOID": "42133", "NAME": "York", "NAMELSAD": "York County", "STUSPS": "PA", "STATE_NAME": "Pennsylvania", "LSAD": "06", "ALAND": 2342295977.0, "AWATER": 16503209.0, "STATE_NAME_HYPHEN": "Pennsylvania" }, "geometry": { "type": "MultiPolygon", "coordinates": [ [ [ [ -77.134865, 40.069254 ], [ -77.127631, 40.068616 ], [ -77.126514, 40.067603 ], [ -77.123444, 40.066193 ], [ -77.11393, 40.062627 ], [ -77.112011, 40.061446 ], [ -77.106307, 40.059759 ], [ -77.104316, 40.057957 ], [ -77.098823, 40.056225 ], [ -77.09647, 40.054953 ], [ -77.091975, 40.053636 ], [ -77.089166, 40.051555 ], [ -77.085483, 40.047489 ], [ -77.080812, 40.043222 ], [ -77.078563, 40.037868 ], [ -77.077634, 40.037162 ], [ -77.077506, 40.037091 ], [ -77.072354, 40.034009 ], [ -77.070304, 40.030182 ], [ -77.069543, 40.02949 ], [ -77.066978, 40.028243 ], [ -77.064308, 40.027612 ], [ -77.060063, 40.025934 ], [ -77.057022, 40.02383 ], [ -77.054401, 40.023207 ], [ -77.046018, 40.022295 ], [ -77.04069, 40.02132 ], [ -77.033211, 40.018724 ], [ -77.028727, 40.018248 ], [ -77.026238, 40.018378 ], [ -77.021266, 40.014942 ], [ -77.018648, 40.013947 ], [ -77.016102, 40.009773 ], [ -77.010512, 40.000423 ], [ -76.992672, 39.973197 ], [ -76.987931, 39.966833 ], [ -76.986105, 39.964382 ], [ -76.966202, 39.935192 ], [ -76.967681, 39.935467 ], [ -76.969691, 39.937333 ], [ -76.97258, 39.934023 ], [ -76.97106, 39.930955 ], [ -76.971805, 39.928523 ], [ -76.971086, 39.92776 ], [ -76.972352, 39.926141 ], [ -76.971754, 39.924491 ], [ -76.969976, 39.923818 ], [ -76.970009, 39.921251 ], [ -76.968855, 39.921106 ], [ -76.967157, 39.922105 ], [ -76.965003, 39.921871 ], [ -76.966737, 39.920553 ], [ -76.96706, 39.919375 ], [ -76.968535, 39.918256 ], [ -76.967379, 39.917753 ], [ -76.966983, 39.916183 ], [ -76.968397, 39.915357 ], [ -76.971122, 39.914937 ], [ -76.973006, 39.913618 ], [ -76.972546, 39.911729 ], [ -76.975304, 39.908718 ], [ -76.976952, 39.907994 ], [ -76.979209, 39.906104 ], [ -76.981433, 39.90542 ], [ -76.980396, 39.904183 ], [ -76.980921, 39.903449 ], [ -76.983849, 39.902057 ], [ -76.984081, 39.899494 ], [ -76.982055, 39.897396 ], [ -76.98385, 39.894976 ], [ -76.983738, 39.893563 ], [ -76.981948, 39.891261 ], [ -76.980672, 39.889531 ], [ -76.980469, 39.887898 ], [ -76.980131, 39.886555 ], [ -76.977442, 39.885302 ], [ -76.977888, 39.883334 ], [ -76.978239, 39.881765 ], [ -76.972536, 39.872914 ], [ -76.970761, 39.873149 ], [ -76.963616, 39.873992 ], [ -76.962967, 39.871704 ], [ -76.962238, 39.864835 ], [ -76.95851, 39.861193 ], [ -76.955051, 39.856975 ], [ -76.957175, 39.855741 ], [ -76.957764, 39.855585 ], [ -76.96484, 39.850772 ], [ -76.974083, 39.84966 ], [ -76.978571, 39.847708 ], [ -76.983043, 39.841353 ], [ -76.990663, 39.834348 ], [ -76.997296, 39.831586 ], [ -76.998583, 39.831385 ], [ -77.000312, 39.831219 ], [ -76.99965, 39.819634 ], [ -76.999616, 39.812124 ], [ -76.999613, 39.808785 ], [ -76.999598, 39.805044 ], [ -76.999595, 39.803319 ], [ -76.999576, 39.794987 ], [ -76.999563, 39.793506 ], [ -76.999543, 39.788182 ], [ -76.999505, 39.776233 ], [ -76.99945, 39.760208 ], [ -76.999319, 39.7198299 ], [ -76.990903, 39.7198 ], [ -76.9747515, 39.720068 ], [ -76.957887, 39.7203478 ], [ -76.936601, 39.720701 ], [ -76.9159675, 39.7205424 ], [ -76.897566, 39.720401 ], [ -76.8901, 39.720401 ], [ -76.8811167, 39.7204344 ], [ -76.8523583, 39.7205414 ], [ -76.8377253, 39.7205959 ], [ -76.809197, 39.720702 ], [ -76.8081822, 39.7206658 ], [ -76.806397, 39.720602 ], [ -76.8005119, 39.720663 ], [ -76.787097, 39.720802 ], [ -76.7646526, 39.7208965 ], [ -76.7577943, 39.7209254 ], [ -76.715594, 39.721103 ], [ -76.711894, 39.721103 ], [ -76.7026895, 39.7211095 ], [ -76.697658, 39.721113 ], [ -76.685441, 39.7211216 ], [ -76.6578939, 39.7211409 ], [ -76.6549895, 39.7211429 ], [ -76.654963, 39.721143 ], [ -76.6094249, 39.7211749 ], [ -76.569449, 39.721203 ], [ -76.569389, 39.721203 ], [ -76.5512587, 39.721238 ], [ -76.5434006, 39.7212532 ], [ -76.526088, 39.7212866 ], [ -76.517087, 39.721304 ], [ -76.491887, 39.721304 ], [ -76.4611381, 39.7212619 ], [ -76.4517361, 39.7212491 ], [ -76.442443, 39.7212364 ], [ -76.4388811, 39.7212315 ], [ -76.418784, 39.721204 ], [ -76.418684, 39.721304 ], [ -76.4045262, 39.7212427 ], [ -76.39608, 39.7212062 ], [ -76.395583, 39.721204 ], [ -76.380583, 39.721304 ], [ -76.380083, 39.721304 ], [ -76.3431099, 39.7213043 ], [ -76.337104, 39.7213043 ], [ -76.332379, 39.7213043 ], [ -76.239805, 39.721305 ], [ -76.23869, 39.725093 ], [ -76.238791, 39.725957 ], [ -76.240582, 39.730313 ], [ -76.242249, 39.732868 ], [ -76.245573, 39.737174 ], [ -76.249584, 39.73998 ], [ -76.256564, 39.75004 ], [ -76.260577, 39.752035 ], [ -76.262689, 39.754288 ], [ -76.264457, 39.756567 ], [ -76.267475, 39.759358 ], [ -76.271598, 39.765806 ], [ -76.276113, 39.77562 ], [ -76.278324, 39.778494 ], [ -76.279839, 39.77964 ], [ -76.283265, 39.780184 ], [ -76.28424, 39.780672 ], [ -76.290182, 39.785011 ], [ -76.296998, 39.791178 ], [ -76.305303, 39.798757 ], [ -76.3105, 39.803059 ], [ -76.312445, 39.805425 ], [ -76.314242, 39.807312 ], [ -76.31246, 39.806047 ], [ -76.313351, 39.80797 ], [ -76.315702, 39.810037 ], [ -76.322704, 39.813083 ], [ -76.328353, 39.814788 ], [ -76.333139, 39.817769 ], [ -76.336388, 39.820937 ], [ -76.338255, 39.822062 ], [ -76.341068, 39.825918 ], [ -76.340942, 39.826817 ], [ -76.344793, 39.83165 ], [ -76.350543, 39.837756 ], [ -76.351273, 39.84232 ], [ -76.350759, 39.84709 ], [ -76.35211, 39.849032 ], [ -76.35333, 39.84983 ], [ -76.356824, 39.853326 ], [ -76.360701, 39.85585 ], [ -76.361674, 39.857054 ], [ -76.367598, 39.859287 ], [ -76.369641, 39.860399 ], [ -76.374255, 39.864666 ], [ -76.376657, 39.865642 ], [ -76.377927, 39.867147 ], [ -76.37886, 39.869509 ], [ -76.379508, 39.872931 ], [ -76.380692, 39.873675 ], [ -76.381709, 39.87906 ], [ -76.38008, 39.881902 ], [ -76.379516, 39.886435 ], [ -76.379769, 39.887913 ], [ -76.381733, 39.891633 ], [ -76.383777, 39.893617 ], [ -76.383783, 39.8975 ], [ -76.385334, 39.901933 ], [ -76.385518, 39.905698 ], [ -76.39045, 39.911751 ], [ -76.392115, 39.912749 ], [ -76.395131, 39.914008 ], [ -76.404073, 39.915647 ], [ -76.405071, 39.915395 ], [ -76.409449, 39.918174 ], [ -76.411538, 39.919839 ], [ -76.415695, 39.922042 ], [ -76.422156, 39.925832 ], [ -76.430401, 39.928907 ], [ -76.435794, 39.930522 ], [ -76.436907, 39.930407 ], [ -76.440573, 39.931779 ], [ -76.443804, 39.932268 ], [ -76.448969, 39.934338 ], [ -76.453892, 39.938153 ], [ -76.458922, 39.940261 ], [ -76.45975, 39.94125 ], [ -76.463425, 39.941754 ], [ -76.467577, 39.943049 ], [ -76.469811, 39.944393 ], [ -76.47358, 39.947352 ], [ -76.477021, 39.951508 ], [ -76.477949, 39.951623 ], [ -76.477691, 39.949833 ], [ -76.478206, 39.951672 ], [ -76.477878, 39.952974 ], [ -76.479207, 39.954813 ], [ -76.484461, 39.959 ], [ -76.487389, 39.962135 ], [ -76.490205, 39.96673 ], [ -76.49187, 39.970062 ], [ -76.495352, 39.976128 ], [ -76.495846, 39.978648 ], [ -76.495611, 39.978989 ], [ -76.496362, 39.980295 ], [ -76.4972, 39.989031 ], [ -76.498051, 39.992458 ], [ -76.497967, 39.994495 ], [ -76.498626, 39.996933 ], [ -76.500145, 39.999035 ], [ -76.500611, 40.000624 ], [ -76.503787, 40.003247 ], [ -76.505581, 40.005961 ], [ -76.509586, 40.009423 ], [ -76.512005, 40.012489 ], [ -76.512236, 40.013442 ], [ -76.513457, 40.015398 ], [ -76.51503, 40.016665 ], [ -76.516751, 40.017674 ], [ -76.520327, 40.020022 ], [ -76.526466, 40.025937 ], [ -76.526916, 40.026178 ], [ -76.528585, 40.030322 ], [ -76.529654, 40.030945 ], [ -76.52978, 40.03284 ], [ -76.531836, 40.035693 ], [ -76.532168, 40.038232 ], [ -76.531552, 40.046157 ], [ -76.533874, 40.050818 ], [ -76.534524, 40.051348 ], [ -76.538768, 40.051462 ], [ -76.541455, 40.051037 ], [ -76.553895, 40.046725 ], [ -76.555823, 40.046373 ], [ -76.561872, 40.046183 ], [ -76.563854, 40.045816 ], [ -76.571217, 40.045669 ], [ -76.576411, 40.046397 ], [ -76.581546, 40.048113 ], [ -76.586127, 40.048908 ], [ -76.588482, 40.049313 ], [ -76.592897, 40.050831 ], [ -76.595819, 40.051514 ], [ -76.603811, 40.052474 ], [ -76.609884, 40.053575 ], [ -76.613366, 40.054477 ], [ -76.620598, 40.054729 ], [ -76.627733, 40.05601 ], [ -76.63303, 40.057369 ], [ -76.63581, 40.058364 ], [ -76.641144, 40.059491 ], [ -76.643902, 40.059536 ], [ -76.644508, 40.058069 ], [ -76.648163, 40.05871 ], [ -76.648542, 40.058936 ], [ -76.652767, 40.059572 ], [ -76.662498, 40.063045 ], [ -76.663825, 40.063227 ], [ -76.6693, 40.06745 ], [ -76.671267, 40.069028 ], [ -76.672052, 40.070158 ], [ -76.67361, 40.071544 ], [ -76.675504, 40.073596 ], [ -76.676042, 40.075987 ], [ -76.677477, 40.077474 ], [ -76.67951, 40.080988 ], [ -76.680428, 40.083192 ], [ -76.683489, 40.08631 ], [ -76.687529, 40.092303 ], [ -76.693163, 40.098762 ], [ -76.697187, 40.102492 ], [ -76.698681, 40.103427 ], [ -76.702285, 40.106542 ], [ -76.707881, 40.110626 ], [ -76.710932, 40.113843 ], [ -76.715097, 40.11598 ], [ -76.716423, 40.116974 ], [ -76.719966, 40.118972 ], [ -76.72162, 40.12007 ], [ -76.726887, 40.121965 ], [ -76.729168, 40.12192 ], [ -76.732652, 40.122732 ], [ -76.740557, 40.12788 ], [ -76.743537, 40.13085 ], [ -76.744616, 40.133211 ], [ -76.744725, 40.136804 ], [ -76.745568, 40.139298 ], [ -76.745884, 40.146123 ], [ -76.748259, 40.155761 ], [ -76.748618, 40.161932 ], [ -76.748775, 40.162385 ], [ -76.749694, 40.170192 ], [ -76.752075, 40.175243 ], [ -76.752683, 40.175803 ], [ -76.756379, 40.177052 ], [ -76.762558, 40.178772 ], [ -76.763787, 40.17947 ], [ -76.767369, 40.181369 ], [ -76.774014, 40.184091 ], [ -76.775513, 40.185194 ], [ -76.780628, 40.187607 ], [ -76.785936, 40.190947 ], [ -76.787668, 40.19155 ], [ -76.790189, 40.193781 ], [ -76.792065, 40.194606 ], [ -76.795384, 40.19734 ], [ -76.800585, 40.200111 ], [ -76.806121, 40.200618 ], [ -76.808504, 40.200661 ], [ -76.810609, 40.200605 ], [ -76.815406, 40.201126 ], [ -76.817464, 40.200881 ], [ -76.821638, 40.201343 ], [ -76.824696, 40.202319 ], [ -76.828859, 40.20502 ], [ -76.830223, 40.207753 ], [ -76.832926, 40.214592 ], [ -76.833066, 40.21608 ], [ -76.834785, 40.217962 ], [ -76.839468, 40.221615 ], [ -76.84073, 40.222048 ], [ -76.848956, 40.223824 ], [ -76.857507, 40.226143 ], [ -76.859023, 40.226328 ], [ -76.858992, 40.225956 ], [ -76.860737, 40.224254 ], [ -76.861989, 40.222651 ], [ -76.860901, 40.219281 ], [ -76.861263, 40.218919 ], [ -76.865684, 40.2176 ], [ -76.866719, 40.216098 ], [ -76.868374, 40.215851 ], [ -76.872744, 40.215625 ], [ -76.877498, 40.217834 ], [ -76.879784, 40.217825 ], [ -76.882237, 40.216558 ], [ -76.885625, 40.213993 ], [ -76.888641, 40.213696 ], [ -76.891801, 40.215895 ], [ -76.893447, 40.219748 ], [ -76.895121, 40.221644 ], [ -76.896961, 40.224666 ], [ -76.900102, 40.223462 ], [ -76.902886, 40.224603 ], [ -76.904017, 40.22296 ], [ -76.903321, 40.221104 ], [ -76.89964, 40.217406 ], [ -76.898676, 40.214632 ], [ -76.899978, 40.212188 ], [ -76.900921, 40.211784 ], [ -76.902575, 40.212976 ], [ -76.902821, 40.214837 ], [ -76.904123, 40.217066 ], [ -76.905952, 40.217109 ], [ -76.907465, 40.21473 ], [ -76.90671, 40.212174 ], [ -76.906468, 40.2096 ], [ -76.910063, 40.208313 ], [ -76.910537, 40.205541 ], [ -76.91244, 40.204557 ], [ -76.914916, 40.20594 ], [ -76.91487, 40.208717 ], [ -76.916622, 40.210135 ], [ -76.918544, 40.210225 ], [ -76.921265, 40.209207 ], [ -76.923962, 40.205485 ], [ -76.923885, 40.203447 ], [ -76.925795, 40.202751 ], [ -76.927181, 40.199981 ], [ -76.931511, 40.199385 ], [ -76.931372, 40.197732 ], [ -76.929481, 40.196853 ], [ -76.926749, 40.197758 ], [ -76.924229, 40.197307 ], [ -76.918612, 40.198311 ], [ -76.917403, 40.197589 ], [ -76.914659, 40.195671 ], [ -76.913303, 40.193187 ], [ -76.909424, 40.19137 ], [ -76.908351, 40.190199 ], [ -76.909596, 40.188856 ], [ -76.913589, 40.188616 ], [ -76.911898, 40.18488 ], [ -76.914181, 40.182773 ], [ -76.91672, 40.183237 ], [ -76.920274, 40.186474 ], [ -76.924662, 40.188258 ], [ -76.926548, 40.18848 ], [ -76.927661, 40.187542 ], [ -76.928428, 40.185552 ], [ -76.928303, 40.183802 ], [ -76.926344, 40.181471 ], [ -76.924836, 40.178441 ], [ -76.923294, 40.177087 ], [ -76.919854, 40.175304 ], [ -76.915721, 40.17367 ], [ -76.911168, 40.170919 ], [ -76.90765, 40.169372 ], [ -76.905793, 40.167643 ], [ -76.905678, 40.165913 ], [ -76.907281, 40.165484 ], [ -76.909095, 40.16614 ], [ -76.910727, 40.164946 ], [ -76.916146, 40.164051 ], [ -76.921992, 40.162286 ], [ -76.922097, 40.162269 ], [ -76.925166, 40.162058 ], [ -76.929107, 40.161274 ], [ -76.93365, 40.162026 ], [ -76.939283, 40.164264 ], [ -76.942704, 40.164133 ], [ -76.95133, 40.165827 ], [ -76.954886, 40.165363 ], [ -76.960608, 40.163765 ], [ -76.964648, 40.164863 ], [ -76.966876, 40.162704 ], [ -76.973108, 40.162989 ], [ -76.976612, 40.16411 ], [ -76.978024, 40.164777 ], [ -76.981617, 40.163116 ], [ -76.980675, 40.160556 ], [ -76.976753, 40.158972 ], [ -76.975921, 40.159292 ], [ -76.973662, 40.159287 ], [ -76.972223, 40.158731 ], [ -76.971338, 40.1576 ], [ -76.971581, 40.156682 ], [ -76.973998, 40.154824 ], [ -76.974768, 40.153226 ], [ -76.976912, 40.15234 ], [ -76.979009, 40.152029 ], [ -76.981149, 40.153587 ], [ -76.986812, 40.155127 ], [ -76.993033, 40.154898 ], [ -76.996716, 40.153403 ], [ -76.998198, 40.153314 ], [ -76.999774, 40.152898 ], [ -77.003135, 40.153307 ], [ -77.005243, 40.151431 ], [ -77.009125, 40.14939 ], [ -77.00928, 40.148975 ], [ -77.009939, 40.149007 ], [ -77.012767, 40.148415 ], [ -77.019675, 40.148309 ], [ -77.021249, 40.147709 ], [ -77.022749, 40.145814 ], [ -77.026172, 40.147428 ], [ -77.028861, 40.147732 ], [ -77.031548, 40.146642 ], [ -77.035759, 40.142956 ], [ -77.055215, 40.129061 ], [ -77.059871, 40.125327 ], [ -77.062568, 40.123585 ], [ -77.076724, 40.113615 ], [ -77.080387, 40.110985 ], [ -77.137425, 40.069945 ], [ -77.134865, 40.069254 ] ] ] ] } },
{ "type": "Feature", "properties": { "STATEFP": "42", "COUNTYFP": "027", "COUNTYNS": "01214720", "GEOIDFQ": "0500000US42027", "GEOID": "42027", "NAME": "Centre", "NAMELSAD": "Centre County", "STUSPS": "PA", "STATE_NAME": "Pennsylvania", "LSAD": "06", "ALAND": 2867787637.0, "AWATER": 11295681.0, "STATE_NAME_HYPHEN": "Pennsylvania" }, "geometry": { "type": "MultiPolygon", "coordinates": [ [ [ [ -78.376505, 40.752559 ], [ -78.37558, 40.750905 ], [ -78.373017, 40.749892 ], [ -78.372869, 40.746904 ], [ -78.371897, 40.746586 ], [ -78.370431, 40.742825 ], [ -78.368994, 40.741919 ], [ -78.368857, 40.740082 ], [ -78.367849, 40.73908 ], [ -78.366426, 40.736097 ], [ -78.365163, 40.735565 ], [ -78.364532, 40.73414 ], [ -78.362986, 40.733157 ], [ -78.360619, 40.733181 ], [ -78.340008, 40.733535 ], [ -78.282937, 40.736402 ], [ -78.278948, 40.736597 ], [ -78.265695, 40.737243 ], [ -78.230061, 40.738973 ], [ -78.203188, 40.740198 ], [ -78.194439, 40.740544 ], [ -78.131834, 40.743017 ], [ -78.116521, 40.739127 ], [ -78.115856, 40.739283 ], [ -78.085263, 40.73092 ], [ -78.050456, 40.721382 ], [ -78.010957, 40.710423 ], [ -77.99334, 40.705207 ], [ -77.978722, 40.701154 ], [ -77.94425, 40.691557 ], [ -77.944122, 40.691622 ], [ -77.932604, 40.696994 ], [ -77.904641, 40.710734 ], [ -77.894282, 40.716203 ], [ -77.85922, 40.730819 ], [ -77.831415, 40.741122 ], [ -77.824903, 40.743534 ], [ -77.768549, 40.719466 ], [ -77.718677, 40.727372 ], [ -77.710548, 40.714564 ], [ -77.698955, 40.720704 ], [ -77.695466, 40.72253 ], [ -77.683848, 40.72872 ], [ -77.681334, 40.729758 ], [ -77.667819, 40.735335 ], [ -77.661988, 40.737742 ], [ -77.652574, 40.744921 ], [ -77.624719, 40.752261 ], [ -77.593355, 40.761247 ], [ -77.571938, 40.769333 ], [ -77.552537, 40.777591 ], [ -77.511096, 40.793954 ], [ -77.509597, 40.794575 ], [ -77.438815, 40.8239 ], [ -77.429604, 40.827541 ], [ -77.413862, 40.833075 ], [ -77.374708, 40.845295 ], [ -77.36775, 40.846896 ], [ -77.36418, 40.846937 ], [ -77.279236, 40.90971 ], [ -77.221631, 40.973282 ], [ -77.204027, 40.99271 ], [ -77.15765, 41.031257 ], [ -77.143804, 41.042855 ], [ -77.14416, 41.044338 ], [ -77.339925, 40.987167 ], [ -77.343227, 40.986623 ], [ -77.393907, 40.978285 ], [ -77.440274, 40.974448 ], [ -77.508596, 40.962938 ], [ -77.514275, 40.969562 ], [ -77.517597, 40.973437 ], [ -77.533569, 40.992071 ], [ -77.537992, 40.997231 ], [ -77.54725, 41.008021 ], [ -77.547291, 41.008069 ], [ -77.559094, 41.021818 ], [ -77.580194, 41.04727 ], [ -77.578274, 41.04856 ], [ -77.571961, 41.051608 ], [ -77.564025, 41.056221 ], [ -77.561842, 41.057787 ], [ -77.567406, 41.065105 ], [ -77.570696, 41.066285 ], [ -77.573565, 41.068682 ], [ -77.576251, 41.068607 ], [ -77.581428, 41.067115 ], [ -77.582477, 41.067366 ], [ -77.583821, 41.070097 ], [ -77.588359, 41.071629 ], [ -77.591777, 41.071152 ], [ -77.591916, 41.074439 ], [ -77.594469, 41.077053 ], [ -77.59532, 41.077745 ], [ -77.598765, 41.079779 ], [ -77.600309, 41.080007 ], [ -77.606958, 41.083166 ], [ -77.608863, 41.083342 ], [ -77.61203, 41.085809 ], [ -77.618579, 41.088583 ], [ -77.620948, 41.089087 ], [ -77.621759, 41.091185 ], [ -77.624883, 41.091846 ], [ -77.626586, 41.092622 ], [ -77.628144, 41.092549 ], [ -77.629621, 41.093356 ], [ -77.629838, 41.094599 ], [ -77.630995, 41.094065 ], [ -77.631806, 41.095127 ], [ -77.636038, 41.095187 ], [ -77.639515, 41.096922 ], [ -77.641218, 41.096685 ], [ -77.647666, 41.09808 ], [ -77.650067, 41.097553 ], [ -77.652782, 41.098268 ], [ -77.659206, 41.10107 ], [ -77.660191, 41.102845 ], [ -77.660812, 41.106758 ], [ -77.662603, 41.108523 ], [ -77.664073, 41.109002 ], [ -77.667092, 41.108281 ], [ -77.670762, 41.105636 ], [ -77.672047, 41.105236 ], [ -77.675589, 41.105976 ], [ -77.676745, 41.107092 ], [ -77.681044, 41.109076 ], [ -77.683751, 41.109306 ], [ -77.686219, 41.108395 ], [ -77.686792, 41.107419 ], [ -77.690389, 41.106249 ], [ -77.691867, 41.106376 ], [ -77.69549, 41.1076 ], [ -77.699119, 41.109642 ], [ -77.7005, 41.110733 ], [ -77.703923, 41.112899 ], [ -77.706619, 41.113887 ], [ -77.707321, 41.113483 ], [ -77.70925, 41.111527 ], [ -77.711683, 41.111137 ], [ -77.712429, 41.108547 ], [ -77.714602, 41.105571 ], [ -77.717759, 41.104954 ], [ -77.723629, 41.10685 ], [ -77.724784, 41.107393 ], [ -77.724779, 41.109097 ], [ -77.725608, 41.110142 ], [ -77.728079, 41.111323 ], [ -77.730237, 41.111368 ], [ -77.733532, 41.110191 ], [ -77.736986, 41.107906 ], [ -77.739069, 41.107426 ], [ -77.743651, 41.107603 ], [ -77.746675, 41.106261 ], [ -77.777996, 41.146612 ], [ -77.789563, 41.142127 ], [ -77.790009, 41.177142 ], [ -77.860832, 41.177005 ], [ -77.897667, 41.176918 ], [ -77.898262, 41.252665 ], [ -77.900666, 41.249954 ], [ -77.906046, 41.245991 ], [ -77.910854, 41.243553 ], [ -77.913787, 41.240565 ], [ -77.916906, 41.235385 ], [ -77.920167, 41.229239 ], [ -77.921801, 41.227456 ], [ -77.923631, 41.226427 ], [ -77.926987, 41.226205 ], [ -77.931759, 41.226467 ], [ -77.936261, 41.225998 ], [ -77.937909, 41.224841 ], [ -77.939008, 41.222707 ], [ -77.938795, 41.219789 ], [ -77.935615, 41.214891 ], [ -77.935656, 41.211741 ], [ -77.93709, 41.210336 ], [ -77.939431, 41.209482 ], [ -77.940833, 41.209436 ], [ -77.943601, 41.210292 ], [ -77.950606, 41.213791 ], [ -77.955615, 41.217427 ], [ -77.959438, 41.217497 ], [ -77.962032, 41.215289 ], [ -77.963918, 41.211467 ], [ -77.96565, 41.209584 ], [ -77.970841, 41.20672 ], [ -77.973078, 41.204188 ], [ -77.973335, 41.193915 ], [ -77.973715, 41.192394 ], [ -77.973588, 41.189093 ], [ -77.970833, 41.178314 ], [ -77.970778, 41.174697 ], [ -77.973012, 41.173021 ], [ -77.978455, 41.171721 ], [ -77.980823, 41.171639 ], [ -77.984187, 41.170236 ], [ -77.985116, 41.168734 ], [ -77.986711, 41.163799 ], [ -77.987926, 41.162647 ], [ -77.990272, 41.161704 ], [ -77.995391, 41.163125 ], [ -77.999201, 41.163016 ], [ -78.000753, 41.16166 ], [ -78.001796, 41.158133 ], [ -78.000329, 41.15095 ], [ -78.000988, 41.147773 ], [ -78.003569, 41.144856 ], [ -78.005941, 41.143601 ], [ -78.009105, 41.143316 ], [ -78.010732, 41.143854 ], [ -78.012021, 41.145071 ], [ -78.014476, 41.151996 ], [ -78.015729, 41.1529 ], [ -78.017348, 41.153187 ], [ -78.020159, 41.152734 ], [ -78.024602, 41.150785 ], [ -78.028594, 41.150325 ], [ -78.031225, 41.151539 ], [ -78.034969, 41.15392 ], [ -78.038171, 41.153603 ], [ -78.039738, 41.152579 ], [ -78.041469, 41.15021 ], [ -78.04344, 41.146508 ], [ -78.046487, 41.14569 ], [ -78.049804, 41.145979 ], [ -78.052733, 41.145317 ], [ -78.054206, 41.142665 ], [ -78.054836, 41.134177 ], [ -78.056026, 41.131995 ], [ -78.058844, 41.130909 ], [ -78.063253, 41.131366 ], [ -78.065589, 41.132341 ], [ -78.068971, 41.1319 ], [ -78.070351, 41.13058 ], [ -78.070432, 41.128981 ], [ -78.068783, 41.125601 ], [ -78.068659, 41.124308 ], [ -78.070417, 41.121878 ], [ -78.073732, 41.122055 ], [ -78.077672, 41.125167 ], [ -78.081907, 41.126308 ], [ -78.084138, 41.125945 ], [ -78.086447, 41.123573 ], [ -78.086613, 41.11943 ], [ -78.087595, 41.117173 ], [ -78.089202, 41.116038 ], [ -78.092357, 41.115679 ], [ -78.093776, 41.116352 ], [ -78.094757, 41.119666 ], [ -78.097184, 41.121124 ], [ -78.100345, 41.121783 ], [ -78.103273, 41.121202 ], [ -78.109329, 41.117138 ], [ -78.110572, 41.116151 ], [ -78.111239, 41.115473 ], [ -78.11225, 41.11364 ], [ -78.111695, 41.111061 ], [ -78.108873, 41.107544 ], [ -78.107614, 41.10551 ], [ -78.101574, 41.092164 ], [ -78.098111, 41.086039 ], [ -78.094809, 41.082352 ], [ -78.092671, 41.079562 ], [ -78.092557, 41.078365 ], [ -78.093733, 41.075833 ], [ -78.09628, 41.073331 ], [ -78.097184, 41.072349 ], [ -78.095752, 41.070903 ], [ -78.092192, 41.070414 ], [ -78.090517, 41.069751 ], [ -78.085637, 41.06865 ], [ -78.085098, 41.068114 ], [ -78.085832, 41.066336 ], [ -78.088795, 41.063427 ], [ -78.090651, 41.059412 ], [ -78.09036, 41.058171 ], [ -78.088104, 41.057144 ], [ -78.084618, 41.057392 ], [ -78.077918, 41.059747 ], [ -78.07556, 41.059657 ], [ -78.074199, 41.058649 ], [ -78.073176, 41.056488 ], [ -78.073303, 41.054212 ], [ -78.072849, 41.051922 ], [ -78.071396, 41.049918 ], [ -78.068203, 41.049959 ], [ -78.065657, 41.051741 ], [ -78.062363, 41.05323 ], [ -78.059898, 41.052203 ], [ -78.059385, 41.050834 ], [ -78.063023, 41.047326 ], [ -78.06408, 41.045913 ], [ -78.063174, 41.043976 ], [ -78.058683, 41.040822 ], [ -78.057258, 41.039351 ], [ -78.057149, 41.037533 ], [ -78.058248, 41.036708 ], [ -78.061457, 41.035963 ], [ -78.06562, 41.03578 ], [ -78.067491, 41.034734 ], [ -78.069269, 41.032721 ], [ -78.071529, 41.032789 ], [ -78.073941, 41.034069 ], [ -78.076163, 41.034479 ], [ -78.078302, 41.034064 ], [ -78.079319, 41.033184 ], [ -78.080312, 41.030655 ], [ -78.079903, 41.02948 ], [ -78.077308, 41.026601 ], [ -78.076299, 41.026305 ], [ -78.073308, 41.02705 ], [ -78.071255, 41.026582 ], [ -78.07046, 41.02494 ], [ -78.071048, 41.024421 ], [ -78.074862, 41.02355 ], [ -78.075599, 41.022185 ], [ -78.074852, 41.02142 ], [ -78.072127, 41.020336 ], [ -78.070035, 41.020447 ], [ -78.067889, 41.019484 ], [ -78.069195, 41.017229 ], [ -78.069831, 41.014694 ], [ -78.069136, 41.013242 ], [ -78.068067, 41.012841 ], [ -78.062002, 41.013271 ], [ -78.06012, 41.012213 ], [ -78.055956, 41.008273 ], [ -78.055705, 41.00486 ], [ -78.058271, 41.003655 ], [ -78.060411, 41.004183 ], [ -78.062773, 41.004789 ], [ -78.065138, 41.003338 ], [ -78.065322, 41.001725 ], [ -78.064449, 40.999957 ], [ -78.06185, 40.9979 ], [ -78.061085, 40.996277 ], [ -78.061923, 40.995219 ], [ -78.064446, 40.995316 ], [ -78.066675, 40.997692 ], [ -78.068115, 40.997645 ], [ -78.070045, 40.996015 ], [ -78.073608, 40.993937 ], [ -78.075598, 40.993463 ], [ -78.081095, 40.993359 ], [ -78.083802, 40.994458 ], [ -78.086105, 40.994468 ], [ -78.086863, 40.992769 ], [ -78.084702, 40.990892 ], [ -78.081835, 40.985414 ], [ -78.082089, 40.984185 ], [ -78.084428, 40.980831 ], [ -78.086477, 40.980528 ], [ -78.089058, 40.981109 ], [ -78.090522, 40.980881 ], [ -78.090641, 40.979419 ], [ -78.088674, 40.976085 ], [ -78.088879, 40.975346 ], [ -78.092119, 40.972814 ], [ -78.094791, 40.974102 ], [ -78.096778, 40.972849 ], [ -78.093746, 40.97049 ], [ -78.091287, 40.969891 ], [ -78.088147, 40.970321 ], [ -78.086162, 40.969669 ], [ -78.084049, 40.967731 ], [ -78.08338, 40.965708 ], [ -78.081192, 40.96384 ], [ -78.078504, 40.960451 ], [ -78.07774, 40.958824 ], [ -78.078105, 40.956447 ], [ -78.081506, 40.955064 ], [ -78.089568, 40.954458 ], [ -78.09211, 40.952987 ], [ -78.093031, 40.951328 ], [ -78.0949, 40.950436 ], [ -78.099263, 40.951589 ], [ -78.104214, 40.949518 ], [ -78.107594, 40.950648 ], [ -78.109828, 40.949933 ], [ -78.110226, 40.947216 ], [ -78.111334, 40.945124 ], [ -78.116587, 40.942902 ], [ -78.120718, 40.942053 ], [ -78.122442, 40.943887 ], [ -78.120742, 40.945569 ], [ -78.121786, 40.947127 ], [ -78.127034, 40.945681 ], [ -78.128903, 40.94599 ], [ -78.132607, 40.945894 ], [ -78.133862, 40.946741 ], [ -78.133968, 40.947766 ], [ -78.131301, 40.949567 ], [ -78.130621, 40.951341 ], [ -78.132302, 40.953207 ], [ -78.135356, 40.953965 ], [ -78.136376, 40.956021 ], [ -78.135111, 40.957372 ], [ -78.132475, 40.958863 ], [ -78.129964, 40.961841 ], [ -78.131969, 40.965906 ], [ -78.133693, 40.967042 ], [ -78.135894, 40.966723 ], [ -78.136351, 40.966018 ], [ -78.136012, 40.962599 ], [ -78.136447, 40.961413 ], [ -78.138376, 40.959271 ], [ -78.139648, 40.957102 ], [ -78.13952, 40.953922 ], [ -78.140735, 40.952431 ], [ -78.140325, 40.951024 ], [ -78.141059, 40.949844 ], [ -78.144284, 40.948588 ], [ -78.146607, 40.948684 ], [ -78.147635, 40.949333 ], [ -78.147183, 40.952216 ], [ -78.146488, 40.956006 ], [ -78.14715, 40.956675 ], [ -78.151604, 40.957366 ], [ -78.154787, 40.959481 ], [ -78.159787, 40.961224 ], [ -78.166131, 40.961559 ], [ -78.167605, 40.961017 ], [ -78.168712, 40.960228 ], [ -78.169627, 40.955665 ], [ -78.168206, 40.952034 ], [ -78.166632, 40.952295 ], [ -78.162328, 40.954763 ], [ -78.159369, 40.954068 ], [ -78.159412, 40.950366 ], [ -78.158125, 40.948572 ], [ -78.157786, 40.946108 ], [ -78.155638, 40.942777 ], [ -78.155639, 40.941645 ], [ -78.158124, 40.94137 ], [ -78.159931, 40.942021 ], [ -78.162454, 40.942069 ], [ -78.164555, 40.940943 ], [ -78.163326, 40.939342 ], [ -78.166461, 40.936686 ], [ -78.168526, 40.936249 ], [ -78.171279, 40.936767 ], [ -78.172285, 40.935204 ], [ -78.171481, 40.932418 ], [ -78.175005, 40.931966 ], [ -78.177202, 40.930209 ], [ -78.179089, 40.927845 ], [ -78.17784, 40.928161 ], [ -78.179875, 40.923559 ], [ -78.181829, 40.922294 ], [ -78.185691, 40.921582 ], [ -78.18571, 40.920789 ], [ -78.188745, 40.919272 ], [ -78.190965, 40.91873 ], [ -78.192382, 40.920568 ], [ -78.194279, 40.919385 ], [ -78.195985, 40.919992 ], [ -78.198275, 40.91762 ], [ -78.200296, 40.917709 ], [ -78.199906, 40.916816 ], [ -78.201637, 40.915813 ], [ -78.204611, 40.915619 ], [ -78.206818, 40.916939 ], [ -78.208601, 40.916401 ], [ -78.210351, 40.917396 ], [ -78.211734, 40.915872 ], [ -78.214837, 40.914809 ], [ -78.215215, 40.913317 ], [ -78.217405, 40.91383 ], [ -78.22165, 40.910968 ], [ -78.225942, 40.9074 ], [ -78.224301, 40.905982 ], [ -78.22503, 40.905241 ], [ -78.226517, 40.903483 ], [ -78.227814, 40.904227 ], [ -78.229136, 40.899744 ], [ -78.226772, 40.898564 ], [ -78.227746, 40.897564 ], [ -78.227201, 40.897368 ], [ -78.22422, 40.895968 ], [ -78.224194, 40.894704 ], [ -78.220911, 40.891574 ], [ -78.220641, 40.890312 ], [ -78.221597, 40.888506 ], [ -78.226138, 40.887599 ], [ -78.227937, 40.886733 ], [ -78.228228, 40.883006 ], [ -78.230038, 40.880299 ], [ -78.232938, 40.878392 ], [ -78.232992, 40.880177 ], [ -78.234708, 40.879259 ], [ -78.23509, 40.880159 ], [ -78.237209, 40.880387 ], [ -78.24045, 40.881636 ], [ -78.242987, 40.881479 ], [ -78.243306, 40.880645 ], [ -78.247761, 40.879557 ], [ -78.247234, 40.877804 ], [ -78.249509, 40.877164 ], [ -78.249342, 40.876387 ], [ -78.246475, 40.875844 ], [ -78.244378, 40.876775 ], [ -78.241695, 40.876942 ], [ -78.238333, 40.876436 ], [ -78.235895, 40.8749 ], [ -78.23571, 40.873603 ], [ -78.237524, 40.873323 ], [ -78.237946, 40.872068 ], [ -78.23919, 40.872751 ], [ -78.244111, 40.8717 ], [ -78.246288, 40.872086 ], [ -78.248975, 40.869519 ], [ -78.249779, 40.865316 ], [ -78.248603, 40.864632 ], [ -78.248196, 40.862312 ], [ -78.249131, 40.861101 ], [ -78.246908, 40.858365 ], [ -78.24922, 40.855383 ], [ -78.251598, 40.854235 ], [ -78.254763, 40.853756 ], [ -78.256771, 40.855397 ], [ -78.26057, 40.854684 ], [ -78.263042, 40.852795 ], [ -78.263953, 40.851034 ], [ -78.267169, 40.850264 ], [ -78.267336, 40.847966 ], [ -78.270183, 40.846947 ], [ -78.273827, 40.848055 ], [ -78.275563, 40.85009 ], [ -78.277729, 40.850993 ], [ -78.280054, 40.850585 ], [ -78.284237, 40.851049 ], [ -78.285542, 40.849874 ], [ -78.28863, 40.849714 ], [ -78.290761, 40.848022 ], [ -78.291316, 40.846748 ], [ -78.2906, 40.84252 ], [ -78.293844, 40.840619 ], [ -78.294437, 40.837919 ], [ -78.298797, 40.835144 ], [ -78.301295, 40.83495 ], [ -78.301893, 40.834154 ], [ -78.301983, 40.833495 ], [ -78.29997, 40.831416 ], [ -78.299522, 40.829839 ], [ -78.300282, 40.827968 ], [ -78.299383, 40.82456 ], [ -78.30151, 40.822937 ], [ -78.302154, 40.821739 ], [ -78.304067, 40.821548 ], [ -78.305625, 40.820638 ], [ -78.305927, 40.818807 ], [ -78.306678, 40.818533 ], [ -78.308008, 40.81572 ], [ -78.311632, 40.813892 ], [ -78.312212, 40.811351 ], [ -78.314021, 40.810166 ], [ -78.313751, 40.808558 ], [ -78.320308, 40.808434 ], [ -78.322169, 40.805531 ], [ -78.322724, 40.806156 ], [ -78.326926, 40.805899 ], [ -78.327317, 40.80466 ], [ -78.329566, 40.803359 ], [ -78.330165, 40.802096 ], [ -78.331661, 40.801122 ], [ -78.337837, 40.799198 ], [ -78.33921, 40.79818 ], [ -78.338864, 40.797002 ], [ -78.339693, 40.795848 ], [ -78.339255, 40.794752 ], [ -78.340249, 40.791562 ], [ -78.343675, 40.79083 ], [ -78.343109, 40.788479 ], [ -78.341875, 40.787007 ], [ -78.341836, 40.785007 ], [ -78.343478, 40.783933 ], [ -78.342514, 40.783404 ], [ -78.342578, 40.781895 ], [ -78.345905, 40.781053 ], [ -78.346371, 40.779083 ], [ -78.34747, 40.778947 ], [ -78.349317, 40.776271 ], [ -78.35087, 40.774896 ], [ -78.351239, 40.772869 ], [ -78.352241, 40.772079 ], [ -78.351718, 40.77047 ], [ -78.352053, 40.768912 ], [ -78.353828, 40.768326 ], [ -78.356161, 40.768395 ], [ -78.359133, 40.767895 ], [ -78.360632, 40.765391 ], [ -78.363204, 40.764501 ], [ -78.365256, 40.764545 ], [ -78.367868, 40.760998 ], [ -78.370685, 40.759706 ], [ -78.37135, 40.757709 ], [ -78.373423, 40.757553 ], [ -78.374262, 40.755998 ], [ -78.376031, 40.754497 ], [ -78.376505, 40.752559 ] ] ] ] } },
{ "type": "Feature", "properties": { "STATEFP": "42", "COUNTYFP": "041", "COUNTYNS": "01209176", "GEOIDFQ": "0500000US42041", "GEOID": "42041", "NAME": "Cumberland", "NAMELSAD": "Cumberland County", "STUSPS": "PA", "STATE_NAME": "Pennsylvania", "LSAD": "06", "ALAND": 1412792253.0, "AWATER": 12666284.0, "STATE_NAME_HYPHEN": "Pennsylvania" }, "geometry": { "type": "MultiPolygon", "coordinates": [ [ [ [ -77.627509, 40.1886 ], [ -77.625022, 40.18489 ], [ -77.623052, 40.183248 ], [ -77.622493, 40.181854 ], [ -77.616385, 40.17248 ], [ -77.613642, 40.170161 ], [ -77.614303, 40.166858 ], [ -77.612918, 40.161234 ], [ -77.610432, 40.158193 ], [ -77.608943, 40.153601 ], [ -77.608261, 40.152738 ], [ -77.604218, 40.15145 ], [ -77.60147, 40.147861 ], [ -77.599331, 40.147357 ], [ -77.595974, 40.143576 ], [ -77.59322, 40.142249 ], [ -77.592274, 40.138643 ], [ -77.592952, 40.135393 ], [ -77.590348, 40.133945 ], [ -77.586816, 40.134341 ], [ -77.581745, 40.134106 ], [ -77.579174, 40.131188 ], [ -77.574671, 40.127729 ], [ -77.57332, 40.127592 ], [ -77.56845, 40.125896 ], [ -77.566497, 40.122936 ], [ -77.564638, 40.121734 ], [ -77.564466, 40.119791 ], [ -77.562871, 40.119286 ], [ -77.562621, 40.114168 ], [ -77.561016, 40.108358 ], [ -77.559224, 40.105284 ], [ -77.557914, 40.103097 ], [ -77.558603, 40.101622 ], [ -77.559728, 40.100671 ], [ -77.561682, 40.097323 ], [ -77.560463, 40.095922 ], [ -77.560417, 40.094256 ], [ -77.557114, 40.094535 ], [ -77.553883, 40.095883 ], [ -77.550847, 40.093215 ], [ -77.550361, 40.091173 ], [ -77.548097, 40.09013 ], [ -77.545141, 40.09049 ], [ -77.542955, 40.089597 ], [ -77.543084, 40.087195 ], [ -77.544558, 40.086459 ], [ -77.546587, 40.086688 ], [ -77.546688, 40.08593 ], [ -77.542551, 40.083907 ], [ -77.543666, 40.082243 ], [ -77.540987, 40.080566 ], [ -77.541003, 40.079685 ], [ -77.545635, 40.078429 ], [ -77.545039, 40.077601 ], [ -77.54151, 40.077501 ], [ -77.540285, 40.076765 ], [ -77.542112, 40.075385 ], [ -77.53993, 40.073937 ], [ -77.541897, 40.06982 ], [ -77.534889, 40.070272 ], [ -77.532265, 40.067169 ], [ -77.533206, 40.06489 ], [ -77.532966, 40.062806 ], [ -77.530495, 40.059232 ], [ -77.531267, 40.054205 ], [ -77.532481, 40.048749 ], [ -77.530519, 40.048316 ], [ -77.52884, 40.047762 ], [ -77.527805, 40.047292 ], [ -77.526357, 40.045768 ], [ -77.526271, 40.04568 ], [ -77.523544, 40.046458 ], [ -77.521992, 40.046582 ], [ -77.520062, 40.045978 ], [ -77.518514, 40.045625 ], [ -77.517107, 40.044359 ], [ -77.518031, 40.042994 ], [ -77.519147, 40.042445 ], [ -77.519417, 40.039991 ], [ -77.518703, 40.0382 ], [ -77.517679, 40.037384 ], [ -77.514893, 40.034378 ], [ -77.512272, 40.033565 ], [ -77.50782, 40.028968 ], [ -77.507632, 40.028386 ], [ -77.509137, 40.024885 ], [ -77.504922, 40.01878 ], [ -77.500114, 40.013446 ], [ -77.499604, 40.010248 ], [ -77.496975, 40.007406 ], [ -77.495403, 40.005145 ], [ -77.49286, 40.003807 ], [ -77.49166, 40.002468 ], [ -77.489232, 40.001333 ], [ -77.487595, 39.999041 ], [ -77.481635, 39.993394 ], [ -77.478956, 39.991755 ], [ -77.474392, 39.991937 ], [ -77.470972, 39.986845 ], [ -77.467889, 39.98577 ], [ -77.465783, 39.984436 ], [ -77.461769, 39.977695 ], [ -77.461654, 39.976831 ], [ -77.459661, 39.975477 ], [ -77.454109, 39.972432 ], [ -77.470967, 39.944274 ], [ -77.471085, 39.944077 ], [ -77.421362, 39.981294 ], [ -77.403493, 39.994499 ], [ -77.35373, 40.003302 ], [ -77.276623, 40.017219 ], [ -77.255209, 40.02076 ], [ -77.253345, 40.021068 ], [ -77.228874, 40.025084 ], [ -77.210516, 40.026944 ], [ -77.200791, 40.02793 ], [ -77.187353, 40.029361 ], [ -77.18563, 40.029501 ], [ -77.177403, 40.037434 ], [ -77.162071, 40.051697 ], [ -77.155585, 40.056708 ], [ -77.137425, 40.069945 ], [ -77.080387, 40.110985 ], [ -77.076724, 40.113615 ], [ -77.062568, 40.123585 ], [ -77.059871, 40.125327 ], [ -77.055215, 40.129061 ], [ -77.035759, 40.142956 ], [ -77.031548, 40.146642 ], [ -77.028861, 40.147732 ], [ -77.026172, 40.147428 ], [ -77.022749, 40.145814 ], [ -77.021249, 40.147709 ], [ -77.019675, 40.148309 ], [ -77.012767, 40.148415 ], [ -77.009939, 40.149007 ], [ -77.00928, 40.148975 ], [ -77.009125, 40.14939 ], [ -77.005243, 40.151431 ], [ -77.003135, 40.153307 ], [ -76.999774, 40.152898 ], [ -76.998198, 40.153314 ], [ -76.996716, 40.153403 ], [ -76.993033, 40.154898 ], [ -76.986812, 40.155127 ], [ -76.981149, 40.153587 ], [ -76.979009, 40.152029 ], [ -76.976912, 40.15234 ], [ -76.974768, 40.153226 ], [ -76.973998, 40.154824 ], [ -76.971581, 40.156682 ], [ -76.971338, 40.1576 ], [ -76.972223, 40.158731 ], [ -76.973662, 40.159287 ], [ -76.975921, 40.159292 ], [ -76.976753, 40.158972 ], [ -76.980675, 40.160556 ], [ -76.981617, 40.163116 ], [ -76.978024, 40.164777 ], [ -76.976612, 40.16411 ], [ -76.973108, 40.162989 ], [ -76.966876, 40.162704 ], [ -76.964648, 40.164863 ], [ -76.960608, 40.163765 ], [ -76.954886, 40.165363 ], [ -76.95133, 40.165827 ], [ -76.942704, 40.164133 ], [ -76.939283, 40.164264 ], [ -76.93365, 40.162026 ], [ -76.929107, 40.161274 ], [ -76.925166, 40.162058 ], [ -76.922097, 40.162269 ], [ -76.921992, 40.162286 ], [ -76.916146, 40.164051 ], [ -76.910727, 40.164946 ], [ -76.909095, 40.16614 ], [ -76.907281, 40.165484 ], [ -76.905678, 40.165913 ], [ -76.905793, 40.167643 ], [ -76.90765, 40.169372 ], [ -76.911168, 40.170919 ], [ -76.915721, 40.17367 ], [ -76.919854, 40.175304 ], [ -76.923294, 40.177087 ], [ -76.924836, 40.178441 ], [ -76.926344, 40.181471 ], [ -76.928303, 40.183802 ], [ -76.928428, 40.185552 ], [ -76.927661, 40.187542 ], [ -76.926548, 40.18848 ], [ -76.924662, 40.188258 ], [ -76.920274, 40.186474 ], [ -76.91672, 40.183237 ], [ -76.914181, 40.182773 ], [ -76.911898, 40.18488 ], [ -76.913589, 40.188616 ], [ -76.909596, 40.188856 ], [ -76.908351, 40.190199 ], [ -76.909424, 40.19137 ], [ -76.913303, 40.193187 ], [ -76.914659, 40.195671 ], [ -76.917403, 40.197589 ], [ -76.918612, 40.198311 ], [ -76.924229, 40.197307 ], [ -76.926749, 40.197758 ], [ -76.929481, 40.196853 ], [ -76.931372, 40.197732 ], [ -76.931511, 40.199385 ], [ -76.927181, 40.199981 ], [ -76.925795, 40.202751 ], [ -76.923885, 40.203447 ], [ -76.923962, 40.205485 ], [ -76.921265, 40.209207 ], [ -76.918544, 40.210225 ], [ -76.916622, 40.210135 ], [ -76.91487, 40.208717 ], [ -76.914916, 40.20594 ], [ -76.91244, 40.204557 ], [ -76.910537, 40.205541 ], [ -76.910063, 40.208313 ], [ -76.906468, 40.2096 ], [ -76.90671, 40.212174 ], [ -76.907465, 40.21473 ], [ -76.905952, 40.217109 ], [ -76.904123, 40.217066 ], [ -76.902821, 40.214837 ], [ -76.902575, 40.212976 ], [ -76.900921, 40.211784 ], [ -76.899978, 40.212188 ], [ -76.898676, 40.214632 ], [ -76.89964, 40.217406 ], [ -76.903321, 40.221104 ], [ -76.904017, 40.22296 ], [ -76.902886, 40.224603 ], [ -76.900102, 40.223462 ], [ -76.896961, 40.224666 ], [ -76.895121, 40.221644 ], [ -76.893447, 40.219748 ], [ -76.891801, 40.215895 ], [ -76.888641, 40.213696 ], [ -76.885625, 40.213993 ], [ -76.882237, 40.216558 ], [ -76.879784, 40.217825 ], [ -76.877498, 40.217834 ], [ -76.872744, 40.215625 ], [ -76.868374, 40.215851 ], [ -76.866719, 40.216098 ], [ -76.865684, 40.2176 ], [ -76.861263, 40.218919 ], [ -76.860901, 40.219281 ], [ -76.861989, 40.222651 ], [ -76.860737, 40.224254 ], [ -76.858992, 40.225956 ], [ -76.859023, 40.226328 ], [ -76.866473, 40.231157 ], [ -76.867476, 40.232231 ], [ -76.868111, 40.232952 ], [ -76.873248, 40.237681 ], [ -76.873477, 40.237993 ], [ -76.873936, 40.238438 ], [ -76.878707, 40.243889 ], [ -76.878871, 40.244 ], [ -76.880634, 40.244956 ], [ -76.882016, 40.245779 ], [ -76.884765, 40.247201 ], [ -76.88886, 40.249019 ], [ -76.890052, 40.249489 ], [ -76.890684, 40.250112 ], [ -76.89233, 40.251085 ], [ -76.892413, 40.251358 ], [ -76.898852, 40.25556 ], [ -76.904577, 40.260572 ], [ -76.908525, 40.265181 ], [ -76.913752, 40.271129 ], [ -76.913911, 40.271938 ], [ -76.913651, 40.272141 ], [ -76.914112, 40.274466 ], [ -76.916306, 40.28021 ], [ -76.917348, 40.280974 ], [ -76.920159, 40.28301 ], [ -76.922063, 40.285482 ], [ -76.924291, 40.289642 ], [ -76.924468, 40.292225 ], [ -76.923196, 40.300196 ], [ -76.9216, 40.302682 ], [ -76.916954, 40.312432 ], [ -76.915016, 40.315426 ], [ -76.913485, 40.317548 ], [ -76.9118, 40.322634 ], [ -76.912129, 40.325495 ], [ -76.91497, 40.328484 ], [ -76.916269, 40.328032 ], [ -76.939783, 40.320062 ], [ -76.949282, 40.316861 ], [ -76.967996, 40.311899 ], [ -76.976861, 40.309857 ], [ -76.99724, 40.306752 ], [ -77.005128, 40.305617 ], [ -77.014719, 40.304728 ], [ -77.022127, 40.30402 ], [ -77.035336, 40.304146 ], [ -77.041769, 40.304402 ], [ -77.051781, 40.303643 ], [ -77.053816, 40.30333 ], [ -77.059659, 40.303293 ], [ -77.063874, 40.301967 ], [ -77.069479, 40.302302 ], [ -77.07466, 40.302236 ], [ -77.083942, 40.30122 ], [ -77.096365, 40.300395 ], [ -77.101744, 40.298641 ], [ -77.105438, 40.298722 ], [ -77.111869, 40.297359 ], [ -77.124813, 40.296662 ], [ -77.126881, 40.296269 ], [ -77.126963, 40.295466 ], [ -77.129612, 40.294955 ], [ -77.13295, 40.295077 ], [ -77.134849, 40.294904 ], [ -77.147505, 40.292037 ], [ -77.150397, 40.291252 ], [ -77.156323, 40.290846 ], [ -77.157825, 40.290191 ], [ -77.163064, 40.289478 ], [ -77.166019, 40.289503 ], [ -77.174627, 40.288499 ], [ -77.185461, 40.287664 ], [ -77.188185, 40.28777 ], [ -77.204496, 40.28708 ], [ -77.210802, 40.285898 ], [ -77.220743, 40.284678 ], [ -77.224378, 40.28447 ], [ -77.229166, 40.283744 ], [ -77.234177, 40.283477 ], [ -77.239163, 40.284102 ], [ -77.241691, 40.282847 ], [ -77.245932, 40.282082 ], [ -77.25134, 40.281462 ], [ -77.262132, 40.279692 ], [ -77.269957, 40.278671 ], [ -77.280548, 40.275923 ], [ -77.291576, 40.272802 ], [ -77.298581, 40.271366 ], [ -77.305505, 40.269185 ], [ -77.312235, 40.26774 ], [ -77.316471, 40.26749 ], [ -77.319485, 40.268659 ], [ -77.322842, 40.270721 ], [ -77.327118, 40.273739 ], [ -77.330491, 40.275596 ], [ -77.331504, 40.277215 ], [ -77.330696, 40.280588 ], [ -77.328034, 40.283315 ], [ -77.32608, 40.286262 ], [ -77.323924, 40.288605 ], [ -77.323191, 40.292472 ], [ -77.324119, 40.292693 ], [ -77.328561, 40.292311 ], [ -77.334844, 40.289841 ], [ -77.336543, 40.28875 ], [ -77.340647, 40.286915 ], [ -77.343752, 40.284818 ], [ -77.347875, 40.282457 ], [ -77.354299, 40.279278 ], [ -77.360718, 40.274701 ], [ -77.366099, 40.272319 ], [ -77.372068, 40.268831 ], [ -77.385114, 40.262712 ], [ -77.400124, 40.257863 ], [ -77.402457, 40.256954 ], [ -77.413859, 40.255215 ], [ -77.420845, 40.255368 ], [ -77.421517, 40.25584 ], [ -77.423285, 40.258461 ], [ -77.419795, 40.26407 ], [ -77.416761, 40.266677 ], [ -77.411044, 40.269315 ], [ -77.410561, 40.272529 ], [ -77.409304, 40.274554 ], [ -77.402893, 40.280128 ], [ -77.400583, 40.281676 ], [ -77.39569, 40.284265 ], [ -77.394536, 40.285238 ], [ -77.386967, 40.290351 ], [ -77.378835, 40.294726 ], [ -77.372927, 40.298372 ], [ -77.364762, 40.302541 ], [ -77.361236, 40.305193 ], [ -77.359873, 40.306684 ], [ -77.357785, 40.310922 ], [ -77.357635, 40.312476 ], [ -77.360082, 40.314075 ], [ -77.366018, 40.313569 ], [ -77.370134, 40.312248 ], [ -77.375693, 40.310691 ], [ -77.382193, 40.308457 ], [ -77.38953, 40.305041 ], [ -77.394445, 40.303506 ], [ -77.400546, 40.300531 ], [ -77.405066, 40.29799 ], [ -77.411668, 40.294713 ], [ -77.413778, 40.293892 ], [ -77.419492, 40.290834 ], [ -77.426595, 40.28661 ], [ -77.432675, 40.282319 ], [ -77.438503, 40.278867 ], [ -77.442719, 40.275924 ], [ -77.446191, 40.273847 ], [ -77.449808, 40.271012 ], [ -77.452511, 40.269499 ], [ -77.46095, 40.263939 ], [ -77.467557, 40.258481 ], [ -77.473596, 40.254216 ], [ -77.477333, 40.252175 ], [ -77.485315, 40.247235 ], [ -77.486766, 40.246751 ], [ -77.490264, 40.24438 ], [ -77.493054, 40.243313 ], [ -77.497315, 40.240234 ], [ -77.499899, 40.238884 ], [ -77.503272, 40.237319 ], [ -77.510109, 40.234416 ], [ -77.513309, 40.232481 ], [ -77.515502, 40.230504 ], [ -77.522117, 40.22799 ], [ -77.52675, 40.225587 ], [ -77.52896, 40.222999 ], [ -77.536868, 40.219072 ], [ -77.538017, 40.218916 ], [ -77.543189, 40.219409 ], [ -77.556747, 40.219082 ], [ -77.558085, 40.218638 ], [ -77.563725, 40.21556 ], [ -77.566278, 40.213395 ], [ -77.569587, 40.212119 ], [ -77.572562, 40.209824 ], [ -77.578341, 40.206626 ], [ -77.580439, 40.203856 ], [ -77.583133, 40.201967 ], [ -77.586126, 40.199306 ], [ -77.589954, 40.196514 ], [ -77.593549, 40.19201 ], [ -77.59876, 40.188593 ], [ -77.605448, 40.185362 ], [ -77.608887, 40.19121 ], [ -77.614665, 40.198549 ], [ -77.625032, 40.18999 ], [ -77.627509, 40.1886 ] ] ] ] } },
{ "type": "Feature", "properties": { "STATEFP": "42", "COUNTYFP": "035", "COUNTYNS": "01214721", "GEOIDFQ": "0500000US42035", "GEOID": "42035", "NAME": "Clinton", "NAMELSAD": "Clinton County", "STUSPS": "PA", "STATE_NAME": "Pennsylvania", "LSAD": "06", "ALAND": 2304129979.0, "AWATER": 23182058.0, "STATE_NAME_HYPHEN": "Pennsylvania" }, "geometry": { "type": "MultiPolygon", "coordinates": [ [ [ [ -78.061007, 41.174539 ], [ -78.038171, 41.153603 ], [ -78.034969, 41.15392 ], [ -78.031225, 41.151539 ], [ -78.028594, 41.150325 ], [ -78.024602, 41.150785 ], [ -78.020159, 41.152734 ], [ -78.017348, 41.153187 ], [ -78.015729, 41.1529 ], [ -78.014476, 41.151996 ], [ -78.012021, 41.145071 ], [ -78.010732, 41.143854 ], [ -78.009105, 41.143316 ], [ -78.005941, 41.143601 ], [ -78.003569, 41.144856 ], [ -78.000988, 41.147773 ], [ -78.000329, 41.15095 ], [ -78.001796, 41.158133 ], [ -78.000753, 41.16166 ], [ -77.999201, 41.163016 ], [ -77.995391, 41.163125 ], [ -77.990272, 41.161704 ], [ -77.987926, 41.162647 ], [ -77.986711, 41.163799 ], [ -77.985116, 41.168734 ], [ -77.984187, 41.170236 ], [ -77.980823, 41.171639 ], [ -77.978455, 41.171721 ], [ -77.973012, 41.173021 ], [ -77.970778, 41.174697 ], [ -77.970833, 41.178314 ], [ -77.973588, 41.189093 ], [ -77.973715, 41.192394 ], [ -77.973335, 41.193915 ], [ -77.973078, 41.204188 ], [ -77.970841, 41.20672 ], [ -77.96565, 41.209584 ], [ -77.963918, 41.211467 ], [ -77.962032, 41.215289 ], [ -77.959438, 41.217497 ], [ -77.955615, 41.217427 ], [ -77.950606, 41.213791 ], [ -77.943601, 41.210292 ], [ -77.940833, 41.209436 ], [ -77.939431, 41.209482 ], [ -77.93709, 41.210336 ], [ -77.935656, 41.211741 ], [ -77.935615, 41.214891 ], [ -77.938795, 41.219789 ], [ -77.939008, 41.222707 ], [ -77.937909, 41.224841 ], [ -77.936261, 41.225998 ], [ -77.931759, 41.226467 ], [ -77.926987, 41.226205 ], [ -77.923631, 41.226427 ], [ -77.921801, 41.227456 ], [ -77.920167, 41.229239 ], [ -77.916906, 41.235385 ], [ -77.913787, 41.240565 ], [ -77.910854, 41.243553 ], [ -77.906046, 41.245991 ], [ -77.900666, 41.249954 ], [ -77.898262, 41.252665 ], [ -77.897667, 41.176918 ], [ -77.860832, 41.177005 ], [ -77.790009, 41.177142 ], [ -77.789563, 41.142127 ], [ -77.777996, 41.146612 ], [ -77.746675, 41.106261 ], [ -77.743651, 41.107603 ], [ -77.739069, 41.107426 ], [ -77.736986, 41.107906 ], [ -77.733532, 41.110191 ], [ -77.730237, 41.111368 ], [ -77.728079, 41.111323 ], [ -77.725608, 41.110142 ], [ -77.724779, 41.109097 ], [ -77.724784, 41.107393 ], [ -77.723629, 41.10685 ], [ -77.717759, 41.104954 ], [ -77.714602, 41.105571 ], [ -77.712429, 41.108547 ], [ -77.711683, 41.111137 ], [ -77.70925, 41.111527 ], [ -77.707321, 41.113483 ], [ -77.706619, 41.113887 ], [ -77.703923, 41.112899 ], [ -77.7005, 41.110733 ], [ -77.699119, 41.109642 ], [ -77.69549, 41.1076 ], [ -77.691867, 41.106376 ], [ -77.690389, 41.106249 ], [ -77.686792, 41.107419 ], [ -77.686219, 41.108395 ], [ -77.683751, 41.109306 ], [ -77.681044, 41.109076 ], [ -77.676745, 41.107092 ], [ -77.675589, 41.105976 ], [ -77.672047, 41.105236 ], [ -77.670762, 41.105636 ], [ -77.667092, 41.108281 ], [ -77.664073, 41.109002 ], [ -77.662603, 41.108523 ], [ -77.660812, 41.106758 ], [ -77.660191, 41.102845 ], [ -77.659206, 41.10107 ], [ -77.652782, 41.098268 ], [ -77.650067, 41.097553 ], [ -77.647666, 41.09808 ], [ -77.641218, 41.096685 ], [ -77.639515, 41.096922 ], [ -77.636038, 41.095187 ], [ -77.631806, 41.095127 ], [ -77.630995, 41.094065 ], [ -77.629838, 41.094599 ], [ -77.629621, 41.093356 ], [ -77.628144, 41.092549 ], [ -77.626586, 41.092622 ], [ -77.624883, 41.091846 ], [ -77.621759, 41.091185 ], [ -77.620948, 41.089087 ], [ -77.618579, 41.088583 ], [ -77.61203, 41.085809 ], [ -77.608863, 41.083342 ], [ -77.606958, 41.083166 ], [ -77.600309, 41.080007 ], [ -77.598765, 41.079779 ], [ -77.59532, 41.077745 ], [ -77.594469, 41.077053 ], [ -77.591916, 41.074439 ], [ -77.591777, 41.071152 ], [ -77.588359, 41.071629 ], [ -77.583821, 41.070097 ], [ -77.582477, 41.067366 ], [ -77.581428, 41.067115 ], [ -77.576251, 41.068607 ], [ -77.573565, 41.068682 ], [ -77.570696, 41.066285 ], [ -77.567406, 41.065105 ], [ -77.561842, 41.057787 ], [ -77.564025, 41.056221 ], [ -77.571961, 41.051608 ], [ -77.578274, 41.04856 ], [ -77.580194, 41.04727 ], [ -77.559094, 41.021818 ], [ -77.547291, 41.008069 ], [ -77.54725, 41.008021 ], [ -77.537992, 40.997231 ], [ -77.533569, 40.992071 ], [ -77.517597, 40.973437 ], [ -77.514275, 40.969562 ], [ -77.508596, 40.962938 ], [ -77.440274, 40.974448 ], [ -77.393907, 40.978285 ], [ -77.343227, 40.986623 ], [ -77.339925, 40.987167 ], [ -77.14416, 41.044338 ], [ -77.143712, 41.045116 ], [ -77.144111, 41.06884 ], [ -77.164278, 41.068708 ], [ -77.174202, 41.078262 ], [ -77.180521, 41.084312 ], [ -77.219666, 41.122074 ], [ -77.231019, 41.132787 ], [ -77.232457, 41.134218 ], [ -77.235987, 41.137434 ], [ -77.236621, 41.138044 ], [ -77.251573, 41.152641 ], [ -77.251966, 41.153003 ], [ -77.262231, 41.162409 ], [ -77.269525, 41.170009 ], [ -77.272018, 41.172534 ], [ -77.27245, 41.175443 ], [ -77.275589, 41.179105 ], [ -77.277411, 41.180539 ], [ -77.283285, 41.182673 ], [ -77.288306, 41.18299 ], [ -77.290797, 41.184123 ], [ -77.292256, 41.185304 ], [ -77.293059, 41.186473 ], [ -77.293651, 41.191069 ], [ -77.292172, 41.193733 ], [ -77.29058, 41.1951 ], [ -77.291378, 41.19628 ], [ -77.294635, 41.198739 ], [ -77.29901, 41.200967 ], [ -77.306364, 41.208077 ], [ -77.308154, 41.209256 ], [ -77.312953, 41.212413 ], [ -77.313717, 41.213015 ], [ -77.320891, 41.218932 ], [ -77.322974, 41.21867 ], [ -77.32576, 41.219698 ], [ -77.328793, 41.219496 ], [ -77.329517, 41.220669 ], [ -77.330306, 41.219464 ], [ -77.334303, 41.220476 ], [ -77.344036, 41.220533 ], [ -77.349765, 41.219918 ], [ -77.351356, 41.220176 ], [ -77.35133, 41.220949 ], [ -77.348555, 41.223096 ], [ -77.349397, 41.224284 ], [ -77.349627, 41.228873 ], [ -77.352749, 41.230002 ], [ -77.358047, 41.230597 ], [ -77.361098, 41.2331 ], [ -77.362729, 41.23358 ], [ -77.367541, 41.232369 ], [ -77.370088, 41.23268 ], [ -77.374947, 41.236809 ], [ -77.379178, 41.239105 ], [ -77.387244, 41.24495 ], [ -77.390824, 41.247786 ], [ -77.399043, 41.253053 ], [ -77.402877, 41.257068 ], [ -77.404407, 41.25817 ], [ -77.405545, 41.260917 ], [ -77.410667, 41.266221 ], [ -77.416125, 41.270056 ], [ -77.421446, 41.271143 ], [ -77.424945, 41.273103 ], [ -77.426929, 41.277342 ], [ -77.4294, 41.28214 ], [ -77.430783, 41.283105 ], [ -77.434252, 41.28453 ], [ -77.442091, 41.286091 ], [ -77.444732, 41.287439 ], [ -77.445943, 41.288457 ], [ -77.450054, 41.293262 ], [ -77.451236, 41.295157 ], [ -77.452906, 41.300019 ], [ -77.455122, 41.303422 ], [ -77.456424, 41.304639 ], [ -77.461103, 41.306321 ], [ -77.468245, 41.310429 ], [ -77.471451, 41.313486 ], [ -77.4727, 41.317584 ], [ -77.475029, 41.326689 ], [ -77.474533, 41.334021 ], [ -77.475402, 41.337651 ], [ -77.477013, 41.338998 ], [ -77.480148, 41.340762 ], [ -77.485567, 41.345281 ], [ -77.492476, 41.349637 ], [ -77.499931, 41.353953 ], [ -77.501342, 41.354358 ], [ -77.516145, 41.355867 ], [ -77.517651, 41.356119 ], [ -77.526537, 41.358528 ], [ -77.529366, 41.360008 ], [ -77.536115, 41.363882 ], [ -77.537654, 41.365011 ], [ -77.540008, 41.368101 ], [ -77.541899, 41.381296 ], [ -77.542228, 41.382196 ], [ -77.546919, 41.389634 ], [ -77.550449, 41.395826 ], [ -77.559747, 41.407265 ], [ -77.564435, 41.412683 ], [ -77.568687, 41.413666 ], [ -77.571626, 41.415941 ], [ -77.575209, 41.420498 ], [ -77.57574, 41.421602 ], [ -77.58054, 41.435579 ], [ -77.582435, 41.438253 ], [ -77.584539, 41.440441 ], [ -77.584671, 41.441301 ], [ -77.597282, 41.441056 ], [ -77.598129, 41.478576 ], [ -77.623616, 41.478378 ], [ -77.624708, 41.478213 ], [ -77.683773, 41.477968 ], [ -77.741845, 41.477467 ], [ -77.757279, 41.477424 ], [ -77.758255, 41.477507 ], [ -77.765138, 41.477477 ], [ -77.826161, 41.476994 ], [ -77.832494, 41.476794 ], [ -77.841097, 41.476766 ], [ -77.843718, 41.4766 ], [ -77.989194, 41.474822 ], [ -77.988907, 41.448138 ], [ -77.988786, 41.367453 ], [ -78.053577, 41.273725 ], [ -78.093381, 41.216931 ], [ -78.061007, 41.174539 ] ] ] ] } },
{ "type": "Feature", "properties": { "STATEFP": "42", "COUNTYFP": "003", "COUNTYNS": "01213657", "GEOIDFQ": "0500000US42003", "GEOID": "42003", "NAME": "Allegheny", "NAMELSAD": "Allegheny County", "STUSPS": "PA", "STATE_NAME": "Pennsylvania", "LSAD": "06", "ALAND": 1890579938.0, "AWATER": 37035881.0, "STATE_NAME_HYPHEN": "Pennsylvania" }, "geometry": { "type": "MultiPolygon", "coordinates": [ [ [ [ -80.360801, 40.477591 ], [ -80.296194, 40.425476 ], [ -80.258943, 40.39522 ], [ -80.234673, 40.375468 ], [ -80.234342, 40.375196 ], [ -80.227986, 40.36999 ], [ -80.222956, 40.365897 ], [ -80.200196, 40.347153 ], [ -80.184603, 40.333139 ], [ -80.183462, 40.332774 ], [ -80.171019, 40.328987 ], [ -80.161253, 40.3261 ], [ -80.145849, 40.321385 ], [ -80.143475, 40.320654 ], [ -80.123085, 40.314597 ], [ -80.116278, 40.312659 ], [ -80.109712, 40.310276 ], [ -80.094945, 40.305907 ], [ -80.077004, 40.300756 ], [ -80.07396, 40.299837 ], [ -80.072381, 40.299236 ], [ -80.069202, 40.298298 ], [ -80.047271, 40.291777 ], [ -80.033699, 40.287674 ], [ -80.033269, 40.28754 ], [ -80.027848, 40.285829 ], [ -80.026632, 40.285445 ], [ -80.024255, 40.284769 ], [ -80.017589, 40.282836 ], [ -80.004033, 40.278779 ], [ -80.002852, 40.278435 ], [ -80.002296, 40.278271 ], [ -79.974427, 40.270171 ], [ -79.973393, 40.269883 ], [ -79.969113, 40.268637 ], [ -79.944732, 40.261398 ], [ -79.94047, 40.260127 ], [ -79.922428, 40.254806 ], [ -79.918164, 40.253541 ], [ -79.914461, 40.252443 ], [ -79.917498, 40.249446 ], [ -79.925256, 40.245061 ], [ -79.930754, 40.242973 ], [ -79.93759, 40.241519 ], [ -79.943009, 40.241095 ], [ -79.950632, 40.240844 ], [ -79.956834, 40.240198 ], [ -79.962593, 40.238768 ], [ -79.966839, 40.236544 ], [ -79.970042, 40.233304 ], [ -79.971115, 40.230731 ], [ -79.971281, 40.228172 ], [ -79.970916, 40.226893 ], [ -79.969316, 40.22467 ], [ -79.966849, 40.222088 ], [ -79.95984, 40.215936 ], [ -79.95794, 40.214259 ], [ -79.954889, 40.212767 ], [ -79.950382, 40.211559 ], [ -79.944331, 40.210656 ], [ -79.93879, 40.20946 ], [ -79.929289, 40.207081 ], [ -79.924598, 40.204954 ], [ -79.918712, 40.200279 ], [ -79.916416, 40.198973 ], [ -79.910783, 40.196977 ], [ -79.900334, 40.194841 ], [ -79.894771, 40.194285 ], [ -79.888739, 40.194733 ], [ -79.881115, 40.196647 ], [ -79.877877, 40.197034 ], [ -79.871425, 40.197391 ], [ -79.850066, 40.204684 ], [ -79.83925, 40.208755 ], [ -79.817199, 40.21581 ], [ -79.81442, 40.21668 ], [ -79.800608, 40.221738 ], [ -79.782588, 40.227626 ], [ -79.787352, 40.228069 ], [ -79.78917, 40.228883 ], [ -79.795338, 40.229926 ], [ -79.804386, 40.231949 ], [ -79.80629, 40.233222 ], [ -79.807112, 40.23452 ], [ -79.807431, 40.236894 ], [ -79.806898, 40.238618 ], [ -79.805126, 40.241194 ], [ -79.803364, 40.241803 ], [ -79.799109, 40.246966 ], [ -79.796653, 40.252833 ], [ -79.793955, 40.255761 ], [ -79.790304, 40.258713 ], [ -79.787741, 40.261847 ], [ -79.787502, 40.263242 ], [ -79.788779, 40.265312 ], [ -79.795058, 40.272189 ], [ -79.795521, 40.273634 ], [ -79.796131, 40.275225 ], [ -79.796241, 40.276037 ], [ -79.796516, 40.279445 ], [ -79.795796, 40.281079 ], [ -79.794715, 40.281683 ], [ -79.788927, 40.282255 ], [ -79.783629, 40.281924 ], [ -79.779595, 40.282295 ], [ -79.775823, 40.285009 ], [ -79.775203, 40.28791 ], [ -79.775963, 40.28921 ], [ -79.780995, 40.293608 ], [ -79.784566, 40.296066 ], [ -79.787507, 40.297473 ], [ -79.788648, 40.297738 ], [ -79.786608, 40.305188 ], [ -79.785946, 40.307604 ], [ -79.784208, 40.313894 ], [ -79.783806, 40.315441 ], [ -79.783332, 40.317251 ], [ -79.782194, 40.322068 ], [ -79.781991, 40.323821 ], [ -79.778249, 40.341186 ], [ -79.774412, 40.359673 ], [ -79.773599, 40.36362 ], [ -79.771082, 40.375419 ], [ -79.768148, 40.380392 ], [ -79.767296, 40.382129 ], [ -79.76561, 40.384471 ], [ -79.764841, 40.38377 ], [ -79.763898, 40.386454 ], [ -79.764806, 40.390027 ], [ -79.762068, 40.392768 ], [ -79.758609, 40.392064 ], [ -79.753776, 40.388538 ], [ -79.751262, 40.388357 ], [ -79.751004, 40.389076 ], [ -79.750512, 40.391135 ], [ -79.747829, 40.390871 ], [ -79.744634, 40.396163 ], [ -79.742521, 40.396926 ], [ -79.738648, 40.395545 ], [ -79.738736, 40.397716 ], [ -79.735723, 40.399405 ], [ -79.734895, 40.397852 ], [ -79.73232, 40.400235 ], [ -79.731981, 40.406646 ], [ -79.730431, 40.408473 ], [ -79.729193, 40.408827 ], [ -79.727776, 40.408315 ], [ -79.722397, 40.408569 ], [ -79.722187, 40.409077 ], [ -79.726018, 40.412156 ], [ -79.727228, 40.412194 ], [ -79.727646, 40.412887 ], [ -79.726826, 40.414473 ], [ -79.722338, 40.414919 ], [ -79.720423, 40.413982 ], [ -79.717231, 40.413789 ], [ -79.716157, 40.415728 ], [ -79.716028, 40.417413 ], [ -79.712545, 40.418647 ], [ -79.711833, 40.419684 ], [ -79.706939, 40.422319 ], [ -79.706978, 40.424016 ], [ -79.704783, 40.426324 ], [ -79.70473, 40.427562 ], [ -79.703973, 40.443652 ], [ -79.703237, 40.456068 ], [ -79.703038, 40.463592 ], [ -79.702485, 40.477326 ], [ -79.702142, 40.489523 ], [ -79.702087, 40.521763 ], [ -79.701985, 40.523787 ], [ -79.701624, 40.525449 ], [ -79.705101, 40.527111 ], [ -79.707902, 40.530663 ], [ -79.710234, 40.532299 ], [ -79.712848, 40.532934 ], [ -79.714373, 40.532878 ], [ -79.718707, 40.537399 ], [ -79.721128, 40.541162 ], [ -79.722367, 40.542198 ], [ -79.724608, 40.542191 ], [ -79.728666, 40.543435 ], [ -79.730552, 40.544717 ], [ -79.731934, 40.545066 ], [ -79.732582, 40.546561 ], [ -79.734044, 40.546836 ], [ -79.735714, 40.549012 ], [ -79.739269, 40.549497 ], [ -79.741419, 40.549371 ], [ -79.742656, 40.548523 ], [ -79.745879, 40.549809 ], [ -79.748493, 40.551264 ], [ -79.751701, 40.551823 ], [ -79.754254, 40.550431 ], [ -79.758132, 40.550337 ], [ -79.760069, 40.551064 ], [ -79.76509, 40.549238 ], [ -79.766119, 40.55083 ], [ -79.768543, 40.554996 ], [ -79.770807, 40.560257 ], [ -79.772052, 40.562955 ], [ -79.774131, 40.568376 ], [ -79.774455, 40.569742 ], [ -79.774802, 40.572804 ], [ -79.774493, 40.576738 ], [ -79.773361, 40.582087 ], [ -79.771623, 40.585629 ], [ -79.77079, 40.586698 ], [ -79.76807, 40.589544 ], [ -79.764043, 40.59287 ], [ -79.761999, 40.594336 ], [ -79.757578, 40.596254 ], [ -79.749437, 40.598867 ], [ -79.749192, 40.598919 ], [ -79.741275, 40.600758 ], [ -79.736087, 40.602043 ], [ -79.733169, 40.603135 ], [ -79.723154, 40.606989 ], [ -79.721339, 40.608157 ], [ -79.719992, 40.60949 ], [ -79.717702, 40.613295 ], [ -79.714576, 40.61701 ], [ -79.712073, 40.619131 ], [ -79.703334, 40.625695 ], [ -79.694353, 40.635127 ], [ -79.690278, 40.640873 ], [ -79.688975, 40.645435 ], [ -79.689208, 40.647852 ], [ -79.691082, 40.652468 ], [ -79.694192, 40.657506 ], [ -79.695822, 40.661505 ], [ -79.69582, 40.664794 ], [ -79.695463, 40.665765 ], [ -79.692904, 40.66825 ], [ -79.692878, 40.669611 ], [ -79.698705, 40.669726 ], [ -79.707546, 40.669851 ], [ -79.714599, 40.669704 ], [ -79.719752, 40.669594 ], [ -79.729102, 40.669255 ], [ -79.745536, 40.669738 ], [ -79.764107, 40.670427 ], [ -79.780651, 40.671228 ], [ -79.786363, 40.671302 ], [ -79.816996, 40.671699 ], [ -79.818729, 40.671708 ], [ -79.825372, 40.67129 ], [ -79.829433, 40.671142 ], [ -79.842248, 40.67199 ], [ -79.866032, 40.672383 ], [ -79.877128, 40.672435 ], [ -79.888727, 40.672773 ], [ -79.914626, 40.673286 ], [ -79.924182, 40.673021 ], [ -79.959939, 40.67228 ], [ -79.964595, 40.672514 ], [ -79.977251, 40.673116 ], [ -79.987842, 40.673587 ], [ -79.994174, 40.673571 ], [ -79.995523, 40.673597 ], [ -79.996979, 40.673624 ], [ -80.03623, 40.67409 ], [ -80.060124, 40.674143 ], [ -80.067531, 40.674165 ], [ -80.068355, 40.674167 ], [ -80.071393, 40.674174 ], [ -80.071434, 40.674935 ], [ -80.095724, 40.674179 ], [ -80.126111, 40.673645 ], [ -80.127791, 40.673604 ], [ -80.148497, 40.673769 ], [ -80.148379, 40.670284 ], [ -80.147786, 40.661158 ], [ -80.146708, 40.642093 ], [ -80.145188, 40.614749 ], [ -80.145144, 40.614028 ], [ -80.14511, 40.613447 ], [ -80.150872, 40.611615 ], [ -80.152062, 40.609399 ], [ -80.155013, 40.608013 ], [ -80.158691, 40.609232 ], [ -80.160825, 40.609491 ], [ -80.165784, 40.60603 ], [ -80.166812, 40.606677 ], [ -80.169376, 40.606618 ], [ -80.169972, 40.607723 ], [ -80.172018, 40.608152 ], [ -80.173721, 40.607705 ], [ -80.176025, 40.608113 ], [ -80.177874, 40.609482 ], [ -80.180755, 40.609107 ], [ -80.180534, 40.60759 ], [ -80.18186, 40.605831 ], [ -80.183821, 40.604753 ], [ -80.184753, 40.603585 ], [ -80.184044, 40.601132 ], [ -80.18848, 40.600046 ], [ -80.188002, 40.599181 ], [ -80.185188, 40.598118 ], [ -80.18454, 40.596834 ], [ -80.186519, 40.596126 ], [ -80.190228, 40.596182 ], [ -80.193281, 40.596933 ], [ -80.194986, 40.59672 ], [ -80.195345, 40.59585 ], [ -80.198464, 40.592655 ], [ -80.202121, 40.590936 ], [ -80.204163, 40.588568 ], [ -80.206786, 40.588153 ], [ -80.208002, 40.58806 ], [ -80.208491, 40.586825 ], [ -80.211167, 40.584979 ], [ -80.211832, 40.582484 ], [ -80.214427, 40.580993 ], [ -80.218075, 40.581903 ], [ -80.218977, 40.581995 ], [ -80.219175, 40.579453 ], [ -80.220133, 40.579909 ], [ -80.224006, 40.577329 ], [ -80.224051, 40.575268 ], [ -80.228579, 40.573072 ], [ -80.228953, 40.572799 ], [ -80.233369, 40.569578 ], [ -80.24664, 40.559636 ], [ -80.25142, 40.556023 ], [ -80.263654, 40.547218 ], [ -80.27433, 40.539307 ], [ -80.278026, 40.536736 ], [ -80.349014, 40.48614 ], [ -80.360802, 40.477739 ], [ -80.360801, 40.477591 ] ] ] ] } },
{ "type": "Feature", "properties": { "STATEFP": "42", "COUNTYFP": "129", "COUNTYNS": "01209191", "GEOIDFQ": "0500000US42129", "GEOID": "42129", "NAME": "Westmoreland", "NAMELSAD": "Westmoreland County", "STUSPS": "PA", "STATE_NAME": "Pennsylvania", "LSAD": "06", "ALAND": 2661757833.0, "AWATER": 21294222.0, "STATE_NAME_HYPHEN": "Pennsylvania" }, "geometry": { "type": "MultiPolygon", "coordinates": [ [ [ [ -79.90489, 40.154231 ], [ -79.90417, 40.151967 ], [ -79.902986, 40.149895 ], [ -79.902074, 40.148647 ], [ -79.897306, 40.144008 ], [ -79.893241, 40.140776 ], [ -79.892089, 40.139528 ], [ -79.891193, 40.138184 ], [ -79.888601, 40.132392 ], [ -79.887705, 40.131128 ], [ -79.886073, 40.129832 ], [ -79.884569, 40.129096 ], [ -79.877864, 40.126959 ], [ -79.875296, 40.12953 ], [ -79.874993, 40.129409 ], [ -79.870405, 40.129195 ], [ -79.86722, 40.127765 ], [ -79.858119, 40.128135 ], [ -79.857885, 40.128224 ], [ -79.856544, 40.128523 ], [ -79.853603, 40.127531 ], [ -79.85212, 40.1281 ], [ -79.844708, 40.128296 ], [ -79.843775, 40.127433 ], [ -79.842945, 40.128036 ], [ -79.839409, 40.128251 ], [ -79.818671, 40.128351 ], [ -79.816113, 40.128375 ], [ -79.815774, 40.129649 ], [ -79.816594, 40.132791 ], [ -79.81004, 40.13248 ], [ -79.806743, 40.131184 ], [ -79.805804, 40.127528 ], [ -79.803817, 40.128761 ], [ -79.791728, 40.12863 ], [ -79.789231, 40.128015 ], [ -79.788821, 40.128609 ], [ -79.784371, 40.1285 ], [ -79.783645, 40.127709 ], [ -79.78034, 40.128348 ], [ -79.746056, 40.128457 ], [ -79.744404, 40.128168 ], [ -79.744371, 40.128053 ], [ -79.743036, 40.127101 ], [ -79.739836, 40.12526 ], [ -79.734851, 40.121046 ], [ -79.730567, 40.120451 ], [ -79.7276, 40.120608 ], [ -79.726019, 40.122684 ], [ -79.72438, 40.123123 ], [ -79.718766, 40.117644 ], [ -79.718963, 40.116366 ], [ -79.721805, 40.115287 ], [ -79.723235, 40.113662 ], [ -79.72237, 40.112825 ], [ -79.718948, 40.113501 ], [ -79.717302, 40.112924 ], [ -79.715465, 40.11109 ], [ -79.712366, 40.11036 ], [ -79.711267, 40.108658 ], [ -79.706427, 40.107555 ], [ -79.704712, 40.107911 ], [ -79.703306, 40.10946 ], [ -79.702095, 40.110414 ], [ -79.69865, 40.109619 ], [ -79.694168, 40.111353 ], [ -79.691655, 40.11309 ], [ -79.685143, 40.113615 ], [ -79.684634, 40.113114 ], [ -79.683794, 40.10862 ], [ -79.679091, 40.107103 ], [ -79.677068, 40.106943 ], [ -79.675717, 40.105715 ], [ -79.674178, 40.105514 ], [ -79.671751, 40.106247 ], [ -79.667579, 40.104542 ], [ -79.666187, 40.102656 ], [ -79.666667, 40.100364 ], [ -79.668602, 40.098847 ], [ -79.668495, 40.097308 ], [ -79.666256, 40.097593 ], [ -79.663866, 40.096732 ], [ -79.663347, 40.094637 ], [ -79.661656, 40.094483 ], [ -79.660643, 40.096772 ], [ -79.659357, 40.097305 ], [ -79.657254, 40.096595 ], [ -79.654285, 40.093633 ], [ -79.654793, 40.090801 ], [ -79.654083, 40.089294 ], [ -79.648122, 40.087643 ], [ -79.644784, 40.089416 ], [ -79.643407, 40.089344 ], [ -79.641098, 40.088317 ], [ -79.641175, 40.086732 ], [ -79.644143, 40.084694 ], [ -79.642371, 40.083628 ], [ -79.638511, 40.082868 ], [ -79.637352, 40.084564 ], [ -79.635697, 40.085905 ], [ -79.632933, 40.086986 ], [ -79.630465, 40.086794 ], [ -79.626365, 40.089098 ], [ -79.625605, 40.090089 ], [ -79.625853, 40.091933 ], [ -79.624505, 40.093214 ], [ -79.621958, 40.094533 ], [ -79.620727, 40.09271 ], [ -79.614664, 40.091283 ], [ -79.613096, 40.093438 ], [ -79.610054, 40.092393 ], [ -79.607974, 40.092304 ], [ -79.603674, 40.090839 ], [ -79.602747, 40.089861 ], [ -79.60233, 40.087563 ], [ -79.603092, 40.086033 ], [ -79.600442, 40.084308 ], [ -79.602205, 40.083413 ], [ -79.601772, 40.082744 ], [ -79.597944, 40.082679 ], [ -79.592474, 40.082437 ], [ -79.591944, 40.085789 ], [ -79.592807, 40.088162 ], [ -79.593442, 40.090555 ], [ -79.592602, 40.092005 ], [ -79.592026, 40.09346 ], [ -79.591212, 40.094161 ], [ -79.589315, 40.094979 ], [ -79.586354, 40.096884 ], [ -79.584576, 40.097834 ], [ -79.585038, 40.100972 ], [ -79.585377, 40.102125 ], [ -79.579706, 40.105065 ], [ -79.575584, 40.103442 ], [ -79.573356, 40.104189 ], [ -79.571722, 40.105304 ], [ -79.567296, 40.105583 ], [ -79.566229, 40.106064 ], [ -79.562857, 40.105014 ], [ -79.560602, 40.105216 ], [ -79.560261, 40.108388 ], [ -79.559117, 40.111157 ], [ -79.556069, 40.112908 ], [ -79.55315, 40.112578 ], [ -79.549797, 40.110607 ], [ -79.548519, 40.110322 ], [ -79.546623, 40.111992 ], [ -79.542931, 40.112292 ], [ -79.542347, 40.111871 ], [ -79.540347, 40.114035 ], [ -79.541533, 40.117806 ], [ -79.541071, 40.120814 ], [ -79.538052, 40.124528 ], [ -79.535462, 40.125977 ], [ -79.535472, 40.127667 ], [ -79.533991, 40.128617 ], [ -79.530865, 40.128208 ], [ -79.52975, 40.127171 ], [ -79.526977, 40.123237 ], [ -79.517864, 40.131378 ], [ -79.517786, 40.133268 ], [ -79.51473, 40.134389 ], [ -79.51347, 40.135797 ], [ -79.511245, 40.13598 ], [ -79.510178, 40.137097 ], [ -79.506929, 40.138636 ], [ -79.505188, 40.140568 ], [ -79.50297, 40.141142 ], [ -79.500595, 40.140973 ], [ -79.496673, 40.14176 ], [ -79.494205, 40.140926 ], [ -79.48959, 40.141082 ], [ -79.48873, 40.14167 ], [ -79.48852, 40.14122 ], [ -79.48524, 40.14244 ], [ -79.48475, 40.143055 ], [ -79.48474, 40.14311 ], [ -79.484657, 40.143319 ], [ -79.483136, 40.144043 ], [ -79.480122, 40.144306 ], [ -79.473736, 40.143928 ], [ -79.473183, 40.145652 ], [ -79.471093, 40.145342 ], [ -79.471419, 40.143987 ], [ -79.461522, 40.144098 ], [ -79.461225, 40.141349 ], [ -79.452247, 40.135688 ], [ -79.447478, 40.133233 ], [ -79.44772, 40.12677 ], [ -79.44628, 40.12442 ], [ -79.44309, 40.12099 ], [ -79.44186, 40.11923 ], [ -79.43775, 40.11594 ], [ -79.429398, 40.113474 ], [ -79.423074, 40.110977 ], [ -79.421063, 40.109426 ], [ -79.417507, 40.106005 ], [ -79.41539, 40.1046 ], [ -79.40492, 40.10228 ], [ -79.40163, 40.10265 ], [ -79.39737, 40.09513 ], [ -79.393518, 40.09076 ], [ -79.38218, 40.0855 ], [ -79.37959, 40.08476 ], [ -79.37252, 40.08137 ], [ -79.367463, 40.080198 ], [ -79.36357, 40.078378 ], [ -79.361081, 40.076351 ], [ -79.358314, 40.075183 ], [ -79.355528, 40.074289 ], [ -79.35458, 40.07317 ], [ -79.351241, 40.067869 ], [ -79.34445, 40.05089 ], [ -79.34268, 40.04417 ], [ -79.34123, 40.04288 ], [ -79.33922, 40.04224 ], [ -79.33291, 40.04169 ], [ -79.33, 40.04079 ], [ -79.3248, 40.04057 ], [ -79.32368, 40.04078 ], [ -79.31609, 40.04384 ], [ -79.312349, 40.044363 ], [ -79.309791, 40.04355 ], [ -79.293884, 40.040446 ], [ -79.293385, 40.040347 ], [ -79.288578, 40.041775 ], [ -79.285602, 40.045073 ], [ -79.285661, 40.047081 ], [ -79.28431, 40.048246 ], [ -79.278441, 40.050159 ], [ -79.278216, 40.053035 ], [ -79.278766, 40.055537 ], [ -79.276659, 40.058445 ], [ -79.273019, 40.06155 ], [ -79.271351, 40.064238 ], [ -79.269261, 40.065404 ], [ -79.267362, 40.065717 ], [ -79.267168, 40.067659 ], [ -79.267947, 40.06938 ], [ -79.267739, 40.074268 ], [ -79.264387, 40.078668 ], [ -79.258671, 40.080273 ], [ -79.257439, 40.085249 ], [ -79.256005, 40.088463 ], [ -79.25233, 40.090699 ], [ -79.246398, 40.09371 ], [ -79.243013, 40.09227 ], [ -79.240122, 40.092513 ], [ -79.240087, 40.094708 ], [ -79.23662, 40.096541 ], [ -79.234624, 40.09622 ], [ -79.229019, 40.097813 ], [ -79.226672, 40.09825 ], [ -79.225649, 40.100695 ], [ -79.22262, 40.104171 ], [ -79.220864, 40.112737 ], [ -79.217166, 40.114575 ], [ -79.213791, 40.117991 ], [ -79.210774, 40.118903 ], [ -79.205189, 40.11656 ], [ -79.20295, 40.114926 ], [ -79.202579, 40.117003 ], [ -79.201019, 40.118099 ], [ -79.197956, 40.118695 ], [ -79.196564, 40.118454 ], [ -79.196872, 40.115951 ], [ -79.195368, 40.113329 ], [ -79.191602, 40.109996 ], [ -79.190086, 40.10951 ], [ -79.185222, 40.109848 ], [ -79.182927, 40.111436 ], [ -79.182832, 40.11312 ], [ -79.181156, 40.113885 ], [ -79.180987, 40.115714 ], [ -79.174249, 40.120604 ], [ -79.173348, 40.121998 ], [ -79.172565, 40.125542 ], [ -79.172304, 40.126111 ], [ -79.167988, 40.128164 ], [ -79.167393, 40.132327 ], [ -79.165795, 40.136289 ], [ -79.165664, 40.13906 ], [ -79.163164, 40.14103 ], [ -79.162123, 40.14331 ], [ -79.163195, 40.146297 ], [ -79.162316, 40.149466 ], [ -79.162754, 40.154062 ], [ -79.160494, 40.156884 ], [ -79.16121, 40.159838 ], [ -79.160925, 40.161141 ], [ -79.157724, 40.160445 ], [ -79.153914, 40.16089 ], [ -79.149768, 40.160373 ], [ -79.146624, 40.161297 ], [ -79.145398, 40.162313 ], [ -79.140702, 40.163307 ], [ -79.140025, 40.163899 ], [ -79.140049, 40.165736 ], [ -79.141286, 40.169684 ], [ -79.141065, 40.173058 ], [ -79.141907, 40.176224 ], [ -79.143361, 40.178616 ], [ -79.143022, 40.18 ], [ -79.140379, 40.180088 ], [ -79.135904, 40.178723 ], [ -79.134393, 40.178722 ], [ -79.131711, 40.179737 ], [ -79.129653, 40.180924 ], [ -79.128186, 40.182873 ], [ -79.126744, 40.183281 ], [ -79.125963, 40.184999 ], [ -79.127549, 40.186769 ], [ -79.127486, 40.1878 ], [ -79.125966, 40.18978 ], [ -79.125783, 40.191245 ], [ -79.12446, 40.191923 ], [ -79.123814, 40.193949 ], [ -79.125397, 40.197105 ], [ -79.125169, 40.198841 ], [ -79.126157, 40.200391 ], [ -79.1225, 40.201665 ], [ -79.121942, 40.203138 ], [ -79.116239, 40.203753 ], [ -79.1146, 40.205039 ], [ -79.114053, 40.206703 ], [ -79.114286, 40.210258 ], [ -79.112212, 40.211477 ], [ -79.110431, 40.21146 ], [ -79.107929, 40.213026 ], [ -79.106781, 40.214894 ], [ -79.106957, 40.215789 ], [ -79.109072, 40.218324 ], [ -79.105547, 40.217011 ], [ -79.104109, 40.217145 ], [ -79.103003, 40.218231 ], [ -79.103534, 40.220142 ], [ -79.100286, 40.222344 ], [ -79.101458, 40.223789 ], [ -79.104502, 40.224311 ], [ -79.103765, 40.22489 ], [ -79.100342, 40.224939 ], [ -79.098438, 40.226612 ], [ -79.09835, 40.227966 ], [ -79.100153, 40.231149 ], [ -79.102215, 40.232294 ], [ -79.097385, 40.232155 ], [ -79.09503, 40.233633 ], [ -79.094907, 40.236485 ], [ -79.092012, 40.239067 ], [ -79.09142, 40.2405 ], [ -79.088656, 40.241259 ], [ -79.086343, 40.242391 ], [ -79.086734, 40.245342 ], [ -79.084894, 40.246193 ], [ -79.082472, 40.250074 ], [ -79.07925, 40.251172 ], [ -79.078059, 40.25256 ], [ -79.078084, 40.25484 ], [ -79.07957, 40.257928 ], [ -79.076638, 40.260307 ], [ -79.075827, 40.262484 ], [ -79.073699, 40.264811 ], [ -79.073523, 40.266727 ], [ -79.06976, 40.270068 ], [ -79.067963, 40.272471 ], [ -79.065384, 40.273717 ], [ -79.059378, 40.275767 ], [ -79.056646, 40.278604 ], [ -79.056211, 40.280993 ], [ -79.056645, 40.282921 ], [ -79.056053, 40.284861 ], [ -79.054807, 40.289399 ], [ -79.052232, 40.289764 ], [ -79.05098, 40.290779 ], [ -79.049771, 40.293075 ], [ -79.046251, 40.296718 ], [ -79.045047, 40.299647 ], [ -79.041695, 40.302042 ], [ -79.039369, 40.305788 ], [ -79.037558, 40.306961 ], [ -79.036396, 40.311106 ], [ -79.037295, 40.313403 ], [ -79.03635, 40.314598 ], [ -79.034165, 40.316311 ], [ -79.031665, 40.317646 ], [ -79.031039, 40.319089 ], [ -79.031155, 40.320833 ], [ -79.029712, 40.322969 ], [ -79.025411, 40.326005 ], [ -79.023376, 40.328691 ], [ -79.022085, 40.332208 ], [ -79.020019, 40.335605 ], [ -79.018182, 40.337295 ], [ -79.015368, 40.339187 ], [ -79.009933, 40.340477 ], [ -79.009904, 40.342999 ], [ -79.006078, 40.351203 ], [ -79.004641, 40.352009 ], [ -79.000117, 40.355468 ], [ -78.998171, 40.356169 ], [ -78.97523, 40.391927 ], [ -78.974155, 40.39458 ], [ -78.973814, 40.395421 ], [ -78.977151, 40.398394 ], [ -78.980844, 40.402995 ], [ -78.982324, 40.405779 ], [ -78.987085, 40.41099 ], [ -78.988092, 40.411578 ], [ -78.991373, 40.412554 ], [ -78.996637, 40.413256 ], [ -79.009719, 40.418079 ], [ -79.012357, 40.419581 ], [ -79.016617, 40.420279 ], [ -79.026083, 40.419648 ], [ -79.029308, 40.419253 ], [ -79.032607, 40.417499 ], [ -79.034195, 40.412109 ], [ -79.034262, 40.409754 ], [ -79.033043, 40.408592 ], [ -79.029479, 40.40771 ], [ -79.027829, 40.406555 ], [ -79.028422, 40.40467 ], [ -79.030117, 40.404123 ], [ -79.032246, 40.401957 ], [ -79.032998, 40.398983 ], [ -79.035001, 40.396809 ], [ -79.036328, 40.395996 ], [ -79.039835, 40.396273 ], [ -79.040705, 40.39521 ], [ -79.040582, 40.393049 ], [ -79.042436, 40.391382 ], [ -79.046676, 40.390918 ], [ -79.048601, 40.390393 ], [ -79.051885, 40.389286 ], [ -79.057109, 40.384293 ], [ -79.058481, 40.380868 ], [ -79.060271, 40.379636 ], [ -79.064553, 40.379002 ], [ -79.069885, 40.380414 ], [ -79.071501, 40.381772 ], [ -79.072571, 40.383731 ], [ -79.074483, 40.38582 ], [ -79.077162, 40.387708 ], [ -79.079506, 40.38883 ], [ -79.082965, 40.389582 ], [ -79.086617, 40.388592 ], [ -79.088312, 40.386553 ], [ -79.089608, 40.382285 ], [ -79.090527, 40.380243 ], [ -79.093875, 40.376665 ], [ -79.09501, 40.375909 ], [ -79.096116, 40.374035 ], [ -79.096183, 40.371702 ], [ -79.096769, 40.370725 ], [ -79.099589, 40.368937 ], [ -79.102153, 40.368868 ], [ -79.106182, 40.370588 ], [ -79.107615, 40.37224 ], [ -79.109309, 40.373318 ], [ -79.114781, 40.372372 ], [ -79.118159, 40.371381 ], [ -79.121634, 40.370576 ], [ -79.124752, 40.372873 ], [ -79.127116, 40.375068 ], [ -79.1288, 40.381255 ], [ -79.128427, 40.382504 ], [ -79.128677, 40.385056 ], [ -79.12716, 40.386878 ], [ -79.122503, 40.389354 ], [ -79.120828, 40.389928 ], [ -79.118397, 40.389866 ], [ -79.116596, 40.389072 ], [ -79.114906, 40.389879 ], [ -79.115994, 40.393516 ], [ -79.117, 40.394243 ], [ -79.124749, 40.395361 ], [ -79.131693, 40.397353 ], [ -79.135005, 40.398304 ], [ -79.136788, 40.398574 ], [ -79.146612, 40.397788 ], [ -79.147892, 40.3976 ], [ -79.148781, 40.39766 ], [ -79.150064, 40.398064 ], [ -79.152698, 40.399234 ], [ -79.153051, 40.399569 ], [ -79.154002, 40.401701 ], [ -79.152641, 40.404656 ], [ -79.152051, 40.408766 ], [ -79.153687, 40.410841 ], [ -79.155789, 40.411765 ], [ -79.161858, 40.410783 ], [ -79.164369, 40.410224 ], [ -79.173713, 40.410622 ], [ -79.176737, 40.41181 ], [ -79.181308, 40.412874 ], [ -79.185372, 40.41425 ], [ -79.191197, 40.415221 ], [ -79.192722, 40.414862 ], [ -79.194186, 40.414143 ], [ -79.197573, 40.411479 ], [ -79.200202, 40.410787 ], [ -79.20265, 40.4118 ], [ -79.206513, 40.415032 ], [ -79.210093, 40.419588 ], [ -79.210876, 40.42125 ], [ -79.214783, 40.424458 ], [ -79.221971, 40.426821 ], [ -79.224729, 40.427401 ], [ -79.227173, 40.429061 ], [ -79.233203, 40.430741 ], [ -79.240175, 40.429991 ], [ -79.246189, 40.432129 ], [ -79.247568, 40.43208 ], [ -79.249076, 40.430799 ], [ -79.250738, 40.428511 ], [ -79.254114, 40.422288 ], [ -79.256638, 40.420198 ], [ -79.260001, 40.418698 ], [ -79.263281, 40.416763 ], [ -79.266022, 40.416393 ], [ -79.268413, 40.416838 ], [ -79.270272, 40.417441 ], [ -79.272856, 40.418411 ], [ -79.273746, 40.419444 ], [ -79.273979, 40.421709 ], [ -79.273542, 40.422925 ], [ -79.269914, 40.426634 ], [ -79.269351, 40.428517 ], [ -79.270738, 40.43542 ], [ -79.272605, 40.439082 ], [ -79.277382, 40.441397 ], [ -79.282848, 40.442769 ], [ -79.285483, 40.441759 ], [ -79.287307, 40.438611 ], [ -79.289409, 40.436673 ], [ -79.297278, 40.434656 ], [ -79.299435, 40.434515 ], [ -79.301284, 40.435212 ], [ -79.301751, 40.439291 ], [ -79.299897, 40.444912 ], [ -79.301267, 40.447114 ], [ -79.301778, 40.450782 ], [ -79.301311, 40.451756 ], [ -79.300726, 40.452889 ], [ -79.297631, 40.455796 ], [ -79.299413, 40.460032 ], [ -79.300351, 40.46097 ], [ -79.303118, 40.461642 ], [ -79.307073, 40.460439 ], [ -79.310298, 40.459856 ], [ -79.3161, 40.459253 ], [ -79.319799, 40.458074 ], [ -79.322786, 40.456032 ], [ -79.325409, 40.452699 ], [ -79.32863, 40.452551 ], [ -79.330267, 40.453851 ], [ -79.330796, 40.458639 ], [ -79.331732, 40.461889 ], [ -79.333272, 40.464059 ], [ -79.336651, 40.466804 ], [ -79.337706, 40.469095 ], [ -79.339012, 40.470294 ], [ -79.342093, 40.470124 ], [ -79.344868, 40.468242 ], [ -79.345408, 40.467212 ], [ -79.34544, 40.46128 ], [ -79.345926, 40.454825 ], [ -79.347185, 40.452731 ], [ -79.349861, 40.451969 ], [ -79.353851, 40.451701 ], [ -79.357901, 40.452343 ], [ -79.360526, 40.454095 ], [ -79.362275, 40.460061 ], [ -79.362307, 40.463156 ], [ -79.361082, 40.464258 ], [ -79.358029, 40.470879 ], [ -79.357319, 40.475206 ], [ -79.358595, 40.477916 ], [ -79.359467, 40.478465 ], [ -79.362056, 40.478678 ], [ -79.365061, 40.477868 ], [ -79.365925, 40.477474 ], [ -79.36707, 40.47509 ], [ -79.366911, 40.471842 ], [ -79.366352, 40.468762 ], [ -79.366334, 40.465966 ], [ -79.368097, 40.459689 ], [ -79.369591, 40.456604 ], [ -79.371175, 40.455067 ], [ -79.373741, 40.453853 ], [ -79.374191, 40.453693 ], [ -79.377887, 40.453047 ], [ -79.381753, 40.452697 ], [ -79.390768, 40.454339 ], [ -79.394504, 40.45598 ], [ -79.395461, 40.457132 ], [ -79.397926, 40.462815 ], [ -79.400956, 40.465534 ], [ -79.40217, 40.467641 ], [ -79.404308, 40.472543 ], [ -79.406631, 40.474301 ], [ -79.408704, 40.474334 ], [ -79.412306, 40.472969 ], [ -79.41569, 40.470572 ], [ -79.418786, 40.469837 ], [ -79.421315, 40.470598 ], [ -79.423574, 40.473329 ], [ -79.425716, 40.478938 ], [ -79.42848, 40.483398 ], [ -79.429165, 40.487857 ], [ -79.430628, 40.489046 ], [ -79.433132, 40.488655 ], [ -79.43846, 40.486737 ], [ -79.440943, 40.484921 ], [ -79.446694, 40.480869 ], [ -79.447537, 40.480811 ], [ -79.451747, 40.482307 ], [ -79.453765, 40.48425 ], [ -79.453525, 40.486388 ], [ -79.452983, 40.487477 ], [ -79.452575, 40.489003 ], [ -79.452462, 40.48943 ], [ -79.453113, 40.492181 ], [ -79.455291, 40.497253 ], [ -79.45539, 40.501159 ], [ -79.453935, 40.505529 ], [ -79.454548, 40.507014 ], [ -79.457452, 40.51118 ], [ -79.459738, 40.516737 ], [ -79.459265, 40.51982 ], [ -79.456545, 40.523237 ], [ -79.449126, 40.528241 ], [ -79.450176, 40.530149 ], [ -79.451497, 40.531857 ], [ -79.455033, 40.534107 ], [ -79.460561, 40.534294 ], [ -79.464289, 40.53408 ], [ -79.469732, 40.532574 ], [ -79.475739, 40.529538 ], [ -79.477264, 40.529962 ], [ -79.477877, 40.531528 ], [ -79.476802, 40.533981 ], [ -79.476918, 40.535779 ], [ -79.479337, 40.537038 ], [ -79.481872, 40.536937 ], [ -79.483329, 40.536208 ], [ -79.484706, 40.534282 ], [ -79.484876, 40.530608 ], [ -79.486542, 40.527428 ], [ -79.488697, 40.526073 ], [ -79.49461, 40.52488 ], [ -79.497092, 40.525338 ], [ -79.49795, 40.526533 ], [ -79.497296, 40.529077 ], [ -79.498925, 40.532152 ], [ -79.50538, 40.535937 ], [ -79.508283, 40.538473 ], [ -79.510446, 40.54161 ], [ -79.511912, 40.542683 ], [ -79.514273, 40.542661 ], [ -79.520992, 40.541305 ], [ -79.526249, 40.542364 ], [ -79.530519, 40.546502 ], [ -79.536213, 40.550333 ], [ -79.546709, 40.555329 ], [ -79.557286, 40.560961 ], [ -79.560726, 40.563489 ], [ -79.562966, 40.568993 ], [ -79.564313, 40.571342 ], [ -79.566454, 40.574465 ], [ -79.567446, 40.577153 ], [ -79.567562, 40.57804 ], [ -79.568101, 40.57965 ], [ -79.570263, 40.582371 ], [ -79.570678, 40.584065 ], [ -79.567652, 40.589951 ], [ -79.56631, 40.593009 ], [ -79.565932, 40.593403 ], [ -79.564486, 40.594721 ], [ -79.558662, 40.597809 ], [ -79.556858, 40.599165 ], [ -79.555862, 40.600033 ], [ -79.551652, 40.601887 ], [ -79.550502, 40.603137 ], [ -79.550608, 40.603897 ], [ -79.551829, 40.604705 ], [ -79.559494, 40.605217 ], [ -79.560968, 40.605954 ], [ -79.565078, 40.607841 ], [ -79.568502, 40.607585 ], [ -79.570332, 40.606721 ], [ -79.576102, 40.601745 ], [ -79.577815, 40.601313 ], [ -79.579207, 40.601697 ], [ -79.581607, 40.602881 ], [ -79.582087, 40.603265 ], [ -79.584375, 40.607041 ], [ -79.583782, 40.610414 ], [ -79.584663, 40.611937 ], [ -79.588663, 40.615409 ], [ -79.589575, 40.616865 ], [ -79.588791, 40.620865 ], [ -79.588662, 40.625521 ], [ -79.58738, 40.62707 ], [ -79.585159, 40.629649 ], [ -79.58292, 40.632998 ], [ -79.583735, 40.636609 ], [ -79.584919, 40.636961 ], [ -79.586935, 40.636737 ], [ -79.591479, 40.634337 ], [ -79.593911, 40.631457 ], [ -79.596359, 40.628321 ], [ -79.597727, 40.627151 ], [ -79.598871, 40.626145 ], [ -79.602103, 40.624497 ], [ -79.604375, 40.624449 ], [ -79.608133, 40.62549 ], [ -79.608736, 40.625831 ], [ -79.609946, 40.628317 ], [ -79.610135, 40.631009 ], [ -79.609217, 40.633403 ], [ -79.609176, 40.639009 ], [ -79.611032, 40.642017 ], [ -79.613128, 40.643617 ], [ -79.61818, 40.644766 ], [ -79.622216, 40.645697 ], [ -79.628616, 40.648673 ], [ -79.636056, 40.654481 ], [ -79.63716, 40.659313 ], [ -79.637033, 40.661761 ], [ -79.638137, 40.665601 ], [ -79.640009, 40.666945 ], [ -79.644041, 40.668849 ], [ -79.64968, 40.670697 ], [ -79.652953, 40.671905 ], [ -79.657753, 40.675585 ], [ -79.664057, 40.679041 ], [ -79.668426, 40.680007 ], [ -79.671654, 40.678375 ], [ -79.672656, 40.677273 ], [ -79.677802, 40.672932 ], [ -79.680146, 40.671944 ], [ -79.686629, 40.671088 ], [ -79.69293, 40.669744 ], [ -79.692878, 40.669611 ], [ -79.692904, 40.66825 ], [ -79.695463, 40.665765 ], [ -79.69582, 40.664794 ], [ -79.695822, 40.661505 ], [ -79.694192, 40.657506 ], [ -79.691082, 40.652468 ], [ -79.689208, 40.647852 ], [ -79.688975, 40.645435 ], [ -79.690278, 40.640873 ], [ -79.694353, 40.635127 ], [ -79.703334, 40.625695 ], [ -79.712073, 40.619131 ], [ -79.714576, 40.61701 ], [ -79.717702, 40.613295 ], [ -79.719992, 40.60949 ], [ -79.721339, 40.608157 ], [ -79.723154, 40.606989 ], [ -79.733169, 40.603135 ], [ -79.736087, 40.602043 ], [ -79.741275, 40.600758 ], [ -79.749192, 40.598919 ], [ -79.749437, 40.598867 ], [ -79.757578, 40.596254 ], [ -79.761999, 40.594336 ], [ -79.764043, 40.59287 ], [ -79.76807, 40.589544 ], [ -79.77079, 40.586698 ], [ -79.771623, 40.585629 ], [ -79.773361, 40.582087 ], [ -79.774493, 40.576738 ], [ -79.774802, 40.572804 ], [ -79.774455, 40.569742 ], [ -79.774131, 40.568376 ], [ -79.772052, 40.562955 ], [ -79.770807, 40.560257 ], [ -79.768543, 40.554996 ], [ -79.766119, 40.55083 ], [ -79.76509, 40.549238 ], [ -79.760069, 40.551064 ], [ -79.758132, 40.550337 ], [ -79.754254, 40.550431 ], [ -79.751701, 40.551823 ], [ -79.748493, 40.551264 ], [ -79.745879, 40.549809 ], [ -79.742656, 40.548523 ], [ -79.741419, 40.549371 ], [ -79.739269, 40.549497 ], [ -79.735714, 40.549012 ], [ -79.734044, 40.546836 ], [ -79.732582, 40.546561 ], [ -79.731934, 40.545066 ], [ -79.730552, 40.544717 ], [ -79.728666, 40.543435 ], [ -79.724608, 40.542191 ], [ -79.722367, 40.542198 ], [ -79.721128, 40.541162 ], [ -79.718707, 40.537399 ], [ -79.714373, 40.532878 ], [ -79.712848, 40.532934 ], [ -79.710234, 40.532299 ], [ -79.707902, 40.530663 ], [ -79.705101, 40.527111 ], [ -79.701624, 40.525449 ], [ -79.701985, 40.523787 ], [ -79.702087, 40.521763 ], [ -79.702142, 40.489523 ], [ -79.702485, 40.477326 ], [ -79.703038, 40.463592 ], [ -79.703237, 40.456068 ], [ -79.703973, 40.443652 ], [ -79.70473, 40.427562 ], [ -79.704783, 40.426324 ], [ -79.706978, 40.424016 ], [ -79.706939, 40.422319 ], [ -79.711833, 40.419684 ], [ -79.712545, 40.418647 ], [ -79.716028, 40.417413 ], [ -79.716157, 40.415728 ], [ -79.717231, 40.413789 ], [ -79.720423, 40.413982 ], [ -79.722338, 40.414919 ], [ -79.726826, 40.414473 ], [ -79.727646, 40.412887 ], [ -79.727228, 40.412194 ], [ -79.726018, 40.412156 ], [ -79.722187, 40.409077 ], [ -79.722397, 40.408569 ], [ -79.727776, 40.408315 ], [ -79.729193, 40.408827 ], [ -79.730431, 40.408473 ], [ -79.731981, 40.406646 ], [ -79.73232, 40.400235 ], [ -79.734895, 40.397852 ], [ -79.735723, 40.399405 ], [ -79.738736, 40.397716 ], [ -79.738648, 40.395545 ], [ -79.742521, 40.396926 ], [ -79.744634, 40.396163 ], [ -79.747829, 40.390871 ], [ -79.750512, 40.391135 ], [ -79.751004, 40.389076 ], [ -79.751262, 40.388357 ], [ -79.753776, 40.388538 ], [ -79.758609, 40.392064 ], [ -79.762068, 40.392768 ], [ -79.764806, 40.390027 ], [ -79.763898, 40.386454 ], [ -79.764841, 40.38377 ], [ -79.76561, 40.384471 ], [ -79.767296, 40.382129 ], [ -79.768148, 40.380392 ], [ -79.771082, 40.375419 ], [ -79.773599, 40.36362 ], [ -79.774412, 40.359673 ], [ -79.778249, 40.341186 ], [ -79.781991, 40.323821 ], [ -79.782194, 40.322068 ], [ -79.783332, 40.317251 ], [ -79.783806, 40.315441 ], [ -79.784208, 40.313894 ], [ -79.785946, 40.307604 ], [ -79.786608, 40.305188 ], [ -79.788648, 40.297738 ], [ -79.787507, 40.297473 ], [ -79.784566, 40.296066 ], [ -79.780995, 40.293608 ], [ -79.775963, 40.28921 ], [ -79.775203, 40.28791 ], [ -79.775823, 40.285009 ], [ -79.779595, 40.282295 ], [ -79.783629, 40.281924 ], [ -79.788927, 40.282255 ], [ -79.794715, 40.281683 ], [ -79.795796, 40.281079 ], [ -79.796516, 40.279445 ], [ -79.796241, 40.276037 ], [ -79.796131, 40.275225 ], [ -79.795521, 40.273634 ], [ -79.795058, 40.272189 ], [ -79.788779, 40.265312 ], [ -79.787502, 40.263242 ], [ -79.787741, 40.261847 ], [ -79.790304, 40.258713 ], [ -79.793955, 40.255761 ], [ -79.796653, 40.252833 ], [ -79.799109, 40.246966 ], [ -79.803364, 40.241803 ], [ -79.805126, 40.241194 ], [ -79.806898, 40.238618 ], [ -79.807431, 40.236894 ], [ -79.807112, 40.23452 ], [ -79.80629, 40.233222 ], [ -79.804386, 40.231949 ], [ -79.795338, 40.229926 ], [ -79.78917, 40.228883 ], [ -79.787352, 40.228069 ], [ -79.782588, 40.227626 ], [ -79.800608, 40.221738 ], [ -79.81442, 40.21668 ], [ -79.817199, 40.21581 ], [ -79.83925, 40.208755 ], [ -79.850066, 40.204684 ], [ -79.871425, 40.197391 ], [ -79.867673, 40.197287 ], [ -79.865817, 40.197031 ], [ -79.862425, 40.195767 ], [ -79.857705, 40.193175 ], [ -79.855352, 40.191991 ], [ -79.853271, 40.189223 ], [ -79.850836, 40.180608 ], [ -79.850444, 40.177791 ], [ -79.851085, 40.172878 ], [ -79.852867, 40.169438 ], [ -79.856008, 40.165799 ], [ -79.859464, 40.163143 ], [ -79.863033, 40.161975 ], [ -79.864153, 40.161815 ], [ -79.868025, 40.161879 ], [ -79.870668, 40.162127 ], [ -79.876025, 40.163159 ], [ -79.887337, 40.164983 ], [ -79.893306, 40.164983 ], [ -79.897226, 40.163991 ], [ -79.900346, 40.162503 ], [ -79.903146, 40.160183 ], [ -79.904426, 40.158215 ], [ -79.904778, 40.157255 ], [ -79.904874, 40.154807 ], [ -79.90489, 40.154231 ] ] ] ] } },
{ "type": "Feature", "properties": { "STATEFP": "42", "COUNTYFP": "055", "COUNTYNS": "01213670", "GEOIDFQ": "0500000US42055", "GEOID": "42055", "NAME": "Franklin", "NAMELSAD": "Franklin County", "STUSPS": "PA", "STATE_NAME": "Pennsylvania", "LSAD": "06", "ALAND": 2000239709.0, "AWATER": 1553435.0, "STATE_NAME_HYPHEN": "Pennsylvania" }, "geometry": { "type": "MultiPolygon", "coordinates": [ [ [ [ -78.075771, 39.722301 ], [ -78.073736, 39.722314 ], [ -78.0601635, 39.7223075 ], [ -78.05966, 39.7223073 ], [ -77.9955961, 39.7222767 ], [ -77.9474201, 39.7222537 ], [ -77.9374092, 39.7222489 ], [ -77.9374, 39.7222489 ], [ -77.876018, 39.7222196 ], [ -77.874719, 39.722219 ], [ -77.847608, 39.7219992 ], [ -77.8476048, 39.7219991 ], [ -77.7900336, 39.7215323 ], [ -77.7895532, 39.7215284 ], [ -77.768534, 39.721358 ], [ -77.768325, 39.7213567 ], [ -77.7452055, 39.7212171 ], [ -77.743204, 39.721205 ], [ -77.7431787, 39.7212047 ], [ -77.732935500000011, 39.7210974 ], [ -77.732615, 39.721094 ], [ -77.7276137, 39.7209763 ], [ -77.7260155, 39.7209387 ], [ -77.724115, 39.720894 ], [ -77.724073, 39.720894 ], [ -77.7216752, 39.7208917 ], [ -77.713543199999989, 39.720884 ], [ -77.674522, 39.720847 ], [ -77.6743114, 39.7208406 ], [ -77.672249, 39.720778 ], [ -77.6696056, 39.7207656 ], [ -77.5743917, 39.7203196 ], [ -77.5674211, 39.720287 ], [ -77.5434099, 39.7201745 ], [ -77.534758, 39.720134 ], [ -77.533371, 39.720165 ], [ -77.5272113, 39.7201509 ], [ -77.5069096, 39.7201044 ], [ -77.5065895, 39.7201037 ], [ -77.4992237, 39.7200868 ], [ -77.4965857, 39.7200808 ], [ -77.4816181, 39.720046499999988 ], [ -77.469145, 39.720018 ], [ -77.4638659, 39.7200175 ], [ -77.4591346, 39.7200171 ], [ -77.459417, 39.735423 ], [ -77.459967, 39.743645 ], [ -77.459994, 39.744024 ], [ -77.46088, 39.75965 ], [ -77.461536, 39.774268 ], [ -77.463175, 39.820473 ], [ -77.465124, 39.849893 ], [ -77.465959, 39.859764 ], [ -77.466483, 39.868557 ], [ -77.468763, 39.903923 ], [ -77.468626, 39.907234 ], [ -77.469611, 39.916169 ], [ -77.471085, 39.944077 ], [ -77.470967, 39.944274 ], [ -77.454109, 39.972432 ], [ -77.459661, 39.975477 ], [ -77.461654, 39.976831 ], [ -77.461769, 39.977695 ], [ -77.465783, 39.984436 ], [ -77.467889, 39.98577 ], [ -77.470972, 39.986845 ], [ -77.474392, 39.991937 ], [ -77.478956, 39.991755 ], [ -77.481635, 39.993394 ], [ -77.487595, 39.999041 ], [ -77.489232, 40.001333 ], [ -77.49166, 40.002468 ], [ -77.49286, 40.003807 ], [ -77.495403, 40.005145 ], [ -77.496975, 40.007406 ], [ -77.499604, 40.010248 ], [ -77.500114, 40.013446 ], [ -77.504922, 40.01878 ], [ -77.509137, 40.024885 ], [ -77.507632, 40.028386 ], [ -77.50782, 40.028968 ], [ -77.512272, 40.033565 ], [ -77.514893, 40.034378 ], [ -77.517679, 40.037384 ], [ -77.518703, 40.0382 ], [ -77.519417, 40.039991 ], [ -77.519147, 40.042445 ], [ -77.518031, 40.042994 ], [ -77.517107, 40.044359 ], [ -77.518514, 40.045625 ], [ -77.520062, 40.045978 ], [ -77.521992, 40.046582 ], [ -77.523544, 40.046458 ], [ -77.526271, 40.04568 ], [ -77.526357, 40.045768 ], [ -77.527805, 40.047292 ], [ -77.52884, 40.047762 ], [ -77.530519, 40.048316 ], [ -77.532481, 40.048749 ], [ -77.531267, 40.054205 ], [ -77.530495, 40.059232 ], [ -77.532966, 40.062806 ], [ -77.533206, 40.06489 ], [ -77.532265, 40.067169 ], [ -77.534889, 40.070272 ], [ -77.541897, 40.06982 ], [ -77.53993, 40.073937 ], [ -77.542112, 40.075385 ], [ -77.540285, 40.076765 ], [ -77.54151, 40.077501 ], [ -77.545039, 40.077601 ], [ -77.545635, 40.078429 ], [ -77.541003, 40.079685 ], [ -77.540987, 40.080566 ], [ -77.543666, 40.082243 ], [ -77.542551, 40.083907 ], [ -77.546688, 40.08593 ], [ -77.546587, 40.086688 ], [ -77.544558, 40.086459 ], [ -77.543084, 40.087195 ], [ -77.542955, 40.089597 ], [ -77.545141, 40.09049 ], [ -77.548097, 40.09013 ], [ -77.550361, 40.091173 ], [ -77.550847, 40.093215 ], [ -77.553883, 40.095883 ], [ -77.557114, 40.094535 ], [ -77.560417, 40.094256 ], [ -77.560463, 40.095922 ], [ -77.561682, 40.097323 ], [ -77.559728, 40.100671 ], [ -77.558603, 40.101622 ], [ -77.557914, 40.103097 ], [ -77.559224, 40.105284 ], [ -77.561016, 40.108358 ], [ -77.562621, 40.114168 ], [ -77.562871, 40.119286 ], [ -77.564466, 40.119791 ], [ -77.564638, 40.121734 ], [ -77.566497, 40.122936 ], [ -77.56845, 40.125896 ], [ -77.57332, 40.127592 ], [ -77.574671, 40.127729 ], [ -77.579174, 40.131188 ], [ -77.581745, 40.134106 ], [ -77.586816, 40.134341 ], [ -77.590348, 40.133945 ], [ -77.592952, 40.135393 ], [ -77.592274, 40.138643 ], [ -77.59322, 40.142249 ], [ -77.595974, 40.143576 ], [ -77.599331, 40.147357 ], [ -77.60147, 40.147861 ], [ -77.604218, 40.15145 ], [ -77.608261, 40.152738 ], [ -77.608943, 40.153601 ], [ -77.610432, 40.158193 ], [ -77.612918, 40.161234 ], [ -77.614303, 40.166858 ], [ -77.613642, 40.170161 ], [ -77.616385, 40.17248 ], [ -77.622493, 40.181854 ], [ -77.623052, 40.183248 ], [ -77.625022, 40.18489 ], [ -77.627509, 40.1886 ], [ -77.625032, 40.18999 ], [ -77.614665, 40.198549 ], [ -77.607416, 40.20349 ], [ -77.605022, 40.205513 ], [ -77.604888, 40.224922 ], [ -77.602717, 40.2282 ], [ -77.606612, 40.229719 ], [ -77.609171, 40.232753 ], [ -77.612967, 40.233236 ], [ -77.616167, 40.232616 ], [ -77.621201, 40.229295 ], [ -77.624711, 40.227492 ], [ -77.639893, 40.217678 ], [ -77.642831, 40.21814 ], [ -77.643394, 40.223165 ], [ -77.645325, 40.222494 ], [ -77.645884, 40.22381 ], [ -77.647642, 40.222477 ], [ -77.649951, 40.226283 ], [ -77.650158, 40.228713 ], [ -77.648878, 40.233319 ], [ -77.647419, 40.234743 ], [ -77.645402, 40.238928 ], [ -77.64999, 40.247957 ], [ -77.648474, 40.249152 ], [ -77.645023, 40.253932 ], [ -77.645698, 40.256031 ], [ -77.647128, 40.256872 ], [ -77.649502, 40.257551 ], [ -77.653447, 40.257407 ], [ -77.660869, 40.254013 ], [ -77.66365, 40.253312 ], [ -77.665494, 40.252049 ], [ -77.667711, 40.252001 ], [ -77.669271, 40.255032 ], [ -77.671155, 40.257569 ], [ -77.670288, 40.259416 ], [ -77.668976, 40.260058 ], [ -77.661279, 40.266628 ], [ -77.656416, 40.270393 ], [ -77.65966, 40.274536 ], [ -77.664275, 40.278227 ], [ -77.664195, 40.280479 ], [ -77.671761, 40.289825 ], [ -77.67586, 40.284699 ], [ -77.678013, 40.282587 ], [ -77.685163, 40.276304 ], [ -77.698954, 40.265775 ], [ -77.70303, 40.263576 ], [ -77.708389, 40.261348 ], [ -77.710887, 40.258578 ], [ -77.713476, 40.256512 ], [ -77.719102, 40.252838 ], [ -77.724197, 40.250124 ], [ -77.737632, 40.237405 ], [ -77.768325, 40.204129 ], [ -77.781443, 40.186633 ], [ -77.796386, 40.166814 ], [ -77.805196, 40.15286 ], [ -77.813184, 40.138665 ], [ -77.815866, 40.132442 ], [ -77.827993, 40.116764 ], [ -77.859356, 40.065207 ], [ -77.861409, 40.062952 ], [ -77.864489, 40.061568 ], [ -77.867991, 40.060225 ], [ -77.869067, 40.059153 ], [ -77.872369, 40.057458 ], [ -77.873773, 40.055841 ], [ -77.876655, 40.054661 ], [ -77.879751, 40.05162 ], [ -77.881703, 40.050201 ], [ -77.885896, 40.044959 ], [ -77.88813, 40.040859 ], [ -77.889282, 40.039955 ], [ -77.893592, 40.033092 ], [ -77.89495, 40.032356 ], [ -77.900909, 40.026805 ], [ -77.904785, 40.022777 ], [ -77.905402, 40.021209 ], [ -77.904983, 40.020076 ], [ -77.905632, 40.018726 ], [ -77.908065, 40.015964 ], [ -77.909309, 40.0153 ], [ -77.911827, 40.01242 ], [ -77.914329, 40.010303 ], [ -77.916191, 40.007442 ], [ -77.919502, 40.003417 ], [ -77.920952, 40.00045 ], [ -77.921089, 39.996219 ], [ -77.919792, 39.992652 ], [ -77.921508, 39.988246 ], [ -77.923118, 39.986862 ], [ -77.924865, 39.984329 ], [ -77.926589, 39.97919 ], [ -77.929985, 39.974979 ], [ -77.9299, 39.973991 ], [ -77.932274, 39.972618 ], [ -77.933845, 39.965415 ], [ -77.935027, 39.962394 ], [ -77.936553, 39.961124 ], [ -77.937362, 39.956127 ], [ -77.937973, 39.950114 ], [ -77.937789, 39.948944 ], [ -77.944045, 39.940596 ], [ -77.945915, 39.936748 ], [ -77.947273, 39.93494 ], [ -77.953171, 39.931633 ], [ -77.955511, 39.928861 ], [ -77.956188, 39.927024 ], [ -77.955588, 39.924572 ], [ -77.954386, 39.923209 ], [ -77.954616, 39.920479 ], [ -77.956641, 39.915684 ], [ -77.956446, 39.915026 ], [ -77.95785, 39.913754 ], [ -77.958814, 39.911929 ], [ -77.959222, 39.909371 ], [ -77.962692, 39.901726 ], [ -77.964743, 39.899626 ], [ -77.964629, 39.897397 ], [ -77.965119, 39.894649 ], [ -77.967018, 39.892967 ], [ -77.967872, 39.890541 ], [ -77.969009, 39.88879 ], [ -77.969024, 39.887371 ], [ -77.970413, 39.885227 ], [ -77.97258, 39.878032 ], [ -77.975135, 39.871788 ], [ -77.976493, 39.87046 ], [ -77.977774, 39.867143 ], [ -77.980621, 39.861797 ], [ -77.990753, 39.845958 ], [ -77.992775, 39.843727 ], [ -77.993957, 39.840789 ], [ -77.995124, 39.839767 ], [ -77.995437, 39.838016 ], [ -77.996986, 39.836082 ], [ -77.998062, 39.833938 ], [ -78.0, 39.831882 ], [ -78.002403, 39.827701 ], [ -78.0027, 39.826599 ], [ -78.008499, 39.819801 ], [ -78.014701, 39.811698 ], [ -78.017097, 39.809501 ], [ -78.019096, 39.807098 ], [ -78.022399, 39.804901 ], [ -78.024398, 39.803001 ], [ -78.028503, 39.7999 ], [ -78.03054, 39.797893 ], [ -78.0326, 39.795299 ], [ -78.036499, 39.791999 ], [ -78.0372, 39.79 ], [ -78.042999, 39.783401 ], [ -78.045196, 39.7802 ], [ -78.046402, 39.7793 ], [ -78.0494, 39.775001 ], [ -78.050903, 39.7737 ], [ -78.0531, 39.770301 ], [ -78.055801, 39.767898 ], [ -78.058097, 39.7649 ], [ -78.059501, 39.763801 ], [ -78.062896, 39.759899 ], [ -78.066703, 39.753898 ], [ -78.067596, 39.750701 ], [ -78.069297, 39.748298 ], [ -78.0991401, 39.7223221 ], [ -78.075771, 39.722301 ] ] ] ] } },
{ "type": "Feature", "properties": { "STATEFP": "42", "COUNTYFP": "017", "COUNTYNS": "01209173", "GEOIDFQ": "0500000US42017", "GEOID": "42017", "NAME": "Bucks", "NAMELSAD": "Bucks County", "STUSPS": "PA", "STATE_NAME": "Pennsylvania", "LSAD": "06", "ALAND": 1565304253.0, "AWATER": 45293397.0, "STATE_NAME_HYPHEN": "Pennsylvania" }, "geometry": { "type": "MultiPolygon", "coordinates": [ [ [ [ -75.482887, 40.417923 ], [ -75.47653, 40.414181 ], [ -75.47126, 40.41114 ], [ -75.445647, 40.396205 ], [ -75.425667, 40.38443 ], [ -75.422234, 40.381691 ], [ -75.411469, 40.375053 ], [ -75.410402, 40.3745 ], [ -75.402254, 40.36962 ], [ -75.372456, 40.351721 ], [ -75.353219, 40.340182 ], [ -75.339341, 40.331689 ], [ -75.334614, 40.328809 ], [ -75.32991, 40.32608 ], [ -75.329041, 40.325569 ], [ -75.317177, 40.318489 ], [ -75.316998, 40.31838 ], [ -75.311234, 40.314884 ], [ -75.307674, 40.312688 ], [ -75.302606, 40.309595 ], [ -75.299774, 40.307835 ], [ -75.299332, 40.307556 ], [ -75.284078, 40.298404 ], [ -75.267756, 40.288881 ], [ -75.26432, 40.286836 ], [ -75.257269, 40.282535 ], [ -75.247155, 40.27665 ], [ -75.244791, 40.275325 ], [ -75.243171, 40.274395 ], [ -75.228425, 40.265816 ], [ -75.214133, 40.257422 ], [ -75.206473, 40.252855 ], [ -75.192983, 40.244737 ], [ -75.187646, 40.241455 ], [ -75.180046, 40.236687 ], [ -75.177401, 40.235047 ], [ -75.158836, 40.223583 ], [ -75.139374, 40.211853 ], [ -75.137782, 40.210886 ], [ -75.129821, 40.205955 ], [ -75.124599, 40.202823 ], [ -75.12275, 40.201729 ], [ -75.118627, 40.199276 ], [ -75.11603, 40.197738 ], [ -75.107799, 40.192821 ], [ -75.106878, 40.192279 ], [ -75.104874, 40.191109 ], [ -75.103081, 40.190063 ], [ -75.102081, 40.189472 ], [ -75.096836, 40.186395 ], [ -75.094556, 40.185051 ], [ -75.090209, 40.182489 ], [ -75.089646, 40.182153 ], [ -75.08548, 40.179699 ], [ -75.080795, 40.176872 ], [ -75.071198, 40.171032 ], [ -75.064438, 40.167194 ], [ -75.060135, 40.164757 ], [ -75.053104, 40.160594 ], [ -75.051845, 40.159836 ], [ -75.033508, 40.148975 ], [ -75.029301, 40.146509 ], [ -75.025522, 40.144272 ], [ -75.017336, 40.139376 ], [ -75.015066, 40.137992 ], [ -75.009117, 40.134355 ], [ -75.005946, 40.132524 ], [ -75.003255, 40.131012 ], [ -74.997885, 40.127816 ], [ -74.994187, 40.131516 ], [ -74.993595, 40.132266 ], [ -74.992288, 40.130682 ], [ -74.993687, 40.126584 ], [ -74.989014, 40.12607 ], [ -74.987193, 40.123286 ], [ -74.983523, 40.123671 ], [ -74.982213, 40.122057 ], [ -74.982748, 40.120887 ], [ -74.980058, 40.119883 ], [ -74.973219, 40.119891 ], [ -74.970119, 40.117201 ], [ -74.964526, 40.118372 ], [ -74.96408, 40.117766 ], [ -74.963129, 40.114978 ], [ -74.96345, 40.110013 ], [ -74.965194, 40.107777 ], [ -74.963491, 40.10674 ], [ -74.961156, 40.103446 ], [ -74.960807, 40.101572 ], [ -74.96163, 40.097804 ], [ -74.961049, 40.097431 ], [ -74.958749, 40.096929 ], [ -74.958623, 40.096872 ], [ -74.955777, 40.095103 ], [ -74.956447, 40.092757 ], [ -74.957747, 40.089844 ], [ -74.958392, 40.084508 ], [ -74.958284, 40.084145 ], [ -74.958841, 40.082503 ], [ -74.963604, 40.077105 ], [ -74.964842, 40.077148 ], [ -74.969855, 40.076383 ], [ -74.97108, 40.075992 ], [ -74.971466, 40.074355 ], [ -74.971063, 40.073966 ], [ -74.972445, 40.072235 ], [ -74.976699, 40.069144 ], [ -74.977634, 40.067589 ], [ -74.980878, 40.066028 ], [ -74.981023, 40.064939 ], [ -74.980378, 40.060349 ], [ -74.984302, 40.05585 ], [ -74.983904, 40.054994 ], [ -74.982022, 40.053727 ], [ -74.979695, 40.053399 ], [ -74.9737104, 40.0481874 ], [ -74.966891, 40.052716 ], [ -74.93258, 40.06881 ], [ -74.925133, 40.071056 ], [ -74.920874, 40.071404 ], [ -74.91342, 40.070359 ], [ -74.9091129, 40.0702134 ], [ -74.909011, 40.07021 ], [ -74.9031756, 40.0719172 ], [ -74.8991041, 40.0731084 ], [ -74.8978959, 40.0734619 ], [ -74.888482, 40.076216 ], [ -74.8802308, 40.0788672 ], [ -74.874648, 40.080661 ], [ -74.8695268, 40.0814845 ], [ -74.86675, 40.081931 ], [ -74.862106, 40.083283 ], [ -74.8613099, 40.0838469 ], [ -74.8598787, 40.0848606 ], [ -74.859809, 40.08491 ], [ -74.858209, 40.08881 ], [ -74.8573976, 40.0900033 ], [ -74.856509, 40.09131 ], [ -74.854609, 40.09327 ], [ -74.851126, 40.0951 ], [ -74.8478574, 40.0963327 ], [ -74.8444053, 40.0976346 ], [ -74.843431, 40.098002 ], [ -74.838008, 40.10091 ], [ -74.8379825, 40.1009364 ], [ -74.835108, 40.10391 ], [ -74.8341218, 40.1078754 ], [ -74.833103, 40.111972 ], [ -74.8304978, 40.1169659 ], [ -74.828736, 40.120343 ], [ -74.8285743, 40.120582899999988 ], [ -74.826226, 40.124066 ], [ -74.822531, 40.126844 ], [ -74.819499, 40.127614 ], [ -74.816121, 40.12774 ], [ -74.815646, 40.127621 ], [ -74.812807, 40.12691 ], [ -74.8104243, 40.1261093 ], [ -74.8053365, 40.1243994 ], [ -74.800607, 40.12281 ], [ -74.791652, 40.1210041 ], [ -74.788706, 40.12041 ], [ -74.785106, 40.12031 ], [ -74.782106, 40.12081 ], [ -74.7819655, 40.120902799999989 ], [ -74.7758222, 40.1249609 ], [ -74.769488, 40.129145 ], [ -74.762864, 40.132541 ], [ -74.758882, 40.134036 ], [ -74.75313, 40.135033 ], [ -74.744411, 40.134419 ], [ -74.7415523, 40.1352145 ], [ -74.740555, 40.135492 ], [ -74.731691, 40.141942 ], [ -74.724362, 40.146443 ], [ -74.722189, 40.14994 ], [ -74.722131, 40.1503235 ], [ -74.721604, 40.15381 ], [ -74.721504, 40.158409 ], [ -74.722304, 40.160609 ], [ -74.733804, 40.174509 ], [ -74.737205, 40.177609 ], [ -74.744105, 40.181009 ], [ -74.751705, 40.183309 ], [ -74.7519933, 40.1835197 ], [ -74.754305, 40.185209 ], [ -74.755605, 40.186709 ], [ -74.756905, 40.189409 ], [ -74.759505, 40.196909 ], [ -74.7598985, 40.1974311 ], [ -74.7611648, 40.1991113 ], [ -74.7644301, 40.2034438 ], [ -74.767677, 40.207752 ], [ -74.768509, 40.21019 ], [ -74.7716787, 40.215223 ], [ -74.771719, 40.215287 ], [ -74.7784128, 40.2196764 ], [ -74.781206, 40.221508 ], [ -74.7819526, 40.2219263 ], [ -74.7835243, 40.2228069 ], [ -74.7894333, 40.226117599999988 ], [ -74.795306, 40.229408 ], [ -74.8190335, 40.23833 ], [ -74.819507, 40.238508 ], [ -74.823907, 40.241508 ], [ -74.8261781, 40.2423688 ], [ -74.8313784, 40.2443399 ], [ -74.836307, 40.246208 ], [ -74.842308, 40.250508 ], [ -74.8424158, 40.2507161 ], [ -74.846608, 40.258808 ], [ -74.846718, 40.2589924 ], [ -74.8467646, 40.2590705 ], [ -74.853108, 40.269707 ], [ -74.8531181, 40.26973 ], [ -74.856508, 40.277407 ], [ -74.8566464, 40.2776563 ], [ -74.860492, 40.284584 ], [ -74.8643344, 40.2901647 ], [ -74.864692, 40.290684 ], [ -74.868209, 40.295207 ], [ -74.8682638, 40.295253 ], [ -74.8734614, 40.2996123 ], [ -74.880609, 40.305607 ], [ -74.887109, 40.310307 ], [ -74.8879497, 40.3108114 ], [ -74.891609, 40.313007 ], [ -74.8956541, 40.3147767 ], [ -74.896409, 40.315107 ], [ -74.901391, 40.315468 ], [ -74.90331, 40.315607 ], [ -74.90831, 40.316907 ], [ -74.91741, 40.322406 ], [ -74.92681, 40.329406 ], [ -74.9269078, 40.3294634 ], [ -74.933111, 40.333106 ], [ -74.939711, 40.338006 ], [ -74.9429543, 40.3416426 ], [ -74.943776, 40.342564 ], [ -74.945088, 40.347332 ], [ -74.9453518, 40.3497444 ], [ -74.945969, 40.3553891 ], [ -74.946024, 40.355892 ], [ -74.948722, 40.364768 ], [ -74.9487886, 40.3649105 ], [ -74.9528268, 40.3735503 ], [ -74.953939, 40.37593 ], [ -74.9542605, 40.3765473 ], [ -74.963997, 40.395246 ], [ -74.9667831, 40.3978636 ], [ -74.96813, 40.399129 ], [ -74.976867, 40.401855 ], [ -74.9794281, 40.4029797 ], [ -74.982735, 40.404432 ], [ -74.9851533, 40.4057624 ], [ -74.985467, 40.405935 ], [ -74.988901, 40.408773 ], [ -74.996378, 40.410528 ], [ -74.998651, 40.410093 ], [ -75.003784, 40.407621 ], [ -75.006739, 40.407646 ], [ -75.024775, 40.403455 ], [ -75.028315, 40.403883 ], [ -75.034427, 40.406066 ], [ -75.035504, 40.407443 ], [ -75.0411602, 40.4105525 ], [ -75.043071, 40.411603 ], [ -75.0443538, 40.4125859 ], [ -75.04616, 40.41397 ], [ -75.055711, 40.416399 ], [ -75.058848, 40.418065 ], [ -75.0606622, 40.4213506 ], [ -75.061489, 40.422848 ], [ -75.062923, 40.433407 ], [ -75.066515, 40.447176 ], [ -75.070568, 40.455165 ], [ -75.070419, 40.458407 ], [ -75.067016, 40.465308 ], [ -75.067543, 40.468133 ], [ -75.067715, 40.473669 ], [ -75.064327, 40.476795 ], [ -75.062868, 40.481637 ], [ -75.062625, 40.48955 ], [ -75.063268, 40.499355 ], [ -75.064842, 40.503503 ], [ -75.064949, 40.510706 ], [ -75.0656018, 40.5170526 ], [ -75.065853, 40.519495 ], [ -75.06509, 40.526148 ], [ -75.0664004, 40.5365196 ], [ -75.066402, 40.536532 ], [ -75.067257, 40.539584 ], [ -75.068615, 40.542223 ], [ -75.078503, 40.548296 ], [ -75.0839307, 40.553379 ], [ -75.0872247, 40.5564639 ], [ -75.0957, 40.564401 ], [ -75.100325, 40.567811 ], [ -75.1038893, 40.5687747 ], [ -75.110903, 40.570671 ], [ -75.117292, 40.573211 ], [ -75.136748, 40.575731 ], [ -75.141906, 40.575273 ], [ -75.147368, 40.573152 ], [ -75.1505691, 40.5708791 ], [ -75.158446, 40.565286 ], [ -75.162871, 40.564096 ], [ -75.1669318, 40.5641066 ], [ -75.168609, 40.564111 ], [ -75.175307, 40.564996 ], [ -75.183151, 40.567354 ], [ -75.186737, 40.569406 ], [ -75.192352, 40.574257 ], [ -75.194046, 40.576256 ], [ -75.19487, 40.578591 ], [ -75.195114, 40.579689 ], [ -75.194656, 40.58194 ], [ -75.191665, 40.5857353 ], [ -75.190796, 40.586838 ], [ -75.190146, 40.590359 ], [ -75.1903694, 40.591642 ], [ -75.192291, 40.602676 ], [ -75.1937333, 40.6043089 ], [ -75.195923, 40.606788 ], [ -75.196803, 40.60858 ], [ -75.209036, 40.603088 ], [ -75.228669, 40.594469 ], [ -75.236848, 40.590748 ], [ -75.25654, 40.582731 ], [ -75.258151, 40.582009 ], [ -75.293528, 40.561978 ], [ -75.299017, 40.558601 ], [ -75.308745, 40.552611 ], [ -75.314247, 40.548832 ], [ -75.333048, 40.536767 ], [ -75.333514, 40.537057 ], [ -75.338633, 40.534068 ], [ -75.358594, 40.520805 ], [ -75.380396, 40.506658 ], [ -75.382017, 40.505631 ], [ -75.386088, 40.503036 ], [ -75.386717, 40.502669 ], [ -75.388292, 40.501697 ], [ -75.408763, 40.488601 ], [ -75.409733, 40.487984 ], [ -75.442264, 40.457626 ], [ -75.458058, 40.442642 ], [ -75.484057, 40.418451 ], [ -75.482887, 40.417923 ] ] ] ] } },
{ "type": "Feature", "properties": { "STATEFP": "42", "COUNTYFP": "123", "COUNTYNS": "01213691", "GEOIDFQ": "0500000US42123", "GEOID": "42123", "NAME": "Warren", "NAMELSAD": "Warren County", "STUSPS": "PA", "STATE_NAME": "Pennsylvania", "LSAD": "06", "ALAND": 2290280115.0, "AWATER": 37368144.0, "STATE_NAME_HYPHEN": "Pennsylvania" }, "geometry": { "type": "MultiPolygon", "coordinates": [ [ [ [ -79.613147, 41.623863 ], [ -79.570416, 41.624167 ], [ -79.51207, 41.624559 ], [ -79.493454, 41.624716 ], [ -79.402653, 41.625968 ], [ -79.401967, 41.625976 ], [ -79.29221, 41.62585 ], [ -79.227595, 41.6262 ], [ -79.210193, 41.626422 ], [ -79.204994, 41.626405 ], [ -79.091622, 41.626343 ], [ -78.956138, 41.623334 ], [ -78.955489, 41.640215 ], [ -78.954669, 41.640244 ], [ -78.953962, 41.687418 ], [ -78.952037, 41.732934 ], [ -78.951919, 41.735745 ], [ -78.951632, 41.751508 ], [ -78.948612, 41.830481 ], [ -78.921408, 41.830919 ], [ -78.921544, 41.840882 ], [ -78.915642, 41.840896 ], [ -78.915925, 41.856379 ], [ -78.916004, 41.861812 ], [ -78.917057, 41.861821 ], [ -78.9155, 41.952948 ], [ -78.918481, 41.95294 ], [ -78.91896, 41.993193 ], [ -78.9188959, 41.9981255 ], [ -78.9445211, 41.9984543 ], [ -78.9613763, 41.9986706 ], [ -78.9775681, 41.9988785 ], [ -78.983065, 41.998949 ], [ -79.042062500000014, 41.9991829 ], [ -79.0524734, 41.9992241 ], [ -79.061265, 41.999259 ], [ -79.1301304, 41.9993758 ], [ -79.1452304, 41.9994014 ], [ -79.17857, 41.999458 ], [ -79.179519, 41.9994493 ], [ -79.2343352, 41.9989481 ], [ -79.249772, 41.998807 ], [ -79.285865200000018, 41.9987175 ], [ -79.3818075, 41.9984797 ], [ -79.3824665, 41.9984781 ], [ -79.3940545, 41.9984494 ], [ -79.4117297, 41.9984056 ], [ -79.472472, 41.998255 ], [ -79.4916529, 41.9983341 ], [ -79.5109928, 41.9984138 ], [ -79.527993, 41.9984839 ], [ -79.538445, 41.998527 ], [ -79.551385, 41.998666 ], [ -79.6108357, 41.9989893 ], [ -79.611042, 41.939825 ], [ -79.611098, 41.930563 ], [ -79.611139, 41.915955 ], [ -79.611171, 41.907576 ], [ -79.61132, 41.895831 ], [ -79.611973, 41.875056 ], [ -79.612071, 41.850328 ], [ -79.61233, 41.83 ], [ -79.61228, 41.829883 ], [ -79.612554, 41.785833 ], [ -79.612601, 41.774578 ], [ -79.612972, 41.705251 ], [ -79.612572, 41.694734 ], [ -79.612551, 41.63043 ], [ -79.613147, 41.623863 ] ] ] ] } },
{ "type": "Feature", "properties": { "STATEFP": "42", "COUNTYFP": "103", "COUNTYNS": "01213683", "GEOIDFQ": "0500000US42103", "GEOID": "42103", "NAME": "Pike", "NAMELSAD": "Pike County", "STUSPS": "PA", "STATE_NAME": "Pennsylvania", "LSAD": "06", "ALAND": 1411272636.0, "AWATER": 56780852.0, "STATE_NAME_HYPHEN": "Pennsylvania" }, "geometry": { "type": "MultiPolygon", "coordinates": [ [ [ [ -75.359184, 41.239206 ], [ -75.307348, 41.24223 ], [ -75.265312, 41.244595 ], [ -75.242086, 41.24589 ], [ -75.234012, 41.246103 ], [ -75.129721, 41.252101 ], [ -75.13843, 41.218635 ], [ -75.156507, 41.150341 ], [ -75.152216, 41.149817 ], [ -75.149347, 41.149468 ], [ -75.082677, 41.141715 ], [ -75.077151, 41.141154 ], [ -75.062796, 41.12165 ], [ -75.054753, 41.110533 ], [ -75.054071, 41.109589 ], [ -75.051836, 41.1065 ], [ -75.039216, 41.088797 ], [ -75.037924, 41.088431 ], [ -75.033871, 41.08756 ], [ -75.032593, 41.085267 ], [ -75.029099, 41.082852 ], [ -75.027957, 41.079868 ], [ -75.027205, 41.079869 ], [ -75.025415, 41.082421 ], [ -75.025001, 41.083517 ], [ -75.020452, 41.084787 ], [ -75.018547, 41.084888 ], [ -75.014988, 41.083702 ], [ -75.013012, 41.083632 ], [ -75.012434, 41.084168 ], [ -75.01277, 41.086594 ], [ -75.011782, 41.088005 ], [ -75.008649, 41.087921 ], [ -75.006838, 41.088514 ], [ -75.002964, 41.091759 ], [ -74.99962, 41.089372 ], [ -74.997137, 41.089855 ], [ -74.996402, 41.092988 ], [ -74.993652, 41.093874 ], [ -74.991718, 41.092284 ], [ -74.982212, 41.108245 ], [ -74.979873, 41.110423 ], [ -74.972917, 41.113327 ], [ -74.969312, 41.113869 ], [ -74.966298, 41.113669 ], [ -74.964294, 41.114237 ], [ -74.947912, 41.12356 ], [ -74.947334, 41.124439 ], [ -74.9476335, 41.1258996 ], [ -74.947714, 41.126292 ], [ -74.945067, 41.129052 ], [ -74.931141, 41.133387 ], [ -74.923169, 41.138146 ], [ -74.905256, 41.155668 ], [ -74.90178, 41.161394 ], [ -74.901172, 41.16387 ], [ -74.899701, 41.166181 ], [ -74.889424, 41.1736 ], [ -74.8823655, 41.180611 ], [ -74.882139, 41.180836 ], [ -74.878492, 41.187504 ], [ -74.878275, 41.190489 ], [ -74.874034, 41.198543 ], [ -74.872201, 41.2013171 ], [ -74.867287, 41.208754 ], [ -74.860398, 41.217454 ], [ -74.859632, 41.219077 ], [ -74.8594175, 41.2200696 ], [ -74.859323, 41.220507 ], [ -74.860837, 41.222317 ], [ -74.866839, 41.226865 ], [ -74.867405, 41.22777 ], [ -74.866182, 41.232132 ], [ -74.862049, 41.237609 ], [ -74.861678, 41.241575 ], [ -74.857151, 41.248975 ], [ -74.856003, 41.250094 ], [ -74.854669, 41.25051 ], [ -74.848987, 41.251192 ], [ -74.846932, 41.253318 ], [ -74.845883, 41.254945 ], [ -74.845031, 41.258055 ], [ -74.846506, 41.261576 ], [ -74.846319, 41.263077 ], [ -74.841137, 41.27098 ], [ -74.8387299, 41.2764579 ], [ -74.838366, 41.277286 ], [ -74.8363948, 41.2790398 ], [ -74.834067, 41.281111 ], [ -74.830057, 41.2872 ], [ -74.821884, 41.293838 ], [ -74.815703, 41.296151 ], [ -74.812033, 41.298157 ], [ -74.806858, 41.303155 ], [ -74.792558, 41.310628 ], [ -74.791991, 41.311639 ], [ -74.792377, 41.314088 ], [ -74.7956161, 41.3182513 ], [ -74.795822, 41.318516 ], [ -74.79504, 41.320407 ], [ -74.792116, 41.322465 ], [ -74.7908883, 41.3227966 ], [ -74.789095, 41.323281 ], [ -74.781584, 41.324229 ], [ -74.774887, 41.324326 ], [ -74.771588, 41.325079 ], [ -74.7706474, 41.3257504 ], [ -74.766714, 41.328558 ], [ -74.763499, 41.331568 ], [ -74.760325, 41.340325 ], [ -74.755971, 41.344953 ], [ -74.753239, 41.346122 ], [ -74.735622, 41.346518 ], [ -74.730373, 41.345983 ], [ -74.720923, 41.347384 ], [ -74.708514, 41.352734 ], [ -74.704429, 41.354043 ], [ -74.700595, 41.354553 ], [ -74.694914, 41.357423 ], [ -74.696398, 41.357339 ], [ -74.6957832, 41.3576857 ], [ -74.691076, 41.36034 ], [ -74.689767, 41.361558 ], [ -74.689516, 41.363843 ], [ -74.691129, 41.367324 ], [ -74.694968, 41.370431 ], [ -74.6971764, 41.3716694 ], [ -74.6971895, 41.3716767 ], [ -74.703282, 41.375093 ], [ -74.7059203, 41.377034 ], [ -74.708458, 41.378901 ], [ -74.710391, 41.382102 ], [ -74.7125941, 41.387728 ], [ -74.713411, 41.389814 ], [ -74.715979, 41.392584 ], [ -74.720891, 41.39469 ], [ -74.730384, 41.39566 ], [ -74.73364, 41.396975 ], [ -74.736103, 41.398398 ], [ -74.738554, 41.401191 ], [ -74.740963, 41.40512 ], [ -74.741307100000014, 41.4063797 ], [ -74.741717, 41.40788 ], [ -74.741086, 41.411413 ], [ -74.738684, 41.413463 ], [ -74.734731, 41.422699 ], [ -74.734893, 41.425818 ], [ -74.735519, 41.427465 ], [ -74.736688, 41.429228 ], [ -74.7369397, 41.4294293 ], [ -74.738455, 41.430641 ], [ -74.740932, 41.43116 ], [ -74.743821, 41.430635 ], [ -74.75068, 41.427984 ], [ -74.754359, 41.425147 ], [ -74.7547082, 41.4249934 ], [ -74.758587, 41.423287 ], [ -74.763701, 41.423612 ], [ -74.77065, 41.42623 ], [ -74.773239, 41.426352 ], [ -74.778029, 41.425104 ], [ -74.784339, 41.422397 ], [ -74.790417, 41.42166 ], [ -74.793856, 41.422671 ], [ -74.795396, 41.42398 ], [ -74.799546, 41.43129 ], [ -74.800095, 41.432661 ], [ -74.80037, 41.43606 ], [ -74.801225, 41.4381 ], [ -74.805655, 41.442101 ], [ -74.807582, 41.442847 ], [ -74.812123, 41.442982 ], [ -74.8157703, 41.4414434 ], [ -74.817995, 41.440505 ], [ -74.8196201, 41.4392698 ], [ -74.82288, 41.436792 ], [ -74.826031, 41.431736 ], [ -74.828592, 41.430698 ], [ -74.830671, 41.430503 ], [ -74.834635, 41.430796 ], [ -74.836915, 41.431625 ], [ -74.845572, 41.437577 ], [ -74.848602, 41.440179 ], [ -74.8542, 41.443166 ], [ -74.858578, 41.444427 ], [ -74.864688, 41.443993 ], [ -74.876721, 41.440338 ], [ -74.888691, 41.438259 ], [ -74.893913, 41.43893 ], [ -74.896025, 41.439987 ], [ -74.896399, 41.442179 ], [ -74.894931, 41.446099 ], [ -74.889075, 41.451245 ], [ -74.889116, 41.452534 ], [ -74.890358, 41.455324 ], [ -74.892114, 41.456959 ], [ -74.895069, 41.45819 ], [ -74.9041368, 41.4597948 ], [ -74.9042, 41.459806 ], [ -74.906887, 41.461131 ], [ -74.908103, 41.464639 ], [ -74.908133, 41.468117 ], [ -74.909181, 41.472436 ], [ -74.9095809, 41.4728159 ], [ -74.912517, 41.475605 ], [ -74.912853, 41.4757063 ], [ -74.917282, 41.477041 ], [ -74.9233338, 41.4771272 ], [ -74.924092, 41.477138 ], [ -74.926835, 41.478327 ], [ -74.9323175, 41.4821371 ], [ -74.932585, 41.482323 ], [ -74.941798, 41.483542 ], [ -74.945634, 41.483213 ], [ -74.94808, 41.480625 ], [ -74.956411, 41.476735 ], [ -74.95826, 41.476396 ], [ -74.9659314, 41.4770835 ], [ -74.969887, 41.477438 ], [ -74.981652, 41.479945 ], [ -74.983341, 41.480894 ], [ -74.9843902, 41.4826662 ], [ -74.985004, 41.483703 ], [ -74.985595, 41.485863 ], [ -74.9854695, 41.4870351 ], [ -74.985247, 41.489113 ], [ -74.982463, 41.496467 ], [ -74.982168, 41.498486 ], [ -74.982385, 41.500981 ], [ -74.983941, 41.5053899 ], [ -74.984372, 41.506611 ], [ -74.985653, 41.507926 ], [ -74.987645, 41.508738 ], [ -74.993893, 41.508754 ], [ -74.999612, 41.5074 ], [ -75.0013294, 41.5077402 ], [ -75.0014971, 41.5077734 ], [ -75.003151, 41.508101 ], [ -75.003694, 41.509295 ], [ -75.003706, 41.511118 ], [ -75.003688, 41.5111737 ], [ -75.002592, 41.51456 ], [ -75.000935, 41.517638 ], [ -75.000911, 41.519292 ], [ -75.001297, 41.52065 ], [ -75.00385, 41.524052 ], [ -75.009552, 41.528461 ], [ -75.014919, 41.531399 ], [ -75.016616, 41.53211 ], [ -75.023018, 41.533147 ], [ -75.024206, 41.534018 ], [ -75.024757, 41.535099 ], [ -75.024793, 41.5392291 ], [ -75.024798, 41.539801 ], [ -75.022828, 41.541456 ], [ -75.017626, 41.542734 ], [ -75.016144, 41.544246 ], [ -75.016328, 41.546501 ], [ -75.018524, 41.551802 ], [ -75.027343, 41.563541 ], [ -75.029211, 41.564637 ], [ -75.033162, 41.565092 ], [ -75.036989, 41.567049 ], [ -75.04049, 41.569688 ], [ -75.043879, 41.575094 ], [ -75.04676, 41.583258 ], [ -75.052858, 41.587772 ], [ -75.060012, 41.590813 ], [ -75.0610708, 41.5919472 ], [ -75.063677, 41.594739 ], [ -75.066955, 41.599428 ], [ -75.0697121, 41.6016901 ], [ -75.070591, 41.600676 ], [ -75.098134, 41.565374 ], [ -75.109827, 41.551044 ], [ -75.11292, 41.546701 ], [ -75.122048, 41.534993 ], [ -75.142645, 41.508732 ], [ -75.149077, 41.500642 ], [ -75.149337, 41.500088 ], [ -75.166853, 41.477763 ], [ -75.168763, 41.475329 ], [ -75.169756, 41.474881 ], [ -75.170053, 41.473225 ], [ -75.174009, 41.469089 ], [ -75.177033, 41.465732 ], [ -75.178761, 41.461752 ], [ -75.181398, 41.461536 ], [ -75.181829, 41.461475 ], [ -75.182433, 41.460324 ], [ -75.186521, 41.458879 ], [ -75.188485, 41.456899 ], [ -75.186917, 41.453583 ], [ -75.187624, 41.450787 ], [ -75.189312, 41.450637 ], [ -75.189284, 41.447259 ], [ -75.188562, 41.446185 ], [ -75.186734, 41.446247 ], [ -75.186236, 41.442836 ], [ -75.190377, 41.441311 ], [ -75.191938, 41.438266 ], [ -75.194502, 41.438448 ], [ -75.196344, 41.437386 ], [ -75.198382, 41.43801 ], [ -75.19942, 41.437528 ], [ -75.200082, 41.435022 ], [ -75.199628, 41.433643 ], [ -75.202104, 41.431647 ], [ -75.20318, 41.432374 ], [ -75.20686, 41.430945 ], [ -75.209743, 41.431175 ], [ -75.211338, 41.430379 ], [ -75.212116, 41.427954 ], [ -75.21514, 41.427595 ], [ -75.214911, 41.42616 ], [ -75.218315, 41.424117 ], [ -75.223429, 41.42493 ], [ -75.228214, 41.424784 ], [ -75.229092, 41.427228 ], [ -75.229876, 41.424567 ], [ -75.232156, 41.42462 ], [ -75.233673, 41.424525 ], [ -75.234675, 41.422059 ], [ -75.233965, 41.420405 ], [ -75.239518, 41.420614 ], [ -75.242346, 41.421311 ], [ -75.246267, 41.420759 ], [ -75.245918, 41.41984 ], [ -75.250243, 41.418366 ], [ -75.248383, 41.417343 ], [ -75.24629, 41.417115 ], [ -75.251521, 41.412374 ], [ -75.251796, 41.410461 ], [ -75.248433, 41.408483 ], [ -75.249015, 41.406888 ], [ -75.247203, 41.405813 ], [ -75.246809, 41.402435 ], [ -75.248047, 41.402364 ], [ -75.252249, 41.401044 ], [ -75.254905, 41.399127 ], [ -75.256709, 41.394065 ], [ -75.253083, 41.391294 ], [ -75.254222, 41.388393 ], [ -75.255926, 41.386122 ], [ -75.258051, 41.384437 ], [ -75.260628, 41.383259 ], [ -75.261904, 41.381954 ], [ -75.262093, 41.375036 ], [ -75.265712, 41.372382 ], [ -75.273232, 41.372133 ], [ -75.278293, 41.372481 ], [ -75.284762, 41.371223 ], [ -75.291711, 41.368809 ], [ -75.298342, 41.367402 ], [ -75.299334, 41.368004 ], [ -75.300066, 41.368447 ], [ -75.30606, 41.374223 ], [ -75.309067, 41.374679 ], [ -75.311536, 41.371808 ], [ -75.313121, 41.369967 ], [ -75.314292, 41.368606 ], [ -75.319752, 41.367877 ], [ -75.323657, 41.366045 ], [ -75.325746, 41.3677 ], [ -75.33067, 41.369593 ], [ -75.335493, 41.375701 ], [ -75.337758, 41.376252 ], [ -75.339664, 41.375387 ], [ -75.34437, 41.371482 ], [ -75.345727, 41.370858 ], [ -75.348517, 41.370561 ], [ -75.348392, 41.369435 ], [ -75.350648, 41.367694 ], [ -75.349691, 41.366459 ], [ -75.351312, 41.363721 ], [ -75.348173, 41.364248 ], [ -75.348793, 41.362677 ], [ -75.347358, 41.359747 ], [ -75.346414, 41.357281 ], [ -75.34174, 41.354998 ], [ -75.342082, 41.351934 ], [ -75.339088, 41.350772 ], [ -75.337762, 41.348557 ], [ -75.339045, 41.347363 ], [ -75.337294, 41.34611 ], [ -75.336627, 41.34513 ], [ -75.339189, 41.344487 ], [ -75.344474, 41.340803 ], [ -75.344294, 41.33743 ], [ -75.34246, 41.335987 ], [ -75.337142, 41.336439 ], [ -75.333638, 41.336176 ], [ -75.330882, 41.334912 ], [ -75.32938, 41.335542 ], [ -75.327041, 41.33987 ], [ -75.325022, 41.340678 ], [ -75.32245, 41.34004 ], [ -75.32151, 41.338791 ], [ -75.318568, 41.336727 ], [ -75.317552, 41.334665 ], [ -75.314316, 41.332782 ], [ -75.311143, 41.331439 ], [ -75.311348, 41.328695 ], [ -75.310582, 41.326442 ], [ -75.312483, 41.32432 ], [ -75.31205, 41.321123 ], [ -75.315708, 41.319589 ], [ -75.316267, 41.315977 ], [ -75.313563, 41.312697 ], [ -75.313966, 41.310608 ], [ -75.317267, 41.306391 ], [ -75.320146, 41.302995 ], [ -75.322281, 41.299882 ], [ -75.325214, 41.298775 ], [ -75.326422, 41.299651 ], [ -75.327609, 41.299008 ], [ -75.327812, 41.295322 ], [ -75.325589, 41.292531 ], [ -75.324607, 41.288877 ], [ -75.326236, 41.287472 ], [ -75.329756, 41.285576 ], [ -75.329842, 41.283331 ], [ -75.333644, 41.279447 ], [ -75.333094, 41.276971 ], [ -75.331724, 41.27519 ], [ -75.334603, 41.26972 ], [ -75.335501, 41.268992 ], [ -75.340029, 41.267358 ], [ -75.343912, 41.267842 ], [ -75.347718, 41.265308 ], [ -75.347291, 41.263463 ], [ -75.350138, 41.260121 ], [ -75.347978, 41.258011 ], [ -75.344396, 41.257841 ], [ -75.344147, 41.25586 ], [ -75.341637, 41.255282 ], [ -75.342456, 41.252347 ], [ -75.344034, 41.251688 ], [ -75.345828, 41.247839 ], [ -75.346759, 41.247603 ], [ -75.350496, 41.244389 ], [ -75.355638, 41.241125 ], [ -75.359184, 41.239206 ] ] ] ] } },
{ "type": "Feature", "properties": { "STATEFP": "42", "COUNTYFP": "029", "COUNTYNS": "01209174", "GEOIDFQ": "0500000US42029", "GEOID": "42029", "NAME": "Chester", "NAMELSAD": "Chester County", "STUSPS": "PA", "STATE_NAME": "Pennsylvania", "LSAD": "06", "ALAND": 1943908013.0, "AWATER": 22410055.0, "STATE_NAME_HYPHEN": "Pennsylvania" }, "geometry": { "type": "MultiPolygon", "coordinates": [ [ [ [ -75.5930817, 39.8375003 ], [ -75.5798997, 39.8385221 ], [ -75.582029, 39.841453 ], [ -75.583825, 39.843022 ], [ -75.586449, 39.844343 ], [ -75.58713, 39.844303 ], [ -75.58917, 39.843213 ], [ -75.591291, 39.840445 ], [ -75.5930817, 39.8375003 ] ] ], [ [ [ -76.1355845, 39.7215558 ], [ -76.1240329, 39.7215855 ], [ -76.0679644, 39.7217294 ], [ -76.0547279, 39.7217634 ], [ -76.0277133, 39.7218328 ], [ -76.027618, 39.721833 ], [ -76.013067, 39.72192 ], [ -75.998649, 39.721576 ], [ -75.9983577, 39.7215765 ], [ -75.9810387, 39.721606799999989 ], [ -75.9810142, 39.7216069 ], [ -75.9621497, 39.7216399 ], [ -75.936997, 39.7216839 ], [ -75.8751665, 39.7217921 ], [ -75.8418618, 39.7218504 ], [ -75.8214599, 39.7218861 ], [ -75.8120795, 39.7219025 ], [ -75.810068, 39.721906 ], [ -75.799563, 39.721882 ], [ -75.788596, 39.722199 ], [ -75.773786, 39.7222 ], [ -75.766058, 39.737811 ], [ -75.7658792, 39.7381059 ], [ -75.760346, 39.747231 ], [ -75.7601016, 39.7475801 ], [ -75.7592138, 39.7488485 ], [ -75.7544659, 39.7556311 ], [ -75.753066, 39.757631 ], [ -75.7514366, 39.7595521 ], [ -75.744394, 39.767855 ], [ -75.7393236, 39.7729248 ], [ -75.736489, 39.775759 ], [ -75.727049, 39.784126 ], [ -75.7248663, 39.7858306 ], [ -75.7193346, 39.7901506 ], [ -75.716969, 39.791998 ], [ -75.7057873, 39.7995239 ], [ -75.701208, 39.802606 ], [ -75.6945623, 39.8062955 ], [ -75.685991, 39.811054 ], [ -75.6815569, 39.8129862 ], [ -75.680794100000014, 39.8133186 ], [ -75.662822, 39.82115 ], [ -75.6581539, 39.8227305 ], [ -75.641518, 39.828363 ], [ -75.6348128, 39.8301358 ], [ -75.634706, 39.830164 ], [ -75.617251, 39.833999 ], [ -75.595756, 39.837156 ], [ -75.5948458, 39.8372862 ], [ -75.597361, 39.838883 ], [ -75.597742, 39.841147 ], [ -75.596372, 39.842347 ], [ -75.594865, 39.844899 ], [ -75.594111, 39.84994 ], [ -75.591917, 39.851413 ], [ -75.591997, 39.852535 ], [ -75.594636, 39.853626 ], [ -75.598737, 39.8542 ], [ -75.601252, 39.855411 ], [ -75.601532, 39.856433 ], [ -75.596406, 39.862971 ], [ -75.596712, 39.864339 ], [ -75.595228, 39.866595 ], [ -75.593011, 39.867035 ], [ -75.593216, 39.869476 ], [ -75.595553, 39.87075 ], [ -75.596198, 39.871816 ], [ -75.596672, 39.872935 ], [ -75.597914, 39.874464 ], [ -75.584761, 39.880978 ], [ -75.587192, 39.884207 ], [ -75.584186, 39.884573 ], [ -75.582416, 39.885741 ], [ -75.580414, 39.883746 ], [ -75.57888, 39.884474 ], [ -75.571162, 39.888136 ], [ -75.574253, 39.892153 ], [ -75.572518, 39.893012 ], [ -75.572419, 39.89474 ], [ -75.573381, 39.896397 ], [ -75.562539, 39.901638 ], [ -75.56237, 39.901709 ], [ -75.559291, 39.902984 ], [ -75.559273, 39.904751 ], [ -75.561308, 39.907429 ], [ -75.558645, 39.90868 ], [ -75.556106, 39.90534 ], [ -75.548815, 39.908665 ], [ -75.548732, 39.908702 ], [ -75.546416, 39.909731 ], [ -75.550454, 39.914931 ], [ -75.542494, 39.918417 ], [ -75.544106, 39.920467 ], [ -75.544395, 39.923401 ], [ -75.541084, 39.925098 ], [ -75.542734, 39.927181 ], [ -75.536109, 39.929926 ], [ -75.530238, 39.922123 ], [ -75.527172, 39.92344 ], [ -75.525832, 39.921816 ], [ -75.524606, 39.922435 ], [ -75.523505, 39.923142 ], [ -75.527263, 39.927858 ], [ -75.528361, 39.929234 ], [ -75.530475, 39.932049 ], [ -75.530168, 39.933361 ], [ -75.526171, 39.934987 ], [ -75.525387, 39.93341 ], [ -75.524541, 39.931596 ], [ -75.519049, 39.934165 ], [ -75.518345, 39.936104 ], [ -75.519541, 39.938956 ], [ -75.523816, 39.944124 ], [ -75.51045, 39.950429 ], [ -75.507874, 39.951651 ], [ -75.502135, 39.954367 ], [ -75.480747, 39.96418 ], [ -75.473493, 39.96752 ], [ -75.462186, 39.972706 ], [ -75.452431, 39.977342 ], [ -75.436055, 39.984948 ], [ -75.436193, 39.986929 ], [ -75.43563, 39.98883 ], [ -75.438219, 39.990714 ], [ -75.438363, 39.991936 ], [ -75.436847, 39.992968 ], [ -75.437692, 39.993894 ], [ -75.440601, 39.992806 ], [ -75.440759, 39.991848 ], [ -75.442855, 39.992975 ], [ -75.4431, 39.993708 ], [ -75.449952, 39.993899 ], [ -75.450828, 39.993198 ], [ -75.451844, 39.993813 ], [ -75.453771, 39.993589 ], [ -75.448808, 39.996886 ], [ -75.428824, 40.010494 ], [ -75.423078, 40.014381 ], [ -75.404338, 40.027364 ], [ -75.406419, 40.030224 ], [ -75.414991, 40.041787 ], [ -75.406535, 40.04546 ], [ -75.405209, 40.046037 ], [ -75.400485, 40.048159 ], [ -75.398531, 40.048997 ], [ -75.391407, 40.052034 ], [ -75.386232, 40.054303 ], [ -75.37561, 40.058996 ], [ -75.361066, 40.065543 ], [ -75.366687, 40.072355 ], [ -75.392632, 40.060974 ], [ -75.394539, 40.063267 ], [ -75.403877, 40.076069 ], [ -75.405572, 40.078445 ], [ -75.406822, 40.079723 ], [ -75.408129, 40.081293 ], [ -75.409557, 40.08305 ], [ -75.409889, 40.083736 ], [ -75.414658, 40.089437 ], [ -75.415021, 40.090138 ], [ -75.41507, 40.090297 ], [ -75.417091, 40.092827 ], [ -75.41818, 40.094737 ], [ -75.420124, 40.097201 ], [ -75.433689, 40.091419 ], [ -75.437864, 40.089573 ], [ -75.440721, 40.094322 ], [ -75.456186, 40.087776 ], [ -75.456896, 40.091379 ], [ -75.456624, 40.093854 ], [ -75.461909, 40.096354 ], [ -75.462926, 40.097253 ], [ -75.462572, 40.099978 ], [ -75.461995, 40.101498 ], [ -75.461729, 40.103035 ], [ -75.463918, 40.103532 ], [ -75.46924, 40.107382 ], [ -75.471603, 40.111853 ], [ -75.470697, 40.114865 ], [ -75.469409, 40.116664 ], [ -75.462633, 40.11958 ], [ -75.461667, 40.120821 ], [ -75.461272, 40.12433 ], [ -75.462093, 40.12527 ], [ -75.467677, 40.127646 ], [ -75.47245, 40.129298 ], [ -75.473868, 40.129194 ], [ -75.481083, 40.126796 ], [ -75.49164, 40.126079 ], [ -75.492577, 40.126141 ], [ -75.493688, 40.126493 ], [ -75.499728, 40.129585 ], [ -75.505624, 40.132634 ], [ -75.508201, 40.135521 ], [ -75.509237, 40.136619 ], [ -75.5097, 40.137059 ], [ -75.510836, 40.140531 ], [ -75.509325, 40.14559 ], [ -75.506439, 40.148316 ], [ -75.503301, 40.151095 ], [ -75.500975, 40.154479 ], [ -75.501076, 40.157436 ], [ -75.503804, 40.159726 ], [ -75.506233, 40.16011 ], [ -75.508966, 40.160091 ], [ -75.513214, 40.158296 ], [ -75.515669, 40.154863 ], [ -75.517279, 40.15168 ], [ -75.517757, 40.149744 ], [ -75.519155, 40.147957 ], [ -75.521072, 40.147075 ], [ -75.524324, 40.14772 ], [ -75.526838, 40.149552 ], [ -75.527632, 40.150943 ], [ -75.527776, 40.153107 ], [ -75.526615, 40.158562 ], [ -75.527114, 40.162347 ], [ -75.528641, 40.167512 ], [ -75.52916, 40.168683 ], [ -75.531824, 40.170612 ], [ -75.534425, 40.172363 ], [ -75.539581, 40.174966 ], [ -75.540986, 40.175951 ], [ -75.545338, 40.182555 ], [ -75.547419, 40.186449 ], [ -75.548655, 40.18842 ], [ -75.549174, 40.189542 ], [ -75.550333, 40.193429 ], [ -75.555299, 40.204108 ], [ -75.55775, 40.20798 ], [ -75.559755, 40.209253 ], [ -75.562887, 40.209875 ], [ -75.564282, 40.209101 ], [ -75.564906, 40.206185 ], [ -75.562537, 40.202066 ], [ -75.562235, 40.200562 ], [ -75.562878, 40.197361 ], [ -75.567015, 40.19428 ], [ -75.570352, 40.194117 ], [ -75.573338, 40.195303 ], [ -75.577189, 40.198357 ], [ -75.579221, 40.20104 ], [ -75.579735, 40.201821 ], [ -75.581492, 40.207119 ], [ -75.587757, 40.214449 ], [ -75.592657, 40.225491 ], [ -75.595398, 40.232305 ], [ -75.595817, 40.235221 ], [ -75.597031, 40.236844 ], [ -75.601356, 40.23805 ], [ -75.604314, 40.237822 ], [ -75.606923, 40.236132 ], [ -75.60758, 40.234697 ], [ -75.607468, 40.232773 ], [ -75.606018, 40.231099 ], [ -75.603703, 40.229549 ], [ -75.603173, 40.227006 ], [ -75.605523, 40.224808 ], [ -75.610716, 40.223056 ], [ -75.612373, 40.222997 ], [ -75.614522, 40.223728 ], [ -75.616278, 40.224911 ], [ -75.616972, 40.22638 ], [ -75.619577, 40.23008 ], [ -75.622126, 40.230996 ], [ -75.624015, 40.231323 ], [ -75.627958, 40.232924 ], [ -75.630264, 40.234074 ], [ -75.633989, 40.235303 ], [ -75.634496, 40.235746 ], [ -75.640254, 40.237054 ], [ -75.643311, 40.238402 ], [ -75.650887, 40.24202 ], [ -75.65275, 40.242001 ], [ -75.656037, 40.241167 ], [ -75.658615, 40.241903 ], [ -75.659409, 40.242344 ], [ -75.663598, 40.244761 ], [ -75.664911, 40.245065 ], [ -75.671199, 40.244576 ], [ -75.676059, 40.242551 ], [ -75.676934, 40.242163 ], [ -75.68144, 40.239136 ], [ -75.685578, 40.236575 ], [ -75.688526, 40.236193 ], [ -75.690171, 40.236451 ], [ -75.692511, 40.238942 ], [ -75.696782, 40.241863 ], [ -75.711575, 40.234135 ], [ -75.729863, 40.224489 ], [ -75.743178, 40.216721 ], [ -75.767829, 40.201847 ], [ -75.772937, 40.198765 ], [ -75.807866, 40.177654 ], [ -75.82098, 40.169716 ], [ -75.822945, 40.168486 ], [ -75.824851, 40.167292 ], [ -75.846516, 40.153798 ], [ -75.854548, 40.149297 ], [ -75.866813, 40.14112 ], [ -75.873375, 40.137107 ], [ -75.877787, 40.135478 ], [ -75.890457, 40.129531 ], [ -75.942997, 40.109266 ], [ -75.94244, 40.106515 ], [ -75.942028, 40.104522 ], [ -75.938433, 40.088528 ], [ -75.937059, 40.082595 ], [ -75.936135, 40.078535 ], [ -75.936171, 40.073199 ], [ -75.936191, 40.067258 ], [ -75.936224, 40.065359 ], [ -75.934332, 40.047566 ], [ -75.93587, 40.037466 ], [ -75.936677, 40.036392 ], [ -75.943024, 40.027765 ], [ -75.945642, 40.02427 ], [ -75.951398, 40.016421 ], [ -75.972407, 39.98751 ], [ -75.986702, 39.96724 ], [ -75.985984, 39.964543 ], [ -75.98865, 39.961613 ], [ -75.989488, 39.960067 ], [ -75.990123, 39.959476 ], [ -75.99153, 39.956041 ], [ -75.994629, 39.952429 ], [ -75.991037, 39.947534 ], [ -75.992347, 39.94599 ], [ -75.990206, 39.945158 ], [ -75.989354, 39.941985 ], [ -75.988005, 39.939562 ], [ -75.985056, 39.937871 ], [ -75.982152, 39.935619 ], [ -75.980966, 39.933479 ], [ -75.981583, 39.931771 ], [ -75.98136, 39.929755 ], [ -75.984682, 39.932119 ], [ -75.985943, 39.931517 ], [ -75.987363, 39.9298 ], [ -75.991467, 39.929003 ], [ -75.991167, 39.927258 ], [ -75.992597, 39.92657 ], [ -75.995249, 39.928129 ], [ -75.997011, 39.92869 ], [ -75.997303, 39.927009 ], [ -75.995827, 39.924595 ], [ -75.997132, 39.922062 ], [ -75.994896, 39.916585 ], [ -75.996103, 39.914552 ], [ -75.99552, 39.911356 ], [ -75.997516, 39.909891 ], [ -75.995989, 39.903786 ], [ -75.99455, 39.90254 ], [ -75.995133, 39.898916 ], [ -75.994388, 39.898257 ], [ -75.993329, 39.898996 ], [ -75.987793, 39.894774 ], [ -75.986823, 39.892192 ], [ -75.989371, 39.890616 ], [ -75.991258, 39.887591 ], [ -75.991495, 39.88524 ], [ -75.990583, 39.884585 ], [ -75.991665, 39.882798 ], [ -75.992347, 39.88216 ], [ -75.988386, 39.878218 ], [ -75.986777, 39.874716 ], [ -75.986914, 39.873499 ], [ -75.987466, 39.872478 ], [ -75.990492, 39.870936 ], [ -75.991284, 39.868738 ], [ -75.998373, 39.872027 ], [ -75.997497, 39.873615 ], [ -76.001709, 39.874698 ], [ -76.004136, 39.872879 ], [ -76.004442, 39.86887 ], [ -76.005856, 39.866606 ], [ -76.007007, 39.858219 ], [ -76.0076, 39.857432 ], [ -76.007327, 39.854867 ], [ -76.006734, 39.853958 ], [ -76.007576, 39.852349 ], [ -76.008575, 39.851965 ], [ -76.01158, 39.853178 ], [ -76.014291, 39.852797 ], [ -76.015805, 39.853758 ], [ -76.018825, 39.85408 ], [ -76.01991, 39.853524 ], [ -76.022823, 39.849844 ], [ -76.022497, 39.848541 ], [ -76.020953, 39.849459 ], [ -76.020387, 39.847642 ], [ -76.020755, 39.845027 ], [ -76.018775, 39.840514 ], [ -76.019813, 39.839739 ], [ -76.017809, 39.838173 ], [ -76.018041, 39.836376 ], [ -76.017384, 39.833488 ], [ -76.016473, 39.831481 ], [ -76.017356, 39.830607 ], [ -76.019293, 39.831054 ], [ -76.022826, 39.8308 ], [ -76.023581, 39.829394 ], [ -76.023784, 39.827134 ], [ -76.025866, 39.82477 ], [ -76.027034, 39.824153 ], [ -76.030232, 39.823973 ], [ -76.0331, 39.825988 ], [ -76.037636, 39.826917 ], [ -76.037953, 39.825909 ], [ -76.036307, 39.823317 ], [ -76.033118, 39.820498 ], [ -76.031072, 39.817526 ], [ -76.031071, 39.814766 ], [ -76.029592, 39.812998 ], [ -76.030756, 39.812238 ], [ -76.034438, 39.812517 ], [ -76.035216, 39.811835 ], [ -76.035123, 39.808143 ], [ -76.035858, 39.806241 ], [ -76.038501, 39.80173 ], [ -76.039164, 39.801165 ], [ -76.040223, 39.801121 ], [ -76.042793, 39.802718 ], [ -76.04572, 39.803778 ], [ -76.048287, 39.803968 ], [ -76.049746, 39.802428 ], [ -76.048981, 39.802044 ], [ -76.045738, 39.800989 ], [ -76.043507, 39.797852 ], [ -76.041257, 39.796947 ], [ -76.043382, 39.794376 ], [ -76.045104, 39.793033 ], [ -76.043637, 39.791242 ], [ -76.046944, 39.790235 ], [ -76.048525, 39.78924 ], [ -76.049334, 39.786652 ], [ -76.049678, 39.783784 ], [ -76.052183, 39.781874 ], [ -76.053635, 39.781599 ], [ -76.055388, 39.780279 ], [ -76.058397, 39.779861 ], [ -76.060311, 39.77633 ], [ -76.060524, 39.775011 ], [ -76.062016, 39.773919 ], [ -76.064564, 39.771189 ], [ -76.064923, 39.770283 ], [ -76.064086, 39.768347 ], [ -76.063651, 39.767391 ], [ -76.062602, 39.764501 ], [ -76.066685, 39.759969 ], [ -76.069461, 39.759844 ], [ -76.076461, 39.761813 ], [ -76.079568, 39.761963 ], [ -76.081852, 39.761351 ], [ -76.084352, 39.758644 ], [ -76.085794, 39.75589 ], [ -76.083646, 39.754577 ], [ -76.082599, 39.75305 ], [ -76.084195, 39.750464 ], [ -76.084334, 39.748342 ], [ -76.088033, 39.744932 ], [ -76.092986, 39.74283 ], [ -76.096877, 39.743111 ], [ -76.098608, 39.745486 ], [ -76.100336, 39.745722 ], [ -76.100657, 39.742877 ], [ -76.10205, 39.739884 ], [ -76.099415, 39.73794 ], [ -76.096188, 39.737236 ], [ -76.092592, 39.734187 ], [ -76.09262, 39.733534 ], [ -76.096762, 39.729087 ], [ -76.099887, 39.727443 ], [ -76.101748, 39.725278 ], [ -76.101791, 39.724271 ], [ -76.105201, 39.723981 ], [ -76.10796, 39.725374 ], [ -76.110644, 39.727603 ], [ -76.111177, 39.728521 ], [ -76.109945, 39.730541 ], [ -76.108565, 39.734836 ], [ -76.11096, 39.736175 ], [ -76.113616, 39.737125 ], [ -76.115357, 39.736596 ], [ -76.119924, 39.736364 ], [ -76.120651, 39.735128 ], [ -76.119778, 39.73193 ], [ -76.120304, 39.729848 ], [ -76.118226, 39.725412 ], [ -76.119261, 39.723435 ], [ -76.122252, 39.723407 ], [ -76.124712, 39.726606 ], [ -76.12762, 39.727562 ], [ -76.134365, 39.727058 ], [ -76.136672, 39.725268 ], [ -76.1355845, 39.7215558 ] ] ] ] } },
{ "type": "Feature", "properties": { "STATEFP": "42", "COUNTYFP": "091", "COUNTYNS": "01213680", "GEOIDFQ": "0500000US42091", "GEOID": "42091", "NAME": "Montgomery", "NAMELSAD": "Montgomery County", "STUSPS": "PA", "STATE_NAME": "Pennsylvania", "LSAD": "06", "ALAND": 1250892852.0, "AWATER": 10979155.0, "STATE_NAME_HYPHEN": "Pennsylvania" }, "geometry": { "type": "MultiPolygon", "coordinates": [ [ [ [ -75.696782, 40.241863 ], [ -75.692511, 40.238942 ], [ -75.690171, 40.236451 ], [ -75.688526, 40.236193 ], [ -75.685578, 40.236575 ], [ -75.68144, 40.239136 ], [ -75.676934, 40.242163 ], [ -75.676059, 40.242551 ], [ -75.671199, 40.244576 ], [ -75.664911, 40.245065 ], [ -75.663598, 40.244761 ], [ -75.659409, 40.242344 ], [ -75.658615, 40.241903 ], [ -75.656037, 40.241167 ], [ -75.65275, 40.242001 ], [ -75.650887, 40.24202 ], [ -75.643311, 40.238402 ], [ -75.640254, 40.237054 ], [ -75.634496, 40.235746 ], [ -75.633989, 40.235303 ], [ -75.630264, 40.234074 ], [ -75.627958, 40.232924 ], [ -75.624015, 40.231323 ], [ -75.622126, 40.230996 ], [ -75.619577, 40.23008 ], [ -75.616972, 40.22638 ], [ -75.616278, 40.224911 ], [ -75.614522, 40.223728 ], [ -75.612373, 40.222997 ], [ -75.610716, 40.223056 ], [ -75.605523, 40.224808 ], [ -75.603173, 40.227006 ], [ -75.603703, 40.229549 ], [ -75.606018, 40.231099 ], [ -75.607468, 40.232773 ], [ -75.60758, 40.234697 ], [ -75.606923, 40.236132 ], [ -75.604314, 40.237822 ], [ -75.601356, 40.23805 ], [ -75.597031, 40.236844 ], [ -75.595817, 40.235221 ], [ -75.595398, 40.232305 ], [ -75.592657, 40.225491 ], [ -75.587757, 40.214449 ], [ -75.581492, 40.207119 ], [ -75.579735, 40.201821 ], [ -75.579221, 40.20104 ], [ -75.577189, 40.198357 ], [ -75.573338, 40.195303 ], [ -75.570352, 40.194117 ], [ -75.567015, 40.19428 ], [ -75.562878, 40.197361 ], [ -75.562235, 40.200562 ], [ -75.562537, 40.202066 ], [ -75.564906, 40.206185 ], [ -75.564282, 40.209101 ], [ -75.562887, 40.209875 ], [ -75.559755, 40.209253 ], [ -75.55775, 40.20798 ], [ -75.555299, 40.204108 ], [ -75.550333, 40.193429 ], [ -75.549174, 40.189542 ], [ -75.548655, 40.18842 ], [ -75.547419, 40.186449 ], [ -75.545338, 40.182555 ], [ -75.540986, 40.175951 ], [ -75.539581, 40.174966 ], [ -75.534425, 40.172363 ], [ -75.531824, 40.170612 ], [ -75.52916, 40.168683 ], [ -75.528641, 40.167512 ], [ -75.527114, 40.162347 ], [ -75.526615, 40.158562 ], [ -75.527776, 40.153107 ], [ -75.527632, 40.150943 ], [ -75.526838, 40.149552 ], [ -75.524324, 40.14772 ], [ -75.521072, 40.147075 ], [ -75.519155, 40.147957 ], [ -75.517757, 40.149744 ], [ -75.517279, 40.15168 ], [ -75.515669, 40.154863 ], [ -75.513214, 40.158296 ], [ -75.508966, 40.160091 ], [ -75.506233, 40.16011 ], [ -75.503804, 40.159726 ], [ -75.501076, 40.157436 ], [ -75.500975, 40.154479 ], [ -75.503301, 40.151095 ], [ -75.506439, 40.148316 ], [ -75.509325, 40.14559 ], [ -75.510836, 40.140531 ], [ -75.5097, 40.137059 ], [ -75.509237, 40.136619 ], [ -75.508201, 40.135521 ], [ -75.505624, 40.132634 ], [ -75.499728, 40.129585 ], [ -75.493688, 40.126493 ], [ -75.492577, 40.126141 ], [ -75.49164, 40.126079 ], [ -75.481083, 40.126796 ], [ -75.473868, 40.129194 ], [ -75.47245, 40.129298 ], [ -75.467677, 40.127646 ], [ -75.462093, 40.12527 ], [ -75.461272, 40.12433 ], [ -75.461667, 40.120821 ], [ -75.462633, 40.11958 ], [ -75.469409, 40.116664 ], [ -75.470697, 40.114865 ], [ -75.471603, 40.111853 ], [ -75.46924, 40.107382 ], [ -75.463918, 40.103532 ], [ -75.461729, 40.103035 ], [ -75.461995, 40.101498 ], [ -75.462572, 40.099978 ], [ -75.462926, 40.097253 ], [ -75.461909, 40.096354 ], [ -75.456624, 40.093854 ], [ -75.456896, 40.091379 ], [ -75.456186, 40.087776 ], [ -75.440721, 40.094322 ], [ -75.437864, 40.089573 ], [ -75.433689, 40.091419 ], [ -75.420124, 40.097201 ], [ -75.41818, 40.094737 ], [ -75.417091, 40.092827 ], [ -75.41507, 40.090297 ], [ -75.415021, 40.090138 ], [ -75.414658, 40.089437 ], [ -75.409889, 40.083736 ], [ -75.409557, 40.08305 ], [ -75.408129, 40.081293 ], [ -75.406822, 40.079723 ], [ -75.405572, 40.078445 ], [ -75.403877, 40.076069 ], [ -75.394539, 40.063267 ], [ -75.392632, 40.060974 ], [ -75.366687, 40.072355 ], [ -75.361066, 40.065543 ], [ -75.360069, 40.066196 ], [ -75.356811, 40.063112 ], [ -75.349457, 40.052905 ], [ -75.346637, 40.0493 ], [ -75.339396, 40.040323 ], [ -75.334921, 40.034537 ], [ -75.334064, 40.033386 ], [ -75.332018, 40.030813 ], [ -75.328461, 40.025891 ], [ -75.327215, 40.024516 ], [ -75.326314, 40.023365 ], [ -75.323638, 40.01987 ], [ -75.321568, 40.017159 ], [ -75.320699, 40.016216 ], [ -75.315697, 40.018433 ], [ -75.311432, 40.01981 ], [ -75.310608, 40.018768 ], [ -75.309433, 40.017132 ], [ -75.308754, 40.015735 ], [ -75.30784, 40.01459 ], [ -75.30633, 40.012911 ], [ -75.305467, 40.012247 ], [ -75.305038, 40.01192 ], [ -75.302229, 40.008641 ], [ -75.301552, 40.007809 ], [ -75.299706, 40.005421 ], [ -75.298538, 40.003986 ], [ -75.292825, 39.996878 ], [ -75.289275, 39.992847 ], [ -75.286766, 39.989956 ], [ -75.284172, 39.987453 ], [ -75.282698, 39.98546 ], [ -75.280141, 39.982084 ], [ -75.276482, 39.976959 ], [ -75.275871, 39.977245 ], [ -75.273552, 39.978279 ], [ -75.271309, 39.979275 ], [ -75.269257, 39.980186 ], [ -75.267973, 39.980757 ], [ -75.265566, 39.981832 ], [ -75.263687, 39.982658 ], [ -75.253999, 39.988304 ], [ -75.251438, 39.989504 ], [ -75.25, 39.99018 ], [ -75.247948, 39.991138 ], [ -75.245689, 39.992191 ], [ -75.237331, 39.996128 ], [ -75.235298, 39.99707 ], [ -75.227462, 40.000746 ], [ -75.226402, 40.001255 ], [ -75.220665, 40.003944 ], [ -75.213745, 40.00716 ], [ -75.208221, 40.009947 ], [ -75.207376, 40.01048 ], [ -75.205771, 40.011629 ], [ -75.207599, 40.012719 ], [ -75.208008, 40.012997 ], [ -75.212219, 40.015461 ], [ -75.214752, 40.017784 ], [ -75.218056, 40.020943 ], [ -75.219583, 40.021713 ], [ -75.222153, 40.022614 ], [ -75.223694, 40.023712 ], [ -75.226652, 40.025267 ], [ -75.228149, 40.026031 ], [ -75.232094, 40.027994 ], [ -75.23484, 40.030075 ], [ -75.239296, 40.03289 ], [ -75.242096, 40.035637 ], [ -75.245598, 40.037655 ], [ -75.249039, 40.041848 ], [ -75.251298, 40.043505 ], [ -75.254678, 40.045924 ], [ -75.255098, 40.046122 ], [ -75.257655, 40.047611 ], [ -75.264431, 40.054094 ], [ -75.256286, 40.061081 ], [ -75.252209, 40.065278 ], [ -75.243288, 40.073494 ], [ -75.232952, 40.083618 ], [ -75.2305, 40.086022 ], [ -75.22361, 40.092907 ], [ -75.21357, 40.087154 ], [ -75.212375, 40.085995 ], [ -75.211868, 40.086086 ], [ -75.209396, 40.084927 ], [ -75.197601, 40.077991 ], [ -75.190831, 40.074114 ], [ -75.189203, 40.073174 ], [ -75.188461, 40.07275 ], [ -75.186096, 40.075123 ], [ -75.182053, 40.079102 ], [ -75.180901, 40.080219 ], [ -75.179756, 40.081333 ], [ -75.176438, 40.084649 ], [ -75.172951, 40.082581 ], [ -75.171601, 40.081813 ], [ -75.169914, 40.080818 ], [ -75.163399, 40.07695 ], [ -75.161285, 40.075764 ], [ -75.158417, 40.074169 ], [ -75.154076, 40.071732 ], [ -75.151596, 40.070328 ], [ -75.148331, 40.068485 ], [ -75.146683, 40.067547 ], [ -75.143117, 40.065493 ], [ -75.140897, 40.064239 ], [ -75.139427, 40.063358 ], [ -75.136719, 40.061821 ], [ -75.135124, 40.060989 ], [ -75.130135, 40.057796 ], [ -75.129021, 40.057091 ], [ -75.12632, 40.055481 ], [ -75.124916, 40.054684 ], [ -75.122147, 40.053177 ], [ -75.118652, 40.051186 ], [ -75.118553, 40.051132 ], [ -75.117104, 40.050304 ], [ -75.112363, 40.047563 ], [ -75.110985, 40.046769 ], [ -75.109431, 40.045874 ], [ -75.109406, 40.04584 ], [ -75.10789, 40.048195 ], [ -75.10323, 40.051355 ], [ -75.102413, 40.051792 ], [ -75.100935, 40.052699 ], [ -75.100896, 40.052723 ], [ -75.095078, 40.056091 ], [ -75.093504, 40.057241 ], [ -75.093644, 40.057429 ], [ -75.087425, 40.063599 ], [ -75.096733, 40.068989 ], [ -75.090317, 40.075115 ], [ -75.090193, 40.075238 ], [ -75.086906, 40.078648 ], [ -75.082456, 40.082884 ], [ -75.077805, 40.08577 ], [ -75.07127, 40.092532 ], [ -75.069456, 40.094411 ], [ -75.058342, 40.105892 ], [ -75.054321, 40.108692 ], [ -75.048542, 40.112729 ], [ -75.044263, 40.115713 ], [ -75.043856, 40.115997 ], [ -75.037842, 40.120213 ], [ -75.033263, 40.123385 ], [ -75.024891, 40.129216 ], [ -75.020571, 40.132274 ], [ -75.015066, 40.137992 ], [ -75.017336, 40.139376 ], [ -75.025522, 40.144272 ], [ -75.029301, 40.146509 ], [ -75.033508, 40.148975 ], [ -75.051845, 40.159836 ], [ -75.053104, 40.160594 ], [ -75.060135, 40.164757 ], [ -75.064438, 40.167194 ], [ -75.071198, 40.171032 ], [ -75.080795, 40.176872 ], [ -75.08548, 40.179699 ], [ -75.089646, 40.182153 ], [ -75.090209, 40.182489 ], [ -75.094556, 40.185051 ], [ -75.096836, 40.186395 ], [ -75.102081, 40.189472 ], [ -75.103081, 40.190063 ], [ -75.104874, 40.191109 ], [ -75.106878, 40.192279 ], [ -75.107799, 40.192821 ], [ -75.11603, 40.197738 ], [ -75.118627, 40.199276 ], [ -75.12275, 40.201729 ], [ -75.124599, 40.202823 ], [ -75.129821, 40.205955 ], [ -75.137782, 40.210886 ], [ -75.139374, 40.211853 ], [ -75.158836, 40.223583 ], [ -75.177401, 40.235047 ], [ -75.180046, 40.236687 ], [ -75.187646, 40.241455 ], [ -75.192983, 40.244737 ], [ -75.206473, 40.252855 ], [ -75.214133, 40.257422 ], [ -75.228425, 40.265816 ], [ -75.243171, 40.274395 ], [ -75.244791, 40.275325 ], [ -75.247155, 40.27665 ], [ -75.257269, 40.282535 ], [ -75.26432, 40.286836 ], [ -75.267756, 40.288881 ], [ -75.284078, 40.298404 ], [ -75.299332, 40.307556 ], [ -75.299774, 40.307835 ], [ -75.302606, 40.309595 ], [ -75.307674, 40.312688 ], [ -75.311234, 40.314884 ], [ -75.316998, 40.31838 ], [ -75.317177, 40.318489 ], [ -75.329041, 40.325569 ], [ -75.32991, 40.32608 ], [ -75.334614, 40.328809 ], [ -75.339341, 40.331689 ], [ -75.353219, 40.340182 ], [ -75.372456, 40.351721 ], [ -75.402254, 40.36962 ], [ -75.410402, 40.3745 ], [ -75.411469, 40.375053 ], [ -75.422234, 40.381691 ], [ -75.425667, 40.38443 ], [ -75.445647, 40.396205 ], [ -75.47126, 40.41114 ], [ -75.47653, 40.414181 ], [ -75.482887, 40.417923 ], [ -75.484057, 40.418451 ], [ -75.498193, 40.427272 ], [ -75.49874, 40.427706 ], [ -75.529694, 40.446995 ], [ -75.533946, 40.441811 ], [ -75.542709, 40.430607 ], [ -75.544798, 40.428203 ], [ -75.551888, 40.419357 ], [ -75.559753, 40.409723 ], [ -75.569274, 40.397892 ], [ -75.581522, 40.382855 ], [ -75.58555, 40.377919 ], [ -75.606557, 40.352457 ], [ -75.615089, 40.342087 ], [ -75.618532, 40.337862 ], [ -75.620995, 40.334836 ], [ -75.625241, 40.329356 ], [ -75.628013, 40.325952 ], [ -75.628082, 40.325867 ], [ -75.634193, 40.318413 ], [ -75.638828, 40.312772 ], [ -75.644992, 40.305253 ], [ -75.647858, 40.301743 ], [ -75.66453, 40.281097 ], [ -75.675546, 40.267949 ], [ -75.68629, 40.254631 ], [ -75.695949, 40.242365 ], [ -75.696782, 40.241863 ] ] ] ] } },
{ "type": "Feature", "properties": { "STATEFP": "42", "COUNTYFP": "043", "COUNTYNS": "01213667", "GEOIDFQ": "0500000US42043", "GEOID": "42043", "NAME": "Dauphin", "NAMELSAD": "Dauphin County", "STUSPS": "PA", "STATE_NAME": "Pennsylvania", "LSAD": "06", "ALAND": 1359407363.0, "AWATER": 86047350.0, "STATE_NAME_HYPHEN": "Pennsylvania" }, "geometry": { "type": "MultiPolygon", "coordinates": [ [ [ [ -77.029199, 40.38688 ], [ -77.027953, 40.383515 ], [ -77.027007, 40.380892 ], [ -77.023067, 40.376399 ], [ -77.022332, 40.375054 ], [ -77.021539, 40.372144 ], [ -77.02165, 40.368368 ], [ -77.020799, 40.36623 ], [ -77.019178, 40.364785 ], [ -77.013028, 40.362143 ], [ -77.009505, 40.359002 ], [ -77.008191, 40.358449 ], [ -77.002227, 40.357584 ], [ -76.998022, 40.356679 ], [ -76.986409, 40.356604 ], [ -76.981996, 40.35732 ], [ -76.976822, 40.356557 ], [ -76.970625, 40.356305 ], [ -76.96115, 40.358033 ], [ -76.95721, 40.357732 ], [ -76.951737, 40.358158 ], [ -76.94485, 40.357531 ], [ -76.942745, 40.357758 ], [ -76.937547, 40.357481 ], [ -76.933589, 40.356045 ], [ -76.932147, 40.354596 ], [ -76.928521, 40.347985 ], [ -76.92726, 40.343464 ], [ -76.926701, 40.341959 ], [ -76.921206, 40.336391 ], [ -76.917296, 40.332737 ], [ -76.916811, 40.331676 ], [ -76.9163, 40.330554 ], [ -76.91497, 40.328484 ], [ -76.912129, 40.325495 ], [ -76.9118, 40.322634 ], [ -76.913485, 40.317548 ], [ -76.915016, 40.315426 ], [ -76.916954, 40.312432 ], [ -76.9216, 40.302682 ], [ -76.923196, 40.300196 ], [ -76.924468, 40.292225 ], [ -76.924291, 40.289642 ], [ -76.922063, 40.285482 ], [ -76.920159, 40.28301 ], [ -76.917348, 40.280974 ], [ -76.916306, 40.28021 ], [ -76.914112, 40.274466 ], [ -76.913651, 40.272141 ], [ -76.913911, 40.271938 ], [ -76.913752, 40.271129 ], [ -76.908525, 40.265181 ], [ -76.904577, 40.260572 ], [ -76.898852, 40.25556 ], [ -76.892413, 40.251358 ], [ -76.89233, 40.251085 ], [ -76.890684, 40.250112 ], [ -76.890052, 40.249489 ], [ -76.88886, 40.249019 ], [ -76.884765, 40.247201 ], [ -76.882016, 40.245779 ], [ -76.880634, 40.244956 ], [ -76.878871, 40.244 ], [ -76.878707, 40.243889 ], [ -76.873936, 40.238438 ], [ -76.873477, 40.237993 ], [ -76.873248, 40.237681 ], [ -76.868111, 40.232952 ], [ -76.867476, 40.232231 ], [ -76.866473, 40.231157 ], [ -76.859023, 40.226328 ], [ -76.857507, 40.226143 ], [ -76.848956, 40.223824 ], [ -76.84073, 40.222048 ], [ -76.839468, 40.221615 ], [ -76.834785, 40.217962 ], [ -76.833066, 40.21608 ], [ -76.832926, 40.214592 ], [ -76.830223, 40.207753 ], [ -76.828859, 40.20502 ], [ -76.824696, 40.202319 ], [ -76.821638, 40.201343 ], [ -76.817464, 40.200881 ], [ -76.815406, 40.201126 ], [ -76.810609, 40.200605 ], [ -76.808504, 40.200661 ], [ -76.806121, 40.200618 ], [ -76.800585, 40.200111 ], [ -76.795384, 40.19734 ], [ -76.792065, 40.194606 ], [ -76.790189, 40.193781 ], [ -76.787668, 40.19155 ], [ -76.785936, 40.190947 ], [ -76.780628, 40.187607 ], [ -76.775513, 40.185194 ], [ -76.774014, 40.184091 ], [ -76.767369, 40.181369 ], [ -76.763787, 40.17947 ], [ -76.762558, 40.178772 ], [ -76.756379, 40.177052 ], [ -76.752683, 40.175803 ], [ -76.752075, 40.175243 ], [ -76.749694, 40.170192 ], [ -76.748775, 40.162385 ], [ -76.748618, 40.161932 ], [ -76.748259, 40.155761 ], [ -76.745884, 40.146123 ], [ -76.745568, 40.139298 ], [ -76.744725, 40.136804 ], [ -76.744616, 40.133211 ], [ -76.743537, 40.13085 ], [ -76.740557, 40.12788 ], [ -76.732652, 40.122732 ], [ -76.729168, 40.12192 ], [ -76.726887, 40.121965 ], [ -76.72162, 40.12007 ], [ -76.715907, 40.131479 ], [ -76.714587, 40.132434 ], [ -76.713492, 40.132255 ], [ -76.70929, 40.134642 ], [ -76.706412, 40.135266 ], [ -76.706999, 40.13607 ], [ -76.710092, 40.137084 ], [ -76.705696, 40.143012 ], [ -76.7038, 40.144454 ], [ -76.699874, 40.14511 ], [ -76.699067, 40.145806 ], [ -76.698916, 40.148424 ], [ -76.696158, 40.150117 ], [ -76.695594, 40.154097 ], [ -76.697664, 40.156342 ], [ -76.692316, 40.15741 ], [ -76.690799, 40.156252 ], [ -76.691644, 40.153972 ], [ -76.689939, 40.152238 ], [ -76.689757, 40.150657 ], [ -76.690486, 40.148362 ], [ -76.68689, 40.149436 ], [ -76.683151, 40.151795 ], [ -76.680859, 40.150986 ], [ -76.680612, 40.149063 ], [ -76.677209, 40.148886 ], [ -76.676173, 40.151408 ], [ -76.676369, 40.153055 ], [ -76.674223, 40.1544 ], [ -76.670563, 40.154487 ], [ -76.6728, 40.157499 ], [ -76.666783, 40.16125 ], [ -76.666369, 40.163024 ], [ -76.664402, 40.163099 ], [ -76.662043, 40.163467 ], [ -76.660988, 40.165101 ], [ -76.654714, 40.164042 ], [ -76.653104, 40.16605 ], [ -76.644103, 40.164906 ], [ -76.643169, 40.165625 ], [ -76.640611, 40.167269 ], [ -76.63841, 40.166738 ], [ -76.636526, 40.168348 ], [ -76.636018, 40.170062 ], [ -76.633887, 40.170858 ], [ -76.633825, 40.170097 ], [ -76.632102, 40.170616 ], [ -76.627899, 40.175282 ], [ -76.627685, 40.176739 ], [ -76.626256, 40.178256 ], [ -76.625478, 40.178001 ], [ -76.621189, 40.179841 ], [ -76.619482, 40.179303 ], [ -76.615948, 40.180607 ], [ -76.614767, 40.182452 ], [ -76.612215, 40.183945 ], [ -76.612987, 40.185381 ], [ -76.611793, 40.186251 ], [ -76.608047, 40.188348 ], [ -76.608092, 40.189403 ], [ -76.606519, 40.18999 ], [ -76.603232, 40.189545 ], [ -76.602929, 40.188771 ], [ -76.599865, 40.188264 ], [ -76.596189, 40.188827 ], [ -76.5955, 40.189401 ], [ -76.592712, 40.18938 ], [ -76.589485, 40.190349 ], [ -76.58789, 40.190559 ], [ -76.586412, 40.189484 ], [ -76.583851, 40.190988 ], [ -76.582682, 40.190952 ], [ -76.581982, 40.193467 ], [ -76.580708, 40.194687 ], [ -76.579051, 40.194856 ], [ -76.575376, 40.194175 ], [ -76.572506, 40.194922 ], [ -76.571195, 40.194401 ], [ -76.567018, 40.195554 ], [ -76.566339, 40.196644 ], [ -76.569417, 40.195549 ], [ -76.581355, 40.226349 ], [ -76.588471, 40.245383 ], [ -76.592173, 40.25428 ], [ -76.595832, 40.26387 ], [ -76.5981, 40.269737 ], [ -76.600933, 40.277208 ], [ -76.604396, 40.286364 ], [ -76.604789, 40.287429 ], [ -76.607672, 40.295317 ], [ -76.607807, 40.295704 ], [ -76.610036, 40.300968 ], [ -76.611365, 40.304361 ], [ -76.612647, 40.30818 ], [ -76.624669, 40.337409 ], [ -76.625538, 40.339273 ], [ -76.636269, 40.366439 ], [ -76.644347, 40.387274 ], [ -76.656883, 40.419572 ], [ -76.667771, 40.447888 ], [ -76.668088, 40.448714 ], [ -76.67804, 40.474717 ], [ -76.535414, 40.555157 ], [ -76.54514, 40.561118 ], [ -76.562649, 40.571883 ], [ -76.56948, 40.576092 ], [ -76.577073, 40.580677 ], [ -76.609607, 40.600932 ], [ -76.622898, 40.609324 ], [ -76.639697, 40.619836 ], [ -76.689876, 40.651003 ], [ -76.690247, 40.651244 ], [ -76.701624, 40.658082 ], [ -76.702361, 40.65574 ], [ -76.703924, 40.65537 ], [ -76.713574, 40.659595 ], [ -76.718273, 40.658389 ], [ -76.719988, 40.656736 ], [ -76.72104, 40.654112 ], [ -76.72203, 40.653401 ], [ -76.724788, 40.653061 ], [ -76.730473, 40.653793 ], [ -76.73276, 40.654733 ], [ -76.737973, 40.654897 ], [ -76.742224, 40.654388 ], [ -76.745894, 40.654464 ], [ -76.749698, 40.65315 ], [ -76.751659, 40.651899 ], [ -76.751901, 40.650826 ], [ -76.754671, 40.648767 ], [ -76.756232, 40.648088 ], [ -76.761511, 40.64788 ], [ -76.762436, 40.647511 ], [ -76.767631, 40.646837 ], [ -76.770203, 40.646874 ], [ -76.776127, 40.645553 ], [ -76.778281, 40.645986 ], [ -76.784081, 40.643117 ], [ -76.785853, 40.641732 ], [ -76.790388, 40.640784 ], [ -76.793851, 40.640514 ], [ -76.794708, 40.640836 ], [ -76.794558, 40.641727 ], [ -76.798185, 40.644752 ], [ -76.800854, 40.645332 ], [ -76.803382, 40.647223 ], [ -76.805656, 40.646384 ], [ -76.809065, 40.64342 ], [ -76.810044, 40.640102 ], [ -76.810238, 40.638948 ], [ -76.810149, 40.634914 ], [ -76.81114, 40.633817 ], [ -76.813202, 40.633309 ], [ -76.822471, 40.633523 ], [ -76.825119, 40.634502 ], [ -76.827405, 40.633946 ], [ -76.83183, 40.629811 ], [ -76.833162, 40.627602 ], [ -76.836074, 40.626272 ], [ -76.840104, 40.625439 ], [ -76.848056, 40.625899 ], [ -76.855735, 40.625867 ], [ -76.861359, 40.626673 ], [ -76.864254, 40.627585 ], [ -76.86663, 40.626514 ], [ -76.869483, 40.623481 ], [ -76.869528, 40.618383 ], [ -76.869891, 40.617636 ], [ -76.872717, 40.616313 ], [ -76.875717, 40.616416 ], [ -76.881262, 40.617041 ], [ -76.883426, 40.617968 ], [ -76.886411, 40.617758 ], [ -76.890254, 40.616279 ], [ -76.891462, 40.614331 ], [ -76.889741, 40.612909 ], [ -76.890039, 40.610331 ], [ -76.892646, 40.610052 ], [ -76.898869, 40.610452 ], [ -76.903342, 40.611892 ], [ -76.908258, 40.611206 ], [ -76.913229, 40.611096 ], [ -76.916558, 40.61018 ], [ -76.919859, 40.610133 ], [ -76.921017, 40.609608 ], [ -76.920784, 40.608268 ], [ -76.91778, 40.604846 ], [ -76.918672, 40.603466 ], [ -76.920427, 40.604031 ], [ -76.921849, 40.605742 ], [ -76.925496, 40.608891 ], [ -76.933584, 40.612081 ], [ -76.936053, 40.612733 ], [ -76.936962, 40.612841 ], [ -76.949148, 40.628167 ], [ -76.950836, 40.627044 ], [ -76.951708, 40.623115 ], [ -76.952942, 40.619754 ], [ -76.953551, 40.61477 ], [ -76.953128, 40.611638 ], [ -76.953105, 40.604504 ], [ -76.953852, 40.601441 ], [ -76.957444, 40.594677 ], [ -76.958755, 40.592855 ], [ -76.961698, 40.590028 ], [ -76.965328, 40.587015 ], [ -76.972276, 40.583679 ], [ -76.976678, 40.581665 ], [ -76.983673, 40.578259 ], [ -76.988161, 40.574585 ], [ -76.990024, 40.572378 ], [ -76.992396, 40.567877 ], [ -76.99299, 40.564027 ], [ -76.991939, 40.561475 ], [ -76.991315, 40.560497 ], [ -76.991315, 40.560706 ], [ -76.988864, 40.557985 ], [ -76.9868, 40.554808 ], [ -76.987202, 40.553419 ], [ -76.98424, 40.547384 ], [ -76.981989, 40.543415 ], [ -76.980546, 40.538332 ], [ -76.980797, 40.535006 ], [ -76.98153, 40.531923 ], [ -76.982929, 40.529695 ], [ -76.985121, 40.527319 ], [ -76.985663, 40.524997 ], [ -76.985104, 40.516349 ], [ -76.984389, 40.514565 ], [ -76.982298, 40.51304 ], [ -76.978351, 40.507149 ], [ -76.975229, 40.504187 ], [ -76.973945, 40.50233 ], [ -76.971632, 40.500849 ], [ -76.96909, 40.497562 ], [ -76.966284, 40.495762 ], [ -76.964143, 40.494987 ], [ -76.961857, 40.493868 ], [ -76.953046, 40.490572 ], [ -76.949466, 40.484527 ], [ -76.948876, 40.480324 ], [ -76.94876, 40.473391 ], [ -76.949589, 40.468625 ], [ -76.952809, 40.462467 ], [ -76.956617, 40.458674 ], [ -76.961143, 40.45579 ], [ -76.967785, 40.453017 ], [ -76.968945, 40.452835 ], [ -76.969496, 40.452732 ], [ -76.970152, 40.45251 ], [ -76.970986, 40.452106 ], [ -76.971244, 40.451969 ], [ -76.980452, 40.447136 ], [ -76.982133, 40.446024 ], [ -76.986813, 40.441838 ], [ -76.98943, 40.438163 ], [ -76.992101, 40.436722 ], [ -76.994582, 40.43581 ], [ -76.997915, 40.43367 ], [ -77.003235, 40.4268 ], [ -77.01627, 40.425173 ], [ -77.016977, 40.420674 ], [ -77.015847, 40.41565 ], [ -77.012939, 40.411256 ], [ -77.011734, 40.407412 ], [ -77.011887, 40.405379 ], [ -77.013125, 40.402349 ], [ -77.015536, 40.400861 ], [ -77.016013, 40.39992 ], [ -77.021702, 40.397783 ], [ -77.025832, 40.39459 ], [ -77.028222, 40.391986 ], [ -77.029341, 40.388681 ], [ -77.029199, 40.38688 ] ] ] ] } },
{ "type": "Feature", "properties": { "STATEFP": "42", "COUNTYFP": "097", "COUNTYNS": "01209186", "GEOIDFQ": "0500000US42097", "GEOID": "42097", "NAME": "Northumberland", "NAMELSAD": "Northumberland County", "STUSPS": "PA", "STATE_NAME": "Pennsylvania", "LSAD": "06", "ALAND": 1185380645.0, "AWATER": 50638539.0, "STATE_NAME_HYPHEN": "Pennsylvania" }, "geometry": { "type": "MultiPolygon", "coordinates": [ [ [ [ -76.949148, 40.628167 ], [ -76.936962, 40.612841 ], [ -76.936053, 40.612733 ], [ -76.933584, 40.612081 ], [ -76.925496, 40.608891 ], [ -76.921849, 40.605742 ], [ -76.920427, 40.604031 ], [ -76.918672, 40.603466 ], [ -76.91778, 40.604846 ], [ -76.920784, 40.608268 ], [ -76.921017, 40.609608 ], [ -76.919859, 40.610133 ], [ -76.916558, 40.61018 ], [ -76.913229, 40.611096 ], [ -76.908258, 40.611206 ], [ -76.903342, 40.611892 ], [ -76.898869, 40.610452 ], [ -76.892646, 40.610052 ], [ -76.890039, 40.610331 ], [ -76.889741, 40.612909 ], [ -76.891462, 40.614331 ], [ -76.890254, 40.616279 ], [ -76.886411, 40.617758 ], [ -76.883426, 40.617968 ], [ -76.881262, 40.617041 ], [ -76.875717, 40.616416 ], [ -76.872717, 40.616313 ], [ -76.869891, 40.617636 ], [ -76.869528, 40.618383 ], [ -76.869483, 40.623481 ], [ -76.86663, 40.626514 ], [ -76.864254, 40.627585 ], [ -76.861359, 40.626673 ], [ -76.855735, 40.625867 ], [ -76.848056, 40.625899 ], [ -76.840104, 40.625439 ], [ -76.836074, 40.626272 ], [ -76.833162, 40.627602 ], [ -76.83183, 40.629811 ], [ -76.827405, 40.633946 ], [ -76.825119, 40.634502 ], [ -76.822471, 40.633523 ], [ -76.813202, 40.633309 ], [ -76.81114, 40.633817 ], [ -76.810149, 40.634914 ], [ -76.810238, 40.638948 ], [ -76.810044, 40.640102 ], [ -76.809065, 40.64342 ], [ -76.805656, 40.646384 ], [ -76.803382, 40.647223 ], [ -76.800854, 40.645332 ], [ -76.798185, 40.644752 ], [ -76.794558, 40.641727 ], [ -76.794708, 40.640836 ], [ -76.793851, 40.640514 ], [ -76.790388, 40.640784 ], [ -76.785853, 40.641732 ], [ -76.784081, 40.643117 ], [ -76.778281, 40.645986 ], [ -76.776127, 40.645553 ], [ -76.770203, 40.646874 ], [ -76.767631, 40.646837 ], [ -76.762436, 40.647511 ], [ -76.761511, 40.64788 ], [ -76.756232, 40.648088 ], [ -76.754671, 40.648767 ], [ -76.751901, 40.650826 ], [ -76.751659, 40.651899 ], [ -76.749698, 40.65315 ], [ -76.745894, 40.654464 ], [ -76.742224, 40.654388 ], [ -76.737973, 40.654897 ], [ -76.73276, 40.654733 ], [ -76.730473, 40.653793 ], [ -76.724788, 40.653061 ], [ -76.72203, 40.653401 ], [ -76.72104, 40.654112 ], [ -76.719988, 40.656736 ], [ -76.718273, 40.658389 ], [ -76.713574, 40.659595 ], [ -76.703924, 40.65537 ], [ -76.702361, 40.65574 ], [ -76.701624, 40.658082 ], [ -76.700546, 40.663114 ], [ -76.696858, 40.66367 ], [ -76.694744, 40.662865 ], [ -76.692506, 40.663807 ], [ -76.682905, 40.666974 ], [ -76.682407, 40.667227 ], [ -76.600068, 40.697064 ], [ -76.572395, 40.705392 ], [ -76.57079, 40.705969 ], [ -76.566087, 40.707664 ], [ -76.565402, 40.707848 ], [ -76.50495, 40.730247 ], [ -76.469523, 40.743188 ], [ -76.432321, 40.756848 ], [ -76.410147, 40.764874 ], [ -76.380334, 40.775445 ], [ -76.392689, 40.797482 ], [ -76.394049, 40.801247 ], [ -76.398371, 40.808897 ], [ -76.40099, 40.813808 ], [ -76.411487, 40.83349 ], [ -76.412975, 40.833264 ], [ -76.423347, 40.833399 ], [ -76.428026, 40.83236 ], [ -76.429929, 40.832218 ], [ -76.434811, 40.832546 ], [ -76.436395, 40.831956 ], [ -76.437511, 40.832487 ], [ -76.440871, 40.831381 ], [ -76.443534, 40.831395 ], [ -76.445807, 40.830808 ], [ -76.448858, 40.831067 ], [ -76.450811, 40.830378 ], [ -76.452311, 40.830824 ], [ -76.454044, 40.830078 ], [ -76.454551, 40.83075 ], [ -76.45788, 40.830161 ], [ -76.461482, 40.828821 ], [ -76.467629, 40.827888 ], [ -76.468878, 40.828015 ], [ -76.470653, 40.828688 ], [ -76.473372, 40.827189 ], [ -76.475228, 40.827199 ], [ -76.480994, 40.826923 ], [ -76.485071, 40.82605 ], [ -76.487236, 40.826324 ], [ -76.493225, 40.824683 ], [ -76.498456, 40.823897 ], [ -76.499691, 40.824468 ], [ -76.501598, 40.824765 ], [ -76.502061, 40.827777 ], [ -76.502568, 40.8317 ], [ -76.505011, 40.835303 ], [ -76.505337, 40.838321 ], [ -76.506665, 40.839356 ], [ -76.508054, 40.842131 ], [ -76.507433, 40.844379 ], [ -76.508093, 40.846637 ], [ -76.507499, 40.84742 ], [ -76.50526, 40.84886 ], [ -76.499279, 40.850294 ], [ -76.499211, 40.852526 ], [ -76.498006, 40.854075 ], [ -76.499992, 40.856081 ], [ -76.500808, 40.85995 ], [ -76.502481, 40.861769 ], [ -76.504137, 40.862543 ], [ -76.506814, 40.86295 ], [ -76.507752, 40.864049 ], [ -76.508095, 40.868227 ], [ -76.509739, 40.870502 ], [ -76.50933, 40.873977 ], [ -76.506364, 40.876833 ], [ -76.503908, 40.87832 ], [ -76.504151, 40.880897 ], [ -76.504377, 40.881226 ], [ -76.506625, 40.882859 ], [ -76.528024, 40.882613 ], [ -76.533446, 40.882529 ], [ -76.550514, 40.882584 ], [ -76.550935, 40.882784 ], [ -76.552889, 40.884061 ], [ -76.554878, 40.886538 ], [ -76.555107, 40.887507 ], [ -76.557323, 40.888824 ], [ -76.558917, 40.893381 ], [ -76.560143, 40.895248 ], [ -76.560294, 40.898861 ], [ -76.561613, 40.899847 ], [ -76.564795, 40.904233 ], [ -76.566176, 40.90748 ], [ -76.565685, 40.909122 ], [ -76.566583, 40.911783 ], [ -76.567506, 40.912787 ], [ -76.568111, 40.915454 ], [ -76.567086, 40.916961 ], [ -76.567423, 40.917898 ], [ -76.565572, 40.921146 ], [ -76.56167, 40.924778 ], [ -76.56008, 40.928967 ], [ -76.55857, 40.930496 ], [ -76.558877, 40.933082 ], [ -76.557594, 40.935757 ], [ -76.556977, 40.938609 ], [ -76.558735, 40.939028 ], [ -76.563404, 40.939588 ], [ -76.572515, 40.939308 ], [ -76.577228, 40.939495 ], [ -76.580435, 40.939932 ], [ -76.58552, 40.939892 ], [ -76.592687, 40.94045 ], [ -76.601436, 40.942186 ], [ -76.603538, 40.943267 ], [ -76.610324, 40.948593 ], [ -76.613375, 40.951445 ], [ -76.615114, 40.953039 ], [ -76.62175, 40.957988 ], [ -76.626414, 40.961119 ], [ -76.632036, 40.963682 ], [ -76.635059, 40.964378 ], [ -76.641036, 40.964836 ], [ -76.645329, 40.964424 ], [ -76.649075, 40.963284 ], [ -76.652451, 40.961643 ], [ -76.661348, 40.967996 ], [ -76.666669, 40.967139 ], [ -76.674862, 40.965502 ], [ -76.676795, 40.965457 ], [ -76.678686, 40.965588 ], [ -76.682119, 40.964962 ], [ -76.687145, 40.962753 ], [ -76.694254, 40.961978 ], [ -76.697985, 40.961385 ], [ -76.702515, 40.960157 ], [ -76.714016, 40.958266 ], [ -76.718877, 40.957143 ], [ -76.725311, 40.956336 ], [ -76.734826, 40.954448 ], [ -76.737827, 40.954289 ], [ -76.743018, 40.954484 ], [ -76.75081, 40.952885 ], [ -76.767376, 40.949784 ], [ -76.775701, 40.949471 ], [ -76.785195, 40.947623 ], [ -76.792878, 40.946583 ], [ -76.792923, 40.948186 ], [ -76.793741, 40.948989 ], [ -76.793245, 40.95014 ], [ -76.789259, 40.952062 ], [ -76.791334, 40.954013 ], [ -76.791506, 40.955549 ], [ -76.7905, 40.956708 ], [ -76.788636, 40.957213 ], [ -76.785447, 40.958907 ], [ -76.786816, 40.960679 ], [ -76.786543, 40.965163 ], [ -76.784907, 40.966926 ], [ -76.774259, 41.000098 ], [ -76.773712, 41.002552 ], [ -76.774504, 41.00558 ], [ -76.775786, 41.008118 ], [ -76.774692, 41.01231 ], [ -76.773264, 41.013063 ], [ -76.773768, 41.014356 ], [ -76.772343, 41.016295 ], [ -76.770597, 41.018727 ], [ -76.761963, 41.025932 ], [ -76.764505, 41.029611 ], [ -76.759677, 41.038706 ], [ -76.757912, 41.044294 ], [ -76.757731, 41.047435 ], [ -76.756503, 41.050503 ], [ -76.753332, 41.054995 ], [ -76.748772, 41.06198 ], [ -76.746578, 41.06539 ], [ -76.739248, 41.081483 ], [ -76.737696, 41.08658 ], [ -76.735058, 41.091058 ], [ -76.734196, 41.103801 ], [ -76.735342, 41.110098 ], [ -76.734946, 41.118756 ], [ -76.734085, 41.124267 ], [ -76.733514, 41.127687 ], [ -76.735812, 41.12995 ], [ -76.733859, 41.131948 ], [ -76.734732, 41.13691 ], [ -76.735804, 41.137833 ], [ -76.735554, 41.14044 ], [ -76.73423, 41.141932 ], [ -76.734428, 41.143215 ], [ -76.733309, 41.147248 ], [ -76.733476, 41.148164 ], [ -76.732159, 41.150945 ], [ -76.731689, 41.153239 ], [ -76.730877, 41.15361 ], [ -76.731416, 41.155885 ], [ -76.731275, 41.16308 ], [ -76.731552, 41.16585 ], [ -76.732664, 41.167575 ], [ -76.732672, 41.17204 ], [ -76.76212, 41.173883 ], [ -76.790807, 41.175732 ], [ -76.825963, 41.166671 ], [ -76.828168, 41.16578 ], [ -76.834376, 41.165554 ], [ -76.834364, 41.165315 ], [ -76.856916, 41.163641 ], [ -76.870261, 41.160055 ], [ -76.875117, 41.159312 ], [ -76.880963, 41.158044 ], [ -76.884245, 41.157099 ], [ -76.885228, 41.155973 ], [ -76.889338, 41.151988 ], [ -76.889669, 41.150791 ], [ -76.891584, 41.147869 ], [ -76.896114, 41.13907 ], [ -76.897522, 41.135962 ], [ -76.897846, 41.134205 ], [ -76.897313, 41.129876 ], [ -76.89577, 41.124196 ], [ -76.895882, 41.119978 ], [ -76.894884, 41.116229 ], [ -76.893645, 41.113804 ], [ -76.892204, 41.110243 ], [ -76.891204, 41.104689 ], [ -76.889657, 41.100935 ], [ -76.889014, 41.100352 ], [ -76.884383, 41.093753 ], [ -76.880456, 41.090616 ], [ -76.879578, 41.089857 ], [ -76.872268, 41.082286 ], [ -76.870305, 41.081626 ], [ -76.865607, 41.080322 ], [ -76.8645, 41.079872 ], [ -76.860045, 41.075729 ], [ -76.858758, 41.073706 ], [ -76.857878, 41.072056 ], [ -76.857879, 41.068893 ], [ -76.857, 41.066601 ], [ -76.857741, 41.062859 ], [ -76.857555, 41.05563 ], [ -76.857564, 41.055366 ], [ -76.856406, 41.051621 ], [ -76.856424, 41.047412 ], [ -76.858096, 41.043487 ], [ -76.861293, 41.03806 ], [ -76.861503, 41.033952 ], [ -76.861471, 41.033566 ], [ -76.861433, 41.033387 ], [ -76.861249, 41.028489 ], [ -76.864544, 41.019795 ], [ -76.865103, 41.018582 ], [ -76.866122, 41.013234 ], [ -76.867389, 41.007939 ], [ -76.867584, 40.998468 ], [ -76.868576, 40.994918 ], [ -76.870113, 40.991934 ], [ -76.875897, 40.984069 ], [ -76.88024, 40.975354 ], [ -76.881829, 40.973194 ], [ -76.882359, 40.97138 ], [ -76.882174, 40.968678 ], [ -76.881375, 40.967728 ], [ -76.880679, 40.96657 ], [ -76.877144, 40.959489 ], [ -76.877473, 40.957073 ], [ -76.877594, 40.956078 ], [ -76.8773, 40.954579 ], [ -76.876221, 40.951089 ], [ -76.875415, 40.949523 ], [ -76.872025, 40.944017 ], [ -76.8685, 40.940171 ], [ -76.867516, 40.937852 ], [ -76.864025, 40.931942 ], [ -76.863428, 40.930318 ], [ -76.859925, 40.923978 ], [ -76.858075, 40.921545 ], [ -76.85602, 40.919118 ], [ -76.854106, 40.915426 ], [ -76.851731, 40.913276 ], [ -76.851469, 40.912846 ], [ -76.850632, 40.912318 ], [ -76.832437, 40.897656 ], [ -76.824587, 40.890718 ], [ -76.822679, 40.889699 ], [ -76.806497, 40.886003 ], [ -76.803513, 40.884633 ], [ -76.800242, 40.881994 ], [ -76.798718, 40.878325 ], [ -76.800436, 40.873175 ], [ -76.804475, 40.866201 ], [ -76.806492, 40.86219 ], [ -76.808504, 40.857273 ], [ -76.810251, 40.854565 ], [ -76.811208, 40.851782 ], [ -76.811489, 40.851391 ], [ -76.812091, 40.849999 ], [ -76.811925, 40.849882 ], [ -76.813022, 40.847058 ], [ -76.818026, 40.843293 ], [ -76.824039, 40.836804 ], [ -76.825648, 40.835503 ], [ -76.829685, 40.831029 ], [ -76.831891, 40.829268 ], [ -76.836338, 40.825761 ], [ -76.840626, 40.821324 ], [ -76.843008, 40.818172 ], [ -76.847105, 40.812565 ], [ -76.848738, 40.810632 ], [ -76.849329, 40.809666 ], [ -76.848912, 40.805989 ], [ -76.851459, 40.801959 ], [ -76.854461, 40.795598 ], [ -76.856094, 40.791211 ], [ -76.856674, 40.788378 ], [ -76.858646, 40.781784 ], [ -76.858695, 40.778211 ], [ -76.859252, 40.777043 ], [ -76.858024, 40.768411 ], [ -76.856999, 40.765961 ], [ -76.856749, 40.761787 ], [ -76.857186, 40.762387 ], [ -76.856281, 40.754787 ], [ -76.856818, 40.751025 ], [ -76.857403, 40.750035 ], [ -76.856681, 40.747311 ], [ -76.856846, 40.743697 ], [ -76.855407, 40.735043 ], [ -76.855361, 40.728558 ], [ -76.856015, 40.724671 ], [ -76.856492, 40.72263 ], [ -76.858469, 40.717569 ], [ -76.861184, 40.711598 ], [ -76.863396, 40.70765 ], [ -76.864954, 40.706124 ], [ -76.865257, 40.704606 ], [ -76.867439, 40.702584 ], [ -76.869387, 40.698975 ], [ -76.873078, 40.694781 ], [ -76.874448, 40.692803 ], [ -76.876764, 40.691437 ], [ -76.87985, 40.687192 ], [ -76.884247, 40.684513 ], [ -76.887088, 40.682589 ], [ -76.889407, 40.681966 ], [ -76.892813, 40.67978 ], [ -76.895793, 40.678735 ], [ -76.903849, 40.674096 ], [ -76.907987, 40.670978 ], [ -76.912015, 40.667642 ], [ -76.91495, 40.664662 ], [ -76.917782, 40.660628 ], [ -76.920108, 40.65587 ], [ -76.923442, 40.650853 ], [ -76.927625, 40.645707 ], [ -76.929279, 40.644265 ], [ -76.934941, 40.640451 ], [ -76.936449, 40.640127 ], [ -76.939883, 40.638142 ], [ -76.948601, 40.628461 ], [ -76.949148, 40.628167 ] ] ] ] } },
{ "type": "Feature", "properties": { "STATEFP": "42", "COUNTYFP": "049", "COUNTYNS": "01209178", "GEOIDFQ": "0500000US42049", "GEOID": "42049", "NAME": "Erie", "NAMELSAD": "Erie County", "STUSPS": "PA", "STATE_NAME": "Pennsylvania", "LSAD": "06", "ALAND": 2069143912.0, "AWATER": 1966272916.0, "STATE_NAME_HYPHEN": "Pennsylvania" }, "geometry": { "type": "MultiPolygon", "coordinates": [ [ [ [ -80.519405, 41.976158 ], [ -80.519324, 41.9503552 ], [ -80.519304, 41.943992 ], [ -80.5193228, 41.93718 ], [ -80.519345, 41.929168 ], [ -80.5193308, 41.90721 ], [ -80.5193211, 41.8921361 ], [ -80.5193022, 41.8629824 ], [ -80.5193022, 41.862978 ], [ -80.5192936, 41.849563 ], [ -80.408175, 41.849464 ], [ -80.405892, 41.849619 ], [ -80.350756, 41.849507 ], [ -80.347553, 41.849506 ], [ -80.26698, 41.849469 ], [ -80.206545, 41.849045 ], [ -80.204366, 41.849077 ], [ -80.146496, 41.849039 ], [ -80.095683, 41.849744 ], [ -80.035233, 41.849971 ], [ -80.024721, 41.850089 ], [ -80.012902, 41.850319 ], [ -80.011094, 41.850196 ], [ -79.909977, 41.850693 ], [ -79.886897, 41.850741 ], [ -79.8583, 41.850838 ], [ -79.76203, 41.85091 ], [ -79.761307, 41.850913 ], [ -79.704388, 41.851416 ], [ -79.701412, 41.851449 ], [ -79.689981, 41.851279 ], [ -79.680353, 41.851524 ], [ -79.656481, 41.850998 ], [ -79.648295, 41.851047 ], [ -79.612071, 41.850328 ], [ -79.611973, 41.875056 ], [ -79.61132, 41.895831 ], [ -79.611171, 41.907576 ], [ -79.611139, 41.915955 ], [ -79.611098, 41.930563 ], [ -79.611042, 41.939825 ], [ -79.6108357, 41.9989893 ], [ -79.625301, 41.999068 ], [ -79.625287, 41.999003 ], [ -79.6309483, 41.9990449 ], [ -79.645029, 41.9991492 ], [ -79.670128, 41.999335 ], [ -79.7611538, 41.9990676 ], [ -79.761374, 41.999067 ], [ -79.761798, 42.019042 ], [ -79.7617777, 42.0418929 ], [ -79.7617381, 42.0862809 ], [ -79.7617381, 42.086312199999988 ], [ -79.7617091, 42.1188219 ], [ -79.761709, 42.11899 ], [ -79.762122, 42.131246 ], [ -79.761861, 42.150712 ], [ -79.7618219, 42.1553015 ], [ -79.761759, 42.162675 ], [ -79.7617593, 42.1626947 ], [ -79.761921, 42.173319 ], [ -79.7619211, 42.1734168 ], [ -79.761929, 42.179693 ], [ -79.761833, 42.183627 ], [ -79.762087, 42.2309397 ], [ -79.7621431, 42.2414019 ], [ -79.762152, 42.243054 ], [ -79.761964, 42.251354 ], [ -79.7619514, 42.2693261 ], [ -79.761951, 42.26986 ], [ -79.766608, 42.267251 ], [ -79.771834, 42.265278 ], [ -79.773823, 42.263943 ], [ -79.777678, 42.265355 ], [ -79.783309, 42.264035 ], [ -79.787887, 42.260934 ], [ -79.7922524, 42.2588691 ], [ -79.798447, 42.255939 ], [ -79.799011299999989, 42.2556541 ], [ -79.807257, 42.251492 ], [ -79.812759, 42.249325 ], [ -79.818983, 42.244591 ], [ -79.825348, 42.243393 ], [ -79.83158, 42.242656 ], [ -79.835026, 42.239751 ], [ -79.844661, 42.235486 ], [ -79.870241, 42.230245 ], [ -79.873218, 42.231984 ], [ -79.883492, 42.2263982 ], [ -79.886187, 42.224933 ], [ -79.8959915, 42.2195027 ], [ -79.90105, 42.216701 ], [ -79.904522, 42.215458 ], [ -79.9070242, 42.2154113 ], [ -79.907361, 42.215405 ], [ -79.909461, 42.213335 ], [ -79.914249, 42.211418 ], [ -79.918224, 42.210865 ], [ -79.9201158, 42.2097634 ], [ -79.923924, 42.207546 ], [ -79.9277124, 42.2071318 ], [ -79.9309723, 42.2067754 ], [ -79.931324, 42.206737 ], [ -79.94085, 42.201919 ], [ -79.9493295, 42.1976303 ], [ -79.961253, 42.1915998 ], [ -79.962369, 42.1910354 ], [ -79.973523, 42.185394 ], [ -79.977613, 42.18417 ], [ -79.980578799999989, 42.1829519 ], [ -79.985268, 42.181026 ], [ -79.985846, 42.178765 ], [ -79.989186, 42.177051 ], [ -79.9903016, 42.1765313 ], [ -79.9946033, 42.1745275 ], [ -80.012328, 42.166271 ], [ -80.015266, 42.166313 ], [ -80.0211147, 42.162785 ], [ -80.021302, 42.162672 ], [ -80.0327618, 42.1575396 ], [ -80.0414097, 42.1536666 ], [ -80.0416846, 42.1535435 ], [ -80.044948, 42.1520819 ], [ -80.0498191, 42.1499003 ], [ -80.0610571, 42.1448672 ], [ -80.06108, 42.144857 ], [ -80.0652204, 42.1450858 ], [ -80.0654721, 42.1450997 ], [ -80.0655259, 42.1451026 ], [ -80.070799, 42.145394 ], [ -80.074317, 42.146698 ], [ -80.078258, 42.151587 ], [ -80.0782841, 42.151774 ], [ -80.0783215, 42.1520418 ], [ -80.0784239, 42.152774 ], [ -80.078443, 42.152911 ], [ -80.073626, 42.154903 ], [ -80.073199, 42.155794 ], [ -80.080028, 42.163625 ], [ -80.080166, 42.166056 ], [ -80.07759, 42.166868 ], [ -80.072876, 42.167478 ], [ -80.068546, 42.168697 ], [ -80.065367, 42.170159 ], [ -80.066169, 42.171882 ], [ -80.070081, 42.171093 ], [ -80.079947, 42.171012 ], [ -80.086744, 42.172475 ], [ -80.0946288, 42.1718906 ], [ -80.095514, 42.171825 ], [ -80.104284, 42.170078 ], [ -80.1053179, 42.1696711 ], [ -80.11753, 42.164865 ], [ -80.1199854, 42.1630529 ], [ -80.1287328, 42.156597 ], [ -80.12931, 42.156171 ], [ -80.134362, 42.1506866 ], [ -80.135596, 42.149347 ], [ -80.1398529, 42.1423357 ], [ -80.143237, 42.136762 ], [ -80.148019, 42.124702 ], [ -80.1536209, 42.1155164 ], [ -80.154084, 42.114757 ], [ -80.1548631, 42.1140092 ], [ -80.1558971, 42.113016599999987 ], [ -80.156560399999989, 42.1123799 ], [ -80.158498, 42.11052 ], [ -80.1653588, 42.106188499999988 ], [ -80.165884, 42.105857 ], [ -80.1660999, 42.1057442 ], [ -80.1665585, 42.1055046 ], [ -80.1742126, 42.1015053 ], [ -80.1806961, 42.0981177 ], [ -80.188085, 42.094257 ], [ -80.1896212, 42.0935669 ], [ -80.198096, 42.08976 ], [ -80.201926, 42.089431 ], [ -80.206245, 42.087925 ], [ -80.208219, 42.085795 ], [ -80.2118448, 42.0842708 ], [ -80.215201, 42.08286 ], [ -80.218711, 42.081772 ], [ -80.2209919, 42.0811587 ], [ -80.22487, 42.080116 ], [ -80.2265546, 42.0794684 ], [ -80.230486, 42.077957 ], [ -80.233202, 42.077397 ], [ -80.236359, 42.077977 ], [ -80.2395567, 42.0766192 ], [ -80.240419, 42.076253 ], [ -80.245452, 42.072111 ], [ -80.247384, 42.070521 ], [ -80.257081, 42.066254 ], [ -80.2619746, 42.0635259 ], [ -80.267571, 42.060406 ], [ -80.272522, 42.058986 ], [ -80.291315, 42.052181 ], [ -80.293985, 42.049971 ], [ -80.2987408, 42.0480484 ], [ -80.318331, 42.040129 ], [ -80.330563, 42.035604 ], [ -80.335138, 42.034655 ], [ -80.339267, 42.032853 ], [ -80.3441786, 42.0314566 ], [ -80.3450978, 42.0311952 ], [ -80.351479, 42.029381 ], [ -80.3616248, 42.027975 ], [ -80.363422, 42.027726 ], [ -80.3648161, 42.0271665 ], [ -80.368592, 42.025651 ], [ -80.370315, 42.02415 ], [ -80.3715678, 42.0240827 ], [ -80.3728784, 42.0240122 ], [ -80.373999, 42.023952 ], [ -80.3859493, 42.0190042 ], [ -80.387754, 42.018257 ], [ -80.388705, 42.017485 ], [ -80.39028, 42.017396 ], [ -80.402431, 42.013114 ], [ -80.409621, 42.011392 ], [ -80.42002, 42.009648 ], [ -80.423592, 42.008096 ], [ -80.434221, 42.005366 ], [ -80.436924, 42.005609 ], [ -80.443015, 42.002716 ], [ -80.446343, 42.001767 ], [ -80.457632, 41.996932 ], [ -80.464852, 41.995011 ], [ -80.471804, 41.992516 ], [ -80.474834, 41.991964 ], [ -80.489036, 41.98737 ], [ -80.490997, 41.987503 ], [ -80.494176, 41.986885 ], [ -80.496196, 41.985582 ], [ -80.497681, 41.98556 ], [ -80.500712, 41.9845 ], [ -80.505465, 41.981805 ], [ -80.517468, 41.97741 ], [ -80.519408, 41.977164 ], [ -80.519405, 41.976158 ] ] ] ] } },
{ "type": "Feature", "properties": { "STATEFP": "42", "COUNTYFP": "125", "COUNTYNS": "01209190", "GEOIDFQ": "0500000US42125", "GEOID": "42125", "NAME": "Washington", "NAMELSAD": "Washington County", "STUSPS": "PA", "STATE_NAME": "Pennsylvania", "LSAD": "06", "ALAND": 2219644664.0, "AWATER": 9945723.0, "STATE_NAME_HYPHEN": "Pennsylvania" }, "geometry": { "type": "MultiPolygon", "coordinates": [ [ [ [ -80.519216899999989, 39.9621994 ], [ -80.518002, 39.963515 ], [ -80.514242, 39.960124 ], [ -80.509882, 39.959299 ], [ -80.508251, 39.95737 ], [ -80.504198, 39.955617 ], [ -80.500943, 39.953784 ], [ -80.500403, 39.954436 ], [ -80.501425, 39.95607 ], [ -80.499767, 39.957598 ], [ -80.496492, 39.958588 ], [ -80.493003, 39.958755 ], [ -80.489802, 39.961469 ], [ -80.487995, 39.961443 ], [ -80.486781, 39.96083 ], [ -80.486891, 39.959591 ], [ -80.490149, 39.957474 ], [ -80.490737, 39.955313 ], [ -80.490082, 39.954499 ], [ -80.486792, 39.954759 ], [ -80.482854, 39.953868 ], [ -80.480116, 39.952716 ], [ -80.475277, 39.952065 ], [ -80.471893, 39.954554 ], [ -80.466874, 39.954642 ], [ -80.466115, 39.956803 ], [ -80.470304, 39.960456 ], [ -80.4697, 39.961766 ], [ -80.4636, 39.960905 ], [ -80.460246, 39.962314 ], [ -80.458697, 39.964081 ], [ -80.461053, 39.965845 ], [ -80.461294, 39.967381 ], [ -80.456381, 39.969397 ], [ -80.453551, 39.973352 ], [ -80.452451, 39.973122 ], [ -80.450996, 39.970853 ], [ -80.451178, 39.968497 ], [ -80.449841, 39.966826 ], [ -80.448265, 39.966662 ], [ -80.446975, 39.971152 ], [ -80.444124, 39.972598 ], [ -80.443871, 39.974111 ], [ -80.445132, 39.975758 ], [ -80.443, 39.976068 ], [ -80.440649, 39.975485 ], [ -80.438519, 39.977143 ], [ -80.434787, 39.977505 ], [ -80.432107, 39.977003 ], [ -80.42976, 39.975837 ], [ -80.425914, 39.971998 ], [ -80.425003, 39.971993 ], [ -80.422894, 39.972167 ], [ -80.419952, 39.975416 ], [ -80.41749, 39.975237 ], [ -80.412921, 39.976955 ], [ -80.406713, 39.976756 ], [ -80.404108, 39.97809 ], [ -80.401687, 39.978675 ], [ -80.397993, 39.97773 ], [ -80.396475, 39.97789 ], [ -80.395758, 39.979243 ], [ -80.395405, 39.98257 ], [ -80.395778, 39.983517 ], [ -80.39336, 39.985381 ], [ -80.391202, 39.987955 ], [ -80.387396, 39.989239 ], [ -80.383302, 39.991772 ], [ -80.380821, 39.992693 ], [ -80.379505, 39.994125 ], [ -80.374634, 39.995168 ], [ -80.372275, 39.996572 ], [ -80.369073, 39.997189 ], [ -80.364001, 39.996525 ], [ -80.36084, 39.997337 ], [ -80.357478, 39.997361 ], [ -80.356317, 39.996836 ], [ -80.354324, 39.997294 ], [ -80.351766, 40.000147 ], [ -80.348141, 40.001036 ], [ -80.343444, 40.000607 ], [ -80.342332, 40.001725 ], [ -80.333041, 40.00364 ], [ -80.329808, 40.005457 ], [ -80.328356, 40.004704 ], [ -80.323426, 40.005099 ], [ -80.321055, 40.00562 ], [ -80.317484, 40.003304 ], [ -80.315229, 40.003744 ], [ -80.312568, 40.003293 ], [ -80.311186, 40.004785 ], [ -80.309114, 40.00585 ], [ -80.308831, 40.007036 ], [ -80.309899, 40.009084 ], [ -80.309, 40.012183 ], [ -80.310654, 40.013089 ], [ -80.310213, 40.017654 ], [ -80.306245, 40.018126 ], [ -80.304813, 40.019566 ], [ -80.301396, 40.020559 ], [ -80.298624, 40.020254 ], [ -80.29441, 40.018547 ], [ -80.292077, 40.02059 ], [ -80.287421, 40.019206 ], [ -80.28562, 40.016002 ], [ -80.285651, 40.013698 ], [ -80.28465, 40.012413 ], [ -80.281139, 40.013447 ], [ -80.278988, 40.012724 ], [ -80.273255, 40.01328 ], [ -80.271966, 40.007729 ], [ -80.274964, 40.006558 ], [ -80.276075, 40.005519 ], [ -80.275033, 40.003553 ], [ -80.273107, 40.002418 ], [ -80.271974, 40.003111 ], [ -80.269261, 40.002849 ], [ -80.266592, 40.00169 ], [ -80.263703, 40.0019 ], [ -80.262601, 40.003192 ], [ -80.258805, 40.004125 ], [ -80.256647, 40.003086 ], [ -80.252936, 40.005184 ], [ -80.251755, 40.007783 ], [ -80.2443, 40.007045 ], [ -80.2421, 40.009167 ], [ -80.240138, 40.009476 ], [ -80.236762, 40.008597 ], [ -80.23389, 40.008524 ], [ -80.232196, 40.007849 ], [ -80.22847, 40.007359 ], [ -80.226427, 40.007756 ], [ -80.22564, 40.007526 ], [ -80.22281, 40.004662 ], [ -80.214792, 40.002804 ], [ -80.212657, 40.002907 ], [ -80.208209, 40.005112 ], [ -80.204809, 40.003451 ], [ -80.19944, 40.003196 ], [ -80.197132, 40.004802 ], [ -80.19389, 40.004913 ], [ -80.192213, 40.003783 ], [ -80.191233, 40.001931 ], [ -80.190264, 40.001837 ], [ -80.187751, 40.003302 ], [ -80.186485, 40.00266 ], [ -80.182414, 40.003231 ], [ -80.181263, 40.006592 ], [ -80.176871, 40.008081 ], [ -80.175319, 40.007979 ], [ -80.172055, 40.005536 ], [ -80.169822, 40.006226 ], [ -80.164764, 40.004285 ], [ -80.160456, 40.003339 ], [ -80.157339, 39.999581 ], [ -80.155057, 39.99881 ], [ -80.155271, 39.996542 ], [ -80.152091, 39.996203 ], [ -80.150983, 39.994413 ], [ -80.146539, 39.994434 ], [ -80.143355, 39.993409 ], [ -80.14169, 39.993559 ], [ -80.136409, 39.992587 ], [ -80.133977, 39.990318 ], [ -80.132423, 39.990199 ], [ -80.12951, 39.988406 ], [ -80.126557, 39.98892 ], [ -80.125146, 39.989518 ], [ -80.124977, 39.989605 ], [ -80.118308, 39.991289 ], [ -80.113394, 39.989433 ], [ -80.111285, 39.988167 ], [ -80.108858, 39.989829 ], [ -80.105732, 39.990956 ], [ -80.102927, 39.990444 ], [ -80.100604, 39.990828 ], [ -80.098057, 39.991936 ], [ -80.095906, 39.99156 ], [ -80.092114, 39.992009 ], [ -80.087682, 39.991001 ], [ -80.086402, 39.990361 ], [ -80.076999, 39.997193 ], [ -80.067992, 40.002914 ], [ -80.066267, 40.005755 ], [ -80.06388, 40.006717 ], [ -80.061729, 40.008502 ], [ -80.060314, 40.009453 ], [ -80.058814, 40.009339 ], [ -80.057639, 40.007422 ], [ -80.059281, 40.006082 ], [ -80.059697, 40.00493 ], [ -80.058385, 40.003618 ], [ -80.054801, 40.00429 ], [ -80.049632, 40.006626 ], [ -80.047168, 40.005123 ], [ -80.044176, 40.000531 ], [ -80.044448, 39.998803 ], [ -80.042416, 39.997699 ], [ -80.038927, 39.996467 ], [ -80.041025, 39.995299 ], [ -80.043857, 39.994525 ], [ -80.046032, 39.993208 ], [ -80.050666, 39.989645 ], [ -80.050696, 39.988445 ], [ -80.049109, 39.987136 ], [ -80.048673, 39.985296 ], [ -80.047856, 39.984753 ], [ -80.044959, 39.985063 ], [ -80.044909, 39.984247 ], [ -80.048074, 39.981488 ], [ -80.048935, 39.980013 ], [ -80.048292, 39.978527 ], [ -80.04573, 39.977561 ], [ -80.043842, 39.977012 ], [ -80.040274, 39.974324 ], [ -80.039778, 39.9741 ], [ -80.034727, 39.9761 ], [ -80.031937, 39.977691 ], [ -80.033386, 39.980765 ], [ -80.03381, 39.982601 ], [ -80.033028, 39.983909 ], [ -80.030316, 39.983868 ], [ -80.028255, 39.983026 ], [ -80.026357, 39.981485 ], [ -80.023387, 39.980692 ], [ -80.020633, 39.978803 ], [ -80.018017, 39.977489 ], [ -80.015292, 39.979087 ], [ -80.012119, 39.982573 ], [ -80.01029, 39.983433 ], [ -80.006927, 39.984699 ], [ -80.003197, 39.984166 ], [ -79.999296, 39.984473 ], [ -79.998766, 39.98425 ], [ -79.998014, 39.983322 ], [ -79.993374, 39.983978 ], [ -79.992318, 39.984522 ], [ -79.990894, 39.986554 ], [ -79.990782, 39.98809 ], [ -79.991422, 39.990666 ], [ -79.994302, 39.997209 ], [ -79.995726, 40.005097 ], [ -79.994974, 40.007369 ], [ -79.992638, 40.009449 ], [ -79.988232, 40.011906 ], [ -79.985167, 40.013101 ], [ -79.974622, 40.01386 ], [ -79.971407, 40.01381 ], [ -79.96935, 40.013117 ], [ -79.966457, 40.011256 ], [ -79.963198, 40.007967 ], [ -79.95902, 40.000026 ], [ -79.95686, 39.997162 ], [ -79.95462, 39.995274 ], [ -79.951004, 39.994154 ], [ -79.946732, 39.99425 ], [ -79.943419, 39.995066 ], [ -79.938331, 39.997178 ], [ -79.934523, 39.999626 ], [ -79.933368, 40.002311 ], [ -79.929786, 40.011745 ], [ -79.924844, 40.016124 ], [ -79.918602, 40.019037 ], [ -79.91432, 40.021037 ], [ -79.910034, 40.022009 ], [ -79.904323, 40.022533 ], [ -79.895469, 40.022056 ], [ -79.894686, 40.022113 ], [ -79.889954, 40.022462 ], [ -79.885246, 40.024635 ], [ -79.879992, 40.028282 ], [ -79.877166, 40.031708 ], [ -79.876216, 40.033754 ], [ -79.877048, 40.036826 ], [ -79.87868, 40.038218 ], [ -79.880726, 40.039208 ], [ -79.884889, 40.041241 ], [ -79.888057, 40.043241 ], [ -79.890457, 40.045353 ], [ -79.891913, 40.048201 ], [ -79.890921, 40.050665 ], [ -79.889465, 40.052009 ], [ -79.884665, 40.055097 ], [ -79.881097, 40.057801 ], [ -79.879081, 40.060841 ], [ -79.878937, 40.063033 ], [ -79.879773, 40.065054 ], [ -79.881193, 40.066521 ], [ -79.88422, 40.068168 ], [ -79.885113, 40.068553 ], [ -79.891893, 40.069993 ], [ -79.894761, 40.070265 ], [ -79.898489, 40.071273 ], [ -79.90153, 40.073593 ], [ -79.901962, 40.074617 ], [ -79.901434, 40.076729 ], [ -79.898153, 40.079161 ], [ -79.893033, 40.080345 ], [ -79.884649, 40.079705 ], [ -79.878949, 40.078424 ], [ -79.87156, 40.075449 ], [ -79.870856, 40.075305 ], [ -79.870248, 40.075177 ], [ -79.866296, 40.075097 ], [ -79.86367, 40.075423 ], [ -79.856375, 40.077374 ], [ -79.852746, 40.07843 ], [ -79.847815, 40.080185 ], [ -79.84243, 40.084011 ], [ -79.842283, 40.084193 ], [ -79.839863, 40.087865 ], [ -79.838999, 40.090601 ], [ -79.839271, 40.092473 ], [ -79.840675, 40.094905 ], [ -79.844874, 40.103029 ], [ -79.849128, 40.112616 ], [ -79.850088, 40.11396 ], [ -79.852536, 40.116104 ], [ -79.854928, 40.117153 ], [ -79.860056, 40.11884 ], [ -79.862049, 40.119902 ], [ -79.864919, 40.121253 ], [ -79.874009, 40.12572 ], [ -79.877864, 40.126959 ], [ -79.884569, 40.129096 ], [ -79.886073, 40.129832 ], [ -79.887705, 40.131128 ], [ -79.888601, 40.132392 ], [ -79.891193, 40.138184 ], [ -79.892089, 40.139528 ], [ -79.893241, 40.140776 ], [ -79.897306, 40.144008 ], [ -79.902074, 40.148647 ], [ -79.902986, 40.149895 ], [ -79.90417, 40.151967 ], [ -79.90489, 40.154231 ], [ -79.904874, 40.154807 ], [ -79.904778, 40.157255 ], [ -79.904426, 40.158215 ], [ -79.903146, 40.160183 ], [ -79.900346, 40.162503 ], [ -79.897226, 40.163991 ], [ -79.893306, 40.164983 ], [ -79.887337, 40.164983 ], [ -79.876025, 40.163159 ], [ -79.870668, 40.162127 ], [ -79.868025, 40.161879 ], [ -79.864153, 40.161815 ], [ -79.863033, 40.161975 ], [ -79.859464, 40.163143 ], [ -79.856008, 40.165799 ], [ -79.852867, 40.169438 ], [ -79.851085, 40.172878 ], [ -79.850444, 40.177791 ], [ -79.850836, 40.180608 ], [ -79.853271, 40.189223 ], [ -79.855352, 40.191991 ], [ -79.857705, 40.193175 ], [ -79.862425, 40.195767 ], [ -79.865817, 40.197031 ], [ -79.867673, 40.197287 ], [ -79.871425, 40.197391 ], [ -79.877877, 40.197034 ], [ -79.881115, 40.196647 ], [ -79.888739, 40.194733 ], [ -79.894771, 40.194285 ], [ -79.900334, 40.194841 ], [ -79.910783, 40.196977 ], [ -79.916416, 40.198973 ], [ -79.918712, 40.200279 ], [ -79.924598, 40.204954 ], [ -79.929289, 40.207081 ], [ -79.93879, 40.20946 ], [ -79.944331, 40.210656 ], [ -79.950382, 40.211559 ], [ -79.954889, 40.212767 ], [ -79.95794, 40.214259 ], [ -79.95984, 40.215936 ], [ -79.966849, 40.222088 ], [ -79.969316, 40.22467 ], [ -79.970916, 40.226893 ], [ -79.971281, 40.228172 ], [ -79.971115, 40.230731 ], [ -79.970042, 40.233304 ], [ -79.966839, 40.236544 ], [ -79.962593, 40.238768 ], [ -79.956834, 40.240198 ], [ -79.950632, 40.240844 ], [ -79.943009, 40.241095 ], [ -79.93759, 40.241519 ], [ -79.930754, 40.242973 ], [ -79.925256, 40.245061 ], [ -79.917498, 40.249446 ], [ -79.914461, 40.252443 ], [ -79.918164, 40.253541 ], [ -79.922428, 40.254806 ], [ -79.94047, 40.260127 ], [ -79.944732, 40.261398 ], [ -79.969113, 40.268637 ], [ -79.973393, 40.269883 ], [ -79.974427, 40.270171 ], [ -80.002296, 40.278271 ], [ -80.002852, 40.278435 ], [ -80.004033, 40.278779 ], [ -80.017589, 40.282836 ], [ -80.024255, 40.284769 ], [ -80.026632, 40.285445 ], [ -80.027848, 40.285829 ], [ -80.033269, 40.28754 ], [ -80.033699, 40.287674 ], [ -80.047271, 40.291777 ], [ -80.069202, 40.298298 ], [ -80.072381, 40.299236 ], [ -80.07396, 40.299837 ], [ -80.077004, 40.300756 ], [ -80.094945, 40.305907 ], [ -80.109712, 40.310276 ], [ -80.116278, 40.312659 ], [ -80.123085, 40.314597 ], [ -80.143475, 40.320654 ], [ -80.145849, 40.321385 ], [ -80.161253, 40.3261 ], [ -80.171019, 40.328987 ], [ -80.183462, 40.332774 ], [ -80.184603, 40.333139 ], [ -80.200196, 40.347153 ], [ -80.222956, 40.365897 ], [ -80.227986, 40.36999 ], [ -80.234342, 40.375196 ], [ -80.234673, 40.375468 ], [ -80.258943, 40.39522 ], [ -80.296194, 40.425476 ], [ -80.360801, 40.477591 ], [ -80.361865, 40.477571 ], [ -80.393513, 40.477286 ], [ -80.396022, 40.477368 ], [ -80.437119, 40.477772 ], [ -80.448114, 40.477717 ], [ -80.5189953, 40.4773633 ], [ -80.51899, 40.473667 ], [ -80.518382, 40.4684288 ], [ -80.5178072, 40.463477 ], [ -80.51769, 40.462467 ], [ -80.5178748, 40.4234097 ], [ -80.5178749, 40.4234075 ], [ -80.5179644, 40.4044979 ], [ -80.5179873, 40.399644 ], [ -80.517988699999989, 40.399349 ], [ -80.517991, 40.398868 ], [ -80.517991, 40.377056 ], [ -80.517991, 40.368342 ], [ -80.517991, 40.367968 ], [ -80.518008, 40.3675492 ], [ -80.5187288, 40.349757 ], [ -80.519039, 40.342101 ], [ -80.5190438, 40.2942006 ], [ -80.5190451, 40.2817253 ], [ -80.5190475, 40.256973 ], [ -80.5190537, 40.195897 ], [ -80.519056, 40.172771 ], [ -80.519056, 40.172744 ], [ -80.519104, 40.159672 ], [ -80.5190298, 40.1176439 ], [ -80.5190296, 40.1174998 ], [ -80.5190048, 40.103461 ], [ -80.5190048, 40.1034551 ], [ -80.5190032, 40.1025761 ], [ -80.5189914, 40.0958759 ], [ -80.5189913, 40.0958344 ], [ -80.51896, 40.078089 ], [ -80.519008, 40.077001 ], [ -80.5190137, 40.0739291 ], [ -80.51912, 40.01641 ], [ -80.519142, 40.0030157 ], [ -80.5192027, 39.9660071 ], [ -80.519207, 39.963381 ], [ -80.519218, 39.962424 ], [ -80.519216899999989, 39.9621994 ] ] ] ] } },
{ "type": "Feature", "properties": { "STATEFP": "42", "COUNTYFP": "045", "COUNTYNS": "01209177", "GEOIDFQ": "0500000US42045", "GEOID": "42045", "NAME": "Delaware", "NAMELSAD": "Delaware County", "STUSPS": "PA", "STATE_NAME": "Pennsylvania", "LSAD": "06", "ALAND": 476068775.0, "AWATER": 17591835.0, "STATE_NAME_HYPHEN": "Pennsylvania" }, "geometry": { "type": "MultiPolygon", "coordinates": [ [ [ [ -75.601252, 39.855411 ], [ -75.598737, 39.8542 ], [ -75.594636, 39.853626 ], [ -75.591997, 39.852535 ], [ -75.591917, 39.851413 ], [ -75.594111, 39.84994 ], [ -75.594865, 39.844899 ], [ -75.596372, 39.842347 ], [ -75.597742, 39.841147 ], [ -75.597361, 39.838883 ], [ -75.5948458, 39.8372862 ], [ -75.593666, 39.837455 ], [ -75.5930817, 39.8375003 ], [ -75.591291, 39.840445 ], [ -75.58917, 39.843213 ], [ -75.58713, 39.844303 ], [ -75.586449, 39.844343 ], [ -75.583825, 39.843022 ], [ -75.582029, 39.841453 ], [ -75.5798997, 39.8385221 ], [ -75.579849, 39.838526 ], [ -75.579394, 39.8385493 ], [ -75.5771683, 39.8386634 ], [ -75.570464, 39.839007 ], [ -75.5513216, 39.8385173 ], [ -75.5408864, 39.8382504 ], [ -75.5400583, 39.8382292 ], [ -75.539734, 39.8382209 ], [ -75.539346, 39.838211 ], [ -75.532798, 39.8376158 ], [ -75.5281894, 39.8371969 ], [ -75.5188176, 39.836345 ], [ -75.518444, 39.836311 ], [ -75.4989861, 39.8333339 ], [ -75.498982, 39.8333333 ], [ -75.498843, 39.833312 ], [ -75.481242, 39.829112 ], [ -75.475487, 39.8274081 ], [ -75.4726776, 39.8265763 ], [ -75.4725475, 39.8265378 ], [ -75.463341, 39.823812 ], [ -75.4599264, 39.8225672 ], [ -75.4598175, 39.8225275 ], [ -75.4580581, 39.8218861 ], [ -75.4577341, 39.821768 ], [ -75.4549972, 39.8207703 ], [ -75.45374, 39.820312 ], [ -75.4498744, 39.8186425 ], [ -75.4373079, 39.8132154 ], [ -75.4370684, 39.813112 ], [ -75.4339085, 39.8117473 ], [ -75.428038, 39.809212 ], [ -75.423416, 39.806615 ], [ -75.415062, 39.801919 ], [ -75.403737, 39.807512 ], [ -75.3985433, 39.8105807 ], [ -75.390536, 39.815312 ], [ -75.3897645, 39.8158195 ], [ -75.371835, 39.827612 ], [ -75.3544, 39.839917 ], [ -75.3456553, 39.844183799999989 ], [ -75.341765, 39.846082 ], [ -75.3414654, 39.8461595 ], [ -75.330433, 39.849012 ], [ -75.323232, 39.849812 ], [ -75.3185418, 39.849939 ], [ -75.3165305, 39.8499934 ], [ -75.309674, 39.850179 ], [ -75.293376, 39.848782 ], [ -75.272141, 39.84909 ], [ -75.2680929, 39.8498665 ], [ -75.2567816, 39.8520362 ], [ -75.243431, 39.854597 ], [ -75.235026, 39.856613 ], [ -75.2298714, 39.8583322 ], [ -75.226241, 39.859543 ], [ -75.2229361, 39.8609002 ], [ -75.221371, 39.861543 ], [ -75.2115159, 39.8670516 ], [ -75.216039, 39.871115 ], [ -75.215787, 39.875052 ], [ -75.215722, 39.876087 ], [ -75.21977, 39.875479 ], [ -75.223763, 39.875858 ], [ -75.229985, 39.876847 ], [ -75.234122, 39.877181 ], [ -75.23637, 39.876187 ], [ -75.24047, 39.872381 ], [ -75.241746, 39.872585 ], [ -75.246824, 39.875142 ], [ -75.248431, 39.876485 ], [ -75.253515, 39.876015 ], [ -75.261245, 39.876484 ], [ -75.262528, 39.876561 ], [ -75.264433, 39.882167 ], [ -75.261937, 39.883 ], [ -75.264602, 39.884737 ], [ -75.262844, 39.885682 ], [ -75.265153, 39.887142 ], [ -75.264878, 39.887927 ], [ -75.262485, 39.888406 ], [ -75.261743, 39.891774 ], [ -75.259112, 39.892436 ], [ -75.256789, 39.895189 ], [ -75.257362, 39.895844 ], [ -75.255093, 39.898756 ], [ -75.25561, 39.899576 ], [ -75.251288, 39.904403 ], [ -75.253492, 39.905585 ], [ -75.2525, 39.906614 ], [ -75.250319, 39.907626 ], [ -75.249929, 39.909352 ], [ -75.251498, 39.910051 ], [ -75.2472, 39.913578 ], [ -75.24694, 39.916871 ], [ -75.247341, 39.918541 ], [ -75.247484, 39.919242 ], [ -75.247459, 39.921343 ], [ -75.247759, 39.921708 ], [ -75.244336, 39.92625 ], [ -75.243643, 39.930897 ], [ -75.243369, 39.931908 ], [ -75.241909, 39.933544 ], [ -75.237617, 39.932526 ], [ -75.236833, 39.933768 ], [ -75.23492, 39.936333 ], [ -75.234868, 39.937456 ], [ -75.236878, 39.938432 ], [ -75.23957, 39.938039 ], [ -75.240626, 39.939191 ], [ -75.239903, 39.940035 ], [ -75.240367, 39.942171 ], [ -75.247028, 39.943414 ], [ -75.247208, 39.943904 ], [ -75.250118, 39.94697 ], [ -75.251609, 39.951466 ], [ -75.251577, 39.952127 ], [ -75.250816, 39.953475 ], [ -75.249006, 39.956907 ], [ -75.249499, 39.957189 ], [ -75.250883, 39.959024 ], [ -75.248546, 39.960269 ], [ -75.247688, 39.962817 ], [ -75.248056, 39.964074 ], [ -75.250313, 39.965069 ], [ -75.25414, 39.965404 ], [ -75.25711, 39.963719 ], [ -75.259078, 39.965692 ], [ -75.260491, 39.966313 ], [ -75.265448, 39.965257 ], [ -75.267386, 39.966215 ], [ -75.270002, 39.967479 ], [ -75.270598, 39.96866 ], [ -75.275394, 39.969575 ], [ -75.27754, 39.971127 ], [ -75.280266, 39.974964 ], [ -75.276482, 39.976959 ], [ -75.280141, 39.982084 ], [ -75.282698, 39.98546 ], [ -75.284172, 39.987453 ], [ -75.286766, 39.989956 ], [ -75.289275, 39.992847 ], [ -75.292825, 39.996878 ], [ -75.298538, 40.003986 ], [ -75.299706, 40.005421 ], [ -75.301552, 40.007809 ], [ -75.302229, 40.008641 ], [ -75.305038, 40.01192 ], [ -75.305467, 40.012247 ], [ -75.30633, 40.012911 ], [ -75.30784, 40.01459 ], [ -75.308754, 40.015735 ], [ -75.309433, 40.017132 ], [ -75.310608, 40.018768 ], [ -75.311432, 40.01981 ], [ -75.315697, 40.018433 ], [ -75.320699, 40.016216 ], [ -75.321568, 40.017159 ], [ -75.323638, 40.01987 ], [ -75.326314, 40.023365 ], [ -75.327215, 40.024516 ], [ -75.328461, 40.025891 ], [ -75.332018, 40.030813 ], [ -75.334064, 40.033386 ], [ -75.334921, 40.034537 ], [ -75.339396, 40.040323 ], [ -75.346637, 40.0493 ], [ -75.349457, 40.052905 ], [ -75.356811, 40.063112 ], [ -75.360069, 40.066196 ], [ -75.361066, 40.065543 ], [ -75.37561, 40.058996 ], [ -75.386232, 40.054303 ], [ -75.391407, 40.052034 ], [ -75.398531, 40.048997 ], [ -75.400485, 40.048159 ], [ -75.405209, 40.046037 ], [ -75.406535, 40.04546 ], [ -75.414991, 40.041787 ], [ -75.406419, 40.030224 ], [ -75.404338, 40.027364 ], [ -75.423078, 40.014381 ], [ -75.428824, 40.010494 ], [ -75.448808, 39.996886 ], [ -75.453771, 39.993589 ], [ -75.451844, 39.993813 ], [ -75.450828, 39.993198 ], [ -75.449952, 39.993899 ], [ -75.4431, 39.993708 ], [ -75.442855, 39.992975 ], [ -75.440759, 39.991848 ], [ -75.440601, 39.992806 ], [ -75.437692, 39.993894 ], [ -75.436847, 39.992968 ], [ -75.438363, 39.991936 ], [ -75.438219, 39.990714 ], [ -75.43563, 39.98883 ], [ -75.436193, 39.986929 ], [ -75.436055, 39.984948 ], [ -75.452431, 39.977342 ], [ -75.462186, 39.972706 ], [ -75.473493, 39.96752 ], [ -75.480747, 39.96418 ], [ -75.502135, 39.954367 ], [ -75.507874, 39.951651 ], [ -75.51045, 39.950429 ], [ -75.523816, 39.944124 ], [ -75.519541, 39.938956 ], [ -75.518345, 39.936104 ], [ -75.519049, 39.934165 ], [ -75.524541, 39.931596 ], [ -75.525387, 39.93341 ], [ -75.526171, 39.934987 ], [ -75.530168, 39.933361 ], [ -75.530475, 39.932049 ], [ -75.528361, 39.929234 ], [ -75.527263, 39.927858 ], [ -75.523505, 39.923142 ], [ -75.524606, 39.922435 ], [ -75.525832, 39.921816 ], [ -75.527172, 39.92344 ], [ -75.530238, 39.922123 ], [ -75.536109, 39.929926 ], [ -75.542734, 39.927181 ], [ -75.541084, 39.925098 ], [ -75.544395, 39.923401 ], [ -75.544106, 39.920467 ], [ -75.542494, 39.918417 ], [ -75.550454, 39.914931 ], [ -75.546416, 39.909731 ], [ -75.548732, 39.908702 ], [ -75.548815, 39.908665 ], [ -75.556106, 39.90534 ], [ -75.558645, 39.90868 ], [ -75.561308, 39.907429 ], [ -75.559273, 39.904751 ], [ -75.559291, 39.902984 ], [ -75.56237, 39.901709 ], [ -75.562539, 39.901638 ], [ -75.573381, 39.896397 ], [ -75.572419, 39.89474 ], [ -75.572518, 39.893012 ], [ -75.574253, 39.892153 ], [ -75.571162, 39.888136 ], [ -75.57888, 39.884474 ], [ -75.580414, 39.883746 ], [ -75.582416, 39.885741 ], [ -75.584186, 39.884573 ], [ -75.587192, 39.884207 ], [ -75.584761, 39.880978 ], [ -75.597914, 39.874464 ], [ -75.596672, 39.872935 ], [ -75.596198, 39.871816 ], [ -75.595553, 39.87075 ], [ -75.593216, 39.869476 ], [ -75.593011, 39.867035 ], [ -75.595228, 39.866595 ], [ -75.596712, 39.864339 ], [ -75.596406, 39.862971 ], [ -75.601532, 39.856433 ], [ -75.601252, 39.855411 ] ] ] ] } },
{ "type": "Feature", "properties": { "STATEFP": "42", "COUNTYFP": "127", "COUNTYNS": "01213692", "GEOIDFQ": "0500000US42127", "GEOID": "42127", "NAME": "Wayne", "NAMELSAD": "Wayne County", "STUSPS": "PA", "STATE_NAME": "Pennsylvania", "LSAD": "06", "ALAND": 1879734049.0, "AWATER": 64785690.0, "STATE_NAME_HYPHEN": "Pennsylvania" }, "geometry": { "type": "MultiPolygon", "coordinates": [ [ [ [ -75.505607, 41.232539 ], [ -75.501334, 41.232678 ], [ -75.497379, 41.232759 ], [ -75.492158, 41.232932 ], [ -75.459438, 41.234189 ], [ -75.451648, 41.234571 ], [ -75.444917, 41.234859 ], [ -75.421721, 41.235819 ], [ -75.374627, 41.237783 ], [ -75.372235, 41.237959 ], [ -75.366893, 41.238262 ], [ -75.365813, 41.239031 ], [ -75.362756, 41.239413 ], [ -75.35995, 41.238707 ], [ -75.359184, 41.239206 ], [ -75.355638, 41.241125 ], [ -75.350496, 41.244389 ], [ -75.346759, 41.247603 ], [ -75.345828, 41.247839 ], [ -75.344034, 41.251688 ], [ -75.342456, 41.252347 ], [ -75.341637, 41.255282 ], [ -75.344147, 41.25586 ], [ -75.344396, 41.257841 ], [ -75.347978, 41.258011 ], [ -75.350138, 41.260121 ], [ -75.347291, 41.263463 ], [ -75.347718, 41.265308 ], [ -75.343912, 41.267842 ], [ -75.340029, 41.267358 ], [ -75.335501, 41.268992 ], [ -75.334603, 41.26972 ], [ -75.331724, 41.27519 ], [ -75.333094, 41.276971 ], [ -75.333644, 41.279447 ], [ -75.329842, 41.283331 ], [ -75.329756, 41.285576 ], [ -75.326236, 41.287472 ], [ -75.324607, 41.288877 ], [ -75.325589, 41.292531 ], [ -75.327812, 41.295322 ], [ -75.327609, 41.299008 ], [ -75.326422, 41.299651 ], [ -75.325214, 41.298775 ], [ -75.322281, 41.299882 ], [ -75.320146, 41.302995 ], [ -75.317267, 41.306391 ], [ -75.313966, 41.310608 ], [ -75.313563, 41.312697 ], [ -75.316267, 41.315977 ], [ -75.315708, 41.319589 ], [ -75.31205, 41.321123 ], [ -75.312483, 41.32432 ], [ -75.310582, 41.326442 ], [ -75.311348, 41.328695 ], [ -75.311143, 41.331439 ], [ -75.314316, 41.332782 ], [ -75.317552, 41.334665 ], [ -75.318568, 41.336727 ], [ -75.32151, 41.338791 ], [ -75.32245, 41.34004 ], [ -75.325022, 41.340678 ], [ -75.327041, 41.33987 ], [ -75.32938, 41.335542 ], [ -75.330882, 41.334912 ], [ -75.333638, 41.336176 ], [ -75.337142, 41.336439 ], [ -75.34246, 41.335987 ], [ -75.344294, 41.33743 ], [ -75.344474, 41.340803 ], [ -75.339189, 41.344487 ], [ -75.336627, 41.34513 ], [ -75.337294, 41.34611 ], [ -75.339045, 41.347363 ], [ -75.337762, 41.348557 ], [ -75.339088, 41.350772 ], [ -75.342082, 41.351934 ], [ -75.34174, 41.354998 ], [ -75.346414, 41.357281 ], [ -75.347358, 41.359747 ], [ -75.348793, 41.362677 ], [ -75.348173, 41.364248 ], [ -75.351312, 41.363721 ], [ -75.349691, 41.366459 ], [ -75.350648, 41.367694 ], [ -75.348392, 41.369435 ], [ -75.348517, 41.370561 ], [ -75.345727, 41.370858 ], [ -75.34437, 41.371482 ], [ -75.339664, 41.375387 ], [ -75.337758, 41.376252 ], [ -75.335493, 41.375701 ], [ -75.33067, 41.369593 ], [ -75.325746, 41.3677 ], [ -75.323657, 41.366045 ], [ -75.319752, 41.367877 ], [ -75.314292, 41.368606 ], [ -75.313121, 41.369967 ], [ -75.311536, 41.371808 ], [ -75.309067, 41.374679 ], [ -75.30606, 41.374223 ], [ -75.300066, 41.368447 ], [ -75.299334, 41.368004 ], [ -75.298342, 41.367402 ], [ -75.291711, 41.368809 ], [ -75.284762, 41.371223 ], [ -75.278293, 41.372481 ], [ -75.273232, 41.372133 ], [ -75.265712, 41.372382 ], [ -75.262093, 41.375036 ], [ -75.261904, 41.381954 ], [ -75.260628, 41.383259 ], [ -75.258051, 41.384437 ], [ -75.255926, 41.386122 ], [ -75.254222, 41.388393 ], [ -75.253083, 41.391294 ], [ -75.256709, 41.394065 ], [ -75.254905, 41.399127 ], [ -75.252249, 41.401044 ], [ -75.248047, 41.402364 ], [ -75.246809, 41.402435 ], [ -75.247203, 41.405813 ], [ -75.249015, 41.406888 ], [ -75.248433, 41.408483 ], [ -75.251796, 41.410461 ], [ -75.251521, 41.412374 ], [ -75.24629, 41.417115 ], [ -75.248383, 41.417343 ], [ -75.250243, 41.418366 ], [ -75.245918, 41.41984 ], [ -75.246267, 41.420759 ], [ -75.242346, 41.421311 ], [ -75.239518, 41.420614 ], [ -75.233965, 41.420405 ], [ -75.234675, 41.422059 ], [ -75.233673, 41.424525 ], [ -75.232156, 41.42462 ], [ -75.229876, 41.424567 ], [ -75.229092, 41.427228 ], [ -75.228214, 41.424784 ], [ -75.223429, 41.42493 ], [ -75.218315, 41.424117 ], [ -75.214911, 41.42616 ], [ -75.21514, 41.427595 ], [ -75.212116, 41.427954 ], [ -75.211338, 41.430379 ], [ -75.209743, 41.431175 ], [ -75.20686, 41.430945 ], [ -75.20318, 41.432374 ], [ -75.202104, 41.431647 ], [ -75.199628, 41.433643 ], [ -75.200082, 41.435022 ], [ -75.19942, 41.437528 ], [ -75.198382, 41.43801 ], [ -75.196344, 41.437386 ], [ -75.194502, 41.438448 ], [ -75.191938, 41.438266 ], [ -75.190377, 41.441311 ], [ -75.186236, 41.442836 ], [ -75.186734, 41.446247 ], [ -75.188562, 41.446185 ], [ -75.189284, 41.447259 ], [ -75.189312, 41.450637 ], [ -75.187624, 41.450787 ], [ -75.186917, 41.453583 ], [ -75.188485, 41.456899 ], [ -75.186521, 41.458879 ], [ -75.182433, 41.460324 ], [ -75.181829, 41.461475 ], [ -75.181398, 41.461536 ], [ -75.178761, 41.461752 ], [ -75.177033, 41.465732 ], [ -75.174009, 41.469089 ], [ -75.170053, 41.473225 ], [ -75.169756, 41.474881 ], [ -75.168763, 41.475329 ], [ -75.166853, 41.477763 ], [ -75.149337, 41.500088 ], [ -75.149077, 41.500642 ], [ -75.142645, 41.508732 ], [ -75.122048, 41.534993 ], [ -75.11292, 41.546701 ], [ -75.109827, 41.551044 ], [ -75.098134, 41.565374 ], [ -75.070591, 41.600676 ], [ -75.0697121, 41.6016901 ], [ -75.074613, 41.605711 ], [ -75.074626, 41.607905 ], [ -75.071667, 41.609501 ], [ -75.0709713, 41.6096163 ], [ -75.067795, 41.610143 ], [ -75.062716, 41.609639 ], [ -75.0618498, 41.6099755 ], [ -75.059725, 41.610801 ], [ -75.059956, 41.612306 ], [ -75.061675, 41.615468 ], [ -75.06156, 41.616429 ], [ -75.060098, 41.617482 ], [ -75.05385, 41.618655 ], [ -75.051856, 41.618157 ], [ -75.0515708, 41.6179786 ], [ -75.048385, 41.615986 ], [ -75.047298, 41.615791 ], [ -75.045508, 41.616203 ], [ -75.044224, 41.617978 ], [ -75.043562, 41.62364 ], [ -75.048199, 41.632011 ], [ -75.048658, 41.633781 ], [ -75.049281, 41.641862 ], [ -75.0489453, 41.6499761 ], [ -75.048683, 41.656317 ], [ -75.04992, 41.662556 ], [ -75.053991, 41.668194 ], [ -75.057251, 41.668933 ], [ -75.05843, 41.669653 ], [ -75.0584419, 41.6696881 ], [ -75.059332, 41.67232 ], [ -75.058765, 41.674412 ], [ -75.052653, 41.678436 ], [ -75.051285, 41.679961 ], [ -75.051234, 41.682439 ], [ -75.052736, 41.688393 ], [ -75.056745, 41.695703 ], [ -75.059829, 41.699716 ], [ -75.0667387, 41.70502 ], [ -75.067278, 41.705434 ], [ -75.06883, 41.708161 ], [ -75.068642, 41.710146 ], [ -75.06663, 41.712588 ], [ -75.061174, 41.712935 ], [ -75.052226, 41.711396 ], [ -75.050689, 41.711969 ], [ -75.049862, 41.713309 ], [ -75.049699, 41.715093 ], [ -75.053527, 41.72715 ], [ -75.0539988, 41.7300804 ], [ -75.054818, 41.735168 ], [ -75.052808, 41.744725 ], [ -75.053431, 41.752538 ], [ -75.0559908, 41.7567647 ], [ -75.060759, 41.764638 ], [ -75.064901, 41.766686 ], [ -75.068567, 41.767298 ], [ -75.072664, 41.768807 ], [ -75.0734853, 41.7697038 ], [ -75.074231, 41.770518 ], [ -75.075942, 41.771518 ], [ -75.079478, 41.771205 ], [ -75.09281, 41.768361 ], [ -75.095451, 41.768366 ], [ -75.10099, 41.769121 ], [ -75.103492, 41.771238 ], [ -75.104334, 41.772693 ], [ -75.10464, 41.774203 ], [ -75.1039993, 41.7787822 ], [ -75.103548, 41.782008 ], [ -75.102329, 41.786503 ], [ -75.101463, 41.787941 ], [ -75.092876, 41.796386 ], [ -75.088328, 41.797534 ], [ -75.081415, 41.796483 ], [ -75.07827, 41.797467 ], [ -75.076889, 41.798509 ], [ -75.074412, 41.802191 ], [ -75.073881, 41.8036429 ], [ -75.072168, 41.808327 ], [ -75.071751, 41.811901 ], [ -75.072172, 41.813732 ], [ -75.074409, 41.815088 ], [ -75.0773307, 41.8151072 ], [ -75.078063, 41.815112 ], [ -75.079818, 41.814815 ], [ -75.085789, 41.811626 ], [ -75.089484, 41.811576 ], [ -75.0907249, 41.8121268 ], [ -75.093537, 41.813375 ], [ -75.100024, 41.818347 ], [ -75.113334, 41.822782 ], [ -75.114837, 41.82567 ], [ -75.115147, 41.827285 ], [ -75.114998, 41.8303 ], [ -75.113441, 41.836298 ], [ -75.113369, 41.840698 ], [ -75.114399, 41.843583 ], [ -75.115598, 41.844638 ], [ -75.118789, 41.845819 ], [ -75.127913, 41.844903 ], [ -75.130983, 41.845145 ], [ -75.140241, 41.852078 ], [ -75.143824, 41.851737 ], [ -75.1446761, 41.8514647 ], [ -75.146446, 41.850899 ], [ -75.152898, 41.848564 ], [ -75.156512, 41.848327 ], [ -75.161541, 41.849836 ], [ -75.164168, 41.851586 ], [ -75.166217, 41.853862 ], [ -75.168733, 41.859258 ], [ -75.168053, 41.867043 ], [ -75.169142, 41.87029 ], [ -75.1691647, 41.870311 ], [ -75.170565, 41.871608 ], [ -75.174574, 41.87266 ], [ -75.176633, 41.872371 ], [ -75.179134, 41.869935 ], [ -75.180497, 41.86568 ], [ -75.182271, 41.862198 ], [ -75.183937, 41.860515 ], [ -75.185254, 41.85993 ], [ -75.186993, 41.860109 ], [ -75.188888, 41.861264 ], [ -75.190203, 41.862454 ], [ -75.191441, 41.865063 ], [ -75.194382, 41.867287 ], [ -75.197836, 41.868807 ], [ -75.204002, 41.869867 ], [ -75.209741, 41.86925 ], [ -75.2137641, 41.8678643 ], [ -75.21497, 41.867449 ], [ -75.220125, 41.860534 ], [ -75.223734, 41.857456 ], [ -75.2249681, 41.8574715 ], [ -75.22572, 41.857481 ], [ -75.231612, 41.859459 ], [ -75.234565, 41.861569 ], [ -75.238743, 41.865699 ], [ -75.241134, 41.867118 ], [ -75.243345, 41.866875 ], [ -75.248045, 41.8633 ], [ -75.251197, 41.86204 ], [ -75.257825, 41.862154 ], [ -75.260527, 41.8638 ], [ -75.262802, 41.866213 ], [ -75.263673, 41.868105 ], [ -75.263815, 41.870757 ], [ -75.261488, 41.873277 ], [ -75.258439, 41.875087 ], [ -75.257564, 41.877108 ], [ -75.260623, 41.883783 ], [ -75.263005, 41.885109 ], [ -75.267789, 41.885982 ], [ -75.271292, 41.88736 ], [ -75.272581, 41.893168 ], [ -75.272778, 41.897112 ], [ -75.267773, 41.901971 ], [ -75.267562, 41.907054 ], [ -75.269736, 41.911363 ], [ -75.275368, 41.919564 ], [ -75.276552, 41.922208 ], [ -75.276501, 41.926679 ], [ -75.277243, 41.933598 ], [ -75.279094, 41.938917 ], [ -75.289383, 41.942891 ], [ -75.290966, 41.945039 ], [ -75.291762, 41.947092 ], [ -75.29143, 41.952477 ], [ -75.293713, 41.954593 ], [ -75.2960945, 41.9545578 ], [ -75.29858, 41.954521 ], [ -75.300409, 41.953871 ], [ -75.301593, 41.952811 ], [ -75.3015439, 41.952278 ], [ -75.301233, 41.9489 ], [ -75.301664, 41.94838 ], [ -75.303966, 41.948216 ], [ -75.310358, 41.949012 ], [ -75.312817, 41.950182 ], [ -75.318168, 41.954236 ], [ -75.32004, 41.960867 ], [ -75.322384, 41.961693 ], [ -75.329318, 41.968232 ], [ -75.3348395, 41.9700143 ], [ -75.335771, 41.970315 ], [ -75.339488, 41.970786 ], [ -75.342204, 41.972872 ], [ -75.34246, 41.974303 ], [ -75.337791, 41.984386 ], [ -75.337602, 41.9867 ], [ -75.341125, 41.992772 ], [ -75.3420528, 41.993207 ], [ -75.346568, 41.995324 ], [ -75.353504, 41.99711 ], [ -75.359579, 41.999445 ], [ -75.3596449, 41.9994449 ], [ -75.431961, 41.999363 ], [ -75.436216, 41.999353 ], [ -75.477144, 41.999407 ], [ -75.4831402, 41.9992588 ], [ -75.478994, 41.924647 ], [ -75.478573, 41.915752 ], [ -75.476376, 41.873333 ], [ -75.473697, 41.83853 ], [ -75.47179, 41.802941 ], [ -75.470865, 41.784637 ], [ -75.470782, 41.783186 ], [ -75.468234, 41.741602 ], [ -75.467344, 41.72702 ], [ -75.466081, 41.704647 ], [ -75.465099, 41.688563 ], [ -75.46362, 41.662962 ], [ -75.462799, 41.650261 ], [ -75.462238, 41.641583 ], [ -75.462411, 41.641587 ], [ -75.461611, 41.621267 ], [ -75.461343, 41.6198 ], [ -75.461195, 41.618963 ], [ -75.46106, 41.616407 ], [ -75.459762, 41.595044 ], [ -75.459349, 41.588065 ], [ -75.457297, 41.546471 ], [ -75.456383, 41.533638 ], [ -75.453034, 41.486746 ], [ -75.452514, 41.479107 ], [ -75.452267, 41.476019 ], [ -75.452328, 41.470543 ], [ -75.450763, 41.442007 ], [ -75.450037, 41.425611 ], [ -75.449148, 41.409284 ], [ -75.448179, 41.387685 ], [ -75.447001, 41.363169 ], [ -75.446084, 41.346597 ], [ -75.445791, 41.344471 ], [ -75.445895, 41.342949 ], [ -75.443594, 41.303732 ], [ -75.441846, 41.26947 ], [ -75.441485, 41.261893 ], [ -75.441168, 41.258887 ], [ -75.440389, 41.25813 ], [ -75.442964, 41.257021 ], [ -75.445234, 41.254533 ], [ -75.450786, 41.253456 ], [ -75.451078, 41.252441 ], [ -75.453507, 41.252396 ], [ -75.454462, 41.254496 ], [ -75.456685, 41.253938 ], [ -75.458785, 41.251416 ], [ -75.461085, 41.247268 ], [ -75.463021, 41.246836 ], [ -75.468167, 41.247518 ], [ -75.469177, 41.244025 ], [ -75.470849, 41.243267 ], [ -75.473578, 41.244567 ], [ -75.4767, 41.245077 ], [ -75.477428, 41.247114 ], [ -75.479378, 41.246245 ], [ -75.481815, 41.246744 ], [ -75.484477, 41.245974 ], [ -75.48408, 41.244635 ], [ -75.485059, 41.242648 ], [ -75.491205, 41.241872 ], [ -75.492959, 41.243307 ], [ -75.496057, 41.242948 ], [ -75.498804, 41.240009 ], [ -75.500636, 41.23663 ], [ -75.500707, 41.236575 ], [ -75.50221, 41.23647 ], [ -75.5049, 41.234439 ], [ -75.505501, 41.233107 ], [ -75.505607, 41.232539 ] ] ] ] } },
{ "type": "Feature", "properties": { "STATEFP": "42", "COUNTYFP": "095", "COUNTYNS": "01209185", "GEOIDFQ": "0500000US42095", "GEOID": "42095", "NAME": "Northampton", "NAMELSAD": "Northampton County", "STUSPS": "PA", "STATE_NAME": "Pennsylvania", "LSAD": "06", "ALAND": 957743111.0, "AWATER": 19060960.0, "STATE_NAME_HYPHEN": "Pennsylvania" }, "geometry": { "type": "MultiPolygon", "coordinates": [ [ [ [ -75.608985, 40.787387 ], [ -75.605459, 40.780783 ], [ -75.60468, 40.776728 ], [ -75.606659, 40.771319 ], [ -75.604525, 40.768815 ], [ -75.60287, 40.765956 ], [ -75.602655, 40.764213 ], [ -75.603369, 40.758716 ], [ -75.603569, 40.756805 ], [ -75.60274, 40.753064 ], [ -75.601694, 40.749551 ], [ -75.597602, 40.74461 ], [ -75.596702, 40.743599 ], [ -75.594235, 40.738758 ], [ -75.592558, 40.736127 ], [ -75.590206, 40.734463 ], [ -75.587902, 40.733887 ], [ -75.580552, 40.734725 ], [ -75.576162, 40.735176 ], [ -75.574019, 40.734706 ], [ -75.570634, 40.73247 ], [ -75.568857, 40.727351 ], [ -75.567801, 40.725927 ], [ -75.564418, 40.72347 ], [ -75.561298, 40.721838 ], [ -75.558165, 40.720886 ], [ -75.555541, 40.72092 ], [ -75.550988, 40.722056 ], [ -75.544316, 40.725054 ], [ -75.542846, 40.726926 ], [ -75.541806, 40.727918 ], [ -75.540312, 40.736059 ], [ -75.537366, 40.737594 ], [ -75.53498, 40.737615 ], [ -75.530149, 40.736343 ], [ -75.527204, 40.734068 ], [ -75.526236, 40.732703 ], [ -75.52621, 40.726765 ], [ -75.525484, 40.720623 ], [ -75.525528, 40.720095 ], [ -75.52218, 40.712876 ], [ -75.515628, 40.702196 ], [ -75.511912, 40.696999 ], [ -75.508495, 40.693046 ], [ -75.503598, 40.690185 ], [ -75.503053, 40.689715 ], [ -75.497979, 40.679155 ], [ -75.49534, 40.677787 ], [ -75.491127, 40.676996 ], [ -75.489364, 40.676065 ], [ -75.487329, 40.674497 ], [ -75.486137, 40.672999 ], [ -75.485027, 40.671496 ], [ -75.483628, 40.666873 ], [ -75.483726, 40.660261 ], [ -75.483933, 40.659616 ], [ -75.481469, 40.655744 ], [ -75.479142, 40.656591 ], [ -75.47128, 40.659449 ], [ -75.466157, 40.661305 ], [ -75.459489, 40.663726 ], [ -75.445286, 40.66882 ], [ -75.430404, 40.674152 ], [ -75.429848, 40.673461 ], [ -75.430136, 40.672313 ], [ -75.430122, 40.668427 ], [ -75.424894, 40.663661 ], [ -75.419067, 40.658342 ], [ -75.4109, 40.650135 ], [ -75.399791, 40.640108 ], [ -75.395841, 40.636856 ], [ -75.392476, 40.634124 ], [ -75.387464, 40.633122 ], [ -75.388871, 40.629208 ], [ -75.388413, 40.627969 ], [ -75.385007, 40.625181 ], [ -75.38334, 40.624249 ], [ -75.38414, 40.620163 ], [ -75.383181, 40.618718 ], [ -75.38304, 40.617351 ], [ -75.380367, 40.616886 ], [ -75.378125, 40.615358 ], [ -75.378626, 40.615306 ], [ -75.384426, 40.614815 ], [ -75.388559, 40.614423 ], [ -75.389966, 40.605163 ], [ -75.390243, 40.603338 ], [ -75.390635, 40.600677 ], [ -75.390741, 40.600052 ], [ -75.391275, 40.596551 ], [ -75.39429, 40.593018 ], [ -75.404412, 40.581154 ], [ -75.403822, 40.580787 ], [ -75.391674, 40.573237 ], [ -75.389989, 40.572187 ], [ -75.379304, 40.565546 ], [ -75.352203, 40.548691 ], [ -75.333514, 40.537057 ], [ -75.333048, 40.536767 ], [ -75.314247, 40.548832 ], [ -75.308745, 40.552611 ], [ -75.299017, 40.558601 ], [ -75.293528, 40.561978 ], [ -75.258151, 40.582009 ], [ -75.25654, 40.582731 ], [ -75.236848, 40.590748 ], [ -75.228669, 40.594469 ], [ -75.209036, 40.603088 ], [ -75.196803, 40.60858 ], [ -75.198499, 40.611492 ], [ -75.201348, 40.614628 ], [ -75.201812, 40.617188 ], [ -75.2011022, 40.6179389 ], [ -75.200708, 40.618356 ], [ -75.197891, 40.619332 ], [ -75.1936462, 40.6196999 ], [ -75.190691, 40.619956 ], [ -75.189283, 40.621492 ], [ -75.188579, 40.624628 ], [ -75.188867, 40.626164 ], [ -75.1903474, 40.6340584 ], [ -75.190691, 40.635891 ], [ -75.194125, 40.639967 ], [ -75.195394, 40.643083 ], [ -75.19737, 40.6445691 ], [ -75.200468, 40.646899 ], [ -75.200452, 40.649219 ], [ -75.196676, 40.655123 ], [ -75.190852, 40.661939 ], [ -75.18794, 40.663811 ], [ -75.182756, 40.665971 ], [ -75.1825266, 40.6662596 ], [ -75.1782828, 40.6715988 ], [ -75.177491, 40.672595 ], [ -75.176803, 40.675715 ], [ -75.177587, 40.677731 ], [ -75.180564, 40.679363 ], [ -75.184516, 40.679971 ], [ -75.1896628, 40.6794685 ], [ -75.1901586, 40.6794201 ], [ -75.19058, 40.679379 ], [ -75.19692, 40.681299 ], [ -75.20092, 40.685498 ], [ -75.2021235, 40.6879051 ], [ -75.2029, 40.689458 ], [ -75.2039071, 40.6914721 ], [ -75.2039076, 40.6914732 ], [ -75.20392, 40.691498 ], [ -75.2027746, 40.6945378 ], [ -75.2024385, 40.6954296 ], [ -75.19872, 40.705298 ], [ -75.1981087, 40.7065377 ], [ -75.19442, 40.714018 ], [ -75.1928569, 40.7156226 ], [ -75.192612, 40.715874 ], [ -75.186372, 40.720274 ], [ -75.185783, 40.7248536 ], [ -75.1857126, 40.725401 ], [ -75.185588, 40.72637 ], [ -75.1825, 40.729922 ], [ -75.182084, 40.731522 ], [ -75.182804, 40.73365 ], [ -75.18578, 40.737266 ], [ -75.195349, 40.745473 ], [ -75.196325, 40.747137 ], [ -75.196861, 40.750097 ], [ -75.196533, 40.751631 ], [ -75.1952921, 40.752731 ], [ -75.191796, 40.75583 ], [ -75.1904339, 40.7563765 ], [ -75.183037, 40.759344 ], [ -75.1815656, 40.7602838 ], [ -75.17904, 40.761897 ], [ -75.177477, 40.764225 ], [ -75.176855, 40.768721 ], [ -75.17562, 40.772923 ], [ -75.1749913, 40.7738106 ], [ -75.1742483, 40.7748595 ], [ -75.173349, 40.776129 ], [ -75.1725308, 40.7768794 ], [ -75.171587, 40.777745 ], [ -75.169523, 40.778473 ], [ -75.16365, 40.778386 ], [ -75.149378, 40.774786 ], [ -75.14128190000001, 40.773856 ], [ -75.139106, 40.773606 ], [ -75.1344, 40.773765 ], [ -75.133377, 40.774099799999988 ], [ -75.133303, 40.774124 ], [ -75.131465, 40.77595 ], [ -75.125867, 40.784026 ], [ -75.123088, 40.786746 ], [ -75.1189883, 40.7884552 ], [ -75.116842, 40.78935 ], [ -75.111343, 40.789896 ], [ -75.111328, 40.7899023 ], [ -75.108505, 40.791094 ], [ -75.1008, 40.799797 ], [ -75.100277, 40.801176 ], [ -75.100165, 40.803 ], [ -75.100739, 40.805488 ], [ -75.100277, 40.807578 ], [ -75.098279, 40.810286 ], [ -75.096147, 40.812211 ], [ -75.090518, 40.815913 ], [ -75.085387, 40.821972 ], [ -75.0839559, 40.824425 ], [ -75.083929, 40.824471 ], [ -75.0838412, 40.827206 ], [ -75.083822, 40.827805 ], [ -75.0841052, 40.8281859 ], [ -75.085517, 40.830085 ], [ -75.0884272, 40.8322524 ], [ -75.09494, 40.837103 ], [ -75.097006, 40.839336 ], [ -75.097572, 40.840967 ], [ -75.097586, 40.843042 ], [ -75.097221, 40.844672 ], [ -75.095784, 40.847082 ], [ -75.090962, 40.849187 ], [ -75.076684, 40.849875 ], [ -75.073544, 40.84894 ], [ -75.07083, 40.847392 ], [ -75.066014, 40.847591 ], [ -75.063498, 40.849458 ], [ -75.063302, 40.851124 ], [ -75.064298, 40.853857 ], [ -75.063925, 40.855424 ], [ -75.058886, 40.860394 ], [ -75.053124, 40.863633 ], [ -75.051573, 40.864043 ], [ -75.0515102, 40.8642299 ], [ -75.051029, 40.865662 ], [ -75.050839, 40.868067 ], [ -75.051508, 40.870224 ], [ -75.053664, 40.87366 ], [ -75.058655, 40.877654 ], [ -75.0587469, 40.8777759 ], [ -75.062149, 40.882289 ], [ -75.065438, 40.885682 ], [ -75.07392, 40.892176 ], [ -75.07534, 40.894162 ], [ -75.075957, 40.895694 ], [ -75.075224, 40.8999454 ], [ -75.075188, 40.900154 ], [ -75.076092, 40.907042 ], [ -75.076956, 40.90988 ], [ -75.079279, 40.91389 ], [ -75.0874478, 40.9190496 ], [ -75.0885023, 40.9197156 ], [ -75.0915994, 40.9216719 ], [ -75.095526, 40.924152 ], [ -75.09772, 40.926679 ], [ -75.0991969, 40.9284987 ], [ -75.1005905, 40.9302156 ], [ -75.105524, 40.936294 ], [ -75.106153, 40.939671 ], [ -75.111683, 40.948111 ], [ -75.117764, 40.953023 ], [ -75.118904, 40.956361 ], [ -75.1191, 40.958939 ], [ -75.120695, 40.962529 ], [ -75.12065, 40.964028 ], [ -75.119548, 40.96626 ], [ -75.1195751, 40.9663568 ], [ -75.120232, 40.968702 ], [ -75.12831, 40.95964 ], [ -75.129232, 40.95893 ], [ -75.13896, 40.954394 ], [ -75.14513, 40.951584 ], [ -75.152935, 40.949311 ], [ -75.160387, 40.948491 ], [ -75.16179, 40.948395 ], [ -75.169463, 40.948015 ], [ -75.176836, 40.945523 ], [ -75.178073, 40.94032 ], [ -75.187531, 40.937131 ], [ -75.195536, 40.936337 ], [ -75.217003, 40.928397 ], [ -75.21819, 40.927875 ], [ -75.221821, 40.919581 ], [ -75.24113, 40.909438 ], [ -75.232502, 40.899759 ], [ -75.234293, 40.89891 ], [ -75.244197, 40.894203 ], [ -75.267224, 40.882473 ], [ -75.27353, 40.87315 ], [ -75.284039, 40.86604 ], [ -75.290074, 40.86393 ], [ -75.294828, 40.862244 ], [ -75.29494, 40.8622 ], [ -75.300594, 40.859563 ], [ -75.316135, 40.856578 ], [ -75.320931, 40.855657 ], [ -75.322299, 40.855036 ], [ -75.338417, 40.846736 ], [ -75.339791, 40.845944 ], [ -75.373648, 40.834291 ], [ -75.378852, 40.832527 ], [ -75.383266, 40.831037 ], [ -75.414469, 40.826439 ], [ -75.416759, 40.826102 ], [ -75.42049, 40.823451 ], [ -75.443267, 40.818276 ], [ -75.472541, 40.815055 ], [ -75.474193, 40.814746 ], [ -75.478546, 40.813084 ], [ -75.485272, 40.812525 ], [ -75.495971, 40.811009 ], [ -75.508018, 40.809101 ], [ -75.519045, 40.808813 ], [ -75.528444, 40.806725 ], [ -75.534615, 40.806778 ], [ -75.541549, 40.806815 ], [ -75.551359, 40.804552 ], [ -75.557532, 40.801188 ], [ -75.565091, 40.801105 ], [ -75.57482, 40.799148 ], [ -75.577488, 40.799414 ], [ -75.595453, 40.793302 ], [ -75.598411, 40.790124 ], [ -75.602608, 40.788043 ], [ -75.60805, 40.78748 ], [ -75.608985, 40.787387 ] ] ] ] } },
{ "type": "Feature", "properties": { "STATEFP": "42", "COUNTYFP": "089", "COUNTYNS": "01209184", "GEOIDFQ": "0500000US42089", "GEOID": "42089", "NAME": "Monroe", "NAMELSAD": "Monroe County", "STUSPS": "PA", "STATE_NAME": "Pennsylvania", "LSAD": "06", "ALAND": 1575647530.0, "AWATER": 22664084.0, "STATE_NAME_HYPHEN": "Pennsylvania" }, "geometry": { "type": "MultiPolygon", "coordinates": [ [ [ [ -75.649412, 41.122304 ], [ -75.647697, 41.121782 ], [ -75.645745, 41.118134 ], [ -75.646705, 41.114197 ], [ -75.646417, 41.113269 ], [ -75.643969, 41.112773 ], [ -75.640401, 41.113557 ], [ -75.637587, 41.113398 ], [ -75.634322, 41.11215 ], [ -75.632978, 41.108534 ], [ -75.631218, 41.107509 ], [ -75.628242, 41.106901 ], [ -75.62709, 41.107989 ], [ -75.62613, 41.110597 ], [ -75.624818, 41.111397 ], [ -75.620037, 41.108971 ], [ -75.620611, 41.106716 ], [ -75.615948, 41.104759 ], [ -75.615629, 41.102554 ], [ -75.613995, 41.09968 ], [ -75.61426, 41.096165 ], [ -75.612694, 41.094237 ], [ -75.607458, 41.094535 ], [ -75.604894, 41.094143 ], [ -75.604113, 41.093382 ], [ -75.60505, 41.09171 ], [ -75.605146, 41.089142 ], [ -75.606066, 41.085624 ], [ -75.605348, 41.084708 ], [ -75.604387, 41.084282 ], [ -75.600817, 41.084481 ], [ -75.59602, 41.080677 ], [ -75.594034, 41.080753 ], [ -75.591805, 41.078255 ], [ -75.589698, 41.077035 ], [ -75.587459, 41.075974 ], [ -75.585545, 41.073828 ], [ -75.582965, 41.072635 ], [ -75.583269, 41.070636 ], [ -75.582071, 41.068818 ], [ -75.580511, 41.067764 ], [ -75.57894, 41.068752 ], [ -75.577166, 41.068171 ], [ -75.57599, 41.065008 ], [ -75.574597, 41.063597 ], [ -75.574887, 41.062691 ], [ -75.571186, 41.059304 ], [ -75.571142, 41.057524 ], [ -75.568886, 41.056608 ], [ -75.568414, 41.055323 ], [ -75.570003, 41.054839 ], [ -75.570431, 41.053313 ], [ -75.569654, 41.052396 ], [ -75.56985, 41.050326 ], [ -75.563757, 41.049156 ], [ -75.563148, 41.049804 ], [ -75.561397, 41.048994 ], [ -75.546138, 41.034291 ], [ -75.543359, 41.031609 ], [ -75.528551, 41.017467 ], [ -75.515892, 41.005542 ], [ -75.512302, 41.002107 ], [ -75.508978, 40.998672 ], [ -75.497364, 40.988436 ], [ -75.49599, 40.987181 ], [ -75.500439, 40.985119 ], [ -75.514609, 40.978784 ], [ -75.527208, 40.973284 ], [ -75.546245, 40.964603 ], [ -75.57459, 40.951323 ], [ -75.568798, 40.944314 ], [ -75.556438, 40.928693 ], [ -75.533172, 40.898606 ], [ -75.52682, 40.890394 ], [ -75.517953, 40.878192 ], [ -75.513434, 40.872717 ], [ -75.499628, 40.854186 ], [ -75.493581, 40.846442 ], [ -75.487614, 40.837969 ], [ -75.482577, 40.829931 ], [ -75.474193, 40.814746 ], [ -75.472541, 40.815055 ], [ -75.443267, 40.818276 ], [ -75.42049, 40.823451 ], [ -75.416759, 40.826102 ], [ -75.414469, 40.826439 ], [ -75.383266, 40.831037 ], [ -75.378852, 40.832527 ], [ -75.373648, 40.834291 ], [ -75.339791, 40.845944 ], [ -75.338417, 40.846736 ], [ -75.322299, 40.855036 ], [ -75.320931, 40.855657 ], [ -75.316135, 40.856578 ], [ -75.300594, 40.859563 ], [ -75.29494, 40.8622 ], [ -75.294828, 40.862244 ], [ -75.290074, 40.86393 ], [ -75.284039, 40.86604 ], [ -75.27353, 40.87315 ], [ -75.267224, 40.882473 ], [ -75.244197, 40.894203 ], [ -75.234293, 40.89891 ], [ -75.232502, 40.899759 ], [ -75.24113, 40.909438 ], [ -75.221821, 40.919581 ], [ -75.21819, 40.927875 ], [ -75.217003, 40.928397 ], [ -75.195536, 40.936337 ], [ -75.187531, 40.937131 ], [ -75.178073, 40.94032 ], [ -75.176836, 40.945523 ], [ -75.169463, 40.948015 ], [ -75.16179, 40.948395 ], [ -75.160387, 40.948491 ], [ -75.152935, 40.949311 ], [ -75.14513, 40.951584 ], [ -75.13896, 40.954394 ], [ -75.129232, 40.95893 ], [ -75.12831, 40.95964 ], [ -75.120232, 40.968702 ], [ -75.122603, 40.970152 ], [ -75.129074, 40.968976 ], [ -75.131364, 40.969277 ], [ -75.13378, 40.970973 ], [ -75.135526, 40.973807 ], [ -75.135521, 40.976865 ], [ -75.133086, 40.980179 ], [ -75.132106, 40.982566 ], [ -75.13153, 40.984914 ], [ -75.131619, 40.9889 ], [ -75.1314608, 40.9892324 ], [ -75.130575, 40.991093 ], [ -75.127196, 40.993954 ], [ -75.123423, 40.996129 ], [ -75.110595, 41.002174 ], [ -75.109114, 41.004102 ], [ -75.100682, 41.006716 ], [ -75.092628, 41.00992 ], [ -75.08533, 41.014913 ], [ -75.084217, 41.016007 ], [ -75.081101, 41.016838 ], [ -75.074999, 41.01713 ], [ -75.052472, 41.027168 ], [ -75.0442243, 41.0306669 ], [ -75.041789, 41.0317 ], [ -75.036003, 41.036224 ], [ -75.030512, 41.038762 ], [ -75.027102, 41.039529 ], [ -75.026129, 41.041947 ], [ -75.027359, 41.044543 ], [ -75.026398, 41.046438 ], [ -75.017069, 41.056774 ], [ -75.01652, 41.05947 ], [ -75.013099, 41.066487 ], [ -75.010868, 41.067664 ], [ -75.006376, 41.067546 ], [ -74.999617, 41.073943 ], [ -74.994847, 41.076556 ], [ -74.989332, 41.078319 ], [ -74.98259, 41.079172 ], [ -74.970987, 41.085293 ], [ -74.968389, 41.087797 ], [ -74.966759, 41.093425 ], [ -74.9670978, 41.0943389 ], [ -74.967464, 41.095327 ], [ -74.969434, 41.096074 ], [ -74.972036, 41.095562 ], [ -74.975298, 41.094073 ], [ -74.981314, 41.08986 ], [ -74.984782, 41.088545 ], [ -74.988263, 41.088222 ], [ -74.991013, 41.088578 ], [ -74.991815, 41.089132 ], [ -74.991718, 41.092284 ], [ -74.993652, 41.093874 ], [ -74.996402, 41.092988 ], [ -74.997137, 41.089855 ], [ -74.99962, 41.089372 ], [ -75.002964, 41.091759 ], [ -75.006838, 41.088514 ], [ -75.008649, 41.087921 ], [ -75.011782, 41.088005 ], [ -75.01277, 41.086594 ], [ -75.012434, 41.084168 ], [ -75.013012, 41.083632 ], [ -75.014988, 41.083702 ], [ -75.018547, 41.084888 ], [ -75.020452, 41.084787 ], [ -75.025001, 41.083517 ], [ -75.025415, 41.082421 ], [ -75.027205, 41.079869 ], [ -75.027957, 41.079868 ], [ -75.029099, 41.082852 ], [ -75.032593, 41.085267 ], [ -75.033871, 41.08756 ], [ -75.037924, 41.088431 ], [ -75.039216, 41.088797 ], [ -75.051836, 41.1065 ], [ -75.054071, 41.109589 ], [ -75.054753, 41.110533 ], [ -75.062796, 41.12165 ], [ -75.077151, 41.141154 ], [ -75.082677, 41.141715 ], [ -75.149347, 41.149468 ], [ -75.152216, 41.149817 ], [ -75.156507, 41.150341 ], [ -75.13843, 41.218635 ], [ -75.129721, 41.252101 ], [ -75.234012, 41.246103 ], [ -75.242086, 41.24589 ], [ -75.265312, 41.244595 ], [ -75.307348, 41.24223 ], [ -75.359184, 41.239206 ], [ -75.35995, 41.238707 ], [ -75.362756, 41.239413 ], [ -75.365813, 41.239031 ], [ -75.366893, 41.238262 ], [ -75.372235, 41.237959 ], [ -75.374627, 41.237783 ], [ -75.421721, 41.235819 ], [ -75.444917, 41.234859 ], [ -75.451648, 41.234571 ], [ -75.459438, 41.234189 ], [ -75.492158, 41.232932 ], [ -75.497379, 41.232759 ], [ -75.501334, 41.232678 ], [ -75.505607, 41.232539 ], [ -75.508345, 41.232949 ], [ -75.509252, 41.227989 ], [ -75.512414, 41.223194 ], [ -75.51461, 41.222097 ], [ -75.516491, 41.21938 ], [ -75.518011, 41.219593 ], [ -75.521671, 41.22197 ], [ -75.525584, 41.223017 ], [ -75.526598, 41.224892 ], [ -75.529356, 41.226591 ], [ -75.532449, 41.225316 ], [ -75.53507, 41.225033 ], [ -75.539846, 41.225461 ], [ -75.541682, 41.224193 ], [ -75.543886, 41.223596 ], [ -75.544409, 41.221837 ], [ -75.549144, 41.2174 ], [ -75.551153, 41.214991 ], [ -75.552367, 41.212442 ], [ -75.554017, 41.21168 ], [ -75.555158, 41.208994 ], [ -75.554723, 41.20765 ], [ -75.558862, 41.206857 ], [ -75.560074, 41.205052 ], [ -75.562641, 41.205355 ], [ -75.563404, 41.203865 ], [ -75.566945, 41.199614 ], [ -75.56974, 41.198744 ], [ -75.569666, 41.197123 ], [ -75.570901, 41.195045 ], [ -75.569157, 41.193342 ], [ -75.570581, 41.192615 ], [ -75.570211, 41.19113 ], [ -75.574128, 41.189084 ], [ -75.576371, 41.186551 ], [ -75.57621, 41.181777 ], [ -75.575547, 41.18088 ], [ -75.576653, 41.177857 ], [ -75.577485, 41.177537 ], [ -75.582724, 41.176745 ], [ -75.587812, 41.172666 ], [ -75.593764, 41.171779 ], [ -75.598536, 41.171935 ], [ -75.597746, 41.170272 ], [ -75.597905, 41.168065 ], [ -75.596335, 41.165821 ], [ -75.597265, 41.163204 ], [ -75.598338, 41.163288 ], [ -75.598634, 41.163062 ], [ -75.600293, 41.161927 ], [ -75.600736, 41.161497 ], [ -75.60084, 41.159991 ], [ -75.6045, 41.15611 ], [ -75.603153, 41.153876 ], [ -75.603298, 41.151875 ], [ -75.607153, 41.150261 ], [ -75.609312, 41.150052 ], [ -75.613543, 41.151273 ], [ -75.615577, 41.150705 ], [ -75.614104, 41.146493 ], [ -75.614173, 41.145168 ], [ -75.616274, 41.143021 ], [ -75.621401, 41.141088 ], [ -75.624894, 41.137954 ], [ -75.628385, 41.136846 ], [ -75.628633, 41.134437 ], [ -75.627941, 41.132624 ], [ -75.625449, 41.131864 ], [ -75.625989, 41.130389 ], [ -75.628068, 41.128287 ], [ -75.63283, 41.127945 ], [ -75.634162, 41.123246 ], [ -75.635027, 41.123111 ], [ -75.638184, 41.125997 ], [ -75.640265, 41.126823 ], [ -75.643123, 41.126717 ], [ -75.649042, 41.125085 ], [ -75.649412, 41.122304 ] ] ] ] } },
{ "type": "Feature", "properties": { "STATEFP": "42", "COUNTYFP": "031", "COUNTYNS": "01210234", "GEOIDFQ": "0500000US42031", "GEOID": "42031", "NAME": "Clarion", "NAMELSAD": "Clarion County", "STUSPS": "PA", "STATE_NAME": "Pennsylvania", "LSAD": "06", "ALAND": 1556156937.0, "AWATER": 23330902.0, "STATE_NAME_HYPHEN": "Pennsylvania" }, "geometry": { "type": "MultiPolygon", "coordinates": [ [ [ [ -79.700581, 41.175059 ], [ -79.694984, 41.172865 ], [ -79.692195, 41.171932 ], [ -79.689332, 41.169471 ], [ -79.681498, 41.162923 ], [ -79.679585, 41.15953 ], [ -79.680244, 41.155741 ], [ -79.684015, 41.151224 ], [ -79.68625, 41.148549 ], [ -79.686688, 41.144658 ], [ -79.686184, 41.143793 ], [ -79.684193, 41.142095 ], [ -79.680941, 41.138778 ], [ -79.679586, 41.137022 ], [ -79.678687, 41.132579 ], [ -79.679818, 41.125531 ], [ -79.679288, 41.116242 ], [ -79.681311, 41.106326 ], [ -79.680964, 41.10328 ], [ -79.68113, 41.101962 ], [ -79.680057, 41.09371 ], [ -79.679365, 41.091321 ], [ -79.676167, 41.084608 ], [ -79.674244, 41.082752 ], [ -79.671117, 41.081481 ], [ -79.666033, 41.078855 ], [ -79.662098, 41.075568 ], [ -79.659051, 41.073478 ], [ -79.655892, 41.069381 ], [ -79.655496, 41.068265 ], [ -79.656471, 41.06485 ], [ -79.658964, 41.062557 ], [ -79.661777, 41.061096 ], [ -79.665423, 41.058538 ], [ -79.66713, 41.055948 ], [ -79.66686, 41.051599 ], [ -79.66595, 41.049347 ], [ -79.662473, 41.047336 ], [ -79.651257, 41.045057 ], [ -79.643332, 41.041324 ], [ -79.639035, 41.039537 ], [ -79.636814, 41.037934 ], [ -79.632936, 41.037247 ], [ -79.627887, 41.035923 ], [ -79.623726, 41.034539 ], [ -79.619575, 41.033396 ], [ -79.615918, 41.033234 ], [ -79.610907, 41.033965 ], [ -79.60682, 41.036376 ], [ -79.603785, 41.037247 ], [ -79.601373, 41.036958 ], [ -79.599431, 41.035312 ], [ -79.59892, 41.033451 ], [ -79.599318, 41.03027 ], [ -79.600772, 41.025252 ], [ -79.602607, 41.020819 ], [ -79.604596, 41.01776 ], [ -79.608249, 41.013958 ], [ -79.609186, 41.012244 ], [ -79.609785, 41.008654 ], [ -79.608299, 41.005922 ], [ -79.606399, 41.005162 ], [ -79.601104, 41.00542 ], [ -79.595393, 41.005092 ], [ -79.590373, 41.004089 ], [ -79.587951, 41.003243 ], [ -79.585622, 41.001677 ], [ -79.581774, 40.997982 ], [ -79.581319, 40.99482 ], [ -79.582954, 40.992491 ], [ -79.584896, 40.991557 ], [ -79.586867, 40.991304 ], [ -79.597013, 40.994388 ], [ -79.600934, 40.994776 ], [ -79.60587, 40.994397 ], [ -79.610427, 40.993224 ], [ -79.619067, 40.98896 ], [ -79.623491, 40.98456 ], [ -79.624481, 40.981836 ], [ -79.62429, 40.978745 ], [ -79.622759, 40.976374 ], [ -79.618352, 40.974142 ], [ -79.613146, 40.973146 ], [ -79.60689, 40.971286 ], [ -79.601217, 40.969284 ], [ -79.596378, 40.96861 ], [ -79.59306, 40.968984 ], [ -79.590091, 40.969945 ], [ -79.588983, 40.970857 ], [ -79.587071, 40.974036 ], [ -79.581096, 40.980418 ], [ -79.574323, 40.984685 ], [ -79.572787, 40.9853 ], [ -79.570195, 40.985648 ], [ -79.566194, 40.985799 ], [ -79.561383, 40.985228 ], [ -79.557456, 40.983817 ], [ -79.553798, 40.981692 ], [ -79.552624, 40.97978 ], [ -79.551331, 40.980456 ], [ -79.548587, 40.982023 ], [ -79.545331, 40.982248 ], [ -79.54287, 40.984087 ], [ -79.541272, 40.984634 ], [ -79.539427, 40.984288 ], [ -79.537208, 40.980841 ], [ -79.535822, 40.980063 ], [ -79.532233, 40.979439 ], [ -79.528614, 40.978413 ], [ -79.524889, 40.975887 ], [ -79.522428, 40.974958 ], [ -79.516289, 40.97712 ], [ -79.514685, 40.979025 ], [ -79.515401, 40.981274 ], [ -79.517762, 40.983045 ], [ -79.517836, 40.983965 ], [ -79.516184, 40.986662 ], [ -79.514012, 40.986809 ], [ -79.511728, 40.986182 ], [ -79.510969, 40.985411 ], [ -79.508008, 40.984463 ], [ -79.506673, 40.983072 ], [ -79.506715, 40.981052 ], [ -79.505863, 40.977721 ], [ -79.503632, 40.976444 ], [ -79.501453, 40.976585 ], [ -79.493658, 40.977901 ], [ -79.492631, 40.979377 ], [ -79.492778, 40.980888 ], [ -79.494785, 40.986181 ], [ -79.4943, 40.987136 ], [ -79.490782, 40.991168 ], [ -79.488517, 40.995369 ], [ -79.487474, 40.99554 ], [ -79.481726, 40.99407 ], [ -79.475603, 40.994902 ], [ -79.469545, 40.993454 ], [ -79.467407, 40.991621 ], [ -79.46466, 40.990303 ], [ -79.461624, 40.989942 ], [ -79.457479, 40.991145 ], [ -79.456581, 40.991057 ], [ -79.455588, 40.990107 ], [ -79.455892, 40.988175 ], [ -79.457377, 40.987258 ], [ -79.460673, 40.986071 ], [ -79.462296, 40.984671 ], [ -79.46223, 40.983112 ], [ -79.459339, 40.982102 ], [ -79.455891, 40.98236 ], [ -79.451718, 40.98167 ], [ -79.449008, 40.982487 ], [ -79.444748, 40.986441 ], [ -79.442741, 40.987264 ], [ -79.439618, 40.987407 ], [ -79.430649, 40.985353 ], [ -79.42712, 40.986171 ], [ -79.424649, 40.988965 ], [ -79.42259, 40.993594 ], [ -79.422307, 40.995833 ], [ -79.420864, 40.999034 ], [ -79.421238, 41.002676 ], [ -79.420275, 41.003978 ], [ -79.415911, 41.005485 ], [ -79.412319, 41.008471 ], [ -79.410153, 41.007326 ], [ -79.410066, 41.005298 ], [ -79.413041, 41.003385 ], [ -79.415035, 41.000706 ], [ -79.414597, 40.99922 ], [ -79.413493, 40.998237 ], [ -79.411717, 40.997877 ], [ -79.406592, 40.998572 ], [ -79.404881, 40.998026 ], [ -79.404283, 40.995664 ], [ -79.406023, 40.991025 ], [ -79.404814, 40.988615 ], [ -79.402605, 40.987916 ], [ -79.400787, 40.988087 ], [ -79.397463, 40.990062 ], [ -79.396265, 40.993493 ], [ -79.394714, 40.99475 ], [ -79.392579, 40.994141 ], [ -79.390367, 40.993403 ], [ -79.385743, 40.994861 ], [ -79.38275, 40.995255 ], [ -79.379663, 40.9951 ], [ -79.378091, 40.994347 ], [ -79.377116, 40.991837 ], [ -79.377979, 40.990767 ], [ -79.382442, 40.990709 ], [ -79.385537, 40.989766 ], [ -79.386625, 40.987905 ], [ -79.386315, 40.986725 ], [ -79.38486, 40.985368 ], [ -79.383056, 40.984977 ], [ -79.377455, 40.985644 ], [ -79.374654, 40.984459 ], [ -79.374762, 40.98374 ], [ -79.378292, 40.981823 ], [ -79.380974, 40.979881 ], [ -79.381998, 40.977269 ], [ -79.382191, 40.971185 ], [ -79.381642, 40.969686 ], [ -79.378522, 40.968334 ], [ -79.374249, 40.968889 ], [ -79.372548, 40.969856 ], [ -79.371356, 40.973425 ], [ -79.369315, 40.975809 ], [ -79.371566, 40.982561 ], [ -79.371626, 40.984252 ], [ -79.37165, 40.987167 ], [ -79.371015, 40.990165 ], [ -79.368511, 40.993812 ], [ -79.367028, 40.996953 ], [ -79.365971, 41.0008 ], [ -79.364833, 41.002186 ], [ -79.362432, 41.003492 ], [ -79.361026, 41.003763 ], [ -79.359252, 41.002772 ], [ -79.356341, 40.999796 ], [ -79.352196, 40.999666 ], [ -79.348035, 40.997652 ], [ -79.345876, 40.997729 ], [ -79.344263, 40.99872 ], [ -79.340681, 41.001993 ], [ -79.337621, 41.002485 ], [ -79.336741, 41.002124 ], [ -79.336035, 41.000107 ], [ -79.334331, 40.999091 ], [ -79.330402, 41.000224 ], [ -79.319163, 41.001797 ], [ -79.315885, 41.003015 ], [ -79.314559, 41.004749 ], [ -79.314009, 41.005424 ], [ -79.310307, 41.008004 ], [ -79.304455, 41.011767 ], [ -79.302571, 41.013531 ], [ -79.299493, 41.011761 ], [ -79.294579, 41.011494 ], [ -79.292724, 41.010475 ], [ -79.285174, 41.009298 ], [ -79.282498, 41.009824 ], [ -79.281519, 41.010364 ], [ -79.276018, 41.01592 ], [ -79.273985, 41.017615 ], [ -79.271433, 41.018216 ], [ -79.26757, 41.020225 ], [ -79.26489, 41.023374 ], [ -79.26368, 41.02561 ], [ -79.261137, 41.028977 ], [ -79.259277, 41.029944 ], [ -79.249762, 41.032796 ], [ -79.245956, 41.034853 ], [ -79.242046, 41.035343 ], [ -79.24106, 41.036066 ], [ -79.236917, 41.04137 ], [ -79.230423, 41.045851 ], [ -79.225433, 41.047262 ], [ -79.219065, 41.048585 ], [ -79.215214, 41.050515 ], [ -79.214494, 41.078775 ], [ -79.21132, 41.078737 ], [ -79.211212, 41.098363 ], [ -79.211173, 41.112575 ], [ -79.210409, 41.161163 ], [ -79.21017, 41.17725 ], [ -79.210136, 41.180246 ], [ -79.210101, 41.185657 ], [ -79.209954, 41.206495 ], [ -79.209745, 41.234854 ], [ -79.209258, 41.281979 ], [ -79.209228, 41.297372 ], [ -79.20905, 41.317037 ], [ -79.208878, 41.331861 ], [ -79.207421, 41.407962 ], [ -79.20709, 41.417031 ], [ -79.207108, 41.422014 ], [ -79.207073, 41.422759 ], [ -79.207196, 41.430922 ], [ -79.214829, 41.431132 ], [ -79.35759, 41.432433 ], [ -79.357586, 41.436241 ], [ -79.399923, 41.436154 ], [ -79.400303, 41.435074 ], [ -79.400509, 41.417437 ], [ -79.400439, 41.386579 ], [ -79.472611, 41.38656 ], [ -79.472956, 41.386458 ], [ -79.477822, 41.386479 ], [ -79.47814, 41.335708 ], [ -79.480111, 41.33566 ], [ -79.524654, 41.335822 ], [ -79.54143, 41.335951 ], [ -79.541474, 41.321008 ], [ -79.604161, 41.321478 ], [ -79.604453, 41.304189 ], [ -79.604609, 41.291342 ], [ -79.60461, 41.277072 ], [ -79.627561, 41.277183 ], [ -79.627726, 41.266907 ], [ -79.63271, 41.266919 ], [ -79.632875, 41.253599 ], [ -79.650394, 41.253709 ], [ -79.649628, 41.217912 ], [ -79.668892, 41.199075 ], [ -79.666323, 41.197136 ], [ -79.666519, 41.196491 ], [ -79.670614, 41.193166 ], [ -79.665368, 41.189024 ], [ -79.670213, 41.184544 ], [ -79.670125, 41.183116 ], [ -79.672912, 41.183013 ], [ -79.67309, 41.184704 ], [ -79.676143, 41.184912 ], [ -79.676913, 41.183692 ], [ -79.679839, 41.183223 ], [ -79.684489, 41.184072 ], [ -79.686761, 41.182145 ], [ -79.690304, 41.181419 ], [ -79.691497, 41.182744 ], [ -79.693255, 41.183056 ], [ -79.693729, 41.183829 ], [ -79.697242, 41.184614 ], [ -79.700287, 41.181875 ], [ -79.699356, 41.178433 ], [ -79.699589, 41.177868 ], [ -79.700142, 41.176189 ], [ -79.700581, 41.175059 ] ] ] ] } },
{ "type": "Feature", "properties": { "STATEFP": "42", "COUNTYFP": "005", "COUNTYNS": "01213658", "GEOIDFQ": "0500000US42005", "GEOID": "42005", "NAME": "Armstrong", "NAMELSAD": "Armstrong County", "STUSPS": "PA", "STATE_NAME": "Pennsylvania", "LSAD": "06", "ALAND": 1692093660.0, "AWATER": 27586719.0, "STATE_NAME_HYPHEN": "Pennsylvania" }, "geometry": { "type": "MultiPolygon", "coordinates": [ [ [ [ -79.693284, 40.741427 ], [ -79.69236, 40.704924 ], [ -79.692361, 40.704546 ], [ -79.692535, 40.688854 ], [ -79.692794, 40.674604 ], [ -79.692515, 40.673627 ], [ -79.69293, 40.669744 ], [ -79.686629, 40.671088 ], [ -79.680146, 40.671944 ], [ -79.677802, 40.672932 ], [ -79.672656, 40.677273 ], [ -79.671654, 40.678375 ], [ -79.668426, 40.680007 ], [ -79.664057, 40.679041 ], [ -79.657753, 40.675585 ], [ -79.652953, 40.671905 ], [ -79.64968, 40.670697 ], [ -79.644041, 40.668849 ], [ -79.640009, 40.666945 ], [ -79.638137, 40.665601 ], [ -79.637033, 40.661761 ], [ -79.63716, 40.659313 ], [ -79.636056, 40.654481 ], [ -79.628616, 40.648673 ], [ -79.622216, 40.645697 ], [ -79.61818, 40.644766 ], [ -79.613128, 40.643617 ], [ -79.611032, 40.642017 ], [ -79.609176, 40.639009 ], [ -79.609217, 40.633403 ], [ -79.610135, 40.631009 ], [ -79.609946, 40.628317 ], [ -79.608736, 40.625831 ], [ -79.608133, 40.62549 ], [ -79.604375, 40.624449 ], [ -79.602103, 40.624497 ], [ -79.598871, 40.626145 ], [ -79.597727, 40.627151 ], [ -79.596359, 40.628321 ], [ -79.593911, 40.631457 ], [ -79.591479, 40.634337 ], [ -79.586935, 40.636737 ], [ -79.584919, 40.636961 ], [ -79.583735, 40.636609 ], [ -79.58292, 40.632998 ], [ -79.585159, 40.629649 ], [ -79.58738, 40.62707 ], [ -79.588662, 40.625521 ], [ -79.588791, 40.620865 ], [ -79.589575, 40.616865 ], [ -79.588663, 40.615409 ], [ -79.584663, 40.611937 ], [ -79.583782, 40.610414 ], [ -79.584375, 40.607041 ], [ -79.582087, 40.603265 ], [ -79.581607, 40.602881 ], [ -79.579207, 40.601697 ], [ -79.577815, 40.601313 ], [ -79.576102, 40.601745 ], [ -79.570332, 40.606721 ], [ -79.568502, 40.607585 ], [ -79.565078, 40.607841 ], [ -79.560968, 40.605954 ], [ -79.559494, 40.605217 ], [ -79.551829, 40.604705 ], [ -79.550608, 40.603897 ], [ -79.550502, 40.603137 ], [ -79.551652, 40.601887 ], [ -79.555862, 40.600033 ], [ -79.556858, 40.599165 ], [ -79.558662, 40.597809 ], [ -79.564486, 40.594721 ], [ -79.565932, 40.593403 ], [ -79.56631, 40.593009 ], [ -79.567652, 40.589951 ], [ -79.570678, 40.584065 ], [ -79.570263, 40.582371 ], [ -79.568101, 40.57965 ], [ -79.567562, 40.57804 ], [ -79.567446, 40.577153 ], [ -79.566454, 40.574465 ], [ -79.564313, 40.571342 ], [ -79.562966, 40.568993 ], [ -79.560726, 40.563489 ], [ -79.557286, 40.560961 ], [ -79.546709, 40.555329 ], [ -79.536213, 40.550333 ], [ -79.530519, 40.546502 ], [ -79.526249, 40.542364 ], [ -79.520992, 40.541305 ], [ -79.514273, 40.542661 ], [ -79.511912, 40.542683 ], [ -79.510446, 40.54161 ], [ -79.508283, 40.538473 ], [ -79.50538, 40.535937 ], [ -79.498925, 40.532152 ], [ -79.497296, 40.529077 ], [ -79.49795, 40.526533 ], [ -79.497092, 40.525338 ], [ -79.49461, 40.52488 ], [ -79.488697, 40.526073 ], [ -79.486542, 40.527428 ], [ -79.484876, 40.530608 ], [ -79.484706, 40.534282 ], [ -79.483329, 40.536208 ], [ -79.481872, 40.536937 ], [ -79.479337, 40.537038 ], [ -79.476918, 40.535779 ], [ -79.476802, 40.533981 ], [ -79.477877, 40.531528 ], [ -79.477264, 40.529962 ], [ -79.475739, 40.529538 ], [ -79.469732, 40.532574 ], [ -79.464289, 40.53408 ], [ -79.460561, 40.534294 ], [ -79.455033, 40.534107 ], [ -79.451497, 40.531857 ], [ -79.450176, 40.530149 ], [ -79.426607, 40.554201 ], [ -79.41286, 40.568256 ], [ -79.358475, 40.624531 ], [ -79.337576, 40.646696 ], [ -79.337472, 40.646827 ], [ -79.289733, 40.697378 ], [ -79.287975, 40.699108 ], [ -79.251517, 40.737758 ], [ -79.2413, 40.74856 ], [ -79.238295, 40.751417 ], [ -79.237544, 40.752574 ], [ -79.234823, 40.755157 ], [ -79.215235, 40.776016 ], [ -79.215002, 40.784673 ], [ -79.215024, 40.838301 ], [ -79.215042, 40.839204 ], [ -79.215269, 40.903931 ], [ -79.21531, 40.911346 ], [ -79.215306, 40.912529 ], [ -79.215466, 40.939112 ], [ -79.215706, 40.94005 ], [ -79.212546, 40.96089 ], [ -79.212369, 40.973035 ], [ -79.210509, 41.040481 ], [ -79.210197, 41.049091 ], [ -79.215201, 41.048933 ], [ -79.215214, 41.050515 ], [ -79.219065, 41.048585 ], [ -79.225433, 41.047262 ], [ -79.230423, 41.045851 ], [ -79.236917, 41.04137 ], [ -79.24106, 41.036066 ], [ -79.242046, 41.035343 ], [ -79.245956, 41.034853 ], [ -79.249762, 41.032796 ], [ -79.259277, 41.029944 ], [ -79.261137, 41.028977 ], [ -79.26368, 41.02561 ], [ -79.26489, 41.023374 ], [ -79.26757, 41.020225 ], [ -79.271433, 41.018216 ], [ -79.273985, 41.017615 ], [ -79.276018, 41.01592 ], [ -79.281519, 41.010364 ], [ -79.282498, 41.009824 ], [ -79.285174, 41.009298 ], [ -79.292724, 41.010475 ], [ -79.294579, 41.011494 ], [ -79.299493, 41.011761 ], [ -79.302571, 41.013531 ], [ -79.304455, 41.011767 ], [ -79.310307, 41.008004 ], [ -79.314009, 41.005424 ], [ -79.314559, 41.004749 ], [ -79.315885, 41.003015 ], [ -79.319163, 41.001797 ], [ -79.330402, 41.000224 ], [ -79.334331, 40.999091 ], [ -79.336035, 41.000107 ], [ -79.336741, 41.002124 ], [ -79.337621, 41.002485 ], [ -79.340681, 41.001993 ], [ -79.344263, 40.99872 ], [ -79.345876, 40.997729 ], [ -79.348035, 40.997652 ], [ -79.352196, 40.999666 ], [ -79.356341, 40.999796 ], [ -79.359252, 41.002772 ], [ -79.361026, 41.003763 ], [ -79.362432, 41.003492 ], [ -79.364833, 41.002186 ], [ -79.365971, 41.0008 ], [ -79.367028, 40.996953 ], [ -79.368511, 40.993812 ], [ -79.371015, 40.990165 ], [ -79.37165, 40.987167 ], [ -79.371626, 40.984252 ], [ -79.371566, 40.982561 ], [ -79.369315, 40.975809 ], [ -79.371356, 40.973425 ], [ -79.372548, 40.969856 ], [ -79.374249, 40.968889 ], [ -79.378522, 40.968334 ], [ -79.381642, 40.969686 ], [ -79.382191, 40.971185 ], [ -79.381998, 40.977269 ], [ -79.380974, 40.979881 ], [ -79.378292, 40.981823 ], [ -79.374762, 40.98374 ], [ -79.374654, 40.984459 ], [ -79.377455, 40.985644 ], [ -79.383056, 40.984977 ], [ -79.38486, 40.985368 ], [ -79.386315, 40.986725 ], [ -79.386625, 40.987905 ], [ -79.385537, 40.989766 ], [ -79.382442, 40.990709 ], [ -79.377979, 40.990767 ], [ -79.377116, 40.991837 ], [ -79.378091, 40.994347 ], [ -79.379663, 40.9951 ], [ -79.38275, 40.995255 ], [ -79.385743, 40.994861 ], [ -79.390367, 40.993403 ], [ -79.392579, 40.994141 ], [ -79.394714, 40.99475 ], [ -79.396265, 40.993493 ], [ -79.397463, 40.990062 ], [ -79.400787, 40.988087 ], [ -79.402605, 40.987916 ], [ -79.404814, 40.988615 ], [ -79.406023, 40.991025 ], [ -79.404283, 40.995664 ], [ -79.404881, 40.998026 ], [ -79.406592, 40.998572 ], [ -79.411717, 40.997877 ], [ -79.413493, 40.998237 ], [ -79.414597, 40.99922 ], [ -79.415035, 41.000706 ], [ -79.413041, 41.003385 ], [ -79.410066, 41.005298 ], [ -79.410153, 41.007326 ], [ -79.412319, 41.008471 ], [ -79.415911, 41.005485 ], [ -79.420275, 41.003978 ], [ -79.421238, 41.002676 ], [ -79.420864, 40.999034 ], [ -79.422307, 40.995833 ], [ -79.42259, 40.993594 ], [ -79.424649, 40.988965 ], [ -79.42712, 40.986171 ], [ -79.430649, 40.985353 ], [ -79.439618, 40.987407 ], [ -79.442741, 40.987264 ], [ -79.444748, 40.986441 ], [ -79.449008, 40.982487 ], [ -79.451718, 40.98167 ], [ -79.455891, 40.98236 ], [ -79.459339, 40.982102 ], [ -79.46223, 40.983112 ], [ -79.462296, 40.984671 ], [ -79.460673, 40.986071 ], [ -79.457377, 40.987258 ], [ -79.455892, 40.988175 ], [ -79.455588, 40.990107 ], [ -79.456581, 40.991057 ], [ -79.457479, 40.991145 ], [ -79.461624, 40.989942 ], [ -79.46466, 40.990303 ], [ -79.467407, 40.991621 ], [ -79.469545, 40.993454 ], [ -79.475603, 40.994902 ], [ -79.481726, 40.99407 ], [ -79.487474, 40.99554 ], [ -79.488517, 40.995369 ], [ -79.490782, 40.991168 ], [ -79.4943, 40.987136 ], [ -79.494785, 40.986181 ], [ -79.492778, 40.980888 ], [ -79.492631, 40.979377 ], [ -79.493658, 40.977901 ], [ -79.501453, 40.976585 ], [ -79.503632, 40.976444 ], [ -79.505863, 40.977721 ], [ -79.506715, 40.981052 ], [ -79.506673, 40.983072 ], [ -79.508008, 40.984463 ], [ -79.510969, 40.985411 ], [ -79.511728, 40.986182 ], [ -79.514012, 40.986809 ], [ -79.516184, 40.986662 ], [ -79.517836, 40.983965 ], [ -79.517762, 40.983045 ], [ -79.515401, 40.981274 ], [ -79.514685, 40.979025 ], [ -79.516289, 40.97712 ], [ -79.522428, 40.974958 ], [ -79.524889, 40.975887 ], [ -79.528614, 40.978413 ], [ -79.532233, 40.979439 ], [ -79.535822, 40.980063 ], [ -79.537208, 40.980841 ], [ -79.539427, 40.984288 ], [ -79.541272, 40.984634 ], [ -79.54287, 40.984087 ], [ -79.545331, 40.982248 ], [ -79.548587, 40.982023 ], [ -79.551331, 40.980456 ], [ -79.552624, 40.97978 ], [ -79.553798, 40.981692 ], [ -79.557456, 40.983817 ], [ -79.561383, 40.985228 ], [ -79.566194, 40.985799 ], [ -79.570195, 40.985648 ], [ -79.572787, 40.9853 ], [ -79.574323, 40.984685 ], [ -79.581096, 40.980418 ], [ -79.587071, 40.974036 ], [ -79.588983, 40.970857 ], [ -79.590091, 40.969945 ], [ -79.59306, 40.968984 ], [ -79.596378, 40.96861 ], [ -79.601217, 40.969284 ], [ -79.60689, 40.971286 ], [ -79.613146, 40.973146 ], [ -79.618352, 40.974142 ], [ -79.622759, 40.976374 ], [ -79.62429, 40.978745 ], [ -79.624481, 40.981836 ], [ -79.623491, 40.98456 ], [ -79.619067, 40.98896 ], [ -79.610427, 40.993224 ], [ -79.60587, 40.994397 ], [ -79.600934, 40.994776 ], [ -79.597013, 40.994388 ], [ -79.586867, 40.991304 ], [ -79.584896, 40.991557 ], [ -79.582954, 40.992491 ], [ -79.581319, 40.99482 ], [ -79.581774, 40.997982 ], [ -79.585622, 41.001677 ], [ -79.587951, 41.003243 ], [ -79.590373, 41.004089 ], [ -79.595393, 41.005092 ], [ -79.601104, 41.00542 ], [ -79.606399, 41.005162 ], [ -79.608299, 41.005922 ], [ -79.609785, 41.008654 ], [ -79.609186, 41.012244 ], [ -79.608249, 41.013958 ], [ -79.604596, 41.01776 ], [ -79.602607, 41.020819 ], [ -79.600772, 41.025252 ], [ -79.599318, 41.03027 ], [ -79.59892, 41.033451 ], [ -79.599431, 41.035312 ], [ -79.601373, 41.036958 ], [ -79.603785, 41.037247 ], [ -79.60682, 41.036376 ], [ -79.610907, 41.033965 ], [ -79.615918, 41.033234 ], [ -79.619575, 41.033396 ], [ -79.623726, 41.034539 ], [ -79.627887, 41.035923 ], [ -79.632936, 41.037247 ], [ -79.636814, 41.037934 ], [ -79.639035, 41.039537 ], [ -79.643332, 41.041324 ], [ -79.651257, 41.045057 ], [ -79.662473, 41.047336 ], [ -79.66595, 41.049347 ], [ -79.66686, 41.051599 ], [ -79.66713, 41.055948 ], [ -79.665423, 41.058538 ], [ -79.661777, 41.061096 ], [ -79.658964, 41.062557 ], [ -79.656471, 41.06485 ], [ -79.655496, 41.068265 ], [ -79.655892, 41.069381 ], [ -79.659051, 41.073478 ], [ -79.662098, 41.075568 ], [ -79.666033, 41.078855 ], [ -79.671117, 41.081481 ], [ -79.674244, 41.082752 ], [ -79.676167, 41.084608 ], [ -79.679365, 41.091321 ], [ -79.680057, 41.09371 ], [ -79.68113, 41.101962 ], [ -79.680964, 41.10328 ], [ -79.681311, 41.106326 ], [ -79.679288, 41.116242 ], [ -79.679818, 41.125531 ], [ -79.678687, 41.132579 ], [ -79.679586, 41.137022 ], [ -79.680941, 41.138778 ], [ -79.684193, 41.142095 ], [ -79.686184, 41.143793 ], [ -79.686688, 41.144658 ], [ -79.68625, 41.148549 ], [ -79.684015, 41.151224 ], [ -79.680244, 41.155741 ], [ -79.679585, 41.15953 ], [ -79.681498, 41.162923 ], [ -79.689332, 41.169471 ], [ -79.688778, 41.133429 ], [ -79.690272, 41.103252 ], [ -79.690272, 41.10215 ], [ -79.690206, 41.079108 ], [ -79.69018, 41.056742 ], [ -79.69014, 41.030659 ], [ -79.690081, 41.005935 ], [ -79.68993, 41.002776 ], [ -79.689925, 40.957667 ], [ -79.689925, 40.957071 ], [ -79.691295, 40.894816 ], [ -79.691495, 40.884893 ], [ -79.691799, 40.848759 ], [ -79.692124, 40.813416 ], [ -79.692362, 40.806402 ], [ -79.692815, 40.789239 ], [ -79.692863, 40.773263 ], [ -79.693284, 40.741427 ] ] ] ] } },
{ "type": "Feature", "properties": { "STATEFP": "42", "COUNTYFP": "067", "COUNTYNS": "01209180", "GEOIDFQ": "0500000US42067", "GEOID": "42067", "NAME": "Juniata", "NAMELSAD": "Juniata County", "STUSPS": "PA", "STATE_NAME": "Pennsylvania", "LSAD": "06", "ALAND": 1013697487.0, "AWATER": 5502986.0, "STATE_NAME_HYPHEN": "Pennsylvania" }, "geometry": { "type": "MultiPolygon", "coordinates": [ [ [ [ -77.75212, 40.378545 ], [ -77.739342, 40.349224 ], [ -77.707393, 40.273996 ], [ -77.705668, 40.271312 ], [ -77.70296, 40.26387 ], [ -77.70303, 40.263576 ], [ -77.698954, 40.265775 ], [ -77.685163, 40.276304 ], [ -77.678013, 40.282587 ], [ -77.67586, 40.284699 ], [ -77.671761, 40.289825 ], [ -77.669248, 40.292698 ], [ -77.667152, 40.29443 ], [ -77.664906, 40.297265 ], [ -77.66088, 40.300366 ], [ -77.659985, 40.302012 ], [ -77.656389, 40.304877 ], [ -77.654299, 40.307446 ], [ -77.650243, 40.31103 ], [ -77.648699, 40.311881 ], [ -77.640785, 40.31858 ], [ -77.639749, 40.319832 ], [ -77.638571, 40.32024 ], [ -77.632561, 40.325021 ], [ -77.629356, 40.32683 ], [ -77.627156, 40.329028 ], [ -77.62563, 40.329461 ], [ -77.622251, 40.332179 ], [ -77.619922, 40.333497 ], [ -77.616493, 40.33646 ], [ -77.613659, 40.337673 ], [ -77.610967, 40.340355 ], [ -77.606696, 40.343236 ], [ -77.603669, 40.344109 ], [ -77.599428, 40.348147 ], [ -77.593766, 40.351047 ], [ -77.593455, 40.351205 ], [ -77.587868, 40.354648 ], [ -77.582794, 40.357041 ], [ -77.580621, 40.358556 ], [ -77.573935, 40.362426 ], [ -77.571459, 40.364122 ], [ -77.565665, 40.367363 ], [ -77.559107, 40.369803 ], [ -77.553583, 40.371169 ], [ -77.550877, 40.372411 ], [ -77.542941, 40.375081 ], [ -77.540614, 40.37556 ], [ -77.532265, 40.376006 ], [ -77.540141, 40.399221 ], [ -77.530089, 40.404224 ], [ -77.523878, 40.407995 ], [ -77.517085, 40.411608 ], [ -77.514311, 40.412724 ], [ -77.51041, 40.41482 ], [ -77.509022, 40.415144 ], [ -77.505068, 40.417843 ], [ -77.500236, 40.420461 ], [ -77.481683, 40.429874 ], [ -77.47838, 40.432011 ], [ -77.47142, 40.434913 ], [ -77.468193, 40.436733 ], [ -77.445888, 40.44716 ], [ -77.443713, 40.447584 ], [ -77.436537, 40.450554 ], [ -77.429027, 40.454468 ], [ -77.421857, 40.457024 ], [ -77.413433, 40.460589 ], [ -77.406271, 40.463854 ], [ -77.404227, 40.46505 ], [ -77.390609, 40.470979 ], [ -77.33811, 40.495336 ], [ -77.318033, 40.504771 ], [ -77.309552, 40.508802 ], [ -77.306162, 40.510151 ], [ -77.302683, 40.512417 ], [ -77.289592, 40.518457 ], [ -77.282789, 40.519504 ], [ -77.280604, 40.520107 ], [ -77.276699, 40.522766 ], [ -77.271715, 40.524438 ], [ -77.268812, 40.525769 ], [ -77.231696, 40.538484 ], [ -77.216457, 40.544417 ], [ -77.198462, 40.552287 ], [ -77.18295, 40.556696 ], [ -77.172759, 40.557705 ], [ -77.167561, 40.559509 ], [ -77.16996, 40.562726 ], [ -77.170023, 40.562817 ], [ -77.18293, 40.58214 ], [ -77.176268, 40.58331 ], [ -77.174124, 40.584103 ], [ -77.165863, 40.586389 ], [ -77.16322, 40.586887 ], [ -77.160943, 40.586531 ], [ -77.155456, 40.58714 ], [ -77.151569, 40.58726 ], [ -77.149644, 40.588037 ], [ -77.142772, 40.589079 ], [ -77.138186, 40.589363 ], [ -77.133336, 40.590249 ], [ -77.128059, 40.590826 ], [ -77.120255, 40.591278 ], [ -77.118923, 40.59265 ], [ -77.112751, 40.592842 ], [ -77.110571, 40.593259 ], [ -77.10679, 40.59279 ], [ -77.103314, 40.595905 ], [ -77.1005, 40.596348 ], [ -77.095996, 40.596276 ], [ -77.095089, 40.596929 ], [ -77.090864, 40.597159 ], [ -77.087292, 40.598052 ], [ -77.078012, 40.597682 ], [ -77.074638, 40.598201 ], [ -77.069991, 40.598464 ], [ -77.063584, 40.5996 ], [ -77.058657, 40.601135 ], [ -77.057035, 40.600893 ], [ -77.052124, 40.60185 ], [ -77.047269, 40.602523 ], [ -77.041954, 40.604223 ], [ -77.032974, 40.603446 ], [ -77.0258, 40.604411 ], [ -77.023304, 40.60426 ], [ -77.009996, 40.608085 ], [ -77.007119, 40.609122 ], [ -77.000108, 40.610915 ], [ -76.992162, 40.613938 ], [ -76.98765, 40.61619 ], [ -76.980224, 40.618865 ], [ -76.970943, 40.622556 ], [ -76.958594, 40.626771 ], [ -76.956077, 40.627938 ], [ -76.949148, 40.628167 ], [ -76.948601, 40.628461 ], [ -76.939883, 40.638142 ], [ -76.939534, 40.639083 ], [ -76.940656, 40.646175 ], [ -76.943519, 40.648356 ], [ -76.944828, 40.650209 ], [ -76.946318, 40.650122 ], [ -76.953626, 40.647866 ], [ -76.958641, 40.64711 ], [ -76.961814, 40.645674 ], [ -76.965528, 40.647149 ], [ -76.966478, 40.645507 ], [ -76.967623, 40.64528 ], [ -76.967495, 40.641255 ], [ -76.97177, 40.641796 ], [ -76.974823, 40.642809 ], [ -76.975901, 40.642243 ], [ -76.976581, 40.645374 ], [ -76.980803, 40.644793 ], [ -76.983865, 40.64374 ], [ -76.986631, 40.644025 ], [ -76.988044, 40.643591 ], [ -76.989644, 40.641761 ], [ -76.996995, 40.635778 ], [ -76.998943, 40.637789 ], [ -77.001754, 40.638804 ], [ -77.003131, 40.638717 ], [ -77.004845, 40.641742 ], [ -77.006054, 40.642615 ], [ -77.005535, 40.644432 ], [ -77.004045, 40.645572 ], [ -77.006455, 40.649667 ], [ -77.008117, 40.651275 ], [ -77.008611, 40.655776 ], [ -77.007234, 40.656033 ], [ -77.008418, 40.659912 ], [ -77.010152, 40.661234 ], [ -77.013792, 40.662164 ], [ -77.016411, 40.659945 ], [ -77.01915, 40.6595 ], [ -77.021644, 40.660043 ], [ -77.022514, 40.660886 ], [ -77.024844, 40.659029 ], [ -77.025753, 40.656063 ], [ -77.029501, 40.655562 ], [ -77.031674, 40.657092 ], [ -77.033219, 40.659534 ], [ -77.034409, 40.659928 ], [ -77.032419, 40.664672 ], [ -77.033945, 40.667141 ], [ -77.035442, 40.668516 ], [ -77.036234, 40.671283 ], [ -77.035046, 40.672362 ], [ -77.036362, 40.674852 ], [ -77.036073, 40.676063 ], [ -77.035549, 40.676918 ], [ -77.038444, 40.679724 ], [ -77.039339, 40.679958 ], [ -77.042344, 40.678502 ], [ -77.043728, 40.676846 ], [ -77.045769, 40.675637 ], [ -77.047275, 40.676369 ], [ -77.053281, 40.675191 ], [ -77.054382, 40.675997 ], [ -77.056742, 40.67596 ], [ -77.059248, 40.677266 ], [ -77.060451, 40.679854 ], [ -77.063411, 40.678444 ], [ -77.065801, 40.678277 ], [ -77.068083, 40.67984 ], [ -77.070506, 40.679708 ], [ -77.074821, 40.678374 ], [ -77.076325, 40.679085 ], [ -77.07816, 40.678417 ], [ -77.08481, 40.677477 ], [ -77.087952, 40.678377 ], [ -77.089733, 40.677099 ], [ -77.093891, 40.676192 ], [ -77.097327, 40.678365 ], [ -77.097324, 40.680191 ], [ -77.097428, 40.681053 ], [ -77.098897, 40.684861 ], [ -77.1001, 40.686028 ], [ -77.100191, 40.687922 ], [ -77.101386, 40.688848 ], [ -77.102472, 40.689352 ], [ -77.103875, 40.689682 ], [ -77.104467, 40.68939 ], [ -77.105603, 40.689601 ], [ -77.107111, 40.690675 ], [ -77.108709, 40.691382 ], [ -77.109597, 40.691578 ], [ -77.110718, 40.69142 ], [ -77.111941, 40.690598 ], [ -77.114946, 40.688979 ], [ -77.123289, 40.686833 ], [ -77.125544, 40.685687 ], [ -77.134462, 40.684238 ], [ -77.137206, 40.683532 ], [ -77.139844, 40.683584 ], [ -77.142784, 40.682632 ], [ -77.144, 40.681596 ], [ -77.149089, 40.680538 ], [ -77.150516, 40.677074 ], [ -77.171323, 40.679058 ], [ -77.198923, 40.682511 ], [ -77.269529, 40.691247 ], [ -77.269737, 40.691271 ], [ -77.287941, 40.693595 ], [ -77.307229, 40.688029 ], [ -77.308882, 40.687225 ], [ -77.319377, 40.68387 ], [ -77.323053, 40.683082 ], [ -77.344305, 40.675499 ], [ -77.34966, 40.674132 ], [ -77.355966, 40.671981 ], [ -77.357356, 40.671116 ], [ -77.36069, 40.669991 ], [ -77.363647, 40.668722 ], [ -77.368273, 40.667593 ], [ -77.3742, 40.664967 ], [ -77.384058, 40.661635 ], [ -77.387345, 40.660074 ], [ -77.395072, 40.657256 ], [ -77.407438, 40.652204 ], [ -77.412967, 40.649316 ], [ -77.417082, 40.647535 ], [ -77.42006, 40.64593 ], [ -77.423863, 40.644464 ], [ -77.425726, 40.644106 ], [ -77.432038, 40.641545 ], [ -77.439332, 40.638187 ], [ -77.442505, 40.637103 ], [ -77.448045, 40.6344 ], [ -77.452035, 40.632812 ], [ -77.455757, 40.63083 ], [ -77.468999, 40.624746 ], [ -77.471449, 40.623452 ], [ -77.473643, 40.622836 ], [ -77.478223, 40.620345 ], [ -77.480828, 40.619533 ], [ -77.484324, 40.617741 ], [ -77.486415, 40.615899 ], [ -77.489157, 40.615224 ], [ -77.493681, 40.612304 ], [ -77.49494, 40.61108 ], [ -77.49776, 40.609484 ], [ -77.497649, 40.596907 ], [ -77.497506, 40.58174 ], [ -77.502139, 40.57887 ], [ -77.50628, 40.576929 ], [ -77.510384, 40.574133 ], [ -77.512735, 40.573063 ], [ -77.51563, 40.569569 ], [ -77.518001, 40.568588 ], [ -77.520504, 40.566688 ], [ -77.521964, 40.566227 ], [ -77.526312, 40.563005 ], [ -77.528227, 40.562287 ], [ -77.532456, 40.559476 ], [ -77.536565, 40.557228 ], [ -77.548136, 40.551358 ], [ -77.548837, 40.550651 ], [ -77.559613, 40.545018 ], [ -77.566648, 40.541805 ], [ -77.574046, 40.537794 ], [ -77.5797, 40.534253 ], [ -77.588621, 40.529264 ], [ -77.594094, 40.525785 ], [ -77.596231, 40.524689 ], [ -77.605419, 40.518603 ], [ -77.611315, 40.515017 ], [ -77.612509, 40.514187 ], [ -77.612459, 40.490919 ], [ -77.625958, 40.482956 ], [ -77.628164, 40.481533 ], [ -77.634174, 40.477346 ], [ -77.636106, 40.475746 ], [ -77.645997, 40.468381 ], [ -77.661977, 40.455541 ], [ -77.667338, 40.450842 ], [ -77.671178, 40.447939 ], [ -77.677011, 40.443168 ], [ -77.680117, 40.440887 ], [ -77.684583, 40.437023 ], [ -77.696169, 40.428022 ], [ -77.702495, 40.423766 ], [ -77.706236, 40.420733 ], [ -77.710745, 40.417593 ], [ -77.711896, 40.41626 ], [ -77.720636, 40.409618 ], [ -77.721002, 40.409045 ], [ -77.721861, 40.408542 ], [ -77.738201, 40.39331 ], [ -77.740216, 40.390742 ], [ -77.74365, 40.387814 ], [ -77.746766, 40.384661 ], [ -77.75212, 40.378545 ] ] ] ] } },
{ "type": "Feature", "properties": { "STATEFP": "42", "COUNTYFP": "071", "COUNTYNS": "01209181", "GEOIDFQ": "0500000US42071", "GEOID": "42071", "NAME": "Lancaster", "NAMELSAD": "Lancaster County", "STUSPS": "PA", "STATE_NAME": "Pennsylvania", "LSAD": "06", "ALAND": 2444751650.0, "AWATER": 103368816.0, "STATE_NAME_HYPHEN": "Pennsylvania" }, "geometry": { "type": "MultiPolygon", "coordinates": [ [ [ [ -76.719966, 40.118972 ], [ -76.716423, 40.116974 ], [ -76.715097, 40.11598 ], [ -76.710932, 40.113843 ], [ -76.707881, 40.110626 ], [ -76.702285, 40.106542 ], [ -76.698681, 40.103427 ], [ -76.697187, 40.102492 ], [ -76.693163, 40.098762 ], [ -76.687529, 40.092303 ], [ -76.683489, 40.08631 ], [ -76.680428, 40.083192 ], [ -76.67951, 40.080988 ], [ -76.677477, 40.077474 ], [ -76.676042, 40.075987 ], [ -76.675504, 40.073596 ], [ -76.67361, 40.071544 ], [ -76.672052, 40.070158 ], [ -76.671267, 40.069028 ], [ -76.6693, 40.06745 ], [ -76.663825, 40.063227 ], [ -76.662498, 40.063045 ], [ -76.652767, 40.059572 ], [ -76.648542, 40.058936 ], [ -76.648163, 40.05871 ], [ -76.644508, 40.058069 ], [ -76.643902, 40.059536 ], [ -76.641144, 40.059491 ], [ -76.63581, 40.058364 ], [ -76.63303, 40.057369 ], [ -76.627733, 40.05601 ], [ -76.620598, 40.054729 ], [ -76.613366, 40.054477 ], [ -76.609884, 40.053575 ], [ -76.603811, 40.052474 ], [ -76.595819, 40.051514 ], [ -76.592897, 40.050831 ], [ -76.588482, 40.049313 ], [ -76.586127, 40.048908 ], [ -76.581546, 40.048113 ], [ -76.576411, 40.046397 ], [ -76.571217, 40.045669 ], [ -76.563854, 40.045816 ], [ -76.561872, 40.046183 ], [ -76.555823, 40.046373 ], [ -76.553895, 40.046725 ], [ -76.541455, 40.051037 ], [ -76.538768, 40.051462 ], [ -76.534524, 40.051348 ], [ -76.533874, 40.050818 ], [ -76.531552, 40.046157 ], [ -76.532168, 40.038232 ], [ -76.531836, 40.035693 ], [ -76.52978, 40.03284 ], [ -76.529654, 40.030945 ], [ -76.528585, 40.030322 ], [ -76.526916, 40.026178 ], [ -76.526466, 40.025937 ], [ -76.520327, 40.020022 ], [ -76.516751, 40.017674 ], [ -76.51503, 40.016665 ], [ -76.513457, 40.015398 ], [ -76.512236, 40.013442 ], [ -76.512005, 40.012489 ], [ -76.509586, 40.009423 ], [ -76.505581, 40.005961 ], [ -76.503787, 40.003247 ], [ -76.500611, 40.000624 ], [ -76.500145, 39.999035 ], [ -76.498626, 39.996933 ], [ -76.497967, 39.994495 ], [ -76.498051, 39.992458 ], [ -76.4972, 39.989031 ], [ -76.496362, 39.980295 ], [ -76.495611, 39.978989 ], [ -76.495846, 39.978648 ], [ -76.495352, 39.976128 ], [ -76.49187, 39.970062 ], [ -76.490205, 39.96673 ], [ -76.487389, 39.962135 ], [ -76.484461, 39.959 ], [ -76.479207, 39.954813 ], [ -76.477878, 39.952974 ], [ -76.478206, 39.951672 ], [ -76.477691, 39.949833 ], [ -76.477949, 39.951623 ], [ -76.477021, 39.951508 ], [ -76.47358, 39.947352 ], [ -76.469811, 39.944393 ], [ -76.467577, 39.943049 ], [ -76.463425, 39.941754 ], [ -76.45975, 39.94125 ], [ -76.458922, 39.940261 ], [ -76.453892, 39.938153 ], [ -76.448969, 39.934338 ], [ -76.443804, 39.932268 ], [ -76.440573, 39.931779 ], [ -76.436907, 39.930407 ], [ -76.435794, 39.930522 ], [ -76.430401, 39.928907 ], [ -76.422156, 39.925832 ], [ -76.415695, 39.922042 ], [ -76.411538, 39.919839 ], [ -76.409449, 39.918174 ], [ -76.405071, 39.915395 ], [ -76.404073, 39.915647 ], [ -76.395131, 39.914008 ], [ -76.392115, 39.912749 ], [ -76.39045, 39.911751 ], [ -76.385518, 39.905698 ], [ -76.385334, 39.901933 ], [ -76.383783, 39.8975 ], [ -76.383777, 39.893617 ], [ -76.381733, 39.891633 ], [ -76.379769, 39.887913 ], [ -76.379516, 39.886435 ], [ -76.38008, 39.881902 ], [ -76.381709, 39.87906 ], [ -76.380692, 39.873675 ], [ -76.379508, 39.872931 ], [ -76.37886, 39.869509 ], [ -76.377927, 39.867147 ], [ -76.376657, 39.865642 ], [ -76.374255, 39.864666 ], [ -76.369641, 39.860399 ], [ -76.367598, 39.859287 ], [ -76.361674, 39.857054 ], [ -76.360701, 39.85585 ], [ -76.356824, 39.853326 ], [ -76.35333, 39.84983 ], [ -76.35211, 39.849032 ], [ -76.350759, 39.84709 ], [ -76.351273, 39.84232 ], [ -76.350543, 39.837756 ], [ -76.344793, 39.83165 ], [ -76.340942, 39.826817 ], [ -76.341068, 39.825918 ], [ -76.338255, 39.822062 ], [ -76.336388, 39.820937 ], [ -76.333139, 39.817769 ], [ -76.328353, 39.814788 ], [ -76.322704, 39.813083 ], [ -76.315702, 39.810037 ], [ -76.313351, 39.80797 ], [ -76.31246, 39.806047 ], [ -76.314242, 39.807312 ], [ -76.312445, 39.805425 ], [ -76.3105, 39.803059 ], [ -76.305303, 39.798757 ], [ -76.296998, 39.791178 ], [ -76.290182, 39.785011 ], [ -76.28424, 39.780672 ], [ -76.283265, 39.780184 ], [ -76.279839, 39.77964 ], [ -76.278324, 39.778494 ], [ -76.276113, 39.77562 ], [ -76.271598, 39.765806 ], [ -76.267475, 39.759358 ], [ -76.264457, 39.756567 ], [ -76.262689, 39.754288 ], [ -76.260577, 39.752035 ], [ -76.256564, 39.75004 ], [ -76.249584, 39.73998 ], [ -76.245573, 39.737174 ], [ -76.242249, 39.732868 ], [ -76.240582, 39.730313 ], [ -76.238791, 39.725957 ], [ -76.23869, 39.725093 ], [ -76.239805, 39.721305 ], [ -76.233277, 39.721305 ], [ -76.2332588, 39.721305 ], [ -76.1543531, 39.7215076 ], [ -76.1543346, 39.7215077 ], [ -76.1355845, 39.7215558 ], [ -76.136672, 39.725268 ], [ -76.134365, 39.727058 ], [ -76.12762, 39.727562 ], [ -76.124712, 39.726606 ], [ -76.122252, 39.723407 ], [ -76.119261, 39.723435 ], [ -76.118226, 39.725412 ], [ -76.120304, 39.729848 ], [ -76.119778, 39.73193 ], [ -76.120651, 39.735128 ], [ -76.119924, 39.736364 ], [ -76.115357, 39.736596 ], [ -76.113616, 39.737125 ], [ -76.11096, 39.736175 ], [ -76.108565, 39.734836 ], [ -76.109945, 39.730541 ], [ -76.111177, 39.728521 ], [ -76.110644, 39.727603 ], [ -76.10796, 39.725374 ], [ -76.105201, 39.723981 ], [ -76.101791, 39.724271 ], [ -76.101748, 39.725278 ], [ -76.099887, 39.727443 ], [ -76.096762, 39.729087 ], [ -76.09262, 39.733534 ], [ -76.092592, 39.734187 ], [ -76.096188, 39.737236 ], [ -76.099415, 39.73794 ], [ -76.10205, 39.739884 ], [ -76.100657, 39.742877 ], [ -76.100336, 39.745722 ], [ -76.098608, 39.745486 ], [ -76.096877, 39.743111 ], [ -76.092986, 39.74283 ], [ -76.088033, 39.744932 ], [ -76.084334, 39.748342 ], [ -76.084195, 39.750464 ], [ -76.082599, 39.75305 ], [ -76.083646, 39.754577 ], [ -76.085794, 39.75589 ], [ -76.084352, 39.758644 ], [ -76.081852, 39.761351 ], [ -76.079568, 39.761963 ], [ -76.076461, 39.761813 ], [ -76.069461, 39.759844 ], [ -76.066685, 39.759969 ], [ -76.062602, 39.764501 ], [ -76.063651, 39.767391 ], [ -76.064086, 39.768347 ], [ -76.064923, 39.770283 ], [ -76.064564, 39.771189 ], [ -76.062016, 39.773919 ], [ -76.060524, 39.775011 ], [ -76.060311, 39.77633 ], [ -76.058397, 39.779861 ], [ -76.055388, 39.780279 ], [ -76.053635, 39.781599 ], [ -76.052183, 39.781874 ], [ -76.049678, 39.783784 ], [ -76.049334, 39.786652 ], [ -76.048525, 39.78924 ], [ -76.046944, 39.790235 ], [ -76.043637, 39.791242 ], [ -76.045104, 39.793033 ], [ -76.043382, 39.794376 ], [ -76.041257, 39.796947 ], [ -76.043507, 39.797852 ], [ -76.045738, 39.800989 ], [ -76.048981, 39.802044 ], [ -76.049746, 39.802428 ], [ -76.048287, 39.803968 ], [ -76.04572, 39.803778 ], [ -76.042793, 39.802718 ], [ -76.040223, 39.801121 ], [ -76.039164, 39.801165 ], [ -76.038501, 39.80173 ], [ -76.035858, 39.806241 ], [ -76.035123, 39.808143 ], [ -76.035216, 39.811835 ], [ -76.034438, 39.812517 ], [ -76.030756, 39.812238 ], [ -76.029592, 39.812998 ], [ -76.031071, 39.814766 ], [ -76.031072, 39.817526 ], [ -76.033118, 39.820498 ], [ -76.036307, 39.823317 ], [ -76.037953, 39.825909 ], [ -76.037636, 39.826917 ], [ -76.0331, 39.825988 ], [ -76.030232, 39.823973 ], [ -76.027034, 39.824153 ], [ -76.025866, 39.82477 ], [ -76.023784, 39.827134 ], [ -76.023581, 39.829394 ], [ -76.022826, 39.8308 ], [ -76.019293, 39.831054 ], [ -76.017356, 39.830607 ], [ -76.016473, 39.831481 ], [ -76.017384, 39.833488 ], [ -76.018041, 39.836376 ], [ -76.017809, 39.838173 ], [ -76.019813, 39.839739 ], [ -76.018775, 39.840514 ], [ -76.020755, 39.845027 ], [ -76.020387, 39.847642 ], [ -76.020953, 39.849459 ], [ -76.022497, 39.848541 ], [ -76.022823, 39.849844 ], [ -76.01991, 39.853524 ], [ -76.018825, 39.85408 ], [ -76.015805, 39.853758 ], [ -76.014291, 39.852797 ], [ -76.01158, 39.853178 ], [ -76.008575, 39.851965 ], [ -76.007576, 39.852349 ], [ -76.006734, 39.853958 ], [ -76.007327, 39.854867 ], [ -76.0076, 39.857432 ], [ -76.007007, 39.858219 ], [ -76.005856, 39.866606 ], [ -76.004442, 39.86887 ], [ -76.004136, 39.872879 ], [ -76.001709, 39.874698 ], [ -75.997497, 39.873615 ], [ -75.998373, 39.872027 ], [ -75.991284, 39.868738 ], [ -75.990492, 39.870936 ], [ -75.987466, 39.872478 ], [ -75.986914, 39.873499 ], [ -75.986777, 39.874716 ], [ -75.988386, 39.878218 ], [ -75.992347, 39.88216 ], [ -75.991665, 39.882798 ], [ -75.990583, 39.884585 ], [ -75.991495, 39.88524 ], [ -75.991258, 39.887591 ], [ -75.989371, 39.890616 ], [ -75.986823, 39.892192 ], [ -75.987793, 39.894774 ], [ -75.993329, 39.898996 ], [ -75.994388, 39.898257 ], [ -75.995133, 39.898916 ], [ -75.99455, 39.90254 ], [ -75.995989, 39.903786 ], [ -75.997516, 39.909891 ], [ -75.99552, 39.911356 ], [ -75.996103, 39.914552 ], [ -75.994896, 39.916585 ], [ -75.997132, 39.922062 ], [ -75.995827, 39.924595 ], [ -75.997303, 39.927009 ], [ -75.997011, 39.92869 ], [ -75.995249, 39.928129 ], [ -75.992597, 39.92657 ], [ -75.991167, 39.927258 ], [ -75.991467, 39.929003 ], [ -75.987363, 39.9298 ], [ -75.985943, 39.931517 ], [ -75.984682, 39.932119 ], [ -75.98136, 39.929755 ], [ -75.981583, 39.931771 ], [ -75.980966, 39.933479 ], [ -75.982152, 39.935619 ], [ -75.985056, 39.937871 ], [ -75.988005, 39.939562 ], [ -75.989354, 39.941985 ], [ -75.990206, 39.945158 ], [ -75.992347, 39.94599 ], [ -75.991037, 39.947534 ], [ -75.994629, 39.952429 ], [ -75.99153, 39.956041 ], [ -75.990123, 39.959476 ], [ -75.989488, 39.960067 ], [ -75.98865, 39.961613 ], [ -75.985984, 39.964543 ], [ -75.986702, 39.96724 ], [ -75.972407, 39.98751 ], [ -75.951398, 40.016421 ], [ -75.945642, 40.02427 ], [ -75.943024, 40.027765 ], [ -75.936677, 40.036392 ], [ -75.93587, 40.037466 ], [ -75.934332, 40.047566 ], [ -75.936224, 40.065359 ], [ -75.936191, 40.067258 ], [ -75.936171, 40.073199 ], [ -75.936135, 40.078535 ], [ -75.937059, 40.082595 ], [ -75.938433, 40.088528 ], [ -75.942028, 40.104522 ], [ -75.94244, 40.106515 ], [ -75.942997, 40.109266 ], [ -75.890457, 40.129531 ], [ -75.877787, 40.135478 ], [ -75.873375, 40.137107 ], [ -75.875222, 40.138112 ], [ -75.886078, 40.145222 ], [ -75.893762, 40.15022 ], [ -75.898248, 40.153155 ], [ -75.901845, 40.155505 ], [ -75.941804, 40.181588 ], [ -75.943437, 40.182676 ], [ -75.95686, 40.191404 ], [ -75.980331, 40.206296 ], [ -76.043993, 40.247196 ], [ -76.044058, 40.247237 ], [ -76.049489, 40.250634 ], [ -76.060963, 40.257995 ], [ -76.091764, 40.277692 ], [ -76.10299, 40.284849 ], [ -76.131741, 40.303162 ], [ -76.138592, 40.307553 ], [ -76.141254, 40.30924 ], [ -76.149761, 40.314738 ], [ -76.151215, 40.315971 ], [ -76.151475, 40.315695 ], [ -76.211253, 40.292723 ], [ -76.215258, 40.29118 ], [ -76.28395, 40.264369 ], [ -76.307741, 40.255044 ], [ -76.336461, 40.251284 ], [ -76.350503, 40.249676 ], [ -76.360572, 40.248192 ], [ -76.368198, 40.247416 ], [ -76.386298, 40.244994 ], [ -76.429532, 40.23899 ], [ -76.435427, 40.238217 ], [ -76.436433, 40.23789 ], [ -76.466307, 40.2284 ], [ -76.469311, 40.227409 ], [ -76.500545, 40.21779 ], [ -76.501997, 40.217448 ], [ -76.566339, 40.196644 ], [ -76.567018, 40.195554 ], [ -76.571195, 40.194401 ], [ -76.572506, 40.194922 ], [ -76.575376, 40.194175 ], [ -76.579051, 40.194856 ], [ -76.580708, 40.194687 ], [ -76.581982, 40.193467 ], [ -76.582682, 40.190952 ], [ -76.583851, 40.190988 ], [ -76.586412, 40.189484 ], [ -76.58789, 40.190559 ], [ -76.589485, 40.190349 ], [ -76.592712, 40.18938 ], [ -76.5955, 40.189401 ], [ -76.596189, 40.188827 ], [ -76.599865, 40.188264 ], [ -76.602929, 40.188771 ], [ -76.603232, 40.189545 ], [ -76.606519, 40.18999 ], [ -76.608092, 40.189403 ], [ -76.608047, 40.188348 ], [ -76.611793, 40.186251 ], [ -76.612987, 40.185381 ], [ -76.612215, 40.183945 ], [ -76.614767, 40.182452 ], [ -76.615948, 40.180607 ], [ -76.619482, 40.179303 ], [ -76.621189, 40.179841 ], [ -76.625478, 40.178001 ], [ -76.626256, 40.178256 ], [ -76.627685, 40.176739 ], [ -76.627899, 40.175282 ], [ -76.632102, 40.170616 ], [ -76.633825, 40.170097 ], [ -76.633887, 40.170858 ], [ -76.636018, 40.170062 ], [ -76.636526, 40.168348 ], [ -76.63841, 40.166738 ], [ -76.640611, 40.167269 ], [ -76.643169, 40.165625 ], [ -76.644103, 40.164906 ], [ -76.653104, 40.16605 ], [ -76.654714, 40.164042 ], [ -76.660988, 40.165101 ], [ -76.662043, 40.163467 ], [ -76.664402, 40.163099 ], [ -76.666369, 40.163024 ], [ -76.666783, 40.16125 ], [ -76.6728, 40.157499 ], [ -76.670563, 40.154487 ], [ -76.674223, 40.1544 ], [ -76.676369, 40.153055 ], [ -76.676173, 40.151408 ], [ -76.677209, 40.148886 ], [ -76.680612, 40.149063 ], [ -76.680859, 40.150986 ], [ -76.683151, 40.151795 ], [ -76.68689, 40.149436 ], [ -76.690486, 40.148362 ], [ -76.689757, 40.150657 ], [ -76.689939, 40.152238 ], [ -76.691644, 40.153972 ], [ -76.690799, 40.156252 ], [ -76.692316, 40.15741 ], [ -76.697664, 40.156342 ], [ -76.695594, 40.154097 ], [ -76.696158, 40.150117 ], [ -76.698916, 40.148424 ], [ -76.699067, 40.145806 ], [ -76.699874, 40.14511 ], [ -76.7038, 40.144454 ], [ -76.705696, 40.143012 ], [ -76.710092, 40.137084 ], [ -76.706999, 40.13607 ], [ -76.706412, 40.135266 ], [ -76.70929, 40.134642 ], [ -76.713492, 40.132255 ], [ -76.714587, 40.132434 ], [ -76.715907, 40.131479 ], [ -76.72162, 40.12007 ], [ -76.719966, 40.118972 ] ] ] ] } },
{ "type": "Feature", "properties": { "STATEFP": "42", "COUNTYFP": "033", "COUNTYNS": "01209175", "GEOIDFQ": "0500000US42033", "GEOID": "42033", "NAME": "Clearfield", "NAMELSAD": "Clearfield County", "STUSPS": "PA", "STATE_NAME": "Pennsylvania", "LSAD": "06", "ALAND": 2965691769.0, "AWATER": 24125590.0, "STATE_NAME_HYPHEN": "Pennsylvania" }, "geometry": { "type": "MultiPolygon", "coordinates": [ [ [ [ -78.806482, 40.805701 ], [ -78.806322, 40.735226 ], [ -78.806274, 40.729742 ], [ -78.803291, 40.72882 ], [ -78.801726, 40.724618 ], [ -78.715864, 40.724372 ], [ -78.715181, 40.724405 ], [ -78.714117, 40.724402 ], [ -78.696411, 40.72435 ], [ -78.691153, 40.724318 ], [ -78.688187, 40.724251 ], [ -78.635504, 40.723082 ], [ -78.589116, 40.724868 ], [ -78.578038, 40.725295 ], [ -78.569023, 40.725642 ], [ -78.531986, 40.725905 ], [ -78.531923, 40.725906 ], [ -78.46752, 40.72548 ], [ -78.431285, 40.725376 ], [ -78.402899, 40.725239 ], [ -78.348668, 40.723443 ], [ -78.351201, 40.725353 ], [ -78.360619, 40.733181 ], [ -78.362986, 40.733157 ], [ -78.364532, 40.73414 ], [ -78.365163, 40.735565 ], [ -78.366426, 40.736097 ], [ -78.367849, 40.73908 ], [ -78.368857, 40.740082 ], [ -78.368994, 40.741919 ], [ -78.370431, 40.742825 ], [ -78.371897, 40.746586 ], [ -78.372869, 40.746904 ], [ -78.373017, 40.749892 ], [ -78.37558, 40.750905 ], [ -78.376505, 40.752559 ], [ -78.376031, 40.754497 ], [ -78.374262, 40.755998 ], [ -78.373423, 40.757553 ], [ -78.37135, 40.757709 ], [ -78.370685, 40.759706 ], [ -78.367868, 40.760998 ], [ -78.365256, 40.764545 ], [ -78.363204, 40.764501 ], [ -78.360632, 40.765391 ], [ -78.359133, 40.767895 ], [ -78.356161, 40.768395 ], [ -78.353828, 40.768326 ], [ -78.352053, 40.768912 ], [ -78.351718, 40.77047 ], [ -78.352241, 40.772079 ], [ -78.351239, 40.772869 ], [ -78.35087, 40.774896 ], [ -78.349317, 40.776271 ], [ -78.34747, 40.778947 ], [ -78.346371, 40.779083 ], [ -78.345905, 40.781053 ], [ -78.342578, 40.781895 ], [ -78.342514, 40.783404 ], [ -78.343478, 40.783933 ], [ -78.341836, 40.785007 ], [ -78.341875, 40.787007 ], [ -78.343109, 40.788479 ], [ -78.343675, 40.79083 ], [ -78.340249, 40.791562 ], [ -78.339255, 40.794752 ], [ -78.339693, 40.795848 ], [ -78.338864, 40.797002 ], [ -78.33921, 40.79818 ], [ -78.337837, 40.799198 ], [ -78.331661, 40.801122 ], [ -78.330165, 40.802096 ], [ -78.329566, 40.803359 ], [ -78.327317, 40.80466 ], [ -78.326926, 40.805899 ], [ -78.322724, 40.806156 ], [ -78.322169, 40.805531 ], [ -78.320308, 40.808434 ], [ -78.313751, 40.808558 ], [ -78.314021, 40.810166 ], [ -78.312212, 40.811351 ], [ -78.311632, 40.813892 ], [ -78.308008, 40.81572 ], [ -78.306678, 40.818533 ], [ -78.305927, 40.818807 ], [ -78.305625, 40.820638 ], [ -78.304067, 40.821548 ], [ -78.302154, 40.821739 ], [ -78.30151, 40.822937 ], [ -78.299383, 40.82456 ], [ -78.300282, 40.827968 ], [ -78.299522, 40.829839 ], [ -78.29997, 40.831416 ], [ -78.301983, 40.833495 ], [ -78.301893, 40.834154 ], [ -78.301295, 40.83495 ], [ -78.298797, 40.835144 ], [ -78.294437, 40.837919 ], [ -78.293844, 40.840619 ], [ -78.2906, 40.84252 ], [ -78.291316, 40.846748 ], [ -78.290761, 40.848022 ], [ -78.28863, 40.849714 ], [ -78.285542, 40.849874 ], [ -78.284237, 40.851049 ], [ -78.280054, 40.850585 ], [ -78.277729, 40.850993 ], [ -78.275563, 40.85009 ], [ -78.273827, 40.848055 ], [ -78.270183, 40.846947 ], [ -78.267336, 40.847966 ], [ -78.267169, 40.850264 ], [ -78.263953, 40.851034 ], [ -78.263042, 40.852795 ], [ -78.26057, 40.854684 ], [ -78.256771, 40.855397 ], [ -78.254763, 40.853756 ], [ -78.251598, 40.854235 ], [ -78.24922, 40.855383 ], [ -78.246908, 40.858365 ], [ -78.249131, 40.861101 ], [ -78.248196, 40.862312 ], [ -78.248603, 40.864632 ], [ -78.249779, 40.865316 ], [ -78.248975, 40.869519 ], [ -78.246288, 40.872086 ], [ -78.244111, 40.8717 ], [ -78.23919, 40.872751 ], [ -78.237946, 40.872068 ], [ -78.237524, 40.873323 ], [ -78.23571, 40.873603 ], [ -78.235895, 40.8749 ], [ -78.238333, 40.876436 ], [ -78.241695, 40.876942 ], [ -78.244378, 40.876775 ], [ -78.246475, 40.875844 ], [ -78.249342, 40.876387 ], [ -78.249509, 40.877164 ], [ -78.247234, 40.877804 ], [ -78.247761, 40.879557 ], [ -78.243306, 40.880645 ], [ -78.242987, 40.881479 ], [ -78.24045, 40.881636 ], [ -78.237209, 40.880387 ], [ -78.23509, 40.880159 ], [ -78.234708, 40.879259 ], [ -78.232992, 40.880177 ], [ -78.232938, 40.878392 ], [ -78.230038, 40.880299 ], [ -78.228228, 40.883006 ], [ -78.227937, 40.886733 ], [ -78.226138, 40.887599 ], [ -78.221597, 40.888506 ], [ -78.220641, 40.890312 ], [ -78.220911, 40.891574 ], [ -78.224194, 40.894704 ], [ -78.22422, 40.895968 ], [ -78.227201, 40.897368 ], [ -78.227746, 40.897564 ], [ -78.226772, 40.898564 ], [ -78.229136, 40.899744 ], [ -78.227814, 40.904227 ], [ -78.226517, 40.903483 ], [ -78.22503, 40.905241 ], [ -78.224301, 40.905982 ], [ -78.225942, 40.9074 ], [ -78.22165, 40.910968 ], [ -78.217405, 40.91383 ], [ -78.215215, 40.913317 ], [ -78.214837, 40.914809 ], [ -78.211734, 40.915872 ], [ -78.210351, 40.917396 ], [ -78.208601, 40.916401 ], [ -78.206818, 40.916939 ], [ -78.204611, 40.915619 ], [ -78.201637, 40.915813 ], [ -78.199906, 40.916816 ], [ -78.200296, 40.917709 ], [ -78.198275, 40.91762 ], [ -78.195985, 40.919992 ], [ -78.194279, 40.919385 ], [ -78.192382, 40.920568 ], [ -78.190965, 40.91873 ], [ -78.188745, 40.919272 ], [ -78.18571, 40.920789 ], [ -78.185691, 40.921582 ], [ -78.181829, 40.922294 ], [ -78.179875, 40.923559 ], [ -78.17784, 40.928161 ], [ -78.179089, 40.927845 ], [ -78.177202, 40.930209 ], [ -78.175005, 40.931966 ], [ -78.171481, 40.932418 ], [ -78.172285, 40.935204 ], [ -78.171279, 40.936767 ], [ -78.168526, 40.936249 ], [ -78.166461, 40.936686 ], [ -78.163326, 40.939342 ], [ -78.164555, 40.940943 ], [ -78.162454, 40.942069 ], [ -78.159931, 40.942021 ], [ -78.158124, 40.94137 ], [ -78.155639, 40.941645 ], [ -78.155638, 40.942777 ], [ -78.157786, 40.946108 ], [ -78.158125, 40.948572 ], [ -78.159412, 40.950366 ], [ -78.159369, 40.954068 ], [ -78.162328, 40.954763 ], [ -78.166632, 40.952295 ], [ -78.168206, 40.952034 ], [ -78.169627, 40.955665 ], [ -78.168712, 40.960228 ], [ -78.167605, 40.961017 ], [ -78.166131, 40.961559 ], [ -78.159787, 40.961224 ], [ -78.154787, 40.959481 ], [ -78.151604, 40.957366 ], [ -78.14715, 40.956675 ], [ -78.146488, 40.956006 ], [ -78.147183, 40.952216 ], [ -78.147635, 40.949333 ], [ -78.146607, 40.948684 ], [ -78.144284, 40.948588 ], [ -78.141059, 40.949844 ], [ -78.140325, 40.951024 ], [ -78.140735, 40.952431 ], [ -78.13952, 40.953922 ], [ -78.139648, 40.957102 ], [ -78.138376, 40.959271 ], [ -78.136447, 40.961413 ], [ -78.136012, 40.962599 ], [ -78.136351, 40.966018 ], [ -78.135894, 40.966723 ], [ -78.133693, 40.967042 ], [ -78.131969, 40.965906 ], [ -78.129964, 40.961841 ], [ -78.132475, 40.958863 ], [ -78.135111, 40.957372 ], [ -78.136376, 40.956021 ], [ -78.135356, 40.953965 ], [ -78.132302, 40.953207 ], [ -78.130621, 40.951341 ], [ -78.131301, 40.949567 ], [ -78.133968, 40.947766 ], [ -78.133862, 40.946741 ], [ -78.132607, 40.945894 ], [ -78.128903, 40.94599 ], [ -78.127034, 40.945681 ], [ -78.121786, 40.947127 ], [ -78.120742, 40.945569 ], [ -78.122442, 40.943887 ], [ -78.120718, 40.942053 ], [ -78.116587, 40.942902 ], [ -78.111334, 40.945124 ], [ -78.110226, 40.947216 ], [ -78.109828, 40.949933 ], [ -78.107594, 40.950648 ], [ -78.104214, 40.949518 ], [ -78.099263, 40.951589 ], [ -78.0949, 40.950436 ], [ -78.093031, 40.951328 ], [ -78.09211, 40.952987 ], [ -78.089568, 40.954458 ], [ -78.081506, 40.955064 ], [ -78.078105, 40.956447 ], [ -78.07774, 40.958824 ], [ -78.078504, 40.960451 ], [ -78.081192, 40.96384 ], [ -78.08338, 40.965708 ], [ -78.084049, 40.967731 ], [ -78.086162, 40.969669 ], [ -78.088147, 40.970321 ], [ -78.091287, 40.969891 ], [ -78.093746, 40.97049 ], [ -78.096778, 40.972849 ], [ -78.094791, 40.974102 ], [ -78.092119, 40.972814 ], [ -78.088879, 40.975346 ], [ -78.088674, 40.976085 ], [ -78.090641, 40.979419 ], [ -78.090522, 40.980881 ], [ -78.089058, 40.981109 ], [ -78.086477, 40.980528 ], [ -78.084428, 40.980831 ], [ -78.082089, 40.984185 ], [ -78.081835, 40.985414 ], [ -78.084702, 40.990892 ], [ -78.086863, 40.992769 ], [ -78.086105, 40.994468 ], [ -78.083802, 40.994458 ], [ -78.081095, 40.993359 ], [ -78.075598, 40.993463 ], [ -78.073608, 40.993937 ], [ -78.070045, 40.996015 ], [ -78.068115, 40.997645 ], [ -78.066675, 40.997692 ], [ -78.064446, 40.995316 ], [ -78.061923, 40.995219 ], [ -78.061085, 40.996277 ], [ -78.06185, 40.9979 ], [ -78.064449, 40.999957 ], [ -78.065322, 41.001725 ], [ -78.065138, 41.003338 ], [ -78.062773, 41.004789 ], [ -78.060411, 41.004183 ], [ -78.058271, 41.003655 ], [ -78.055705, 41.00486 ], [ -78.055956, 41.008273 ], [ -78.06012, 41.012213 ], [ -78.062002, 41.013271 ], [ -78.068067, 41.012841 ], [ -78.069136, 41.013242 ], [ -78.069831, 41.014694 ], [ -78.069195, 41.017229 ], [ -78.067889, 41.019484 ], [ -78.070035, 41.020447 ], [ -78.072127, 41.020336 ], [ -78.074852, 41.02142 ], [ -78.075599, 41.022185 ], [ -78.074862, 41.02355 ], [ -78.071048, 41.024421 ], [ -78.07046, 41.02494 ], [ -78.071255, 41.026582 ], [ -78.073308, 41.02705 ], [ -78.076299, 41.026305 ], [ -78.077308, 41.026601 ], [ -78.079903, 41.02948 ], [ -78.080312, 41.030655 ], [ -78.079319, 41.033184 ], [ -78.078302, 41.034064 ], [ -78.076163, 41.034479 ], [ -78.073941, 41.034069 ], [ -78.071529, 41.032789 ], [ -78.069269, 41.032721 ], [ -78.067491, 41.034734 ], [ -78.06562, 41.03578 ], [ -78.061457, 41.035963 ], [ -78.058248, 41.036708 ], [ -78.057149, 41.037533 ], [ -78.057258, 41.039351 ], [ -78.058683, 41.040822 ], [ -78.063174, 41.043976 ], [ -78.06408, 41.045913 ], [ -78.063023, 41.047326 ], [ -78.059385, 41.050834 ], [ -78.059898, 41.052203 ], [ -78.062363, 41.05323 ], [ -78.065657, 41.051741 ], [ -78.068203, 41.049959 ], [ -78.071396, 41.049918 ], [ -78.072849, 41.051922 ], [ -78.073303, 41.054212 ], [ -78.073176, 41.056488 ], [ -78.074199, 41.058649 ], [ -78.07556, 41.059657 ], [ -78.077918, 41.059747 ], [ -78.084618, 41.057392 ], [ -78.088104, 41.057144 ], [ -78.09036, 41.058171 ], [ -78.090651, 41.059412 ], [ -78.088795, 41.063427 ], [ -78.085832, 41.066336 ], [ -78.085098, 41.068114 ], [ -78.085637, 41.06865 ], [ -78.090517, 41.069751 ], [ -78.092192, 41.070414 ], [ -78.095752, 41.070903 ], [ -78.097184, 41.072349 ], [ -78.09628, 41.073331 ], [ -78.093733, 41.075833 ], [ -78.092557, 41.078365 ], [ -78.092671, 41.079562 ], [ -78.094809, 41.082352 ], [ -78.098111, 41.086039 ], [ -78.101574, 41.092164 ], [ -78.107614, 41.10551 ], [ -78.108873, 41.107544 ], [ -78.111695, 41.111061 ], [ -78.11225, 41.11364 ], [ -78.111239, 41.115473 ], [ -78.110572, 41.116151 ], [ -78.109329, 41.117138 ], [ -78.103273, 41.121202 ], [ -78.100345, 41.121783 ], [ -78.097184, 41.121124 ], [ -78.094757, 41.119666 ], [ -78.093776, 41.116352 ], [ -78.092357, 41.115679 ], [ -78.089202, 41.116038 ], [ -78.087595, 41.117173 ], [ -78.086613, 41.11943 ], [ -78.086447, 41.123573 ], [ -78.084138, 41.125945 ], [ -78.081907, 41.126308 ], [ -78.077672, 41.125167 ], [ -78.073732, 41.122055 ], [ -78.070417, 41.121878 ], [ -78.068659, 41.124308 ], [ -78.068783, 41.125601 ], [ -78.070432, 41.128981 ], [ -78.070351, 41.13058 ], [ -78.068971, 41.1319 ], [ -78.065589, 41.132341 ], [ -78.063253, 41.131366 ], [ -78.058844, 41.130909 ], [ -78.056026, 41.131995 ], [ -78.054836, 41.134177 ], [ -78.054206, 41.142665 ], [ -78.052733, 41.145317 ], [ -78.049804, 41.145979 ], [ -78.046487, 41.14569 ], [ -78.04344, 41.146508 ], [ -78.041469, 41.15021 ], [ -78.039738, 41.152579 ], [ -78.038171, 41.153603 ], [ -78.061007, 41.174539 ], [ -78.093381, 41.216931 ], [ -78.149733, 41.222311 ], [ -78.236831, 41.230187 ], [ -78.236817, 41.230475 ], [ -78.342164, 41.236173 ], [ -78.414968, 41.240151 ], [ -78.421841, 41.24052 ], [ -78.484712, 41.24394 ], [ -78.52781, 41.246239 ], [ -78.548844, 41.247548 ], [ -78.646666, 41.253778 ], [ -78.646662, 41.253624 ], [ -78.64659, 41.250062 ], [ -78.647947, 41.21746 ], [ -78.648238, 41.217386 ], [ -78.689311, 41.207102 ], [ -78.698573, 41.204781 ], [ -78.710248, 41.201859 ], [ -78.741495, 41.202335 ], [ -78.766377, 41.202759 ], [ -78.796809, 41.146184 ], [ -78.797014, 41.145798 ], [ -78.800222, 41.139978 ], [ -78.8045, 41.132252 ], [ -78.804595, 41.11745 ], [ -78.804538, 41.089338 ], [ -78.804366, 41.063706 ], [ -78.804304, 41.05582 ], [ -78.804199, 41.040156 ], [ -78.804162, 41.008805 ], [ -78.804047, 40.993855 ], [ -78.804039, 40.972823 ], [ -78.805167, 40.90598 ], [ -78.806363, 40.845035 ], [ -78.806459, 40.817288 ], [ -78.806474, 40.810574 ], [ -78.806482, 40.805701 ] ] ] ] } },
{ "type": "Feature", "properties": { "STATEFP": "42", "COUNTYFP": "113", "COUNTYNS": "01213687", "GEOIDFQ": "0500000US42113", "GEOID": "42113", "NAME": "Sullivan", "NAMELSAD": "Sullivan County", "STUSPS": "PA", "STATE_NAME": "Pennsylvania", "LSAD": "06", "ALAND": 1165337814.0, "AWATER": 6617028.0, "STATE_NAME_HYPHEN": "Pennsylvania" }, "geometry": { "type": "MultiPolygon", "coordinates": [ [ [ [ -76.804615, 41.564533 ], [ -76.797552, 41.542989 ], [ -76.79619, 41.539614 ], [ -76.772402, 41.471686 ], [ -76.772397, 41.471675 ], [ -76.749497, 41.405572 ], [ -76.745608, 41.40268 ], [ -76.69835, 41.373145 ], [ -76.693583, 41.370135 ], [ -76.604168, 41.311979 ], [ -76.592532, 41.304332 ], [ -76.565024, 41.29905 ], [ -76.547821, 41.295722 ], [ -76.548488, 41.293135 ], [ -76.525751, 41.289372 ], [ -76.520276, 41.288225 ], [ -76.499689, 41.285479 ], [ -76.447597, 41.275629 ], [ -76.425818, 41.293552 ], [ -76.412023, 41.305018 ], [ -76.408758, 41.30773 ], [ -76.407934, 41.308418 ], [ -76.398914, 41.308487 ], [ -76.310261, 41.310198 ], [ -76.302382, 41.329318 ], [ -76.282799, 41.377244 ], [ -76.242489, 41.475897 ], [ -76.228131, 41.511137 ], [ -76.223866, 41.524544 ], [ -76.220073, 41.541278 ], [ -76.317241, 41.549463 ], [ -76.358907, 41.552722 ], [ -76.469545, 41.561501 ], [ -76.483539, 41.562633 ], [ -76.555174, 41.568498 ], [ -76.677861, 41.578541 ], [ -76.694374, 41.579883 ], [ -76.778814, 41.586707 ], [ -76.792686, 41.587821 ], [ -76.813731, 41.590034 ], [ -76.804615, 41.564533 ] ] ] ] } },
{ "type": "Feature", "properties": { "STATEFP": "42", "COUNTYFP": "099", "COUNTYNS": "01213682", "GEOIDFQ": "0500000US42099", "GEOID": "42099", "NAME": "Perry", "NAMELSAD": "Perry County", "STUSPS": "PA", "STATE_NAME": "Pennsylvania", "LSAD": "06", "ALAND": 1428247560.0, "AWATER": 10591170.0, "STATE_NAME_HYPHEN": "Pennsylvania" }, "geometry": { "type": "MultiPolygon", "coordinates": [ [ [ [ -77.671761, 40.289825 ], [ -77.664195, 40.280479 ], [ -77.664275, 40.278227 ], [ -77.65966, 40.274536 ], [ -77.656416, 40.270393 ], [ -77.661279, 40.266628 ], [ -77.668976, 40.260058 ], [ -77.670288, 40.259416 ], [ -77.671155, 40.257569 ], [ -77.669271, 40.255032 ], [ -77.667711, 40.252001 ], [ -77.665494, 40.252049 ], [ -77.66365, 40.253312 ], [ -77.660869, 40.254013 ], [ -77.653447, 40.257407 ], [ -77.649502, 40.257551 ], [ -77.647128, 40.256872 ], [ -77.645698, 40.256031 ], [ -77.645023, 40.253932 ], [ -77.648474, 40.249152 ], [ -77.64999, 40.247957 ], [ -77.645402, 40.238928 ], [ -77.647419, 40.234743 ], [ -77.648878, 40.233319 ], [ -77.650158, 40.228713 ], [ -77.649951, 40.226283 ], [ -77.647642, 40.222477 ], [ -77.645884, 40.22381 ], [ -77.645325, 40.222494 ], [ -77.643394, 40.223165 ], [ -77.642831, 40.21814 ], [ -77.639893, 40.217678 ], [ -77.624711, 40.227492 ], [ -77.621201, 40.229295 ], [ -77.616167, 40.232616 ], [ -77.612967, 40.233236 ], [ -77.609171, 40.232753 ], [ -77.606612, 40.229719 ], [ -77.602717, 40.2282 ], [ -77.604888, 40.224922 ], [ -77.605022, 40.205513 ], [ -77.607416, 40.20349 ], [ -77.614665, 40.198549 ], [ -77.608887, 40.19121 ], [ -77.605448, 40.185362 ], [ -77.59876, 40.188593 ], [ -77.593549, 40.19201 ], [ -77.589954, 40.196514 ], [ -77.586126, 40.199306 ], [ -77.583133, 40.201967 ], [ -77.580439, 40.203856 ], [ -77.578341, 40.206626 ], [ -77.572562, 40.209824 ], [ -77.569587, 40.212119 ], [ -77.566278, 40.213395 ], [ -77.563725, 40.21556 ], [ -77.558085, 40.218638 ], [ -77.556747, 40.219082 ], [ -77.543189, 40.219409 ], [ -77.538017, 40.218916 ], [ -77.536868, 40.219072 ], [ -77.52896, 40.222999 ], [ -77.52675, 40.225587 ], [ -77.522117, 40.22799 ], [ -77.515502, 40.230504 ], [ -77.513309, 40.232481 ], [ -77.510109, 40.234416 ], [ -77.503272, 40.237319 ], [ -77.499899, 40.238884 ], [ -77.497315, 40.240234 ], [ -77.493054, 40.243313 ], [ -77.490264, 40.24438 ], [ -77.486766, 40.246751 ], [ -77.485315, 40.247235 ], [ -77.477333, 40.252175 ], [ -77.473596, 40.254216 ], [ -77.467557, 40.258481 ], [ -77.46095, 40.263939 ], [ -77.452511, 40.269499 ], [ -77.449808, 40.271012 ], [ -77.446191, 40.273847 ], [ -77.442719, 40.275924 ], [ -77.438503, 40.278867 ], [ -77.432675, 40.282319 ], [ -77.426595, 40.28661 ], [ -77.419492, 40.290834 ], [ -77.413778, 40.293892 ], [ -77.411668, 40.294713 ], [ -77.405066, 40.29799 ], [ -77.400546, 40.300531 ], [ -77.394445, 40.303506 ], [ -77.38953, 40.305041 ], [ -77.382193, 40.308457 ], [ -77.375693, 40.310691 ], [ -77.370134, 40.312248 ], [ -77.366018, 40.313569 ], [ -77.360082, 40.314075 ], [ -77.357635, 40.312476 ], [ -77.357785, 40.310922 ], [ -77.359873, 40.306684 ], [ -77.361236, 40.305193 ], [ -77.364762, 40.302541 ], [ -77.372927, 40.298372 ], [ -77.378835, 40.294726 ], [ -77.386967, 40.290351 ], [ -77.394536, 40.285238 ], [ -77.39569, 40.284265 ], [ -77.400583, 40.281676 ], [ -77.402893, 40.280128 ], [ -77.409304, 40.274554 ], [ -77.410561, 40.272529 ], [ -77.411044, 40.269315 ], [ -77.416761, 40.266677 ], [ -77.419795, 40.26407 ], [ -77.423285, 40.258461 ], [ -77.421517, 40.25584 ], [ -77.420845, 40.255368 ], [ -77.413859, 40.255215 ], [ -77.402457, 40.256954 ], [ -77.400124, 40.257863 ], [ -77.385114, 40.262712 ], [ -77.372068, 40.268831 ], [ -77.366099, 40.272319 ], [ -77.360718, 40.274701 ], [ -77.354299, 40.279278 ], [ -77.347875, 40.282457 ], [ -77.343752, 40.284818 ], [ -77.340647, 40.286915 ], [ -77.336543, 40.28875 ], [ -77.334844, 40.289841 ], [ -77.328561, 40.292311 ], [ -77.324119, 40.292693 ], [ -77.323191, 40.292472 ], [ -77.323924, 40.288605 ], [ -77.32608, 40.286262 ], [ -77.328034, 40.283315 ], [ -77.330696, 40.280588 ], [ -77.331504, 40.277215 ], [ -77.330491, 40.275596 ], [ -77.327118, 40.273739 ], [ -77.322842, 40.270721 ], [ -77.319485, 40.268659 ], [ -77.316471, 40.26749 ], [ -77.312235, 40.26774 ], [ -77.305505, 40.269185 ], [ -77.298581, 40.271366 ], [ -77.291576, 40.272802 ], [ -77.280548, 40.275923 ], [ -77.269957, 40.278671 ], [ -77.262132, 40.279692 ], [ -77.25134, 40.281462 ], [ -77.245932, 40.282082 ], [ -77.241691, 40.282847 ], [ -77.239163, 40.284102 ], [ -77.234177, 40.283477 ], [ -77.229166, 40.283744 ], [ -77.224378, 40.28447 ], [ -77.220743, 40.284678 ], [ -77.210802, 40.285898 ], [ -77.204496, 40.28708 ], [ -77.188185, 40.28777 ], [ -77.185461, 40.287664 ], [ -77.174627, 40.288499 ], [ -77.166019, 40.289503 ], [ -77.163064, 40.289478 ], [ -77.157825, 40.290191 ], [ -77.156323, 40.290846 ], [ -77.150397, 40.291252 ], [ -77.147505, 40.292037 ], [ -77.134849, 40.294904 ], [ -77.13295, 40.295077 ], [ -77.129612, 40.294955 ], [ -77.126963, 40.295466 ], [ -77.126881, 40.296269 ], [ -77.124813, 40.296662 ], [ -77.111869, 40.297359 ], [ -77.105438, 40.298722 ], [ -77.101744, 40.298641 ], [ -77.096365, 40.300395 ], [ -77.083942, 40.30122 ], [ -77.07466, 40.302236 ], [ -77.069479, 40.302302 ], [ -77.063874, 40.301967 ], [ -77.059659, 40.303293 ], [ -77.053816, 40.30333 ], [ -77.051781, 40.303643 ], [ -77.041769, 40.304402 ], [ -77.035336, 40.304146 ], [ -77.022127, 40.30402 ], [ -77.014719, 40.304728 ], [ -77.005128, 40.305617 ], [ -76.99724, 40.306752 ], [ -76.976861, 40.309857 ], [ -76.967996, 40.311899 ], [ -76.949282, 40.316861 ], [ -76.939783, 40.320062 ], [ -76.916269, 40.328032 ], [ -76.91497, 40.328484 ], [ -76.9163, 40.330554 ], [ -76.916811, 40.331676 ], [ -76.917296, 40.332737 ], [ -76.921206, 40.336391 ], [ -76.926701, 40.341959 ], [ -76.92726, 40.343464 ], [ -76.928521, 40.347985 ], [ -76.932147, 40.354596 ], [ -76.933589, 40.356045 ], [ -76.937547, 40.357481 ], [ -76.942745, 40.357758 ], [ -76.94485, 40.357531 ], [ -76.951737, 40.358158 ], [ -76.95721, 40.357732 ], [ -76.96115, 40.358033 ], [ -76.970625, 40.356305 ], [ -76.976822, 40.356557 ], [ -76.981996, 40.35732 ], [ -76.986409, 40.356604 ], [ -76.998022, 40.356679 ], [ -77.002227, 40.357584 ], [ -77.008191, 40.358449 ], [ -77.009505, 40.359002 ], [ -77.013028, 40.362143 ], [ -77.019178, 40.364785 ], [ -77.020799, 40.36623 ], [ -77.02165, 40.368368 ], [ -77.021539, 40.372144 ], [ -77.022332, 40.375054 ], [ -77.023067, 40.376399 ], [ -77.027007, 40.380892 ], [ -77.027953, 40.383515 ], [ -77.029199, 40.38688 ], [ -77.029341, 40.388681 ], [ -77.028222, 40.391986 ], [ -77.025832, 40.39459 ], [ -77.021702, 40.397783 ], [ -77.016013, 40.39992 ], [ -77.015536, 40.400861 ], [ -77.013125, 40.402349 ], [ -77.011887, 40.405379 ], [ -77.011734, 40.407412 ], [ -77.012939, 40.411256 ], [ -77.015847, 40.41565 ], [ -77.016977, 40.420674 ], [ -77.01627, 40.425173 ], [ -77.003235, 40.4268 ], [ -76.997915, 40.43367 ], [ -76.994582, 40.43581 ], [ -76.992101, 40.436722 ], [ -76.98943, 40.438163 ], [ -76.986813, 40.441838 ], [ -76.982133, 40.446024 ], [ -76.980452, 40.447136 ], [ -76.971244, 40.451969 ], [ -76.970986, 40.452106 ], [ -76.970152, 40.45251 ], [ -76.969496, 40.452732 ], [ -76.968945, 40.452835 ], [ -76.967785, 40.453017 ], [ -76.961143, 40.45579 ], [ -76.956617, 40.458674 ], [ -76.952809, 40.462467 ], [ -76.949589, 40.468625 ], [ -76.94876, 40.473391 ], [ -76.948876, 40.480324 ], [ -76.949466, 40.484527 ], [ -76.953046, 40.490572 ], [ -76.961857, 40.493868 ], [ -76.964143, 40.494987 ], [ -76.966284, 40.495762 ], [ -76.96909, 40.497562 ], [ -76.971632, 40.500849 ], [ -76.973945, 40.50233 ], [ -76.975229, 40.504187 ], [ -76.978351, 40.507149 ], [ -76.982298, 40.51304 ], [ -76.984389, 40.514565 ], [ -76.985104, 40.516349 ], [ -76.985663, 40.524997 ], [ -76.985121, 40.527319 ], [ -76.982929, 40.529695 ], [ -76.98153, 40.531923 ], [ -76.980797, 40.535006 ], [ -76.980546, 40.538332 ], [ -76.981989, 40.543415 ], [ -76.98424, 40.547384 ], [ -76.987202, 40.553419 ], [ -76.9868, 40.554808 ], [ -76.988864, 40.557985 ], [ -76.991315, 40.560706 ], [ -76.991315, 40.560497 ], [ -76.991939, 40.561475 ], [ -76.99299, 40.564027 ], [ -76.992396, 40.567877 ], [ -76.990024, 40.572378 ], [ -76.988161, 40.574585 ], [ -76.983673, 40.578259 ], [ -76.976678, 40.581665 ], [ -76.972276, 40.583679 ], [ -76.965328, 40.587015 ], [ -76.961698, 40.590028 ], [ -76.958755, 40.592855 ], [ -76.957444, 40.594677 ], [ -76.953852, 40.601441 ], [ -76.953105, 40.604504 ], [ -76.953128, 40.611638 ], [ -76.953551, 40.61477 ], [ -76.952942, 40.619754 ], [ -76.951708, 40.623115 ], [ -76.950836, 40.627044 ], [ -76.949148, 40.628167 ], [ -76.956077, 40.627938 ], [ -76.958594, 40.626771 ], [ -76.970943, 40.622556 ], [ -76.980224, 40.618865 ], [ -76.98765, 40.61619 ], [ -76.992162, 40.613938 ], [ -77.000108, 40.610915 ], [ -77.007119, 40.609122 ], [ -77.009996, 40.608085 ], [ -77.023304, 40.60426 ], [ -77.0258, 40.604411 ], [ -77.032974, 40.603446 ], [ -77.041954, 40.604223 ], [ -77.047269, 40.602523 ], [ -77.052124, 40.60185 ], [ -77.057035, 40.600893 ], [ -77.058657, 40.601135 ], [ -77.063584, 40.5996 ], [ -77.069991, 40.598464 ], [ -77.074638, 40.598201 ], [ -77.078012, 40.597682 ], [ -77.087292, 40.598052 ], [ -77.090864, 40.597159 ], [ -77.095089, 40.596929 ], [ -77.095996, 40.596276 ], [ -77.1005, 40.596348 ], [ -77.103314, 40.595905 ], [ -77.10679, 40.59279 ], [ -77.110571, 40.593259 ], [ -77.112751, 40.592842 ], [ -77.118923, 40.59265 ], [ -77.120255, 40.591278 ], [ -77.128059, 40.590826 ], [ -77.133336, 40.590249 ], [ -77.138186, 40.589363 ], [ -77.142772, 40.589079 ], [ -77.149644, 40.588037 ], [ -77.151569, 40.58726 ], [ -77.155456, 40.58714 ], [ -77.160943, 40.586531 ], [ -77.16322, 40.586887 ], [ -77.165863, 40.586389 ], [ -77.174124, 40.584103 ], [ -77.176268, 40.58331 ], [ -77.18293, 40.58214 ], [ -77.170023, 40.562817 ], [ -77.16996, 40.562726 ], [ -77.167561, 40.559509 ], [ -77.172759, 40.557705 ], [ -77.18295, 40.556696 ], [ -77.198462, 40.552287 ], [ -77.216457, 40.544417 ], [ -77.231696, 40.538484 ], [ -77.268812, 40.525769 ], [ -77.271715, 40.524438 ], [ -77.276699, 40.522766 ], [ -77.280604, 40.520107 ], [ -77.282789, 40.519504 ], [ -77.289592, 40.518457 ], [ -77.302683, 40.512417 ], [ -77.306162, 40.510151 ], [ -77.309552, 40.508802 ], [ -77.318033, 40.504771 ], [ -77.33811, 40.495336 ], [ -77.390609, 40.470979 ], [ -77.404227, 40.46505 ], [ -77.406271, 40.463854 ], [ -77.413433, 40.460589 ], [ -77.421857, 40.457024 ], [ -77.429027, 40.454468 ], [ -77.436537, 40.450554 ], [ -77.443713, 40.447584 ], [ -77.445888, 40.44716 ], [ -77.468193, 40.436733 ], [ -77.47142, 40.434913 ], [ -77.47838, 40.432011 ], [ -77.481683, 40.429874 ], [ -77.500236, 40.420461 ], [ -77.505068, 40.417843 ], [ -77.509022, 40.415144 ], [ -77.51041, 40.41482 ], [ -77.514311, 40.412724 ], [ -77.517085, 40.411608 ], [ -77.523878, 40.407995 ], [ -77.530089, 40.404224 ], [ -77.540141, 40.399221 ], [ -77.532265, 40.376006 ], [ -77.540614, 40.37556 ], [ -77.542941, 40.375081 ], [ -77.550877, 40.372411 ], [ -77.553583, 40.371169 ], [ -77.559107, 40.369803 ], [ -77.565665, 40.367363 ], [ -77.571459, 40.364122 ], [ -77.573935, 40.362426 ], [ -77.580621, 40.358556 ], [ -77.582794, 40.357041 ], [ -77.587868, 40.354648 ], [ -77.593455, 40.351205 ], [ -77.593766, 40.351047 ], [ -77.599428, 40.348147 ], [ -77.603669, 40.344109 ], [ -77.606696, 40.343236 ], [ -77.610967, 40.340355 ], [ -77.613659, 40.337673 ], [ -77.616493, 40.33646 ], [ -77.619922, 40.333497 ], [ -77.622251, 40.332179 ], [ -77.62563, 40.329461 ], [ -77.627156, 40.329028 ], [ -77.629356, 40.32683 ], [ -77.632561, 40.325021 ], [ -77.638571, 40.32024 ], [ -77.639749, 40.319832 ], [ -77.640785, 40.31858 ], [ -77.648699, 40.311881 ], [ -77.650243, 40.31103 ], [ -77.654299, 40.307446 ], [ -77.656389, 40.304877 ], [ -77.659985, 40.302012 ], [ -77.66088, 40.300366 ], [ -77.664906, 40.297265 ], [ -77.667152, 40.29443 ], [ -77.669248, 40.292698 ], [ -77.671761, 40.289825 ] ] ] ] } },
{ "type": "Feature", "properties": { "STATEFP": "42", "COUNTYFP": "059", "COUNTYNS": "01214033", "GEOIDFQ": "0500000US42059", "GEOID": "42059", "NAME": "Greene", "NAMELSAD": "Greene County", "STUSPS": "PA", "STATE_NAME": "Pennsylvania", "LSAD": "06", "ALAND": 1491658047.0, "AWATER": 5296803.0, "STATE_NAME_HYPHEN": "Pennsylvania" }, "geometry": { "type": "MultiPolygon", "coordinates": [ [ [ [ -80.5194092, 39.7916869 ], [ -80.519342, 39.721403 ], [ -80.4582614, 39.7212696 ], [ -80.4579288, 39.7212688 ], [ -80.4523502, 39.7212566 ], [ -80.421388, 39.721189 ], [ -80.403361, 39.7212011 ], [ -80.309457, 39.721264 ], [ -80.308651, 39.721283 ], [ -80.2937786, 39.7212873 ], [ -80.2744771, 39.7212928 ], [ -80.269737, 39.7212942 ], [ -80.2571188, 39.7212978 ], [ -80.221809, 39.721308 ], [ -80.20598, 39.7213126 ], [ -80.185157, 39.7213186 ], [ -80.1743659, 39.7213217 ], [ -80.0848303, 39.7213474 ], [ -80.075947, 39.72135 ], [ -80.0621571, 39.7213106 ], [ -80.0616021, 39.721309 ], [ -80.0612989, 39.7213081 ], [ -80.0417021, 39.7212521 ], [ -79.9162797, 39.7208935 ], [ -79.9161706, 39.7208932 ], [ -79.910965, 39.726723 ], [ -79.910054, 39.728378 ], [ -79.906174, 39.733394 ], [ -79.903919, 39.737809 ], [ -79.903438, 39.743077 ], [ -79.907179, 39.747478 ], [ -79.911779, 39.750877 ], [ -79.914379, 39.752177 ], [ -79.916979, 39.752777 ], [ -79.92248, 39.753477 ], [ -79.92638, 39.754878 ], [ -79.93008, 39.757078 ], [ -79.93358, 39.761977 ], [ -79.93468, 39.764774 ], [ -79.932979, 39.771477 ], [ -79.934074, 39.774971 ], [ -79.934411, 39.781277 ], [ -79.932475, 39.784881 ], [ -79.929291, 39.786278 ], [ -79.922183, 39.786479 ], [ -79.916618, 39.787197 ], [ -79.914522, 39.787785 ], [ -79.913978, 39.787977 ], [ -79.911578, 39.789277 ], [ -79.910378, 39.790177 ], [ -79.909478, 39.791077 ], [ -79.908678, 39.792577 ], [ -79.90866, 39.793781 ], [ -79.910177, 39.799577 ], [ -79.913577, 39.804877 ], [ -79.914906, 39.805978 ], [ -79.915967, 39.80724 ], [ -79.916634, 39.807836 ], [ -79.920643, 39.813415 ], [ -79.920542, 39.813939 ], [ -79.921177, 39.815677 ], [ -79.921577, 39.820977 ], [ -79.921724, 39.830648 ], [ -79.922432, 39.833906 ], [ -79.924376, 39.838176 ], [ -79.926176, 39.839276 ], [ -79.930477, 39.840276 ], [ -79.933277, 39.840476 ], [ -79.936477, 39.841676 ], [ -79.938477, 39.843976 ], [ -79.938577, 39.845476 ], [ -79.937977, 39.846676 ], [ -79.936108, 39.848136 ], [ -79.929808, 39.851436 ], [ -79.92465, 39.855056 ], [ -79.924507, 39.856363 ], [ -79.924777, 39.858783 ], [ -79.927815, 39.86285 ], [ -79.928263, 39.863409 ], [ -79.930276, 39.866176 ], [ -79.930676, 39.868076 ], [ -79.930276, 39.869276 ], [ -79.927675, 39.871976 ], [ -79.924775, 39.873376 ], [ -79.918557, 39.875584 ], [ -79.916847, 39.876604 ], [ -79.915278, 39.8803 ], [ -79.916654, 39.884172 ], [ -79.921022, 39.889404 ], [ -79.92523, 39.897291 ], [ -79.927934, 39.901323 ], [ -79.928667, 39.902994 ], [ -79.929406, 39.905675 ], [ -79.929598, 39.907739 ], [ -79.928046, 39.911387 ], [ -79.925614, 39.914763 ], [ -79.923325, 39.917739 ], [ -79.923069, 39.920987 ], [ -79.924861, 39.923947 ], [ -79.933307, 39.931701 ], [ -79.939581, 39.938859 ], [ -79.943757, 39.944011 ], [ -79.949731, 39.948888 ], [ -79.953646, 39.95153 ], [ -79.959166, 39.953866 ], [ -79.965134, 39.955146 ], [ -79.970286, 39.955466 ], [ -79.97539, 39.954906 ], [ -79.979256, 39.953893 ], [ -79.984441, 39.951979 ], [ -79.990687, 39.94977 ], [ -79.995072, 39.949514 ], [ -79.998816, 39.95089 ], [ -80.00528, 39.954922 ], [ -80.007584, 39.956666 ], [ -80.009344, 39.958794 ], [ -80.010063, 39.960986 ], [ -80.010608, 39.965706 ], [ -80.010735, 39.971146 ], [ -80.010463, 39.973962 ], [ -80.009135, 39.977146 ], [ -80.005855, 39.980202 ], [ -80.000047, 39.98281 ], [ -79.998014, 39.983322 ], [ -79.998766, 39.98425 ], [ -79.999296, 39.984473 ], [ -80.003197, 39.984166 ], [ -80.006927, 39.984699 ], [ -80.01029, 39.983433 ], [ -80.012119, 39.982573 ], [ -80.015292, 39.979087 ], [ -80.018017, 39.977489 ], [ -80.020633, 39.978803 ], [ -80.023387, 39.980692 ], [ -80.026357, 39.981485 ], [ -80.028255, 39.983026 ], [ -80.030316, 39.983868 ], [ -80.033028, 39.983909 ], [ -80.03381, 39.982601 ], [ -80.033386, 39.980765 ], [ -80.031937, 39.977691 ], [ -80.034727, 39.9761 ], [ -80.039778, 39.9741 ], [ -80.040274, 39.974324 ], [ -80.043842, 39.977012 ], [ -80.04573, 39.977561 ], [ -80.048292, 39.978527 ], [ -80.048935, 39.980013 ], [ -80.048074, 39.981488 ], [ -80.044909, 39.984247 ], [ -80.044959, 39.985063 ], [ -80.047856, 39.984753 ], [ -80.048673, 39.985296 ], [ -80.049109, 39.987136 ], [ -80.050696, 39.988445 ], [ -80.050666, 39.989645 ], [ -80.046032, 39.993208 ], [ -80.043857, 39.994525 ], [ -80.041025, 39.995299 ], [ -80.038927, 39.996467 ], [ -80.042416, 39.997699 ], [ -80.044448, 39.998803 ], [ -80.044176, 40.000531 ], [ -80.047168, 40.005123 ], [ -80.049632, 40.006626 ], [ -80.054801, 40.00429 ], [ -80.058385, 40.003618 ], [ -80.059697, 40.00493 ], [ -80.059281, 40.006082 ], [ -80.057639, 40.007422 ], [ -80.058814, 40.009339 ], [ -80.060314, 40.009453 ], [ -80.061729, 40.008502 ], [ -80.06388, 40.006717 ], [ -80.066267, 40.005755 ], [ -80.067992, 40.002914 ], [ -80.076999, 39.997193 ], [ -80.086402, 39.990361 ], [ -80.087682, 39.991001 ], [ -80.092114, 39.992009 ], [ -80.095906, 39.99156 ], [ -80.098057, 39.991936 ], [ -80.100604, 39.990828 ], [ -80.102927, 39.990444 ], [ -80.105732, 39.990956 ], [ -80.108858, 39.989829 ], [ -80.111285, 39.988167 ], [ -80.113394, 39.989433 ], [ -80.118308, 39.991289 ], [ -80.124977, 39.989605 ], [ -80.125146, 39.989518 ], [ -80.126557, 39.98892 ], [ -80.12951, 39.988406 ], [ -80.132423, 39.990199 ], [ -80.133977, 39.990318 ], [ -80.136409, 39.992587 ], [ -80.14169, 39.993559 ], [ -80.143355, 39.993409 ], [ -80.146539, 39.994434 ], [ -80.150983, 39.994413 ], [ -80.152091, 39.996203 ], [ -80.155271, 39.996542 ], [ -80.155057, 39.99881 ], [ -80.157339, 39.999581 ], [ -80.160456, 40.003339 ], [ -80.164764, 40.004285 ], [ -80.169822, 40.006226 ], [ -80.172055, 40.005536 ], [ -80.175319, 40.007979 ], [ -80.176871, 40.008081 ], [ -80.181263, 40.006592 ], [ -80.182414, 40.003231 ], [ -80.186485, 40.00266 ], [ -80.187751, 40.003302 ], [ -80.190264, 40.001837 ], [ -80.191233, 40.001931 ], [ -80.192213, 40.003783 ], [ -80.19389, 40.004913 ], [ -80.197132, 40.004802 ], [ -80.19944, 40.003196 ], [ -80.204809, 40.003451 ], [ -80.208209, 40.005112 ], [ -80.212657, 40.002907 ], [ -80.214792, 40.002804 ], [ -80.22281, 40.004662 ], [ -80.22564, 40.007526 ], [ -80.226427, 40.007756 ], [ -80.22847, 40.007359 ], [ -80.232196, 40.007849 ], [ -80.23389, 40.008524 ], [ -80.236762, 40.008597 ], [ -80.240138, 40.009476 ], [ -80.2421, 40.009167 ], [ -80.2443, 40.007045 ], [ -80.251755, 40.007783 ], [ -80.252936, 40.005184 ], [ -80.256647, 40.003086 ], [ -80.258805, 40.004125 ], [ -80.262601, 40.003192 ], [ -80.263703, 40.0019 ], [ -80.266592, 40.00169 ], [ -80.269261, 40.002849 ], [ -80.271974, 40.003111 ], [ -80.273107, 40.002418 ], [ -80.275033, 40.003553 ], [ -80.276075, 40.005519 ], [ -80.274964, 40.006558 ], [ -80.271966, 40.007729 ], [ -80.273255, 40.01328 ], [ -80.278988, 40.012724 ], [ -80.281139, 40.013447 ], [ -80.28465, 40.012413 ], [ -80.285651, 40.013698 ], [ -80.28562, 40.016002 ], [ -80.287421, 40.019206 ], [ -80.292077, 40.02059 ], [ -80.29441, 40.018547 ], [ -80.298624, 40.020254 ], [ -80.301396, 40.020559 ], [ -80.304813, 40.019566 ], [ -80.306245, 40.018126 ], [ -80.310213, 40.017654 ], [ -80.310654, 40.013089 ], [ -80.309, 40.012183 ], [ -80.309899, 40.009084 ], [ -80.308831, 40.007036 ], [ -80.309114, 40.00585 ], [ -80.311186, 40.004785 ], [ -80.312568, 40.003293 ], [ -80.315229, 40.003744 ], [ -80.317484, 40.003304 ], [ -80.321055, 40.00562 ], [ -80.323426, 40.005099 ], [ -80.328356, 40.004704 ], [ -80.329808, 40.005457 ], [ -80.333041, 40.00364 ], [ -80.342332, 40.001725 ], [ -80.343444, 40.000607 ], [ -80.348141, 40.001036 ], [ -80.351766, 40.000147 ], [ -80.354324, 39.997294 ], [ -80.356317, 39.996836 ], [ -80.357478, 39.997361 ], [ -80.36084, 39.997337 ], [ -80.364001, 39.996525 ], [ -80.369073, 39.997189 ], [ -80.372275, 39.996572 ], [ -80.374634, 39.995168 ], [ -80.379505, 39.994125 ], [ -80.380821, 39.992693 ], [ -80.383302, 39.991772 ], [ -80.387396, 39.989239 ], [ -80.391202, 39.987955 ], [ -80.39336, 39.985381 ], [ -80.395778, 39.983517 ], [ -80.395405, 39.98257 ], [ -80.395758, 39.979243 ], [ -80.396475, 39.97789 ], [ -80.397993, 39.97773 ], [ -80.401687, 39.978675 ], [ -80.404108, 39.97809 ], [ -80.406713, 39.976756 ], [ -80.412921, 39.976955 ], [ -80.41749, 39.975237 ], [ -80.419952, 39.975416 ], [ -80.422894, 39.972167 ], [ -80.425003, 39.971993 ], [ -80.425914, 39.971998 ], [ -80.42976, 39.975837 ], [ -80.432107, 39.977003 ], [ -80.434787, 39.977505 ], [ -80.438519, 39.977143 ], [ -80.440649, 39.975485 ], [ -80.443, 39.976068 ], [ -80.445132, 39.975758 ], [ -80.443871, 39.974111 ], [ -80.444124, 39.972598 ], [ -80.446975, 39.971152 ], [ -80.448265, 39.966662 ], [ -80.449841, 39.966826 ], [ -80.451178, 39.968497 ], [ -80.450996, 39.970853 ], [ -80.452451, 39.973122 ], [ -80.453551, 39.973352 ], [ -80.456381, 39.969397 ], [ -80.461294, 39.967381 ], [ -80.461053, 39.965845 ], [ -80.458697, 39.964081 ], [ -80.460246, 39.962314 ], [ -80.4636, 39.960905 ], [ -80.4697, 39.961766 ], [ -80.470304, 39.960456 ], [ -80.466115, 39.956803 ], [ -80.466874, 39.954642 ], [ -80.471893, 39.954554 ], [ -80.475277, 39.952065 ], [ -80.480116, 39.952716 ], [ -80.482854, 39.953868 ], [ -80.486792, 39.954759 ], [ -80.490082, 39.954499 ], [ -80.490737, 39.955313 ], [ -80.490149, 39.957474 ], [ -80.486891, 39.959591 ], [ -80.486781, 39.96083 ], [ -80.487995, 39.961443 ], [ -80.489802, 39.961469 ], [ -80.493003, 39.958755 ], [ -80.496492, 39.958588 ], [ -80.499767, 39.957598 ], [ -80.501425, 39.95607 ], [ -80.500403, 39.954436 ], [ -80.500943, 39.953784 ], [ -80.504198, 39.955617 ], [ -80.508251, 39.95737 ], [ -80.509882, 39.959299 ], [ -80.514242, 39.960124 ], [ -80.518002, 39.963515 ], [ -80.519216899999989, 39.9621994 ], [ -80.519203, 39.959394 ], [ -80.519175, 39.956648 ], [ -80.519115, 39.939188 ], [ -80.519248, 39.936967 ], [ -80.518891, 39.890964 ], [ -80.5191102, 39.8560314 ], [ -80.5191549, 39.8489007 ], [ -80.5192293, 39.837053 ], [ -80.519423, 39.806181 ], [ -80.5194092, 39.7916869 ] ] ] ] } },
{ "type": "Feature", "properties": { "STATEFP": "42", "COUNTYFP": "023", "COUNTYNS": "01213663", "GEOIDFQ": "0500000US42023", "GEOID": "42023", "NAME": "Cameron", "NAMELSAD": "Cameron County", "STUSPS": "PA", "STATE_NAME": "Pennsylvania", "LSAD": "06", "ALAND": 1026239937.0, "AWATER": 5653225.0, "STATE_NAME_HYPHEN": "Pennsylvania" }, "geometry": { "type": "MultiPolygon", "coordinates": [ [ [ [ -78.421154, 41.473845 ], [ -78.419566, 41.473724 ], [ -78.419608, 41.468165 ], [ -78.420028, 41.405046 ], [ -78.374816, 41.404887 ], [ -78.253959, 41.404721 ], [ -78.254382, 41.323584 ], [ -78.234675, 41.323413 ], [ -78.236817, 41.230475 ], [ -78.236831, 41.230187 ], [ -78.149733, 41.222311 ], [ -78.093381, 41.216931 ], [ -78.053577, 41.273725 ], [ -77.988786, 41.367453 ], [ -77.988907, 41.448138 ], [ -77.989194, 41.474822 ], [ -77.997083, 41.475004 ], [ -77.999737, 41.474952 ], [ -78.050442, 41.475462 ], [ -78.095465, 41.517336 ], [ -78.131777, 41.551237 ], [ -78.202736, 41.616905 ], [ -78.20364, 41.617599 ], [ -78.224346, 41.617572 ], [ -78.326258, 41.617439 ], [ -78.420846, 41.617284 ], [ -78.420498, 41.601874 ], [ -78.418408, 41.557155 ], [ -78.418431, 41.543954 ], [ -78.420161, 41.544047 ], [ -78.420172, 41.51529 ], [ -78.421154, 41.473845 ] ] ] ] } },
{ "type": "Feature", "properties": { "STATEFP": "42", "COUNTYFP": "101", "COUNTYNS": "01209187", "GEOIDFQ": "0500000US42101", "GEOID": "42101", "NAME": "Philadelphia", "NAMELSAD": "Philadelphia County", "STUSPS": "PA", "STATE_NAME": "Pennsylvania", "LSAD": "06", "ALAND": 347981627.0, "AWATER": 21606292.0, "STATE_NAME_HYPHEN": "Pennsylvania" }, "geometry": { "type": "MultiPolygon", "coordinates": [ [ [ [ -75.27754, 39.971127 ], [ -75.275394, 39.969575 ], [ -75.270598, 39.96866 ], [ -75.270002, 39.967479 ], [ -75.267386, 39.966215 ], [ -75.265448, 39.965257 ], [ -75.260491, 39.966313 ], [ -75.259078, 39.965692 ], [ -75.25711, 39.963719 ], [ -75.25414, 39.965404 ], [ -75.250313, 39.965069 ], [ -75.248056, 39.964074 ], [ -75.247688, 39.962817 ], [ -75.248546, 39.960269 ], [ -75.250883, 39.959024 ], [ -75.249499, 39.957189 ], [ -75.249006, 39.956907 ], [ -75.250816, 39.953475 ], [ -75.251577, 39.952127 ], [ -75.251609, 39.951466 ], [ -75.250118, 39.94697 ], [ -75.247208, 39.943904 ], [ -75.247028, 39.943414 ], [ -75.240367, 39.942171 ], [ -75.239903, 39.940035 ], [ -75.240626, 39.939191 ], [ -75.23957, 39.938039 ], [ -75.236878, 39.938432 ], [ -75.234868, 39.937456 ], [ -75.23492, 39.936333 ], [ -75.236833, 39.933768 ], [ -75.237617, 39.932526 ], [ -75.241909, 39.933544 ], [ -75.243369, 39.931908 ], [ -75.243643, 39.930897 ], [ -75.244336, 39.92625 ], [ -75.247759, 39.921708 ], [ -75.247459, 39.921343 ], [ -75.247484, 39.919242 ], [ -75.247341, 39.918541 ], [ -75.24694, 39.916871 ], [ -75.2472, 39.913578 ], [ -75.251498, 39.910051 ], [ -75.249929, 39.909352 ], [ -75.250319, 39.907626 ], [ -75.2525, 39.906614 ], [ -75.253492, 39.905585 ], [ -75.251288, 39.904403 ], [ -75.25561, 39.899576 ], [ -75.255093, 39.898756 ], [ -75.257362, 39.895844 ], [ -75.256789, 39.895189 ], [ -75.259112, 39.892436 ], [ -75.261743, 39.891774 ], [ -75.262485, 39.888406 ], [ -75.264878, 39.887927 ], [ -75.265153, 39.887142 ], [ -75.262844, 39.885682 ], [ -75.264602, 39.884737 ], [ -75.261937, 39.883 ], [ -75.264433, 39.882167 ], [ -75.262528, 39.876561 ], [ -75.261245, 39.876484 ], [ -75.253515, 39.876015 ], [ -75.248431, 39.876485 ], [ -75.246824, 39.875142 ], [ -75.241746, 39.872585 ], [ -75.24047, 39.872381 ], [ -75.23637, 39.876187 ], [ -75.234122, 39.877181 ], [ -75.229985, 39.876847 ], [ -75.223763, 39.875858 ], [ -75.21977, 39.875479 ], [ -75.215722, 39.876087 ], [ -75.215787, 39.875052 ], [ -75.216039, 39.871115 ], [ -75.2115159, 39.8670516 ], [ -75.204087, 39.871204 ], [ -75.199941, 39.8731819 ], [ -75.199857, 39.873222 ], [ -75.1952173, 39.8773439 ], [ -75.195018, 39.877521 ], [ -75.189323, 39.880713 ], [ -75.1888215, 39.8808165 ], [ -75.1849415, 39.8816171 ], [ -75.183023, 39.882013 ], [ -75.1745516, 39.8824384 ], [ -75.1653531, 39.8829004 ], [ -75.148893, 39.883727 ], [ -75.1456334, 39.8845319 ], [ -75.1444123, 39.8848335 ], [ -75.143746, 39.884998 ], [ -75.141522, 39.886891 ], [ -75.1396734, 39.8882361 ], [ -75.137296, 39.889966 ], [ -75.1354138, 39.892999599999989 ], [ -75.13342, 39.896213 ], [ -75.13082, 39.900213 ], [ -75.1302627, 39.9024422 ], [ -75.1295464, 39.9053075 ], [ -75.1290044, 39.9074754 ], [ -75.12792, 39.911813 ], [ -75.1291792, 39.9147893 ], [ -75.13012, 39.917013 ], [ -75.132344, 39.921666 ], [ -75.1342956, 39.9257836 ], [ -75.13502, 39.927312 ], [ -75.135023, 39.9273298 ], [ -75.1358876, 39.9325176 ], [ -75.13612, 39.933912 ], [ -75.1360401, 39.9365482 ], [ -75.136012, 39.9374757 ], [ -75.1358365, 39.9432689 ], [ -75.13572, 39.947112 ], [ -75.1342177, 39.9528354 ], [ -75.1341915, 39.952935 ], [ -75.133855, 39.954217 ], [ -75.1322355, 39.956166 ], [ -75.1302237, 39.9585872 ], [ -75.13012, 39.958712 ], [ -75.12692, 39.961112 ], [ -75.1254164, 39.9619517 ], [ -75.123863, 39.9628192 ], [ -75.11922, 39.965412 ], [ -75.1189526, 39.965522 ], [ -75.1127054, 39.9680916 ], [ -75.102287, 39.972377 ], [ -75.093718, 39.974412 ], [ -75.085831, 39.975102 ], [ -75.075605, 39.978041 ], [ -75.068802, 39.98224 ], [ -75.0686043, 39.9824018 ], [ -75.0676641, 39.983171299999988 ], [ -75.0653928, 39.9850303 ], [ -75.064175, 39.986027 ], [ -75.0600357, 39.9916198 ], [ -75.059647, 39.992145 ], [ -75.058089, 39.997404 ], [ -75.0537239, 40.0040803 ], [ -75.053405, 40.004568 ], [ -75.052279, 40.0055261 ], [ -75.04709, 40.009941 ], [ -75.0429664, 40.0119935 ], [ -75.042889, 40.012032 ], [ -75.0351989, 40.0148578 ], [ -75.034216, 40.015219 ], [ -75.030441, 40.0160525 ], [ -75.0210952, 40.0181158 ], [ -75.019645, 40.018436 ], [ -75.013805, 40.0202137 ], [ -75.0137917, 40.0202177 ], [ -75.012214, 40.020698 ], [ -75.008568, 40.023883 ], [ -75.0034202, 40.0273889 ], [ -74.9900902, 40.0364675 ], [ -74.988884, 40.037289 ], [ -74.9865921, 40.0389755 ], [ -74.9847166, 40.0403556 ], [ -74.9827777, 40.0417825 ], [ -74.9813745, 40.0428151 ], [ -74.977435, 40.045714 ], [ -74.9737104, 40.0481874 ], [ -74.979695, 40.053399 ], [ -74.982022, 40.053727 ], [ -74.983904, 40.054994 ], [ -74.984302, 40.05585 ], [ -74.980378, 40.060349 ], [ -74.981023, 40.064939 ], [ -74.980878, 40.066028 ], [ -74.977634, 40.067589 ], [ -74.976699, 40.069144 ], [ -74.972445, 40.072235 ], [ -74.971063, 40.073966 ], [ -74.971466, 40.074355 ], [ -74.97108, 40.075992 ], [ -74.969855, 40.076383 ], [ -74.964842, 40.077148 ], [ -74.963604, 40.077105 ], [ -74.958841, 40.082503 ], [ -74.958284, 40.084145 ], [ -74.958392, 40.084508 ], [ -74.957747, 40.089844 ], [ -74.956447, 40.092757 ], [ -74.955777, 40.095103 ], [ -74.958623, 40.096872 ], [ -74.958749, 40.096929 ], [ -74.961049, 40.097431 ], [ -74.96163, 40.097804 ], [ -74.960807, 40.101572 ], [ -74.961156, 40.103446 ], [ -74.963491, 40.10674 ], [ -74.965194, 40.107777 ], [ -74.96345, 40.110013 ], [ -74.963129, 40.114978 ], [ -74.96408, 40.117766 ], [ -74.964526, 40.118372 ], [ -74.970119, 40.117201 ], [ -74.973219, 40.119891 ], [ -74.980058, 40.119883 ], [ -74.982748, 40.120887 ], [ -74.982213, 40.122057 ], [ -74.983523, 40.123671 ], [ -74.987193, 40.123286 ], [ -74.989014, 40.12607 ], [ -74.993687, 40.126584 ], [ -74.992288, 40.130682 ], [ -74.993595, 40.132266 ], [ -74.994187, 40.131516 ], [ -74.997885, 40.127816 ], [ -75.003255, 40.131012 ], [ -75.005946, 40.132524 ], [ -75.009117, 40.134355 ], [ -75.015066, 40.137992 ], [ -75.020571, 40.132274 ], [ -75.024891, 40.129216 ], [ -75.033263, 40.123385 ], [ -75.037842, 40.120213 ], [ -75.043856, 40.115997 ], [ -75.044263, 40.115713 ], [ -75.048542, 40.112729 ], [ -75.054321, 40.108692 ], [ -75.058342, 40.105892 ], [ -75.069456, 40.094411 ], [ -75.07127, 40.092532 ], [ -75.077805, 40.08577 ], [ -75.082456, 40.082884 ], [ -75.086906, 40.078648 ], [ -75.090193, 40.075238 ], [ -75.090317, 40.075115 ], [ -75.096733, 40.068989 ], [ -75.087425, 40.063599 ], [ -75.093644, 40.057429 ], [ -75.093504, 40.057241 ], [ -75.095078, 40.056091 ], [ -75.100896, 40.052723 ], [ -75.100935, 40.052699 ], [ -75.102413, 40.051792 ], [ -75.10323, 40.051355 ], [ -75.10789, 40.048195 ], [ -75.109406, 40.04584 ], [ -75.109431, 40.045874 ], [ -75.110985, 40.046769 ], [ -75.112363, 40.047563 ], [ -75.117104, 40.050304 ], [ -75.118553, 40.051132 ], [ -75.118652, 40.051186 ], [ -75.122147, 40.053177 ], [ -75.124916, 40.054684 ], [ -75.12632, 40.055481 ], [ -75.129021, 40.057091 ], [ -75.130135, 40.057796 ], [ -75.135124, 40.060989 ], [ -75.136719, 40.061821 ], [ -75.139427, 40.063358 ], [ -75.140897, 40.064239 ], [ -75.143117, 40.065493 ], [ -75.146683, 40.067547 ], [ -75.148331, 40.068485 ], [ -75.151596, 40.070328 ], [ -75.154076, 40.071732 ], [ -75.158417, 40.074169 ], [ -75.161285, 40.075764 ], [ -75.163399, 40.07695 ], [ -75.169914, 40.080818 ], [ -75.171601, 40.081813 ], [ -75.172951, 40.082581 ], [ -75.176438, 40.084649 ], [ -75.179756, 40.081333 ], [ -75.180901, 40.080219 ], [ -75.182053, 40.079102 ], [ -75.186096, 40.075123 ], [ -75.188461, 40.07275 ], [ -75.189203, 40.073174 ], [ -75.190831, 40.074114 ], [ -75.197601, 40.077991 ], [ -75.209396, 40.084927 ], [ -75.211868, 40.086086 ], [ -75.212375, 40.085995 ], [ -75.21357, 40.087154 ], [ -75.22361, 40.092907 ], [ -75.2305, 40.086022 ], [ -75.232952, 40.083618 ], [ -75.243288, 40.073494 ], [ -75.252209, 40.065278 ], [ -75.256286, 40.061081 ], [ -75.264431, 40.054094 ], [ -75.257655, 40.047611 ], [ -75.255098, 40.046122 ], [ -75.254678, 40.045924 ], [ -75.251298, 40.043505 ], [ -75.249039, 40.041848 ], [ -75.245598, 40.037655 ], [ -75.242096, 40.035637 ], [ -75.239296, 40.03289 ], [ -75.23484, 40.030075 ], [ -75.232094, 40.027994 ], [ -75.228149, 40.026031 ], [ -75.226652, 40.025267 ], [ -75.223694, 40.023712 ], [ -75.222153, 40.022614 ], [ -75.219583, 40.021713 ], [ -75.218056, 40.020943 ], [ -75.214752, 40.017784 ], [ -75.212219, 40.015461 ], [ -75.208008, 40.012997 ], [ -75.207599, 40.012719 ], [ -75.205771, 40.011629 ], [ -75.207376, 40.01048 ], [ -75.208221, 40.009947 ], [ -75.213745, 40.00716 ], [ -75.220665, 40.003944 ], [ -75.226402, 40.001255 ], [ -75.227462, 40.000746 ], [ -75.235298, 39.99707 ], [ -75.237331, 39.996128 ], [ -75.245689, 39.992191 ], [ -75.247948, 39.991138 ], [ -75.25, 39.99018 ], [ -75.251438, 39.989504 ], [ -75.253999, 39.988304 ], [ -75.263687, 39.982658 ], [ -75.265566, 39.981832 ], [ -75.267973, 39.980757 ], [ -75.269257, 39.980186 ], [ -75.271309, 39.979275 ], [ -75.273552, 39.978279 ], [ -75.275871, 39.977245 ], [ -75.276482, 39.976959 ], [ -75.280266, 39.974964 ], [ -75.27754, 39.971127 ] ] ] ] } },
{ "type": "Feature", "properties": { "STATEFP": "42", "COUNTYFP": "051", "COUNTYNS": "01209179", "GEOIDFQ": "0500000US42051", "GEOID": "42051", "NAME": "Fayette", "NAMELSAD": "Fayette County", "STUSPS": "PA", "STATE_NAME": "Pennsylvania", "LSAD": "06", "ALAND": 2048054609.0, "AWATER": 20636361.0, "STATE_NAME_HYPHEN": "Pennsylvania" }, "geometry": { "type": "MultiPolygon", "coordinates": [ [ [ [ -80.010608, 39.965706 ], [ -80.010063, 39.960986 ], [ -80.009344, 39.958794 ], [ -80.007584, 39.956666 ], [ -80.00528, 39.954922 ], [ -79.998816, 39.95089 ], [ -79.995072, 39.949514 ], [ -79.990687, 39.94977 ], [ -79.984441, 39.951979 ], [ -79.979256, 39.953893 ], [ -79.97539, 39.954906 ], [ -79.970286, 39.955466 ], [ -79.965134, 39.955146 ], [ -79.959166, 39.953866 ], [ -79.953646, 39.95153 ], [ -79.949731, 39.948888 ], [ -79.943757, 39.944011 ], [ -79.939581, 39.938859 ], [ -79.933307, 39.931701 ], [ -79.924861, 39.923947 ], [ -79.923069, 39.920987 ], [ -79.923325, 39.917739 ], [ -79.925614, 39.914763 ], [ -79.928046, 39.911387 ], [ -79.929598, 39.907739 ], [ -79.929406, 39.905675 ], [ -79.928667, 39.902994 ], [ -79.927934, 39.901323 ], [ -79.92523, 39.897291 ], [ -79.921022, 39.889404 ], [ -79.916654, 39.884172 ], [ -79.915278, 39.8803 ], [ -79.916847, 39.876604 ], [ -79.918557, 39.875584 ], [ -79.924775, 39.873376 ], [ -79.927675, 39.871976 ], [ -79.930276, 39.869276 ], [ -79.930676, 39.868076 ], [ -79.930276, 39.866176 ], [ -79.928263, 39.863409 ], [ -79.927815, 39.86285 ], [ -79.924777, 39.858783 ], [ -79.924507, 39.856363 ], [ -79.92465, 39.855056 ], [ -79.929808, 39.851436 ], [ -79.936108, 39.848136 ], [ -79.937977, 39.846676 ], [ -79.938577, 39.845476 ], [ -79.938477, 39.843976 ], [ -79.936477, 39.841676 ], [ -79.933277, 39.840476 ], [ -79.930477, 39.840276 ], [ -79.926176, 39.839276 ], [ -79.924376, 39.838176 ], [ -79.922432, 39.833906 ], [ -79.921724, 39.830648 ], [ -79.921577, 39.820977 ], [ -79.921177, 39.815677 ], [ -79.920542, 39.813939 ], [ -79.920643, 39.813415 ], [ -79.916634, 39.807836 ], [ -79.915967, 39.80724 ], [ -79.914906, 39.805978 ], [ -79.913577, 39.804877 ], [ -79.910177, 39.799577 ], [ -79.90866, 39.793781 ], [ -79.908678, 39.792577 ], [ -79.909478, 39.791077 ], [ -79.910378, 39.790177 ], [ -79.911578, 39.789277 ], [ -79.913978, 39.787977 ], [ -79.914522, 39.787785 ], [ -79.916618, 39.787197 ], [ -79.922183, 39.786479 ], [ -79.929291, 39.786278 ], [ -79.932475, 39.784881 ], [ -79.934411, 39.781277 ], [ -79.934074, 39.774971 ], [ -79.932979, 39.771477 ], [ -79.93468, 39.764774 ], [ -79.93358, 39.761977 ], [ -79.93008, 39.757078 ], [ -79.92638, 39.754878 ], [ -79.92248, 39.753477 ], [ -79.916979, 39.752777 ], [ -79.914379, 39.752177 ], [ -79.911779, 39.750877 ], [ -79.907179, 39.747478 ], [ -79.903438, 39.743077 ], [ -79.903919, 39.737809 ], [ -79.906174, 39.733394 ], [ -79.910054, 39.728378 ], [ -79.910965, 39.726723 ], [ -79.9161706, 39.7208932 ], [ -79.9086407, 39.720871699999989 ], [ -79.8580739, 39.7207271 ], [ -79.8573819, 39.7207252 ], [ -79.853694, 39.7207146 ], [ -79.853131, 39.720713 ], [ -79.852904, 39.720713 ], [ -79.763774, 39.720776 ], [ -79.7189858, 39.7209132 ], [ -79.6608259, 39.7210913 ], [ -79.6243568, 39.7212029 ], [ -79.610623, 39.721245 ], [ -79.608223, 39.721154 ], [ -79.548465, 39.720778 ], [ -79.5237849, 39.7208811 ], [ -79.4873189, 39.7210335 ], [ -79.476662, 39.721078 ], [ -79.3924584, 39.7214305 ], [ -79.389759, 39.724878 ], [ -79.389459, 39.727078 ], [ -79.390559, 39.729878 ], [ -79.392659, 39.732678 ], [ -79.396859, 39.734078 ], [ -79.398659, 39.733178 ], [ -79.401959, 39.734178 ], [ -79.406159, 39.733578 ], [ -79.409959, 39.734978 ], [ -79.409959, 39.736478 ], [ -79.408859, 39.741077 ], [ -79.407959, 39.741977 ], [ -79.404359, 39.742977 ], [ -79.398259, 39.742577 ], [ -79.394058, 39.743277 ], [ -79.393658, 39.744477 ], [ -79.394158, 39.747277 ], [ -79.395958, 39.750377 ], [ -79.397758, 39.751777 ], [ -79.399734, 39.754904 ], [ -79.398558, 39.758277 ], [ -79.388958, 39.761377 ], [ -79.386258, 39.761877 ], [ -79.382576, 39.765099 ], [ -79.380458, 39.766177 ], [ -79.378658, 39.768877 ], [ -79.378658, 39.770177 ], [ -79.380258, 39.773177 ], [ -79.384758, 39.774777 ], [ -79.385358, 39.775277 ], [ -79.391658, 39.777977 ], [ -79.393958, 39.780377 ], [ -79.395358, 39.782477 ], [ -79.394958, 39.783377 ], [ -79.392958, 39.784277 ], [ -79.389258, 39.784077 ], [ -79.384558, 39.782277 ], [ -79.383058, 39.782477 ], [ -79.382058, 39.783477 ], [ -79.381158, 39.786377 ], [ -79.381058, 39.788477 ], [ -79.380058, 39.790077 ], [ -79.376157, 39.789177 ], [ -79.370157, 39.785777 ], [ -79.363357, 39.784277 ], [ -79.361657, 39.783677 ], [ -79.359857, 39.781877 ], [ -79.356757, 39.781477 ], [ -79.354457, 39.782477 ], [ -79.352357, 39.784477 ], [ -79.351257, 39.786577 ], [ -79.351557, 39.787677 ], [ -79.354357, 39.788477 ], [ -79.358257, 39.788077 ], [ -79.362557, 39.788477 ], [ -79.365257, 39.790077 ], [ -79.368257, 39.795877 ], [ -79.368949, 39.798266 ], [ -79.368849, 39.801458 ], [ -79.367671, 39.802963 ], [ -79.366107, 39.803907 ], [ -79.363957, 39.806777 ], [ -79.365505, 39.813753 ], [ -79.365125, 39.815329 ], [ -79.365695, 39.820546 ], [ -79.367286, 39.822731 ], [ -79.371601, 39.827076 ], [ -79.375163, 39.827976 ], [ -79.381233, 39.826876 ], [ -79.382068, 39.827082 ], [ -79.383035, 39.828216 ], [ -79.38305, 39.830027 ], [ -79.381507, 39.833589 ], [ -79.381473, 39.836314 ], [ -79.385198, 39.838377 ], [ -79.389589, 39.839636 ], [ -79.391266, 39.840657 ], [ -79.393658, 39.843476 ], [ -79.400944, 39.846094 ], [ -79.403458, 39.847476 ], [ -79.409782, 39.849298 ], [ -79.413258, 39.851676 ], [ -79.417558, 39.853776 ], [ -79.417285, 39.854451 ], [ -79.398755, 39.900538 ], [ -79.387624, 39.915696 ], [ -79.391562, 39.919504 ], [ -79.387279, 39.922346 ], [ -79.383957, 39.924494 ], [ -79.382249, 39.926846 ], [ -79.383282, 39.92756 ], [ -79.378258, 39.933135 ], [ -79.378303, 39.936651 ], [ -79.372884, 39.936522 ], [ -79.364093, 39.947794 ], [ -79.356005, 39.958164 ], [ -79.35412, 39.958064 ], [ -79.35416, 39.960673 ], [ -79.347444, 39.96953 ], [ -79.342538, 39.976303 ], [ -79.342585, 39.982056 ], [ -79.338466, 39.982014 ], [ -79.330768, 39.992946 ], [ -79.322786, 40.003496 ], [ -79.310458, 40.0186 ], [ -79.309496, 40.01859 ], [ -79.309927, 40.019229 ], [ -79.305326, 40.025239 ], [ -79.302654, 40.028656 ], [ -79.299851, 40.032033 ], [ -79.296429, 40.036809 ], [ -79.294283, 40.039429 ], [ -79.293884, 40.040446 ], [ -79.309791, 40.04355 ], [ -79.312349, 40.044363 ], [ -79.31609, 40.04384 ], [ -79.32368, 40.04078 ], [ -79.3248, 40.04057 ], [ -79.33, 40.04079 ], [ -79.33291, 40.04169 ], [ -79.33922, 40.04224 ], [ -79.34123, 40.04288 ], [ -79.34268, 40.04417 ], [ -79.34445, 40.05089 ], [ -79.351241, 40.067869 ], [ -79.35458, 40.07317 ], [ -79.355528, 40.074289 ], [ -79.358314, 40.075183 ], [ -79.361081, 40.076351 ], [ -79.36357, 40.078378 ], [ -79.367463, 40.080198 ], [ -79.37252, 40.08137 ], [ -79.37959, 40.08476 ], [ -79.38218, 40.0855 ], [ -79.393518, 40.09076 ], [ -79.39737, 40.09513 ], [ -79.40163, 40.10265 ], [ -79.40492, 40.10228 ], [ -79.41539, 40.1046 ], [ -79.417507, 40.106005 ], [ -79.421063, 40.109426 ], [ -79.423074, 40.110977 ], [ -79.429398, 40.113474 ], [ -79.43775, 40.11594 ], [ -79.44186, 40.11923 ], [ -79.44309, 40.12099 ], [ -79.44628, 40.12442 ], [ -79.44772, 40.12677 ], [ -79.447478, 40.133233 ], [ -79.452247, 40.135688 ], [ -79.461225, 40.141349 ], [ -79.461522, 40.144098 ], [ -79.471419, 40.143987 ], [ -79.471093, 40.145342 ], [ -79.473183, 40.145652 ], [ -79.473736, 40.143928 ], [ -79.480122, 40.144306 ], [ -79.483136, 40.144043 ], [ -79.484657, 40.143319 ], [ -79.48474, 40.14311 ], [ -79.48475, 40.143055 ], [ -79.48524, 40.14244 ], [ -79.48852, 40.14122 ], [ -79.48873, 40.14167 ], [ -79.48959, 40.141082 ], [ -79.494205, 40.140926 ], [ -79.496673, 40.14176 ], [ -79.500595, 40.140973 ], [ -79.50297, 40.141142 ], [ -79.505188, 40.140568 ], [ -79.506929, 40.138636 ], [ -79.510178, 40.137097 ], [ -79.511245, 40.13598 ], [ -79.51347, 40.135797 ], [ -79.51473, 40.134389 ], [ -79.517786, 40.133268 ], [ -79.517864, 40.131378 ], [ -79.526977, 40.123237 ], [ -79.52975, 40.127171 ], [ -79.530865, 40.128208 ], [ -79.533991, 40.128617 ], [ -79.535472, 40.127667 ], [ -79.535462, 40.125977 ], [ -79.538052, 40.124528 ], [ -79.541071, 40.120814 ], [ -79.541533, 40.117806 ], [ -79.540347, 40.114035 ], [ -79.542347, 40.111871 ], [ -79.542931, 40.112292 ], [ -79.546623, 40.111992 ], [ -79.548519, 40.110322 ], [ -79.549797, 40.110607 ], [ -79.55315, 40.112578 ], [ -79.556069, 40.112908 ], [ -79.559117, 40.111157 ], [ -79.560261, 40.108388 ], [ -79.560602, 40.105216 ], [ -79.562857, 40.105014 ], [ -79.566229, 40.106064 ], [ -79.567296, 40.105583 ], [ -79.571722, 40.105304 ], [ -79.573356, 40.104189 ], [ -79.575584, 40.103442 ], [ -79.579706, 40.105065 ], [ -79.585377, 40.102125 ], [ -79.585038, 40.100972 ], [ -79.584576, 40.097834 ], [ -79.586354, 40.096884 ], [ -79.589315, 40.094979 ], [ -79.591212, 40.094161 ], [ -79.592026, 40.09346 ], [ -79.592602, 40.092005 ], [ -79.593442, 40.090555 ], [ -79.592807, 40.088162 ], [ -79.591944, 40.085789 ], [ -79.592474, 40.082437 ], [ -79.597944, 40.082679 ], [ -79.601772, 40.082744 ], [ -79.602205, 40.083413 ], [ -79.600442, 40.084308 ], [ -79.603092, 40.086033 ], [ -79.60233, 40.087563 ], [ -79.602747, 40.089861 ], [ -79.603674, 40.090839 ], [ -79.607974, 40.092304 ], [ -79.610054, 40.092393 ], [ -79.613096, 40.093438 ], [ -79.614664, 40.091283 ], [ -79.620727, 40.09271 ], [ -79.621958, 40.094533 ], [ -79.624505, 40.093214 ], [ -79.625853, 40.091933 ], [ -79.625605, 40.090089 ], [ -79.626365, 40.089098 ], [ -79.630465, 40.086794 ], [ -79.632933, 40.086986 ], [ -79.635697, 40.085905 ], [ -79.637352, 40.084564 ], [ -79.638511, 40.082868 ], [ -79.642371, 40.083628 ], [ -79.644143, 40.084694 ], [ -79.641175, 40.086732 ], [ -79.641098, 40.088317 ], [ -79.643407, 40.089344 ], [ -79.644784, 40.089416 ], [ -79.648122, 40.087643 ], [ -79.654083, 40.089294 ], [ -79.654793, 40.090801 ], [ -79.654285, 40.093633 ], [ -79.657254, 40.096595 ], [ -79.659357, 40.097305 ], [ -79.660643, 40.096772 ], [ -79.661656, 40.094483 ], [ -79.663347, 40.094637 ], [ -79.663866, 40.096732 ], [ -79.666256, 40.097593 ], [ -79.668495, 40.097308 ], [ -79.668602, 40.098847 ], [ -79.666667, 40.100364 ], [ -79.666187, 40.102656 ], [ -79.667579, 40.104542 ], [ -79.671751, 40.106247 ], [ -79.674178, 40.105514 ], [ -79.675717, 40.105715 ], [ -79.677068, 40.106943 ], [ -79.679091, 40.107103 ], [ -79.683794, 40.10862 ], [ -79.684634, 40.113114 ], [ -79.685143, 40.113615 ], [ -79.691655, 40.11309 ], [ -79.694168, 40.111353 ], [ -79.69865, 40.109619 ], [ -79.702095, 40.110414 ], [ -79.703306, 40.10946 ], [ -79.704712, 40.107911 ], [ -79.706427, 40.107555 ], [ -79.711267, 40.108658 ], [ -79.712366, 40.11036 ], [ -79.715465, 40.11109 ], [ -79.717302, 40.112924 ], [ -79.718948, 40.113501 ], [ -79.72237, 40.112825 ], [ -79.723235, 40.113662 ], [ -79.721805, 40.115287 ], [ -79.718963, 40.116366 ], [ -79.718766, 40.117644 ], [ -79.72438, 40.123123 ], [ -79.726019, 40.122684 ], [ -79.7276, 40.120608 ], [ -79.730567, 40.120451 ], [ -79.734851, 40.121046 ], [ -79.739836, 40.12526 ], [ -79.743036, 40.127101 ], [ -79.744371, 40.128053 ], [ -79.744404, 40.128168 ], [ -79.746056, 40.128457 ], [ -79.78034, 40.128348 ], [ -79.783645, 40.127709 ], [ -79.784371, 40.1285 ], [ -79.788821, 40.128609 ], [ -79.789231, 40.128015 ], [ -79.791728, 40.12863 ], [ -79.803817, 40.128761 ], [ -79.805804, 40.127528 ], [ -79.806743, 40.131184 ], [ -79.81004, 40.13248 ], [ -79.816594, 40.132791 ], [ -79.815774, 40.129649 ], [ -79.816113, 40.128375 ], [ -79.818671, 40.128351 ], [ -79.839409, 40.128251 ], [ -79.842945, 40.128036 ], [ -79.843775, 40.127433 ], [ -79.844708, 40.128296 ], [ -79.85212, 40.1281 ], [ -79.853603, 40.127531 ], [ -79.856544, 40.128523 ], [ -79.857885, 40.128224 ], [ -79.858119, 40.128135 ], [ -79.86722, 40.127765 ], [ -79.870405, 40.129195 ], [ -79.874993, 40.129409 ], [ -79.875296, 40.12953 ], [ -79.877864, 40.126959 ], [ -79.874009, 40.12572 ], [ -79.864919, 40.121253 ], [ -79.862049, 40.119902 ], [ -79.860056, 40.11884 ], [ -79.854928, 40.117153 ], [ -79.852536, 40.116104 ], [ -79.850088, 40.11396 ], [ -79.849128, 40.112616 ], [ -79.844874, 40.103029 ], [ -79.840675, 40.094905 ], [ -79.839271, 40.092473 ], [ -79.838999, 40.090601 ], [ -79.839863, 40.087865 ], [ -79.842283, 40.084193 ], [ -79.84243, 40.084011 ], [ -79.847815, 40.080185 ], [ -79.852746, 40.07843 ], [ -79.856375, 40.077374 ], [ -79.86367, 40.075423 ], [ -79.866296, 40.075097 ], [ -79.870248, 40.075177 ], [ -79.870856, 40.075305 ], [ -79.87156, 40.075449 ], [ -79.878949, 40.078424 ], [ -79.884649, 40.079705 ], [ -79.893033, 40.080345 ], [ -79.898153, 40.079161 ], [ -79.901434, 40.076729 ], [ -79.901962, 40.074617 ], [ -79.90153, 40.073593 ], [ -79.898489, 40.071273 ], [ -79.894761, 40.070265 ], [ -79.891893, 40.069993 ], [ -79.885113, 40.068553 ], [ -79.88422, 40.068168 ], [ -79.881193, 40.066521 ], [ -79.879773, 40.065054 ], [ -79.878937, 40.063033 ], [ -79.879081, 40.060841 ], [ -79.881097, 40.057801 ], [ -79.884665, 40.055097 ], [ -79.889465, 40.052009 ], [ -79.890921, 40.050665 ], [ -79.891913, 40.048201 ], [ -79.890457, 40.045353 ], [ -79.888057, 40.043241 ], [ -79.884889, 40.041241 ], [ -79.880726, 40.039208 ], [ -79.87868, 40.038218 ], [ -79.877048, 40.036826 ], [ -79.876216, 40.033754 ], [ -79.877166, 40.031708 ], [ -79.879992, 40.028282 ], [ -79.885246, 40.024635 ], [ -79.889954, 40.022462 ], [ -79.894686, 40.022113 ], [ -79.895469, 40.022056 ], [ -79.904323, 40.022533 ], [ -79.910034, 40.022009 ], [ -79.91432, 40.021037 ], [ -79.918602, 40.019037 ], [ -79.924844, 40.016124 ], [ -79.929786, 40.011745 ], [ -79.933368, 40.002311 ], [ -79.934523, 39.999626 ], [ -79.938331, 39.997178 ], [ -79.943419, 39.995066 ], [ -79.946732, 39.99425 ], [ -79.951004, 39.994154 ], [ -79.95462, 39.995274 ], [ -79.95686, 39.997162 ], [ -79.95902, 40.000026 ], [ -79.963198, 40.007967 ], [ -79.966457, 40.011256 ], [ -79.96935, 40.013117 ], [ -79.971407, 40.01381 ], [ -79.974622, 40.01386 ], [ -79.985167, 40.013101 ], [ -79.988232, 40.011906 ], [ -79.992638, 40.009449 ], [ -79.994974, 40.007369 ], [ -79.995726, 40.005097 ], [ -79.994302, 39.997209 ], [ -79.991422, 39.990666 ], [ -79.990782, 39.98809 ], [ -79.990894, 39.986554 ], [ -79.992318, 39.984522 ], [ -79.993374, 39.983978 ], [ -79.998014, 39.983322 ], [ -80.000047, 39.98281 ], [ -80.005855, 39.980202 ], [ -80.009135, 39.977146 ], [ -80.010463, 39.973962 ], [ -80.010735, 39.971146 ], [ -80.010608, 39.965706 ] ] ] ] } },
{ "type": "Feature", "properties": { "STATEFP": "42", "COUNTYFP": "063", "COUNTYNS": "01213673", "GEOIDFQ": "0500000US42063", "GEOID": "42063", "NAME": "Indiana", "NAMELSAD": "Indiana County", "STUSPS": "PA", "STATE_NAME": "Pennsylvania", "LSAD": "06", "ALAND": 2142939384.0, "AWATER": 18085569.0, "STATE_NAME_HYPHEN": "Pennsylvania" }, "geometry": { "type": "MultiPolygon", "coordinates": [ [ [ [ -79.459738, 40.516737 ], [ -79.457452, 40.51118 ], [ -79.454548, 40.507014 ], [ -79.453935, 40.505529 ], [ -79.45539, 40.501159 ], [ -79.455291, 40.497253 ], [ -79.453113, 40.492181 ], [ -79.452462, 40.48943 ], [ -79.452575, 40.489003 ], [ -79.452983, 40.487477 ], [ -79.453525, 40.486388 ], [ -79.453765, 40.48425 ], [ -79.451747, 40.482307 ], [ -79.447537, 40.480811 ], [ -79.446694, 40.480869 ], [ -79.440943, 40.484921 ], [ -79.43846, 40.486737 ], [ -79.433132, 40.488655 ], [ -79.430628, 40.489046 ], [ -79.429165, 40.487857 ], [ -79.42848, 40.483398 ], [ -79.425716, 40.478938 ], [ -79.423574, 40.473329 ], [ -79.421315, 40.470598 ], [ -79.418786, 40.469837 ], [ -79.41569, 40.470572 ], [ -79.412306, 40.472969 ], [ -79.408704, 40.474334 ], [ -79.406631, 40.474301 ], [ -79.404308, 40.472543 ], [ -79.40217, 40.467641 ], [ -79.400956, 40.465534 ], [ -79.397926, 40.462815 ], [ -79.395461, 40.457132 ], [ -79.394504, 40.45598 ], [ -79.390768, 40.454339 ], [ -79.381753, 40.452697 ], [ -79.377887, 40.453047 ], [ -79.374191, 40.453693 ], [ -79.373741, 40.453853 ], [ -79.371175, 40.455067 ], [ -79.369591, 40.456604 ], [ -79.368097, 40.459689 ], [ -79.366334, 40.465966 ], [ -79.366352, 40.468762 ], [ -79.366911, 40.471842 ], [ -79.36707, 40.47509 ], [ -79.365925, 40.477474 ], [ -79.365061, 40.477868 ], [ -79.362056, 40.478678 ], [ -79.359467, 40.478465 ], [ -79.358595, 40.477916 ], [ -79.357319, 40.475206 ], [ -79.358029, 40.470879 ], [ -79.361082, 40.464258 ], [ -79.362307, 40.463156 ], [ -79.362275, 40.460061 ], [ -79.360526, 40.454095 ], [ -79.357901, 40.452343 ], [ -79.353851, 40.451701 ], [ -79.349861, 40.451969 ], [ -79.347185, 40.452731 ], [ -79.345926, 40.454825 ], [ -79.34544, 40.46128 ], [ -79.345408, 40.467212 ], [ -79.344868, 40.468242 ], [ -79.342093, 40.470124 ], [ -79.339012, 40.470294 ], [ -79.337706, 40.469095 ], [ -79.336651, 40.466804 ], [ -79.333272, 40.464059 ], [ -79.331732, 40.461889 ], [ -79.330796, 40.458639 ], [ -79.330267, 40.453851 ], [ -79.32863, 40.452551 ], [ -79.325409, 40.452699 ], [ -79.322786, 40.456032 ], [ -79.319799, 40.458074 ], [ -79.3161, 40.459253 ], [ -79.310298, 40.459856 ], [ -79.307073, 40.460439 ], [ -79.303118, 40.461642 ], [ -79.300351, 40.46097 ], [ -79.299413, 40.460032 ], [ -79.297631, 40.455796 ], [ -79.300726, 40.452889 ], [ -79.301311, 40.451756 ], [ -79.301778, 40.450782 ], [ -79.301267, 40.447114 ], [ -79.299897, 40.444912 ], [ -79.301751, 40.439291 ], [ -79.301284, 40.435212 ], [ -79.299435, 40.434515 ], [ -79.297278, 40.434656 ], [ -79.289409, 40.436673 ], [ -79.287307, 40.438611 ], [ -79.285483, 40.441759 ], [ -79.282848, 40.442769 ], [ -79.277382, 40.441397 ], [ -79.272605, 40.439082 ], [ -79.270738, 40.43542 ], [ -79.269351, 40.428517 ], [ -79.269914, 40.426634 ], [ -79.273542, 40.422925 ], [ -79.273979, 40.421709 ], [ -79.273746, 40.419444 ], [ -79.272856, 40.418411 ], [ -79.270272, 40.417441 ], [ -79.268413, 40.416838 ], [ -79.266022, 40.416393 ], [ -79.263281, 40.416763 ], [ -79.260001, 40.418698 ], [ -79.256638, 40.420198 ], [ -79.254114, 40.422288 ], [ -79.250738, 40.428511 ], [ -79.249076, 40.430799 ], [ -79.247568, 40.43208 ], [ -79.246189, 40.432129 ], [ -79.240175, 40.429991 ], [ -79.233203, 40.430741 ], [ -79.227173, 40.429061 ], [ -79.224729, 40.427401 ], [ -79.221971, 40.426821 ], [ -79.214783, 40.424458 ], [ -79.210876, 40.42125 ], [ -79.210093, 40.419588 ], [ -79.206513, 40.415032 ], [ -79.20265, 40.4118 ], [ -79.200202, 40.410787 ], [ -79.197573, 40.411479 ], [ -79.194186, 40.414143 ], [ -79.192722, 40.414862 ], [ -79.191197, 40.415221 ], [ -79.185372, 40.41425 ], [ -79.181308, 40.412874 ], [ -79.176737, 40.41181 ], [ -79.173713, 40.410622 ], [ -79.164369, 40.410224 ], [ -79.161858, 40.410783 ], [ -79.155789, 40.411765 ], [ -79.153687, 40.410841 ], [ -79.152051, 40.408766 ], [ -79.152641, 40.404656 ], [ -79.154002, 40.401701 ], [ -79.153051, 40.399569 ], [ -79.152698, 40.399234 ], [ -79.150064, 40.398064 ], [ -79.148781, 40.39766 ], [ -79.147892, 40.3976 ], [ -79.146612, 40.397788 ], [ -79.136788, 40.398574 ], [ -79.135005, 40.398304 ], [ -79.131693, 40.397353 ], [ -79.124749, 40.395361 ], [ -79.117, 40.394243 ], [ -79.115994, 40.393516 ], [ -79.114906, 40.389879 ], [ -79.116596, 40.389072 ], [ -79.118397, 40.389866 ], [ -79.120828, 40.389928 ], [ -79.122503, 40.389354 ], [ -79.12716, 40.386878 ], [ -79.128677, 40.385056 ], [ -79.128427, 40.382504 ], [ -79.1288, 40.381255 ], [ -79.127116, 40.375068 ], [ -79.124752, 40.372873 ], [ -79.121634, 40.370576 ], [ -79.118159, 40.371381 ], [ -79.114781, 40.372372 ], [ -79.109309, 40.373318 ], [ -79.107615, 40.37224 ], [ -79.106182, 40.370588 ], [ -79.102153, 40.368868 ], [ -79.099589, 40.368937 ], [ -79.096769, 40.370725 ], [ -79.096183, 40.371702 ], [ -79.096116, 40.374035 ], [ -79.09501, 40.375909 ], [ -79.093875, 40.376665 ], [ -79.090527, 40.380243 ], [ -79.089608, 40.382285 ], [ -79.088312, 40.386553 ], [ -79.086617, 40.388592 ], [ -79.082965, 40.389582 ], [ -79.079506, 40.38883 ], [ -79.077162, 40.387708 ], [ -79.074483, 40.38582 ], [ -79.072571, 40.383731 ], [ -79.071501, 40.381772 ], [ -79.069885, 40.380414 ], [ -79.064553, 40.379002 ], [ -79.060271, 40.379636 ], [ -79.058481, 40.380868 ], [ -79.057109, 40.384293 ], [ -79.051885, 40.389286 ], [ -79.048601, 40.390393 ], [ -79.046676, 40.390918 ], [ -79.042436, 40.391382 ], [ -79.040582, 40.393049 ], [ -79.040705, 40.39521 ], [ -79.039835, 40.396273 ], [ -79.036328, 40.395996 ], [ -79.035001, 40.396809 ], [ -79.032998, 40.398983 ], [ -79.032246, 40.401957 ], [ -79.030117, 40.404123 ], [ -79.028422, 40.40467 ], [ -79.027829, 40.406555 ], [ -79.029479, 40.40771 ], [ -79.033043, 40.408592 ], [ -79.034262, 40.409754 ], [ -79.034195, 40.412109 ], [ -79.032607, 40.417499 ], [ -79.029308, 40.419253 ], [ -79.026083, 40.419648 ], [ -79.016617, 40.420279 ], [ -79.012357, 40.419581 ], [ -79.009719, 40.418079 ], [ -78.996637, 40.413256 ], [ -78.991373, 40.412554 ], [ -78.988092, 40.411578 ], [ -78.987085, 40.41099 ], [ -78.982324, 40.405779 ], [ -78.980844, 40.402995 ], [ -78.977151, 40.398394 ], [ -78.973814, 40.395421 ], [ -78.973422, 40.39639 ], [ -78.923653, 40.480526 ], [ -78.922514, 40.482491 ], [ -78.92158, 40.484184 ], [ -78.89666, 40.532965 ], [ -78.875341, 40.575354 ], [ -78.874659, 40.576722 ], [ -78.866648, 40.592793 ], [ -78.850617, 40.62646 ], [ -78.846607, 40.635605 ], [ -78.835323, 40.661663 ], [ -78.808922, 40.720952 ], [ -78.799226, 40.7171 ], [ -78.801726, 40.724618 ], [ -78.803291, 40.72882 ], [ -78.806274, 40.729742 ], [ -78.806322, 40.735226 ], [ -78.806482, 40.805701 ], [ -78.806474, 40.810574 ], [ -78.806459, 40.817288 ], [ -78.806363, 40.845035 ], [ -78.805167, 40.90598 ], [ -78.866487, 40.906242 ], [ -78.867471, 40.906219 ], [ -78.892389, 40.907 ], [ -78.897, 40.906934 ], [ -78.903653, 40.907295 ], [ -78.940804, 40.908238 ], [ -78.946066, 40.908428 ], [ -78.955545, 40.908614 ], [ -78.99043, 40.909015 ], [ -79.016463, 40.909224 ], [ -79.046072, 40.90959 ], [ -79.047059, 40.909557 ], [ -79.102155, 40.910205 ], [ -79.124724, 40.910571 ], [ -79.125724, 40.910561 ], [ -79.21531, 40.911346 ], [ -79.215269, 40.903931 ], [ -79.215042, 40.839204 ], [ -79.215024, 40.838301 ], [ -79.215002, 40.784673 ], [ -79.215235, 40.776016 ], [ -79.234823, 40.755157 ], [ -79.237544, 40.752574 ], [ -79.238295, 40.751417 ], [ -79.2413, 40.74856 ], [ -79.251517, 40.737758 ], [ -79.287975, 40.699108 ], [ -79.289733, 40.697378 ], [ -79.337472, 40.646827 ], [ -79.337576, 40.646696 ], [ -79.358475, 40.624531 ], [ -79.41286, 40.568256 ], [ -79.426607, 40.554201 ], [ -79.450176, 40.530149 ], [ -79.449126, 40.528241 ], [ -79.456545, 40.523237 ], [ -79.459265, 40.51982 ], [ -79.459738, 40.516737 ] ] ] ] } },
{ "type": "Feature", "properties": { "STATEFP": "42", "COUNTYFP": "061", "COUNTYNS": "01213672", "GEOIDFQ": "0500000US42061", "GEOID": "42061", "NAME": "Huntingdon", "NAMELSAD": "Huntingdon County", "STUSPS": "PA", "STATE_NAME": "Pennsylvania", "LSAD": "06", "ALAND": 2265182336.0, "AWATER": 37851956.0, "STATE_NAME_HYPHEN": "Pennsylvania" }, "geometry": { "type": "MultiPolygon", "coordinates": [ [ [ [ -78.257305, 40.297883 ], [ -78.250103, 40.272755 ], [ -78.237401, 40.226751 ], [ -78.236195, 40.224505 ], [ -78.227519, 40.219372 ], [ -78.15101, 40.175072 ], [ -78.150231, 40.17463 ], [ -78.143433, 40.170575 ], [ -78.142281, 40.169882 ], [ -78.134863, 40.165131 ], [ -78.133803, 40.164656 ], [ -78.078353, 40.133244 ], [ -78.077247, 40.133037 ], [ -78.02163, 40.121292 ], [ -77.981788, 40.113182 ], [ -77.925905, 40.101911 ], [ -77.92556, 40.103977 ], [ -77.925276, 40.103782 ], [ -77.891787, 40.080553 ], [ -77.888394, 40.078201 ], [ -77.885628, 40.076323 ], [ -77.884622, 40.075621 ], [ -77.864489, 40.061568 ], [ -77.861409, 40.062952 ], [ -77.859356, 40.065207 ], [ -77.827993, 40.116764 ], [ -77.815866, 40.132442 ], [ -77.813184, 40.138665 ], [ -77.805196, 40.15286 ], [ -77.796386, 40.166814 ], [ -77.781443, 40.186633 ], [ -77.768325, 40.204129 ], [ -77.737632, 40.237405 ], [ -77.724197, 40.250124 ], [ -77.719102, 40.252838 ], [ -77.713476, 40.256512 ], [ -77.710887, 40.258578 ], [ -77.708389, 40.261348 ], [ -77.70303, 40.263576 ], [ -77.70296, 40.26387 ], [ -77.705668, 40.271312 ], [ -77.707393, 40.273996 ], [ -77.739342, 40.349224 ], [ -77.75212, 40.378545 ], [ -77.756359, 40.374592 ], [ -77.756631, 40.373809 ], [ -77.76172, 40.368733 ], [ -77.810393, 40.368591 ], [ -77.814698, 40.362489 ], [ -77.818636, 40.360542 ], [ -77.820487, 40.360577 ], [ -77.823729, 40.361438 ], [ -77.829837, 40.363895 ], [ -77.83378, 40.366891 ], [ -77.838343, 40.36903 ], [ -77.844643, 40.368946 ], [ -77.851382, 40.365246 ], [ -77.854447, 40.364739 ], [ -77.85859, 40.366029 ], [ -77.861203, 40.369842 ], [ -77.865918, 40.37229 ], [ -77.867582, 40.374078 ], [ -77.869528, 40.376605 ], [ -77.872089, 40.380375 ], [ -77.872762, 40.381928 ], [ -77.872533, 40.38557 ], [ -77.87003, 40.39018 ], [ -77.870289, 40.392261 ], [ -77.873095, 40.393216 ], [ -77.877701, 40.39355 ], [ -77.879835, 40.392908 ], [ -77.88357, 40.392422 ], [ -77.887717, 40.391358 ], [ -77.887731, 40.391705 ], [ -77.887741, 40.392295 ], [ -77.889107, 40.392185 ], [ -77.889073, 40.398559 ], [ -77.913844, 40.398679 ], [ -77.913929, 40.400115 ], [ -77.9126, 40.404754 ], [ -77.912185, 40.408748 ], [ -77.90805, 40.414018 ], [ -77.905776, 40.414386 ], [ -77.901479, 40.416008 ], [ -77.89683, 40.417388 ], [ -77.894922, 40.420222 ], [ -77.892904, 40.422559 ], [ -77.890123, 40.427269 ], [ -77.888746, 40.42866 ], [ -77.885411, 40.430822 ], [ -77.880034, 40.436506 ], [ -77.87587, 40.439999 ], [ -77.874719, 40.441529 ], [ -77.870182, 40.445244 ], [ -77.864839, 40.451184 ], [ -77.860918, 40.455171 ], [ -77.859146, 40.457675 ], [ -77.855255, 40.461089 ], [ -77.848675, 40.468897 ], [ -77.844137, 40.473447 ], [ -77.838303, 40.481142 ], [ -77.837436, 40.481715 ], [ -77.835874, 40.484232 ], [ -77.832329, 40.487013 ], [ -77.828245, 40.491558 ], [ -77.825866, 40.492816 ], [ -77.818602, 40.498169 ], [ -77.815976, 40.499785 ], [ -77.816757, 40.500555 ], [ -77.841827, 40.550035 ], [ -77.838724, 40.554547 ], [ -77.837512, 40.555788 ], [ -77.832545, 40.562534 ], [ -77.830114, 40.566902 ], [ -77.823758, 40.575482 ], [ -77.822157, 40.576973 ], [ -77.821, 40.57964 ], [ -77.81944, 40.580084 ], [ -77.817115, 40.582892 ], [ -77.814911, 40.58508 ], [ -77.811561, 40.589182 ], [ -77.809675, 40.59089 ], [ -77.801329, 40.599569 ], [ -77.799127, 40.602283 ], [ -77.795922, 40.604451 ], [ -77.792116, 40.608392 ], [ -77.787734, 40.612082 ], [ -77.781835, 40.617569 ], [ -77.779853, 40.619655 ], [ -77.777057, 40.621677 ], [ -77.77248, 40.625932 ], [ -77.758501, 40.629832 ], [ -77.75162, 40.6323 ], [ -77.743681, 40.638599 ], [ -77.735142, 40.644741 ], [ -77.731454, 40.646519 ], [ -77.728193, 40.648573 ], [ -77.720434, 40.654575 ], [ -77.720737, 40.657968 ], [ -77.715353, 40.659926 ], [ -77.710846, 40.662003 ], [ -77.698488, 40.669815 ], [ -77.690614, 40.675036 ], [ -77.68708, 40.67675 ], [ -77.682708, 40.682717 ], [ -77.682275, 40.685122 ], [ -77.685346, 40.684904 ], [ -77.686938, 40.684095 ], [ -77.689778, 40.683754 ], [ -77.694451, 40.682025 ], [ -77.699629, 40.681097 ], [ -77.703787, 40.679936 ], [ -77.708356, 40.690488 ], [ -77.707837, 40.691451 ], [ -77.703066, 40.69268 ], [ -77.700474, 40.694852 ], [ -77.700629, 40.696641 ], [ -77.699239, 40.698065 ], [ -77.70117, 40.704982 ], [ -77.686926, 40.711738 ], [ -77.682476, 40.713259 ], [ -77.676611, 40.716452 ], [ -77.681334, 40.729758 ], [ -77.683848, 40.72872 ], [ -77.695466, 40.72253 ], [ -77.698955, 40.720704 ], [ -77.710548, 40.714564 ], [ -77.718677, 40.727372 ], [ -77.768549, 40.719466 ], [ -77.824903, 40.743534 ], [ -77.831415, 40.741122 ], [ -77.85922, 40.730819 ], [ -77.894282, 40.716203 ], [ -77.904641, 40.710734 ], [ -77.932604, 40.696994 ], [ -77.944122, 40.691622 ], [ -77.94425, 40.691557 ], [ -77.978722, 40.701154 ], [ -77.99334, 40.705207 ], [ -78.010957, 40.710423 ], [ -78.050456, 40.721382 ], [ -78.085263, 40.73092 ], [ -78.115856, 40.739283 ], [ -78.116521, 40.739127 ], [ -78.122551, 40.735097 ], [ -78.128083, 40.731067 ], [ -78.132803, 40.728395 ], [ -78.139076, 40.724275 ], [ -78.146377, 40.720882 ], [ -78.151238, 40.719047 ], [ -78.155867, 40.717745 ], [ -78.155378, 40.714689 ], [ -78.15659, 40.71297 ], [ -78.162411, 40.711696 ], [ -78.164057, 40.713493 ], [ -78.170042, 40.712596 ], [ -78.17339, 40.710668 ], [ -78.182585, 40.705901 ], [ -78.189696, 40.700985 ], [ -78.191605, 40.700152 ], [ -78.195243, 40.697294 ], [ -78.197332, 40.696555 ], [ -78.199865, 40.698972 ], [ -78.201971, 40.697983 ], [ -78.204871, 40.695874 ], [ -78.205422, 40.694732 ], [ -78.208819, 40.692029 ], [ -78.213925, 40.686835 ], [ -78.217141, 40.682876 ], [ -78.22197, 40.674539 ], [ -78.213695, 40.665404 ], [ -78.206152, 40.655128 ], [ -78.201494, 40.651807 ], [ -78.198238, 40.64773 ], [ -78.197946, 40.646833 ], [ -78.197891, 40.64628 ], [ -78.197612, 40.645658 ], [ -78.197546, 40.644959 ], [ -78.197041, 40.644139 ], [ -78.196082, 40.642497 ], [ -78.196808, 40.638674 ], [ -78.193406, 40.638882 ], [ -78.190296, 40.637168 ], [ -78.190497, 40.635416 ], [ -78.189172, 40.632792 ], [ -78.185273, 40.631511 ], [ -78.178722, 40.626909 ], [ -78.175949, 40.628083 ], [ -78.17305, 40.62803 ], [ -78.171784, 40.624225 ], [ -78.169247, 40.620448 ], [ -78.166408, 40.618143 ], [ -78.169732, 40.613425 ], [ -78.171675, 40.612257 ], [ -78.184212, 40.595295 ], [ -78.183176, 40.595315 ], [ -78.179295, 40.592725 ], [ -78.177886, 40.587895 ], [ -78.177765, 40.586275 ], [ -78.17828, 40.583786 ], [ -78.183557, 40.576503 ], [ -78.18596, 40.573743 ], [ -78.188007, 40.570218 ], [ -78.197083, 40.558444 ], [ -78.193526, 40.555398 ], [ -78.193103, 40.554256 ], [ -78.189145, 40.551243 ], [ -78.187756, 40.548566 ], [ -78.186565, 40.547704 ], [ -78.18682, 40.545613 ], [ -78.185595, 40.543703 ], [ -78.183104, 40.542676 ], [ -78.180493, 40.539712 ], [ -78.180386, 40.538763 ], [ -78.178307, 40.537649 ], [ -78.178501, 40.536337 ], [ -78.176818, 40.534471 ], [ -78.174329, 40.534943 ], [ -78.171747, 40.534415 ], [ -78.166677, 40.531528 ], [ -78.164587, 40.533745 ], [ -78.163553, 40.536106 ], [ -78.161718, 40.537226 ], [ -78.158091, 40.537764 ], [ -78.156299, 40.540053 ], [ -78.154404, 40.540837 ], [ -78.151479, 40.540711 ], [ -78.149955, 40.541366 ], [ -78.149016, 40.543159 ], [ -78.149884, 40.546045 ], [ -78.14703, 40.547165 ], [ -78.14514, 40.549077 ], [ -78.145135, 40.553874 ], [ -78.140989, 40.557027 ], [ -78.138377, 40.562544 ], [ -78.137659, 40.565568 ], [ -78.136162, 40.569171 ], [ -78.133842, 40.570475 ], [ -78.132991, 40.57039 ], [ -78.128638, 40.567953 ], [ -78.132422, 40.56449 ], [ -78.132745, 40.561616 ], [ -78.136224, 40.556233 ], [ -78.139364, 40.550595 ], [ -78.139947, 40.546187 ], [ -78.142346, 40.541685 ], [ -78.143913, 40.539754 ], [ -78.147328, 40.533251 ], [ -78.14924, 40.525307 ], [ -78.149797, 40.518084 ], [ -78.150318, 40.514958 ], [ -78.150476, 40.510302 ], [ -78.152235, 40.50528 ], [ -78.152445, 40.503078 ], [ -78.153626, 40.496947 ], [ -78.1539, 40.492165 ], [ -78.153373, 40.488558 ], [ -78.151897, 40.487197 ], [ -78.148898, 40.487629 ], [ -78.135633, 40.498214 ], [ -78.133911, 40.498321 ], [ -78.131741, 40.496822 ], [ -78.131215, 40.494575 ], [ -78.130012, 40.492945 ], [ -78.129584, 40.490626 ], [ -78.129498, 40.485721 ], [ -78.130081, 40.48199 ], [ -78.131323, 40.479939 ], [ -78.134233, 40.473242 ], [ -78.137593, 40.467919 ], [ -78.138574, 40.465593 ], [ -78.140787, 40.462392 ], [ -78.141639, 40.46034 ], [ -78.143065, 40.458999 ], [ -78.147157, 40.451931 ], [ -78.149426, 40.448107 ], [ -78.151879, 40.444972 ], [ -78.155447, 40.438543 ], [ -78.156881, 40.436382 ], [ -78.15941, 40.433793 ], [ -78.162955, 40.428703 ], [ -78.168615, 40.421421 ], [ -78.171104, 40.417584 ], [ -78.17382, 40.414304 ], [ -78.177947, 40.408643 ], [ -78.181932, 40.404747 ], [ -78.186282, 40.399877 ], [ -78.189163, 40.395519 ], [ -78.191046, 40.39187 ], [ -78.191454, 40.391082 ], [ -78.201755, 40.377251 ], [ -78.203993, 40.375075 ], [ -78.207103, 40.369202 ], [ -78.209045, 40.367078 ], [ -78.210929, 40.362985 ], [ -78.212035, 40.359466 ], [ -78.214216, 40.356277 ], [ -78.216408, 40.353619 ], [ -78.223421, 40.347421 ], [ -78.224578, 40.346652 ], [ -78.229056, 40.341588 ], [ -78.230924, 40.339842 ], [ -78.235694, 40.333849 ], [ -78.243108, 40.322539 ], [ -78.245022, 40.319239 ], [ -78.250091, 40.312291 ], [ -78.251263, 40.309786 ], [ -78.2567, 40.298734 ], [ -78.257305, 40.297883 ] ] ] ] } },
{ "type": "Feature", "properties": { "STATEFP": "42", "COUNTYFP": "107", "COUNTYNS": "01213685", "GEOIDFQ": "0500000US42107", "GEOID": "42107", "NAME": "Schuylkill", "NAMELSAD": "Schuylkill County", "STUSPS": "PA", "STATE_NAME": "Pennsylvania", "LSAD": "06", "ALAND": 2016509897.0, "AWATER": 10820294.0, "STATE_NAME_HYPHEN": "Pennsylvania" }, "geometry": { "type": "MultiPolygon", "coordinates": [ [ [ [ -76.701624, 40.658082 ], [ -76.690247, 40.651244 ], [ -76.689876, 40.651003 ], [ -76.639697, 40.619836 ], [ -76.622898, 40.609324 ], [ -76.609607, 40.600932 ], [ -76.577073, 40.580677 ], [ -76.56948, 40.576092 ], [ -76.562649, 40.571883 ], [ -76.54514, 40.561118 ], [ -76.535414, 40.555157 ], [ -76.515099, 40.542314 ], [ -76.500227, 40.532944 ], [ -76.496432, 40.530765 ], [ -76.484109, 40.523095 ], [ -76.474363, 40.517005 ], [ -76.440181, 40.495952 ], [ -76.436605, 40.496229 ], [ -76.434418, 40.495622 ], [ -76.430384, 40.495734 ], [ -76.427311, 40.495434 ], [ -76.4186, 40.495615 ], [ -76.415912, 40.496022 ], [ -76.412766, 40.49725 ], [ -76.405874, 40.498729 ], [ -76.405071, 40.49936 ], [ -76.399498, 40.501286 ], [ -76.387682, 40.504552 ], [ -76.384348, 40.505739 ], [ -76.378157, 40.506012 ], [ -76.376927, 40.506333 ], [ -76.369222, 40.509597 ], [ -76.362063, 40.510069 ], [ -76.355111, 40.510751 ], [ -76.351582, 40.511547 ], [ -76.344845, 40.513044 ], [ -76.338228, 40.515536 ], [ -76.33173, 40.515634 ], [ -76.330435, 40.51591 ], [ -76.326203, 40.514515 ], [ -76.322544, 40.51416 ], [ -76.314579, 40.51591 ], [ -76.311801, 40.515878 ], [ -76.30599, 40.515272 ], [ -76.302326, 40.514658 ], [ -76.295786, 40.515269 ], [ -76.290744, 40.515413 ], [ -76.282109, 40.516137 ], [ -76.272152, 40.517586 ], [ -76.262998, 40.516697 ], [ -76.256008, 40.517067 ], [ -76.246028, 40.519598 ], [ -76.242711, 40.519845 ], [ -76.24011, 40.520529 ], [ -76.234321, 40.522074 ], [ -76.231123, 40.524216 ], [ -76.219407, 40.528699 ], [ -76.214175, 40.529454 ], [ -76.210374, 40.529374 ], [ -76.206219, 40.530262 ], [ -76.203562, 40.530527 ], [ -76.196634, 40.531265 ], [ -76.191978, 40.533721 ], [ -76.185638, 40.535555 ], [ -76.171624, 40.534947 ], [ -76.168949, 40.537 ], [ -76.163599, 40.539989 ], [ -76.160137, 40.54045 ], [ -76.155384, 40.544955 ], [ -76.155096, 40.545229 ], [ -76.14427, 40.549474 ], [ -76.137604, 40.551129 ], [ -76.135878, 40.55199 ], [ -76.134745, 40.553482 ], [ -76.12908, 40.55528 ], [ -76.125739, 40.555588 ], [ -76.121664, 40.557406 ], [ -76.11729, 40.558544 ], [ -76.114672, 40.559252 ], [ -76.111282, 40.560711 ], [ -76.105865, 40.562198 ], [ -76.10279, 40.562311 ], [ -76.098338, 40.563195 ], [ -76.079566, 40.566077 ], [ -76.076974, 40.568365 ], [ -76.065339, 40.579678 ], [ -76.058024, 40.579629 ], [ -76.057669, 40.576656 ], [ -76.056086, 40.574879 ], [ -76.054228, 40.574086 ], [ -76.050942, 40.575168 ], [ -76.04948, 40.576541 ], [ -76.047225, 40.579891 ], [ -76.047251, 40.582676 ], [ -76.045004, 40.583793 ], [ -76.042524, 40.583951 ], [ -76.039509, 40.583094 ], [ -76.038516, 40.582323 ], [ -76.036692, 40.579328 ], [ -76.033843, 40.577259 ], [ -76.031535, 40.576996 ], [ -76.028648, 40.578265 ], [ -76.026509, 40.578595 ], [ -76.02481, 40.577762 ], [ -76.022489, 40.574691 ], [ -76.021201, 40.573755 ], [ -76.018562, 40.573826 ], [ -76.01708, 40.574455 ], [ -76.0168, 40.576013 ], [ -76.015597, 40.57705 ], [ -76.012226, 40.577713 ], [ -75.996233, 40.629971 ], [ -75.994632, 40.635534 ], [ -75.993212, 40.639712 ], [ -75.893482, 40.676479 ], [ -75.891473, 40.67727 ], [ -75.889207, 40.678343 ], [ -75.854809, 40.693192 ], [ -75.844663, 40.693001 ], [ -75.842905, 40.693541 ], [ -75.830132, 40.698568 ], [ -75.826765, 40.700073 ], [ -75.808285, 40.707299 ], [ -75.796518, 40.717034 ], [ -75.782931, 40.72306 ], [ -75.779682, 40.725022 ], [ -75.77769, 40.729534 ], [ -75.770292, 40.729938 ], [ -75.765947, 40.730926 ], [ -75.757807, 40.735414 ], [ -75.787049, 40.753559 ], [ -75.81303, 40.770301 ], [ -75.82788, 40.779591 ], [ -75.828827, 40.78007 ], [ -75.858369, 40.798753 ], [ -75.871249, 40.807192 ], [ -75.886037, 40.816267 ], [ -75.891671, 40.821083 ], [ -75.893655, 40.822806 ], [ -75.897433, 40.826091 ], [ -75.897901, 40.826497 ], [ -75.89987, 40.828203 ], [ -75.905813, 40.833363 ], [ -75.906242, 40.833736 ], [ -75.908336, 40.835554 ], [ -75.911736, 40.838806 ], [ -75.926429, 40.851726 ], [ -75.950534, 40.87236 ], [ -75.953405, 40.875087 ], [ -75.957873, 40.878667 ], [ -75.978877, 40.896814 ], [ -75.984133, 40.901382 ], [ -75.989223, 40.905628 ], [ -75.994936, 40.910631 ], [ -75.997636, 40.913259 ], [ -76.028006, 40.902313 ], [ -76.107975, 40.923198 ], [ -76.122178, 40.926973 ], [ -76.162476, 40.937675 ], [ -76.175151, 40.941054 ], [ -76.177801, 40.941759 ], [ -76.207827, 40.94974 ], [ -76.249661, 40.915792 ], [ -76.273046, 40.894242 ], [ -76.280024, 40.887812 ], [ -76.284611, 40.883588 ], [ -76.2991, 40.831191 ], [ -76.30717, 40.801809 ], [ -76.332871, 40.792571 ], [ -76.359097, 40.783131 ], [ -76.364678, 40.781147 ], [ -76.369242, 40.779524 ], [ -76.371215, 40.778823 ], [ -76.371968, 40.778553 ], [ -76.376924, 40.776725 ], [ -76.380334, 40.775445 ], [ -76.410147, 40.764874 ], [ -76.432321, 40.756848 ], [ -76.469523, 40.743188 ], [ -76.50495, 40.730247 ], [ -76.565402, 40.707848 ], [ -76.566087, 40.707664 ], [ -76.57079, 40.705969 ], [ -76.572395, 40.705392 ], [ -76.600068, 40.697064 ], [ -76.682407, 40.667227 ], [ -76.682905, 40.666974 ], [ -76.692506, 40.663807 ], [ -76.694744, 40.662865 ], [ -76.696858, 40.66367 ], [ -76.700546, 40.663114 ], [ -76.701624, 40.658082 ] ] ] ] } },
{ "type": "Feature", "properties": { "STATEFP": "42", "COUNTYFP": "065", "COUNTYNS": "01213674", "GEOIDFQ": "0500000US42065", "GEOID": "42065", "NAME": "Jefferson", "NAMELSAD": "Jefferson County", "STUSPS": "PA", "STATE_NAME": "Pennsylvania", "LSAD": "06", "ALAND": 1689810002.0, "AWATER": 11296014.0, "STATE_NAME_HYPHEN": "Pennsylvania" }, "geometry": { "type": "MultiPolygon", "coordinates": [ [ [ [ -79.215466, 40.939112 ], [ -79.215306, 40.912529 ], [ -79.21531, 40.911346 ], [ -79.125724, 40.910561 ], [ -79.124724, 40.910571 ], [ -79.102155, 40.910205 ], [ -79.047059, 40.909557 ], [ -79.046072, 40.90959 ], [ -79.016463, 40.909224 ], [ -78.99043, 40.909015 ], [ -78.955545, 40.908614 ], [ -78.946066, 40.908428 ], [ -78.940804, 40.908238 ], [ -78.903653, 40.907295 ], [ -78.897, 40.906934 ], [ -78.892389, 40.907 ], [ -78.867471, 40.906219 ], [ -78.866487, 40.906242 ], [ -78.805167, 40.90598 ], [ -78.804039, 40.972823 ], [ -78.804047, 40.993855 ], [ -78.804162, 41.008805 ], [ -78.804199, 41.040156 ], [ -78.804304, 41.05582 ], [ -78.804366, 41.063706 ], [ -78.804538, 41.089338 ], [ -78.804595, 41.11745 ], [ -78.8045, 41.132252 ], [ -78.800222, 41.139978 ], [ -78.797014, 41.145798 ], [ -78.796809, 41.146184 ], [ -78.766377, 41.202759 ], [ -78.741495, 41.202335 ], [ -78.710248, 41.201859 ], [ -78.710059, 41.230243 ], [ -78.738214, 41.230672 ], [ -78.739041, 41.25392 ], [ -78.737131, 41.258518 ], [ -78.73528, 41.262915 ], [ -78.761647, 41.274738 ], [ -78.814544, 41.298019 ], [ -78.864239, 41.320256 ], [ -78.936263, 41.352069 ], [ -78.959257, 41.362161 ], [ -78.95946, 41.371487 ], [ -78.96167, 41.370229 ], [ -78.964224, 41.369818 ], [ -78.966544, 41.370932 ], [ -78.967194, 41.372929 ], [ -78.969807, 41.375896 ], [ -78.971904, 41.376565 ], [ -78.974478, 41.375476 ], [ -78.978102, 41.371712 ], [ -78.978686, 41.370015 ], [ -78.981548, 41.367753 ], [ -78.984994, 41.366978 ], [ -78.987084, 41.368234 ], [ -78.992688, 41.368616 ], [ -78.996601, 41.366133 ], [ -78.998505, 41.36454 ], [ -78.999504, 41.362487 ], [ -79.00227, 41.359654 ], [ -79.003817, 41.359017 ], [ -79.009048, 41.359371 ], [ -79.01299, 41.358225 ], [ -79.014518, 41.357217 ], [ -79.015227, 41.355647 ], [ -79.016354, 41.350999 ], [ -79.017811, 41.350044 ], [ -79.020329, 41.350494 ], [ -79.022063, 41.351444 ], [ -79.022469, 41.352828 ], [ -79.025942, 41.355342 ], [ -79.028136, 41.357429 ], [ -79.033622, 41.357744 ], [ -79.036952, 41.357597 ], [ -79.039961, 41.356676 ], [ -79.046106, 41.35386 ], [ -79.048492, 41.352054 ], [ -79.052215, 41.351122 ], [ -79.058335, 41.35094 ], [ -79.063025, 41.350151 ], [ -79.065138, 41.350157 ], [ -79.068859, 41.351336 ], [ -79.072122, 41.353437 ], [ -79.07543, 41.354343 ], [ -79.078446, 41.353806 ], [ -79.081126, 41.352691 ], [ -79.086918, 41.346261 ], [ -79.088977, 41.343506 ], [ -79.091606, 41.340953 ], [ -79.093556, 41.340315 ], [ -79.095096, 41.340658 ], [ -79.096843, 41.341741 ], [ -79.099659, 41.342587 ], [ -79.102751, 41.342365 ], [ -79.104977, 41.341526 ], [ -79.107231, 41.336407 ], [ -79.104484, 41.331309 ], [ -79.105885, 41.326703 ], [ -79.106743, 41.3261 ], [ -79.111898, 41.325016 ], [ -79.11525, 41.325766 ], [ -79.117118, 41.32772 ], [ -79.120763, 41.329102 ], [ -79.123898, 41.330956 ], [ -79.126686, 41.333755 ], [ -79.128435, 41.334928 ], [ -79.132186, 41.338959 ], [ -79.136517, 41.341391 ], [ -79.138521, 41.341575 ], [ -79.139791, 41.341431 ], [ -79.141555, 41.338996 ], [ -79.145318, 41.335305 ], [ -79.148233, 41.331657 ], [ -79.150598, 41.330818 ], [ -79.154733, 41.32865 ], [ -79.157123, 41.328635 ], [ -79.159026, 41.3294 ], [ -79.162436, 41.331828 ], [ -79.163096, 41.333404 ], [ -79.162814, 41.335305 ], [ -79.159928, 41.339945 ], [ -79.160612, 41.34183 ], [ -79.162724, 41.343214 ], [ -79.166411, 41.343865 ], [ -79.168558, 41.34242 ], [ -79.169167, 41.339649 ], [ -79.166646, 41.332131 ], [ -79.166906, 41.330478 ], [ -79.168897, 41.328072 ], [ -79.17172, 41.32591 ], [ -79.174291, 41.325421 ], [ -79.175572, 41.326959 ], [ -79.176172, 41.332174 ], [ -79.17514, 41.335969 ], [ -79.176513, 41.337346 ], [ -79.179638, 41.339168 ], [ -79.18466, 41.33899 ], [ -79.187005, 41.33731 ], [ -79.186781, 41.333738 ], [ -79.186065, 41.331138 ], [ -79.18618, 41.328523 ], [ -79.188002, 41.326678 ], [ -79.191087, 41.324599 ], [ -79.1925, 41.324188 ], [ -79.195959, 41.324706 ], [ -79.19729, 41.325811 ], [ -79.202506, 41.32679 ], [ -79.204542, 41.328483 ], [ -79.206052, 41.330934 ], [ -79.208878, 41.331861 ], [ -79.20905, 41.317037 ], [ -79.209228, 41.297372 ], [ -79.209258, 41.281979 ], [ -79.209745, 41.234854 ], [ -79.209954, 41.206495 ], [ -79.210101, 41.185657 ], [ -79.210136, 41.180246 ], [ -79.21017, 41.17725 ], [ -79.210409, 41.161163 ], [ -79.211173, 41.112575 ], [ -79.211212, 41.098363 ], [ -79.21132, 41.078737 ], [ -79.214494, 41.078775 ], [ -79.215214, 41.050515 ], [ -79.215201, 41.048933 ], [ -79.210197, 41.049091 ], [ -79.210509, 41.040481 ], [ -79.212369, 40.973035 ], [ -79.212546, 40.96089 ], [ -79.215706, 40.94005 ], [ -79.215466, 40.939112 ] ] ] ] } },
{ "type": "Feature", "properties": { "STATEFP": "42", "COUNTYFP": "037", "COUNTYNS": "01213665", "GEOIDFQ": "0500000US42037", "GEOID": "42037", "NAME": "Columbia", "NAMELSAD": "Columbia County", "STUSPS": "PA", "STATE_NAME": "Pennsylvania", "LSAD": "06", "ALAND": 1251636166.0, "AWATER": 18574480.0, "STATE_NAME_HYPHEN": "Pennsylvania" }, "geometry": { "type": "MultiPolygon", "coordinates": [ [ [ [ -76.621311, 41.091624 ], [ -76.620678, 41.089613 ], [ -76.620458, 41.08484 ], [ -76.617898, 41.081358 ], [ -76.615353, 41.079359 ], [ -76.616595, 41.076042 ], [ -76.618216, 41.074211 ], [ -76.617363, 41.073353 ], [ -76.616039, 41.068748 ], [ -76.616965, 41.065964 ], [ -76.618971, 41.063759 ], [ -76.569915, 41.053761 ], [ -76.563013, 41.036261 ], [ -76.562263, 41.034214 ], [ -76.562847, 41.023447 ], [ -76.566208, 41.008587 ], [ -76.565246, 40.999865 ], [ -76.551099, 40.989352 ], [ -76.551022, 40.989295 ], [ -76.529005, 40.973069 ], [ -76.527342, 40.971512 ], [ -76.525057, 40.967789 ], [ -76.521815, 40.967064 ], [ -76.521498, 40.964676 ], [ -76.517473, 40.960465 ], [ -76.515034, 40.959048 ], [ -76.514561, 40.956751 ], [ -76.515203, 40.95415 ], [ -76.516273, 40.952521 ], [ -76.515795, 40.950003 ], [ -76.514163, 40.948691 ], [ -76.512421, 40.946102 ], [ -76.518371, 40.943686 ], [ -76.526549, 40.940811 ], [ -76.529395, 40.940143 ], [ -76.527637, 40.937764 ], [ -76.525824, 40.934567 ], [ -76.523771, 40.934166 ], [ -76.52178, 40.931653 ], [ -76.520701, 40.928845 ], [ -76.520138, 40.926634 ], [ -76.52224, 40.922743 ], [ -76.523719, 40.921757 ], [ -76.52673, 40.920712 ], [ -76.528213, 40.919121 ], [ -76.527808, 40.918023 ], [ -76.526204, 40.917428 ], [ -76.524862, 40.915936 ], [ -76.525536, 40.911209 ], [ -76.525286, 40.910579 ], [ -76.528024, 40.882613 ], [ -76.506625, 40.882859 ], [ -76.504377, 40.881226 ], [ -76.504151, 40.880897 ], [ -76.503908, 40.87832 ], [ -76.506364, 40.876833 ], [ -76.50933, 40.873977 ], [ -76.509739, 40.870502 ], [ -76.508095, 40.868227 ], [ -76.507752, 40.864049 ], [ -76.506814, 40.86295 ], [ -76.504137, 40.862543 ], [ -76.502481, 40.861769 ], [ -76.500808, 40.85995 ], [ -76.499992, 40.856081 ], [ -76.498006, 40.854075 ], [ -76.499211, 40.852526 ], [ -76.499279, 40.850294 ], [ -76.50526, 40.84886 ], [ -76.507499, 40.84742 ], [ -76.508093, 40.846637 ], [ -76.507433, 40.844379 ], [ -76.508054, 40.842131 ], [ -76.506665, 40.839356 ], [ -76.505337, 40.838321 ], [ -76.505011, 40.835303 ], [ -76.502568, 40.8317 ], [ -76.502061, 40.827777 ], [ -76.501598, 40.824765 ], [ -76.499691, 40.824468 ], [ -76.498456, 40.823897 ], [ -76.493225, 40.824683 ], [ -76.487236, 40.826324 ], [ -76.485071, 40.82605 ], [ -76.480994, 40.826923 ], [ -76.475228, 40.827199 ], [ -76.473372, 40.827189 ], [ -76.470653, 40.828688 ], [ -76.468878, 40.828015 ], [ -76.467629, 40.827888 ], [ -76.461482, 40.828821 ], [ -76.45788, 40.830161 ], [ -76.454551, 40.83075 ], [ -76.454044, 40.830078 ], [ -76.452311, 40.830824 ], [ -76.450811, 40.830378 ], [ -76.448858, 40.831067 ], [ -76.445807, 40.830808 ], [ -76.443534, 40.831395 ], [ -76.440871, 40.831381 ], [ -76.437511, 40.832487 ], [ -76.436395, 40.831956 ], [ -76.434811, 40.832546 ], [ -76.429929, 40.832218 ], [ -76.428026, 40.83236 ], [ -76.423347, 40.833399 ], [ -76.412975, 40.833264 ], [ -76.411487, 40.83349 ], [ -76.40099, 40.813808 ], [ -76.398371, 40.808897 ], [ -76.394049, 40.801247 ], [ -76.392689, 40.797482 ], [ -76.380334, 40.775445 ], [ -76.376924, 40.776725 ], [ -76.371968, 40.778553 ], [ -76.371215, 40.778823 ], [ -76.369242, 40.779524 ], [ -76.364678, 40.781147 ], [ -76.359097, 40.783131 ], [ -76.332871, 40.792571 ], [ -76.30717, 40.801809 ], [ -76.2991, 40.831191 ], [ -76.284611, 40.883588 ], [ -76.280024, 40.887812 ], [ -76.273046, 40.894242 ], [ -76.249661, 40.915792 ], [ -76.207827, 40.94974 ], [ -76.215748, 40.980353 ], [ -76.220769, 41.000085 ], [ -76.221656, 41.004295 ], [ -76.221726, 41.004631 ], [ -76.231222, 41.050262 ], [ -76.230177, 41.051228 ], [ -76.229049, 41.051629 ], [ -76.228144, 41.051947 ], [ -76.228478, 41.053632 ], [ -76.228518, 41.06029 ], [ -76.228537, 41.063652 ], [ -76.228544, 41.065022 ], [ -76.228578, 41.07078 ], [ -76.22859, 41.072514 ], [ -76.228635, 41.079849 ], [ -76.228673, 41.086879 ], [ -76.228975, 41.138466 ], [ -76.24977, 41.135062 ], [ -76.27739, 41.131795 ], [ -76.28778, 41.150142 ], [ -76.300176, 41.171742 ], [ -76.307212, 41.18536 ], [ -76.317953, 41.205453 ], [ -76.319236, 41.208092 ], [ -76.32022, 41.215063 ], [ -76.31927, 41.222497 ], [ -76.319036, 41.226974 ], [ -76.318225, 41.235098 ], [ -76.312828, 41.288718 ], [ -76.310848, 41.308949 ], [ -76.310261, 41.310198 ], [ -76.398914, 41.308487 ], [ -76.407934, 41.308418 ], [ -76.408758, 41.30773 ], [ -76.412023, 41.305018 ], [ -76.425818, 41.293552 ], [ -76.447597, 41.275629 ], [ -76.460762, 41.264848 ], [ -76.499652, 41.233856 ], [ -76.521652, 41.21426 ], [ -76.556594, 41.186412 ], [ -76.592525, 41.157828 ], [ -76.601171, 41.157395 ], [ -76.640767, 41.155718 ], [ -76.621311, 41.091624 ] ] ] ] } },
{ "type": "Feature", "properties": { "STATEFP": "42", "COUNTYFP": "021", "COUNTYNS": "01213662", "GEOIDFQ": "0500000US42021", "GEOID": "42021", "NAME": "Cambria", "NAMELSAD": "Cambria County", "STUSPS": "PA", "STATE_NAME": "Pennsylvania", "LSAD": "06", "ALAND": 1781816295.0, "AWATER": 13645124.0, "STATE_NAME_HYPHEN": "Pennsylvania" }, "geometry": { "type": "MultiPolygon", "coordinates": [ [ [ [ -79.056053, 40.284861 ], [ -79.015796, 40.285414 ], [ -79.007467, 40.285266 ], [ -78.981767, 40.285439 ], [ -78.938626, 40.284884 ], [ -78.933396, 40.284816 ], [ -78.927109, 40.284733 ], [ -78.927693, 40.283086 ], [ -78.925631, 40.278974 ], [ -78.924794, 40.278488 ], [ -78.922491, 40.277866 ], [ -78.910546, 40.276392 ], [ -78.907375, 40.27543 ], [ -78.904093, 40.275262 ], [ -78.902054, 40.274791 ], [ -78.897163, 40.27227 ], [ -78.894984, 40.26989 ], [ -78.894516, 40.267962 ], [ -78.896019, 40.26668 ], [ -78.897195, 40.264106 ], [ -78.896749, 40.262732 ], [ -78.894019, 40.261062 ], [ -78.892609, 40.257756 ], [ -78.892033, 40.253004 ], [ -78.891144, 40.250197 ], [ -78.890868, 40.249744 ], [ -78.887067, 40.247168 ], [ -78.884733, 40.244644 ], [ -78.883847, 40.244668 ], [ -78.880612, 40.245301 ], [ -78.879844, 40.247227 ], [ -78.873385, 40.248662 ], [ -78.869229, 40.248998 ], [ -78.86459, 40.244512 ], [ -78.863464, 40.244264 ], [ -78.862369, 40.245141 ], [ -78.860859, 40.245204 ], [ -78.860063, 40.242899 ], [ -78.858565, 40.242525 ], [ -78.856612, 40.243058 ], [ -78.856324, 40.24318 ], [ -78.853169, 40.245723 ], [ -78.851167, 40.245988 ], [ -78.847958, 40.244929 ], [ -78.839013, 40.244754 ], [ -78.835102, 40.24468 ], [ -78.825653, 40.244505 ], [ -78.810282, 40.244368 ], [ -78.802615, 40.244315 ], [ -78.768601, 40.244045 ], [ -78.658305, 40.243235 ], [ -78.643816, 40.25914 ], [ -78.647857, 40.270589 ], [ -78.64942, 40.275014 ], [ -78.651743, 40.281524 ], [ -78.642707, 40.283071 ], [ -78.639311, 40.296715 ], [ -78.636404, 40.305506 ], [ -78.625221, 40.314302 ], [ -78.619477, 40.325729 ], [ -78.618889, 40.326471 ], [ -78.615941, 40.330131 ], [ -78.608878, 40.34349 ], [ -78.602855, 40.351702 ], [ -78.602345, 40.353282 ], [ -78.602236, 40.353629 ], [ -78.561466, 40.36967 ], [ -78.556229, 40.410049 ], [ -78.552889, 40.434783 ], [ -78.557721, 40.441563 ], [ -78.551883, 40.455233 ], [ -78.551183, 40.456654 ], [ -78.549107, 40.459285 ], [ -78.548463, 40.461854 ], [ -78.544025, 40.46595 ], [ -78.542161, 40.469176 ], [ -78.542006, 40.469653 ], [ -78.540389, 40.475559 ], [ -78.544194, 40.482591 ], [ -78.544562, 40.484183 ], [ -78.54457, 40.48777 ], [ -78.544015, 40.489151 ], [ -78.541455, 40.49707 ], [ -78.540645, 40.500565 ], [ -78.539819, 40.506293 ], [ -78.537166, 40.509941 ], [ -78.530384, 40.519144 ], [ -78.522663, 40.523258 ], [ -78.519841, 40.526445 ], [ -78.518211, 40.528802 ], [ -78.511851, 40.531439 ], [ -78.497561, 40.539163 ], [ -78.493917, 40.540398 ], [ -78.486124, 40.540838 ], [ -78.479051, 40.547307 ], [ -78.476618, 40.550674 ], [ -78.45385, 40.581249 ], [ -78.452002, 40.586116 ], [ -78.449344, 40.590298 ], [ -78.447783, 40.591659 ], [ -78.441208, 40.597239 ], [ -78.446323, 40.624164 ], [ -78.441864, 40.629869 ], [ -78.440977, 40.631784 ], [ -78.4407, 40.636518 ], [ -78.440419, 40.639183 ], [ -78.442148, 40.641088 ], [ -78.440734, 40.642562 ], [ -78.43966, 40.644806 ], [ -78.436933, 40.646661 ], [ -78.43379, 40.647097 ], [ -78.432457, 40.647756 ], [ -78.428919, 40.646768 ], [ -78.423507, 40.647486 ], [ -78.421471, 40.646615 ], [ -78.42002, 40.646909 ], [ -78.417124, 40.64535 ], [ -78.412944, 40.644521 ], [ -78.408801, 40.644371 ], [ -78.358916, 40.709922 ], [ -78.348668, 40.723443 ], [ -78.402899, 40.725239 ], [ -78.431285, 40.725376 ], [ -78.46752, 40.72548 ], [ -78.531923, 40.725906 ], [ -78.531986, 40.725905 ], [ -78.569023, 40.725642 ], [ -78.578038, 40.725295 ], [ -78.589116, 40.724868 ], [ -78.635504, 40.723082 ], [ -78.688187, 40.724251 ], [ -78.691153, 40.724318 ], [ -78.696411, 40.72435 ], [ -78.714117, 40.724402 ], [ -78.715181, 40.724405 ], [ -78.715864, 40.724372 ], [ -78.801726, 40.724618 ], [ -78.799226, 40.7171 ], [ -78.808922, 40.720952 ], [ -78.835323, 40.661663 ], [ -78.846607, 40.635605 ], [ -78.850617, 40.62646 ], [ -78.866648, 40.592793 ], [ -78.874659, 40.576722 ], [ -78.875341, 40.575354 ], [ -78.89666, 40.532965 ], [ -78.92158, 40.484184 ], [ -78.922514, 40.482491 ], [ -78.923653, 40.480526 ], [ -78.973422, 40.39639 ], [ -78.973814, 40.395421 ], [ -78.974155, 40.39458 ], [ -78.97523, 40.391927 ], [ -78.998171, 40.356169 ], [ -79.000117, 40.355468 ], [ -79.004641, 40.352009 ], [ -79.006078, 40.351203 ], [ -79.009904, 40.342999 ], [ -79.009933, 40.340477 ], [ -79.015368, 40.339187 ], [ -79.018182, 40.337295 ], [ -79.020019, 40.335605 ], [ -79.022085, 40.332208 ], [ -79.023376, 40.328691 ], [ -79.025411, 40.326005 ], [ -79.029712, 40.322969 ], [ -79.031155, 40.320833 ], [ -79.031039, 40.319089 ], [ -79.031665, 40.317646 ], [ -79.034165, 40.316311 ], [ -79.03635, 40.314598 ], [ -79.037295, 40.313403 ], [ -79.036396, 40.311106 ], [ -79.037558, 40.306961 ], [ -79.039369, 40.305788 ], [ -79.041695, 40.302042 ], [ -79.045047, 40.299647 ], [ -79.046251, 40.296718 ], [ -79.049771, 40.293075 ], [ -79.05098, 40.290779 ], [ -79.052232, 40.289764 ], [ -79.054807, 40.289399 ], [ -79.056053, 40.284861 ] ] ] ] } },
{ "type": "Feature", "properties": { "STATEFP": "42", "COUNTYFP": "109", "COUNTYNS": "01213686", "GEOIDFQ": "0500000US42109", "GEOID": "42109", "NAME": "Snyder", "NAMELSAD": "Snyder County", "STUSPS": "PA", "STATE_NAME": "Pennsylvania", "LSAD": "06", "ALAND": 851547200.0, "AWATER": 7158854.0, "STATE_NAME_HYPHEN": "Pennsylvania" }, "geometry": { "type": "MultiPolygon", "coordinates": [ [ [ [ -77.355327, 40.759414 ], [ -77.354266, 40.709654 ], [ -77.354097, 40.701667 ], [ -77.339653, 40.699885 ], [ -77.303509, 40.695424 ], [ -77.287941, 40.693595 ], [ -77.269737, 40.691271 ], [ -77.269529, 40.691247 ], [ -77.198923, 40.682511 ], [ -77.171323, 40.679058 ], [ -77.150516, 40.677074 ], [ -77.149089, 40.680538 ], [ -77.144, 40.681596 ], [ -77.142784, 40.682632 ], [ -77.139844, 40.683584 ], [ -77.137206, 40.683532 ], [ -77.134462, 40.684238 ], [ -77.125544, 40.685687 ], [ -77.123289, 40.686833 ], [ -77.114946, 40.688979 ], [ -77.111941, 40.690598 ], [ -77.110718, 40.69142 ], [ -77.109597, 40.691578 ], [ -77.108709, 40.691382 ], [ -77.107111, 40.690675 ], [ -77.105603, 40.689601 ], [ -77.104467, 40.68939 ], [ -77.103875, 40.689682 ], [ -77.102472, 40.689352 ], [ -77.101386, 40.688848 ], [ -77.100191, 40.687922 ], [ -77.1001, 40.686028 ], [ -77.098897, 40.684861 ], [ -77.097428, 40.681053 ], [ -77.097324, 40.680191 ], [ -77.097327, 40.678365 ], [ -77.093891, 40.676192 ], [ -77.089733, 40.677099 ], [ -77.087952, 40.678377 ], [ -77.08481, 40.677477 ], [ -77.07816, 40.678417 ], [ -77.076325, 40.679085 ], [ -77.074821, 40.678374 ], [ -77.070506, 40.679708 ], [ -77.068083, 40.67984 ], [ -77.065801, 40.678277 ], [ -77.063411, 40.678444 ], [ -77.060451, 40.679854 ], [ -77.059248, 40.677266 ], [ -77.056742, 40.67596 ], [ -77.054382, 40.675997 ], [ -77.053281, 40.675191 ], [ -77.047275, 40.676369 ], [ -77.045769, 40.675637 ], [ -77.043728, 40.676846 ], [ -77.042344, 40.678502 ], [ -77.039339, 40.679958 ], [ -77.038444, 40.679724 ], [ -77.035549, 40.676918 ], [ -77.036073, 40.676063 ], [ -77.036362, 40.674852 ], [ -77.035046, 40.672362 ], [ -77.036234, 40.671283 ], [ -77.035442, 40.668516 ], [ -77.033945, 40.667141 ], [ -77.032419, 40.664672 ], [ -77.034409, 40.659928 ], [ -77.033219, 40.659534 ], [ -77.031674, 40.657092 ], [ -77.029501, 40.655562 ], [ -77.025753, 40.656063 ], [ -77.024844, 40.659029 ], [ -77.022514, 40.660886 ], [ -77.021644, 40.660043 ], [ -77.01915, 40.6595 ], [ -77.016411, 40.659945 ], [ -77.013792, 40.662164 ], [ -77.010152, 40.661234 ], [ -77.008418, 40.659912 ], [ -77.007234, 40.656033 ], [ -77.008611, 40.655776 ], [ -77.008117, 40.651275 ], [ -77.006455, 40.649667 ], [ -77.004045, 40.645572 ], [ -77.005535, 40.644432 ], [ -77.006054, 40.642615 ], [ -77.004845, 40.641742 ], [ -77.003131, 40.638717 ], [ -77.001754, 40.638804 ], [ -76.998943, 40.637789 ], [ -76.996995, 40.635778 ], [ -76.989644, 40.641761 ], [ -76.988044, 40.643591 ], [ -76.986631, 40.644025 ], [ -76.983865, 40.64374 ], [ -76.980803, 40.644793 ], [ -76.976581, 40.645374 ], [ -76.975901, 40.642243 ], [ -76.974823, 40.642809 ], [ -76.97177, 40.641796 ], [ -76.967495, 40.641255 ], [ -76.967623, 40.64528 ], [ -76.966478, 40.645507 ], [ -76.965528, 40.647149 ], [ -76.961814, 40.645674 ], [ -76.958641, 40.64711 ], [ -76.953626, 40.647866 ], [ -76.946318, 40.650122 ], [ -76.944828, 40.650209 ], [ -76.943519, 40.648356 ], [ -76.940656, 40.646175 ], [ -76.939534, 40.639083 ], [ -76.939883, 40.638142 ], [ -76.936449, 40.640127 ], [ -76.934941, 40.640451 ], [ -76.929279, 40.644265 ], [ -76.927625, 40.645707 ], [ -76.923442, 40.650853 ], [ -76.920108, 40.65587 ], [ -76.917782, 40.660628 ], [ -76.91495, 40.664662 ], [ -76.912015, 40.667642 ], [ -76.907987, 40.670978 ], [ -76.903849, 40.674096 ], [ -76.895793, 40.678735 ], [ -76.892813, 40.67978 ], [ -76.889407, 40.681966 ], [ -76.887088, 40.682589 ], [ -76.884247, 40.684513 ], [ -76.87985, 40.687192 ], [ -76.876764, 40.691437 ], [ -76.874448, 40.692803 ], [ -76.873078, 40.694781 ], [ -76.869387, 40.698975 ], [ -76.867439, 40.702584 ], [ -76.865257, 40.704606 ], [ -76.864954, 40.706124 ], [ -76.863396, 40.70765 ], [ -76.861184, 40.711598 ], [ -76.858469, 40.717569 ], [ -76.856492, 40.72263 ], [ -76.856015, 40.724671 ], [ -76.855361, 40.728558 ], [ -76.855407, 40.735043 ], [ -76.856846, 40.743697 ], [ -76.856681, 40.747311 ], [ -76.857403, 40.750035 ], [ -76.856818, 40.751025 ], [ -76.856281, 40.754787 ], [ -76.857186, 40.762387 ], [ -76.856749, 40.761787 ], [ -76.856999, 40.765961 ], [ -76.858024, 40.768411 ], [ -76.859252, 40.777043 ], [ -76.858695, 40.778211 ], [ -76.858646, 40.781784 ], [ -76.856674, 40.788378 ], [ -76.856094, 40.791211 ], [ -76.854461, 40.795598 ], [ -76.851459, 40.801959 ], [ -76.848912, 40.805989 ], [ -76.849329, 40.809666 ], [ -76.848738, 40.810632 ], [ -76.847105, 40.812565 ], [ -76.843008, 40.818172 ], [ -76.840626, 40.821324 ], [ -76.836338, 40.825761 ], [ -76.831891, 40.829268 ], [ -76.829685, 40.831029 ], [ -76.825648, 40.835503 ], [ -76.824039, 40.836804 ], [ -76.818026, 40.843293 ], [ -76.813022, 40.847058 ], [ -76.811925, 40.849882 ], [ -76.812091, 40.849999 ], [ -76.811489, 40.851391 ], [ -76.811208, 40.851782 ], [ -76.810251, 40.854565 ], [ -76.808504, 40.857273 ], [ -76.806492, 40.86219 ], [ -76.804475, 40.866201 ], [ -76.800436, 40.873175 ], [ -76.798718, 40.878325 ], [ -76.800242, 40.881994 ], [ -76.799542, 40.878552 ], [ -76.80166, 40.879368 ], [ -76.807974, 40.878585 ], [ -76.817189, 40.884044 ], [ -76.823501, 40.886794 ], [ -76.825555, 40.887995 ], [ -76.82944, 40.887573 ], [ -76.834269, 40.889567 ], [ -76.835534, 40.888623 ], [ -76.840793, 40.886953 ], [ -76.849866, 40.886428 ], [ -76.851964, 40.888679 ], [ -76.854865, 40.889282 ], [ -76.858161, 40.889285 ], [ -76.864188, 40.88804 ], [ -76.870438, 40.886368 ], [ -76.87535, 40.884697 ], [ -76.87815, 40.884499 ], [ -76.884292, 40.887019 ], [ -76.89066, 40.8887 ], [ -76.894839, 40.887038 ], [ -76.905283, 40.884968 ], [ -76.908002, 40.884843 ], [ -76.912749, 40.884536 ], [ -76.913057, 40.884542 ], [ -76.919235, 40.88519 ], [ -76.927796, 40.887386 ], [ -76.934565, 40.887153 ], [ -76.941788, 40.88806 ], [ -76.943323, 40.887721 ], [ -76.947145, 40.885759 ], [ -76.956209, 40.88402 ], [ -76.970009, 40.880928 ], [ -76.970916, 40.878547 ], [ -76.973163, 40.877132 ], [ -76.977107, 40.876572 ], [ -76.983581, 40.875797 ], [ -76.98633, 40.875716 ], [ -76.988469, 40.875845 ], [ -76.990478, 40.875321 ], [ -76.99366, 40.875139 ], [ -76.995077, 40.874455 ], [ -76.995357, 40.87272 ], [ -76.996578, 40.872036 ], [ -77.000016, 40.872572 ], [ -77.004828, 40.872129 ], [ -77.010254, 40.86966 ], [ -77.011309, 40.868768 ], [ -77.012848, 40.865818 ], [ -77.014989, 40.863692 ], [ -77.015473, 40.860924 ], [ -77.018818, 40.858341 ], [ -77.023367, 40.857455 ], [ -77.024901, 40.857489 ], [ -77.028884, 40.861706 ], [ -77.031864, 40.864114 ], [ -77.037223, 40.864612 ], [ -77.037546, 40.863421 ], [ -77.040178, 40.862726 ], [ -77.043255, 40.863666 ], [ -77.044755, 40.865848 ], [ -77.049061, 40.867219 ], [ -77.050841, 40.868936 ], [ -77.052027, 40.869387 ], [ -77.064048, 40.86881 ], [ -77.074058, 40.868333 ], [ -77.098369, 40.86197 ], [ -77.129574, 40.853794 ], [ -77.135191, 40.852727 ], [ -77.151166, 40.849687 ], [ -77.243358, 40.832087 ], [ -77.32119, 40.817187 ], [ -77.356628, 40.807334 ], [ -77.355327, 40.759414 ] ] ] ] } },
{ "type": "Feature", "properties": { "STATEFP": "42", "COUNTYFP": "047", "COUNTYNS": "01213668", "GEOIDFQ": "0500000US42047", "GEOID": "42047", "NAME": "Elk", "NAMELSAD": "Elk County", "STUSPS": "PA", "STATE_NAME": "Pennsylvania", "LSAD": "06", "ALAND": 2141664027.0, "AWATER": 12792134.0, "STATE_NAME_HYPHEN": "Pennsylvania" }, "geometry": { "type": "MultiPolygon", "coordinates": [ [ [ [ -79.095096, 41.340658 ], [ -79.093556, 41.340315 ], [ -79.091606, 41.340953 ], [ -79.088977, 41.343506 ], [ -79.086918, 41.346261 ], [ -79.081126, 41.352691 ], [ -79.078446, 41.353806 ], [ -79.07543, 41.354343 ], [ -79.072122, 41.353437 ], [ -79.068859, 41.351336 ], [ -79.065138, 41.350157 ], [ -79.063025, 41.350151 ], [ -79.058335, 41.35094 ], [ -79.052215, 41.351122 ], [ -79.048492, 41.352054 ], [ -79.046106, 41.35386 ], [ -79.039961, 41.356676 ], [ -79.036952, 41.357597 ], [ -79.033622, 41.357744 ], [ -79.028136, 41.357429 ], [ -79.025942, 41.355342 ], [ -79.022469, 41.352828 ], [ -79.022063, 41.351444 ], [ -79.020329, 41.350494 ], [ -79.017811, 41.350044 ], [ -79.016354, 41.350999 ], [ -79.015227, 41.355647 ], [ -79.014518, 41.357217 ], [ -79.01299, 41.358225 ], [ -79.009048, 41.359371 ], [ -79.003817, 41.359017 ], [ -79.00227, 41.359654 ], [ -78.999504, 41.362487 ], [ -78.998505, 41.36454 ], [ -78.996601, 41.366133 ], [ -78.992688, 41.368616 ], [ -78.987084, 41.368234 ], [ -78.984994, 41.366978 ], [ -78.981548, 41.367753 ], [ -78.978686, 41.370015 ], [ -78.978102, 41.371712 ], [ -78.974478, 41.375476 ], [ -78.971904, 41.376565 ], [ -78.969807, 41.375896 ], [ -78.967194, 41.372929 ], [ -78.966544, 41.370932 ], [ -78.964224, 41.369818 ], [ -78.96167, 41.370229 ], [ -78.95946, 41.371487 ], [ -78.959257, 41.362161 ], [ -78.936263, 41.352069 ], [ -78.864239, 41.320256 ], [ -78.814544, 41.298019 ], [ -78.761647, 41.274738 ], [ -78.73528, 41.262915 ], [ -78.737131, 41.258518 ], [ -78.739041, 41.25392 ], [ -78.738214, 41.230672 ], [ -78.710059, 41.230243 ], [ -78.710248, 41.201859 ], [ -78.698573, 41.204781 ], [ -78.689311, 41.207102 ], [ -78.648238, 41.217386 ], [ -78.647947, 41.21746 ], [ -78.64659, 41.250062 ], [ -78.646662, 41.253624 ], [ -78.646666, 41.253778 ], [ -78.548844, 41.247548 ], [ -78.52781, 41.246239 ], [ -78.484712, 41.24394 ], [ -78.421841, 41.24052 ], [ -78.414968, 41.240151 ], [ -78.342164, 41.236173 ], [ -78.236817, 41.230475 ], [ -78.234675, 41.323413 ], [ -78.254382, 41.323584 ], [ -78.253959, 41.404721 ], [ -78.374816, 41.404887 ], [ -78.420028, 41.405046 ], [ -78.419608, 41.468165 ], [ -78.419566, 41.473724 ], [ -78.421154, 41.473845 ], [ -78.420172, 41.51529 ], [ -78.420161, 41.544047 ], [ -78.418431, 41.543954 ], [ -78.418408, 41.557155 ], [ -78.420498, 41.601874 ], [ -78.482909, 41.60233 ], [ -78.483815, 41.631481 ], [ -78.676016, 41.624973 ], [ -78.706619, 41.625067 ], [ -78.748158, 41.625129 ], [ -78.783315, 41.62467 ], [ -78.815237, 41.624249 ], [ -78.815809, 41.622677 ], [ -78.828088, 41.62274 ], [ -78.851856, 41.62286 ], [ -78.956138, 41.623334 ], [ -78.957413, 41.578349 ], [ -78.9586, 41.525492 ], [ -78.958989, 41.452691 ], [ -78.958957, 41.437061 ], [ -78.976657, 41.436963 ], [ -78.976658, 41.451761 ], [ -79.06352, 41.453207 ], [ -79.065154, 41.423194 ], [ -79.093588, 41.423286 ], [ -79.093737, 41.417463 ], [ -79.095017, 41.367767 ], [ -79.094765, 41.365909 ], [ -79.094804, 41.356937 ], [ -79.095096, 41.340658 ] ] ] ] } },
{ "type": "Feature", "properties": { "STATEFP": "42", "COUNTYFP": "121", "COUNTYNS": "01213690", "GEOIDFQ": "0500000US42121", "GEOID": "42121", "NAME": "Venango", "NAMELSAD": "Venango County", "STUSPS": "PA", "STATE_NAME": "Pennsylvania", "LSAD": "06", "ALAND": 1746337768.0, "AWATER": 22149577.0, "STATE_NAME_HYPHEN": "Pennsylvania" }, "geometry": { "type": "MultiPolygon", "coordinates": [ [ [ [ -79.999781, 41.463338 ], [ -79.999777, 41.432494 ], [ -79.99978, 41.403495 ], [ -79.99978, 41.372728 ], [ -79.999779, 41.369631 ], [ -79.999779, 41.313718 ], [ -79.99978, 41.274178 ], [ -79.999779, 41.238653 ], [ -79.999779, 41.213087 ], [ -79.999274, 41.199491 ], [ -79.99948, 41.182487 ], [ -79.999779, 41.171861 ], [ -79.981771, 41.171818 ], [ -79.959691, 41.171654 ], [ -79.954505, 41.171832 ], [ -79.929996, 41.171911 ], [ -79.927921, 41.1718 ], [ -79.921722, 41.172041 ], [ -79.905353, 41.172144 ], [ -79.885546, 41.172463 ], [ -79.824481, 41.173122 ], [ -79.822616, 41.173088 ], [ -79.814298, 41.173134 ], [ -79.813639, 41.172895 ], [ -79.803429, 41.173123 ], [ -79.786692, 41.172963 ], [ -79.696934, 41.172914 ], [ -79.694984, 41.172865 ], [ -79.700581, 41.175059 ], [ -79.700142, 41.176189 ], [ -79.699589, 41.177868 ], [ -79.699356, 41.178433 ], [ -79.700287, 41.181875 ], [ -79.697242, 41.184614 ], [ -79.693729, 41.183829 ], [ -79.693255, 41.183056 ], [ -79.691497, 41.182744 ], [ -79.690304, 41.181419 ], [ -79.686761, 41.182145 ], [ -79.684489, 41.184072 ], [ -79.679839, 41.183223 ], [ -79.676913, 41.183692 ], [ -79.676143, 41.184912 ], [ -79.67309, 41.184704 ], [ -79.672912, 41.183013 ], [ -79.670125, 41.183116 ], [ -79.670213, 41.184544 ], [ -79.665368, 41.189024 ], [ -79.670614, 41.193166 ], [ -79.666519, 41.196491 ], [ -79.666323, 41.197136 ], [ -79.668892, 41.199075 ], [ -79.649628, 41.217912 ], [ -79.650394, 41.253709 ], [ -79.632875, 41.253599 ], [ -79.63271, 41.266919 ], [ -79.627726, 41.266907 ], [ -79.627561, 41.277183 ], [ -79.60461, 41.277072 ], [ -79.604609, 41.291342 ], [ -79.604453, 41.304189 ], [ -79.604161, 41.321478 ], [ -79.541474, 41.321008 ], [ -79.54143, 41.335951 ], [ -79.524654, 41.335822 ], [ -79.480111, 41.33566 ], [ -79.47814, 41.335708 ], [ -79.477822, 41.386479 ], [ -79.47805, 41.411114 ], [ -79.478163, 41.440134 ], [ -79.521599, 41.440554 ], [ -79.522024, 41.465219 ], [ -79.512276, 41.46524 ], [ -79.511432, 41.496927 ], [ -79.511261, 41.506429 ], [ -79.51207, 41.624559 ], [ -79.570416, 41.624167 ], [ -79.613147, 41.623863 ], [ -79.613173, 41.616868 ], [ -79.643349, 41.6172 ], [ -79.649685, 41.617246 ], [ -79.688062, 41.617224 ], [ -79.748044, 41.61791 ], [ -79.768357, 41.617711 ], [ -79.768345, 41.620955 ], [ -79.829111, 41.62207 ], [ -79.829261, 41.617164 ], [ -79.829722, 41.601953 ], [ -79.849609, 41.597764 ], [ -79.850054, 41.587056 ], [ -79.873002, 41.581152 ], [ -79.870031, 41.574255 ], [ -79.877171, 41.574242 ], [ -79.892732, 41.574138 ], [ -79.892757, 41.562168 ], [ -79.908606, 41.562174 ], [ -79.909471, 41.550149 ], [ -79.925369, 41.550208 ], [ -79.92334, 41.537596 ], [ -79.943296, 41.537837 ], [ -79.942227, 41.525348 ], [ -79.959188, 41.52544 ], [ -79.95816, 41.513624 ], [ -79.965332, 41.512859 ], [ -79.981536, 41.512887 ], [ -79.98228, 41.50014 ], [ -79.986365, 41.500633 ], [ -79.994412, 41.500983 ], [ -79.998488, 41.500948 ], [ -79.999779, 41.490049 ], [ -79.999781, 41.463338 ] ] ] ] } },
{ "type": "Feature", "properties": { "STATEFP": "42", "COUNTYFP": "085", "COUNTYNS": "01213678", "GEOIDFQ": "0500000US42085", "GEOID": "42085", "NAME": "Mercer", "NAMELSAD": "Mercer County", "STUSPS": "PA", "STATE_NAME": "Pennsylvania", "LSAD": "06", "ALAND": 1741866411.0, "AWATER": 25964036.0, "STATE_NAME_HYPHEN": "Pennsylvania" }, "geometry": { "type": "MultiPolygon", "coordinates": [ [ [ [ -80.519345, 41.340145 ], [ -80.519293, 41.339654 ], [ -80.519293, 41.339054 ], [ -80.519311, 41.339052 ], [ -80.519281, 41.337174 ], [ -80.519281, 41.337145 ], [ -80.519281, 41.335958 ], [ -80.5192653, 41.3335453 ], [ -80.519265, 41.333495 ], [ -80.519129, 41.312408 ], [ -80.5190822, 41.3114436 ], [ -80.519081, 41.3114194 ], [ -80.518794, 41.305509 ], [ -80.5189733, 41.2724823 ], [ -80.518996, 41.2683 ], [ -80.518993, 41.268155 ], [ -80.518988, 41.2680042 ], [ -80.518893, 41.265155 ], [ -80.518693, 41.248855 ], [ -80.5187637, 41.2430926 ], [ -80.5187681, 41.2427338 ], [ -80.5188905, 41.2327581 ], [ -80.5188906, 41.2327546 ], [ -80.518893, 41.232556 ], [ -80.518893, 41.227854699999988 ], [ -80.518893, 41.219356 ], [ -80.5188892, 41.2187458 ], [ -80.5188345, 41.209929699999989 ], [ -80.51883, 41.209213 ], [ -80.51883620000001, 41.2084616 ], [ -80.5188842, 41.2026485 ], [ -80.5189595, 41.1935374 ], [ -80.51901, 41.1874254 ], [ -80.519144, 41.171203 ], [ -80.5191324, 41.1609305 ], [ -80.519115, 41.14552 ], [ -80.519167, 41.133343 ], [ -80.5191647, 41.1332184 ], [ -80.519012, 41.125116 ], [ -80.519012, 41.1250929 ], [ -80.495736, 41.125057 ], [ -80.487365, 41.125305 ], [ -80.436204, 41.125895 ], [ -80.385094, 41.126492 ], [ -80.384551, 41.1265 ], [ -80.341233, 41.126911 ], [ -80.327801, 41.127185 ], [ -80.257933, 41.128106 ], [ -80.257946, 41.117339 ], [ -80.257945, 41.11723 ], [ -80.189798, 41.1152 ], [ -80.185148, 41.115062 ], [ -80.147303, 41.113917 ], [ -80.145447, 41.112267 ], [ -80.126759, 41.095628 ], [ -80.124126, 41.093593 ], [ -80.098294, 41.071054 ], [ -80.096861, 41.069804 ], [ -80.087437, 41.079149 ], [ -80.082007, 41.085033 ], [ -80.074422, 41.092292 ], [ -80.06742, 41.09981 ], [ -80.047064, 41.12064 ], [ -80.043737, 41.124306 ], [ -80.043531, 41.124496 ], [ -80.005246, 41.166033 ], [ -79.999779, 41.171861 ], [ -79.99948, 41.182487 ], [ -79.999274, 41.199491 ], [ -79.999779, 41.213087 ], [ -79.999779, 41.238653 ], [ -79.99978, 41.274178 ], [ -79.999779, 41.313718 ], [ -79.999779, 41.369631 ], [ -79.99978, 41.372728 ], [ -79.99978, 41.403495 ], [ -79.999777, 41.432494 ], [ -79.999781, 41.463338 ], [ -79.999779, 41.490049 ], [ -80.041351, 41.488712 ], [ -80.101296, 41.486988 ], [ -80.125596, 41.486278 ], [ -80.125369, 41.480396 ], [ -80.156766, 41.480882 ], [ -80.159469, 41.481128 ], [ -80.161853, 41.481324 ], [ -80.179199, 41.48173 ], [ -80.265144, 41.48345 ], [ -80.27868, 41.483528 ], [ -80.325984, 41.484262 ], [ -80.358332, 41.485025 ], [ -80.380071, 41.485861 ], [ -80.398274, 41.486242 ], [ -80.428147, 41.486886 ], [ -80.431147, 41.486958 ], [ -80.431522, 41.48886 ], [ -80.432946, 41.487851 ], [ -80.431494, 41.489826 ], [ -80.432089, 41.492089 ], [ -80.441477, 41.492167 ], [ -80.444896, 41.492269 ], [ -80.444954, 41.489393 ], [ -80.445001, 41.487118 ], [ -80.448028, 41.487231 ], [ -80.5192088, 41.4891108 ], [ -80.519169, 41.462581 ], [ -80.5190273, 41.4407352 ], [ -80.518993, 41.435454 ], [ -80.518993, 41.4295343 ], [ -80.518993, 41.42445 ], [ -80.518993, 41.416437 ], [ -80.519025, 41.416438 ], [ -80.5191991, 41.3872704 ], [ -80.519249, 41.378918 ], [ -80.519217, 41.372006 ], [ -80.519249, 41.36103 ], [ -80.5192491, 41.3609988 ], [ -80.5192977, 41.3507315 ], [ -80.519345, 41.34074 ], [ -80.519345, 41.340145 ] ] ] ] } },
{ "type": "Feature", "properties": { "STATEFP": "42", "COUNTYFP": "117", "COUNTYNS": "01209189", "GEOIDFQ": "0500000US42117", "GEOID": "42117", "NAME": "Tioga", "NAMELSAD": "Tioga County", "STUSPS": "PA", "STATE_NAME": "Pennsylvania", "LSAD": "06", "ALAND": 2936765818.0, "AWATER": 8279717.0, "STATE_NAME_HYPHEN": "Pennsylvania" }, "geometry": { "type": "MultiPolygon", "coordinates": [ [ [ [ -77.607934, 41.920147 ], [ -77.607679, 41.912733 ], [ -77.606887, 41.88254 ], [ -77.606708, 41.872014 ], [ -77.605613, 41.816074 ], [ -77.605452, 41.808259 ], [ -77.60346, 41.727077 ], [ -77.602566, 41.687374 ], [ -77.60187, 41.657051 ], [ -77.599917, 41.570874 ], [ -77.599278, 41.542271 ], [ -77.454835, 41.543566 ], [ -77.358158, 41.54407 ], [ -77.298505, 41.54439 ], [ -77.294782, 41.544104 ], [ -77.211594, 41.545445 ], [ -77.193135, 41.545776 ], [ -77.010632, 41.549842 ], [ -77.007996, 41.549905 ], [ -76.9641, 41.551262 ], [ -76.960315, 41.551379 ], [ -76.959993, 41.55403 ], [ -76.963249, 41.554772 ], [ -76.963117, 41.556128 ], [ -76.961375, 41.557947 ], [ -76.959294, 41.557961 ], [ -76.952391, 41.56505 ], [ -76.949141, 41.56653 ], [ -76.947461, 41.567987 ], [ -76.943077, 41.569323 ], [ -76.938227, 41.569408 ], [ -76.936605, 41.568819 ], [ -76.932962, 41.568992 ], [ -76.929935, 41.570408 ], [ -76.92657, 41.571091 ], [ -76.925494, 41.572384 ], [ -76.925005, 41.576211 ], [ -76.923517, 41.577339 ], [ -76.923701, 41.578483 ], [ -76.922171, 41.581037 ], [ -76.919551, 41.581049 ], [ -76.919221, 41.581727 ], [ -76.917435, 41.582703 ], [ -76.915653, 41.582693 ], [ -76.913472, 41.581696 ], [ -76.908432, 41.581463 ], [ -76.907547, 41.582269 ], [ -76.903236, 41.582983 ], [ -76.898276, 41.584455 ], [ -76.896659, 41.585919 ], [ -76.893619, 41.585753 ], [ -76.890679, 41.586777 ], [ -76.887048, 41.58686 ], [ -76.886018, 41.587674 ], [ -76.882216, 41.588881 ], [ -76.878331, 41.590546 ], [ -76.877943, 41.592564 ], [ -76.874714, 41.596919 ], [ -76.878699, 41.620344 ], [ -76.880359, 41.639092 ], [ -76.880162, 41.640952 ], [ -76.883511, 41.666314 ], [ -76.883853, 41.669039 ], [ -76.893201, 41.748463 ], [ -76.896153, 41.773401 ], [ -76.898607, 41.794465 ], [ -76.899124, 41.808058 ], [ -76.904024, 41.838119 ], [ -76.911778, 41.89669 ], [ -76.914221, 41.91494 ], [ -76.924838, 41.987478 ], [ -76.92501, 41.98857 ], [ -76.926138, 41.995709 ], [ -76.927059, 42.001674 ], [ -76.937084, 42.001674 ], [ -76.942585, 42.001574 ], [ -76.965686, 42.001274 ], [ -76.9657926, 42.0012728 ], [ -77.007536, 42.000819 ], [ -77.007635, 42.000848 ], [ -77.0527486, 42.0005365 ], [ -77.063676, 42.000461 ], [ -77.0832693, 42.0001187 ], [ -77.1146977, 41.9995696 ], [ -77.1147723, 41.9995683 ], [ -77.124693, 41.999395 ], [ -77.1445147, 41.9994302 ], [ -77.2004052, 41.9995293 ], [ -77.2198521, 41.9995638 ], [ -77.2911746, 41.9996902 ], [ -77.3162555, 41.9997347 ], [ -77.3162681, 41.9997347 ], [ -77.3300485, 41.9997592 ], [ -77.4282233, 41.9999333 ], [ -77.43967, 41.9999536 ], [ -77.4565773, 41.9999836 ], [ -77.4763242, 42.0000186 ], [ -77.5039881, 42.000067699999988 ], [ -77.505308, 42.00007 ], [ -77.6100278, 41.9995186 ], [ -77.607934, 41.920147 ] ] ] ] } },
{ "type": "Feature", "properties": { "STATEFP": "42", "COUNTYFP": "115", "COUNTYNS": "01213688", "GEOIDFQ": "0500000US42115", "GEOID": "42115", "NAME": "Susquehanna", "NAMELSAD": "Susquehanna County", "STUSPS": "PA", "STATE_NAME": "Pennsylvania", "LSAD": "06", "ALAND": 2132840100.0, "AWATER": 22389171.0, "STATE_NAME_HYPHEN": "Pennsylvania" }, "geometry": { "type": "MultiPolygon", "coordinates": [ [ [ [ -76.14364, 41.977893 ], [ -76.137602, 41.91429 ], [ -76.135671, 41.891812 ], [ -76.134507, 41.87666 ], [ -76.134046, 41.873588 ], [ -76.129759, 41.826215 ], [ -76.127502, 41.80125 ], [ -76.125611, 41.780297 ], [ -76.125899, 41.770614 ], [ -76.124618, 41.766915 ], [ -76.123, 41.749367 ], [ -76.122003, 41.73855 ], [ -76.119551, 41.710248 ], [ -76.11967, 41.709543 ], [ -76.119369, 41.707461 ], [ -76.115172, 41.651825 ], [ -76.114224, 41.643385 ], [ -76.098695, 41.644172 ], [ -76.087245, 41.64473 ], [ -76.049726, 41.644479 ], [ -75.985955, 41.644789 ], [ -75.983864, 41.644715 ], [ -75.969087, 41.644329 ], [ -75.956494, 41.644207 ], [ -75.889589, 41.64358 ], [ -75.879009, 41.643462 ], [ -75.868724, 41.644356 ], [ -75.848978, 41.643711 ], [ -75.797336, 41.642615 ], [ -75.79222, 41.64205 ], [ -75.782461, 41.642848 ], [ -75.767924, 41.643409 ], [ -75.720308, 41.642268 ], [ -75.719887, 41.642263 ], [ -75.653875, 41.642193 ], [ -75.6528, 41.642079 ], [ -75.652187, 41.642196 ], [ -75.632976, 41.642015 ], [ -75.622271, 41.641935 ], [ -75.618959, 41.642064 ], [ -75.597634, 41.641904 ], [ -75.531276, 41.641659 ], [ -75.479291, 41.641628 ], [ -75.474901, 41.641696 ], [ -75.469259, 41.64141 ], [ -75.462411, 41.641587 ], [ -75.462238, 41.641583 ], [ -75.462799, 41.650261 ], [ -75.46362, 41.662962 ], [ -75.465099, 41.688563 ], [ -75.466081, 41.704647 ], [ -75.467344, 41.72702 ], [ -75.468234, 41.741602 ], [ -75.470782, 41.783186 ], [ -75.470865, 41.784637 ], [ -75.47179, 41.802941 ], [ -75.473697, 41.83853 ], [ -75.476376, 41.873333 ], [ -75.478573, 41.915752 ], [ -75.478994, 41.924647 ], [ -75.4831402, 41.9992588 ], [ -75.483738, 41.999244 ], [ -75.5388235, 41.9991204 ], [ -75.5530827, 41.9990884 ], [ -75.6075542, 41.9989662 ], [ -75.609676, 41.9989614 ], [ -75.610316, 41.99896 ], [ -75.655564, 41.998584 ], [ -75.742217, 41.997864 ], [ -75.7422314, 41.9978641 ], [ -75.7625405, 41.9980165 ], [ -75.7734433, 41.9980983 ], [ -75.870677, 41.998828 ], [ -75.8906145, 41.9988657 ], [ -75.9584074, 41.9989937 ], [ -75.98025, 41.999035 ], [ -75.983082, 41.999035 ], [ -75.988842, 41.9990267 ], [ -75.993563, 41.9990199 ], [ -76.0600948, 41.998924 ], [ -76.10584, 41.998858 ], [ -76.1109076, 41.9988852 ], [ -76.123696, 41.998954 ], [ -76.131201, 41.998954 ], [ -76.1455192, 41.998913 ], [ -76.14364, 41.977893 ] ] ] ] } },
{ "type": "Feature", "properties": { "STATEFP": "42", "COUNTYFP": "057", "COUNTYNS": "01213671", "GEOIDFQ": "0500000US42057", "GEOID": "42057", "NAME": "Fulton", "NAMELSAD": "Fulton County", "STUSPS": "PA", "STATE_NAME": "Pennsylvania", "LSAD": "06", "ALAND": 1133252799.0, "AWATER": 1305486.0, "STATE_NAME_HYPHEN": "Pennsylvania" }, "geometry": { "type": "MultiPolygon", "coordinates": [ [ [ [ -78.380599, 39.7225161 ], [ -78.3428342, 39.722538799999988 ], [ -78.34252, 39.722539 ], [ -78.340498, 39.722514 ], [ -78.339539, 39.722552 ], [ -78.337111, 39.722461 ], [ -78.330715, 39.722689 ], [ -78.28173, 39.7226287 ], [ -78.26902, 39.722613 ], [ -78.268948, 39.72259 ], [ -78.243103, 39.722481 ], [ -78.240334, 39.722498 ], [ -78.224640600000015, 39.7225076 ], [ -78.20445, 39.72252 ], [ -78.202895, 39.722416 ], [ -78.1845974, 39.7223994 ], [ -78.1761508, 39.7223918 ], [ -78.175701, 39.7223914 ], [ -78.148638, 39.7223669 ], [ -78.0991401, 39.7223221 ], [ -78.069297, 39.748298 ], [ -78.067596, 39.750701 ], [ -78.066703, 39.753898 ], [ -78.062896, 39.759899 ], [ -78.059501, 39.763801 ], [ -78.058097, 39.7649 ], [ -78.055801, 39.767898 ], [ -78.0531, 39.770301 ], [ -78.050903, 39.7737 ], [ -78.0494, 39.775001 ], [ -78.046402, 39.7793 ], [ -78.045196, 39.7802 ], [ -78.042999, 39.783401 ], [ -78.0372, 39.79 ], [ -78.036499, 39.791999 ], [ -78.0326, 39.795299 ], [ -78.03054, 39.797893 ], [ -78.028503, 39.7999 ], [ -78.024398, 39.803001 ], [ -78.022399, 39.804901 ], [ -78.019096, 39.807098 ], [ -78.017097, 39.809501 ], [ -78.014701, 39.811698 ], [ -78.008499, 39.819801 ], [ -78.0027, 39.826599 ], [ -78.002403, 39.827701 ], [ -78.0, 39.831882 ], [ -77.998062, 39.833938 ], [ -77.996986, 39.836082 ], [ -77.995437, 39.838016 ], [ -77.995124, 39.839767 ], [ -77.993957, 39.840789 ], [ -77.992775, 39.843727 ], [ -77.990753, 39.845958 ], [ -77.980621, 39.861797 ], [ -77.977774, 39.867143 ], [ -77.976493, 39.87046 ], [ -77.975135, 39.871788 ], [ -77.97258, 39.878032 ], [ -77.970413, 39.885227 ], [ -77.969024, 39.887371 ], [ -77.969009, 39.88879 ], [ -77.967872, 39.890541 ], [ -77.967018, 39.892967 ], [ -77.965119, 39.894649 ], [ -77.964629, 39.897397 ], [ -77.964743, 39.899626 ], [ -77.962692, 39.901726 ], [ -77.959222, 39.909371 ], [ -77.958814, 39.911929 ], [ -77.95785, 39.913754 ], [ -77.956446, 39.915026 ], [ -77.956641, 39.915684 ], [ -77.954616, 39.920479 ], [ -77.954386, 39.923209 ], [ -77.955588, 39.924572 ], [ -77.956188, 39.927024 ], [ -77.955511, 39.928861 ], [ -77.953171, 39.931633 ], [ -77.947273, 39.93494 ], [ -77.945915, 39.936748 ], [ -77.944045, 39.940596 ], [ -77.937789, 39.948944 ], [ -77.937973, 39.950114 ], [ -77.937362, 39.956127 ], [ -77.936553, 39.961124 ], [ -77.935027, 39.962394 ], [ -77.933845, 39.965415 ], [ -77.932274, 39.972618 ], [ -77.9299, 39.973991 ], [ -77.929985, 39.974979 ], [ -77.926589, 39.97919 ], [ -77.924865, 39.984329 ], [ -77.923118, 39.986862 ], [ -77.921508, 39.988246 ], [ -77.919792, 39.992652 ], [ -77.921089, 39.996219 ], [ -77.920952, 40.00045 ], [ -77.919502, 40.003417 ], [ -77.916191, 40.007442 ], [ -77.914329, 40.010303 ], [ -77.911827, 40.01242 ], [ -77.909309, 40.0153 ], [ -77.908065, 40.015964 ], [ -77.905632, 40.018726 ], [ -77.904983, 40.020076 ], [ -77.905402, 40.021209 ], [ -77.904785, 40.022777 ], [ -77.900909, 40.026805 ], [ -77.89495, 40.032356 ], [ -77.893592, 40.033092 ], [ -77.889282, 40.039955 ], [ -77.88813, 40.040859 ], [ -77.885896, 40.044959 ], [ -77.881703, 40.050201 ], [ -77.879751, 40.05162 ], [ -77.876655, 40.054661 ], [ -77.873773, 40.055841 ], [ -77.872369, 40.057458 ], [ -77.869067, 40.059153 ], [ -77.867991, 40.060225 ], [ -77.864489, 40.061568 ], [ -77.884622, 40.075621 ], [ -77.885628, 40.076323 ], [ -77.888394, 40.078201 ], [ -77.891787, 40.080553 ], [ -77.925276, 40.103782 ], [ -77.92556, 40.103977 ], [ -77.925905, 40.101911 ], [ -77.981788, 40.113182 ], [ -78.02163, 40.121292 ], [ -78.077247, 40.133037 ], [ -78.078353, 40.133244 ], [ -78.133803, 40.164656 ], [ -78.134863, 40.165131 ], [ -78.135669, 40.163782 ], [ -78.157144, 40.124966 ], [ -78.158287, 40.122207 ], [ -78.188559, 40.101721 ], [ -78.206706, 40.086427 ], [ -78.204734, 40.085351 ], [ -78.203888, 40.083079 ], [ -78.203795, 40.0788 ], [ -78.204371, 40.077475 ], [ -78.20508, 40.07284 ], [ -78.203733, 40.069886 ], [ -78.202732, 40.068898 ], [ -78.198754, 40.067254 ], [ -78.190739, 40.066536 ], [ -78.187493, 40.064559 ], [ -78.185302, 40.060378 ], [ -78.183815, 40.059387 ], [ -78.181533, 40.058925 ], [ -78.181465, 40.058189 ], [ -78.181724, 40.056579 ], [ -78.183952, 40.050899 ], [ -78.187896, 40.047054 ], [ -78.194694, 40.046249 ], [ -78.196128, 40.046428 ], [ -78.19931, 40.045928 ], [ -78.202148, 40.044108 ], [ -78.204202, 40.04203 ], [ -78.205724, 40.037305 ], [ -78.205516, 40.03381 ], [ -78.202768, 40.029742 ], [ -78.202964, 40.024845 ], [ -78.203806, 40.022073 ], [ -78.204108, 40.017828 ], [ -78.202332, 40.014612 ], [ -78.20101, 40.012988 ], [ -78.204638, 40.010729 ], [ -78.208407, 40.005834 ], [ -78.21193, 40.002205 ], [ -78.215101, 39.998503 ], [ -78.216702, 39.997103 ], [ -78.219811, 39.993288 ], [ -78.225497, 39.983807 ], [ -78.2294, 39.975601 ], [ -78.231201, 39.971199 ], [ -78.2332, 39.9678 ], [ -78.235199, 39.963699 ], [ -78.237899, 39.957199 ], [ -78.239894, 39.949506 ], [ -78.241308, 39.947796 ], [ -78.244102, 39.945301 ], [ -78.250001, 39.935998 ], [ -78.267502, 39.903501 ], [ -78.269043, 39.900166 ], [ -78.2705, 39.893299 ], [ -78.272201, 39.889099 ], [ -78.276901, 39.880699 ], [ -78.278198, 39.8773 ], [ -78.278602, 39.875 ], [ -78.281303, 39.867198 ], [ -78.284698, 39.859199 ], [ -78.287597, 39.851299 ], [ -78.290198, 39.8461 ], [ -78.290602, 39.843499 ], [ -78.292099, 39.841499 ], [ -78.292999, 39.8385 ], [ -78.299003, 39.8255 ], [ -78.299568, 39.824661 ], [ -78.319511, 39.79737 ], [ -78.322242, 39.794696 ], [ -78.322883, 39.792682 ], [ -78.32458, 39.789522 ], [ -78.327186, 39.784717 ], [ -78.328384, 39.783283 ], [ -78.328849, 39.781284 ], [ -78.33388, 39.775531 ], [ -78.335581, 39.774129 ], [ -78.341196, 39.766506 ], [ -78.343823, 39.76161 ], [ -78.345608, 39.760026 ], [ -78.346818, 39.757986 ], [ -78.350104, 39.755883 ], [ -78.355489, 39.750425 ], [ -78.356956, 39.747852 ], [ -78.36344, 39.741681 ], [ -78.364632, 39.739731 ], [ -78.37112, 39.731752 ], [ -78.374697, 39.727688 ], [ -78.380599, 39.7225161 ] ] ] ] } },
{ "type": "Feature", "properties": { "STATEFP": "42", "COUNTYFP": "039", "COUNTYNS": "01213666", "GEOIDFQ": "0500000US42039", "GEOID": "42039", "NAME": "Crawford", "NAMELSAD": "Crawford County", "STUSPS": "PA", "STATE_NAME": "Pennsylvania", "LSAD": "06", "ALAND": 2621988043.0, "AWATER": 65390015.0, "STATE_NAME_HYPHEN": "Pennsylvania" }, "geometry": { "type": "MultiPolygon", "coordinates": [ [ [ [ -80.519424, 41.671228 ], [ -80.519357, 41.669767 ], [ -80.5193558, 41.661033 ], [ -80.5193535, 41.644099 ], [ -80.5193483, 41.606879 ], [ -80.5193483, 41.6068781 ], [ -80.5193444, 41.5784694 ], [ -80.5193434, 41.570904 ], [ -80.5193408, 41.5520129 ], [ -80.519339, 41.539297 ], [ -80.5192147, 41.5321059 ], [ -80.519157, 41.528769 ], [ -80.519225, 41.499924 ], [ -80.5192241, 41.49934 ], [ -80.5192088, 41.4891108 ], [ -80.448028, 41.487231 ], [ -80.445001, 41.487118 ], [ -80.444954, 41.489393 ], [ -80.444896, 41.492269 ], [ -80.441477, 41.492167 ], [ -80.432089, 41.492089 ], [ -80.431494, 41.489826 ], [ -80.432946, 41.487851 ], [ -80.431522, 41.48886 ], [ -80.431147, 41.486958 ], [ -80.428147, 41.486886 ], [ -80.398274, 41.486242 ], [ -80.380071, 41.485861 ], [ -80.358332, 41.485025 ], [ -80.325984, 41.484262 ], [ -80.27868, 41.483528 ], [ -80.265144, 41.48345 ], [ -80.179199, 41.48173 ], [ -80.161853, 41.481324 ], [ -80.159469, 41.481128 ], [ -80.156766, 41.480882 ], [ -80.125369, 41.480396 ], [ -80.125596, 41.486278 ], [ -80.101296, 41.486988 ], [ -80.041351, 41.488712 ], [ -79.999779, 41.490049 ], [ -79.998488, 41.500948 ], [ -79.994412, 41.500983 ], [ -79.986365, 41.500633 ], [ -79.98228, 41.50014 ], [ -79.981536, 41.512887 ], [ -79.965332, 41.512859 ], [ -79.95816, 41.513624 ], [ -79.959188, 41.52544 ], [ -79.942227, 41.525348 ], [ -79.943296, 41.537837 ], [ -79.92334, 41.537596 ], [ -79.925369, 41.550208 ], [ -79.909471, 41.550149 ], [ -79.908606, 41.562174 ], [ -79.892757, 41.562168 ], [ -79.892732, 41.574138 ], [ -79.877171, 41.574242 ], [ -79.870031, 41.574255 ], [ -79.873002, 41.581152 ], [ -79.850054, 41.587056 ], [ -79.849609, 41.597764 ], [ -79.829722, 41.601953 ], [ -79.829261, 41.617164 ], [ -79.829111, 41.62207 ], [ -79.768345, 41.620955 ], [ -79.768357, 41.617711 ], [ -79.748044, 41.61791 ], [ -79.688062, 41.617224 ], [ -79.649685, 41.617246 ], [ -79.643349, 41.6172 ], [ -79.613173, 41.616868 ], [ -79.613147, 41.623863 ], [ -79.612551, 41.63043 ], [ -79.612572, 41.694734 ], [ -79.612972, 41.705251 ], [ -79.612601, 41.774578 ], [ -79.612554, 41.785833 ], [ -79.61228, 41.829883 ], [ -79.61233, 41.83 ], [ -79.612071, 41.850328 ], [ -79.648295, 41.851047 ], [ -79.656481, 41.850998 ], [ -79.680353, 41.851524 ], [ -79.689981, 41.851279 ], [ -79.701412, 41.851449 ], [ -79.704388, 41.851416 ], [ -79.761307, 41.850913 ], [ -79.76203, 41.85091 ], [ -79.8583, 41.850838 ], [ -79.886897, 41.850741 ], [ -79.909977, 41.850693 ], [ -80.011094, 41.850196 ], [ -80.012902, 41.850319 ], [ -80.024721, 41.850089 ], [ -80.035233, 41.849971 ], [ -80.095683, 41.849744 ], [ -80.146496, 41.849039 ], [ -80.204366, 41.849077 ], [ -80.206545, 41.849045 ], [ -80.26698, 41.849469 ], [ -80.347553, 41.849506 ], [ -80.350756, 41.849507 ], [ -80.405892, 41.849619 ], [ -80.408175, 41.849464 ], [ -80.5192936, 41.849563 ], [ -80.5192558, 41.7910691 ], [ -80.519239, 41.765138 ], [ -80.5193077, 41.7584518 ], [ -80.519369, 41.752487 ], [ -80.519408, 41.739359 ], [ -80.5193852, 41.714731 ], [ -80.5193852, 41.714727 ], [ -80.519373, 41.701473 ], [ -80.5194231, 41.6717501 ], [ -80.519424, 41.671228 ] ] ] ] } },
{ "type": "Feature", "properties": { "STATEFP": "42", "COUNTYFP": "083", "COUNTYNS": "01210235", "GEOIDFQ": "0500000US42083", "GEOID": "42083", "NAME": "McKean", "NAMELSAD": "McKean County", "STUSPS": "PA", "STATE_NAME": "Pennsylvania", "LSAD": "06", "ALAND": 2537396002.0, "AWATER": 13034578.0, "STATE_NAME_HYPHEN": "Pennsylvania" }, "geometry": { "type": "MultiPolygon", "coordinates": [ [ [ [ -78.956138, 41.623334 ], [ -78.851856, 41.62286 ], [ -78.828088, 41.62274 ], [ -78.815809, 41.622677 ], [ -78.815237, 41.624249 ], [ -78.783315, 41.62467 ], [ -78.748158, 41.625129 ], [ -78.706619, 41.625067 ], [ -78.676016, 41.624973 ], [ -78.483815, 41.631481 ], [ -78.482909, 41.60233 ], [ -78.420498, 41.601874 ], [ -78.420846, 41.617284 ], [ -78.326258, 41.617439 ], [ -78.224346, 41.617572 ], [ -78.20364, 41.617599 ], [ -78.203783, 41.650016 ], [ -78.203921, 41.674373 ], [ -78.204347, 41.736369 ], [ -78.2055, 41.818428 ], [ -78.206508, 41.884983 ], [ -78.206174, 41.913022 ], [ -78.206297, 41.955861 ], [ -78.206333, 41.975097 ], [ -78.2063811, 41.9996248 ], [ -78.2649503, 41.9990314 ], [ -78.2688124, 41.9989922 ], [ -78.271204, 41.998968 ], [ -78.2840232, 41.9991232 ], [ -78.3070694, 41.9994022 ], [ -78.308128, 41.999415 ], [ -78.3227207, 41.9994384 ], [ -78.346957, 41.9994772 ], [ -78.3487694, 41.9994801 ], [ -78.35024, 41.9994824 ], [ -78.3859021, 41.9995395 ], [ -78.4441683, 41.9996328 ], [ -78.4628097, 41.9996627 ], [ -78.4633182, 41.9996635 ], [ -78.5197862, 41.9997539 ], [ -78.5344297, 41.9997774 ], [ -78.5796811, 41.9998498 ], [ -78.59665, 41.999877 ], [ -78.6179722, 41.9996308 ], [ -78.6972525, 41.9987153 ], [ -78.7148631, 41.9985119 ], [ -78.749754, 41.998109 ], [ -78.7803357, 41.9979744 ], [ -78.827411200000014, 41.9977673 ], [ -78.874759, 41.997559 ], [ -78.9056805, 41.9979558 ], [ -78.9188959, 41.9981255 ], [ -78.91896, 41.993193 ], [ -78.918481, 41.95294 ], [ -78.9155, 41.952948 ], [ -78.917057, 41.861821 ], [ -78.916004, 41.861812 ], [ -78.915925, 41.856379 ], [ -78.915642, 41.840896 ], [ -78.921544, 41.840882 ], [ -78.921408, 41.830919 ], [ -78.948612, 41.830481 ], [ -78.951632, 41.751508 ], [ -78.951919, 41.735745 ], [ -78.952037, 41.732934 ], [ -78.953962, 41.687418 ], [ -78.954669, 41.640244 ], [ -78.955489, 41.640215 ], [ -78.956138, 41.623334 ] ] ] ] } },
{ "type": "Feature", "properties": { "STATEFP": "42", "COUNTYFP": "007", "COUNTYNS": "01214112", "GEOIDFQ": "0500000US42007", "GEOID": "42007", "NAME": "Beaver", "NAMELSAD": "Beaver County", "STUSPS": "PA", "STATE_NAME": "Pennsylvania", "LSAD": "06", "ALAND": 1125854807.0, "AWATER": 24162294.0, "STATE_NAME_HYPHEN": "Pennsylvania" }, "geometry": { "type": "MultiPolygon", "coordinates": [ [ [ [ -80.519086, 40.590161 ], [ -80.519055, 40.590173 ], [ -80.5190558, 40.559613 ], [ -80.519057, 40.518548 ], [ -80.519057, 40.517922 ], [ -80.519054, 40.517922 ], [ -80.5189953, 40.4773633 ], [ -80.448114, 40.477717 ], [ -80.437119, 40.477772 ], [ -80.396022, 40.477368 ], [ -80.393513, 40.477286 ], [ -80.361865, 40.477571 ], [ -80.360801, 40.477591 ], [ -80.360802, 40.477739 ], [ -80.349014, 40.48614 ], [ -80.278026, 40.536736 ], [ -80.27433, 40.539307 ], [ -80.263654, 40.547218 ], [ -80.25142, 40.556023 ], [ -80.24664, 40.559636 ], [ -80.233369, 40.569578 ], [ -80.228953, 40.572799 ], [ -80.228579, 40.573072 ], [ -80.224051, 40.575268 ], [ -80.224006, 40.577329 ], [ -80.220133, 40.579909 ], [ -80.219175, 40.579453 ], [ -80.218977, 40.581995 ], [ -80.218075, 40.581903 ], [ -80.214427, 40.580993 ], [ -80.211832, 40.582484 ], [ -80.211167, 40.584979 ], [ -80.208491, 40.586825 ], [ -80.208002, 40.58806 ], [ -80.206786, 40.588153 ], [ -80.204163, 40.588568 ], [ -80.202121, 40.590936 ], [ -80.198464, 40.592655 ], [ -80.195345, 40.59585 ], [ -80.194986, 40.59672 ], [ -80.193281, 40.596933 ], [ -80.190228, 40.596182 ], [ -80.186519, 40.596126 ], [ -80.18454, 40.596834 ], [ -80.185188, 40.598118 ], [ -80.188002, 40.599181 ], [ -80.18848, 40.600046 ], [ -80.184044, 40.601132 ], [ -80.184753, 40.603585 ], [ -80.183821, 40.604753 ], [ -80.18186, 40.605831 ], [ -80.180534, 40.60759 ], [ -80.180755, 40.609107 ], [ -80.177874, 40.609482 ], [ -80.176025, 40.608113 ], [ -80.173721, 40.607705 ], [ -80.172018, 40.608152 ], [ -80.169972, 40.607723 ], [ -80.169376, 40.606618 ], [ -80.166812, 40.606677 ], [ -80.165784, 40.60603 ], [ -80.160825, 40.609491 ], [ -80.158691, 40.609232 ], [ -80.155013, 40.608013 ], [ -80.152062, 40.609399 ], [ -80.150872, 40.611615 ], [ -80.14511, 40.613447 ], [ -80.145144, 40.614028 ], [ -80.145188, 40.614749 ], [ -80.146708, 40.642093 ], [ -80.147786, 40.661158 ], [ -80.148379, 40.670284 ], [ -80.148497, 40.673769 ], [ -80.148677, 40.673848 ], [ -80.14905, 40.681023 ], [ -80.149806, 40.692933 ], [ -80.149949, 40.696093 ], [ -80.151062, 40.713138 ], [ -80.151505, 40.722816 ], [ -80.15256, 40.744042 ], [ -80.153445, 40.756387 ], [ -80.153427, 40.758282 ], [ -80.154287, 40.77268 ], [ -80.154519, 40.776166 ], [ -80.154784, 40.782039 ], [ -80.155221, 40.788194 ], [ -80.156003, 40.800371 ], [ -80.156437, 40.810725 ], [ -80.15671, 40.81753 ], [ -80.15853, 40.855096 ], [ -80.21184, 40.854379 ], [ -80.239399, 40.854112 ], [ -80.242599, 40.854081 ], [ -80.251882, 40.853973 ], [ -80.252812, 40.853956 ], [ -80.257815, 40.854 ], [ -80.259722, 40.854006 ], [ -80.262584, 40.854016 ], [ -80.271696, 40.853839 ], [ -80.276568, 40.853725 ], [ -80.282273, 40.853792 ], [ -80.288809, 40.853675 ], [ -80.29823, 40.853442 ], [ -80.298655, 40.853494 ], [ -80.322405, 40.853231 ], [ -80.322579, 40.853151 ], [ -80.365504, 40.852656 ], [ -80.395974, 40.852494 ], [ -80.407434, 40.852362 ], [ -80.408512, 40.852361 ], [ -80.416635, 40.852174 ], [ -80.422539, 40.85227 ], [ -80.445654, 40.852065 ], [ -80.466137, 40.851873 ], [ -80.5190192, 40.8513394 ], [ -80.51902, 40.850103 ], [ -80.51902, 40.850073 ], [ -80.519081, 40.849157 ], [ -80.5190556, 40.8354821 ], [ -80.5190136, 40.8128692 ], [ -80.518992, 40.801221 ], [ -80.519058, 40.792298 ], [ -80.519058, 40.7922372 ], [ -80.5190568, 40.789444 ], [ -80.5190543, 40.783811 ], [ -80.519050400000012, 40.774802 ], [ -80.5190324, 40.733741 ], [ -80.519029, 40.725822 ], [ -80.5190252, 40.7172534 ], [ -80.5190127, 40.688559 ], [ -80.5190064, 40.6740273 ], [ -80.519004099999989, 40.6687686 ], [ -80.5189977, 40.6540885 ], [ -80.5189956, 40.6493475 ], [ -80.5189929, 40.6430435 ], [ -80.518991, 40.638801 ], [ -80.5189939, 40.637447 ], [ -80.519039, 40.616391 ], [ -80.519086, 40.616385 ], [ -80.519086, 40.592271 ], [ -80.519086, 40.590161 ] ] ] ] } },
{ "type": "Feature", "properties": { "STATEFP": "42", "COUNTYFP": "073", "COUNTYNS": "01213676", "GEOIDFQ": "0500000US42073", "GEOID": "42073", "NAME": "Lawrence", "NAMELSAD": "Lawrence County", "STUSPS": "PA", "STATE_NAME": "Pennsylvania", "LSAD": "06", "ALAND": 925634970.0, "AWATER": 11380404.0, "STATE_NAME_HYPHEN": "Pennsylvania" }, "geometry": { "type": "MultiPolygon", "coordinates": [ [ [ [ -80.5198187, 40.9024402 ], [ -80.51979, 40.900761 ], [ -80.5197774, 40.9003242 ], [ -80.519764, 40.899858 ], [ -80.519002, 40.877543 ], [ -80.5190192, 40.8513394 ], [ -80.466137, 40.851873 ], [ -80.445654, 40.852065 ], [ -80.422539, 40.85227 ], [ -80.416635, 40.852174 ], [ -80.408512, 40.852361 ], [ -80.407434, 40.852362 ], [ -80.395974, 40.852494 ], [ -80.365504, 40.852656 ], [ -80.322579, 40.853151 ], [ -80.322405, 40.853231 ], [ -80.298655, 40.853494 ], [ -80.29823, 40.853442 ], [ -80.288809, 40.853675 ], [ -80.282273, 40.853792 ], [ -80.276568, 40.853725 ], [ -80.271696, 40.853839 ], [ -80.262584, 40.854016 ], [ -80.259722, 40.854006 ], [ -80.257815, 40.854 ], [ -80.252812, 40.853956 ], [ -80.251882, 40.853973 ], [ -80.242599, 40.854081 ], [ -80.239399, 40.854112 ], [ -80.21184, 40.854379 ], [ -80.15853, 40.855096 ], [ -80.160246, 40.886906 ], [ -80.163027, 40.937887 ], [ -80.164678, 40.968058 ], [ -80.165243, 40.978241 ], [ -80.166444, 41.000404 ], [ -80.166472, 41.000928 ], [ -80.135978, 41.032305 ], [ -80.101859, 41.067401 ], [ -80.098294, 41.071054 ], [ -80.124126, 41.093593 ], [ -80.126759, 41.095628 ], [ -80.145447, 41.112267 ], [ -80.147303, 41.113917 ], [ -80.185148, 41.115062 ], [ -80.189798, 41.1152 ], [ -80.257945, 41.11723 ], [ -80.257946, 41.117339 ], [ -80.257933, 41.128106 ], [ -80.327801, 41.127185 ], [ -80.341233, 41.126911 ], [ -80.384551, 41.1265 ], [ -80.385094, 41.126492 ], [ -80.436204, 41.125895 ], [ -80.487365, 41.125305 ], [ -80.495736, 41.125057 ], [ -80.519012, 41.1250929 ], [ -80.519012, 41.125057 ], [ -80.519056, 41.125057 ], [ -80.518992, 41.115958 ], [ -80.519192, 41.105358 ], [ -80.519125, 41.100819 ], [ -80.5191204, 41.099398 ], [ -80.5190921, 41.0906768 ], [ -80.519092, 41.090658 ], [ -80.5190884, 41.0828688 ], [ -80.519088, 41.082074 ], [ -80.518999, 41.075014 ], [ -80.51896, 41.071866 ], [ -80.518928, 41.070954 ], [ -80.51896, 41.061546 ], [ -80.5189532, 41.0520436 ], [ -80.5189394, 41.0327961 ], [ -80.518937100000016, 41.0295592 ], [ -80.5189332, 41.0240291 ], [ -80.518927, 41.015387 ], [ -80.518989, 40.995445 ], [ -80.5189908, 40.9941099 ], [ -80.5190001, 40.98738 ], [ -80.5190394, 40.958726 ], [ -80.5190467, 40.9533621 ], [ -80.5190467, 40.9533597 ], [ -80.519091, 40.921061 ], [ -80.5196265, 40.911422099999989 ], [ -80.519891, 40.906661 ], [ -80.5198187, 40.9024402 ] ] ] ] } },
{ "type": "Feature", "properties": { "STATEFP": "42", "COUNTYFP": "015", "COUNTYNS": "01213660", "GEOIDFQ": "0500000US42015", "GEOID": "42015", "NAME": "Bradford", "NAMELSAD": "Bradford County", "STUSPS": "PA", "STATE_NAME": "Pennsylvania", "LSAD": "06", "ALAND": 2971688854.0, "AWATER": 35331261.0, "STATE_NAME_HYPHEN": "Pennsylvania" }, "geometry": { "type": "MultiPolygon", "coordinates": [ [ [ [ -76.926138, 41.995709 ], [ -76.92501, 41.98857 ], [ -76.924838, 41.987478 ], [ -76.914221, 41.91494 ], [ -76.911778, 41.89669 ], [ -76.904024, 41.838119 ], [ -76.899124, 41.808058 ], [ -76.898607, 41.794465 ], [ -76.896153, 41.773401 ], [ -76.893201, 41.748463 ], [ -76.883853, 41.669039 ], [ -76.883511, 41.666314 ], [ -76.880162, 41.640952 ], [ -76.880359, 41.639092 ], [ -76.878699, 41.620344 ], [ -76.874714, 41.596919 ], [ -76.813731, 41.590034 ], [ -76.792686, 41.587821 ], [ -76.778814, 41.586707 ], [ -76.694374, 41.579883 ], [ -76.677861, 41.578541 ], [ -76.555174, 41.568498 ], [ -76.483539, 41.562633 ], [ -76.469545, 41.561501 ], [ -76.358907, 41.552722 ], [ -76.317241, 41.549463 ], [ -76.220073, 41.541278 ], [ -76.213502, 41.570579 ], [ -76.20089, 41.632776 ], [ -76.197998, 41.647823 ], [ -76.165393, 41.649171 ], [ -76.160967, 41.649387 ], [ -76.115172, 41.651825 ], [ -76.119369, 41.707461 ], [ -76.11967, 41.709543 ], [ -76.119551, 41.710248 ], [ -76.122003, 41.73855 ], [ -76.123, 41.749367 ], [ -76.124618, 41.766915 ], [ -76.125899, 41.770614 ], [ -76.125611, 41.780297 ], [ -76.127502, 41.80125 ], [ -76.129759, 41.826215 ], [ -76.134046, 41.873588 ], [ -76.134507, 41.87666 ], [ -76.135671, 41.891812 ], [ -76.137602, 41.91429 ], [ -76.14364, 41.977893 ], [ -76.1455192, 41.998913 ], [ -76.2049278, 41.9987431 ], [ -76.2643005, 41.998573199999989 ], [ -76.2757871, 41.9985404 ], [ -76.2950079, 41.9984854 ], [ -76.343722, 41.998346 ], [ -76.3448273, 41.9983575 ], [ -76.349898, 41.99841 ], [ -76.3499163, 41.9984101 ], [ -76.3816056, 41.998558 ], [ -76.462155, 41.998934 ], [ -76.46654, 41.999025 ], [ -76.4730305, 41.9991051 ], [ -76.4734248, 41.99911 ], [ -76.5119516, 41.9995853 ], [ -76.5232701, 41.999725 ], [ -76.5243134, 41.9997379 ], [ -76.53213980000001, 41.9998344 ], [ -76.5349942, 41.9998697 ], [ -76.5487696, 42.0000396 ], [ -76.5576987, 42.0001498 ], [ -76.5577259, 42.0001502 ], [ -76.558118, 42.000155 ], [ -76.6381084, 42.0007956 ], [ -76.7016539, 42.0013044 ], [ -76.7057077, 42.0013369 ], [ -76.7283643, 42.0015183 ], [ -76.7295735, 42.001528 ], [ -76.7307568, 42.0015375 ], [ -76.747273, 42.0016698 ], [ -76.749675, 42.001689 ], [ -76.787924, 42.0016798 ], [ -76.815878, 42.001673 ], [ -76.8304555, 42.0017489 ], [ -76.835079, 42.001773 ], [ -76.901373, 42.0017738 ], [ -76.920784, 42.001774 ], [ -76.921884, 42.001674 ], [ -76.927059, 42.001674 ], [ -76.926138, 41.995709 ] ] ] ] } },
{ "type": "Feature", "properties": { "STATEFP": "42", "COUNTYFP": "077", "COUNTYNS": "01209182", "GEOIDFQ": "0500000US42077", "GEOID": "42077", "NAME": "Lehigh", "NAMELSAD": "Lehigh County", "STUSPS": "PA", "STATE_NAME": "Pennsylvania", "LSAD": "06", "ALAND": 894428133.0, "AWATER": 7453862.0, "STATE_NAME_HYPHEN": "Pennsylvania" }, "geometry": { "type": "MultiPolygon", "coordinates": [ [ [ [ -75.891473, 40.67727 ], [ -75.849513, 40.64994 ], [ -75.845257, 40.647056 ], [ -75.779302, 40.6047 ], [ -75.777416, 40.603763 ], [ -75.76674, 40.597033 ], [ -75.756106, 40.590331 ], [ -75.739442, 40.57994 ], [ -75.694308, 40.551149 ], [ -75.682238, 40.543638 ], [ -75.674921, 40.53897 ], [ -75.652203, 40.524331 ], [ -75.641481, 40.517655 ], [ -75.603814, 40.493586 ], [ -75.60371, 40.493517 ], [ -75.589845, 40.484661 ], [ -75.579274, 40.478007 ], [ -75.565955, 40.469585 ], [ -75.549261, 40.459187 ], [ -75.536063, 40.450964 ], [ -75.530788, 40.447675 ], [ -75.529694, 40.446995 ], [ -75.49874, 40.427706 ], [ -75.498193, 40.427272 ], [ -75.484057, 40.418451 ], [ -75.458058, 40.442642 ], [ -75.442264, 40.457626 ], [ -75.409733, 40.487984 ], [ -75.408763, 40.488601 ], [ -75.388292, 40.501697 ], [ -75.386717, 40.502669 ], [ -75.386088, 40.503036 ], [ -75.382017, 40.505631 ], [ -75.380396, 40.506658 ], [ -75.358594, 40.520805 ], [ -75.338633, 40.534068 ], [ -75.333514, 40.537057 ], [ -75.352203, 40.548691 ], [ -75.379304, 40.565546 ], [ -75.389989, 40.572187 ], [ -75.391674, 40.573237 ], [ -75.403822, 40.580787 ], [ -75.404412, 40.581154 ], [ -75.39429, 40.593018 ], [ -75.391275, 40.596551 ], [ -75.390741, 40.600052 ], [ -75.390635, 40.600677 ], [ -75.390243, 40.603338 ], [ -75.389966, 40.605163 ], [ -75.388559, 40.614423 ], [ -75.384426, 40.614815 ], [ -75.378626, 40.615306 ], [ -75.378125, 40.615358 ], [ -75.380367, 40.616886 ], [ -75.38304, 40.617351 ], [ -75.383181, 40.618718 ], [ -75.38414, 40.620163 ], [ -75.38334, 40.624249 ], [ -75.385007, 40.625181 ], [ -75.388413, 40.627969 ], [ -75.388871, 40.629208 ], [ -75.387464, 40.633122 ], [ -75.392476, 40.634124 ], [ -75.395841, 40.636856 ], [ -75.399791, 40.640108 ], [ -75.4109, 40.650135 ], [ -75.419067, 40.658342 ], [ -75.424894, 40.663661 ], [ -75.430122, 40.668427 ], [ -75.430136, 40.672313 ], [ -75.429848, 40.673461 ], [ -75.430404, 40.674152 ], [ -75.445286, 40.66882 ], [ -75.459489, 40.663726 ], [ -75.466157, 40.661305 ], [ -75.47128, 40.659449 ], [ -75.479142, 40.656591 ], [ -75.481469, 40.655744 ], [ -75.483933, 40.659616 ], [ -75.483726, 40.660261 ], [ -75.483628, 40.666873 ], [ -75.485027, 40.671496 ], [ -75.486137, 40.672999 ], [ -75.487329, 40.674497 ], [ -75.489364, 40.676065 ], [ -75.491127, 40.676996 ], [ -75.49534, 40.677787 ], [ -75.497979, 40.679155 ], [ -75.503053, 40.689715 ], [ -75.503598, 40.690185 ], [ -75.508495, 40.693046 ], [ -75.511912, 40.696999 ], [ -75.515628, 40.702196 ], [ -75.52218, 40.712876 ], [ -75.525528, 40.720095 ], [ -75.525484, 40.720623 ], [ -75.52621, 40.726765 ], [ -75.526236, 40.732703 ], [ -75.527204, 40.734068 ], [ -75.530149, 40.736343 ], [ -75.53498, 40.737615 ], [ -75.537366, 40.737594 ], [ -75.540312, 40.736059 ], [ -75.541806, 40.727918 ], [ -75.542846, 40.726926 ], [ -75.544316, 40.725054 ], [ -75.550988, 40.722056 ], [ -75.555541, 40.72092 ], [ -75.558165, 40.720886 ], [ -75.561298, 40.721838 ], [ -75.564418, 40.72347 ], [ -75.567801, 40.725927 ], [ -75.568857, 40.727351 ], [ -75.570634, 40.73247 ], [ -75.574019, 40.734706 ], [ -75.576162, 40.735176 ], [ -75.580552, 40.734725 ], [ -75.587902, 40.733887 ], [ -75.590206, 40.734463 ], [ -75.592558, 40.736127 ], [ -75.594235, 40.738758 ], [ -75.596702, 40.743599 ], [ -75.597602, 40.74461 ], [ -75.601694, 40.749551 ], [ -75.60274, 40.753064 ], [ -75.603569, 40.756805 ], [ -75.603369, 40.758716 ], [ -75.602655, 40.764213 ], [ -75.60287, 40.765956 ], [ -75.604525, 40.768815 ], [ -75.606659, 40.771319 ], [ -75.60468, 40.776728 ], [ -75.605459, 40.780783 ], [ -75.608985, 40.787387 ], [ -75.609068, 40.787523 ], [ -75.65259, 40.779465 ], [ -75.67683, 40.774906 ], [ -75.688105, 40.772116 ], [ -75.694749, 40.770075 ], [ -75.69938, 40.76612 ], [ -75.702365, 40.763259 ], [ -75.702418, 40.76224 ], [ -75.7286, 40.753915 ], [ -75.732208, 40.751644 ], [ -75.734112, 40.748789 ], [ -75.739309, 40.744155 ], [ -75.743585, 40.743462 ], [ -75.744863, 40.740309 ], [ -75.757807, 40.735414 ], [ -75.765947, 40.730926 ], [ -75.770292, 40.729938 ], [ -75.77769, 40.729534 ], [ -75.779682, 40.725022 ], [ -75.782931, 40.72306 ], [ -75.796518, 40.717034 ], [ -75.808285, 40.707299 ], [ -75.826765, 40.700073 ], [ -75.830132, 40.698568 ], [ -75.842905, 40.693541 ], [ -75.844663, 40.693001 ], [ -75.854809, 40.693192 ], [ -75.889207, 40.678343 ], [ -75.891473, 40.67727 ] ] ] ] } },
{ "type": "Feature", "properties": { "STATEFP": "42", "COUNTYFP": "013", "COUNTYNS": "01213659", "GEOIDFQ": "0500000US42013", "GEOID": "42013", "NAME": "Blair", "NAMELSAD": "Blair County", "STUSPS": "PA", "STATE_NAME": "Pennsylvania", "LSAD": "06", "ALAND": 1359916303.0, "AWATER": 3294803.0, "STATE_NAME_HYPHEN": "Pennsylvania" }, "geometry": { "type": "MultiPolygon", "coordinates": [ [ [ [ -78.618889, 40.326471 ], [ -78.552182, 40.301169 ], [ -78.529696, 40.29287 ], [ -78.523709, 40.291627 ], [ -78.510266, 40.288403 ], [ -78.5057, 40.287308 ], [ -78.458938, 40.251942 ], [ -78.447895, 40.244395 ], [ -78.447106, 40.245759 ], [ -78.443781, 40.254912 ], [ -78.442794, 40.259608 ], [ -78.442682, 40.264265 ], [ -78.442308, 40.265935 ], [ -78.442199, 40.27739 ], [ -78.44049, 40.28242 ], [ -78.440165, 40.28472 ], [ -78.43611, 40.295289 ], [ -78.435075, 40.300356 ], [ -78.434288, 40.302301 ], [ -78.408838, 40.291298 ], [ -78.404794, 40.289347 ], [ -78.373512, 40.27647 ], [ -78.363122, 40.272495 ], [ -78.327828, 40.25882 ], [ -78.323922, 40.25731 ], [ -78.30671, 40.248139 ], [ -78.288764, 40.242107 ], [ -78.288152, 40.243576 ], [ -78.287904, 40.24593 ], [ -78.285375, 40.252113 ], [ -78.283136, 40.255749 ], [ -78.280341, 40.258551 ], [ -78.27406, 40.266704 ], [ -78.272159, 40.270173 ], [ -78.272024, 40.271526 ], [ -78.270803, 40.272283 ], [ -78.270963, 40.273614 ], [ -78.26765, 40.277919 ], [ -78.265907, 40.281333 ], [ -78.263724, 40.28675 ], [ -78.262477, 40.288635 ], [ -78.259854, 40.294581 ], [ -78.257305, 40.297883 ], [ -78.2567, 40.298734 ], [ -78.251263, 40.309786 ], [ -78.250091, 40.312291 ], [ -78.245022, 40.319239 ], [ -78.243108, 40.322539 ], [ -78.235694, 40.333849 ], [ -78.230924, 40.339842 ], [ -78.229056, 40.341588 ], [ -78.224578, 40.346652 ], [ -78.223421, 40.347421 ], [ -78.216408, 40.353619 ], [ -78.214216, 40.356277 ], [ -78.212035, 40.359466 ], [ -78.210929, 40.362985 ], [ -78.209045, 40.367078 ], [ -78.207103, 40.369202 ], [ -78.203993, 40.375075 ], [ -78.201755, 40.377251 ], [ -78.191454, 40.391082 ], [ -78.191046, 40.39187 ], [ -78.189163, 40.395519 ], [ -78.186282, 40.399877 ], [ -78.181932, 40.404747 ], [ -78.177947, 40.408643 ], [ -78.17382, 40.414304 ], [ -78.171104, 40.417584 ], [ -78.168615, 40.421421 ], [ -78.162955, 40.428703 ], [ -78.15941, 40.433793 ], [ -78.156881, 40.436382 ], [ -78.155447, 40.438543 ], [ -78.151879, 40.444972 ], [ -78.149426, 40.448107 ], [ -78.147157, 40.451931 ], [ -78.143065, 40.458999 ], [ -78.141639, 40.46034 ], [ -78.140787, 40.462392 ], [ -78.138574, 40.465593 ], [ -78.137593, 40.467919 ], [ -78.134233, 40.473242 ], [ -78.131323, 40.479939 ], [ -78.130081, 40.48199 ], [ -78.129498, 40.485721 ], [ -78.129584, 40.490626 ], [ -78.130012, 40.492945 ], [ -78.131215, 40.494575 ], [ -78.131741, 40.496822 ], [ -78.133911, 40.498321 ], [ -78.135633, 40.498214 ], [ -78.148898, 40.487629 ], [ -78.151897, 40.487197 ], [ -78.153373, 40.488558 ], [ -78.1539, 40.492165 ], [ -78.153626, 40.496947 ], [ -78.152445, 40.503078 ], [ -78.152235, 40.50528 ], [ -78.150476, 40.510302 ], [ -78.150318, 40.514958 ], [ -78.149797, 40.518084 ], [ -78.14924, 40.525307 ], [ -78.147328, 40.533251 ], [ -78.143913, 40.539754 ], [ -78.142346, 40.541685 ], [ -78.139947, 40.546187 ], [ -78.139364, 40.550595 ], [ -78.136224, 40.556233 ], [ -78.132745, 40.561616 ], [ -78.132422, 40.56449 ], [ -78.128638, 40.567953 ], [ -78.132991, 40.57039 ], [ -78.133842, 40.570475 ], [ -78.136162, 40.569171 ], [ -78.137659, 40.565568 ], [ -78.138377, 40.562544 ], [ -78.140989, 40.557027 ], [ -78.145135, 40.553874 ], [ -78.14514, 40.549077 ], [ -78.14703, 40.547165 ], [ -78.149884, 40.546045 ], [ -78.149016, 40.543159 ], [ -78.149955, 40.541366 ], [ -78.151479, 40.540711 ], [ -78.154404, 40.540837 ], [ -78.156299, 40.540053 ], [ -78.158091, 40.537764 ], [ -78.161718, 40.537226 ], [ -78.163553, 40.536106 ], [ -78.164587, 40.533745 ], [ -78.166677, 40.531528 ], [ -78.171747, 40.534415 ], [ -78.174329, 40.534943 ], [ -78.176818, 40.534471 ], [ -78.178501, 40.536337 ], [ -78.178307, 40.537649 ], [ -78.180386, 40.538763 ], [ -78.180493, 40.539712 ], [ -78.183104, 40.542676 ], [ -78.185595, 40.543703 ], [ -78.18682, 40.545613 ], [ -78.186565, 40.547704 ], [ -78.187756, 40.548566 ], [ -78.189145, 40.551243 ], [ -78.193103, 40.554256 ], [ -78.193526, 40.555398 ], [ -78.197083, 40.558444 ], [ -78.188007, 40.570218 ], [ -78.18596, 40.573743 ], [ -78.183557, 40.576503 ], [ -78.17828, 40.583786 ], [ -78.177765, 40.586275 ], [ -78.177886, 40.587895 ], [ -78.179295, 40.592725 ], [ -78.183176, 40.595315 ], [ -78.184212, 40.595295 ], [ -78.171675, 40.612257 ], [ -78.169732, 40.613425 ], [ -78.166408, 40.618143 ], [ -78.169247, 40.620448 ], [ -78.171784, 40.624225 ], [ -78.17305, 40.62803 ], [ -78.175949, 40.628083 ], [ -78.178722, 40.626909 ], [ -78.185273, 40.631511 ], [ -78.189172, 40.632792 ], [ -78.190497, 40.635416 ], [ -78.190296, 40.637168 ], [ -78.193406, 40.638882 ], [ -78.196808, 40.638674 ], [ -78.196082, 40.642497 ], [ -78.197041, 40.644139 ], [ -78.197546, 40.644959 ], [ -78.197612, 40.645658 ], [ -78.197891, 40.64628 ], [ -78.197946, 40.646833 ], [ -78.198238, 40.64773 ], [ -78.201494, 40.651807 ], [ -78.206152, 40.655128 ], [ -78.213695, 40.665404 ], [ -78.22197, 40.674539 ], [ -78.217141, 40.682876 ], [ -78.213925, 40.686835 ], [ -78.208819, 40.692029 ], [ -78.205422, 40.694732 ], [ -78.204871, 40.695874 ], [ -78.201971, 40.697983 ], [ -78.199865, 40.698972 ], [ -78.197332, 40.696555 ], [ -78.195243, 40.697294 ], [ -78.191605, 40.700152 ], [ -78.189696, 40.700985 ], [ -78.182585, 40.705901 ], [ -78.17339, 40.710668 ], [ -78.170042, 40.712596 ], [ -78.164057, 40.713493 ], [ -78.162411, 40.711696 ], [ -78.15659, 40.71297 ], [ -78.155378, 40.714689 ], [ -78.155867, 40.717745 ], [ -78.151238, 40.719047 ], [ -78.146377, 40.720882 ], [ -78.139076, 40.724275 ], [ -78.132803, 40.728395 ], [ -78.128083, 40.731067 ], [ -78.122551, 40.735097 ], [ -78.116521, 40.739127 ], [ -78.131834, 40.743017 ], [ -78.194439, 40.740544 ], [ -78.203188, 40.740198 ], [ -78.230061, 40.738973 ], [ -78.265695, 40.737243 ], [ -78.278948, 40.736597 ], [ -78.282937, 40.736402 ], [ -78.340008, 40.733535 ], [ -78.360619, 40.733181 ], [ -78.351201, 40.725353 ], [ -78.348668, 40.723443 ], [ -78.358916, 40.709922 ], [ -78.408801, 40.644371 ], [ -78.412944, 40.644521 ], [ -78.417124, 40.64535 ], [ -78.42002, 40.646909 ], [ -78.421471, 40.646615 ], [ -78.423507, 40.647486 ], [ -78.428919, 40.646768 ], [ -78.432457, 40.647756 ], [ -78.43379, 40.647097 ], [ -78.436933, 40.646661 ], [ -78.43966, 40.644806 ], [ -78.440734, 40.642562 ], [ -78.442148, 40.641088 ], [ -78.440419, 40.639183 ], [ -78.4407, 40.636518 ], [ -78.440977, 40.631784 ], [ -78.441864, 40.629869 ], [ -78.446323, 40.624164 ], [ -78.441208, 40.597239 ], [ -78.447783, 40.591659 ], [ -78.449344, 40.590298 ], [ -78.452002, 40.586116 ], [ -78.45385, 40.581249 ], [ -78.476618, 40.550674 ], [ -78.479051, 40.547307 ], [ -78.486124, 40.540838 ], [ -78.493917, 40.540398 ], [ -78.497561, 40.539163 ], [ -78.511851, 40.531439 ], [ -78.518211, 40.528802 ], [ -78.519841, 40.526445 ], [ -78.522663, 40.523258 ], [ -78.530384, 40.519144 ], [ -78.537166, 40.509941 ], [ -78.539819, 40.506293 ], [ -78.540645, 40.500565 ], [ -78.541455, 40.49707 ], [ -78.544015, 40.489151 ], [ -78.54457, 40.48777 ], [ -78.544562, 40.484183 ], [ -78.544194, 40.482591 ], [ -78.540389, 40.475559 ], [ -78.542006, 40.469653 ], [ -78.542161, 40.469176 ], [ -78.544025, 40.46595 ], [ -78.548463, 40.461854 ], [ -78.549107, 40.459285 ], [ -78.551183, 40.456654 ], [ -78.551883, 40.455233 ], [ -78.557721, 40.441563 ], [ -78.552889, 40.434783 ], [ -78.556229, 40.410049 ], [ -78.561466, 40.36967 ], [ -78.602236, 40.353629 ], [ -78.602345, 40.353282 ], [ -78.602855, 40.351702 ], [ -78.608878, 40.34349 ], [ -78.615941, 40.330131 ], [ -78.618889, 40.326471 ] ] ] ] } },
{ "type": "Feature", "properties": { "STATEFP": "42", "COUNTYFP": "069", "COUNTYNS": "01213675", "GEOIDFQ": "0500000US42069", "GEOID": "42069", "NAME": "Lackawanna", "NAMELSAD": "Lackawanna County", "STUSPS": "PA", "STATE_NAME": "Pennsylvania", "LSAD": "06", "ALAND": 1188509485.0, "AWATER": 15908159.0, "STATE_NAME_HYPHEN": "Pennsylvania" }, "geometry": { "type": "MultiPolygon", "coordinates": [ [ [ [ -75.833559, 41.425854 ], [ -75.833223, 41.42523 ], [ -75.831223, 41.417806 ], [ -75.831079, 41.415459 ], [ -75.831794, 41.408659 ], [ -75.832631, 41.399934 ], [ -75.831735, 41.397294 ], [ -75.830135, 41.394414 ], [ -75.828999, 41.393198 ], [ -75.826803, 41.391703 ], [ -75.820247, 41.387822 ], [ -75.816832, 41.386707 ], [ -75.80655, 41.385183 ], [ -75.79951, 41.382639 ], [ -75.796902, 41.380687 ], [ -75.795116, 41.377119 ], [ -75.767826, 41.365354 ], [ -75.761064, 41.360985 ], [ -75.760837, 41.360838 ], [ -75.754001, 41.356424 ], [ -75.753517, 41.356108 ], [ -75.742224, 41.348812 ], [ -75.741916, 41.348311 ], [ -75.729371, 41.346256 ], [ -75.727524, 41.345886 ], [ -75.72415, 41.345353 ], [ -75.688606, 41.339446 ], [ -75.688221, 41.328154 ], [ -75.687841, 41.317836 ], [ -75.694959, 41.317577 ], [ -75.69412, 41.30411 ], [ -75.690824, 41.304335 ], [ -75.689661, 41.287785 ], [ -75.679344, 41.28796 ], [ -75.679304, 41.264301 ], [ -75.652888, 41.257569 ], [ -75.652273, 41.257383 ], [ -75.650119, 41.207816 ], [ -75.649233, 41.187173 ], [ -75.646671, 41.187242 ], [ -75.646776, 41.186125 ], [ -75.643751, 41.182228 ], [ -75.64448, 41.179714 ], [ -75.643494, 41.176259 ], [ -75.639497, 41.176214 ], [ -75.636694, 41.172051 ], [ -75.636651, 41.171359 ], [ -75.631843, 41.169669 ], [ -75.629122, 41.1699 ], [ -75.624054, 41.16975 ], [ -75.622896, 41.170869 ], [ -75.619342, 41.170838 ], [ -75.616558, 41.172678 ], [ -75.61477, 41.171988 ], [ -75.61506, 41.171061 ], [ -75.613854, 41.169078 ], [ -75.615107, 41.16849 ], [ -75.613686, 41.167287 ], [ -75.611717, 41.164187 ], [ -75.607216, 41.164194 ], [ -75.604018, 41.163217 ], [ -75.602639, 41.161701 ], [ -75.600736, 41.161497 ], [ -75.600293, 41.161927 ], [ -75.598634, 41.163062 ], [ -75.598338, 41.163288 ], [ -75.597265, 41.163204 ], [ -75.596335, 41.165821 ], [ -75.597905, 41.168065 ], [ -75.597746, 41.170272 ], [ -75.598536, 41.171935 ], [ -75.593764, 41.171779 ], [ -75.587812, 41.172666 ], [ -75.582724, 41.176745 ], [ -75.577485, 41.177537 ], [ -75.576653, 41.177857 ], [ -75.575547, 41.18088 ], [ -75.57621, 41.181777 ], [ -75.576371, 41.186551 ], [ -75.574128, 41.189084 ], [ -75.570211, 41.19113 ], [ -75.570581, 41.192615 ], [ -75.569157, 41.193342 ], [ -75.570901, 41.195045 ], [ -75.569666, 41.197123 ], [ -75.56974, 41.198744 ], [ -75.566945, 41.199614 ], [ -75.563404, 41.203865 ], [ -75.562641, 41.205355 ], [ -75.560074, 41.205052 ], [ -75.558862, 41.206857 ], [ -75.554723, 41.20765 ], [ -75.555158, 41.208994 ], [ -75.554017, 41.21168 ], [ -75.552367, 41.212442 ], [ -75.551153, 41.214991 ], [ -75.549144, 41.2174 ], [ -75.544409, 41.221837 ], [ -75.543886, 41.223596 ], [ -75.541682, 41.224193 ], [ -75.539846, 41.225461 ], [ -75.53507, 41.225033 ], [ -75.532449, 41.225316 ], [ -75.529356, 41.226591 ], [ -75.526598, 41.224892 ], [ -75.525584, 41.223017 ], [ -75.521671, 41.22197 ], [ -75.518011, 41.219593 ], [ -75.516491, 41.21938 ], [ -75.51461, 41.222097 ], [ -75.512414, 41.223194 ], [ -75.509252, 41.227989 ], [ -75.508345, 41.232949 ], [ -75.505607, 41.232539 ], [ -75.505501, 41.233107 ], [ -75.5049, 41.234439 ], [ -75.50221, 41.23647 ], [ -75.500707, 41.236575 ], [ -75.500636, 41.23663 ], [ -75.498804, 41.240009 ], [ -75.496057, 41.242948 ], [ -75.492959, 41.243307 ], [ -75.491205, 41.241872 ], [ -75.485059, 41.242648 ], [ -75.48408, 41.244635 ], [ -75.484477, 41.245974 ], [ -75.481815, 41.246744 ], [ -75.479378, 41.246245 ], [ -75.477428, 41.247114 ], [ -75.4767, 41.245077 ], [ -75.473578, 41.244567 ], [ -75.470849, 41.243267 ], [ -75.469177, 41.244025 ], [ -75.468167, 41.247518 ], [ -75.463021, 41.246836 ], [ -75.461085, 41.247268 ], [ -75.458785, 41.251416 ], [ -75.456685, 41.253938 ], [ -75.454462, 41.254496 ], [ -75.453507, 41.252396 ], [ -75.451078, 41.252441 ], [ -75.450786, 41.253456 ], [ -75.445234, 41.254533 ], [ -75.442964, 41.257021 ], [ -75.440389, 41.25813 ], [ -75.441168, 41.258887 ], [ -75.441485, 41.261893 ], [ -75.441846, 41.26947 ], [ -75.443594, 41.303732 ], [ -75.445895, 41.342949 ], [ -75.445791, 41.344471 ], [ -75.446084, 41.346597 ], [ -75.447001, 41.363169 ], [ -75.448179, 41.387685 ], [ -75.449148, 41.409284 ], [ -75.450037, 41.425611 ], [ -75.450763, 41.442007 ], [ -75.452328, 41.470543 ], [ -75.452267, 41.476019 ], [ -75.452514, 41.479107 ], [ -75.453034, 41.486746 ], [ -75.456383, 41.533638 ], [ -75.457297, 41.546471 ], [ -75.459349, 41.588065 ], [ -75.459762, 41.595044 ], [ -75.46106, 41.616407 ], [ -75.461195, 41.618963 ], [ -75.461343, 41.6198 ], [ -75.461611, 41.621267 ], [ -75.462411, 41.641587 ], [ -75.469259, 41.64141 ], [ -75.474901, 41.641696 ], [ -75.479291, 41.641628 ], [ -75.531276, 41.641659 ], [ -75.597634, 41.641904 ], [ -75.618959, 41.642064 ], [ -75.622271, 41.641935 ], [ -75.632976, 41.642015 ], [ -75.652187, 41.642196 ], [ -75.6528, 41.642079 ], [ -75.653875, 41.642193 ], [ -75.719887, 41.642263 ], [ -75.720526, 41.639102 ], [ -75.718608, 41.637869 ], [ -75.718507, 41.636658 ], [ -75.721697, 41.634578 ], [ -75.725141, 41.63483 ], [ -75.728576, 41.635634 ], [ -75.74402, 41.614828 ], [ -75.765718, 41.585609 ], [ -75.77429, 41.574048 ], [ -75.770933, 41.570299 ], [ -75.769422, 41.568301 ], [ -75.772456, 41.56425 ], [ -75.779323, 41.555097 ], [ -75.784735, 41.547433 ], [ -75.789334, 41.541284 ], [ -75.80323, 41.524227 ], [ -75.78383, 41.512902 ], [ -75.771626, 41.505793 ], [ -75.773358, 41.503624 ], [ -75.801633, 41.468118 ], [ -75.834512, 41.426965 ], [ -75.833559, 41.425854 ] ] ] ] } },
{ "type": "Feature", "properties": { "STATEFP": "42", "COUNTYFP": "093", "COUNTYNS": "01213681", "GEOIDFQ": "0500000US42093", "GEOID": "42093", "NAME": "Montour", "NAMELSAD": "Montour County", "STUSPS": "PA", "STATE_NAME": "Pennsylvania", "LSAD": "06", "ALAND": 337556585.0, "AWATER": 5174320.0, "STATE_NAME_HYPHEN": "Pennsylvania" }, "geometry": { "type": "MultiPolygon", "coordinates": [ [ [ [ -76.793741, 40.948989 ], [ -76.792923, 40.948186 ], [ -76.792878, 40.946583 ], [ -76.785195, 40.947623 ], [ -76.775701, 40.949471 ], [ -76.767376, 40.949784 ], [ -76.75081, 40.952885 ], [ -76.743018, 40.954484 ], [ -76.737827, 40.954289 ], [ -76.734826, 40.954448 ], [ -76.725311, 40.956336 ], [ -76.718877, 40.957143 ], [ -76.714016, 40.958266 ], [ -76.702515, 40.960157 ], [ -76.697985, 40.961385 ], [ -76.694254, 40.961978 ], [ -76.687145, 40.962753 ], [ -76.682119, 40.964962 ], [ -76.678686, 40.965588 ], [ -76.676795, 40.965457 ], [ -76.674862, 40.965502 ], [ -76.666669, 40.967139 ], [ -76.661348, 40.967996 ], [ -76.652451, 40.961643 ], [ -76.649075, 40.963284 ], [ -76.645329, 40.964424 ], [ -76.641036, 40.964836 ], [ -76.635059, 40.964378 ], [ -76.632036, 40.963682 ], [ -76.626414, 40.961119 ], [ -76.62175, 40.957988 ], [ -76.615114, 40.953039 ], [ -76.613375, 40.951445 ], [ -76.610324, 40.948593 ], [ -76.603538, 40.943267 ], [ -76.601436, 40.942186 ], [ -76.592687, 40.94045 ], [ -76.58552, 40.939892 ], [ -76.580435, 40.939932 ], [ -76.577228, 40.939495 ], [ -76.572515, 40.939308 ], [ -76.563404, 40.939588 ], [ -76.558735, 40.939028 ], [ -76.556977, 40.938609 ], [ -76.557594, 40.935757 ], [ -76.558877, 40.933082 ], [ -76.55857, 40.930496 ], [ -76.56008, 40.928967 ], [ -76.56167, 40.924778 ], [ -76.565572, 40.921146 ], [ -76.567423, 40.917898 ], [ -76.567086, 40.916961 ], [ -76.568111, 40.915454 ], [ -76.567506, 40.912787 ], [ -76.566583, 40.911783 ], [ -76.565685, 40.909122 ], [ -76.566176, 40.90748 ], [ -76.564795, 40.904233 ], [ -76.561613, 40.899847 ], [ -76.560294, 40.898861 ], [ -76.560143, 40.895248 ], [ -76.558917, 40.893381 ], [ -76.557323, 40.888824 ], [ -76.555107, 40.887507 ], [ -76.554878, 40.886538 ], [ -76.552889, 40.884061 ], [ -76.550935, 40.882784 ], [ -76.550514, 40.882584 ], [ -76.533446, 40.882529 ], [ -76.528024, 40.882613 ], [ -76.525286, 40.910579 ], [ -76.525536, 40.911209 ], [ -76.524862, 40.915936 ], [ -76.526204, 40.917428 ], [ -76.527808, 40.918023 ], [ -76.528213, 40.919121 ], [ -76.52673, 40.920712 ], [ -76.523719, 40.921757 ], [ -76.52224, 40.922743 ], [ -76.520138, 40.926634 ], [ -76.520701, 40.928845 ], [ -76.52178, 40.931653 ], [ -76.523771, 40.934166 ], [ -76.525824, 40.934567 ], [ -76.527637, 40.937764 ], [ -76.529395, 40.940143 ], [ -76.526549, 40.940811 ], [ -76.518371, 40.943686 ], [ -76.512421, 40.946102 ], [ -76.514163, 40.948691 ], [ -76.515795, 40.950003 ], [ -76.516273, 40.952521 ], [ -76.515203, 40.95415 ], [ -76.514561, 40.956751 ], [ -76.515034, 40.959048 ], [ -76.517473, 40.960465 ], [ -76.521498, 40.964676 ], [ -76.521815, 40.967064 ], [ -76.525057, 40.967789 ], [ -76.527342, 40.971512 ], [ -76.529005, 40.973069 ], [ -76.551022, 40.989295 ], [ -76.551099, 40.989352 ], [ -76.565246, 40.999865 ], [ -76.566208, 41.008587 ], [ -76.562847, 41.023447 ], [ -76.562263, 41.034214 ], [ -76.563013, 41.036261 ], [ -76.569915, 41.053761 ], [ -76.618971, 41.063759 ], [ -76.616965, 41.065964 ], [ -76.616039, 41.068748 ], [ -76.617363, 41.073353 ], [ -76.618216, 41.074211 ], [ -76.616595, 41.076042 ], [ -76.615353, 41.079359 ], [ -76.617898, 41.081358 ], [ -76.620458, 41.08484 ], [ -76.620678, 41.089613 ], [ -76.621311, 41.091624 ], [ -76.640767, 41.155718 ], [ -76.678776, 41.154172 ], [ -76.694572, 41.159617 ], [ -76.729997, 41.171881 ], [ -76.732672, 41.17204 ], [ -76.732664, 41.167575 ], [ -76.731552, 41.16585 ], [ -76.731275, 41.16308 ], [ -76.731416, 41.155885 ], [ -76.730877, 41.15361 ], [ -76.731689, 41.153239 ], [ -76.732159, 41.150945 ], [ -76.733476, 41.148164 ], [ -76.733309, 41.147248 ], [ -76.734428, 41.143215 ], [ -76.73423, 41.141932 ], [ -76.735554, 41.14044 ], [ -76.735804, 41.137833 ], [ -76.734732, 41.13691 ], [ -76.733859, 41.131948 ], [ -76.735812, 41.12995 ], [ -76.733514, 41.127687 ], [ -76.734085, 41.124267 ], [ -76.734946, 41.118756 ], [ -76.735342, 41.110098 ], [ -76.734196, 41.103801 ], [ -76.735058, 41.091058 ], [ -76.737696, 41.08658 ], [ -76.739248, 41.081483 ], [ -76.746578, 41.06539 ], [ -76.748772, 41.06198 ], [ -76.753332, 41.054995 ], [ -76.756503, 41.050503 ], [ -76.757731, 41.047435 ], [ -76.757912, 41.044294 ], [ -76.759677, 41.038706 ], [ -76.764505, 41.029611 ], [ -76.761963, 41.025932 ], [ -76.770597, 41.018727 ], [ -76.772343, 41.016295 ], [ -76.773768, 41.014356 ], [ -76.773264, 41.013063 ], [ -76.774692, 41.01231 ], [ -76.775786, 41.008118 ], [ -76.774504, 41.00558 ], [ -76.773712, 41.002552 ], [ -76.774259, 41.000098 ], [ -76.784907, 40.966926 ], [ -76.786543, 40.965163 ], [ -76.786816, 40.960679 ], [ -76.785447, 40.958907 ], [ -76.788636, 40.957213 ], [ -76.7905, 40.956708 ], [ -76.791506, 40.955549 ], [ -76.791334, 40.954013 ], [ -76.789259, 40.952062 ], [ -76.793245, 40.95014 ], [ -76.793741, 40.948989 ] ] ] ] } },
{ "type": "Feature", "properties": { "STATEFP": "42", "COUNTYFP": "019", "COUNTYNS": "01213661", "GEOIDFQ": "0500000US42019", "GEOID": "42019", "NAME": "Butler", "NAMELSAD": "Butler County", "STUSPS": "PA", "STATE_NAME": "Pennsylvania", "LSAD": "06", "ALAND": 2044750110.0, "AWATER": 16004632.0, "STATE_NAME_HYPHEN": "Pennsylvania" }, "geometry": { "type": "MultiPolygon", "coordinates": [ [ [ [ -80.166444, 41.000404 ], [ -80.165243, 40.978241 ], [ -80.164678, 40.968058 ], [ -80.163027, 40.937887 ], [ -80.160246, 40.886906 ], [ -80.15853, 40.855096 ], [ -80.15671, 40.81753 ], [ -80.156437, 40.810725 ], [ -80.156003, 40.800371 ], [ -80.155221, 40.788194 ], [ -80.154784, 40.782039 ], [ -80.154519, 40.776166 ], [ -80.154287, 40.77268 ], [ -80.153427, 40.758282 ], [ -80.153445, 40.756387 ], [ -80.15256, 40.744042 ], [ -80.151505, 40.722816 ], [ -80.151062, 40.713138 ], [ -80.149949, 40.696093 ], [ -80.149806, 40.692933 ], [ -80.14905, 40.681023 ], [ -80.148677, 40.673848 ], [ -80.148497, 40.673769 ], [ -80.127791, 40.673604 ], [ -80.126111, 40.673645 ], [ -80.095724, 40.674179 ], [ -80.071434, 40.674935 ], [ -80.071393, 40.674174 ], [ -80.068355, 40.674167 ], [ -80.067531, 40.674165 ], [ -80.060124, 40.674143 ], [ -80.03623, 40.67409 ], [ -79.996979, 40.673624 ], [ -79.995523, 40.673597 ], [ -79.994174, 40.673571 ], [ -79.987842, 40.673587 ], [ -79.977251, 40.673116 ], [ -79.964595, 40.672514 ], [ -79.959939, 40.67228 ], [ -79.924182, 40.673021 ], [ -79.914626, 40.673286 ], [ -79.888727, 40.672773 ], [ -79.877128, 40.672435 ], [ -79.866032, 40.672383 ], [ -79.842248, 40.67199 ], [ -79.829433, 40.671142 ], [ -79.825372, 40.67129 ], [ -79.818729, 40.671708 ], [ -79.816996, 40.671699 ], [ -79.786363, 40.671302 ], [ -79.780651, 40.671228 ], [ -79.764107, 40.670427 ], [ -79.745536, 40.669738 ], [ -79.729102, 40.669255 ], [ -79.719752, 40.669594 ], [ -79.714599, 40.669704 ], [ -79.707546, 40.669851 ], [ -79.698705, 40.669726 ], [ -79.692878, 40.669611 ], [ -79.69293, 40.669744 ], [ -79.692515, 40.673627 ], [ -79.692794, 40.674604 ], [ -79.692535, 40.688854 ], [ -79.692361, 40.704546 ], [ -79.69236, 40.704924 ], [ -79.693284, 40.741427 ], [ -79.692863, 40.773263 ], [ -79.692815, 40.789239 ], [ -79.692362, 40.806402 ], [ -79.692124, 40.813416 ], [ -79.691799, 40.848759 ], [ -79.691495, 40.884893 ], [ -79.691295, 40.894816 ], [ -79.689925, 40.957071 ], [ -79.689925, 40.957667 ], [ -79.68993, 41.002776 ], [ -79.690081, 41.005935 ], [ -79.69014, 41.030659 ], [ -79.69018, 41.056742 ], [ -79.690206, 41.079108 ], [ -79.690272, 41.10215 ], [ -79.690272, 41.103252 ], [ -79.688778, 41.133429 ], [ -79.689332, 41.169471 ], [ -79.692195, 41.171932 ], [ -79.694984, 41.172865 ], [ -79.696934, 41.172914 ], [ -79.786692, 41.172963 ], [ -79.803429, 41.173123 ], [ -79.813639, 41.172895 ], [ -79.814298, 41.173134 ], [ -79.822616, 41.173088 ], [ -79.824481, 41.173122 ], [ -79.885546, 41.172463 ], [ -79.905353, 41.172144 ], [ -79.921722, 41.172041 ], [ -79.927921, 41.1718 ], [ -79.929996, 41.171911 ], [ -79.954505, 41.171832 ], [ -79.959691, 41.171654 ], [ -79.981771, 41.171818 ], [ -79.999779, 41.171861 ], [ -80.005246, 41.166033 ], [ -80.043531, 41.124496 ], [ -80.043737, 41.124306 ], [ -80.047064, 41.12064 ], [ -80.06742, 41.09981 ], [ -80.074422, 41.092292 ], [ -80.082007, 41.085033 ], [ -80.087437, 41.079149 ], [ -80.096861, 41.069804 ], [ -80.098294, 41.071054 ], [ -80.101859, 41.067401 ], [ -80.135978, 41.032305 ], [ -80.166472, 41.000928 ], [ -80.166444, 41.000404 ] ] ] ] } },
{ "type": "Feature", "properties": { "STATEFP": "42", "COUNTYFP": "131", "COUNTYNS": "01209192", "GEOIDFQ": "0500000US42131", "GEOID": "42131", "NAME": "Wyoming", "NAMELSAD": "Wyoming County", "STUSPS": "PA", "STATE_NAME": "Pennsylvania", "LSAD": "06", "ALAND": 1028894328.0, "AWATER": 20019505.0, "STATE_NAME_HYPHEN": "Pennsylvania" }, "geometry": { "type": "MultiPolygon", "coordinates": [ [ [ [ -76.250313, 41.377954 ], [ -76.188675, 41.379277 ], [ -76.158881, 41.379907 ], [ -76.073408, 41.38218 ], [ -76.063273, 41.382426 ], [ -76.052473, 41.382706 ], [ -76.042157, 41.383107 ], [ -76.025396, 41.383762 ], [ -76.00507, 41.384551 ], [ -75.983251, 41.391067 ], [ -75.968839, 41.394032 ], [ -75.959999, 41.396145 ], [ -75.954847, 41.39737 ], [ -75.878747, 41.415066 ], [ -75.874843, 41.416013 ], [ -75.839287, 41.424633 ], [ -75.834555, 41.426912 ], [ -75.834512, 41.426965 ], [ -75.801633, 41.468118 ], [ -75.773358, 41.503624 ], [ -75.771626, 41.505793 ], [ -75.78383, 41.512902 ], [ -75.80323, 41.524227 ], [ -75.789334, 41.541284 ], [ -75.784735, 41.547433 ], [ -75.779323, 41.555097 ], [ -75.772456, 41.56425 ], [ -75.769422, 41.568301 ], [ -75.770933, 41.570299 ], [ -75.77429, 41.574048 ], [ -75.765718, 41.585609 ], [ -75.74402, 41.614828 ], [ -75.728576, 41.635634 ], [ -75.725141, 41.63483 ], [ -75.721697, 41.634578 ], [ -75.718507, 41.636658 ], [ -75.718608, 41.637869 ], [ -75.720526, 41.639102 ], [ -75.719887, 41.642263 ], [ -75.720308, 41.642268 ], [ -75.767924, 41.643409 ], [ -75.782461, 41.642848 ], [ -75.79222, 41.64205 ], [ -75.797336, 41.642615 ], [ -75.848978, 41.643711 ], [ -75.868724, 41.644356 ], [ -75.879009, 41.643462 ], [ -75.889589, 41.64358 ], [ -75.956494, 41.644207 ], [ -75.969087, 41.644329 ], [ -75.983864, 41.644715 ], [ -75.985955, 41.644789 ], [ -76.049726, 41.644479 ], [ -76.087245, 41.64473 ], [ -76.098695, 41.644172 ], [ -76.114224, 41.643385 ], [ -76.115172, 41.651825 ], [ -76.160967, 41.649387 ], [ -76.165393, 41.649171 ], [ -76.197998, 41.647823 ], [ -76.20089, 41.632776 ], [ -76.213502, 41.570579 ], [ -76.220073, 41.541278 ], [ -76.223866, 41.524544 ], [ -76.228131, 41.511137 ], [ -76.242489, 41.475897 ], [ -76.282799, 41.377244 ], [ -76.250313, 41.377954 ] ] ] ] } },
{ "type": "Feature", "properties": { "STATEFP": "42", "COUNTYFP": "001", "COUNTYNS": "01213656", "GEOIDFQ": "0500000US42001", "GEOID": "42001", "NAME": "Adams", "NAMELSAD": "Adams County", "STUSPS": "PA", "STATE_NAME": "Pennsylvania", "LSAD": "06", "ALAND": 1343409411.0, "AWATER": 7762899.0, "STATE_NAME_HYPHEN": "Pennsylvania" }, "geometry": { "type": "MultiPolygon", "coordinates": [ [ [ [ -77.469611, 39.916169 ], [ -77.468626, 39.907234 ], [ -77.468763, 39.903923 ], [ -77.466483, 39.868557 ], [ -77.465959, 39.859764 ], [ -77.465124, 39.849893 ], [ -77.463175, 39.820473 ], [ -77.461536, 39.774268 ], [ -77.46088, 39.75965 ], [ -77.459994, 39.744024 ], [ -77.459967, 39.743645 ], [ -77.459417, 39.735423 ], [ -77.4591346, 39.7200171 ], [ -77.40742, 39.7200125 ], [ -77.3802426, 39.7200101 ], [ -77.369521, 39.7200092 ], [ -77.3630643, 39.7200086 ], [ -77.3506754, 39.7200075 ], [ -77.350578, 39.7200075 ], [ -77.3202592, 39.7200048 ], [ -77.306941, 39.7200036 ], [ -77.29301, 39.7200024 ], [ -77.2435771, 39.719998 ], [ -77.243307, 39.719998 ], [ -77.239807, 39.719998 ], [ -77.2172435, 39.719998 ], [ -77.217024, 39.719998 ], [ -77.216806, 39.719998 ], [ -77.209755, 39.7200026 ], [ -77.2000367, 39.7200088 ], [ -77.166640500000014, 39.7200304 ], [ -77.1225081, 39.7200589 ], [ -77.1075321, 39.7200686 ], [ -77.0669561, 39.7200948 ], [ -77.058904, 39.7201 ], [ -77.058204, 39.7202 ], [ -77.047104, 39.72 ], [ -77.0435209, 39.7199872 ], [ -77.005371, 39.7198515 ], [ -76.999319, 39.7198299 ], [ -76.99945, 39.760208 ], [ -76.999505, 39.776233 ], [ -76.999543, 39.788182 ], [ -76.999563, 39.793506 ], [ -76.999576, 39.794987 ], [ -76.999595, 39.803319 ], [ -76.999598, 39.805044 ], [ -76.999613, 39.808785 ], [ -76.999616, 39.812124 ], [ -76.99965, 39.819634 ], [ -77.000312, 39.831219 ], [ -76.998583, 39.831385 ], [ -76.997296, 39.831586 ], [ -76.990663, 39.834348 ], [ -76.983043, 39.841353 ], [ -76.978571, 39.847708 ], [ -76.974083, 39.84966 ], [ -76.96484, 39.850772 ], [ -76.957764, 39.855585 ], [ -76.957175, 39.855741 ], [ -76.955051, 39.856975 ], [ -76.95851, 39.861193 ], [ -76.962238, 39.864835 ], [ -76.962967, 39.871704 ], [ -76.963616, 39.873992 ], [ -76.970761, 39.873149 ], [ -76.972536, 39.872914 ], [ -76.978239, 39.881765 ], [ -76.977888, 39.883334 ], [ -76.977442, 39.885302 ], [ -76.980131, 39.886555 ], [ -76.980469, 39.887898 ], [ -76.980672, 39.889531 ], [ -76.981948, 39.891261 ], [ -76.983738, 39.893563 ], [ -76.98385, 39.894976 ], [ -76.982055, 39.897396 ], [ -76.984081, 39.899494 ], [ -76.983849, 39.902057 ], [ -76.980921, 39.903449 ], [ -76.980396, 39.904183 ], [ -76.981433, 39.90542 ], [ -76.979209, 39.906104 ], [ -76.976952, 39.907994 ], [ -76.975304, 39.908718 ], [ -76.972546, 39.911729 ], [ -76.973006, 39.913618 ], [ -76.971122, 39.914937 ], [ -76.968397, 39.915357 ], [ -76.966983, 39.916183 ], [ -76.967379, 39.917753 ], [ -76.968535, 39.918256 ], [ -76.96706, 39.919375 ], [ -76.966737, 39.920553 ], [ -76.965003, 39.921871 ], [ -76.967157, 39.922105 ], [ -76.968855, 39.921106 ], [ -76.970009, 39.921251 ], [ -76.969976, 39.923818 ], [ -76.971754, 39.924491 ], [ -76.972352, 39.926141 ], [ -76.971086, 39.92776 ], [ -76.971805, 39.928523 ], [ -76.97106, 39.930955 ], [ -76.97258, 39.934023 ], [ -76.969691, 39.937333 ], [ -76.967681, 39.935467 ], [ -76.966202, 39.935192 ], [ -76.986105, 39.964382 ], [ -76.987931, 39.966833 ], [ -76.992672, 39.973197 ], [ -77.010512, 40.000423 ], [ -77.016102, 40.009773 ], [ -77.018648, 40.013947 ], [ -77.021266, 40.014942 ], [ -77.026238, 40.018378 ], [ -77.028727, 40.018248 ], [ -77.033211, 40.018724 ], [ -77.04069, 40.02132 ], [ -77.046018, 40.022295 ], [ -77.054401, 40.023207 ], [ -77.057022, 40.02383 ], [ -77.060063, 40.025934 ], [ -77.064308, 40.027612 ], [ -77.066978, 40.028243 ], [ -77.069543, 40.02949 ], [ -77.070304, 40.030182 ], [ -77.072354, 40.034009 ], [ -77.077506, 40.037091 ], [ -77.077634, 40.037162 ], [ -77.078563, 40.037868 ], [ -77.080812, 40.043222 ], [ -77.085483, 40.047489 ], [ -77.089166, 40.051555 ], [ -77.091975, 40.053636 ], [ -77.09647, 40.054953 ], [ -77.098823, 40.056225 ], [ -77.104316, 40.057957 ], [ -77.106307, 40.059759 ], [ -77.112011, 40.061446 ], [ -77.11393, 40.062627 ], [ -77.123444, 40.066193 ], [ -77.126514, 40.067603 ], [ -77.127631, 40.068616 ], [ -77.134865, 40.069254 ], [ -77.137425, 40.069945 ], [ -77.155585, 40.056708 ], [ -77.162071, 40.051697 ], [ -77.177403, 40.037434 ], [ -77.18563, 40.029501 ], [ -77.187353, 40.029361 ], [ -77.200791, 40.02793 ], [ -77.210516, 40.026944 ], [ -77.228874, 40.025084 ], [ -77.253345, 40.021068 ], [ -77.255209, 40.02076 ], [ -77.276623, 40.017219 ], [ -77.35373, 40.003302 ], [ -77.403493, 39.994499 ], [ -77.421362, 39.981294 ], [ -77.471085, 39.944077 ], [ -77.469611, 39.916169 ] ] ] ] } },
{ "type": "Feature", "properties": { "STATEFP": "42", "COUNTYFP": "009", "COUNTYNS": "01209171", "GEOIDFQ": "0500000US42009", "GEOID": "42009", "NAME": "Bedford", "NAMELSAD": "Bedford County", "STUSPS": "PA", "STATE_NAME": "Pennsylvania", "LSAD": "06", "ALAND": 2621037920.0, "AWATER": 11998904.0, "STATE_NAME_HYPHEN": "Pennsylvania" }, "geometry": { "type": "MultiPolygon", "coordinates": [ [ [ [ -78.8083747, 39.7229335 ], [ -78.7895271, 39.7229578 ], [ -78.772541, 39.7229797 ], [ -78.7611361, 39.7229945 ], [ -78.742523, 39.7230185 ], [ -78.7424921, 39.7230185 ], [ -78.723529, 39.723043 ], [ -78.7207717, 39.723034 ], [ -78.7064487, 39.7229872 ], [ -78.6592222, 39.7228331 ], [ -78.6582601, 39.7228299 ], [ -78.6338028, 39.7227501 ], [ -78.6103287, 39.7226734 ], [ -78.575893, 39.722561 ], [ -78.546415, 39.722869 ], [ -78.537702, 39.72249 ], [ -78.4934692, 39.7227098 ], [ -78.461422, 39.722869 ], [ -78.438839, 39.722481 ], [ -78.4251804, 39.7224892 ], [ -78.380599, 39.7225161 ], [ -78.374697, 39.727688 ], [ -78.37112, 39.731752 ], [ -78.364632, 39.739731 ], [ -78.36344, 39.741681 ], [ -78.356956, 39.747852 ], [ -78.355489, 39.750425 ], [ -78.350104, 39.755883 ], [ -78.346818, 39.757986 ], [ -78.345608, 39.760026 ], [ -78.343823, 39.76161 ], [ -78.341196, 39.766506 ], [ -78.335581, 39.774129 ], [ -78.33388, 39.775531 ], [ -78.328849, 39.781284 ], [ -78.328384, 39.783283 ], [ -78.327186, 39.784717 ], [ -78.32458, 39.789522 ], [ -78.322883, 39.792682 ], [ -78.322242, 39.794696 ], [ -78.319511, 39.79737 ], [ -78.299568, 39.824661 ], [ -78.299003, 39.8255 ], [ -78.292999, 39.8385 ], [ -78.292099, 39.841499 ], [ -78.290602, 39.843499 ], [ -78.290198, 39.8461 ], [ -78.287597, 39.851299 ], [ -78.284698, 39.859199 ], [ -78.281303, 39.867198 ], [ -78.278602, 39.875 ], [ -78.278198, 39.8773 ], [ -78.276901, 39.880699 ], [ -78.272201, 39.889099 ], [ -78.2705, 39.893299 ], [ -78.269043, 39.900166 ], [ -78.267502, 39.903501 ], [ -78.250001, 39.935998 ], [ -78.244102, 39.945301 ], [ -78.241308, 39.947796 ], [ -78.239894, 39.949506 ], [ -78.237899, 39.957199 ], [ -78.235199, 39.963699 ], [ -78.2332, 39.9678 ], [ -78.231201, 39.971199 ], [ -78.2294, 39.975601 ], [ -78.225497, 39.983807 ], [ -78.219811, 39.993288 ], [ -78.216702, 39.997103 ], [ -78.215101, 39.998503 ], [ -78.21193, 40.002205 ], [ -78.208407, 40.005834 ], [ -78.204638, 40.010729 ], [ -78.20101, 40.012988 ], [ -78.202332, 40.014612 ], [ -78.204108, 40.017828 ], [ -78.203806, 40.022073 ], [ -78.202964, 40.024845 ], [ -78.202768, 40.029742 ], [ -78.205516, 40.03381 ], [ -78.205724, 40.037305 ], [ -78.204202, 40.04203 ], [ -78.202148, 40.044108 ], [ -78.19931, 40.045928 ], [ -78.196128, 40.046428 ], [ -78.194694, 40.046249 ], [ -78.187896, 40.047054 ], [ -78.183952, 40.050899 ], [ -78.181724, 40.056579 ], [ -78.181465, 40.058189 ], [ -78.181533, 40.058925 ], [ -78.183815, 40.059387 ], [ -78.185302, 40.060378 ], [ -78.187493, 40.064559 ], [ -78.190739, 40.066536 ], [ -78.198754, 40.067254 ], [ -78.202732, 40.068898 ], [ -78.203733, 40.069886 ], [ -78.20508, 40.07284 ], [ -78.204371, 40.077475 ], [ -78.203795, 40.0788 ], [ -78.203888, 40.083079 ], [ -78.204734, 40.085351 ], [ -78.206706, 40.086427 ], [ -78.188559, 40.101721 ], [ -78.158287, 40.122207 ], [ -78.157144, 40.124966 ], [ -78.135669, 40.163782 ], [ -78.134863, 40.165131 ], [ -78.142281, 40.169882 ], [ -78.143433, 40.170575 ], [ -78.150231, 40.17463 ], [ -78.15101, 40.175072 ], [ -78.227519, 40.219372 ], [ -78.236195, 40.224505 ], [ -78.237401, 40.226751 ], [ -78.250103, 40.272755 ], [ -78.257305, 40.297883 ], [ -78.259854, 40.294581 ], [ -78.262477, 40.288635 ], [ -78.263724, 40.28675 ], [ -78.265907, 40.281333 ], [ -78.26765, 40.277919 ], [ -78.270963, 40.273614 ], [ -78.270803, 40.272283 ], [ -78.272024, 40.271526 ], [ -78.272159, 40.270173 ], [ -78.27406, 40.266704 ], [ -78.280341, 40.258551 ], [ -78.283136, 40.255749 ], [ -78.285375, 40.252113 ], [ -78.287904, 40.24593 ], [ -78.288152, 40.243576 ], [ -78.288764, 40.242107 ], [ -78.30671, 40.248139 ], [ -78.323922, 40.25731 ], [ -78.327828, 40.25882 ], [ -78.363122, 40.272495 ], [ -78.373512, 40.27647 ], [ -78.404794, 40.289347 ], [ -78.408838, 40.291298 ], [ -78.434288, 40.302301 ], [ -78.435075, 40.300356 ], [ -78.43611, 40.295289 ], [ -78.440165, 40.28472 ], [ -78.44049, 40.28242 ], [ -78.442199, 40.27739 ], [ -78.442308, 40.265935 ], [ -78.442682, 40.264265 ], [ -78.442794, 40.259608 ], [ -78.443781, 40.254912 ], [ -78.447106, 40.245759 ], [ -78.447895, 40.244395 ], [ -78.458938, 40.251942 ], [ -78.5057, 40.287308 ], [ -78.510266, 40.288403 ], [ -78.523709, 40.291627 ], [ -78.529696, 40.29287 ], [ -78.552182, 40.301169 ], [ -78.618889, 40.326471 ], [ -78.619477, 40.325729 ], [ -78.625221, 40.314302 ], [ -78.636404, 40.305506 ], [ -78.639311, 40.296715 ], [ -78.642707, 40.283071 ], [ -78.651743, 40.281524 ], [ -78.64942, 40.275014 ], [ -78.647857, 40.270589 ], [ -78.643816, 40.25914 ], [ -78.658305, 40.243235 ], [ -78.66141, 40.231104 ], [ -78.661809, 40.230592 ], [ -78.676956, 40.211207 ], [ -78.698671, 40.16145 ], [ -78.706306, 40.144784 ], [ -78.72285, 40.107803 ], [ -78.737274, 40.075359 ], [ -78.739847, 40.069571 ], [ -78.752016, 40.074917 ], [ -78.763206, 40.057005 ], [ -78.763202, 40.056745 ], [ -78.763037, 40.014721 ], [ -78.761617, 40.014491 ], [ -78.761384, 40.003157 ], [ -78.761165, 40.000938 ], [ -78.759199, 39.910941 ], [ -78.759325, 39.906893 ], [ -78.758855, 39.889791 ], [ -78.758552, 39.882771 ], [ -78.758013, 39.866601 ], [ -78.758238, 39.86327 ], [ -78.757248, 39.824427 ], [ -78.757241, 39.823484 ], [ -78.76299, 39.806863 ], [ -78.767041, 39.795384 ], [ -78.769241, 39.791384 ], [ -78.771541, 39.789184 ], [ -78.79145, 39.751567 ], [ -78.793067, 39.747826 ], [ -78.795736, 39.744182 ], [ -78.796851, 39.741153 ], [ -78.801871, 39.73456 ], [ -78.803854, 39.730677 ], [ -78.8083747, 39.7229335 ] ] ] ] } },
{ "type": "Feature", "properties": { "STATEFP": "42", "COUNTYFP": "025", "COUNTYNS": "01213664", "GEOIDFQ": "0500000US42025", "GEOID": "42025", "NAME": "Carbon", "NAMELSAD": "Carbon County", "STUSPS": "PA", "STATE_NAME": "Pennsylvania", "LSAD": "06", "ALAND": 987706484.0, "AWATER": 15918751.0, "STATE_NAME_HYPHEN": "Pennsylvania" }, "geometry": { "type": "MultiPolygon", "coordinates": [ [ [ [ -75.994936, 40.910631 ], [ -75.989223, 40.905628 ], [ -75.984133, 40.901382 ], [ -75.978877, 40.896814 ], [ -75.957873, 40.878667 ], [ -75.953405, 40.875087 ], [ -75.950534, 40.87236 ], [ -75.926429, 40.851726 ], [ -75.911736, 40.838806 ], [ -75.908336, 40.835554 ], [ -75.906242, 40.833736 ], [ -75.905813, 40.833363 ], [ -75.89987, 40.828203 ], [ -75.897901, 40.826497 ], [ -75.897433, 40.826091 ], [ -75.893655, 40.822806 ], [ -75.891671, 40.821083 ], [ -75.886037, 40.816267 ], [ -75.871249, 40.807192 ], [ -75.858369, 40.798753 ], [ -75.828827, 40.78007 ], [ -75.82788, 40.779591 ], [ -75.81303, 40.770301 ], [ -75.787049, 40.753559 ], [ -75.757807, 40.735414 ], [ -75.744863, 40.740309 ], [ -75.743585, 40.743462 ], [ -75.739309, 40.744155 ], [ -75.734112, 40.748789 ], [ -75.732208, 40.751644 ], [ -75.7286, 40.753915 ], [ -75.702418, 40.76224 ], [ -75.702365, 40.763259 ], [ -75.69938, 40.76612 ], [ -75.694749, 40.770075 ], [ -75.688105, 40.772116 ], [ -75.67683, 40.774906 ], [ -75.65259, 40.779465 ], [ -75.609068, 40.787523 ], [ -75.608985, 40.787387 ], [ -75.60805, 40.78748 ], [ -75.602608, 40.788043 ], [ -75.598411, 40.790124 ], [ -75.595453, 40.793302 ], [ -75.577488, 40.799414 ], [ -75.57482, 40.799148 ], [ -75.565091, 40.801105 ], [ -75.557532, 40.801188 ], [ -75.551359, 40.804552 ], [ -75.541549, 40.806815 ], [ -75.534615, 40.806778 ], [ -75.528444, 40.806725 ], [ -75.519045, 40.808813 ], [ -75.508018, 40.809101 ], [ -75.495971, 40.811009 ], [ -75.485272, 40.812525 ], [ -75.478546, 40.813084 ], [ -75.474193, 40.814746 ], [ -75.482577, 40.829931 ], [ -75.487614, 40.837969 ], [ -75.493581, 40.846442 ], [ -75.499628, 40.854186 ], [ -75.513434, 40.872717 ], [ -75.517953, 40.878192 ], [ -75.52682, 40.890394 ], [ -75.533172, 40.898606 ], [ -75.556438, 40.928693 ], [ -75.568798, 40.944314 ], [ -75.57459, 40.951323 ], [ -75.546245, 40.964603 ], [ -75.527208, 40.973284 ], [ -75.514609, 40.978784 ], [ -75.500439, 40.985119 ], [ -75.49599, 40.987181 ], [ -75.497364, 40.988436 ], [ -75.508978, 40.998672 ], [ -75.512302, 41.002107 ], [ -75.515892, 41.005542 ], [ -75.528551, 41.017467 ], [ -75.543359, 41.031609 ], [ -75.546138, 41.034291 ], [ -75.561397, 41.048994 ], [ -75.563148, 41.049804 ], [ -75.563757, 41.049156 ], [ -75.56985, 41.050326 ], [ -75.569654, 41.052396 ], [ -75.570431, 41.053313 ], [ -75.570003, 41.054839 ], [ -75.568414, 41.055323 ], [ -75.568886, 41.056608 ], [ -75.571142, 41.057524 ], [ -75.571186, 41.059304 ], [ -75.574887, 41.062691 ], [ -75.574597, 41.063597 ], [ -75.57599, 41.065008 ], [ -75.577166, 41.068171 ], [ -75.57894, 41.068752 ], [ -75.580511, 41.067764 ], [ -75.582071, 41.068818 ], [ -75.583269, 41.070636 ], [ -75.582965, 41.072635 ], [ -75.585545, 41.073828 ], [ -75.587459, 41.075974 ], [ -75.589698, 41.077035 ], [ -75.591805, 41.078255 ], [ -75.594034, 41.080753 ], [ -75.59602, 41.080677 ], [ -75.600817, 41.084481 ], [ -75.604387, 41.084282 ], [ -75.605348, 41.084708 ], [ -75.606066, 41.085624 ], [ -75.605146, 41.089142 ], [ -75.60505, 41.09171 ], [ -75.604113, 41.093382 ], [ -75.604894, 41.094143 ], [ -75.607458, 41.094535 ], [ -75.612694, 41.094237 ], [ -75.61426, 41.096165 ], [ -75.613995, 41.09968 ], [ -75.615629, 41.102554 ], [ -75.615948, 41.104759 ], [ -75.620611, 41.106716 ], [ -75.620037, 41.108971 ], [ -75.624818, 41.111397 ], [ -75.62613, 41.110597 ], [ -75.62709, 41.107989 ], [ -75.628242, 41.106901 ], [ -75.631218, 41.107509 ], [ -75.632978, 41.108534 ], [ -75.634322, 41.11215 ], [ -75.637587, 41.113398 ], [ -75.640401, 41.113557 ], [ -75.643969, 41.112773 ], [ -75.646417, 41.113269 ], [ -75.646705, 41.114197 ], [ -75.645745, 41.118134 ], [ -75.647697, 41.121782 ], [ -75.649412, 41.122304 ], [ -75.651213, 41.120692 ], [ -75.654546, 41.116565 ], [ -75.656037, 41.115962 ], [ -75.657252, 41.116446 ], [ -75.658214, 41.118551 ], [ -75.656424, 41.122931 ], [ -75.658398, 41.126255 ], [ -75.661502, 41.129225 ], [ -75.665173, 41.130275 ], [ -75.665555, 41.132264 ], [ -75.667495, 41.13398 ], [ -75.675792, 41.132586 ], [ -75.678609, 41.133023 ], [ -75.681679, 41.132063 ], [ -75.684881, 41.129965 ], [ -75.686265, 41.130044 ], [ -75.68867, 41.131141 ], [ -75.691912, 41.13121 ], [ -75.696898, 41.129663 ], [ -75.700593, 41.127323 ], [ -75.702379, 41.124201 ], [ -75.702814, 41.122619 ], [ -75.705631, 41.121531 ], [ -75.707585, 41.122657 ], [ -75.709668, 41.121986 ], [ -75.707714, 41.117275 ], [ -75.707996, 41.116095 ], [ -75.708904, 41.115628 ], [ -75.711482, 41.116083 ], [ -75.714699, 41.11796 ], [ -75.716747, 41.11813 ], [ -75.719968, 41.113961 ], [ -75.721043, 41.11162 ], [ -75.723654, 41.109434 ], [ -75.728072, 41.108673 ], [ -75.729329, 41.107835 ], [ -75.7326, 41.103268 ], [ -75.734691, 41.102467 ], [ -75.73922, 41.102268 ], [ -75.745874, 41.103431 ], [ -75.74738, 41.104168 ], [ -75.749407, 41.104145 ], [ -75.753561, 41.103365 ], [ -75.754695, 41.101643 ], [ -75.753424, 41.098645 ], [ -75.753438, 41.096451 ], [ -75.75535, 41.094253 ], [ -75.760053, 41.091788 ], [ -75.761783, 41.091941 ], [ -75.763481, 41.093809 ], [ -75.765303, 41.094083 ], [ -75.766767, 41.093601 ], [ -75.76755, 41.091655 ], [ -75.765666, 41.08439 ], [ -75.768213, 41.081172 ], [ -75.771025, 41.07835 ], [ -75.771989, 41.076806 ], [ -75.771519, 41.073278 ], [ -75.77099, 41.072644 ], [ -75.770062, 41.06876 ], [ -75.770089, 41.067939 ], [ -75.770034, 41.065615 ], [ -75.770276, 41.061933 ], [ -75.771531, 41.061155 ], [ -75.770368, 41.054957 ], [ -75.770436, 41.050721 ], [ -75.770275, 41.050094 ], [ -75.76554, 41.043968 ], [ -75.761205, 41.040958 ], [ -75.761211, 41.038632 ], [ -75.759502, 41.03704 ], [ -75.75868, 41.035334 ], [ -75.757734, 41.031625 ], [ -75.753931, 41.031227 ], [ -75.747863, 41.031751 ], [ -75.742745, 41.031397 ], [ -75.740245, 41.029895 ], [ -75.739149, 41.028031 ], [ -75.738422, 41.022592 ], [ -75.739257, 41.02148 ], [ -75.738486, 41.019655 ], [ -75.738466, 41.01682 ], [ -75.735614, 41.01405 ], [ -75.733596, 41.009451 ], [ -75.732183, 41.008124 ], [ -75.785632, 40.988999 ], [ -75.801201, 40.983424 ], [ -75.808983, 40.982942 ], [ -75.819237, 40.982578 ], [ -75.824133, 40.980567 ], [ -75.848539, 40.972185 ], [ -75.848024, 40.966357 ], [ -75.863924, 40.960976 ], [ -75.868858, 40.959349 ], [ -75.888009, 40.952279 ], [ -75.964623, 40.924949 ], [ -75.969843, 40.923115 ], [ -75.985994, 40.917439 ], [ -75.987743, 40.91654 ], [ -75.997636, 40.913259 ], [ -75.994936, 40.910631 ] ] ] ] } },
{ "type": "Feature", "properties": { "STATEFP": "42", "COUNTYFP": "011", "COUNTYNS": "01209172", "GEOIDFQ": "0500000US42011", "GEOID": "42011", "NAME": "Berks", "NAMELSAD": "Berks County", "STUSPS": "PA", "STATE_NAME": "Pennsylvania", "LSAD": "06", "ALAND": 2218072315.0, "AWATER": 24220126.0, "STATE_NAME_HYPHEN": "Pennsylvania" }, "geometry": { "type": "MultiPolygon", "coordinates": [ [ [ [ -76.440181, 40.495952 ], [ -76.376791, 40.456539 ], [ -76.37472, 40.45538 ], [ -76.35344, 40.442161 ], [ -76.341021, 40.434358 ], [ -76.328437, 40.42682 ], [ -76.318676, 40.420331 ], [ -76.307108, 40.413438 ], [ -76.302712, 40.410803 ], [ -76.299135, 40.408318 ], [ -76.244006, 40.373779 ], [ -76.2434, 40.373482 ], [ -76.231916, 40.366292 ], [ -76.224114, 40.364574 ], [ -76.205528, 40.360661 ], [ -76.198594, 40.354877 ], [ -76.189716, 40.347477 ], [ -76.157883, 40.320949 ], [ -76.151994, 40.31654 ], [ -76.151215, 40.315971 ], [ -76.149761, 40.314738 ], [ -76.141254, 40.30924 ], [ -76.138592, 40.307553 ], [ -76.131741, 40.303162 ], [ -76.10299, 40.284849 ], [ -76.091764, 40.277692 ], [ -76.060963, 40.257995 ], [ -76.049489, 40.250634 ], [ -76.044058, 40.247237 ], [ -76.043993, 40.247196 ], [ -75.980331, 40.206296 ], [ -75.95686, 40.191404 ], [ -75.943437, 40.182676 ], [ -75.941804, 40.181588 ], [ -75.901845, 40.155505 ], [ -75.898248, 40.153155 ], [ -75.893762, 40.15022 ], [ -75.886078, 40.145222 ], [ -75.875222, 40.138112 ], [ -75.873375, 40.137107 ], [ -75.866813, 40.14112 ], [ -75.854548, 40.149297 ], [ -75.846516, 40.153798 ], [ -75.824851, 40.167292 ], [ -75.822945, 40.168486 ], [ -75.82098, 40.169716 ], [ -75.807866, 40.177654 ], [ -75.772937, 40.198765 ], [ -75.767829, 40.201847 ], [ -75.743178, 40.216721 ], [ -75.729863, 40.224489 ], [ -75.711575, 40.234135 ], [ -75.696782, 40.241863 ], [ -75.695949, 40.242365 ], [ -75.68629, 40.254631 ], [ -75.675546, 40.267949 ], [ -75.66453, 40.281097 ], [ -75.647858, 40.301743 ], [ -75.644992, 40.305253 ], [ -75.638828, 40.312772 ], [ -75.634193, 40.318413 ], [ -75.628082, 40.325867 ], [ -75.628013, 40.325952 ], [ -75.625241, 40.329356 ], [ -75.620995, 40.334836 ], [ -75.618532, 40.337862 ], [ -75.615089, 40.342087 ], [ -75.606557, 40.352457 ], [ -75.58555, 40.377919 ], [ -75.581522, 40.382855 ], [ -75.569274, 40.397892 ], [ -75.559753, 40.409723 ], [ -75.551888, 40.419357 ], [ -75.544798, 40.428203 ], [ -75.542709, 40.430607 ], [ -75.533946, 40.441811 ], [ -75.529694, 40.446995 ], [ -75.530788, 40.447675 ], [ -75.536063, 40.450964 ], [ -75.549261, 40.459187 ], [ -75.565955, 40.469585 ], [ -75.579274, 40.478007 ], [ -75.589845, 40.484661 ], [ -75.60371, 40.493517 ], [ -75.603814, 40.493586 ], [ -75.641481, 40.517655 ], [ -75.652203, 40.524331 ], [ -75.674921, 40.53897 ], [ -75.682238, 40.543638 ], [ -75.694308, 40.551149 ], [ -75.739442, 40.57994 ], [ -75.756106, 40.590331 ], [ -75.76674, 40.597033 ], [ -75.777416, 40.603763 ], [ -75.779302, 40.6047 ], [ -75.845257, 40.647056 ], [ -75.849513, 40.64994 ], [ -75.891473, 40.67727 ], [ -75.893482, 40.676479 ], [ -75.993212, 40.639712 ], [ -75.994632, 40.635534 ], [ -75.996233, 40.629971 ], [ -76.012226, 40.577713 ], [ -76.015597, 40.57705 ], [ -76.0168, 40.576013 ], [ -76.01708, 40.574455 ], [ -76.018562, 40.573826 ], [ -76.021201, 40.573755 ], [ -76.022489, 40.574691 ], [ -76.02481, 40.577762 ], [ -76.026509, 40.578595 ], [ -76.028648, 40.578265 ], [ -76.031535, 40.576996 ], [ -76.033843, 40.577259 ], [ -76.036692, 40.579328 ], [ -76.038516, 40.582323 ], [ -76.039509, 40.583094 ], [ -76.042524, 40.583951 ], [ -76.045004, 40.583793 ], [ -76.047251, 40.582676 ], [ -76.047225, 40.579891 ], [ -76.04948, 40.576541 ], [ -76.050942, 40.575168 ], [ -76.054228, 40.574086 ], [ -76.056086, 40.574879 ], [ -76.057669, 40.576656 ], [ -76.058024, 40.579629 ], [ -76.065339, 40.579678 ], [ -76.076974, 40.568365 ], [ -76.079566, 40.566077 ], [ -76.098338, 40.563195 ], [ -76.10279, 40.562311 ], [ -76.105865, 40.562198 ], [ -76.111282, 40.560711 ], [ -76.114672, 40.559252 ], [ -76.11729, 40.558544 ], [ -76.121664, 40.557406 ], [ -76.125739, 40.555588 ], [ -76.12908, 40.55528 ], [ -76.134745, 40.553482 ], [ -76.135878, 40.55199 ], [ -76.137604, 40.551129 ], [ -76.14427, 40.549474 ], [ -76.155096, 40.545229 ], [ -76.155384, 40.544955 ], [ -76.160137, 40.54045 ], [ -76.163599, 40.539989 ], [ -76.168949, 40.537 ], [ -76.171624, 40.534947 ], [ -76.185638, 40.535555 ], [ -76.191978, 40.533721 ], [ -76.196634, 40.531265 ], [ -76.203562, 40.530527 ], [ -76.206219, 40.530262 ], [ -76.210374, 40.529374 ], [ -76.214175, 40.529454 ], [ -76.219407, 40.528699 ], [ -76.231123, 40.524216 ], [ -76.234321, 40.522074 ], [ -76.24011, 40.520529 ], [ -76.242711, 40.519845 ], [ -76.246028, 40.519598 ], [ -76.256008, 40.517067 ], [ -76.262998, 40.516697 ], [ -76.272152, 40.517586 ], [ -76.282109, 40.516137 ], [ -76.290744, 40.515413 ], [ -76.295786, 40.515269 ], [ -76.302326, 40.514658 ], [ -76.30599, 40.515272 ], [ -76.311801, 40.515878 ], [ -76.314579, 40.51591 ], [ -76.322544, 40.51416 ], [ -76.326203, 40.514515 ], [ -76.330435, 40.51591 ], [ -76.33173, 40.515634 ], [ -76.338228, 40.515536 ], [ -76.344845, 40.513044 ], [ -76.351582, 40.511547 ], [ -76.355111, 40.510751 ], [ -76.362063, 40.510069 ], [ -76.369222, 40.509597 ], [ -76.376927, 40.506333 ], [ -76.378157, 40.506012 ], [ -76.384348, 40.505739 ], [ -76.387682, 40.504552 ], [ -76.399498, 40.501286 ], [ -76.405071, 40.49936 ], [ -76.405874, 40.498729 ], [ -76.412766, 40.49725 ], [ -76.415912, 40.496022 ], [ -76.4186, 40.495615 ], [ -76.427311, 40.495434 ], [ -76.430384, 40.495734 ], [ -76.434418, 40.495622 ], [ -76.436605, 40.496229 ], [ -76.440181, 40.495952 ] ] ] ] } },
{ "type": "Feature", "properties": { "STATEFP": "42", "COUNTYFP": "087", "COUNTYNS": "01213679", "GEOIDFQ": "0500000US42087", "GEOID": "42087", "NAME": "Mifflin", "NAMELSAD": "Mifflin County", "STUSPS": "PA", "STATE_NAME": "Pennsylvania", "LSAD": "06", "ALAND": 1064581424.0, "AWATER": 9507560.0, "STATE_NAME_HYPHEN": "Pennsylvania" }, "geometry": { "type": "MultiPolygon", "coordinates": [ [ [ [ -77.913844, 40.398679 ], [ -77.889073, 40.398559 ], [ -77.889107, 40.392185 ], [ -77.887741, 40.392295 ], [ -77.887731, 40.391705 ], [ -77.887717, 40.391358 ], [ -77.88357, 40.392422 ], [ -77.879835, 40.392908 ], [ -77.877701, 40.39355 ], [ -77.873095, 40.393216 ], [ -77.870289, 40.392261 ], [ -77.87003, 40.39018 ], [ -77.872533, 40.38557 ], [ -77.872762, 40.381928 ], [ -77.872089, 40.380375 ], [ -77.869528, 40.376605 ], [ -77.867582, 40.374078 ], [ -77.865918, 40.37229 ], [ -77.861203, 40.369842 ], [ -77.85859, 40.366029 ], [ -77.854447, 40.364739 ], [ -77.851382, 40.365246 ], [ -77.844643, 40.368946 ], [ -77.838343, 40.36903 ], [ -77.83378, 40.366891 ], [ -77.829837, 40.363895 ], [ -77.823729, 40.361438 ], [ -77.820487, 40.360577 ], [ -77.818636, 40.360542 ], [ -77.814698, 40.362489 ], [ -77.810393, 40.368591 ], [ -77.76172, 40.368733 ], [ -77.756631, 40.373809 ], [ -77.756359, 40.374592 ], [ -77.75212, 40.378545 ], [ -77.746766, 40.384661 ], [ -77.74365, 40.387814 ], [ -77.740216, 40.390742 ], [ -77.738201, 40.39331 ], [ -77.721861, 40.408542 ], [ -77.721002, 40.409045 ], [ -77.720636, 40.409618 ], [ -77.711896, 40.41626 ], [ -77.710745, 40.417593 ], [ -77.706236, 40.420733 ], [ -77.702495, 40.423766 ], [ -77.696169, 40.428022 ], [ -77.684583, 40.437023 ], [ -77.680117, 40.440887 ], [ -77.677011, 40.443168 ], [ -77.671178, 40.447939 ], [ -77.667338, 40.450842 ], [ -77.661977, 40.455541 ], [ -77.645997, 40.468381 ], [ -77.636106, 40.475746 ], [ -77.634174, 40.477346 ], [ -77.628164, 40.481533 ], [ -77.625958, 40.482956 ], [ -77.612459, 40.490919 ], [ -77.612509, 40.514187 ], [ -77.611315, 40.515017 ], [ -77.605419, 40.518603 ], [ -77.596231, 40.524689 ], [ -77.594094, 40.525785 ], [ -77.588621, 40.529264 ], [ -77.5797, 40.534253 ], [ -77.574046, 40.537794 ], [ -77.566648, 40.541805 ], [ -77.559613, 40.545018 ], [ -77.548837, 40.550651 ], [ -77.548136, 40.551358 ], [ -77.536565, 40.557228 ], [ -77.532456, 40.559476 ], [ -77.528227, 40.562287 ], [ -77.526312, 40.563005 ], [ -77.521964, 40.566227 ], [ -77.520504, 40.566688 ], [ -77.518001, 40.568588 ], [ -77.51563, 40.569569 ], [ -77.512735, 40.573063 ], [ -77.510384, 40.574133 ], [ -77.50628, 40.576929 ], [ -77.502139, 40.57887 ], [ -77.497506, 40.58174 ], [ -77.497649, 40.596907 ], [ -77.49776, 40.609484 ], [ -77.49494, 40.61108 ], [ -77.493681, 40.612304 ], [ -77.489157, 40.615224 ], [ -77.486415, 40.615899 ], [ -77.484324, 40.617741 ], [ -77.480828, 40.619533 ], [ -77.478223, 40.620345 ], [ -77.473643, 40.622836 ], [ -77.471449, 40.623452 ], [ -77.468999, 40.624746 ], [ -77.455757, 40.63083 ], [ -77.452035, 40.632812 ], [ -77.448045, 40.6344 ], [ -77.442505, 40.637103 ], [ -77.439332, 40.638187 ], [ -77.432038, 40.641545 ], [ -77.425726, 40.644106 ], [ -77.423863, 40.644464 ], [ -77.42006, 40.64593 ], [ -77.417082, 40.647535 ], [ -77.412967, 40.649316 ], [ -77.407438, 40.652204 ], [ -77.395072, 40.657256 ], [ -77.387345, 40.660074 ], [ -77.384058, 40.661635 ], [ -77.3742, 40.664967 ], [ -77.368273, 40.667593 ], [ -77.363647, 40.668722 ], [ -77.36069, 40.669991 ], [ -77.357356, 40.671116 ], [ -77.355966, 40.671981 ], [ -77.34966, 40.674132 ], [ -77.344305, 40.675499 ], [ -77.323053, 40.683082 ], [ -77.319377, 40.68387 ], [ -77.308882, 40.687225 ], [ -77.307229, 40.688029 ], [ -77.287941, 40.693595 ], [ -77.303509, 40.695424 ], [ -77.339653, 40.699885 ], [ -77.354097, 40.701667 ], [ -77.354266, 40.709654 ], [ -77.355327, 40.759414 ], [ -77.356628, 40.807334 ], [ -77.357113, 40.844484 ], [ -77.361907, 40.846554 ], [ -77.36418, 40.846937 ], [ -77.36775, 40.846896 ], [ -77.374708, 40.845295 ], [ -77.413862, 40.833075 ], [ -77.429604, 40.827541 ], [ -77.438815, 40.8239 ], [ -77.509597, 40.794575 ], [ -77.511096, 40.793954 ], [ -77.552537, 40.777591 ], [ -77.571938, 40.769333 ], [ -77.593355, 40.761247 ], [ -77.624719, 40.752261 ], [ -77.652574, 40.744921 ], [ -77.661988, 40.737742 ], [ -77.667819, 40.735335 ], [ -77.681334, 40.729758 ], [ -77.676611, 40.716452 ], [ -77.682476, 40.713259 ], [ -77.686926, 40.711738 ], [ -77.70117, 40.704982 ], [ -77.699239, 40.698065 ], [ -77.700629, 40.696641 ], [ -77.700474, 40.694852 ], [ -77.703066, 40.69268 ], [ -77.707837, 40.691451 ], [ -77.708356, 40.690488 ], [ -77.703787, 40.679936 ], [ -77.699629, 40.681097 ], [ -77.694451, 40.682025 ], [ -77.689778, 40.683754 ], [ -77.686938, 40.684095 ], [ -77.685346, 40.684904 ], [ -77.682275, 40.685122 ], [ -77.682708, 40.682717 ], [ -77.68708, 40.67675 ], [ -77.690614, 40.675036 ], [ -77.698488, 40.669815 ], [ -77.710846, 40.662003 ], [ -77.715353, 40.659926 ], [ -77.720737, 40.657968 ], [ -77.720434, 40.654575 ], [ -77.728193, 40.648573 ], [ -77.731454, 40.646519 ], [ -77.735142, 40.644741 ], [ -77.743681, 40.638599 ], [ -77.75162, 40.6323 ], [ -77.758501, 40.629832 ], [ -77.77248, 40.625932 ], [ -77.777057, 40.621677 ], [ -77.779853, 40.619655 ], [ -77.781835, 40.617569 ], [ -77.787734, 40.612082 ], [ -77.792116, 40.608392 ], [ -77.795922, 40.604451 ], [ -77.799127, 40.602283 ], [ -77.801329, 40.599569 ], [ -77.809675, 40.59089 ], [ -77.811561, 40.589182 ], [ -77.814911, 40.58508 ], [ -77.817115, 40.582892 ], [ -77.81944, 40.580084 ], [ -77.821, 40.57964 ], [ -77.822157, 40.576973 ], [ -77.823758, 40.575482 ], [ -77.830114, 40.566902 ], [ -77.832545, 40.562534 ], [ -77.837512, 40.555788 ], [ -77.838724, 40.554547 ], [ -77.841827, 40.550035 ], [ -77.816757, 40.500555 ], [ -77.815976, 40.499785 ], [ -77.818602, 40.498169 ], [ -77.825866, 40.492816 ], [ -77.828245, 40.491558 ], [ -77.832329, 40.487013 ], [ -77.835874, 40.484232 ], [ -77.837436, 40.481715 ], [ -77.838303, 40.481142 ], [ -77.844137, 40.473447 ], [ -77.848675, 40.468897 ], [ -77.855255, 40.461089 ], [ -77.859146, 40.457675 ], [ -77.860918, 40.455171 ], [ -77.864839, 40.451184 ], [ -77.870182, 40.445244 ], [ -77.874719, 40.441529 ], [ -77.87587, 40.439999 ], [ -77.880034, 40.436506 ], [ -77.885411, 40.430822 ], [ -77.888746, 40.42866 ], [ -77.890123, 40.427269 ], [ -77.892904, 40.422559 ], [ -77.894922, 40.420222 ], [ -77.89683, 40.417388 ], [ -77.901479, 40.416008 ], [ -77.905776, 40.414386 ], [ -77.90805, 40.414018 ], [ -77.912185, 40.408748 ], [ -77.9126, 40.404754 ], [ -77.913929, 40.400115 ], [ -77.913844, 40.398679 ] ] ] ] } },
{ "type": "Feature", "properties": { "STATEFP": "42", "COUNTYFP": "075", "COUNTYNS": "01214034", "GEOIDFQ": "0500000US42075", "GEOID": "42075", "NAME": "Lebanon", "NAMELSAD": "Lebanon County", "STUSPS": "PA", "STATE_NAME": "Pennsylvania", "LSAD": "06", "ALAND": 937148928.0, "AWATER": 1722125.0, "STATE_NAME_HYPHEN": "Pennsylvania" }, "geometry": { "type": "MultiPolygon", "coordinates": [ [ [ [ -76.668088, 40.448714 ], [ -76.667771, 40.447888 ], [ -76.656883, 40.419572 ], [ -76.644347, 40.387274 ], [ -76.636269, 40.366439 ], [ -76.625538, 40.339273 ], [ -76.624669, 40.337409 ], [ -76.612647, 40.30818 ], [ -76.611365, 40.304361 ], [ -76.610036, 40.300968 ], [ -76.607807, 40.295704 ], [ -76.607672, 40.295317 ], [ -76.604789, 40.287429 ], [ -76.604396, 40.286364 ], [ -76.600933, 40.277208 ], [ -76.5981, 40.269737 ], [ -76.595832, 40.26387 ], [ -76.592173, 40.25428 ], [ -76.588471, 40.245383 ], [ -76.581355, 40.226349 ], [ -76.569417, 40.195549 ], [ -76.566339, 40.196644 ], [ -76.501997, 40.217448 ], [ -76.500545, 40.21779 ], [ -76.469311, 40.227409 ], [ -76.466307, 40.2284 ], [ -76.436433, 40.23789 ], [ -76.435427, 40.238217 ], [ -76.429532, 40.23899 ], [ -76.386298, 40.244994 ], [ -76.368198, 40.247416 ], [ -76.360572, 40.248192 ], [ -76.350503, 40.249676 ], [ -76.336461, 40.251284 ], [ -76.307741, 40.255044 ], [ -76.28395, 40.264369 ], [ -76.215258, 40.29118 ], [ -76.211253, 40.292723 ], [ -76.151475, 40.315695 ], [ -76.151215, 40.315971 ], [ -76.151994, 40.31654 ], [ -76.157883, 40.320949 ], [ -76.189716, 40.347477 ], [ -76.198594, 40.354877 ], [ -76.205528, 40.360661 ], [ -76.224114, 40.364574 ], [ -76.231916, 40.366292 ], [ -76.2434, 40.373482 ], [ -76.244006, 40.373779 ], [ -76.299135, 40.408318 ], [ -76.302712, 40.410803 ], [ -76.307108, 40.413438 ], [ -76.318676, 40.420331 ], [ -76.328437, 40.42682 ], [ -76.341021, 40.434358 ], [ -76.35344, 40.442161 ], [ -76.37472, 40.45538 ], [ -76.376791, 40.456539 ], [ -76.440181, 40.495952 ], [ -76.474363, 40.517005 ], [ -76.484109, 40.523095 ], [ -76.496432, 40.530765 ], [ -76.500227, 40.532944 ], [ -76.515099, 40.542314 ], [ -76.535414, 40.555157 ], [ -76.67804, 40.474717 ], [ -76.668088, 40.448714 ] ] ] ] } },
{ "type": "Feature", "properties": { "STATEFP": "42", "COUNTYFP": "119", "COUNTYNS": "01213689", "GEOIDFQ": "0500000US42119", "GEOID": "42119", "NAME": "Union", "NAMELSAD": "Union County", "STUSPS": "PA", "STATE_NAME": "Pennsylvania", "LSAD": "06", "ALAND": 818320616.0, "AWATER": 4614461.0, "STATE_NAME_HYPHEN": "Pennsylvania" }, "geometry": { "type": "MultiPolygon", "coordinates": [ [ [ [ -77.361907, 40.846554 ], [ -77.357113, 40.844484 ], [ -77.356628, 40.807334 ], [ -77.32119, 40.817187 ], [ -77.243358, 40.832087 ], [ -77.151166, 40.849687 ], [ -77.135191, 40.852727 ], [ -77.129574, 40.853794 ], [ -77.098369, 40.86197 ], [ -77.074058, 40.868333 ], [ -77.064048, 40.86881 ], [ -77.052027, 40.869387 ], [ -77.050841, 40.868936 ], [ -77.049061, 40.867219 ], [ -77.044755, 40.865848 ], [ -77.043255, 40.863666 ], [ -77.040178, 40.862726 ], [ -77.037546, 40.863421 ], [ -77.037223, 40.864612 ], [ -77.031864, 40.864114 ], [ -77.028884, 40.861706 ], [ -77.024901, 40.857489 ], [ -77.023367, 40.857455 ], [ -77.018818, 40.858341 ], [ -77.015473, 40.860924 ], [ -77.014989, 40.863692 ], [ -77.012848, 40.865818 ], [ -77.011309, 40.868768 ], [ -77.010254, 40.86966 ], [ -77.004828, 40.872129 ], [ -77.000016, 40.872572 ], [ -76.996578, 40.872036 ], [ -76.995357, 40.87272 ], [ -76.995077, 40.874455 ], [ -76.99366, 40.875139 ], [ -76.990478, 40.875321 ], [ -76.988469, 40.875845 ], [ -76.98633, 40.875716 ], [ -76.983581, 40.875797 ], [ -76.977107, 40.876572 ], [ -76.973163, 40.877132 ], [ -76.970916, 40.878547 ], [ -76.970009, 40.880928 ], [ -76.956209, 40.88402 ], [ -76.947145, 40.885759 ], [ -76.943323, 40.887721 ], [ -76.941788, 40.88806 ], [ -76.934565, 40.887153 ], [ -76.927796, 40.887386 ], [ -76.919235, 40.88519 ], [ -76.913057, 40.884542 ], [ -76.912749, 40.884536 ], [ -76.908002, 40.884843 ], [ -76.905283, 40.884968 ], [ -76.894839, 40.887038 ], [ -76.89066, 40.8887 ], [ -76.884292, 40.887019 ], [ -76.87815, 40.884499 ], [ -76.87535, 40.884697 ], [ -76.870438, 40.886368 ], [ -76.864188, 40.88804 ], [ -76.858161, 40.889285 ], [ -76.854865, 40.889282 ], [ -76.851964, 40.888679 ], [ -76.849866, 40.886428 ], [ -76.840793, 40.886953 ], [ -76.835534, 40.888623 ], [ -76.834269, 40.889567 ], [ -76.82944, 40.887573 ], [ -76.825555, 40.887995 ], [ -76.823501, 40.886794 ], [ -76.817189, 40.884044 ], [ -76.807974, 40.878585 ], [ -76.80166, 40.879368 ], [ -76.799542, 40.878552 ], [ -76.800242, 40.881994 ], [ -76.803513, 40.884633 ], [ -76.806497, 40.886003 ], [ -76.822679, 40.889699 ], [ -76.824587, 40.890718 ], [ -76.832437, 40.897656 ], [ -76.850632, 40.912318 ], [ -76.851469, 40.912846 ], [ -76.851731, 40.913276 ], [ -76.854106, 40.915426 ], [ -76.85602, 40.919118 ], [ -76.858075, 40.921545 ], [ -76.859925, 40.923978 ], [ -76.863428, 40.930318 ], [ -76.864025, 40.931942 ], [ -76.867516, 40.937852 ], [ -76.8685, 40.940171 ], [ -76.872025, 40.944017 ], [ -76.875415, 40.949523 ], [ -76.876221, 40.951089 ], [ -76.8773, 40.954579 ], [ -76.877594, 40.956078 ], [ -76.877473, 40.957073 ], [ -76.877144, 40.959489 ], [ -76.880679, 40.96657 ], [ -76.881375, 40.967728 ], [ -76.882174, 40.968678 ], [ -76.882359, 40.97138 ], [ -76.881829, 40.973194 ], [ -76.88024, 40.975354 ], [ -76.875897, 40.984069 ], [ -76.870113, 40.991934 ], [ -76.868576, 40.994918 ], [ -76.867584, 40.998468 ], [ -76.867389, 41.007939 ], [ -76.866122, 41.013234 ], [ -76.865103, 41.018582 ], [ -76.864544, 41.019795 ], [ -76.861249, 41.028489 ], [ -76.861433, 41.033387 ], [ -76.861471, 41.033566 ], [ -76.861503, 41.033952 ], [ -76.861293, 41.03806 ], [ -76.858096, 41.043487 ], [ -76.856424, 41.047412 ], [ -76.856406, 41.051621 ], [ -76.857564, 41.055366 ], [ -76.857555, 41.05563 ], [ -76.857741, 41.062859 ], [ -76.857, 41.066601 ], [ -76.857879, 41.068893 ], [ -76.857878, 41.072056 ], [ -76.858758, 41.073706 ], [ -76.860045, 41.075729 ], [ -76.8645, 41.079872 ], [ -76.865607, 41.080322 ], [ -76.870305, 41.081626 ], [ -76.872268, 41.082286 ], [ -76.879578, 41.089857 ], [ -76.880456, 41.090616 ], [ -76.884383, 41.093753 ], [ -76.889014, 41.100352 ], [ -76.889657, 41.100935 ], [ -76.891204, 41.104689 ], [ -76.892204, 41.110243 ], [ -76.893645, 41.113804 ], [ -76.894884, 41.116229 ], [ -76.895882, 41.119978 ], [ -76.89577, 41.124196 ], [ -76.897313, 41.129876 ], [ -76.897846, 41.134205 ], [ -76.897522, 41.135962 ], [ -76.896114, 41.13907 ], [ -76.913472, 41.141639 ], [ -76.948539, 41.147012 ], [ -76.960229, 41.148801 ], [ -76.977939, 41.087883 ], [ -77.058088, 41.085575 ], [ -77.068236, 41.085231 ], [ -77.105018, 41.072397 ], [ -77.113839, 41.069032 ], [ -77.144111, 41.06884 ], [ -77.143712, 41.045116 ], [ -77.14416, 41.044338 ], [ -77.143804, 41.042855 ], [ -77.15765, 41.031257 ], [ -77.204027, 40.99271 ], [ -77.221631, 40.973282 ], [ -77.279236, 40.90971 ], [ -77.36418, 40.846937 ], [ -77.361907, 40.846554 ] ] ] ] } },
{ "type": "Feature", "properties": { "STATEFP": "42", "COUNTYFP": "081", "COUNTYNS": "01213677", "GEOIDFQ": "0500000US42081", "GEOID": "42081", "NAME": "Lycoming", "NAMELSAD": "Lycoming County", "STUSPS": "PA", "STATE_NAME": "Pennsylvania", "LSAD": "06", "ALAND": 3182886780.0, "AWATER": 38917581.0, "STATE_NAME_HYPHEN": "Pennsylvania" }, "geometry": { "type": "MultiPolygon", "coordinates": [ [ [ [ -77.599474, 41.537244 ], [ -77.598129, 41.478576 ], [ -77.597282, 41.441056 ], [ -77.584671, 41.441301 ], [ -77.584539, 41.440441 ], [ -77.582435, 41.438253 ], [ -77.58054, 41.435579 ], [ -77.57574, 41.421602 ], [ -77.575209, 41.420498 ], [ -77.571626, 41.415941 ], [ -77.568687, 41.413666 ], [ -77.564435, 41.412683 ], [ -77.559747, 41.407265 ], [ -77.550449, 41.395826 ], [ -77.546919, 41.389634 ], [ -77.542228, 41.382196 ], [ -77.541899, 41.381296 ], [ -77.540008, 41.368101 ], [ -77.537654, 41.365011 ], [ -77.536115, 41.363882 ], [ -77.529366, 41.360008 ], [ -77.526537, 41.358528 ], [ -77.517651, 41.356119 ], [ -77.516145, 41.355867 ], [ -77.501342, 41.354358 ], [ -77.499931, 41.353953 ], [ -77.492476, 41.349637 ], [ -77.485567, 41.345281 ], [ -77.480148, 41.340762 ], [ -77.477013, 41.338998 ], [ -77.475402, 41.337651 ], [ -77.474533, 41.334021 ], [ -77.475029, 41.326689 ], [ -77.4727, 41.317584 ], [ -77.471451, 41.313486 ], [ -77.468245, 41.310429 ], [ -77.461103, 41.306321 ], [ -77.456424, 41.304639 ], [ -77.455122, 41.303422 ], [ -77.452906, 41.300019 ], [ -77.451236, 41.295157 ], [ -77.450054, 41.293262 ], [ -77.445943, 41.288457 ], [ -77.444732, 41.287439 ], [ -77.442091, 41.286091 ], [ -77.434252, 41.28453 ], [ -77.430783, 41.283105 ], [ -77.4294, 41.28214 ], [ -77.426929, 41.277342 ], [ -77.424945, 41.273103 ], [ -77.421446, 41.271143 ], [ -77.416125, 41.270056 ], [ -77.410667, 41.266221 ], [ -77.405545, 41.260917 ], [ -77.404407, 41.25817 ], [ -77.402877, 41.257068 ], [ -77.399043, 41.253053 ], [ -77.390824, 41.247786 ], [ -77.387244, 41.24495 ], [ -77.379178, 41.239105 ], [ -77.374947, 41.236809 ], [ -77.370088, 41.23268 ], [ -77.367541, 41.232369 ], [ -77.362729, 41.23358 ], [ -77.361098, 41.2331 ], [ -77.358047, 41.230597 ], [ -77.352749, 41.230002 ], [ -77.349627, 41.228873 ], [ -77.349397, 41.224284 ], [ -77.348555, 41.223096 ], [ -77.35133, 41.220949 ], [ -77.351356, 41.220176 ], [ -77.349765, 41.219918 ], [ -77.344036, 41.220533 ], [ -77.334303, 41.220476 ], [ -77.330306, 41.219464 ], [ -77.329517, 41.220669 ], [ -77.328793, 41.219496 ], [ -77.32576, 41.219698 ], [ -77.322974, 41.21867 ], [ -77.320891, 41.218932 ], [ -77.313717, 41.213015 ], [ -77.312953, 41.212413 ], [ -77.308154, 41.209256 ], [ -77.306364, 41.208077 ], [ -77.29901, 41.200967 ], [ -77.294635, 41.198739 ], [ -77.291378, 41.19628 ], [ -77.29058, 41.1951 ], [ -77.292172, 41.193733 ], [ -77.293651, 41.191069 ], [ -77.293059, 41.186473 ], [ -77.292256, 41.185304 ], [ -77.290797, 41.184123 ], [ -77.288306, 41.18299 ], [ -77.283285, 41.182673 ], [ -77.277411, 41.180539 ], [ -77.275589, 41.179105 ], [ -77.27245, 41.175443 ], [ -77.272018, 41.172534 ], [ -77.269525, 41.170009 ], [ -77.262231, 41.162409 ], [ -77.251966, 41.153003 ], [ -77.251573, 41.152641 ], [ -77.236621, 41.138044 ], [ -77.235987, 41.137434 ], [ -77.232457, 41.134218 ], [ -77.231019, 41.132787 ], [ -77.219666, 41.122074 ], [ -77.180521, 41.084312 ], [ -77.174202, 41.078262 ], [ -77.164278, 41.068708 ], [ -77.144111, 41.06884 ], [ -77.113839, 41.069032 ], [ -77.105018, 41.072397 ], [ -77.068236, 41.085231 ], [ -77.058088, 41.085575 ], [ -76.977939, 41.087883 ], [ -76.960229, 41.148801 ], [ -76.948539, 41.147012 ], [ -76.913472, 41.141639 ], [ -76.896114, 41.13907 ], [ -76.891584, 41.147869 ], [ -76.889669, 41.150791 ], [ -76.889338, 41.151988 ], [ -76.885228, 41.155973 ], [ -76.884245, 41.157099 ], [ -76.880963, 41.158044 ], [ -76.875117, 41.159312 ], [ -76.870261, 41.160055 ], [ -76.856916, 41.163641 ], [ -76.834364, 41.165315 ], [ -76.834376, 41.165554 ], [ -76.828168, 41.16578 ], [ -76.825963, 41.166671 ], [ -76.790807, 41.175732 ], [ -76.76212, 41.173883 ], [ -76.732672, 41.17204 ], [ -76.729997, 41.171881 ], [ -76.694572, 41.159617 ], [ -76.678776, 41.154172 ], [ -76.640767, 41.155718 ], [ -76.601171, 41.157395 ], [ -76.592525, 41.157828 ], [ -76.556594, 41.186412 ], [ -76.521652, 41.21426 ], [ -76.499652, 41.233856 ], [ -76.460762, 41.264848 ], [ -76.447597, 41.275629 ], [ -76.499689, 41.285479 ], [ -76.520276, 41.288225 ], [ -76.525751, 41.289372 ], [ -76.548488, 41.293135 ], [ -76.547821, 41.295722 ], [ -76.565024, 41.29905 ], [ -76.592532, 41.304332 ], [ -76.604168, 41.311979 ], [ -76.693583, 41.370135 ], [ -76.69835, 41.373145 ], [ -76.745608, 41.40268 ], [ -76.749497, 41.405572 ], [ -76.772397, 41.471675 ], [ -76.772402, 41.471686 ], [ -76.79619, 41.539614 ], [ -76.797552, 41.542989 ], [ -76.804615, 41.564533 ], [ -76.813731, 41.590034 ], [ -76.874714, 41.596919 ], [ -76.877943, 41.592564 ], [ -76.878331, 41.590546 ], [ -76.882216, 41.588881 ], [ -76.886018, 41.587674 ], [ -76.887048, 41.58686 ], [ -76.890679, 41.586777 ], [ -76.893619, 41.585753 ], [ -76.896659, 41.585919 ], [ -76.898276, 41.584455 ], [ -76.903236, 41.582983 ], [ -76.907547, 41.582269 ], [ -76.908432, 41.581463 ], [ -76.913472, 41.581696 ], [ -76.915653, 41.582693 ], [ -76.917435, 41.582703 ], [ -76.919221, 41.581727 ], [ -76.919551, 41.581049 ], [ -76.922171, 41.581037 ], [ -76.923701, 41.578483 ], [ -76.923517, 41.577339 ], [ -76.925005, 41.576211 ], [ -76.925494, 41.572384 ], [ -76.92657, 41.571091 ], [ -76.929935, 41.570408 ], [ -76.932962, 41.568992 ], [ -76.936605, 41.568819 ], [ -76.938227, 41.569408 ], [ -76.943077, 41.569323 ], [ -76.947461, 41.567987 ], [ -76.949141, 41.56653 ], [ -76.952391, 41.56505 ], [ -76.959294, 41.557961 ], [ -76.961375, 41.557947 ], [ -76.963117, 41.556128 ], [ -76.963249, 41.554772 ], [ -76.959993, 41.55403 ], [ -76.960315, 41.551379 ], [ -76.9641, 41.551262 ], [ -77.007996, 41.549905 ], [ -77.010632, 41.549842 ], [ -77.193135, 41.545776 ], [ -77.211594, 41.545445 ], [ -77.294782, 41.544104 ], [ -77.298505, 41.54439 ], [ -77.358158, 41.54407 ], [ -77.454835, 41.543566 ], [ -77.599278, 41.542271 ], [ -77.599474, 41.537244 ] ] ] ] } },
{ "type": "Feature", "properties": { "STATEFP": "42", "COUNTYFP": "079", "COUNTYNS": "01209183", "GEOIDFQ": "0500000US42079", "GEOID": "42079", "NAME": "Luzerne", "NAMELSAD": "Luzerne County", "STUSPS": "PA", "STATE_NAME": "Pennsylvania", "LSAD": "06", "ALAND": 2304589784.0, "AWATER": 42011358.0, "STATE_NAME_HYPHEN": "Pennsylvania" }, "geometry": { "type": "MultiPolygon", "coordinates": [ [ [ [ -76.32022, 41.215063 ], [ -76.319236, 41.208092 ], [ -76.317953, 41.205453 ], [ -76.307212, 41.18536 ], [ -76.300176, 41.171742 ], [ -76.28778, 41.150142 ], [ -76.27739, 41.131795 ], [ -76.24977, 41.135062 ], [ -76.228975, 41.138466 ], [ -76.228673, 41.086879 ], [ -76.228635, 41.079849 ], [ -76.22859, 41.072514 ], [ -76.228578, 41.07078 ], [ -76.228544, 41.065022 ], [ -76.228537, 41.063652 ], [ -76.228518, 41.06029 ], [ -76.228478, 41.053632 ], [ -76.228144, 41.051947 ], [ -76.229049, 41.051629 ], [ -76.230177, 41.051228 ], [ -76.231222, 41.050262 ], [ -76.221726, 41.004631 ], [ -76.221656, 41.004295 ], [ -76.220769, 41.000085 ], [ -76.215748, 40.980353 ], [ -76.207827, 40.94974 ], [ -76.177801, 40.941759 ], [ -76.175151, 40.941054 ], [ -76.162476, 40.937675 ], [ -76.122178, 40.926973 ], [ -76.107975, 40.923198 ], [ -76.028006, 40.902313 ], [ -75.997636, 40.913259 ], [ -75.987743, 40.91654 ], [ -75.985994, 40.917439 ], [ -75.969843, 40.923115 ], [ -75.964623, 40.924949 ], [ -75.888009, 40.952279 ], [ -75.868858, 40.959349 ], [ -75.863924, 40.960976 ], [ -75.848024, 40.966357 ], [ -75.848539, 40.972185 ], [ -75.824133, 40.980567 ], [ -75.819237, 40.982578 ], [ -75.808983, 40.982942 ], [ -75.801201, 40.983424 ], [ -75.785632, 40.988999 ], [ -75.732183, 41.008124 ], [ -75.733596, 41.009451 ], [ -75.735614, 41.01405 ], [ -75.738466, 41.01682 ], [ -75.738486, 41.019655 ], [ -75.739257, 41.02148 ], [ -75.738422, 41.022592 ], [ -75.739149, 41.028031 ], [ -75.740245, 41.029895 ], [ -75.742745, 41.031397 ], [ -75.747863, 41.031751 ], [ -75.753931, 41.031227 ], [ -75.757734, 41.031625 ], [ -75.75868, 41.035334 ], [ -75.759502, 41.03704 ], [ -75.761211, 41.038632 ], [ -75.761205, 41.040958 ], [ -75.76554, 41.043968 ], [ -75.770275, 41.050094 ], [ -75.770436, 41.050721 ], [ -75.770368, 41.054957 ], [ -75.771531, 41.061155 ], [ -75.770276, 41.061933 ], [ -75.770034, 41.065615 ], [ -75.770089, 41.067939 ], [ -75.770062, 41.06876 ], [ -75.77099, 41.072644 ], [ -75.771519, 41.073278 ], [ -75.771989, 41.076806 ], [ -75.771025, 41.07835 ], [ -75.768213, 41.081172 ], [ -75.765666, 41.08439 ], [ -75.76755, 41.091655 ], [ -75.766767, 41.093601 ], [ -75.765303, 41.094083 ], [ -75.763481, 41.093809 ], [ -75.761783, 41.091941 ], [ -75.760053, 41.091788 ], [ -75.75535, 41.094253 ], [ -75.753438, 41.096451 ], [ -75.753424, 41.098645 ], [ -75.754695, 41.101643 ], [ -75.753561, 41.103365 ], [ -75.749407, 41.104145 ], [ -75.74738, 41.104168 ], [ -75.745874, 41.103431 ], [ -75.73922, 41.102268 ], [ -75.734691, 41.102467 ], [ -75.7326, 41.103268 ], [ -75.729329, 41.107835 ], [ -75.728072, 41.108673 ], [ -75.723654, 41.109434 ], [ -75.721043, 41.11162 ], [ -75.719968, 41.113961 ], [ -75.716747, 41.11813 ], [ -75.714699, 41.11796 ], [ -75.711482, 41.116083 ], [ -75.708904, 41.115628 ], [ -75.707996, 41.116095 ], [ -75.707714, 41.117275 ], [ -75.709668, 41.121986 ], [ -75.707585, 41.122657 ], [ -75.705631, 41.121531 ], [ -75.702814, 41.122619 ], [ -75.702379, 41.124201 ], [ -75.700593, 41.127323 ], [ -75.696898, 41.129663 ], [ -75.691912, 41.13121 ], [ -75.68867, 41.131141 ], [ -75.686265, 41.130044 ], [ -75.684881, 41.129965 ], [ -75.681679, 41.132063 ], [ -75.678609, 41.133023 ], [ -75.675792, 41.132586 ], [ -75.667495, 41.13398 ], [ -75.665555, 41.132264 ], [ -75.665173, 41.130275 ], [ -75.661502, 41.129225 ], [ -75.658398, 41.126255 ], [ -75.656424, 41.122931 ], [ -75.658214, 41.118551 ], [ -75.657252, 41.116446 ], [ -75.656037, 41.115962 ], [ -75.654546, 41.116565 ], [ -75.651213, 41.120692 ], [ -75.649412, 41.122304 ], [ -75.649042, 41.125085 ], [ -75.643123, 41.126717 ], [ -75.640265, 41.126823 ], [ -75.638184, 41.125997 ], [ -75.635027, 41.123111 ], [ -75.634162, 41.123246 ], [ -75.63283, 41.127945 ], [ -75.628068, 41.128287 ], [ -75.625989, 41.130389 ], [ -75.625449, 41.131864 ], [ -75.627941, 41.132624 ], [ -75.628633, 41.134437 ], [ -75.628385, 41.136846 ], [ -75.624894, 41.137954 ], [ -75.621401, 41.141088 ], [ -75.616274, 41.143021 ], [ -75.614173, 41.145168 ], [ -75.614104, 41.146493 ], [ -75.615577, 41.150705 ], [ -75.613543, 41.151273 ], [ -75.609312, 41.150052 ], [ -75.607153, 41.150261 ], [ -75.603298, 41.151875 ], [ -75.603153, 41.153876 ], [ -75.6045, 41.15611 ], [ -75.60084, 41.159991 ], [ -75.600736, 41.161497 ], [ -75.602639, 41.161701 ], [ -75.604018, 41.163217 ], [ -75.607216, 41.164194 ], [ -75.611717, 41.164187 ], [ -75.613686, 41.167287 ], [ -75.615107, 41.16849 ], [ -75.613854, 41.169078 ], [ -75.61506, 41.171061 ], [ -75.61477, 41.171988 ], [ -75.616558, 41.172678 ], [ -75.619342, 41.170838 ], [ -75.622896, 41.170869 ], [ -75.624054, 41.16975 ], [ -75.629122, 41.1699 ], [ -75.631843, 41.169669 ], [ -75.636651, 41.171359 ], [ -75.636694, 41.172051 ], [ -75.639497, 41.176214 ], [ -75.643494, 41.176259 ], [ -75.64448, 41.179714 ], [ -75.643751, 41.182228 ], [ -75.646776, 41.186125 ], [ -75.646671, 41.187242 ], [ -75.649233, 41.187173 ], [ -75.650119, 41.207816 ], [ -75.652273, 41.257383 ], [ -75.652888, 41.257569 ], [ -75.679304, 41.264301 ], [ -75.679344, 41.28796 ], [ -75.689661, 41.287785 ], [ -75.690824, 41.304335 ], [ -75.69412, 41.30411 ], [ -75.694959, 41.317577 ], [ -75.687841, 41.317836 ], [ -75.688221, 41.328154 ], [ -75.688606, 41.339446 ], [ -75.72415, 41.345353 ], [ -75.727524, 41.345886 ], [ -75.729371, 41.346256 ], [ -75.741916, 41.348311 ], [ -75.742224, 41.348812 ], [ -75.753517, 41.356108 ], [ -75.754001, 41.356424 ], [ -75.760837, 41.360838 ], [ -75.761064, 41.360985 ], [ -75.767826, 41.365354 ], [ -75.795116, 41.377119 ], [ -75.796902, 41.380687 ], [ -75.79951, 41.382639 ], [ -75.80655, 41.385183 ], [ -75.816832, 41.386707 ], [ -75.820247, 41.387822 ], [ -75.826803, 41.391703 ], [ -75.828999, 41.393198 ], [ -75.830135, 41.394414 ], [ -75.831735, 41.397294 ], [ -75.832631, 41.399934 ], [ -75.831794, 41.408659 ], [ -75.831079, 41.415459 ], [ -75.831223, 41.417806 ], [ -75.833223, 41.42523 ], [ -75.833559, 41.425854 ], [ -75.834512, 41.426965 ], [ -75.834555, 41.426912 ], [ -75.839287, 41.424633 ], [ -75.874843, 41.416013 ], [ -75.878747, 41.415066 ], [ -75.954847, 41.39737 ], [ -75.959999, 41.396145 ], [ -75.968839, 41.394032 ], [ -75.983251, 41.391067 ], [ -76.00507, 41.384551 ], [ -76.025396, 41.383762 ], [ -76.042157, 41.383107 ], [ -76.052473, 41.382706 ], [ -76.063273, 41.382426 ], [ -76.073408, 41.38218 ], [ -76.158881, 41.379907 ], [ -76.188675, 41.379277 ], [ -76.250313, 41.377954 ], [ -76.282799, 41.377244 ], [ -76.302382, 41.329318 ], [ -76.310261, 41.310198 ], [ -76.310848, 41.308949 ], [ -76.312828, 41.288718 ], [ -76.318225, 41.235098 ], [ -76.319036, 41.226974 ], [ -76.31927, 41.222497 ], [ -76.32022, 41.215063 ] ] ] ] } },
{ "type": "Feature", "properties": { "STATEFP": "42", "COUNTYFP": "105", "COUNTYNS": "01213684", "GEOIDFQ": "0500000US42105", "GEOID": "42105", "NAME": "Potter", "NAMELSAD": "Potter County", "STUSPS": "PA", "STATE_NAME": "Pennsylvania", "LSAD": "06", "ALAND": 2800422711.0, "AWATER": 558970.0, "STATE_NAME_HYPHEN": "Pennsylvania" }, "geometry": { "type": "MultiPolygon", "coordinates": [ [ [ [ -78.206508, 41.884983 ], [ -78.2055, 41.818428 ], [ -78.204347, 41.736369 ], [ -78.203921, 41.674373 ], [ -78.203783, 41.650016 ], [ -78.20364, 41.617599 ], [ -78.202736, 41.616905 ], [ -78.131777, 41.551237 ], [ -78.095465, 41.517336 ], [ -78.050442, 41.475462 ], [ -77.999737, 41.474952 ], [ -77.997083, 41.475004 ], [ -77.989194, 41.474822 ], [ -77.843718, 41.4766 ], [ -77.841097, 41.476766 ], [ -77.832494, 41.476794 ], [ -77.826161, 41.476994 ], [ -77.765138, 41.477477 ], [ -77.758255, 41.477507 ], [ -77.757279, 41.477424 ], [ -77.741845, 41.477467 ], [ -77.683773, 41.477968 ], [ -77.624708, 41.478213 ], [ -77.623616, 41.478378 ], [ -77.598129, 41.478576 ], [ -77.599474, 41.537244 ], [ -77.599278, 41.542271 ], [ -77.599917, 41.570874 ], [ -77.60187, 41.657051 ], [ -77.602566, 41.687374 ], [ -77.60346, 41.727077 ], [ -77.605452, 41.808259 ], [ -77.605613, 41.816074 ], [ -77.606708, 41.872014 ], [ -77.606887, 41.88254 ], [ -77.607679, 41.912733 ], [ -77.607934, 41.920147 ], [ -77.6100278, 41.9995186 ], [ -77.6357157, 41.9993834 ], [ -77.7286967, 41.9988938 ], [ -77.749931, 41.998782 ], [ -77.822799, 41.998547 ], [ -77.83203, 41.998524 ], [ -77.8403833, 41.9985358 ], [ -77.8456766, 41.9985433 ], [ -77.8584206, 41.9985613 ], [ -77.863278, 41.9985682 ], [ -77.8804075, 41.9985924 ], [ -77.8809122, 41.9985931 ], [ -77.9571271, 41.9987009 ], [ -77.9628201, 41.9987089 ], [ -77.997508, 41.998758 ], [ -78.030963, 41.999392 ], [ -78.031177, 41.999415 ], [ -78.0552315, 41.9996816 ], [ -78.0725764, 41.9998739 ], [ -78.0743546, 41.9998936 ], [ -78.0889785, 42.0000557 ], [ -78.1214646, 42.0004158 ], [ -78.12473, 42.000452 ], [ -78.1912647, 41.9997779 ], [ -78.2063811, 41.9996248 ], [ -78.206333, 41.975097 ], [ -78.206297, 41.955861 ], [ -78.206174, 41.913022 ], [ -78.206508, 41.884983 ] ] ] ] } },
{ "type": "Feature", "properties": { "STATEFP": "42", "COUNTYFP": "053", "COUNTYNS": "01213669", "GEOIDFQ": "0500000US42053", "GEOID": "42053", "NAME": "Forest", "NAMELSAD": "Forest County", "STUSPS": "PA", "STATE_NAME": "Pennsylvania", "LSAD": "06", "ALAND": 1106595595.0, "AWATER": 8369676.0, "STATE_NAME_HYPHEN": "Pennsylvania" }, "geometry": { "type": "MultiPolygon", "coordinates": [ [ [ [ -79.521599, 41.440554 ], [ -79.478163, 41.440134 ], [ -79.47805, 41.411114 ], [ -79.477822, 41.386479 ], [ -79.472956, 41.386458 ], [ -79.472611, 41.38656 ], [ -79.400439, 41.386579 ], [ -79.400509, 41.417437 ], [ -79.400303, 41.435074 ], [ -79.399923, 41.436154 ], [ -79.357586, 41.436241 ], [ -79.35759, 41.432433 ], [ -79.214829, 41.431132 ], [ -79.207196, 41.430922 ], [ -79.207073, 41.422759 ], [ -79.207108, 41.422014 ], [ -79.20709, 41.417031 ], [ -79.207421, 41.407962 ], [ -79.208878, 41.331861 ], [ -79.206052, 41.330934 ], [ -79.204542, 41.328483 ], [ -79.202506, 41.32679 ], [ -79.19729, 41.325811 ], [ -79.195959, 41.324706 ], [ -79.1925, 41.324188 ], [ -79.191087, 41.324599 ], [ -79.188002, 41.326678 ], [ -79.18618, 41.328523 ], [ -79.186065, 41.331138 ], [ -79.186781, 41.333738 ], [ -79.187005, 41.33731 ], [ -79.18466, 41.33899 ], [ -79.179638, 41.339168 ], [ -79.176513, 41.337346 ], [ -79.17514, 41.335969 ], [ -79.176172, 41.332174 ], [ -79.175572, 41.326959 ], [ -79.174291, 41.325421 ], [ -79.17172, 41.32591 ], [ -79.168897, 41.328072 ], [ -79.166906, 41.330478 ], [ -79.166646, 41.332131 ], [ -79.169167, 41.339649 ], [ -79.168558, 41.34242 ], [ -79.166411, 41.343865 ], [ -79.162724, 41.343214 ], [ -79.160612, 41.34183 ], [ -79.159928, 41.339945 ], [ -79.162814, 41.335305 ], [ -79.163096, 41.333404 ], [ -79.162436, 41.331828 ], [ -79.159026, 41.3294 ], [ -79.157123, 41.328635 ], [ -79.154733, 41.32865 ], [ -79.150598, 41.330818 ], [ -79.148233, 41.331657 ], [ -79.145318, 41.335305 ], [ -79.141555, 41.338996 ], [ -79.139791, 41.341431 ], [ -79.138521, 41.341575 ], [ -79.136517, 41.341391 ], [ -79.132186, 41.338959 ], [ -79.128435, 41.334928 ], [ -79.126686, 41.333755 ], [ -79.123898, 41.330956 ], [ -79.120763, 41.329102 ], [ -79.117118, 41.32772 ], [ -79.11525, 41.325766 ], [ -79.111898, 41.325016 ], [ -79.106743, 41.3261 ], [ -79.105885, 41.326703 ], [ -79.104484, 41.331309 ], [ -79.107231, 41.336407 ], [ -79.104977, 41.341526 ], [ -79.102751, 41.342365 ], [ -79.099659, 41.342587 ], [ -79.096843, 41.341741 ], [ -79.095096, 41.340658 ], [ -79.094804, 41.356937 ], [ -79.094765, 41.365909 ], [ -79.095017, 41.367767 ], [ -79.093737, 41.417463 ], [ -79.093588, 41.423286 ], [ -79.065154, 41.423194 ], [ -79.06352, 41.453207 ], [ -78.976658, 41.451761 ], [ -78.976657, 41.436963 ], [ -78.958957, 41.437061 ], [ -78.958989, 41.452691 ], [ -78.9586, 41.525492 ], [ -78.957413, 41.578349 ], [ -78.956138, 41.623334 ], [ -79.091622, 41.626343 ], [ -79.204994, 41.626405 ], [ -79.210193, 41.626422 ], [ -79.227595, 41.6262 ], [ -79.29221, 41.62585 ], [ -79.401967, 41.625976 ], [ -79.402653, 41.625968 ], [ -79.493454, 41.624716 ], [ -79.51207, 41.624559 ], [ -79.511261, 41.506429 ], [ -79.511432, 41.496927 ], [ -79.512276, 41.46524 ], [ -79.522024, 41.465219 ], [ -79.521599, 41.440554 ] ] ] ] } }
]
}
