{
"type": "FeatureCollection",
"name": "PR_counties_2023",
"crs": { "type": "name", "properties": { "name": "urn:ogc:def:crs:EPSG::4269" } },
"features": [
{ "type": "Feature", "properties": { "STATEFP": "72", "COUNTYFP": "115", "COUNTYNS": "01804538", "GEOIDFQ": "0500000US72115", "GEOID": "72115", "NAME": "Quebradillas", "NAMELSAD": "Quebradillas Municipio", "STUSPS": "PR", "STATE_NAME": "Puerto Rico", "LSAD": "13", "ALAND": 58747703.0, "AWATER": 30224116.0 }, "geometry": { "type": "MultiPolygon", "coordinates": [ [ [ [ -66.96692, 18.455665 ], [ -66.96377, 18.455376 ], [ -66.963615, 18.458318 ], [ -66.963579, 18.458394 ], [ -66.963274, 18.460465 ], [ -66.959202, 18.465781 ], [ -66.961055, 18.467069 ], [ -66.960055, 18.470484 ], [ -66.961798, 18.471336 ], [ -66.963462, 18.473019 ], [ -66.962706, 18.473448 ], [ -66.960575, 18.472474 ], [ -66.959472, 18.473343 ], [ -66.955622, 18.476714 ], [ -66.952592, 18.477123 ], [ -66.953019, 18.479567 ], [ -66.950526, 18.483407 ], [ -66.954043, 18.483254 ], [ -66.955859, 18.484555 ], [ -66.957532, 18.486794 ], [ -66.957474467285493, 18.4893461676306 ], [ -66.95526, 18.488659 ], [ -66.951997995090593, 18.489881874543698 ], [ -66.947695, 18.491495 ], [ -66.940814, 18.491142 ], [ -66.924138342575901, 18.4862772325781 ], [ -66.919983, 18.485065 ], [ -66.914173049004404, 18.484495222979699 ], [ -66.905531710298206, 18.483647774141801 ], [ -66.901649, 18.483267 ], [ -66.901383707002395, 18.483324830056301 ], [ -66.90137, 18.471972 ], [ -66.901345, 18.467913 ], [ -66.901184, 18.459253 ], [ -66.900924, 18.450547 ], [ -66.900733, 18.445746 ], [ -66.901075, 18.435176 ], [ -66.901276, 18.418168 ], [ -66.900486, 18.406694 ], [ -66.900333, 18.405112 ], [ -66.899248, 18.397413 ], [ -66.900982, 18.385353 ], [ -66.900599, 18.382227 ], [ -66.899018, 18.366652 ], [ -66.8989, 18.366108 ], [ -66.900542, 18.366794 ], [ -66.901692, 18.365642 ], [ -66.903952, 18.365949 ], [ -66.905721, 18.367222 ], [ -66.908511, 18.373004 ], [ -66.91197, 18.375715 ], [ -66.913863, 18.375414 ], [ -66.916728, 18.377189 ], [ -66.920387, 18.379563 ], [ -66.921678, 18.38361 ], [ -66.922962, 18.384495 ], [ -66.923441, 18.388224 ], [ -66.92202, 18.393204 ], [ -66.921885, 18.396548 ], [ -66.922775, 18.398161 ], [ -66.92437, 18.398508 ], [ -66.925585, 18.397867 ], [ -66.926697, 18.398306 ], [ -66.931442, 18.398646 ], [ -66.935047, 18.400743 ], [ -66.940368, 18.399403 ], [ -66.942598, 18.399453 ], [ -66.947208, 18.401482 ], [ -66.948131, 18.403023 ], [ -66.947771, 18.405685 ], [ -66.946001, 18.407213 ], [ -66.945876, 18.408507 ], [ -66.943645, 18.409922 ], [ -66.940555, 18.410315 ], [ -66.939445, 18.410985 ], [ -66.936724, 18.414684 ], [ -66.935061, 18.415372 ], [ -66.933541, 18.41878 ], [ -66.934931, 18.418391 ], [ -66.938959, 18.419309 ], [ -66.939863, 18.420502 ], [ -66.94182, 18.42195 ], [ -66.943402, 18.423806 ], [ -66.943022, 18.425848 ], [ -66.944314, 18.430659 ], [ -66.945195, 18.431382 ], [ -66.947728, 18.437706 ], [ -66.949512, 18.438041 ], [ -66.952027, 18.437306 ], [ -66.95446, 18.438394 ], [ -66.956329, 18.440055 ], [ -66.958273, 18.440449 ], [ -66.959239, 18.442817 ], [ -66.95899, 18.445841 ], [ -66.959851, 18.446915 ], [ -66.961529, 18.446662 ], [ -66.962675, 18.447872 ], [ -66.963775, 18.450264 ], [ -66.966885, 18.450016 ], [ -66.968559, 18.454196 ], [ -66.96692, 18.455665 ] ] ] ] } },
{ "type": "Feature", "properties": { "STATEFP": "72", "COUNTYFP": "141", "COUNTYNS": "01804551", "GEOIDFQ": "0500000US72141", "GEOID": "72141", "NAME": "Utuado", "NAMELSAD": "Utuado Municipio", "STUSPS": "PR", "STATE_NAME": "Puerto Rico", "LSAD": "13", "ALAND": 294045394.0, "AWATER": 3982227.0 }, "geometry": { "type": "MultiPolygon", "coordinates": [ [ [ [ -66.829802, 18.285556 ], [ -66.82975, 18.287373 ], [ -66.828693, 18.288883 ], [ -66.827516, 18.289365 ], [ -66.826243, 18.29104 ], [ -66.826527, 18.29187 ], [ -66.825835, 18.293972 ], [ -66.82505, 18.294891 ], [ -66.824855, 18.295761 ], [ -66.826565, 18.295555 ], [ -66.825888, 18.298354 ], [ -66.8267, 18.300519 ], [ -66.826325, 18.302277 ], [ -66.82365, 18.303328 ], [ -66.824841, 18.305255 ], [ -66.825255, 18.309256 ], [ -66.824327, 18.310559 ], [ -66.826859, 18.312165 ], [ -66.827198, 18.313943 ], [ -66.827431, 18.314638 ], [ -66.82342, 18.318332 ], [ -66.824991, 18.320177 ], [ -66.82498, 18.322285 ], [ -66.826128, 18.323382 ], [ -66.825621, 18.323298 ], [ -66.794824, 18.3219 ], [ -66.794023, 18.321861 ], [ -66.785096, 18.32146 ], [ -66.770363, 18.320645 ], [ -66.770072, 18.325013 ], [ -66.76864, 18.325993 ], [ -66.767461, 18.328282 ], [ -66.765973, 18.327506 ], [ -66.766208, 18.329695 ], [ -66.765203, 18.332131 ], [ -66.762378, 18.332144 ], [ -66.76203, 18.334089 ], [ -66.761133, 18.333873 ], [ -66.758883, 18.334744 ], [ -66.757298, 18.33673 ], [ -66.756248, 18.337194 ], [ -66.754409, 18.337303 ], [ -66.752559, 18.339128 ], [ -66.7462, 18.341978 ], [ -66.743798, 18.343566 ], [ -66.741193, 18.34425 ], [ -66.739416, 18.345769 ], [ -66.738046, 18.34822 ], [ -66.735947, 18.349675 ], [ -66.734333, 18.347693 ], [ -66.73154, 18.348406 ], [ -66.730441, 18.349484 ], [ -66.723462, 18.33985 ], [ -66.720301, 18.337629 ], [ -66.719792, 18.336641 ], [ -66.720374, 18.335108 ], [ -66.722528, 18.333369 ], [ -66.72268, 18.331751 ], [ -66.721664, 18.330031 ], [ -66.720854, 18.327387 ], [ -66.721474, 18.325247 ], [ -66.721266, 18.323819 ], [ -66.720032, 18.323085 ], [ -66.719342, 18.319517 ], [ -66.717866, 18.317484 ], [ -66.717302, 18.315681 ], [ -66.715886, 18.315205 ], [ -66.711439, 18.315606 ], [ -66.710474, 18.315439 ], [ -66.708697, 18.316602 ], [ -66.70661, 18.316945 ], [ -66.704747, 18.319105 ], [ -66.702916, 18.320592 ], [ -66.698336, 18.320801 ], [ -66.695763, 18.322093 ], [ -66.691567, 18.321296 ], [ -66.690192, 18.321653 ], [ -66.688732, 18.320199 ], [ -66.687815, 18.320116 ], [ -66.685389, 18.321171 ], [ -66.683192, 18.320909 ], [ -66.683006, 18.32085 ], [ -66.682103, 18.321914 ], [ -66.679835, 18.321653 ], [ -66.677404, 18.322171 ], [ -66.67494, 18.323813 ], [ -66.671621, 18.324522 ], [ -66.669375, 18.323468 ], [ -66.666888, 18.322414 ], [ -66.664148, 18.322053 ], [ -66.662588, 18.319933 ], [ -66.661789, 18.320686 ], [ -66.657522, 18.321932 ], [ -66.656172, 18.322769 ], [ -66.654487, 18.324417 ], [ -66.65344, 18.327262 ], [ -66.652284, 18.328306 ], [ -66.650031, 18.328393 ], [ -66.648635, 18.326608 ], [ -66.645529, 18.325581 ], [ -66.642949, 18.32598 ], [ -66.642193, 18.326793 ], [ -66.639155, 18.324559 ], [ -66.636506, 18.325335 ], [ -66.634755, 18.325331 ], [ -66.63231, 18.326801 ], [ -66.632008, 18.32813 ], [ -66.628731, 18.327872 ], [ -66.624323, 18.328323 ], [ -66.621418, 18.330708 ], [ -66.619029, 18.331805 ], [ -66.616758, 18.331792 ], [ -66.615342, 18.33291 ], [ -66.614617, 18.331591 ], [ -66.612414, 18.331349 ], [ -66.611779, 18.329721 ], [ -66.609641, 18.32859 ], [ -66.606989, 18.328186 ], [ -66.611124, 18.322373 ], [ -66.607977, 18.323769 ], [ -66.606858, 18.322429 ], [ -66.605196, 18.322278 ], [ -66.604552, 18.321306 ], [ -66.602847, 18.322531 ], [ -66.600314, 18.321866 ], [ -66.598091, 18.323032 ], [ -66.594949, 18.323335 ], [ -66.594023, 18.324523 ], [ -66.592383, 18.324487 ], [ -66.591567, 18.325469 ], [ -66.590838, 18.323634 ], [ -66.586442, 18.322308 ], [ -66.585269, 18.322689 ], [ -66.583214, 18.319491 ], [ -66.58134, 18.320345 ], [ -66.581672, 18.317629 ], [ -66.583107, 18.316431 ], [ -66.58121, 18.313876 ], [ -66.57804, 18.313876 ], [ -66.576834, 18.311601 ], [ -66.575768, 18.311234 ], [ -66.575854, 18.30989 ], [ -66.572976, 18.308931 ], [ -66.572612, 18.306261 ], [ -66.570912, 18.305183 ], [ -66.57133, 18.304022 ], [ -66.570345, 18.301925 ], [ -66.569005, 18.301503 ], [ -66.56662, 18.298549 ], [ -66.569469, 18.300169 ], [ -66.573338, 18.300317 ], [ -66.573256, 18.299327 ], [ -66.574366, 18.295937 ], [ -66.573365, 18.294931 ], [ -66.573305, 18.290944 ], [ -66.574618, 18.291226 ], [ -66.574483, 18.288643 ], [ -66.575903, 18.286382 ], [ -66.578757, 18.284049 ], [ -66.580381, 18.284672 ], [ -66.582224, 18.284382 ], [ -66.583832, 18.283935 ], [ -66.587297, 18.284061 ], [ -66.589807, 18.283486 ], [ -66.590357, 18.283954 ], [ -66.591971, 18.282972 ], [ -66.592922, 18.283848 ], [ -66.594137, 18.283274 ], [ -66.595059, 18.284705 ], [ -66.595616, 18.283297 ], [ -66.596582, 18.284384 ], [ -66.597532, 18.283943 ], [ -66.597604, 18.282806 ], [ -66.598675, 18.281952 ], [ -66.596154, 18.282677 ], [ -66.595975, 18.281517 ], [ -66.597066, 18.281113 ], [ -66.59806, 18.279245 ], [ -66.596166, 18.278732 ], [ -66.595288, 18.27691 ], [ -66.596886, 18.27457 ], [ -66.596329, 18.273162 ], [ -66.596449, 18.270785 ], [ -66.59801, 18.270028 ], [ -66.598974, 18.268716 ], [ -66.599282, 18.266073 ], [ -66.60137, 18.264715 ], [ -66.601198, 18.264304 ], [ -66.599655, 18.262628 ], [ -66.597797, 18.261554 ], [ -66.597374, 18.260431 ], [ -66.599093, 18.258788 ], [ -66.600466, 18.255136 ], [ -66.59927, 18.253934 ], [ -66.599745, 18.251874 ], [ -66.602141, 18.251465 ], [ -66.603119, 18.248726 ], [ -66.604788, 18.246991 ], [ -66.60381, 18.246213 ], [ -66.604633, 18.242935 ], [ -66.606736, 18.23848 ], [ -66.607963, 18.240192 ], [ -66.611029, 18.241683 ], [ -66.612776, 18.241854 ], [ -66.613254, 18.243666 ], [ -66.614782, 18.243883 ], [ -66.616125, 18.247322 ], [ -66.617254, 18.247248 ], [ -66.618328, 18.248864 ], [ -66.619671, 18.249353 ], [ -66.622383, 18.248696 ], [ -66.624977, 18.246876 ], [ -66.625564, 18.235474 ], [ -66.626513, 18.233509 ], [ -66.628729, 18.236077 ], [ -66.629555, 18.234903 ], [ -66.63005, 18.234588 ], [ -66.629851, 18.233229 ], [ -66.626879, 18.230037 ], [ -66.628418, 18.225014 ], [ -66.628131, 18.22306 ], [ -66.629527, 18.220636 ], [ -66.628271, 18.215899 ], [ -66.628431, 18.214298 ], [ -66.63029, 18.214445 ], [ -66.631797, 18.21347 ], [ -66.634086, 18.211019 ], [ -66.636753, 18.207613 ], [ -66.638913, 18.207609 ], [ -66.63968, 18.207003 ], [ -66.638335, 18.203097 ], [ -66.639939, 18.200857 ], [ -66.639729, 18.20023 ], [ -66.640681, 18.197026 ], [ -66.642883, 18.196188 ], [ -66.64375, 18.194608 ], [ -66.641929, 18.192874 ], [ -66.642066, 18.188958 ], [ -66.640898, 18.187294 ], [ -66.64221, 18.183241 ], [ -66.647667, 18.18375 ], [ -66.652243, 18.182497 ], [ -66.651489, 18.179265 ], [ -66.650616, 18.175848 ], [ -66.650502, 18.173691 ], [ -66.651748, 18.173419 ], [ -66.653401, 18.170708 ], [ -66.65455, 18.169591 ], [ -66.651568, 18.169507 ], [ -66.651661, 18.166226 ], [ -66.65087, 18.163982 ], [ -66.649573, 18.162973 ], [ -66.650358, 18.160579 ], [ -66.649467, 18.158857 ], [ -66.650628, 18.158501 ], [ -66.653183, 18.159149 ], [ -66.654594, 18.15859 ], [ -66.65675, 18.156597 ], [ -66.660323, 18.156855 ], [ -66.662885, 18.155415 ], [ -66.66423, 18.153584 ], [ -66.669569, 18.152267 ], [ -66.670494, 18.152831 ], [ -66.671945, 18.15323 ], [ -66.675622, 18.150743 ], [ -66.67699, 18.150955 ], [ -66.676689, 18.153258 ], [ -66.675698, 18.153903 ], [ -66.676235, 18.155841 ], [ -66.677066, 18.157106 ], [ -66.676787, 18.160387 ], [ -66.675486, 18.160831 ], [ -66.673155, 18.162604 ], [ -66.67055, 18.163784 ], [ -66.670241, 18.165638 ], [ -66.671773, 18.166734 ], [ -66.670807, 18.167638 ], [ -66.669568, 18.167344 ], [ -66.667818, 18.168123 ], [ -66.667072, 18.170882 ], [ -66.664811, 18.172616 ], [ -66.664697, 18.175465 ], [ -66.666782, 18.176332 ], [ -66.667662, 18.176016 ], [ -66.670441, 18.179637 ], [ -66.671864, 18.1803 ], [ -66.672963, 18.181949 ], [ -66.676062, 18.182921 ], [ -66.67851, 18.185337 ], [ -66.680358, 18.185956 ], [ -66.681795, 18.188217 ], [ -66.681943, 18.189982 ], [ -66.684721, 18.194102 ], [ -66.68507, 18.197073 ], [ -66.682663, 18.198486 ], [ -66.681303, 18.20045 ], [ -66.681099, 18.202391 ], [ -66.681163, 18.203515 ], [ -66.68132, 18.204165 ], [ -66.686605, 18.209209 ], [ -66.687383, 18.210019 ], [ -66.688543, 18.210337 ], [ -66.691841, 18.211802 ], [ -66.692572, 18.215883 ], [ -66.69373, 18.216891 ], [ -66.696302, 18.215342 ], [ -66.700079, 18.215995 ], [ -66.701102, 18.217122 ], [ -66.707725, 18.216701 ], [ -66.709892, 18.218406 ], [ -66.71111, 18.218201 ], [ -66.713559, 18.219899 ], [ -66.715475, 18.220193 ], [ -66.715734, 18.220673 ], [ -66.716077, 18.221296 ], [ -66.718468, 18.220531 ], [ -66.720096, 18.221935 ], [ -66.722795, 18.221209 ], [ -66.724771, 18.220887 ], [ -66.72675, 18.223402 ], [ -66.729926, 18.22526 ], [ -66.732181, 18.225759 ], [ -66.735977, 18.224199 ], [ -66.739358, 18.220517 ], [ -66.741207, 18.221623 ], [ -66.743206, 18.22249 ], [ -66.74575, 18.221937 ], [ -66.748107, 18.222169 ], [ -66.751371, 18.223839 ], [ -66.753639, 18.223878 ], [ -66.755807, 18.223289 ], [ -66.756518, 18.225178 ], [ -66.758606, 18.225107 ], [ -66.760626, 18.225895 ], [ -66.760261, 18.227762 ], [ -66.760827, 18.229525 ], [ -66.762729, 18.230947 ], [ -66.761591, 18.231392 ], [ -66.76174, 18.232504 ], [ -66.762993, 18.232994 ], [ -66.76408, 18.234512 ], [ -66.764751, 18.237695 ], [ -66.766915, 18.238687 ], [ -66.769554, 18.24159 ], [ -66.773759, 18.241278 ], [ -66.774341, 18.242289 ], [ -66.77596, 18.242949 ], [ -66.777732, 18.246282 ], [ -66.777346, 18.247212 ], [ -66.781701, 18.250248 ], [ -66.782514, 18.250325 ], [ -66.785038, 18.248567 ], [ -66.786697, 18.248449 ], [ -66.78899, 18.24977 ], [ -66.794425, 18.24988 ], [ -66.794319, 18.246838 ], [ -66.795294, 18.245847 ], [ -66.794819, 18.243341 ], [ -66.795957, 18.242516 ], [ -66.7966, 18.243631 ], [ -66.798839, 18.243714 ], [ -66.800355, 18.242347 ], [ -66.800591, 18.240144 ], [ -66.799223, 18.240176 ], [ -66.800323, 18.237776 ], [ -66.799531, 18.237171 ], [ -66.800169, 18.235588 ], [ -66.799972, 18.234023 ], [ -66.798759, 18.230026 ], [ -66.800469, 18.227842 ], [ -66.803512, 18.227425 ], [ -66.806867, 18.228414 ], [ -66.808108, 18.228211 ], [ -66.809741, 18.229475 ], [ -66.811088, 18.228817 ], [ -66.813167, 18.229279 ], [ -66.814672, 18.230319 ], [ -66.817271, 18.230336 ], [ -66.817133, 18.23446 ], [ -66.817558, 18.235424 ], [ -66.820308, 18.236837 ], [ -66.823511, 18.23971 ], [ -66.823314, 18.240816 ], [ -66.824189, 18.242022 ], [ -66.82418, 18.243348 ], [ -66.825706, 18.244294 ], [ -66.827209, 18.244096 ], [ -66.826927, 18.247624 ], [ -66.826346, 18.249265 ], [ -66.826764, 18.25055 ], [ -66.826687, 18.25312 ], [ -66.825568, 18.253643 ], [ -66.826188, 18.254813 ], [ -66.826139, 18.257034 ], [ -66.827562, 18.260158 ], [ -66.825896, 18.262416 ], [ -66.824887, 18.262972 ], [ -66.82616, 18.26444 ], [ -66.825382, 18.266881 ], [ -66.828759, 18.269083 ], [ -66.828509, 18.27101 ], [ -66.827121, 18.272805 ], [ -66.827606, 18.276021 ], [ -66.826881, 18.276301 ], [ -66.827265, 18.277893 ], [ -66.830484, 18.277751 ], [ -66.830253, 18.27915 ], [ -66.830839, 18.280476 ], [ -66.829893, 18.280954 ], [ -66.828601, 18.282835 ], [ -66.829836, 18.283211 ], [ -66.828851, 18.284895 ], [ -66.831215, 18.285175 ], [ -66.829802, 18.285556 ] ] ] ] } },
{ "type": "Feature", "properties": { "STATEFP": "72", "COUNTYFP": "023", "COUNTYNS": "01804491", "GEOIDFQ": "0500000US72023", "GEOID": "72023", "NAME": "Cabo Rojo", "NAMELSAD": "Cabo Rojo Municipio", "STUSPS": "PR", "STATE_NAME": "Puerto Rico", "LSAD": "13", "ALAND": 182247776.0, "AWATER": 277245345.0 }, "geometry": { "type": "MultiPolygon", "coordinates": [ [ [ [ -67.213775180015801, 17.987862603084199 ], [ -67.213705, 17.988128 ], [ -67.212289, 17.98999 ], [ -67.212806, 17.992007 ], [ -67.205448, 17.999269 ], [ -67.200834, 18.001284 ], [ -67.197751209380201, 18.0023054648567 ], [ -67.192037400608697, 18.004198702373699 ], [ -67.191282, 18.004449 ], [ -67.183105, 18.007958 ], [ -67.17821, 18.00897 ], [ -67.178177095769797, 18.008987598528599 ], [ -67.177709977552198, 18.0092374324636 ], [ -67.174939431444301, 18.010719233879101 ], [ -67.174407, 18.011004 ], [ -67.172505, 18.015751 ], [ -67.171792, 18.021401 ], [ -67.173347000973294, 18.023791303340701 ], [ -67.173585258652693, 18.024157546280101 ], [ -67.173777435739396, 18.024452955440701 ], [ -67.173804206888505, 18.024494107290899 ], [ -67.174938847353303, 18.026238244394499 ], [ -67.17537, 18.026901 ], [ -67.177042828838495, 18.027729558821601 ], [ -67.177393, 18.027903 ], [ -67.177721798595101, 18.027298535006601 ], [ -67.178127431949605, 18.026552816604699 ], [ -67.178346, 18.026151 ], [ -67.180097, 18.026541 ], [ -67.179498, 18.029393 ], [ -67.181023, 18.030726 ], [ -67.181704, 18.03036 ], [ -67.182735, 18.027477 ], [ -67.185609, 18.028377 ], [ -67.185422, 18.029648 ], [ -67.1857913689676, 18.029929140550699 ], [ -67.186477, 18.030451 ], [ -67.187926, 18.02968 ], [ -67.191462, 18.031204 ], [ -67.197612, 18.032471 ], [ -67.20194, 18.034031 ], [ -67.203897, 18.036454 ], [ -67.205197, 18.036491 ], [ -67.208934, 18.034998 ], [ -67.209728, 18.035182 ], [ -67.209785202887005, 18.0358710347748 ], [ -67.209816, 18.036242 ], [ -67.205287206364702, 18.040906993008001 ], [ -67.202933, 18.043332 ], [ -67.199269, 18.046651 ], [ -67.198533, 18.048437 ], [ -67.198584, 18.050459 ], [ -67.201084, 18.054495 ], [ -67.201652, 18.05677 ], [ -67.200123, 18.059999 ], [ -67.19792, 18.062822 ], [ -67.196721, 18.066011 ], [ -67.195919, 18.066135 ], [ -67.193823, 18.065135 ], [ -67.190565, 18.064345 ], [ -67.189311961419804, 18.065298995726501 ], [ -67.186731, 18.067264 ], [ -67.184638, 18.067824 ], [ -67.184063, 18.069995 ], [ -67.186318, 18.073685 ], [ -67.192297, 18.07693 ], [ -67.193, 18.076616 ], [ -67.193044450817695, 18.076051286795298 ], [ -67.193213, 18.07391 ], [ -67.194984, 18.072836 ], [ -67.196016, 18.072781 ], [ -67.197254231224804, 18.0749088794195 ], [ -67.198943, 18.077811 ], [ -67.199077, 18.081464 ], [ -67.198754028522998, 18.0834896269334 ], [ -67.198356, 18.085986 ], [ -67.195344, 18.088519 ], [ -67.195713, 18.08934 ], [ -67.199202, 18.089694 ], [ -67.199394, 18.091108 ], [ -67.195176, 18.094209 ], [ -67.194962, 18.097149 ], [ -67.194348217625901, 18.0974812027033 ], [ -67.190469940165499, 18.099580276106199 ], [ -67.187954, 18.100942 ], [ -67.183914, 18.103879 ], [ -67.183762811816095, 18.1044332355298 ], [ -67.182764192873407, 18.108094038144099 ], [ -67.18225, 18.109979 ], [ -67.182023839264005, 18.113627979941398 ], [ -67.182012, 18.113819 ], [ -67.183995822764203, 18.119263388361599 ], [ -67.184152, 18.119692 ], [ -67.183201, 18.123081 ], [ -67.183578, 18.129392 ], [ -67.186223, 18.131388 ], [ -67.186528, 18.136633 ], [ -67.185680956501201, 18.137011863267901 ], [ -67.182488, 18.13844 ], [ -67.179018812208597, 18.143019360322199 ], [ -67.17821, 18.144087 ], [ -67.176783, 18.150411 ], [ -67.177947, 18.158937 ], [ -67.182632, 18.160827 ], [ -67.185266, 18.164908 ], [ -67.182739, 18.168092 ], [ -67.180301, 18.167992 ], [ -67.180197996112597, 18.168123929903398 ], [ -67.180085, 18.168111 ], [ -67.177874, 18.165595 ], [ -67.174251, 18.163576 ], [ -67.173015, 18.162471 ], [ -67.171331, 18.159301 ], [ -67.167312, 18.158915 ], [ -67.166165, 18.158382 ], [ -67.165997, 18.157368 ], [ -67.166722, 18.1555 ], [ -67.164245, 18.155041 ], [ -67.162066, 18.152415 ], [ -67.159733, 18.153227 ], [ -67.158374, 18.151887 ], [ -67.156421, 18.151561 ], [ -67.156013, 18.15012 ], [ -67.153478, 18.149192 ], [ -67.153978, 18.145299 ], [ -67.152428, 18.145718 ], [ -67.151012, 18.144689 ], [ -67.151502, 18.141995 ], [ -67.149985, 18.142225 ], [ -67.149586, 18.143464 ], [ -67.148452, 18.140715 ], [ -67.146659, 18.140989 ], [ -67.146318, 18.139626 ], [ -67.141189, 18.137063 ], [ -67.140598, 18.133081 ], [ -67.136507, 18.133013 ], [ -67.136552, 18.131487 ], [ -67.135045, 18.132368 ], [ -67.133754, 18.131867 ], [ -67.133178, 18.129935 ], [ -67.133639, 18.12966 ], [ -67.134926, 18.129752 ], [ -67.136059, 18.127866 ], [ -67.134653, 18.12513 ], [ -67.135345, 18.124465 ], [ -67.13345, 18.123016 ], [ -67.133158, 18.121415 ], [ -67.13215, 18.12051 ], [ -67.13131, 18.12096 ], [ -67.128363, 18.11999 ], [ -67.127807, 18.118265 ], [ -67.126157, 18.115143 ], [ -67.123039, 18.113646 ], [ -67.121959, 18.11411 ], [ -67.119512, 18.111858 ], [ -67.118868, 18.112014 ], [ -67.116012, 18.111377 ], [ -67.112388, 18.108761 ], [ -67.110723, 18.108725 ], [ -67.107108, 18.105967 ], [ -67.104977, 18.105977 ], [ -67.103154, 18.105206 ], [ -67.100492, 18.106395 ], [ -67.099385, 18.105735 ], [ -67.102635, 18.104554 ], [ -67.10271, 18.09956 ], [ -67.104044, 18.098804 ], [ -67.103981, 18.094749 ], [ -67.103132, 18.092044 ], [ -67.10472, 18.090089 ], [ -67.10523, 18.087749 ], [ -67.104766, 18.085394 ], [ -67.105856, 18.084012 ], [ -67.104757, 18.081525 ], [ -67.106123, 18.079693 ], [ -67.105566, 18.073861 ], [ -67.103747, 18.074494 ], [ -67.101267, 18.074203 ], [ -67.100431, 18.07238 ], [ -67.098692, 18.071537 ], [ -67.098626, 18.071374 ], [ -67.09912, 18.067358 ], [ -67.103198, 18.065741 ], [ -67.104589, 18.063248 ], [ -67.10711, 18.06178 ], [ -67.109044, 18.056085 ], [ -67.110675, 18.05111 ], [ -67.113045, 18.048383 ], [ -67.114143, 18.046226 ], [ -67.113657, 18.04305 ], [ -67.112252, 18.042615 ], [ -67.110922, 18.0396 ], [ -67.113195, 18.037828 ], [ -67.115515, 18.033967 ], [ -67.115765, 18.031462 ], [ -67.1134, 18.030365 ], [ -67.1138, 18.029106 ], [ -67.113293, 18.027364 ], [ -67.113393, 18.024032 ], [ -67.110681, 18.018314 ], [ -67.110119, 18.015643 ], [ -67.111255, 18.012541 ], [ -67.109719, 18.009864 ], [ -67.109588, 17.998722 ], [ -67.109476, 17.996968 ], [ -67.10937, 17.981337 ], [ -67.109997, 17.979385 ], [ -67.109247, 17.977825 ], [ -67.107828, 17.977127 ], [ -67.105444, 17.976958 ], [ -67.103061, 17.976077 ], [ -67.102278, 17.974957 ], [ -67.10398, 17.970331 ], [ -67.105926, 17.967848 ], [ -67.106046, 17.966122 ], [ -67.107274, 17.963823 ], [ -67.106471, 17.957237 ], [ -67.107428, 17.954614 ], [ -67.107679, 17.951999 ], [ -67.109513, 17.948908 ], [ -67.109819118674096, 17.9463427801109 ], [ -67.111919, 17.946357 ], [ -67.113279447803706, 17.947524856142699 ], [ -67.114277242463899, 17.9483813980988 ], [ -67.116341, 17.950153 ], [ -67.138629, 17.952834 ], [ -67.141845, 17.954035 ], [ -67.147321, 17.953808 ], [ -67.149613, 17.955316 ], [ -67.150809647673597, 17.955274103569799 ], [ -67.157439, 17.955042 ], [ -67.161771, 17.962153 ], [ -67.164916636942607, 17.963811002114401 ], [ -67.167901, 17.965384 ], [ -67.168016025419902, 17.965399782045498 ], [ -67.174169, 17.966244 ], [ -67.180586, 17.964435 ], [ -67.186607, 17.961221 ], [ -67.191889, 17.953616 ], [ -67.1918410392298, 17.952729499312699 ], [ -67.191668193717703, 17.949534645168999 ], [ -67.19161, 17.948459 ], [ -67.190609023681404, 17.945731 ], [ -67.189092527468304, 17.941598033422999 ], [ -67.188883, 17.941027 ], [ -67.185374, 17.939601 ], [ -67.183735251396897, 17.938399315062998 ], [ -67.183668, 17.93835 ], [ -67.182761327454301, 17.934499535316601 ], [ -67.182728, 17.934358 ], [ -67.183438, 17.93097 ], [ -67.186055, 17.931152 ], [ -67.187452, 17.933056 ], [ -67.187529, 17.935406 ], [ -67.189801, 17.935585 ], [ -67.190146, 17.933821 ], [ -67.191386, 17.932746 ], [ -67.192774574297303, 17.9327768061185 ], [ -67.194406, 17.932813 ], [ -67.196785, 17.937021 ], [ -67.195814207611804, 17.937797713126599 ], [ -67.194334, 17.938982 ], [ -67.193279, 17.942047 ], [ -67.193785086233504, 17.944629561854899 ], [ -67.194609, 17.948834 ], [ -67.199363, 17.952678 ], [ -67.200500046786999, 17.952825431195599 ], [ -67.204592, 17.953356 ], [ -67.211919247805696, 17.952707944839499 ], [ -67.212744, 17.952635 ], [ -67.212700509730098, 17.953213885049198 ], [ -67.212435, 17.956748 ], [ -67.213056499564303, 17.9591432174219 ], [ -67.214037, 17.962922 ], [ -67.212476, 17.968613 ], [ -67.212614745585498, 17.973342510875 ], [ -67.2127220875837, 17.977001547275702 ], [ -67.212727, 17.977169 ], [ -67.215079, 17.982932 ], [ -67.213775180015801, 17.987862603084199 ] ] ] ] } },
{ "type": "Feature", "properties": { "STATEFP": "72", "COUNTYFP": "017", "COUNTYNS": "01804488", "GEOIDFQ": "0500000US72017", "GEOID": "72017", "NAME": "Barceloneta", "NAMELSAD": "Barceloneta Municipio", "STUSPS": "PR", "STATE_NAME": "Puerto Rico", "LSAD": "13", "ALAND": 48421894.0, "AWATER": 31649450.0 }, "geometry": { "type": "MultiPolygon", "coordinates": [ [ [ [ -66.593456, 18.399407 ], [ -66.591024, 18.410148 ], [ -66.59095, 18.410472 ], [ -66.587619, 18.410307 ], [ -66.587328, 18.411077 ], [ -66.586445, 18.413821 ], [ -66.586209, 18.415138 ], [ -66.585273, 18.419687 ], [ -66.583822, 18.431849 ], [ -66.583222, 18.437781 ], [ -66.584138, 18.438677 ], [ -66.584273, 18.43859 ], [ -66.586608, 18.437409 ], [ -66.58777, 18.437599 ], [ -66.587782, 18.441193 ], [ -66.585599, 18.44142 ], [ -66.582745, 18.441656 ], [ -66.580815, 18.459466 ], [ -66.580507, 18.463406 ], [ -66.579868, 18.467957 ], [ -66.582038, 18.466195 ], [ -66.584675, 18.467122 ], [ -66.586567, 18.468864 ], [ -66.588873, 18.473419 ], [ -66.588854, 18.473525 ], [ -66.586966, 18.48391 ], [ -66.586751107552701, 18.4851010587685 ], [ -66.578544, 18.484352 ], [ -66.56886, 18.486304 ], [ -66.565883, 18.485355 ], [ -66.562976, 18.486401 ], [ -66.561229, 18.489952 ], [ -66.556272512444295, 18.488134588764201 ], [ -66.55614, 18.488086 ], [ -66.552793, 18.487177 ], [ -66.549802775195502, 18.486941509207998 ], [ -66.549263, 18.486899 ], [ -66.534721, 18.481063 ], [ -66.533215271225501, 18.481555288321299 ], [ -66.534434, 18.478544 ], [ -66.531234, 18.474036 ], [ -66.530264, 18.470077 ], [ -66.53067, 18.465104 ], [ -66.531606, 18.46237 ], [ -66.532174, 18.461186 ], [ -66.53682, 18.457366 ], [ -66.537215, 18.456944 ], [ -66.537541, 18.456398 ], [ -66.537686, 18.453466 ], [ -66.536686, 18.453241 ], [ -66.534796, 18.455319 ], [ -66.532897, 18.456447 ], [ -66.53033, 18.456855 ], [ -66.527334, 18.45601 ], [ -66.526258, 18.45468 ], [ -66.526585, 18.453602 ], [ -66.530832, 18.449809 ], [ -66.53272, 18.448919 ], [ -66.536754, 18.447805 ], [ -66.538202, 18.446713 ], [ -66.539331, 18.445484 ], [ -66.540115, 18.443695 ], [ -66.538765, 18.443589 ], [ -66.536716, 18.444511 ], [ -66.534943, 18.443249 ], [ -66.532731, 18.442946 ], [ -66.535231, 18.441442 ], [ -66.536501, 18.439648 ], [ -66.537521, 18.435923 ], [ -66.536488, 18.434661 ], [ -66.53532, 18.434257 ], [ -66.530912, 18.434367 ], [ -66.530181, 18.437009 ], [ -66.53145, 18.43812 ], [ -66.531848, 18.439409 ], [ -66.530137, 18.440404 ], [ -66.530035, 18.441551 ], [ -66.528892, 18.441734 ], [ -66.52766, 18.440408 ], [ -66.527306, 18.43682 ], [ -66.528094, 18.434692 ], [ -66.52713, 18.432393 ], [ -66.525808, 18.432824 ], [ -66.524006, 18.431402 ], [ -66.522371, 18.433236 ], [ -66.52118, 18.431529 ], [ -66.522694, 18.429617 ], [ -66.523231, 18.431002 ], [ -66.526707, 18.430737 ], [ -66.526342, 18.429078 ], [ -66.526948, 18.428182 ], [ -66.526703, 18.427356 ], [ -66.526651, 18.426883 ], [ -66.529919, 18.424526 ], [ -66.533044, 18.423972 ], [ -66.534722, 18.421974 ], [ -66.541582, 18.41911 ], [ -66.543567, 18.418767 ], [ -66.542235, 18.416587 ], [ -66.542771, 18.41471 ], [ -66.543139, 18.413552 ], [ -66.54303, 18.409527 ], [ -66.543509, 18.408404 ], [ -66.543079, 18.405422 ], [ -66.547199, 18.404926 ], [ -66.550843, 18.406387 ], [ -66.552024, 18.409988 ], [ -66.553101, 18.411643 ], [ -66.558868, 18.411918 ], [ -66.564313, 18.413309 ], [ -66.5704, 18.411224 ], [ -66.570525, 18.409758 ], [ -66.571935, 18.409016 ], [ -66.573344, 18.407056 ], [ -66.574973, 18.406403 ], [ -66.575711, 18.400658 ], [ -66.576933, 18.398906 ], [ -66.578249, 18.398461 ], [ -66.578844, 18.394958 ], [ -66.582614, 18.395609 ], [ -66.583546, 18.391244 ], [ -66.582868, 18.389499 ], [ -66.588181, 18.389408 ], [ -66.588807, 18.389514 ], [ -66.590075, 18.389736 ], [ -66.591325, 18.391991 ], [ -66.589836, 18.393348 ], [ -66.59093, 18.39671 ], [ -66.592617, 18.397895 ], [ -66.593456, 18.399407 ] ] ] ] } },
{ "type": "Feature", "properties": { "STATEFP": "72", "COUNTYFP": "037", "COUNTYNS": "01804498", "GEOIDFQ": "0500000US72037", "GEOID": "72037", "NAME": "Ceiba", "NAMELSAD": "Ceiba Municipio", "STUSPS": "PR", "STATE_NAME": "Puerto Rico", "LSAD": "13", "ALAND": 75201649.0, "AWATER": 336178484.0 }, "geometry": { "type": "MultiPolygon", "coordinates": [ [ [ [ -65.580154, 18.247653 ], [ -65.578205, 18.249531 ], [ -65.576555, 18.250146 ], [ -65.575767, 18.249155 ], [ -65.578126, 18.246248 ], [ -65.579433, 18.246377 ], [ -65.580154, 18.247653 ] ] ], [ [ [ -65.5995, 18.255629 ], [ -65.598314, 18.255005 ], [ -65.592116, 18.255832 ], [ -65.588875, 18.25381 ], [ -65.586565, 18.256526 ], [ -65.58561, 18.256473 ], [ -65.585265, 18.255796 ], [ -65.585657, 18.253374 ], [ -65.584035, 18.251108 ], [ -65.582781, 18.248302 ], [ -65.583535, 18.24754 ], [ -65.588313, 18.24709 ], [ -65.592816, 18.249492 ], [ -65.596161, 18.248937 ], [ -65.596292, 18.248001 ], [ -65.597905, 18.247743 ], [ -65.599368, 18.248785 ], [ -65.599034, 18.251936 ], [ -65.60046, 18.254858 ], [ -65.5995, 18.255629 ] ] ], [ [ [ -65.604838, 18.213663 ], [ -65.603074, 18.213762 ], [ -65.601614, 18.213145 ], [ -65.599513, 18.213278 ], [ -65.5989621519346, 18.212893306700199 ], [ -65.59884, 18.212808 ], [ -65.599037, 18.211088 ], [ -65.599949, 18.211067 ], [ -65.601025, 18.211242 ], [ -65.602293, 18.211305 ], [ -65.603052, 18.210965 ], [ -65.604329, 18.210864 ], [ -65.605113, 18.211478 ], [ -65.604838, 18.213663 ] ] ], [ [ [ -65.765593, 18.283391 ], [ -65.761818, 18.289268 ], [ -65.760492, 18.289234 ], [ -65.758861, 18.290604 ], [ -65.757383, 18.293022 ], [ -65.753591, 18.296755 ], [ -65.752748, 18.295111 ], [ -65.749216, 18.293838 ], [ -65.748644, 18.29278 ], [ -65.74547, 18.291189 ], [ -65.744001, 18.28874 ], [ -65.74196, 18.288085 ], [ -65.740663, 18.286787 ], [ -65.738482, 18.283114 ], [ -65.737204, 18.28271 ], [ -65.738596, 18.280765 ], [ -65.740477, 18.280081 ], [ -65.737798, 18.276931 ], [ -65.738287, 18.275064 ], [ -65.737739, 18.273881 ], [ -65.735659, 18.273762 ], [ -65.734854, 18.274886 ], [ -65.732684, 18.2749 ], [ -65.727948, 18.271668 ], [ -65.724121, 18.270926 ], [ -65.722773, 18.27099 ], [ -65.721188, 18.270234 ], [ -65.719614, 18.270518 ], [ -65.719081, 18.268941 ], [ -65.71751, 18.267744 ], [ -65.715397, 18.267854 ], [ -65.714423, 18.269652 ], [ -65.712166, 18.270455 ], [ -65.710679, 18.269869 ], [ -65.708931, 18.27041 ], [ -65.705787, 18.272575 ], [ -65.703937, 18.272461 ], [ -65.702853, 18.270856 ], [ -65.699892, 18.273079 ], [ -65.701662, 18.274363 ], [ -65.702372, 18.276126 ], [ -65.700802, 18.275562 ], [ -65.700309, 18.276732 ], [ -65.701499, 18.278479 ], [ -65.701481, 18.279699 ], [ -65.700193, 18.280007 ], [ -65.69871, 18.282479 ], [ -65.69725, 18.283452 ], [ -65.696612, 18.284599 ], [ -65.695013, 18.28568 ], [ -65.693291, 18.285053 ], [ -65.69072, 18.283123 ], [ -65.689921, 18.280941 ], [ -65.687023, 18.279275 ], [ -65.686317, 18.278136 ], [ -65.685021, 18.277554 ], [ -65.683216, 18.275691 ], [ -65.680985, 18.274859 ], [ -65.67926, 18.274586 ], [ -65.676748, 18.277917 ], [ -65.675735, 18.277884 ], [ -65.674752, 18.279724 ], [ -65.674925, 18.283366 ], [ -65.673147, 18.283595 ], [ -65.671192, 18.284512 ], [ -65.669737, 18.284182 ], [ -65.668229, 18.284847 ], [ -65.666438, 18.287897 ], [ -65.662458, 18.286562 ], [ -65.662538, 18.285736 ], [ -65.659499, 18.284694 ], [ -65.657334, 18.28469 ], [ -65.656523, 18.283662 ], [ -65.655409, 18.283657 ], [ -65.654073, 18.282676 ], [ -65.650909, 18.282845 ], [ -65.649956, 18.282325 ], [ -65.64909, 18.28289 ], [ -65.645968, 18.281628 ], [ -65.640793, 18.282563 ], [ -65.641316, 18.283187 ], [ -65.638199, 18.284512 ], [ -65.636365, 18.284576 ], [ -65.635414, 18.284626 ], [ -65.634820181401494, 18.283888020586598 ], [ -65.634454, 18.28272 ], [ -65.63269, 18.280473 ], [ -65.630612, 18.280245 ], [ -65.626758, 18.281651 ], [ -65.625605, 18.28085 ], [ -65.625624, 18.279408 ], [ -65.628657, 18.278425 ], [ -65.629351, 18.276191 ], [ -65.627854, 18.274293 ], [ -65.627626, 18.272599 ], [ -65.629723, 18.271225 ], [ -65.631371, 18.26826 ], [ -65.631233, 18.265004 ], [ -65.625176, 18.256545 ], [ -65.624605, 18.2562739151473 ], [ -65.620898, 18.254514 ], [ -65.616548, 18.253811 ], [ -65.615254247901106, 18.254852738978201 ], [ -65.612477, 18.257089 ], [ -65.611109812869898, 18.2598158346253 ], [ -65.610845, 18.260344 ], [ -65.606409, 18.261756 ], [ -65.605029, 18.260064 ], [ -65.607108, 18.257564 ], [ -65.607838555247596, 18.257072275458999 ], [ -65.610121, 18.255536 ], [ -65.609432, 18.251193 ], [ -65.608778246212097, 18.250305405647399 ], [ -65.606661271145001, 18.247431211800901 ], [ -65.603547, 18.243203 ], [ -65.603708, 18.241304 ], [ -65.602306, 18.237029 ], [ -65.595173, 18.230969 ], [ -65.592998, 18.230671 ], [ -65.59064, 18.229583 ], [ -65.590348, 18.228147 ], [ -65.592833, 18.226761 ], [ -65.592994, 18.224826 ], [ -65.59502, 18.224836 ], [ -65.59928, 18.22787 ], [ -65.601856, 18.230214 ], [ -65.603283, 18.230186 ], [ -65.606043, 18.227672 ], [ -65.607329, 18.224541 ], [ -65.604801, 18.220369 ], [ -65.605489, 18.218041 ], [ -65.606503, 18.217939 ], [ -65.609786, 18.214549 ], [ -65.610283, 18.212305 ], [ -65.61099, 18.211576 ], [ -65.611994, 18.211939 ], [ -65.61271, 18.215102 ], [ -65.61175, 18.219041 ], [ -65.617208, 18.225121 ], [ -65.615794, 18.227273 ], [ -65.624030088876694, 18.232817882297098 ], [ -65.624057, 18.232836 ], [ -65.626036, 18.233147 ], [ -65.626544, 18.23513 ], [ -65.627891, 18.235531 ], [ -65.628655, 18.234488 ], [ -65.633163, 18.233506 ], [ -65.639154, 18.228204 ], [ -65.637952861109994, 18.224619821626899 ], [ -65.637718, 18.223919 ], [ -65.638734839090304, 18.221310692321499 ], [ -65.639321804645903, 18.219805059050302 ], [ -65.639392, 18.219625 ], [ -65.633378, 18.216302 ], [ -65.633491, 18.213262 ], [ -65.635869, 18.209516 ], [ -65.635834244038804, 18.209198954480001 ], [ -65.635615, 18.207199 ], [ -65.635021154304894, 18.2068303969826 ], [ -65.633648859194807, 18.205978606488198 ], [ -65.633374, 18.205808 ], [ -65.630091, 18.208309 ], [ -65.628679, 18.207824 ], [ -65.62841, 18.206521 ], [ -65.629531, 18.203848 ], [ -65.632758, 18.200569 ], [ -65.635477, 18.200708 ], [ -65.637336, 18.205352 ], [ -65.638226, 18.206595 ], [ -65.639617, 18.206302 ], [ -65.641716, 18.201979 ], [ -65.645802, 18.19972 ], [ -65.652071508005207, 18.202400031203901 ], [ -65.652551, 18.202605 ], [ -65.653741069790101, 18.2038161677822 ], [ -65.655879, 18.205992 ], [ -65.659682, 18.207572 ], [ -65.661672552744307, 18.207325456968899 ], [ -65.661893423094099, 18.207298100725399 ], [ -65.661073, 18.20908 ], [ -65.662465, 18.211681 ], [ -65.66367, 18.212396 ], [ -65.664467, 18.214373 ], [ -65.662639, 18.215144 ], [ -65.660247, 18.217772 ], [ -65.65949, 18.220373 ], [ -65.657799, 18.222497 ], [ -65.658364, 18.224498 ], [ -65.662057, 18.225157 ], [ -65.666814, 18.223125 ], [ -65.670649, 18.223033 ], [ -65.671808, 18.223665 ], [ -65.672809, 18.225451 ], [ -65.673553, 18.226098 ], [ -65.676356, 18.225222 ], [ -65.677605, 18.226662 ], [ -65.679832, 18.226749 ], [ -65.68369, 18.230437 ], [ -65.684164, 18.230463 ], [ -65.685986, 18.230285 ], [ -65.688319, 18.231615 ], [ -65.687388, 18.233129 ], [ -65.689308, 18.233789 ], [ -65.688857, 18.235702 ], [ -65.69287, 18.238225 ], [ -65.692597, 18.23924 ], [ -65.691013, 18.23939 ], [ -65.689899, 18.241497 ], [ -65.686616, 18.246165 ], [ -65.683922, 18.247276 ], [ -65.682145, 18.251614 ], [ -65.684234, 18.253503 ], [ -65.688436, 18.251596 ], [ -65.69325, 18.250774 ], [ -65.694418, 18.251901 ], [ -65.694818, 18.254574 ], [ -65.695735, 18.25543 ], [ -65.697188, 18.256708 ], [ -65.70037, 18.256849 ], [ -65.702403, 18.259473 ], [ -65.704452, 18.258227 ], [ -65.70567, 18.256561 ], [ -65.708859, 18.256109 ], [ -65.710209, 18.256477 ], [ -65.71257, 18.255624 ], [ -65.713811, 18.257191 ], [ -65.716888, 18.257785 ], [ -65.718038, 18.257357 ], [ -65.71977, 18.257727 ], [ -65.721749, 18.257372 ], [ -65.72116, 18.252737 ], [ -65.721489, 18.252304 ], [ -65.729865, 18.252922 ], [ -65.732281, 18.254106 ], [ -65.732153, 18.255598 ], [ -65.735449, 18.256139 ], [ -65.736385, 18.258175 ], [ -65.737857, 18.258801 ], [ -65.739352, 18.260759 ], [ -65.741545, 18.261303 ], [ -65.744952, 18.261527 ], [ -65.747586, 18.262811 ], [ -65.749618, 18.262803 ], [ -65.754091, 18.26497 ], [ -65.756361, 18.267574 ], [ -65.757971, 18.267523 ], [ -65.759483, 18.269673 ], [ -65.762477, 18.271581 ], [ -65.762238, 18.272415 ], [ -65.763525, 18.275614 ], [ -65.765058, 18.276303 ], [ -65.764652, 18.278267 ], [ -65.766831, 18.280004 ], [ -65.765593, 18.283391 ] ] ] ] } },
{ "type": "Feature", "properties": { "STATEFP": "72", "COUNTYFP": "113", "COUNTYNS": "01804537", "GEOIDFQ": "0500000US72113", "GEOID": "72113", "NAME": "Ponce", "NAMELSAD": "Ponce Municipio", "STUSPS": "PR", "STATE_NAME": "Puerto Rico", "LSAD": "13", "ALAND": 297688922.0, "AWATER": 203748247.0 }, "geometry": { "type": "MultiPolygon", "coordinates": [ [ [ [ -66.529902, 17.883959 ], [ -66.528357, 17.887465 ], [ -66.526099, 17.893685 ], [ -66.524079, 17.896399 ], [ -66.521821, 17.898435 ], [ -66.518643847222194, 17.899644367831499 ], [ -66.518256, 17.899792 ], [ -66.514096, 17.902845 ], [ -66.510769, 17.902053 ], [ -66.509818, 17.900583 ], [ -66.50958, 17.899339 ], [ -66.510769, 17.89753 ], [ -66.513146, 17.89606 ], [ -66.513977, 17.893911 ], [ -66.51576, 17.892441 ], [ -66.518375, 17.891536 ], [ -66.520157, 17.89131 ], [ -66.522296, 17.889614 ], [ -66.525148, 17.887239 ], [ -66.526812, 17.88475 ], [ -66.528238, 17.88328 ], [ -66.529749834186106, 17.883896908300699 ], [ -66.529902, 17.883959 ] ] ], [ [ [ -66.699138872809797, 17.9774725731539 ], [ -66.698097, 17.981617 ], [ -66.693203, 17.983328 ], [ -66.691778, 17.985012 ], [ -66.691964, 17.98684 ], [ -66.688818, 17.988359 ], [ -66.686768, 17.991486 ], [ -66.687315, 17.9929 ], [ -66.688103, 17.99319 ], [ -66.689267, 17.994045 ], [ -66.689367, 17.994321 ], [ -66.689212, 17.994571 ], [ -66.689015, 17.994717 ], [ -66.68825, 17.995923 ], [ -66.688695, 17.996907 ], [ -66.687817, 17.998414 ], [ -66.689533, 18.000602 ], [ -66.689366, 18.002286 ], [ -66.690022, 18.003736 ], [ -66.689138, 18.007357 ], [ -66.687859, 18.00963 ], [ -66.688176, 18.013355 ], [ -66.686494, 18.016031 ], [ -66.686373, 18.016852 ], [ -66.686971, 18.021125 ], [ -66.689008, 18.027648 ], [ -66.689424, 18.029842 ], [ -66.689359, 18.029939 ], [ -66.689025, 18.030298 ], [ -66.689412, 18.032112 ], [ -66.689853, 18.036041 ], [ -66.689446, 18.040257 ], [ -66.688462, 18.042315 ], [ -66.685942, 18.045486 ], [ -66.685833, 18.046161 ], [ -66.685514, 18.047329 ], [ -66.687759, 18.053009 ], [ -66.686415, 18.055146 ], [ -66.685103, 18.058894 ], [ -66.684252, 18.063451 ], [ -66.684408, 18.065014 ], [ -66.682309, 18.066288 ], [ -66.680822, 18.069522 ], [ -66.679565, 18.071102 ], [ -66.679328, 18.072408 ], [ -66.680718, 18.074786 ], [ -66.680353, 18.077052 ], [ -66.67939, 18.081123 ], [ -66.680203, 18.082103 ], [ -66.679742, 18.083462 ], [ -66.678387, 18.084757 ], [ -66.678078, 18.088758 ], [ -66.676835, 18.090626 ], [ -66.679366, 18.094662 ], [ -66.679221, 18.097888 ], [ -66.678124, 18.099953 ], [ -66.67876, 18.101538 ], [ -66.679249, 18.104557 ], [ -66.681595, 18.107415 ], [ -66.684568, 18.112033 ], [ -66.684826, 18.114964 ], [ -66.684366, 18.115775 ], [ -66.684467, 18.118586 ], [ -66.688383, 18.122696 ], [ -66.688714, 18.124287 ], [ -66.692089, 18.125629 ], [ -66.69407, 18.130534 ], [ -66.690693, 18.129625 ], [ -66.689785, 18.130745 ], [ -66.686326, 18.131822 ], [ -66.684521, 18.131627 ], [ -66.681047, 18.129585 ], [ -66.67949, 18.130049 ], [ -66.676951, 18.129977 ], [ -66.676581, 18.132887 ], [ -66.674653, 18.135721 ], [ -66.674153, 18.138981 ], [ -66.67334, 18.140087 ], [ -66.671848, 18.144823 ], [ -66.672231, 18.145782 ], [ -66.672745, 18.14763 ], [ -66.670466, 18.150784 ], [ -66.670494, 18.152831 ], [ -66.669569, 18.152267 ], [ -66.66423, 18.153584 ], [ -66.662885, 18.155415 ], [ -66.660323, 18.156855 ], [ -66.65675, 18.156597 ], [ -66.654594, 18.15859 ], [ -66.653183, 18.159149 ], [ -66.650628, 18.158501 ], [ -66.649467, 18.158857 ], [ -66.646196, 18.157308 ], [ -66.643133, 18.156747 ], [ -66.64196, 18.154124 ], [ -66.640972, 18.155022 ], [ -66.639008, 18.154351 ], [ -66.638875, 18.153221 ], [ -66.636604, 18.151677 ], [ -66.634647, 18.151257 ], [ -66.631721, 18.149772 ], [ -66.631063, 18.150389 ], [ -66.631215, 18.152598 ], [ -66.632143, 18.153421 ], [ -66.630511, 18.154813 ], [ -66.630413, 18.15585 ], [ -66.628695, 18.158625 ], [ -66.627092, 18.158573 ], [ -66.625846, 18.15702 ], [ -66.624041, 18.156512 ], [ -66.621075, 18.15789 ], [ -66.617211, 18.15792 ], [ -66.615395, 18.158939 ], [ -66.612802, 18.159077 ], [ -66.611551, 18.1611 ], [ -66.608919, 18.161952 ], [ -66.607901, 18.16413 ], [ -66.604372, 18.166258 ], [ -66.601448, 18.165295 ], [ -66.599101, 18.16741 ], [ -66.598776, 18.169939 ], [ -66.597604, 18.171098 ], [ -66.596177, 18.171397 ], [ -66.594843, 18.170608 ], [ -66.593292, 18.170745 ], [ -66.591854, 18.172042 ], [ -66.591702, 18.172156 ], [ -66.590318, 18.172162 ], [ -66.588686, 18.169614 ], [ -66.58457, 18.168387 ], [ -66.580551, 18.167968 ], [ -66.580051, 18.167322 ], [ -66.577749, 18.168171 ], [ -66.574834, 18.16823 ], [ -66.572318, 18.166061 ], [ -66.572047, 18.163913 ], [ -66.570753, 18.163809 ], [ -66.568008, 18.16221 ], [ -66.566666, 18.158881 ], [ -66.564488, 18.158831 ], [ -66.561443, 18.157695 ], [ -66.561424, 18.155069 ], [ -66.559858, 18.153864 ], [ -66.557801, 18.153303 ], [ -66.554187, 18.153009 ], [ -66.552766, 18.152057 ], [ -66.552175, 18.150881 ], [ -66.554278, 18.148202 ], [ -66.558387, 18.146035 ], [ -66.562127, 18.144581 ], [ -66.563314, 18.143281 ], [ -66.564561, 18.139412 ], [ -66.564527, 18.138354 ], [ -66.562749, 18.137087 ], [ -66.562844, 18.131942 ], [ -66.563936, 18.130446 ], [ -66.565363, 18.129715 ], [ -66.564479, 18.125083 ], [ -66.562051, 18.123015 ], [ -66.5616, 18.119026 ], [ -66.562315, 18.117828 ], [ -66.561587, 18.115293 ], [ -66.559019, 18.115424 ], [ -66.55799, 18.114986 ], [ -66.555698, 18.115719 ], [ -66.555076, 18.113582 ], [ -66.555113, 18.113104 ], [ -66.554737, 18.110242 ], [ -66.555255, 18.10875 ], [ -66.554518, 18.107805 ], [ -66.55434, 18.105481 ], [ -66.552682, 18.103477 ], [ -66.550908, 18.102052 ], [ -66.550713, 18.100248 ], [ -66.549533, 18.098436 ], [ -66.549059, 18.095624 ], [ -66.549801, 18.093982 ], [ -66.552457, 18.092478 ], [ -66.553561, 18.090342 ], [ -66.55349, 18.087985 ], [ -66.555251, 18.086526 ], [ -66.55542, 18.084516 ], [ -66.551382, 18.081792 ], [ -66.549802, 18.078777 ], [ -66.550483, 18.077506 ], [ -66.550298, 18.076099 ], [ -66.548702, 18.072935 ], [ -66.545913, 18.070238 ], [ -66.545258, 18.068753 ], [ -66.546223, 18.065985 ], [ -66.546062, 18.06255 ], [ -66.544201, 18.059758 ], [ -66.543844, 18.05774 ], [ -66.546173, 18.053798 ], [ -66.545652, 18.05238 ], [ -66.5441, 18.051675 ], [ -66.542961, 18.050536 ], [ -66.54185, 18.045188 ], [ -66.537695, 18.041769 ], [ -66.53734, 18.041286 ], [ -66.537689, 18.039754 ], [ -66.537968, 18.038278 ], [ -66.539598, 18.03569 ], [ -66.542264, 18.03287 ], [ -66.54236, 18.031468 ], [ -66.538905, 18.025506 ], [ -66.540659, 18.022861 ], [ -66.540666, 18.022781 ], [ -66.539225, 18.022675 ], [ -66.538374, 18.022697 ], [ -66.537713, 18.021788 ], [ -66.535803, 18.016391 ], [ -66.5372, 18.013056 ], [ -66.535128, 18.010785 ], [ -66.535109, 18.008266 ], [ -66.533374, 18.005895 ], [ -66.533339, 18.005729 ], [ -66.532833, 18.004374 ], [ -66.53042, 18.003075 ], [ -66.530668, 18.001255 ], [ -66.532627, 17.999781 ], [ -66.532388, 17.998665 ], [ -66.534037, 17.997687 ], [ -66.536489, 17.997555 ], [ -66.535707, 17.996682 ], [ -66.536466, 17.996036 ], [ -66.535709, 17.994003 ], [ -66.535781, 17.992778 ], [ -66.540091, 17.994022 ], [ -66.541596, 17.991605 ], [ -66.541712, 17.990385 ], [ -66.540643, 17.989848 ], [ -66.539914, 17.988232 ], [ -66.540462, 17.986764 ], [ -66.538961, 17.985814 ], [ -66.539484, 17.983672 ], [ -66.538478, 17.981681 ], [ -66.539824, 17.981195 ], [ -66.539733, 17.978612 ], [ -66.537774, 17.977455 ], [ -66.537693, 17.976582 ], [ -66.537878, 17.976392 ], [ -66.539231, 17.976842 ], [ -66.540736, 17.975179 ], [ -66.538797561399605, 17.973975252806799 ], [ -66.538976902268601, 17.973897510575298 ], [ -66.54006, 17.973428 ], [ -66.543077, 17.973603 ], [ -66.545688, 17.974415 ], [ -66.548146, 17.974294 ], [ -66.553825, 17.972348 ], [ -66.558274890450406, 17.968720149019699 ], [ -66.558816, 17.968279 ], [ -66.567426, 17.967026 ], [ -66.574610643514504, 17.9637389000948 ], [ -66.579019, 17.961722 ], [ -66.583535, 17.961948 ], [ -66.586149, 17.966696 ], [ -66.589279106723097, 17.96876179189 ], [ -66.590931, 17.969852 ], [ -66.595797, 17.97048 ], [ -66.597921, 17.968484 ], [ -66.599752847918396, 17.968940959874601 ], [ -66.600663, 17.969168 ], [ -66.606675375139403, 17.968567667964201 ], [ -66.607303, 17.968505 ], [ -66.607500269777105, 17.968144246982199 ], [ -66.609395891530795, 17.964677667974001 ], [ -66.609656, 17.964202 ], [ -66.613313, 17.963252 ], [ -66.616133985070803, 17.966662087216299 ], [ -66.616258, 17.966812 ], [ -66.6203, 17.968136 ], [ -66.62021, 17.969202 ], [ -66.616129, 17.971794 ], [ -66.616435716285807, 17.972775360828798 ], [ -66.617998, 17.977774 ], [ -66.622514, 17.980713 ], [ -66.623850435710295, 17.981257801015701 ], [ -66.627506, 17.982748 ], [ -66.629060226621803, 17.982634306775701 ], [ -66.629090121548003, 17.982632119932099 ], [ -66.633685, 17.982296 ], [ -66.636159802231703, 17.9820413154401 ], [ -66.637948619173599, 17.981857226364301 ], [ -66.642479, 17.981391 ], [ -66.64961, 17.979357 ], [ -66.655552, 17.976644 ], [ -66.660305, 17.973026 ], [ -66.660958260441603, 17.972117989127199 ], [ -66.661875743553097, 17.9708427172943 ], [ -66.662829668183704, 17.969516792929099 ], [ -66.663395, 17.968731 ], [ -66.665947, 17.969539 ], [ -66.666893, 17.968149 ], [ -66.673782, 17.967079 ], [ -66.676672, 17.971462 ], [ -66.679803, 17.973765 ], [ -66.681782824836503, 17.973846258727399 ], [ -66.687892, 17.974097 ], [ -66.688552514994697, 17.974247688477401 ], [ -66.693948227565301, 17.975478654796898 ], [ -66.695668, 17.975871 ], [ -66.699061057400698, 17.9774366666033 ], [ -66.699138872809797, 17.9774725731539 ] ] ] ] } },
{ "type": "Feature", "properties": { "STATEFP": "72", "COUNTYFP": "097", "COUNTYNS": "01804529", "GEOIDFQ": "0500000US72097", "GEOID": "72097", "NAME": "Mayagüez", "NAMELSAD": "Mayagüez Municipio", "STUSPS": "PR", "STATE_NAME": "Puerto Rico", "LSAD": "13", "ALAND": 200954973.0, "AWATER": 508925231.0 }, "geometry": { "type": "MultiPolygon", "coordinates": [ [ [ [ -67.1876769254565, 18.2668432659949 ], [ -67.181412, 18.267159 ], [ -67.173877, 18.26782 ], [ -67.170171, 18.26862 ], [ -67.163769, 18.270832 ], [ -67.162227, 18.272077 ], [ -67.161614, 18.272646 ], [ -67.159494, 18.273504 ], [ -67.155921, 18.273133 ], [ -67.154488, 18.271888 ], [ -67.153177, 18.271888 ], [ -67.154164, 18.270517 ], [ -67.15317, 18.268711 ], [ -67.151403, 18.269246 ], [ -67.150187, 18.268361 ], [ -67.149017, 18.268541 ], [ -67.148394, 18.269733 ], [ -67.15065, 18.270359 ], [ -67.149079, 18.271681 ], [ -67.147354, 18.271681 ], [ -67.144809, 18.27072 ], [ -67.144458, 18.268112 ], [ -67.143685, 18.267674 ], [ -67.142468, 18.269056 ], [ -67.143307, 18.270445 ], [ -67.141899, 18.270279 ], [ -67.141254, 18.26848 ], [ -67.141966, 18.266672 ], [ -67.140639, 18.266739 ], [ -67.13996, 18.264582 ], [ -67.139071, 18.265423 ], [ -67.135662, 18.264957 ], [ -67.134857, 18.263797 ], [ -67.136121, 18.262774 ], [ -67.135021, 18.263063 ], [ -67.135127, 18.261319 ], [ -67.136876, 18.260292 ], [ -67.137884, 18.260709 ], [ -67.139033, 18.259315 ], [ -67.138187, 18.259232 ], [ -67.137717, 18.257616 ], [ -67.138323, 18.256469 ], [ -67.137992, 18.253793 ], [ -67.137007, 18.254027 ], [ -67.135633, 18.251468 ], [ -67.134295, 18.249061 ], [ -67.13624, 18.248276 ], [ -67.135819, 18.245928 ], [ -67.134675, 18.24663 ], [ -67.133417, 18.245766 ], [ -67.131443, 18.245596 ], [ -67.131362, 18.244715 ], [ -67.129316, 18.245737 ], [ -67.125886, 18.245117 ], [ -67.123055, 18.242814 ], [ -67.118769, 18.248374 ], [ -67.114559, 18.247459 ], [ -67.109581, 18.249147 ], [ -67.108607, 18.25003 ], [ -67.1078, 18.251944 ], [ -67.106463, 18.252773 ], [ -67.105001, 18.252822 ], [ -67.102417, 18.251451 ], [ -67.099513, 18.252897 ], [ -67.096695, 18.252529 ], [ -67.094494, 18.249695 ], [ -67.09223, 18.249114 ], [ -67.09148, 18.249709 ], [ -67.088898, 18.249174 ], [ -67.087232, 18.249215 ], [ -67.086961, 18.249145 ], [ -67.082002, 18.254946 ], [ -67.081554, 18.254849 ], [ -67.078873, 18.252706 ], [ -67.075447, 18.24854 ], [ -67.074171, 18.247858 ], [ -67.071121, 18.248902 ], [ -67.067437, 18.24635 ], [ -67.066438, 18.247399 ], [ -67.061818, 18.244856 ], [ -67.059032, 18.245163 ], [ -67.057361, 18.246141 ], [ -67.055921, 18.245357 ], [ -67.056916, 18.242729 ], [ -67.056605, 18.240015 ], [ -67.054863, 18.239669 ], [ -67.052876, 18.237105 ], [ -67.051356, 18.233504 ], [ -67.052088, 18.230601 ], [ -67.050354, 18.227478 ], [ -67.046921, 18.226625 ], [ -67.045964, 18.224582 ], [ -67.04397, 18.22385 ], [ -67.040772, 18.223635 ], [ -67.04013, 18.222392 ], [ -67.038063, 18.221605 ], [ -67.037063, 18.219835 ], [ -67.03594, 18.219458 ], [ -67.034442, 18.218473 ], [ -67.032965, 18.218086 ], [ -67.033163, 18.208305 ], [ -67.031014, 18.209048 ], [ -67.027784, 18.208506 ], [ -67.025137, 18.205596 ], [ -67.0189, 18.204271 ], [ -67.019577, 18.200674 ], [ -67.020691, 18.198266 ], [ -67.019836, 18.195471 ], [ -67.017388, 18.189899 ], [ -67.01821, 18.187902 ], [ -67.019502, 18.186847 ], [ -67.023122, 18.186049 ], [ -67.024372, 18.184668 ], [ -67.027415, 18.185683 ], [ -67.028947, 18.185716 ], [ -67.031116, 18.184908 ], [ -67.034521, 18.185519 ], [ -67.035554, 18.183252 ], [ -67.033826, 18.182669 ], [ -67.033643, 18.181306 ], [ -67.034426, 18.180659 ], [ -67.036587, 18.181073 ], [ -67.03797, 18.180623 ], [ -67.038954, 18.181275 ], [ -67.041734, 18.180596 ], [ -67.040649, 18.178503 ], [ -67.041287, 18.177705 ], [ -67.043328, 18.177343 ], [ -67.045378, 18.176301 ], [ -67.0463, 18.176283 ], [ -67.049122, 18.177453 ], [ -67.049858, 18.176435 ], [ -67.051177, 18.177502 ], [ -67.05134, 18.174734 ], [ -67.051461, 18.174053 ], [ -67.051542, 18.173962 ], [ -67.052614, 18.172263 ], [ -67.054019, 18.172034 ], [ -67.054053, 18.17348 ], [ -67.055144, 18.17253 ], [ -67.057309, 18.173292 ], [ -67.05946, 18.172089 ], [ -67.060295, 18.173709 ], [ -67.061059, 18.173737 ], [ -67.063646, 18.172076 ], [ -67.064846, 18.172962 ], [ -67.066546, 18.171911 ], [ -67.067141, 18.173021 ], [ -67.072604, 18.172948 ], [ -67.074001, 18.171227 ], [ -67.075432, 18.170639 ], [ -67.077096, 18.169144 ], [ -67.078486, 18.16755 ], [ -67.082144, 18.168073 ], [ -67.084678, 18.164604 ], [ -67.084429, 18.163346 ], [ -67.085706, 18.162978 ], [ -67.084067, 18.159435 ], [ -67.085257, 18.157984 ], [ -67.086045, 18.156416 ], [ -67.087211, 18.155819 ], [ -67.086364, 18.15181 ], [ -67.086359, 18.149829 ], [ -67.087226, 18.14951 ], [ -67.089021, 18.151049 ], [ -67.092712, 18.152012 ], [ -67.094779, 18.155724 ], [ -67.096866, 18.156404 ], [ -67.097987, 18.15865 ], [ -67.100994, 18.157007 ], [ -67.103997, 18.158034 ], [ -67.10548, 18.157364 ], [ -67.108689, 18.159914 ], [ -67.111243, 18.1598 ], [ -67.112443, 18.160334 ], [ -67.113116, 18.159936 ], [ -67.11541, 18.158232 ], [ -67.117652, 18.15806 ], [ -67.118695, 18.157959 ], [ -67.120825, 18.155959 ], [ -67.123183, 18.156615 ], [ -67.122943, 18.157514 ], [ -67.125114, 18.157818 ], [ -67.126002, 18.158415 ], [ -67.128144, 18.157208 ], [ -67.129233, 18.158135 ], [ -67.131394, 18.156553 ], [ -67.13211, 18.155208 ], [ -67.13729, 18.152103 ], [ -67.138063, 18.153341 ], [ -67.140833, 18.153109 ], [ -67.141437, 18.154651 ], [ -67.143439, 18.155601 ], [ -67.144891, 18.154282 ], [ -67.147637, 18.155077 ], [ -67.150409, 18.154127 ], [ -67.151773, 18.153712 ], [ -67.157654, 18.156201 ], [ -67.158801, 18.155297 ], [ -67.159733, 18.153227 ], [ -67.162066, 18.152415 ], [ -67.164245, 18.155041 ], [ -67.166722, 18.1555 ], [ -67.165997, 18.157368 ], [ -67.166165, 18.158382 ], [ -67.167312, 18.158915 ], [ -67.171331, 18.159301 ], [ -67.173015, 18.162471 ], [ -67.174251, 18.163576 ], [ -67.177874, 18.165595 ], [ -67.180085, 18.168111 ], [ -67.180197996112597, 18.168123929903398 ], [ -67.177851387093597, 18.1711295242464 ], [ -67.1737409608712, 18.176394258891701 ], [ -67.172767910733, 18.177640565356501 ], [ -67.171146398455306, 18.179717438022301 ], [ -67.169725, 18.181538 ], [ -67.164662, 18.186544 ], [ -67.161069517852596, 18.1894723738938 ], [ -67.157132, 18.192682 ], [ -67.155883147216201, 18.194821160410399 ], [ -67.155436755613295, 18.195585784757601 ], [ -67.154347518026597, 18.197451540235999 ], [ -67.154041728974704, 18.197975326419801 ], [ -67.153729, 18.198511 ], [ -67.153551893021998, 18.201734432557998 ], [ -67.153315, 18.206046 ], [ -67.154193011329198, 18.2082039777959 ], [ -67.155052894121297, 18.210317399241301 ], [ -67.155353, 18.211055 ], [ -67.156360441146404, 18.211382 ], [ -67.158363, 18.212032 ], [ -67.158018149160597, 18.2141210242184 ], [ -67.157532, 18.217066 ], [ -67.159076217566195, 18.217656931307101 ], [ -67.159164385902301, 18.217690671002401 ], [ -67.163230762359504, 18.2192467659515 ], [ -67.163343359531396, 18.219289853917498 ], [ -67.165260000764405, 18.220023301932802 ], [ -67.167713, 18.220962 ], [ -67.173218, 18.226733 ], [ -67.173266146767602, 18.2286967003078 ], [ -67.173431224382199, 18.235429508731499 ], [ -67.173456, 18.23644 ], [ -67.173787817655807, 18.2403268738585 ], [ -67.1738883602671, 18.241504618444001 ], [ -67.174169, 18.244792 ], [ -67.175059398577304, 18.246585437974499 ], [ -67.1775161435325, 18.251533805827599 ], [ -67.177611961073097, 18.2517268012123 ], [ -67.179311, 18.255149 ], [ -67.183160396463407, 18.259879206185602 ], [ -67.185578, 18.26285 ], [ -67.187040656297, 18.265632745635401 ], [ -67.1876769254565, 18.2668432659949 ] ] ], [ [ [ -67.487426, 18.385737 ], [ -67.485096, 18.388428 ], [ -67.481928, 18.39002 ], [ -67.478957, 18.389343 ], [ -67.473555, 18.383868 ], [ -67.473616, 18.38222 ], [ -67.477217, 18.379473 ], [ -67.479051, 18.379176 ], [ -67.483795, 18.381313 ], [ -67.487305, 18.384082 ], [ -67.487426, 18.385737 ] ] ], [ [ [ -67.944691, 18.084593 ], [ -67.941007, 18.08753 ], [ -67.938749, 18.088434 ], [ -67.937679, 18.090128 ], [ -67.937679, 18.093066 ], [ -67.933867, 18.103694 ], [ -67.935916, 18.107824 ], [ -67.933023, 18.112538 ], [ -67.924131, 18.114866 ], [ -67.913249, 18.118958 ], [ -67.909115, 18.119531 ], [ -67.906501, 18.118966 ], [ -67.900868, 18.115302 ], [ -67.895291, 18.114842 ], [ -67.887504, 18.112523 ], [ -67.881046, 18.113724 ], [ -67.875714, 18.113917 ], [ -67.870104, 18.117425 ], [ -67.869826, 18.118543 ], [ -67.863725, 18.120657 ], [ -67.861779, 18.121975 ], [ -67.861027, 18.121869 ], [ -67.859482, 18.120288 ], [ -67.856393, 18.115318 ], [ -67.853507, 18.112668 ], [ -67.850911, 18.112072 ], [ -67.848794, 18.11029 ], [ -67.848074, 18.106621 ], [ -67.845578, 18.101876 ], [ -67.845222, 18.09894 ], [ -67.843796, 18.096116 ], [ -67.843439, 18.090806 ], [ -67.844271, 18.084819 ], [ -67.845795, 18.082177 ], [ -67.846842, 18.081758 ], [ -67.84892, 18.081911 ], [ -67.853422, 18.079283 ], [ -67.85663, 18.076346 ], [ -67.867563, 18.063467 ], [ -67.868633, 18.061094 ], [ -67.871961, 18.058269 ], [ -67.874013, 18.058299 ], [ -67.882181, 18.054767 ], [ -67.885057, 18.055101 ], [ -67.895809, 18.053435 ], [ -67.897274, 18.05358 ], [ -67.90007, 18.056244 ], [ -67.903907, 18.059294 ], [ -67.906424, 18.06019 ], [ -67.908207, 18.060077 ], [ -67.910821, 18.061659 ], [ -67.920328, 18.064144 ], [ -67.928766, 18.070019 ], [ -67.934687, 18.078238 ], [ -67.939617, 18.080776 ], [ -67.943621, 18.0803 ], [ -67.945404, 18.082673 ], [ -67.944691, 18.084593 ] ] ] ] } },
{ "type": "Feature", "properties": { "STATEFP": "72", "COUNTYFP": "079", "COUNTYNS": "01804520", "GEOIDFQ": "0500000US72079", "GEOID": "72079", "NAME": "Lajas", "NAMELSAD": "Lajas Municipio", "STUSPS": "PR", "STATE_NAME": "Puerto Rico", "LSAD": "13", "ALAND": 155287830.0, "AWATER": 106643202.0 }, "geometry": { "type": "MultiPolygon", "coordinates": [ [ [ [ -67.115515, 18.033967 ], [ -67.113195, 18.037828 ], [ -67.110922, 18.0396 ], [ -67.112252, 18.042615 ], [ -67.113657, 18.04305 ], [ -67.114143, 18.046226 ], [ -67.113045, 18.048383 ], [ -67.110675, 18.05111 ], [ -67.109044, 18.056085 ], [ -67.106751, 18.056214 ], [ -67.105354, 18.056768 ], [ -67.103831, 18.05703 ], [ -67.101862, 18.057972 ], [ -67.100891, 18.059604 ], [ -67.099884, 18.059079 ], [ -67.095522, 18.060815 ], [ -67.092581, 18.060308 ], [ -67.090228, 18.060982 ], [ -67.088044, 18.061197 ], [ -67.084867, 18.059079 ], [ -67.081965, 18.061705 ], [ -67.080038, 18.061326 ], [ -67.077565, 18.063391 ], [ -67.075519, 18.063437 ], [ -67.073786, 18.062617 ], [ -67.071704, 18.063719 ], [ -67.070142, 18.065191 ], [ -67.068517, 18.066141 ], [ -67.065585, 18.06414 ], [ -67.064958, 18.064504 ], [ -67.061251, 18.064191 ], [ -67.055481, 18.06301 ], [ -67.053203, 18.063621 ], [ -67.052466, 18.064897 ], [ -67.049905, 18.063313 ], [ -67.04508, 18.061831 ], [ -67.043794, 18.061763 ], [ -67.03939, 18.059694 ], [ -67.037119, 18.058655 ], [ -67.03619, 18.057817 ], [ -67.035086, 18.058479 ], [ -67.033283, 18.058091 ], [ -67.027168, 18.058789 ], [ -67.026808, 18.060963 ], [ -67.025532, 18.06099 ], [ -67.018018, 18.058491 ], [ -67.016053, 18.058588 ], [ -67.015055, 18.057719 ], [ -67.013082, 18.057545 ], [ -67.011594, 18.059013 ], [ -67.009654, 18.058943 ], [ -67.007745, 18.060206 ], [ -67.006276, 18.05846 ], [ -67.004814, 18.058078 ], [ -67.002127, 18.055119 ], [ -66.998777, 18.054703 ], [ -66.995689, 18.053522 ], [ -66.995267, 18.052564 ], [ -66.993577, 18.052528 ], [ -66.992492, 18.052409 ], [ -66.991765, 18.053737 ], [ -66.991144, 18.054088 ], [ -66.990241, 18.054168 ], [ -66.983337, 18.052518 ], [ -66.983487, 18.050093 ], [ -66.982331, 18.047785 ], [ -66.98317, 18.046826 ], [ -66.982087, 18.04282 ], [ -66.982675, 18.041202 ], [ -66.968361, 18.038551 ], [ -66.96588, 18.036876 ], [ -66.960525, 18.036522 ], [ -66.959434, 18.035326 ], [ -66.959267, 18.03215 ], [ -66.958748, 18.032477 ], [ -66.960058, 18.013124 ], [ -66.960498, 18.007498 ], [ -66.960507, 18.00739 ], [ -66.961025, 18.000788 ], [ -66.961935, 17.991592 ], [ -66.962466, 17.990545 ], [ -66.980850561437805, 17.9529145972602 ], [ -66.981907, 17.954446 ], [ -66.982919, 17.958122 ], [ -66.981523, 17.959146 ], [ -66.98165, 17.960972 ], [ -66.984498, 17.963344 ], [ -66.984657, 17.967282 ], [ -66.986802, 17.970567 ], [ -66.990649129143307, 17.971330192054602 ], [ -66.994313645668598, 17.972057157485601 ], [ -66.995442, 17.972281 ], [ -67.004341, 17.970983 ], [ -67.004287088975303, 17.9695528392248 ], [ -67.004199, 17.967216 ], [ -67.001874, 17.964925 ], [ -67.000854, 17.961579 ], [ -67.002988, 17.96068 ], [ -67.006969, 17.963978 ], [ -67.014397, 17.968386 ], [ -67.013043, 17.970558 ], [ -67.01097, 17.971779 ], [ -67.010686, 17.973255 ], [ -67.013873, 17.974525 ], [ -67.016572, 17.973687 ], [ -67.016611475228302, 17.971654784880901 ], [ -67.016624, 17.97101 ], [ -67.01987, 17.968082 ], [ -67.024208, 17.970613 ], [ -67.025047, 17.972015 ], [ -67.027931, 17.972772 ], [ -67.028818, 17.97202 ], [ -67.039153670366602, 17.972990768482401 ], [ -67.040306, 17.973099 ], [ -67.041764, 17.971479 ], [ -67.041668299812599, 17.970583 ], [ -67.041593, 17.969878 ], [ -67.042786, 17.968322 ], [ -67.044486, 17.967829 ], [ -67.046186, 17.96913 ], [ -67.046300117766293, 17.970580173460601 ], [ -67.046381, 17.971608 ], [ -67.04794, 17.972981 ], [ -67.051339, 17.973761 ], [ -67.055565, 17.973197 ], [ -67.055597792641095, 17.973209344455 ], [ -67.061295, 17.975354 ], [ -67.065203, 17.975573 ], [ -67.075849, 17.972495 ], [ -67.078703, 17.965547 ], [ -67.077583849813493, 17.963419355995001 ], [ -67.076569, 17.96149 ], [ -67.07722, 17.958521 ], [ -67.0791, 17.958163 ], [ -67.079547920866602, 17.958450014366701 ], [ -67.081065023836601, 17.9594221288196 ], [ -67.083618, 17.961058 ], [ -67.084367, 17.963363 ], [ -67.082391, 17.964439 ], [ -67.083117, 17.967168 ], [ -67.083162335461395, 17.967153202684699 ], [ -67.08797, 17.965584 ], [ -67.088476, 17.961443 ], [ -67.088302602305902, 17.9609463634993 ], [ -67.087497, 17.958639 ], [ -67.090565, 17.95164 ], [ -67.091676042745206, 17.9517392324634 ], [ -67.093644, 17.951915 ], [ -67.102911, 17.946296 ], [ -67.109819118674096, 17.9463427801109 ], [ -67.109513, 17.948908 ], [ -67.107679, 17.951999 ], [ -67.107428, 17.954614 ], [ -67.106471, 17.957237 ], [ -67.107274, 17.963823 ], [ -67.106046, 17.966122 ], [ -67.105926, 17.967848 ], [ -67.10398, 17.970331 ], [ -67.102278, 17.974957 ], [ -67.103061, 17.976077 ], [ -67.105444, 17.976958 ], [ -67.107828, 17.977127 ], [ -67.109247, 17.977825 ], [ -67.109997, 17.979385 ], [ -67.10937, 17.981337 ], [ -67.109476, 17.996968 ], [ -67.109588, 17.998722 ], [ -67.109719, 18.009864 ], [ -67.111255, 18.012541 ], [ -67.110119, 18.015643 ], [ -67.110681, 18.018314 ], [ -67.113393, 18.024032 ], [ -67.113293, 18.027364 ], [ -67.1138, 18.029106 ], [ -67.1134, 18.030365 ], [ -67.115765, 18.031462 ], [ -67.115515, 18.033967 ] ] ] ] } },
{ "type": "Feature", "properties": { "STATEFP": "72", "COUNTYFP": "039", "COUNTYNS": "01804499", "GEOIDFQ": "0500000US72039", "GEOID": "72039", "NAME": "Ciales", "NAMELSAD": "Ciales Municipio", "STUSPS": "PR", "STATE_NAME": "Puerto Rico", "LSAD": "13", "ALAND": 172310193.0, "AWATER": 459604.0 }, "geometry": { "type": "MultiPolygon", "coordinates": [ [ [ [ -66.611124, 18.322373 ], [ -66.606989, 18.328186 ], [ -66.606708, 18.331486 ], [ -66.604488, 18.331647 ], [ -66.601496, 18.334619 ], [ -66.600183, 18.337108 ], [ -66.600935, 18.338467 ], [ -66.600229, 18.339603 ], [ -66.598454, 18.338747 ], [ -66.597353, 18.339216 ], [ -66.595271, 18.338019 ], [ -66.590785, 18.33806 ], [ -66.587874, 18.339148 ], [ -66.586087, 18.337308 ], [ -66.58344, 18.339129 ], [ -66.581616, 18.340497 ], [ -66.580528, 18.340197 ], [ -66.577239, 18.341537 ], [ -66.576345, 18.341409 ], [ -66.573822, 18.342517 ], [ -66.569882, 18.340772 ], [ -66.565168, 18.340849 ], [ -66.563001, 18.342913 ], [ -66.561762, 18.342402 ], [ -66.561052, 18.340666 ], [ -66.558696, 18.341823 ], [ -66.556678, 18.341146 ], [ -66.554281, 18.341467 ], [ -66.552734, 18.340438 ], [ -66.551958, 18.341249 ], [ -66.546745, 18.34243 ], [ -66.545224, 18.343492 ], [ -66.53973, 18.344392 ], [ -66.537105, 18.346335 ], [ -66.536173, 18.348762 ], [ -66.533623, 18.351333 ], [ -66.53099, 18.350261 ], [ -66.529283, 18.350255 ], [ -66.528304, 18.350564 ], [ -66.5276, 18.35288 ], [ -66.523317, 18.354924 ], [ -66.518997, 18.354436 ], [ -66.518744, 18.356999 ], [ -66.516154, 18.359049 ], [ -66.514644, 18.359431 ], [ -66.514424, 18.360324 ], [ -66.511776, 18.362003 ], [ -66.509687, 18.362078 ], [ -66.506214, 18.363591 ], [ -66.500628, 18.364865 ], [ -66.499262, 18.364052 ], [ -66.496601, 18.366028 ], [ -66.493797, 18.36626 ], [ -66.490678, 18.365452 ], [ -66.48343, 18.36604 ], [ -66.476158, 18.367511 ], [ -66.473346, 18.367604 ], [ -66.468901, 18.369812 ], [ -66.466945, 18.371834 ], [ -66.463211, 18.371473 ], [ -66.464411, 18.36089 ], [ -66.464005, 18.359842 ], [ -66.465142, 18.352237 ], [ -66.464053, 18.349395 ], [ -66.462894, 18.346815 ], [ -66.461242, 18.344196 ], [ -66.460037, 18.343484 ], [ -66.454289, 18.332654 ], [ -66.454258, 18.328097 ], [ -66.454334, 18.32547 ], [ -66.454542, 18.313039 ], [ -66.453812, 18.310673 ], [ -66.453368, 18.309318 ], [ -66.456058, 18.304568 ], [ -66.454837, 18.300674 ], [ -66.457055, 18.300128 ], [ -66.458084, 18.303284 ], [ -66.458944, 18.303137 ], [ -66.461474, 18.3006 ], [ -66.461234, 18.299146 ], [ -66.458574, 18.297155 ], [ -66.45923, 18.296058 ], [ -66.459773, 18.295255 ], [ -66.458169, 18.292045 ], [ -66.458654, 18.290719 ], [ -66.460969, 18.288984 ], [ -66.462053, 18.28725 ], [ -66.462496, 18.284833 ], [ -66.463538, 18.283984 ], [ -66.46482, 18.28408 ], [ -66.464589, 18.28275 ], [ -66.461718, 18.28191 ], [ -66.460454, 18.278548 ], [ -66.460689, 18.277167 ], [ -66.462503, 18.275323 ], [ -66.462306, 18.274222 ], [ -66.460756, 18.273584 ], [ -66.462106, 18.271956 ], [ -66.459128, 18.26857 ], [ -66.459637, 18.267543 ], [ -66.459948, 18.264786 ], [ -66.459137, 18.263873 ], [ -66.455195, 18.263249 ], [ -66.455395, 18.262217 ], [ -66.457341, 18.26146 ], [ -66.458628, 18.259886 ], [ -66.458175, 18.258432 ], [ -66.455703, 18.257726 ], [ -66.453903, 18.256148 ], [ -66.455203, 18.252542 ], [ -66.454522, 18.25173 ], [ -66.45419, 18.251157 ], [ -66.457316, 18.249459 ], [ -66.460768, 18.249115 ], [ -66.463646, 18.247812 ], [ -66.466652, 18.245899 ], [ -66.472393, 18.247047 ], [ -66.474327, 18.248147 ], [ -66.4752, 18.249564 ], [ -66.475942, 18.250162 ], [ -66.483008, 18.252588 ], [ -66.487268, 18.252762 ], [ -66.48947, 18.25238 ], [ -66.491613, 18.253274 ], [ -66.49347, 18.252209 ], [ -66.496539, 18.252309 ], [ -66.498262, 18.254593 ], [ -66.501073, 18.256842 ], [ -66.501242, 18.256281 ], [ -66.501864, 18.252427 ], [ -66.503091, 18.25032 ], [ -66.505932, 18.250627 ], [ -66.508251, 18.249158 ], [ -66.509666, 18.246447 ], [ -66.512208, 18.242815 ], [ -66.509929, 18.240695 ], [ -66.509828, 18.238965 ], [ -66.507687, 18.238395 ], [ -66.506915, 18.236583 ], [ -66.508021, 18.233257 ], [ -66.508016, 18.232166 ], [ -66.509024, 18.229936 ], [ -66.510312, 18.229762 ], [ -66.511454, 18.23041 ], [ -66.515435, 18.2297 ], [ -66.51768, 18.230242 ], [ -66.517857, 18.229726 ], [ -66.516779, 18.228627 ], [ -66.517712, 18.225934 ], [ -66.516489, 18.222199 ], [ -66.516403, 18.219704 ], [ -66.515262, 18.216464 ], [ -66.515128, 18.214515 ], [ -66.514466, 18.214014 ], [ -66.512364, 18.210321 ], [ -66.514044, 18.207247 ], [ -66.512241, 18.206114 ], [ -66.512798, 18.204508 ], [ -66.512664, 18.202834 ], [ -66.511264, 18.198191 ], [ -66.512364, 18.197429 ], [ -66.513282, 18.193498 ], [ -66.51455, 18.192361 ], [ -66.514242, 18.189053 ], [ -66.51361, 18.187855 ], [ -66.514671, 18.186897 ], [ -66.515248, 18.185135 ], [ -66.512987, 18.18374 ], [ -66.51295, 18.180396 ], [ -66.51105, 18.178101 ], [ -66.511426, 18.173371 ], [ -66.512612, 18.171147 ], [ -66.512738, 18.169385 ], [ -66.511816, 18.167816 ], [ -66.512043, 18.166513 ], [ -66.512907, 18.165931 ], [ -66.515747, 18.167647 ], [ -66.518176, 18.166772 ], [ -66.519707, 18.165171 ], [ -66.519919, 18.163836 ], [ -66.52264, 18.161713 ], [ -66.526393, 18.160787 ], [ -66.527159, 18.158871 ], [ -66.528892, 18.157051 ], [ -66.531556, 18.155679 ], [ -66.533556, 18.157878 ], [ -66.533564, 18.158912 ], [ -66.536069, 18.159407 ], [ -66.537223, 18.160454 ], [ -66.538421, 18.16003 ], [ -66.54205, 18.161842 ], [ -66.543133, 18.163098 ], [ -66.540813, 18.165711 ], [ -66.541616, 18.166664 ], [ -66.541414, 18.168918 ], [ -66.539931, 18.170112 ], [ -66.539857, 18.171377 ], [ -66.537577, 18.173603 ], [ -66.538791, 18.176376 ], [ -66.536951, 18.176085 ], [ -66.536286, 18.177017 ], [ -66.534695, 18.177129 ], [ -66.533804, 18.176378 ], [ -66.532241, 18.176804 ], [ -66.531023, 18.180137 ], [ -66.533771, 18.183915 ], [ -66.533766, 18.185228 ], [ -66.535985, 18.187181 ], [ -66.536716, 18.188631 ], [ -66.535661, 18.191203 ], [ -66.535906, 18.192467 ], [ -66.533181, 18.195863 ], [ -66.532608, 18.19789 ], [ -66.532725, 18.200519 ], [ -66.534695, 18.203607 ], [ -66.534813, 18.204673 ], [ -66.53643, 18.206288 ], [ -66.536605, 18.20894 ], [ -66.538015, 18.213153 ], [ -66.538865, 18.214231 ], [ -66.542106, 18.215179 ], [ -66.542365, 18.216293 ], [ -66.545527, 18.220736 ], [ -66.548883, 18.220567 ], [ -66.552634, 18.230477 ], [ -66.555228, 18.237327 ], [ -66.562377, 18.240415 ], [ -66.56424, 18.242408 ], [ -66.564259, 18.243817 ], [ -66.562602, 18.244881 ], [ -66.563188, 18.246184 ], [ -66.561032, 18.247381 ], [ -66.562959, 18.249794 ], [ -66.561931, 18.250272 ], [ -66.562258, 18.25363 ], [ -66.561413, 18.253997 ], [ -66.560289, 18.25307 ], [ -66.557989, 18.25324 ], [ -66.555756, 18.254258 ], [ -66.556212, 18.255593 ], [ -66.55844, 18.257337 ], [ -66.560083, 18.257323 ], [ -66.559554, 18.259204 ], [ -66.560399, 18.261048 ], [ -66.560182, 18.26208 ], [ -66.557494, 18.262934 ], [ -66.557705, 18.264608 ], [ -66.556619, 18.264131 ], [ -66.556126, 18.264957 ], [ -66.557725, 18.266801 ], [ -66.558814, 18.267104 ], [ -66.5594, 18.269389 ], [ -66.558415, 18.269719 ], [ -66.556145, 18.268778 ], [ -66.555539, 18.269829 ], [ -66.556158, 18.271586 ], [ -66.55792, 18.271563 ], [ -66.55771, 18.275059 ], [ -66.558104, 18.276628 ], [ -66.556528, 18.27861 ], [ -66.554703, 18.281583 ], [ -66.555385, 18.282179 ], [ -66.560599, 18.283547 ], [ -66.562934, 18.287066 ], [ -66.563087, 18.287988 ], [ -66.561897, 18.288125 ], [ -66.561518, 18.289997 ], [ -66.562132, 18.290901 ], [ -66.560936, 18.293025 ], [ -66.561637, 18.294346 ], [ -66.564004, 18.294764 ], [ -66.566536, 18.297044 ], [ -66.56662, 18.298549 ], [ -66.569005, 18.301503 ], [ -66.570345, 18.301925 ], [ -66.57133, 18.304022 ], [ -66.570912, 18.305183 ], [ -66.572612, 18.306261 ], [ -66.572976, 18.308931 ], [ -66.575854, 18.30989 ], [ -66.575768, 18.311234 ], [ -66.576834, 18.311601 ], [ -66.57804, 18.313876 ], [ -66.58121, 18.313876 ], [ -66.583107, 18.316431 ], [ -66.581672, 18.317629 ], [ -66.58134, 18.320345 ], [ -66.583214, 18.319491 ], [ -66.585269, 18.322689 ], [ -66.586442, 18.322308 ], [ -66.590838, 18.323634 ], [ -66.591567, 18.325469 ], [ -66.592383, 18.324487 ], [ -66.594023, 18.324523 ], [ -66.594949, 18.323335 ], [ -66.598091, 18.323032 ], [ -66.600314, 18.321866 ], [ -66.602847, 18.322531 ], [ -66.604552, 18.321306 ], [ -66.605196, 18.322278 ], [ -66.606858, 18.322429 ], [ -66.607977, 18.323769 ], [ -66.611124, 18.322373 ] ] ] ] } },
{ "type": "Feature", "properties": { "STATEFP": "72", "COUNTYFP": "033", "COUNTYNS": "01804496", "GEOIDFQ": "0500000US72033", "GEOID": "72033", "NAME": "Cataño", "NAMELSAD": "Cataño Municipio", "STUSPS": "PR", "STATE_NAME": "Puerto Rico", "LSAD": "13", "ALAND": 12515854.0, "AWATER": 5614795.0 }, "geometry": { "type": "MultiPolygon", "coordinates": [ [ [ [ -66.169458, 18.435509 ], [ -66.167697, 18.434892 ], [ -66.165807, 18.436499 ], [ -66.165214, 18.437338 ], [ -66.16381, 18.441655 ], [ -66.16363, 18.44511 ], [ -66.162311, 18.447663 ], [ -66.159631, 18.450049 ], [ -66.159152, 18.450074 ], [ -66.160656, 18.446426 ], [ -66.15954, 18.445664 ], [ -66.158403, 18.445909 ], [ -66.157127, 18.447301 ], [ -66.153879, 18.445796 ], [ -66.151546, 18.448236 ], [ -66.151111, 18.449829 ], [ -66.149124, 18.45058 ], [ -66.147148, 18.453906 ], [ -66.147078, 18.454119 ], [ -66.146876, 18.454863 ], [ -66.144579, 18.45812 ], [ -66.143159, 18.461075 ], [ -66.142421, 18.461633 ], [ -66.139592854898396, 18.462331087580299 ], [ -66.137557, 18.458023 ], [ -66.137947146539602, 18.4574087009455 ], [ -66.139081264070398, 18.455622994150101 ], [ -66.139167, 18.455488 ], [ -66.138293175291395, 18.453359480535401 ], [ -66.135955, 18.447664 ], [ -66.128755, 18.442556 ], [ -66.123402050415706, 18.441723572970002 ], [ -66.120794, 18.441318 ], [ -66.112518, 18.444955 ], [ -66.110897398771201, 18.443352803686501 ], [ -66.110845, 18.443301 ], [ -66.112403994445998, 18.440435486115099 ], [ -66.112558030725793, 18.440152359321701 ], [ -66.114351, 18.440542 ], [ -66.115989, 18.439731 ], [ -66.116133, 18.439628 ], [ -66.117172, 18.438765 ], [ -66.118724, 18.437391 ], [ -66.120478, 18.435768 ], [ -66.122209, 18.434071 ], [ -66.123183, 18.432999 ], [ -66.13121, 18.425044 ], [ -66.13158, 18.424656 ], [ -66.135671, 18.422009 ], [ -66.135487, 18.423104 ], [ -66.139543, 18.423049 ], [ -66.140573, 18.423395 ], [ -66.141586, 18.423481 ], [ -66.143975, 18.423005 ], [ -66.146985, 18.422983 ], [ -66.147086, 18.422982 ], [ -66.147706, 18.422899 ], [ -66.148098, 18.422818 ], [ -66.148673, 18.422752 ], [ -66.1492, 18.422657 ], [ -66.154566, 18.422116 ], [ -66.155478, 18.421984 ], [ -66.157416, 18.421709 ], [ -66.158545, 18.421561 ], [ -66.158452, 18.422649 ], [ -66.160066, 18.425514 ], [ -66.161867, 18.42632 ], [ -66.161949, 18.427555 ], [ -66.165047, 18.429094 ], [ -66.165524, 18.43007 ], [ -66.16553, 18.43012 ], [ -66.168274, 18.430532 ], [ -66.169516, 18.430998 ], [ -66.170027, 18.431875 ], [ -66.167995, 18.433095 ], [ -66.170306, 18.433869 ], [ -66.169458, 18.435509 ] ] ] ] } },
{ "type": "Feature", "properties": { "STATEFP": "72", "COUNTYFP": "127", "COUNTYNS": "01804544", "GEOIDFQ": "0500000US72127", "GEOID": "72127", "NAME": "San Juan", "NAMELSAD": "San Juan Municipio", "STUSPS": "PR", "STATE_NAME": "Puerto Rico", "LSAD": "13", "ALAND": 124024379.0, "AWATER": 75273472.0 }, "geometry": { "type": "MultiPolygon", "coordinates": [ [ [ [ -66.124852, 18.470225 ], [ -66.12403, 18.471557 ], [ -66.121843008674205, 18.471000409770198 ], [ -66.118447029442805, 18.470136131600299 ], [ -66.118300089639504, 18.470098735357301 ], [ -66.1163577689438, 18.469604413907799 ], [ -66.116295505365898, 18.4695885678005 ], [ -66.115074554234596, 18.469277835214299 ], [ -66.113531, 18.468885 ], [ -66.112965905781294, 18.468817851373601 ], [ -66.1124399639384, 18.468755355118802 ], [ -66.109401079172699, 18.468394252614299 ], [ -66.106746981418794, 18.468078873315601 ], [ -66.103264, 18.467665 ], [ -66.098509, 18.46598 ], [ -66.097959876033102, 18.466036 ], [ -66.094784221248403, 18.466359855228799 ], [ -66.092586511629705, 18.466583979007801 ], [ -66.09139, 18.466706 ], [ -66.088519, 18.467803 ], [ -66.08619, 18.467078 ], [ -66.085690502047697, 18.466100102482098 ], [ -66.085041113996397, 18.464828756001999 ], [ -66.084225, 18.463231 ], [ -66.0832678378042, 18.462314692288199 ], [ -66.082749, 18.461818 ], [ -66.082657157755605, 18.461779435643098 ], [ -66.072768, 18.457627 ], [ -66.068932530170599, 18.457299323809099 ], [ -66.068897576642897, 18.457296337619798 ], [ -66.067089963700198, 18.457141907589101 ], [ -66.066061, 18.457054 ], [ -66.064611588087701, 18.456386214464899 ], [ -66.063057919302594, 18.455670394805701 ], [ -66.063016665077598, 18.455651387804 ], [ -66.061174242977799, 18.4548025312316 ], [ -66.060077, 18.454297 ], [ -66.059869966358505, 18.454303324593798 ], [ -66.0571603475899, 18.454386099730701 ], [ -66.055323379458599, 18.454442216587601 ], [ -66.053661, 18.454493 ], [ -66.051926177485001, 18.4538937389285 ], [ -66.047544, 18.45238 ], [ -66.045117219076303, 18.452910770613801 ], [ -66.044430015643798, 18.453061071526399 ], [ -66.043636373064103, 18.453234652155398 ], [ -66.043617669485698, 18.453238742887201 ], [ -66.042411205749005, 18.4535026132233 ], [ -66.038898, 18.454271 ], [ -66.036801632671896, 18.449976237483 ], [ -66.037563, 18.449269 ], [ -66.037391, 18.449093 ], [ -66.037796, 18.448539 ], [ -66.038228, 18.446999 ], [ -66.038248, 18.446367 ], [ -66.040448, 18.44653 ], [ -66.042969, 18.444174 ], [ -66.041905, 18.442999 ], [ -66.039191, 18.440822 ], [ -66.035878, 18.439285 ], [ -66.033351, 18.43741 ], [ -66.03272, 18.436691 ], [ -66.032, 18.434047 ], [ -66.031406, 18.431593 ], [ -66.03094, 18.430396 ], [ -66.029735, 18.427795 ], [ -66.029551, 18.427223 ], [ -66.024989, 18.423978 ], [ -66.02381, 18.423084 ], [ -66.022777, 18.422061 ], [ -66.020919, 18.4206 ], [ -66.019988, 18.419877 ], [ -66.017066, 18.418638 ], [ -66.014748, 18.41776 ], [ -66.012084, 18.417169 ], [ -66.007992, 18.413436 ], [ -66.007352, 18.413274 ], [ -66.005216, 18.412013 ], [ -66.003755, 18.411226 ], [ -66.000912, 18.41067 ], [ -65.999956, 18.410346 ], [ -65.996509, 18.408772 ], [ -65.99551, 18.408358 ], [ -65.993627, 18.407694 ], [ -65.99311, 18.407274 ], [ -65.992473, 18.405494 ], [ -65.992277, 18.404914 ], [ -65.992007, 18.404155 ], [ -65.991822, 18.40158 ], [ -65.991661, 18.399479 ], [ -65.991432, 18.398632 ], [ -65.991427, 18.398484 ], [ -65.992952, 18.397678 ], [ -65.995128, 18.397146 ], [ -65.997127, 18.39683 ], [ -65.997995, 18.395346 ], [ -65.99999, 18.394799 ], [ -66.002926, 18.394824 ], [ -66.003438, 18.392095 ], [ -66.003527, 18.388351 ], [ -66.002804, 18.384877 ], [ -66.002044, 18.383883 ], [ -66.0002, 18.380596 ], [ -65.999556, 18.380065 ], [ -66.002719, 18.379419 ], [ -66.002728, 18.379184 ], [ -66.003417, 18.379053 ], [ -66.006887, 18.378892 ], [ -66.009398, 18.379676 ], [ -66.011653, 18.379631 ], [ -66.012508, 18.380568 ], [ -66.013256, 18.38038 ], [ -66.016938, 18.378364 ], [ -66.025286, 18.379803 ], [ -66.028116, 18.376993 ], [ -66.029167, 18.375905 ], [ -66.030241, 18.374864 ], [ -66.031998, 18.373256 ], [ -66.034212, 18.369953 ], [ -66.034673, 18.369788 ], [ -66.035349, 18.369681 ], [ -66.035557, 18.368455 ], [ -66.035025, 18.36731 ], [ -66.035015, 18.36424 ], [ -66.034188, 18.362262 ], [ -66.034633, 18.360944 ], [ -66.034751, 18.358963 ], [ -66.034742, 18.358855 ], [ -66.034729, 18.358708 ], [ -66.034571, 18.357098 ], [ -66.032505, 18.355701 ], [ -66.034526, 18.353925 ], [ -66.034512, 18.352182 ], [ -66.036418, 18.348239 ], [ -66.036788, 18.3456 ], [ -66.035533, 18.344368 ], [ -66.03554, 18.342923 ], [ -66.034912, 18.340167 ], [ -66.033663, 18.335236 ], [ -66.034938, 18.333469 ], [ -66.03494, 18.332214 ], [ -66.035036, 18.330037 ], [ -66.03596, 18.327913 ], [ -66.035364, 18.325905 ], [ -66.036153, 18.32517 ], [ -66.036438, 18.323052 ], [ -66.035725, 18.322129 ], [ -66.035499, 18.31984 ], [ -66.03756, 18.317321 ], [ -66.041053, 18.315395 ], [ -66.040698, 18.312667 ], [ -66.041535, 18.312344 ], [ -66.042586, 18.312281 ], [ -66.044836, 18.311493 ], [ -66.04692, 18.309408 ], [ -66.047827, 18.306885 ], [ -66.047923, 18.302725 ], [ -66.045336, 18.299418 ], [ -66.048466, 18.297648 ], [ -66.051922, 18.302918 ], [ -66.053129, 18.303835 ], [ -66.052988, 18.303189 ], [ -66.056503, 18.304528 ], [ -66.05739, 18.302373 ], [ -66.059638, 18.303529 ], [ -66.059259, 18.302295 ], [ -66.062375, 18.303053 ], [ -66.062759, 18.302511 ], [ -66.066103, 18.303321 ], [ -66.069557, 18.301232 ], [ -66.072768, 18.298495 ], [ -66.072971, 18.29776 ], [ -66.07722, 18.296608 ], [ -66.080475, 18.297295 ], [ -66.082177, 18.300109 ], [ -66.085147, 18.300507 ], [ -66.085536, 18.303617 ], [ -66.083235, 18.305083 ], [ -66.082397, 18.306788 ], [ -66.083037, 18.310321 ], [ -66.084711, 18.312592 ], [ -66.084492, 18.314306 ], [ -66.085089, 18.316316 ], [ -66.086719, 18.317717 ], [ -66.087853, 18.317683 ], [ -66.088537, 18.3198 ], [ -66.087639, 18.321195 ], [ -66.088854, 18.322055 ], [ -66.088683, 18.323666 ], [ -66.087387, 18.328275 ], [ -66.088458, 18.330137 ], [ -66.08676, 18.333045 ], [ -66.087582, 18.334611 ], [ -66.089805, 18.335245 ], [ -66.092586, 18.337645 ], [ -66.094931, 18.337611 ], [ -66.095199, 18.339496 ], [ -66.096306, 18.337867 ], [ -66.095872, 18.339777 ], [ -66.097841, 18.340544 ], [ -66.099667, 18.342625 ], [ -66.098057, 18.344875 ], [ -66.097669, 18.349514 ], [ -66.098203, 18.349637 ], [ -66.098239, 18.350844 ], [ -66.096318, 18.353567 ], [ -66.097944, 18.355769 ], [ -66.096485, 18.354723 ], [ -66.094367, 18.354988 ], [ -66.092368, 18.356634 ], [ -66.089786, 18.356162 ], [ -66.088351, 18.35714 ], [ -66.08944, 18.359307 ], [ -66.089516, 18.359486 ], [ -66.090559, 18.361246 ], [ -66.091813, 18.361155 ], [ -66.091874, 18.36377 ], [ -66.089994, 18.366062 ], [ -66.089948, 18.366204 ], [ -66.090839, 18.367968 ], [ -66.091356, 18.368782 ], [ -66.092331, 18.369406 ], [ -66.092437, 18.372265 ], [ -66.090329, 18.374734 ], [ -66.091081, 18.375286 ], [ -66.092427, 18.37562 ], [ -66.09415, 18.376398 ], [ -66.094606, 18.377051 ], [ -66.095207, 18.377877 ], [ -66.097945, 18.37924 ], [ -66.100016, 18.379908 ], [ -66.100862, 18.379817 ], [ -66.102217, 18.379662 ], [ -66.10621, 18.382529 ], [ -66.106303, 18.382581 ], [ -66.104761, 18.384161 ], [ -66.105872, 18.386577 ], [ -66.107468, 18.386799 ], [ -66.107884, 18.38826 ], [ -66.107865, 18.396761 ], [ -66.108615, 18.398756 ], [ -66.108491, 18.398876 ], [ -66.106371, 18.401921 ], [ -66.105964, 18.401969 ], [ -66.10489, 18.401923 ], [ -66.102402, 18.402122 ], [ -66.100617, 18.401912 ], [ -66.098577, 18.401105 ], [ -66.09768, 18.40075 ], [ -66.096236, 18.401 ], [ -66.095164, 18.403031 ], [ -66.094981, 18.40582 ], [ -66.096817, 18.408646 ], [ -66.097995, 18.410071 ], [ -66.099228, 18.411015 ], [ -66.099813, 18.412005 ], [ -66.099687, 18.414025 ], [ -66.097865, 18.416424 ], [ -66.098682, 18.417975 ], [ -66.099409, 18.419351 ], [ -66.104223, 18.42416 ], [ -66.106881, 18.426886 ], [ -66.107547, 18.427258 ], [ -66.107757, 18.427517 ], [ -66.107238295984303, 18.427810575899102 ], [ -66.107071913037501, 18.427904745255201 ], [ -66.101151110206601, 18.431255798961601 ], [ -66.085682, 18.440011 ], [ -66.084143008479003, 18.439810992579901 ], [ -66.082814308507494, 18.439638314660801 ], [ -66.0826546362035, 18.4396175636397 ], [ -66.082371498058393, 18.439580766991298 ], [ -66.081927, 18.439523 ], [ -66.081895222663306, 18.440042795066599 ], [ -66.0818891109638, 18.440142766667702 ], [ -66.081816260209294, 18.4413344166516 ], [ -66.081800906674999, 18.441585560775302 ], [ -66.081694110955794, 18.443332462616201 ], [ -66.081664, 18.443825 ], [ -66.082707592843704, 18.444670564466598 ], [ -66.086507736587706, 18.4477496067746 ], [ -66.086634252389302, 18.447852115398501 ], [ -66.087287, 18.448381 ], [ -66.093427, 18.446963 ], [ -66.094982393236705, 18.447926091787402 ], [ -66.100105698581501, 18.451098417078299 ], [ -66.101179, 18.451763 ], [ -66.1032282928131, 18.453501007828802 ], [ -66.106551, 18.456319 ], [ -66.104545, 18.459645 ], [ -66.104523720743501, 18.459645016223099 ], [ -66.10061, 18.459648 ], [ -66.1005031541101, 18.460551136542399 ], [ -66.100462, 18.460899 ], [ -66.101778294901706, 18.4615492060035 ], [ -66.10444, 18.462864 ], [ -66.110930664770393, 18.463912739877198 ], [ -66.111087, 18.463938 ], [ -66.115281, 18.463304 ], [ -66.115915, 18.460455 ], [ -66.117601, 18.460643 ], [ -66.11856, 18.462438 ], [ -66.1186652147789, 18.462726488589201 ], [ -66.118802246381094, 18.463102215782499 ], [ -66.118804495115597, 18.463108381591699 ], [ -66.118873827869805, 18.4632984851937 ], [ -66.118983100626195, 18.463598100358499 ], [ -66.119517, 18.465062 ], [ -66.119550427871999, 18.465083035542701 ], [ -66.1202475335934, 18.465521711302699 ], [ -66.120261794525902, 18.4655306854442 ], [ -66.122372904971101, 18.4668591682703 ], [ -66.124305, 18.468075 ], [ -66.124852, 18.470225 ] ] ] ] } },
{ "type": "Feature", "properties": { "STATEFP": "72", "COUNTYFP": "077", "COUNTYNS": "01804519", "GEOIDFQ": "0500000US72077", "GEOID": "72077", "NAME": "Juncos", "NAMELSAD": "Juncos Municipio", "STUSPS": "PR", "STATE_NAME": "Puerto Rico", "LSAD": "13", "ALAND": 68609109.0, "AWATER": 323994.0 }, "geometry": { "type": "MultiPolygon", "coordinates": [ [ [ [ -65.951627, 18.220538 ], [ -65.950798, 18.222151 ], [ -65.951085, 18.225222 ], [ -65.949218, 18.226474 ], [ -65.949274, 18.22795 ], [ -65.951019, 18.229292 ], [ -65.950343, 18.22976 ], [ -65.948432, 18.22948 ], [ -65.948173, 18.230021 ], [ -65.950209, 18.231039 ], [ -65.949335, 18.231723 ], [ -65.948913, 18.23352 ], [ -65.94788, 18.233245 ], [ -65.947712, 18.231691 ], [ -65.944238, 18.233003 ], [ -65.943595, 18.231691 ], [ -65.941535, 18.232252 ], [ -65.939473, 18.234118 ], [ -65.941119, 18.235255 ], [ -65.941484, 18.237525 ], [ -65.942573, 18.23703 ], [ -65.943021, 18.239355 ], [ -65.9453, 18.240166 ], [ -65.946135, 18.241253 ], [ -65.948041, 18.241372 ], [ -65.948435, 18.243234 ], [ -65.949394, 18.244004 ], [ -65.946011, 18.244275 ], [ -65.945417, 18.246502 ], [ -65.945388, 18.246624 ], [ -65.945503, 18.247658 ], [ -65.947336, 18.248107 ], [ -65.945415, 18.249179 ], [ -65.946231, 18.252403 ], [ -65.94528, 18.253013 ], [ -65.944464, 18.253151 ], [ -65.943111, 18.252688 ], [ -65.94192, 18.250798 ], [ -65.940848, 18.250269 ], [ -65.936305, 18.259319 ], [ -65.93463, 18.261287 ], [ -65.934442, 18.262176 ], [ -65.930386, 18.265631 ], [ -65.927803, 18.267345 ], [ -65.927362, 18.268216 ], [ -65.924347, 18.269344 ], [ -65.91958, 18.269401 ], [ -65.918535, 18.27013 ], [ -65.918088, 18.269607 ], [ -65.916256, 18.268722 ], [ -65.910952, 18.265106 ], [ -65.909968, 18.264825 ], [ -65.906177, 18.265548 ], [ -65.90414, 18.265043 ], [ -65.903283, 18.263767 ], [ -65.899893, 18.262683 ], [ -65.896942, 18.261209 ], [ -65.889216, 18.261757 ], [ -65.886698, 18.260392 ], [ -65.885969, 18.260318 ], [ -65.8833, 18.257607 ], [ -65.881641, 18.256626 ], [ -65.88038, 18.256664 ], [ -65.87808, 18.255874 ], [ -65.873997, 18.252738 ], [ -65.870116, 18.253557 ], [ -65.867673, 18.253141 ], [ -65.865142, 18.255973 ], [ -65.861558, 18.256928 ], [ -65.857891, 18.256678 ], [ -65.856511, 18.255706 ], [ -65.852616, 18.254972 ], [ -65.853308, 18.253199 ], [ -65.853224, 18.250714 ], [ -65.851729, 18.249401 ], [ -65.851934, 18.248011 ], [ -65.858042, 18.242069 ], [ -65.861911, 18.234899 ], [ -65.86556, 18.228412 ], [ -65.86623, 18.227308 ], [ -65.867768, 18.222396 ], [ -65.869164, 18.220957 ], [ -65.868753, 18.219701 ], [ -65.870022, 18.219737 ], [ -65.874049, 18.216568 ], [ -65.874765, 18.215914 ], [ -65.879769, 18.210593 ], [ -65.880815, 18.209885 ], [ -65.882631, 18.207989 ], [ -65.887617, 18.198354 ], [ -65.889548, 18.199915 ], [ -65.890754, 18.200075 ], [ -65.894317, 18.200226 ], [ -65.896023, 18.20236 ], [ -65.896196, 18.201598 ], [ -65.898894, 18.195565 ], [ -65.899525, 18.19449 ], [ -65.901903, 18.191503 ], [ -65.902917, 18.186732 ], [ -65.90291, 18.185918 ], [ -65.902925, 18.185113 ], [ -65.90674, 18.179782 ], [ -65.910422, 18.174839 ], [ -65.910476, 18.174748 ], [ -65.912848, 18.169813 ], [ -65.913991, 18.168823 ], [ -65.91459, 18.166534 ], [ -65.916146, 18.164287 ], [ -65.916473, 18.160937 ], [ -65.917366, 18.160118 ], [ -65.918454, 18.157113 ], [ -65.919976, 18.155044 ], [ -65.923846, 18.148537 ], [ -65.926076, 18.144195 ], [ -65.928341, 18.142845 ], [ -65.928828, 18.143208 ], [ -65.927902, 18.145066 ], [ -65.928537, 18.153478 ], [ -65.932097, 18.162181 ], [ -65.930685, 18.163339 ], [ -65.929844, 18.164113 ], [ -65.93002, 18.166415 ], [ -65.931162, 18.167928 ], [ -65.930693, 18.172238 ], [ -65.931072, 18.177891 ], [ -65.928545, 18.177233 ], [ -65.927342, 18.177307 ], [ -65.927926, 18.180098 ], [ -65.927197, 18.182052 ], [ -65.927809, 18.183519 ], [ -65.929413, 18.184627 ], [ -65.927983, 18.188771 ], [ -65.928673, 18.189911 ], [ -65.928494, 18.191172 ], [ -65.929989, 18.193079 ], [ -65.929283, 18.196227 ], [ -65.929404, 18.197433 ], [ -65.93378, 18.196376 ], [ -65.935406, 18.198129 ], [ -65.936953, 18.199548 ], [ -65.937844, 18.200871 ], [ -65.939888, 18.202777 ], [ -65.941213, 18.202193 ], [ -65.942192, 18.204896 ], [ -65.947114, 18.209045 ], [ -65.947849, 18.209967 ], [ -65.947276, 18.21107 ], [ -65.947937, 18.213073 ], [ -65.949532, 18.21348 ], [ -65.951566, 18.215569 ], [ -65.950871, 18.21874 ], [ -65.951627, 18.220538 ] ] ] ] } },
{ "type": "Feature", "properties": { "STATEFP": "72", "COUNTYFP": "011", "COUNTYNS": "01804485", "GEOIDFQ": "0500000US72011", "GEOID": "72011", "NAME": "Añasco", "NAMELSAD": "Añasco Municipio", "STUSPS": "PR", "STATE_NAME": "Puerto Rico", "LSAD": "13", "ALAND": 101768273.0, "AWATER": 14586805.0 }, "geometry": { "type": "MultiPolygon", "coordinates": [ [ [ [ -67.225324765411898, 18.2968884841186 ], [ -67.222647, 18.303302 ], [ -67.220709, 18.3057 ], [ -67.220291, 18.305852 ], [ -67.218974, 18.305154 ], [ -67.218505, 18.304659 ], [ -67.215234, 18.304902 ], [ -67.21416, 18.306219 ], [ -67.208161, 18.306161 ], [ -67.205598, 18.307884 ], [ -67.203364, 18.308422 ], [ -67.202039, 18.310157 ], [ -67.199408, 18.310325 ], [ -67.196457, 18.307679 ], [ -67.193744, 18.307704 ], [ -67.190706, 18.309144 ], [ -67.189874, 18.311461 ], [ -67.188074, 18.311787 ], [ -67.187241, 18.310824 ], [ -67.183176, 18.311052 ], [ -67.181877, 18.311252 ], [ -67.182852, 18.313026 ], [ -67.182218, 18.314308 ], [ -67.178933, 18.315341 ], [ -67.174187, 18.317501 ], [ -67.173828, 18.318064 ], [ -67.173532, 18.318029 ], [ -67.170326, 18.315849 ], [ -67.167883, 18.316749 ], [ -67.165613, 18.315422 ], [ -67.164943, 18.315364 ], [ -67.16099, 18.316072 ], [ -67.160691, 18.31753 ], [ -67.157551, 18.319195 ], [ -67.152652, 18.320426 ], [ -67.150788, 18.31997 ], [ -67.148707, 18.322239 ], [ -67.146436, 18.322171 ], [ -67.145774, 18.322665 ], [ -67.14376, 18.322613 ], [ -67.141454, 18.321619 ], [ -67.140854, 18.320245 ], [ -67.13868, 18.31806 ], [ -67.137414, 18.316845 ], [ -67.132888, 18.317797 ], [ -67.130849, 18.317511 ], [ -67.130167, 18.317927 ], [ -67.12685, 18.318906 ], [ -67.125967, 18.322011 ], [ -67.123669, 18.321889 ], [ -67.121241, 18.324007 ], [ -67.118213, 18.322551 ], [ -67.115918, 18.323387 ], [ -67.113883, 18.322553 ], [ -67.112313, 18.320019 ], [ -67.111353, 18.320769 ], [ -67.108046, 18.320013 ], [ -67.105554, 18.318765 ], [ -67.101416, 18.318523 ], [ -67.099954, 18.319677 ], [ -67.086473, 18.31545 ], [ -67.078111, 18.312952 ], [ -67.071348, 18.3126 ], [ -67.069515, 18.312385 ], [ -67.063469, 18.311563 ], [ -67.057021, 18.308138 ], [ -67.056858, 18.307456 ], [ -67.052583, 18.306655 ], [ -67.040709, 18.300302 ], [ -67.040133, 18.296928 ], [ -67.040105, 18.293733 ], [ -67.040206, 18.29313 ], [ -67.039608, 18.293171 ], [ -67.039387, 18.291349 ], [ -67.037935, 18.289705 ], [ -67.038377, 18.288158 ], [ -67.039398, 18.287639 ], [ -67.039204, 18.285583 ], [ -67.040853, 18.281837 ], [ -67.039581, 18.279826 ], [ -67.039692, 18.277952 ], [ -67.04074, 18.276712 ], [ -67.040245, 18.27207 ], [ -67.042067, 18.27082 ], [ -67.045482, 18.270786 ], [ -67.049004, 18.268898 ], [ -67.051784, 18.268381 ], [ -67.051587, 18.266742 ], [ -67.052142, 18.266073 ], [ -67.053636, 18.266215 ], [ -67.058739, 18.269029 ], [ -67.061828, 18.270082 ], [ -67.064834, 18.261549 ], [ -67.065211, 18.261114 ], [ -67.067445, 18.259047 ], [ -67.072237, 18.254609 ], [ -67.074297, 18.254539 ], [ -67.076207, 18.257736 ], [ -67.078914, 18.258868 ], [ -67.082002, 18.254946 ], [ -67.086961, 18.249145 ], [ -67.087232, 18.249215 ], [ -67.088898, 18.249174 ], [ -67.09148, 18.249709 ], [ -67.09223, 18.249114 ], [ -67.094494, 18.249695 ], [ -67.096695, 18.252529 ], [ -67.099513, 18.252897 ], [ -67.102417, 18.251451 ], [ -67.105001, 18.252822 ], [ -67.106463, 18.252773 ], [ -67.1078, 18.251944 ], [ -67.108607, 18.25003 ], [ -67.109581, 18.249147 ], [ -67.114559, 18.247459 ], [ -67.118769, 18.248374 ], [ -67.123055, 18.242814 ], [ -67.125886, 18.245117 ], [ -67.129316, 18.245737 ], [ -67.131362, 18.244715 ], [ -67.131443, 18.245596 ], [ -67.133417, 18.245766 ], [ -67.134675, 18.24663 ], [ -67.135819, 18.245928 ], [ -67.13624, 18.248276 ], [ -67.134295, 18.249061 ], [ -67.135633, 18.251468 ], [ -67.137007, 18.254027 ], [ -67.137992, 18.253793 ], [ -67.138323, 18.256469 ], [ -67.137717, 18.257616 ], [ -67.138187, 18.259232 ], [ -67.139033, 18.259315 ], [ -67.137884, 18.260709 ], [ -67.136876, 18.260292 ], [ -67.135127, 18.261319 ], [ -67.135021, 18.263063 ], [ -67.136121, 18.262774 ], [ -67.134857, 18.263797 ], [ -67.135662, 18.264957 ], [ -67.139071, 18.265423 ], [ -67.13996, 18.264582 ], [ -67.140639, 18.266739 ], [ -67.141966, 18.266672 ], [ -67.141254, 18.26848 ], [ -67.141899, 18.270279 ], [ -67.143307, 18.270445 ], [ -67.142468, 18.269056 ], [ -67.143685, 18.267674 ], [ -67.144458, 18.268112 ], [ -67.144809, 18.27072 ], [ -67.147354, 18.271681 ], [ -67.149079, 18.271681 ], [ -67.15065, 18.270359 ], [ -67.148394, 18.269733 ], [ -67.149017, 18.268541 ], [ -67.150187, 18.268361 ], [ -67.151403, 18.269246 ], [ -67.15317, 18.268711 ], [ -67.154164, 18.270517 ], [ -67.153177, 18.271888 ], [ -67.154488, 18.271888 ], [ -67.155921, 18.273133 ], [ -67.159494, 18.273504 ], [ -67.161614, 18.272646 ], [ -67.162227, 18.272077 ], [ -67.163769, 18.270832 ], [ -67.170171, 18.26862 ], [ -67.173877, 18.26782 ], [ -67.181412, 18.267159 ], [ -67.1876769254565, 18.2668432659949 ], [ -67.187753, 18.266988 ], [ -67.188236903987402, 18.271328066212401 ], [ -67.1883390276315, 18.2722439986882 ], [ -67.18862, 18.274764 ], [ -67.190331, 18.282711 ], [ -67.191575160873199, 18.2843755915986 ], [ -67.19556, 18.289707 ], [ -67.197172011203904, 18.2905358970654 ], [ -67.199507154858793, 18.291736629242799 ], [ -67.201264, 18.29264 ], [ -67.207682, 18.293543 ], [ -67.214976588953903, 18.295227706637 ], [ -67.216476, 18.295574 ], [ -67.2170631461684, 18.2956459588749 ], [ -67.223601052648405, 18.2964472251006 ], [ -67.223844, 18.296477 ], [ -67.225324765411898, 18.2968884841186 ] ] ] ] } },
{ "type": "Feature", "properties": { "STATEFP": "72", "COUNTYFP": "087", "COUNTYNS": "01804524", "GEOIDFQ": "0500000US72087", "GEOID": "72087", "NAME": "Loíza", "NAMELSAD": "Loíza Municipio", "STUSPS": "PR", "STATE_NAME": "Puerto Rico", "LSAD": "13", "ALAND": 50179424.0, "AWATER": 119730395.0 }, "geometry": { "type": "MultiPolygon", "coordinates": [ [ [ [ -65.992982412995801, 18.458566715810299 ], [ -65.992797634374298, 18.459004620701201 ], [ -65.992308, 18.460165 ], [ -65.990608, 18.460362 ], [ -65.981193, 18.456449 ], [ -65.979344, 18.459454 ], [ -65.977203, 18.458924 ], [ -65.976017, 18.456818 ], [ -65.958824, 18.451247 ], [ -65.944846550803405, 18.448591174346799 ], [ -65.936993450629402, 18.447099023339401 ], [ -65.925878, 18.444987 ], [ -65.917075, 18.444597 ], [ -65.907777, 18.446811 ], [ -65.904978, 18.44875 ], [ -65.906007, 18.451501 ], [ -65.905182, 18.452683 ], [ -65.897114, 18.451071 ], [ -65.895505, 18.447535 ], [ -65.878097853255696, 18.437925821776702 ], [ -65.877504, 18.437598 ], [ -65.873867135071904, 18.437117787390498 ], [ -65.873137263608299, 18.4370214149689 ], [ -65.857139, 18.434909 ], [ -65.854328293891598, 18.435211252054 ], [ -65.853914372522098, 18.435255763496802 ], [ -65.853596, 18.43529 ], [ -65.852714045215805, 18.434847670745899 ], [ -65.850334, 18.433654 ], [ -65.849056228491506, 18.433243637807099 ], [ -65.848838595233602, 18.433173743886002 ], [ -65.845085484139005, 18.431968415007599 ], [ -65.843771895987402, 18.431546550135099 ], [ -65.842643, 18.431184 ], [ -65.841347589572194, 18.431381744630698 ], [ -65.838879197069005, 18.431758545182401 ], [ -65.836983, 18.432048 ], [ -65.835191791981998, 18.431012088280099 ], [ -65.833651, 18.430121 ], [ -65.832730272481001, 18.428483968881299 ], [ -65.831972672781106, 18.427136975054498 ], [ -65.830282, 18.424131 ], [ -65.828844085842704, 18.423026233151401 ], [ -65.829663, 18.422405 ], [ -65.832623, 18.420692 ], [ -65.8348, 18.416858 ], [ -65.835121, 18.414801 ], [ -65.836693, 18.414314 ], [ -65.840155, 18.410628 ], [ -65.842654, 18.408678 ], [ -65.842878, 18.407072 ], [ -65.843817, 18.405703 ], [ -65.847049, 18.404036 ], [ -65.849925, 18.403512 ], [ -65.852538, 18.4017 ], [ -65.852402, 18.400779 ], [ -65.853919, 18.399522 ], [ -65.854737, 18.397748 ], [ -65.856065, 18.394458 ], [ -65.856573, 18.38994 ], [ -65.859798, 18.383817 ], [ -65.85998, 18.382714 ], [ -65.859645, 18.38195 ], [ -65.859914, 18.381611 ], [ -65.863579, 18.381238 ], [ -65.86623, 18.379683 ], [ -65.867447, 18.378198 ], [ -65.87273, 18.37846 ], [ -65.876502, 18.378681 ], [ -65.876602, 18.382447 ], [ -65.875956, 18.385295 ], [ -65.876093, 18.387765 ], [ -65.8756, 18.389217 ], [ -65.873728, 18.390792 ], [ -65.87388, 18.392729 ], [ -65.872739, 18.396168 ], [ -65.872584, 18.40059 ], [ -65.871506, 18.400549 ], [ -65.871668, 18.404938 ], [ -65.869881, 18.405741 ], [ -65.869949, 18.408915 ], [ -65.873975, 18.408962 ], [ -65.879613, 18.410596 ], [ -65.887964, 18.411537 ], [ -65.891302, 18.41157 ], [ -65.893292, 18.411602 ], [ -65.89993, 18.413682 ], [ -65.909683, 18.401062 ], [ -65.910381, 18.401724 ], [ -65.914495, 18.405626 ], [ -65.919278, 18.402993 ], [ -65.91976, 18.405009 ], [ -65.919596, 18.409777 ], [ -65.920085, 18.411175 ], [ -65.922914, 18.411787 ], [ -65.924142, 18.411478 ], [ -65.928374, 18.412946 ], [ -65.927688, 18.414411 ], [ -65.926171, 18.415596 ], [ -65.930859, 18.422771 ], [ -65.9304, 18.428478 ], [ -65.932598, 18.428424 ], [ -65.938055, 18.430358 ], [ -65.942004, 18.432148 ], [ -65.949098, 18.434705 ], [ -65.953979, 18.437155 ], [ -65.955777, 18.434449 ], [ -65.957212, 18.433471 ], [ -65.961461, 18.433368 ], [ -65.963358, 18.434326 ], [ -65.965222, 18.432578 ], [ -65.967199, 18.432381 ], [ -65.967349, 18.433548 ], [ -65.969887, 18.437715 ], [ -65.970901, 18.440372 ], [ -65.974141, 18.440701 ], [ -65.976726, 18.442334 ], [ -65.977619, 18.442387 ], [ -65.980791, 18.442257 ], [ -65.984431, 18.442824 ], [ -65.985793, 18.444801 ], [ -65.985038, 18.450587 ], [ -65.986048, 18.45248 ], [ -65.986324, 18.454382 ], [ -65.98936, 18.455856 ], [ -65.990556, 18.457474 ], [ -65.993401109617906, 18.457574451136399 ], [ -65.992982412995801, 18.458566715810299 ] ] ] ] } },
{ "type": "Feature", "properties": { "STATEFP": "72", "COUNTYFP": "129", "COUNTYNS": "01804545", "GEOIDFQ": "0500000US72129", "GEOID": "72129", "NAME": "San Lorenzo", "NAMELSAD": "San Lorenzo Municipio", "STUSPS": "PR", "STATE_NAME": "Puerto Rico", "LSAD": "13", "ALAND": 137547961.0, "AWATER": 256428.0 }, "geometry": { "type": "MultiPolygon", "coordinates": [ [ [ [ -66.052736, 18.113514 ], [ -66.05, 18.115259 ], [ -66.044402, 18.114999 ], [ -66.042679, 18.114158 ], [ -66.035651, 18.119204 ], [ -66.035101, 18.121936 ], [ -66.032831, 18.125089 ], [ -66.032404, 18.126968 ], [ -66.032883, 18.129113 ], [ -66.031581, 18.132324 ], [ -66.025901, 18.133927 ], [ -66.023852, 18.136443 ], [ -66.025149, 18.138813 ], [ -66.023269, 18.141287 ], [ -66.020283, 18.144081 ], [ -66.01961, 18.145514 ], [ -66.021034, 18.146949 ], [ -66.021496, 18.148609 ], [ -66.023013, 18.153543 ], [ -66.022014, 18.156152 ], [ -66.020337, 18.157238 ], [ -66.01998, 18.158697 ], [ -66.022058, 18.163585 ], [ -66.022124, 18.165554 ], [ -66.022256, 18.166035 ], [ -66.020137, 18.168051 ], [ -66.019538, 18.170916 ], [ -66.01795, 18.171439 ], [ -66.016433, 18.174585 ], [ -66.016831, 18.176326 ], [ -66.012831, 18.176541 ], [ -66.011979, 18.178756 ], [ -66.013344, 18.181018 ], [ -66.01309, 18.182339 ], [ -66.011319, 18.18606 ], [ -66.005262, 18.186356 ], [ -66.003855, 18.185597 ], [ -66.001045, 18.188842 ], [ -65.999613, 18.188708 ], [ -65.998682, 18.191583 ], [ -65.998971, 18.193762 ], [ -65.998146, 18.195309 ], [ -65.999975, 18.196917 ], [ -66.000504, 18.201988 ], [ -65.999427, 18.204703 ], [ -65.99765, 18.206992 ], [ -65.997043, 18.207184 ], [ -65.994, 18.20858 ], [ -65.993573, 18.21052 ], [ -65.991888, 18.211788 ], [ -65.990556, 18.217943 ], [ -65.989757, 18.219617 ], [ -65.986932, 18.220721 ], [ -65.984437, 18.220263 ], [ -65.982811, 18.221378 ], [ -65.981952, 18.220566 ], [ -65.980616, 18.222857 ], [ -65.981262, 18.223206 ], [ -65.980422, 18.226068 ], [ -65.971832, 18.229101 ], [ -65.966672, 18.228655 ], [ -65.965168, 18.229409 ], [ -65.964062, 18.229117 ], [ -65.958805, 18.229073 ], [ -65.956045, 18.228492 ], [ -65.951019, 18.229292 ], [ -65.949274, 18.22795 ], [ -65.949218, 18.226474 ], [ -65.951085, 18.225222 ], [ -65.950798, 18.222151 ], [ -65.951627, 18.220538 ], [ -65.950871, 18.21874 ], [ -65.951566, 18.215569 ], [ -65.949532, 18.21348 ], [ -65.947937, 18.213073 ], [ -65.947276, 18.21107 ], [ -65.947849, 18.209967 ], [ -65.947114, 18.209045 ], [ -65.942192, 18.204896 ], [ -65.941213, 18.202193 ], [ -65.939888, 18.202777 ], [ -65.937844, 18.200871 ], [ -65.936953, 18.199548 ], [ -65.935406, 18.198129 ], [ -65.93378, 18.196376 ], [ -65.929404, 18.197433 ], [ -65.929283, 18.196227 ], [ -65.929989, 18.193079 ], [ -65.928494, 18.191172 ], [ -65.928673, 18.189911 ], [ -65.927983, 18.188771 ], [ -65.929413, 18.184627 ], [ -65.927809, 18.183519 ], [ -65.927197, 18.182052 ], [ -65.927926, 18.180098 ], [ -65.927342, 18.177307 ], [ -65.928545, 18.177233 ], [ -65.931072, 18.177891 ], [ -65.930693, 18.172238 ], [ -65.931162, 18.167928 ], [ -65.93002, 18.166415 ], [ -65.929844, 18.164113 ], [ -65.930685, 18.163339 ], [ -65.932097, 18.162181 ], [ -65.928537, 18.153478 ], [ -65.927902, 18.145066 ], [ -65.928828, 18.143208 ], [ -65.928341, 18.142845 ], [ -65.926998, 18.141268 ], [ -65.926389, 18.139114 ], [ -65.92537, 18.139833 ], [ -65.922067, 18.139161 ], [ -65.920665, 18.137823 ], [ -65.921195, 18.135947 ], [ -65.924448, 18.135673 ], [ -65.925372, 18.134622 ], [ -65.924914, 18.133394 ], [ -65.925803, 18.130044 ], [ -65.925205, 18.128812 ], [ -65.926345, 18.127671 ], [ -65.925726, 18.126726 ], [ -65.926734, 18.12408 ], [ -65.927475, 18.122146 ], [ -65.926227, 18.119963 ], [ -65.925893, 18.117836 ], [ -65.927167, 18.11622 ], [ -65.926787, 18.113805 ], [ -65.925827, 18.111829 ], [ -65.926195, 18.108637 ], [ -65.924313, 18.108106 ], [ -65.924276, 18.106764 ], [ -65.92549, 18.105424 ], [ -65.928047, 18.105324 ], [ -65.928451, 18.102016 ], [ -65.930227, 18.10071 ], [ -65.931878, 18.100737 ], [ -65.929931, 18.097688 ], [ -65.933944, 18.094872 ], [ -65.933166, 18.093754 ], [ -65.936441, 18.093602 ], [ -65.936068, 18.092496 ], [ -65.939451, 18.091808 ], [ -65.941023, 18.089423 ], [ -65.94291, 18.089243 ], [ -65.950176, 18.093037 ], [ -65.952631, 18.092959 ], [ -65.954136, 18.091691 ], [ -65.955276, 18.091859 ], [ -65.958699, 18.089089 ], [ -65.960443, 18.088778 ], [ -65.962051, 18.086497 ], [ -65.962957, 18.087639 ], [ -65.964541, 18.08711 ], [ -65.965942, 18.089119 ], [ -65.970135, 18.089879 ], [ -65.970541, 18.090954 ], [ -65.973338, 18.090883 ], [ -65.975939, 18.093074 ], [ -65.975978, 18.094308 ], [ -65.978594, 18.094834 ], [ -65.979479, 18.092955 ], [ -65.980608, 18.093543 ], [ -65.982538, 18.089971 ], [ -65.984712, 18.088501 ], [ -65.985969, 18.089812 ], [ -65.989033, 18.088931 ], [ -65.990781, 18.090134 ], [ -65.993461, 18.089744 ], [ -65.994626, 18.088444 ], [ -65.99542, 18.084838 ], [ -65.998576, 18.084057 ], [ -65.99825, 18.083635 ], [ -66.000035, 18.081437 ], [ -66.003009, 18.079066 ], [ -66.004963, 18.07597 ], [ -66.00925, 18.076205 ], [ -66.010245, 18.075565 ], [ -66.013125, 18.076249 ], [ -66.013972, 18.076957 ], [ -66.014076, 18.078709 ], [ -66.018169, 18.081463 ], [ -66.019443, 18.083723 ], [ -66.018049, 18.087142 ], [ -66.016785, 18.087605 ], [ -66.016253, 18.089248 ], [ -66.016379, 18.091742 ], [ -66.013662, 18.092839 ], [ -66.012806, 18.093959 ], [ -66.012849, 18.096415 ], [ -66.015133, 18.096619 ], [ -66.017653, 18.098822 ], [ -66.019198, 18.101032 ], [ -66.019442, 18.102576 ], [ -66.020579, 18.102944 ], [ -66.022137, 18.103174 ], [ -66.024896, 18.102448 ], [ -66.028065, 18.10157 ], [ -66.031257, 18.101988 ], [ -66.031999, 18.101563 ], [ -66.033371, 18.102481 ], [ -66.037497, 18.103091 ], [ -66.038482, 18.104087 ], [ -66.042041, 18.103839 ], [ -66.044723, 18.105252 ], [ -66.044908, 18.106019 ], [ -66.04679, 18.106541 ], [ -66.051788, 18.109878 ], [ -66.051162, 18.111088 ], [ -66.052555, 18.113069 ], [ -66.052736, 18.113514 ] ] ] ] } },
{ "type": "Feature", "properties": { "STATEFP": "72", "COUNTYFP": "019", "COUNTYNS": "01804489", "GEOIDFQ": "0500000US72019", "GEOID": "72019", "NAME": "Barranquitas", "NAMELSAD": "Barranquitas Municipio", "STUSPS": "PR", "STATE_NAME": "Puerto Rico", "LSAD": "13", "ALAND": 88714044.0, "AWATER": 77812.0 }, "geometry": { "type": "MultiPolygon", "coordinates": [ [ [ [ -66.37379, 18.184105 ], [ -66.37139, 18.185599 ], [ -66.369411, 18.18597 ], [ -66.365567, 18.185445 ], [ -66.364777, 18.186922 ], [ -66.365295, 18.188838 ], [ -66.366738, 18.191248 ], [ -66.367657, 18.194029 ], [ -66.367318, 18.196933 ], [ -66.366062, 18.197777 ], [ -66.363734, 18.200663 ], [ -66.3612, 18.200085 ], [ -66.357417, 18.194887 ], [ -66.356205, 18.194023 ], [ -66.356011, 18.192219 ], [ -66.354631, 18.191926 ], [ -66.353891, 18.193356 ], [ -66.352205, 18.193233 ], [ -66.351631, 18.194334 ], [ -66.352965, 18.198586 ], [ -66.350933, 18.204721 ], [ -66.35073, 18.207049 ], [ -66.352536, 18.210466 ], [ -66.35212, 18.212313 ], [ -66.352272, 18.215902 ], [ -66.351614, 18.218554 ], [ -66.353727, 18.218595 ], [ -66.352744, 18.220485 ], [ -66.354485, 18.222911 ], [ -66.353008, 18.226159 ], [ -66.352142, 18.224969 ], [ -66.351181, 18.224965 ], [ -66.350398, 18.227491 ], [ -66.351252, 18.228831 ], [ -66.351062, 18.230165 ], [ -66.351459, 18.232062 ], [ -66.350793, 18.241235 ], [ -66.347414, 18.240032 ], [ -66.341912, 18.239718 ], [ -66.341449, 18.239199 ], [ -66.340121, 18.238689 ], [ -66.335244, 18.240053 ], [ -66.332764, 18.241901 ], [ -66.331926, 18.243246 ], [ -66.330935, 18.243772 ], [ -66.327034, 18.244191 ], [ -66.326127, 18.247922 ], [ -66.320222, 18.247719 ], [ -66.314765, 18.249704 ], [ -66.313299, 18.249324 ], [ -66.313906, 18.248429 ], [ -66.31149, 18.248081 ], [ -66.310676, 18.245057 ], [ -66.308481, 18.244686 ], [ -66.307073, 18.241481 ], [ -66.305307, 18.241579 ], [ -66.303927, 18.24323 ], [ -66.301636, 18.244738 ], [ -66.298011, 18.245696 ], [ -66.297324, 18.245179 ], [ -66.295161, 18.245422 ], [ -66.293842, 18.246409 ], [ -66.290648, 18.245199 ], [ -66.285037, 18.244544 ], [ -66.280877, 18.24358 ], [ -66.278659, 18.243754 ], [ -66.266466, 18.24527 ], [ -66.268454, 18.241333 ], [ -66.265806, 18.236787 ], [ -66.266433, 18.235053 ], [ -66.265568, 18.232867 ], [ -66.267382, 18.227642 ], [ -66.270262, 18.219378 ], [ -66.2709, 18.217465 ], [ -66.269735, 18.215511 ], [ -66.267915, 18.210964 ], [ -66.267517, 18.209093 ], [ -66.265853, 18.206478 ], [ -66.264471, 18.205716 ], [ -66.26412, 18.196484 ], [ -66.263553, 18.184959 ], [ -66.262349, 18.18491 ], [ -66.257858, 18.183619 ], [ -66.25675, 18.182734 ], [ -66.255545, 18.183705 ], [ -66.255202, 18.187228 ], [ -66.254334, 18.187746 ], [ -66.252103, 18.187291 ], [ -66.250561, 18.190089 ], [ -66.248632, 18.191489 ], [ -66.246534, 18.191242 ], [ -66.246132, 18.192104 ], [ -66.243954, 18.193472 ], [ -66.24193, 18.192245 ], [ -66.244552, 18.189926 ], [ -66.244552, 18.188339 ], [ -66.24046, 18.184794 ], [ -66.242884, 18.183004 ], [ -66.242735, 18.180248 ], [ -66.244952, 18.176913 ], [ -66.247854, 18.174096 ], [ -66.248831, 18.169802 ], [ -66.247022, 18.16834 ], [ -66.248172, 18.165752 ], [ -66.251588, 18.165366 ], [ -66.25393, 18.165509 ], [ -66.255613, 18.166276 ], [ -66.255733, 18.169041 ], [ -66.256557, 18.171055 ], [ -66.257901, 18.169895 ], [ -66.25922, 18.170827 ], [ -66.263605, 18.171122 ], [ -66.266389, 18.17259 ], [ -66.26899, 18.172412 ], [ -66.273078, 18.173711 ], [ -66.275639, 18.172602 ], [ -66.276662, 18.17363 ], [ -66.277035, 18.173923 ], [ -66.277953, 18.174217 ], [ -66.281394, 18.171328 ], [ -66.282977, 18.17137 ], [ -66.284993, 18.170168 ], [ -66.289398, 18.168738 ], [ -66.291158, 18.169054 ], [ -66.292095, 18.169169 ], [ -66.292407, 18.165761 ], [ -66.293401, 18.164835 ], [ -66.298151, 18.165372 ], [ -66.300028, 18.160583 ], [ -66.301193, 18.160671 ], [ -66.301827, 18.159189 ], [ -66.304168, 18.161409 ], [ -66.306678, 18.159928 ], [ -66.309144, 18.159559 ], [ -66.311861, 18.157313 ], [ -66.315177, 18.153175 ], [ -66.314848, 18.152088 ], [ -66.316542, 18.15281 ], [ -66.317935, 18.154991 ], [ -66.32153, 18.155681 ], [ -66.323047, 18.157103 ], [ -66.322325, 18.159135 ], [ -66.322103, 18.164235 ], [ -66.322323, 18.165503 ], [ -66.324144, 18.164639 ], [ -66.324614, 18.165804 ], [ -66.327305, 18.16602 ], [ -66.327263, 18.164864 ], [ -66.329364, 18.164676 ], [ -66.330565, 18.165905 ], [ -66.330622, 18.168217 ], [ -66.333725, 18.168193 ], [ -66.334863, 18.167541 ], [ -66.33646, 18.168426 ], [ -66.338378, 18.168661 ], [ -66.3398, 18.16592 ], [ -66.341549, 18.165991 ], [ -66.341294, 18.166964 ], [ -66.342022, 18.168171 ], [ -66.343452, 18.167302 ], [ -66.346644, 18.167371 ], [ -66.349368, 18.165816 ], [ -66.351258, 18.165488 ], [ -66.354973, 18.167892 ], [ -66.355538, 18.169382 ], [ -66.359371, 18.170132 ], [ -66.362778, 18.170301 ], [ -66.365036, 18.169697 ], [ -66.367896, 18.172228 ], [ -66.373768, 18.173694 ], [ -66.372052, 18.176665 ], [ -66.373064, 18.179269 ], [ -66.372771, 18.180956 ], [ -66.373855, 18.182156 ], [ -66.37379, 18.184105 ] ] ] ] } },
{ "type": "Feature", "properties": { "STATEFP": "72", "COUNTYFP": "147", "COUNTYNS": "01804554", "GEOIDFQ": "0500000US72147", "GEOID": "72147", "NAME": "Vieques", "NAMELSAD": "Vieques Municipio", "STUSPS": "PR", "STATE_NAME": "Puerto Rico", "LSAD": "13", "ALAND": 131541389.0, "AWATER": 552192821.0 }, "geometry": { "type": "MultiPolygon", "coordinates": [ [ [ [ -65.577015, 18.119722 ], [ -65.574798, 18.119722 ], [ -65.571905, 18.11878 ], [ -65.568183, 18.120139 ], [ -65.560131, 18.120362 ], [ -65.551412, 18.119569 ], [ -65.544524, 18.119996 ], [ -65.543242455907105, 18.1204576206699 ], [ -65.522842, 18.127806 ], [ -65.516161, 18.128662 ], [ -65.511364, 18.133708 ], [ -65.505281, 18.133786 ], [ -65.504923634827904, 18.1340622312295 ], [ -65.502048, 18.136285 ], [ -65.496907, 18.135366 ], [ -65.486633, 18.136936 ], [ -65.474146, 18.141911 ], [ -65.467557, 18.143477 ], [ -65.467350206564802, 18.143511665534501 ], [ -65.452266371790998, 18.1460402235323 ], [ -65.447502767159904, 18.1468387638749 ], [ -65.446529, 18.147002 ], [ -65.44315, 18.150591 ], [ -65.443131216631599, 18.1514677360788 ], [ -65.443045, 18.155492 ], [ -65.441218595724607, 18.1561447210306 ], [ -65.436128, 18.157964 ], [ -65.422266093993002, 18.158911869103999 ], [ -65.420831, 18.15901 ], [ -65.401602, 18.161574 ], [ -65.399983, 18.162165 ], [ -65.395965, 18.162302 ], [ -65.390625, 18.161397 ], [ -65.388343, 18.160356 ], [ -65.383887, 18.160612 ], [ -65.379177, 18.158281 ], [ -65.373886, 18.157402 ], [ -65.370755, 18.158111 ], [ -65.365865, 18.158194 ], [ -65.36357, 18.156165 ], [ -65.362641, 18.154349 ], [ -65.359637, 18.153428 ], [ -65.355621, 18.155472 ], [ -65.351808, 18.154148 ], [ -65.34858, 18.151585 ], [ -65.343483, 18.149928 ], [ -65.337083, 18.149225 ], [ -65.330917, 18.146531 ], [ -65.328889, 18.148696 ], [ -65.324766, 18.149633 ], [ -65.321952, 18.146976 ], [ -65.31278, 18.144479 ], [ -65.307992, 18.145248 ], [ -65.30567, 18.142131 ], [ -65.302927, 18.141222 ], [ -65.301196, 18.143334 ], [ -65.295506, 18.142623 ], [ -65.294158, 18.1449 ], [ -65.291014, 18.147461 ], [ -65.288468, 18.14803 ], [ -65.287212, 18.145627 ], [ -65.282928, 18.14433 ], [ -65.278435, 18.138638 ], [ -65.275285, 18.134514 ], [ -65.268436, 18.136237 ], [ -65.267713, 18.134003 ], [ -65.27054, 18.133006 ], [ -65.272544, 18.130719 ], [ -65.273437, 18.130102 ], [ -65.275265, 18.131596 ], [ -65.281232, 18.132402 ], [ -65.28265, 18.133125 ], [ -65.286537, 18.131229 ], [ -65.29281, 18.1301 ], [ -65.294664, 18.127807 ], [ -65.2958, 18.127932 ], [ -65.296022, 18.129441 ], [ -65.297846, 18.131889 ], [ -65.298227, 18.133954 ], [ -65.300005, 18.135508 ], [ -65.308426, 18.134595 ], [ -65.310391, 18.131952 ], [ -65.310148, 18.129619 ], [ -65.307722, 18.129068 ], [ -65.307564, 18.127778 ], [ -65.310745, 18.126639 ], [ -65.314762, 18.125691 ], [ -65.316331, 18.123845 ], [ -65.320375, 18.127135 ], [ -65.326426, 18.124969 ], [ -65.328149, 18.121704 ], [ -65.329674, 18.121932 ], [ -65.331316, 18.125689 ], [ -65.334447, 18.125276 ], [ -65.334115, 18.121539 ], [ -65.335635, 18.119873 ], [ -65.337886, 18.119518 ], [ -65.338043, 18.118293 ], [ -65.33703, 18.116646 ], [ -65.336995, 18.114987 ], [ -65.339289, 18.113855 ], [ -65.340204, 18.115281 ], [ -65.341356, 18.115181 ], [ -65.341945, 18.113534 ], [ -65.342225, 18.112027 ], [ -65.346418, 18.11103 ], [ -65.349651, 18.112194 ], [ -65.352257, 18.111884 ], [ -65.352512, 18.113918 ], [ -65.346237, 18.116261 ], [ -65.344018, 18.11626 ], [ -65.343221, 18.117482 ], [ -65.34045, 18.118538 ], [ -65.340363, 18.119763 ], [ -65.345214, 18.121277 ], [ -65.35091, 18.122843 ], [ -65.349425, 18.125364 ], [ -65.35122, 18.126357 ], [ -65.352917, 18.125178 ], [ -65.359784, 18.127365 ], [ -65.361873, 18.130666 ], [ -65.364296, 18.129952 ], [ -65.36506, 18.129084 ], [ -65.364016, 18.126015 ], [ -65.366383, 18.124645 ], [ -65.36896, 18.124926 ], [ -65.373487, 18.124161 ], [ -65.375293, 18.121676 ], [ -65.374976, 18.120183 ], [ -65.37332, 18.119048 ], [ -65.372837, 18.117555 ], [ -65.373615, 18.117121 ], [ -65.375247, 18.117281 ], [ -65.376436, 18.116136 ], [ -65.37691, 18.111044 ], [ -65.375321, 18.108206 ], [ -65.376909, 18.107386 ], [ -65.378503193094502, 18.109882420213399 ], [ -65.378759, 18.110283 ], [ -65.381026, 18.112191 ], [ -65.384947, 18.112025 ], [ -65.388209, 18.112733 ], [ -65.391271, 18.112122 ], [ -65.392465, 18.109987 ], [ -65.395274, 18.109689 ], [ -65.397073, 18.111045 ], [ -65.398517, 18.109318 ], [ -65.399725, 18.10918 ], [ -65.400535, 18.111143 ], [ -65.402564, 18.110803 ], [ -65.403306, 18.109054 ], [ -65.405259, 18.109458 ], [ -65.405871, 18.113682 ], [ -65.409269, 18.113881 ], [ -65.411071, 18.111763 ], [ -65.408178, 18.107654 ], [ -65.412029, 18.106169 ], [ -65.41395, 18.108606 ], [ -65.418592, 18.106095 ], [ -65.41694, 18.102836 ], [ -65.418849, 18.101408 ], [ -65.42158, 18.102179 ], [ -65.42376, 18.105913 ], [ -65.423508, 18.11062 ], [ -65.425484, 18.113214 ], [ -65.429162, 18.11329 ], [ -65.432067, 18.112486 ], [ -65.436673, 18.107861 ], [ -65.436643, 18.106408 ], [ -65.431567, 18.103577 ], [ -65.427193, 18.103503 ], [ -65.425716, 18.101547 ], [ -65.422758, 18.10017 ], [ -65.422457, 18.09898 ], [ -65.423833, 18.097803 ], [ -65.423243, 18.096137 ], [ -65.426141, 18.094923 ], [ -65.431028, 18.094154 ], [ -65.43226, 18.093044 ], [ -65.437441, 18.091527 ], [ -65.439443, 18.093826 ], [ -65.439012, 18.095661 ], [ -65.439667, 18.103075 ], [ -65.439864924115099, 18.103438655753699 ], [ -65.440331, 18.104295 ], [ -65.447226894232898, 18.104603016027401 ], [ -65.448234, 18.104648 ], [ -65.451052, 18.103131 ], [ -65.451138, 18.101155 ], [ -65.450047, 18.099925 ], [ -65.446607, 18.099806 ], [ -65.441629, 18.098292 ], [ -65.441544, 18.095151 ], [ -65.442332, 18.094751 ], [ -65.442548, 18.093054 ], [ -65.444709, 18.091755 ], [ -65.445099, 18.08921 ], [ -65.446702, 18.088954 ], [ -65.447371, 18.087764 ], [ -65.448799, 18.087841 ], [ -65.448754, 18.090592 ], [ -65.450431, 18.09114 ], [ -65.451639, 18.090197 ], [ -65.451045, 18.087135 ], [ -65.451826, 18.086564 ], [ -65.456847, 18.087998 ], [ -65.454063, 18.092973 ], [ -65.456654, 18.095616 ], [ -65.461069, 18.096805 ], [ -65.466181, 18.095746 ], [ -65.468319, 18.093412 ], [ -65.469372, 18.093233 ], [ -65.471627658536704, 18.093958087422902 ], [ -65.474626672344499, 18.094922128370399 ], [ -65.479753, 18.09657 ], [ -65.489309, 18.094304 ], [ -65.490495, 18.095577 ], [ -65.496296411229196, 18.094157609098598 ], [ -65.500051, 18.093239 ], [ -65.503944, 18.092954 ], [ -65.511581, 18.090108 ], [ -65.51805, 18.086341 ], [ -65.524459, 18.082279 ], [ -65.528652, 18.08171 ], [ -65.532844, 18.080144 ], [ -65.537205, 18.081962 ], [ -65.541306, 18.081323 ], [ -65.549954, 18.084352 ], [ -65.559134, 18.086341 ], [ -65.562891410543401, 18.088399905011201 ], [ -65.569445, 18.091991 ], [ -65.570711, 18.098157 ], [ -65.577144, 18.102258 ], [ -65.575301, 18.109697 ], [ -65.575647, 18.115429 ], [ -65.577238, 18.118189 ], [ -65.577015, 18.119722 ] ] ] ] } },
{ "type": "Feature", "properties": { "STATEFP": "72", "COUNTYFP": "101", "COUNTYNS": "01804531", "GEOIDFQ": "0500000US72101", "GEOID": "72101", "NAME": "Morovis", "NAMELSAD": "Morovis Municipio", "STUSPS": "PR", "STATE_NAME": "Puerto Rico", "LSAD": "13", "ALAND": 100676192.0, "AWATER": 139537.0 }, "geometry": { "type": "MultiPolygon", "coordinates": [ [ [ [ -66.465142, 18.352237 ], [ -66.464005, 18.359842 ], [ -66.464411, 18.36089 ], [ -66.463211, 18.371473 ], [ -66.459029, 18.371249 ], [ -66.451578, 18.372214 ], [ -66.445089, 18.370963 ], [ -66.4438, 18.371027 ], [ -66.440472, 18.372223 ], [ -66.437917, 18.37195 ], [ -66.436314, 18.370939 ], [ -66.429227, 18.370451 ], [ -66.428235, 18.370682 ], [ -66.425268, 18.374985 ], [ -66.424194, 18.375879 ], [ -66.421864, 18.377808 ], [ -66.417885, 18.37791 ], [ -66.417163, 18.377482 ], [ -66.417113, 18.374359 ], [ -66.415903, 18.373005 ], [ -66.411247, 18.3697 ], [ -66.403774, 18.364818 ], [ -66.402545, 18.364364 ], [ -66.400998, 18.363707 ], [ -66.401622, 18.365405 ], [ -66.400819, 18.367992 ], [ -66.396614, 18.370252 ], [ -66.395585, 18.371885 ], [ -66.395245, 18.370155 ], [ -66.39221, 18.365865 ], [ -66.388671, 18.362203 ], [ -66.390382, 18.360933 ], [ -66.38925, 18.356312 ], [ -66.388898, 18.353223 ], [ -66.387172, 18.349776 ], [ -66.386279, 18.349028 ], [ -66.386865, 18.347171 ], [ -66.385925, 18.344734 ], [ -66.384364, 18.344569 ], [ -66.381496, 18.342508 ], [ -66.380319, 18.34343 ], [ -66.378946, 18.342966 ], [ -66.377058, 18.344246 ], [ -66.37472, 18.344189 ], [ -66.374295, 18.342625 ], [ -66.371731, 18.340491 ], [ -66.371131, 18.337902 ], [ -66.36713, 18.335119 ], [ -66.365272, 18.333229 ], [ -66.36561, 18.332024 ], [ -66.366899, 18.327583 ], [ -66.368594, 18.321739 ], [ -66.372457, 18.309835 ], [ -66.37302, 18.302763 ], [ -66.373715, 18.30146 ], [ -66.375905, 18.300048 ], [ -66.375561, 18.298102 ], [ -66.377712, 18.293976 ], [ -66.38279, 18.291785 ], [ -66.384028, 18.290797 ], [ -66.384896, 18.286438 ], [ -66.386392, 18.283953 ], [ -66.38872, 18.276827 ], [ -66.390046, 18.27413 ], [ -66.390957, 18.273392 ], [ -66.392796, 18.273325 ], [ -66.397561, 18.269458 ], [ -66.398213, 18.26893 ], [ -66.409431, 18.26331 ], [ -66.412262, 18.262952 ], [ -66.426794, 18.260838 ], [ -66.427453, 18.260674 ], [ -66.428428, 18.260743 ], [ -66.429136, 18.260636 ], [ -66.43185, 18.258693 ], [ -66.435778, 18.256704 ], [ -66.437375, 18.25668 ], [ -66.43774, 18.256167 ], [ -66.438835, 18.256181 ], [ -66.439863, 18.258598 ], [ -66.440612, 18.25786 ], [ -66.442043, 18.259117 ], [ -66.443037, 18.25802 ], [ -66.444497, 18.257539 ], [ -66.446062, 18.258075 ], [ -66.446614, 18.257194 ], [ -66.450446, 18.256809 ], [ -66.452063, 18.256112 ], [ -66.455703, 18.257726 ], [ -66.458175, 18.258432 ], [ -66.458628, 18.259886 ], [ -66.457341, 18.26146 ], [ -66.455395, 18.262217 ], [ -66.455195, 18.263249 ], [ -66.459137, 18.263873 ], [ -66.459948, 18.264786 ], [ -66.459637, 18.267543 ], [ -66.459128, 18.26857 ], [ -66.462106, 18.271956 ], [ -66.460756, 18.273584 ], [ -66.462306, 18.274222 ], [ -66.462503, 18.275323 ], [ -66.460689, 18.277167 ], [ -66.460454, 18.278548 ], [ -66.461718, 18.28191 ], [ -66.464589, 18.28275 ], [ -66.46482, 18.28408 ], [ -66.463538, 18.283984 ], [ -66.462496, 18.284833 ], [ -66.462053, 18.28725 ], [ -66.460969, 18.288984 ], [ -66.458654, 18.290719 ], [ -66.458169, 18.292045 ], [ -66.459773, 18.295255 ], [ -66.45923, 18.296058 ], [ -66.458574, 18.297155 ], [ -66.461234, 18.299146 ], [ -66.461474, 18.3006 ], [ -66.458944, 18.303137 ], [ -66.458084, 18.303284 ], [ -66.457055, 18.300128 ], [ -66.454837, 18.300674 ], [ -66.456058, 18.304568 ], [ -66.453368, 18.309318 ], [ -66.453812, 18.310673 ], [ -66.454542, 18.313039 ], [ -66.454334, 18.32547 ], [ -66.454258, 18.328097 ], [ -66.454289, 18.332654 ], [ -66.460037, 18.343484 ], [ -66.461242, 18.344196 ], [ -66.462894, 18.346815 ], [ -66.464053, 18.349395 ], [ -66.465142, 18.352237 ] ] ] ] } },
{ "type": "Feature", "properties": { "STATEFP": "72", "COUNTYFP": "149", "COUNTYNS": "01804555", "GEOIDFQ": "0500000US72149", "GEOID": "72149", "NAME": "Villalba", "NAMELSAD": "Villalba Municipio", "STUSPS": "PR", "STATE_NAME": "Puerto Rico", "LSAD": "13", "ALAND": 92298567.0, "AWATER": 3622640.0 }, "geometry": { "type": "MultiPolygon", "coordinates": [ [ [ [ -66.52963, 18.108348 ], [ -66.526863, 18.110082 ], [ -66.526231, 18.111583 ], [ -66.525925, 18.112057 ], [ -66.525745, 18.112474 ], [ -66.52542, 18.115695 ], [ -66.526458, 18.117279 ], [ -66.526446, 18.119846 ], [ -66.523199, 18.122484 ], [ -66.524801, 18.124467 ], [ -66.52685, 18.130682 ], [ -66.528334, 18.131379 ], [ -66.528189, 18.132243 ], [ -66.527879, 18.135053 ], [ -66.526431, 18.137083 ], [ -66.526909, 18.140207 ], [ -66.523137, 18.14522 ], [ -66.522114, 18.149122 ], [ -66.521899, 18.151954 ], [ -66.522069, 18.152387 ], [ -66.520925, 18.152596 ], [ -66.51945, 18.154255 ], [ -66.516287, 18.154305 ], [ -66.513457, 18.155678 ], [ -66.512001, 18.157108 ], [ -66.510671, 18.159775 ], [ -66.507965, 18.160991 ], [ -66.505679, 18.163487 ], [ -66.502791, 18.164994 ], [ -66.501791, 18.164805 ], [ -66.497201, 18.165452 ], [ -66.496522, 18.166675 ], [ -66.493436, 18.166499 ], [ -66.490649, 18.167145 ], [ -66.489441, 18.166503 ], [ -66.488562, 18.165932 ], [ -66.485789, 18.166831 ], [ -66.484852, 18.168227 ], [ -66.481413, 18.169838 ], [ -66.477374, 18.170011 ], [ -66.475601, 18.172276 ], [ -66.472871, 18.172431 ], [ -66.472353, 18.175672 ], [ -66.470545, 18.177829 ], [ -66.469565, 18.177963 ], [ -66.467794, 18.177499 ], [ -66.467226, 18.17762 ], [ -66.466371, 18.177705 ], [ -66.465933, 18.177848 ], [ -66.465441, 18.177807 ], [ -66.465273, 18.178033 ], [ -66.464004, 18.178854 ], [ -66.461355, 18.17709 ], [ -66.457933, 18.176539 ], [ -66.452704, 18.178441 ], [ -66.450251, 18.177606 ], [ -66.447603, 18.175756 ], [ -66.445565, 18.175686 ], [ -66.44456, 18.176674 ], [ -66.44337, 18.175698 ], [ -66.4402, 18.174516 ], [ -66.439509, 18.173061 ], [ -66.434573, 18.173537 ], [ -66.432773, 18.172651 ], [ -66.429625, 18.166674 ], [ -66.428794, 18.164054 ], [ -66.429083, 18.163444 ], [ -66.428478, 18.159797 ], [ -66.428527, 18.157971 ], [ -66.429449, 18.156912 ], [ -66.428388, 18.156145 ], [ -66.428719, 18.155058 ], [ -66.427691, 18.155223 ], [ -66.42478, 18.152847 ], [ -66.424276, 18.151241 ], [ -66.422798, 18.150663 ], [ -66.420807, 18.14753 ], [ -66.420102, 18.147057 ], [ -66.419306, 18.144988 ], [ -66.420045, 18.143672 ], [ -66.419799, 18.141392 ], [ -66.418836, 18.139726 ], [ -66.420285, 18.13946 ], [ -66.421369, 18.135763 ], [ -66.420852, 18.134001 ], [ -66.422636, 18.13435 ], [ -66.423467, 18.132396 ], [ -66.4243, 18.132075 ], [ -66.424077, 18.129208 ], [ -66.425759, 18.126392 ], [ -66.426621, 18.123015 ], [ -66.426959, 18.118411 ], [ -66.430494, 18.116403 ], [ -66.430761, 18.114833 ], [ -66.429642, 18.112166 ], [ -66.427758, 18.11066 ], [ -66.427972, 18.107798 ], [ -66.42735, 18.106523 ], [ -66.426772, 18.101911 ], [ -66.42549, 18.100494 ], [ -66.422756, 18.099548 ], [ -66.421465, 18.09803 ], [ -66.422809, 18.096741 ], [ -66.424018, 18.096828 ], [ -66.425443, 18.094957 ], [ -66.425443, 18.093846 ], [ -66.427582, 18.092764 ], [ -66.429222, 18.090961 ], [ -66.428959, 18.089287 ], [ -66.430576, 18.085759 ], [ -66.429531, 18.083218 ], [ -66.430314, 18.082053 ], [ -66.434568, 18.08379 ], [ -66.439549, 18.084927 ], [ -66.44343, 18.083996 ], [ -66.443983, 18.084822 ], [ -66.448254, 18.083274 ], [ -66.450014, 18.083577 ], [ -66.452862, 18.082682 ], [ -66.454634, 18.08125 ], [ -66.459771, 18.083239 ], [ -66.461763, 18.084441 ], [ -66.466005, 18.084768 ], [ -66.466295, 18.08537 ], [ -66.470083, 18.085394 ], [ -66.471406, 18.085984 ], [ -66.476231, 18.087765 ], [ -66.479006, 18.087274 ], [ -66.481877, 18.088011 ], [ -66.484626, 18.089598 ], [ -66.485029, 18.091273 ], [ -66.486656, 18.092001 ], [ -66.487793, 18.094225 ], [ -66.489588, 18.094581 ], [ -66.493309, 18.096442 ], [ -66.492367, 18.098185 ], [ -66.497237, 18.096304 ], [ -66.501875, 18.095666 ], [ -66.505567, 18.093151 ], [ -66.505587, 18.091973 ], [ -66.501935, 18.088019 ], [ -66.501943, 18.085969 ], [ -66.502253, 18.085115 ], [ -66.504692, 18.082406 ], [ -66.507491, 18.080915 ], [ -66.510433, 18.08174 ], [ -66.515406, 18.08411 ], [ -66.517194, 18.08441 ], [ -66.518244, 18.08503 ], [ -66.52021, 18.087714 ], [ -66.522099, 18.089738 ], [ -66.520996, 18.093173 ], [ -66.522042, 18.095032 ], [ -66.523031, 18.0957 ], [ -66.524156, 18.097964 ], [ -66.526439, 18.098705 ], [ -66.528752, 18.100827 ], [ -66.52758, 18.102269 ], [ -66.528816, 18.104308 ], [ -66.530043, 18.106944 ], [ -66.52963, 18.108348 ] ] ] ] } },
{ "type": "Feature", "properties": { "STATEFP": "72", "COUNTYFP": "117", "COUNTYNS": "01804539", "GEOIDFQ": "0500000US72117", "GEOID": "72117", "NAME": "Rincón", "NAMELSAD": "Rincón Municipio", "STUSPS": "PR", "STATE_NAME": "Puerto Rico", "LSAD": "13", "ALAND": 37005462.0, "AWATER": 103924382.0 }, "geometry": { "type": "MultiPolygon", "coordinates": [ [ [ [ -67.271223, 18.362513 ], [ -67.268064, 18.36702 ], [ -67.265759531930101, 18.368008924158801 ], [ -67.260859058268593, 18.370111880956902 ], [ -67.259929, 18.370511 ], [ -67.245846760525495, 18.373920977326399 ], [ -67.245319368056798, 18.374048684028399 ], [ -67.241432, 18.37499 ], [ -67.239283814488502, 18.375473538137399 ], [ -67.239193880149003, 18.375493781586002 ], [ -67.239148471953101, 18.375504002581501 ], [ -67.238891, 18.372744 ], [ -67.237069, 18.37089 ], [ -67.235199, 18.371331 ], [ -67.235655, 18.368862 ], [ -67.231969, 18.366443 ], [ -67.230492, 18.36409 ], [ -67.229213, 18.363737 ], [ -67.228185, 18.364444 ], [ -67.226738, 18.36292 ], [ -67.228227, 18.361731 ], [ -67.224799, 18.355722 ], [ -67.224444, 18.355532 ], [ -67.223838, 18.352576 ], [ -67.225126, 18.351984 ], [ -67.225434, 18.35029 ], [ -67.226707, 18.351139 ], [ -67.227336, 18.348766 ], [ -67.225625, 18.349336 ], [ -67.222895, 18.34539 ], [ -67.219911, 18.346129 ], [ -67.219463, 18.345218 ], [ -67.219897, 18.342639 ], [ -67.21701, 18.342707 ], [ -67.215174, 18.341354 ], [ -67.213957, 18.341301 ], [ -67.211965, 18.33964 ], [ -67.210993, 18.336719 ], [ -67.209193, 18.335888 ], [ -67.205785, 18.335808 ], [ -67.203881, 18.334209 ], [ -67.203123, 18.33327 ], [ -67.20082, 18.332052 ], [ -67.198087, 18.331802 ], [ -67.195748, 18.330598 ], [ -67.196713, 18.326176 ], [ -67.193905, 18.324265 ], [ -67.189558, 18.322876 ], [ -67.189243, 18.31964 ], [ -67.187461, 18.315751 ], [ -67.186402, 18.315481 ], [ -67.185279, 18.312914 ], [ -67.182852, 18.313026 ], [ -67.181877, 18.311252 ], [ -67.183176, 18.311052 ], [ -67.187241, 18.310824 ], [ -67.188074, 18.311787 ], [ -67.189874, 18.311461 ], [ -67.190706, 18.309144 ], [ -67.193744, 18.307704 ], [ -67.196457, 18.307679 ], [ -67.199408, 18.310325 ], [ -67.202039, 18.310157 ], [ -67.203364, 18.308422 ], [ -67.205598, 18.307884 ], [ -67.208161, 18.306161 ], [ -67.21416, 18.306219 ], [ -67.215234, 18.304902 ], [ -67.218505, 18.304659 ], [ -67.218974, 18.305154 ], [ -67.220291, 18.305852 ], [ -67.220709, 18.3057 ], [ -67.222647, 18.303302 ], [ -67.225324765411898, 18.2968884841186 ], [ -67.233589, 18.299185 ], [ -67.236441, 18.301441 ], [ -67.239910768893793, 18.307823075575101 ], [ -67.241009057103895, 18.3098431981178 ], [ -67.241065239275699, 18.309946536085601 ], [ -67.243627018172702, 18.314658511732301 ], [ -67.244047, 18.315431 ], [ -67.244469001315295, 18.316179501004399 ], [ -67.246492464654594, 18.319768504845801 ], [ -67.250570261515094, 18.327001266770498 ], [ -67.252661463732196, 18.3307104186215 ], [ -67.253079, 18.331451 ], [ -67.253111974277303, 18.331617952511898 ], [ -67.253358785114202, 18.332867583818299 ], [ -67.254373825020494, 18.338006846176601 ], [ -67.254505, 18.338671 ], [ -67.257832, 18.343183 ], [ -67.257949394810296, 18.3432383650755 ], [ -67.260985, 18.34467 ], [ -67.2631740798099, 18.347688628754799 ], [ -67.264486436778796, 18.349498301689099 ], [ -67.264510646018806, 18.349531684989099 ], [ -67.268899, 18.355583 ], [ -67.271223, 18.362513 ] ] ] ] } },
{ "type": "Feature", "properties": { "STATEFP": "72", "COUNTYFP": "067", "COUNTYNS": "01804514", "GEOIDFQ": "0500000US72067", "GEOID": "72067", "NAME": "Hormigueros", "NAMELSAD": "Hormigueros Municipio", "STUSPS": "PR", "STATE_NAME": "Puerto Rico", "LSAD": "13", "ALAND": 29384895.0, "AWATER": 481.0 }, "geometry": { "type": "MultiPolygon", "coordinates": [ [ [ [ -67.158801, 18.155297 ], [ -67.157654, 18.156201 ], [ -67.151773, 18.153712 ], [ -67.150409, 18.154127 ], [ -67.147637, 18.155077 ], [ -67.144891, 18.154282 ], [ -67.143439, 18.155601 ], [ -67.141437, 18.154651 ], [ -67.140833, 18.153109 ], [ -67.138063, 18.153341 ], [ -67.13729, 18.152103 ], [ -67.13211, 18.155208 ], [ -67.131394, 18.156553 ], [ -67.129233, 18.158135 ], [ -67.128144, 18.157208 ], [ -67.126002, 18.158415 ], [ -67.125114, 18.157818 ], [ -67.122943, 18.157514 ], [ -67.123183, 18.156615 ], [ -67.120825, 18.155959 ], [ -67.118695, 18.157959 ], [ -67.117652, 18.15806 ], [ -67.11541, 18.158232 ], [ -67.113116, 18.159936 ], [ -67.112443, 18.160334 ], [ -67.111243, 18.1598 ], [ -67.108689, 18.159914 ], [ -67.10548, 18.157364 ], [ -67.103997, 18.158034 ], [ -67.100994, 18.157007 ], [ -67.097987, 18.15865 ], [ -67.096866, 18.156404 ], [ -67.094779, 18.155724 ], [ -67.092712, 18.152012 ], [ -67.089021, 18.151049 ], [ -67.087226, 18.14951 ], [ -67.086359, 18.149829 ], [ -67.084517, 18.149287 ], [ -67.084016, 18.148186 ], [ -67.084807, 18.146006 ], [ -67.085992, 18.144281 ], [ -67.088032, 18.146232 ], [ -67.087163, 18.148527 ], [ -67.089319, 18.148958 ], [ -67.09144, 18.147875 ], [ -67.092485, 18.146314 ], [ -67.091836, 18.144154 ], [ -67.09093, 18.14246 ], [ -67.091708, 18.14207 ], [ -67.093114, 18.142785 ], [ -67.093944, 18.142151 ], [ -67.093166, 18.14088 ], [ -67.09273, 18.13736 ], [ -67.09415, 18.1349 ], [ -67.091026, 18.132042 ], [ -67.09196, 18.129903 ], [ -67.092544, 18.127255 ], [ -67.090736, 18.126333 ], [ -67.092119, 18.125369 ], [ -67.0859, 18.12112 ], [ -67.083684, 18.119045 ], [ -67.081558, 18.11823 ], [ -67.07953, 18.116996 ], [ -67.077812, 18.115846 ], [ -67.077937, 18.112963 ], [ -67.081076, 18.111291 ], [ -67.079009, 18.110108 ], [ -67.08105, 18.106715 ], [ -67.083793, 18.106793 ], [ -67.086815, 18.106452 ], [ -67.086267, 18.105503 ], [ -67.087005, 18.103974 ], [ -67.087261, 18.105523 ], [ -67.091117, 18.104954 ], [ -67.093315, 18.106735 ], [ -67.094879, 18.106547 ], [ -67.09726, 18.107303 ], [ -67.099198, 18.107129 ], [ -67.100492, 18.106395 ], [ -67.103154, 18.105206 ], [ -67.104977, 18.105977 ], [ -67.107108, 18.105967 ], [ -67.110723, 18.108725 ], [ -67.112388, 18.108761 ], [ -67.116012, 18.111377 ], [ -67.118868, 18.112014 ], [ -67.119512, 18.111858 ], [ -67.121959, 18.11411 ], [ -67.123039, 18.113646 ], [ -67.126157, 18.115143 ], [ -67.127807, 18.118265 ], [ -67.128363, 18.11999 ], [ -67.13131, 18.12096 ], [ -67.13215, 18.12051 ], [ -67.133158, 18.121415 ], [ -67.13345, 18.123016 ], [ -67.135345, 18.124465 ], [ -67.134653, 18.12513 ], [ -67.136059, 18.127866 ], [ -67.134926, 18.129752 ], [ -67.133639, 18.12966 ], [ -67.133178, 18.129935 ], [ -67.133754, 18.131867 ], [ -67.135045, 18.132368 ], [ -67.136552, 18.131487 ], [ -67.136507, 18.133013 ], [ -67.140598, 18.133081 ], [ -67.141189, 18.137063 ], [ -67.146318, 18.139626 ], [ -67.146659, 18.140989 ], [ -67.148452, 18.140715 ], [ -67.149586, 18.143464 ], [ -67.149985, 18.142225 ], [ -67.151502, 18.141995 ], [ -67.151012, 18.144689 ], [ -67.152428, 18.145718 ], [ -67.153978, 18.145299 ], [ -67.153478, 18.149192 ], [ -67.156013, 18.15012 ], [ -67.156421, 18.151561 ], [ -67.158374, 18.151887 ], [ -67.159733, 18.153227 ], [ -67.158801, 18.155297 ] ] ] ] } },
{ "type": "Feature", "properties": { "STATEFP": "72", "COUNTYFP": "133", "COUNTYNS": "01804547", "GEOIDFQ": "0500000US72133", "GEOID": "72133", "NAME": "Santa Isabel", "NAMELSAD": "Santa Isabel Municipio", "STUSPS": "PR", "STATE_NAME": "Puerto Rico", "LSAD": "13", "ALAND": 88189167.0, "AWATER": 111096016.0 }, "geometry": { "type": "MultiPolygon", "coordinates": [ [ [ [ -66.452099410057997, 17.981945202206902 ], [ -66.44922, 17.984286 ], [ -66.44681, 17.987621 ], [ -66.44276, 17.990584 ], [ -66.4418, 17.9923 ], [ -66.440715, 17.993052 ], [ -66.439824, 17.995057 ], [ -66.437849, 17.99435 ], [ -66.438286, 17.991919 ], [ -66.437931, 17.991543 ], [ -66.437025, 17.992304 ], [ -66.434732, 17.997246 ], [ -66.435559, 18.002226 ], [ -66.435525, 18.004322 ], [ -66.434499, 18.007313 ], [ -66.430921, 18.009946 ], [ -66.427762, 18.009524 ], [ -66.427201, 18.010304 ], [ -66.427949, 18.011191 ], [ -66.428256, 18.012208 ], [ -66.425608, 18.011754 ], [ -66.424339, 18.014974 ], [ -66.422084, 18.017135 ], [ -66.421054, 18.019309 ], [ -66.421099, 18.021244 ], [ -66.422219, 18.022649 ], [ -66.422928, 18.024589 ], [ -66.422276, 18.024796 ], [ -66.422583, 18.026768 ], [ -66.424323, 18.027741 ], [ -66.424505, 18.02842 ], [ -66.423277, 18.030792 ], [ -66.423508, 18.031599 ], [ -66.425219, 18.030292 ], [ -66.425982, 18.031067 ], [ -66.425962, 18.033916 ], [ -66.426984, 18.036898 ], [ -66.42614, 18.039604 ], [ -66.427194, 18.040187 ], [ -66.426989, 18.042627 ], [ -66.395176, 18.037044 ], [ -66.39296, 18.038661 ], [ -66.388136, 18.040171 ], [ -66.386107, 18.03961 ], [ -66.384947, 18.03794 ], [ -66.384876, 18.03883 ], [ -66.380695, 18.03748 ], [ -66.378298, 18.035833 ], [ -66.377726, 18.03464 ], [ -66.374917, 18.034056 ], [ -66.371759, 18.032617 ], [ -66.371137, 18.033432 ], [ -66.368782, 18.033813 ], [ -66.366491, 18.03559 ], [ -66.36102, 18.037073 ], [ -66.356779, 18.036942 ], [ -66.355169, 18.033977 ], [ -66.35178, 18.031268 ], [ -66.350313, 18.030939 ], [ -66.349142, 18.030902 ], [ -66.348547, 18.030527 ], [ -66.348456, 18.030402 ], [ -66.349188, 18.029494 ], [ -66.348524, 18.027958 ], [ -66.348468, 18.026371 ], [ -66.347926, 18.025774 ], [ -66.345321, 18.024683 ], [ -66.343586, 18.024816 ], [ -66.342656, 18.023986 ], [ -66.341755, 18.023775 ], [ -66.340935, 18.023238 ], [ -66.340042, 18.023032 ], [ -66.339265, 18.023376 ], [ -66.337689, 18.023234 ], [ -66.335995, 18.022762 ], [ -66.335397, 18.021927 ], [ -66.335569, 18.021588 ], [ -66.334289, 18.020675 ], [ -66.333682, 18.01973 ], [ -66.332251, 18.018813 ], [ -66.332193, 18.016799 ], [ -66.331244, 18.015891 ], [ -66.331413, 18.014057 ], [ -66.331795, 18.01262 ], [ -66.335064, 18.00879 ], [ -66.334818, 18.006079 ], [ -66.335674, 18.004827 ], [ -66.337863, 18.002184 ], [ -66.338528, 17.998541 ], [ -66.339518, 17.996382 ], [ -66.340531, 17.995671 ], [ -66.342573, 17.993662 ], [ -66.342132, 17.991515 ], [ -66.342226, 17.988446 ], [ -66.341192, 17.984988 ], [ -66.339279, 17.984694 ], [ -66.337534, 17.983511 ], [ -66.339792, 17.983213 ], [ -66.34007, 17.982001 ], [ -66.337988, 17.978604 ], [ -66.3381465272209, 17.976431384800598 ], [ -66.344366624376804, 17.972881343024198 ], [ -66.347281, 17.971218 ], [ -66.350279652703804, 17.969042938475098 ], [ -66.354501, 17.965981 ], [ -66.358053, 17.966119 ], [ -66.358014, 17.967935 ], [ -66.360915, 17.968829 ], [ -66.36381, 17.967356 ], [ -66.3638870225342, 17.967219221651099 ], [ -66.365117, 17.965035 ], [ -66.364797579252595, 17.964390029941399 ], [ -66.363814, 17.962404 ], [ -66.360568, 17.961999 ], [ -66.359964, 17.961288 ], [ -66.360016022550994, 17.961181681890199 ], [ -66.361170617468304, 17.9588220446383 ], [ -66.361383, 17.958388 ], [ -66.364258, 17.957067 ], [ -66.365030904569707, 17.958778139958401 ], [ -66.365333021868807, 17.959447 ], [ -66.365394, 17.959582 ], [ -66.368213, 17.96141 ], [ -66.370394, 17.959552 ], [ -66.368359, 17.956073 ], [ -66.368197, 17.954035 ], [ -66.37029, 17.951175 ], [ -66.372079, 17.951771 ], [ -66.370939, 17.954258 ], [ -66.371581373570294, 17.9547589871183 ], [ -66.373138, 17.955973 ], [ -66.37617, 17.955747 ], [ -66.376649, 17.954738 ], [ -66.374628, 17.952902 ], [ -66.376454, 17.949143 ], [ -66.376479421881299, 17.949053942065301 ], [ -66.3769702209012, 17.947334574938999 ], [ -66.377704, 17.944764 ], [ -66.379712254065197, 17.9446154904557 ], [ -66.380084, 17.944588 ], [ -66.380689, 17.943069 ], [ -66.380263, 17.942023 ], [ -66.381682, 17.941005 ], [ -66.384021, 17.940731 ], [ -66.385303829206805, 17.939247011880401 ], [ -66.386202, 17.938208 ], [ -66.386916442173401, 17.938833189280199 ], [ -66.387907, 17.9397 ], [ -66.387978451536995, 17.939856240348799 ], [ -66.388407944325195, 17.940795395836801 ], [ -66.388551926159195, 17.941110235418101 ], [ -66.388865891423606, 17.941796771279101 ], [ -66.390666, 17.945733 ], [ -66.400130110857106, 17.951240986755099 ], [ -66.400275505223306, 17.951325604344198 ], [ -66.402857, 17.952828 ], [ -66.404716, 17.952994 ], [ -66.407933, 17.954362 ], [ -66.410504, 17.954035 ], [ -66.410821038688198, 17.955014786229899 ], [ -66.410879141382097, 17.955194348603499 ], [ -66.411455, 17.956974 ], [ -66.413696947092902, 17.957863543552602 ], [ -66.415979, 17.958769 ], [ -66.418268702189494, 17.9591616618359 ], [ -66.419657373925702, 17.959399805641599 ], [ -66.421991, 17.9598 ], [ -66.426553016565293, 17.9594691928095 ], [ -66.426666, 17.959461 ], [ -66.430642, 17.962044 ], [ -66.434143822341497, 17.966476521259899 ], [ -66.436641399479399, 17.969637893449001 ], [ -66.436769523720002, 17.969800069986 ], [ -66.437385521147206, 17.970579784496302 ], [ -66.439023327127799, 17.972652879336799 ], [ -66.441589726070106, 17.975901364486401 ], [ -66.44164, 17.975965 ], [ -66.442965754004803, 17.9770154299392 ], [ -66.446566, 17.979868 ], [ -66.451513, 17.980941 ], [ -66.452099410057997, 17.981945202206902 ] ] ] ] } },
{ "type": "Feature", "properties": { "STATEFP": "72", "COUNTYFP": "135", "COUNTYNS": "01804548", "GEOIDFQ": "0500000US72135", "GEOID": "72135", "NAME": "Toa Alta", "NAMELSAD": "Toa Alta Municipio", "STUSPS": "PR", "STATE_NAME": "Puerto Rico", "LSAD": "13", "ALAND": 69972563.0, "AWATER": 1405465.0 }, "geometry": { "type": "MultiPolygon", "coordinates": [ [ [ [ -66.319241, 18.371507 ], [ -66.318286, 18.37234 ], [ -66.316545, 18.375127 ], [ -66.314158, 18.380801 ], [ -66.311544, 18.380807 ], [ -66.306715, 18.384224 ], [ -66.303663, 18.384077 ], [ -66.301446, 18.383471 ], [ -66.300537, 18.384361 ], [ -66.293893, 18.384406 ], [ -66.291366, 18.385057 ], [ -66.287119, 18.385111 ], [ -66.286441, 18.38318 ], [ -66.282309, 18.383101 ], [ -66.279864, 18.383816 ], [ -66.277153, 18.385517 ], [ -66.276256, 18.384398 ], [ -66.273176, 18.384773 ], [ -66.272108, 18.383944 ], [ -66.271596, 18.383741 ], [ -66.269895, 18.384548 ], [ -66.270039, 18.385818 ], [ -66.267607, 18.386583 ], [ -66.266234, 18.386028 ], [ -66.263431, 18.3881 ], [ -66.259829, 18.387118 ], [ -66.258109, 18.387493 ], [ -66.25769, 18.387842 ], [ -66.257338, 18.38949 ], [ -66.254976, 18.390107 ], [ -66.254149, 18.392377 ], [ -66.253215, 18.393239 ], [ -66.252554, 18.394187 ], [ -66.250975, 18.395534 ], [ -66.246866, 18.395928 ], [ -66.244902, 18.394955 ], [ -66.244279, 18.394761 ], [ -66.241933, 18.396917 ], [ -66.24052, 18.397019 ], [ -66.237288, 18.39917 ], [ -66.234345, 18.401464 ], [ -66.232501, 18.400995 ], [ -66.221063, 18.397213 ], [ -66.221059, 18.397187 ], [ -66.212934, 18.394516 ], [ -66.204908, 18.391857 ], [ -66.19698, 18.389289 ], [ -66.197269, 18.385903 ], [ -66.197313, 18.385379 ], [ -66.197767, 18.376732 ], [ -66.199232, 18.373007 ], [ -66.199043, 18.371962 ], [ -66.199453, 18.368937 ], [ -66.198122, 18.366354 ], [ -66.197621, 18.365337 ], [ -66.197582, 18.362194 ], [ -66.197293, 18.360199 ], [ -66.199501, 18.355285 ], [ -66.199699, 18.354709 ], [ -66.198916, 18.353628 ], [ -66.198469, 18.351392 ], [ -66.200471, 18.347138 ], [ -66.199554, 18.339888 ], [ -66.200852, 18.338363 ], [ -66.201904, 18.337795 ], [ -66.203615, 18.336673 ], [ -66.201862, 18.330217 ], [ -66.201531, 18.328983 ], [ -66.202454, 18.325032 ], [ -66.20441, 18.316512 ], [ -66.204014, 18.315908 ], [ -66.204734, 18.316035 ], [ -66.204659, 18.316477 ], [ -66.206441, 18.320099 ], [ -66.207488, 18.323683 ], [ -66.207758, 18.323896 ], [ -66.211724, 18.323557 ], [ -66.213257, 18.32431 ], [ -66.213901, 18.325795 ], [ -66.213654, 18.326901 ], [ -66.215423, 18.329627 ], [ -66.215276, 18.331627 ], [ -66.216078, 18.333459 ], [ -66.217179, 18.334194 ], [ -66.22076, 18.333338 ], [ -66.22193, 18.331817 ], [ -66.225459, 18.330161 ], [ -66.227887, 18.327998 ], [ -66.229016, 18.326022 ], [ -66.231288, 18.324261 ], [ -66.232044, 18.324134 ], [ -66.235337, 18.328496 ], [ -66.237714, 18.332582 ], [ -66.237798, 18.332969 ], [ -66.241155, 18.332955 ], [ -66.241874, 18.331272 ], [ -66.243628, 18.330722 ], [ -66.245492, 18.331492 ], [ -66.248481, 18.32601 ], [ -66.249613, 18.325781 ], [ -66.249625, 18.326305 ], [ -66.251799, 18.327647 ], [ -66.253704, 18.330157 ], [ -66.258735, 18.331829 ], [ -66.259469, 18.330875 ], [ -66.261938, 18.330869 ], [ -66.263489, 18.329748 ], [ -66.267027, 18.330031 ], [ -66.268511, 18.329073 ], [ -66.272485, 18.328811 ], [ -66.274255, 18.330626 ], [ -66.276034, 18.330772 ], [ -66.278076, 18.329975 ], [ -66.278155, 18.331416 ], [ -66.279394, 18.334508 ], [ -66.284079, 18.343841 ], [ -66.285115, 18.34577 ], [ -66.286529, 18.345782 ], [ -66.286165, 18.348277 ], [ -66.287737, 18.351507 ], [ -66.29011, 18.355177 ], [ -66.291096, 18.355912 ], [ -66.294431, 18.35941 ], [ -66.295503, 18.359621 ], [ -66.297348, 18.360959 ], [ -66.300797, 18.364133 ], [ -66.30388, 18.36662 ], [ -66.304885, 18.369633 ], [ -66.305719, 18.369992 ], [ -66.307036, 18.368109 ], [ -66.307672, 18.364938 ], [ -66.311421, 18.364767 ], [ -66.312506, 18.364399 ], [ -66.313869, 18.365615 ], [ -66.315423, 18.365814 ], [ -66.316685, 18.366955 ], [ -66.318764, 18.367411 ], [ -66.319241, 18.371507 ] ] ] ] } },
{ "type": "Feature", "properties": { "STATEFP": "72", "COUNTYFP": "095", "COUNTYNS": "01804528", "GEOIDFQ": "0500000US72095", "GEOID": "72095", "NAME": "Maunabo", "NAMELSAD": "Maunabo Municipio", "STUSPS": "PR", "STATE_NAME": "Puerto Rico", "LSAD": "13", "ALAND": 54816717.0, "AWATER": 44549509.0 }, "geometry": { "type": "MultiPolygon", "coordinates": [ [ [ [ -65.988523, 18.058941 ], [ -65.985438, 18.059625 ], [ -65.983559, 18.058764 ], [ -65.980187, 18.061251 ], [ -65.979032, 18.060607 ], [ -65.97779, 18.061093 ], [ -65.977129, 18.05825 ], [ -65.975421, 18.057884 ], [ -65.97345, 18.056619 ], [ -65.973738, 18.054451 ], [ -65.972241, 18.052898 ], [ -65.969069, 18.053214 ], [ -65.964698, 18.054205 ], [ -65.963971, 18.054891 ], [ -65.961485, 18.053928 ], [ -65.959506, 18.052185 ], [ -65.958505, 18.052289 ], [ -65.955394, 18.047832 ], [ -65.953173, 18.046938 ], [ -65.952282, 18.044819 ], [ -65.950367, 18.04595 ], [ -65.948639, 18.045716 ], [ -65.944036, 18.043671 ], [ -65.942097, 18.042497 ], [ -65.941466, 18.040846 ], [ -65.937248, 18.041009 ], [ -65.935184, 18.040723 ], [ -65.934031, 18.037146 ], [ -65.933735, 18.0368 ], [ -65.929474, 18.036968 ], [ -65.928013, 18.036271 ], [ -65.925134, 18.036826 ], [ -65.923194, 18.035422 ], [ -65.921949, 18.034595 ], [ -65.917445, 18.034265 ], [ -65.916299, 18.034189 ], [ -65.915131, 18.034278 ], [ -65.912381, 18.033105 ], [ -65.911995, 18.033327 ], [ -65.911412, 18.034239 ], [ -65.907393, 18.035898 ], [ -65.906191, 18.035272 ], [ -65.904714, 18.034106 ], [ -65.90221, 18.034011 ], [ -65.899767, 18.03213 ], [ -65.898505, 18.033869 ], [ -65.896922, 18.033837 ], [ -65.895129, 18.0322 ], [ -65.892987, 18.031974 ], [ -65.892345, 18.031097 ], [ -65.890516, 18.03107 ], [ -65.888172, 18.030154 ], [ -65.88592, 18.027218 ], [ -65.882318, 18.024179 ], [ -65.882177, 18.022526 ], [ -65.88104, 18.020796 ], [ -65.879977, 18.020654 ], [ -65.879255, 18.020512 ], [ -65.878853, 18.020661 ], [ -65.875592, 18.022162 ], [ -65.874896, 18.023438 ], [ -65.873016, 18.023485 ], [ -65.870991, 18.025049 ], [ -65.867644, 18.026048 ], [ -65.866952, 18.025799 ], [ -65.864627, 18.025698 ], [ -65.862188, 18.021983 ], [ -65.859072, 18.021185 ], [ -65.857117, 18.018771 ], [ -65.857293, 18.016945 ], [ -65.853547, 18.014595 ], [ -65.850685013572701, 18.011472275095802 ], [ -65.855559, 18.007083 ], [ -65.858498, 18.005201 ], [ -65.865008, 18.007366 ], [ -65.869251, 18.006896 ], [ -65.869461474893598, 18.006797454383701 ], [ -65.871490315685406, 18.0058475388727 ], [ -65.872066, 18.005578 ], [ -65.875082, 18.002855 ], [ -65.8822, 17.991894 ], [ -65.884956, 17.988712 ], [ -65.885951, 17.988678 ], [ -65.888221, 17.990048 ], [ -65.888759230676399, 17.991435533255501 ], [ -65.888856, 17.991685 ], [ -65.890117199869593, 17.992299499510899 ], [ -65.890266, 17.992372 ], [ -65.890756029900302, 17.992226205980099 ], [ -65.892698390804597, 17.991648313479601 ], [ -65.894501, 17.991112 ], [ -65.896335584555899, 17.9902395041143 ], [ -65.901156, 17.987947 ], [ -65.912327, 17.978452 ], [ -65.912471213035204, 17.978371346335202 ], [ -65.913675, 17.979977 ], [ -65.915757, 17.984703 ], [ -65.917754, 17.985778 ], [ -65.920488, 17.985074 ], [ -65.922261, 17.986059 ], [ -65.926154, 17.985998 ], [ -65.92904, 17.989067 ], [ -65.931486, 17.989196 ], [ -65.934445, 17.990218 ], [ -65.937918, 17.992037 ], [ -65.942003, 17.992296 ], [ -65.943136, 17.992612 ], [ -65.942758, 17.99342 ], [ -65.944068, 17.994603 ], [ -65.944631, 17.996905 ], [ -65.945894, 17.997589 ], [ -65.948199, 18.0016 ], [ -65.948759, 18.004371 ], [ -65.948761, 18.004595 ], [ -65.951673, 18.006163 ], [ -65.952385, 18.006029 ], [ -65.953048, 18.006339 ], [ -65.953582, 18.010483 ], [ -65.954983, 18.013349 ], [ -65.955242, 18.017032 ], [ -65.954635, 18.01809 ], [ -65.95272, 18.019384 ], [ -65.952991, 18.023449 ], [ -65.959132, 18.026528 ], [ -65.959813, 18.02818 ], [ -65.963517, 18.028975 ], [ -65.965852, 18.028117 ], [ -65.967485, 18.02554 ], [ -65.971954, 18.024463 ], [ -65.973685, 18.02647 ], [ -65.97565, 18.032859 ], [ -65.978331, 18.032282 ], [ -65.9819, 18.03484 ], [ -65.980971, 18.035814 ], [ -65.980881, 18.037323 ], [ -65.979951, 18.038897 ], [ -65.980408, 18.040458 ], [ -65.982176, 18.040282 ], [ -65.982212, 18.041272 ], [ -65.985578, 18.04521 ], [ -65.985668, 18.048345 ], [ -65.985187, 18.050462 ], [ -65.986943, 18.052725 ], [ -65.987901, 18.054833 ], [ -65.98912, 18.056918 ], [ -65.988523, 18.058941 ] ] ] ] } },
{ "type": "Feature", "properties": { "STATEFP": "72", "COUNTYFP": "027", "COUNTYNS": "01804493", "GEOIDFQ": "0500000US72027", "GEOID": "72027", "NAME": "Camuy", "NAMELSAD": "Camuy Municipio", "STUSPS": "PR", "STATE_NAME": "Puerto Rico", "LSAD": "13", "ALAND": 120058677.0, "AWATER": 40429657.0 }, "geometry": { "type": "MultiPolygon", "coordinates": [ [ [ [ -66.901383707002395, 18.483324830056301 ], [ -66.890529, 18.485691 ], [ -66.889123, 18.487264 ], [ -66.887071512798997, 18.487567771723398 ], [ -66.886452506938696, 18.4876594303391 ], [ -66.884998345219799, 18.4878747537451 ], [ -66.883942787991103, 18.4880310542272 ], [ -66.881852165811907, 18.488340620819699 ], [ -66.877649, 18.488963 ], [ -66.874427517038896, 18.488708039427198 ], [ -66.873631, 18.488645 ], [ -66.873075485717393, 18.4888389481637 ], [ -66.871309714307898, 18.4894554365837 ], [ -66.868767255766898, 18.490343091826201 ], [ -66.867117906183196, 18.4909189335877 ], [ -66.86631, 18.491201 ], [ -66.858429, 18.489848 ], [ -66.858319404891603, 18.489859477780701 ], [ -66.855610895782505, 18.490143137096801 ], [ -66.853591307444503, 18.4903546464637 ], [ -66.852674319022995, 18.490450681698601 ], [ -66.849759, 18.490756 ], [ -66.848147327731098, 18.490286040392 ], [ -66.837108, 18.487067 ], [ -66.836267250621901, 18.4870540089915 ], [ -66.83581, 18.486599 ], [ -66.837, 18.48426 ], [ -66.838705, 18.483751 ], [ -66.837721, 18.482393 ], [ -66.837639, 18.480877 ], [ -66.837558, 18.48058 ], [ -66.83671, 18.479832 ], [ -66.835199, 18.479734 ], [ -66.834321, 18.478727 ], [ -66.835353, 18.477841 ], [ -66.835167, 18.473753 ], [ -66.83318, 18.473666 ], [ -66.832179, 18.472161 ], [ -66.829406, 18.472959 ], [ -66.830161, 18.471569 ], [ -66.829164, 18.470487 ], [ -66.830545, 18.469848 ], [ -66.82956, 18.46825 ], [ -66.830343, 18.46732 ], [ -66.830348, 18.464782 ], [ -66.832688, 18.463541 ], [ -66.831742, 18.46029 ], [ -66.829323, 18.457803 ], [ -66.826457, 18.457583 ], [ -66.825953, 18.454512 ], [ -66.825601, 18.450705 ], [ -66.826899, 18.450035 ], [ -66.82673, 18.447888 ], [ -66.824707, 18.44697 ], [ -66.826063, 18.444171 ], [ -66.825999, 18.442478 ], [ -66.825784, 18.438197 ], [ -66.827856, 18.437564 ], [ -66.828913, 18.435595 ], [ -66.82689, 18.433164 ], [ -66.825965, 18.430667 ], [ -66.826322, 18.428144 ], [ -66.825335, 18.425799 ], [ -66.823918, 18.424666 ], [ -66.825004, 18.420596 ], [ -66.824243, 18.418237 ], [ -66.822144, 18.416637 ], [ -66.820913, 18.416411 ], [ -66.820993, 18.414476 ], [ -66.823465, 18.413167 ], [ -66.823643, 18.412465 ], [ -66.821211, 18.405435 ], [ -66.819553, 18.404215 ], [ -66.81724, 18.404036 ], [ -66.816745, 18.402352 ], [ -66.817139, 18.400388 ], [ -66.81676, 18.398548 ], [ -66.817856, 18.396341 ], [ -66.817293, 18.393758 ], [ -66.81576, 18.3915 ], [ -66.813974, 18.390218 ], [ -66.81279, 18.389541 ], [ -66.811992, 18.388765 ], [ -66.810603, 18.387031 ], [ -66.812338, 18.384676 ], [ -66.8129, 18.383319 ], [ -66.813024, 18.380676 ], [ -66.814471, 18.376115 ], [ -66.814336, 18.370802 ], [ -66.815044, 18.369572 ], [ -66.816034, 18.363717 ], [ -66.818273, 18.361643 ], [ -66.820075, 18.361308 ], [ -66.819796, 18.359257 ], [ -66.820964, 18.357481 ], [ -66.821102, 18.356441 ], [ -66.81905, 18.354044 ], [ -66.819029, 18.352656 ], [ -66.820161, 18.350533 ], [ -66.821687, 18.347676 ], [ -66.824223, 18.342998 ], [ -66.828738, 18.344375 ], [ -66.836853, 18.348376 ], [ -66.842901, 18.350373 ], [ -66.846399, 18.351165 ], [ -66.848462, 18.353682 ], [ -66.851685, 18.353884 ], [ -66.853232, 18.354994 ], [ -66.854737, 18.355335 ], [ -66.862903, 18.356058 ], [ -66.86299, 18.356064 ], [ -66.871446, 18.356112 ], [ -66.873457, 18.356876 ], [ -66.876876, 18.356774 ], [ -66.877155, 18.357912 ], [ -66.877611, 18.358325 ], [ -66.878541, 18.35861 ], [ -66.880633, 18.360501 ], [ -66.880675, 18.362451 ], [ -66.882193, 18.36459 ], [ -66.884952, 18.365857 ], [ -66.885757, 18.367152 ], [ -66.8872, 18.367001 ], [ -66.89138, 18.368071 ], [ -66.893339, 18.367089 ], [ -66.894481, 18.366195 ], [ -66.897769, 18.365705 ], [ -66.8989, 18.366108 ], [ -66.899018, 18.366652 ], [ -66.900599, 18.382227 ], [ -66.900982, 18.385353 ], [ -66.899248, 18.397413 ], [ -66.900333, 18.405112 ], [ -66.900486, 18.406694 ], [ -66.901276, 18.418168 ], [ -66.901075, 18.435176 ], [ -66.900733, 18.445746 ], [ -66.900924, 18.450547 ], [ -66.901184, 18.459253 ], [ -66.901345, 18.467913 ], [ -66.90137, 18.471972 ], [ -66.901383707002395, 18.483324830056301 ] ] ] ] } },
{ "type": "Feature", "properties": { "STATEFP": "72", "COUNTYFP": "051", "COUNTYNS": "01804505", "GEOIDFQ": "0500000US72051", "GEOID": "72051", "NAME": "Dorado", "NAMELSAD": "Dorado Municipio", "STUSPS": "PR", "STATE_NAME": "Puerto Rico", "LSAD": "13", "ALAND": 59869070.0, "AWATER": 79239770.0 }, "geometry": { "type": "MultiPolygon", "coordinates": [ [ [ [ -66.317421, 18.451074 ], [ -66.315447, 18.470478 ], [ -66.315043923344604, 18.4745435877741 ], [ -66.312388, 18.474897 ], [ -66.310236, 18.476857 ], [ -66.307463, 18.475613 ], [ -66.303066, 18.475328 ], [ -66.299032, 18.477364 ], [ -66.29288, 18.472973 ], [ -66.289607, 18.471968 ], [ -66.28447, 18.472015 ], [ -66.278366812096493, 18.476387962572399 ], [ -66.274491, 18.479165 ], [ -66.26956, 18.480069 ], [ -66.267322832179701, 18.4793989890441 ], [ -66.260528, 18.477364 ], [ -66.258057846137007, 18.4763229142096 ], [ -66.255744686475097, 18.4753479961322 ], [ -66.249832, 18.472856 ], [ -66.242058, 18.468528 ], [ -66.229375, 18.467644 ], [ -66.220123, 18.466093 ], [ -66.199317, 18.466668 ], [ -66.198941409764998, 18.4666068410741 ], [ -66.199313, 18.464974 ], [ -66.203727, 18.463642 ], [ -66.205851, 18.463628 ], [ -66.209657, 18.465242 ], [ -66.212723, 18.465596 ], [ -66.214605, 18.465 ], [ -66.218368, 18.462214 ], [ -66.224631, 18.458594 ], [ -66.231099, 18.453832 ], [ -66.231747, 18.452557 ], [ -66.230778, 18.450364 ], [ -66.231674, 18.449741 ], [ -66.233526, 18.450374 ], [ -66.235564, 18.452685 ], [ -66.238654, 18.454817 ], [ -66.241471, 18.455706 ], [ -66.244311, 18.454852 ], [ -66.245763, 18.453719 ], [ -66.247761, 18.451411 ], [ -66.250601, 18.451145 ], [ -66.251812, 18.451617 ], [ -66.253973, 18.454311 ], [ -66.255039, 18.454244 ], [ -66.256545, 18.453495 ], [ -66.257999, 18.45514 ], [ -66.259003, 18.451039 ], [ -66.259046, 18.449974 ], [ -66.258916, 18.448239 ], [ -66.257234, 18.446459 ], [ -66.259176, 18.442571 ], [ -66.255438, 18.440588 ], [ -66.255069, 18.43948 ], [ -66.257448, 18.437857 ], [ -66.258212, 18.436041 ], [ -66.25798, 18.434035 ], [ -66.257593, 18.431153 ], [ -66.260296, 18.430328 ], [ -66.261382, 18.430837 ], [ -66.262842, 18.428916 ], [ -66.264315, 18.42654 ], [ -66.262438, 18.424437 ], [ -66.260129, 18.425837 ], [ -66.259714, 18.424565 ], [ -66.260712, 18.422403 ], [ -66.262226, 18.423282 ], [ -66.264323, 18.420579 ], [ -66.263712, 18.419162 ], [ -66.263655, 18.416759 ], [ -66.261863, 18.414537 ], [ -66.260644, 18.417039 ], [ -66.257538, 18.416251 ], [ -66.256105, 18.413951 ], [ -66.255931, 18.412069 ], [ -66.260037, 18.41027 ], [ -66.260198, 18.409546 ], [ -66.258548, 18.407864 ], [ -66.257554, 18.404625 ], [ -66.257349, 18.397508 ], [ -66.254619, 18.395353 ], [ -66.254098, 18.394898 ], [ -66.252554, 18.394187 ], [ -66.253215, 18.393239 ], [ -66.254149, 18.392377 ], [ -66.254976, 18.390107 ], [ -66.257338, 18.38949 ], [ -66.25769, 18.387842 ], [ -66.258109, 18.387493 ], [ -66.259829, 18.387118 ], [ -66.263431, 18.3881 ], [ -66.266234, 18.386028 ], [ -66.267607, 18.386583 ], [ -66.270039, 18.385818 ], [ -66.269895, 18.384548 ], [ -66.271596, 18.383741 ], [ -66.272108, 18.383944 ], [ -66.273176, 18.384773 ], [ -66.276256, 18.384398 ], [ -66.277153, 18.385517 ], [ -66.279864, 18.383816 ], [ -66.282309, 18.383101 ], [ -66.286441, 18.38318 ], [ -66.287119, 18.385111 ], [ -66.291366, 18.385057 ], [ -66.293893, 18.384406 ], [ -66.300537, 18.384361 ], [ -66.301446, 18.383471 ], [ -66.303663, 18.384077 ], [ -66.303881, 18.410636 ], [ -66.303884, 18.410933 ], [ -66.303289, 18.413279 ], [ -66.30173, 18.417156 ], [ -66.30167, 18.417959 ], [ -66.300816, 18.418403 ], [ -66.299764, 18.420774 ], [ -66.299612, 18.423711 ], [ -66.300425, 18.42526 ], [ -66.301174, 18.426995 ], [ -66.301526, 18.427475 ], [ -66.301962, 18.429076 ], [ -66.301928, 18.433741 ], [ -66.308507, 18.433846 ], [ -66.312113, 18.439231 ], [ -66.313193, 18.440783 ], [ -66.314083, 18.442642 ], [ -66.315522, 18.446128 ], [ -66.317283, 18.450396 ], [ -66.317421, 18.451074 ] ] ] ] } },
{ "type": "Feature", "properties": { "STATEFP": "72", "COUNTYFP": "031", "COUNTYNS": "01804495", "GEOIDFQ": "0500000US72031", "GEOID": "72031", "NAME": "Carolina", "NAMELSAD": "Carolina Municipio", "STUSPS": "PR", "STATE_NAME": "Puerto Rico", "LSAD": "13", "ALAND": 117529651.0, "AWATER": 38717131.0 }, "geometry": { "type": "MultiPolygon", "coordinates": [ [ [ [ -66.042969, 18.444174 ], [ -66.040448, 18.44653 ], [ -66.038248, 18.446367 ], [ -66.038228, 18.446999 ], [ -66.037796, 18.448539 ], [ -66.037391, 18.449093 ], [ -66.037563, 18.449269 ], [ -66.036801632671896, 18.449976237483 ], [ -66.036494, 18.449346 ], [ -66.030897, 18.446017 ], [ -66.030143736944893, 18.445809954820302 ], [ -66.030130548258597, 18.445806329720199 ], [ -66.024824548040996, 18.4443478992807 ], [ -66.023155, 18.443889 ], [ -66.019263336017204, 18.444977464543999 ], [ -66.019149923136197, 18.4450091851397 ], [ -66.017402711344801, 18.4454978650705 ], [ -66.016241704044802, 18.445822588707198 ], [ -66.016158, 18.445846 ], [ -66.014895294280095, 18.445275614962899 ], [ -66.013974155117197, 18.444859521183201 ], [ -66.012076111480695, 18.4440021435116 ], [ -66.011177, 18.443596 ], [ -66.001113, 18.447005 ], [ -65.996466, 18.450311 ], [ -65.996217770192999, 18.450899277180898 ], [ -65.994200864399602, 18.4556791207808 ], [ -65.993904035136595, 18.456382573295901 ], [ -65.993401109617906, 18.457574451136399 ], [ -65.990556, 18.457474 ], [ -65.98936, 18.455856 ], [ -65.986324, 18.454382 ], [ -65.986048, 18.45248 ], [ -65.985038, 18.450587 ], [ -65.985793, 18.444801 ], [ -65.984431, 18.442824 ], [ -65.980791, 18.442257 ], [ -65.977619, 18.442387 ], [ -65.976726, 18.442334 ], [ -65.974141, 18.440701 ], [ -65.970901, 18.440372 ], [ -65.969887, 18.437715 ], [ -65.967349, 18.433548 ], [ -65.967199, 18.432381 ], [ -65.965222, 18.432578 ], [ -65.963358, 18.434326 ], [ -65.961461, 18.433368 ], [ -65.957212, 18.433471 ], [ -65.955777, 18.434449 ], [ -65.953979, 18.437155 ], [ -65.949098, 18.434705 ], [ -65.942004, 18.432148 ], [ -65.938055, 18.430358 ], [ -65.932598, 18.428424 ], [ -65.9304, 18.428478 ], [ -65.930859, 18.422771 ], [ -65.926171, 18.415596 ], [ -65.927688, 18.414411 ], [ -65.928374, 18.412946 ], [ -65.924142, 18.411478 ], [ -65.922914, 18.411787 ], [ -65.920085, 18.411175 ], [ -65.919596, 18.409777 ], [ -65.91976, 18.405009 ], [ -65.919278, 18.402993 ], [ -65.919318, 18.400277 ], [ -65.922208, 18.401546 ], [ -65.924131, 18.401583 ], [ -65.926773, 18.398083 ], [ -65.926706, 18.396848 ], [ -65.929781, 18.395915 ], [ -65.931044, 18.394169 ], [ -65.93134, 18.393679 ], [ -65.930441, 18.391981 ], [ -65.928821, 18.391101 ], [ -65.928961, 18.387116 ], [ -65.923708, 18.385853 ], [ -65.922388, 18.386876 ], [ -65.918848, 18.384203 ], [ -65.914846, 18.382472 ], [ -65.916264, 18.381708 ], [ -65.916544, 18.380058 ], [ -65.91309, 18.378869 ], [ -65.916295, 18.376953 ], [ -65.916751, 18.373348 ], [ -65.917966, 18.373706 ], [ -65.919261, 18.372224 ], [ -65.917118, 18.37 ], [ -65.917097, 18.367765 ], [ -65.917637, 18.366973 ], [ -65.91768, 18.363231 ], [ -65.918632, 18.361683 ], [ -65.916605, 18.360333 ], [ -65.91779, 18.357984 ], [ -65.915865, 18.35415 ], [ -65.916239, 18.351642 ], [ -65.917507, 18.350243 ], [ -65.915955, 18.349725 ], [ -65.915716, 18.348487 ], [ -65.916768, 18.347418 ], [ -65.919355, 18.346556 ], [ -65.919774, 18.345125 ], [ -65.916926, 18.344543 ], [ -65.915351, 18.342997 ], [ -65.9139, 18.344813 ], [ -65.913219, 18.343157 ], [ -65.911197, 18.343827 ], [ -65.909904, 18.345519 ], [ -65.908002, 18.343654 ], [ -65.909368, 18.340809 ], [ -65.906563, 18.337814 ], [ -65.90615, 18.336837 ], [ -65.906756, 18.332962 ], [ -65.905834, 18.331705 ], [ -65.909287, 18.327917 ], [ -65.909518, 18.326629 ], [ -65.908793, 18.323198 ], [ -65.908178, 18.32274 ], [ -65.905321, 18.323138 ], [ -65.903141, 18.320657 ], [ -65.903971, 18.317621 ], [ -65.903636, 18.316332 ], [ -65.902013, 18.316626 ], [ -65.901782, 18.316158 ], [ -65.904104, 18.315366 ], [ -65.90584, 18.315424 ], [ -65.904669, 18.312287 ], [ -65.904386, 18.310196 ], [ -65.905466, 18.308879 ], [ -65.909144, 18.308633 ], [ -65.910709, 18.307225 ], [ -65.91036, 18.304336 ], [ -65.909347, 18.302166 ], [ -65.909414, 18.299089 ], [ -65.907115, 18.297809 ], [ -65.906035, 18.298309 ], [ -65.907077, 18.29658 ], [ -65.908584, 18.295291 ], [ -65.910601, 18.295177 ], [ -65.912896, 18.29404 ], [ -65.913414, 18.295718 ], [ -65.91508, 18.295264 ], [ -65.915617, 18.293802 ], [ -65.913343, 18.287184 ], [ -65.911677, 18.287216 ], [ -65.911034, 18.285574 ], [ -65.909791, 18.285606 ], [ -65.909099, 18.282918 ], [ -65.909974, 18.280735 ], [ -65.909014, 18.279212 ], [ -65.909384, 18.276337 ], [ -65.90875, 18.274562 ], [ -65.907315, 18.273493 ], [ -65.907258, 18.272172 ], [ -65.908703, 18.271219 ], [ -65.911832, 18.271879 ], [ -65.918535, 18.27013 ], [ -65.924233, 18.27271 ], [ -65.923306, 18.274734 ], [ -65.925256, 18.27534 ], [ -65.928399, 18.276884 ], [ -65.931601, 18.279374 ], [ -65.935419, 18.28267 ], [ -65.935945, 18.284162 ], [ -65.93788, 18.285166 ], [ -65.93922, 18.286693 ], [ -65.93908, 18.288454 ], [ -65.942429, 18.293469 ], [ -65.943027, 18.294595 ], [ -65.942259, 18.296934 ], [ -65.943603, 18.299075 ], [ -65.94018, 18.300378 ], [ -65.940406, 18.303331 ], [ -65.941661, 18.305044 ], [ -65.940565, 18.307496 ], [ -65.938986, 18.308743 ], [ -65.939096, 18.309559 ], [ -65.940897, 18.311573 ], [ -65.942178, 18.312224 ], [ -65.943096, 18.311586 ], [ -65.947264, 18.31144 ], [ -65.948679, 18.312171 ], [ -65.950154, 18.314196 ], [ -65.950477, 18.315563 ], [ -65.952698, 18.316193 ], [ -65.95272, 18.316234 ], [ -65.954316, 18.317844 ], [ -65.956602, 18.31831 ], [ -65.958584, 18.321274 ], [ -65.958647, 18.322499 ], [ -65.961383, 18.322722 ], [ -65.963261, 18.325377 ], [ -65.962269, 18.327361 ], [ -65.962419, 18.328634 ], [ -65.963624, 18.32938 ], [ -65.966352, 18.329359 ], [ -65.967059, 18.329901 ], [ -65.967583, 18.331875 ], [ -65.969832, 18.334088 ], [ -65.969573, 18.336138 ], [ -65.966982, 18.339764 ], [ -65.96975, 18.340431 ], [ -65.970146, 18.341843 ], [ -65.969705, 18.343405 ], [ -65.972785, 18.344157 ], [ -65.973741, 18.347302 ], [ -65.973733, 18.34732 ], [ -65.97438, 18.348666 ], [ -65.975247, 18.349187 ], [ -65.975571, 18.352701 ], [ -65.979528, 18.35302 ], [ -65.981031, 18.353992 ], [ -65.98103, 18.356324 ], [ -65.982048, 18.358494 ], [ -65.98281, 18.359545 ], [ -65.9832, 18.360195 ], [ -65.986833, 18.363391 ], [ -65.989643, 18.36584 ], [ -65.989734, 18.36724 ], [ -65.989496, 18.369857 ], [ -65.98985, 18.37057 ], [ -65.991499, 18.372371 ], [ -65.991519, 18.376641 ], [ -65.991498, 18.377004 ], [ -65.992844, 18.377436 ], [ -65.994258, 18.377202 ], [ -65.997753, 18.37837 ], [ -65.998965, 18.380108 ], [ -65.999556, 18.380065 ], [ -66.0002, 18.380596 ], [ -66.002044, 18.383883 ], [ -66.002804, 18.384877 ], [ -66.003527, 18.388351 ], [ -66.003438, 18.392095 ], [ -66.002926, 18.394824 ], [ -65.99999, 18.394799 ], [ -65.997995, 18.395346 ], [ -65.997127, 18.39683 ], [ -65.995128, 18.397146 ], [ -65.992952, 18.397678 ], [ -65.991427, 18.398484 ], [ -65.991432, 18.398632 ], [ -65.991661, 18.399479 ], [ -65.991822, 18.40158 ], [ -65.992007, 18.404155 ], [ -65.992277, 18.404914 ], [ -65.992473, 18.405494 ], [ -65.99311, 18.407274 ], [ -65.993627, 18.407694 ], [ -65.99551, 18.408358 ], [ -65.996509, 18.408772 ], [ -65.999956, 18.410346 ], [ -66.000912, 18.41067 ], [ -66.003755, 18.411226 ], [ -66.005216, 18.412013 ], [ -66.007352, 18.413274 ], [ -66.007992, 18.413436 ], [ -66.012084, 18.417169 ], [ -66.014748, 18.41776 ], [ -66.017066, 18.418638 ], [ -66.019988, 18.419877 ], [ -66.020919, 18.4206 ], [ -66.022777, 18.422061 ], [ -66.02381, 18.423084 ], [ -66.024989, 18.423978 ], [ -66.029551, 18.427223 ], [ -66.029735, 18.427795 ], [ -66.03094, 18.430396 ], [ -66.031406, 18.431593 ], [ -66.032, 18.434047 ], [ -66.03272, 18.436691 ], [ -66.033351, 18.43741 ], [ -66.035878, 18.439285 ], [ -66.039191, 18.440822 ], [ -66.041905, 18.442999 ], [ -66.042969, 18.444174 ] ] ] ] } },
{ "type": "Feature", "properties": { "STATEFP": "72", "COUNTYFP": "021", "COUNTYNS": "01804490", "GEOIDFQ": "0500000US72021", "GEOID": "72021", "NAME": "Bayamón", "NAMELSAD": "Bayamón Municipio", "STUSPS": "PR", "STATE_NAME": "Puerto Rico", "LSAD": "13", "ALAND": 115097582.0, "AWATER": 314191.0 }, "geometry": { "type": "MultiPolygon", "coordinates": [ [ [ [ -66.213072, 18.307003 ], [ -66.210358, 18.307448 ], [ -66.209114, 18.306794 ], [ -66.205908, 18.306921 ], [ -66.204734, 18.316035 ], [ -66.204014, 18.315908 ], [ -66.20441, 18.316512 ], [ -66.202454, 18.325032 ], [ -66.201531, 18.328983 ], [ -66.201862, 18.330217 ], [ -66.203615, 18.336673 ], [ -66.201904, 18.337795 ], [ -66.200852, 18.338363 ], [ -66.199554, 18.339888 ], [ -66.200471, 18.347138 ], [ -66.198469, 18.351392 ], [ -66.198916, 18.353628 ], [ -66.199699, 18.354709 ], [ -66.199501, 18.355285 ], [ -66.197293, 18.360199 ], [ -66.197582, 18.362194 ], [ -66.197621, 18.365337 ], [ -66.198122, 18.366354 ], [ -66.199453, 18.368937 ], [ -66.199043, 18.371962 ], [ -66.199232, 18.373007 ], [ -66.197767, 18.376732 ], [ -66.197313, 18.385379 ], [ -66.197269, 18.385903 ], [ -66.19698, 18.389289 ], [ -66.197087, 18.390772 ], [ -66.195691, 18.391555 ], [ -66.197081, 18.393922 ], [ -66.195364, 18.396959 ], [ -66.196642, 18.400059 ], [ -66.19756, 18.404072 ], [ -66.196878, 18.405367 ], [ -66.197657, 18.407975 ], [ -66.196538, 18.408682 ], [ -66.196777, 18.411076 ], [ -66.198263, 18.413828 ], [ -66.197114, 18.415656 ], [ -66.196383, 18.415919 ], [ -66.194773, 18.417495 ], [ -66.193929, 18.418735 ], [ -66.191283, 18.418329 ], [ -66.190888, 18.418511 ], [ -66.187581, 18.419555 ], [ -66.185319, 18.421542 ], [ -66.18024, 18.421359 ], [ -66.177561, 18.419301 ], [ -66.172653, 18.42105 ], [ -66.172686, 18.421555 ], [ -66.17272, 18.422217 ], [ -66.171195, 18.423733 ], [ -66.169725, 18.425704 ], [ -66.16936, 18.428114 ], [ -66.170573, 18.429916 ], [ -66.169542, 18.430709 ], [ -66.169516, 18.430998 ], [ -66.168274, 18.430532 ], [ -66.16553, 18.43012 ], [ -66.165524, 18.43007 ], [ -66.165047, 18.429094 ], [ -66.161949, 18.427555 ], [ -66.161867, 18.42632 ], [ -66.160066, 18.425514 ], [ -66.158452, 18.422649 ], [ -66.158545, 18.421561 ], [ -66.157416, 18.421709 ], [ -66.155478, 18.421984 ], [ -66.154566, 18.422116 ], [ -66.1492, 18.422657 ], [ -66.148673, 18.422752 ], [ -66.148098, 18.422818 ], [ -66.147706, 18.422899 ], [ -66.147086, 18.422982 ], [ -66.146985, 18.422983 ], [ -66.143975, 18.423005 ], [ -66.141586, 18.423481 ], [ -66.140573, 18.423395 ], [ -66.139543, 18.423049 ], [ -66.135487, 18.423104 ], [ -66.135671, 18.422009 ], [ -66.13158, 18.424656 ], [ -66.132273, 18.420475 ], [ -66.129442, 18.420625 ], [ -66.127405, 18.419402 ], [ -66.125089, 18.418567 ], [ -66.121849, 18.415327 ], [ -66.121725, 18.41446 ], [ -66.121486, 18.414049 ], [ -66.121526, 18.413977 ], [ -66.121567, 18.413904 ], [ -66.121584, 18.413869 ], [ -66.121607, 18.413821 ], [ -66.124181, 18.409641 ], [ -66.124917, 18.405926 ], [ -66.126993, 18.404262 ], [ -66.127864, 18.403117 ], [ -66.126613, 18.401093 ], [ -66.125226, 18.401589 ], [ -66.124067, 18.3991 ], [ -66.126412, 18.39593 ], [ -66.125811, 18.394609 ], [ -66.125252, 18.393376 ], [ -66.12461, 18.39203 ], [ -66.123738, 18.38954 ], [ -66.121235, 18.384748 ], [ -66.1195, 18.381976 ], [ -66.11836, 18.379254 ], [ -66.121319, 18.37809 ], [ -66.122165, 18.376288 ], [ -66.12461, 18.376914 ], [ -66.127461, 18.378472 ], [ -66.131178, 18.380506 ], [ -66.134437, 18.381999 ], [ -66.135008, 18.382694 ], [ -66.135185, 18.382701 ], [ -66.136908, 18.380546 ], [ -66.137428, 18.379534 ], [ -66.137444, 18.377397 ], [ -66.134518, 18.374579 ], [ -66.134949, 18.37308 ], [ -66.137192, 18.373705 ], [ -66.137995, 18.372306 ], [ -66.137727, 18.367587 ], [ -66.137854, 18.364569 ], [ -66.138493, 18.362239 ], [ -66.139238, 18.361831 ], [ -66.140761, 18.363153 ], [ -66.14178, 18.361204 ], [ -66.141915, 18.358397 ], [ -66.14193, 18.357594 ], [ -66.139399, 18.355585 ], [ -66.136241, 18.350048 ], [ -66.135829, 18.347846 ], [ -66.136208, 18.34493 ], [ -66.137833, 18.34321 ], [ -66.13766, 18.341834 ], [ -66.134722, 18.34131 ], [ -66.136121, 18.337234 ], [ -66.135958, 18.336211 ], [ -66.133538, 18.33555 ], [ -66.133764, 18.334733 ], [ -66.136469, 18.333524 ], [ -66.138755, 18.332497 ], [ -66.139382, 18.331687 ], [ -66.141474, 18.32915 ], [ -66.140591, 18.326636 ], [ -66.141572, 18.32441 ], [ -66.141361, 18.320445 ], [ -66.140478, 18.31933 ], [ -66.139201, 18.317642 ], [ -66.134468, 18.314173 ], [ -66.132352, 18.313568 ], [ -66.132696, 18.312732 ], [ -66.137326, 18.311693 ], [ -66.140961, 18.311364 ], [ -66.14136, 18.308635 ], [ -66.139967, 18.3078 ], [ -66.140814, 18.305539 ], [ -66.141184, 18.301347 ], [ -66.140209, 18.300577 ], [ -66.138377, 18.299608 ], [ -66.137987, 18.298411 ], [ -66.138171, 18.297732 ], [ -66.139031, 18.295127 ], [ -66.14084, 18.294706 ], [ -66.140842, 18.292601 ], [ -66.141471, 18.289992 ], [ -66.140546, 18.287469 ], [ -66.140339, 18.285176 ], [ -66.144114, 18.283369 ], [ -66.143529, 18.282562 ], [ -66.141705, 18.282231 ], [ -66.143861, 18.27959 ], [ -66.147155, 18.280827 ], [ -66.15097, 18.280784 ], [ -66.153621, 18.282059 ], [ -66.154532, 18.281829 ], [ -66.156909, 18.282918 ], [ -66.1616, 18.282538 ], [ -66.162324, 18.280759 ], [ -66.164045, 18.280721 ], [ -66.166694, 18.279397 ], [ -66.16782, 18.277708 ], [ -66.171043, 18.27928 ], [ -66.17269, 18.278316 ], [ -66.175338, 18.27721 ], [ -66.175771, 18.276299 ], [ -66.177099, 18.276194 ], [ -66.177069, 18.274538 ], [ -66.178056, 18.273709 ], [ -66.178563, 18.272085 ], [ -66.179868, 18.270789 ], [ -66.181732, 18.270109 ], [ -66.184315, 18.268339 ], [ -66.185795, 18.266695 ], [ -66.18709, 18.263241 ], [ -66.188604, 18.261997 ], [ -66.188689, 18.260735 ], [ -66.189196, 18.2598 ], [ -66.190676, 18.25884 ], [ -66.191329, 18.259939 ], [ -66.192742, 18.26023 ], [ -66.193399, 18.262216 ], [ -66.193753, 18.265414 ], [ -66.193026, 18.266365 ], [ -66.193248, 18.268138 ], [ -66.195319, 18.269703 ], [ -66.199001, 18.27 ], [ -66.200802, 18.271477 ], [ -66.199778, 18.274559 ], [ -66.201669, 18.276413 ], [ -66.205588, 18.275674 ], [ -66.206135, 18.27666 ], [ -66.206413, 18.276876 ], [ -66.206509, 18.27966 ], [ -66.2082, 18.281971 ], [ -66.209318, 18.285136 ], [ -66.208699, 18.287177 ], [ -66.209596, 18.288543 ], [ -66.211389, 18.291415 ], [ -66.210987, 18.293169 ], [ -66.209248, 18.29424 ], [ -66.208629, 18.295828 ], [ -66.209872, 18.297552 ], [ -66.210312, 18.30302 ], [ -66.211208, 18.303552 ], [ -66.212954, 18.30488 ], [ -66.213537, 18.306283 ], [ -66.213072, 18.307003 ] ] ] ] } },
{ "type": "Feature", "properties": { "STATEFP": "72", "COUNTYFP": "143", "COUNTYNS": "01804552", "GEOIDFQ": "0500000US72143", "GEOID": "72143", "NAME": "Vega Alta", "NAMELSAD": "Vega Alta Municipio", "STUSPS": "PR", "STATE_NAME": "Puerto Rico", "LSAD": "13", "ALAND": 71816311.0, "AWATER": 25307600.0 }, "geometry": { "type": "MultiPolygon", "coordinates": [ [ [ [ -66.378134, 18.347548 ], [ -66.37635, 18.350192 ], [ -66.376061, 18.354936 ], [ -66.374967, 18.355843 ], [ -66.373082, 18.357921 ], [ -66.372682, 18.360561 ], [ -66.373934, 18.362772 ], [ -66.373532, 18.365721 ], [ -66.37238, 18.367741 ], [ -66.373243, 18.371937 ], [ -66.372083, 18.373005 ], [ -66.371427, 18.375553 ], [ -66.369781, 18.381691 ], [ -66.366364, 18.385154 ], [ -66.364558, 18.388052 ], [ -66.364284, 18.389816 ], [ -66.364076, 18.390369 ], [ -66.362875, 18.395421 ], [ -66.360186, 18.406972 ], [ -66.359553, 18.412564 ], [ -66.358898, 18.421032 ], [ -66.357615, 18.422048 ], [ -66.356869, 18.423458 ], [ -66.354296, 18.425549 ], [ -66.352323, 18.426453 ], [ -66.350956, 18.426405 ], [ -66.347835, 18.42886 ], [ -66.347686, 18.429397 ], [ -66.349074, 18.429139 ], [ -66.351316, 18.430577 ], [ -66.351817, 18.429936 ], [ -66.353184, 18.430471 ], [ -66.353094, 18.431326 ], [ -66.351837, 18.438089 ], [ -66.350644, 18.44282 ], [ -66.348339, 18.447708 ], [ -66.348338, 18.448528 ], [ -66.348448, 18.451443 ], [ -66.348719, 18.458421 ], [ -66.348754, 18.459841 ], [ -66.348918, 18.460701 ], [ -66.349267, 18.473278 ], [ -66.349419, 18.477054 ], [ -66.349698, 18.484164 ], [ -66.343262, 18.481027 ], [ -66.341114662611503, 18.481153006950901 ], [ -66.340890588998604, 18.481166155715002 ], [ -66.340382, 18.481196 ], [ -66.339339809735407, 18.482057799300001 ], [ -66.338695, 18.482591 ], [ -66.338329, 18.484562 ], [ -66.335459, 18.484545 ], [ -66.333355, 18.482885 ], [ -66.326001, 18.479677 ], [ -66.325987146674606, 18.479025519294801 ], [ -66.325964, 18.477937 ], [ -66.325913259367198, 18.477933511681499 ], [ -66.322793, 18.477719 ], [ -66.322543927492603, 18.477489599886098 ], [ -66.320552, 18.475655 ], [ -66.317214, 18.476236 ], [ -66.315875, 18.474433 ], [ -66.315043923344604, 18.4745435877741 ], [ -66.315447, 18.470478 ], [ -66.317421, 18.451074 ], [ -66.317283, 18.450396 ], [ -66.315522, 18.446128 ], [ -66.314083, 18.442642 ], [ -66.313193, 18.440783 ], [ -66.312113, 18.439231 ], [ -66.308507, 18.433846 ], [ -66.301928, 18.433741 ], [ -66.301962, 18.429076 ], [ -66.301526, 18.427475 ], [ -66.301174, 18.426995 ], [ -66.300425, 18.42526 ], [ -66.299612, 18.423711 ], [ -66.299764, 18.420774 ], [ -66.300816, 18.418403 ], [ -66.30167, 18.417959 ], [ -66.30173, 18.417156 ], [ -66.303289, 18.413279 ], [ -66.303884, 18.410933 ], [ -66.303881, 18.410636 ], [ -66.303663, 18.384077 ], [ -66.306715, 18.384224 ], [ -66.311544, 18.380807 ], [ -66.314158, 18.380801 ], [ -66.316545, 18.375127 ], [ -66.318286, 18.37234 ], [ -66.319241, 18.371507 ], [ -66.318764, 18.367411 ], [ -66.321432, 18.365931 ], [ -66.322493, 18.364358 ], [ -66.324155, 18.366945 ], [ -66.325834, 18.36604 ], [ -66.328841, 18.366485 ], [ -66.329711, 18.367581 ], [ -66.333252, 18.36665 ], [ -66.333462, 18.367958 ], [ -66.338114, 18.368053 ], [ -66.338466, 18.367668 ], [ -66.339333, 18.366675 ], [ -66.340023, 18.363981 ], [ -66.341027, 18.362556 ], [ -66.340976, 18.357626 ], [ -66.343219, 18.357793 ], [ -66.347524, 18.360153 ], [ -66.350273, 18.36121 ], [ -66.352903, 18.361365 ], [ -66.355278, 18.360643 ], [ -66.355228, 18.359602 ], [ -66.354747, 18.355126 ], [ -66.352166, 18.354192 ], [ -66.348675, 18.350843 ], [ -66.348825, 18.35013 ], [ -66.354752, 18.346931 ], [ -66.356626, 18.345002 ], [ -66.357589, 18.343226 ], [ -66.357777, 18.337978 ], [ -66.357316, 18.335809 ], [ -66.357909, 18.33217 ], [ -66.358325, 18.33072 ], [ -66.359491, 18.330759 ], [ -66.360659, 18.332956 ], [ -66.365272, 18.333229 ], [ -66.36713, 18.335119 ], [ -66.371131, 18.337902 ], [ -66.371731, 18.340491 ], [ -66.374295, 18.342625 ], [ -66.37472, 18.344189 ], [ -66.377058, 18.344246 ], [ -66.378134, 18.347548 ] ] ] ] } },
{ "type": "Feature", "properties": { "STATEFP": "72", "COUNTYFP": "111", "COUNTYNS": "01804536", "GEOIDFQ": "0500000US72111", "GEOID": "72111", "NAME": "Peñuelas", "NAMELSAD": "Peñuelas Municipio", "STUSPS": "PR", "STATE_NAME": "Puerto Rico", "LSAD": "13", "ALAND": 115560336.0, "AWATER": 60208304.0 }, "geometry": { "type": "MultiPolygon", "coordinates": [ [ [ [ -66.76969, 18.087833 ], [ -66.767787, 18.093164 ], [ -66.767604, 18.093937 ], [ -66.76715, 18.096632 ], [ -66.766514, 18.097391 ], [ -66.765812, 18.098733 ], [ -66.764983, 18.101441 ], [ -66.765905, 18.106632 ], [ -66.764923, 18.107263 ], [ -66.762821, 18.1106 ], [ -66.760966, 18.111611 ], [ -66.761843, 18.11399 ], [ -66.764041, 18.116747 ], [ -66.764269, 18.119546 ], [ -66.765092, 18.122595 ], [ -66.76875, 18.127607 ], [ -66.767956, 18.129194 ], [ -66.769155, 18.13101 ], [ -66.769049, 18.134983 ], [ -66.768938, 18.134984 ], [ -66.76653, 18.134873 ], [ -66.765825, 18.134027 ], [ -66.762818, 18.131874 ], [ -66.761027, 18.129709 ], [ -66.759058, 18.128962 ], [ -66.758779, 18.12743 ], [ -66.756755, 18.125215 ], [ -66.757148, 18.123931 ], [ -66.755039, 18.120176 ], [ -66.752928, 18.117087 ], [ -66.749618, 18.113664 ], [ -66.747747, 18.114394 ], [ -66.747489, 18.115392 ], [ -66.746489, 18.115787 ], [ -66.744215, 18.115868 ], [ -66.743382, 18.11674 ], [ -66.739502, 18.117591 ], [ -66.738166, 18.115805 ], [ -66.736273, 18.11519 ], [ -66.731774, 18.112008 ], [ -66.727526, 18.113034 ], [ -66.726703, 18.115127 ], [ -66.725182, 18.116794 ], [ -66.725804, 18.119187 ], [ -66.724866, 18.121746 ], [ -66.722238, 18.123865 ], [ -66.72138, 18.125493 ], [ -66.719939, 18.126169 ], [ -66.717671, 18.128343 ], [ -66.717118, 18.129817 ], [ -66.717164, 18.131519 ], [ -66.713595, 18.132105 ], [ -66.712442, 18.129653 ], [ -66.711243, 18.129249 ], [ -66.710204, 18.127734 ], [ -66.709333, 18.129071 ], [ -66.704887, 18.129695 ], [ -66.702752, 18.128741 ], [ -66.700298, 18.130928 ], [ -66.698249, 18.130601 ], [ -66.697643, 18.130713 ], [ -66.69407, 18.130534 ], [ -66.692089, 18.125629 ], [ -66.688714, 18.124287 ], [ -66.688383, 18.122696 ], [ -66.684467, 18.118586 ], [ -66.684366, 18.115775 ], [ -66.684826, 18.114964 ], [ -66.684568, 18.112033 ], [ -66.681595, 18.107415 ], [ -66.679249, 18.104557 ], [ -66.67876, 18.101538 ], [ -66.678124, 18.099953 ], [ -66.679221, 18.097888 ], [ -66.679366, 18.094662 ], [ -66.676835, 18.090626 ], [ -66.678078, 18.088758 ], [ -66.678387, 18.084757 ], [ -66.679742, 18.083462 ], [ -66.680203, 18.082103 ], [ -66.67939, 18.081123 ], [ -66.680353, 18.077052 ], [ -66.680718, 18.074786 ], [ -66.679328, 18.072408 ], [ -66.679565, 18.071102 ], [ -66.680822, 18.069522 ], [ -66.682309, 18.066288 ], [ -66.684408, 18.065014 ], [ -66.684252, 18.063451 ], [ -66.685103, 18.058894 ], [ -66.686415, 18.055146 ], [ -66.687759, 18.053009 ], [ -66.685514, 18.047329 ], [ -66.685833, 18.046161 ], [ -66.685942, 18.045486 ], [ -66.688462, 18.042315 ], [ -66.689446, 18.040257 ], [ -66.689853, 18.036041 ], [ -66.689412, 18.032112 ], [ -66.689025, 18.030298 ], [ -66.689359, 18.029939 ], [ -66.689424, 18.029842 ], [ -66.689008, 18.027648 ], [ -66.686971, 18.021125 ], [ -66.686373, 18.016852 ], [ -66.686494, 18.016031 ], [ -66.688176, 18.013355 ], [ -66.687859, 18.00963 ], [ -66.689138, 18.007357 ], [ -66.690022, 18.003736 ], [ -66.689366, 18.002286 ], [ -66.689533, 18.000602 ], [ -66.687817, 17.998414 ], [ -66.688695, 17.996907 ], [ -66.68825, 17.995923 ], [ -66.689015, 17.994717 ], [ -66.689212, 17.994571 ], [ -66.689367, 17.994321 ], [ -66.689267, 17.994045 ], [ -66.688103, 17.99319 ], [ -66.687315, 17.9929 ], [ -66.686768, 17.991486 ], [ -66.688818, 17.988359 ], [ -66.691964, 17.98684 ], [ -66.691778, 17.985012 ], [ -66.693203, 17.983328 ], [ -66.698097, 17.981617 ], [ -66.699138872809797, 17.9774725731539 ], [ -66.702690331024101, 17.9791113310241 ], [ -66.707028282195395, 17.9811130022232 ], [ -66.707997, 17.98156 ], [ -66.711674, 17.983831 ], [ -66.71307, 17.987269 ], [ -66.716738, 17.990255 ], [ -66.725262, 17.99213 ], [ -66.7270321154285, 17.9920447536479 ], [ -66.732322, 17.99179 ], [ -66.746367, 17.990264 ], [ -66.751293930638099, 17.986846871245501 ], [ -66.751337, 17.986817 ], [ -66.753951, 17.982296 ], [ -66.755303, 17.976536 ], [ -66.756566, 17.975739 ], [ -66.759082, 17.976827 ], [ -66.760857277239595, 17.978623897001199 ], [ -66.762695, 17.980484 ], [ -66.7627211419953, 17.980614661565301 ], [ -66.763235, 17.983183 ], [ -66.761961, 17.983966 ], [ -66.761822909981504, 17.983852177124799 ], [ -66.759884, 17.982254 ], [ -66.757478878366399, 17.982942454891401 ], [ -66.757463, 17.982947 ], [ -66.755281, 17.987067 ], [ -66.755875311715201, 17.988937810029501 ], [ -66.756073935044398, 17.989563048447302 ], [ -66.756445926421506, 17.990734025194602 ], [ -66.756566, 17.991112 ], [ -66.756737577953103, 17.991479254440399 ], [ -66.758467, 17.995181 ], [ -66.754265, 17.99801 ], [ -66.7546116441534, 17.999024691380999 ], [ -66.754232, 17.999244 ], [ -66.752053, 18.001915 ], [ -66.751264, 18.005503 ], [ -66.751373, 18.006582 ], [ -66.748822, 18.010752 ], [ -66.741884, 18.013566 ], [ -66.739833, 18.014235 ], [ -66.73765, 18.013354 ], [ -66.734528, 18.014304 ], [ -66.732995, 18.017494 ], [ -66.734223, 18.020529 ], [ -66.736121, 18.022515 ], [ -66.735943, 18.023424 ], [ -66.737218, 18.02466 ], [ -66.739897, 18.029098 ], [ -66.74172, 18.030531 ], [ -66.741037, 18.033077 ], [ -66.739897, 18.035268 ], [ -66.738287, 18.036803 ], [ -66.739186, 18.03954 ], [ -66.738423, 18.041091 ], [ -66.73629, 18.042404 ], [ -66.736335, 18.043507 ], [ -66.738173, 18.044853 ], [ -66.738798, 18.047449 ], [ -66.740295, 18.044878 ], [ -66.743652, 18.04587 ], [ -66.746599, 18.044764 ], [ -66.748819, 18.046068 ], [ -66.75156, 18.048305 ], [ -66.752351, 18.049468 ], [ -66.753517, 18.049552 ], [ -66.754123, 18.050991 ], [ -66.753962, 18.052551 ], [ -66.754786, 18.053561 ], [ -66.75564, 18.056235 ], [ -66.756707, 18.055306 ], [ -66.757424, 18.053548 ], [ -66.75945, 18.051888 ], [ -66.761492, 18.047862 ], [ -66.762964, 18.046997 ], [ -66.763166, 18.044301 ], [ -66.764437, 18.041386 ], [ -66.765131, 18.03898 ], [ -66.766097, 18.039857 ], [ -66.767045, 18.044811 ], [ -66.767956, 18.045853 ], [ -66.768072, 18.049159 ], [ -66.766425, 18.050354 ], [ -66.766482, 18.052079 ], [ -66.768753, 18.056077 ], [ -66.768423, 18.057241 ], [ -66.769504, 18.059069 ], [ -66.768788, 18.060775 ], [ -66.76671, 18.062903 ], [ -66.767405, 18.064248 ], [ -66.767376, 18.066216 ], [ -66.768364, 18.067428 ], [ -66.768119, 18.068561 ], [ -66.76891, 18.070603 ], [ -66.767925, 18.073613 ], [ -66.766538, 18.074705 ], [ -66.766327, 18.076421 ], [ -66.766998, 18.07743 ], [ -66.765919, 18.077994 ], [ -66.766215, 18.080564 ], [ -66.765884, 18.082197 ], [ -66.766795, 18.083551 ], [ -66.769155, 18.085213 ], [ -66.76969, 18.087833 ] ] ] ] } },
{ "type": "Feature", "properties": { "STATEFP": "72", "COUNTYFP": "043", "COUNTYNS": "01804501", "GEOIDFQ": "0500000US72043", "GEOID": "72043", "NAME": "Coamo", "NAMELSAD": "Coamo Municipio", "STUSPS": "PR", "STATE_NAME": "Puerto Rico", "LSAD": "13", "ALAND": 202052320.0, "AWATER": 38061.0 }, "geometry": { "type": "MultiPolygon", "coordinates": [ [ [ [ -66.443825, 18.176434 ], [ -66.442334, 18.175967 ], [ -66.439962, 18.176005 ], [ -66.436075, 18.175501 ], [ -66.430859, 18.173246 ], [ -66.429429, 18.171552 ], [ -66.427994, 18.170935 ], [ -66.424836, 18.170796 ], [ -66.42346, 18.172071 ], [ -66.421957, 18.16993 ], [ -66.422116, 18.168064 ], [ -66.420902, 18.166316 ], [ -66.418169, 18.16491 ], [ -66.416353, 18.164777 ], [ -66.413686, 18.163337 ], [ -66.412698, 18.164128 ], [ -66.411254, 18.164072 ], [ -66.410062, 18.16299 ], [ -66.408483, 18.163892 ], [ -66.407062, 18.163956 ], [ -66.40572, 18.165489 ], [ -66.40449, 18.167153 ], [ -66.401788, 18.166719 ], [ -66.401327, 18.164797 ], [ -66.398269, 18.165758 ], [ -66.395528, 18.165639 ], [ -66.391932, 18.166519 ], [ -66.391627, 18.167848 ], [ -66.390351, 18.168218 ], [ -66.389024, 18.171029 ], [ -66.389042, 18.172438 ], [ -66.386197, 18.172706 ], [ -66.384912, 18.172244 ], [ -66.383523, 18.173074 ], [ -66.382107, 18.172262 ], [ -66.3793, 18.173315 ], [ -66.37812, 18.172502 ], [ -66.375532, 18.173204 ], [ -66.374613, 18.174901 ], [ -66.373768, 18.173694 ], [ -66.367896, 18.172228 ], [ -66.365036, 18.169697 ], [ -66.362778, 18.170301 ], [ -66.359371, 18.170132 ], [ -66.355538, 18.169382 ], [ -66.354973, 18.167892 ], [ -66.351258, 18.165488 ], [ -66.349368, 18.165816 ], [ -66.346644, 18.167371 ], [ -66.343452, 18.167302 ], [ -66.342022, 18.168171 ], [ -66.341294, 18.166964 ], [ -66.341549, 18.165991 ], [ -66.3398, 18.16592 ], [ -66.338378, 18.168661 ], [ -66.33646, 18.168426 ], [ -66.334863, 18.167541 ], [ -66.333725, 18.168193 ], [ -66.330622, 18.168217 ], [ -66.330565, 18.165905 ], [ -66.329364, 18.164676 ], [ -66.327263, 18.164864 ], [ -66.327305, 18.16602 ], [ -66.324614, 18.165804 ], [ -66.324144, 18.164639 ], [ -66.322323, 18.165503 ], [ -66.322103, 18.164235 ], [ -66.322325, 18.159135 ], [ -66.323047, 18.157103 ], [ -66.32153, 18.155681 ], [ -66.317935, 18.154991 ], [ -66.316542, 18.15281 ], [ -66.314848, 18.152088 ], [ -66.314317, 18.150317 ], [ -66.316658, 18.142478 ], [ -66.316745, 18.140182 ], [ -66.315732, 18.138443 ], [ -66.312787, 18.138106 ], [ -66.313068, 18.136283 ], [ -66.315735, 18.134315 ], [ -66.318038, 18.130585 ], [ -66.320913, 18.126005 ], [ -66.310767, 18.118168 ], [ -66.294961, 18.105907 ], [ -66.290102, 18.102158 ], [ -66.281678, 18.095403 ], [ -66.27915, 18.095018 ], [ -66.27726, 18.095642 ], [ -66.273069, 18.091209 ], [ -66.273458, 18.089902 ], [ -66.272801, 18.088595 ], [ -66.272941, 18.086586 ], [ -66.270168, 18.086961 ], [ -66.269391, 18.086278 ], [ -66.266553, 18.085401 ], [ -66.263054, 18.085643 ], [ -66.259949, 18.082612 ], [ -66.259375, 18.077609 ], [ -66.257527, 18.075884 ], [ -66.259569, 18.073568 ], [ -66.263463, 18.072176 ], [ -66.267753, 18.06954 ], [ -66.270405, 18.069016 ], [ -66.276166, 18.069455 ], [ -66.279382, 18.068916 ], [ -66.279977, 18.068242 ], [ -66.281281, 18.064816 ], [ -66.283109, 18.062947 ], [ -66.284812, 18.059722 ], [ -66.292328, 18.056761 ], [ -66.295813, 18.056785 ], [ -66.297523, 18.057187 ], [ -66.297944, 18.056942 ], [ -66.29891, 18.055179 ], [ -66.299965, 18.054873 ], [ -66.301064, 18.053273 ], [ -66.303123, 18.051595 ], [ -66.303644, 18.050522 ], [ -66.308075, 18.048107 ], [ -66.309653, 18.047719 ], [ -66.313048, 18.044412 ], [ -66.31196, 18.039244 ], [ -66.31426, 18.03515 ], [ -66.312814, 18.034632 ], [ -66.312268, 18.033501 ], [ -66.314165, 18.031462 ], [ -66.315171, 18.0297 ], [ -66.31644, 18.0301 ], [ -66.318884, 18.029748 ], [ -66.319502, 18.027738 ], [ -66.321687, 18.024521 ], [ -66.323432, 18.020854 ], [ -66.325605, 18.018473 ], [ -66.328484, 18.019538 ], [ -66.33051, 18.019363 ], [ -66.3289, 18.017143 ], [ -66.328981, 18.015501 ], [ -66.330136, 18.016882 ], [ -66.331244, 18.015891 ], [ -66.332193, 18.016799 ], [ -66.332251, 18.018813 ], [ -66.333682, 18.01973 ], [ -66.334289, 18.020675 ], [ -66.335569, 18.021588 ], [ -66.335397, 18.021927 ], [ -66.335995, 18.022762 ], [ -66.337689, 18.023234 ], [ -66.339265, 18.023376 ], [ -66.340042, 18.023032 ], [ -66.340935, 18.023238 ], [ -66.341755, 18.023775 ], [ -66.342656, 18.023986 ], [ -66.343586, 18.024816 ], [ -66.345321, 18.024683 ], [ -66.347926, 18.025774 ], [ -66.348468, 18.026371 ], [ -66.348524, 18.027958 ], [ -66.349188, 18.029494 ], [ -66.348456, 18.030402 ], [ -66.348547, 18.030527 ], [ -66.349142, 18.030902 ], [ -66.350313, 18.030939 ], [ -66.35178, 18.031268 ], [ -66.355169, 18.033977 ], [ -66.356779, 18.036942 ], [ -66.36102, 18.037073 ], [ -66.366491, 18.03559 ], [ -66.368782, 18.033813 ], [ -66.371137, 18.033432 ], [ -66.371759, 18.032617 ], [ -66.374917, 18.034056 ], [ -66.377726, 18.03464 ], [ -66.378298, 18.035833 ], [ -66.380695, 18.03748 ], [ -66.384876, 18.03883 ], [ -66.384947, 18.03794 ], [ -66.386107, 18.03961 ], [ -66.388136, 18.040171 ], [ -66.39296, 18.038661 ], [ -66.395176, 18.037044 ], [ -66.426989, 18.042627 ], [ -66.42598, 18.046316 ], [ -66.423961, 18.048591 ], [ -66.425717, 18.04844 ], [ -66.425619, 18.050088 ], [ -66.424037, 18.051917 ], [ -66.42433, 18.05294 ], [ -66.426244, 18.053192 ], [ -66.427999, 18.05472 ], [ -66.43055, 18.062758 ], [ -66.43154, 18.063532 ], [ -66.429873, 18.066368 ], [ -66.43088, 18.066891 ], [ -66.42934, 18.068208 ], [ -66.427561, 18.071625 ], [ -66.429407, 18.076181 ], [ -66.430064, 18.076387 ], [ -66.428927, 18.078479 ], [ -66.430314, 18.082053 ], [ -66.429531, 18.083218 ], [ -66.430576, 18.085759 ], [ -66.428959, 18.089287 ], [ -66.429222, 18.090961 ], [ -66.427582, 18.092764 ], [ -66.425443, 18.093846 ], [ -66.425443, 18.094957 ], [ -66.424018, 18.096828 ], [ -66.422809, 18.096741 ], [ -66.421465, 18.09803 ], [ -66.422756, 18.099548 ], [ -66.42549, 18.100494 ], [ -66.426772, 18.101911 ], [ -66.42735, 18.106523 ], [ -66.427972, 18.107798 ], [ -66.427758, 18.11066 ], [ -66.429642, 18.112166 ], [ -66.430761, 18.114833 ], [ -66.430494, 18.116403 ], [ -66.426959, 18.118411 ], [ -66.426621, 18.123015 ], [ -66.425759, 18.126392 ], [ -66.424077, 18.129208 ], [ -66.4243, 18.132075 ], [ -66.423467, 18.132396 ], [ -66.422636, 18.13435 ], [ -66.420852, 18.134001 ], [ -66.421369, 18.135763 ], [ -66.420285, 18.13946 ], [ -66.418836, 18.139726 ], [ -66.419799, 18.141392 ], [ -66.420045, 18.143672 ], [ -66.419306, 18.144988 ], [ -66.420102, 18.147057 ], [ -66.420807, 18.14753 ], [ -66.422798, 18.150663 ], [ -66.424276, 18.151241 ], [ -66.42478, 18.152847 ], [ -66.427691, 18.155223 ], [ -66.428719, 18.155058 ], [ -66.428388, 18.156145 ], [ -66.429449, 18.156912 ], [ -66.428527, 18.157971 ], [ -66.428478, 18.159797 ], [ -66.429083, 18.163444 ], [ -66.428794, 18.164054 ], [ -66.429625, 18.166674 ], [ -66.432773, 18.172651 ], [ -66.434573, 18.173537 ], [ -66.439509, 18.173061 ], [ -66.4402, 18.174516 ], [ -66.44337, 18.175698 ], [ -66.44456, 18.176674 ], [ -66.443825, 18.176434 ] ] ] ] } },
{ "type": "Feature", "properties": { "STATEFP": "72", "COUNTYFP": "099", "COUNTYNS": "01804530", "GEOIDFQ": "0500000US72099", "GEOID": "72099", "NAME": "Moca", "NAMELSAD": "Moca Municipio", "STUSPS": "PR", "STATE_NAME": "Puerto Rico", "LSAD": "13", "ALAND": 130383563.0, "AWATER": 56474.0 }, "geometry": { "type": "MultiPolygon", "coordinates": [ [ [ [ -67.134151, 18.347538 ], [ -67.131719, 18.348606 ], [ -67.131525, 18.350897 ], [ -67.12934, 18.352391 ], [ -67.128124, 18.353859 ], [ -67.128012, 18.356734 ], [ -67.127332, 18.360587 ], [ -67.128629, 18.365545 ], [ -67.128005, 18.366199 ], [ -67.127378, 18.367395 ], [ -67.126651, 18.371447 ], [ -67.130687, 18.373003 ], [ -67.130838, 18.375315 ], [ -67.129443, 18.377599 ], [ -67.130375, 18.381195 ], [ -67.13111, 18.381342 ], [ -67.132171, 18.387789 ], [ -67.13221, 18.389391 ], [ -67.132188, 18.389424 ], [ -67.12738, 18.396392 ], [ -67.127206, 18.396725 ], [ -67.123745, 18.403904 ], [ -67.123816, 18.404539 ], [ -67.124529, 18.407818 ], [ -67.124549, 18.407907 ], [ -67.12487, 18.408592 ], [ -67.1255, 18.409225 ], [ -67.124624, 18.410032 ], [ -67.120037, 18.415227 ], [ -67.11201, 18.423385 ], [ -67.098312, 18.437482 ], [ -67.095991, 18.436773 ], [ -67.093043, 18.436476 ], [ -67.089263, 18.439176 ], [ -67.086708, 18.438639 ], [ -67.086775, 18.438839 ], [ -67.087177, 18.439682 ], [ -67.087419, 18.441409 ], [ -67.085646, 18.44256 ], [ -67.083971, 18.442935 ], [ -67.083387, 18.444872 ], [ -67.08014, 18.445247 ], [ -67.076966, 18.446086 ], [ -67.076342, 18.44719 ], [ -67.075765, 18.451858 ], [ -67.074355, 18.451804 ], [ -67.07417, 18.456777 ], [ -67.056507, 18.460954 ], [ -67.054111, 18.4526 ], [ -67.052813, 18.448354 ], [ -67.050962, 18.444187 ], [ -67.045482, 18.432329 ], [ -67.032421, 18.404471 ], [ -67.027173, 18.393376 ], [ -67.029183, 18.389427 ], [ -67.029111, 18.388738 ], [ -67.03012, 18.387323 ], [ -67.032596, 18.386181 ], [ -67.034295, 18.38133 ], [ -67.037212, 18.38095 ], [ -67.036699, 18.379058 ], [ -67.037467, 18.377682 ], [ -67.037745, 18.377752 ], [ -67.037396, 18.376485 ], [ -67.039338, 18.371981 ], [ -67.038838, 18.370632 ], [ -67.040217, 18.368723 ], [ -67.038979, 18.366919 ], [ -67.039315, 18.365868 ], [ -67.040149, 18.364201 ], [ -67.041377, 18.362321 ], [ -67.041377, 18.359972 ], [ -67.040657, 18.359242 ], [ -67.041754, 18.358636 ], [ -67.04233, 18.357104 ], [ -67.042023, 18.355805 ], [ -67.042696, 18.356089 ], [ -67.043566, 18.354272 ], [ -67.044377, 18.35497 ], [ -67.044503, 18.353786 ], [ -67.047079, 18.35391 ], [ -67.047925, 18.353107 ], [ -67.047405, 18.350859 ], [ -67.048243, 18.348661 ], [ -67.050093, 18.349032 ], [ -67.049315, 18.347339 ], [ -67.04746, 18.347796 ], [ -67.045157, 18.350698 ], [ -67.04361, 18.349422 ], [ -67.045384, 18.348871 ], [ -67.044706, 18.346035 ], [ -67.043183, 18.343584 ], [ -67.043328, 18.342052 ], [ -67.041416, 18.340211 ], [ -67.041219, 18.338665 ], [ -67.040099, 18.338687 ], [ -67.039648, 18.337333 ], [ -67.040412, 18.33491 ], [ -67.036683, 18.333382 ], [ -67.037131, 18.33173 ], [ -67.036519, 18.331656 ], [ -67.035934, 18.329559 ], [ -67.036621, 18.328632 ], [ -67.037184, 18.326319 ], [ -67.041309, 18.323828 ], [ -67.041366, 18.321255 ], [ -67.042724, 18.320404 ], [ -67.044285, 18.316588 ], [ -67.045786, 18.3148 ], [ -67.052583, 18.306655 ], [ -67.056858, 18.307456 ], [ -67.057021, 18.308138 ], [ -67.063469, 18.311563 ], [ -67.069515, 18.312385 ], [ -67.071348, 18.3126 ], [ -67.078111, 18.312952 ], [ -67.086473, 18.31545 ], [ -67.099954, 18.319677 ], [ -67.101416, 18.318523 ], [ -67.105554, 18.318765 ], [ -67.108046, 18.320013 ], [ -67.111353, 18.320769 ], [ -67.112313, 18.320019 ], [ -67.113883, 18.322553 ], [ -67.115918, 18.323387 ], [ -67.118213, 18.322551 ], [ -67.121241, 18.324007 ], [ -67.123669, 18.321889 ], [ -67.125967, 18.322011 ], [ -67.12685, 18.318906 ], [ -67.130167, 18.317927 ], [ -67.129971, 18.32217 ], [ -67.130389, 18.325143 ], [ -67.134138, 18.330531 ], [ -67.130979, 18.335065 ], [ -67.131865, 18.340134 ], [ -67.133028, 18.340682 ], [ -67.133582, 18.342297 ], [ -67.134515, 18.346514 ], [ -67.134151, 18.347538 ] ] ] ] } },
{ "type": "Feature", "properties": { "STATEFP": "72", "COUNTYFP": "055", "COUNTYNS": "01804508", "GEOIDFQ": "0500000US72055", "GEOID": "72055", "NAME": "Guánica", "NAMELSAD": "Guánica Municipio", "STUSPS": "PR", "STATE_NAME": "Puerto Rico", "LSAD": "13", "ALAND": 95960072.0, "AWATER": 109853143.0 }, "geometry": { "type": "MultiPolygon", "coordinates": [ [ [ [ -66.980850561437805, 17.9529145972602 ], [ -66.962466, 17.990545 ], [ -66.961935, 17.991592 ], [ -66.961025, 18.000788 ], [ -66.960507, 18.00739 ], [ -66.960498, 18.007498 ], [ -66.960058, 18.013124 ], [ -66.958748, 18.032477 ], [ -66.95511, 18.032771 ], [ -66.953329, 18.033607 ], [ -66.947056, 18.033429 ], [ -66.941346, 18.031515 ], [ -66.938636, 18.030005 ], [ -66.935902, 18.029324 ], [ -66.935974, 18.029829 ], [ -66.934202, 18.030589 ], [ -66.930811, 18.030583 ], [ -66.922594, 18.027212 ], [ -66.920022, 18.026902 ], [ -66.919723, 18.027563 ], [ -66.914942, 18.026463 ], [ -66.910887, 18.023883 ], [ -66.90661, 18.024764 ], [ -66.905108, 18.026523 ], [ -66.900587, 18.026283 ], [ -66.900492, 18.024408 ], [ -66.897207, 18.024097 ], [ -66.895027, 18.023247 ], [ -66.893688, 18.025579 ], [ -66.891715, 18.024017 ], [ -66.889951, 18.023547 ], [ -66.887969, 18.024532 ], [ -66.884653, 18.024816 ], [ -66.885, 18.021671 ], [ -66.885705, 18.020469 ], [ -66.883916, 18.019518 ], [ -66.882194, 18.020358 ], [ -66.881658, 18.017737 ], [ -66.882459, 18.01693 ], [ -66.879649, 18.015897 ], [ -66.878133, 18.016286 ], [ -66.875936, 18.014806 ], [ -66.87518, 18.014335 ], [ -66.875138, 18.012943 ], [ -66.875257, 18.011348 ], [ -66.873198, 18.009413 ], [ -66.869528, 18.007541 ], [ -66.868899, 18.007103 ], [ -66.867445, 18.005379 ], [ -66.86604, 18.003195 ], [ -66.864777, 17.999785 ], [ -66.863219, 17.998029 ], [ -66.862894, 17.991788 ], [ -66.863864, 17.987465 ], [ -66.863291, 17.967658 ], [ -66.863356, 17.965377 ], [ -66.861616, 17.961337 ], [ -66.859567831731198, 17.954601875688098 ], [ -66.8612, 17.953515 ], [ -66.86296, 17.951393 ], [ -66.863696, 17.948487 ], [ -66.86329, 17.946235 ], [ -66.863643, 17.945684 ], [ -66.864648, 17.94583 ], [ -66.8713, 17.952262 ], [ -66.872362, 17.95226 ], [ -66.874994, 17.948733 ], [ -66.878293, 17.947729 ], [ -66.87869, 17.948973 ], [ -66.877971, 17.950363 ], [ -66.879365, 17.952121 ], [ -66.883268, 17.952564 ], [ -66.89298, 17.951434 ], [ -66.89912, 17.948896 ], [ -66.902501, 17.94906 ], [ -66.904382483216096, 17.952068572204599 ], [ -66.905528136117894, 17.9539005202375 ], [ -66.906262, 17.955074 ], [ -66.90632, 17.959163 ], [ -66.905609785468698, 17.963901145515901 ], [ -66.905597213763699, 17.963985016747799 ], [ -66.90555, 17.9643 ], [ -66.90641, 17.964992 ], [ -66.906855261358402, 17.9648575688576 ], [ -66.908035011409893, 17.9645013844635 ], [ -66.911736, 17.963384 ], [ -66.912365657861798, 17.963741144917901 ], [ -66.915624291843102, 17.965589457527798 ], [ -66.917993, 17.966933 ], [ -66.92008, 17.967037 ], [ -66.920046, 17.969051 ], [ -66.9215693719987, 17.970526074282599 ], [ -66.921801163641703, 17.970750517092199 ], [ -66.922178824455798, 17.971116204366901 ], [ -66.923484, 17.97238 ], [ -66.925211, 17.973153 ], [ -66.9286, 17.970142 ], [ -66.928214, 17.967383 ], [ -66.926993, 17.965766 ], [ -66.927531114121805, 17.965211359526901 ], [ -66.928328, 17.96439 ], [ -66.9289662302686, 17.964022002720501 ], [ -66.929808491604803, 17.963536363139401 ], [ -66.930985, 17.962858 ], [ -66.931163542429303, 17.961899104021999 ], [ -66.931217, 17.961612 ], [ -66.9302531768558, 17.9611630437287 ], [ -66.930208, 17.961142 ], [ -66.925766, 17.962083 ], [ -66.917171, 17.959909 ], [ -66.911092, 17.95525 ], [ -66.909274, 17.952403 ], [ -66.909858, 17.949344 ], [ -66.914154, 17.946582 ], [ -66.914287376656503, 17.946547108029801 ], [ -66.916845947707003, 17.945877773627 ], [ -66.926218, 17.943426 ], [ -66.926881471219502, 17.9434456951962 ], [ -66.930092, 17.943541 ], [ -66.932531, 17.939934 ], [ -66.932106, 17.937585 ], [ -66.928305561767203, 17.936358746333202 ], [ -66.927296, 17.936033 ], [ -66.924516, 17.934239 ], [ -66.919886, 17.933279 ], [ -66.919028, 17.9316 ], [ -66.92413, 17.926674 ], [ -66.927279, 17.927163 ], [ -66.93523, 17.93172 ], [ -66.9359454356524, 17.9318663142265 ], [ -66.947645, 17.934259 ], [ -66.953061, 17.932725 ], [ -66.955036, 17.931027 ], [ -66.95724, 17.931422 ], [ -66.956217, 17.935267 ], [ -66.955064, 17.936906 ], [ -66.95618, 17.939173 ], [ -66.959069, 17.939337 ], [ -66.968101, 17.947251 ], [ -66.970154, 17.948228 ], [ -66.971016, 17.949923 ], [ -66.972854, 17.949512 ], [ -66.979834, 17.951441 ], [ -66.980850561437805, 17.9529145972602 ] ] ] ] } },
{ "type": "Feature", "properties": { "STATEFP": "72", "COUNTYFP": "047", "COUNTYNS": "01804503", "GEOIDFQ": "0500000US72047", "GEOID": "72047", "NAME": "Corozal", "NAMELSAD": "Corozal Municipio", "STUSPS": "PR", "STATE_NAME": "Puerto Rico", "LSAD": "13", "ALAND": 110248542.0, "AWATER": 16284.0 }, "geometry": { "type": "MultiPolygon", "coordinates": [ [ [ [ -66.383033, 18.275348 ], [ -66.382568, 18.276352 ], [ -66.382452, 18.279242 ], [ -66.381505, 18.280177 ], [ -66.380217, 18.28381 ], [ -66.378649, 18.28477 ], [ -66.377429, 18.286281 ], [ -66.378645, 18.287444 ], [ -66.378401, 18.290007 ], [ -66.379059, 18.292496 ], [ -66.377775, 18.293499 ], [ -66.377712, 18.293976 ], [ -66.375561, 18.298102 ], [ -66.375905, 18.300048 ], [ -66.373715, 18.30146 ], [ -66.37302, 18.302763 ], [ -66.372457, 18.309835 ], [ -66.368594, 18.321739 ], [ -66.366899, 18.327583 ], [ -66.36561, 18.332024 ], [ -66.365272, 18.333229 ], [ -66.360659, 18.332956 ], [ -66.359491, 18.330759 ], [ -66.358325, 18.33072 ], [ -66.357909, 18.33217 ], [ -66.357316, 18.335809 ], [ -66.357777, 18.337978 ], [ -66.357589, 18.343226 ], [ -66.356626, 18.345002 ], [ -66.354752, 18.346931 ], [ -66.348825, 18.35013 ], [ -66.348675, 18.350843 ], [ -66.352166, 18.354192 ], [ -66.354747, 18.355126 ], [ -66.355228, 18.359602 ], [ -66.355278, 18.360643 ], [ -66.352903, 18.361365 ], [ -66.350273, 18.36121 ], [ -66.347524, 18.360153 ], [ -66.343219, 18.357793 ], [ -66.340976, 18.357626 ], [ -66.341027, 18.362556 ], [ -66.340023, 18.363981 ], [ -66.339333, 18.366675 ], [ -66.338466, 18.367668 ], [ -66.338114, 18.368053 ], [ -66.333462, 18.367958 ], [ -66.333252, 18.36665 ], [ -66.329711, 18.367581 ], [ -66.328841, 18.366485 ], [ -66.325834, 18.36604 ], [ -66.324155, 18.366945 ], [ -66.322493, 18.364358 ], [ -66.321432, 18.365931 ], [ -66.318764, 18.367411 ], [ -66.316685, 18.366955 ], [ -66.315423, 18.365814 ], [ -66.313869, 18.365615 ], [ -66.312506, 18.364399 ], [ -66.311421, 18.364767 ], [ -66.307672, 18.364938 ], [ -66.307036, 18.368109 ], [ -66.305719, 18.369992 ], [ -66.304885, 18.369633 ], [ -66.30388, 18.36662 ], [ -66.300797, 18.364133 ], [ -66.297348, 18.360959 ], [ -66.295503, 18.359621 ], [ -66.294431, 18.35941 ], [ -66.291096, 18.355912 ], [ -66.29011, 18.355177 ], [ -66.287737, 18.351507 ], [ -66.286165, 18.348277 ], [ -66.286529, 18.345782 ], [ -66.285115, 18.34577 ], [ -66.284079, 18.343841 ], [ -66.279394, 18.334508 ], [ -66.278155, 18.331416 ], [ -66.278076, 18.329975 ], [ -66.28238, 18.317001 ], [ -66.283187, 18.314686 ], [ -66.283069, 18.314031 ], [ -66.282875, 18.312671 ], [ -66.283581, 18.307728 ], [ -66.284511, 18.305037 ], [ -66.285318, 18.303769 ], [ -66.285939, 18.298905 ], [ -66.287469, 18.287545 ], [ -66.287232, 18.283688 ], [ -66.288205, 18.281399 ], [ -66.289092, 18.276276 ], [ -66.287227, 18.272365 ], [ -66.287265, 18.271691 ], [ -66.287876, 18.269955 ], [ -66.290439, 18.266695 ], [ -66.291428, 18.264403 ], [ -66.294321, 18.260649 ], [ -66.296086, 18.257545 ], [ -66.302282, 18.255394 ], [ -66.302908, 18.254693 ], [ -66.305985, 18.254865 ], [ -66.305874, 18.252805 ], [ -66.30731, 18.252544 ], [ -66.308528, 18.251287 ], [ -66.312038, 18.25036 ], [ -66.313299, 18.249324 ], [ -66.314765, 18.249704 ], [ -66.320222, 18.247719 ], [ -66.326127, 18.247922 ], [ -66.327034, 18.244191 ], [ -66.330935, 18.243772 ], [ -66.331926, 18.243246 ], [ -66.332764, 18.241901 ], [ -66.335244, 18.240053 ], [ -66.340121, 18.238689 ], [ -66.341449, 18.239199 ], [ -66.341912, 18.239718 ], [ -66.347414, 18.240032 ], [ -66.350793, 18.241235 ], [ -66.352402, 18.244041 ], [ -66.353841, 18.244074 ], [ -66.357139, 18.245691 ], [ -66.35799, 18.246103 ], [ -66.35811, 18.246363 ], [ -66.357464, 18.248967 ], [ -66.361687, 18.256025 ], [ -66.364121, 18.259338 ], [ -66.368497, 18.264617 ], [ -66.371899, 18.268166 ], [ -66.372839, 18.269932 ], [ -66.375532, 18.271387 ], [ -66.377013, 18.27352 ], [ -66.378846, 18.274585 ], [ -66.382626, 18.27432 ], [ -66.383033, 18.275348 ] ] ] ] } },
{ "type": "Feature", "properties": { "STATEFP": "72", "COUNTYFP": "073", "COUNTYNS": "01804517", "GEOIDFQ": "0500000US72073", "GEOID": "72073", "NAME": "Jayuya", "NAMELSAD": "Jayuya Municipio", "STUSPS": "PR", "STATE_NAME": "Puerto Rico", "LSAD": "13", "ALAND": 115340542.0, "AWATER": 3091.0 }, "geometry": { "type": "MultiPolygon", "coordinates": [ [ [ [ -66.653401, 18.170708 ], [ -66.651748, 18.173419 ], [ -66.650502, 18.173691 ], [ -66.650616, 18.175848 ], [ -66.651489, 18.179265 ], [ -66.652243, 18.182497 ], [ -66.647667, 18.18375 ], [ -66.64221, 18.183241 ], [ -66.640898, 18.187294 ], [ -66.642066, 18.188958 ], [ -66.641929, 18.192874 ], [ -66.64375, 18.194608 ], [ -66.642883, 18.196188 ], [ -66.640681, 18.197026 ], [ -66.639729, 18.20023 ], [ -66.639939, 18.200857 ], [ -66.638335, 18.203097 ], [ -66.63968, 18.207003 ], [ -66.638913, 18.207609 ], [ -66.636753, 18.207613 ], [ -66.634086, 18.211019 ], [ -66.631797, 18.21347 ], [ -66.63029, 18.214445 ], [ -66.628431, 18.214298 ], [ -66.628271, 18.215899 ], [ -66.629527, 18.220636 ], [ -66.628131, 18.22306 ], [ -66.628418, 18.225014 ], [ -66.626879, 18.230037 ], [ -66.629851, 18.233229 ], [ -66.63005, 18.234588 ], [ -66.629555, 18.234903 ], [ -66.628729, 18.236077 ], [ -66.626513, 18.233509 ], [ -66.625564, 18.235474 ], [ -66.624977, 18.246876 ], [ -66.622383, 18.248696 ], [ -66.619671, 18.249353 ], [ -66.618328, 18.248864 ], [ -66.617254, 18.247248 ], [ -66.616125, 18.247322 ], [ -66.614782, 18.243883 ], [ -66.613254, 18.243666 ], [ -66.612776, 18.241854 ], [ -66.611029, 18.241683 ], [ -66.607963, 18.240192 ], [ -66.606736, 18.23848 ], [ -66.604633, 18.242935 ], [ -66.60381, 18.246213 ], [ -66.604788, 18.246991 ], [ -66.603119, 18.248726 ], [ -66.602141, 18.251465 ], [ -66.599745, 18.251874 ], [ -66.59927, 18.253934 ], [ -66.600466, 18.255136 ], [ -66.599093, 18.258788 ], [ -66.597374, 18.260431 ], [ -66.597797, 18.261554 ], [ -66.599655, 18.262628 ], [ -66.601198, 18.264304 ], [ -66.60137, 18.264715 ], [ -66.599282, 18.266073 ], [ -66.598974, 18.268716 ], [ -66.59801, 18.270028 ], [ -66.596449, 18.270785 ], [ -66.596329, 18.273162 ], [ -66.596886, 18.27457 ], [ -66.595288, 18.27691 ], [ -66.596166, 18.278732 ], [ -66.59806, 18.279245 ], [ -66.597066, 18.281113 ], [ -66.595975, 18.281517 ], [ -66.596154, 18.282677 ], [ -66.598675, 18.281952 ], [ -66.597604, 18.282806 ], [ -66.597532, 18.283943 ], [ -66.596582, 18.284384 ], [ -66.595616, 18.283297 ], [ -66.595059, 18.284705 ], [ -66.594137, 18.283274 ], [ -66.592922, 18.283848 ], [ -66.591971, 18.282972 ], [ -66.590357, 18.283954 ], [ -66.589807, 18.283486 ], [ -66.587297, 18.284061 ], [ -66.583832, 18.283935 ], [ -66.582224, 18.284382 ], [ -66.580381, 18.284672 ], [ -66.578757, 18.284049 ], [ -66.575903, 18.286382 ], [ -66.574483, 18.288643 ], [ -66.574618, 18.291226 ], [ -66.573305, 18.290944 ], [ -66.573365, 18.294931 ], [ -66.574366, 18.295937 ], [ -66.573256, 18.299327 ], [ -66.573338, 18.300317 ], [ -66.569469, 18.300169 ], [ -66.56662, 18.298549 ], [ -66.566536, 18.297044 ], [ -66.564004, 18.294764 ], [ -66.561637, 18.294346 ], [ -66.560936, 18.293025 ], [ -66.562132, 18.290901 ], [ -66.561518, 18.289997 ], [ -66.561897, 18.288125 ], [ -66.563087, 18.287988 ], [ -66.562934, 18.287066 ], [ -66.560599, 18.283547 ], [ -66.555385, 18.282179 ], [ -66.554703, 18.281583 ], [ -66.556528, 18.27861 ], [ -66.558104, 18.276628 ], [ -66.55771, 18.275059 ], [ -66.55792, 18.271563 ], [ -66.556158, 18.271586 ], [ -66.555539, 18.269829 ], [ -66.556145, 18.268778 ], [ -66.558415, 18.269719 ], [ -66.5594, 18.269389 ], [ -66.558814, 18.267104 ], [ -66.557725, 18.266801 ], [ -66.556126, 18.264957 ], [ -66.556619, 18.264131 ], [ -66.557705, 18.264608 ], [ -66.557494, 18.262934 ], [ -66.560182, 18.26208 ], [ -66.560399, 18.261048 ], [ -66.559554, 18.259204 ], [ -66.560083, 18.257323 ], [ -66.55844, 18.257337 ], [ -66.556212, 18.255593 ], [ -66.555756, 18.254258 ], [ -66.557989, 18.25324 ], [ -66.560289, 18.25307 ], [ -66.561413, 18.253997 ], [ -66.562258, 18.25363 ], [ -66.561931, 18.250272 ], [ -66.562959, 18.249794 ], [ -66.561032, 18.247381 ], [ -66.563188, 18.246184 ], [ -66.562602, 18.244881 ], [ -66.564259, 18.243817 ], [ -66.56424, 18.242408 ], [ -66.562377, 18.240415 ], [ -66.555228, 18.237327 ], [ -66.552634, 18.230477 ], [ -66.548883, 18.220567 ], [ -66.545527, 18.220736 ], [ -66.542365, 18.216293 ], [ -66.542106, 18.215179 ], [ -66.538865, 18.214231 ], [ -66.538015, 18.213153 ], [ -66.536605, 18.20894 ], [ -66.53643, 18.206288 ], [ -66.534813, 18.204673 ], [ -66.534695, 18.203607 ], [ -66.532725, 18.200519 ], [ -66.532608, 18.19789 ], [ -66.533181, 18.195863 ], [ -66.535906, 18.192467 ], [ -66.535661, 18.191203 ], [ -66.536716, 18.188631 ], [ -66.535985, 18.187181 ], [ -66.533766, 18.185228 ], [ -66.533771, 18.183915 ], [ -66.531023, 18.180137 ], [ -66.532241, 18.176804 ], [ -66.533804, 18.176378 ], [ -66.534695, 18.177129 ], [ -66.536286, 18.177017 ], [ -66.536951, 18.176085 ], [ -66.538791, 18.176376 ], [ -66.537577, 18.173603 ], [ -66.539857, 18.171377 ], [ -66.539931, 18.170112 ], [ -66.541414, 18.168918 ], [ -66.541616, 18.166664 ], [ -66.540813, 18.165711 ], [ -66.543133, 18.163098 ], [ -66.543211, 18.161577 ], [ -66.544836, 18.160262 ], [ -66.544152, 18.158328 ], [ -66.546835, 18.155019 ], [ -66.54722, 18.15313 ], [ -66.551267, 18.152848 ], [ -66.552766, 18.152057 ], [ -66.554187, 18.153009 ], [ -66.557801, 18.153303 ], [ -66.559858, 18.153864 ], [ -66.561424, 18.155069 ], [ -66.561443, 18.157695 ], [ -66.564488, 18.158831 ], [ -66.566666, 18.158881 ], [ -66.568008, 18.16221 ], [ -66.570753, 18.163809 ], [ -66.572047, 18.163913 ], [ -66.572318, 18.166061 ], [ -66.574834, 18.16823 ], [ -66.577749, 18.168171 ], [ -66.580051, 18.167322 ], [ -66.580551, 18.167968 ], [ -66.58457, 18.168387 ], [ -66.588686, 18.169614 ], [ -66.590318, 18.172162 ], [ -66.591702, 18.172156 ], [ -66.591854, 18.172042 ], [ -66.593292, 18.170745 ], [ -66.594843, 18.170608 ], [ -66.596177, 18.171397 ], [ -66.597604, 18.171098 ], [ -66.598776, 18.169939 ], [ -66.599101, 18.16741 ], [ -66.601448, 18.165295 ], [ -66.604372, 18.166258 ], [ -66.607901, 18.16413 ], [ -66.608919, 18.161952 ], [ -66.611551, 18.1611 ], [ -66.612802, 18.159077 ], [ -66.615395, 18.158939 ], [ -66.617211, 18.15792 ], [ -66.621075, 18.15789 ], [ -66.624041, 18.156512 ], [ -66.625846, 18.15702 ], [ -66.627092, 18.158573 ], [ -66.628695, 18.158625 ], [ -66.630413, 18.15585 ], [ -66.630511, 18.154813 ], [ -66.632143, 18.153421 ], [ -66.631215, 18.152598 ], [ -66.631063, 18.150389 ], [ -66.631721, 18.149772 ], [ -66.634647, 18.151257 ], [ -66.636604, 18.151677 ], [ -66.638875, 18.153221 ], [ -66.639008, 18.154351 ], [ -66.640972, 18.155022 ], [ -66.64196, 18.154124 ], [ -66.643133, 18.156747 ], [ -66.646196, 18.157308 ], [ -66.649467, 18.158857 ], [ -66.650358, 18.160579 ], [ -66.649573, 18.162973 ], [ -66.65087, 18.163982 ], [ -66.651661, 18.166226 ], [ -66.651568, 18.169507 ], [ -66.65455, 18.169591 ], [ -66.653401, 18.170708 ] ] ] ] } },
{ "type": "Feature", "properties": { "STATEFP": "72", "COUNTYFP": "089", "COUNTYNS": "01804525", "GEOIDFQ": "0500000US72089", "GEOID": "72089", "NAME": "Luquillo", "NAMELSAD": "Luquillo Municipio", "STUSPS": "PR", "STATE_NAME": "Puerto Rico", "LSAD": "13", "ALAND": 66851394.0, "AWATER": 53659425.0 }, "geometry": { "type": "MultiPolygon", "coordinates": [ [ [ [ -65.770546, 18.365822 ], [ -65.769234, 18.366914 ], [ -65.767347, 18.367326 ], [ -65.766388, 18.36957 ], [ -65.764435, 18.370711 ], [ -65.763506, 18.372374 ], [ -65.761112, 18.375132 ], [ -65.760823, 18.37804 ], [ -65.756393, 18.379728 ], [ -65.753496, 18.380335 ], [ -65.751186, 18.384659 ], [ -65.749949082729103, 18.3850909862118 ], [ -65.749091, 18.383619 ], [ -65.743097, 18.380365 ], [ -65.742157427528099, 18.380407307931499 ], [ -65.739565285262799, 18.380524029292101 ], [ -65.736586359955794, 18.380658167074401 ], [ -65.735835, 18.380692 ], [ -65.733319822370206, 18.382089571771001 ], [ -65.730265, 18.383787 ], [ -65.728414, 18.387831 ], [ -65.723524, 18.389362 ], [ -65.72103, 18.387319 ], [ -65.72043, 18.382058 ], [ -65.717860396577507, 18.3808990382215 ], [ -65.716683, 18.380368 ], [ -65.715794413405007, 18.378841512144799 ], [ -65.71434, 18.376343 ], [ -65.712357233111604, 18.374763047858401 ], [ -65.709728732092302, 18.372668547572498 ], [ -65.70864, 18.371801 ], [ -65.699846, 18.367741 ], [ -65.692126833094704, 18.3668272457294 ], [ -65.689337, 18.366497 ], [ -65.682125, 18.367666 ], [ -65.678323, 18.366087 ], [ -65.674962, 18.362605 ], [ -65.669958423062198, 18.361885372971301 ], [ -65.670969, 18.359712 ], [ -65.672586, 18.358682 ], [ -65.674192, 18.354752 ], [ -65.675415, 18.353851 ], [ -65.675507, 18.35306 ], [ -65.675697, 18.352129 ], [ -65.677735, 18.348891 ], [ -65.679317, 18.346883 ], [ -65.679677, 18.345499 ], [ -65.679197, 18.343609 ], [ -65.677993, 18.342709 ], [ -65.67901, 18.339318 ], [ -65.680421, 18.338919 ], [ -65.680661, 18.336225 ], [ -65.681989, 18.33476 ], [ -65.682283, 18.333274 ], [ -65.68592, 18.329991 ], [ -65.684917, 18.328164 ], [ -65.684285, 18.324281 ], [ -65.684166, 18.323754 ], [ -65.686651, 18.322573 ], [ -65.689387, 18.323513 ], [ -65.691329, 18.324264 ], [ -65.695443, 18.32499 ], [ -65.698847, 18.324063 ], [ -65.700556, 18.321949 ], [ -65.702428, 18.320888 ], [ -65.703926, 18.320826 ], [ -65.704956, 18.318546 ], [ -65.704455, 18.314186 ], [ -65.705081, 18.310945 ], [ -65.70449, 18.309347 ], [ -65.704922, 18.309002 ], [ -65.708174, 18.307931 ], [ -65.709197, 18.306563 ], [ -65.719139, 18.30667 ], [ -65.720768, 18.304081 ], [ -65.720236, 18.301855 ], [ -65.720927, 18.299897 ], [ -65.72049, 18.296057 ], [ -65.723901, 18.295668 ], [ -65.725125, 18.294539 ], [ -65.725522, 18.292077 ], [ -65.728153, 18.291558 ], [ -65.729145, 18.290424 ], [ -65.73159, 18.290186 ], [ -65.732065, 18.288169 ], [ -65.73334, 18.288031 ], [ -65.734139, 18.290521 ], [ -65.736378, 18.293137 ], [ -65.737466, 18.296076 ], [ -65.738811, 18.295493 ], [ -65.741057, 18.29693 ], [ -65.74339, 18.299447 ], [ -65.746142, 18.299913 ], [ -65.747727, 18.30089 ], [ -65.750106, 18.301285 ], [ -65.751726, 18.298344 ], [ -65.753591, 18.296755 ], [ -65.757383, 18.293022 ], [ -65.758861, 18.290604 ], [ -65.758849, 18.29412 ], [ -65.758084, 18.297699 ], [ -65.759369, 18.300461 ], [ -65.761294, 18.302498 ], [ -65.762494, 18.305851 ], [ -65.761634, 18.307121 ], [ -65.761315, 18.309644 ], [ -65.760019, 18.310882 ], [ -65.759904, 18.313143 ], [ -65.759231, 18.315881 ], [ -65.757938, 18.31695 ], [ -65.757948, 18.318504 ], [ -65.756699, 18.319201 ], [ -65.754999, 18.319261 ], [ -65.753941, 18.320444 ], [ -65.751834, 18.320686 ], [ -65.75154, 18.322837 ], [ -65.749429, 18.323255 ], [ -65.748582, 18.325522 ], [ -65.748718, 18.326676 ], [ -65.749911, 18.32672 ], [ -65.751284, 18.327851 ], [ -65.755362, 18.328384 ], [ -65.756018, 18.328755 ], [ -65.756479, 18.330095 ], [ -65.755855, 18.332269 ], [ -65.75609, 18.334108 ], [ -65.754164, 18.334823 ], [ -65.754557, 18.33919 ], [ -65.753513, 18.341538 ], [ -65.754335, 18.342533 ], [ -65.756405, 18.343286 ], [ -65.756923, 18.346387 ], [ -65.75784, 18.346813 ], [ -65.763718, 18.352176 ], [ -65.764976, 18.354676 ], [ -65.768491, 18.35608 ], [ -65.769043, 18.358718 ], [ -65.768799, 18.360217 ], [ -65.769265, 18.363006 ], [ -65.770546, 18.365822 ] ] ] ] } },
{ "type": "Feature", "properties": { "STATEFP": "72", "COUNTYFP": "025", "COUNTYNS": "01804492", "GEOIDFQ": "0500000US72025", "GEOID": "72025", "NAME": "Caguas", "NAMELSAD": "Caguas Municipio", "STUSPS": "PR", "STATE_NAME": "Puerto Rico", "LSAD": "13", "ALAND": 151783114.0, "AWATER": 1201073.0 }, "geometry": { "type": "MultiPolygon", "coordinates": [ [ [ [ -66.117641, 18.210911 ], [ -66.117041, 18.211455 ], [ -66.109409, 18.213612 ], [ -66.102673, 18.21684 ], [ -66.100734, 18.218519 ], [ -66.099878, 18.219401 ], [ -66.098157, 18.220854 ], [ -66.096788, 18.221752 ], [ -66.095887, 18.22416 ], [ -66.093719, 18.224875 ], [ -66.092703, 18.226705 ], [ -66.090421, 18.227413 ], [ -66.08901, 18.230144 ], [ -66.088159, 18.232763 ], [ -66.087052, 18.233049 ], [ -66.085122, 18.235517 ], [ -66.084768, 18.242512 ], [ -66.080834, 18.245809 ], [ -66.079028, 18.247823 ], [ -66.078976, 18.247869 ], [ -66.078639, 18.248168 ], [ -66.077341, 18.249802 ], [ -66.074732, 18.253317 ], [ -66.074629, 18.254261 ], [ -66.077313, 18.25651 ], [ -66.076297, 18.260781 ], [ -66.074757, 18.267599 ], [ -66.072908, 18.275347 ], [ -66.070942, 18.282759 ], [ -66.069812, 18.287655 ], [ -66.069717, 18.288182 ], [ -66.066103, 18.303321 ], [ -66.062759, 18.302511 ], [ -66.062375, 18.303053 ], [ -66.059259, 18.302295 ], [ -66.059638, 18.303529 ], [ -66.05739, 18.302373 ], [ -66.056503, 18.304528 ], [ -66.052988, 18.303189 ], [ -66.053129, 18.303835 ], [ -66.051922, 18.302918 ], [ -66.048466, 18.297648 ], [ -66.045336, 18.299418 ], [ -66.047923, 18.302725 ], [ -66.047827, 18.306885 ], [ -66.04692, 18.309408 ], [ -66.044836, 18.311493 ], [ -66.042586, 18.312281 ], [ -66.041535, 18.312344 ], [ -66.040857, 18.311432 ], [ -66.038468, 18.311662 ], [ -66.035475, 18.309582 ], [ -66.031631, 18.308877 ], [ -66.030118, 18.309897 ], [ -66.025887, 18.309659 ], [ -66.024857, 18.308963 ], [ -66.021747, 18.305034 ], [ -66.023696, 18.303338 ], [ -66.02538, 18.303334 ], [ -66.02718, 18.304071 ], [ -66.029736, 18.302644 ], [ -66.030724, 18.299778 ], [ -66.027591, 18.297967 ], [ -66.028042, 18.294868 ], [ -66.029894, 18.29087 ], [ -66.029186, 18.28913 ], [ -66.02603, 18.286393 ], [ -66.024986, 18.286564 ], [ -66.021024, 18.285973 ], [ -66.017673, 18.284702 ], [ -66.017263, 18.28417 ], [ -66.017003, 18.281207 ], [ -66.012758, 18.280314 ], [ -66.010065, 18.278768 ], [ -66.008443, 18.278279 ], [ -66.008033, 18.276819 ], [ -66.008523, 18.273898 ], [ -66.008677, 18.27191 ], [ -66.009192, 18.2715 ], [ -66.009885, 18.270726 ], [ -66.009641, 18.268886 ], [ -66.007509, 18.267756 ], [ -66.00801, 18.266173 ], [ -66.011049, 18.265254 ], [ -66.013971, 18.264706 ], [ -66.01437, 18.263628 ], [ -66.013689, 18.260477 ], [ -66.010983, 18.253598 ], [ -66.010757, 18.250372 ], [ -66.013403, 18.247734 ], [ -66.014561, 18.244761 ], [ -66.011733, 18.241563 ], [ -66.010656, 18.241728 ], [ -66.009461, 18.241051 ], [ -66.008264, 18.23817 ], [ -66.008125, 18.236382 ], [ -66.008077, 18.233701 ], [ -66.009439, 18.230846 ], [ -66.011472, 18.229581 ], [ -66.013473, 18.227591 ], [ -66.013676, 18.225379 ], [ -66.013452, 18.224852 ], [ -66.010766, 18.221065 ], [ -66.008027, 18.220192 ], [ -66.004794, 18.218609 ], [ -66.00324, 18.218604 ], [ -66.00261, 18.219009 ], [ -66.000669, 18.218898 ], [ -65.999442, 18.21792 ], [ -65.999626, 18.21616 ], [ -66.000311, 18.209792 ], [ -65.99918, 18.208669 ], [ -65.99765, 18.206992 ], [ -65.999427, 18.204703 ], [ -66.000504, 18.201988 ], [ -65.999975, 18.196917 ], [ -65.998146, 18.195309 ], [ -65.998971, 18.193762 ], [ -65.998682, 18.191583 ], [ -65.999613, 18.188708 ], [ -66.001045, 18.188842 ], [ -66.003855, 18.185597 ], [ -66.005262, 18.186356 ], [ -66.011319, 18.18606 ], [ -66.01309, 18.182339 ], [ -66.013344, 18.181018 ], [ -66.011979, 18.178756 ], [ -66.012831, 18.176541 ], [ -66.016831, 18.176326 ], [ -66.016433, 18.174585 ], [ -66.01795, 18.171439 ], [ -66.019538, 18.170916 ], [ -66.020137, 18.168051 ], [ -66.022256, 18.166035 ], [ -66.022124, 18.165554 ], [ -66.022058, 18.163585 ], [ -66.01998, 18.158697 ], [ -66.020337, 18.157238 ], [ -66.022014, 18.156152 ], [ -66.023013, 18.153543 ], [ -66.021496, 18.148609 ], [ -66.021034, 18.146949 ], [ -66.01961, 18.145514 ], [ -66.020283, 18.144081 ], [ -66.023269, 18.141287 ], [ -66.025149, 18.138813 ], [ -66.023852, 18.136443 ], [ -66.025901, 18.133927 ], [ -66.031581, 18.132324 ], [ -66.032883, 18.129113 ], [ -66.032404, 18.126968 ], [ -66.032831, 18.125089 ], [ -66.035101, 18.121936 ], [ -66.035651, 18.119204 ], [ -66.042679, 18.114158 ], [ -66.044402, 18.114999 ], [ -66.05, 18.115259 ], [ -66.052736, 18.113514 ], [ -66.052555, 18.113069 ], [ -66.056382, 18.114077 ], [ -66.058385, 18.115976 ], [ -66.060761, 18.116315 ], [ -66.060265, 18.118585 ], [ -66.061128, 18.123015 ], [ -66.064339, 18.128557 ], [ -66.065607, 18.131526 ], [ -66.067479, 18.132172 ], [ -66.06959, 18.137516 ], [ -66.068935, 18.14025 ], [ -66.06949, 18.142397 ], [ -66.066381, 18.146022 ], [ -66.066415, 18.148531 ], [ -66.071352, 18.149891 ], [ -66.080343, 18.152146 ], [ -66.080426, 18.152953 ], [ -66.082702, 18.155063 ], [ -66.083361, 18.156285 ], [ -66.086152, 18.158311 ], [ -66.09087, 18.163104 ], [ -66.091223, 18.16524 ], [ -66.093233, 18.166694 ], [ -66.095099, 18.169077 ], [ -66.096813, 18.168197 ], [ -66.100921, 18.16979 ], [ -66.102643, 18.169522 ], [ -66.105095, 18.171543 ], [ -66.101719, 18.183062 ], [ -66.106841, 18.194942 ], [ -66.109374, 18.200934 ], [ -66.110128, 18.20181 ], [ -66.117774, 18.209949 ], [ -66.117641, 18.210911 ] ] ] ] } },
{ "type": "Feature", "properties": { "STATEFP": "72", "COUNTYFP": "063", "COUNTYNS": "01804512", "GEOIDFQ": "0500000US72063", "GEOID": "72063", "NAME": "Gurabo", "NAMELSAD": "Gurabo Municipio", "STUSPS": "PR", "STATE_NAME": "Puerto Rico", "LSAD": "13", "ALAND": 72220853.0, "AWATER": 1108805.0 }, "geometry": { "type": "MultiPolygon", "coordinates": [ [ [ [ -66.029736, 18.302644 ], [ -66.02718, 18.304071 ], [ -66.02538, 18.303334 ], [ -66.023696, 18.303338 ], [ -66.021747, 18.305034 ], [ -66.020194, 18.307536 ], [ -66.018257, 18.308585 ], [ -66.016482, 18.308734 ], [ -66.015252, 18.307514 ], [ -66.012749, 18.307318 ], [ -66.009378, 18.305205 ], [ -66.006767, 18.304371 ], [ -66.006311, 18.305449 ], [ -66.002801, 18.306397 ], [ -66.002757, 18.307552 ], [ -66.00099, 18.307487 ], [ -65.997175, 18.306089 ], [ -65.99526, 18.30664 ], [ -65.991789, 18.30948 ], [ -65.988794, 18.309917 ], [ -65.986059, 18.311183 ], [ -65.98406, 18.310825 ], [ -65.972464, 18.310338 ], [ -65.968711, 18.309875 ], [ -65.968149, 18.310153 ], [ -65.967659, 18.309661 ], [ -65.968706, 18.308202 ], [ -65.968576, 18.307166 ], [ -65.967361, 18.306969 ], [ -65.967581, 18.305928 ], [ -65.96628, 18.305424 ], [ -65.96459, 18.303085 ], [ -65.964662, 18.302241 ], [ -65.963024, 18.299866 ], [ -65.960835, 18.300055 ], [ -65.960148, 18.298899 ], [ -65.957815, 18.296735 ], [ -65.956436, 18.296322 ], [ -65.95376, 18.294482 ], [ -65.95026, 18.295507 ], [ -65.948375, 18.294302 ], [ -65.945798, 18.293642 ], [ -65.942429, 18.293469 ], [ -65.93908, 18.288454 ], [ -65.93922, 18.286693 ], [ -65.93788, 18.285166 ], [ -65.935945, 18.284162 ], [ -65.935419, 18.28267 ], [ -65.931601, 18.279374 ], [ -65.928399, 18.276884 ], [ -65.925256, 18.27534 ], [ -65.923306, 18.274734 ], [ -65.924233, 18.27271 ], [ -65.918535, 18.27013 ], [ -65.91958, 18.269401 ], [ -65.924347, 18.269344 ], [ -65.927362, 18.268216 ], [ -65.927803, 18.267345 ], [ -65.930386, 18.265631 ], [ -65.934442, 18.262176 ], [ -65.93463, 18.261287 ], [ -65.936305, 18.259319 ], [ -65.940848, 18.250269 ], [ -65.94192, 18.250798 ], [ -65.943111, 18.252688 ], [ -65.944464, 18.253151 ], [ -65.94528, 18.253013 ], [ -65.946231, 18.252403 ], [ -65.945415, 18.249179 ], [ -65.947336, 18.248107 ], [ -65.945503, 18.247658 ], [ -65.945388, 18.246624 ], [ -65.945417, 18.246502 ], [ -65.946011, 18.244275 ], [ -65.949394, 18.244004 ], [ -65.948435, 18.243234 ], [ -65.948041, 18.241372 ], [ -65.946135, 18.241253 ], [ -65.9453, 18.240166 ], [ -65.943021, 18.239355 ], [ -65.942573, 18.23703 ], [ -65.941484, 18.237525 ], [ -65.941119, 18.235255 ], [ -65.939473, 18.234118 ], [ -65.941535, 18.232252 ], [ -65.943595, 18.231691 ], [ -65.944238, 18.233003 ], [ -65.947712, 18.231691 ], [ -65.94788, 18.233245 ], [ -65.948913, 18.23352 ], [ -65.949335, 18.231723 ], [ -65.950209, 18.231039 ], [ -65.948173, 18.230021 ], [ -65.948432, 18.22948 ], [ -65.950343, 18.22976 ], [ -65.951019, 18.229292 ], [ -65.956045, 18.228492 ], [ -65.958805, 18.229073 ], [ -65.964062, 18.229117 ], [ -65.965168, 18.229409 ], [ -65.966672, 18.228655 ], [ -65.971832, 18.229101 ], [ -65.980422, 18.226068 ], [ -65.981262, 18.223206 ], [ -65.980616, 18.222857 ], [ -65.981952, 18.220566 ], [ -65.982811, 18.221378 ], [ -65.984437, 18.220263 ], [ -65.986932, 18.220721 ], [ -65.989757, 18.219617 ], [ -65.990556, 18.217943 ], [ -65.991888, 18.211788 ], [ -65.993573, 18.21052 ], [ -65.994, 18.20858 ], [ -65.997043, 18.207184 ], [ -65.99765, 18.206992 ], [ -65.99918, 18.208669 ], [ -66.000311, 18.209792 ], [ -65.999626, 18.21616 ], [ -65.999442, 18.21792 ], [ -66.000669, 18.218898 ], [ -66.00261, 18.219009 ], [ -66.00324, 18.218604 ], [ -66.004794, 18.218609 ], [ -66.008027, 18.220192 ], [ -66.010766, 18.221065 ], [ -66.013452, 18.224852 ], [ -66.013676, 18.225379 ], [ -66.013473, 18.227591 ], [ -66.011472, 18.229581 ], [ -66.009439, 18.230846 ], [ -66.008077, 18.233701 ], [ -66.008125, 18.236382 ], [ -66.008264, 18.23817 ], [ -66.009461, 18.241051 ], [ -66.010656, 18.241728 ], [ -66.011733, 18.241563 ], [ -66.014561, 18.244761 ], [ -66.013403, 18.247734 ], [ -66.010757, 18.250372 ], [ -66.010983, 18.253598 ], [ -66.013689, 18.260477 ], [ -66.01437, 18.263628 ], [ -66.013971, 18.264706 ], [ -66.011049, 18.265254 ], [ -66.00801, 18.266173 ], [ -66.007509, 18.267756 ], [ -66.009641, 18.268886 ], [ -66.009885, 18.270726 ], [ -66.009192, 18.2715 ], [ -66.008677, 18.27191 ], [ -66.008523, 18.273898 ], [ -66.008033, 18.276819 ], [ -66.008443, 18.278279 ], [ -66.010065, 18.278768 ], [ -66.012758, 18.280314 ], [ -66.017003, 18.281207 ], [ -66.017263, 18.28417 ], [ -66.017673, 18.284702 ], [ -66.021024, 18.285973 ], [ -66.024986, 18.286564 ], [ -66.02603, 18.286393 ], [ -66.029186, 18.28913 ], [ -66.029894, 18.29087 ], [ -66.028042, 18.294868 ], [ -66.027591, 18.297967 ], [ -66.030724, 18.299778 ], [ -66.029736, 18.302644 ] ] ] ] } },
{ "type": "Feature", "properties": { "STATEFP": "72", "COUNTYFP": "057", "COUNTYNS": "01804509", "GEOIDFQ": "0500000US72057", "GEOID": "72057", "NAME": "Guayama", "NAMELSAD": "Guayama Municipio", "STUSPS": "PR", "STATE_NAME": "Puerto Rico", "LSAD": "13", "ALAND": 168445342.0, "AWATER": 108210431.0 }, "geometry": { "type": "MultiPolygon", "coordinates": [ [ [ [ -66.212987, 17.94345 ], [ -66.202753154252306, 17.9447048041941 ], [ -66.20267, 17.944715 ], [ -66.200832004177002, 17.944139301476099 ], [ -66.196862789141505, 17.942896060763299 ], [ -66.196046725989305, 17.942640452809101 ], [ -66.185168485403807, 17.939233161579399 ], [ -66.183594, 17.93874 ], [ -66.181817680708093, 17.942050672013501 ], [ -66.180474, 17.944555 ], [ -66.175782, 17.944381 ], [ -66.175716188339393, 17.944982746280701 ], [ -66.175308, 17.948715 ], [ -66.179666832641004, 17.9501991579757 ], [ -66.190762, 17.953977 ], [ -66.2048343049441, 17.962093901952599 ], [ -66.206210091679296, 17.962887455395499 ], [ -66.206095, 17.969451 ], [ -66.205886, 17.982648 ], [ -66.205805, 17.989008 ], [ -66.205657, 18.011709 ], [ -66.205656, 18.011875 ], [ -66.205592, 18.01298 ], [ -66.203621, 18.013041 ], [ -66.203006, 18.015657 ], [ -66.201578, 18.016828 ], [ -66.201524, 18.017987 ], [ -66.200349, 18.018947 ], [ -66.198426, 18.019312 ], [ -66.196611, 18.020562 ], [ -66.195386, 18.019707 ], [ -66.192509, 18.020322 ], [ -66.19126, 18.021988 ], [ -66.190163, 18.021918 ], [ -66.189063, 18.024202 ], [ -66.184025, 18.025486 ], [ -66.182281, 18.024539 ], [ -66.179952, 18.02574 ], [ -66.180926, 18.028826 ], [ -66.178015, 18.031939 ], [ -66.177476, 18.03234 ], [ -66.177026, 18.032547 ], [ -66.17482, 18.032906 ], [ -66.171631, 18.039498 ], [ -66.166145, 18.050063 ], [ -66.162509, 18.049427 ], [ -66.160685, 18.0498 ], [ -66.157954, 18.048961 ], [ -66.15738, 18.046117 ], [ -66.155739, 18.043419 ], [ -66.153521, 18.042651 ], [ -66.150087, 18.0421 ], [ -66.14842, 18.042382 ], [ -66.146923, 18.04173 ], [ -66.143969, 18.041358 ], [ -66.143202, 18.040789 ], [ -66.142559, 18.038206 ], [ -66.140508, 18.037683 ], [ -66.138987, 18.036917 ], [ -66.137148, 18.037289 ], [ -66.135193, 18.037336 ], [ -66.128518, 18.039494 ], [ -66.128516, 18.040067 ], [ -66.129605, 18.042349 ], [ -66.127973, 18.045761 ], [ -66.127756, 18.048432 ], [ -66.125232, 18.05165 ], [ -66.123734, 18.054459 ], [ -66.122946, 18.056941 ], [ -66.123222, 18.059931 ], [ -66.122006, 18.060683 ], [ -66.122083, 18.061848 ], [ -66.12002, 18.062422 ], [ -66.121778, 18.067719 ], [ -66.120874, 18.069823 ], [ -66.122215, 18.071402 ], [ -66.121356, 18.072823 ], [ -66.123441, 18.074367 ], [ -66.125076, 18.074364 ], [ -66.126113, 18.076342 ], [ -66.126022, 18.077797 ], [ -66.124838, 18.077306 ], [ -66.123681, 18.07921 ], [ -66.12416, 18.082038 ], [ -66.126109, 18.082486 ], [ -66.127581, 18.086337 ], [ -66.127995, 18.087163 ], [ -66.129006, 18.088809 ], [ -66.128157, 18.090856 ], [ -66.128028, 18.092642 ], [ -66.128055, 18.094219 ], [ -66.12634, 18.097156 ], [ -66.12213, 18.093778 ], [ -66.116307, 18.092202 ], [ -66.112707, 18.090159 ], [ -66.112796, 18.091758 ], [ -66.111407, 18.09527 ], [ -66.109032, 18.098034 ], [ -66.109016, 18.098931 ], [ -66.109254, 18.099964 ], [ -66.105648, 18.099391 ], [ -66.105192, 18.101221 ], [ -66.103989, 18.101538 ], [ -66.102708, 18.102785 ], [ -66.10257, 18.105032 ], [ -66.101534, 18.10467 ], [ -66.100809, 18.105941 ], [ -66.098848, 18.105597 ], [ -66.098287, 18.106826 ], [ -66.097457, 18.106789 ], [ -66.096344, 18.104955 ], [ -66.097313, 18.10484 ], [ -66.095534, 18.104859 ], [ -66.095352, 18.106152 ], [ -66.093931, 18.107166 ], [ -66.090091, 18.107584 ], [ -66.087773, 18.107354 ], [ -66.087721, 18.1064 ], [ -66.08598, 18.105314 ], [ -66.084388, 18.105254 ], [ -66.082724, 18.104066 ], [ -66.079966, 18.103851 ], [ -66.077957, 18.103112 ], [ -66.074583, 18.105828 ], [ -66.073904, 18.105397 ], [ -66.073051, 18.104704 ], [ -66.072762, 18.102893 ], [ -66.071306, 18.102056 ], [ -66.068571, 18.101828 ], [ -66.066509, 18.103029 ], [ -66.063958, 18.102713 ], [ -66.060834, 18.104075 ], [ -66.060167, 18.103744 ], [ -66.057309, 18.105564 ], [ -66.055999, 18.105751 ], [ -66.054146, 18.107211 ], [ -66.053146, 18.107293 ], [ -66.055122, 18.105434 ], [ -66.058015, 18.104288 ], [ -66.059873, 18.100953 ], [ -66.061413, 18.09978 ], [ -66.060512, 18.09875 ], [ -66.060292, 18.095481 ], [ -66.060856, 18.094836 ], [ -66.059925, 18.09299 ], [ -66.060053, 18.090735 ], [ -66.062042, 18.088727 ], [ -66.064119, 18.084683 ], [ -66.065796, 18.082099 ], [ -66.067145, 18.080955 ], [ -66.06832, 18.078723 ], [ -66.070171, 18.079709 ], [ -66.074543, 18.076407 ], [ -66.075087, 18.075518 ], [ -66.080235, 18.074822 ], [ -66.081144, 18.074107 ], [ -66.079164, 18.070408 ], [ -66.079992, 18.068929 ], [ -66.079125, 18.067313 ], [ -66.081068, 18.063915 ], [ -66.084267, 18.062772 ], [ -66.087816, 18.061238 ], [ -66.087982, 18.059119 ], [ -66.089399, 18.056256 ], [ -66.086777, 18.049774 ], [ -66.085543, 18.048348 ], [ -66.086399, 18.044658 ], [ -66.087363, 18.043558 ], [ -66.085025, 18.039305 ], [ -66.085713, 18.036186 ], [ -66.082263, 18.032958 ], [ -66.082235, 18.030934 ], [ -66.085598, 18.027468 ], [ -66.088256, 18.026264 ], [ -66.089357, 18.024547 ], [ -66.091151, 18.0248 ], [ -66.095136, 18.022048 ], [ -66.091665, 18.021127 ], [ -66.091438, 18.01804 ], [ -66.088373, 18.015054 ], [ -66.085704, 18.012934 ], [ -66.08385, 18.012918 ], [ -66.082029, 18.010271 ], [ -66.081271, 18.004458 ], [ -66.079774, 18.001796 ], [ -66.077203, 18.000133 ], [ -66.076325, 18.000492 ], [ -66.076059, 17.998021 ], [ -66.075278, 17.99619 ], [ -66.073345, 17.99606 ], [ -66.07161, 17.993732 ], [ -66.071601, 17.991838 ], [ -66.071631, 17.990928 ], [ -66.071709, 17.989681 ], [ -66.071876, 17.987031 ], [ -66.072373, 17.979199 ], [ -66.069869, 17.974463 ], [ -66.0702, 17.972614 ], [ -66.070881, 17.971183 ], [ -66.070826, 17.968964 ], [ -66.070837, 17.968335 ], [ -66.069985, 17.966441 ], [ -66.070349804858694, 17.966376787449601 ], [ -66.075064, 17.965547 ], [ -66.077515, 17.966922 ], [ -66.080844, 17.966716 ], [ -66.088443, 17.963689 ], [ -66.097907308062304, 17.9579549980221 ], [ -66.099425313124101, 17.957035306485299 ], [ -66.110736880862703, 17.950182132290202 ], [ -66.112216, 17.949286 ], [ -66.114111252492606, 17.9489784587185 ], [ -66.124084330884301, 17.9473601343418 ], [ -66.128362, 17.946666 ], [ -66.136998, 17.941043 ], [ -66.139121, 17.941043 ], [ -66.144021813320094, 17.937556131979399 ], [ -66.144164014712999, 17.937454957448299 ], [ -66.150635530127801, 17.932850554327501 ], [ -66.155765, 17.929201 ], [ -66.157706, 17.929219 ], [ -66.157739859675203, 17.929463442378399 ], [ -66.158121, 17.932215 ], [ -66.156024, 17.934345 ], [ -66.155271, 17.936911 ], [ -66.157993, 17.938086 ], [ -66.159326167501007, 17.9366951443189 ], [ -66.1598176599867, 17.9361823842079 ], [ -66.160096, 17.935892 ], [ -66.160555525088995, 17.933684384623898 ], [ -66.160581, 17.933562 ], [ -66.162169, 17.932305 ], [ -66.172884, 17.93595 ], [ -66.177776810097299, 17.935947647235 ], [ -66.183282, 17.935945 ], [ -66.187262845797605, 17.936583663568499 ], [ -66.193417, 17.937571 ], [ -66.196117, 17.935267 ], [ -66.199622, 17.929603 ], [ -66.208133, 17.932383 ], [ -66.208056989246003, 17.9334382483955 ], [ -66.207911, 17.935465 ], [ -66.208946419373206, 17.936584792787801 ], [ -66.212528362183804, 17.9404586180504 ], [ -66.213102, 17.941079 ], [ -66.212987, 17.94345 ] ] ] ] } },
{ "type": "Feature", "properties": { "STATEFP": "72", "COUNTYFP": "035", "COUNTYNS": "01804497", "GEOIDFQ": "0500000US72035", "GEOID": "72035", "NAME": "Cayey", "NAMELSAD": "Cayey Municipio", "STUSPS": "PR", "STATE_NAME": "Puerto Rico", "LSAD": "13", "ALAND": 134509880.0, "AWATER": 68570.0 }, "geometry": { "type": "MultiPolygon", "coordinates": [ [ [ [ -66.226932, 18.102346 ], [ -66.224337, 18.103976 ], [ -66.225796, 18.108725 ], [ -66.224631, 18.110233 ], [ -66.22503, 18.113119 ], [ -66.225581, 18.113573 ], [ -66.226828, 18.116641 ], [ -66.224958, 18.118361 ], [ -66.222205, 18.118848 ], [ -66.220358, 18.120797 ], [ -66.219886, 18.124464 ], [ -66.219057, 18.12806 ], [ -66.220669, 18.128941 ], [ -66.220721, 18.131362 ], [ -66.220563, 18.132018 ], [ -66.218636, 18.13332 ], [ -66.218242, 18.134615 ], [ -66.216891, 18.136789 ], [ -66.217586, 18.142435 ], [ -66.216899, 18.14322 ], [ -66.214079, 18.144165 ], [ -66.213892, 18.144147 ], [ -66.211877, 18.143252 ], [ -66.209991, 18.139826 ], [ -66.207534, 18.137345 ], [ -66.204858, 18.137598 ], [ -66.204061, 18.138598 ], [ -66.204158, 18.140563 ], [ -66.203779, 18.143304 ], [ -66.202911, 18.146046 ], [ -66.20117, 18.146836 ], [ -66.199428, 18.145317 ], [ -66.201424, 18.140327 ], [ -66.200723, 18.138194 ], [ -66.199254, 18.13708 ], [ -66.197182, 18.13658 ], [ -66.195772, 18.137594 ], [ -66.195412, 18.138006 ], [ -66.19417, 18.140452 ], [ -66.192558, 18.140919 ], [ -66.189656, 18.137598 ], [ -66.187334, 18.137053 ], [ -66.183888, 18.138048 ], [ -66.18268, 18.139034 ], [ -66.183448, 18.141781 ], [ -66.183528, 18.143469 ], [ -66.181912, 18.144593 ], [ -66.180009, 18.141625 ], [ -66.177519, 18.138891 ], [ -66.176075, 18.134635 ], [ -66.175195, 18.133897 ], [ -66.173979, 18.133484 ], [ -66.168625, 18.133488 ], [ -66.168453, 18.133488 ], [ -66.16636, 18.134185 ], [ -66.165857, 18.137281 ], [ -66.162599, 18.138629 ], [ -66.162758, 18.139583 ], [ -66.164522, 18.144541 ], [ -66.163347, 18.145623 ], [ -66.162189, 18.146205 ], [ -66.160041, 18.146636 ], [ -66.156458, 18.144209 ], [ -66.157, 18.141947 ], [ -66.15629, 18.14154 ], [ -66.15047, 18.142337 ], [ -66.150217, 18.139342 ], [ -66.144423, 18.138185 ], [ -66.142495, 18.137235 ], [ -66.139319, 18.137409 ], [ -66.13869, 18.136065 ], [ -66.138125, 18.134337 ], [ -66.13554, 18.13378 ], [ -66.134433, 18.13278 ], [ -66.131881, 18.132577 ], [ -66.131673, 18.136076 ], [ -66.130377, 18.136672 ], [ -66.13092, 18.138429 ], [ -66.1296, 18.138584 ], [ -66.127532, 18.139717 ], [ -66.124784, 18.139636 ], [ -66.121866, 18.140741 ], [ -66.120949, 18.138838 ], [ -66.119516, 18.137958 ], [ -66.118081, 18.138748 ], [ -66.117806, 18.138935 ], [ -66.117861, 18.140022 ], [ -66.114417, 18.139697 ], [ -66.113568, 18.142096 ], [ -66.112441, 18.14134 ], [ -66.110176, 18.142037 ], [ -66.111151, 18.142973 ], [ -66.110729, 18.144321 ], [ -66.109534, 18.144574 ], [ -66.110311, 18.146734 ], [ -66.108169, 18.148642 ], [ -66.106864, 18.148789 ], [ -66.104992, 18.150633 ], [ -66.104353, 18.150001 ], [ -66.102885, 18.151095 ], [ -66.102211, 18.152019 ], [ -66.099548, 18.153083 ], [ -66.098561, 18.155945 ], [ -66.098105, 18.155638 ], [ -66.098135, 18.15856 ], [ -66.096417, 18.15939 ], [ -66.09671, 18.161321 ], [ -66.094522, 18.164715 ], [ -66.095236, 18.167245 ], [ -66.095099, 18.169077 ], [ -66.093233, 18.166694 ], [ -66.091223, 18.16524 ], [ -66.09087, 18.163104 ], [ -66.086152, 18.158311 ], [ -66.083361, 18.156285 ], [ -66.082702, 18.155063 ], [ -66.080426, 18.152953 ], [ -66.080343, 18.152146 ], [ -66.071352, 18.149891 ], [ -66.066415, 18.148531 ], [ -66.066381, 18.146022 ], [ -66.06949, 18.142397 ], [ -66.068935, 18.14025 ], [ -66.06959, 18.137516 ], [ -66.067479, 18.132172 ], [ -66.065607, 18.131526 ], [ -66.064339, 18.128557 ], [ -66.061128, 18.123015 ], [ -66.060265, 18.118585 ], [ -66.060761, 18.116315 ], [ -66.058385, 18.115976 ], [ -66.056382, 18.114077 ], [ -66.052555, 18.113069 ], [ -66.051162, 18.111088 ], [ -66.051788, 18.109878 ], [ -66.053331, 18.109254 ], [ -66.053146, 18.107293 ], [ -66.054146, 18.107211 ], [ -66.055999, 18.105751 ], [ -66.057309, 18.105564 ], [ -66.060167, 18.103744 ], [ -66.060834, 18.104075 ], [ -66.063958, 18.102713 ], [ -66.066509, 18.103029 ], [ -66.068571, 18.101828 ], [ -66.071306, 18.102056 ], [ -66.072762, 18.102893 ], [ -66.073051, 18.104704 ], [ -66.073904, 18.105397 ], [ -66.074583, 18.105828 ], [ -66.077957, 18.103112 ], [ -66.079966, 18.103851 ], [ -66.082724, 18.104066 ], [ -66.084388, 18.105254 ], [ -66.08598, 18.105314 ], [ -66.087721, 18.1064 ], [ -66.087773, 18.107354 ], [ -66.090091, 18.107584 ], [ -66.093931, 18.107166 ], [ -66.095352, 18.106152 ], [ -66.095534, 18.104859 ], [ -66.097313, 18.10484 ], [ -66.096344, 18.104955 ], [ -66.097457, 18.106789 ], [ -66.098287, 18.106826 ], [ -66.098848, 18.105597 ], [ -66.100809, 18.105941 ], [ -66.101534, 18.10467 ], [ -66.10257, 18.105032 ], [ -66.102708, 18.102785 ], [ -66.103989, 18.101538 ], [ -66.105192, 18.101221 ], [ -66.105648, 18.099391 ], [ -66.109254, 18.099964 ], [ -66.109016, 18.098931 ], [ -66.109032, 18.098034 ], [ -66.111407, 18.09527 ], [ -66.112796, 18.091758 ], [ -66.112707, 18.090159 ], [ -66.116307, 18.092202 ], [ -66.12213, 18.093778 ], [ -66.12634, 18.097156 ], [ -66.128055, 18.094219 ], [ -66.128028, 18.092642 ], [ -66.128157, 18.090856 ], [ -66.129006, 18.088809 ], [ -66.127995, 18.087163 ], [ -66.127581, 18.086337 ], [ -66.126109, 18.082486 ], [ -66.12416, 18.082038 ], [ -66.123681, 18.07921 ], [ -66.124838, 18.077306 ], [ -66.126022, 18.077797 ], [ -66.126113, 18.076342 ], [ -66.125076, 18.074364 ], [ -66.123441, 18.074367 ], [ -66.121356, 18.072823 ], [ -66.122215, 18.071402 ], [ -66.120874, 18.069823 ], [ -66.121778, 18.067719 ], [ -66.12002, 18.062422 ], [ -66.122083, 18.061848 ], [ -66.122006, 18.060683 ], [ -66.123222, 18.059931 ], [ -66.122946, 18.056941 ], [ -66.123734, 18.054459 ], [ -66.125232, 18.05165 ], [ -66.127756, 18.048432 ], [ -66.127973, 18.045761 ], [ -66.129605, 18.042349 ], [ -66.128516, 18.040067 ], [ -66.128518, 18.039494 ], [ -66.135193, 18.037336 ], [ -66.137148, 18.037289 ], [ -66.138987, 18.036917 ], [ -66.140508, 18.037683 ], [ -66.142559, 18.038206 ], [ -66.143202, 18.040789 ], [ -66.143969, 18.041358 ], [ -66.146923, 18.04173 ], [ -66.14842, 18.042382 ], [ -66.150087, 18.0421 ], [ -66.153521, 18.042651 ], [ -66.155739, 18.043419 ], [ -66.15738, 18.046117 ], [ -66.157954, 18.048961 ], [ -66.160685, 18.0498 ], [ -66.162509, 18.049427 ], [ -66.166145, 18.050063 ], [ -66.167514, 18.0517 ], [ -66.17035, 18.051419 ], [ -66.171932, 18.053846 ], [ -66.173325, 18.053289 ], [ -66.177977, 18.053494 ], [ -66.183719, 18.050754 ], [ -66.186794, 18.050151 ], [ -66.188139, 18.050402 ], [ -66.197083, 18.048828 ], [ -66.198786, 18.047636 ], [ -66.198857, 18.04755 ], [ -66.199089, 18.047246 ], [ -66.200293, 18.046994 ], [ -66.201021, 18.046705 ], [ -66.202038, 18.046113 ], [ -66.202349, 18.046361 ], [ -66.202681, 18.047269 ], [ -66.202968, 18.04853 ], [ -66.205004, 18.050924 ], [ -66.2047, 18.054997 ], [ -66.202019, 18.056823 ], [ -66.201487, 18.058057 ], [ -66.201487, 18.062084 ], [ -66.201003, 18.064565 ], [ -66.201753, 18.067639 ], [ -66.202836, 18.068079 ], [ -66.206068, 18.067653 ], [ -66.207866, 18.06968 ], [ -66.208561, 18.07078 ], [ -66.211668, 18.074525 ], [ -66.211966, 18.074944 ], [ -66.215832, 18.079655 ], [ -66.215318, 18.085718 ], [ -66.216629, 18.08925 ], [ -66.218404, 18.092607 ], [ -66.22449, 18.095339 ], [ -66.224764, 18.098406 ], [ -66.226932, 18.102346 ] ] ] ] } },
{ "type": "Feature", "properties": { "STATEFP": "72", "COUNTYFP": "053", "COUNTYNS": "01804506", "GEOIDFQ": "0500000US72053", "GEOID": "72053", "NAME": "Fajardo", "NAMELSAD": "Fajardo Municipio", "STUSPS": "PR", "STATE_NAME": "Puerto Rico", "LSAD": "13", "ALAND": 77458701.0, "AWATER": 195342715.0 }, "geometry": { "type": "MultiPolygon", "coordinates": [ [ [ [ -65.571467, 18.376591 ], [ -65.570384, 18.378481 ], [ -65.568452, 18.378747 ], [ -65.567775, 18.378038 ], [ -65.568028, 18.377445 ], [ -65.570191, 18.376159 ], [ -65.571144, 18.376109 ], [ -65.571467, 18.376591 ] ] ], [ [ [ -65.571524, 18.351412 ], [ -65.569293, 18.352807 ], [ -65.564794, 18.347907 ], [ -65.567839, 18.343893 ], [ -65.568853, 18.344239 ], [ -65.569303, 18.347155 ], [ -65.571572, 18.350662 ], [ -65.571524, 18.351412 ] ] ], [ [ [ -65.593029, 18.391488 ], [ -65.591186, 18.390584 ], [ -65.589363, 18.390433 ], [ -65.588166, 18.389879 ], [ -65.583866, 18.386585 ], [ -65.583764, 18.385507 ], [ -65.584519, 18.385035 ], [ -65.583699, 18.383592 ], [ -65.587145, 18.3819 ], [ -65.592124, 18.385015 ], [ -65.591649, 18.386928 ], [ -65.592817, 18.388501 ], [ -65.594062, 18.390712 ], [ -65.593029, 18.391488 ] ] ], [ [ [ -65.753591, 18.296755 ], [ -65.751726, 18.298344 ], [ -65.750106, 18.301285 ], [ -65.747727, 18.30089 ], [ -65.746142, 18.299913 ], [ -65.74339, 18.299447 ], [ -65.741057, 18.29693 ], [ -65.738811, 18.295493 ], [ -65.737466, 18.296076 ], [ -65.736378, 18.293137 ], [ -65.734139, 18.290521 ], [ -65.73334, 18.288031 ], [ -65.732065, 18.288169 ], [ -65.73159, 18.290186 ], [ -65.729145, 18.290424 ], [ -65.728153, 18.291558 ], [ -65.725522, 18.292077 ], [ -65.725125, 18.294539 ], [ -65.723901, 18.295668 ], [ -65.72049, 18.296057 ], [ -65.720927, 18.299897 ], [ -65.720236, 18.301855 ], [ -65.720768, 18.304081 ], [ -65.719139, 18.30667 ], [ -65.709197, 18.306563 ], [ -65.708174, 18.307931 ], [ -65.704922, 18.309002 ], [ -65.70449, 18.309347 ], [ -65.705081, 18.310945 ], [ -65.704455, 18.314186 ], [ -65.704956, 18.318546 ], [ -65.703926, 18.320826 ], [ -65.702428, 18.320888 ], [ -65.700556, 18.321949 ], [ -65.698847, 18.324063 ], [ -65.695443, 18.32499 ], [ -65.691329, 18.324264 ], [ -65.689387, 18.323513 ], [ -65.686651, 18.322573 ], [ -65.684166, 18.323754 ], [ -65.684285, 18.324281 ], [ -65.684917, 18.328164 ], [ -65.68592, 18.329991 ], [ -65.682283, 18.333274 ], [ -65.681989, 18.33476 ], [ -65.680661, 18.336225 ], [ -65.680421, 18.338919 ], [ -65.67901, 18.339318 ], [ -65.677993, 18.342709 ], [ -65.679197, 18.343609 ], [ -65.679677, 18.345499 ], [ -65.679317, 18.346883 ], [ -65.677735, 18.348891 ], [ -65.675697, 18.352129 ], [ -65.675507, 18.35306 ], [ -65.675415, 18.353851 ], [ -65.674192, 18.354752 ], [ -65.672586, 18.358682 ], [ -65.670969, 18.359712 ], [ -65.669958423062198, 18.361885372971301 ], [ -65.667119, 18.361477 ], [ -65.656168830576306, 18.364609174815801 ], [ -65.653918, 18.365253 ], [ -65.651259, 18.370858 ], [ -65.647694, 18.375595 ], [ -65.645578971000702, 18.3770296455851 ], [ -65.643457, 18.378469 ], [ -65.639872, 18.37676 ], [ -65.640846339562003, 18.373087416079098 ], [ -65.640895, 18.372904 ], [ -65.638477, 18.369418 ], [ -65.633208, 18.369681 ], [ -65.627401, 18.376128 ], [ -65.627128729444607, 18.378426283805499 ], [ -65.626857, 18.38072 ], [ -65.625356, 18.383027 ], [ -65.623489, 18.383745 ], [ -65.62345, 18.386773 ], [ -65.6224, 18.38715 ], [ -65.621658, 18.38622 ], [ -65.620542, 18.38622 ], [ -65.61958, 18.387798 ], [ -65.618436, 18.387502 ], [ -65.617982, 18.384889 ], [ -65.615195, 18.383883 ], [ -65.61513, 18.381145 ], [ -65.617419, 18.379155 ], [ -65.617562, 18.373138 ], [ -65.618118, 18.370569 ], [ -65.620048, 18.366156 ], [ -65.624102053553003, 18.364945291398101 ], [ -65.624391, 18.364859 ], [ -65.624309516245106, 18.362160551207602 ], [ -65.624202, 18.3586 ], [ -65.628418, 18.353221 ], [ -65.635047593479996, 18.348592942499 ], [ -65.63596, 18.347956 ], [ -65.636009180905205, 18.346756350216999 ], [ -65.636016716126903, 18.3465725466233 ], [ -65.636095, 18.344663 ], [ -65.633714, 18.343457 ], [ -65.631801, 18.343614 ], [ -65.631169, 18.342414 ], [ -65.632636054518102, 18.3402831451486 ], [ -65.634062, 18.338212 ], [ -65.632284, 18.335409 ], [ -65.626765, 18.331728 ], [ -65.626982938551393, 18.3280871441996 ], [ -65.627088, 18.326332 ], [ -65.62842, 18.317485 ], [ -65.628125, 18.314642 ], [ -65.629151, 18.31118 ], [ -65.625872, 18.308549 ], [ -65.62654, 18.306846 ], [ -65.625333647346494, 18.303786242230601 ], [ -65.625289, 18.303673 ], [ -65.626318, 18.302518 ], [ -65.626137, 18.299536 ], [ -65.635796, 18.291564 ], [ -65.635858336243899, 18.291130693842401 ], [ -65.636246, 18.288436 ], [ -65.634820181401494, 18.283888020586598 ], [ -65.635414, 18.284626 ], [ -65.636365, 18.284576 ], [ -65.638199, 18.284512 ], [ -65.641316, 18.283187 ], [ -65.640793, 18.282563 ], [ -65.645968, 18.281628 ], [ -65.64909, 18.28289 ], [ -65.649956, 18.282325 ], [ -65.650909, 18.282845 ], [ -65.654073, 18.282676 ], [ -65.655409, 18.283657 ], [ -65.656523, 18.283662 ], [ -65.657334, 18.28469 ], [ -65.659499, 18.284694 ], [ -65.662538, 18.285736 ], [ -65.662458, 18.286562 ], [ -65.666438, 18.287897 ], [ -65.668229, 18.284847 ], [ -65.669737, 18.284182 ], [ -65.671192, 18.284512 ], [ -65.673147, 18.283595 ], [ -65.674925, 18.283366 ], [ -65.674752, 18.279724 ], [ -65.675735, 18.277884 ], [ -65.676748, 18.277917 ], [ -65.67926, 18.274586 ], [ -65.680985, 18.274859 ], [ -65.683216, 18.275691 ], [ -65.685021, 18.277554 ], [ -65.686317, 18.278136 ], [ -65.687023, 18.279275 ], [ -65.689921, 18.280941 ], [ -65.69072, 18.283123 ], [ -65.693291, 18.285053 ], [ -65.695013, 18.28568 ], [ -65.696612, 18.284599 ], [ -65.69725, 18.283452 ], [ -65.69871, 18.282479 ], [ -65.700193, 18.280007 ], [ -65.701481, 18.279699 ], [ -65.701499, 18.278479 ], [ -65.700309, 18.276732 ], [ -65.700802, 18.275562 ], [ -65.702372, 18.276126 ], [ -65.701662, 18.274363 ], [ -65.699892, 18.273079 ], [ -65.702853, 18.270856 ], [ -65.703937, 18.272461 ], [ -65.705787, 18.272575 ], [ -65.708931, 18.27041 ], [ -65.710679, 18.269869 ], [ -65.712166, 18.270455 ], [ -65.714423, 18.269652 ], [ -65.715397, 18.267854 ], [ -65.71751, 18.267744 ], [ -65.719081, 18.268941 ], [ -65.719614, 18.270518 ], [ -65.721188, 18.270234 ], [ -65.722773, 18.27099 ], [ -65.724121, 18.270926 ], [ -65.727948, 18.271668 ], [ -65.732684, 18.2749 ], [ -65.734854, 18.274886 ], [ -65.735659, 18.273762 ], [ -65.737739, 18.273881 ], [ -65.738287, 18.275064 ], [ -65.737798, 18.276931 ], [ -65.740477, 18.280081 ], [ -65.738596, 18.280765 ], [ -65.737204, 18.28271 ], [ -65.738482, 18.283114 ], [ -65.740663, 18.286787 ], [ -65.74196, 18.288085 ], [ -65.744001, 18.28874 ], [ -65.74547, 18.291189 ], [ -65.748644, 18.29278 ], [ -65.749216, 18.293838 ], [ -65.752748, 18.295111 ], [ -65.753591, 18.296755 ] ] ] ] } },
{ "type": "Feature", "properties": { "STATEFP": "72", "COUNTYFP": "069", "COUNTYNS": "01804515", "GEOIDFQ": "0500000US72069", "GEOID": "72069", "NAME": "Humacao", "NAMELSAD": "Humacao Municipio", "STUSPS": "PR", "STATE_NAME": "Puerto Rico", "LSAD": "13", "ALAND": 115821799.0, "AWATER": 69096343.0 }, "geometry": { "type": "MultiPolygon", "coordinates": [ [ [ [ -65.877615, 18.118167 ], [ -65.876851, 18.121637 ], [ -65.875611, 18.123918 ], [ -65.875703, 18.125369 ], [ -65.874374, 18.128318 ], [ -65.873373, 18.129046 ], [ -65.871593, 18.129926 ], [ -65.870974, 18.132148 ], [ -65.869535, 18.133668 ], [ -65.867491, 18.138131 ], [ -65.865432, 18.138292 ], [ -65.862703, 18.140644 ], [ -65.862821, 18.141445 ], [ -65.861627, 18.145319 ], [ -65.861757, 18.147023 ], [ -65.861799, 18.150504 ], [ -65.86171, 18.151357 ], [ -65.862091, 18.153308 ], [ -65.861627, 18.154409 ], [ -65.862038, 18.155939 ], [ -65.857892, 18.162961 ], [ -65.857029, 18.164683 ], [ -65.855595, 18.16728 ], [ -65.855239, 18.169153 ], [ -65.854982, 18.16974 ], [ -65.856599, 18.173771 ], [ -65.854598, 18.177065 ], [ -65.8505, 18.175796 ], [ -65.847071, 18.176526 ], [ -65.846571, 18.17793 ], [ -65.846169, 18.178159 ], [ -65.842248, 18.177114 ], [ -65.836614, 18.175296 ], [ -65.83528, 18.180033 ], [ -65.832723, 18.184306 ], [ -65.830202, 18.185253 ], [ -65.82804, 18.187202 ], [ -65.827743, 18.187885 ], [ -65.825721, 18.192406 ], [ -65.826063, 18.200408 ], [ -65.82413, 18.200726 ], [ -65.82329, 18.202811 ], [ -65.819979, 18.204411 ], [ -65.819451, 18.205594 ], [ -65.817597, 18.205863 ], [ -65.816785, 18.205006 ], [ -65.812391, 18.204508 ], [ -65.80713, 18.205384 ], [ -65.804754, 18.20408 ], [ -65.803264, 18.204084 ], [ -65.799857, 18.2026 ], [ -65.798868, 18.204155 ], [ -65.797455, 18.203644 ], [ -65.795559, 18.205715 ], [ -65.79331, 18.206532 ], [ -65.792477, 18.206759 ], [ -65.79121, 18.204326 ], [ -65.786924, 18.203715 ], [ -65.785739, 18.204085 ], [ -65.783334, 18.202813 ], [ -65.781561, 18.201289 ], [ -65.779838, 18.201164 ], [ -65.777058, 18.199616 ], [ -65.774354, 18.199539 ], [ -65.771946, 18.198449 ], [ -65.768793, 18.197995 ], [ -65.766622, 18.198595 ], [ -65.766037, 18.198557 ], [ -65.762727, 18.196458 ], [ -65.760504, 18.195581 ], [ -65.762505, 18.190014 ], [ -65.766046, 18.182096 ], [ -65.754526, 18.177319 ], [ -65.751282, 18.176322 ], [ -65.749876, 18.177186 ], [ -65.749334, 18.178269 ], [ -65.747103, 18.180725 ], [ -65.743634, 18.181244 ], [ -65.741408, 18.182332 ], [ -65.740495, 18.182025 ], [ -65.740251, 18.181241 ], [ -65.741152, 18.177466 ], [ -65.740432, 18.176571 ], [ -65.739162357161604, 18.173545744476598 ], [ -65.739534, 18.172769 ], [ -65.741069275682605, 18.168854116103599 ], [ -65.742867, 18.16427 ], [ -65.755974, 18.158441 ], [ -65.757160413426305, 18.157507870361702 ], [ -65.761876, 18.153799 ], [ -65.763865478817806, 18.1519984638709 ], [ -65.764959912550395, 18.151007969547202 ], [ -65.766867, 18.149282 ], [ -65.767818, 18.146797 ], [ -65.767731509744806, 18.146440849384 ], [ -65.767598756914197, 18.145894198177 ], [ -65.767105, 18.143861 ], [ -65.7703067318443, 18.1402102174061 ], [ -65.77067, 18.139796 ], [ -65.774590612279397, 18.1345452737058 ], [ -65.775899, 18.132793 ], [ -65.779227, 18.125791 ], [ -65.780653, 18.120596 ], [ -65.780491440168404, 18.1200586564171 ], [ -65.7804193698055, 18.1198189523606 ], [ -65.779702, 18.117433 ], [ -65.779176101654002, 18.1168220334784 ], [ -65.777563, 18.114948 ], [ -65.779464, 18.113141 ], [ -65.782316, 18.110882 ], [ -65.784798506265005, 18.107875795804201 ], [ -65.785383, 18.107168 ], [ -65.788219, 18.102173 ], [ -65.789505172645804, 18.098213483098601 ], [ -65.789658, 18.097743 ], [ -65.789922, 18.094164 ], [ -65.788021, 18.091679 ], [ -65.789209, 18.090098 ], [ -65.792774, 18.089646 ], [ -65.795151, 18.087161 ], [ -65.796833, 18.083745 ], [ -65.796446113788306, 18.081460566405301 ], [ -65.79634, 18.080834 ], [ -65.796705, 18.079533 ], [ -65.798207080072899, 18.079476796341599 ], [ -65.798576405769495, 18.079462977201299 ], [ -65.799557416752094, 18.079426270498999 ], [ -65.799725, 18.07942 ], [ -65.800166, 18.077892 ], [ -65.79536, 18.073636 ], [ -65.797428, 18.070506 ], [ -65.797237622865396, 18.0697468131339 ], [ -65.800324, 18.069489 ], [ -65.802998, 18.071186 ], [ -65.804545, 18.070702 ], [ -65.805257, 18.070962 ], [ -65.805575, 18.071255 ], [ -65.806264, 18.071237 ], [ -65.806528, 18.071004 ], [ -65.807167, 18.070938 ], [ -65.807987, 18.07112 ], [ -65.808626, 18.071365 ], [ -65.808848, 18.07157 ], [ -65.809081, 18.072033 ], [ -65.809043, 18.072869 ], [ -65.810424, 18.074315 ], [ -65.811994, 18.077741 ], [ -65.814026, 18.080379 ], [ -65.813981, 18.080891 ], [ -65.814207, 18.081777 ], [ -65.81801, 18.082619 ], [ -65.818463, 18.08062 ], [ -65.821565, 18.081495 ], [ -65.822272, 18.083503 ], [ -65.825336, 18.083515 ], [ -65.829242, 18.084713 ], [ -65.830481, 18.089098 ], [ -65.832933, 18.090199 ], [ -65.836078, 18.091083 ], [ -65.83799, 18.090079 ], [ -65.84038, 18.091069 ], [ -65.840175, 18.092869 ], [ -65.8409, 18.09426 ], [ -65.841095, 18.095034 ], [ -65.842279, 18.096215 ], [ -65.843025, 18.097305 ], [ -65.84498, 18.097564 ], [ -65.848051, 18.099164 ], [ -65.847354, 18.10071 ], [ -65.847949, 18.102549 ], [ -65.845636, 18.106176 ], [ -65.843408, 18.107301 ], [ -65.842986, 18.109792 ], [ -65.841703, 18.110147 ], [ -65.842093, 18.110676 ], [ -65.842253, 18.11191 ], [ -65.846003, 18.112421 ], [ -65.846125, 18.113997 ], [ -65.844983, 18.115105 ], [ -65.848117, 18.117488 ], [ -65.851133, 18.118337 ], [ -65.855851, 18.117433 ], [ -65.857113, 18.115378 ], [ -65.860322, 18.115594 ], [ -65.86089, 18.113634 ], [ -65.863681, 18.111597 ], [ -65.863214, 18.109271 ], [ -65.865523, 18.108133 ], [ -65.866086, 18.108592 ], [ -65.870211, 18.108426 ], [ -65.871466, 18.109638 ], [ -65.871011, 18.113033 ], [ -65.874611, 18.114939 ], [ -65.877339, 18.115689 ], [ -65.877615, 18.118167 ] ] ] ] } },
{ "type": "Feature", "properties": { "STATEFP": "72", "COUNTYFP": "123", "COUNTYNS": "01804542", "GEOIDFQ": "0500000US72123", "GEOID": "72123", "NAME": "Salinas", "NAMELSAD": "Salinas Municipio", "STUSPS": "PR", "STATE_NAME": "Puerto Rico", "LSAD": "13", "ALAND": 179755401.0, "AWATER": 115816412.0 }, "geometry": { "type": "MultiPolygon", "coordinates": [ [ [ [ -66.342573, 17.993662 ], [ -66.340531, 17.995671 ], [ -66.339518, 17.996382 ], [ -66.338528, 17.998541 ], [ -66.337863, 18.002184 ], [ -66.335674, 18.004827 ], [ -66.334818, 18.006079 ], [ -66.335064, 18.00879 ], [ -66.331795, 18.01262 ], [ -66.331413, 18.014057 ], [ -66.331244, 18.015891 ], [ -66.330136, 18.016882 ], [ -66.328981, 18.015501 ], [ -66.3289, 18.017143 ], [ -66.33051, 18.019363 ], [ -66.328484, 18.019538 ], [ -66.325605, 18.018473 ], [ -66.323432, 18.020854 ], [ -66.321687, 18.024521 ], [ -66.319502, 18.027738 ], [ -66.318884, 18.029748 ], [ -66.31644, 18.0301 ], [ -66.315171, 18.0297 ], [ -66.314165, 18.031462 ], [ -66.312268, 18.033501 ], [ -66.312814, 18.034632 ], [ -66.31426, 18.03515 ], [ -66.31196, 18.039244 ], [ -66.313048, 18.044412 ], [ -66.309653, 18.047719 ], [ -66.308075, 18.048107 ], [ -66.303644, 18.050522 ], [ -66.303123, 18.051595 ], [ -66.301064, 18.053273 ], [ -66.299965, 18.054873 ], [ -66.29891, 18.055179 ], [ -66.297944, 18.056942 ], [ -66.297523, 18.057187 ], [ -66.295813, 18.056785 ], [ -66.292328, 18.056761 ], [ -66.284812, 18.059722 ], [ -66.283109, 18.062947 ], [ -66.281281, 18.064816 ], [ -66.279977, 18.068242 ], [ -66.279382, 18.068916 ], [ -66.276166, 18.069455 ], [ -66.270405, 18.069016 ], [ -66.267753, 18.06954 ], [ -66.263463, 18.072176 ], [ -66.259569, 18.073568 ], [ -66.257527, 18.075884 ], [ -66.246275, 18.076787 ], [ -66.244513, 18.076945 ], [ -66.242976, 18.077122 ], [ -66.242238, 18.077148 ], [ -66.24289, 18.079405 ], [ -66.242388, 18.080718 ], [ -66.2409, 18.081894 ], [ -66.239785, 18.084691 ], [ -66.240053, 18.093186 ], [ -66.237466, 18.093438 ], [ -66.234899, 18.094213 ], [ -66.234033, 18.095187 ], [ -66.231837, 18.095769 ], [ -66.229539, 18.09537 ], [ -66.22449, 18.095339 ], [ -66.218404, 18.092607 ], [ -66.216629, 18.08925 ], [ -66.215318, 18.085718 ], [ -66.215832, 18.079655 ], [ -66.211966, 18.074944 ], [ -66.211668, 18.074525 ], [ -66.208561, 18.07078 ], [ -66.207866, 18.06968 ], [ -66.206068, 18.067653 ], [ -66.202836, 18.068079 ], [ -66.201753, 18.067639 ], [ -66.201003, 18.064565 ], [ -66.201487, 18.062084 ], [ -66.201487, 18.058057 ], [ -66.202019, 18.056823 ], [ -66.2047, 18.054997 ], [ -66.205004, 18.050924 ], [ -66.202968, 18.04853 ], [ -66.202681, 18.047269 ], [ -66.202349, 18.046361 ], [ -66.202038, 18.046113 ], [ -66.201021, 18.046705 ], [ -66.200293, 18.046994 ], [ -66.199089, 18.047246 ], [ -66.198857, 18.04755 ], [ -66.198786, 18.047636 ], [ -66.197083, 18.048828 ], [ -66.188139, 18.050402 ], [ -66.186794, 18.050151 ], [ -66.183719, 18.050754 ], [ -66.177977, 18.053494 ], [ -66.173325, 18.053289 ], [ -66.171932, 18.053846 ], [ -66.17035, 18.051419 ], [ -66.167514, 18.0517 ], [ -66.166145, 18.050063 ], [ -66.171631, 18.039498 ], [ -66.17482, 18.032906 ], [ -66.177026, 18.032547 ], [ -66.177476, 18.03234 ], [ -66.178015, 18.031939 ], [ -66.180926, 18.028826 ], [ -66.179952, 18.02574 ], [ -66.182281, 18.024539 ], [ -66.184025, 18.025486 ], [ -66.189063, 18.024202 ], [ -66.190163, 18.021918 ], [ -66.19126, 18.021988 ], [ -66.192509, 18.020322 ], [ -66.195386, 18.019707 ], [ -66.196611, 18.020562 ], [ -66.198426, 18.019312 ], [ -66.200349, 18.018947 ], [ -66.201524, 18.017987 ], [ -66.201578, 18.016828 ], [ -66.203006, 18.015657 ], [ -66.203621, 18.013041 ], [ -66.205592, 18.01298 ], [ -66.205656, 18.011875 ], [ -66.205657, 18.011709 ], [ -66.205805, 17.989008 ], [ -66.205886, 17.982648 ], [ -66.206095, 17.969451 ], [ -66.206210091679296, 17.962887455395499 ], [ -66.206667, 17.963151 ], [ -66.212402374185501, 17.959540063651701 ], [ -66.215300002982104, 17.957715744469098 ], [ -66.220939326527798, 17.954165280678499 ], [ -66.223606041885304, 17.952486342373302 ], [ -66.226396904502494, 17.950729242148999 ], [ -66.227136361274106, 17.950263687287499 ], [ -66.233081, 17.946521 ], [ -66.242600204772003, 17.941008664201899 ], [ -66.243418721748995, 17.940534681286199 ], [ -66.246252, 17.938894 ], [ -66.252425276727095, 17.9377894676444 ], [ -66.252820072215201, 17.937718830216401 ], [ -66.257676, 17.93685 ], [ -66.263078160649997, 17.943090692874101 ], [ -66.264331, 17.944538 ], [ -66.272174, 17.947251 ], [ -66.278116, 17.948156 ], [ -66.282449, 17.946848 ], [ -66.288297, 17.94264 ], [ -66.290649, 17.946085 ], [ -66.289313, 17.952065 ], [ -66.289509345533602, 17.953728380087 ], [ -66.289559773016293, 17.954155586496601 ], [ -66.289823501932403, 17.956389818257399 ], [ -66.290148679826004, 17.9591446272048 ], [ -66.29032, 17.960596 ], [ -66.290724337919301, 17.9609713709382 ], [ -66.292380138069504, 17.9625085486953 ], [ -66.292679, 17.962786 ], [ -66.294667, 17.962824 ], [ -66.295535914728404, 17.9617310608702 ], [ -66.295594, 17.961658 ], [ -66.294363, 17.959655 ], [ -66.294716, 17.958841 ], [ -66.295125061461306, 17.9587982775084 ], [ -66.295205542607803, 17.9587898720353 ], [ -66.295723919317993, 17.958735732629101 ], [ -66.296315, 17.958674 ], [ -66.301098282984, 17.962344320134601 ], [ -66.304296, 17.964798 ], [ -66.308178, 17.96651 ], [ -66.312326, 17.968258 ], [ -66.312866280005494, 17.968791211747 ], [ -66.313449749599599, 17.9693670480512 ], [ -66.313549, 17.969465 ], [ -66.314829, 17.971847 ], [ -66.316047765112998, 17.974840522769899 ], [ -66.316815, 17.976725 ], [ -66.320661, 17.978452 ], [ -66.321511125827797, 17.978452 ], [ -66.329931, 17.978452 ], [ -66.337774, 17.976644 ], [ -66.3381465272209, 17.976431384800598 ], [ -66.337988, 17.978604 ], [ -66.34007, 17.982001 ], [ -66.339792, 17.983213 ], [ -66.337534, 17.983511 ], [ -66.339279, 17.984694 ], [ -66.341192, 17.984988 ], [ -66.342226, 17.988446 ], [ -66.342132, 17.991515 ], [ -66.342573, 17.993662 ] ] ] ] } },
{ "type": "Feature", "properties": { "STATEFP": "72", "COUNTYFP": "059", "COUNTYNS": "01804510", "GEOIDFQ": "0500000US72059", "GEOID": "72059", "NAME": "Guayanilla", "NAMELSAD": "Guayanilla Municipio", "STUSPS": "PR", "STATE_NAME": "Puerto Rico", "LSAD": "13", "ALAND": 109480895.0, "AWATER": 56910875.0 }, "geometry": { "type": "MultiPolygon", "coordinates": [ [ [ [ -66.852489407321301, 17.9548622804848 ], [ -66.836682, 17.965971 ], [ -66.835429, 17.986323 ], [ -66.835282, 17.988274 ], [ -66.833718, 17.989763 ], [ -66.830247, 17.991285 ], [ -66.831423, 17.997046 ], [ -66.830305, 17.999432 ], [ -66.828506, 17.999003 ], [ -66.825979, 17.999698 ], [ -66.825847, 18.003427 ], [ -66.827234, 18.005803 ], [ -66.826499, 18.006624 ], [ -66.826931, 18.008351 ], [ -66.828666, 18.00901 ], [ -66.829491, 18.008418 ], [ -66.830929, 18.009926 ], [ -66.830206, 18.011563 ], [ -66.828811, 18.01226 ], [ -66.82988, 18.014671 ], [ -66.830158, 18.017935 ], [ -66.829663, 18.018709 ], [ -66.82458, 18.020457 ], [ -66.823839, 18.02119 ], [ -66.821777, 18.021104 ], [ -66.820722, 18.025178 ], [ -66.818062, 18.029528 ], [ -66.819159, 18.031103 ], [ -66.821496, 18.032694 ], [ -66.821488, 18.035499 ], [ -66.821925, 18.036817 ], [ -66.823742, 18.038952 ], [ -66.824956, 18.042217 ], [ -66.824149, 18.043591 ], [ -66.824395, 18.046609 ], [ -66.823994, 18.047706 ], [ -66.819317, 18.055106 ], [ -66.818608, 18.056456 ], [ -66.818993, 18.059769 ], [ -66.818541, 18.063296 ], [ -66.816614, 18.070727 ], [ -66.815813, 18.071444 ], [ -66.81522, 18.07288 ], [ -66.813604, 18.075113 ], [ -66.809201, 18.081226 ], [ -66.808595, 18.082034 ], [ -66.80221, 18.090992 ], [ -66.805259, 18.094035 ], [ -66.806715, 18.096877 ], [ -66.805176, 18.101027 ], [ -66.805879, 18.103902 ], [ -66.808987, 18.105516 ], [ -66.810131, 18.108158 ], [ -66.810013, 18.108313 ], [ -66.808752, 18.109412 ], [ -66.81041, 18.110949 ], [ -66.810704, 18.113085 ], [ -66.809443, 18.114303 ], [ -66.807227, 18.114936 ], [ -66.806796, 18.115751 ], [ -66.803189, 18.116976 ], [ -66.802113, 18.118854 ], [ -66.800081, 18.120393 ], [ -66.796268, 18.121461 ], [ -66.796181, 18.122297 ], [ -66.796698, 18.123015 ], [ -66.797391, 18.127799 ], [ -66.798973, 18.13122 ], [ -66.798936, 18.132741 ], [ -66.797557, 18.133445 ], [ -66.796604, 18.133046 ], [ -66.79467, 18.13417 ], [ -66.793637, 18.13338 ], [ -66.792046, 18.134685 ], [ -66.789359, 18.134369 ], [ -66.788544, 18.134404 ], [ -66.786711, 18.136803 ], [ -66.7844, 18.138652 ], [ -66.783992, 18.138622 ], [ -66.782321, 18.136463 ], [ -66.780771, 18.135948 ], [ -66.775875, 18.133789 ], [ -66.774912, 18.132884 ], [ -66.773769, 18.133899 ], [ -66.771375, 18.133961 ], [ -66.769049, 18.134983 ], [ -66.769155, 18.13101 ], [ -66.767956, 18.129194 ], [ -66.76875, 18.127607 ], [ -66.765092, 18.122595 ], [ -66.764269, 18.119546 ], [ -66.764041, 18.116747 ], [ -66.761843, 18.11399 ], [ -66.760966, 18.111611 ], [ -66.762821, 18.1106 ], [ -66.764923, 18.107263 ], [ -66.765905, 18.106632 ], [ -66.764983, 18.101441 ], [ -66.765812, 18.098733 ], [ -66.766514, 18.097391 ], [ -66.76715, 18.096632 ], [ -66.767604, 18.093937 ], [ -66.767787, 18.093164 ], [ -66.76969, 18.087833 ], [ -66.769155, 18.085213 ], [ -66.766795, 18.083551 ], [ -66.765884, 18.082197 ], [ -66.766215, 18.080564 ], [ -66.765919, 18.077994 ], [ -66.766998, 18.07743 ], [ -66.766327, 18.076421 ], [ -66.766538, 18.074705 ], [ -66.767925, 18.073613 ], [ -66.76891, 18.070603 ], [ -66.768119, 18.068561 ], [ -66.768364, 18.067428 ], [ -66.767376, 18.066216 ], [ -66.767405, 18.064248 ], [ -66.76671, 18.062903 ], [ -66.768788, 18.060775 ], [ -66.769504, 18.059069 ], [ -66.768423, 18.057241 ], [ -66.768753, 18.056077 ], [ -66.766482, 18.052079 ], [ -66.766425, 18.050354 ], [ -66.768072, 18.049159 ], [ -66.767956, 18.045853 ], [ -66.767045, 18.044811 ], [ -66.766097, 18.039857 ], [ -66.765131, 18.03898 ], [ -66.764437, 18.041386 ], [ -66.763166, 18.044301 ], [ -66.762964, 18.046997 ], [ -66.761492, 18.047862 ], [ -66.75945, 18.051888 ], [ -66.757424, 18.053548 ], [ -66.756707, 18.055306 ], [ -66.75564, 18.056235 ], [ -66.754786, 18.053561 ], [ -66.753962, 18.052551 ], [ -66.754123, 18.050991 ], [ -66.753517, 18.049552 ], [ -66.752351, 18.049468 ], [ -66.75156, 18.048305 ], [ -66.748819, 18.046068 ], [ -66.746599, 18.044764 ], [ -66.743652, 18.04587 ], [ -66.740295, 18.044878 ], [ -66.738798, 18.047449 ], [ -66.738173, 18.044853 ], [ -66.736335, 18.043507 ], [ -66.73629, 18.042404 ], [ -66.738423, 18.041091 ], [ -66.739186, 18.03954 ], [ -66.738287, 18.036803 ], [ -66.739897, 18.035268 ], [ -66.741037, 18.033077 ], [ -66.74172, 18.030531 ], [ -66.739897, 18.029098 ], [ -66.737218, 18.02466 ], [ -66.735943, 18.023424 ], [ -66.736121, 18.022515 ], [ -66.734223, 18.020529 ], [ -66.732995, 18.017494 ], [ -66.734528, 18.014304 ], [ -66.73765, 18.013354 ], [ -66.739833, 18.014235 ], [ -66.741884, 18.013566 ], [ -66.748822, 18.010752 ], [ -66.751373, 18.006582 ], [ -66.751264, 18.005503 ], [ -66.752053, 18.001915 ], [ -66.754232, 17.999244 ], [ -66.7546116441534, 17.999024691380999 ], [ -66.755295, 18.001025 ], [ -66.762457, 18.000061 ], [ -66.762923985069406, 18.001528398089 ], [ -66.763188048905107, 18.002358160737 ], [ -66.764250908301193, 18.005697963118099 ], [ -66.764439, 18.006289 ], [ -66.767464, 18.006869 ], [ -66.772082, 18.005062 ], [ -66.77451, 18.002352 ], [ -66.777373, 18.00158 ], [ -66.782466, 17.998631 ], [ -66.784874, 17.995729 ], [ -66.788015, 17.99551 ], [ -66.790245, 17.993074 ], [ -66.795213, 17.993689 ], [ -66.797552, 17.995208 ], [ -66.797727475820196, 17.994994188434202 ], [ -66.799653, 17.992648 ], [ -66.798029194068306, 17.9880905427258 ], [ -66.797188993967694, 17.985732393894299 ], [ -66.796586, 17.98404 ], [ -66.798474, 17.982011 ], [ -66.798826497445702, 17.982155882024401 ], [ -66.800796, 17.982965378718799 ], [ -66.805936, 17.985078 ], [ -66.807925, 17.980012 ], [ -66.807509, 17.977332 ], [ -66.805745, 17.97507 ], [ -66.802053, 17.97651 ], [ -66.792468, 17.977633 ], [ -66.787274, 17.984832 ], [ -66.785216, 17.985938 ], [ -66.783661, 17.98546 ], [ -66.783654, 17.979898 ], [ -66.78624, 17.975875 ], [ -66.787271, 17.972727 ], [ -66.79279, 17.969713 ], [ -66.79689, 17.96948 ], [ -66.802049, 17.967475 ], [ -66.807429, 17.966018 ], [ -66.810474, 17.963829 ], [ -66.814322, 17.960365 ], [ -66.817138, 17.959313 ], [ -66.819189, 17.955834 ], [ -66.821826, 17.95637 ], [ -66.823654, 17.955147 ], [ -66.825337, 17.955418 ], [ -66.828884, 17.953792 ], [ -66.836074, 17.950598 ], [ -66.840601, 17.949988 ], [ -66.843996, 17.950919 ], [ -66.846216, 17.953131 ], [ -66.848944, 17.952759 ], [ -66.850151, 17.953878 ], [ -66.851799, 17.954028 ], [ -66.852489407321301, 17.9548622804848 ] ] ] ] } },
{ "type": "Feature", "properties": { "STATEFP": "72", "COUNTYFP": "061", "COUNTYNS": "01804511", "GEOIDFQ": "0500000US72061", "GEOID": "72061", "NAME": "Guaynabo", "NAMELSAD": "Guaynabo Municipio", "STUSPS": "PR", "STATE_NAME": "Puerto Rico", "LSAD": "13", "ALAND": 71444635.0, "AWATER": 468302.0 }, "geometry": { "type": "MultiPolygon", "coordinates": [ [ [ [ -66.144114, 18.283369 ], [ -66.140339, 18.285176 ], [ -66.140546, 18.287469 ], [ -66.141471, 18.289992 ], [ -66.140842, 18.292601 ], [ -66.14084, 18.294706 ], [ -66.139031, 18.295127 ], [ -66.138171, 18.297732 ], [ -66.137987, 18.298411 ], [ -66.138377, 18.299608 ], [ -66.140209, 18.300577 ], [ -66.141184, 18.301347 ], [ -66.140814, 18.305539 ], [ -66.139967, 18.3078 ], [ -66.14136, 18.308635 ], [ -66.140961, 18.311364 ], [ -66.137326, 18.311693 ], [ -66.132696, 18.312732 ], [ -66.132352, 18.313568 ], [ -66.134468, 18.314173 ], [ -66.139201, 18.317642 ], [ -66.140478, 18.31933 ], [ -66.141361, 18.320445 ], [ -66.141572, 18.32441 ], [ -66.140591, 18.326636 ], [ -66.141474, 18.32915 ], [ -66.139382, 18.331687 ], [ -66.138755, 18.332497 ], [ -66.136469, 18.333524 ], [ -66.133764, 18.334733 ], [ -66.133538, 18.33555 ], [ -66.135958, 18.336211 ], [ -66.136121, 18.337234 ], [ -66.134722, 18.34131 ], [ -66.13766, 18.341834 ], [ -66.137833, 18.34321 ], [ -66.136208, 18.34493 ], [ -66.135829, 18.347846 ], [ -66.136241, 18.350048 ], [ -66.139399, 18.355585 ], [ -66.14193, 18.357594 ], [ -66.141915, 18.358397 ], [ -66.14178, 18.361204 ], [ -66.140761, 18.363153 ], [ -66.139238, 18.361831 ], [ -66.138493, 18.362239 ], [ -66.137854, 18.364569 ], [ -66.137727, 18.367587 ], [ -66.137995, 18.372306 ], [ -66.137192, 18.373705 ], [ -66.134949, 18.37308 ], [ -66.134518, 18.374579 ], [ -66.137444, 18.377397 ], [ -66.137428, 18.379534 ], [ -66.136908, 18.380546 ], [ -66.135185, 18.382701 ], [ -66.135008, 18.382694 ], [ -66.134437, 18.381999 ], [ -66.131178, 18.380506 ], [ -66.127461, 18.378472 ], [ -66.12461, 18.376914 ], [ -66.122165, 18.376288 ], [ -66.121319, 18.37809 ], [ -66.11836, 18.379254 ], [ -66.1195, 18.381976 ], [ -66.121235, 18.384748 ], [ -66.123738, 18.38954 ], [ -66.12461, 18.39203 ], [ -66.125252, 18.393376 ], [ -66.125811, 18.394609 ], [ -66.126412, 18.39593 ], [ -66.124067, 18.3991 ], [ -66.125226, 18.401589 ], [ -66.126613, 18.401093 ], [ -66.127864, 18.403117 ], [ -66.126993, 18.404262 ], [ -66.124917, 18.405926 ], [ -66.124181, 18.409641 ], [ -66.121607, 18.413821 ], [ -66.121584, 18.413869 ], [ -66.121567, 18.413904 ], [ -66.121526, 18.413977 ], [ -66.121486, 18.414049 ], [ -66.121725, 18.41446 ], [ -66.121849, 18.415327 ], [ -66.125089, 18.418567 ], [ -66.127405, 18.419402 ], [ -66.129442, 18.420625 ], [ -66.132273, 18.420475 ], [ -66.13158, 18.424656 ], [ -66.13121, 18.425044 ], [ -66.123183, 18.432999 ], [ -66.122209, 18.434071 ], [ -66.120478, 18.435768 ], [ -66.118724, 18.437391 ], [ -66.117172, 18.438765 ], [ -66.116133, 18.439628 ], [ -66.115989, 18.439731 ], [ -66.114351, 18.440542 ], [ -66.112558030725793, 18.440152359321701 ], [ -66.112858, 18.439601 ], [ -66.110361, 18.436846 ], [ -66.110885, 18.428481 ], [ -66.107757, 18.427517 ], [ -66.107547, 18.427258 ], [ -66.106881, 18.426886 ], [ -66.104223, 18.42416 ], [ -66.099409, 18.419351 ], [ -66.098682, 18.417975 ], [ -66.097865, 18.416424 ], [ -66.099687, 18.414025 ], [ -66.099813, 18.412005 ], [ -66.099228, 18.411015 ], [ -66.097995, 18.410071 ], [ -66.096817, 18.408646 ], [ -66.094981, 18.40582 ], [ -66.095164, 18.403031 ], [ -66.096236, 18.401 ], [ -66.09768, 18.40075 ], [ -66.098577, 18.401105 ], [ -66.100617, 18.401912 ], [ -66.102402, 18.402122 ], [ -66.10489, 18.401923 ], [ -66.105964, 18.401969 ], [ -66.106371, 18.401921 ], [ -66.108491, 18.398876 ], [ -66.108615, 18.398756 ], [ -66.107865, 18.396761 ], [ -66.107884, 18.38826 ], [ -66.107468, 18.386799 ], [ -66.105872, 18.386577 ], [ -66.104761, 18.384161 ], [ -66.106303, 18.382581 ], [ -66.10621, 18.382529 ], [ -66.102217, 18.379662 ], [ -66.100862, 18.379817 ], [ -66.100016, 18.379908 ], [ -66.097945, 18.37924 ], [ -66.095207, 18.377877 ], [ -66.094606, 18.377051 ], [ -66.09415, 18.376398 ], [ -66.092427, 18.37562 ], [ -66.091081, 18.375286 ], [ -66.090329, 18.374734 ], [ -66.092437, 18.372265 ], [ -66.092331, 18.369406 ], [ -66.091356, 18.368782 ], [ -66.090839, 18.367968 ], [ -66.089948, 18.366204 ], [ -66.089994, 18.366062 ], [ -66.091874, 18.36377 ], [ -66.091813, 18.361155 ], [ -66.090559, 18.361246 ], [ -66.089516, 18.359486 ], [ -66.08944, 18.359307 ], [ -66.088351, 18.35714 ], [ -66.089786, 18.356162 ], [ -66.092368, 18.356634 ], [ -66.094367, 18.354988 ], [ -66.096485, 18.354723 ], [ -66.097944, 18.355769 ], [ -66.096318, 18.353567 ], [ -66.098239, 18.350844 ], [ -66.098203, 18.349637 ], [ -66.097669, 18.349514 ], [ -66.098057, 18.344875 ], [ -66.099667, 18.342625 ], [ -66.097841, 18.340544 ], [ -66.095872, 18.339777 ], [ -66.096306, 18.337867 ], [ -66.095199, 18.339496 ], [ -66.094931, 18.337611 ], [ -66.092586, 18.337645 ], [ -66.089805, 18.335245 ], [ -66.087582, 18.334611 ], [ -66.08676, 18.333045 ], [ -66.088458, 18.330137 ], [ -66.087387, 18.328275 ], [ -66.088683, 18.323666 ], [ -66.088854, 18.322055 ], [ -66.087639, 18.321195 ], [ -66.088537, 18.3198 ], [ -66.087853, 18.317683 ], [ -66.086719, 18.317717 ], [ -66.085089, 18.316316 ], [ -66.084492, 18.314306 ], [ -66.084711, 18.312592 ], [ -66.083037, 18.310321 ], [ -66.082397, 18.306788 ], [ -66.083235, 18.305083 ], [ -66.085536, 18.303617 ], [ -66.085147, 18.300507 ], [ -66.082177, 18.300109 ], [ -66.080475, 18.297295 ], [ -66.084163, 18.294916 ], [ -66.080428, 18.294525 ], [ -66.080974, 18.292337 ], [ -66.082063, 18.291911 ], [ -66.082016, 18.290254 ], [ -66.086224, 18.288718 ], [ -66.08675, 18.288053 ], [ -66.085732, 18.286278 ], [ -66.086465, 18.285094 ], [ -66.090158, 18.2841 ], [ -66.09151, 18.282709 ], [ -66.09527, 18.282727 ], [ -66.09598, 18.283816 ], [ -66.098809, 18.282054 ], [ -66.099751, 18.281541 ], [ -66.108191, 18.277768 ], [ -66.108564, 18.277867 ], [ -66.111712, 18.279513 ], [ -66.116119, 18.279863 ], [ -66.121669, 18.281379 ], [ -66.135351, 18.279644 ], [ -66.13696, 18.278745 ], [ -66.139138, 18.278892 ], [ -66.140739, 18.279571 ], [ -66.141456, 18.277714 ], [ -66.143861, 18.27959 ], [ -66.141705, 18.282231 ], [ -66.143529, 18.282562 ], [ -66.144114, 18.283369 ] ] ] ] } },
{ "type": "Feature", "properties": { "STATEFP": "72", "COUNTYFP": "131", "COUNTYNS": "01804546", "GEOIDFQ": "0500000US72131", "GEOID": "72131", "NAME": "San Sebastián", "NAMELSAD": "San Sebastián Municipio", "STUSPS": "PR", "STATE_NAME": "Puerto Rico", "LSAD": "13", "ALAND": 182394907.0, "AWATER": 2060665.0 }, "geometry": { "type": "MultiPolygon", "coordinates": [ [ [ [ -67.045786, 18.3148 ], [ -67.044285, 18.316588 ], [ -67.042724, 18.320404 ], [ -67.041366, 18.321255 ], [ -67.041309, 18.323828 ], [ -67.037184, 18.326319 ], [ -67.036621, 18.328632 ], [ -67.035934, 18.329559 ], [ -67.036519, 18.331656 ], [ -67.037131, 18.33173 ], [ -67.036683, 18.333382 ], [ -67.040412, 18.33491 ], [ -67.039648, 18.337333 ], [ -67.040099, 18.338687 ], [ -67.041219, 18.338665 ], [ -67.041416, 18.340211 ], [ -67.043328, 18.342052 ], [ -67.043183, 18.343584 ], [ -67.044706, 18.346035 ], [ -67.045384, 18.348871 ], [ -67.04361, 18.349422 ], [ -67.045157, 18.350698 ], [ -67.04746, 18.347796 ], [ -67.049315, 18.347339 ], [ -67.050093, 18.349032 ], [ -67.048243, 18.348661 ], [ -67.047405, 18.350859 ], [ -67.047925, 18.353107 ], [ -67.047079, 18.35391 ], [ -67.044503, 18.353786 ], [ -67.044377, 18.35497 ], [ -67.043566, 18.354272 ], [ -67.042696, 18.356089 ], [ -67.042023, 18.355805 ], [ -67.04233, 18.357104 ], [ -67.041754, 18.358636 ], [ -67.040657, 18.359242 ], [ -67.041377, 18.359972 ], [ -67.041377, 18.362321 ], [ -67.040149, 18.364201 ], [ -67.039315, 18.365868 ], [ -67.038979, 18.366919 ], [ -67.040217, 18.368723 ], [ -67.038838, 18.370632 ], [ -67.039338, 18.371981 ], [ -67.037396, 18.376485 ], [ -67.037745, 18.377752 ], [ -67.037467, 18.377682 ], [ -67.036699, 18.379058 ], [ -67.037212, 18.38095 ], [ -67.034295, 18.38133 ], [ -67.032596, 18.386181 ], [ -67.03012, 18.387323 ], [ -67.029111, 18.388738 ], [ -67.029183, 18.389427 ], [ -67.027173, 18.393376 ], [ -67.02638, 18.392052 ], [ -67.025045, 18.392063 ], [ -67.021823, 18.393532 ], [ -67.02059, 18.394796 ], [ -67.019893, 18.394256 ], [ -67.017604, 18.394854 ], [ -67.013834, 18.395127 ], [ -67.013014, 18.394366 ], [ -67.010478, 18.394441 ], [ -67.009142, 18.395125 ], [ -67.00845, 18.394254 ], [ -67.006054, 18.394228 ], [ -67.001881, 18.392898 ], [ -66.999623, 18.390477 ], [ -66.997654, 18.391133 ], [ -66.996021, 18.388828 ], [ -66.993662, 18.388704 ], [ -66.989352, 18.388146 ], [ -66.984292, 18.385105 ], [ -66.981089, 18.385053 ], [ -66.979091, 18.386364 ], [ -66.973999, 18.386302 ], [ -66.972876, 18.38628 ], [ -66.970571, 18.385884 ], [ -66.9699, 18.385568 ], [ -66.962947, 18.384174 ], [ -66.959419, 18.382255 ], [ -66.957106, 18.382036 ], [ -66.954969, 18.380349 ], [ -66.952242, 18.379536 ], [ -66.95087, 18.379642 ], [ -66.949185, 18.377198 ], [ -66.945589, 18.37523 ], [ -66.938329, 18.376432 ], [ -66.936724, 18.376919 ], [ -66.936263, 18.378277 ], [ -66.937208, 18.381612 ], [ -66.936432, 18.383691 ], [ -66.937011, 18.384616 ], [ -66.935365, 18.385497 ], [ -66.935018, 18.388321 ], [ -66.933316, 18.387935 ], [ -66.93333, 18.389357 ], [ -66.932045, 18.389551 ], [ -66.930257, 18.391983 ], [ -66.928872, 18.39256 ], [ -66.92202, 18.393204 ], [ -66.923441, 18.388224 ], [ -66.922962, 18.384495 ], [ -66.921678, 18.38361 ], [ -66.920387, 18.379563 ], [ -66.916728, 18.377189 ], [ -66.913863, 18.375414 ], [ -66.91197, 18.375715 ], [ -66.908511, 18.373004 ], [ -66.905721, 18.367222 ], [ -66.903952, 18.365949 ], [ -66.901692, 18.365642 ], [ -66.900542, 18.366794 ], [ -66.8989, 18.366108 ], [ -66.897769, 18.365705 ], [ -66.894481, 18.366195 ], [ -66.893339, 18.367089 ], [ -66.892853, 18.366627 ], [ -66.891918, 18.365297 ], [ -66.896415, 18.348905 ], [ -66.898022, 18.342695 ], [ -66.904534, 18.322636 ], [ -66.904726, 18.32161 ], [ -66.905026, 18.319617 ], [ -66.905688, 18.31562 ], [ -66.909977, 18.302636 ], [ -66.910263, 18.296751 ], [ -66.909974, 18.295211 ], [ -66.909549, 18.293102 ], [ -66.910298, 18.2824 ], [ -66.910587, 18.278201 ], [ -66.908026, 18.272903 ], [ -66.908812, 18.266964 ], [ -66.906887, 18.262857 ], [ -66.908252, 18.260175 ], [ -66.908438, 18.25314 ], [ -66.907481, 18.25314 ], [ -66.907236, 18.25309 ], [ -66.908541, 18.252072 ], [ -66.912719, 18.254316 ], [ -66.918122, 18.255877 ], [ -66.918935, 18.256456 ], [ -66.918733, 18.257768 ], [ -66.919298, 18.25914 ], [ -66.922551, 18.257557 ], [ -66.923818, 18.260265 ], [ -66.924707, 18.260425 ], [ -66.927435, 18.259315 ], [ -66.930288, 18.258553 ], [ -66.92977, 18.256934 ], [ -66.927949, 18.256943 ], [ -66.927651, 18.255428 ], [ -66.928824, 18.254263 ], [ -66.930663, 18.253768 ], [ -66.932474, 18.253744 ], [ -66.933482, 18.258664 ], [ -66.934203, 18.259077 ], [ -66.93839, 18.258788 ], [ -66.938607, 18.261862 ], [ -66.93975, 18.26256 ], [ -66.942008, 18.260293 ], [ -66.943247, 18.26083 ], [ -66.942632, 18.263312 ], [ -66.940974, 18.265336 ], [ -66.941748, 18.266644 ], [ -66.944078, 18.268245 ], [ -66.945032, 18.271658 ], [ -66.94623, 18.273293 ], [ -66.947945, 18.271521 ], [ -66.946388, 18.268764 ], [ -66.948204, 18.266758 ], [ -66.949703, 18.266777 ], [ -66.950731, 18.269631 ], [ -66.953738, 18.271544 ], [ -66.956729, 18.272127 ], [ -66.960558, 18.27119 ], [ -66.961437, 18.270199 ], [ -66.96508, 18.271262 ], [ -66.965489, 18.268499 ], [ -66.965228, 18.265987 ], [ -66.967247, 18.26363 ], [ -66.969384, 18.263635 ], [ -66.97044, 18.266449 ], [ -66.970434, 18.26862 ], [ -66.973, 18.273887 ], [ -66.975122, 18.274667 ], [ -66.977233, 18.274836 ], [ -66.979645, 18.276001 ], [ -66.983036, 18.274544 ], [ -66.986819, 18.27501 ], [ -66.989383, 18.276851 ], [ -66.990896, 18.276824 ], [ -66.992748, 18.275614 ], [ -66.994251, 18.275707 ], [ -66.998217, 18.277561 ], [ -67.001791, 18.276169 ], [ -67.00566, 18.27911 ], [ -67.006879, 18.279095 ], [ -67.011587, 18.278703 ], [ -67.013059, 18.27933 ], [ -67.015747, 18.277212 ], [ -67.018443, 18.276982 ], [ -67.019665, 18.279189 ], [ -67.020031, 18.280442 ], [ -67.022293, 18.281663 ], [ -67.023878, 18.281474 ], [ -67.025958, 18.278787 ], [ -67.027457, 18.278524 ], [ -67.029105, 18.278915 ], [ -67.030263, 18.281006 ], [ -67.032805, 18.282072 ], [ -67.034052, 18.281849 ], [ -67.037, 18.280403 ], [ -67.03819, 18.28047 ], [ -67.039291, 18.28263 ], [ -67.038662, 18.283317 ], [ -67.038117, 18.284155 ], [ -67.034267, 18.284717 ], [ -67.03286, 18.285648 ], [ -67.031192, 18.289148 ], [ -67.032877, 18.289944 ], [ -67.036199, 18.287975 ], [ -67.037935, 18.289705 ], [ -67.039387, 18.291349 ], [ -67.039608, 18.293171 ], [ -67.040206, 18.29313 ], [ -67.040105, 18.293733 ], [ -67.040133, 18.296928 ], [ -67.040709, 18.300302 ], [ -67.052583, 18.306655 ], [ -67.045786, 18.3148 ] ] ] ] } },
{ "type": "Feature", "properties": { "STATEFP": "72", "COUNTYFP": "109", "COUNTYNS": "01804535", "GEOIDFQ": "0500000US72109", "GEOID": "72109", "NAME": "Patillas", "NAMELSAD": "Patillas Municipio", "STUSPS": "PR", "STATE_NAME": "Puerto Rico", "LSAD": "13", "ALAND": 120704457.0, "AWATER": 74065750.0 }, "geometry": { "type": "MultiPolygon", "coordinates": [ [ [ [ -66.087982, 18.059119 ], [ -66.087816, 18.061238 ], [ -66.084267, 18.062772 ], [ -66.081068, 18.063915 ], [ -66.079125, 18.067313 ], [ -66.079992, 18.068929 ], [ -66.079164, 18.070408 ], [ -66.081144, 18.074107 ], [ -66.080235, 18.074822 ], [ -66.075087, 18.075518 ], [ -66.074543, 18.076407 ], [ -66.070171, 18.079709 ], [ -66.06832, 18.078723 ], [ -66.067145, 18.080955 ], [ -66.065796, 18.082099 ], [ -66.064119, 18.084683 ], [ -66.062042, 18.088727 ], [ -66.060053, 18.090735 ], [ -66.059925, 18.09299 ], [ -66.060856, 18.094836 ], [ -66.060292, 18.095481 ], [ -66.060512, 18.09875 ], [ -66.061413, 18.09978 ], [ -66.059873, 18.100953 ], [ -66.058015, 18.104288 ], [ -66.055122, 18.105434 ], [ -66.053146, 18.107293 ], [ -66.053331, 18.109254 ], [ -66.051788, 18.109878 ], [ -66.04679, 18.106541 ], [ -66.044908, 18.106019 ], [ -66.044723, 18.105252 ], [ -66.042041, 18.103839 ], [ -66.038482, 18.104087 ], [ -66.037497, 18.103091 ], [ -66.033371, 18.102481 ], [ -66.031999, 18.101563 ], [ -66.031257, 18.101988 ], [ -66.028065, 18.10157 ], [ -66.024896, 18.102448 ], [ -66.022137, 18.103174 ], [ -66.020579, 18.102944 ], [ -66.019442, 18.102576 ], [ -66.019198, 18.101032 ], [ -66.017653, 18.098822 ], [ -66.015133, 18.096619 ], [ -66.012849, 18.096415 ], [ -66.012806, 18.093959 ], [ -66.013662, 18.092839 ], [ -66.016379, 18.091742 ], [ -66.016253, 18.089248 ], [ -66.016785, 18.087605 ], [ -66.018049, 18.087142 ], [ -66.019443, 18.083723 ], [ -66.018169, 18.081463 ], [ -66.014076, 18.078709 ], [ -66.013972, 18.076957 ], [ -66.013125, 18.076249 ], [ -66.010245, 18.075565 ], [ -66.008612, 18.07374 ], [ -66.010396, 18.072011 ], [ -66.010668, 18.067894 ], [ -66.007395, 18.066218 ], [ -66.003155, 18.062055 ], [ -66.002458, 18.061893 ], [ -66.000072, 18.060275 ], [ -65.999133, 18.059857 ], [ -65.998594, 18.060121 ], [ -65.996559, 18.059695 ], [ -65.994442, 18.06011 ], [ -65.99345, 18.060052 ], [ -65.992312, 18.061429 ], [ -65.991549, 18.06011 ], [ -65.990742, 18.059491 ], [ -65.988523, 18.058941 ], [ -65.98912, 18.056918 ], [ -65.987901, 18.054833 ], [ -65.986943, 18.052725 ], [ -65.985187, 18.050462 ], [ -65.985668, 18.048345 ], [ -65.985578, 18.04521 ], [ -65.982212, 18.041272 ], [ -65.982176, 18.040282 ], [ -65.980408, 18.040458 ], [ -65.979951, 18.038897 ], [ -65.980881, 18.037323 ], [ -65.980971, 18.035814 ], [ -65.9819, 18.03484 ], [ -65.978331, 18.032282 ], [ -65.97565, 18.032859 ], [ -65.973685, 18.02647 ], [ -65.971954, 18.024463 ], [ -65.967485, 18.02554 ], [ -65.965852, 18.028117 ], [ -65.963517, 18.028975 ], [ -65.959813, 18.02818 ], [ -65.959132, 18.026528 ], [ -65.952991, 18.023449 ], [ -65.95272, 18.019384 ], [ -65.954635, 18.01809 ], [ -65.955242, 18.017032 ], [ -65.954983, 18.013349 ], [ -65.953582, 18.010483 ], [ -65.953048, 18.006339 ], [ -65.952385, 18.006029 ], [ -65.951673, 18.006163 ], [ -65.948761, 18.004595 ], [ -65.948759, 18.004371 ], [ -65.948199, 18.0016 ], [ -65.945894, 17.997589 ], [ -65.944631, 17.996905 ], [ -65.944068, 17.994603 ], [ -65.942758, 17.99342 ], [ -65.943136, 17.992612 ], [ -65.942003, 17.992296 ], [ -65.937918, 17.992037 ], [ -65.934445, 17.990218 ], [ -65.931486, 17.989196 ], [ -65.92904, 17.989067 ], [ -65.926154, 17.985998 ], [ -65.922261, 17.986059 ], [ -65.920488, 17.985074 ], [ -65.917754, 17.985778 ], [ -65.915757, 17.984703 ], [ -65.913675, 17.979977 ], [ -65.912471213035204, 17.978371346335202 ], [ -65.916368, 17.976192 ], [ -65.920408, 17.975513 ], [ -65.925875, 17.976644 ], [ -65.930629, 17.976644 ], [ -65.933718, 17.975739 ], [ -65.933937553185004, 17.9755631532617 ], [ -65.934655344656505, 17.974988252519399 ], [ -65.938234, 17.972122 ], [ -65.941087, 17.972122 ], [ -65.9431583632811, 17.9725441173143 ], [ -65.944414, 17.9728 ], [ -65.946220313973697, 17.972528812915399 ], [ -65.94893, 17.972122 ], [ -65.953921, 17.970992 ], [ -65.958199, 17.970992 ], [ -65.960075959394899, 17.9716218334421 ], [ -65.961575374320105, 17.972124977871299 ], [ -65.96224, 17.972348 ], [ -65.965625269588998, 17.9733547683159 ], [ -65.966043, 17.973479 ], [ -65.966373325278298, 17.9735208813537 ], [ -65.969455825421093, 17.973911706056199 ], [ -65.969608, 17.973931 ], [ -65.974124, 17.972574 ], [ -65.975788, 17.969183 ], [ -65.976864570909001, 17.9681588342855 ], [ -65.977452, 17.9676 ], [ -65.98173, 17.967827 ], [ -65.984846935844701, 17.970268856918 ], [ -65.98577, 17.970992 ], [ -65.985807335138901, 17.971029727830299 ], [ -65.986051337319296, 17.971276296428599 ], [ -65.988298794974497, 17.973547392870699 ], [ -65.989573, 17.974835 ], [ -65.993851, 17.978678 ], [ -65.998367, 17.979131 ], [ -66.004309, 17.978678 ], [ -66.0043887041369, 17.978709607776601 ], [ -66.006482984689995, 17.979540123662101 ], [ -66.007161, 17.979809 ], [ -66.010014, 17.980035 ], [ -66.010259156424596, 17.980035 ], [ -66.016195306715105, 17.980035 ], [ -66.016431, 17.980035 ], [ -66.017147963666602, 17.979682290904801 ], [ -66.019595851016504, 17.978478056753701 ], [ -66.019618697634598, 17.9784668173975 ], [ -66.022135, 17.982411 ], [ -66.023658, 17.985141 ], [ -66.023972, 17.9903 ], [ -66.026402, 17.992841 ], [ -66.027969, 17.994493 ], [ -66.031136, 17.996112 ], [ -66.035176, 17.998522 ], [ -66.037719, 17.998425 ], [ -66.038449, 18.000654 ], [ -66.039072, 18.002675 ], [ -66.039035, 18.003208 ], [ -66.039779, 18.004213 ], [ -66.044628, 18.006501 ], [ -66.046927, 18.009097 ], [ -66.045655, 18.011119 ], [ -66.042248, 18.016539 ], [ -66.041878, 18.017094 ], [ -66.04266, 18.022057 ], [ -66.044079, 18.022819 ], [ -66.04331, 18.025187 ], [ -66.043683, 18.029445 ], [ -66.046068, 18.031398 ], [ -66.047749, 18.033615 ], [ -66.048108, 18.035614 ], [ -66.049991, 18.036053 ], [ -66.05121, 18.036937 ], [ -66.052232, 18.03725 ], [ -66.05418, 18.037607 ], [ -66.057263, 18.040434 ], [ -66.059878, 18.039424 ], [ -66.064769, 18.039095 ], [ -66.067367, 18.037855 ], [ -66.074308, 18.036771 ], [ -66.077492, 18.036901 ], [ -66.079372, 18.033937 ], [ -66.082263, 18.032958 ], [ -66.085713, 18.036186 ], [ -66.085025, 18.039305 ], [ -66.087363, 18.043558 ], [ -66.086399, 18.044658 ], [ -66.085543, 18.048348 ], [ -66.086777, 18.049774 ], [ -66.089399, 18.056256 ], [ -66.087982, 18.059119 ] ] ] ] } },
{ "type": "Feature", "properties": { "STATEFP": "72", "COUNTYFP": "007", "COUNTYNS": "01804483", "GEOIDFQ": "0500000US72007", "GEOID": "72007", "NAME": "Aguas Buenas", "NAMELSAD": "Aguas Buenas Municipio", "STUSPS": "PR", "STATE_NAME": "Puerto Rico", "LSAD": "13", "ALAND": 77919500.0, "AWATER": 28383.0 }, "geometry": { "type": "MultiPolygon", "coordinates": [ [ [ [ -66.189196, 18.2598 ], [ -66.188689, 18.260735 ], [ -66.188604, 18.261997 ], [ -66.18709, 18.263241 ], [ -66.185795, 18.266695 ], [ -66.184315, 18.268339 ], [ -66.181732, 18.270109 ], [ -66.179868, 18.270789 ], [ -66.178563, 18.272085 ], [ -66.178056, 18.273709 ], [ -66.177069, 18.274538 ], [ -66.177099, 18.276194 ], [ -66.175771, 18.276299 ], [ -66.175338, 18.27721 ], [ -66.17269, 18.278316 ], [ -66.171043, 18.27928 ], [ -66.16782, 18.277708 ], [ -66.166694, 18.279397 ], [ -66.164045, 18.280721 ], [ -66.162324, 18.280759 ], [ -66.1616, 18.282538 ], [ -66.156909, 18.282918 ], [ -66.154532, 18.281829 ], [ -66.153621, 18.282059 ], [ -66.15097, 18.280784 ], [ -66.147155, 18.280827 ], [ -66.143861, 18.27959 ], [ -66.141456, 18.277714 ], [ -66.140739, 18.279571 ], [ -66.139138, 18.278892 ], [ -66.13696, 18.278745 ], [ -66.135351, 18.279644 ], [ -66.121669, 18.281379 ], [ -66.116119, 18.279863 ], [ -66.111712, 18.279513 ], [ -66.108564, 18.277867 ], [ -66.108191, 18.277768 ], [ -66.099751, 18.281541 ], [ -66.098809, 18.282054 ], [ -66.09598, 18.283816 ], [ -66.09527, 18.282727 ], [ -66.09151, 18.282709 ], [ -66.090158, 18.2841 ], [ -66.086465, 18.285094 ], [ -66.085732, 18.286278 ], [ -66.08675, 18.288053 ], [ -66.086224, 18.288718 ], [ -66.082016, 18.290254 ], [ -66.082063, 18.291911 ], [ -66.080974, 18.292337 ], [ -66.080428, 18.294525 ], [ -66.084163, 18.294916 ], [ -66.080475, 18.297295 ], [ -66.07722, 18.296608 ], [ -66.072971, 18.29776 ], [ -66.072768, 18.298495 ], [ -66.069557, 18.301232 ], [ -66.066103, 18.303321 ], [ -66.069717, 18.288182 ], [ -66.069812, 18.287655 ], [ -66.070942, 18.282759 ], [ -66.072908, 18.275347 ], [ -66.074757, 18.267599 ], [ -66.076297, 18.260781 ], [ -66.077313, 18.25651 ], [ -66.074629, 18.254261 ], [ -66.074732, 18.253317 ], [ -66.077341, 18.249802 ], [ -66.078639, 18.248168 ], [ -66.078976, 18.247869 ], [ -66.079028, 18.247823 ], [ -66.080834, 18.245809 ], [ -66.084768, 18.242512 ], [ -66.085122, 18.235517 ], [ -66.087052, 18.233049 ], [ -66.088159, 18.232763 ], [ -66.08901, 18.230144 ], [ -66.090421, 18.227413 ], [ -66.092703, 18.226705 ], [ -66.093719, 18.224875 ], [ -66.095887, 18.22416 ], [ -66.096788, 18.221752 ], [ -66.098157, 18.220854 ], [ -66.099878, 18.219401 ], [ -66.100734, 18.218519 ], [ -66.102673, 18.21684 ], [ -66.109409, 18.213612 ], [ -66.117041, 18.211455 ], [ -66.117641, 18.210911 ], [ -66.117774, 18.209949 ], [ -66.118964, 18.20996 ], [ -66.121461, 18.209011 ], [ -66.123513, 18.207715 ], [ -66.124612, 18.207908 ], [ -66.125502, 18.206663 ], [ -66.129013, 18.204102 ], [ -66.130348, 18.201863 ], [ -66.132228, 18.20062 ], [ -66.13408, 18.200301 ], [ -66.135067, 18.198695 ], [ -66.137629, 18.197722 ], [ -66.141317, 18.197704 ], [ -66.140505, 18.198335 ], [ -66.140086, 18.199527 ], [ -66.138487, 18.201439 ], [ -66.13903, 18.204664 ], [ -66.139371, 18.20544 ], [ -66.138626, 18.207039 ], [ -66.138908, 18.210231 ], [ -66.14003, 18.210851 ], [ -66.142478, 18.210058 ], [ -66.143303, 18.212237 ], [ -66.144253, 18.213361 ], [ -66.14684, 18.213637 ], [ -66.145855, 18.214921 ], [ -66.145504, 18.217154 ], [ -66.146493, 18.218164 ], [ -66.145579, 18.221901 ], [ -66.144341, 18.221429 ], [ -66.143784, 18.223024 ], [ -66.145306, 18.223383 ], [ -66.144679, 18.224106 ], [ -66.143822, 18.225276 ], [ -66.144907, 18.226345 ], [ -66.143941, 18.228111 ], [ -66.146119, 18.230373 ], [ -66.149058, 18.226681 ], [ -66.150488, 18.223425 ], [ -66.151765, 18.223352 ], [ -66.152418, 18.222045 ], [ -66.158894, 18.220997 ], [ -66.160821, 18.220328 ], [ -66.16217, 18.220495 ], [ -66.163917, 18.222434 ], [ -66.166348, 18.223899 ], [ -66.169126, 18.22429 ], [ -66.169141, 18.226013 ], [ -66.171991, 18.228002 ], [ -66.176105, 18.229503 ], [ -66.174947, 18.233095 ], [ -66.17667, 18.234608 ], [ -66.178821, 18.237772 ], [ -66.17845, 18.238082 ], [ -66.179257, 18.242443 ], [ -66.178442, 18.24346 ], [ -66.17799, 18.243962 ], [ -66.178155, 18.246112 ], [ -66.181049, 18.247303 ], [ -66.182007, 18.249863 ], [ -66.183896, 18.250507 ], [ -66.184841, 18.252305 ], [ -66.187298, 18.25379 ], [ -66.190676, 18.25884 ], [ -66.189196, 18.2598 ] ] ] ] } },
{ "type": "Feature", "properties": { "STATEFP": "72", "COUNTYFP": "041", "COUNTYNS": "01804500", "GEOIDFQ": "0500000US72041", "GEOID": "72041", "NAME": "Cidra", "NAMELSAD": "Cidra Municipio", "STUSPS": "PR", "STATE_NAME": "Puerto Rico", "LSAD": "13", "ALAND": 93297947.0, "AWATER": 1120363.0 }, "geometry": { "type": "MultiPolygon", "coordinates": [ [ [ [ -66.242884, 18.183004 ], [ -66.24046, 18.184794 ], [ -66.230754, 18.184397 ], [ -66.230825, 18.182786 ], [ -66.230082, 18.180918 ], [ -66.22407, 18.174361 ], [ -66.223118, 18.175897 ], [ -66.218749, 18.174332 ], [ -66.216693, 18.174166 ], [ -66.21503, 18.173645 ], [ -66.21386, 18.172858 ], [ -66.211275, 18.173634 ], [ -66.211293, 18.175428 ], [ -66.212044, 18.175752 ], [ -66.213108, 18.177733 ], [ -66.21203, 18.182084 ], [ -66.213876, 18.183592 ], [ -66.213286, 18.185528 ], [ -66.209016, 18.193658 ], [ -66.208986, 18.193707 ], [ -66.2071, 18.196933 ], [ -66.205574, 18.196628 ], [ -66.200362, 18.197151 ], [ -66.196974, 18.197922 ], [ -66.193546, 18.200122 ], [ -66.19049, 18.201111 ], [ -66.185508, 18.200868 ], [ -66.182483, 18.202302 ], [ -66.184809, 18.204455 ], [ -66.184431, 18.207173 ], [ -66.181138, 18.208737 ], [ -66.179448, 18.210682 ], [ -66.179041, 18.211883 ], [ -66.178765, 18.212558 ], [ -66.175059, 18.215213 ], [ -66.173883, 18.2159 ], [ -66.170382, 18.216305 ], [ -66.16981, 18.217898 ], [ -66.17131, 18.221639 ], [ -66.171189, 18.222422 ], [ -66.170934, 18.223956 ], [ -66.169126, 18.22429 ], [ -66.166348, 18.223899 ], [ -66.163917, 18.222434 ], [ -66.16217, 18.220495 ], [ -66.160821, 18.220328 ], [ -66.158894, 18.220997 ], [ -66.152418, 18.222045 ], [ -66.151765, 18.223352 ], [ -66.150488, 18.223425 ], [ -66.149058, 18.226681 ], [ -66.146119, 18.230373 ], [ -66.143941, 18.228111 ], [ -66.144907, 18.226345 ], [ -66.143822, 18.225276 ], [ -66.144679, 18.224106 ], [ -66.145306, 18.223383 ], [ -66.143784, 18.223024 ], [ -66.144341, 18.221429 ], [ -66.145579, 18.221901 ], [ -66.146493, 18.218164 ], [ -66.145504, 18.217154 ], [ -66.145855, 18.214921 ], [ -66.14684, 18.213637 ], [ -66.144253, 18.213361 ], [ -66.143303, 18.212237 ], [ -66.142478, 18.210058 ], [ -66.14003, 18.210851 ], [ -66.138908, 18.210231 ], [ -66.138626, 18.207039 ], [ -66.139371, 18.20544 ], [ -66.13903, 18.204664 ], [ -66.138487, 18.201439 ], [ -66.140086, 18.199527 ], [ -66.140505, 18.198335 ], [ -66.141317, 18.197704 ], [ -66.137629, 18.197722 ], [ -66.135067, 18.198695 ], [ -66.13408, 18.200301 ], [ -66.132228, 18.20062 ], [ -66.130348, 18.201863 ], [ -66.129013, 18.204102 ], [ -66.125502, 18.206663 ], [ -66.124612, 18.207908 ], [ -66.123513, 18.207715 ], [ -66.121461, 18.209011 ], [ -66.118964, 18.20996 ], [ -66.117774, 18.209949 ], [ -66.110128, 18.20181 ], [ -66.109374, 18.200934 ], [ -66.106841, 18.194942 ], [ -66.101719, 18.183062 ], [ -66.105095, 18.171543 ], [ -66.102643, 18.169522 ], [ -66.100921, 18.16979 ], [ -66.096813, 18.168197 ], [ -66.095099, 18.169077 ], [ -66.095236, 18.167245 ], [ -66.094522, 18.164715 ], [ -66.09671, 18.161321 ], [ -66.096417, 18.15939 ], [ -66.098135, 18.15856 ], [ -66.098105, 18.155638 ], [ -66.098561, 18.155945 ], [ -66.099548, 18.153083 ], [ -66.102211, 18.152019 ], [ -66.102885, 18.151095 ], [ -66.104353, 18.150001 ], [ -66.104992, 18.150633 ], [ -66.106864, 18.148789 ], [ -66.108169, 18.148642 ], [ -66.110311, 18.146734 ], [ -66.109534, 18.144574 ], [ -66.110729, 18.144321 ], [ -66.111151, 18.142973 ], [ -66.110176, 18.142037 ], [ -66.112441, 18.14134 ], [ -66.113568, 18.142096 ], [ -66.114417, 18.139697 ], [ -66.117861, 18.140022 ], [ -66.117806, 18.138935 ], [ -66.118081, 18.138748 ], [ -66.119516, 18.137958 ], [ -66.120949, 18.138838 ], [ -66.121866, 18.140741 ], [ -66.124784, 18.139636 ], [ -66.127532, 18.139717 ], [ -66.1296, 18.138584 ], [ -66.13092, 18.138429 ], [ -66.130377, 18.136672 ], [ -66.131673, 18.136076 ], [ -66.131881, 18.132577 ], [ -66.134433, 18.13278 ], [ -66.13554, 18.13378 ], [ -66.138125, 18.134337 ], [ -66.13869, 18.136065 ], [ -66.139319, 18.137409 ], [ -66.142495, 18.137235 ], [ -66.144423, 18.138185 ], [ -66.150217, 18.139342 ], [ -66.15047, 18.142337 ], [ -66.15629, 18.14154 ], [ -66.157, 18.141947 ], [ -66.156458, 18.144209 ], [ -66.160041, 18.146636 ], [ -66.162189, 18.146205 ], [ -66.163347, 18.145623 ], [ -66.164522, 18.144541 ], [ -66.162758, 18.139583 ], [ -66.162599, 18.138629 ], [ -66.165857, 18.137281 ], [ -66.16636, 18.134185 ], [ -66.168453, 18.133488 ], [ -66.168625, 18.133488 ], [ -66.173979, 18.133484 ], [ -66.175195, 18.133897 ], [ -66.176075, 18.134635 ], [ -66.177519, 18.138891 ], [ -66.180009, 18.141625 ], [ -66.181912, 18.144593 ], [ -66.183528, 18.143469 ], [ -66.183448, 18.141781 ], [ -66.18268, 18.139034 ], [ -66.183888, 18.138048 ], [ -66.187334, 18.137053 ], [ -66.189656, 18.137598 ], [ -66.192558, 18.140919 ], [ -66.19417, 18.140452 ], [ -66.195412, 18.138006 ], [ -66.195772, 18.137594 ], [ -66.197182, 18.13658 ], [ -66.199254, 18.13708 ], [ -66.200723, 18.138194 ], [ -66.201424, 18.140327 ], [ -66.199428, 18.145317 ], [ -66.20117, 18.146836 ], [ -66.202911, 18.146046 ], [ -66.203779, 18.143304 ], [ -66.204158, 18.140563 ], [ -66.204061, 18.138598 ], [ -66.204858, 18.137598 ], [ -66.207534, 18.137345 ], [ -66.209991, 18.139826 ], [ -66.211877, 18.143252 ], [ -66.213892, 18.144147 ], [ -66.214079, 18.144165 ], [ -66.216899, 18.14322 ], [ -66.220083, 18.142798 ], [ -66.219151, 18.145251 ], [ -66.216464, 18.146119 ], [ -66.217068, 18.147852 ], [ -66.221089, 18.148732 ], [ -66.223704, 18.148915 ], [ -66.22581, 18.149456 ], [ -66.227351, 18.150594 ], [ -66.227628, 18.152286 ], [ -66.224108, 18.153979 ], [ -66.224248, 18.15497 ], [ -66.228139, 18.157606 ], [ -66.228748, 18.159611 ], [ -66.227722, 18.160193 ], [ -66.22564, 18.160056 ], [ -66.223951, 18.161098 ], [ -66.223544, 18.162836 ], [ -66.223716, 18.165717 ], [ -66.224322, 18.16668 ], [ -66.226121, 18.166455 ], [ -66.226625, 18.168289 ], [ -66.228564, 18.170802 ], [ -66.231559, 18.172458 ], [ -66.233113, 18.173925 ], [ -66.234059, 18.175494 ], [ -66.237328, 18.178318 ], [ -66.241108, 18.180349 ], [ -66.242735, 18.180248 ], [ -66.242884, 18.183004 ] ] ] ] } },
{ "type": "Feature", "properties": { "STATEFP": "72", "COUNTYFP": "121", "COUNTYNS": "01804541", "GEOIDFQ": "0500000US72121", "GEOID": "72121", "NAME": "Sabana Grande", "NAMELSAD": "Sabana Grande Municipio", "STUSPS": "PR", "STATE_NAME": "Puerto Rico", "LSAD": "13", "ALAND": 94050242.0, "AWATER": 25323.0 }, "geometry": { "type": "MultiPolygon", "coordinates": [ [ [ [ -66.98504, 18.103164 ], [ -66.983535, 18.105583 ], [ -66.984117, 18.106833 ], [ -66.983211, 18.108681 ], [ -66.981358, 18.111197 ], [ -66.981618, 18.11283 ], [ -66.980081, 18.115844 ], [ -66.979951, 18.118431 ], [ -66.979065, 18.12171 ], [ -66.977072, 18.124509 ], [ -66.972981, 18.127009 ], [ -66.97085, 18.127632 ], [ -66.970771, 18.130639 ], [ -66.970369, 18.131898 ], [ -66.970907, 18.136138 ], [ -66.971757, 18.138726 ], [ -66.974839, 18.142502 ], [ -66.97662, 18.143294 ], [ -66.977855, 18.143799 ], [ -66.97554, 18.143395 ], [ -66.971866, 18.14154 ], [ -66.970479, 18.141992 ], [ -66.968822, 18.144014 ], [ -66.964291, 18.147055 ], [ -66.963995, 18.148294 ], [ -66.960424, 18.145907 ], [ -66.958127, 18.145714 ], [ -66.953644, 18.14662 ], [ -66.952093, 18.146112 ], [ -66.947691, 18.147377 ], [ -66.946844, 18.148162 ], [ -66.945469, 18.147746 ], [ -66.943554, 18.148979 ], [ -66.939065, 18.147855 ], [ -66.93731, 18.148639 ], [ -66.934629, 18.148548 ], [ -66.934394, 18.150148 ], [ -66.93154, 18.149929 ], [ -66.929444, 18.149141 ], [ -66.927457, 18.151434 ], [ -66.926517, 18.151267 ], [ -66.925139, 18.147199 ], [ -66.925664, 18.145875 ], [ -66.924621, 18.144087 ], [ -66.924647, 18.142696 ], [ -66.923069, 18.141298 ], [ -66.921741, 18.139347 ], [ -66.92048, 18.138704 ], [ -66.919636, 18.136639 ], [ -66.919698, 18.134781 ], [ -66.917843, 18.133224 ], [ -66.91835, 18.131628 ], [ -66.917409, 18.129643 ], [ -66.917192, 18.127091 ], [ -66.916319, 18.124773 ], [ -66.913724, 18.123314 ], [ -66.912668, 18.121895 ], [ -66.913255, 18.120709 ], [ -66.913377, 18.115104 ], [ -66.911717, 18.113093 ], [ -66.913036, 18.110696 ], [ -66.913906, 18.110635 ], [ -66.914973, 18.108006 ], [ -66.914742, 18.106993 ], [ -66.917769, 18.106605 ], [ -66.919962, 18.105199 ], [ -66.920727, 18.105521 ], [ -66.920394, 18.103184 ], [ -66.91988, 18.10305 ], [ -66.917565, 18.102378 ], [ -66.915871, 18.09985 ], [ -66.916016, 18.096017 ], [ -66.918667, 18.09464 ], [ -66.919509, 18.092775 ], [ -66.918565, 18.0896 ], [ -66.915727, 18.08589 ], [ -66.914165, 18.084736 ], [ -66.913145, 18.081604 ], [ -66.912155, 18.08035 ], [ -66.913357, 18.080049 ], [ -66.912871, 18.074765 ], [ -66.910172, 18.072213 ], [ -66.909261, 18.07008 ], [ -66.909971, 18.068928 ], [ -66.909313, 18.067514 ], [ -66.909108, 18.064945 ], [ -66.907394, 18.064219 ], [ -66.906192, 18.062273 ], [ -66.9036, 18.06231 ], [ -66.903294, 18.061181 ], [ -66.904172, 18.059919 ], [ -66.903108, 18.055394 ], [ -66.900904, 18.054207 ], [ -66.9027, 18.052939 ], [ -66.901253, 18.051007 ], [ -66.900208, 18.047839 ], [ -66.898472, 18.044242 ], [ -66.898861, 18.04242 ], [ -66.897691, 18.042566 ], [ -66.901033, 18.039854 ], [ -66.895742, 18.036715 ], [ -66.894181, 18.03477 ], [ -66.892719, 18.035598 ], [ -66.890801, 18.03544 ], [ -66.891059, 18.036315 ], [ -66.887484, 18.034075 ], [ -66.887018, 18.03021 ], [ -66.884653, 18.024816 ], [ -66.887969, 18.024532 ], [ -66.889951, 18.023547 ], [ -66.891715, 18.024017 ], [ -66.893688, 18.025579 ], [ -66.895027, 18.023247 ], [ -66.897207, 18.024097 ], [ -66.900492, 18.024408 ], [ -66.900587, 18.026283 ], [ -66.905108, 18.026523 ], [ -66.90661, 18.024764 ], [ -66.910887, 18.023883 ], [ -66.914942, 18.026463 ], [ -66.919723, 18.027563 ], [ -66.920022, 18.026902 ], [ -66.922594, 18.027212 ], [ -66.930811, 18.030583 ], [ -66.934202, 18.030589 ], [ -66.935974, 18.029829 ], [ -66.935902, 18.029324 ], [ -66.938636, 18.030005 ], [ -66.941346, 18.031515 ], [ -66.947056, 18.033429 ], [ -66.953329, 18.033607 ], [ -66.95511, 18.032771 ], [ -66.958748, 18.032477 ], [ -66.959267, 18.03215 ], [ -66.959434, 18.035326 ], [ -66.960525, 18.036522 ], [ -66.96588, 18.036876 ], [ -66.968361, 18.038551 ], [ -66.982675, 18.041202 ], [ -66.982087, 18.04282 ], [ -66.98317, 18.046826 ], [ -66.982331, 18.047785 ], [ -66.983487, 18.050093 ], [ -66.983337, 18.052518 ], [ -66.98187, 18.056438 ], [ -66.980602, 18.078775 ], [ -66.981094, 18.080042 ], [ -66.982256, 18.082222 ], [ -66.982448, 18.086217 ], [ -66.983577, 18.088383 ], [ -66.9832, 18.095239 ], [ -66.983928, 18.099161 ], [ -66.984089, 18.101725 ], [ -66.98504, 18.103164 ] ] ] ] } },
{ "type": "Feature", "properties": { "STATEFP": "72", "COUNTYFP": "105", "COUNTYNS": "01804533", "GEOIDFQ": "0500000US72105", "GEOID": "72105", "NAME": "Naranjito", "NAMELSAD": "Naranjito Municipio", "STUSPS": "PR", "STATE_NAME": "Puerto Rico", "LSAD": "13", "ALAND": 70969175.0, "AWATER": 898340.0 }, "geometry": { "type": "MultiPolygon", "coordinates": [ [ [ [ -66.313299, 18.249324 ], [ -66.312038, 18.25036 ], [ -66.308528, 18.251287 ], [ -66.30731, 18.252544 ], [ -66.305874, 18.252805 ], [ -66.305985, 18.254865 ], [ -66.302908, 18.254693 ], [ -66.302282, 18.255394 ], [ -66.296086, 18.257545 ], [ -66.294321, 18.260649 ], [ -66.291428, 18.264403 ], [ -66.290439, 18.266695 ], [ -66.287876, 18.269955 ], [ -66.287265, 18.271691 ], [ -66.287227, 18.272365 ], [ -66.289092, 18.276276 ], [ -66.288205, 18.281399 ], [ -66.287232, 18.283688 ], [ -66.287469, 18.287545 ], [ -66.285939, 18.298905 ], [ -66.285318, 18.303769 ], [ -66.284511, 18.305037 ], [ -66.283581, 18.307728 ], [ -66.282875, 18.312671 ], [ -66.283069, 18.314031 ], [ -66.283187, 18.314686 ], [ -66.28238, 18.317001 ], [ -66.278076, 18.329975 ], [ -66.276034, 18.330772 ], [ -66.274255, 18.330626 ], [ -66.272485, 18.328811 ], [ -66.268511, 18.329073 ], [ -66.267027, 18.330031 ], [ -66.263489, 18.329748 ], [ -66.261938, 18.330869 ], [ -66.259469, 18.330875 ], [ -66.258735, 18.331829 ], [ -66.253704, 18.330157 ], [ -66.251799, 18.327647 ], [ -66.249625, 18.326305 ], [ -66.249613, 18.325781 ], [ -66.248481, 18.32601 ], [ -66.245492, 18.331492 ], [ -66.243628, 18.330722 ], [ -66.241874, 18.331272 ], [ -66.241155, 18.332955 ], [ -66.237798, 18.332969 ], [ -66.237714, 18.332582 ], [ -66.235337, 18.328496 ], [ -66.232044, 18.324134 ], [ -66.231288, 18.324261 ], [ -66.229016, 18.326022 ], [ -66.227887, 18.327998 ], [ -66.225459, 18.330161 ], [ -66.22193, 18.331817 ], [ -66.22076, 18.333338 ], [ -66.217179, 18.334194 ], [ -66.216078, 18.333459 ], [ -66.215276, 18.331627 ], [ -66.215423, 18.329627 ], [ -66.213654, 18.326901 ], [ -66.213901, 18.325795 ], [ -66.213257, 18.32431 ], [ -66.211724, 18.323557 ], [ -66.207758, 18.323896 ], [ -66.207488, 18.323683 ], [ -66.206441, 18.320099 ], [ -66.204659, 18.316477 ], [ -66.204734, 18.316035 ], [ -66.205908, 18.306921 ], [ -66.209114, 18.306794 ], [ -66.210358, 18.307448 ], [ -66.213072, 18.307003 ], [ -66.213537, 18.306283 ], [ -66.212954, 18.30488 ], [ -66.211208, 18.303552 ], [ -66.210312, 18.30302 ], [ -66.209872, 18.297552 ], [ -66.208629, 18.295828 ], [ -66.209248, 18.29424 ], [ -66.210987, 18.293169 ], [ -66.211389, 18.291415 ], [ -66.209596, 18.288543 ], [ -66.208699, 18.287177 ], [ -66.209318, 18.285136 ], [ -66.2082, 18.281971 ], [ -66.206509, 18.27966 ], [ -66.206413, 18.276876 ], [ -66.206135, 18.27666 ], [ -66.209869, 18.277096 ], [ -66.210629, 18.275142 ], [ -66.213279, 18.275407 ], [ -66.2171, 18.274224 ], [ -66.219106, 18.274246 ], [ -66.219717, 18.272902 ], [ -66.219803, 18.271022 ], [ -66.221396, 18.269577 ], [ -66.222294, 18.268109 ], [ -66.222102, 18.26615 ], [ -66.223243, 18.264714 ], [ -66.225083, 18.264489 ], [ -66.226907, 18.262521 ], [ -66.228952, 18.262801 ], [ -66.228764, 18.258627 ], [ -66.22789, 18.257604 ], [ -66.227884, 18.254206 ], [ -66.228695, 18.253779 ], [ -66.232719, 18.255103 ], [ -66.234762, 18.254966 ], [ -66.237915, 18.253964 ], [ -66.238365, 18.253954 ], [ -66.242185, 18.254632 ], [ -66.243213, 18.251365 ], [ -66.245065, 18.249306 ], [ -66.247787, 18.248255 ], [ -66.249252, 18.248668 ], [ -66.250448, 18.250042 ], [ -66.25206, 18.249604 ], [ -66.254822, 18.247748 ], [ -66.257125, 18.247439 ], [ -66.257952, 18.247633 ], [ -66.262315, 18.246429 ], [ -66.265937, 18.246921 ], [ -66.266466, 18.24527 ], [ -66.278659, 18.243754 ], [ -66.280877, 18.24358 ], [ -66.285037, 18.244544 ], [ -66.290648, 18.245199 ], [ -66.293842, 18.246409 ], [ -66.295161, 18.245422 ], [ -66.297324, 18.245179 ], [ -66.298011, 18.245696 ], [ -66.301636, 18.244738 ], [ -66.303927, 18.24323 ], [ -66.305307, 18.241579 ], [ -66.307073, 18.241481 ], [ -66.308481, 18.244686 ], [ -66.310676, 18.245057 ], [ -66.31149, 18.248081 ], [ -66.313906, 18.248429 ], [ -66.313299, 18.249324 ] ] ] ] } },
{ "type": "Feature", "properties": { "STATEFP": "72", "COUNTYFP": "153", "COUNTYNS": "01804557", "GEOIDFQ": "0500000US72153", "GEOID": "72153", "NAME": "Yauco", "NAMELSAD": "Yauco Municipio", "STUSPS": "PR", "STATE_NAME": "Puerto Rico", "LSAD": "13", "ALAND": 175373919.0, "AWATER": 1623262.0 }, "geometry": { "type": "MultiPolygon", "coordinates": [ [ [ [ -66.926517, 18.151267 ], [ -66.921432, 18.152504 ], [ -66.920765, 18.153409 ], [ -66.919425, 18.154024 ], [ -66.918076, 18.153752 ], [ -66.915609, 18.154265 ], [ -66.913988, 18.152562 ], [ -66.912216, 18.151433 ], [ -66.91037, 18.151152 ], [ -66.909497, 18.149389 ], [ -66.907473, 18.149366 ], [ -66.905134, 18.148105 ], [ -66.903806, 18.146363 ], [ -66.901236, 18.146352 ], [ -66.898754, 18.147082 ], [ -66.895212, 18.148609 ], [ -66.891701, 18.147763 ], [ -66.890682, 18.148364 ], [ -66.889733, 18.152303 ], [ -66.887886, 18.153383 ], [ -66.884879, 18.151507 ], [ -66.88272, 18.148948 ], [ -66.878533, 18.146944 ], [ -66.87634, 18.144651 ], [ -66.876313, 18.143252 ], [ -66.875288, 18.142392 ], [ -66.872686, 18.141668 ], [ -66.870215, 18.138936 ], [ -66.865724, 18.138901 ], [ -66.863983, 18.138224 ], [ -66.859658, 18.138137 ], [ -66.858513, 18.137981 ], [ -66.856158, 18.139264 ], [ -66.855593, 18.143567 ], [ -66.854553, 18.145152 ], [ -66.85012, 18.162886 ], [ -66.84757, 18.162198 ], [ -66.844888, 18.162056 ], [ -66.844003, 18.161037 ], [ -66.842883, 18.164232 ], [ -66.840985, 18.164616 ], [ -66.84065, 18.165751 ], [ -66.838435, 18.167067 ], [ -66.837537, 18.168173 ], [ -66.83676, 18.170553 ], [ -66.832474, 18.170514 ], [ -66.830798, 18.171018 ], [ -66.828278, 18.170427 ], [ -66.827327, 18.171242 ], [ -66.826359, 18.169207 ], [ -66.823959, 18.167529 ], [ -66.824314, 18.165589 ], [ -66.825856, 18.162495 ], [ -66.826278, 18.160216 ], [ -66.824821, 18.159348 ], [ -66.82434, 18.157996 ], [ -66.822143, 18.156353 ], [ -66.821028, 18.152818 ], [ -66.81809, 18.150509 ], [ -66.817006, 18.150581 ], [ -66.813219, 18.149667 ], [ -66.812042, 18.149827 ], [ -66.808436, 18.149049 ], [ -66.806732, 18.148314 ], [ -66.804058, 18.148056 ], [ -66.803408, 18.145368 ], [ -66.803365, 18.140384 ], [ -66.802332, 18.140068 ], [ -66.800927, 18.138282 ], [ -66.79987, 18.138041 ], [ -66.797557, 18.133445 ], [ -66.798936, 18.132741 ], [ -66.798973, 18.13122 ], [ -66.797391, 18.127799 ], [ -66.796698, 18.123015 ], [ -66.796181, 18.122297 ], [ -66.796268, 18.121461 ], [ -66.800081, 18.120393 ], [ -66.802113, 18.118854 ], [ -66.803189, 18.116976 ], [ -66.806796, 18.115751 ], [ -66.807227, 18.114936 ], [ -66.809443, 18.114303 ], [ -66.810704, 18.113085 ], [ -66.81041, 18.110949 ], [ -66.808752, 18.109412 ], [ -66.810013, 18.108313 ], [ -66.810131, 18.108158 ], [ -66.808987, 18.105516 ], [ -66.805879, 18.103902 ], [ -66.805176, 18.101027 ], [ -66.806715, 18.096877 ], [ -66.805259, 18.094035 ], [ -66.80221, 18.090992 ], [ -66.808595, 18.082034 ], [ -66.809201, 18.081226 ], [ -66.813604, 18.075113 ], [ -66.81522, 18.07288 ], [ -66.815813, 18.071444 ], [ -66.816614, 18.070727 ], [ -66.818541, 18.063296 ], [ -66.818993, 18.059769 ], [ -66.818608, 18.056456 ], [ -66.819317, 18.055106 ], [ -66.823994, 18.047706 ], [ -66.824395, 18.046609 ], [ -66.824149, 18.043591 ], [ -66.824956, 18.042217 ], [ -66.823742, 18.038952 ], [ -66.821925, 18.036817 ], [ -66.821488, 18.035499 ], [ -66.821496, 18.032694 ], [ -66.819159, 18.031103 ], [ -66.818062, 18.029528 ], [ -66.820722, 18.025178 ], [ -66.821777, 18.021104 ], [ -66.823839, 18.02119 ], [ -66.82458, 18.020457 ], [ -66.829663, 18.018709 ], [ -66.830158, 18.017935 ], [ -66.82988, 18.014671 ], [ -66.828811, 18.01226 ], [ -66.830206, 18.011563 ], [ -66.830929, 18.009926 ], [ -66.829491, 18.008418 ], [ -66.828666, 18.00901 ], [ -66.826931, 18.008351 ], [ -66.826499, 18.006624 ], [ -66.827234, 18.005803 ], [ -66.825847, 18.003427 ], [ -66.825979, 17.999698 ], [ -66.828506, 17.999003 ], [ -66.830305, 17.999432 ], [ -66.831423, 17.997046 ], [ -66.830247, 17.991285 ], [ -66.833718, 17.989763 ], [ -66.835282, 17.988274 ], [ -66.835429, 17.986323 ], [ -66.836682, 17.965971 ], [ -66.852489407321301, 17.9548622804848 ], [ -66.853301, 17.955843 ], [ -66.85494, 17.956591 ], [ -66.855969301301499, 17.956316018776398 ], [ -66.85768, 17.955859 ], [ -66.859567831731198, 17.954601875688098 ], [ -66.861616, 17.961337 ], [ -66.863356, 17.965377 ], [ -66.863291, 17.967658 ], [ -66.863864, 17.987465 ], [ -66.862894, 17.991788 ], [ -66.863219, 17.998029 ], [ -66.864777, 17.999785 ], [ -66.86604, 18.003195 ], [ -66.867445, 18.005379 ], [ -66.868899, 18.007103 ], [ -66.869528, 18.007541 ], [ -66.873198, 18.009413 ], [ -66.875257, 18.011348 ], [ -66.875138, 18.012943 ], [ -66.87518, 18.014335 ], [ -66.875936, 18.014806 ], [ -66.878133, 18.016286 ], [ -66.879649, 18.015897 ], [ -66.882459, 18.01693 ], [ -66.881658, 18.017737 ], [ -66.882194, 18.020358 ], [ -66.883916, 18.019518 ], [ -66.885705, 18.020469 ], [ -66.885, 18.021671 ], [ -66.884653, 18.024816 ], [ -66.887018, 18.03021 ], [ -66.887484, 18.034075 ], [ -66.891059, 18.036315 ], [ -66.890801, 18.03544 ], [ -66.892719, 18.035598 ], [ -66.894181, 18.03477 ], [ -66.895742, 18.036715 ], [ -66.901033, 18.039854 ], [ -66.897691, 18.042566 ], [ -66.898861, 18.04242 ], [ -66.898472, 18.044242 ], [ -66.900208, 18.047839 ], [ -66.901253, 18.051007 ], [ -66.9027, 18.052939 ], [ -66.900904, 18.054207 ], [ -66.903108, 18.055394 ], [ -66.904172, 18.059919 ], [ -66.903294, 18.061181 ], [ -66.9036, 18.06231 ], [ -66.906192, 18.062273 ], [ -66.907394, 18.064219 ], [ -66.909108, 18.064945 ], [ -66.909313, 18.067514 ], [ -66.909971, 18.068928 ], [ -66.909261, 18.07008 ], [ -66.910172, 18.072213 ], [ -66.912871, 18.074765 ], [ -66.913357, 18.080049 ], [ -66.912155, 18.08035 ], [ -66.913145, 18.081604 ], [ -66.914165, 18.084736 ], [ -66.915727, 18.08589 ], [ -66.918565, 18.0896 ], [ -66.919509, 18.092775 ], [ -66.918667, 18.09464 ], [ -66.916016, 18.096017 ], [ -66.915871, 18.09985 ], [ -66.917565, 18.102378 ], [ -66.91988, 18.10305 ], [ -66.920394, 18.103184 ], [ -66.920727, 18.105521 ], [ -66.919962, 18.105199 ], [ -66.917769, 18.106605 ], [ -66.914742, 18.106993 ], [ -66.914973, 18.108006 ], [ -66.913906, 18.110635 ], [ -66.913036, 18.110696 ], [ -66.911717, 18.113093 ], [ -66.913377, 18.115104 ], [ -66.913255, 18.120709 ], [ -66.912668, 18.121895 ], [ -66.913724, 18.123314 ], [ -66.916319, 18.124773 ], [ -66.917192, 18.127091 ], [ -66.917409, 18.129643 ], [ -66.91835, 18.131628 ], [ -66.917843, 18.133224 ], [ -66.919698, 18.134781 ], [ -66.919636, 18.136639 ], [ -66.92048, 18.138704 ], [ -66.921741, 18.139347 ], [ -66.923069, 18.141298 ], [ -66.924647, 18.142696 ], [ -66.924621, 18.144087 ], [ -66.925664, 18.145875 ], [ -66.925139, 18.147199 ], [ -66.926517, 18.151267 ] ] ] ] } },
{ "type": "Feature", "properties": { "STATEFP": "72", "COUNTYFP": "081", "COUNTYNS": "01804521", "GEOIDFQ": "0500000US72081", "GEOID": "72081", "NAME": "Lares", "NAMELSAD": "Lares Municipio", "STUSPS": "PR", "STATE_NAME": "Puerto Rico", "LSAD": "13", "ALAND": 159155345.0, "AWATER": 485277.0 }, "geometry": { "type": "MultiPolygon", "coordinates": [ [ [ [ -66.912859, 18.233009 ], [ -66.911578, 18.236916 ], [ -66.910752, 18.239525 ], [ -66.90897, 18.241757 ], [ -66.908368, 18.244315 ], [ -66.907022, 18.245945 ], [ -66.90763, 18.247519 ], [ -66.906789, 18.250475 ], [ -66.905675, 18.251764 ], [ -66.907236, 18.25309 ], [ -66.907481, 18.25314 ], [ -66.908438, 18.25314 ], [ -66.908252, 18.260175 ], [ -66.906887, 18.262857 ], [ -66.908812, 18.266964 ], [ -66.908026, 18.272903 ], [ -66.910587, 18.278201 ], [ -66.910298, 18.2824 ], [ -66.909549, 18.293102 ], [ -66.909974, 18.295211 ], [ -66.910263, 18.296751 ], [ -66.909977, 18.302636 ], [ -66.905688, 18.31562 ], [ -66.905026, 18.319617 ], [ -66.904726, 18.32161 ], [ -66.904534, 18.322636 ], [ -66.898022, 18.342695 ], [ -66.896415, 18.348905 ], [ -66.891918, 18.365297 ], [ -66.892853, 18.366627 ], [ -66.893339, 18.367089 ], [ -66.89138, 18.368071 ], [ -66.8872, 18.367001 ], [ -66.885757, 18.367152 ], [ -66.884952, 18.365857 ], [ -66.882193, 18.36459 ], [ -66.880675, 18.362451 ], [ -66.880633, 18.360501 ], [ -66.878541, 18.35861 ], [ -66.877611, 18.358325 ], [ -66.877155, 18.357912 ], [ -66.876876, 18.356774 ], [ -66.873457, 18.356876 ], [ -66.871446, 18.356112 ], [ -66.86299, 18.356064 ], [ -66.862903, 18.356058 ], [ -66.854737, 18.355335 ], [ -66.853232, 18.354994 ], [ -66.851685, 18.353884 ], [ -66.848462, 18.353682 ], [ -66.846399, 18.351165 ], [ -66.842901, 18.350373 ], [ -66.836853, 18.348376 ], [ -66.828738, 18.344375 ], [ -66.824223, 18.342998 ], [ -66.824828, 18.335066 ], [ -66.824815, 18.333566 ], [ -66.826128, 18.323382 ], [ -66.82498, 18.322285 ], [ -66.824991, 18.320177 ], [ -66.82342, 18.318332 ], [ -66.827431, 18.314638 ], [ -66.827198, 18.313943 ], [ -66.826859, 18.312165 ], [ -66.824327, 18.310559 ], [ -66.825255, 18.309256 ], [ -66.824841, 18.305255 ], [ -66.82365, 18.303328 ], [ -66.826325, 18.302277 ], [ -66.8267, 18.300519 ], [ -66.825888, 18.298354 ], [ -66.826565, 18.295555 ], [ -66.824855, 18.295761 ], [ -66.82505, 18.294891 ], [ -66.825835, 18.293972 ], [ -66.826527, 18.29187 ], [ -66.826243, 18.29104 ], [ -66.827516, 18.289365 ], [ -66.828693, 18.288883 ], [ -66.82975, 18.287373 ], [ -66.829802, 18.285556 ], [ -66.831215, 18.285175 ], [ -66.828851, 18.284895 ], [ -66.829836, 18.283211 ], [ -66.828601, 18.282835 ], [ -66.829893, 18.280954 ], [ -66.830839, 18.280476 ], [ -66.830253, 18.27915 ], [ -66.830484, 18.277751 ], [ -66.827265, 18.277893 ], [ -66.826881, 18.276301 ], [ -66.827606, 18.276021 ], [ -66.827121, 18.272805 ], [ -66.828509, 18.27101 ], [ -66.828759, 18.269083 ], [ -66.825382, 18.266881 ], [ -66.82616, 18.26444 ], [ -66.824887, 18.262972 ], [ -66.825896, 18.262416 ], [ -66.827562, 18.260158 ], [ -66.826139, 18.257034 ], [ -66.826188, 18.254813 ], [ -66.825568, 18.253643 ], [ -66.826687, 18.25312 ], [ -66.826764, 18.25055 ], [ -66.826346, 18.249265 ], [ -66.826927, 18.247624 ], [ -66.827209, 18.244096 ], [ -66.825706, 18.244294 ], [ -66.82418, 18.243348 ], [ -66.824189, 18.242022 ], [ -66.823314, 18.240816 ], [ -66.823511, 18.23971 ], [ -66.820308, 18.236837 ], [ -66.817558, 18.235424 ], [ -66.817133, 18.23446 ], [ -66.817271, 18.230336 ], [ -66.817598, 18.230437 ], [ -66.820313, 18.231032 ], [ -66.823104, 18.232325 ], [ -66.825683, 18.232624 ], [ -66.829142, 18.231802 ], [ -66.832696, 18.229099 ], [ -66.833263, 18.228021 ], [ -66.832175, 18.226201 ], [ -66.83058, 18.2251 ], [ -66.829385, 18.223154 ], [ -66.829792, 18.219989 ], [ -66.830634, 18.221005 ], [ -66.83295, 18.221165 ], [ -66.834092, 18.220317 ], [ -66.834978, 18.218186 ], [ -66.83376, 18.216524 ], [ -66.834057, 18.214814 ], [ -66.832871, 18.214859 ], [ -66.835256, 18.209981 ], [ -66.836192, 18.209139 ], [ -66.834953, 18.20747 ], [ -66.834093, 18.202797 ], [ -66.834519, 18.201748 ], [ -66.834795, 18.198514 ], [ -66.832735, 18.195672 ], [ -66.833579, 18.194256 ], [ -66.837235, 18.192707 ], [ -66.835888, 18.19043 ], [ -66.835556, 18.187197 ], [ -66.836209, 18.1856 ], [ -66.834486, 18.184521 ], [ -66.834894, 18.1826 ], [ -66.833012, 18.18215 ], [ -66.831926, 18.179902 ], [ -66.828447, 18.179104 ], [ -66.827299, 18.178071 ], [ -66.826848, 18.17653 ], [ -66.827467, 18.174538 ], [ -66.824803, 18.173754 ], [ -66.825456, 18.172363 ], [ -66.826834, 18.172138 ], [ -66.827327, 18.171242 ], [ -66.828278, 18.170427 ], [ -66.830798, 18.171018 ], [ -66.832474, 18.170514 ], [ -66.83676, 18.170553 ], [ -66.84367, 18.171511 ], [ -66.846991, 18.171467 ], [ -66.850765, 18.170357 ], [ -66.851584, 18.171117 ], [ -66.853533, 18.171167 ], [ -66.854113, 18.171805 ], [ -66.855794, 18.171515 ], [ -66.85662, 18.172364 ], [ -66.857436, 18.171804 ], [ -66.858808, 18.173593 ], [ -66.86287, 18.173808 ], [ -66.862127, 18.175616 ], [ -66.86083, 18.17485 ], [ -66.860346, 18.175901 ], [ -66.862505, 18.178149 ], [ -66.862601, 18.181414 ], [ -66.864305, 18.181719 ], [ -66.862758, 18.184266 ], [ -66.86378, 18.18438 ], [ -66.863991, 18.186748 ], [ -66.865613, 18.185664 ], [ -66.866056, 18.186527 ], [ -66.867669, 18.187311 ], [ -66.870754, 18.187157 ], [ -66.874633, 18.187015 ], [ -66.875674, 18.18737 ], [ -66.894704, 18.187255 ], [ -66.896663, 18.187411 ], [ -66.897964, 18.187744 ], [ -66.904813, 18.208192 ], [ -66.91163, 18.228303 ], [ -66.912859, 18.233009 ] ] ] ] } },
{ "type": "Feature", "properties": { "STATEFP": "72", "COUNTYFP": "093", "COUNTYNS": "01804527", "GEOIDFQ": "0500000US72093", "GEOID": "72093", "NAME": "Maricao", "NAMELSAD": "Maricao Municipio", "STUSPS": "PR", "STATE_NAME": "Puerto Rico", "LSAD": "13", "ALAND": 94852003.0, "AWATER": 12228.0 }, "geometry": { "type": "MultiPolygon", "coordinates": [ [ [ [ -67.05134, 18.174734 ], [ -67.051177, 18.177502 ], [ -67.049858, 18.176435 ], [ -67.049122, 18.177453 ], [ -67.0463, 18.176283 ], [ -67.045378, 18.176301 ], [ -67.043328, 18.177343 ], [ -67.041287, 18.177705 ], [ -67.040649, 18.178503 ], [ -67.041734, 18.180596 ], [ -67.038954, 18.181275 ], [ -67.03797, 18.180623 ], [ -67.036587, 18.181073 ], [ -67.034426, 18.180659 ], [ -67.033643, 18.181306 ], [ -67.033826, 18.182669 ], [ -67.035554, 18.183252 ], [ -67.034521, 18.185519 ], [ -67.031116, 18.184908 ], [ -67.028947, 18.185716 ], [ -67.027415, 18.185683 ], [ -67.024372, 18.184668 ], [ -67.023122, 18.186049 ], [ -67.019502, 18.186847 ], [ -67.01821, 18.187902 ], [ -67.017388, 18.189899 ], [ -67.019836, 18.195471 ], [ -67.003803, 18.193501 ], [ -67.002658, 18.195902 ], [ -67.000665, 18.1976 ], [ -66.998386, 18.197215 ], [ -66.995761, 18.197519 ], [ -66.994131, 18.198866 ], [ -66.992756, 18.198948 ], [ -66.990936, 18.2004 ], [ -66.98899, 18.205448 ], [ -66.986673, 18.204933 ], [ -66.979625, 18.20684 ], [ -66.97911, 18.207663 ], [ -66.977474, 18.207773 ], [ -66.974788, 18.20586 ], [ -66.974225, 18.206203 ], [ -66.973487, 18.205087 ], [ -66.970213, 18.204746 ], [ -66.969111, 18.206597 ], [ -66.966995, 18.206658 ], [ -66.965998, 18.206061 ], [ -66.96185, 18.205736 ], [ -66.958076, 18.20427 ], [ -66.959006, 18.201964 ], [ -66.958341, 18.199675 ], [ -66.956982, 18.200334 ], [ -66.953063, 18.200037 ], [ -66.950873, 18.201598 ], [ -66.948537, 18.201685 ], [ -66.94591, 18.201427 ], [ -66.94586, 18.199371 ], [ -66.942184, 18.198608 ], [ -66.914912, 18.192082 ], [ -66.914738, 18.192035 ], [ -66.897964, 18.187744 ], [ -66.896663, 18.187411 ], [ -66.894704, 18.187255 ], [ -66.875674, 18.18737 ], [ -66.874633, 18.187015 ], [ -66.870754, 18.187157 ], [ -66.867669, 18.187311 ], [ -66.866056, 18.186527 ], [ -66.865613, 18.185664 ], [ -66.863991, 18.186748 ], [ -66.86378, 18.18438 ], [ -66.862758, 18.184266 ], [ -66.864305, 18.181719 ], [ -66.862601, 18.181414 ], [ -66.862505, 18.178149 ], [ -66.860346, 18.175901 ], [ -66.86083, 18.17485 ], [ -66.862127, 18.175616 ], [ -66.86287, 18.173808 ], [ -66.858808, 18.173593 ], [ -66.857436, 18.171804 ], [ -66.85662, 18.172364 ], [ -66.855794, 18.171515 ], [ -66.854113, 18.171805 ], [ -66.853533, 18.171167 ], [ -66.851584, 18.171117 ], [ -66.850765, 18.170357 ], [ -66.846991, 18.171467 ], [ -66.84367, 18.171511 ], [ -66.83676, 18.170553 ], [ -66.837537, 18.168173 ], [ -66.838435, 18.167067 ], [ -66.84065, 18.165751 ], [ -66.840985, 18.164616 ], [ -66.842883, 18.164232 ], [ -66.844003, 18.161037 ], [ -66.844888, 18.162056 ], [ -66.84757, 18.162198 ], [ -66.85012, 18.162886 ], [ -66.854553, 18.145152 ], [ -66.855593, 18.143567 ], [ -66.856158, 18.139264 ], [ -66.858513, 18.137981 ], [ -66.859658, 18.138137 ], [ -66.863983, 18.138224 ], [ -66.865724, 18.138901 ], [ -66.870215, 18.138936 ], [ -66.872686, 18.141668 ], [ -66.875288, 18.142392 ], [ -66.876313, 18.143252 ], [ -66.87634, 18.144651 ], [ -66.878533, 18.146944 ], [ -66.88272, 18.148948 ], [ -66.884879, 18.151507 ], [ -66.887886, 18.153383 ], [ -66.889733, 18.152303 ], [ -66.890682, 18.148364 ], [ -66.891701, 18.147763 ], [ -66.895212, 18.148609 ], [ -66.898754, 18.147082 ], [ -66.901236, 18.146352 ], [ -66.903806, 18.146363 ], [ -66.905134, 18.148105 ], [ -66.907473, 18.149366 ], [ -66.909497, 18.149389 ], [ -66.91037, 18.151152 ], [ -66.912216, 18.151433 ], [ -66.913988, 18.152562 ], [ -66.915609, 18.154265 ], [ -66.918076, 18.153752 ], [ -66.919425, 18.154024 ], [ -66.920765, 18.153409 ], [ -66.921432, 18.152504 ], [ -66.926517, 18.151267 ], [ -66.927457, 18.151434 ], [ -66.929444, 18.149141 ], [ -66.93154, 18.149929 ], [ -66.934394, 18.150148 ], [ -66.934629, 18.148548 ], [ -66.93731, 18.148639 ], [ -66.939065, 18.147855 ], [ -66.943554, 18.148979 ], [ -66.945469, 18.147746 ], [ -66.946844, 18.148162 ], [ -66.947691, 18.147377 ], [ -66.952093, 18.146112 ], [ -66.953644, 18.14662 ], [ -66.958127, 18.145714 ], [ -66.960424, 18.145907 ], [ -66.963995, 18.148294 ], [ -66.964291, 18.147055 ], [ -66.968822, 18.144014 ], [ -66.970479, 18.141992 ], [ -66.971866, 18.14154 ], [ -66.97554, 18.143395 ], [ -66.977855, 18.143799 ], [ -66.979974, 18.144502 ], [ -66.981264, 18.146345 ], [ -66.985574, 18.149245 ], [ -66.987838, 18.149612 ], [ -66.989456, 18.148581 ], [ -66.991302, 18.150903 ], [ -66.992896, 18.150781 ], [ -66.993587, 18.152835 ], [ -66.995149, 18.155482 ], [ -66.999622, 18.157265 ], [ -67.001552, 18.156886 ], [ -67.002329, 18.156849 ], [ -67.005324, 18.157507 ], [ -67.007034, 18.159005 ], [ -67.0096, 18.158915 ], [ -67.00981, 18.160784 ], [ -67.012377, 18.162419 ], [ -67.013844, 18.165874 ], [ -67.015433, 18.166113 ], [ -67.018026, 18.165214 ], [ -67.020214, 18.16577 ], [ -67.021409, 18.166075 ], [ -67.024143, 18.165558 ], [ -67.026724, 18.166698 ], [ -67.029359, 18.166932 ], [ -67.02994, 18.16746 ], [ -67.035077, 18.167998 ], [ -67.036882, 18.168522 ], [ -67.040732, 18.168513 ], [ -67.042402, 18.169642 ], [ -67.044337, 18.169449 ], [ -67.045163, 18.170459 ], [ -67.047487, 18.171129 ], [ -67.047016, 18.172492 ], [ -67.048139, 18.171891 ], [ -67.04908, 18.173452 ], [ -67.051461, 18.174053 ], [ -67.05134, 18.174734 ] ] ] ] } },
{ "type": "Feature", "properties": { "STATEFP": "72", "COUNTYFP": "083", "COUNTYNS": "01804522", "GEOIDFQ": "0500000US72083", "GEOID": "72083", "NAME": "Las Marías", "NAMELSAD": "Las Marías Municipio", "STUSPS": "PR", "STATE_NAME": "Puerto Rico", "LSAD": "13", "ALAND": 120071823.0, "AWATER": 376224.0 }, "geometry": { "type": "MultiPolygon", "coordinates": [ [ [ [ -67.082002, 18.254946 ], [ -67.078914, 18.258868 ], [ -67.076207, 18.257736 ], [ -67.074297, 18.254539 ], [ -67.072237, 18.254609 ], [ -67.067445, 18.259047 ], [ -67.065211, 18.261114 ], [ -67.064834, 18.261549 ], [ -67.061828, 18.270082 ], [ -67.058739, 18.269029 ], [ -67.053636, 18.266215 ], [ -67.052142, 18.266073 ], [ -67.051587, 18.266742 ], [ -67.051784, 18.268381 ], [ -67.049004, 18.268898 ], [ -67.045482, 18.270786 ], [ -67.042067, 18.27082 ], [ -67.040245, 18.27207 ], [ -67.04074, 18.276712 ], [ -67.039692, 18.277952 ], [ -67.039581, 18.279826 ], [ -67.040853, 18.281837 ], [ -67.039204, 18.285583 ], [ -67.039398, 18.287639 ], [ -67.038377, 18.288158 ], [ -67.037935, 18.289705 ], [ -67.036199, 18.287975 ], [ -67.032877, 18.289944 ], [ -67.031192, 18.289148 ], [ -67.03286, 18.285648 ], [ -67.034267, 18.284717 ], [ -67.038117, 18.284155 ], [ -67.038662, 18.283317 ], [ -67.039291, 18.28263 ], [ -67.03819, 18.28047 ], [ -67.037, 18.280403 ], [ -67.034052, 18.281849 ], [ -67.032805, 18.282072 ], [ -67.030263, 18.281006 ], [ -67.029105, 18.278915 ], [ -67.027457, 18.278524 ], [ -67.025958, 18.278787 ], [ -67.023878, 18.281474 ], [ -67.022293, 18.281663 ], [ -67.020031, 18.280442 ], [ -67.019665, 18.279189 ], [ -67.018443, 18.276982 ], [ -67.015747, 18.277212 ], [ -67.013059, 18.27933 ], [ -67.011587, 18.278703 ], [ -67.006879, 18.279095 ], [ -67.00566, 18.27911 ], [ -67.001791, 18.276169 ], [ -66.998217, 18.277561 ], [ -66.994251, 18.275707 ], [ -66.992748, 18.275614 ], [ -66.990896, 18.276824 ], [ -66.989383, 18.276851 ], [ -66.986819, 18.27501 ], [ -66.983036, 18.274544 ], [ -66.979645, 18.276001 ], [ -66.977233, 18.274836 ], [ -66.975122, 18.274667 ], [ -66.973, 18.273887 ], [ -66.970434, 18.26862 ], [ -66.97044, 18.266449 ], [ -66.969384, 18.263635 ], [ -66.967247, 18.26363 ], [ -66.965228, 18.265987 ], [ -66.965489, 18.268499 ], [ -66.96508, 18.271262 ], [ -66.961437, 18.270199 ], [ -66.960558, 18.27119 ], [ -66.956729, 18.272127 ], [ -66.953738, 18.271544 ], [ -66.950731, 18.269631 ], [ -66.949703, 18.266777 ], [ -66.948204, 18.266758 ], [ -66.946388, 18.268764 ], [ -66.947945, 18.271521 ], [ -66.94623, 18.273293 ], [ -66.945032, 18.271658 ], [ -66.944078, 18.268245 ], [ -66.941748, 18.266644 ], [ -66.940974, 18.265336 ], [ -66.942632, 18.263312 ], [ -66.943247, 18.26083 ], [ -66.942008, 18.260293 ], [ -66.93975, 18.26256 ], [ -66.938607, 18.261862 ], [ -66.93839, 18.258788 ], [ -66.934203, 18.259077 ], [ -66.933482, 18.258664 ], [ -66.932474, 18.253744 ], [ -66.930663, 18.253768 ], [ -66.928824, 18.254263 ], [ -66.927651, 18.255428 ], [ -66.927949, 18.256943 ], [ -66.92977, 18.256934 ], [ -66.930288, 18.258553 ], [ -66.927435, 18.259315 ], [ -66.924707, 18.260425 ], [ -66.923818, 18.260265 ], [ -66.922551, 18.257557 ], [ -66.919298, 18.25914 ], [ -66.918733, 18.257768 ], [ -66.918935, 18.256456 ], [ -66.918122, 18.255877 ], [ -66.912719, 18.254316 ], [ -66.908541, 18.252072 ], [ -66.907236, 18.25309 ], [ -66.905675, 18.251764 ], [ -66.906789, 18.250475 ], [ -66.90763, 18.247519 ], [ -66.907022, 18.245945 ], [ -66.908368, 18.244315 ], [ -66.90897, 18.241757 ], [ -66.910752, 18.239525 ], [ -66.911578, 18.236916 ], [ -66.912859, 18.233009 ], [ -66.91163, 18.228303 ], [ -66.904813, 18.208192 ], [ -66.897964, 18.187744 ], [ -66.914738, 18.192035 ], [ -66.914912, 18.192082 ], [ -66.942184, 18.198608 ], [ -66.94586, 18.199371 ], [ -66.94591, 18.201427 ], [ -66.948537, 18.201685 ], [ -66.950873, 18.201598 ], [ -66.953063, 18.200037 ], [ -66.956982, 18.200334 ], [ -66.958341, 18.199675 ], [ -66.959006, 18.201964 ], [ -66.958076, 18.20427 ], [ -66.96185, 18.205736 ], [ -66.965998, 18.206061 ], [ -66.966995, 18.206658 ], [ -66.969111, 18.206597 ], [ -66.970213, 18.204746 ], [ -66.973487, 18.205087 ], [ -66.974225, 18.206203 ], [ -66.974788, 18.20586 ], [ -66.977474, 18.207773 ], [ -66.97911, 18.207663 ], [ -66.979625, 18.20684 ], [ -66.986673, 18.204933 ], [ -66.98899, 18.205448 ], [ -66.990936, 18.2004 ], [ -66.992756, 18.198948 ], [ -66.994131, 18.198866 ], [ -66.995761, 18.197519 ], [ -66.998386, 18.197215 ], [ -67.000665, 18.1976 ], [ -67.002658, 18.195902 ], [ -67.003803, 18.193501 ], [ -67.019836, 18.195471 ], [ -67.020691, 18.198266 ], [ -67.019577, 18.200674 ], [ -67.0189, 18.204271 ], [ -67.025137, 18.205596 ], [ -67.027784, 18.208506 ], [ -67.031014, 18.209048 ], [ -67.033163, 18.208305 ], [ -67.032965, 18.218086 ], [ -67.034442, 18.218473 ], [ -67.03594, 18.219458 ], [ -67.037063, 18.219835 ], [ -67.038063, 18.221605 ], [ -67.04013, 18.222392 ], [ -67.040772, 18.223635 ], [ -67.04397, 18.22385 ], [ -67.045964, 18.224582 ], [ -67.046921, 18.226625 ], [ -67.050354, 18.227478 ], [ -67.052088, 18.230601 ], [ -67.051356, 18.233504 ], [ -67.052876, 18.237105 ], [ -67.054863, 18.239669 ], [ -67.056605, 18.240015 ], [ -67.056916, 18.242729 ], [ -67.055921, 18.245357 ], [ -67.057361, 18.246141 ], [ -67.059032, 18.245163 ], [ -67.061818, 18.244856 ], [ -67.066438, 18.247399 ], [ -67.067437, 18.24635 ], [ -67.071121, 18.248902 ], [ -67.074171, 18.247858 ], [ -67.075447, 18.24854 ], [ -67.078873, 18.252706 ], [ -67.081554, 18.254849 ], [ -67.082002, 18.254946 ] ] ] ] } },
{ "type": "Feature", "properties": { "STATEFP": "72", "COUNTYFP": "065", "COUNTYNS": "01804513", "GEOIDFQ": "0500000US72065", "GEOID": "72065", "NAME": "Hatillo", "NAMELSAD": "Hatillo Municipio", "STUSPS": "PR", "STATE_NAME": "Puerto Rico", "LSAD": "13", "ALAND": 108200656.0, "AWATER": 43988738.0 }, "geometry": { "type": "MultiPolygon", "coordinates": [ [ [ [ -66.838705, 18.483751 ], [ -66.837, 18.48426 ], [ -66.83581, 18.486599 ], [ -66.836267250621901, 18.4870540089915 ], [ -66.8293550322812, 18.486947203456399 ], [ -66.828315028344306, 18.486931133625902 ], [ -66.826559, 18.486904 ], [ -66.823702, 18.490877 ], [ -66.823316764371796, 18.4908826342457 ], [ -66.818920192883297, 18.4909469360963 ], [ -66.815890861857397, 18.490991241435399 ], [ -66.811041245429294, 18.491062169273501 ], [ -66.807429, 18.491115 ], [ -66.805586377983104, 18.491489338838001 ], [ -66.803134040676497, 18.491987544703999 ], [ -66.800774, 18.492467 ], [ -66.793007915817995, 18.492780535401099 ], [ -66.792668201919895, 18.492794250464101 ], [ -66.789603, 18.492918 ], [ -66.786990626668995, 18.492436194820399 ], [ -66.782247157405706, 18.4915613474037 ], [ -66.781047, 18.49134 ], [ -66.770113, 18.486832 ], [ -66.769422188162096, 18.4864225089066 ], [ -66.764997785556403, 18.483799864995198 ], [ -66.76799, 18.478246 ], [ -66.767807, 18.476512 ], [ -66.768636, 18.473241 ], [ -66.768348, 18.471098 ], [ -66.768632, 18.470703 ], [ -66.769169, 18.469062 ], [ -66.768148, 18.465663 ], [ -66.768189, 18.461465 ], [ -66.767281, 18.461651 ], [ -66.767628, 18.451719 ], [ -66.768101, 18.446658 ], [ -66.768317, 18.443957 ], [ -66.768871, 18.442219 ], [ -66.770658, 18.435952 ], [ -66.770142, 18.433862 ], [ -66.768977, 18.43244 ], [ -66.767942, 18.427246 ], [ -66.768004, 18.424151 ], [ -66.767973, 18.420905 ], [ -66.767838, 18.415844 ], [ -66.769518, 18.409576 ], [ -66.770094, 18.407875 ], [ -66.769983, 18.405538 ], [ -66.767767, 18.39484 ], [ -66.76772, 18.39463 ], [ -66.767172, 18.392097 ], [ -66.767269, 18.389895 ], [ -66.768981, 18.374116 ], [ -66.76911, 18.373004 ], [ -66.769488, 18.358264 ], [ -66.769261, 18.355365 ], [ -66.770072, 18.325013 ], [ -66.770363, 18.320645 ], [ -66.785096, 18.32146 ], [ -66.794023, 18.321861 ], [ -66.794824, 18.3219 ], [ -66.825621, 18.323298 ], [ -66.826128, 18.323382 ], [ -66.824815, 18.333566 ], [ -66.824828, 18.335066 ], [ -66.824223, 18.342998 ], [ -66.821687, 18.347676 ], [ -66.820161, 18.350533 ], [ -66.819029, 18.352656 ], [ -66.81905, 18.354044 ], [ -66.821102, 18.356441 ], [ -66.820964, 18.357481 ], [ -66.819796, 18.359257 ], [ -66.820075, 18.361308 ], [ -66.818273, 18.361643 ], [ -66.816034, 18.363717 ], [ -66.815044, 18.369572 ], [ -66.814336, 18.370802 ], [ -66.814471, 18.376115 ], [ -66.813024, 18.380676 ], [ -66.8129, 18.383319 ], [ -66.812338, 18.384676 ], [ -66.810603, 18.387031 ], [ -66.811992, 18.388765 ], [ -66.81279, 18.389541 ], [ -66.813974, 18.390218 ], [ -66.81576, 18.3915 ], [ -66.817293, 18.393758 ], [ -66.817856, 18.396341 ], [ -66.81676, 18.398548 ], [ -66.817139, 18.400388 ], [ -66.816745, 18.402352 ], [ -66.81724, 18.404036 ], [ -66.819553, 18.404215 ], [ -66.821211, 18.405435 ], [ -66.823643, 18.412465 ], [ -66.823465, 18.413167 ], [ -66.820993, 18.414476 ], [ -66.820913, 18.416411 ], [ -66.822144, 18.416637 ], [ -66.824243, 18.418237 ], [ -66.825004, 18.420596 ], [ -66.823918, 18.424666 ], [ -66.825335, 18.425799 ], [ -66.826322, 18.428144 ], [ -66.825965, 18.430667 ], [ -66.82689, 18.433164 ], [ -66.828913, 18.435595 ], [ -66.827856, 18.437564 ], [ -66.825784, 18.438197 ], [ -66.825999, 18.442478 ], [ -66.826063, 18.444171 ], [ -66.824707, 18.44697 ], [ -66.82673, 18.447888 ], [ -66.826899, 18.450035 ], [ -66.825601, 18.450705 ], [ -66.825953, 18.454512 ], [ -66.826457, 18.457583 ], [ -66.829323, 18.457803 ], [ -66.831742, 18.46029 ], [ -66.832688, 18.463541 ], [ -66.830348, 18.464782 ], [ -66.830343, 18.46732 ], [ -66.82956, 18.46825 ], [ -66.830545, 18.469848 ], [ -66.829164, 18.470487 ], [ -66.830161, 18.471569 ], [ -66.829406, 18.472959 ], [ -66.832179, 18.472161 ], [ -66.83318, 18.473666 ], [ -66.835167, 18.473753 ], [ -66.835353, 18.477841 ], [ -66.834321, 18.478727 ], [ -66.835199, 18.479734 ], [ -66.83671, 18.479832 ], [ -66.837558, 18.48058 ], [ -66.837639, 18.480877 ], [ -66.837721, 18.482393 ], [ -66.838705, 18.483751 ] ] ] ] } },
{ "type": "Feature", "properties": { "STATEFP": "72", "COUNTYFP": "003", "COUNTYNS": "01804481", "GEOIDFQ": "0500000US72003", "GEOID": "72003", "NAME": "Aguada", "NAMELSAD": "Aguada Municipio", "STUSPS": "PR", "STATE_NAME": "Puerto Rico", "LSAD": "13", "ALAND": 79923635.0, "AWATER": 38025989.0 }, "geometry": { "type": "MultiPolygon", "coordinates": [ [ [ [ -67.239148471953101, 18.375504002581501 ], [ -67.228033, 18.378006 ], [ -67.224098366539394, 18.379474813817701 ], [ -67.218084, 18.38172 ], [ -67.214327071899604, 18.383653668630402 ], [ -67.213539987079997, 18.384058776522998 ], [ -67.212935709931699, 18.384369794390398 ], [ -67.211857, 18.384925 ], [ -67.198257911339098, 18.391111445752301 ], [ -67.193957, 18.393068 ], [ -67.1911677706495, 18.3967498820918 ], [ -67.191148779146303, 18.396774951552398 ], [ -67.190653514517194, 18.397428718503701 ], [ -67.188342, 18.40048 ], [ -67.177023886175903, 18.405651072830601 ], [ -67.176722, 18.405789 ], [ -67.169788248827203, 18.409448346679799 ], [ -67.168706191575296, 18.4100194116795 ], [ -67.163699, 18.412662 ], [ -67.160105012620903, 18.415568051621602 ], [ -67.158595, 18.414723 ], [ -67.158695, 18.413749 ], [ -67.160643, 18.412766 ], [ -67.162208, 18.410241 ], [ -67.159456, 18.410338 ], [ -67.156365, 18.412487 ], [ -67.15758, 18.409438 ], [ -67.158737, 18.409803 ], [ -67.159338, 18.408326 ], [ -67.157069, 18.40755 ], [ -67.157069, 18.405347 ], [ -67.157997, 18.404534 ], [ -67.157478, 18.403158 ], [ -67.155892, 18.402013 ], [ -67.155084, 18.399568 ], [ -67.15358, 18.399359 ], [ -67.153626, 18.398929 ], [ -67.155637, 18.398471 ], [ -67.154656, 18.397164 ], [ -67.156257, 18.39584 ], [ -67.156261, 18.393537 ], [ -67.153622, 18.394945 ], [ -67.152818, 18.394431 ], [ -67.151125, 18.393521 ], [ -67.150866, 18.392582 ], [ -67.149792, 18.392187 ], [ -67.148277, 18.393713 ], [ -67.146907, 18.392092 ], [ -67.144253, 18.392809 ], [ -67.144172, 18.391505 ], [ -67.142748, 18.39085 ], [ -67.140879, 18.391967 ], [ -67.141474, 18.389702 ], [ -67.140527, 18.38834 ], [ -67.138512, 18.386879 ], [ -67.134693, 18.38609 ], [ -67.133136, 18.387115 ], [ -67.133758, 18.388125 ], [ -67.13221, 18.389391 ], [ -67.132171, 18.387789 ], [ -67.13111, 18.381342 ], [ -67.130375, 18.381195 ], [ -67.129443, 18.377599 ], [ -67.130838, 18.375315 ], [ -67.130687, 18.373003 ], [ -67.126651, 18.371447 ], [ -67.127378, 18.367395 ], [ -67.128005, 18.366199 ], [ -67.128629, 18.365545 ], [ -67.127332, 18.360587 ], [ -67.128012, 18.356734 ], [ -67.128124, 18.353859 ], [ -67.12934, 18.352391 ], [ -67.131525, 18.350897 ], [ -67.131719, 18.348606 ], [ -67.134151, 18.347538 ], [ -67.134515, 18.346514 ], [ -67.133582, 18.342297 ], [ -67.133028, 18.340682 ], [ -67.131865, 18.340134 ], [ -67.130979, 18.335065 ], [ -67.134138, 18.330531 ], [ -67.130389, 18.325143 ], [ -67.129971, 18.32217 ], [ -67.130167, 18.317927 ], [ -67.130849, 18.317511 ], [ -67.132888, 18.317797 ], [ -67.137414, 18.316845 ], [ -67.13868, 18.31806 ], [ -67.140854, 18.320245 ], [ -67.141454, 18.321619 ], [ -67.14376, 18.322613 ], [ -67.145774, 18.322665 ], [ -67.146436, 18.322171 ], [ -67.148707, 18.322239 ], [ -67.150788, 18.31997 ], [ -67.152652, 18.320426 ], [ -67.157551, 18.319195 ], [ -67.160691, 18.31753 ], [ -67.16099, 18.316072 ], [ -67.164943, 18.315364 ], [ -67.165613, 18.315422 ], [ -67.167883, 18.316749 ], [ -67.170326, 18.315849 ], [ -67.173532, 18.318029 ], [ -67.173828, 18.318064 ], [ -67.174187, 18.317501 ], [ -67.178933, 18.315341 ], [ -67.182218, 18.314308 ], [ -67.182852, 18.313026 ], [ -67.185279, 18.312914 ], [ -67.186402, 18.315481 ], [ -67.187461, 18.315751 ], [ -67.189243, 18.31964 ], [ -67.189558, 18.322876 ], [ -67.193905, 18.324265 ], [ -67.196713, 18.326176 ], [ -67.195748, 18.330598 ], [ -67.198087, 18.331802 ], [ -67.20082, 18.332052 ], [ -67.203123, 18.33327 ], [ -67.203881, 18.334209 ], [ -67.205785, 18.335808 ], [ -67.209193, 18.335888 ], [ -67.210993, 18.336719 ], [ -67.211965, 18.33964 ], [ -67.213957, 18.341301 ], [ -67.215174, 18.341354 ], [ -67.21701, 18.342707 ], [ -67.219897, 18.342639 ], [ -67.219463, 18.345218 ], [ -67.219911, 18.346129 ], [ -67.222895, 18.34539 ], [ -67.225625, 18.349336 ], [ -67.227336, 18.348766 ], [ -67.226707, 18.351139 ], [ -67.225434, 18.35029 ], [ -67.225126, 18.351984 ], [ -67.223838, 18.352576 ], [ -67.224444, 18.355532 ], [ -67.224799, 18.355722 ], [ -67.228227, 18.361731 ], [ -67.226738, 18.36292 ], [ -67.228185, 18.364444 ], [ -67.229213, 18.363737 ], [ -67.230492, 18.36409 ], [ -67.231969, 18.366443 ], [ -67.235655, 18.368862 ], [ -67.235199, 18.371331 ], [ -67.237069, 18.37089 ], [ -67.238891, 18.372744 ], [ -67.239148471953101, 18.375504002581501 ] ] ] ] } },
{ "type": "Feature", "properties": { "STATEFP": "72", "COUNTYFP": "029", "COUNTYNS": "01804494", "GEOIDFQ": "0500000US72029", "GEOID": "72029", "NAME": "Canóvanas", "NAMELSAD": "Canóvanas Municipio", "STUSPS": "PR", "STATE_NAME": "Puerto Rico", "LSAD": "13", "ALAND": 85130269.0, "AWATER": 362179.0 }, "geometry": { "type": "MultiPolygon", "coordinates": [ [ [ [ -65.931044, 18.394169 ], [ -65.929781, 18.395915 ], [ -65.926706, 18.396848 ], [ -65.926773, 18.398083 ], [ -65.924131, 18.401583 ], [ -65.922208, 18.401546 ], [ -65.919318, 18.400277 ], [ -65.919278, 18.402993 ], [ -65.914495, 18.405626 ], [ -65.910381, 18.401724 ], [ -65.909683, 18.401062 ], [ -65.89993, 18.413682 ], [ -65.893292, 18.411602 ], [ -65.891302, 18.41157 ], [ -65.887964, 18.411537 ], [ -65.879613, 18.410596 ], [ -65.873975, 18.408962 ], [ -65.869949, 18.408915 ], [ -65.869881, 18.405741 ], [ -65.871668, 18.404938 ], [ -65.871506, 18.400549 ], [ -65.872584, 18.40059 ], [ -65.872739, 18.396168 ], [ -65.87388, 18.392729 ], [ -65.873728, 18.390792 ], [ -65.8756, 18.389217 ], [ -65.876093, 18.387765 ], [ -65.875956, 18.385295 ], [ -65.876602, 18.382447 ], [ -65.876502, 18.378681 ], [ -65.87273, 18.37846 ], [ -65.867447, 18.378198 ], [ -65.868323, 18.376174 ], [ -65.872688, 18.375287 ], [ -65.872626, 18.374214 ], [ -65.874179, 18.373005 ], [ -65.873487, 18.372095 ], [ -65.872871, 18.369517 ], [ -65.873932, 18.367591 ], [ -65.873661, 18.365788 ], [ -65.876166, 18.363656 ], [ -65.876686, 18.362905 ], [ -65.87671, 18.361511 ], [ -65.874708, 18.359108 ], [ -65.875866, 18.356494 ], [ -65.876136, 18.355586 ], [ -65.874404, 18.351573 ], [ -65.874415, 18.348534 ], [ -65.874577, 18.346553 ], [ -65.875124, 18.345632 ], [ -65.872615, 18.343761 ], [ -65.873819, 18.340633 ], [ -65.8717, 18.33953 ], [ -65.873172, 18.337231 ], [ -65.872836, 18.335166 ], [ -65.87219, 18.334511 ], [ -65.868114, 18.333202 ], [ -65.866996, 18.332346 ], [ -65.862761, 18.32149 ], [ -65.864246, 18.319705 ], [ -65.864656, 18.317778 ], [ -65.869662, 18.317152 ], [ -65.869691, 18.316602 ], [ -65.869856, 18.312454 ], [ -65.869429, 18.311337 ], [ -65.868696, 18.309322 ], [ -65.864068, 18.309429 ], [ -65.863934, 18.307518 ], [ -65.864765, 18.306978 ], [ -65.862594, 18.303247 ], [ -65.863648, 18.302359 ], [ -65.864103, 18.300153 ], [ -65.865341, 18.298745 ], [ -65.86545, 18.29746 ], [ -65.867031, 18.296965 ], [ -65.866771, 18.296208 ], [ -65.86824, 18.293864 ], [ -65.863755, 18.293984 ], [ -65.862382, 18.293467 ], [ -65.860624, 18.291718 ], [ -65.859173, 18.288908 ], [ -65.857381, 18.288218 ], [ -65.854245, 18.285379 ], [ -65.849451, 18.282323 ], [ -65.846768, 18.281889 ], [ -65.845601, 18.27875 ], [ -65.842151, 18.27913 ], [ -65.841621, 18.277256 ], [ -65.838908, 18.276929 ], [ -65.836387, 18.275246 ], [ -65.838595, 18.273689 ], [ -65.839386, 18.271074 ], [ -65.839854, 18.265696 ], [ -65.842097, 18.264395 ], [ -65.844846, 18.260473 ], [ -65.845735, 18.259727 ], [ -65.846289, 18.258083 ], [ -65.850297, 18.256045 ], [ -65.851792, 18.255532 ], [ -65.852616, 18.254972 ], [ -65.856511, 18.255706 ], [ -65.857891, 18.256678 ], [ -65.861558, 18.256928 ], [ -65.865142, 18.255973 ], [ -65.867673, 18.253141 ], [ -65.870116, 18.253557 ], [ -65.873997, 18.252738 ], [ -65.87808, 18.255874 ], [ -65.88038, 18.256664 ], [ -65.881641, 18.256626 ], [ -65.8833, 18.257607 ], [ -65.885969, 18.260318 ], [ -65.886698, 18.260392 ], [ -65.889216, 18.261757 ], [ -65.896942, 18.261209 ], [ -65.899893, 18.262683 ], [ -65.903283, 18.263767 ], [ -65.90414, 18.265043 ], [ -65.906177, 18.265548 ], [ -65.909968, 18.264825 ], [ -65.910952, 18.265106 ], [ -65.916256, 18.268722 ], [ -65.918088, 18.269607 ], [ -65.918535, 18.27013 ], [ -65.911832, 18.271879 ], [ -65.908703, 18.271219 ], [ -65.907258, 18.272172 ], [ -65.907315, 18.273493 ], [ -65.90875, 18.274562 ], [ -65.909384, 18.276337 ], [ -65.909014, 18.279212 ], [ -65.909974, 18.280735 ], [ -65.909099, 18.282918 ], [ -65.909791, 18.285606 ], [ -65.911034, 18.285574 ], [ -65.911677, 18.287216 ], [ -65.913343, 18.287184 ], [ -65.915617, 18.293802 ], [ -65.91508, 18.295264 ], [ -65.913414, 18.295718 ], [ -65.912896, 18.29404 ], [ -65.910601, 18.295177 ], [ -65.908584, 18.295291 ], [ -65.907077, 18.29658 ], [ -65.906035, 18.298309 ], [ -65.907115, 18.297809 ], [ -65.909414, 18.299089 ], [ -65.909347, 18.302166 ], [ -65.91036, 18.304336 ], [ -65.910709, 18.307225 ], [ -65.909144, 18.308633 ], [ -65.905466, 18.308879 ], [ -65.904386, 18.310196 ], [ -65.904669, 18.312287 ], [ -65.90584, 18.315424 ], [ -65.904104, 18.315366 ], [ -65.901782, 18.316158 ], [ -65.902013, 18.316626 ], [ -65.903636, 18.316332 ], [ -65.903971, 18.317621 ], [ -65.903141, 18.320657 ], [ -65.905321, 18.323138 ], [ -65.908178, 18.32274 ], [ -65.908793, 18.323198 ], [ -65.909518, 18.326629 ], [ -65.909287, 18.327917 ], [ -65.905834, 18.331705 ], [ -65.906756, 18.332962 ], [ -65.90615, 18.336837 ], [ -65.906563, 18.337814 ], [ -65.909368, 18.340809 ], [ -65.908002, 18.343654 ], [ -65.909904, 18.345519 ], [ -65.911197, 18.343827 ], [ -65.913219, 18.343157 ], [ -65.9139, 18.344813 ], [ -65.915351, 18.342997 ], [ -65.916926, 18.344543 ], [ -65.919774, 18.345125 ], [ -65.919355, 18.346556 ], [ -65.916768, 18.347418 ], [ -65.915716, 18.348487 ], [ -65.915955, 18.349725 ], [ -65.917507, 18.350243 ], [ -65.916239, 18.351642 ], [ -65.915865, 18.35415 ], [ -65.91779, 18.357984 ], [ -65.916605, 18.360333 ], [ -65.918632, 18.361683 ], [ -65.91768, 18.363231 ], [ -65.917637, 18.366973 ], [ -65.917097, 18.367765 ], [ -65.917118, 18.37 ], [ -65.919261, 18.372224 ], [ -65.917966, 18.373706 ], [ -65.916751, 18.373348 ], [ -65.916295, 18.376953 ], [ -65.91309, 18.378869 ], [ -65.916544, 18.380058 ], [ -65.916264, 18.381708 ], [ -65.914846, 18.382472 ], [ -65.918848, 18.384203 ], [ -65.922388, 18.386876 ], [ -65.923708, 18.385853 ], [ -65.928961, 18.387116 ], [ -65.928821, 18.391101 ], [ -65.930441, 18.391981 ], [ -65.93134, 18.393679 ], [ -65.931044, 18.394169 ] ] ] ] } },
{ "type": "Feature", "properties": { "STATEFP": "72", "COUNTYFP": "071", "COUNTYNS": "01804516", "GEOIDFQ": "0500000US72071", "GEOID": "72071", "NAME": "Isabela", "NAMELSAD": "Isabela Municipio", "STUSPS": "PR", "STATE_NAME": "Puerto Rico", "LSAD": "13", "ALAND": 143256003.0, "AWATER": 94636772.0 }, "geometry": { "type": "MultiPolygon", "coordinates": [ [ [ [ -67.103216370698803, 18.513352378978599 ], [ -67.098647, 18.515356 ], [ -67.090469, 18.516023 ], [ -67.083954085101894, 18.5144532065327 ], [ -67.081151590851405, 18.513777934908301 ], [ -67.079691, 18.513426 ], [ -67.074106, 18.514781 ], [ -67.068731, 18.512936 ], [ -67.052914418409202, 18.5148140036965 ], [ -67.051289, 18.515007 ], [ -67.044049503598202, 18.5138677069334 ], [ -67.038002, 18.512916 ], [ -67.028184, 18.508986 ], [ -67.023469837600999, 18.508469911105401 ], [ -67.022475, 18.508361 ], [ -67.019411, 18.510971 ], [ -67.017782630897997, 18.510268561140801 ], [ -67.016347727476898, 18.5096495786748 ], [ -66.988285, 18.497544 ], [ -66.986529, 18.495727 ], [ -66.982101178371806, 18.493843575366 ], [ -66.976943589308505, 18.491649735796699 ], [ -66.97567, 18.491108 ], [ -66.971461, 18.492542 ], [ -66.962817, 18.491004 ], [ -66.957474467285493, 18.4893461676306 ], [ -66.957532, 18.486794 ], [ -66.955859, 18.484555 ], [ -66.954043, 18.483254 ], [ -66.950526, 18.483407 ], [ -66.953019, 18.479567 ], [ -66.952592, 18.477123 ], [ -66.955622, 18.476714 ], [ -66.959472, 18.473343 ], [ -66.960575, 18.472474 ], [ -66.962706, 18.473448 ], [ -66.963462, 18.473019 ], [ -66.961798, 18.471336 ], [ -66.960055, 18.470484 ], [ -66.961055, 18.467069 ], [ -66.959202, 18.465781 ], [ -66.963274, 18.460465 ], [ -66.963579, 18.458394 ], [ -66.963615, 18.458318 ], [ -66.96377, 18.455376 ], [ -66.96692, 18.455665 ], [ -66.968559, 18.454196 ], [ -66.966885, 18.450016 ], [ -66.963775, 18.450264 ], [ -66.962675, 18.447872 ], [ -66.961529, 18.446662 ], [ -66.959851, 18.446915 ], [ -66.95899, 18.445841 ], [ -66.959239, 18.442817 ], [ -66.958273, 18.440449 ], [ -66.956329, 18.440055 ], [ -66.95446, 18.438394 ], [ -66.952027, 18.437306 ], [ -66.949512, 18.438041 ], [ -66.947728, 18.437706 ], [ -66.945195, 18.431382 ], [ -66.944314, 18.430659 ], [ -66.943022, 18.425848 ], [ -66.943402, 18.423806 ], [ -66.94182, 18.42195 ], [ -66.939863, 18.420502 ], [ -66.938959, 18.419309 ], [ -66.934931, 18.418391 ], [ -66.933541, 18.41878 ], [ -66.935061, 18.415372 ], [ -66.936724, 18.414684 ], [ -66.939445, 18.410985 ], [ -66.940555, 18.410315 ], [ -66.943645, 18.409922 ], [ -66.945876, 18.408507 ], [ -66.946001, 18.407213 ], [ -66.947771, 18.405685 ], [ -66.948131, 18.403023 ], [ -66.947208, 18.401482 ], [ -66.942598, 18.399453 ], [ -66.940368, 18.399403 ], [ -66.935047, 18.400743 ], [ -66.931442, 18.398646 ], [ -66.926697, 18.398306 ], [ -66.925585, 18.397867 ], [ -66.92437, 18.398508 ], [ -66.922775, 18.398161 ], [ -66.921885, 18.396548 ], [ -66.92202, 18.393204 ], [ -66.928872, 18.39256 ], [ -66.930257, 18.391983 ], [ -66.932045, 18.389551 ], [ -66.93333, 18.389357 ], [ -66.933316, 18.387935 ], [ -66.935018, 18.388321 ], [ -66.935365, 18.385497 ], [ -66.937011, 18.384616 ], [ -66.936432, 18.383691 ], [ -66.937208, 18.381612 ], [ -66.936263, 18.378277 ], [ -66.936724, 18.376919 ], [ -66.938329, 18.376432 ], [ -66.945589, 18.37523 ], [ -66.949185, 18.377198 ], [ -66.95087, 18.379642 ], [ -66.952242, 18.379536 ], [ -66.954969, 18.380349 ], [ -66.957106, 18.382036 ], [ -66.959419, 18.382255 ], [ -66.962947, 18.384174 ], [ -66.9699, 18.385568 ], [ -66.970571, 18.385884 ], [ -66.972876, 18.38628 ], [ -66.973999, 18.386302 ], [ -66.979091, 18.386364 ], [ -66.981089, 18.385053 ], [ -66.984292, 18.385105 ], [ -66.989352, 18.388146 ], [ -66.993662, 18.388704 ], [ -66.996021, 18.388828 ], [ -66.997654, 18.391133 ], [ -66.999623, 18.390477 ], [ -67.001881, 18.392898 ], [ -67.006054, 18.394228 ], [ -67.00845, 18.394254 ], [ -67.009142, 18.395125 ], [ -67.010478, 18.394441 ], [ -67.013014, 18.394366 ], [ -67.013834, 18.395127 ], [ -67.017604, 18.394854 ], [ -67.019893, 18.394256 ], [ -67.02059, 18.394796 ], [ -67.021823, 18.393532 ], [ -67.025045, 18.392063 ], [ -67.02638, 18.392052 ], [ -67.027173, 18.393376 ], [ -67.032421, 18.404471 ], [ -67.045482, 18.432329 ], [ -67.050962, 18.444187 ], [ -67.052813, 18.448354 ], [ -67.054111, 18.4526 ], [ -67.056507, 18.460954 ], [ -67.056404, 18.468803 ], [ -67.058655, 18.468809 ], [ -67.058814, 18.470418 ], [ -67.059236, 18.475981 ], [ -67.05846, 18.479982 ], [ -67.061387, 18.480641 ], [ -67.061621, 18.48111 ], [ -67.062872, 18.484087 ], [ -67.066975, 18.483757 ], [ -67.069457, 18.485987 ], [ -67.073584, 18.487893 ], [ -67.074011, 18.488644 ], [ -67.077061, 18.488966 ], [ -67.079263, 18.487965 ], [ -67.082246, 18.489273 ], [ -67.083061, 18.490724 ], [ -67.082567, 18.492182 ], [ -67.082837, 18.496648 ], [ -67.083295, 18.497097 ], [ -67.084943, 18.497512 ], [ -67.085142, 18.498777 ], [ -67.086921, 18.499264 ], [ -67.089321, 18.503316 ], [ -67.091669, 18.503494 ], [ -67.096273, 18.506747 ], [ -67.095839, 18.510227 ], [ -67.097347, 18.511864 ], [ -67.102676, 18.512801 ], [ -67.103216370698803, 18.513352378978599 ] ] ] ] } },
{ "type": "Feature", "properties": { "STATEFP": "72", "COUNTYFP": "075", "COUNTYNS": "01804518", "GEOIDFQ": "0500000US72075", "GEOID": "72075", "NAME": "Juana Díaz", "NAMELSAD": "Juana Díaz Municipio", "STUSPS": "PR", "STATE_NAME": "Puerto Rico", "LSAD": "13", "ALAND": 156119307.0, "AWATER": 121326507.0 }, "geometry": { "type": "MultiPolygon", "coordinates": [ [ [ [ -66.565363, 18.129715 ], [ -66.563936, 18.130446 ], [ -66.562844, 18.131942 ], [ -66.562749, 18.137087 ], [ -66.564527, 18.138354 ], [ -66.564561, 18.139412 ], [ -66.563314, 18.143281 ], [ -66.562127, 18.144581 ], [ -66.558387, 18.146035 ], [ -66.554278, 18.148202 ], [ -66.552175, 18.150881 ], [ -66.552766, 18.152057 ], [ -66.551267, 18.152848 ], [ -66.54722, 18.15313 ], [ -66.545392, 18.150502 ], [ -66.544281, 18.147619 ], [ -66.541066, 18.14747 ], [ -66.540568, 18.148213 ], [ -66.537533, 18.148949 ], [ -66.534862, 18.152293 ], [ -66.533641, 18.152088 ], [ -66.531129, 18.152821 ], [ -66.529159, 18.15234 ], [ -66.527748, 18.153175 ], [ -66.525491, 18.152467 ], [ -66.524156, 18.152742 ], [ -66.521899, 18.151954 ], [ -66.522114, 18.149122 ], [ -66.523137, 18.14522 ], [ -66.526909, 18.140207 ], [ -66.526431, 18.137083 ], [ -66.527879, 18.135053 ], [ -66.528189, 18.132243 ], [ -66.528334, 18.131379 ], [ -66.52685, 18.130682 ], [ -66.524801, 18.124467 ], [ -66.523199, 18.122484 ], [ -66.526446, 18.119846 ], [ -66.526458, 18.117279 ], [ -66.52542, 18.115695 ], [ -66.525745, 18.112474 ], [ -66.525925, 18.112057 ], [ -66.526231, 18.111583 ], [ -66.526863, 18.110082 ], [ -66.52963, 18.108348 ], [ -66.530043, 18.106944 ], [ -66.528816, 18.104308 ], [ -66.52758, 18.102269 ], [ -66.528752, 18.100827 ], [ -66.526439, 18.098705 ], [ -66.524156, 18.097964 ], [ -66.523031, 18.0957 ], [ -66.522042, 18.095032 ], [ -66.520996, 18.093173 ], [ -66.522099, 18.089738 ], [ -66.52021, 18.087714 ], [ -66.518244, 18.08503 ], [ -66.517194, 18.08441 ], [ -66.515406, 18.08411 ], [ -66.510433, 18.08174 ], [ -66.507491, 18.080915 ], [ -66.504692, 18.082406 ], [ -66.502253, 18.085115 ], [ -66.501943, 18.085969 ], [ -66.501935, 18.088019 ], [ -66.505587, 18.091973 ], [ -66.505567, 18.093151 ], [ -66.501875, 18.095666 ], [ -66.497237, 18.096304 ], [ -66.492367, 18.098185 ], [ -66.493309, 18.096442 ], [ -66.489588, 18.094581 ], [ -66.487793, 18.094225 ], [ -66.486656, 18.092001 ], [ -66.485029, 18.091273 ], [ -66.484626, 18.089598 ], [ -66.481877, 18.088011 ], [ -66.479006, 18.087274 ], [ -66.476231, 18.087765 ], [ -66.471406, 18.085984 ], [ -66.470083, 18.085394 ], [ -66.466295, 18.08537 ], [ -66.466005, 18.084768 ], [ -66.461763, 18.084441 ], [ -66.459771, 18.083239 ], [ -66.454634, 18.08125 ], [ -66.452862, 18.082682 ], [ -66.450014, 18.083577 ], [ -66.448254, 18.083274 ], [ -66.443983, 18.084822 ], [ -66.44343, 18.083996 ], [ -66.439549, 18.084927 ], [ -66.434568, 18.08379 ], [ -66.430314, 18.082053 ], [ -66.428927, 18.078479 ], [ -66.430064, 18.076387 ], [ -66.429407, 18.076181 ], [ -66.427561, 18.071625 ], [ -66.42934, 18.068208 ], [ -66.43088, 18.066891 ], [ -66.429873, 18.066368 ], [ -66.43154, 18.063532 ], [ -66.43055, 18.062758 ], [ -66.427999, 18.05472 ], [ -66.426244, 18.053192 ], [ -66.42433, 18.05294 ], [ -66.424037, 18.051917 ], [ -66.425619, 18.050088 ], [ -66.425717, 18.04844 ], [ -66.423961, 18.048591 ], [ -66.42598, 18.046316 ], [ -66.426989, 18.042627 ], [ -66.427194, 18.040187 ], [ -66.42614, 18.039604 ], [ -66.426984, 18.036898 ], [ -66.425962, 18.033916 ], [ -66.425982, 18.031067 ], [ -66.425219, 18.030292 ], [ -66.423508, 18.031599 ], [ -66.423277, 18.030792 ], [ -66.424505, 18.02842 ], [ -66.424323, 18.027741 ], [ -66.422583, 18.026768 ], [ -66.422276, 18.024796 ], [ -66.422928, 18.024589 ], [ -66.422219, 18.022649 ], [ -66.421099, 18.021244 ], [ -66.421054, 18.019309 ], [ -66.422084, 18.017135 ], [ -66.424339, 18.014974 ], [ -66.425608, 18.011754 ], [ -66.428256, 18.012208 ], [ -66.427949, 18.011191 ], [ -66.427201, 18.010304 ], [ -66.427762, 18.009524 ], [ -66.430921, 18.009946 ], [ -66.434499, 18.007313 ], [ -66.435525, 18.004322 ], [ -66.435559, 18.002226 ], [ -66.434732, 17.997246 ], [ -66.437025, 17.992304 ], [ -66.437931, 17.991543 ], [ -66.438286, 17.991919 ], [ -66.437849, 17.99435 ], [ -66.439824, 17.995057 ], [ -66.440715, 17.993052 ], [ -66.4418, 17.9923 ], [ -66.44276, 17.990584 ], [ -66.44681, 17.987621 ], [ -66.44922, 17.984286 ], [ -66.452099410057997, 17.981945202206902 ], [ -66.453857, 17.984955 ], [ -66.458813, 17.989481 ], [ -66.464695, 17.990886 ], [ -66.471323, 17.989891 ], [ -66.47848, 17.986817 ], [ -66.479904020975496, 17.988171432895498 ], [ -66.48157, 17.989756 ], [ -66.483003408075007, 17.9900315164662 ], [ -66.485935, 17.990595 ], [ -66.493328, 17.989951 ], [ -66.494779003745606, 17.989601521571199 ], [ -66.504344570626799, 17.9872976272537 ], [ -66.505053, 17.987127 ], [ -66.520101, 17.98208 ], [ -66.538797561399605, 17.973975252806799 ], [ -66.540736, 17.975179 ], [ -66.539231, 17.976842 ], [ -66.537878, 17.976392 ], [ -66.537693, 17.976582 ], [ -66.537774, 17.977455 ], [ -66.539733, 17.978612 ], [ -66.539824, 17.981195 ], [ -66.538478, 17.981681 ], [ -66.539484, 17.983672 ], [ -66.538961, 17.985814 ], [ -66.540462, 17.986764 ], [ -66.539914, 17.988232 ], [ -66.540643, 17.989848 ], [ -66.541712, 17.990385 ], [ -66.541596, 17.991605 ], [ -66.540091, 17.994022 ], [ -66.535781, 17.992778 ], [ -66.535709, 17.994003 ], [ -66.536466, 17.996036 ], [ -66.535707, 17.996682 ], [ -66.536489, 17.997555 ], [ -66.534037, 17.997687 ], [ -66.532388, 17.998665 ], [ -66.532627, 17.999781 ], [ -66.530668, 18.001255 ], [ -66.53042, 18.003075 ], [ -66.532833, 18.004374 ], [ -66.533339, 18.005729 ], [ -66.533374, 18.005895 ], [ -66.535109, 18.008266 ], [ -66.535128, 18.010785 ], [ -66.5372, 18.013056 ], [ -66.535803, 18.016391 ], [ -66.537713, 18.021788 ], [ -66.538374, 18.022697 ], [ -66.539225, 18.022675 ], [ -66.540666, 18.022781 ], [ -66.540659, 18.022861 ], [ -66.538905, 18.025506 ], [ -66.54236, 18.031468 ], [ -66.542264, 18.03287 ], [ -66.539598, 18.03569 ], [ -66.537968, 18.038278 ], [ -66.537689, 18.039754 ], [ -66.53734, 18.041286 ], [ -66.537695, 18.041769 ], [ -66.54185, 18.045188 ], [ -66.542961, 18.050536 ], [ -66.5441, 18.051675 ], [ -66.545652, 18.05238 ], [ -66.546173, 18.053798 ], [ -66.543844, 18.05774 ], [ -66.544201, 18.059758 ], [ -66.546062, 18.06255 ], [ -66.546223, 18.065985 ], [ -66.545258, 18.068753 ], [ -66.545913, 18.070238 ], [ -66.548702, 18.072935 ], [ -66.550298, 18.076099 ], [ -66.550483, 18.077506 ], [ -66.549802, 18.078777 ], [ -66.551382, 18.081792 ], [ -66.55542, 18.084516 ], [ -66.555251, 18.086526 ], [ -66.55349, 18.087985 ], [ -66.553561, 18.090342 ], [ -66.552457, 18.092478 ], [ -66.549801, 18.093982 ], [ -66.549059, 18.095624 ], [ -66.549533, 18.098436 ], [ -66.550713, 18.100248 ], [ -66.550908, 18.102052 ], [ -66.552682, 18.103477 ], [ -66.55434, 18.105481 ], [ -66.554518, 18.107805 ], [ -66.555255, 18.10875 ], [ -66.554737, 18.110242 ], [ -66.555113, 18.113104 ], [ -66.555076, 18.113582 ], [ -66.555698, 18.115719 ], [ -66.55799, 18.114986 ], [ -66.559019, 18.115424 ], [ -66.561587, 18.115293 ], [ -66.562315, 18.117828 ], [ -66.5616, 18.119026 ], [ -66.562051, 18.123015 ], [ -66.564479, 18.125083 ], [ -66.565363, 18.129715 ] ] ] ] } },
{ "type": "Feature", "properties": { "STATEFP": "72", "COUNTYFP": "119", "COUNTYNS": "01804540", "GEOIDFQ": "0500000US72119", "GEOID": "72119", "NAME": "Río Grande", "NAMELSAD": "Río Grande Municipio", "STUSPS": "PR", "STATE_NAME": "Puerto Rico", "LSAD": "13", "ALAND": 157008571.0, "AWATER": 74876349.0 }, "geometry": { "type": "MultiPolygon", "coordinates": [ [ [ [ -65.876686, 18.362905 ], [ -65.876166, 18.363656 ], [ -65.873661, 18.365788 ], [ -65.873932, 18.367591 ], [ -65.872871, 18.369517 ], [ -65.873487, 18.372095 ], [ -65.874179, 18.373005 ], [ -65.872626, 18.374214 ], [ -65.872688, 18.375287 ], [ -65.868323, 18.376174 ], [ -65.867447, 18.378198 ], [ -65.86623, 18.379683 ], [ -65.863579, 18.381238 ], [ -65.859914, 18.381611 ], [ -65.859645, 18.38195 ], [ -65.85998, 18.382714 ], [ -65.859798, 18.383817 ], [ -65.856573, 18.38994 ], [ -65.856065, 18.394458 ], [ -65.854737, 18.397748 ], [ -65.853919, 18.399522 ], [ -65.852402, 18.400779 ], [ -65.852538, 18.4017 ], [ -65.849925, 18.403512 ], [ -65.847049, 18.404036 ], [ -65.843817, 18.405703 ], [ -65.842878, 18.407072 ], [ -65.842654, 18.408678 ], [ -65.840155, 18.410628 ], [ -65.836693, 18.414314 ], [ -65.835121, 18.414801 ], [ -65.8348, 18.416858 ], [ -65.832623, 18.420692 ], [ -65.829663, 18.422405 ], [ -65.828844085842704, 18.423026233151401 ], [ -65.825258, 18.420271 ], [ -65.821565, 18.419236 ], [ -65.819325, 18.412429 ], [ -65.814779, 18.409387 ], [ -65.812873766661994, 18.4095340605259 ], [ -65.809015948581006, 18.409831836522599 ], [ -65.807511, 18.409948 ], [ -65.803463127813899, 18.411145365318099 ], [ -65.802214084833295, 18.4115148336899 ], [ -65.8022, 18.411519 ], [ -65.797954, 18.415278 ], [ -65.795913, 18.417988 ], [ -65.792087, 18.421573 ], [ -65.789576, 18.421274 ], [ -65.78908, 18.418921 ], [ -65.790557, 18.415942 ], [ -65.796166, 18.411696 ], [ -65.798814, 18.407913 ], [ -65.796105, 18.404438 ], [ -65.795693983423206, 18.404529862373799 ], [ -65.788803, 18.40607 ], [ -65.784369, 18.408062 ], [ -65.777229, 18.411896 ], [ -65.7741, 18.414358 ], [ -65.770432, 18.413106 ], [ -65.769482, 18.409948 ], [ -65.772432, 18.405694 ], [ -65.77267, 18.401409 ], [ -65.766925, 18.398158 ], [ -65.76242, 18.39766 ], [ -65.761514741132004, 18.395948652965298 ], [ -65.759645, 18.392414 ], [ -65.754653, 18.389031 ], [ -65.751326, 18.387453 ], [ -65.749949082729103, 18.3850909862118 ], [ -65.751186, 18.384659 ], [ -65.753496, 18.380335 ], [ -65.756393, 18.379728 ], [ -65.760823, 18.37804 ], [ -65.761112, 18.375132 ], [ -65.763506, 18.372374 ], [ -65.764435, 18.370711 ], [ -65.766388, 18.36957 ], [ -65.767347, 18.367326 ], [ -65.769234, 18.366914 ], [ -65.770546, 18.365822 ], [ -65.769265, 18.363006 ], [ -65.768799, 18.360217 ], [ -65.769043, 18.358718 ], [ -65.768491, 18.35608 ], [ -65.764976, 18.354676 ], [ -65.763718, 18.352176 ], [ -65.75784, 18.346813 ], [ -65.756923, 18.346387 ], [ -65.756405, 18.343286 ], [ -65.754335, 18.342533 ], [ -65.753513, 18.341538 ], [ -65.754557, 18.33919 ], [ -65.754164, 18.334823 ], [ -65.75609, 18.334108 ], [ -65.755855, 18.332269 ], [ -65.756479, 18.330095 ], [ -65.756018, 18.328755 ], [ -65.755362, 18.328384 ], [ -65.751284, 18.327851 ], [ -65.749911, 18.32672 ], [ -65.748718, 18.326676 ], [ -65.748582, 18.325522 ], [ -65.749429, 18.323255 ], [ -65.75154, 18.322837 ], [ -65.751834, 18.320686 ], [ -65.753941, 18.320444 ], [ -65.754999, 18.319261 ], [ -65.756699, 18.319201 ], [ -65.757948, 18.318504 ], [ -65.757938, 18.31695 ], [ -65.759231, 18.315881 ], [ -65.759904, 18.313143 ], [ -65.760019, 18.310882 ], [ -65.761315, 18.309644 ], [ -65.761634, 18.307121 ], [ -65.762494, 18.305851 ], [ -65.761294, 18.302498 ], [ -65.759369, 18.300461 ], [ -65.758084, 18.297699 ], [ -65.758849, 18.29412 ], [ -65.758861, 18.290604 ], [ -65.760492, 18.289234 ], [ -65.761818, 18.289268 ], [ -65.765593, 18.283391 ], [ -65.766831, 18.280004 ], [ -65.771591, 18.280906 ], [ -65.774235, 18.2817 ], [ -65.775411, 18.283222 ], [ -65.779792, 18.286756 ], [ -65.781516, 18.288832 ], [ -65.782343, 18.29102 ], [ -65.784859, 18.294 ], [ -65.788858, 18.2945 ], [ -65.790672, 18.295394 ], [ -65.792608, 18.296439 ], [ -65.793223, 18.296529 ], [ -65.794332, 18.294765 ], [ -65.794137, 18.292036 ], [ -65.795542, 18.289512 ], [ -65.798463, 18.289749 ], [ -65.799667, 18.288941 ], [ -65.800477, 18.289887 ], [ -65.802685, 18.290405 ], [ -65.80403, 18.288742 ], [ -65.805437, 18.288049 ], [ -65.807364, 18.289366 ], [ -65.809939, 18.289413 ], [ -65.811424, 18.290141 ], [ -65.813857, 18.286726 ], [ -65.813568, 18.285546 ], [ -65.815979, 18.28339 ], [ -65.818597, 18.279848 ], [ -65.81952, 18.279207 ], [ -65.820173, 18.277017 ], [ -65.821582, 18.275455 ], [ -65.822106, 18.273871 ], [ -65.82422, 18.273054 ], [ -65.824916, 18.273597 ], [ -65.827556, 18.273161 ], [ -65.831245, 18.27168 ], [ -65.831717, 18.271736 ], [ -65.836387, 18.275246 ], [ -65.838908, 18.276929 ], [ -65.841621, 18.277256 ], [ -65.842151, 18.27913 ], [ -65.845601, 18.27875 ], [ -65.846768, 18.281889 ], [ -65.849451, 18.282323 ], [ -65.854245, 18.285379 ], [ -65.857381, 18.288218 ], [ -65.859173, 18.288908 ], [ -65.860624, 18.291718 ], [ -65.862382, 18.293467 ], [ -65.863755, 18.293984 ], [ -65.86824, 18.293864 ], [ -65.866771, 18.296208 ], [ -65.867031, 18.296965 ], [ -65.86545, 18.29746 ], [ -65.865341, 18.298745 ], [ -65.864103, 18.300153 ], [ -65.863648, 18.302359 ], [ -65.862594, 18.303247 ], [ -65.864765, 18.306978 ], [ -65.863934, 18.307518 ], [ -65.864068, 18.309429 ], [ -65.868696, 18.309322 ], [ -65.869429, 18.311337 ], [ -65.869856, 18.312454 ], [ -65.869691, 18.316602 ], [ -65.869662, 18.317152 ], [ -65.864656, 18.317778 ], [ -65.864246, 18.319705 ], [ -65.862761, 18.32149 ], [ -65.866996, 18.332346 ], [ -65.868114, 18.333202 ], [ -65.87219, 18.334511 ], [ -65.872836, 18.335166 ], [ -65.873172, 18.337231 ], [ -65.8717, 18.33953 ], [ -65.873819, 18.340633 ], [ -65.872615, 18.343761 ], [ -65.875124, 18.345632 ], [ -65.874577, 18.346553 ], [ -65.874415, 18.348534 ], [ -65.874404, 18.351573 ], [ -65.876136, 18.355586 ], [ -65.875866, 18.356494 ], [ -65.874708, 18.359108 ], [ -65.87671, 18.361511 ], [ -65.876686, 18.362905 ] ] ] ] } },
{ "type": "Feature", "properties": { "STATEFP": "72", "COUNTYFP": "107", "COUNTYNS": "01804534", "GEOIDFQ": "0500000US72107", "GEOID": "72107", "NAME": "Orocovis", "NAMELSAD": "Orocovis Municipio", "STUSPS": "PR", "STATE_NAME": "Puerto Rico", "LSAD": "13", "ALAND": 164788359.0, "AWATER": 402899.0 }, "geometry": { "type": "MultiPolygon", "coordinates": [ [ [ [ -66.546835, 18.155019 ], [ -66.544152, 18.158328 ], [ -66.544836, 18.160262 ], [ -66.543211, 18.161577 ], [ -66.543133, 18.163098 ], [ -66.54205, 18.161842 ], [ -66.538421, 18.16003 ], [ -66.537223, 18.160454 ], [ -66.536069, 18.159407 ], [ -66.533564, 18.158912 ], [ -66.533556, 18.157878 ], [ -66.531556, 18.155679 ], [ -66.528892, 18.157051 ], [ -66.527159, 18.158871 ], [ -66.526393, 18.160787 ], [ -66.52264, 18.161713 ], [ -66.519919, 18.163836 ], [ -66.519707, 18.165171 ], [ -66.518176, 18.166772 ], [ -66.515747, 18.167647 ], [ -66.512907, 18.165931 ], [ -66.512043, 18.166513 ], [ -66.511816, 18.167816 ], [ -66.512738, 18.169385 ], [ -66.512612, 18.171147 ], [ -66.511426, 18.173371 ], [ -66.51105, 18.178101 ], [ -66.51295, 18.180396 ], [ -66.512987, 18.18374 ], [ -66.515248, 18.185135 ], [ -66.514671, 18.186897 ], [ -66.51361, 18.187855 ], [ -66.514242, 18.189053 ], [ -66.51455, 18.192361 ], [ -66.513282, 18.193498 ], [ -66.512364, 18.197429 ], [ -66.511264, 18.198191 ], [ -66.512664, 18.202834 ], [ -66.512798, 18.204508 ], [ -66.512241, 18.206114 ], [ -66.514044, 18.207247 ], [ -66.512364, 18.210321 ], [ -66.514466, 18.214014 ], [ -66.515128, 18.214515 ], [ -66.515262, 18.216464 ], [ -66.516403, 18.219704 ], [ -66.516489, 18.222199 ], [ -66.517712, 18.225934 ], [ -66.516779, 18.228627 ], [ -66.517857, 18.229726 ], [ -66.51768, 18.230242 ], [ -66.515435, 18.2297 ], [ -66.511454, 18.23041 ], [ -66.510312, 18.229762 ], [ -66.509024, 18.229936 ], [ -66.508016, 18.232166 ], [ -66.508021, 18.233257 ], [ -66.506915, 18.236583 ], [ -66.507687, 18.238395 ], [ -66.509828, 18.238965 ], [ -66.509929, 18.240695 ], [ -66.512208, 18.242815 ], [ -66.509666, 18.246447 ], [ -66.508251, 18.249158 ], [ -66.505932, 18.250627 ], [ -66.503091, 18.25032 ], [ -66.501864, 18.252427 ], [ -66.501242, 18.256281 ], [ -66.501073, 18.256842 ], [ -66.498262, 18.254593 ], [ -66.496539, 18.252309 ], [ -66.49347, 18.252209 ], [ -66.491613, 18.253274 ], [ -66.48947, 18.25238 ], [ -66.487268, 18.252762 ], [ -66.483008, 18.252588 ], [ -66.475942, 18.250162 ], [ -66.4752, 18.249564 ], [ -66.474327, 18.248147 ], [ -66.472393, 18.247047 ], [ -66.466652, 18.245899 ], [ -66.463646, 18.247812 ], [ -66.460768, 18.249115 ], [ -66.457316, 18.249459 ], [ -66.45419, 18.251157 ], [ -66.454522, 18.25173 ], [ -66.455203, 18.252542 ], [ -66.453903, 18.256148 ], [ -66.455703, 18.257726 ], [ -66.452063, 18.256112 ], [ -66.450446, 18.256809 ], [ -66.446614, 18.257194 ], [ -66.446062, 18.258075 ], [ -66.444497, 18.257539 ], [ -66.443037, 18.25802 ], [ -66.442043, 18.259117 ], [ -66.440612, 18.25786 ], [ -66.439863, 18.258598 ], [ -66.438835, 18.256181 ], [ -66.43774, 18.256167 ], [ -66.437375, 18.25668 ], [ -66.435778, 18.256704 ], [ -66.43185, 18.258693 ], [ -66.429136, 18.260636 ], [ -66.428428, 18.260743 ], [ -66.427453, 18.260674 ], [ -66.426794, 18.260838 ], [ -66.412262, 18.262952 ], [ -66.409431, 18.26331 ], [ -66.398213, 18.26893 ], [ -66.397561, 18.269458 ], [ -66.392796, 18.273325 ], [ -66.390957, 18.273392 ], [ -66.390046, 18.27413 ], [ -66.38872, 18.276827 ], [ -66.386392, 18.283953 ], [ -66.384896, 18.286438 ], [ -66.384028, 18.290797 ], [ -66.38279, 18.291785 ], [ -66.377712, 18.293976 ], [ -66.377775, 18.293499 ], [ -66.379059, 18.292496 ], [ -66.378401, 18.290007 ], [ -66.378645, 18.287444 ], [ -66.377429, 18.286281 ], [ -66.378649, 18.28477 ], [ -66.380217, 18.28381 ], [ -66.381505, 18.280177 ], [ -66.382452, 18.279242 ], [ -66.382568, 18.276352 ], [ -66.383033, 18.275348 ], [ -66.382626, 18.27432 ], [ -66.378846, 18.274585 ], [ -66.377013, 18.27352 ], [ -66.375532, 18.271387 ], [ -66.372839, 18.269932 ], [ -66.371899, 18.268166 ], [ -66.368497, 18.264617 ], [ -66.364121, 18.259338 ], [ -66.361687, 18.256025 ], [ -66.357464, 18.248967 ], [ -66.35811, 18.246363 ], [ -66.35799, 18.246103 ], [ -66.357139, 18.245691 ], [ -66.353841, 18.244074 ], [ -66.352402, 18.244041 ], [ -66.350793, 18.241235 ], [ -66.351459, 18.232062 ], [ -66.351062, 18.230165 ], [ -66.351252, 18.228831 ], [ -66.350398, 18.227491 ], [ -66.351181, 18.224965 ], [ -66.352142, 18.224969 ], [ -66.353008, 18.226159 ], [ -66.354485, 18.222911 ], [ -66.352744, 18.220485 ], [ -66.353727, 18.218595 ], [ -66.351614, 18.218554 ], [ -66.352272, 18.215902 ], [ -66.35212, 18.212313 ], [ -66.352536, 18.210466 ], [ -66.35073, 18.207049 ], [ -66.350933, 18.204721 ], [ -66.352965, 18.198586 ], [ -66.351631, 18.194334 ], [ -66.352205, 18.193233 ], [ -66.353891, 18.193356 ], [ -66.354631, 18.191926 ], [ -66.356011, 18.192219 ], [ -66.356205, 18.194023 ], [ -66.357417, 18.194887 ], [ -66.3612, 18.200085 ], [ -66.363734, 18.200663 ], [ -66.366062, 18.197777 ], [ -66.367318, 18.196933 ], [ -66.367657, 18.194029 ], [ -66.366738, 18.191248 ], [ -66.365295, 18.188838 ], [ -66.364777, 18.186922 ], [ -66.365567, 18.185445 ], [ -66.369411, 18.18597 ], [ -66.37139, 18.185599 ], [ -66.37379, 18.184105 ], [ -66.373855, 18.182156 ], [ -66.372771, 18.180956 ], [ -66.373064, 18.179269 ], [ -66.372052, 18.176665 ], [ -66.373768, 18.173694 ], [ -66.374613, 18.174901 ], [ -66.375532, 18.173204 ], [ -66.37812, 18.172502 ], [ -66.3793, 18.173315 ], [ -66.382107, 18.172262 ], [ -66.383523, 18.173074 ], [ -66.384912, 18.172244 ], [ -66.386197, 18.172706 ], [ -66.389042, 18.172438 ], [ -66.389024, 18.171029 ], [ -66.390351, 18.168218 ], [ -66.391627, 18.167848 ], [ -66.391932, 18.166519 ], [ -66.395528, 18.165639 ], [ -66.398269, 18.165758 ], [ -66.401327, 18.164797 ], [ -66.401788, 18.166719 ], [ -66.40449, 18.167153 ], [ -66.40572, 18.165489 ], [ -66.407062, 18.163956 ], [ -66.408483, 18.163892 ], [ -66.410062, 18.16299 ], [ -66.411254, 18.164072 ], [ -66.412698, 18.164128 ], [ -66.413686, 18.163337 ], [ -66.416353, 18.164777 ], [ -66.418169, 18.16491 ], [ -66.420902, 18.166316 ], [ -66.422116, 18.168064 ], [ -66.421957, 18.16993 ], [ -66.42346, 18.172071 ], [ -66.424836, 18.170796 ], [ -66.427994, 18.170935 ], [ -66.429429, 18.171552 ], [ -66.430859, 18.173246 ], [ -66.436075, 18.175501 ], [ -66.439962, 18.176005 ], [ -66.442334, 18.175967 ], [ -66.443825, 18.176434 ], [ -66.44456, 18.176674 ], [ -66.445565, 18.175686 ], [ -66.447603, 18.175756 ], [ -66.450251, 18.177606 ], [ -66.452704, 18.178441 ], [ -66.457933, 18.176539 ], [ -66.461355, 18.17709 ], [ -66.464004, 18.178854 ], [ -66.465273, 18.178033 ], [ -66.465441, 18.177807 ], [ -66.465933, 18.177848 ], [ -66.466371, 18.177705 ], [ -66.467226, 18.17762 ], [ -66.467794, 18.177499 ], [ -66.469565, 18.177963 ], [ -66.470545, 18.177829 ], [ -66.472353, 18.175672 ], [ -66.472871, 18.172431 ], [ -66.475601, 18.172276 ], [ -66.477374, 18.170011 ], [ -66.481413, 18.169838 ], [ -66.484852, 18.168227 ], [ -66.485789, 18.166831 ], [ -66.488562, 18.165932 ], [ -66.489441, 18.166503 ], [ -66.490649, 18.167145 ], [ -66.493436, 18.166499 ], [ -66.496522, 18.166675 ], [ -66.497201, 18.165452 ], [ -66.501791, 18.164805 ], [ -66.502791, 18.164994 ], [ -66.505679, 18.163487 ], [ -66.507965, 18.160991 ], [ -66.510671, 18.159775 ], [ -66.512001, 18.157108 ], [ -66.513457, 18.155678 ], [ -66.516287, 18.154305 ], [ -66.51945, 18.154255 ], [ -66.520925, 18.152596 ], [ -66.522069, 18.152387 ], [ -66.521899, 18.151954 ], [ -66.524156, 18.152742 ], [ -66.525491, 18.152467 ], [ -66.527748, 18.153175 ], [ -66.529159, 18.15234 ], [ -66.531129, 18.152821 ], [ -66.533641, 18.152088 ], [ -66.534862, 18.152293 ], [ -66.537533, 18.148949 ], [ -66.540568, 18.148213 ], [ -66.541066, 18.14747 ], [ -66.544281, 18.147619 ], [ -66.545392, 18.150502 ], [ -66.54722, 18.15313 ], [ -66.546835, 18.155019 ] ] ] ] } },
{ "type": "Feature", "properties": { "STATEFP": "72", "COUNTYFP": "091", "COUNTYNS": "01804526", "GEOIDFQ": "0500000US72091", "GEOID": "72091", "NAME": "Manatí", "NAMELSAD": "Manatí Municipio", "STUSPS": "PR", "STATE_NAME": "Puerto Rico", "LSAD": "13", "ALAND": 116913019.0, "AWATER": 66163823.0 }, "geometry": { "type": "MultiPolygon", "coordinates": [ [ [ [ -66.543567, 18.418767 ], [ -66.541582, 18.41911 ], [ -66.534722, 18.421974 ], [ -66.533044, 18.423972 ], [ -66.529919, 18.424526 ], [ -66.526651, 18.426883 ], [ -66.526703, 18.427356 ], [ -66.526948, 18.428182 ], [ -66.526342, 18.429078 ], [ -66.526707, 18.430737 ], [ -66.523231, 18.431002 ], [ -66.522694, 18.429617 ], [ -66.52118, 18.431529 ], [ -66.522371, 18.433236 ], [ -66.524006, 18.431402 ], [ -66.525808, 18.432824 ], [ -66.52713, 18.432393 ], [ -66.528094, 18.434692 ], [ -66.527306, 18.43682 ], [ -66.52766, 18.440408 ], [ -66.528892, 18.441734 ], [ -66.530035, 18.441551 ], [ -66.530137, 18.440404 ], [ -66.531848, 18.439409 ], [ -66.53145, 18.43812 ], [ -66.530181, 18.437009 ], [ -66.530912, 18.434367 ], [ -66.53532, 18.434257 ], [ -66.536488, 18.434661 ], [ -66.537521, 18.435923 ], [ -66.536501, 18.439648 ], [ -66.535231, 18.441442 ], [ -66.532731, 18.442946 ], [ -66.534943, 18.443249 ], [ -66.536716, 18.444511 ], [ -66.538765, 18.443589 ], [ -66.540115, 18.443695 ], [ -66.539331, 18.445484 ], [ -66.538202, 18.446713 ], [ -66.536754, 18.447805 ], [ -66.53272, 18.448919 ], [ -66.530832, 18.449809 ], [ -66.526585, 18.453602 ], [ -66.526258, 18.45468 ], [ -66.527334, 18.45601 ], [ -66.53033, 18.456855 ], [ -66.532897, 18.456447 ], [ -66.534796, 18.455319 ], [ -66.536686, 18.453241 ], [ -66.537686, 18.453466 ], [ -66.537541, 18.456398 ], [ -66.537215, 18.456944 ], [ -66.53682, 18.457366 ], [ -66.532174, 18.461186 ], [ -66.531606, 18.46237 ], [ -66.53067, 18.465104 ], [ -66.530264, 18.470077 ], [ -66.531234, 18.474036 ], [ -66.534434, 18.478544 ], [ -66.533215271225501, 18.481555288321299 ], [ -66.525331, 18.484133 ], [ -66.524108, 18.483842 ], [ -66.52328, 18.482324 ], [ -66.52041, 18.480647 ], [ -66.518732, 18.480784 ], [ -66.517074, 18.479202 ], [ -66.514542, 18.478971 ], [ -66.511923, 18.47664 ], [ -66.50845, 18.477372 ], [ -66.502162, 18.475147 ], [ -66.500301737630593, 18.476486711728001 ], [ -66.499396, 18.477139 ], [ -66.491041586171704, 18.4750667549492 ], [ -66.485330130927693, 18.473650074484802 ], [ -66.485296120435194, 18.473641638456002 ], [ -66.483947, 18.473307 ], [ -66.481654, 18.47109 ], [ -66.477838293578799, 18.470574337026999 ], [ -66.466378029434495, 18.469025571679701 ], [ -66.466359, 18.469023 ], [ -66.454475, 18.469249 ], [ -66.450333692785307, 18.470744748579399 ], [ -66.449483, 18.471052 ], [ -66.44455, 18.476671 ], [ -66.4428, 18.476978 ], [ -66.440927, 18.484803 ], [ -66.438813097779502, 18.485714387835699 ], [ -66.439494, 18.462245 ], [ -66.439594, 18.458669 ], [ -66.439916, 18.451164 ], [ -66.439775, 18.447492 ], [ -66.439027, 18.447339 ], [ -66.438735, 18.442164 ], [ -66.439059, 18.440264 ], [ -66.440179, 18.439238 ], [ -66.44014, 18.435739 ], [ -66.440138, 18.435617 ], [ -66.440422, 18.429662 ], [ -66.439413, 18.410366 ], [ -66.440263, 18.406347 ], [ -66.441535, 18.403468 ], [ -66.441981, 18.402142 ], [ -66.448138, 18.391501 ], [ -66.448994, 18.389113 ], [ -66.448989, 18.387214 ], [ -66.446709, 18.383848 ], [ -66.44529, 18.380314 ], [ -66.445059, 18.376983 ], [ -66.445566, 18.375604 ], [ -66.4438, 18.371027 ], [ -66.445089, 18.370963 ], [ -66.451578, 18.372214 ], [ -66.459029, 18.371249 ], [ -66.463211, 18.371473 ], [ -66.466945, 18.371834 ], [ -66.468901, 18.369812 ], [ -66.473346, 18.367604 ], [ -66.476158, 18.367511 ], [ -66.48343, 18.36604 ], [ -66.490678, 18.365452 ], [ -66.493797, 18.36626 ], [ -66.496601, 18.366028 ], [ -66.499262, 18.364052 ], [ -66.500628, 18.364865 ], [ -66.506214, 18.363591 ], [ -66.509687, 18.362078 ], [ -66.511776, 18.362003 ], [ -66.514424, 18.360324 ], [ -66.514644, 18.359431 ], [ -66.516154, 18.359049 ], [ -66.518744, 18.356999 ], [ -66.518997, 18.354436 ], [ -66.523317, 18.354924 ], [ -66.5276, 18.35288 ], [ -66.528304, 18.350564 ], [ -66.529283, 18.350255 ], [ -66.53099, 18.350261 ], [ -66.533623, 18.351333 ], [ -66.533874, 18.35187 ], [ -66.533238, 18.356682 ], [ -66.533992, 18.360983 ], [ -66.531535, 18.364674 ], [ -66.53133, 18.368136 ], [ -66.531299, 18.382165 ], [ -66.531722, 18.38337 ], [ -66.530964, 18.386033 ], [ -66.532088, 18.387039 ], [ -66.533716, 18.387413 ], [ -66.533976, 18.390042 ], [ -66.535482, 18.39189 ], [ -66.535677, 18.393907 ], [ -66.537679, 18.394983 ], [ -66.537983, 18.397814 ], [ -66.539644, 18.398758 ], [ -66.54096, 18.402331 ], [ -66.543079, 18.405422 ], [ -66.543509, 18.408404 ], [ -66.54303, 18.409527 ], [ -66.543139, 18.413552 ], [ -66.542771, 18.41471 ], [ -66.542235, 18.416587 ], [ -66.543567, 18.418767 ] ] ] ] } },
{ "type": "Feature", "properties": { "STATEFP": "72", "COUNTYFP": "103", "COUNTYNS": "01804532", "GEOIDFQ": "0500000US72103", "GEOID": "72103", "NAME": "Naguabo", "NAMELSAD": "Naguabo Municipio", "STUSPS": "PR", "STATE_NAME": "Puerto Rico", "LSAD": "13", "ALAND": 133801408.0, "AWATER": 53350090.0 }, "geometry": { "type": "MultiPolygon", "coordinates": [ [ [ [ -65.830684, 18.218561 ], [ -65.829182, 18.228516 ], [ -65.828789, 18.230243 ], [ -65.823154, 18.242247 ], [ -65.822952, 18.242946 ], [ -65.82115, 18.246693 ], [ -65.819691, 18.249418 ], [ -65.817246, 18.252327 ], [ -65.816614, 18.256848 ], [ -65.81719, 18.2584 ], [ -65.815664, 18.262527 ], [ -65.819867, 18.267681 ], [ -65.823769, 18.268738 ], [ -65.82441, 18.27161 ], [ -65.82422, 18.273054 ], [ -65.822106, 18.273871 ], [ -65.821582, 18.275455 ], [ -65.820173, 18.277017 ], [ -65.81952, 18.279207 ], [ -65.818597, 18.279848 ], [ -65.815979, 18.28339 ], [ -65.813568, 18.285546 ], [ -65.813857, 18.286726 ], [ -65.811424, 18.290141 ], [ -65.809939, 18.289413 ], [ -65.807364, 18.289366 ], [ -65.805437, 18.288049 ], [ -65.80403, 18.288742 ], [ -65.802685, 18.290405 ], [ -65.800477, 18.289887 ], [ -65.799667, 18.288941 ], [ -65.798463, 18.289749 ], [ -65.795542, 18.289512 ], [ -65.794137, 18.292036 ], [ -65.794332, 18.294765 ], [ -65.793223, 18.296529 ], [ -65.792608, 18.296439 ], [ -65.790672, 18.295394 ], [ -65.788858, 18.2945 ], [ -65.784859, 18.294 ], [ -65.782343, 18.29102 ], [ -65.781516, 18.288832 ], [ -65.779792, 18.286756 ], [ -65.775411, 18.283222 ], [ -65.774235, 18.2817 ], [ -65.771591, 18.280906 ], [ -65.766831, 18.280004 ], [ -65.764652, 18.278267 ], [ -65.765058, 18.276303 ], [ -65.763525, 18.275614 ], [ -65.762238, 18.272415 ], [ -65.762477, 18.271581 ], [ -65.759483, 18.269673 ], [ -65.757971, 18.267523 ], [ -65.756361, 18.267574 ], [ -65.754091, 18.26497 ], [ -65.749618, 18.262803 ], [ -65.747586, 18.262811 ], [ -65.744952, 18.261527 ], [ -65.741545, 18.261303 ], [ -65.739352, 18.260759 ], [ -65.737857, 18.258801 ], [ -65.736385, 18.258175 ], [ -65.735449, 18.256139 ], [ -65.732153, 18.255598 ], [ -65.732281, 18.254106 ], [ -65.729865, 18.252922 ], [ -65.721489, 18.252304 ], [ -65.72116, 18.252737 ], [ -65.721749, 18.257372 ], [ -65.71977, 18.257727 ], [ -65.718038, 18.257357 ], [ -65.716888, 18.257785 ], [ -65.713811, 18.257191 ], [ -65.71257, 18.255624 ], [ -65.710209, 18.256477 ], [ -65.708859, 18.256109 ], [ -65.70567, 18.256561 ], [ -65.704452, 18.258227 ], [ -65.702403, 18.259473 ], [ -65.70037, 18.256849 ], [ -65.697188, 18.256708 ], [ -65.695735, 18.25543 ], [ -65.694818, 18.254574 ], [ -65.694418, 18.251901 ], [ -65.69325, 18.250774 ], [ -65.688436, 18.251596 ], [ -65.684234, 18.253503 ], [ -65.682145, 18.251614 ], [ -65.683922, 18.247276 ], [ -65.686616, 18.246165 ], [ -65.689899, 18.241497 ], [ -65.691013, 18.23939 ], [ -65.692597, 18.23924 ], [ -65.69287, 18.238225 ], [ -65.688857, 18.235702 ], [ -65.689308, 18.233789 ], [ -65.687388, 18.233129 ], [ -65.688319, 18.231615 ], [ -65.685986, 18.230285 ], [ -65.684164, 18.230463 ], [ -65.68369, 18.230437 ], [ -65.679832, 18.226749 ], [ -65.677605, 18.226662 ], [ -65.676356, 18.225222 ], [ -65.673553, 18.226098 ], [ -65.672809, 18.225451 ], [ -65.671808, 18.223665 ], [ -65.670649, 18.223033 ], [ -65.666814, 18.223125 ], [ -65.662057, 18.225157 ], [ -65.658364, 18.224498 ], [ -65.657799, 18.222497 ], [ -65.65949, 18.220373 ], [ -65.660247, 18.217772 ], [ -65.662639, 18.215144 ], [ -65.664467, 18.214373 ], [ -65.66367, 18.212396 ], [ -65.662465, 18.211681 ], [ -65.661073, 18.20908 ], [ -65.661893423094099, 18.207298100725399 ], [ -65.665148, 18.206895 ], [ -65.669043, 18.203704 ], [ -65.672959, 18.200998 ], [ -65.673746775385794, 18.200904739084201 ], [ -65.675399768525295, 18.200709049225299 ], [ -65.678458, 18.200347 ], [ -65.682974, 18.198767 ], [ -65.684999596099203, 18.1982855014794 ], [ -65.685237519496695, 18.1982289454049 ], [ -65.685918742522105, 18.198067013873299 ], [ -65.686777, 18.197863 ], [ -65.690818, 18.196056 ], [ -65.691112592471299, 18.195682766901701 ], [ -65.692957, 18.193346 ], [ -65.694991, 18.187502 ], [ -65.694099990190594, 18.185631341861999 ], [ -65.693123139325195, 18.183580462060799 ], [ -65.691523, 18.180221 ], [ -65.692434, 18.178929 ], [ -65.69485, 18.178866 ], [ -65.696908, 18.180795 ], [ -65.696564, 18.183077 ], [ -65.698195, 18.184401 ], [ -65.70065, 18.183223 ], [ -65.704044, 18.183675 ], [ -65.70626, 18.184735 ], [ -65.707272047310994, 18.1843652749752 ], [ -65.708792, 18.18381 ], [ -65.711008714512403, 18.186706863549801 ], [ -65.712439, 18.188576 ], [ -65.713647140808007, 18.1888868008241 ], [ -65.717646799872995, 18.189915734972701 ], [ -65.718021, 18.190012 ], [ -65.720091628929893, 18.189509426201401 ], [ -65.724679, 18.188396 ], [ -65.724955402710293, 18.1881859020781 ], [ -65.728442032413895, 18.185535661586499 ], [ -65.733354, 18.181802 ], [ -65.737157, 18.177737 ], [ -65.739162357161604, 18.173545744476598 ], [ -65.740432, 18.176571 ], [ -65.741152, 18.177466 ], [ -65.740251, 18.181241 ], [ -65.740495, 18.182025 ], [ -65.741408, 18.182332 ], [ -65.743634, 18.181244 ], [ -65.747103, 18.180725 ], [ -65.749334, 18.178269 ], [ -65.749876, 18.177186 ], [ -65.751282, 18.176322 ], [ -65.754526, 18.177319 ], [ -65.766046, 18.182096 ], [ -65.762505, 18.190014 ], [ -65.760504, 18.195581 ], [ -65.762727, 18.196458 ], [ -65.766037, 18.198557 ], [ -65.766622, 18.198595 ], [ -65.768793, 18.197995 ], [ -65.771946, 18.198449 ], [ -65.774354, 18.199539 ], [ -65.777058, 18.199616 ], [ -65.779838, 18.201164 ], [ -65.781561, 18.201289 ], [ -65.783334, 18.202813 ], [ -65.785739, 18.204085 ], [ -65.786924, 18.203715 ], [ -65.79121, 18.204326 ], [ -65.792477, 18.206759 ], [ -65.79331, 18.206532 ], [ -65.795559, 18.205715 ], [ -65.797455, 18.203644 ], [ -65.798868, 18.204155 ], [ -65.799857, 18.2026 ], [ -65.803264, 18.204084 ], [ -65.804754, 18.20408 ], [ -65.80713, 18.205384 ], [ -65.812391, 18.204508 ], [ -65.816785, 18.205006 ], [ -65.817597, 18.205863 ], [ -65.819451, 18.205594 ], [ -65.819979, 18.204411 ], [ -65.82329, 18.202811 ], [ -65.82413, 18.200726 ], [ -65.826063, 18.200408 ], [ -65.826244, 18.201262 ], [ -65.831388, 18.214222 ], [ -65.830684, 18.218561 ] ] ] ] } },
{ "type": "Feature", "properties": { "STATEFP": "72", "COUNTYFP": "139", "COUNTYNS": "01804550", "GEOIDFQ": "0500000US72139", "GEOID": "72139", "NAME": "Trujillo Alto", "NAMELSAD": "Trujillo Alto Municipio", "STUSPS": "PR", "STATE_NAME": "Puerto Rico", "LSAD": "13", "ALAND": 53763396.0, "AWATER": 1615332.0 }, "geometry": { "type": "MultiPolygon", "coordinates": [ [ [ [ -66.041535, 18.312344 ], [ -66.040698, 18.312667 ], [ -66.041053, 18.315395 ], [ -66.03756, 18.317321 ], [ -66.035499, 18.31984 ], [ -66.035725, 18.322129 ], [ -66.036438, 18.323052 ], [ -66.036153, 18.32517 ], [ -66.035364, 18.325905 ], [ -66.03596, 18.327913 ], [ -66.035036, 18.330037 ], [ -66.03494, 18.332214 ], [ -66.034938, 18.333469 ], [ -66.033663, 18.335236 ], [ -66.034912, 18.340167 ], [ -66.03554, 18.342923 ], [ -66.035533, 18.344368 ], [ -66.036788, 18.3456 ], [ -66.036418, 18.348239 ], [ -66.034512, 18.352182 ], [ -66.034526, 18.353925 ], [ -66.032505, 18.355701 ], [ -66.034571, 18.357098 ], [ -66.034729, 18.358708 ], [ -66.034742, 18.358855 ], [ -66.034751, 18.358963 ], [ -66.034633, 18.360944 ], [ -66.034188, 18.362262 ], [ -66.035015, 18.36424 ], [ -66.035025, 18.36731 ], [ -66.035557, 18.368455 ], [ -66.035349, 18.369681 ], [ -66.034673, 18.369788 ], [ -66.034212, 18.369953 ], [ -66.031998, 18.373256 ], [ -66.030241, 18.374864 ], [ -66.029167, 18.375905 ], [ -66.028116, 18.376993 ], [ -66.025286, 18.379803 ], [ -66.016938, 18.378364 ], [ -66.013256, 18.38038 ], [ -66.012508, 18.380568 ], [ -66.011653, 18.379631 ], [ -66.009398, 18.379676 ], [ -66.006887, 18.378892 ], [ -66.003417, 18.379053 ], [ -66.002728, 18.379184 ], [ -66.002719, 18.379419 ], [ -65.999556, 18.380065 ], [ -65.998965, 18.380108 ], [ -65.997753, 18.37837 ], [ -65.994258, 18.377202 ], [ -65.992844, 18.377436 ], [ -65.991498, 18.377004 ], [ -65.991519, 18.376641 ], [ -65.991499, 18.372371 ], [ -65.98985, 18.37057 ], [ -65.989496, 18.369857 ], [ -65.989734, 18.36724 ], [ -65.989643, 18.36584 ], [ -65.986833, 18.363391 ], [ -65.9832, 18.360195 ], [ -65.98281, 18.359545 ], [ -65.982048, 18.358494 ], [ -65.98103, 18.356324 ], [ -65.981031, 18.353992 ], [ -65.979528, 18.35302 ], [ -65.975571, 18.352701 ], [ -65.975247, 18.349187 ], [ -65.97438, 18.348666 ], [ -65.973733, 18.34732 ], [ -65.973741, 18.347302 ], [ -65.972785, 18.344157 ], [ -65.969705, 18.343405 ], [ -65.970146, 18.341843 ], [ -65.96975, 18.340431 ], [ -65.966982, 18.339764 ], [ -65.969573, 18.336138 ], [ -65.969832, 18.334088 ], [ -65.967583, 18.331875 ], [ -65.967059, 18.329901 ], [ -65.966352, 18.329359 ], [ -65.963624, 18.32938 ], [ -65.962419, 18.328634 ], [ -65.962269, 18.327361 ], [ -65.963261, 18.325377 ], [ -65.961383, 18.322722 ], [ -65.958647, 18.322499 ], [ -65.958584, 18.321274 ], [ -65.956602, 18.31831 ], [ -65.954316, 18.317844 ], [ -65.95272, 18.316234 ], [ -65.952698, 18.316193 ], [ -65.950477, 18.315563 ], [ -65.950154, 18.314196 ], [ -65.948679, 18.312171 ], [ -65.947264, 18.31144 ], [ -65.943096, 18.311586 ], [ -65.942178, 18.312224 ], [ -65.940897, 18.311573 ], [ -65.939096, 18.309559 ], [ -65.938986, 18.308743 ], [ -65.940565, 18.307496 ], [ -65.941661, 18.305044 ], [ -65.940406, 18.303331 ], [ -65.94018, 18.300378 ], [ -65.943603, 18.299075 ], [ -65.942259, 18.296934 ], [ -65.943027, 18.294595 ], [ -65.942429, 18.293469 ], [ -65.945798, 18.293642 ], [ -65.948375, 18.294302 ], [ -65.95026, 18.295507 ], [ -65.95376, 18.294482 ], [ -65.956436, 18.296322 ], [ -65.957815, 18.296735 ], [ -65.960148, 18.298899 ], [ -65.960835, 18.300055 ], [ -65.963024, 18.299866 ], [ -65.964662, 18.302241 ], [ -65.96459, 18.303085 ], [ -65.96628, 18.305424 ], [ -65.967581, 18.305928 ], [ -65.967361, 18.306969 ], [ -65.968576, 18.307166 ], [ -65.968706, 18.308202 ], [ -65.967659, 18.309661 ], [ -65.968149, 18.310153 ], [ -65.968711, 18.309875 ], [ -65.972464, 18.310338 ], [ -65.98406, 18.310825 ], [ -65.986059, 18.311183 ], [ -65.988794, 18.309917 ], [ -65.991789, 18.30948 ], [ -65.99526, 18.30664 ], [ -65.997175, 18.306089 ], [ -66.00099, 18.307487 ], [ -66.002757, 18.307552 ], [ -66.002801, 18.306397 ], [ -66.006311, 18.305449 ], [ -66.006767, 18.304371 ], [ -66.009378, 18.305205 ], [ -66.012749, 18.307318 ], [ -66.015252, 18.307514 ], [ -66.016482, 18.308734 ], [ -66.018257, 18.308585 ], [ -66.020194, 18.307536 ], [ -66.021747, 18.305034 ], [ -66.024857, 18.308963 ], [ -66.025887, 18.309659 ], [ -66.030118, 18.309897 ], [ -66.031631, 18.308877 ], [ -66.035475, 18.309582 ], [ -66.038468, 18.311662 ], [ -66.040857, 18.311432 ], [ -66.041535, 18.312344 ] ] ] ] } },
{ "type": "Feature", "properties": { "STATEFP": "72", "COUNTYFP": "151", "COUNTYNS": "01804556", "GEOIDFQ": "0500000US72151", "GEOID": "72151", "NAME": "Yabucoa", "NAMELSAD": "Yabucoa Municipio", "STUSPS": "PR", "STATE_NAME": "Puerto Rico", "LSAD": "13", "ALAND": 143005187.0, "AWATER": 72592515.0 }, "geometry": { "type": "MultiPolygon", "coordinates": [ [ [ [ -66.010396, 18.072011 ], [ -66.008612, 18.07374 ], [ -66.010245, 18.075565 ], [ -66.00925, 18.076205 ], [ -66.004963, 18.07597 ], [ -66.003009, 18.079066 ], [ -66.000035, 18.081437 ], [ -65.99825, 18.083635 ], [ -65.998576, 18.084057 ], [ -65.99542, 18.084838 ], [ -65.994626, 18.088444 ], [ -65.993461, 18.089744 ], [ -65.990781, 18.090134 ], [ -65.989033, 18.088931 ], [ -65.985969, 18.089812 ], [ -65.984712, 18.088501 ], [ -65.982538, 18.089971 ], [ -65.980608, 18.093543 ], [ -65.979479, 18.092955 ], [ -65.978594, 18.094834 ], [ -65.975978, 18.094308 ], [ -65.975939, 18.093074 ], [ -65.973338, 18.090883 ], [ -65.970541, 18.090954 ], [ -65.970135, 18.089879 ], [ -65.965942, 18.089119 ], [ -65.964541, 18.08711 ], [ -65.962957, 18.087639 ], [ -65.962051, 18.086497 ], [ -65.960443, 18.088778 ], [ -65.958699, 18.089089 ], [ -65.955276, 18.091859 ], [ -65.954136, 18.091691 ], [ -65.952631, 18.092959 ], [ -65.950176, 18.093037 ], [ -65.94291, 18.089243 ], [ -65.941023, 18.089423 ], [ -65.939451, 18.091808 ], [ -65.936068, 18.092496 ], [ -65.936441, 18.093602 ], [ -65.933166, 18.093754 ], [ -65.933944, 18.094872 ], [ -65.929931, 18.097688 ], [ -65.931878, 18.100737 ], [ -65.930227, 18.10071 ], [ -65.928451, 18.102016 ], [ -65.928047, 18.105324 ], [ -65.92549, 18.105424 ], [ -65.924276, 18.106764 ], [ -65.924313, 18.108106 ], [ -65.926195, 18.108637 ], [ -65.925827, 18.111829 ], [ -65.926787, 18.113805 ], [ -65.927167, 18.11622 ], [ -65.925893, 18.117836 ], [ -65.926227, 18.119963 ], [ -65.925183, 18.120581 ], [ -65.919269, 18.120952 ], [ -65.917024, 18.122422 ], [ -65.914426, 18.122326 ], [ -65.912763, 18.123781 ], [ -65.909329, 18.123959 ], [ -65.907453, 18.126145 ], [ -65.905052, 18.12557 ], [ -65.900893, 18.125856 ], [ -65.898633, 18.123649 ], [ -65.897309, 18.124277 ], [ -65.894762, 18.124136 ], [ -65.893125, 18.122501 ], [ -65.889382, 18.121283 ], [ -65.888234, 18.121131 ], [ -65.883911, 18.122827 ], [ -65.882329, 18.119828 ], [ -65.877615, 18.118167 ], [ -65.877339, 18.115689 ], [ -65.874611, 18.114939 ], [ -65.871011, 18.113033 ], [ -65.871466, 18.109638 ], [ -65.870211, 18.108426 ], [ -65.866086, 18.108592 ], [ -65.865523, 18.108133 ], [ -65.863214, 18.109271 ], [ -65.863681, 18.111597 ], [ -65.86089, 18.113634 ], [ -65.860322, 18.115594 ], [ -65.857113, 18.115378 ], [ -65.855851, 18.117433 ], [ -65.851133, 18.118337 ], [ -65.848117, 18.117488 ], [ -65.844983, 18.115105 ], [ -65.846125, 18.113997 ], [ -65.846003, 18.112421 ], [ -65.842253, 18.11191 ], [ -65.842093, 18.110676 ], [ -65.841703, 18.110147 ], [ -65.842986, 18.109792 ], [ -65.843408, 18.107301 ], [ -65.845636, 18.106176 ], [ -65.847949, 18.102549 ], [ -65.847354, 18.10071 ], [ -65.848051, 18.099164 ], [ -65.84498, 18.097564 ], [ -65.843025, 18.097305 ], [ -65.842279, 18.096215 ], [ -65.841095, 18.095034 ], [ -65.8409, 18.09426 ], [ -65.840175, 18.092869 ], [ -65.84038, 18.091069 ], [ -65.83799, 18.090079 ], [ -65.836078, 18.091083 ], [ -65.832933, 18.090199 ], [ -65.830481, 18.089098 ], [ -65.829242, 18.084713 ], [ -65.825336, 18.083515 ], [ -65.822272, 18.083503 ], [ -65.821565, 18.081495 ], [ -65.818463, 18.08062 ], [ -65.81801, 18.082619 ], [ -65.814207, 18.081777 ], [ -65.813981, 18.080891 ], [ -65.814026, 18.080379 ], [ -65.811994, 18.077741 ], [ -65.810424, 18.074315 ], [ -65.809043, 18.072869 ], [ -65.809081, 18.072033 ], [ -65.808848, 18.07157 ], [ -65.808626, 18.071365 ], [ -65.807987, 18.07112 ], [ -65.807167, 18.070938 ], [ -65.806528, 18.071004 ], [ -65.806264, 18.071237 ], [ -65.805575, 18.071255 ], [ -65.805257, 18.070962 ], [ -65.804545, 18.070702 ], [ -65.802998, 18.071186 ], [ -65.800324, 18.069489 ], [ -65.797237622865396, 18.0697468131339 ], [ -65.796936, 18.068544 ], [ -65.798882838709702, 18.064555354838699 ], [ -65.8000393000071, 18.062186019497599 ], [ -65.801733, 18.058716 ], [ -65.808937, 18.057109 ], [ -65.811674, 18.059412 ], [ -65.814403, 18.060272 ], [ -65.816067, 18.062758 ], [ -65.818651, 18.062925 ], [ -65.82159, 18.061306 ], [ -65.827148376637396, 18.056326367854801 ], [ -65.827996, 18.055567 ], [ -65.829879, 18.053077 ], [ -65.830889019888801, 18.053988421879598 ], [ -65.832732357024497, 18.055651812685799 ], [ -65.832778, 18.055693 ], [ -65.833516960967998, 18.055465045666299 ], [ -65.83825, 18.054005 ], [ -65.838485, 18.052289 ], [ -65.834998, 18.049556 ], [ -65.833128, 18.04981 ], [ -65.8322, 18.048264 ], [ -65.832761836651002, 18.046443726479001 ], [ -65.832927688745798, 18.045906388489598 ], [ -65.833655, 18.04355 ], [ -65.834216963487606, 18.040162086151501 ], [ -65.834491, 18.03851 ], [ -65.83043, 18.030519 ], [ -65.832942, 18.025922 ], [ -65.833061, 18.022788 ], [ -65.832998305465594, 18.022705666643201 ], [ -65.831859557358797, 18.021210210061898 ], [ -65.831302, 18.020478 ], [ -65.83238, 18.017778 ], [ -65.835227, 18.015347 ], [ -65.83508, 18.013859 ], [ -65.835938, 18.013217 ], [ -65.841727, 18.016085 ], [ -65.844123, 18.016189 ], [ -65.850662, 18.011493 ], [ -65.850685013572701, 18.011472275095802 ], [ -65.853547, 18.014595 ], [ -65.857293, 18.016945 ], [ -65.857117, 18.018771 ], [ -65.859072, 18.021185 ], [ -65.862188, 18.021983 ], [ -65.864627, 18.025698 ], [ -65.866952, 18.025799 ], [ -65.867644, 18.026048 ], [ -65.870991, 18.025049 ], [ -65.873016, 18.023485 ], [ -65.874896, 18.023438 ], [ -65.875592, 18.022162 ], [ -65.878853, 18.020661 ], [ -65.879255, 18.020512 ], [ -65.879977, 18.020654 ], [ -65.88104, 18.020796 ], [ -65.882177, 18.022526 ], [ -65.882318, 18.024179 ], [ -65.88592, 18.027218 ], [ -65.888172, 18.030154 ], [ -65.890516, 18.03107 ], [ -65.892345, 18.031097 ], [ -65.892987, 18.031974 ], [ -65.895129, 18.0322 ], [ -65.896922, 18.033837 ], [ -65.898505, 18.033869 ], [ -65.899767, 18.03213 ], [ -65.90221, 18.034011 ], [ -65.904714, 18.034106 ], [ -65.906191, 18.035272 ], [ -65.907393, 18.035898 ], [ -65.911412, 18.034239 ], [ -65.911995, 18.033327 ], [ -65.912381, 18.033105 ], [ -65.915131, 18.034278 ], [ -65.916299, 18.034189 ], [ -65.917445, 18.034265 ], [ -65.921949, 18.034595 ], [ -65.923194, 18.035422 ], [ -65.925134, 18.036826 ], [ -65.928013, 18.036271 ], [ -65.929474, 18.036968 ], [ -65.933735, 18.0368 ], [ -65.934031, 18.037146 ], [ -65.935184, 18.040723 ], [ -65.937248, 18.041009 ], [ -65.941466, 18.040846 ], [ -65.942097, 18.042497 ], [ -65.944036, 18.043671 ], [ -65.948639, 18.045716 ], [ -65.950367, 18.04595 ], [ -65.952282, 18.044819 ], [ -65.953173, 18.046938 ], [ -65.955394, 18.047832 ], [ -65.958505, 18.052289 ], [ -65.959506, 18.052185 ], [ -65.961485, 18.053928 ], [ -65.963971, 18.054891 ], [ -65.964698, 18.054205 ], [ -65.969069, 18.053214 ], [ -65.972241, 18.052898 ], [ -65.973738, 18.054451 ], [ -65.97345, 18.056619 ], [ -65.975421, 18.057884 ], [ -65.977129, 18.05825 ], [ -65.97779, 18.061093 ], [ -65.979032, 18.060607 ], [ -65.980187, 18.061251 ], [ -65.983559, 18.058764 ], [ -65.985438, 18.059625 ], [ -65.988523, 18.058941 ], [ -65.990742, 18.059491 ], [ -65.991549, 18.06011 ], [ -65.992312, 18.061429 ], [ -65.99345, 18.060052 ], [ -65.994442, 18.06011 ], [ -65.996559, 18.059695 ], [ -65.998594, 18.060121 ], [ -65.999133, 18.059857 ], [ -66.000072, 18.060275 ], [ -66.002458, 18.061893 ], [ -66.003155, 18.062055 ], [ -66.007395, 18.066218 ], [ -66.010668, 18.067894 ], [ -66.010396, 18.072011 ] ] ] ] } },
{ "type": "Feature", "properties": { "STATEFP": "72", "COUNTYFP": "013", "COUNTYNS": "01804486", "GEOIDFQ": "0500000US72013", "GEOID": "72013", "NAME": "Arecibo", "NAMELSAD": "Arecibo Municipio", "STUSPS": "PR", "STATE_NAME": "Puerto Rico", "LSAD": "13", "ALAND": 326181952.0, "AWATER": 117203464.0 }, "geometry": { "type": "MultiPolygon", "coordinates": [ [ [ [ -66.770658, 18.435952 ], [ -66.768871, 18.442219 ], [ -66.768317, 18.443957 ], [ -66.768101, 18.446658 ], [ -66.767628, 18.451719 ], [ -66.767281, 18.461651 ], [ -66.768189, 18.461465 ], [ -66.768148, 18.465663 ], [ -66.769169, 18.469062 ], [ -66.768632, 18.470703 ], [ -66.768348, 18.471098 ], [ -66.768636, 18.473241 ], [ -66.767807, 18.476512 ], [ -66.76799, 18.478246 ], [ -66.764997785556403, 18.483799864995198 ], [ -66.762508402176806, 18.4823242384022 ], [ -66.762507877099296, 18.482323948234299 ], [ -66.752663616390805, 18.478177548984998 ], [ -66.749621, 18.476896 ], [ -66.743810270120903, 18.475247410839401 ], [ -66.739262, 18.473957 ], [ -66.732709, 18.473463 ], [ -66.730183, 18.474434 ], [ -66.728642710981504, 18.474619633611699 ], [ -66.726711266653098, 18.474852408748099 ], [ -66.726667528340997, 18.474857680032098 ], [ -66.723331837913605, 18.4752596930661 ], [ -66.721006, 18.47554 ], [ -66.720409651804701, 18.4753470938555 ], [ -66.719157982099105, 18.474942204935001 ], [ -66.716458298532899, 18.474068913874198 ], [ -66.715606427355198, 18.4737933513995 ], [ -66.712646465859393, 18.4728358658828 ], [ -66.710829268149894, 18.4722480405038 ], [ -66.709911, 18.471951 ], [ -66.709146834996801, 18.472080191935401 ], [ -66.704138, 18.472927 ], [ -66.703439341806501, 18.473682201092402 ], [ -66.700557163636503, 18.476797635968001 ], [ -66.700184, 18.477201 ], [ -66.700182042180799, 18.4776917006815 ], [ -66.700162, 18.482715 ], [ -66.698306, 18.482991 ], [ -66.697615535551904, 18.482778630999402 ], [ -66.697450727669704, 18.4827279403587 ], [ -66.693051188818899, 18.481374756032501 ], [ -66.691797, 18.480989 ], [ -66.683826, 18.481161 ], [ -66.675508801324696, 18.487446865274901 ], [ -66.672902, 18.489417 ], [ -66.668862, 18.487734 ], [ -66.654126, 18.488861 ], [ -66.645332, 18.488861 ], [ -66.641291, 18.492467 ], [ -66.621441, 18.493081 ], [ -66.619037, 18.491455 ], [ -66.607633, 18.490607 ], [ -66.597726, 18.488055 ], [ -66.590903, 18.48548 ], [ -66.586751107552701, 18.4851010587685 ], [ -66.586966, 18.48391 ], [ -66.588854, 18.473525 ], [ -66.588873, 18.473419 ], [ -66.586567, 18.468864 ], [ -66.584675, 18.467122 ], [ -66.582038, 18.466195 ], [ -66.579868, 18.467957 ], [ -66.580507, 18.463406 ], [ -66.580815, 18.459466 ], [ -66.582745, 18.441656 ], [ -66.585599, 18.44142 ], [ -66.587782, 18.441193 ], [ -66.58777, 18.437599 ], [ -66.586608, 18.437409 ], [ -66.584273, 18.43859 ], [ -66.584138, 18.438677 ], [ -66.583222, 18.437781 ], [ -66.583822, 18.431849 ], [ -66.585273, 18.419687 ], [ -66.586209, 18.415138 ], [ -66.586445, 18.413821 ], [ -66.587328, 18.411077 ], [ -66.587619, 18.410307 ], [ -66.59095, 18.410472 ], [ -66.591024, 18.410148 ], [ -66.593456, 18.399407 ], [ -66.592617, 18.397895 ], [ -66.59093, 18.39671 ], [ -66.589836, 18.393348 ], [ -66.591325, 18.391991 ], [ -66.590075, 18.389736 ], [ -66.588807, 18.389514 ], [ -66.588181, 18.389408 ], [ -66.588272, 18.388828 ], [ -66.588273, 18.386988 ], [ -66.588778, 18.386358 ], [ -66.588008, 18.383914 ], [ -66.588189, 18.380671 ], [ -66.589194, 18.377711 ], [ -66.589145, 18.375678 ], [ -66.588305, 18.37414 ], [ -66.586544, 18.374529 ], [ -66.585611, 18.373963 ], [ -66.582374, 18.374238 ], [ -66.582408, 18.370808 ], [ -66.582939, 18.364515 ], [ -66.583014, 18.363218 ], [ -66.584452, 18.36125 ], [ -66.585172, 18.359211 ], [ -66.588291, 18.355893 ], [ -66.587078, 18.353144 ], [ -66.588916, 18.351229 ], [ -66.589766, 18.348659 ], [ -66.588909, 18.346899 ], [ -66.590188, 18.345482 ], [ -66.589625, 18.344239 ], [ -66.590329, 18.341478 ], [ -66.591656, 18.340689 ], [ -66.590487, 18.339747 ], [ -66.590785, 18.33806 ], [ -66.595271, 18.338019 ], [ -66.597353, 18.339216 ], [ -66.598454, 18.338747 ], [ -66.600229, 18.339603 ], [ -66.600935, 18.338467 ], [ -66.600183, 18.337108 ], [ -66.601496, 18.334619 ], [ -66.604488, 18.331647 ], [ -66.606708, 18.331486 ], [ -66.606989, 18.328186 ], [ -66.609641, 18.32859 ], [ -66.611779, 18.329721 ], [ -66.612414, 18.331349 ], [ -66.614617, 18.331591 ], [ -66.615342, 18.33291 ], [ -66.616758, 18.331792 ], [ -66.619029, 18.331805 ], [ -66.621418, 18.330708 ], [ -66.624323, 18.328323 ], [ -66.628731, 18.327872 ], [ -66.632008, 18.32813 ], [ -66.63231, 18.326801 ], [ -66.634755, 18.325331 ], [ -66.636506, 18.325335 ], [ -66.639155, 18.324559 ], [ -66.642193, 18.326793 ], [ -66.642949, 18.32598 ], [ -66.645529, 18.325581 ], [ -66.648635, 18.326608 ], [ -66.650031, 18.328393 ], [ -66.652284, 18.328306 ], [ -66.65344, 18.327262 ], [ -66.654487, 18.324417 ], [ -66.656172, 18.322769 ], [ -66.657522, 18.321932 ], [ -66.661789, 18.320686 ], [ -66.662588, 18.319933 ], [ -66.664148, 18.322053 ], [ -66.666888, 18.322414 ], [ -66.669375, 18.323468 ], [ -66.671621, 18.324522 ], [ -66.67494, 18.323813 ], [ -66.677404, 18.322171 ], [ -66.679835, 18.321653 ], [ -66.682103, 18.321914 ], [ -66.683006, 18.32085 ], [ -66.683192, 18.320909 ], [ -66.685389, 18.321171 ], [ -66.687815, 18.320116 ], [ -66.688732, 18.320199 ], [ -66.690192, 18.321653 ], [ -66.691567, 18.321296 ], [ -66.695763, 18.322093 ], [ -66.698336, 18.320801 ], [ -66.702916, 18.320592 ], [ -66.704747, 18.319105 ], [ -66.70661, 18.316945 ], [ -66.708697, 18.316602 ], [ -66.710474, 18.315439 ], [ -66.711439, 18.315606 ], [ -66.715886, 18.315205 ], [ -66.717302, 18.315681 ], [ -66.717866, 18.317484 ], [ -66.719342, 18.319517 ], [ -66.720032, 18.323085 ], [ -66.721266, 18.323819 ], [ -66.721474, 18.325247 ], [ -66.720854, 18.327387 ], [ -66.721664, 18.330031 ], [ -66.72268, 18.331751 ], [ -66.722528, 18.333369 ], [ -66.720374, 18.335108 ], [ -66.719792, 18.336641 ], [ -66.720301, 18.337629 ], [ -66.723462, 18.33985 ], [ -66.730441, 18.349484 ], [ -66.73154, 18.348406 ], [ -66.734333, 18.347693 ], [ -66.735947, 18.349675 ], [ -66.738046, 18.34822 ], [ -66.739416, 18.345769 ], [ -66.741193, 18.34425 ], [ -66.743798, 18.343566 ], [ -66.7462, 18.341978 ], [ -66.752559, 18.339128 ], [ -66.754409, 18.337303 ], [ -66.756248, 18.337194 ], [ -66.757298, 18.33673 ], [ -66.758883, 18.334744 ], [ -66.761133, 18.333873 ], [ -66.76203, 18.334089 ], [ -66.762378, 18.332144 ], [ -66.765203, 18.332131 ], [ -66.766208, 18.329695 ], [ -66.765973, 18.327506 ], [ -66.767461, 18.328282 ], [ -66.76864, 18.325993 ], [ -66.770072, 18.325013 ], [ -66.769261, 18.355365 ], [ -66.769488, 18.358264 ], [ -66.76911, 18.373004 ], [ -66.768981, 18.374116 ], [ -66.767269, 18.389895 ], [ -66.767172, 18.392097 ], [ -66.76772, 18.39463 ], [ -66.767767, 18.39484 ], [ -66.769983, 18.405538 ], [ -66.770094, 18.407875 ], [ -66.769518, 18.409576 ], [ -66.767838, 18.415844 ], [ -66.767973, 18.420905 ], [ -66.768004, 18.424151 ], [ -66.767942, 18.427246 ], [ -66.768977, 18.43244 ], [ -66.770142, 18.433862 ], [ -66.770658, 18.435952 ] ] ] ] } },
{ "type": "Feature", "properties": { "STATEFP": "72", "COUNTYFP": "125", "COUNTYNS": "01804543", "GEOIDFQ": "0500000US72125", "GEOID": "72125", "NAME": "San Germán", "NAMELSAD": "San Germán Municipio", "STUSPS": "PR", "STATE_NAME": "Puerto Rico", "LSAD": "13", "ALAND": 141145285.0, "AWATER": 29099.0 }, "geometry": { "type": "MultiPolygon", "coordinates": [ [ [ [ -67.10711, 18.06178 ], [ -67.104589, 18.063248 ], [ -67.103198, 18.065741 ], [ -67.09912, 18.067358 ], [ -67.098626, 18.071374 ], [ -67.098692, 18.071537 ], [ -67.100431, 18.07238 ], [ -67.101267, 18.074203 ], [ -67.103747, 18.074494 ], [ -67.105566, 18.073861 ], [ -67.106123, 18.079693 ], [ -67.104757, 18.081525 ], [ -67.105856, 18.084012 ], [ -67.104766, 18.085394 ], [ -67.10523, 18.087749 ], [ -67.10472, 18.090089 ], [ -67.103132, 18.092044 ], [ -67.103981, 18.094749 ], [ -67.104044, 18.098804 ], [ -67.10271, 18.09956 ], [ -67.102635, 18.104554 ], [ -67.099385, 18.105735 ], [ -67.100492, 18.106395 ], [ -67.099198, 18.107129 ], [ -67.09726, 18.107303 ], [ -67.094879, 18.106547 ], [ -67.093315, 18.106735 ], [ -67.091117, 18.104954 ], [ -67.087261, 18.105523 ], [ -67.087005, 18.103974 ], [ -67.086267, 18.105503 ], [ -67.086815, 18.106452 ], [ -67.083793, 18.106793 ], [ -67.08105, 18.106715 ], [ -67.079009, 18.110108 ], [ -67.081076, 18.111291 ], [ -67.077937, 18.112963 ], [ -67.077812, 18.115846 ], [ -67.07953, 18.116996 ], [ -67.081558, 18.11823 ], [ -67.083684, 18.119045 ], [ -67.0859, 18.12112 ], [ -67.092119, 18.125369 ], [ -67.090736, 18.126333 ], [ -67.092544, 18.127255 ], [ -67.09196, 18.129903 ], [ -67.091026, 18.132042 ], [ -67.09415, 18.1349 ], [ -67.09273, 18.13736 ], [ -67.093166, 18.14088 ], [ -67.093944, 18.142151 ], [ -67.093114, 18.142785 ], [ -67.091708, 18.14207 ], [ -67.09093, 18.14246 ], [ -67.091836, 18.144154 ], [ -67.092485, 18.146314 ], [ -67.09144, 18.147875 ], [ -67.089319, 18.148958 ], [ -67.087163, 18.148527 ], [ -67.088032, 18.146232 ], [ -67.085992, 18.144281 ], [ -67.084807, 18.146006 ], [ -67.084016, 18.148186 ], [ -67.084517, 18.149287 ], [ -67.086359, 18.149829 ], [ -67.086364, 18.15181 ], [ -67.087211, 18.155819 ], [ -67.086045, 18.156416 ], [ -67.085257, 18.157984 ], [ -67.084067, 18.159435 ], [ -67.085706, 18.162978 ], [ -67.084429, 18.163346 ], [ -67.084678, 18.164604 ], [ -67.082144, 18.168073 ], [ -67.078486, 18.16755 ], [ -67.077096, 18.169144 ], [ -67.075432, 18.170639 ], [ -67.074001, 18.171227 ], [ -67.072604, 18.172948 ], [ -67.067141, 18.173021 ], [ -67.066546, 18.171911 ], [ -67.064846, 18.172962 ], [ -67.063646, 18.172076 ], [ -67.061059, 18.173737 ], [ -67.060295, 18.173709 ], [ -67.05946, 18.172089 ], [ -67.057309, 18.173292 ], [ -67.055144, 18.17253 ], [ -67.054053, 18.17348 ], [ -67.054019, 18.172034 ], [ -67.052614, 18.172263 ], [ -67.051542, 18.173962 ], [ -67.051461, 18.174053 ], [ -67.04908, 18.173452 ], [ -67.048139, 18.171891 ], [ -67.047016, 18.172492 ], [ -67.047487, 18.171129 ], [ -67.045163, 18.170459 ], [ -67.044337, 18.169449 ], [ -67.042402, 18.169642 ], [ -67.040732, 18.168513 ], [ -67.036882, 18.168522 ], [ -67.035077, 18.167998 ], [ -67.02994, 18.16746 ], [ -67.029359, 18.166932 ], [ -67.026724, 18.166698 ], [ -67.024143, 18.165558 ], [ -67.021409, 18.166075 ], [ -67.020214, 18.16577 ], [ -67.018026, 18.165214 ], [ -67.015433, 18.166113 ], [ -67.013844, 18.165874 ], [ -67.012377, 18.162419 ], [ -67.00981, 18.160784 ], [ -67.0096, 18.158915 ], [ -67.007034, 18.159005 ], [ -67.005324, 18.157507 ], [ -67.002329, 18.156849 ], [ -67.001552, 18.156886 ], [ -66.999622, 18.157265 ], [ -66.995149, 18.155482 ], [ -66.993587, 18.152835 ], [ -66.992896, 18.150781 ], [ -66.991302, 18.150903 ], [ -66.989456, 18.148581 ], [ -66.987838, 18.149612 ], [ -66.985574, 18.149245 ], [ -66.981264, 18.146345 ], [ -66.979974, 18.144502 ], [ -66.977855, 18.143799 ], [ -66.97662, 18.143294 ], [ -66.974839, 18.142502 ], [ -66.971757, 18.138726 ], [ -66.970907, 18.136138 ], [ -66.970369, 18.131898 ], [ -66.970771, 18.130639 ], [ -66.97085, 18.127632 ], [ -66.972981, 18.127009 ], [ -66.977072, 18.124509 ], [ -66.979065, 18.12171 ], [ -66.979951, 18.118431 ], [ -66.980081, 18.115844 ], [ -66.981618, 18.11283 ], [ -66.981358, 18.111197 ], [ -66.983211, 18.108681 ], [ -66.984117, 18.106833 ], [ -66.983535, 18.105583 ], [ -66.98504, 18.103164 ], [ -66.984089, 18.101725 ], [ -66.983928, 18.099161 ], [ -66.9832, 18.095239 ], [ -66.983577, 18.088383 ], [ -66.982448, 18.086217 ], [ -66.982256, 18.082222 ], [ -66.981094, 18.080042 ], [ -66.980602, 18.078775 ], [ -66.98187, 18.056438 ], [ -66.983337, 18.052518 ], [ -66.990241, 18.054168 ], [ -66.991144, 18.054088 ], [ -66.991765, 18.053737 ], [ -66.992492, 18.052409 ], [ -66.993577, 18.052528 ], [ -66.995267, 18.052564 ], [ -66.995689, 18.053522 ], [ -66.998777, 18.054703 ], [ -67.002127, 18.055119 ], [ -67.004814, 18.058078 ], [ -67.006276, 18.05846 ], [ -67.007745, 18.060206 ], [ -67.009654, 18.058943 ], [ -67.011594, 18.059013 ], [ -67.013082, 18.057545 ], [ -67.015055, 18.057719 ], [ -67.016053, 18.058588 ], [ -67.018018, 18.058491 ], [ -67.025532, 18.06099 ], [ -67.026808, 18.060963 ], [ -67.027168, 18.058789 ], [ -67.033283, 18.058091 ], [ -67.035086, 18.058479 ], [ -67.03619, 18.057817 ], [ -67.037119, 18.058655 ], [ -67.03939, 18.059694 ], [ -67.043794, 18.061763 ], [ -67.04508, 18.061831 ], [ -67.049905, 18.063313 ], [ -67.052466, 18.064897 ], [ -67.053203, 18.063621 ], [ -67.055481, 18.06301 ], [ -67.061251, 18.064191 ], [ -67.064958, 18.064504 ], [ -67.065585, 18.06414 ], [ -67.068517, 18.066141 ], [ -67.070142, 18.065191 ], [ -67.071704, 18.063719 ], [ -67.073786, 18.062617 ], [ -67.075519, 18.063437 ], [ -67.077565, 18.063391 ], [ -67.080038, 18.061326 ], [ -67.081965, 18.061705 ], [ -67.084867, 18.059079 ], [ -67.088044, 18.061197 ], [ -67.090228, 18.060982 ], [ -67.092581, 18.060308 ], [ -67.095522, 18.060815 ], [ -67.099884, 18.059079 ], [ -67.100891, 18.059604 ], [ -67.101862, 18.057972 ], [ -67.103831, 18.05703 ], [ -67.105354, 18.056768 ], [ -67.106751, 18.056214 ], [ -67.109044, 18.056085 ], [ -67.10711, 18.06178 ] ] ] ] } },
{ "type": "Feature", "properties": { "STATEFP": "72", "COUNTYFP": "085", "COUNTYNS": "01804523", "GEOIDFQ": "0500000US72085", "GEOID": "72085", "NAME": "Las Piedras", "NAMELSAD": "Las Piedras Municipio", "STUSPS": "PR", "STATE_NAME": "Puerto Rico", "LSAD": "13", "ALAND": 87748419.0, "AWATER": 32509.0 }, "geometry": { "type": "MultiPolygon", "coordinates": [ [ [ [ -65.928341, 18.142845 ], [ -65.926076, 18.144195 ], [ -65.923846, 18.148537 ], [ -65.919976, 18.155044 ], [ -65.918454, 18.157113 ], [ -65.917366, 18.160118 ], [ -65.916473, 18.160937 ], [ -65.916146, 18.164287 ], [ -65.91459, 18.166534 ], [ -65.913991, 18.168823 ], [ -65.912848, 18.169813 ], [ -65.910476, 18.174748 ], [ -65.910422, 18.174839 ], [ -65.90674, 18.179782 ], [ -65.902925, 18.185113 ], [ -65.90291, 18.185918 ], [ -65.902917, 18.186732 ], [ -65.901903, 18.191503 ], [ -65.899525, 18.19449 ], [ -65.898894, 18.195565 ], [ -65.896196, 18.201598 ], [ -65.896023, 18.20236 ], [ -65.894317, 18.200226 ], [ -65.890754, 18.200075 ], [ -65.889548, 18.199915 ], [ -65.887617, 18.198354 ], [ -65.882631, 18.207989 ], [ -65.880815, 18.209885 ], [ -65.879769, 18.210593 ], [ -65.874765, 18.215914 ], [ -65.874049, 18.216568 ], [ -65.870022, 18.219737 ], [ -65.868753, 18.219701 ], [ -65.869164, 18.220957 ], [ -65.867768, 18.222396 ], [ -65.86623, 18.227308 ], [ -65.86556, 18.228412 ], [ -65.861911, 18.234899 ], [ -65.858042, 18.242069 ], [ -65.851934, 18.248011 ], [ -65.851729, 18.249401 ], [ -65.853224, 18.250714 ], [ -65.853308, 18.253199 ], [ -65.852616, 18.254972 ], [ -65.851792, 18.255532 ], [ -65.850297, 18.256045 ], [ -65.846289, 18.258083 ], [ -65.845735, 18.259727 ], [ -65.844846, 18.260473 ], [ -65.842097, 18.264395 ], [ -65.839854, 18.265696 ], [ -65.839386, 18.271074 ], [ -65.838595, 18.273689 ], [ -65.836387, 18.275246 ], [ -65.831717, 18.271736 ], [ -65.831245, 18.27168 ], [ -65.827556, 18.273161 ], [ -65.824916, 18.273597 ], [ -65.82422, 18.273054 ], [ -65.82441, 18.27161 ], [ -65.823769, 18.268738 ], [ -65.819867, 18.267681 ], [ -65.815664, 18.262527 ], [ -65.81719, 18.2584 ], [ -65.816614, 18.256848 ], [ -65.817246, 18.252327 ], [ -65.819691, 18.249418 ], [ -65.82115, 18.246693 ], [ -65.822952, 18.242946 ], [ -65.823154, 18.242247 ], [ -65.828789, 18.230243 ], [ -65.829182, 18.228516 ], [ -65.830684, 18.218561 ], [ -65.831388, 18.214222 ], [ -65.826244, 18.201262 ], [ -65.826063, 18.200408 ], [ -65.825721, 18.192406 ], [ -65.827743, 18.187885 ], [ -65.82804, 18.187202 ], [ -65.830202, 18.185253 ], [ -65.832723, 18.184306 ], [ -65.83528, 18.180033 ], [ -65.836614, 18.175296 ], [ -65.842248, 18.177114 ], [ -65.846169, 18.178159 ], [ -65.846571, 18.17793 ], [ -65.847071, 18.176526 ], [ -65.8505, 18.175796 ], [ -65.854598, 18.177065 ], [ -65.856599, 18.173771 ], [ -65.854982, 18.16974 ], [ -65.855239, 18.169153 ], [ -65.855595, 18.16728 ], [ -65.857029, 18.164683 ], [ -65.857892, 18.162961 ], [ -65.862038, 18.155939 ], [ -65.861627, 18.154409 ], [ -65.862091, 18.153308 ], [ -65.86171, 18.151357 ], [ -65.861799, 18.150504 ], [ -65.861757, 18.147023 ], [ -65.861627, 18.145319 ], [ -65.862821, 18.141445 ], [ -65.862703, 18.140644 ], [ -65.865432, 18.138292 ], [ -65.867491, 18.138131 ], [ -65.869535, 18.133668 ], [ -65.870974, 18.132148 ], [ -65.871593, 18.129926 ], [ -65.873373, 18.129046 ], [ -65.874374, 18.128318 ], [ -65.875703, 18.125369 ], [ -65.875611, 18.123918 ], [ -65.876851, 18.121637 ], [ -65.877615, 18.118167 ], [ -65.882329, 18.119828 ], [ -65.883911, 18.122827 ], [ -65.888234, 18.121131 ], [ -65.889382, 18.121283 ], [ -65.893125, 18.122501 ], [ -65.894762, 18.124136 ], [ -65.897309, 18.124277 ], [ -65.898633, 18.123649 ], [ -65.900893, 18.125856 ], [ -65.905052, 18.12557 ], [ -65.907453, 18.126145 ], [ -65.909329, 18.123959 ], [ -65.912763, 18.123781 ], [ -65.914426, 18.122326 ], [ -65.917024, 18.122422 ], [ -65.919269, 18.120952 ], [ -65.925183, 18.120581 ], [ -65.926227, 18.119963 ], [ -65.927475, 18.122146 ], [ -65.926734, 18.12408 ], [ -65.925726, 18.126726 ], [ -65.926345, 18.127671 ], [ -65.925205, 18.128812 ], [ -65.925803, 18.130044 ], [ -65.924914, 18.133394 ], [ -65.925372, 18.134622 ], [ -65.924448, 18.135673 ], [ -65.921195, 18.135947 ], [ -65.920665, 18.137823 ], [ -65.922067, 18.139161 ], [ -65.92537, 18.139833 ], [ -65.926389, 18.139114 ], [ -65.926998, 18.141268 ], [ -65.928341, 18.142845 ] ] ] ] } },
{ "type": "Feature", "properties": { "STATEFP": "72", "COUNTYFP": "145", "COUNTYNS": "01804553", "GEOIDFQ": "0500000US72145", "GEOID": "72145", "NAME": "Vega Baja", "NAMELSAD": "Vega Baja Municipio", "STUSPS": "PR", "STATE_NAME": "Puerto Rico", "LSAD": "13", "ALAND": 118746311.0, "AWATER": 57826361.0 }, "geometry": { "type": "MultiPolygon", "coordinates": [ [ [ [ -66.448994, 18.389113 ], [ -66.448138, 18.391501 ], [ -66.441981, 18.402142 ], [ -66.441535, 18.403468 ], [ -66.440263, 18.406347 ], [ -66.439413, 18.410366 ], [ -66.440422, 18.429662 ], [ -66.440138, 18.435617 ], [ -66.44014, 18.435739 ], [ -66.440179, 18.439238 ], [ -66.439059, 18.440264 ], [ -66.438735, 18.442164 ], [ -66.439027, 18.447339 ], [ -66.439775, 18.447492 ], [ -66.439916, 18.451164 ], [ -66.439594, 18.458669 ], [ -66.439494, 18.462245 ], [ -66.438813097779502, 18.485714387835699 ], [ -66.438313, 18.48593 ], [ -66.429518, 18.487959 ], [ -66.417384222696995, 18.4883283819177 ], [ -66.416477, 18.488356 ], [ -66.412274, 18.489882 ], [ -66.411727375911696, 18.489809631847201 ], [ -66.405205981227397, 18.488946257369399 ], [ -66.404562, 18.488861 ], [ -66.402730429964507, 18.489031130509101 ], [ -66.4013, 18.489164 ], [ -66.399894851173798, 18.4903343410618 ], [ -66.39902, 18.491063 ], [ -66.39827, 18.492584 ], [ -66.396925081914503, 18.492401431934098 ], [ -66.396502, 18.492344 ], [ -66.395063, 18.489697 ], [ -66.386534, 18.486934 ], [ -66.384628, 18.484928 ], [ -66.381522, 18.482895 ], [ -66.3809520399451, 18.482997685111101 ], [ -66.378064, 18.483518 ], [ -66.37803217327, 18.483604245491001 ], [ -66.377485, 18.485087 ], [ -66.378893, 18.486418 ], [ -66.378417, 18.488185 ], [ -66.373343, 18.487781 ], [ -66.364776, 18.484786 ], [ -66.361089, 18.485668 ], [ -66.355642, 18.485861 ], [ -66.349698, 18.484164 ], [ -66.349419, 18.477054 ], [ -66.349267, 18.473278 ], [ -66.348918, 18.460701 ], [ -66.348754, 18.459841 ], [ -66.348719, 18.458421 ], [ -66.348448, 18.451443 ], [ -66.348338, 18.448528 ], [ -66.348339, 18.447708 ], [ -66.350644, 18.44282 ], [ -66.351837, 18.438089 ], [ -66.353094, 18.431326 ], [ -66.353184, 18.430471 ], [ -66.351817, 18.429936 ], [ -66.351316, 18.430577 ], [ -66.349074, 18.429139 ], [ -66.347686, 18.429397 ], [ -66.347835, 18.42886 ], [ -66.350956, 18.426405 ], [ -66.352323, 18.426453 ], [ -66.354296, 18.425549 ], [ -66.356869, 18.423458 ], [ -66.357615, 18.422048 ], [ -66.358898, 18.421032 ], [ -66.359553, 18.412564 ], [ -66.360186, 18.406972 ], [ -66.362875, 18.395421 ], [ -66.364076, 18.390369 ], [ -66.364284, 18.389816 ], [ -66.364558, 18.388052 ], [ -66.366364, 18.385154 ], [ -66.369781, 18.381691 ], [ -66.371427, 18.375553 ], [ -66.372083, 18.373005 ], [ -66.373243, 18.371937 ], [ -66.37238, 18.367741 ], [ -66.373532, 18.365721 ], [ -66.373934, 18.362772 ], [ -66.372682, 18.360561 ], [ -66.373082, 18.357921 ], [ -66.374967, 18.355843 ], [ -66.376061, 18.354936 ], [ -66.37635, 18.350192 ], [ -66.378134, 18.347548 ], [ -66.377058, 18.344246 ], [ -66.378946, 18.342966 ], [ -66.380319, 18.34343 ], [ -66.381496, 18.342508 ], [ -66.384364, 18.344569 ], [ -66.385925, 18.344734 ], [ -66.386865, 18.347171 ], [ -66.386279, 18.349028 ], [ -66.387172, 18.349776 ], [ -66.388898, 18.353223 ], [ -66.38925, 18.356312 ], [ -66.390382, 18.360933 ], [ -66.388671, 18.362203 ], [ -66.39221, 18.365865 ], [ -66.395245, 18.370155 ], [ -66.395585, 18.371885 ], [ -66.396614, 18.370252 ], [ -66.400819, 18.367992 ], [ -66.401622, 18.365405 ], [ -66.400998, 18.363707 ], [ -66.402545, 18.364364 ], [ -66.403774, 18.364818 ], [ -66.411247, 18.3697 ], [ -66.415903, 18.373005 ], [ -66.417113, 18.374359 ], [ -66.417163, 18.377482 ], [ -66.417885, 18.37791 ], [ -66.421864, 18.377808 ], [ -66.424194, 18.375879 ], [ -66.425268, 18.374985 ], [ -66.428235, 18.370682 ], [ -66.429227, 18.370451 ], [ -66.436314, 18.370939 ], [ -66.437917, 18.37195 ], [ -66.440472, 18.372223 ], [ -66.4438, 18.371027 ], [ -66.445566, 18.375604 ], [ -66.445059, 18.376983 ], [ -66.44529, 18.380314 ], [ -66.446709, 18.383848 ], [ -66.448989, 18.387214 ], [ -66.448994, 18.389113 ] ] ] ] } },
{ "type": "Feature", "properties": { "STATEFP": "72", "COUNTYFP": "049", "COUNTYNS": "01804504", "GEOIDFQ": "0500000US72049", "GEOID": "72049", "NAME": "Culebra", "NAMELSAD": "Culebra Municipio", "STUSPS": "PR", "STATE_NAME": "Puerto Rico", "LSAD": "13", "ALAND": 30166574.0, "AWATER": 407107287.0 }, "geometry": { "type": "MultiPolygon", "coordinates": [ [ [ [ -65.237728, 18.321184 ], [ -65.23612, 18.321624 ], [ -65.231915, 18.320353 ], [ -65.230493, 18.319353 ], [ -65.230573, 18.318368 ], [ -65.228685, 18.317638 ], [ -65.226155, 18.319599 ], [ -65.227004, 18.321453 ], [ -65.228425, 18.322972 ], [ -65.227515, 18.323867 ], [ -65.221416, 18.321554 ], [ -65.222775, 18.318483 ], [ -65.224787, 18.318145 ], [ -65.22603, 18.31652 ], [ -65.225227, 18.314051 ], [ -65.223195, 18.312701 ], [ -65.221151, 18.312448 ], [ -65.221077, 18.311575 ], [ -65.222961, 18.310498 ], [ -65.230091, 18.310837 ], [ -65.23021, 18.313093 ], [ -65.231636, 18.315349 ], [ -65.234369, 18.317154 ], [ -65.23801, 18.319312 ], [ -65.237728, 18.321184 ] ] ], [ [ [ -65.266694, 18.341634 ], [ -65.265624, 18.342198 ], [ -65.263485, 18.341973 ], [ -65.259444, 18.342537 ], [ -65.255166, 18.342086 ], [ -65.251482, 18.340281 ], [ -65.249581, 18.337461 ], [ -65.246134, 18.33622 ], [ -65.246016, 18.33464 ], [ -65.247679, 18.33261 ], [ -65.249581, 18.333738 ], [ -65.252314, 18.333512 ], [ -65.256592, 18.333174 ], [ -65.260157, 18.33464 ], [ -65.262653, 18.337348 ], [ -65.266099, 18.339153 ], [ -65.266694, 18.341634 ] ] ], [ [ [ -65.338387, 18.310236 ], [ -65.336408, 18.309729 ], [ -65.334456, 18.311052 ], [ -65.332604, 18.311355 ], [ -65.331027, 18.315106 ], [ -65.330437, 18.315781 ], [ -65.329645, 18.315859 ], [ -65.329165, 18.315067 ], [ -65.330065, 18.312562 ], [ -65.33018, 18.31113 ], [ -65.328782, 18.310256 ], [ -65.327822, 18.308791 ], [ -65.327927, 18.307084 ], [ -65.328621, 18.305157 ], [ -65.328374, 18.301654 ], [ -65.329643, 18.300292 ], [ -65.329401, 18.298605 ], [ -65.328073, 18.297892 ], [ -65.327817, 18.295984 ], [ -65.328942, 18.295349 ], [ -65.33145, 18.296202 ], [ -65.331762, 18.300269 ], [ -65.33481, 18.302346 ], [ -65.336622, 18.301891 ], [ -65.337511, 18.302702 ], [ -65.336504, 18.304886 ], [ -65.337211, 18.307742 ], [ -65.338979, 18.309253 ], [ -65.338387, 18.310236 ] ] ], [ [ [ -65.341496, 18.347145 ], [ -65.339065, 18.349888 ], [ -65.338163, 18.349953 ], [ -65.334925, 18.344514 ], [ -65.3353, 18.343041 ], [ -65.329921, 18.337785 ], [ -65.32487, 18.336796 ], [ -65.322614, 18.334908 ], [ -65.319026, 18.329196 ], [ -65.315226, 18.328758 ], [ -65.312906, 18.33035 ], [ -65.312582, 18.333743 ], [ -65.310571, 18.33726 ], [ -65.308994, 18.33746 ], [ -65.306148, 18.334189 ], [ -65.30593, 18.332987 ], [ -65.302248, 18.33157 ], [ -65.295818, 18.330415 ], [ -65.293881, 18.331613 ], [ -65.292505, 18.335219 ], [ -65.291149, 18.335246 ], [ -65.290746, 18.333203 ], [ -65.287726, 18.330966 ], [ -65.285200964367604, 18.3302922331453 ], [ -65.281771, 18.329377 ], [ -65.278459, 18.331366 ], [ -65.278149, 18.332254 ], [ -65.277283, 18.332433 ], [ -65.272304, 18.330176 ], [ -65.269191, 18.328063 ], [ -65.266949, 18.32776 ], [ -65.259085996544897, 18.3226111449972 ], [ -65.251276, 18.317497 ], [ -65.249596, 18.314839 ], [ -65.245555, 18.311157 ], [ -65.244642, 18.304488 ], [ -65.24632, 18.303353 ], [ -65.252813, 18.306561 ], [ -65.254996, 18.306286 ], [ -65.256459, 18.307029 ], [ -65.256761, 18.308447 ], [ -65.258663, 18.308227 ], [ -65.259254, 18.306582 ], [ -65.257799, 18.304242 ], [ -65.256798, 18.302397 ], [ -65.254874, 18.300628 ], [ -65.256164, 18.299314 ], [ -65.257144, 18.299555 ], [ -65.257662, 18.297366 ], [ -65.25628, 18.294833 ], [ -65.256179, 18.293792 ], [ -65.257974, 18.293556 ], [ -65.260193, 18.291082 ], [ -65.260423, 18.29016 ], [ -65.261331, 18.289671 ], [ -65.26314, 18.289726 ], [ -65.26378, 18.290002 ], [ -65.263846, 18.290794 ], [ -65.262945, 18.292143 ], [ -65.263766, 18.293898 ], [ -65.263507, 18.295776 ], [ -65.265812, 18.297126 ], [ -65.269069, 18.297402 ], [ -65.273213, 18.295331 ], [ -65.27634, 18.296208 ], [ -65.277607, 18.29844 ], [ -65.276363, 18.299966 ], [ -65.277723, 18.301103 ], [ -65.279488, 18.300457 ], [ -65.280791, 18.303161 ], [ -65.278458, 18.304635 ], [ -65.279308, 18.30683 ], [ -65.284673, 18.306453 ], [ -65.286622212819907, 18.307002518114398 ], [ -65.288135, 18.307429 ], [ -65.289863, 18.309087 ], [ -65.290419937041605, 18.308937537135801 ], [ -65.291197, 18.308729 ], [ -65.291774, 18.307779 ], [ -65.300651, 18.309987 ], [ -65.302014119235196, 18.309612730811502 ], [ -65.30233, 18.309526 ], [ -65.301998, 18.306037 ], [ -65.299685, 18.302365 ], [ -65.292898, 18.301361 ], [ -65.287036, 18.298707 ], [ -65.286159, 18.29725 ], [ -65.287644, 18.296046 ], [ -65.288509, 18.292715 ], [ -65.288, 18.291386 ], [ -65.284113, 18.292996 ], [ -65.282809, 18.292508 ], [ -65.28077, 18.288385 ], [ -65.281763, 18.287698 ], [ -65.283018, 18.287793 ], [ -65.28349, 18.286486 ], [ -65.281694, 18.284471 ], [ -65.282686, 18.283656 ], [ -65.284746, 18.283656 ], [ -65.285263, 18.28225 ], [ -65.284116, 18.281286 ], [ -65.283282, 18.280211 ], [ -65.285611, 18.277724 ], [ -65.287304, 18.278247 ], [ -65.287365, 18.28156 ], [ -65.289596, 18.283037 ], [ -65.294193, 18.290559 ], [ -65.298193, 18.294287 ], [ -65.301096, 18.294943 ], [ -65.300354, 18.297296 ], [ -65.302605877697601, 18.3005151435305 ], [ -65.304051, 18.302581 ], [ -65.306455163046607, 18.302139880695599 ], [ -65.307877, 18.301879 ], [ -65.310536, 18.303688 ], [ -65.312015, 18.305541 ], [ -65.317312, 18.314602 ], [ -65.318444, 18.318876 ], [ -65.327659, 18.323472 ], [ -65.329837, 18.324606 ], [ -65.330827, 18.328618 ], [ -65.33462, 18.335375 ], [ -65.337734, 18.339475 ], [ -65.341464, 18.34605 ], [ -65.341496, 18.347145 ] ] ] ] } },
{ "type": "Feature", "properties": { "STATEFP": "72", "COUNTYFP": "045", "COUNTYNS": "01804502", "GEOIDFQ": "0500000US72045", "GEOID": "72045", "NAME": "Comerío", "NAMELSAD": "Comerío Municipio", "STUSPS": "PR", "STATE_NAME": "Puerto Rico", "LSAD": "13", "ALAND": 73558550.0, "AWATER": 318383.0 }, "geometry": { "type": "MultiPolygon", "coordinates": [ [ [ [ -66.270262, 18.219378 ], [ -66.267382, 18.227642 ], [ -66.265568, 18.232867 ], [ -66.266433, 18.235053 ], [ -66.265806, 18.236787 ], [ -66.268454, 18.241333 ], [ -66.266466, 18.24527 ], [ -66.265937, 18.246921 ], [ -66.262315, 18.246429 ], [ -66.257952, 18.247633 ], [ -66.257125, 18.247439 ], [ -66.254822, 18.247748 ], [ -66.25206, 18.249604 ], [ -66.250448, 18.250042 ], [ -66.249252, 18.248668 ], [ -66.247787, 18.248255 ], [ -66.245065, 18.249306 ], [ -66.243213, 18.251365 ], [ -66.242185, 18.254632 ], [ -66.238365, 18.253954 ], [ -66.237915, 18.253964 ], [ -66.234762, 18.254966 ], [ -66.232719, 18.255103 ], [ -66.228695, 18.253779 ], [ -66.227884, 18.254206 ], [ -66.22789, 18.257604 ], [ -66.228764, 18.258627 ], [ -66.228952, 18.262801 ], [ -66.226907, 18.262521 ], [ -66.225083, 18.264489 ], [ -66.223243, 18.264714 ], [ -66.222102, 18.26615 ], [ -66.222294, 18.268109 ], [ -66.221396, 18.269577 ], [ -66.219803, 18.271022 ], [ -66.219717, 18.272902 ], [ -66.219106, 18.274246 ], [ -66.2171, 18.274224 ], [ -66.213279, 18.275407 ], [ -66.210629, 18.275142 ], [ -66.209869, 18.277096 ], [ -66.206135, 18.27666 ], [ -66.205588, 18.275674 ], [ -66.201669, 18.276413 ], [ -66.199778, 18.274559 ], [ -66.200802, 18.271477 ], [ -66.199001, 18.27 ], [ -66.195319, 18.269703 ], [ -66.193248, 18.268138 ], [ -66.193026, 18.266365 ], [ -66.193753, 18.265414 ], [ -66.193399, 18.262216 ], [ -66.192742, 18.26023 ], [ -66.191329, 18.259939 ], [ -66.190676, 18.25884 ], [ -66.187298, 18.25379 ], [ -66.184841, 18.252305 ], [ -66.183896, 18.250507 ], [ -66.182007, 18.249863 ], [ -66.181049, 18.247303 ], [ -66.178155, 18.246112 ], [ -66.17799, 18.243962 ], [ -66.178442, 18.24346 ], [ -66.179257, 18.242443 ], [ -66.17845, 18.238082 ], [ -66.178821, 18.237772 ], [ -66.17667, 18.234608 ], [ -66.174947, 18.233095 ], [ -66.176105, 18.229503 ], [ -66.171991, 18.228002 ], [ -66.169141, 18.226013 ], [ -66.169126, 18.22429 ], [ -66.170934, 18.223956 ], [ -66.171189, 18.222422 ], [ -66.17131, 18.221639 ], [ -66.16981, 18.217898 ], [ -66.170382, 18.216305 ], [ -66.173883, 18.2159 ], [ -66.175059, 18.215213 ], [ -66.178765, 18.212558 ], [ -66.179041, 18.211883 ], [ -66.179448, 18.210682 ], [ -66.181138, 18.208737 ], [ -66.184431, 18.207173 ], [ -66.184809, 18.204455 ], [ -66.182483, 18.202302 ], [ -66.185508, 18.200868 ], [ -66.19049, 18.201111 ], [ -66.193546, 18.200122 ], [ -66.196974, 18.197922 ], [ -66.200362, 18.197151 ], [ -66.205574, 18.196628 ], [ -66.2071, 18.196933 ], [ -66.208986, 18.193707 ], [ -66.209016, 18.193658 ], [ -66.213286, 18.185528 ], [ -66.213876, 18.183592 ], [ -66.21203, 18.182084 ], [ -66.213108, 18.177733 ], [ -66.212044, 18.175752 ], [ -66.211293, 18.175428 ], [ -66.211275, 18.173634 ], [ -66.21386, 18.172858 ], [ -66.21503, 18.173645 ], [ -66.216693, 18.174166 ], [ -66.218749, 18.174332 ], [ -66.223118, 18.175897 ], [ -66.22407, 18.174361 ], [ -66.230082, 18.180918 ], [ -66.230825, 18.182786 ], [ -66.230754, 18.184397 ], [ -66.24046, 18.184794 ], [ -66.244552, 18.188339 ], [ -66.244552, 18.189926 ], [ -66.24193, 18.192245 ], [ -66.243954, 18.193472 ], [ -66.246132, 18.192104 ], [ -66.246534, 18.191242 ], [ -66.248632, 18.191489 ], [ -66.250561, 18.190089 ], [ -66.252103, 18.187291 ], [ -66.254334, 18.187746 ], [ -66.255202, 18.187228 ], [ -66.255545, 18.183705 ], [ -66.25675, 18.182734 ], [ -66.257858, 18.183619 ], [ -66.262349, 18.18491 ], [ -66.263553, 18.184959 ], [ -66.26412, 18.196484 ], [ -66.264471, 18.205716 ], [ -66.265853, 18.206478 ], [ -66.267517, 18.209093 ], [ -66.267915, 18.210964 ], [ -66.269735, 18.215511 ], [ -66.2709, 18.217465 ], [ -66.270262, 18.219378 ] ] ] ] } },
{ "type": "Feature", "properties": { "STATEFP": "72", "COUNTYFP": "001", "COUNTYNS": "01804480", "GEOIDFQ": "0500000US72001", "GEOID": "72001", "NAME": "Adjuntas", "NAMELSAD": "Adjuntas Municipio", "STUSPS": "PR", "STATE_NAME": "Puerto Rico", "LSAD": "13", "ALAND": 172726407.0, "AWATER": 1051110.0 }, "geometry": { "type": "MultiPolygon", "coordinates": [ [ [ [ -66.837235, 18.192707 ], [ -66.833579, 18.194256 ], [ -66.832735, 18.195672 ], [ -66.834795, 18.198514 ], [ -66.834519, 18.201748 ], [ -66.834093, 18.202797 ], [ -66.834953, 18.20747 ], [ -66.836192, 18.209139 ], [ -66.835256, 18.209981 ], [ -66.832871, 18.214859 ], [ -66.834057, 18.214814 ], [ -66.83376, 18.216524 ], [ -66.834978, 18.218186 ], [ -66.834092, 18.220317 ], [ -66.83295, 18.221165 ], [ -66.830634, 18.221005 ], [ -66.829792, 18.219989 ], [ -66.829385, 18.223154 ], [ -66.83058, 18.2251 ], [ -66.832175, 18.226201 ], [ -66.833263, 18.228021 ], [ -66.832696, 18.229099 ], [ -66.829142, 18.231802 ], [ -66.825683, 18.232624 ], [ -66.823104, 18.232325 ], [ -66.820313, 18.231032 ], [ -66.817598, 18.230437 ], [ -66.817271, 18.230336 ], [ -66.814672, 18.230319 ], [ -66.813167, 18.229279 ], [ -66.811088, 18.228817 ], [ -66.809741, 18.229475 ], [ -66.808108, 18.228211 ], [ -66.806867, 18.228414 ], [ -66.803512, 18.227425 ], [ -66.800469, 18.227842 ], [ -66.798759, 18.230026 ], [ -66.799972, 18.234023 ], [ -66.800169, 18.235588 ], [ -66.799531, 18.237171 ], [ -66.800323, 18.237776 ], [ -66.799223, 18.240176 ], [ -66.800591, 18.240144 ], [ -66.800355, 18.242347 ], [ -66.798839, 18.243714 ], [ -66.7966, 18.243631 ], [ -66.795957, 18.242516 ], [ -66.794819, 18.243341 ], [ -66.795294, 18.245847 ], [ -66.794319, 18.246838 ], [ -66.794425, 18.24988 ], [ -66.78899, 18.24977 ], [ -66.786697, 18.248449 ], [ -66.785038, 18.248567 ], [ -66.782514, 18.250325 ], [ -66.781701, 18.250248 ], [ -66.777346, 18.247212 ], [ -66.777732, 18.246282 ], [ -66.77596, 18.242949 ], [ -66.774341, 18.242289 ], [ -66.773759, 18.241278 ], [ -66.769554, 18.24159 ], [ -66.766915, 18.238687 ], [ -66.764751, 18.237695 ], [ -66.76408, 18.234512 ], [ -66.762993, 18.232994 ], [ -66.76174, 18.232504 ], [ -66.761591, 18.231392 ], [ -66.762729, 18.230947 ], [ -66.760827, 18.229525 ], [ -66.760261, 18.227762 ], [ -66.760626, 18.225895 ], [ -66.758606, 18.225107 ], [ -66.756518, 18.225178 ], [ -66.755807, 18.223289 ], [ -66.753639, 18.223878 ], [ -66.751371, 18.223839 ], [ -66.748107, 18.222169 ], [ -66.74575, 18.221937 ], [ -66.743206, 18.22249 ], [ -66.741207, 18.221623 ], [ -66.739358, 18.220517 ], [ -66.735977, 18.224199 ], [ -66.732181, 18.225759 ], [ -66.729926, 18.22526 ], [ -66.72675, 18.223402 ], [ -66.724771, 18.220887 ], [ -66.722795, 18.221209 ], [ -66.720096, 18.221935 ], [ -66.718468, 18.220531 ], [ -66.716077, 18.221296 ], [ -66.715734, 18.220673 ], [ -66.715475, 18.220193 ], [ -66.713559, 18.219899 ], [ -66.71111, 18.218201 ], [ -66.709892, 18.218406 ], [ -66.707725, 18.216701 ], [ -66.701102, 18.217122 ], [ -66.700079, 18.215995 ], [ -66.696302, 18.215342 ], [ -66.69373, 18.216891 ], [ -66.692572, 18.215883 ], [ -66.691841, 18.211802 ], [ -66.688543, 18.210337 ], [ -66.687383, 18.210019 ], [ -66.686605, 18.209209 ], [ -66.68132, 18.204165 ], [ -66.681163, 18.203515 ], [ -66.681099, 18.202391 ], [ -66.681303, 18.20045 ], [ -66.682663, 18.198486 ], [ -66.68507, 18.197073 ], [ -66.684721, 18.194102 ], [ -66.681943, 18.189982 ], [ -66.681795, 18.188217 ], [ -66.680358, 18.185956 ], [ -66.67851, 18.185337 ], [ -66.676062, 18.182921 ], [ -66.672963, 18.181949 ], [ -66.671864, 18.1803 ], [ -66.670441, 18.179637 ], [ -66.667662, 18.176016 ], [ -66.666782, 18.176332 ], [ -66.664697, 18.175465 ], [ -66.664811, 18.172616 ], [ -66.667072, 18.170882 ], [ -66.667818, 18.168123 ], [ -66.669568, 18.167344 ], [ -66.670807, 18.167638 ], [ -66.671773, 18.166734 ], [ -66.670241, 18.165638 ], [ -66.67055, 18.163784 ], [ -66.673155, 18.162604 ], [ -66.675486, 18.160831 ], [ -66.676787, 18.160387 ], [ -66.677066, 18.157106 ], [ -66.676235, 18.155841 ], [ -66.675698, 18.153903 ], [ -66.676689, 18.153258 ], [ -66.67699, 18.150955 ], [ -66.675622, 18.150743 ], [ -66.671945, 18.15323 ], [ -66.670494, 18.152831 ], [ -66.670466, 18.150784 ], [ -66.672745, 18.14763 ], [ -66.672231, 18.145782 ], [ -66.671848, 18.144823 ], [ -66.67334, 18.140087 ], [ -66.674153, 18.138981 ], [ -66.674653, 18.135721 ], [ -66.676581, 18.132887 ], [ -66.676951, 18.129977 ], [ -66.67949, 18.130049 ], [ -66.681047, 18.129585 ], [ -66.684521, 18.131627 ], [ -66.686326, 18.131822 ], [ -66.689785, 18.130745 ], [ -66.690693, 18.129625 ], [ -66.69407, 18.130534 ], [ -66.697643, 18.130713 ], [ -66.698249, 18.130601 ], [ -66.700298, 18.130928 ], [ -66.702752, 18.128741 ], [ -66.704887, 18.129695 ], [ -66.709333, 18.129071 ], [ -66.710204, 18.127734 ], [ -66.711243, 18.129249 ], [ -66.712442, 18.129653 ], [ -66.713595, 18.132105 ], [ -66.717164, 18.131519 ], [ -66.717118, 18.129817 ], [ -66.717671, 18.128343 ], [ -66.719939, 18.126169 ], [ -66.72138, 18.125493 ], [ -66.722238, 18.123865 ], [ -66.724866, 18.121746 ], [ -66.725804, 18.119187 ], [ -66.725182, 18.116794 ], [ -66.726703, 18.115127 ], [ -66.727526, 18.113034 ], [ -66.731774, 18.112008 ], [ -66.736273, 18.11519 ], [ -66.738166, 18.115805 ], [ -66.739502, 18.117591 ], [ -66.743382, 18.11674 ], [ -66.744215, 18.115868 ], [ -66.746489, 18.115787 ], [ -66.747489, 18.115392 ], [ -66.747747, 18.114394 ], [ -66.749618, 18.113664 ], [ -66.752928, 18.117087 ], [ -66.755039, 18.120176 ], [ -66.757148, 18.123931 ], [ -66.756755, 18.125215 ], [ -66.758779, 18.12743 ], [ -66.759058, 18.128962 ], [ -66.761027, 18.129709 ], [ -66.762818, 18.131874 ], [ -66.765825, 18.134027 ], [ -66.76653, 18.134873 ], [ -66.768938, 18.134984 ], [ -66.769049, 18.134983 ], [ -66.771375, 18.133961 ], [ -66.773769, 18.133899 ], [ -66.774912, 18.132884 ], [ -66.775875, 18.133789 ], [ -66.780771, 18.135948 ], [ -66.782321, 18.136463 ], [ -66.783992, 18.138622 ], [ -66.7844, 18.138652 ], [ -66.786711, 18.136803 ], [ -66.788544, 18.134404 ], [ -66.789359, 18.134369 ], [ -66.792046, 18.134685 ], [ -66.793637, 18.13338 ], [ -66.79467, 18.13417 ], [ -66.796604, 18.133046 ], [ -66.797557, 18.133445 ], [ -66.79987, 18.138041 ], [ -66.800927, 18.138282 ], [ -66.802332, 18.140068 ], [ -66.803365, 18.140384 ], [ -66.803408, 18.145368 ], [ -66.804058, 18.148056 ], [ -66.806732, 18.148314 ], [ -66.808436, 18.149049 ], [ -66.812042, 18.149827 ], [ -66.813219, 18.149667 ], [ -66.817006, 18.150581 ], [ -66.81809, 18.150509 ], [ -66.821028, 18.152818 ], [ -66.822143, 18.156353 ], [ -66.82434, 18.157996 ], [ -66.824821, 18.159348 ], [ -66.826278, 18.160216 ], [ -66.825856, 18.162495 ], [ -66.824314, 18.165589 ], [ -66.823959, 18.167529 ], [ -66.826359, 18.169207 ], [ -66.827327, 18.171242 ], [ -66.826834, 18.172138 ], [ -66.825456, 18.172363 ], [ -66.824803, 18.173754 ], [ -66.827467, 18.174538 ], [ -66.826848, 18.17653 ], [ -66.827299, 18.178071 ], [ -66.828447, 18.179104 ], [ -66.831926, 18.179902 ], [ -66.833012, 18.18215 ], [ -66.834894, 18.1826 ], [ -66.834486, 18.184521 ], [ -66.836209, 18.1856 ], [ -66.835556, 18.187197 ], [ -66.835888, 18.19043 ], [ -66.837235, 18.192707 ] ] ] ] } },
{ "type": "Feature", "properties": { "STATEFP": "72", "COUNTYFP": "015", "COUNTYNS": "01804487", "GEOIDFQ": "0500000US72015", "GEOID": "72015", "NAME": "Arroyo", "NAMELSAD": "Arroyo Municipio", "STUSPS": "PR", "STATE_NAME": "Puerto Rico", "LSAD": "13", "ALAND": 38872744.0, "AWATER": 53456651.0 }, "geometry": { "type": "MultiPolygon", "coordinates": [ [ [ [ -66.095136, 18.022048 ], [ -66.091151, 18.0248 ], [ -66.089357, 18.024547 ], [ -66.088256, 18.026264 ], [ -66.085598, 18.027468 ], [ -66.082235, 18.030934 ], [ -66.082263, 18.032958 ], [ -66.079372, 18.033937 ], [ -66.077492, 18.036901 ], [ -66.074308, 18.036771 ], [ -66.067367, 18.037855 ], [ -66.064769, 18.039095 ], [ -66.059878, 18.039424 ], [ -66.057263, 18.040434 ], [ -66.05418, 18.037607 ], [ -66.052232, 18.03725 ], [ -66.05121, 18.036937 ], [ -66.049991, 18.036053 ], [ -66.048108, 18.035614 ], [ -66.047749, 18.033615 ], [ -66.046068, 18.031398 ], [ -66.043683, 18.029445 ], [ -66.04331, 18.025187 ], [ -66.044079, 18.022819 ], [ -66.04266, 18.022057 ], [ -66.041878, 18.017094 ], [ -66.042248, 18.016539 ], [ -66.045655, 18.011119 ], [ -66.046927, 18.009097 ], [ -66.044628, 18.006501 ], [ -66.039779, 18.004213 ], [ -66.039035, 18.003208 ], [ -66.039072, 18.002675 ], [ -66.038449, 18.000654 ], [ -66.037719, 17.998425 ], [ -66.035176, 17.998522 ], [ -66.031136, 17.996112 ], [ -66.027969, 17.994493 ], [ -66.026402, 17.992841 ], [ -66.023972, 17.9903 ], [ -66.023658, 17.985141 ], [ -66.022135, 17.982411 ], [ -66.019618697634598, 17.9784668173975 ], [ -66.0217875600203, 17.9773998491181 ], [ -66.023324, 17.976644 ], [ -66.029266, 17.97167 ], [ -66.033465, 17.966079 ], [ -66.0351, 17.961938 ], [ -66.037352, 17.962365 ], [ -66.040079, 17.96148 ], [ -66.044859761600904, 17.9561297311419 ], [ -66.047483, 17.953194 ], [ -66.049026, 17.953497 ], [ -66.051388, 17.956855 ], [ -66.055913270340199, 17.9585692863722 ], [ -66.055916295973802, 17.958570432558499 ], [ -66.057074, 17.959009 ], [ -66.058311869690499, 17.959329244894999 ], [ -66.060350524760395, 17.959856658147 ], [ -66.063305, 17.960621 ], [ -66.064182202081795, 17.9616224058265 ], [ -66.064228763208604, 17.961675559580499 ], [ -66.064963331471304, 17.962514135951299 ], [ -66.067431678857403, 17.965331978618899 ], [ -66.067479, 17.965386 ], [ -66.069985, 17.966441 ], [ -66.070837, 17.968335 ], [ -66.070826, 17.968964 ], [ -66.070881, 17.971183 ], [ -66.0702, 17.972614 ], [ -66.069869, 17.974463 ], [ -66.072373, 17.979199 ], [ -66.071876, 17.987031 ], [ -66.071709, 17.989681 ], [ -66.071631, 17.990928 ], [ -66.071601, 17.991838 ], [ -66.07161, 17.993732 ], [ -66.073345, 17.99606 ], [ -66.075278, 17.99619 ], [ -66.076059, 17.998021 ], [ -66.076325, 18.000492 ], [ -66.077203, 18.000133 ], [ -66.079774, 18.001796 ], [ -66.081271, 18.004458 ], [ -66.082029, 18.010271 ], [ -66.08385, 18.012918 ], [ -66.085704, 18.012934 ], [ -66.088373, 18.015054 ], [ -66.091438, 18.01804 ], [ -66.091665, 18.021127 ], [ -66.095136, 18.022048 ] ] ] ] } },
{ "type": "Feature", "properties": { "STATEFP": "72", "COUNTYFP": "054", "COUNTYNS": "01804507", "GEOIDFQ": "0500000US72054", "GEOID": "72054", "NAME": "Florida", "NAMELSAD": "Florida Municipio", "STUSPS": "PR", "STATE_NAME": "Puerto Rico", "LSAD": "13", "ALAND": 39404175.0, "AWATER": 21333.0 }, "geometry": { "type": "MultiPolygon", "coordinates": [ [ [ [ -66.591656, 18.340689 ], [ -66.590329, 18.341478 ], [ -66.589625, 18.344239 ], [ -66.590188, 18.345482 ], [ -66.588909, 18.346899 ], [ -66.589766, 18.348659 ], [ -66.588916, 18.351229 ], [ -66.587078, 18.353144 ], [ -66.588291, 18.355893 ], [ -66.585172, 18.359211 ], [ -66.584452, 18.36125 ], [ -66.583014, 18.363218 ], [ -66.582939, 18.364515 ], [ -66.582408, 18.370808 ], [ -66.582374, 18.374238 ], [ -66.585611, 18.373963 ], [ -66.586544, 18.374529 ], [ -66.588305, 18.37414 ], [ -66.589145, 18.375678 ], [ -66.589194, 18.377711 ], [ -66.588189, 18.380671 ], [ -66.588008, 18.383914 ], [ -66.588778, 18.386358 ], [ -66.588273, 18.386988 ], [ -66.588272, 18.388828 ], [ -66.588181, 18.389408 ], [ -66.582868, 18.389499 ], [ -66.583546, 18.391244 ], [ -66.582614, 18.395609 ], [ -66.578844, 18.394958 ], [ -66.578249, 18.398461 ], [ -66.576933, 18.398906 ], [ -66.575711, 18.400658 ], [ -66.574973, 18.406403 ], [ -66.573344, 18.407056 ], [ -66.571935, 18.409016 ], [ -66.570525, 18.409758 ], [ -66.5704, 18.411224 ], [ -66.564313, 18.413309 ], [ -66.558868, 18.411918 ], [ -66.553101, 18.411643 ], [ -66.552024, 18.409988 ], [ -66.550843, 18.406387 ], [ -66.547199, 18.404926 ], [ -66.543079, 18.405422 ], [ -66.54096, 18.402331 ], [ -66.539644, 18.398758 ], [ -66.537983, 18.397814 ], [ -66.537679, 18.394983 ], [ -66.535677, 18.393907 ], [ -66.535482, 18.39189 ], [ -66.533976, 18.390042 ], [ -66.533716, 18.387413 ], [ -66.532088, 18.387039 ], [ -66.530964, 18.386033 ], [ -66.531722, 18.38337 ], [ -66.531299, 18.382165 ], [ -66.53133, 18.368136 ], [ -66.531535, 18.364674 ], [ -66.533992, 18.360983 ], [ -66.533238, 18.356682 ], [ -66.533874, 18.35187 ], [ -66.533623, 18.351333 ], [ -66.536173, 18.348762 ], [ -66.537105, 18.346335 ], [ -66.53973, 18.344392 ], [ -66.545224, 18.343492 ], [ -66.546745, 18.34243 ], [ -66.551958, 18.341249 ], [ -66.552734, 18.340438 ], [ -66.554281, 18.341467 ], [ -66.556678, 18.341146 ], [ -66.558696, 18.341823 ], [ -66.561052, 18.340666 ], [ -66.561762, 18.342402 ], [ -66.563001, 18.342913 ], [ -66.565168, 18.340849 ], [ -66.569882, 18.340772 ], [ -66.573822, 18.342517 ], [ -66.576345, 18.341409 ], [ -66.577239, 18.341537 ], [ -66.580528, 18.340197 ], [ -66.581616, 18.340497 ], [ -66.58344, 18.339129 ], [ -66.586087, 18.337308 ], [ -66.587874, 18.339148 ], [ -66.590785, 18.33806 ], [ -66.590487, 18.339747 ], [ -66.591656, 18.340689 ] ] ] ] } },
{ "type": "Feature", "properties": { "STATEFP": "72", "COUNTYFP": "005", "COUNTYNS": "01804482", "GEOIDFQ": "0500000US72005", "GEOID": "72005", "NAME": "Aguadilla", "NAMELSAD": "Aguadilla Municipio", "STUSPS": "PR", "STATE_NAME": "Puerto Rico", "LSAD": "13", "ALAND": 94642779.0, "AWATER": 101102905.0 }, "geometry": { "type": "MultiPolygon", "coordinates": [ [ [ [ -67.169518, 18.474952 ], [ -67.166205, 18.484642 ], [ -67.163276, 18.488083 ], [ -67.153627, 18.490979 ], [ -67.152239, 18.49548 ], [ -67.147431644995294, 18.500480146731899 ], [ -67.1469867482555, 18.500942885384902 ], [ -67.145282, 18.502716 ], [ -67.137804, 18.507569 ], [ -67.131862, 18.50847 ], [ -67.128997332073197, 18.510351039230901 ], [ -67.128772, 18.510499 ], [ -67.117876018370097, 18.512393056409799 ], [ -67.114968144963697, 18.512898534158499 ], [ -67.114511, 18.512978 ], [ -67.112447150349396, 18.5127247622579 ], [ -67.107235798470398, 18.512085320822401 ], [ -67.106353, 18.511977 ], [ -67.103216370698803, 18.513352378978599 ], [ -67.102676, 18.512801 ], [ -67.097347, 18.511864 ], [ -67.095839, 18.510227 ], [ -67.096273, 18.506747 ], [ -67.091669, 18.503494 ], [ -67.089321, 18.503316 ], [ -67.086921, 18.499264 ], [ -67.085142, 18.498777 ], [ -67.084943, 18.497512 ], [ -67.083295, 18.497097 ], [ -67.082837, 18.496648 ], [ -67.082567, 18.492182 ], [ -67.083061, 18.490724 ], [ -67.082246, 18.489273 ], [ -67.079263, 18.487965 ], [ -67.077061, 18.488966 ], [ -67.074011, 18.488644 ], [ -67.073584, 18.487893 ], [ -67.069457, 18.485987 ], [ -67.066975, 18.483757 ], [ -67.062872, 18.484087 ], [ -67.061621, 18.48111 ], [ -67.061387, 18.480641 ], [ -67.05846, 18.479982 ], [ -67.059236, 18.475981 ], [ -67.058814, 18.470418 ], [ -67.058655, 18.468809 ], [ -67.056404, 18.468803 ], [ -67.056507, 18.460954 ], [ -67.07417, 18.456777 ], [ -67.074355, 18.451804 ], [ -67.075765, 18.451858 ], [ -67.076342, 18.44719 ], [ -67.076966, 18.446086 ], [ -67.08014, 18.445247 ], [ -67.083387, 18.444872 ], [ -67.083971, 18.442935 ], [ -67.085646, 18.44256 ], [ -67.087419, 18.441409 ], [ -67.087177, 18.439682 ], [ -67.086775, 18.438839 ], [ -67.086708, 18.438639 ], [ -67.089263, 18.439176 ], [ -67.093043, 18.436476 ], [ -67.095991, 18.436773 ], [ -67.098312, 18.437482 ], [ -67.11201, 18.423385 ], [ -67.120037, 18.415227 ], [ -67.124624, 18.410032 ], [ -67.1255, 18.409225 ], [ -67.12487, 18.408592 ], [ -67.124549, 18.407907 ], [ -67.124529, 18.407818 ], [ -67.123816, 18.404539 ], [ -67.123745, 18.403904 ], [ -67.127206, 18.396725 ], [ -67.12738, 18.396392 ], [ -67.132188, 18.389424 ], [ -67.13221, 18.389391 ], [ -67.133758, 18.388125 ], [ -67.133136, 18.387115 ], [ -67.134693, 18.38609 ], [ -67.138512, 18.386879 ], [ -67.140527, 18.38834 ], [ -67.141474, 18.389702 ], [ -67.140879, 18.391967 ], [ -67.142748, 18.39085 ], [ -67.144172, 18.391505 ], [ -67.144253, 18.392809 ], [ -67.146907, 18.392092 ], [ -67.148277, 18.393713 ], [ -67.149792, 18.392187 ], [ -67.150866, 18.392582 ], [ -67.151125, 18.393521 ], [ -67.152818, 18.394431 ], [ -67.153622, 18.394945 ], [ -67.156261, 18.393537 ], [ -67.156257, 18.39584 ], [ -67.154656, 18.397164 ], [ -67.155637, 18.398471 ], [ -67.153626, 18.398929 ], [ -67.15358, 18.399359 ], [ -67.155084, 18.399568 ], [ -67.155892, 18.402013 ], [ -67.157478, 18.403158 ], [ -67.157997, 18.404534 ], [ -67.157069, 18.405347 ], [ -67.157069, 18.40755 ], [ -67.159338, 18.408326 ], [ -67.158737, 18.409803 ], [ -67.15758, 18.409438 ], [ -67.156365, 18.412487 ], [ -67.159456, 18.410338 ], [ -67.162208, 18.410241 ], [ -67.160643, 18.412766 ], [ -67.158695, 18.413749 ], [ -67.158595, 18.414723 ], [ -67.160105012620903, 18.415568051621602 ], [ -67.158237850582097, 18.417077814650298 ], [ -67.157294, 18.417841 ], [ -67.157160584465402, 18.418299747421599 ], [ -67.156471795102803, 18.420668139867502 ], [ -67.155852474354305, 18.422797665469599 ], [ -67.155494658508303, 18.4240280101764 ], [ -67.155392, 18.424381 ], [ -67.155978, 18.428817 ], [ -67.155941488041606, 18.429025903264701 ], [ -67.155697813616698, 18.4304200871177 ], [ -67.155206, 18.433234 ], [ -67.156188049584102, 18.435423339898499 ], [ -67.156405, 18.435907 ], [ -67.156818, 18.439939 ], [ -67.156989949511498, 18.440287466431901 ], [ -67.157114523286793, 18.440539922973301 ], [ -67.157711983877107, 18.4417507142009 ], [ -67.158182227350096, 18.442703691989099 ], [ -67.160007636164394, 18.446402997039499 ], [ -67.160658, 18.447721 ], [ -67.16181, 18.45482 ], [ -67.164075262943499, 18.4577100837293 ], [ -67.165464807184406, 18.459482901853299 ], [ -67.168702, 18.463613 ], [ -67.168809660237997, 18.465109028723798 ], [ -67.169518, 18.474952 ] ] ] ] } },
{ "type": "Feature", "properties": { "STATEFP": "72", "COUNTYFP": "137", "COUNTYNS": "01804549", "GEOIDFQ": "0500000US72137", "GEOID": "72137", "NAME": "Toa Baja", "NAMELSAD": "Toa Baja Municipio", "STUSPS": "PR", "STATE_NAME": "Puerto Rico", "LSAD": "13", "ALAND": 60201713.0, "AWATER": 48075983.0 }, "geometry": { "type": "MultiPolygon", "coordinates": [ [ [ [ -66.137412319982801, 18.472214790444902 ], [ -66.136122, 18.472827 ], [ -66.134534, 18.472133 ], [ -66.13556, 18.466571 ], [ -66.137059002386593, 18.466615088305499 ], [ -66.137294, 18.466622 ], [ -66.137473, 18.472186 ], [ -66.137412319982801, 18.472214790444902 ] ] ], [ [ [ -66.264323, 18.420579 ], [ -66.262226, 18.423282 ], [ -66.260712, 18.422403 ], [ -66.259714, 18.424565 ], [ -66.260129, 18.425837 ], [ -66.262438, 18.424437 ], [ -66.264315, 18.42654 ], [ -66.262842, 18.428916 ], [ -66.261382, 18.430837 ], [ -66.260296, 18.430328 ], [ -66.257593, 18.431153 ], [ -66.25798, 18.434035 ], [ -66.258212, 18.436041 ], [ -66.257448, 18.437857 ], [ -66.255069, 18.43948 ], [ -66.255438, 18.440588 ], [ -66.259176, 18.442571 ], [ -66.257234, 18.446459 ], [ -66.258916, 18.448239 ], [ -66.259046, 18.449974 ], [ -66.259003, 18.451039 ], [ -66.257999, 18.45514 ], [ -66.256545, 18.453495 ], [ -66.255039, 18.454244 ], [ -66.253973, 18.454311 ], [ -66.251812, 18.451617 ], [ -66.250601, 18.451145 ], [ -66.247761, 18.451411 ], [ -66.245763, 18.453719 ], [ -66.244311, 18.454852 ], [ -66.241471, 18.455706 ], [ -66.238654, 18.454817 ], [ -66.235564, 18.452685 ], [ -66.233526, 18.450374 ], [ -66.231674, 18.449741 ], [ -66.230778, 18.450364 ], [ -66.231747, 18.452557 ], [ -66.231099, 18.453832 ], [ -66.224631, 18.458594 ], [ -66.218368, 18.462214 ], [ -66.214605, 18.465 ], [ -66.212723, 18.465596 ], [ -66.209657, 18.465242 ], [ -66.205851, 18.463628 ], [ -66.203727, 18.463642 ], [ -66.199313, 18.464974 ], [ -66.198941409764998, 18.4666068410741 ], [ -66.198864474008005, 18.466594313303599 ], [ -66.193968, 18.465797 ], [ -66.188354, 18.467897 ], [ -66.188213407434404, 18.468272792555101 ], [ -66.186105714840807, 18.473906484364601 ], [ -66.185795, 18.474737 ], [ -66.184263, 18.475641 ], [ -66.183048, 18.473824 ], [ -66.184271, 18.47213 ], [ -66.184280796191302, 18.472089391986 ], [ -66.185453962270401, 18.467226283138501 ], [ -66.185565, 18.466766 ], [ -66.183702, 18.459465 ], [ -66.181188425953593, 18.457461624299501 ], [ -66.174908463291899, 18.452456351184701 ], [ -66.174550723249794, 18.452171224232298 ], [ -66.173021, 18.450952 ], [ -66.170810753019595, 18.4509008855132 ], [ -66.166254992534604, 18.4507955283466 ], [ -66.163593506829599, 18.4507339784486 ], [ -66.162832396234194, 18.450716376896501 ], [ -66.162081, 18.450699 ], [ -66.1581444903413, 18.452148415688399 ], [ -66.153782938236105, 18.4537543312317 ], [ -66.152635, 18.454177 ], [ -66.14661, 18.45927 ], [ -66.144619, 18.462421 ], [ -66.140537, 18.464329 ], [ -66.139592854898396, 18.462331087580299 ], [ -66.142421, 18.461633 ], [ -66.143159, 18.461075 ], [ -66.144579, 18.45812 ], [ -66.146876, 18.454863 ], [ -66.147078, 18.454119 ], [ -66.147148, 18.453906 ], [ -66.149124, 18.45058 ], [ -66.151111, 18.449829 ], [ -66.151546, 18.448236 ], [ -66.153879, 18.445796 ], [ -66.157127, 18.447301 ], [ -66.158403, 18.445909 ], [ -66.15954, 18.445664 ], [ -66.160656, 18.446426 ], [ -66.159152, 18.450074 ], [ -66.159631, 18.450049 ], [ -66.162311, 18.447663 ], [ -66.16363, 18.44511 ], [ -66.16381, 18.441655 ], [ -66.165214, 18.437338 ], [ -66.165807, 18.436499 ], [ -66.167697, 18.434892 ], [ -66.169458, 18.435509 ], [ -66.170306, 18.433869 ], [ -66.167995, 18.433095 ], [ -66.170027, 18.431875 ], [ -66.169516, 18.430998 ], [ -66.169542, 18.430709 ], [ -66.170573, 18.429916 ], [ -66.16936, 18.428114 ], [ -66.169725, 18.425704 ], [ -66.171195, 18.423733 ], [ -66.17272, 18.422217 ], [ -66.172686, 18.421555 ], [ -66.172653, 18.42105 ], [ -66.177561, 18.419301 ], [ -66.18024, 18.421359 ], [ -66.185319, 18.421542 ], [ -66.187581, 18.419555 ], [ -66.190888, 18.418511 ], [ -66.191283, 18.418329 ], [ -66.193929, 18.418735 ], [ -66.194773, 18.417495 ], [ -66.196383, 18.415919 ], [ -66.197114, 18.415656 ], [ -66.198263, 18.413828 ], [ -66.196777, 18.411076 ], [ -66.196538, 18.408682 ], [ -66.197657, 18.407975 ], [ -66.196878, 18.405367 ], [ -66.19756, 18.404072 ], [ -66.196642, 18.400059 ], [ -66.195364, 18.396959 ], [ -66.197081, 18.393922 ], [ -66.195691, 18.391555 ], [ -66.197087, 18.390772 ], [ -66.19698, 18.389289 ], [ -66.204908, 18.391857 ], [ -66.212934, 18.394516 ], [ -66.221059, 18.397187 ], [ -66.221063, 18.397213 ], [ -66.232501, 18.400995 ], [ -66.234345, 18.401464 ], [ -66.237288, 18.39917 ], [ -66.24052, 18.397019 ], [ -66.241933, 18.396917 ], [ -66.244279, 18.394761 ], [ -66.244902, 18.394955 ], [ -66.246866, 18.395928 ], [ -66.250975, 18.395534 ], [ -66.252554, 18.394187 ], [ -66.254098, 18.394898 ], [ -66.254619, 18.395353 ], [ -66.257349, 18.397508 ], [ -66.257554, 18.404625 ], [ -66.258548, 18.407864 ], [ -66.260198, 18.409546 ], [ -66.260037, 18.41027 ], [ -66.255931, 18.412069 ], [ -66.256105, 18.413951 ], [ -66.257538, 18.416251 ], [ -66.260644, 18.417039 ], [ -66.261863, 18.414537 ], [ -66.263655, 18.416759 ], [ -66.263712, 18.419162 ], [ -66.264323, 18.420579 ] ] ] ] } },
{ "type": "Feature", "properties": { "STATEFP": "72", "COUNTYFP": "009", "COUNTYNS": "01804484", "GEOIDFQ": "0500000US72009", "GEOID": "72009", "NAME": "Aibonito", "NAMELSAD": "Aibonito Municipio", "STUSPS": "PR", "STATE_NAME": "Puerto Rico", "LSAD": "13", "ALAND": 81098530.0, "AWATER": 67829.0 }, "geometry": { "type": "MultiPolygon", "coordinates": [ [ [ [ -66.318038, 18.130585 ], [ -66.315735, 18.134315 ], [ -66.313068, 18.136283 ], [ -66.312787, 18.138106 ], [ -66.315732, 18.138443 ], [ -66.316745, 18.140182 ], [ -66.316658, 18.142478 ], [ -66.314317, 18.150317 ], [ -66.314848, 18.152088 ], [ -66.315177, 18.153175 ], [ -66.311861, 18.157313 ], [ -66.309144, 18.159559 ], [ -66.306678, 18.159928 ], [ -66.304168, 18.161409 ], [ -66.301827, 18.159189 ], [ -66.301193, 18.160671 ], [ -66.300028, 18.160583 ], [ -66.298151, 18.165372 ], [ -66.293401, 18.164835 ], [ -66.292407, 18.165761 ], [ -66.292095, 18.169169 ], [ -66.291158, 18.169054 ], [ -66.289398, 18.168738 ], [ -66.284993, 18.170168 ], [ -66.282977, 18.17137 ], [ -66.281394, 18.171328 ], [ -66.277953, 18.174217 ], [ -66.277035, 18.173923 ], [ -66.276662, 18.17363 ], [ -66.275639, 18.172602 ], [ -66.273078, 18.173711 ], [ -66.26899, 18.172412 ], [ -66.266389, 18.17259 ], [ -66.263605, 18.171122 ], [ -66.25922, 18.170827 ], [ -66.257901, 18.169895 ], [ -66.256557, 18.171055 ], [ -66.255733, 18.169041 ], [ -66.255613, 18.166276 ], [ -66.25393, 18.165509 ], [ -66.251588, 18.165366 ], [ -66.248172, 18.165752 ], [ -66.247022, 18.16834 ], [ -66.248831, 18.169802 ], [ -66.247854, 18.174096 ], [ -66.244952, 18.176913 ], [ -66.242735, 18.180248 ], [ -66.241108, 18.180349 ], [ -66.237328, 18.178318 ], [ -66.234059, 18.175494 ], [ -66.233113, 18.173925 ], [ -66.231559, 18.172458 ], [ -66.228564, 18.170802 ], [ -66.226625, 18.168289 ], [ -66.226121, 18.166455 ], [ -66.224322, 18.16668 ], [ -66.223716, 18.165717 ], [ -66.223544, 18.162836 ], [ -66.223951, 18.161098 ], [ -66.22564, 18.160056 ], [ -66.227722, 18.160193 ], [ -66.228748, 18.159611 ], [ -66.228139, 18.157606 ], [ -66.224248, 18.15497 ], [ -66.224108, 18.153979 ], [ -66.227628, 18.152286 ], [ -66.227351, 18.150594 ], [ -66.22581, 18.149456 ], [ -66.223704, 18.148915 ], [ -66.221089, 18.148732 ], [ -66.217068, 18.147852 ], [ -66.216464, 18.146119 ], [ -66.219151, 18.145251 ], [ -66.220083, 18.142798 ], [ -66.216899, 18.14322 ], [ -66.217586, 18.142435 ], [ -66.216891, 18.136789 ], [ -66.218242, 18.134615 ], [ -66.218636, 18.13332 ], [ -66.220563, 18.132018 ], [ -66.220721, 18.131362 ], [ -66.220669, 18.128941 ], [ -66.219057, 18.12806 ], [ -66.219886, 18.124464 ], [ -66.220358, 18.120797 ], [ -66.222205, 18.118848 ], [ -66.224958, 18.118361 ], [ -66.226828, 18.116641 ], [ -66.225581, 18.113573 ], [ -66.22503, 18.113119 ], [ -66.224631, 18.110233 ], [ -66.225796, 18.108725 ], [ -66.224337, 18.103976 ], [ -66.226932, 18.102346 ], [ -66.224764, 18.098406 ], [ -66.22449, 18.095339 ], [ -66.229539, 18.09537 ], [ -66.231837, 18.095769 ], [ -66.234033, 18.095187 ], [ -66.234899, 18.094213 ], [ -66.237466, 18.093438 ], [ -66.240053, 18.093186 ], [ -66.239785, 18.084691 ], [ -66.2409, 18.081894 ], [ -66.242388, 18.080718 ], [ -66.24289, 18.079405 ], [ -66.242238, 18.077148 ], [ -66.242976, 18.077122 ], [ -66.244513, 18.076945 ], [ -66.246275, 18.076787 ], [ -66.257527, 18.075884 ], [ -66.259375, 18.077609 ], [ -66.259949, 18.082612 ], [ -66.263054, 18.085643 ], [ -66.266553, 18.085401 ], [ -66.269391, 18.086278 ], [ -66.270168, 18.086961 ], [ -66.272941, 18.086586 ], [ -66.272801, 18.088595 ], [ -66.273458, 18.089902 ], [ -66.273069, 18.091209 ], [ -66.27726, 18.095642 ], [ -66.27915, 18.095018 ], [ -66.281678, 18.095403 ], [ -66.290102, 18.102158 ], [ -66.294961, 18.105907 ], [ -66.310767, 18.118168 ], [ -66.320913, 18.126005 ], [ -66.318038, 18.130585 ] ] ] ] } }
]
}
