{
"type": "FeatureCollection",
"name": "South-Carolina_counties_2023",
"crs": { "type": "name", "properties": { "name": "urn:ogc:def:crs:OGC:1.3:CRS84" } },
"features": [
{ "type": "Feature", "properties": { "STATEFP": "45", "COUNTYFP": "051", "COUNTYNS": "01248005", "GEOIDFQ": "0500000US45051", "GEOID": "45051", "NAME": "Horry", "NAMELSAD": "Horry County", "STUSPS": "SC", "STATE_NAME": "South Carolina", "LSAD": "06", "ALAND": 2934867846.0, "AWATER": 314856610.0, "STATE_NAME_HYPHEN": "South-Carolina" }, "geometry": { "type": "MultiPolygon", "coordinates": [ [ [ [ -79.338618, 33.96862 ], [ -79.335614, 33.967537 ], [ -79.335063, 33.964134 ], [ -79.334225, 33.962136 ], [ -79.333062, 33.96106 ], [ -79.330115, 33.961631 ], [ -79.329918, 33.960575 ], [ -79.330863, 33.958528 ], [ -79.332097, 33.957325 ], [ -79.333884, 33.954433 ], [ -79.33344, 33.952717 ], [ -79.332273, 33.952457 ], [ -79.329161, 33.952886 ], [ -79.330449, 33.954169 ], [ -79.329763, 33.95482 ], [ -79.325599, 33.953792 ], [ -79.326743, 33.952487 ], [ -79.326585, 33.951656 ], [ -79.325056, 33.951178 ], [ -79.324457, 33.949523 ], [ -79.323021, 33.948964 ], [ -79.321803, 33.946981 ], [ -79.320349, 33.947395 ], [ -79.320672, 33.948688 ], [ -79.319219, 33.947028 ], [ -79.316134, 33.945696 ], [ -79.314701, 33.946036 ], [ -79.312372, 33.945001 ], [ -79.311614, 33.944191 ], [ -79.311435, 33.942386 ], [ -79.31445, 33.941304 ], [ -79.314731, 33.94015 ], [ -79.313986, 33.938354 ], [ -79.316956, 33.936589 ], [ -79.316969, 33.934143 ], [ -79.314665, 33.934027 ], [ -79.312135, 33.935486 ], [ -79.309673, 33.935806 ], [ -79.306874, 33.934788 ], [ -79.308236, 33.933773 ], [ -79.309095, 33.931053 ], [ -79.311063, 33.929933 ], [ -79.310113, 33.92803 ], [ -79.310541, 33.926553 ], [ -79.307657, 33.925301 ], [ -79.306712, 33.923901 ], [ -79.30727, 33.923126 ], [ -79.309782, 33.923744 ], [ -79.311273, 33.923398 ], [ -79.310966, 33.921223 ], [ -79.311625, 33.918738 ], [ -79.312347, 33.91823 ], [ -79.308031, 33.915181 ], [ -79.30463, 33.914636 ], [ -79.303573, 33.913974 ], [ -79.302859, 33.911567 ], [ -79.301108, 33.910307 ], [ -79.300683, 33.908334 ], [ -79.299093, 33.907072 ], [ -79.300002, 33.905223 ], [ -79.299865, 33.903817 ], [ -79.298365, 33.903292 ], [ -79.295015, 33.904352 ], [ -79.293994, 33.903564 ], [ -79.295888, 33.902104 ], [ -79.295994, 33.900696 ], [ -79.294252, 33.90024 ], [ -79.291063, 33.900397 ], [ -79.2886, 33.898561 ], [ -79.287526, 33.896204 ], [ -79.286374, 33.895243 ], [ -79.284952, 33.895197 ], [ -79.283867, 33.896061 ], [ -79.284669, 33.899272 ], [ -79.28307, 33.900724 ], [ -79.277913, 33.898249 ], [ -79.272281, 33.896649 ], [ -79.27094, 33.895854 ], [ -79.269589, 33.894122 ], [ -79.263598, 33.892466 ], [ -79.262523, 33.89042 ], [ -79.262379, 33.88831 ], [ -79.263852, 33.886323 ], [ -79.263039, 33.88445 ], [ -79.260902, 33.881775 ], [ -79.260467, 33.879312 ], [ -79.257482, 33.879668 ], [ -79.257139, 33.877727 ], [ -79.258983, 33.876421 ], [ -79.25846, 33.874327 ], [ -79.256557, 33.873551 ], [ -79.256228, 33.871652 ], [ -79.258041, 33.871031 ], [ -79.256931, 33.868981 ], [ -79.257754, 33.866493 ], [ -79.256009, 33.865356 ], [ -79.257319, 33.863922 ], [ -79.258718, 33.860248 ], [ -79.26061, 33.860415 ], [ -79.26069, 33.85694 ], [ -79.259813, 33.855793 ], [ -79.259981, 33.853867 ], [ -79.259259, 33.849921 ], [ -79.260336, 33.849281 ], [ -79.261375, 33.847537 ], [ -79.261552, 33.844305 ], [ -79.264073, 33.842526 ], [ -79.263243, 33.841045 ], [ -79.260953, 33.838503 ], [ -79.259159, 33.838481 ], [ -79.257642, 33.837446 ], [ -79.254456, 33.836357 ], [ -79.254586, 33.83526 ], [ -79.25271, 33.836262 ], [ -79.250843, 33.83478 ], [ -79.251897, 33.833966 ], [ -79.253035, 33.833274 ], [ -79.252373, 33.831582 ], [ -79.249509, 33.83172 ], [ -79.248814, 33.83116 ], [ -79.248926, 33.829758 ], [ -79.250815, 33.827399 ], [ -79.252942, 33.825768 ], [ -79.255274, 33.825196 ], [ -79.257774, 33.82572 ], [ -79.258546, 33.825205 ], [ -79.257711, 33.823754 ], [ -79.257975, 33.822329 ], [ -79.260201, 33.821237 ], [ -79.260104, 33.819292 ], [ -79.260887, 33.818852 ], [ -79.260283, 33.814854 ], [ -79.258266, 33.814331 ], [ -79.257583, 33.813109 ], [ -79.256078, 33.812457 ], [ -79.255891, 33.809799 ], [ -79.254998, 33.808929 ], [ -79.25274, 33.808236 ], [ -79.252442, 33.805832 ], [ -79.253322, 33.805393 ], [ -79.254697, 33.806351 ], [ -79.255275, 33.803492 ], [ -79.253692, 33.802665 ], [ -79.25101, 33.802536 ], [ -79.251602, 33.800673 ], [ -79.252792, 33.799978 ], [ -79.25288, 33.798236 ], [ -79.251067, 33.795296 ], [ -79.251594, 33.794479 ], [ -79.250338, 33.790811 ], [ -79.248481, 33.788286 ], [ -79.248094, 33.784415 ], [ -79.245431, 33.782498 ], [ -79.244015, 33.779198 ], [ -79.24247, 33.777641 ], [ -79.23995, 33.777703 ], [ -79.239863, 33.775414 ], [ -79.237862, 33.775436 ], [ -79.236616, 33.773914 ], [ -79.236774, 33.771983 ], [ -79.235668, 33.771518 ], [ -79.235772, 33.769912 ], [ -79.234385, 33.768008 ], [ -79.235472, 33.764396 ], [ -79.233415, 33.761801 ], [ -79.231759, 33.762051 ], [ -79.230918, 33.761467 ], [ -79.229676, 33.762064 ], [ -79.229104, 33.760675 ], [ -79.228857, 33.758047 ], [ -79.228243, 33.757219 ], [ -79.227147, 33.757517 ], [ -79.224108, 33.755982 ], [ -79.220452, 33.756982 ], [ -79.218226, 33.7551 ], [ -79.218334, 33.753468 ], [ -79.216881, 33.752364 ], [ -79.219067, 33.752439 ], [ -79.219582, 33.750743 ], [ -79.219226, 33.749117 ], [ -79.220367, 33.748288 ], [ -79.21907, 33.747562 ], [ -79.216901, 33.748088 ], [ -79.214021, 33.744007 ], [ -79.212722, 33.743236 ], [ -79.212582, 33.741723 ], [ -79.209827, 33.741858 ], [ -79.209488, 33.741169 ], [ -79.205683, 33.737307 ], [ -79.204724, 33.736692 ], [ -79.2056, 33.735167 ], [ -79.203916, 33.734225 ], [ -79.20176, 33.734484 ], [ -79.200422, 33.733186 ], [ -79.199836, 33.731378 ], [ -79.1959, 33.727886 ], [ -79.192369, 33.721174 ], [ -79.192715, 33.719468 ], [ -79.195038, 33.71664 ], [ -79.194516, 33.714469 ], [ -79.195391, 33.712177 ], [ -79.195113, 33.711192 ], [ -79.192852, 33.709289 ], [ -79.191351, 33.706506 ], [ -79.190264, 33.705787 ], [ -79.18455, 33.70299 ], [ -79.178288, 33.702194 ], [ -79.176711, 33.700855 ], [ -79.17675, 33.699314 ], [ -79.180656, 33.696835 ], [ -79.180264, 33.695432 ], [ -79.175492, 33.692246 ], [ -79.17354, 33.691504 ], [ -79.169076, 33.690843 ], [ -79.167345, 33.689932 ], [ -79.165221, 33.686592 ], [ -79.163385, 33.685107 ], [ -79.162356, 33.684962 ], [ -79.159028, 33.685665 ], [ -79.157345, 33.684777 ], [ -79.155626, 33.681082 ], [ -79.152184, 33.677371 ], [ -79.151858, 33.676201 ], [ -79.151898, 33.672594 ], [ -79.153305, 33.669923 ], [ -79.154309, 33.662565 ], [ -79.154032, 33.660743 ], [ -79.1533, 33.659385 ], [ -79.151935, 33.658191 ], [ -79.149819, 33.657949 ], [ -79.14603, 33.65798 ], [ -79.141484, 33.658587 ], [ -79.14031, 33.660774 ], [ -79.137683, 33.66413 ], [ -79.136356, 33.663807 ], [ -79.135167, 33.659272 ], [ -79.134409, 33.657667 ], [ -79.132295, 33.655746 ], [ -79.131182, 33.652406 ], [ -79.12953, 33.650146 ], [ -79.128319, 33.650162 ], [ -79.126182, 33.653155 ], [ -79.124763, 33.652857 ], [ -79.12389, 33.652188 ], [ -79.12347, 33.648782 ], [ -79.125755, 33.646241 ], [ -79.127267, 33.643627 ], [ -79.128497, 33.643594 ], [ -79.129822, 33.645951 ], [ -79.133281, 33.649299 ], [ -79.134916, 33.648509 ], [ -79.135109, 33.646702 ], [ -79.133736, 33.644797 ], [ -79.13367, 33.642482 ], [ -79.132095, 33.641021 ], [ -79.129672, 33.640642 ], [ -79.129875, 33.639375 ], [ -79.132923, 33.63919 ], [ -79.134212, 33.63802 ], [ -79.133714, 33.635664 ], [ -79.130292, 33.63522 ], [ -79.129581, 33.633791 ], [ -79.130949, 33.632008 ], [ -79.130421, 33.63104 ], [ -79.128575, 33.630556 ], [ -79.127932, 33.629063 ], [ -79.128963, 33.625932 ], [ -79.127705, 33.624909 ], [ -79.123252, 33.623239 ], [ -79.122651, 33.621014 ], [ -79.12299, 33.61828 ], [ -79.122157, 33.614951 ], [ -79.123552, 33.612401 ], [ -79.123155, 33.610773 ], [ -79.121147, 33.61013 ], [ -79.120098, 33.609076 ], [ -79.120344, 33.607511 ], [ -79.122173, 33.605709 ], [ -79.121278, 33.604775 ], [ -79.118222, 33.603263 ], [ -79.111063, 33.60046 ], [ -79.109085, 33.600326 ], [ -79.107551, 33.601206 ], [ -79.107288, 33.604029 ], [ -79.105983, 33.608973 ], [ -79.10451, 33.611144 ], [ -79.103012, 33.611469 ], [ -79.1016, 33.611075 ], [ -79.09982, 33.608997 ], [ -79.098765, 33.605201 ], [ -79.096787, 33.600349 ], [ -79.098718, 33.596517 ], [ -79.09895, 33.592622 ], [ -79.097832, 33.59009 ], [ -79.098288, 33.587856 ], [ -79.101275, 33.584369 ], [ -79.102181, 33.581675 ], [ -79.101489, 33.576942 ], [ -79.101591, 33.574959 ], [ -79.101074, 33.572969 ], [ -79.087397, 33.572907 ], [ -79.087389, 33.571514 ], [ -79.087185, 33.571519 ], [ -79.086525, 33.571267 ], [ -79.04797, 33.571791 ], [ -79.04147, 33.571492 ], [ -79.036427, 33.571763 ], [ -79.032199, 33.571953 ], [ -79.030539, 33.572024 ], [ -79.030241, 33.572038 ], [ -79.029619, 33.572066 ], [ -79.026213, 33.571934 ], [ -79.016688, 33.572282 ], [ -79.016898, 33.569643 ], [ -79.01568, 33.569108 ], [ -79.013472, 33.571932 ], [ -79.011381, 33.572695 ], [ -79.0017805, 33.5726759 ], [ -78.9980538, 33.5767606 ], [ -78.9961893, 33.5788041 ], [ -78.9950615, 33.5800403 ], [ -78.9936079, 33.5816335 ], [ -78.9884757, 33.5872585 ], [ -78.985261, 33.590782 ], [ -78.9832314, 33.5929601 ], [ -78.9716829, 33.6053537 ], [ -78.9679856, 33.6093214 ], [ -78.9606128, 33.6172338 ], [ -78.957259, 33.620833 ], [ -78.938429, 33.640015 ], [ -78.9350541, 33.6430066 ], [ -78.9186628, 33.657536 ], [ -78.914567, 33.6611666 ], [ -78.91406, 33.661616 ], [ -78.8952679, 33.6771886 ], [ -78.8926661, 33.6793446 ], [ -78.892574, 33.679421 ], [ -78.8908921, 33.6806821 ], [ -78.886196, 33.684203 ], [ -78.8804347, 33.6907168 ], [ -78.879994, 33.691215 ], [ -78.866627, 33.703026 ], [ -78.859048, 33.709061 ], [ -78.8447915, 33.7205298 ], [ -78.843798, 33.721329 ], [ -78.8404258, 33.7238553 ], [ -78.8286818, 33.7326535 ], [ -78.8261702, 33.7345351 ], [ -78.8233466, 33.7366504 ], [ -78.822629, 33.737188 ], [ -78.803727, 33.7497766 ], [ -78.795794, 33.75506 ], [ -78.794326, 33.7559431 ], [ -78.7840697, 33.7621127 ], [ -78.7717021, 33.7695525 ], [ -78.763883, 33.774256 ], [ -78.7459953, 33.7842084 ], [ -78.7381083, 33.7885965 ], [ -78.7365252, 33.7894773 ], [ -78.7364058, 33.7895437 ], [ -78.73624, 33.789636 ], [ -78.7295228, 33.7928367 ], [ -78.7171855, 33.7987154 ], [ -78.7160093, 33.7992758 ], [ -78.7144881, 33.8000007 ], [ -78.713172, 33.8006278 ], [ -78.7114303, 33.8014577 ], [ -78.697696, 33.808002 ], [ -78.6794881, 33.8149929 ], [ -78.6718862, 33.8179116 ], [ -78.667929, 33.819431 ], [ -78.6624957, 33.821071 ], [ -78.6426372, 33.827065 ], [ -78.634467, 33.829531 ], [ -78.6009784, 33.8404197 ], [ -78.60069, 33.8405135 ], [ -78.591714, 33.843432 ], [ -78.57819, 33.846852 ], [ -78.561977, 33.848833 ], [ -78.55464, 33.849168 ], [ -78.55343, 33.850876 ], [ -78.553768, 33.852733 ], [ -78.547324, 33.856483 ], [ -78.5588583, 33.866408 ], [ -78.5732837, 33.8788206 ], [ -78.5740936, 33.8795175 ], [ -78.580378, 33.884925 ], [ -78.5868837, 33.8905239 ], [ -78.5869557, 33.8905858 ], [ -78.5923887, 33.8952615 ], [ -78.5952192, 33.8976974 ], [ -78.615932, 33.915523 ], [ -78.621369, 33.920073 ], [ -78.6295574, 33.9269257 ], [ -78.6296137, 33.9269728 ], [ -78.6503345, 33.9443136 ], [ -78.6503642, 33.9443385 ], [ -78.651629, 33.945397 ], [ -78.66253, 33.95452 ], [ -78.702771, 33.989268 ], [ -78.710141, 33.994688 ], [ -78.7115181, 33.9960511 ], [ -78.712206, 33.996732 ], [ -78.7399196, 34.0202037 ], [ -78.769483, 34.045242 ], [ -78.7776117, 34.0521265 ], [ -78.7978654, 34.0692804 ], [ -78.81171, 34.081006 ], [ -78.8273617, 34.094262 ], [ -78.827374, 34.0942724 ], [ -78.855385, 34.117996 ], [ -78.8729168, 34.1328448 ], [ -78.8744907, 34.1341779 ], [ -78.874747, 34.134395 ], [ -78.8761781, 34.1355961 ], [ -78.8921252, 34.1489796 ], [ -78.909881, 34.163881 ], [ -78.9150753, 34.1682402 ], [ -78.9217017, 34.1738013 ], [ -78.963692, 34.209041 ], [ -78.9738175, 34.2175388 ], [ -78.9813614, 34.22387 ], [ -78.99576, 34.235954 ], [ -79.04259, 34.2752555 ], [ -79.071169, 34.29924 ], [ -79.0712439, 34.2993029 ], [ -79.0712551, 34.2993124 ], [ -79.074204, 34.2994 ], [ -79.073596, 34.297705 ], [ -79.076217, 34.297018 ], [ -79.0779, 34.297224 ], [ -79.076962, 34.295163 ], [ -79.078313, 34.292736 ], [ -79.081348, 34.293766 ], [ -79.082535, 34.292918 ], [ -79.083557, 34.294429 ], [ -79.08477, 34.294177 ], [ -79.085709, 34.295276 ], [ -79.086536, 34.29333 ], [ -79.088219, 34.292345 ], [ -79.088218, 34.290925 ], [ -79.086811, 34.289597 ], [ -79.089349, 34.289597 ], [ -79.08968, 34.288772 ], [ -79.08819, 34.28804 ], [ -79.08863, 34.285612 ], [ -79.086423, 34.28504 ], [ -79.088492, 34.283689 ], [ -79.089816, 34.284009 ], [ -79.091389, 34.285749 ], [ -79.092464, 34.282635 ], [ -79.092243, 34.281146 ], [ -79.09398, 34.280137 ], [ -79.093731, 34.277962 ], [ -79.095827, 34.276977 ], [ -79.096793, 34.278763 ], [ -79.100241, 34.275716 ], [ -79.10049, 34.278189 ], [ -79.102641, 34.276631 ], [ -79.105537, 34.275623 ], [ -79.105756, 34.272417 ], [ -79.108542, 34.273126 ], [ -79.109976, 34.272438 ], [ -79.109782, 34.271156 ], [ -79.111078, 34.270469 ], [ -79.110443, 34.269461 ], [ -79.111407, 34.265866 ], [ -79.113089, 34.264148 ], [ -79.115544, 34.264467 ], [ -79.115543, 34.26275 ], [ -79.117363, 34.262886 ], [ -79.11568, 34.261673 ], [ -79.117334, 34.260894 ], [ -79.117664, 34.25952 ], [ -79.120201, 34.259358 ], [ -79.121082, 34.257435 ], [ -79.12075, 34.255305 ], [ -79.121632, 34.25503 ], [ -79.124006, 34.257685 ], [ -79.126396, 34.25727 ], [ -79.126756, 34.256332 ], [ -79.125294, 34.255575 ], [ -79.124379, 34.254021 ], [ -79.125209, 34.253239 ], [ -79.126564, 34.254087 ], [ -79.128165, 34.253652 ], [ -79.126594, 34.251706 ], [ -79.126758, 34.248279 ], [ -79.129103, 34.246859 ], [ -79.129601, 34.24402 ], [ -79.131808, 34.24251 ], [ -79.133849, 34.242763 ], [ -79.134787, 34.241023 ], [ -79.133271, 34.241114 ], [ -79.13261, 34.24006 ], [ -79.133163, 34.237953 ], [ -79.130984, 34.238526 ], [ -79.128477, 34.235548 ], [ -79.126657, 34.236142 ], [ -79.127011, 34.234786 ], [ -79.128529, 34.234734 ], [ -79.128909, 34.232896 ], [ -79.128264, 34.230743 ], [ -79.131832, 34.231599 ], [ -79.132943, 34.233177 ], [ -79.133853, 34.232599 ], [ -79.135661, 34.229126 ], [ -79.134709, 34.22592 ], [ -79.135464, 34.22336 ], [ -79.13478, 34.222434 ], [ -79.131757, 34.222671 ], [ -79.130859, 34.221557 ], [ -79.132568, 34.220688 ], [ -79.134663, 34.220849 ], [ -79.135079, 34.217781 ], [ -79.133729, 34.215673 ], [ -79.137011, 34.214095 ], [ -79.137809, 34.215584 ], [ -79.139381, 34.215699 ], [ -79.140126, 34.213867 ], [ -79.142221, 34.213914 ], [ -79.141533, 34.212242 ], [ -79.142086, 34.209197 ], [ -79.144265, 34.20622 ], [ -79.14556, 34.206587 ], [ -79.145918, 34.20867 ], [ -79.147213, 34.20835 ], [ -79.148592, 34.206908 ], [ -79.149805, 34.206863 ], [ -79.150768, 34.20897 ], [ -79.152561, 34.206703 ], [ -79.153939, 34.207207 ], [ -79.155043, 34.204689 ], [ -79.156118, 34.204002 ], [ -79.156229, 34.202605 ], [ -79.15758, 34.201987 ], [ -79.158049, 34.200453 ], [ -79.160916, 34.198484 ], [ -79.164306, 34.197501 ], [ -79.166234, 34.195064 ], [ -79.16676, 34.192832 ], [ -79.169503, 34.187229 ], [ -79.171441, 34.181737 ], [ -79.173583, 34.179534 ], [ -79.174891, 34.179352 ], [ -79.176435, 34.180299 ], [ -79.176291, 34.181733 ], [ -79.174561, 34.18406 ], [ -79.175443, 34.184953 ], [ -79.176931, 34.184793 ], [ -79.179025, 34.182206 ], [ -79.180237, 34.181358 ], [ -79.183792, 34.181015 ], [ -79.186989, 34.177809 ], [ -79.191673, 34.176412 ], [ -79.19272, 34.17545 ], [ -79.193106, 34.173824 ], [ -79.192417, 34.17126 ], [ -79.1944, 34.169428 ], [ -79.196742, 34.16929 ], [ -79.197072, 34.168534 ], [ -79.19586, 34.165374 ], [ -79.197761, 34.162489 ], [ -79.195942, 34.161092 ], [ -79.197319, 34.158687 ], [ -79.198421, 34.157702 ], [ -79.202196, 34.156763 ], [ -79.202333, 34.154267 ], [ -79.202994, 34.153168 ], [ -79.204647, 34.152893 ], [ -79.205969, 34.154404 ], [ -79.207539, 34.154839 ], [ -79.207787, 34.153877 ], [ -79.205831, 34.152457 ], [ -79.205472, 34.150854 ], [ -79.208309, 34.150602 ], [ -79.209383, 34.149503 ], [ -79.208144, 34.147946 ], [ -79.207807, 34.145285 ], [ -79.206268, 34.141648 ], [ -79.206557, 34.138158 ], [ -79.205185, 34.13593 ], [ -79.205771, 34.132973 ], [ -79.20896, 34.128112 ], [ -79.210299, 34.12726 ], [ -79.212031, 34.127248 ], [ -79.213678, 34.128574 ], [ -79.214473, 34.130586 ], [ -79.216317, 34.128227 ], [ -79.219346, 34.126188 ], [ -79.217638, 34.12549 ], [ -79.21846, 34.1235 ], [ -79.220662, 34.122034 ], [ -79.220579, 34.119698 ], [ -79.2219, 34.118942 ], [ -79.222368, 34.11679 ], [ -79.221321, 34.115233 ], [ -79.222807, 34.113102 ], [ -79.221402, 34.112004 ], [ -79.219035, 34.112416 ], [ -79.218787, 34.111065 ], [ -79.220218, 34.110034 ], [ -79.220905, 34.107744 ], [ -79.222172, 34.107652 ], [ -79.223439, 34.108866 ], [ -79.226301, 34.107972 ], [ -79.228394, 34.107834 ], [ -79.230101, 34.108818 ], [ -79.232988, 34.102542 ], [ -79.234888, 34.102358 ], [ -79.234557, 34.100778 ], [ -79.23921, 34.100479 ], [ -79.241933, 34.097913 ], [ -79.243117, 34.097523 ], [ -79.242675, 34.095233 ], [ -79.241023, 34.094318 ], [ -79.241875, 34.092737 ], [ -79.24394, 34.093217 ], [ -79.247022, 34.091292 ], [ -79.250133, 34.090371 ], [ -79.250157, 34.088638 ], [ -79.246909, 34.087102 ], [ -79.247238, 34.085842 ], [ -79.249, 34.08591 ], [ -79.249381, 34.085062 ], [ -79.248502, 34.082589 ], [ -79.246575, 34.081102 ], [ -79.248087, 34.079452 ], [ -79.245334, 34.078011 ], [ -79.242638, 34.07879 ], [ -79.239913, 34.078494 ], [ -79.239582, 34.076753 ], [ -79.241287, 34.075814 ], [ -79.241067, 34.074715 ], [ -79.239387, 34.073364 ], [ -79.242441, 34.072493 ], [ -79.243348, 34.070546 ], [ -79.242577, 34.069126 ], [ -79.242961, 34.067958 ], [ -79.245465, 34.067957 ], [ -79.248271, 34.066444 ], [ -79.247087, 34.065506 ], [ -79.247719, 34.064566 ], [ -79.247167, 34.061177 ], [ -79.247758, 34.057081 ], [ -79.249767, 34.055759 ], [ -79.252894, 34.054785 ], [ -79.256195, 34.055062 ], [ -79.25815, 34.054055 ], [ -79.258372, 34.052475 ], [ -79.257519, 34.050711 ], [ -79.258346, 34.049498 ], [ -79.261015, 34.048629 ], [ -79.263024, 34.046981 ], [ -79.265089, 34.043982 ], [ -79.266327, 34.044715 ], [ -79.266106, 34.045722 ], [ -79.268032, 34.046044 ], [ -79.269161, 34.044075 ], [ -79.2712, 34.044121 ], [ -79.27414, 34.044054 ], [ -79.2767, 34.041673 ], [ -79.278048, 34.039566 ], [ -79.280498, 34.038719 ], [ -79.282588, 34.03975 ], [ -79.283029, 34.038216 ], [ -79.281076, 34.037139 ], [ -79.281434, 34.036384 ], [ -79.284075, 34.036339 ], [ -79.284268, 34.035331 ], [ -79.287899, 34.034897 ], [ -79.287954, 34.033064 ], [ -79.290952, 34.034485 ], [ -79.29197, 34.033409 ], [ -79.29395, 34.035722 ], [ -79.296453, 34.033365 ], [ -79.298021, 34.033067 ], [ -79.299313, 34.033983 ], [ -79.302341, 34.032219 ], [ -79.302107, 34.029185 ], [ -79.304102, 34.029609 ], [ -79.303827, 34.027937 ], [ -79.305257, 34.027204 ], [ -79.307568, 34.027685 ], [ -79.307733, 34.02599 ], [ -79.304543, 34.02386 ], [ -79.30424, 34.02283 ], [ -79.306221, 34.019166 ], [ -79.305066, 34.016555 ], [ -79.307349, 34.010281 ], [ -79.309054, 34.008174 ], [ -79.307157, 34.005929 ], [ -79.309137, 34.005128 ], [ -79.311941, 34.002174 ], [ -79.314443, 34.000617 ], [ -79.315079, 33.996506 ], [ -79.316936, 33.996224 ], [ -79.318158, 33.997086 ], [ -79.317701, 33.999568 ], [ -79.322349, 33.999399 ], [ -79.323271, 34.000164 ], [ -79.321483, 34.001349 ], [ -79.321895, 34.002288 ], [ -79.327258, 34.000912 ], [ -79.328466, 34.000163 ], [ -79.32731, 33.998189 ], [ -79.330496, 33.997394 ], [ -79.330072, 33.995655 ], [ -79.332458, 33.994997 ], [ -79.332283, 33.992344 ], [ -79.33164, 33.991321 ], [ -79.329419, 33.991573 ], [ -79.328661, 33.992517 ], [ -79.329837, 33.989258 ], [ -79.328434, 33.986756 ], [ -79.329807, 33.986611 ], [ -79.331437, 33.987738 ], [ -79.331542, 33.982712 ], [ -79.33234, 33.981801 ], [ -79.331298, 33.978995 ], [ -79.332816, 33.977409 ], [ -79.33436, 33.974582 ], [ -79.336241, 33.974514 ], [ -79.336836, 33.971883 ], [ -79.338842, 33.970494 ], [ -79.338618, 33.96862 ] ] ] ] } },
{ "type": "Feature", "properties": { "STATEFP": "45", "COUNTYFP": "003", "COUNTYNS": "01247979", "GEOIDFQ": "0500000US45003", "GEOID": "45003", "NAME": "Aiken", "NAMELSAD": "Aiken County", "STUSPS": "SC", "STATE_NAME": "South Carolina", "LSAD": "06", "ALAND": 2773070081.0, "AWATER": 24554644.0, "STATE_NAME_HYPHEN": "South-Carolina" }, "geometry": { "type": "MultiPolygon", "coordinates": [ [ [ [ -82.011538, 33.531735 ], [ -82.010038, 33.530435 ], [ -82.007638, 33.523335 ], [ -82.007138, 33.522835 ], [ -82.004338, 33.521935 ], [ -82.0037342, 33.5215727 ], [ -82.001338, 33.520135 ], [ -81.9952655, 33.5099926 ], [ -81.991938, 33.504435 ], [ -81.990382, 33.500759 ], [ -81.9906091, 33.4980944 ], [ -81.990938, 33.494235 ], [ -81.989338, 33.490036 ], [ -81.985938, 33.486536 ], [ -81.9817263, 33.4845497 ], [ -81.980637, 33.484036 ], [ -81.9736409, 33.4826565 ], [ -81.973537, 33.482636 ], [ -81.967037, 33.480636 ], [ -81.9554095, 33.475613 ], [ -81.9554035, 33.4756104 ], [ -81.946437, 33.471737 ], [ -81.941737, 33.470037 ], [ -81.934136, 33.468337 ], [ -81.929436, 33.465837 ], [ -81.926336, 33.462937 ], [ -81.9259491, 33.462161 ], [ -81.9248079, 33.4598722 ], [ -81.919436, 33.449098 ], [ -81.914812, 33.443498 ], [ -81.913532, 33.441274 ], [ -81.9133069, 33.4396431 ], [ -81.913126, 33.438333 ], [ -81.9142071, 33.4354927 ], [ -81.914282, 33.435296 ], [ -81.916972, 33.432592 ], [ -81.920716, 33.430986 ], [ -81.928326, 33.42991 ], [ -81.930798, 33.429034 ], [ -81.932308, 33.426587 ], [ -81.931742, 33.424506 ], [ -81.924893, 33.419307 ], [ -81.921068, 33.417419 ], [ -81.910765, 33.415035 ], [ -81.909629, 33.412603 ], [ -81.910496, 33.410312 ], [ -81.912367, 33.40809 ], [ -81.91775, 33.4072 ], [ -81.921276, 33.408597 ], [ -81.923859, 33.41046 ], [ -81.924766, 33.412418 ], [ -81.929454, 33.407756 ], [ -81.93139, 33.406956 ], [ -81.934766, 33.406796 ], [ -81.940782, 33.408742 ], [ -81.943149, 33.409034 ], [ -81.944893, 33.407962 ], [ -81.945629, 33.405835 ], [ -81.944476, 33.403674 ], [ -81.938108, 33.39993 ], [ -81.935085, 33.397243 ], [ -81.930861, 33.380076 ], [ -81.9262498, 33.3755322 ], [ -81.924837, 33.37414 ], [ -81.925737, 33.37114 ], [ -81.930634, 33.368165 ], [ -81.934637, 33.36894 ], [ -81.939637, 33.37254 ], [ -81.943737, 33.37234 ], [ -81.946337, 33.37064 ], [ -81.946737, 33.36734 ], [ -81.944737, 33.364041 ], [ -81.935313, 33.356789 ], [ -81.934812, 33.35376 ], [ -81.9381655, 33.3497431 ], [ -81.939837, 33.347741 ], [ -81.939737, 33.344941 ], [ -81.937237, 33.343641 ], [ -81.932737, 33.343541 ], [ -81.926817, 33.345284 ], [ -81.92346, 33.344898 ], [ -81.919278, 33.340338 ], [ -81.914937, 33.343742 ], [ -81.913025, 33.346886 ], [ -81.910174, 33.347011 ], [ -81.90893, 33.346268 ], [ -81.908437, 33.343842 ], [ -81.910137, 33.342342 ], [ -81.914243, 33.341839 ], [ -81.915512, 33.340778 ], [ -81.916337, 33.338642 ], [ -81.918929, 33.33496 ], [ -81.9188985, 33.3344565 ], [ -81.918837, 33.333442 ], [ -81.912737, 33.329842 ], [ -81.908137, 33.327142 ], [ -81.909137, 33.323942 ], [ -81.912937, 33.321742 ], [ -81.913737, 33.320042 ], [ -81.912137, 33.319142 ], [ -81.909092, 33.319983 ], [ -81.90613, 33.32162 ], [ -81.906037, 33.326042 ], [ -81.904132, 33.327286 ], [ -81.902613, 33.330258 ], [ -81.903637, 33.334842 ], [ -81.901954, 33.335876 ], [ -81.900635, 33.33503 ], [ -81.899568, 33.332817 ], [ -81.896937, 33.330542 ], [ -81.896937, 33.327642 ], [ -81.899271, 33.325417 ], [ -81.898588, 33.322905 ], [ -81.895537, 33.321642 ], [ -81.891023, 33.322491 ], [ -81.889161, 33.321092 ], [ -81.890037, 33.318943 ], [ -81.892737, 33.316743 ], [ -81.892537, 33.315343 ], [ -81.890537, 33.314843 ], [ -81.885237, 33.317443 ], [ -81.882536, 33.317043 ], [ -81.881536, 33.314043 ], [ -81.884637, 33.309243 ], [ -81.881937, 33.305443 ], [ -81.881237, 33.302543 ], [ -81.879437, 33.302343 ], [ -81.875836, 33.307443 ], [ -81.869247, 33.313768 ], [ -81.866536, 33.313743 ], [ -81.866305, 33.3134687 ], [ -81.864936, 33.311843 ], [ -81.864036, 33.307843 ], [ -81.864636, 33.303343 ], [ -81.863929, 33.302036 ], [ -81.86206, 33.302482 ], [ -81.860536, 33.304943 ], [ -81.8576, 33.307114 ], [ -81.856064, 33.309852 ], [ -81.853652, 33.310326 ], [ -81.851733, 33.308745 ], [ -81.847636, 33.307143 ], [ -81.846036, 33.304343 ], [ -81.849636, 33.299544 ], [ -81.848736, 33.296744 ], [ -81.850336, 33.296444 ], [ -81.852536, 33.299344 ], [ -81.860036, 33.299144 ], [ -81.862036, 33.296944 ], [ -81.861636, 33.293744 ], [ -81.863336, 33.289244 ], [ -81.860736, 33.285844 ], [ -81.851583, 33.283544 ], [ -81.848236, 33.283844 ], [ -81.846191, 33.284325 ], [ -81.844536, 33.282944 ], [ -81.844136, 33.278844 ], [ -81.839145, 33.273899 ], [ -81.836336, 33.274445 ], [ -81.833501, 33.276072 ], [ -81.83252, 33.275556 ], [ -81.832665, 33.27429 ], [ -81.835536, 33.271445 ], [ -81.835236, 33.266545 ], [ -81.836036, 33.263545 ], [ -81.835336, 33.262345 ], [ -81.833352, 33.262286 ], [ -81.83054, 33.264381 ], [ -81.828887, 33.264079 ], [ -81.828336, 33.263045 ], [ -81.828836, 33.262045 ], [ -81.831077, 33.260803 ], [ -81.834408, 33.258378 ], [ -81.836436, 33.259445 ], [ -81.837436, 33.261845 ], [ -81.838454, 33.262852 ], [ -81.840799, 33.263277 ], [ -81.842669, 33.264522 ], [ -81.843862, 33.266621 ], [ -81.84691, 33.266599 ], [ -81.848136, 33.264545 ], [ -81.846336, 33.258445 ], [ -81.844736, 33.257445 ], [ -81.841536, 33.257245 ], [ -81.839836, 33.256145 ], [ -81.840036, 33.254645 ], [ -81.845136, 33.252545 ], [ -81.849826, 33.252921 ], [ -81.852565, 33.25141 ], [ -81.852937, 33.248744 ], [ -81.8517223, 33.2476993 ], [ -81.848637, 33.245046 ], [ -81.846536, 33.241746 ], [ -81.837936, 33.238346 ], [ -81.831736, 33.233546 ], [ -81.8315651, 33.2333301 ], [ -81.827936, 33.228746 ], [ -81.819636, 33.226646 ], [ -81.811736, 33.223847 ], [ -81.809236, 33.222147 ], [ -81.808136, 33.219447 ], [ -81.807936, 33.213746 ], [ -81.80649, 33.212126 ], [ -81.803936, 33.211347 ], [ -81.798236, 33.211647 ], [ -81.790236, 33.208447 ], [ -81.784535, 33.208147 ], [ -81.778935, 33.209847 ], [ -81.777535, 33.211347 ], [ -81.777635, 33.215347 ], [ -81.781035, 33.219847 ], [ -81.780135, 33.221147 ], [ -81.777735, 33.221846 ], [ -81.774035, 33.221147 ], [ -81.767935, 33.216347 ], [ -81.767235, 33.212747 ], [ -81.765302, 33.209502 ], [ -81.763535, 33.203648 ], [ -81.761635, 33.201748 ], [ -81.758235, 33.200248 ], [ -81.7570833, 33.1981218 ], [ -81.751869, 33.201583 ], [ -81.516319, 33.382311 ], [ -81.463042, 33.422083 ], [ -81.374827, 33.489652 ], [ -81.372931, 33.490417 ], [ -81.373494, 33.49051 ], [ -81.34131, 33.517029 ], [ -81.34126, 33.517071 ], [ -81.323405, 33.532582 ], [ -81.285921, 33.56558 ], [ -81.25249, 33.595195 ], [ -81.187271, 33.652937 ], [ -81.189682, 33.655408 ], [ -81.191293, 33.655617 ], [ -81.195199, 33.657542 ], [ -81.196034, 33.657113 ], [ -81.198552, 33.658036 ], [ -81.199565, 33.659174 ], [ -81.201675, 33.658723 ], [ -81.203418, 33.659487 ], [ -81.205515, 33.658805 ], [ -81.207395, 33.658876 ], [ -81.209382, 33.661196 ], [ -81.212071, 33.663147 ], [ -81.212689, 33.661789 ], [ -81.214978, 33.663361 ], [ -81.217602, 33.664114 ], [ -81.218319, 33.665334 ], [ -81.221575, 33.668099 ], [ -81.223903, 33.668588 ], [ -81.224909, 33.668109 ], [ -81.226921, 33.669719 ], [ -81.230144, 33.67046 ], [ -81.230874, 33.670059 ], [ -81.233381, 33.673577 ], [ -81.23461, 33.672856 ], [ -81.236025, 33.675154 ], [ -81.237919, 33.675054 ], [ -81.243992, 33.67945 ], [ -81.245807, 33.679669 ], [ -81.251728, 33.681615 ], [ -81.253562, 33.683139 ], [ -81.256902, 33.684801 ], [ -81.259717, 33.684917 ], [ -81.259782, 33.685572 ], [ -81.265549, 33.687119 ], [ -81.265391, 33.688065 ], [ -81.269224, 33.690172 ], [ -81.268954, 33.690507 ], [ -81.269901, 33.691607 ], [ -81.269666, 33.693142 ], [ -81.272214, 33.694687 ], [ -81.274878, 33.69615 ], [ -81.277009, 33.696206 ], [ -81.277911, 33.694793 ], [ -81.279345, 33.694079 ], [ -81.282836, 33.694333 ], [ -81.284251, 33.694278 ], [ -81.285923, 33.693101 ], [ -81.290428, 33.694081 ], [ -81.292578, 33.69666 ], [ -81.294071, 33.696776 ], [ -81.298623, 33.698898 ], [ -81.302727, 33.70377 ], [ -81.302773, 33.704573 ], [ -81.304483, 33.704859 ], [ -81.306463, 33.704249 ], [ -81.308884, 33.705728 ], [ -81.309574, 33.707267 ], [ -81.311482, 33.708708 ], [ -81.313028, 33.70829 ], [ -81.316199, 33.710209 ], [ -81.320857, 33.711231 ], [ -81.322942, 33.711286 ], [ -81.327048, 33.713161 ], [ -81.327963, 33.715156 ], [ -81.332759, 33.715793 ], [ -81.33601, 33.717871 ], [ -81.33774, 33.717832 ], [ -81.33901, 33.719163 ], [ -81.340155, 33.718964 ], [ -81.344274, 33.721053 ], [ -81.346557, 33.720123 ], [ -81.349617, 33.72054 ], [ -81.354388, 33.722946 ], [ -81.35571, 33.722226 ], [ -81.357386, 33.722866 ], [ -81.359521, 33.725177 ], [ -81.362075, 33.725555 ], [ -81.365517, 33.728182 ], [ -81.366722, 33.728506 ], [ -81.370886, 33.726667 ], [ -81.372985, 33.726501 ], [ -81.374129, 33.725263 ], [ -81.375969, 33.724835 ], [ -81.377672, 33.725535 ], [ -81.379094, 33.725073 ], [ -81.384864, 33.726219 ], [ -81.385462, 33.726929 ], [ -81.388529, 33.726551 ], [ -81.389853, 33.727166 ], [ -81.393167, 33.726871 ], [ -81.399687, 33.729765 ], [ -81.403601, 33.732268 ], [ -81.409004, 33.731973 ], [ -81.41084, 33.731044 ], [ -81.412761, 33.73122 ], [ -81.415308, 33.732161 ], [ -81.415584, 33.733392 ], [ -81.418025, 33.734459 ], [ -81.420169, 33.737412 ], [ -81.421347, 33.737605 ], [ -81.421551, 33.738935 ], [ -81.423696, 33.741333 ], [ -81.425414, 33.741619 ], [ -81.426743, 33.743197 ], [ -81.427026, 33.744841 ], [ -81.425591, 33.746732 ], [ -81.426288, 33.749449 ], [ -81.427972, 33.751299 ], [ -81.428504, 33.753482 ], [ -81.430222, 33.754906 ], [ -81.431624, 33.757589 ], [ -81.431183, 33.758958 ], [ -81.432262, 33.762065 ], [ -81.432229, 33.763252 ], [ -81.431169, 33.765666 ], [ -81.432367, 33.768014 ], [ -81.431748, 33.769014 ], [ -81.433835, 33.772825 ], [ -81.43477, 33.773253 ], [ -81.435744, 33.775233 ], [ -81.439721, 33.778207 ], [ -81.442315, 33.779043 ], [ -81.445884, 33.783727 ], [ -81.447761, 33.784914 ], [ -81.450573, 33.787817 ], [ -81.451343, 33.78945 ], [ -81.453115, 33.791044 ], [ -81.456276, 33.792869 ], [ -81.456869, 33.794447 ], [ -81.459227, 33.795216 ], [ -81.460577, 33.797175 ], [ -81.464113, 33.797216 ], [ -81.4696, 33.798436 ], [ -81.47118, 33.799507 ], [ -81.474697, 33.798428 ], [ -81.477035, 33.799566 ], [ -81.478867, 33.802308 ], [ -81.480639, 33.802484 ], [ -81.483433, 33.801933 ], [ -81.48598, 33.803048 ], [ -81.486672, 33.804637 ], [ -81.490064, 33.804739 ], [ -81.491304, 33.807686 ], [ -81.492919, 33.809472 ], [ -81.495514, 33.809669 ], [ -81.502676, 33.808008 ], [ -81.50502, 33.809004 ], [ -81.505525, 33.811457 ], [ -81.506691, 33.81193 ], [ -81.508397, 33.811584 ], [ -81.512012, 33.812801 ], [ -81.514211, 33.815155 ], [ -81.513887, 33.816117 ], [ -81.518208, 33.817773 ], [ -81.518279, 33.819769 ], [ -81.519418, 33.821089 ], [ -81.520286, 33.823992 ], [ -81.522124, 33.825522 ], [ -81.52286, 33.826967 ], [ -81.527148, 33.829799 ], [ -81.530527, 33.831378 ], [ -81.533524, 33.832082 ], [ -81.534438, 33.837454 ], [ -81.536849, 33.838274 ], [ -81.536249, 33.839489 ], [ -81.538291, 33.841496 ], [ -81.537612, 33.842166 ], [ -81.538778, 33.842969 ], [ -81.538679, 33.844531 ], [ -81.540866, 33.845608 ], [ -81.542019, 33.846945 ], [ -81.542263, 33.848407 ], [ -81.541439, 33.849347 ], [ -81.540865, 33.851915 ], [ -81.542479, 33.853619 ], [ -81.546946, 33.858683 ], [ -81.549055, 33.858986 ], [ -81.551552, 33.860657 ], [ -81.554531, 33.860547 ], [ -81.556561, 33.861812 ], [ -81.561503, 33.863033 ], [ -81.563671, 33.865324 ], [ -81.565293, 33.867655 ], [ -81.56672, 33.868738 ], [ -81.56823, 33.87135 ], [ -81.569149, 33.871845 ], [ -81.571487, 33.877318 ], [ -81.579129, 33.871346 ], [ -81.58686, 33.865303 ], [ -81.602455, 33.853109 ], [ -81.60289, 33.852767 ], [ -81.608306, 33.848526 ], [ -81.614121, 33.843972 ], [ -81.651759, 33.81451 ], [ -81.676151, 33.7954 ], [ -81.703786, 33.773737 ], [ -81.715534, 33.764527 ], [ -81.778367, 33.715269 ], [ -81.794315, 33.702766 ], [ -81.818793, 33.683578 ], [ -81.877542, 33.637522 ], [ -81.891614, 33.626488 ], [ -81.923105, 33.601852 ], [ -81.933503, 33.593723 ], [ -81.940518, 33.588243 ], [ -81.943227, 33.58613 ], [ -81.948742, 33.58183 ], [ -81.955399, 33.57664 ], [ -81.958433, 33.574266 ], [ -81.972962, 33.562927 ], [ -81.974511, 33.561716 ], [ -81.981093, 33.556585 ], [ -81.988413, 33.550848 ], [ -81.996872, 33.544322 ], [ -81.997508, 33.543773 ], [ -82.002929, 33.539529 ], [ -82.010911, 33.533266 ], [ -82.0124736, 33.532107 ], [ -82.011538, 33.531735 ] ] ] ] } },
{ "type": "Feature", "properties": { "STATEFP": "45", "COUNTYFP": "091", "COUNTYNS": "01248019", "GEOIDFQ": "0500000US45091", "GEOID": "45091", "NAME": "York", "NAMELSAD": "York County", "STUSPS": "SC", "STATE_NAME": "South Carolina", "LSAD": "06", "ALAND": 1763872776.0, "AWATER": 39009230.0, "STATE_NAME_HYPHEN": "South-Carolina" }, "geometry": { "type": "MultiPolygon", "coordinates": [ [ [ [ -81.492121, 34.945581 ], [ -81.490363, 34.942175 ], [ -81.488225, 34.940209 ], [ -81.48434, 34.938632 ], [ -81.479812, 34.937863 ], [ -81.477094, 34.937534 ], [ -81.474172, 34.936468 ], [ -81.473642, 34.935002 ], [ -81.474016, 34.932787 ], [ -81.476059, 34.930062 ], [ -81.477253, 34.926478 ], [ -81.477287, 34.924507 ], [ -81.476608, 34.922758 ], [ -81.473629, 34.920659 ], [ -81.472043, 34.919013 ], [ -81.470311, 34.915105 ], [ -81.470974, 34.912316 ], [ -81.47367, 34.910758 ], [ -81.475624, 34.908001 ], [ -81.476847, 34.904191 ], [ -81.478146, 34.901434 ], [ -81.478796, 34.898383 ], [ -81.477693, 34.896047 ], [ -81.474035, 34.893298 ], [ -81.47293, 34.891915 ], [ -81.472497, 34.89023 ], [ -81.472696, 34.888137 ], [ -81.472152, 34.884748 ], [ -81.472018, 34.881341 ], [ -81.470919, 34.876914 ], [ -81.471413, 34.875134 ], [ -81.470215, 34.869486 ], [ -81.468796, 34.865653 ], [ -81.466146, 34.862477 ], [ -81.465003, 34.860273 ], [ -81.463063, 34.854969 ], [ -81.462737, 34.85359 ], [ -81.460396, 34.851535 ], [ -81.456774, 34.850285 ], [ -81.454363, 34.848586 ], [ -81.453309, 34.846358 ], [ -81.457257, 34.83928 ], [ -81.458281, 34.835994 ], [ -81.459897, 34.834046 ], [ -81.461755, 34.831018 ], [ -81.463623, 34.829587 ], [ -81.466132, 34.828448 ], [ -81.470165, 34.827547 ], [ -81.472719, 34.825181 ], [ -81.478454, 34.821509 ], [ -81.372888, 34.822203 ], [ -81.359701, 34.822185 ], [ -81.324517, 34.822293 ], [ -81.219504, 34.821295 ], [ -81.178326, 34.820906 ], [ -81.141099, 34.820573 ], [ -81.105375, 34.820505 ], [ -81.061877, 34.820864 ], [ -81.061786, 34.820864 ], [ -81.034557, 34.821012 ], [ -81.03294, 34.821022 ], [ -80.97441, 34.821096 ], [ -80.9369, 34.820872 ], [ -80.898858, 34.820718 ], [ -80.898215, 34.820746 ], [ -80.898942, 34.823734 ], [ -80.898596, 34.826144 ], [ -80.896802, 34.828411 ], [ -80.893917, 34.830149 ], [ -80.887962, 34.831349 ], [ -80.882758, 34.833382 ], [ -80.877702, 34.836581 ], [ -80.874504, 34.838044 ], [ -80.871922, 34.840641 ], [ -80.870798, 34.843155 ], [ -80.870139, 34.844251 ], [ -80.866571, 34.848766 ], [ -80.867558, 34.853912 ], [ -80.868502, 34.855338 ], [ -80.870444, 34.856805 ], [ -80.876714, 34.860199 ], [ -80.879225, 34.863397 ], [ -80.879623, 34.865326 ], [ -80.879625, 34.869884 ], [ -80.880086, 34.871524 ], [ -80.879788, 34.877652 ], [ -80.878812, 34.881207 ], [ -80.878247, 34.885236 ], [ -80.878049, 34.891766 ], [ -80.879041, 34.897962 ], [ -80.878858, 34.901044 ], [ -80.878262, 34.902951 ], [ -80.876508, 34.905026 ], [ -80.870933, 34.908365 ], [ -80.868731, 34.911007 ], [ -80.867302, 34.913391 ], [ -80.86515, 34.921997 ], [ -80.865355, 34.925707 ], [ -80.869141, 34.931886 ], [ -80.870317, 34.934499 ], [ -80.870109, 34.935832 ], [ -80.867667, 34.93967 ], [ -80.868214, 34.941227 ], [ -80.869933, 34.947035 ], [ -80.869804, 34.949024 ], [ -80.869642, 34.949447 ], [ -80.86859, 34.950711 ], [ -80.869269, 34.952002 ], [ -80.872837, 34.954597 ], [ -80.873883, 34.956698 ], [ -80.872693, 34.960327 ], [ -80.872632, 34.961749 ], [ -80.874218, 34.965325 ], [ -80.875678, 34.965018 ], [ -80.877577, 34.963518 ], [ -80.879842, 34.962515 ], [ -80.880612, 34.965588 ], [ -80.882011, 34.966733 ], [ -80.882453, 34.965107 ], [ -80.884291, 34.965772 ], [ -80.884237, 34.968285 ], [ -80.882413, 34.97084 ], [ -80.883174, 34.971935 ], [ -80.883889, 34.973113 ], [ -80.884421, 34.975716 ], [ -80.885896, 34.976702 ], [ -80.885942, 34.978852 ], [ -80.88654, 34.980952 ], [ -80.888001, 34.98345 ], [ -80.887553, 34.984311 ], [ -80.888774, 34.984643 ], [ -80.888624, 34.98734 ], [ -80.888011, 34.988105 ], [ -80.885836, 34.988448 ], [ -80.885658, 34.991254 ], [ -80.886878, 34.991902 ], [ -80.888875, 34.991805 ], [ -80.89188, 34.990555 ], [ -80.894151, 34.993563 ], [ -80.894081, 34.994949 ], [ -80.893126, 34.996771 ], [ -80.893281, 34.998156 ], [ -80.89524, 35.000476 ], [ -80.902296, 35.005742 ], [ -80.901307, 35.007495 ], [ -80.899525, 35.007731 ], [ -80.900389, 35.010028 ], [ -80.899312, 35.011526 ], [ -80.897812, 35.01258 ], [ -80.89695, 35.013335 ], [ -80.898971, 35.014441 ], [ -80.901514, 35.01278 ], [ -80.904091, 35.011066 ], [ -80.906885, 35.013018 ], [ -80.909535, 35.016871 ], [ -80.909447, 35.017738 ], [ -80.907686, 35.019129 ], [ -80.906546, 35.018524 ], [ -80.904503, 35.019115 ], [ -80.90358, 35.018688 ], [ -80.902964, 35.019701 ], [ -80.903455, 35.021138 ], [ -80.900968, 35.02502 ], [ -80.900339, 35.027226 ], [ -80.89869, 35.029459 ], [ -80.898681, 35.03074 ], [ -80.897446, 35.033096 ], [ -80.897478, 35.035709 ], [ -80.898335, 35.036507 ], [ -80.898137, 35.039187 ], [ -80.900228, 35.041016 ], [ -80.903025, 35.045779 ], [ -80.905885, 35.046783 ], [ -80.90512, 35.048662 ], [ -80.903388, 35.050512 ], [ -80.902538, 35.052501 ], [ -80.904778, 35.053988 ], [ -80.903068, 35.05552 ], [ -80.901644, 35.05609 ], [ -80.900537, 35.057396 ], [ -80.899497, 35.060102 ], [ -80.90099, 35.062145 ], [ -80.903217, 35.062933 ], [ -80.903435, 35.064859 ], [ -80.905958, 35.063735 ], [ -80.907084, 35.066052 ], [ -80.906264, 35.068084 ], [ -80.90734, 35.069799 ], [ -80.906007, 35.072027 ], [ -80.906376, 35.076248 ], [ -80.9062325, 35.0764191 ], [ -80.9064452, 35.0766473 ], [ -80.906553, 35.076763 ], [ -80.9184205, 35.0895704 ], [ -80.9201233, 35.0914081 ], [ -80.9310643, 35.1032156 ], [ -80.93495, 35.107409 ], [ -80.9470999, 35.0995794 ], [ -80.9576311, 35.092793 ], [ -80.95787, 35.092639 ], [ -80.9721815, 35.0844348 ], [ -80.978361, 35.0808923 ], [ -80.98416, 35.077568 ], [ -80.9890358, 35.0747729 ], [ -80.9891721, 35.0746947 ], [ -81.0130727, 35.0609932 ], [ -81.0162428, 35.0591759 ], [ -81.0189601, 35.0576182 ], [ -81.041489, 35.044703 ], [ -81.0414968, 35.0447126 ], [ -81.050018, 35.055246 ], [ -81.055695, 35.060121 ], [ -81.0574202, 35.0621634 ], [ -81.057648, 35.062433 ], [ -81.0578117, 35.0670557 ], [ -81.058029, 35.07319 ], [ -81.0576817, 35.0788561 ], [ -81.057236, 35.086129 ], [ -81.0567127, 35.0871585 ], [ -81.052078, 35.096276 ], [ -81.050079, 35.098817 ], [ -81.046524, 35.100617 ], [ -81.0401844, 35.1019493 ], [ -81.0401702, 35.1019523 ], [ -81.037369, 35.102541 ], [ -81.034958, 35.104105 ], [ -81.032806, 35.108049 ], [ -81.032471, 35.110033 ], [ -81.033005, 35.113747 ], [ -81.036759, 35.122552 ], [ -81.038968, 35.126299 ], [ -81.05042, 35.131048 ], [ -81.051037, 35.131654 ], [ -81.051204, 35.133237 ], [ -81.047826, 35.143743 ], [ -81.047091, 35.145157 ], [ -81.044391, 35.147918 ], [ -81.043407, 35.14839 ], [ -81.04287, 35.149248 ], [ -81.043625, 35.149877 ], [ -81.0463456, 35.1500526 ], [ -81.056208, 35.150689 ], [ -81.0567617, 35.1507247 ], [ -81.0586939, 35.1508494 ], [ -81.077253, 35.152047 ], [ -81.0927844, 35.1530494 ], [ -81.0930279, 35.1530651 ], [ -81.109295, 35.154115 ], [ -81.11084, 35.154185 ], [ -81.114516, 35.1543505 ], [ -81.1298082, 35.1550389 ], [ -81.138207, 35.155417 ], [ -81.1639223, 35.156575499999988 ], [ -81.1805586, 35.157325 ], [ -81.1807226, 35.1573324 ], [ -81.1990319, 35.1581572 ], [ -81.2098153, 35.1586431 ], [ -81.214945899999989, 35.1588742 ], [ -81.239358, 35.159974 ], [ -81.241686, 35.160081 ], [ -81.2665313, 35.1610376 ], [ -81.26751920000001, 35.1610756 ], [ -81.2690284, 35.1611337 ], [ -81.2691991, 35.1611403 ], [ -81.26944610000001, 35.1611498 ], [ -81.290672, 35.161967 ], [ -81.3280394, 35.1634053 ], [ -81.366599800000017, 35.1648895 ], [ -81.388172, 35.148075 ], [ -81.402521, 35.136886 ], [ -81.404656, 35.10632 ], [ -81.407148, 35.072473 ], [ -81.408684, 35.048751 ], [ -81.408816, 35.047077 ], [ -81.41354, 35.047163 ], [ -81.414878, 35.047187 ], [ -81.471316, 35.048098 ], [ -81.472346, 35.046655 ], [ -81.471983, 35.045098 ], [ -81.472651, 35.043654 ], [ -81.476123, 35.04317 ], [ -81.478722, 35.042118 ], [ -81.477607, 35.040675 ], [ -81.480586, 35.039047 ], [ -81.4822, 35.036916 ], [ -81.487016, 35.034853 ], [ -81.487125, 35.031028 ], [ -81.488434, 35.029516 ], [ -81.488286, 35.026868 ], [ -81.487561, 35.025964 ], [ -81.485703, 35.019939 ], [ -81.484529, 35.016795 ], [ -81.484599, 35.014706 ], [ -81.483465, 35.011214 ], [ -81.481459, 35.008737 ], [ -81.48057, 35.005906 ], [ -81.481138, 35.004487 ], [ -81.482744, 35.003013 ], [ -81.484733, 35.000131 ], [ -81.48479, 34.997258 ], [ -81.483999, 34.99383 ], [ -81.477734, 34.986081 ], [ -81.47624, 34.983973 ], [ -81.475875, 34.98232 ], [ -81.476448, 34.98058 ], [ -81.478199, 34.977849 ], [ -81.479993, 34.972024 ], [ -81.480948, 34.970323 ], [ -81.48365, 34.968071 ], [ -81.486152, 34.965109 ], [ -81.487033, 34.962714 ], [ -81.487088, 34.959766 ], [ -81.487926, 34.955651 ], [ -81.491397, 34.950462 ], [ -81.492385, 34.946774 ], [ -81.492121, 34.945581 ] ] ] ] } },
{ "type": "Feature", "properties": { "STATEFP": "45", "COUNTYFP": "077", "COUNTYNS": "01248015", "GEOIDFQ": "0500000US45077", "GEOID": "45077", "NAME": "Pickens", "NAMELSAD": "Pickens County", "STUSPS": "SC", "STATE_NAME": "South Carolina", "LSAD": "06", "ALAND": 1287059828.0, "AWATER": 40968091.0, "STATE_NAME_HYPHEN": "South-Carolina" }, "geometry": { "type": "MultiPolygon", "coordinates": [ [ [ [ -82.84395, 34.619544 ], [ -82.841971, 34.621463 ], [ -82.842954, 34.62101 ], [ -82.844222, 34.619777 ], [ -82.84395, 34.619544 ] ] ], [ [ [ -82.867034, 34.617247 ], [ -82.864766, 34.613038 ], [ -82.863106, 34.613894 ], [ -82.859793, 34.612143 ], [ -82.861949, 34.611215 ], [ -82.857782, 34.60883 ], [ -82.856974, 34.610612 ], [ -82.85546, 34.609075 ], [ -82.854415, 34.609718 ], [ -82.845093, 34.618518 ], [ -82.849405, 34.618323 ], [ -82.85086, 34.617799 ], [ -82.851292, 34.618745 ], [ -82.852815, 34.618722 ], [ -82.852891, 34.614782 ], [ -82.856821, 34.618953 ], [ -82.858302, 34.618003 ], [ -82.859856, 34.618443 ], [ -82.858574, 34.61988 ], [ -82.859107, 34.621527 ], [ -82.862187, 34.619522 ], [ -82.86029, 34.618725 ], [ -82.861688, 34.616698 ], [ -82.864737, 34.618519 ], [ -82.864934, 34.616961 ], [ -82.867034, 34.617247 ] ] ], [ [ [ -82.943597, 34.987532 ], [ -82.941902, 34.985954 ], [ -82.937957, 34.985968 ], [ -82.937228, 34.985562 ], [ -82.938508, 34.982321 ], [ -82.938639, 34.980912 ], [ -82.93678, 34.978122 ], [ -82.934079, 34.976593 ], [ -82.929633, 34.976966 ], [ -82.924599, 34.974531 ], [ -82.918039, 34.973286 ], [ -82.91589, 34.972396 ], [ -82.916295, 34.970691 ], [ -82.918485, 34.9676 ], [ -82.918603, 34.964818 ], [ -82.919679, 34.962054 ], [ -82.919157, 34.95989 ], [ -82.916938, 34.958624 ], [ -82.910711, 34.955923 ], [ -82.908799, 34.954388 ], [ -82.909156, 34.952813 ], [ -82.911328, 34.950976 ], [ -82.915099, 34.948991 ], [ -82.915735, 34.947141 ], [ -82.913602, 34.945775 ], [ -82.91135, 34.942185 ], [ -82.909259, 34.94037 ], [ -82.905217, 34.937859 ], [ -82.903975, 34.936726 ], [ -82.903309, 34.935044 ], [ -82.906444, 34.932138 ], [ -82.906626, 34.93021 ], [ -82.904331, 34.927872 ], [ -82.903927, 34.926169 ], [ -82.906299, 34.922962 ], [ -82.908937, 34.921255 ], [ -82.908382, 34.918895 ], [ -82.904845, 34.916544 ], [ -82.902258, 34.915439 ], [ -82.901449, 34.914628 ], [ -82.905383, 34.910399 ], [ -82.906183, 34.906452 ], [ -82.905162, 34.905079 ], [ -82.903505, 34.904415 ], [ -82.900315, 34.902363 ], [ -82.900234, 34.901583 ], [ -82.902267, 34.899528 ], [ -82.902846, 34.897856 ], [ -82.900988, 34.896714 ], [ -82.900963, 34.895362 ], [ -82.903096, 34.895136 ], [ -82.906177, 34.895769 ], [ -82.9081, 34.895777 ], [ -82.909288, 34.894684 ], [ -82.907904, 34.890286 ], [ -82.90653, 34.888998 ], [ -82.906672, 34.886273 ], [ -82.905752, 34.878661 ], [ -82.904733, 34.873865 ], [ -82.904689, 34.868405 ], [ -82.903576, 34.866411 ], [ -82.902137, 34.864969 ], [ -82.904678, 34.859627 ], [ -82.904529, 34.85899 ], [ -82.901198, 34.857007 ], [ -82.900508, 34.855063 ], [ -82.89996, 34.853352 ], [ -82.901044, 34.849921 ], [ -82.901156, 34.84906 ], [ -82.901274, 34.846784 ], [ -82.900253, 34.843391 ], [ -82.899145, 34.841227 ], [ -82.897847, 34.839833 ], [ -82.896081, 34.836933 ], [ -82.897947, 34.834969 ], [ -82.898101, 34.83331 ], [ -82.899192, 34.831944 ], [ -82.898789, 34.828877 ], [ -82.897422, 34.826477 ], [ -82.897758, 34.824723 ], [ -82.900303, 34.824047 ], [ -82.90113, 34.823223 ], [ -82.900239, 34.82089 ], [ -82.898422, 34.818177 ], [ -82.89595, 34.815599 ], [ -82.895835, 34.814097 ], [ -82.896543, 34.810273 ], [ -82.897154, 34.805236 ], [ -82.896614, 34.802949 ], [ -82.895661, 34.802486 ], [ -82.892839, 34.804645 ], [ -82.891829, 34.80605 ], [ -82.88926, 34.807575 ], [ -82.888106, 34.807705 ], [ -82.887433, 34.806525 ], [ -82.88699, 34.803642 ], [ -82.88732, 34.801291 ], [ -82.888651, 34.799528 ], [ -82.888526, 34.79727 ], [ -82.887244, 34.795228 ], [ -82.885138, 34.79374 ], [ -82.883494, 34.791795 ], [ -82.882642, 34.790401 ], [ -82.880543, 34.790143 ], [ -82.879782, 34.790715 ], [ -82.874877, 34.7912 ], [ -82.87332, 34.790461 ], [ -82.873015, 34.79 ], [ -82.875436, 34.788004 ], [ -82.878947, 34.788578 ], [ -82.880929, 34.786933 ], [ -82.881945, 34.784558 ], [ -82.880342, 34.781676 ], [ -82.880964, 34.780694 ], [ -82.883053, 34.779334 ], [ -82.88727, 34.77531 ], [ -82.887055, 34.772784 ], [ -82.888243, 34.771279 ], [ -82.887078, 34.768694 ], [ -82.891034, 34.766628 ], [ -82.892352, 34.766504 ], [ -82.893232, 34.765408 ], [ -82.893265, 34.762947 ], [ -82.891741, 34.763353 ], [ -82.889968, 34.762992 ], [ -82.889024, 34.760767 ], [ -82.890893, 34.758485 ], [ -82.892079, 34.756209 ], [ -82.894101, 34.754492 ], [ -82.894896, 34.751239 ], [ -82.894027, 34.748387 ], [ -82.894602, 34.746762 ], [ -82.895807, 34.745405 ], [ -82.898124, 34.74435 ], [ -82.900284, 34.742388 ], [ -82.900212, 34.741074 ], [ -82.898186, 34.73931 ], [ -82.896378, 34.736643 ], [ -82.894626, 34.736132 ], [ -82.890659, 34.735757 ], [ -82.886614, 34.735788 ], [ -82.880981, 34.737531 ], [ -82.879308, 34.737651 ], [ -82.874082, 34.736932 ], [ -82.872956, 34.736605 ], [ -82.871123, 34.734023 ], [ -82.868479, 34.731066 ], [ -82.866378, 34.731139 ], [ -82.863324, 34.73218 ], [ -82.860295, 34.731444 ], [ -82.858106, 34.729267 ], [ -82.855588, 34.72527 ], [ -82.855661, 34.720843 ], [ -82.858996, 34.716974 ], [ -82.856376, 34.716032 ], [ -82.856993, 34.713196 ], [ -82.859736, 34.711357 ], [ -82.86003, 34.710569 ], [ -82.859283, 34.708094 ], [ -82.860042, 34.706089 ], [ -82.862459, 34.705428 ], [ -82.864967, 34.703838 ], [ -82.865584, 34.702191 ], [ -82.859923, 34.697993 ], [ -82.856713, 34.698026 ], [ -82.850244, 34.696445 ], [ -82.849434, 34.695916 ], [ -82.850735, 34.692848 ], [ -82.850781, 34.692769 ], [ -82.853777, 34.68994 ], [ -82.853277, 34.684532 ], [ -82.848551, 34.683144 ], [ -82.849125, 34.682347 ], [ -82.85347, 34.679689 ], [ -82.855531, 34.678401 ], [ -82.853605, 34.677781 ], [ -82.851237, 34.668525 ], [ -82.847946, 34.667029 ], [ -82.844496, 34.666869 ], [ -82.84399, 34.665315 ], [ -82.845104, 34.664067 ], [ -82.844081, 34.662376 ], [ -82.842159, 34.661837 ], [ -82.836107, 34.662422 ], [ -82.840026, 34.660293 ], [ -82.836073, 34.658829 ], [ -82.832366, 34.660008 ], [ -82.835566, 34.657423 ], [ -82.836925, 34.657926 ], [ -82.838945, 34.657201 ], [ -82.837726, 34.655089 ], [ -82.840855, 34.65681 ], [ -82.842419, 34.655462 ], [ -82.839989, 34.655723 ], [ -82.839386, 34.654711 ], [ -82.840097, 34.652512 ], [ -82.83677, 34.651196 ], [ -82.8337, 34.652238 ], [ -82.832867, 34.653094 ], [ -82.834562, 34.654347 ], [ -82.832539, 34.654019 ], [ -82.830845, 34.656814 ], [ -82.830042, 34.657146 ], [ -82.830412, 34.654331 ], [ -82.828145, 34.655279 ], [ -82.828521, 34.654223 ], [ -82.82288, 34.654503 ], [ -82.824274, 34.65288 ], [ -82.825018, 34.653878 ], [ -82.828227, 34.653461 ], [ -82.829395, 34.652635 ], [ -82.828711, 34.65113 ], [ -82.830339, 34.651881 ], [ -82.831029, 34.651285 ], [ -82.827787, 34.648844 ], [ -82.83181, 34.650297 ], [ -82.833158, 34.649321 ], [ -82.832623, 34.647056 ], [ -82.836003, 34.648469 ], [ -82.8376, 34.646761 ], [ -82.832496, 34.64375 ], [ -82.835837, 34.643999 ], [ -82.839614, 34.64508 ], [ -82.83884, 34.64344 ], [ -82.836325, 34.643265 ], [ -82.83644, 34.642243 ], [ -82.838634, 34.642264 ], [ -82.83758, 34.641185 ], [ -82.83731, 34.639301 ], [ -82.835194, 34.639645 ], [ -82.833216, 34.641357 ], [ -82.830757, 34.641491 ], [ -82.827446, 34.642351 ], [ -82.8325, 34.639418 ], [ -82.831783, 34.638605 ], [ -82.833407, 34.637813 ], [ -82.833488, 34.636717 ], [ -82.834862, 34.637453 ], [ -82.835539, 34.635639 ], [ -82.83476, 34.634376 ], [ -82.836621, 34.632666 ], [ -82.83669, 34.636567 ], [ -82.838171, 34.637252 ], [ -82.842503, 34.636283 ], [ -82.842618, 34.634912 ], [ -82.844079, 34.633777 ], [ -82.847954, 34.637065 ], [ -82.849491, 34.636199 ], [ -82.85013, 34.633315 ], [ -82.851627, 34.632344 ], [ -82.852167, 34.633881 ], [ -82.853897, 34.63336 ], [ -82.852689, 34.632408 ], [ -82.85309, 34.630685 ], [ -82.854894, 34.630383 ], [ -82.856654, 34.632293 ], [ -82.856898, 34.630733 ], [ -82.855122, 34.630168 ], [ -82.852088, 34.630399 ], [ -82.85265, 34.628156 ], [ -82.853568, 34.628551 ], [ -82.853864, 34.626996 ], [ -82.855306, 34.626193 ], [ -82.854029, 34.625486 ], [ -82.854715, 34.624159 ], [ -82.853241, 34.624603 ], [ -82.851049, 34.62646 ], [ -82.85137, 34.623991 ], [ -82.850143, 34.622898 ], [ -82.85328, 34.621953 ], [ -82.852152, 34.621266 ], [ -82.850234, 34.621555 ], [ -82.846593, 34.625893 ], [ -82.847676, 34.620901 ], [ -82.847118, 34.620248 ], [ -82.840009, 34.623311 ], [ -82.832767, 34.63015 ], [ -82.809283, 34.652297 ], [ -82.805456, 34.655907 ], [ -82.801574, 34.659567 ], [ -82.800442, 34.660633 ], [ -82.800277, 34.660788 ], [ -82.797815, 34.663096 ], [ -82.796444, 34.664397 ], [ -82.795298, 34.665477 ], [ -82.795134, 34.665631 ], [ -82.789888, 34.670579 ], [ -82.787568, 34.672734 ], [ -82.781677, 34.675631 ], [ -82.781628, 34.675655 ], [ -82.744237, 34.693917 ], [ -82.723061, 34.704243 ], [ -82.675643, 34.72732 ], [ -82.673761, 34.728235 ], [ -82.635427, 34.746864 ], [ -82.630591, 34.749214 ], [ -82.576155, 34.775669 ], [ -82.554825, 34.786035 ], [ -82.546567, 34.790048 ], [ -82.545341, 34.790645 ], [ -82.544255, 34.791172 ], [ -82.544013, 34.79129 ], [ -82.54377, 34.791405 ], [ -82.53826, 34.794085 ], [ -82.534071, 34.796122 ], [ -82.53001, 34.798095 ], [ -82.528411, 34.798872 ], [ -82.512549, 34.80658 ], [ -82.490183, 34.817438 ], [ -82.487034, 34.819004 ], [ -82.485408, 34.821586 ], [ -82.482808, 34.823685 ], [ -82.481425, 34.823658 ], [ -82.48053, 34.824014 ], [ -82.478581, 34.824545 ], [ -82.476366, 34.827934 ], [ -82.480549, 34.830268 ], [ -82.483016, 34.83042 ], [ -82.485611, 34.829607 ], [ -82.486993, 34.830569 ], [ -82.487193, 34.831983 ], [ -82.487079, 34.832139 ], [ -82.486329, 34.833286 ], [ -82.487544, 34.834941 ], [ -82.486734, 34.836804 ], [ -82.480567, 34.839644 ], [ -82.480313, 34.840546 ], [ -82.480773, 34.84253 ], [ -82.483349, 34.842581 ], [ -82.484079, 34.840297 ], [ -82.48693, 34.839857 ], [ -82.489146, 34.841123 ], [ -82.487985, 34.842636 ], [ -82.484659, 34.844364 ], [ -82.485604, 34.848121 ], [ -82.484985, 34.850992 ], [ -82.484631, 34.851678 ], [ -82.484951, 34.854294 ], [ -82.483001, 34.857942 ], [ -82.483685, 34.859267 ], [ -82.484808, 34.860052 ], [ -82.488013, 34.860354 ], [ -82.489028, 34.861408 ], [ -82.487315, 34.863808 ], [ -82.487059, 34.866384 ], [ -82.488189, 34.867384 ], [ -82.488386, 34.869548 ], [ -82.487094, 34.870856 ], [ -82.487438, 34.874756 ], [ -82.487944, 34.875807 ], [ -82.490529, 34.876964 ], [ -82.491539, 34.878384 ], [ -82.489183, 34.88299 ], [ -82.487659, 34.885057 ], [ -82.487738, 34.885797 ], [ -82.489069, 34.886351 ], [ -82.493369, 34.885957 ], [ -82.495148, 34.886335 ], [ -82.496476, 34.887616 ], [ -82.496295, 34.888992 ], [ -82.497388, 34.89134 ], [ -82.496265, 34.892419 ], [ -82.494254, 34.893141 ], [ -82.493822, 34.895736 ], [ -82.494847, 34.897204 ], [ -82.498553, 34.898809 ], [ -82.500349, 34.90093 ], [ -82.501089, 34.902536 ], [ -82.502794, 34.9037 ], [ -82.503214, 34.905602 ], [ -82.503011, 34.907629 ], [ -82.501028, 34.910381 ], [ -82.504619, 34.911054 ], [ -82.507545, 34.912772 ], [ -82.508964, 34.911478 ], [ -82.510497, 34.912668 ], [ -82.509898, 34.914182 ], [ -82.510913, 34.917981 ], [ -82.514214, 34.91914 ], [ -82.517403, 34.919206 ], [ -82.518156, 34.920411 ], [ -82.518192, 34.921018 ], [ -82.515853, 34.926008 ], [ -82.519344, 34.925308 ], [ -82.521097, 34.927356 ], [ -82.51755, 34.933958 ], [ -82.517595, 34.934951 ], [ -82.519709, 34.935444 ], [ -82.524922, 34.93917 ], [ -82.525434, 34.939513 ], [ -82.52593, 34.943315 ], [ -82.520604, 34.94262 ], [ -82.518988, 34.944012 ], [ -82.521618, 34.944514 ], [ -82.524609, 34.946751 ], [ -82.523674, 34.952084 ], [ -82.525761, 34.952346 ], [ -82.527136, 34.953901 ], [ -82.528534, 34.953921 ], [ -82.528089, 34.957288 ], [ -82.526747, 34.96022 ], [ -82.52695, 34.961089 ], [ -82.530313, 34.96248 ], [ -82.529963, 34.963916 ], [ -82.528827, 34.963497 ], [ -82.527673, 34.964673 ], [ -82.52744, 34.965935 ], [ -82.529529, 34.966785 ], [ -82.532859, 34.966383 ], [ -82.53314, 34.97065 ], [ -82.532377, 34.972246 ], [ -82.53424, 34.973416 ], [ -82.535773, 34.972811 ], [ -82.536279, 34.971825 ], [ -82.537573, 34.972095 ], [ -82.538633, 34.973629 ], [ -82.542746, 34.976905 ], [ -82.543702, 34.976917 ], [ -82.544451, 34.974636 ], [ -82.548056, 34.978723 ], [ -82.547415, 34.979566 ], [ -82.544861, 34.979692 ], [ -82.541215, 34.98235 ], [ -82.54054, 34.984759 ], [ -82.539658, 34.984296 ], [ -82.54012, 34.982251 ], [ -82.538495, 34.981885 ], [ -82.537263, 34.982889 ], [ -82.535763, 34.982708 ], [ -82.534138, 34.983761 ], [ -82.533961, 34.986945 ], [ -82.534693, 34.987738 ], [ -82.536024, 34.991109 ], [ -82.537308, 34.991433 ], [ -82.536851, 34.994139 ], [ -82.538353, 34.997893 ], [ -82.539629, 34.998647 ], [ -82.540618, 35.000271 ], [ -82.542333, 35.001129 ], [ -82.543159, 35.004564 ], [ -82.541964, 35.006573 ], [ -82.540302, 35.008394 ], [ -82.538341, 35.009318 ], [ -82.539352, 35.010005 ], [ -82.53785, 35.013206 ], [ -82.537858, 35.015471 ], [ -82.539453, 35.015922 ], [ -82.542151, 35.014824 ], [ -82.546459, 35.014509 ], [ -82.548634, 35.015042 ], [ -82.555472, 35.014489 ], [ -82.556352, 35.015034 ], [ -82.559886, 35.013838 ], [ -82.55971, 35.012784 ], [ -82.560985, 35.012925 ], [ -82.563132, 35.012196 ], [ -82.564241, 35.010937 ], [ -82.565721, 35.011906 ], [ -82.568848, 35.011692 ], [ -82.570627, 35.012316 ], [ -82.573422, 35.012516 ], [ -82.574097, 35.013325 ], [ -82.576641, 35.011213 ], [ -82.577518, 35.009449 ], [ -82.579644, 35.009431 ], [ -82.581477, 35.008402 ], [ -82.583894, 35.009073 ], [ -82.584518, 35.008662 ], [ -82.589651, 35.008037 ], [ -82.592592, 35.008326 ], [ -82.593937, 35.007887 ], [ -82.595552, 35.010136 ], [ -82.595903, 35.012822 ], [ -82.594331, 35.014755 ], [ -82.594428, 35.016039 ], [ -82.591303, 35.017506 ], [ -82.5908, 35.018982 ], [ -82.588344, 35.021026 ], [ -82.591472, 35.022182 ], [ -82.589697, 35.022945 ], [ -82.589849, 35.025282 ], [ -82.592403, 35.026766 ], [ -82.592265, 35.027688 ], [ -82.589716, 35.028347 ], [ -82.589292, 35.030569 ], [ -82.586591, 35.031428 ], [ -82.585721, 35.0324 ], [ -82.587843, 35.033957 ], [ -82.58881, 35.035362 ], [ -82.587102, 35.036208 ], [ -82.588151, 35.038813 ], [ -82.589938, 35.039188 ], [ -82.589681, 35.040565 ], [ -82.590594, 35.0414 ], [ -82.589512, 35.042354 ], [ -82.590272, 35.044186 ], [ -82.592724, 35.042002 ], [ -82.595836, 35.040874 ], [ -82.598215, 35.038505 ], [ -82.597854, 35.040017 ], [ -82.598881, 35.040724 ], [ -82.59806, 35.04615 ], [ -82.596103, 35.047267 ], [ -82.595753, 35.049253 ], [ -82.597069, 35.051449 ], [ -82.597721, 35.05429 ], [ -82.594116, 35.058545 ], [ -82.595155, 35.060007 ], [ -82.592454, 35.059976 ], [ -82.593014, 35.060743 ], [ -82.592384, 35.062805 ], [ -82.590483, 35.063689 ], [ -82.587761, 35.062929 ], [ -82.585104, 35.064372 ], [ -82.582805, 35.064632 ], [ -82.579309, 35.06396 ], [ -82.579378, 35.065276 ], [ -82.576538, 35.065355 ], [ -82.575206, 35.0642 ], [ -82.574264, 35.064595 ], [ -82.571948, 35.067494 ], [ -82.570355, 35.070338 ], [ -82.572946, 35.072262 ], [ -82.571589, 35.07463 ], [ -82.575751, 35.07379 ], [ -82.582468, 35.074011 ], [ -82.584797, 35.073638 ], [ -82.589717, 35.073782 ], [ -82.593615, 35.072361 ], [ -82.595116, 35.072786 ], [ -82.598748, 35.072406 ], [ -82.603878, 35.071331 ], [ -82.606638, 35.070364 ], [ -82.609437, 35.072336 ], [ -82.61138, 35.072269 ], [ -82.611857, 35.069304 ], [ -82.613234, 35.067409 ], [ -82.617577, 35.067024 ], [ -82.619359, 35.06739 ], [ -82.622118, 35.066607 ], [ -82.625615, 35.064715 ], [ -82.627869, 35.065501 ], [ -82.629171, 35.064166 ], [ -82.635349, 35.064486 ], [ -82.637212, 35.064257 ], [ -82.640266, 35.060812 ], [ -82.641422, 35.060148 ], [ -82.644877, 35.061043 ], [ -82.648747, 35.060253 ], [ -82.650593, 35.060829 ], [ -82.650075, 35.062929 ], [ -82.653772, 35.063616 ], [ -82.655574, 35.061752 ], [ -82.656333, 35.062319 ], [ -82.657149, 35.065974 ], [ -82.659598, 35.067058 ], [ -82.659486, 35.065912 ], [ -82.662658, 35.065756 ], [ -82.661733, 35.064622 ], [ -82.665557, 35.064972 ], [ -82.667009, 35.06356 ], [ -82.669236, 35.062425 ], [ -82.670968, 35.062426 ], [ -82.675065, 35.064935 ], [ -82.676662, 35.064745 ], [ -82.681978, 35.061821 ], [ -82.686232, 35.062721 ], [ -82.689199, 35.062934 ], [ -82.69557, 35.062459 ], [ -82.700567, 35.061282 ], [ -82.703054, 35.061697 ], [ -82.704106, 35.060896 ], [ -82.708208, 35.062131 ], [ -82.709526, 35.060414 ], [ -82.712556, 35.060516 ], [ -82.714951, 35.058957 ], [ -82.716019, 35.054528 ], [ -82.717023, 35.053815 ], [ -82.719106, 35.052752 ], [ -82.723127, 35.053001 ], [ -82.724514, 35.055265 ], [ -82.729364, 35.054919 ], [ -82.728502, 35.052786 ], [ -82.730618, 35.051244 ], [ -82.736265, 35.051629 ], [ -82.738428, 35.048677 ], [ -82.737907, 35.047153 ], [ -82.743174, 35.047305 ], [ -82.745929, 35.048337 ], [ -82.74971, 35.047603 ], [ -82.751264, 35.049974 ], [ -82.753445, 35.051241 ], [ -82.7543, 35.052494 ], [ -82.755819, 35.052959 ], [ -82.756201, 35.054081 ], [ -82.758158, 35.055013 ], [ -82.757997, 35.055731 ], [ -82.759938, 35.057743 ], [ -82.760699, 35.061213 ], [ -82.762922, 35.06328 ], [ -82.763008, 35.064931 ], [ -82.7641, 35.0681685 ], [ -82.764464, 35.068177 ], [ -82.770046, 35.065476 ], [ -82.7748844, 35.0645961 ], [ -82.777376, 35.064143 ], [ -82.781973, 35.066817 ], [ -82.780546, 35.069043 ], [ -82.779928, 35.070435 ], [ -82.779928, 35.072206 ], [ -82.779116, 35.073674 ], [ -82.7776474, 35.0764332 ], [ -82.777407, 35.076885 ], [ -82.776357, 35.081349 ], [ -82.778651, 35.083575 ], [ -82.781062, 35.084492 ], [ -82.78113, 35.084585 ], [ -82.783283, 35.0856 ], [ -82.787867, 35.085024 ], [ -82.8061986, 35.0797704 ], [ -82.809766, 35.078748 ], [ -82.8114788, 35.0783043 ], [ -82.8974562, 35.056032099999989 ], [ -82.897499, 35.056021 ], [ -82.8975591, 35.0560057 ], [ -82.897357, 35.054592 ], [ -82.898114, 35.053414 ], [ -82.897563, 35.052146 ], [ -82.898666, 35.051277 ], [ -82.899089, 35.049339 ], [ -82.901835, 35.048815 ], [ -82.903473, 35.049599 ], [ -82.905627, 35.048757 ], [ -82.905843, 35.047874 ], [ -82.903657, 35.046774 ], [ -82.90322, 35.045001 ], [ -82.904604, 35.044819 ], [ -82.90564, 35.043702 ], [ -82.904957, 35.042081 ], [ -82.907658, 35.040941 ], [ -82.909816, 35.041538 ], [ -82.912839, 35.039862 ], [ -82.914109, 35.037942 ], [ -82.918257, 35.036065 ], [ -82.913842, 35.029513 ], [ -82.917347, 35.029956 ], [ -82.918122, 35.029355 ], [ -82.916188, 35.026088 ], [ -82.917214, 35.024557 ], [ -82.916946, 35.023069 ], [ -82.918025, 35.021972 ], [ -82.921383, 35.020415 ], [ -82.917796, 35.017951 ], [ -82.917551, 35.017087 ], [ -82.920386, 35.016679 ], [ -82.920878, 35.015734 ], [ -82.920377, 35.015141 ], [ -82.916345, 35.01356 ], [ -82.913188, 35.012792 ], [ -82.912114, 35.009514 ], [ -82.912577, 35.008841 ], [ -82.915703, 35.0084 ], [ -82.918359, 35.006091 ], [ -82.921479, 35.007897 ], [ -82.926451, 35.009266 ], [ -82.928799, 35.009616 ], [ -82.93028, 35.009336 ], [ -82.930415, 35.008418 ], [ -82.928858, 35.007254 ], [ -82.928991, 35.006207 ], [ -82.931788, 35.005485 ], [ -82.933098, 35.002392 ], [ -82.934737, 35.000664 ], [ -82.934018, 34.997914 ], [ -82.935976, 34.996269 ], [ -82.937878, 34.995789 ], [ -82.93963, 34.992733 ], [ -82.942043, 34.991762 ], [ -82.941739, 34.991037 ], [ -82.939532, 34.990721 ], [ -82.939001, 34.989541 ], [ -82.940131, 34.98851 ], [ -82.943375, 34.98849 ], [ -82.943597, 34.987532 ] ] ] ] } },
{ "type": "Feature", "properties": { "STATEFP": "45", "COUNTYFP": "085", "COUNTYNS": "01244717", "GEOIDFQ": "0500000US45085", "GEOID": "45085", "NAME": "Sumter", "NAMELSAD": "Sumter County", "STUSPS": "SC", "STATE_NAME": "South Carolina", "LSAD": "06", "ALAND": 1722544860.0, "AWATER": 44046815.0, "STATE_NAME_HYPHEN": "South-Carolina" }, "geometry": { "type": "MultiPolygon", "coordinates": [ [ [ [ -80.646261, 33.996834 ], [ -80.644926, 33.995969 ], [ -80.641152, 33.996357 ], [ -80.639257, 33.993412 ], [ -80.639382, 33.990675 ], [ -80.64114, 33.989709 ], [ -80.643969, 33.989121 ], [ -80.643984, 33.987523 ], [ -80.641609, 33.986359 ], [ -80.641126, 33.983319 ], [ -80.635949, 33.979299 ], [ -80.631833, 33.977793 ], [ -80.630442, 33.975766 ], [ -80.630805, 33.971586 ], [ -80.631346, 33.969636 ], [ -80.632801, 33.96816 ], [ -80.633148, 33.966549 ], [ -80.628942, 33.96471 ], [ -80.627365, 33.965348 ], [ -80.62551, 33.967418 ], [ -80.623293, 33.968274 ], [ -80.6175, 33.966444 ], [ -80.61576, 33.965472 ], [ -80.615288, 33.962422 ], [ -80.617655, 33.961848 ], [ -80.619575, 33.9632 ], [ -80.621103, 33.960617 ], [ -80.619857, 33.958459 ], [ -80.618046, 33.958254 ], [ -80.61774, 33.957247 ], [ -80.622966, 33.957489 ], [ -80.623623, 33.95604 ], [ -80.620103, 33.953818 ], [ -80.621042, 33.952456 ], [ -80.624809, 33.952202 ], [ -80.627512, 33.950354 ], [ -80.628261, 33.948781 ], [ -80.62801, 33.94697 ], [ -80.627797, 33.945624 ], [ -80.629055, 33.941776 ], [ -80.627982, 33.94093 ], [ -80.62481, 33.942606 ], [ -80.620157, 33.942386 ], [ -80.619444, 33.941279 ], [ -80.622506, 33.939105 ], [ -80.622778, 33.936647 ], [ -80.62229, 33.936067 ], [ -80.620707, 33.935926 ], [ -80.618241, 33.938684 ], [ -80.616619, 33.937387 ], [ -80.616716, 33.936427 ], [ -80.618296, 33.935065 ], [ -80.621527, 33.933758 ], [ -80.624808, 33.93485 ], [ -80.627612, 33.933568 ], [ -80.629819, 33.934083 ], [ -80.630567, 33.9337 ], [ -80.630077, 33.932397 ], [ -80.626989, 33.931076 ], [ -80.6262, 33.929899 ], [ -80.627383, 33.928429 ], [ -80.630724, 33.925736 ], [ -80.632363, 33.925109 ], [ -80.632513, 33.923607 ], [ -80.630784, 33.921657 ], [ -80.631491, 33.919634 ], [ -80.633763, 33.918429 ], [ -80.634093, 33.917333 ], [ -80.632225, 33.914818 ], [ -80.630552, 33.913743 ], [ -80.629221, 33.912071 ], [ -80.626894, 33.907617 ], [ -80.624507, 33.905497 ], [ -80.623998, 33.90357 ], [ -80.624256, 33.902087 ], [ -80.625935, 33.899645 ], [ -80.625744, 33.898545 ], [ -80.623848, 33.896356 ], [ -80.621454, 33.895117 ], [ -80.617846, 33.895731 ], [ -80.61703, 33.895519 ], [ -80.615404, 33.893264 ], [ -80.615045, 33.891887 ], [ -80.615534, 33.890741 ], [ -80.61915, 33.88867 ], [ -80.620408, 33.888651 ], [ -80.623328, 33.890064 ], [ -80.623927, 33.892577 ], [ -80.625563, 33.893511 ], [ -80.626135, 33.890406 ], [ -80.625861, 33.888789 ], [ -80.623624, 33.884241 ], [ -80.620793, 33.882486 ], [ -80.621639, 33.880508 ], [ -80.623934, 33.881149 ], [ -80.625003, 33.880802 ], [ -80.623933, 33.879438 ], [ -80.620829, 33.879724 ], [ -80.619589, 33.87873 ], [ -80.620972, 33.877234 ], [ -80.623547, 33.877223 ], [ -80.624062, 33.875155 ], [ -80.622901, 33.872488 ], [ -80.623618, 33.870924 ], [ -80.625322, 33.869625 ], [ -80.625332, 33.866811 ], [ -80.622964, 33.861232 ], [ -80.62296, 33.860408 ], [ -80.624808, 33.859451 ], [ -80.626053, 33.860882 ], [ -80.627596, 33.86114 ], [ -80.630767, 33.857196 ], [ -80.63035, 33.854139 ], [ -80.631577, 33.852407 ], [ -80.633545, 33.85268 ], [ -80.632803, 33.850313 ], [ -80.630971, 33.847355 ], [ -80.628233, 33.845839 ], [ -80.627487, 33.844734 ], [ -80.627967, 33.84266 ], [ -80.626655, 33.841631 ], [ -80.623067, 33.841367 ], [ -80.622077, 33.83952 ], [ -80.619074, 33.839308 ], [ -80.619001, 33.836505 ], [ -80.616381, 33.834942 ], [ -80.616985, 33.832222 ], [ -80.620288, 33.831032 ], [ -80.619203, 33.828102 ], [ -80.616808, 33.826889 ], [ -80.616133, 33.822778 ], [ -80.617449, 33.821086 ], [ -80.61682, 33.818597 ], [ -80.615076, 33.81601 ], [ -80.615676, 33.814514 ], [ -80.613071, 33.813548 ], [ -80.61163, 33.812636 ], [ -80.609141, 33.809823 ], [ -80.607491, 33.811116 ], [ -80.606416, 33.808686 ], [ -80.60464, 33.810986 ], [ -80.603094, 33.810932 ], [ -80.602083, 33.807235 ], [ -80.598288, 33.804476 ], [ -80.598783, 33.803385 ], [ -80.604284, 33.804981 ], [ -80.605381, 33.804746 ], [ -80.604189, 33.800441 ], [ -80.600941, 33.799862 ], [ -80.600345, 33.799183 ], [ -80.601755, 33.79733 ], [ -80.601731, 33.794568 ], [ -80.60366, 33.793836 ], [ -80.603762, 33.793062 ], [ -80.600529, 33.791789 ], [ -80.600454, 33.790156 ], [ -80.601262, 33.788399 ], [ -80.597519, 33.788459 ], [ -80.596205, 33.786431 ], [ -80.59749, 33.785003 ], [ -80.59976, 33.784607 ], [ -80.601406, 33.78648 ], [ -80.602449, 33.786567 ], [ -80.602976, 33.785323 ], [ -80.600664, 33.782892 ], [ -80.598188, 33.779005 ], [ -80.597715, 33.777512 ], [ -80.59879, 33.775936 ], [ -80.602167, 33.774805 ], [ -80.603753, 33.772809 ], [ -80.605679, 33.771766 ], [ -80.601552, 33.768724 ], [ -80.602012, 33.767414 ], [ -80.604277, 33.7668 ], [ -80.605124, 33.767967 ], [ -80.606275, 33.76741 ], [ -80.605298, 33.763988 ], [ -80.603468, 33.763679 ], [ -80.603699, 33.762713 ], [ -80.606724, 33.761771 ], [ -80.608837, 33.761938 ], [ -80.607308, 33.759058 ], [ -80.604971, 33.758484 ], [ -80.605638, 33.757476 ], [ -80.608845, 33.757093 ], [ -80.611806, 33.755447 ], [ -80.611273, 33.754503 ], [ -80.609, 33.754099 ], [ -80.611099, 33.751504 ], [ -80.612958, 33.750868 ], [ -80.616155, 33.75097 ], [ -80.614315, 33.748883 ], [ -80.614649, 33.747577 ], [ -80.619434, 33.748558 ], [ -80.620127, 33.747884 ], [ -80.618919, 33.745715 ], [ -80.618658, 33.743585 ], [ -80.620107, 33.743237 ], [ -80.621095, 33.742024 ], [ -80.628762, 33.740178 ], [ -80.629638, 33.73892 ], [ -80.629657, 33.737391 ], [ -80.628089, 33.736263 ], [ -80.625819, 33.73566 ], [ -80.624472, 33.734562 ], [ -80.624752, 33.732924 ], [ -80.627554, 33.730996 ], [ -80.624809, 33.728561 ], [ -80.62139, 33.724378 ], [ -80.618263, 33.721919 ], [ -80.616465, 33.719497 ], [ -80.616153, 33.71775 ], [ -80.616739, 33.71409 ], [ -80.616303, 33.712981 ], [ -80.615264, 33.711835 ], [ -80.613335, 33.710858 ], [ -80.607627, 33.709066 ], [ -80.605222, 33.707146 ], [ -80.604394, 33.704323 ], [ -80.601625, 33.702671 ], [ -80.59913, 33.70233 ], [ -80.594136, 33.70242 ], [ -80.593092, 33.701947 ], [ -80.592495, 33.70077 ], [ -80.592582, 33.698989 ], [ -80.595459, 33.69688 ], [ -80.596598, 33.695036 ], [ -80.595538, 33.693686 ], [ -80.593435, 33.692207 ], [ -80.592479, 33.690458 ], [ -80.59026, 33.684844 ], [ -80.585126, 33.681708 ], [ -80.578819, 33.679543 ], [ -80.574112, 33.678994 ], [ -80.568227, 33.679854 ], [ -80.565209, 33.679712 ], [ -80.562359, 33.678395 ], [ -80.56136, 33.677217 ], [ -80.560213, 33.67409 ], [ -80.560512, 33.671538 ], [ -80.565379, 33.666075 ], [ -80.565548, 33.664732 ], [ -80.562475, 33.662997 ], [ -80.555903, 33.662424 ], [ -80.553939, 33.661176 ], [ -80.553688, 33.65654 ], [ -80.551177, 33.652973 ], [ -80.548457, 33.650413 ], [ -80.545955, 33.648754 ], [ -80.538507, 33.64592 ], [ -80.534085, 33.643911 ], [ -80.512525, 33.660322 ], [ -80.508113, 33.664454 ], [ -80.501563, 33.67003 ], [ -80.497595, 33.67432 ], [ -80.493893, 33.685293 ], [ -80.491976, 33.691886 ], [ -80.491103, 33.693803 ], [ -80.482439, 33.708494 ], [ -80.481553, 33.709458 ], [ -80.478709, 33.714265 ], [ -80.478444, 33.714256 ], [ -80.454441, 33.713523 ], [ -80.449293, 33.737528 ], [ -80.430925, 33.738306 ], [ -80.427901, 33.729301 ], [ -80.425935, 33.72409 ], [ -80.432912, 33.721178 ], [ -80.434426, 33.71189 ], [ -80.392003, 33.71555 ], [ -80.392153, 33.722605 ], [ -80.393164, 33.728607 ], [ -80.393593, 33.731441 ], [ -80.396993, 33.746864 ], [ -80.397131, 33.767821 ], [ -80.37773, 33.770603 ], [ -80.374803, 33.771194 ], [ -80.274059, 33.785868 ], [ -80.271233, 33.786252 ], [ -80.270785, 33.78676 ], [ -80.255904, 33.803708 ], [ -80.195371, 33.838982 ], [ -80.191971, 33.840713 ], [ -80.17272, 33.850519 ], [ -80.158532, 33.857216 ], [ -80.154761, 33.859357 ], [ -80.150367, 33.861395 ], [ -80.149955, 33.861738 ], [ -80.143907, 33.864615 ], [ -80.140787, 33.86595 ], [ -80.13548, 33.868765 ], [ -80.133695, 33.868971 ], [ -80.121612, 33.869555 ], [ -80.104475, 33.879869 ], [ -80.101398, 33.881411 ], [ -80.10096, 33.881714 ], [ -80.056328, 33.906848 ], [ -80.000354, 33.935271 ], [ -79.975791, 33.945919 ], [ -79.974601, 33.946527 ], [ -79.973584, 33.947042 ], [ -79.941819, 33.963321 ], [ -79.939347, 33.964694 ], [ -79.893517, 33.988017 ], [ -79.894229, 33.989709 ], [ -79.897309, 33.989092 ], [ -79.8986, 33.991085 ], [ -79.898737, 33.992666 ], [ -79.902147, 33.992415 ], [ -79.901156, 33.994476 ], [ -79.904097, 33.997043 ], [ -79.903134, 33.998737 ], [ -79.905004, 33.999219 ], [ -79.903741, 34.000893 ], [ -79.903658, 34.002245 ], [ -79.905363, 34.00181 ], [ -79.905582, 34.00307 ], [ -79.907645, 34.002704 ], [ -79.90781, 34.004261 ], [ -79.910725, 34.004812 ], [ -79.910917, 34.006484 ], [ -79.913474, 34.007149 ], [ -79.915345, 34.005637 ], [ -79.91716, 34.007379 ], [ -79.919497, 34.007745 ], [ -79.921175, 34.006829 ], [ -79.920817, 34.008318 ], [ -79.922055, 34.008639 ], [ -79.92464, 34.007494 ], [ -79.925658, 34.009281 ], [ -79.927996, 34.009121 ], [ -79.9253, 34.01038 ], [ -79.925685, 34.011045 ], [ -79.928408, 34.011297 ], [ -79.93003, 34.012121 ], [ -79.928958, 34.013656 ], [ -79.931406, 34.01526 ], [ -79.936907, 34.016931 ], [ -79.936219, 34.017985 ], [ -79.937952, 34.018282 ], [ -79.939107, 34.017298 ], [ -79.943701, 34.017893 ], [ -79.944141, 34.018878 ], [ -79.947497, 34.018076 ], [ -79.948515, 34.019954 ], [ -79.946727, 34.021878 ], [ -79.946947, 34.022955 ], [ -79.948598, 34.021924 ], [ -79.950716, 34.021557 ], [ -79.950825, 34.020779 ], [ -79.952861, 34.021374 ], [ -79.955694, 34.020549 ], [ -79.959766, 34.021373 ], [ -79.961306, 34.022839 ], [ -79.962764, 34.022861 ], [ -79.964498, 34.024327 ], [ -79.964333, 34.025106 ], [ -79.966424, 34.026732 ], [ -79.967112, 34.025838 ], [ -79.969258, 34.027785 ], [ -79.971074, 34.027005 ], [ -79.972697, 34.028791 ], [ -79.974238, 34.028974 ], [ -79.976605, 34.031997 ], [ -79.977651, 34.031882 ], [ -79.978945, 34.034493 ], [ -79.981009, 34.034996 ], [ -79.980432, 34.036783 ], [ -79.98244, 34.037012 ], [ -79.982935, 34.036026 ], [ -79.98537, 34.037911 ], [ -79.986302, 34.037923 ], [ -79.986404, 34.039437 ], [ -79.989292, 34.039161 ], [ -79.992099, 34.039756 ], [ -79.994193, 34.043351 ], [ -79.994248, 34.044702 ], [ -79.996064, 34.044495 ], [ -79.996478, 34.045892 ], [ -80.000875, 34.046279 ], [ -79.999385, 34.047884 ], [ -80.000594, 34.047877 ], [ -80.011574, 34.029924 ], [ -80.02676, 34.008543 ], [ -80.070364, 34.00792 ], [ -80.072673, 34.006584 ], [ -80.082791, 34.000158 ], [ -80.106648, 33.987535 ], [ -80.113301, 33.984394 ], [ -80.118102, 33.981589 ], [ -80.164684, 33.957305 ], [ -80.167249, 33.95616 ], [ -80.180371, 33.952002 ], [ -80.1807, 33.9601 ], [ -80.182487, 33.964957 ], [ -80.182266, 33.969172 ], [ -80.182679, 33.971072 ], [ -80.181386, 33.972836 ], [ -80.182513, 33.974966 ], [ -80.182898, 33.977898 ], [ -80.183613, 33.978883 ], [ -80.18485, 33.983556 ], [ -80.186252, 33.98642 ], [ -80.187984, 33.98894 ], [ -80.187379, 33.994437 ], [ -80.186692, 33.998164 ], [ -80.186636, 33.9995 ], [ -80.187875, 34.001213 ], [ -80.188288, 34.004924 ], [ -80.228344, 33.995178 ], [ -80.243067, 33.991608 ], [ -80.249799, 33.992166 ], [ -80.251329, 33.994193 ], [ -80.253308, 33.995065 ], [ -80.25471, 33.996943 ], [ -80.254379, 33.997905 ], [ -80.255835, 34.002779 ], [ -80.25542, 34.00594 ], [ -80.257123, 34.009927 ], [ -80.259267, 34.011966 ], [ -80.25932, 34.015265 ], [ -80.257722, 34.01854 ], [ -80.258766, 34.021816 ], [ -80.261268, 34.023787 ], [ -80.262147, 34.025437 ], [ -80.26366, 34.026583 ], [ -80.264786, 34.029813 ], [ -80.266601, 34.031624 ], [ -80.266985, 34.033113 ], [ -80.268278, 34.033594 ], [ -80.26906, 34.0351 ], [ -80.294931, 34.039437 ], [ -80.303387, 34.062494 ], [ -80.303245, 34.063222 ], [ -80.315607, 34.077384 ], [ -80.317016, 34.078314 ], [ -80.321721, 34.080356 ], [ -80.331014, 34.08049 ], [ -80.369412, 34.081121 ], [ -80.372185, 34.081091 ], [ -80.3748, 34.080705 ], [ -80.378741, 34.080701 ], [ -80.385276, 34.08442 ], [ -80.390112, 34.086813 ], [ -80.39564, 34.08949 ], [ -80.405526, 34.081369 ], [ -80.408724, 34.082299 ], [ -80.450363, 34.100253 ], [ -80.471958, 34.109057 ], [ -80.474113, 34.109874 ], [ -80.481318, 34.112622 ], [ -80.480293, 34.125504 ], [ -80.480356, 34.143386 ], [ -80.479857, 34.168696 ], [ -80.497055, 34.156857 ], [ -80.501987, 34.153705 ], [ -80.506797, 34.150159 ], [ -80.549875, 34.1209 ], [ -80.552255, 34.119264 ], [ -80.576265, 34.102986 ], [ -80.58011, 34.099949 ], [ -80.604403, 34.101671 ], [ -80.618063, 34.108886 ], [ -80.618533, 34.10917 ], [ -80.620313, 34.107377 ], [ -80.620781, 34.102385 ], [ -80.618855, 34.100169 ], [ -80.616186, 34.099605 ], [ -80.615698, 34.096764 ], [ -80.618564, 34.091974 ], [ -80.620896, 34.09004 ], [ -80.624421, 34.089268 ], [ -80.629929, 34.089945 ], [ -80.632427, 34.089368 ], [ -80.635712, 34.084886 ], [ -80.636526, 34.082982 ], [ -80.63616, 34.080206 ], [ -80.633655, 34.078346 ], [ -80.629224, 34.077419 ], [ -80.626604, 34.077438 ], [ -80.624805, 34.079139 ], [ -80.624208, 34.081858 ], [ -80.622516, 34.083014 ], [ -80.6213, 34.08316 ], [ -80.619502, 34.082306 ], [ -80.619309, 34.079792 ], [ -80.621439, 34.076907 ], [ -80.624199, 34.074412 ], [ -80.624806, 34.073078 ], [ -80.62742, 34.070823 ], [ -80.62984, 34.069688 ], [ -80.631167, 34.068238 ], [ -80.629446, 34.066653 ], [ -80.624806, 34.066089 ], [ -80.619677, 34.063287 ], [ -80.617438, 34.062805 ], [ -80.61424, 34.063574 ], [ -80.612718, 34.063108 ], [ -80.612332, 34.061304 ], [ -80.614511, 34.059178 ], [ -80.613869, 34.057324 ], [ -80.612739, 34.056163 ], [ -80.610946, 34.056528 ], [ -80.607477, 34.058373 ], [ -80.606416, 34.057982 ], [ -80.606723, 34.056368 ], [ -80.610228, 34.054154 ], [ -80.612569, 34.051773 ], [ -80.612117, 34.049239 ], [ -80.61024, 34.048452 ], [ -80.607858, 34.046194 ], [ -80.607456, 34.043262 ], [ -80.606963, 34.042647 ], [ -80.600952, 34.039386 ], [ -80.601036, 34.03593 ], [ -80.604305, 34.034322 ], [ -80.605256, 34.032435 ], [ -80.608019, 34.02929 ], [ -80.607998, 34.027546 ], [ -80.606691, 34.02682 ], [ -80.603776, 34.027452 ], [ -80.60222, 34.02636 ], [ -80.602087, 34.025355 ], [ -80.604502, 34.023621 ], [ -80.608654, 34.024622 ], [ -80.614585, 34.025068 ], [ -80.61547, 34.024456 ], [ -80.615917, 34.020827 ], [ -80.618663, 34.016678 ], [ -80.62224, 34.013793 ], [ -80.624807, 34.013416 ], [ -80.626124, 34.013813 ], [ -80.628049, 34.011887 ], [ -80.627752, 34.009555 ], [ -80.625285, 34.003704 ], [ -80.627187, 34.003009 ], [ -80.634936, 34.007968 ], [ -80.637267, 34.007608 ], [ -80.637182, 34.004929 ], [ -80.6355, 34.003813 ], [ -80.635393, 34.001448 ], [ -80.638857, 34.000614 ], [ -80.640986, 33.999433 ], [ -80.644717, 33.999926 ], [ -80.646598, 33.999009 ], [ -80.646261, 33.996834 ] ] ] ] } },
{ "type": "Feature", "properties": { "STATEFP": "45", "COUNTYFP": "063", "COUNTYNS": "01244251", "GEOIDFQ": "0500000US45063", "GEOID": "45063", "NAME": "Lexington", "NAMELSAD": "Lexington County", "STUSPS": "SC", "STATE_NAME": "South Carolina", "LSAD": "06", "ALAND": 1810412790.0, "AWATER": 151817364.0, "STATE_NAME_HYPHEN": "South-Carolina" }, "geometry": { "type": "MultiPolygon", "coordinates": [ [ [ [ -81.571487, 33.877318 ], [ -81.569149, 33.871845 ], [ -81.56823, 33.87135 ], [ -81.56672, 33.868738 ], [ -81.565293, 33.867655 ], [ -81.563671, 33.865324 ], [ -81.561503, 33.863033 ], [ -81.556561, 33.861812 ], [ -81.554531, 33.860547 ], [ -81.551552, 33.860657 ], [ -81.549055, 33.858986 ], [ -81.546946, 33.858683 ], [ -81.542479, 33.853619 ], [ -81.540865, 33.851915 ], [ -81.541439, 33.849347 ], [ -81.542263, 33.848407 ], [ -81.542019, 33.846945 ], [ -81.540866, 33.845608 ], [ -81.538679, 33.844531 ], [ -81.538778, 33.842969 ], [ -81.537612, 33.842166 ], [ -81.538291, 33.841496 ], [ -81.536249, 33.839489 ], [ -81.536849, 33.838274 ], [ -81.534438, 33.837454 ], [ -81.533524, 33.832082 ], [ -81.530527, 33.831378 ], [ -81.527148, 33.829799 ], [ -81.52286, 33.826967 ], [ -81.522124, 33.825522 ], [ -81.520286, 33.823992 ], [ -81.519418, 33.821089 ], [ -81.518279, 33.819769 ], [ -81.518208, 33.817773 ], [ -81.513887, 33.816117 ], [ -81.514211, 33.815155 ], [ -81.512012, 33.812801 ], [ -81.508397, 33.811584 ], [ -81.506691, 33.81193 ], [ -81.505525, 33.811457 ], [ -81.50502, 33.809004 ], [ -81.502676, 33.808008 ], [ -81.495514, 33.809669 ], [ -81.492919, 33.809472 ], [ -81.491304, 33.807686 ], [ -81.490064, 33.804739 ], [ -81.486672, 33.804637 ], [ -81.48598, 33.803048 ], [ -81.483433, 33.801933 ], [ -81.480639, 33.802484 ], [ -81.478867, 33.802308 ], [ -81.477035, 33.799566 ], [ -81.474697, 33.798428 ], [ -81.47118, 33.799507 ], [ -81.4696, 33.798436 ], [ -81.464113, 33.797216 ], [ -81.460577, 33.797175 ], [ -81.459227, 33.795216 ], [ -81.456869, 33.794447 ], [ -81.456276, 33.792869 ], [ -81.453115, 33.791044 ], [ -81.451343, 33.78945 ], [ -81.450573, 33.787817 ], [ -81.447761, 33.784914 ], [ -81.445884, 33.783727 ], [ -81.442315, 33.779043 ], [ -81.439721, 33.778207 ], [ -81.435744, 33.775233 ], [ -81.43477, 33.773253 ], [ -81.433835, 33.772825 ], [ -81.431748, 33.769014 ], [ -81.432367, 33.768014 ], [ -81.431169, 33.765666 ], [ -81.432229, 33.763252 ], [ -81.432262, 33.762065 ], [ -81.431183, 33.758958 ], [ -81.431624, 33.757589 ], [ -81.430222, 33.754906 ], [ -81.428504, 33.753482 ], [ -81.427972, 33.751299 ], [ -81.426288, 33.749449 ], [ -81.425591, 33.746732 ], [ -81.427026, 33.744841 ], [ -81.426743, 33.743197 ], [ -81.425414, 33.741619 ], [ -81.423696, 33.741333 ], [ -81.421551, 33.738935 ], [ -81.421347, 33.737605 ], [ -81.420169, 33.737412 ], [ -81.418025, 33.734459 ], [ -81.415584, 33.733392 ], [ -81.415308, 33.732161 ], [ -81.412761, 33.73122 ], [ -81.41084, 33.731044 ], [ -81.409004, 33.731973 ], [ -81.403601, 33.732268 ], [ -81.399687, 33.729765 ], [ -81.393167, 33.726871 ], [ -81.389853, 33.727166 ], [ -81.388529, 33.726551 ], [ -81.385462, 33.726929 ], [ -81.384864, 33.726219 ], [ -81.379094, 33.725073 ], [ -81.377672, 33.725535 ], [ -81.375969, 33.724835 ], [ -81.374129, 33.725263 ], [ -81.372985, 33.726501 ], [ -81.370886, 33.726667 ], [ -81.366722, 33.728506 ], [ -81.365517, 33.728182 ], [ -81.362075, 33.725555 ], [ -81.359521, 33.725177 ], [ -81.357386, 33.722866 ], [ -81.35571, 33.722226 ], [ -81.354388, 33.722946 ], [ -81.349617, 33.72054 ], [ -81.346557, 33.720123 ], [ -81.344274, 33.721053 ], [ -81.340155, 33.718964 ], [ -81.33901, 33.719163 ], [ -81.33774, 33.717832 ], [ -81.33601, 33.717871 ], [ -81.332759, 33.715793 ], [ -81.327963, 33.715156 ], [ -81.327048, 33.713161 ], [ -81.322942, 33.711286 ], [ -81.320857, 33.711231 ], [ -81.316199, 33.710209 ], [ -81.313028, 33.70829 ], [ -81.311482, 33.708708 ], [ -81.309574, 33.707267 ], [ -81.308884, 33.705728 ], [ -81.306463, 33.704249 ], [ -81.304483, 33.704859 ], [ -81.302773, 33.704573 ], [ -81.302727, 33.70377 ], [ -81.298623, 33.698898 ], [ -81.294071, 33.696776 ], [ -81.292578, 33.69666 ], [ -81.290428, 33.694081 ], [ -81.285923, 33.693101 ], [ -81.284251, 33.694278 ], [ -81.282836, 33.694333 ], [ -81.279345, 33.694079 ], [ -81.277911, 33.694793 ], [ -81.277009, 33.696206 ], [ -81.274878, 33.69615 ], [ -81.272214, 33.694687 ], [ -81.269666, 33.693142 ], [ -81.269901, 33.691607 ], [ -81.268954, 33.690507 ], [ -81.269224, 33.690172 ], [ -81.265391, 33.688065 ], [ -81.265549, 33.687119 ], [ -81.259782, 33.685572 ], [ -81.259717, 33.684917 ], [ -81.256902, 33.684801 ], [ -81.253562, 33.683139 ], [ -81.251728, 33.681615 ], [ -81.245807, 33.679669 ], [ -81.243992, 33.67945 ], [ -81.237919, 33.675054 ], [ -81.236025, 33.675154 ], [ -81.23461, 33.672856 ], [ -81.233381, 33.673577 ], [ -81.230874, 33.670059 ], [ -81.230144, 33.67046 ], [ -81.226921, 33.669719 ], [ -81.224909, 33.668109 ], [ -81.223903, 33.668588 ], [ -81.221575, 33.668099 ], [ -81.218319, 33.665334 ], [ -81.217602, 33.664114 ], [ -81.214978, 33.663361 ], [ -81.212689, 33.661789 ], [ -81.212071, 33.663147 ], [ -81.209382, 33.661196 ], [ -81.207395, 33.658876 ], [ -81.205515, 33.658805 ], [ -81.203418, 33.659487 ], [ -81.201675, 33.658723 ], [ -81.199565, 33.659174 ], [ -81.198552, 33.658036 ], [ -81.196034, 33.657113 ], [ -81.195199, 33.657542 ], [ -81.191293, 33.655617 ], [ -81.189682, 33.655408 ], [ -81.187271, 33.652937 ], [ -81.186912, 33.652919 ], [ -81.122994, 33.679655 ], [ -81.116052, 33.682549 ], [ -81.108727, 33.685593 ], [ -81.086803, 33.695315 ], [ -81.084665, 33.696025 ], [ -81.05669, 33.703432 ], [ -81.042854, 33.707131 ], [ -81.019438, 33.719926 ], [ -80.999811, 33.726637 ], [ -80.991997, 33.732172 ], [ -80.988863, 33.731033 ], [ -80.986331, 33.731136 ], [ -80.982087, 33.730205 ], [ -80.978468, 33.730482 ], [ -80.977125, 33.731032 ], [ -80.974329, 33.733209 ], [ -80.97008, 33.734539 ], [ -80.967366, 33.736052 ], [ -80.964409, 33.736811 ], [ -80.959232, 33.736496 ], [ -80.958444, 33.737025 ], [ -80.955743, 33.737818 ], [ -80.95163, 33.741734 ], [ -80.950038, 33.744435 ], [ -80.945601, 33.749297 ], [ -80.942507, 33.750627 ], [ -80.940262, 33.752422 ], [ -80.93783, 33.752903 ], [ -80.934608, 33.753069 ], [ -80.931432, 33.754288 ], [ -80.926321, 33.755583 ], [ -80.924603, 33.756945 ], [ -80.926488, 33.756868 ], [ -80.930808, 33.760418 ], [ -80.932767, 33.762566 ], [ -80.933613, 33.764808 ], [ -80.938228, 33.76692 ], [ -80.939953, 33.76913 ], [ -80.946145, 33.770333 ], [ -80.950398, 33.772058 ], [ -80.953848, 33.774479 ], [ -80.954926, 33.776044 ], [ -80.957978, 33.776751 ], [ -80.959689, 33.778146 ], [ -80.96204, 33.77895 ], [ -80.966995, 33.777181 ], [ -80.999813, 33.780037 ], [ -81.014003, 33.781241 ], [ -81.014437, 33.775015 ], [ -81.022599, 33.773186 ], [ -81.023475, 33.763469 ], [ -81.032867, 33.764055 ], [ -81.035671, 33.750154 ], [ -81.036124, 33.745211 ], [ -81.058521, 33.747053 ], [ -81.058388, 33.750153 ], [ -81.060494, 33.762545 ], [ -81.059299, 33.76536 ], [ -81.059214, 33.770811 ], [ -81.054124, 33.778538 ], [ -81.047516, 33.789425 ], [ -81.046161, 33.797406 ], [ -81.046283, 33.798346 ], [ -81.046151, 33.804262 ], [ -81.038353, 33.844314 ], [ -81.038213, 33.846236 ], [ -81.038779, 33.848355 ], [ -81.041603, 33.858843 ], [ -81.039964, 33.862431 ], [ -81.039188, 33.866674 ], [ -81.037903, 33.870868 ], [ -81.034867, 33.871961 ], [ -81.034089, 33.872241 ], [ -81.01233, 33.88008 ], [ -81.015565, 33.880797 ], [ -81.018327, 33.882161 ], [ -81.020707, 33.884656 ], [ -81.021424, 33.888074 ], [ -81.020432, 33.890477 ], [ -81.020111, 33.8933 ], [ -81.018646, 33.895605 ], [ -81.017395, 33.896545 ], [ -81.010999, 33.898132 ], [ -81.009412, 33.900101 ], [ -81.008754, 33.904102 ], [ -81.011814, 33.907065 ], [ -81.014267, 33.908148 ], [ -81.022704, 33.909235 ], [ -81.026035, 33.910358 ], [ -81.028961, 33.912036 ], [ -81.030135, 33.913647 ], [ -81.029714, 33.915454 ], [ -81.029214, 33.916454 ], [ -81.023114, 33.918954 ], [ -81.019414, 33.921155 ], [ -81.017214, 33.925855 ], [ -81.017014, 33.930855 ], [ -81.017549, 33.932121 ], [ -81.017654, 33.93237 ], [ -81.018424, 33.934187 ], [ -81.018956, 33.935278 ], [ -81.020852, 33.938222 ], [ -81.023628, 33.941616 ], [ -81.024878, 33.943638 ], [ -81.030989, 33.954127 ], [ -81.035791, 33.96259 ], [ -81.038507, 33.968074 ], [ -81.039234, 33.969025 ], [ -81.039956, 33.969972 ], [ -81.043092, 33.973186 ], [ -81.045826, 33.976644 ], [ -81.045932, 33.977339 ], [ -81.04673, 33.98635 ], [ -81.04645, 33.988028 ], [ -81.047704, 33.990505 ], [ -81.050859, 33.995775 ], [ -81.05211, 33.997616 ], [ -81.052586, 33.998003 ], [ -81.054684, 34.000789 ], [ -81.05877, 34.003692 ], [ -81.059715, 34.005253 ], [ -81.060719, 34.004725 ], [ -81.064917, 34.008614 ], [ -81.066892, 34.009046 ], [ -81.072131, 34.006571 ], [ -81.073633, 34.006615 ], [ -81.076771, 34.00877 ], [ -81.080015, 34.011853 ], [ -81.082618, 34.011931 ], [ -81.086135, 34.013895 ], [ -81.089612, 34.013412 ], [ -81.092991, 34.01464 ], [ -81.096162, 34.016478 ], [ -81.097576, 34.018007 ], [ -81.099391, 34.023074 ], [ -81.101114, 34.024124 ], [ -81.102683, 34.024031 ], [ -81.103689, 34.023349 ], [ -81.103823, 34.023316 ], [ -81.104799, 34.025878 ], [ -81.105264, 34.026889 ], [ -81.106277, 34.029033 ], [ -81.107407, 34.031164 ], [ -81.108164, 34.032829 ], [ -81.110473, 34.036755 ], [ -81.11056, 34.0369 ], [ -81.116307, 34.045211 ], [ -81.12149, 34.051593 ], [ -81.125257, 34.05574 ], [ -81.132037, 34.062321 ], [ -81.139282, 34.068341 ], [ -81.139479, 34.06849 ], [ -81.144806, 34.072387 ], [ -81.146237, 34.073375 ], [ -81.147562, 34.074255 ], [ -81.148339, 34.074881 ], [ -81.148403, 34.07494 ], [ -81.149163, 34.075321 ], [ -81.152894, 34.077604 ], [ -81.160802, 34.081994 ], [ -81.161299, 34.082249 ], [ -81.164254, 34.083712 ], [ -81.165605, 34.085088 ], [ -81.166569, 34.084807 ], [ -81.170254, 34.086443 ], [ -81.17285, 34.087551 ], [ -81.172889, 34.090145 ], [ -81.1729, 34.090454 ], [ -81.180574, 34.090542 ], [ -81.186064, 34.092678 ], [ -81.186237, 34.092728 ], [ -81.186513, 34.092771 ], [ -81.193028, 34.094841 ], [ -81.19428, 34.09523 ], [ -81.198055, 34.096255 ], [ -81.206031, 34.098071 ], [ -81.21549, 34.09959 ], [ -81.221121, 34.100447 ], [ -81.221842, 34.100557 ], [ -81.223284, 34.100777 ], [ -81.227626, 34.101215 ], [ -81.227742, 34.101226 ], [ -81.227955, 34.101286 ], [ -81.228033, 34.101293 ], [ -81.233433, 34.101768 ], [ -81.243733, 34.102198 ], [ -81.248214, 34.102156 ], [ -81.258063, 34.101929 ], [ -81.268995, 34.099652 ], [ -81.27095, 34.099044 ], [ -81.275845, 34.097381 ], [ -81.279044, 34.102705 ], [ -81.282015, 34.107027 ], [ -81.28738, 34.11592 ], [ -81.288312, 34.117529 ], [ -81.289929, 34.117554 ], [ -81.291016, 34.117156 ], [ -81.298011, 34.124917 ], [ -81.308613, 34.137329 ], [ -81.311904, 34.14118 ], [ -81.311734, 34.143396 ], [ -81.315037, 34.146141 ], [ -81.311638, 34.154465 ], [ -81.302266, 34.162395 ], [ -81.307171, 34.172212 ], [ -81.314456, 34.186905 ], [ -81.316302, 34.18713 ], [ -81.319033, 34.185646 ], [ -81.320893, 34.1873 ], [ -81.321251, 34.188697 ], [ -81.324149, 34.189653 ], [ -81.326769, 34.189317 ], [ -81.329405, 34.190416 ], [ -81.329033, 34.191749 ], [ -81.329679, 34.193252 ], [ -81.33174, 34.192965 ], [ -81.333088, 34.19367 ], [ -81.333469, 34.19498 ], [ -81.337233, 34.195279 ], [ -81.338961, 34.197587 ], [ -81.342881, 34.197462 ], [ -81.352349, 34.196689 ], [ -81.360152, 34.189065 ], [ -81.371677, 34.180622 ], [ -81.373274, 34.179599 ], [ -81.374766, 34.179009 ], [ -81.387139, 34.176752 ], [ -81.399492, 34.17763 ], [ -81.402981, 34.177891 ], [ -81.403672, 34.177876 ], [ -81.410226, 34.168672 ], [ -81.422754, 34.150567 ], [ -81.436563, 34.130805 ], [ -81.437172, 34.129963 ], [ -81.435842, 34.129365 ], [ -81.435493, 34.128899 ], [ -81.433661, 34.125125 ], [ -81.432203, 34.121254 ], [ -81.42695, 34.117365 ], [ -81.420912, 34.115493 ], [ -81.420233, 34.114039 ], [ -81.421992, 34.111266 ], [ -81.422158, 34.110007 ], [ -81.419721, 34.109334 ], [ -81.41708, 34.109814 ], [ -81.416509, 34.10707 ], [ -81.41548, 34.107488 ], [ -81.412976, 34.106362 ], [ -81.41321, 34.104248 ], [ -81.412124, 34.102875 ], [ -81.409446, 34.100879 ], [ -81.408991, 34.09882 ], [ -81.408283, 34.098335 ], [ -81.405594, 34.098395 ], [ -81.403254, 34.0979 ], [ -81.403675, 34.09422 ], [ -81.400502, 34.091851 ], [ -81.399301, 34.089358 ], [ -81.397013, 34.085979 ], [ -81.394383, 34.085119 ], [ -81.391862, 34.082629 ], [ -81.38967, 34.081375 ], [ -81.388235, 34.079347 ], [ -81.390139, 34.075255 ], [ -81.392792, 34.074004 ], [ -81.394083, 34.071545 ], [ -81.40282, 34.070839 ], [ -81.404439, 34.072464 ], [ -81.406709, 34.073016 ], [ -81.41129, 34.073128 ], [ -81.414734, 34.07419 ], [ -81.418508, 34.077916 ], [ -81.419992, 34.079903 ], [ -81.424727, 34.08317 ], [ -81.42624, 34.083503 ], [ -81.43022, 34.0835 ], [ -81.434811, 34.082013 ], [ -81.440976, 34.078397 ], [ -81.444674, 34.077884 ], [ -81.449302, 34.080101 ], [ -81.454164, 34.081858 ], [ -81.455911, 34.083328 ], [ -81.458512, 34.08367 ], [ -81.45991, 34.084317 ], [ -81.463628, 34.087275 ], [ -81.465666, 34.087551 ], [ -81.467665, 34.086036 ], [ -81.468404, 34.08439 ], [ -81.469364, 34.079186 ], [ -81.470024, 34.077872 ], [ -81.470665, 34.077122 ], [ -81.471972, 34.076552 ], [ -81.474112, 34.071705 ], [ -81.478349, 34.06206 ], [ -81.48065, 34.056862 ], [ -81.492397, 34.034257 ], [ -81.495941, 34.027509 ], [ -81.523172, 33.976504 ], [ -81.529131, 33.96556 ], [ -81.530205, 33.963264 ], [ -81.539321, 33.944094 ], [ -81.544216, 33.934034 ], [ -81.547669, 33.926867 ], [ -81.551122, 33.920162 ], [ -81.563242, 33.896937 ], [ -81.565705, 33.892263 ], [ -81.566836, 33.889858 ], [ -81.567949, 33.888735 ], [ -81.568308, 33.888214 ], [ -81.569713, 33.88693 ], [ -81.57018, 33.884115 ], [ -81.571899, 33.879506 ], [ -81.571487, 33.877318 ] ] ] ] } },
{ "type": "Feature", "properties": { "STATEFP": "45", "COUNTYFP": "055", "COUNTYNS": "01248007", "GEOIDFQ": "0500000US45055", "GEOID": "45055", "NAME": "Kershaw", "NAMELSAD": "Kershaw County", "STUSPS": "SC", "STATE_NAME": "South Carolina", "LSAD": "06", "ALAND": 1881916518.0, "AWATER": 35348695.0, "STATE_NAME_HYPHEN": "South-Carolina" }, "geometry": { "type": "MultiPolygon", "coordinates": [ [ [ [ -80.875642, 34.454047 ], [ -80.874627, 34.453799 ], [ -80.870183, 34.449604 ], [ -80.867267, 34.444587 ], [ -80.862335, 34.441198 ], [ -80.856231, 34.4353 ], [ -80.84899, 34.430116 ], [ -80.844199, 34.424445 ], [ -80.838576, 34.418987 ], [ -80.833215, 34.414825 ], [ -80.825651, 34.411865 ], [ -80.820989, 34.412151 ], [ -80.814901, 34.413844 ], [ -80.810669, 34.41461 ], [ -80.805631, 34.413792 ], [ -80.799058, 34.413962 ], [ -80.793478, 34.413298 ], [ -80.788729, 34.410446 ], [ -80.783207, 34.406485 ], [ -80.781882, 34.40387 ], [ -80.781884, 34.402548 ], [ -80.783612, 34.399535 ], [ -80.784377, 34.394671 ], [ -80.783614, 34.38883 ], [ -80.781444, 34.385855 ], [ -80.769926, 34.377111 ], [ -80.777281, 34.362571 ], [ -80.791063, 34.336209 ], [ -80.824286, 34.271935 ], [ -80.825921, 34.26876 ], [ -80.840951, 34.238921 ], [ -80.847919, 34.225698 ], [ -80.857238, 34.206892 ], [ -80.868027, 34.184762 ], [ -80.86913, 34.182866 ], [ -80.868509, 34.181705 ], [ -80.865001, 34.180141 ], [ -80.855304, 34.17582 ], [ -80.851379, 34.174071 ], [ -80.848083, 34.171452 ], [ -80.820096, 34.149169 ], [ -80.80261, 34.135259 ], [ -80.8018, 34.134477 ], [ -80.78716, 34.122956 ], [ -80.775516, 34.11369 ], [ -80.719318, 34.068972 ], [ -80.717174, 34.072652 ], [ -80.71429, 34.073167 ], [ -80.710883, 34.074741 ], [ -80.710028, 34.077069 ], [ -80.706911, 34.078699 ], [ -80.706532, 34.079669 ], [ -80.70359, 34.080985 ], [ -80.702178, 34.080352 ], [ -80.69887, 34.081044 ], [ -80.692965, 34.08128 ], [ -80.692486, 34.080706 ], [ -80.689273, 34.081098 ], [ -80.688275, 34.081972 ], [ -80.687027, 34.081475 ], [ -80.683662, 34.081603 ], [ -80.682159, 34.082893 ], [ -80.677912, 34.083406 ], [ -80.676421, 34.08461 ], [ -80.67297, 34.083732 ], [ -80.669058, 34.083906 ], [ -80.667279, 34.085037 ], [ -80.666614, 34.084453 ], [ -80.663824, 34.085652 ], [ -80.658845, 34.085872 ], [ -80.658325, 34.088774 ], [ -80.655288, 34.089853 ], [ -80.646696, 34.09399 ], [ -80.639534, 34.095633 ], [ -80.636476, 34.096741 ], [ -80.635594, 34.097666 ], [ -80.616186, 34.099605 ], [ -80.618855, 34.100169 ], [ -80.620781, 34.102385 ], [ -80.620313, 34.107377 ], [ -80.618533, 34.10917 ], [ -80.618063, 34.108886 ], [ -80.604403, 34.101671 ], [ -80.58011, 34.099949 ], [ -80.576265, 34.102986 ], [ -80.552255, 34.119264 ], [ -80.549875, 34.1209 ], [ -80.506797, 34.150159 ], [ -80.501987, 34.153705 ], [ -80.497055, 34.156857 ], [ -80.479857, 34.168696 ], [ -80.468837, 34.175631 ], [ -80.464621, 34.178616 ], [ -80.463506, 34.181242 ], [ -80.460865, 34.183315 ], [ -80.45837, 34.188734 ], [ -80.454408, 34.195683 ], [ -80.453955, 34.197153 ], [ -80.452367, 34.198991 ], [ -80.452523, 34.199991 ], [ -80.455697, 34.203981 ], [ -80.454545, 34.207963 ], [ -80.445164, 34.206046 ], [ -80.437497, 34.21674 ], [ -80.433442, 34.222958 ], [ -80.4308, 34.226997 ], [ -80.432048, 34.234692 ], [ -80.432555, 34.239016 ], [ -80.43299, 34.248856 ], [ -80.424057, 34.250703 ], [ -80.426366, 34.254832 ], [ -80.429288, 34.257195 ], [ -80.431036, 34.276632 ], [ -80.432886, 34.278934 ], [ -80.437359, 34.284502 ], [ -80.433464, 34.286932 ], [ -80.421654, 34.294301 ], [ -80.420484, 34.293074 ], [ -80.409063, 34.294317 ], [ -80.406137, 34.294431 ], [ -80.400922, 34.295196 ], [ -80.3975, 34.296479 ], [ -80.396269, 34.297905 ], [ -80.392251, 34.300992 ], [ -80.390131, 34.301847 ], [ -80.386293, 34.302568 ], [ -80.383245, 34.303957 ], [ -80.382004, 34.305188 ], [ -80.380067, 34.305042 ], [ -80.374099, 34.303755 ], [ -80.370019, 34.303829 ], [ -80.362917, 34.30432 ], [ -80.353031, 34.30333 ], [ -80.354223, 34.308008 ], [ -80.35417, 34.312115 ], [ -80.355843, 34.314842 ], [ -80.358806, 34.317118 ], [ -80.362083, 34.321507 ], [ -80.364514, 34.326663 ], [ -80.365772, 34.328153 ], [ -80.363759, 34.339547 ], [ -80.343712, 34.339532 ], [ -80.333985, 34.338344 ], [ -80.332138, 34.338312 ], [ -80.325107, 34.339291 ], [ -80.324609, 34.342103 ], [ -80.326129, 34.344234 ], [ -80.288692, 34.364139 ], [ -80.286936, 34.364572 ], [ -80.288596, 34.366207 ], [ -80.28973, 34.367504 ], [ -80.289007, 34.368685 ], [ -80.288976, 34.370357 ], [ -80.28678, 34.370129 ], [ -80.288192, 34.370923 ], [ -80.287902, 34.371697 ], [ -80.286098, 34.371466 ], [ -80.286624, 34.37302 ], [ -80.285379, 34.375702 ], [ -80.284281, 34.375844 ], [ -80.283965, 34.377723 ], [ -80.285142, 34.379307 ], [ -80.284745, 34.380332 ], [ -80.286411, 34.380894 ], [ -80.286421, 34.381989 ], [ -80.287841, 34.382814 ], [ -80.28483, 34.384246 ], [ -80.28664, 34.384661 ], [ -80.28487, 34.386133 ], [ -80.285967, 34.39229 ], [ -80.285538, 34.393678 ], [ -80.28966, 34.395875 ], [ -80.289543, 34.39371 ], [ -80.291404, 34.392732 ], [ -80.292554, 34.393986 ], [ -80.292495, 34.394999 ], [ -80.295812, 34.394923 ], [ -80.296991, 34.395969 ], [ -80.298678, 34.400105 ], [ -80.300032, 34.400937 ], [ -80.302215, 34.399821 ], [ -80.302282, 34.401259 ], [ -80.301446, 34.404635 ], [ -80.300687, 34.405451 ], [ -80.303008, 34.405812 ], [ -80.301432, 34.407983 ], [ -80.303382, 34.408994 ], [ -80.302957, 34.410885 ], [ -80.305184, 34.411248 ], [ -80.308138, 34.412479 ], [ -80.31037, 34.414924 ], [ -80.310931, 34.416893 ], [ -80.310776, 34.418666 ], [ -80.311584, 34.423254 ], [ -80.311441, 34.42429 ], [ -80.312629, 34.425357 ], [ -80.313728, 34.426027 ], [ -80.313611, 34.424712 ], [ -80.315355, 34.424146 ], [ -80.31576, 34.426135 ], [ -80.317811, 34.426552 ], [ -80.318649, 34.429128 ], [ -80.319666, 34.429442 ], [ -80.319643, 34.42824 ], [ -80.321125, 34.426244 ], [ -80.321399, 34.427586 ], [ -80.323169, 34.429861 ], [ -80.32316, 34.431658 ], [ -80.324174, 34.432299 ], [ -80.323373, 34.432991 ], [ -80.326254, 34.4374 ], [ -80.32516, 34.438103 ], [ -80.326284, 34.439205 ], [ -80.325, 34.439907 ], [ -80.326127, 34.441185 ], [ -80.326279, 34.442111 ], [ -80.324284, 34.444525 ], [ -80.32544, 34.444581 ], [ -80.325321, 34.445919 ], [ -80.326621, 34.44647 ], [ -80.323642, 34.446956 ], [ -80.322726, 34.448892 ], [ -80.323257, 34.449788 ], [ -80.324325, 34.44907 ], [ -80.324842, 34.45021 ], [ -80.327052, 34.45 ], [ -80.328498, 34.452423 ], [ -80.325308, 34.453901 ], [ -80.325394, 34.457013 ], [ -80.32662, 34.456928 ], [ -80.328966, 34.459061 ], [ -80.326791, 34.460365 ], [ -80.327975, 34.463505 ], [ -80.327724, 34.465191 ], [ -80.326204, 34.466276 ], [ -80.326091, 34.46744 ], [ -80.327788, 34.468293 ], [ -80.327198, 34.470764 ], [ -80.327897, 34.47173 ], [ -80.327405, 34.473167 ], [ -80.330084, 34.473011 ], [ -80.330502, 34.474208 ], [ -80.329749, 34.475257 ], [ -80.328857, 34.479295 ], [ -80.32668, 34.480611 ], [ -80.327616, 34.480853 ], [ -80.328233, 34.48309 ], [ -80.329458, 34.485296 ], [ -80.328082, 34.486456 ], [ -80.327722, 34.488097 ], [ -80.326345, 34.488469 ], [ -80.32825, 34.490224 ], [ -80.327643, 34.49064 ], [ -80.327821, 34.493555 ], [ -80.326876, 34.493965 ], [ -80.327741, 34.495046 ], [ -80.329689, 34.495204 ], [ -80.329024, 34.496856 ], [ -80.32759, 34.49776 ], [ -80.328258, 34.498901 ], [ -80.328553, 34.501349 ], [ -80.330071, 34.501141 ], [ -80.331972, 34.503831 ], [ -80.33372, 34.503826 ], [ -80.333107, 34.506334 ], [ -80.330629, 34.508036 ], [ -80.330279, 34.509512 ], [ -80.333505, 34.512081 ], [ -80.33473, 34.511898 ], [ -80.334581, 34.510154 ], [ -80.335814, 34.510567 ], [ -80.339384, 34.514163 ], [ -80.342251, 34.515459 ], [ -80.339954, 34.513096 ], [ -80.342813, 34.51279 ], [ -80.34733, 34.516167 ], [ -80.346417, 34.517222 ], [ -80.347953, 34.517665 ], [ -80.352278, 34.520433 ], [ -80.353634, 34.520901 ], [ -80.353244, 34.522353 ], [ -80.354581, 34.524286 ], [ -80.354385, 34.525763 ], [ -80.354872, 34.529184 ], [ -80.354772, 34.531125 ], [ -80.357935, 34.534484 ], [ -80.357837, 34.53205 ], [ -80.359521, 34.53255 ], [ -80.358673, 34.534521 ], [ -80.358873, 34.536364 ], [ -80.360292, 34.538719 ], [ -80.361995, 34.537528 ], [ -80.363674, 34.538818 ], [ -80.365385, 34.541101 ], [ -80.365721, 34.543208 ], [ -80.367128, 34.545566 ], [ -80.368457, 34.54458 ], [ -80.371062, 34.545323 ], [ -80.372336, 34.546769 ], [ -80.372391, 34.549814 ], [ -80.373577, 34.552006 ], [ -80.373973, 34.554724 ], [ -80.374991, 34.557587 ], [ -80.376789, 34.559208 ], [ -80.377939, 34.561092 ], [ -80.377153, 34.563224 ], [ -80.372627, 34.559477 ], [ -80.371519, 34.559574 ], [ -80.372682, 34.563339 ], [ -80.375787, 34.566118 ], [ -80.376076, 34.566912 ], [ -80.376217, 34.572097 ], [ -80.377028, 34.573458 ], [ -80.378908, 34.574101 ], [ -80.381383, 34.573759 ], [ -80.382738, 34.579179 ], [ -80.382247, 34.580167 ], [ -80.381844, 34.582663 ], [ -80.379339, 34.584536 ], [ -80.379534, 34.585321 ], [ -80.382274, 34.586418 ], [ -80.383375, 34.592193 ], [ -80.38528, 34.594693 ], [ -80.386223, 34.596618 ], [ -80.389888, 34.599448 ], [ -80.392708, 34.599861 ], [ -80.395882, 34.599115 ], [ -80.397311, 34.600245 ], [ -80.398116, 34.601749 ], [ -80.398025, 34.604674 ], [ -80.398486, 34.605601 ], [ -80.400402, 34.606704 ], [ -80.404598, 34.608481 ], [ -80.407298, 34.608582 ], [ -80.407516, 34.609376 ], [ -80.40557, 34.611197 ], [ -80.405657, 34.613004 ], [ -80.408373, 34.614765 ], [ -80.504345, 34.578218 ], [ -80.542847, 34.563311 ], [ -80.550666, 34.559967 ], [ -80.549697, 34.557287 ], [ -80.547483, 34.555408 ], [ -80.547178, 34.554034 ], [ -80.547622, 34.551926 ], [ -80.546606, 34.551358 ], [ -80.544577, 34.549316 ], [ -80.543471, 34.545764 ], [ -80.544606, 34.543084 ], [ -80.542641, 34.540243 ], [ -80.543528, 34.537449 ], [ -80.542421, 34.536624 ], [ -80.541508, 34.533921 ], [ -80.538352, 34.535341 ], [ -80.535973, 34.533943 ], [ -80.534758, 34.5273 ], [ -80.531798, 34.524414 ], [ -80.528616, 34.522833 ], [ -80.527565, 34.521114 ], [ -80.527537, 34.51834 ], [ -80.526931, 34.514746 ], [ -80.524414, 34.513073 ], [ -80.524226, 34.512328 ], [ -80.525217, 34.511447 ], [ -80.525218, 34.510004 ], [ -80.523945, 34.509752 ], [ -80.527322, 34.506546 ], [ -80.526852, 34.505629 ], [ -80.527821, 34.504003 ], [ -80.530284, 34.503706 ], [ -80.533659, 34.504028 ], [ -80.540963, 34.505586 ], [ -80.541848, 34.506617 ], [ -80.54405, 34.507491 ], [ -80.545608, 34.504184 ], [ -80.544984, 34.501847 ], [ -80.545168, 34.500153 ], [ -80.547314, 34.496946 ], [ -80.548559, 34.49357 ], [ -80.548906, 34.493264 ], [ -80.559502, 34.49363 ], [ -80.56715, 34.489519 ], [ -80.576146, 34.489415 ], [ -80.575765, 34.485409 ], [ -80.57937, 34.484569 ], [ -80.582492, 34.492939 ], [ -80.585977, 34.496788 ], [ -80.592052, 34.499743 ], [ -80.593901, 34.501431 ], [ -80.595766, 34.502134 ], [ -80.598025, 34.495187 ], [ -80.604109, 34.4952 ], [ -80.606698, 34.492685 ], [ -80.606587, 34.491003 ], [ -80.608711, 34.49101 ], [ -80.610359, 34.488794 ], [ -80.614278, 34.488808 ], [ -80.61393, 34.49204 ], [ -80.614359, 34.495238 ], [ -80.610214, 34.497747 ], [ -80.61363, 34.499939 ], [ -80.617968, 34.498886 ], [ -80.621039, 34.497112 ], [ -80.623138, 34.497981 ], [ -80.622612, 34.496222 ], [ -80.62561, 34.495236 ], [ -80.629595, 34.498704 ], [ -80.629647, 34.491194 ], [ -80.624796, 34.491174 ], [ -80.622671, 34.491527 ], [ -80.625319, 34.488395 ], [ -80.62617, 34.48681 ], [ -80.626885, 34.483788 ], [ -80.628104, 34.48242 ], [ -80.632105, 34.480609 ], [ -80.631557, 34.483465 ], [ -80.632249, 34.487895 ], [ -80.632213, 34.491433 ], [ -80.637656, 34.491711 ], [ -80.639077, 34.491421 ], [ -80.645601, 34.491548 ], [ -80.646691, 34.490718 ], [ -80.646834, 34.488919 ], [ -80.645589, 34.486664 ], [ -80.645245, 34.483746 ], [ -80.646825, 34.48247 ], [ -80.653473, 34.479319 ], [ -80.655866, 34.479831 ], [ -80.658417, 34.478612 ], [ -80.660777, 34.481793 ], [ -80.661873, 34.483266 ], [ -80.670152, 34.4895 ], [ -80.670963, 34.49102 ], [ -80.673778, 34.492176 ], [ -80.676062, 34.493116 ], [ -80.67806, 34.497583 ], [ -80.680888, 34.499437 ], [ -80.682201, 34.501048 ], [ -80.681918, 34.504312 ], [ -80.682801, 34.507009 ], [ -80.685449, 34.509097 ], [ -80.68765, 34.513534 ], [ -80.689079, 34.515324 ], [ -80.691142, 34.514802 ], [ -80.697525, 34.514576 ], [ -80.698162, 34.515967 ], [ -80.700049, 34.515342 ], [ -80.699856, 34.514045 ], [ -80.700586, 34.512846 ], [ -80.704099, 34.510361 ], [ -80.706277, 34.509783 ], [ -80.707558, 34.506913 ], [ -80.709185, 34.505115 ], [ -80.709503, 34.503021 ], [ -80.708985, 34.501905 ], [ -80.709834, 34.50036 ], [ -80.71132, 34.495383 ], [ -80.712023, 34.492018 ], [ -80.713217, 34.490193 ], [ -80.712998, 34.487906 ], [ -80.713641, 34.487263 ], [ -80.71884, 34.48636 ], [ -80.720605, 34.484809 ], [ -80.722039, 34.484687 ], [ -80.7249, 34.483449 ], [ -80.727197, 34.483427 ], [ -80.729427, 34.482244 ], [ -80.730689, 34.482331 ], [ -80.735036, 34.481324 ], [ -80.737772, 34.482587 ], [ -80.739966, 34.479957 ], [ -80.741314, 34.481339 ], [ -80.741701, 34.484951 ], [ -80.74372, 34.486405 ], [ -80.745247, 34.488658 ], [ -80.745597, 34.491174 ], [ -80.744199, 34.494153 ], [ -80.740167, 34.50011 ], [ -80.739548, 34.505573 ], [ -80.740106, 34.507377 ], [ -80.74178, 34.508003 ], [ -80.7448, 34.510131 ], [ -80.745617, 34.512591 ], [ -80.742449, 34.517547 ], [ -80.741397, 34.521865 ], [ -80.739745, 34.523883 ], [ -80.739558, 34.526507 ], [ -80.738881, 34.528675 ], [ -80.739252, 34.530381 ], [ -80.738802, 34.532248 ], [ -80.73869, 34.536029 ], [ -80.737674, 34.539497 ], [ -80.739937, 34.539965 ], [ -80.743345, 34.539916 ], [ -80.853284, 34.473039 ], [ -80.864745, 34.46592 ], [ -80.86782, 34.463809 ], [ -80.873421, 34.460405 ], [ -80.875443, 34.459833 ], [ -80.879227, 34.457776 ], [ -80.875642, 34.454047 ] ] ] ] } },
{ "type": "Feature", "properties": { "STATEFP": "45", "COUNTYFP": "089", "COUNTYNS": "01248018", "GEOIDFQ": "0500000US45089", "GEOID": "45089", "NAME": "Williamsburg", "NAMELSAD": "Williamsburg County", "STUSPS": "SC", "STATE_NAME": "South Carolina", "LSAD": "06", "ALAND": 2419477550.0, "AWATER": 7461492.0, "STATE_NAME_HYPHEN": "South-Carolina" }, "geometry": { "type": "MultiPolygon", "coordinates": [ [ [ [ -80.099987, 33.497382 ], [ -80.098025, 33.499512 ], [ -80.09594, 33.499611 ], [ -80.09559, 33.497831 ], [ -80.096712, 33.495776 ], [ -80.095867, 33.495446 ], [ -80.093834, 33.496537 ], [ -80.093061, 33.498886 ], [ -80.094117, 33.501567 ], [ -80.093832, 33.502965 ], [ -80.091534, 33.50318 ], [ -80.087118, 33.500167 ], [ -80.084656, 33.499984 ], [ -80.083931, 33.501044 ], [ -80.082171, 33.505728 ], [ -80.079889, 33.506874 ], [ -80.075507, 33.506625 ], [ -80.073486, 33.507172 ], [ -80.070749, 33.506594 ], [ -80.064581, 33.505728 ], [ -80.057498, 33.50558 ], [ -80.053441, 33.505694 ], [ -80.048651, 33.506373 ], [ -80.042478, 33.500949 ], [ -80.039966, 33.501728 ], [ -80.037958, 33.50541 ], [ -80.036558, 33.50683 ], [ -80.034715, 33.506822 ], [ -80.033263, 33.505709 ], [ -80.032882, 33.501668 ], [ -80.031722, 33.500907 ], [ -80.029363, 33.501507 ], [ -80.028059, 33.503106 ], [ -80.027484, 33.504713 ], [ -80.02526, 33.506441 ], [ -80.023949, 33.506291 ], [ -80.021472, 33.503692 ], [ -80.020557, 33.502179 ], [ -80.021281, 33.499207 ], [ -80.020477, 33.498423 ], [ -80.018569, 33.498305 ], [ -80.01661, 33.500167 ], [ -80.015368, 33.503987 ], [ -80.013963, 33.5051 ], [ -80.012136, 33.505172 ], [ -80.009618, 33.503743 ], [ -80.005361, 33.502539 ], [ -80.00364, 33.500167 ], [ -80.004637, 33.497167 ], [ -80.004447, 33.495734 ], [ -80.001893, 33.49472 ], [ -80.000141, 33.494827 ], [ -79.997867, 33.497042 ], [ -79.9969, 33.499224 ], [ -79.997067, 33.500543 ], [ -79.998989, 33.503257 ], [ -80.000344, 33.504306 ], [ -80.000355, 33.505589 ], [ -79.998831, 33.506686 ], [ -79.996226, 33.506841 ], [ -79.991861, 33.504596 ], [ -79.990804, 33.502089 ], [ -79.991271, 33.500166 ], [ -79.989787, 33.498297 ], [ -79.986256, 33.497921 ], [ -79.983977, 33.499259 ], [ -79.982241, 33.499673 ], [ -79.979527, 33.499179 ], [ -79.977471, 33.497898 ], [ -79.975479, 33.497617 ], [ -79.973882, 33.500166 ], [ -79.971963, 33.500937 ], [ -79.964557, 33.498642 ], [ -79.960892, 33.494446 ], [ -79.959038, 33.493365 ], [ -79.954641, 33.492386 ], [ -79.952932, 33.491368 ], [ -79.951571, 33.486906 ], [ -79.950231, 33.485911 ], [ -79.946217, 33.48434 ], [ -79.943807, 33.483022 ], [ -79.941151, 33.480834 ], [ -79.9411, 33.47667 ], [ -79.940109, 33.475726 ], [ -79.938371, 33.47591 ], [ -79.936126, 33.477784 ], [ -79.934769, 33.47773 ], [ -79.932628, 33.475584 ], [ -79.930271, 33.472194 ], [ -79.927901, 33.470404 ], [ -79.924132, 33.46868 ], [ -79.920395, 33.465577 ], [ -79.915391, 33.464184 ], [ -79.913144, 33.46113 ], [ -79.910226, 33.455713 ], [ -79.90785, 33.454868 ], [ -79.904187, 33.456236 ], [ -79.902145, 33.455348 ], [ -79.90279, 33.452618 ], [ -79.903553, 33.45142 ], [ -79.903119, 33.450426 ], [ -79.901412, 33.450144 ], [ -79.899888, 33.452146 ], [ -79.89957, 33.454521 ], [ -79.897011, 33.454856 ], [ -79.894146, 33.45365 ], [ -79.890044, 33.448561 ], [ -79.888225, 33.447613 ], [ -79.884577, 33.446393 ], [ -79.880153, 33.442822 ], [ -79.879456, 33.441616 ], [ -79.878505, 33.437879 ], [ -79.876316, 33.435311 ], [ -79.872797, 33.434673 ], [ -79.870218, 33.435286 ], [ -79.868225, 33.434482 ], [ -79.86704, 33.432307 ], [ -79.867282, 33.430557 ], [ -79.868539, 33.429266 ], [ -79.871623, 33.427896 ], [ -79.875909, 33.428525 ], [ -79.877632, 33.428471 ], [ -79.878674, 33.427056 ], [ -79.877516, 33.42444 ], [ -79.876133, 33.424085 ], [ -79.871569, 33.423918 ], [ -79.869817, 33.423047 ], [ -79.867776, 33.419927 ], [ -79.863491, 33.419211 ], [ -79.861303, 33.417789 ], [ -79.860164, 33.41511 ], [ -79.860991, 33.410498 ], [ -79.860795, 33.408508 ], [ -79.854987, 33.406346 ], [ -79.854764, 33.403904 ], [ -79.85477, 33.402924 ], [ -79.851313, 33.401346 ], [ -79.848509, 33.401423 ], [ -79.84544, 33.400618 ], [ -79.840222, 33.398011 ], [ -79.838992, 33.396484 ], [ -79.838108, 33.392316 ], [ -79.835825, 33.390552 ], [ -79.831658, 33.389599 ], [ -79.828276, 33.387924 ], [ -79.824736, 33.386626 ], [ -79.819073, 33.38507 ], [ -79.813862, 33.382321 ], [ -79.812035, 33.380024 ], [ -79.809591, 33.375088 ], [ -79.808275, 33.373284 ], [ -79.807011, 33.372588 ], [ -79.802457, 33.372206 ], [ -79.8008, 33.372634 ], [ -79.798003, 33.3744 ], [ -79.796391, 33.377639 ], [ -79.794969, 33.377948 ], [ -79.794013, 33.377679 ], [ -79.792707, 33.376039 ], [ -79.791646, 33.373497 ], [ -79.790398, 33.373158 ], [ -79.78612, 33.376029 ], [ -79.784163, 33.376126 ], [ -79.783761, 33.375151 ], [ -79.786219, 33.373269 ], [ -79.786449, 33.372023 ], [ -79.783883, 33.369402 ], [ -79.781638, 33.36822 ], [ -79.781159, 33.366667 ], [ -79.781669, 33.363956 ], [ -79.78047, 33.362452 ], [ -79.778304, 33.361933 ], [ -79.777635, 33.360898 ], [ -79.778549, 33.359147 ], [ -79.776498, 33.35783 ], [ -79.773958, 33.357645 ], [ -79.771768, 33.356162 ], [ -79.770806, 33.353258 ], [ -79.767863, 33.349748 ], [ -79.767918, 33.344612 ], [ -79.766868, 33.343994 ], [ -79.763228, 33.343791 ], [ -79.761392, 33.342248 ], [ -79.761229, 33.34033 ], [ -79.761527, 33.335569 ], [ -79.760669, 33.334815 ], [ -79.757508, 33.334414 ], [ -79.755267, 33.335257 ], [ -79.754449, 33.33447 ], [ -79.756382, 33.330186 ], [ -79.75542, 33.329451 ], [ -79.752119, 33.330501 ], [ -79.749795, 33.330358 ], [ -79.744204, 33.327444 ], [ -79.741153, 33.322308 ], [ -79.739957, 33.321606 ], [ -79.734814, 33.320169 ], [ -79.73211, 33.319988 ], [ -79.726835, 33.322119 ], [ -79.724531, 33.3217 ], [ -79.721903, 33.319274 ], [ -79.719203, 33.318633 ], [ -79.714462, 33.319935 ], [ -79.7128, 33.320913 ], [ -79.709576, 33.321246 ], [ -79.708593, 33.320756 ], [ -79.706281, 33.318327 ], [ -79.704539, 33.317675 ], [ -79.701703, 33.318246 ], [ -79.700369, 33.31805 ], [ -79.699301, 33.317626 ], [ -79.695413, 33.314044 ], [ -79.692092, 33.312714 ], [ -79.689393, 33.310763 ], [ -79.681515, 33.306465 ], [ -79.677716, 33.305182 ], [ -79.677014, 33.304944 ], [ -79.672812, 33.30978 ], [ -79.67275, 33.310657 ], [ -79.674334, 33.312336 ], [ -79.679516, 33.316452 ], [ -79.680491, 33.317633 ], [ -79.680883, 33.319604 ], [ -79.677246, 33.336762 ], [ -79.674694, 33.339388 ], [ -79.66975, 33.34257 ], [ -79.669439, 33.343097 ], [ -79.658665, 33.353845 ], [ -79.655594, 33.358598 ], [ -79.653474, 33.360652 ], [ -79.650832, 33.362268 ], [ -79.634419, 33.372146 ], [ -79.633804, 33.372633 ], [ -79.632513, 33.374435 ], [ -79.626205, 33.388593 ], [ -79.625592, 33.389718 ], [ -79.610809, 33.406219 ], [ -79.60579, 33.413612 ], [ -79.602593, 33.418275 ], [ -79.600971, 33.41943 ], [ -79.595994, 33.421548 ], [ -79.5911, 33.441867 ], [ -79.59011, 33.44354 ], [ -79.583817, 33.44977 ], [ -79.580551, 33.452998 ], [ -79.574228, 33.459234 ], [ -79.561553, 33.471587 ], [ -79.559839, 33.472595 ], [ -79.557966, 33.47504 ], [ -79.553301, 33.478851 ], [ -79.552015, 33.480758 ], [ -79.544986, 33.487217 ], [ -79.545288, 33.490903 ], [ -79.539673, 33.495956 ], [ -79.53808, 33.496896 ], [ -79.504379, 33.51314 ], [ -79.496313, 33.517469 ], [ -79.493051, 33.520755 ], [ -79.484842, 33.534736 ], [ -79.483331, 33.536771 ], [ -79.457209, 33.5581 ], [ -79.455547, 33.558721 ], [ -79.435889, 33.572509 ], [ -79.433639, 33.576709 ], [ -79.435541, 33.578853 ], [ -79.441221, 33.592838 ], [ -79.442474, 33.59596 ], [ -79.435636, 33.615585 ], [ -79.433288, 33.621552 ], [ -79.430284, 33.629025 ], [ -79.429085, 33.631176 ], [ -79.425493, 33.635794 ], [ -79.419842, 33.648468 ], [ -79.419552, 33.649447 ], [ -79.418978, 33.659296 ], [ -79.418503, 33.667289 ], [ -79.418088, 33.668521 ], [ -79.411088, 33.685825 ], [ -79.409997, 33.687916 ], [ -79.392345, 33.712177 ], [ -79.39162, 33.712779 ], [ -79.37747, 33.722668 ], [ -79.374678, 33.724769 ], [ -79.372474, 33.726931 ], [ -79.359599, 33.740107 ], [ -79.346554, 33.755334 ], [ -79.345606, 33.757362 ], [ -79.340968, 33.769792 ], [ -79.338757, 33.77358 ], [ -79.337764, 33.774605 ], [ -79.332437, 33.777054 ], [ -79.325584, 33.777337 ], [ -79.323169, 33.777441 ], [ -79.31896, 33.779596 ], [ -79.317041, 33.779878 ], [ -79.319664, 33.785434 ], [ -79.322257, 33.787335 ], [ -79.323277, 33.788741 ], [ -79.320443, 33.790511 ], [ -79.320129, 33.791254 ], [ -79.321353, 33.792896 ], [ -79.323988, 33.794965 ], [ -79.324858, 33.797383 ], [ -79.324317, 33.799123 ], [ -79.326287, 33.799393 ], [ -79.32698, 33.800264 ], [ -79.329669, 33.799841 ], [ -79.330799, 33.800271 ], [ -79.332834, 33.802512 ], [ -79.331412, 33.804812 ], [ -79.33601, 33.802625 ], [ -79.340393, 33.802796 ], [ -79.341172, 33.804171 ], [ -79.344442, 33.805393 ], [ -79.344233, 33.80829 ], [ -79.345452, 33.809426 ], [ -79.349978, 33.811583 ], [ -79.350406, 33.813936 ], [ -79.352229, 33.815135 ], [ -79.354557, 33.814715 ], [ -79.356283, 33.815172 ], [ -79.361496, 33.81478 ], [ -79.363554, 33.815948 ], [ -79.365255, 33.816176 ], [ -79.367726, 33.818419 ], [ -79.370415, 33.818602 ], [ -79.376445, 33.817086 ], [ -79.379079, 33.817294 ], [ -79.382645, 33.818577 ], [ -79.385197, 33.817456 ], [ -79.386021, 33.816196 ], [ -79.385529, 33.814205 ], [ -79.384048, 33.812555 ], [ -79.384049, 33.81157 ], [ -79.386547, 33.809098 ], [ -79.386905, 33.807449 ], [ -79.388798, 33.807289 ], [ -79.394505, 33.805253 ], [ -79.397169, 33.802643 ], [ -79.397197, 33.801177 ], [ -79.399255, 33.800628 ], [ -79.404796, 33.801684 ], [ -79.409871, 33.801569 ], [ -79.414287, 33.800105 ], [ -79.418678, 33.799441 ], [ -79.424604, 33.79564 ], [ -79.428966, 33.794999 ], [ -79.433273, 33.792892 ], [ -79.434398, 33.790762 ], [ -79.437608, 33.788976 ], [ -79.441533, 33.784387 ], [ -79.444463, 33.784579 ], [ -79.448959, 33.78457 ], [ -79.450287, 33.784083 ], [ -79.450555, 33.783984 ], [ -79.458827, 33.781068 ], [ -79.463291, 33.782867 ], [ -79.467651, 33.781779 ], [ -79.468115, 33.781748 ], [ -79.471177, 33.78412 ], [ -79.473316, 33.783747 ], [ -79.494462, 33.777173 ], [ -79.496466, 33.775372 ], [ -79.496486, 33.775357 ], [ -79.60247, 33.800782 ], [ -79.620116, 33.804963 ], [ -79.62481, 33.805806 ], [ -79.63488, 33.808359 ], [ -79.635856, 33.810028 ], [ -79.636773, 33.813767 ], [ -79.635808, 33.818038 ], [ -79.639456, 33.817708 ], [ -79.642256, 33.816518 ], [ -79.644013, 33.814344 ], [ -79.6464, 33.815718 ], [ -79.648885, 33.815261 ], [ -79.651752, 33.814093 ], [ -79.655292, 33.81469 ], [ -79.6596, 33.814233 ], [ -79.66292, 33.813386 ], [ -79.666515, 33.813364 ], [ -79.668682, 33.814006 ], [ -79.669944, 33.815151 ], [ -79.672496, 33.815633 ], [ -79.677327, 33.814694 ], [ -79.678643, 33.814082 ], [ -79.679028, 33.811259 ], [ -79.682678, 33.810457 ], [ -79.68523, 33.808396 ], [ -79.686684, 33.805716 ], [ -79.687973, 33.804914 ], [ -79.690964, 33.805922 ], [ -79.691622, 33.80764 ], [ -79.693598, 33.808235 ], [ -79.696781, 33.810663 ], [ -79.697467, 33.811992 ], [ -79.699635, 33.814007 ], [ -79.705673, 33.813755 ], [ -79.710392, 33.813914 ], [ -79.716731, 33.815333 ], [ -79.718378, 33.815264 ], [ -79.721944, 33.814232 ], [ -79.724936, 33.814552 ], [ -79.726088, 33.815697 ], [ -79.728751, 33.816819 ], [ -79.731964, 33.820002 ], [ -79.734628, 33.823528 ], [ -79.73762, 33.825817 ], [ -79.73946, 33.827832 ], [ -79.740037, 33.829413 ], [ -79.742399, 33.832733 ], [ -79.743388, 33.835056 ], [ -79.76719, 33.835245 ], [ -79.768786, 33.835261 ], [ -79.79837, 33.835562 ], [ -79.802756, 33.841234 ], [ -79.827386, 33.873101 ], [ -79.829293, 33.875117 ], [ -79.834881, 33.882601 ], [ -79.847156, 33.884487 ], [ -79.849437, 33.88757 ], [ -79.854891, 33.891738 ], [ -79.866427, 33.884322 ], [ -79.87562, 33.885245 ], [ -79.896743, 33.849655 ], [ -79.897267, 33.848404 ], [ -79.911244, 33.825324 ], [ -79.915305, 33.818648 ], [ -79.926224, 33.813648 ], [ -79.933105, 33.810741 ], [ -79.934967, 33.810413 ], [ -79.944505, 33.810214 ], [ -79.95233, 33.803537 ], [ -79.968322, 33.790058 ], [ -79.98716, 33.774139 ], [ -79.995638, 33.767906 ], [ -79.974382, 33.72159 ], [ -79.975754, 33.721621 ], [ -79.978385, 33.71949 ], [ -79.979288, 33.716421 ], [ -79.98274, 33.712159 ], [ -79.985014, 33.710074 ], [ -79.986027, 33.707325 ], [ -79.988794, 33.705628 ], [ -79.993233, 33.704458 ], [ -79.999797, 33.68926 ], [ -80.000234, 33.687932 ], [ -80.019349, 33.648936 ], [ -80.020879, 33.645804 ], [ -80.026832, 33.636031 ], [ -80.031414, 33.626693 ], [ -80.038376, 33.613693 ], [ -80.054283, 33.582588 ], [ -80.073068, 33.549179 ], [ -80.09357, 33.511816 ], [ -80.101697, 33.496891 ], [ -80.099987, 33.497382 ] ] ] ] } },
{ "type": "Feature", "properties": { "STATEFP": "45", "COUNTYFP": "013", "COUNTYNS": "01247984", "GEOIDFQ": "0500000US45013", "GEOID": "45013", "NAME": "Beaufort", "NAMELSAD": "Beaufort County", "STUSPS": "SC", "STATE_NAME": "South Carolina", "LSAD": "06", "ALAND": 1491889108.0, "AWATER": 900045411.0, "STATE_NAME_HYPHEN": "South-Carolina" }, "geometry": { "type": "MultiPolygon", "coordinates": [ [ [ [ -81.016027, 32.241156 ], [ -81.013588, 32.236449 ], [ -81.012452, 32.236226 ], [ -81.013146, 32.233986 ], [ -81.014292, 32.232865 ], [ -81.014316, 32.23096 ], [ -81.013306, 32.225329 ], [ -81.012005, 32.221808 ], [ -81.012738, 32.220179 ], [ -81.012368, 32.218232 ], [ -81.010669, 32.217729 ], [ -81.007561, 32.219086 ], [ -81.006897, 32.217976 ], [ -81.00843, 32.218113 ], [ -81.009613, 32.216679 ], [ -81.009025, 32.21481 ], [ -81.007942, 32.21611 ], [ -81.006149, 32.21587 ], [ -81.006577, 32.213188 ], [ -81.00903, 32.214276 ], [ -81.009961, 32.213413 ], [ -81.008269, 32.211867 ], [ -81.005958, 32.211455 ], [ -81.005288, 32.208393 ], [ -81.003949, 32.206488 ], [ -81.002679, 32.206155 ], [ -81.000554, 32.20692 ], [ -80.998245, 32.204604 ], [ -80.996144, 32.200598 ], [ -80.997575, 32.198085 ], [ -80.995612, 32.198144 ], [ -80.994227, 32.197379 ], [ -80.99462, 32.196358 ], [ -80.996236, 32.197025 ], [ -80.998891, 32.197104 ], [ -81.000138, 32.196122 ], [ -80.99836, 32.194375 ], [ -80.995566, 32.193334 ], [ -80.990441, 32.190232 ], [ -80.993027, 32.18927 ], [ -80.993812, 32.187955 ], [ -80.992357, 32.187896 ], [ -80.988455, 32.189702 ], [ -80.988016, 32.192136 ], [ -80.986931, 32.193373 ], [ -80.985592, 32.19243 ], [ -80.985177, 32.188563 ], [ -80.984092, 32.188464 ], [ -80.982129, 32.190251 ], [ -80.980051, 32.190427 ], [ -80.979012, 32.189818 ], [ -80.978505, 32.18599 ], [ -80.976589, 32.185263 ], [ -80.973103, 32.185812 ], [ -80.971094, 32.185517 ], [ -80.968902, 32.183102 ], [ -80.967539, 32.183494 ], [ -80.964791, 32.185378 ], [ -80.96239, 32.184965 ], [ -80.961583, 32.184022 ], [ -80.962068, 32.182059 ], [ -80.966132, 32.181412 ], [ -80.968579, 32.180255 ], [ -80.969503, 32.178017 ], [ -80.969319, 32.176211 ], [ -80.968174, 32.17588 ], [ -80.965718, 32.176563 ], [ -80.963501, 32.17882 ], [ -80.961815, 32.179467 ], [ -80.960661, 32.178741 ], [ -80.960225, 32.17395 ], [ -80.958817, 32.1734 ], [ -80.956, 32.175421 ], [ -80.954107, 32.175362 ], [ -80.95293, 32.174105 ], [ -80.952077, 32.171493 ], [ -80.951237, 32.170806 ], [ -80.948593, 32.169077 ], [ -80.948423, 32.167386 ], [ -80.95021, 32.166761 ], [ -80.953557, 32.166939 ], [ -80.956604, 32.166233 ], [ -80.95762, 32.165036 ], [ -80.956813, 32.163897 ], [ -80.95312, 32.163091 ], [ -80.951159, 32.162246 ], [ -80.950513, 32.161264 ], [ -80.950331, 32.156493 ], [ -80.95174, 32.154864 ], [ -80.952134, 32.15135 ], [ -80.954351, 32.148916 ], [ -80.953705, 32.147365 ], [ -80.95096, 32.145421 ], [ -80.950822, 32.143948 ], [ -80.953016, 32.141554 ], [ -80.955162, 32.142085 ], [ -80.956684, 32.144225 ], [ -80.959544, 32.145973 ], [ -80.960121, 32.146739 ], [ -80.959427, 32.150234 ], [ -80.961019, 32.151883 ], [ -80.964942, 32.151767 ], [ -80.968266, 32.149314 ], [ -80.968959, 32.147665 ], [ -80.969307, 32.143188 ], [ -80.967254, 32.140734 ], [ -80.964209, 32.138436 ], [ -80.96227, 32.138278 ], [ -80.958924, 32.13867 ], [ -80.958002, 32.137727 ], [ -80.959456, 32.135706 ], [ -80.961672, 32.134018 ], [ -80.961903, 32.133252 ], [ -80.961351, 32.129365 ], [ -80.961859, 32.127323 ], [ -80.961468, 32.126224 ], [ -80.959714, 32.126223 ], [ -80.956136, 32.130659 ], [ -80.953436, 32.131561 ], [ -80.951429, 32.130579 ], [ -80.949446, 32.129027 ], [ -80.946908, 32.128849 ], [ -80.943685, 32.135168 ], [ -80.941319, 32.137328 ], [ -80.939243, 32.136934 ], [ -80.935621, 32.135165 ], [ -80.934052, 32.135066 ], [ -80.930427, 32.138127 ], [ -80.928535, 32.138577 ], [ -80.927358, 32.138125 ], [ -80.92616, 32.136141 ], [ -80.926047, 32.133295 ], [ -80.924964, 32.131075 ], [ -80.924111, 32.130584 ], [ -80.921158, 32.130052 ], [ -80.918619, 32.131287 ], [ -80.915062, 32.134838 ], [ -80.912523, 32.13572 ], [ -80.909456, 32.134736 ], [ -80.907254, 32.131014 ], [ -80.912619, 32.127595 ], [ -80.923182, 32.125207 ], [ -80.926766, 32.124035 ], [ -80.928281, 32.122225 ], [ -80.928313, 32.121411 ], [ -80.92693, 32.119453 ], [ -80.919432, 32.117008 ], [ -80.900573, 32.111617 ], [ -80.899642, 32.111123 ], [ -80.895659, 32.107702 ], [ -80.895419, 32.106346 ], [ -80.896604, 32.102545 ], [ -80.90568, 32.093251 ], [ -80.91024, 32.087915 ], [ -80.911701, 32.085396 ], [ -80.912046, 32.082817 ], [ -80.910545, 32.079923 ], [ -80.908111, 32.078172 ], [ -80.903801, 32.07689 ], [ -80.899262, 32.077712 ], [ -80.896432, 32.07961 ], [ -80.891132, 32.08141 ], [ -80.886804, 32.081694 ], [ -80.879995, 32.081809 ], [ -80.8793131, 32.0810313 ], [ -80.876141, 32.081807 ], [ -80.873798, 32.0823 ], [ -80.872128, 32.082878 ], [ -80.864647, 32.092672 ], [ -80.8598695, 32.0982551 ], [ -80.858735, 32.099581 ], [ -80.848007, 32.108893 ], [ -80.844207, 32.115522 ], [ -80.842424, 32.117837 ], [ -80.8315225, 32.1142511 ], [ -80.828394, 32.113222 ], [ -80.82153, 32.108589 ], [ -80.812503, 32.109746 ], [ -80.8056924, 32.1136036 ], [ -80.789996, 32.122494 ], [ -80.7708747, 32.1317788 ], [ -80.7703398, 32.1320385 ], [ -80.770102, 32.132154 ], [ -80.759729, 32.136865 ], [ -80.7483053, 32.1422137 ], [ -80.739939, 32.146131 ], [ -80.7304012, 32.1524683 ], [ -80.729899, 32.152802 ], [ -80.729231900000016, 32.1534301 ], [ -80.721524, 32.160688 ], [ -80.7177676, 32.1647932 ], [ -80.714286, 32.168598 ], [ -80.707662, 32.177875 ], [ -80.7015243, 32.1864745 ], [ -80.70019, 32.188344 ], [ -80.6884988, 32.2008376 ], [ -80.686276, 32.203213 ], [ -80.678958, 32.2083137 ], [ -80.6778127, 32.2091119 ], [ -80.671652, 32.213406 ], [ -80.6702976, 32.2152459 ], [ -80.669166, 32.216783 ], [ -80.667877, 32.22068 ], [ -80.669792, 32.223427 ], [ -80.672224, 32.229505 ], [ -80.677845, 32.236406 ], [ -80.6785429, 32.237051 ], [ -80.682297, 32.24052 ], [ -80.686512, 32.24419 ], [ -80.693264, 32.246982 ], [ -80.697756, 32.250204 ], [ -80.6983983, 32.2506738 ], [ -80.705898, 32.256159 ], [ -80.717796, 32.266974 ], [ -80.720864, 32.268007 ], [ -80.722634, 32.267484 ], [ -80.727079, 32.270552 ], [ -80.730121, 32.270499 ], [ -80.731547, 32.268891 ], [ -80.7318057, 32.2687744 ], [ -80.736005, 32.266882 ], [ -80.738083, 32.264168 ], [ -80.7407381, 32.2639185 ], [ -80.742361, 32.263766 ], [ -80.743787, 32.266077 ], [ -80.745926, 32.266881 ], [ -80.750442, 32.270599 ], [ -80.755438, 32.275945 ], [ -80.761257, 32.280044 ], [ -80.765416, 32.285972 ], [ -80.766038, 32.292608 ], [ -80.7603348, 32.2990478 ], [ -80.75345, 32.306822 ], [ -80.746826, 32.305509 ], [ -80.742661, 32.303416 ], [ -80.741002, 32.303784 ], [ -80.739695, 32.305176 ], [ -80.737118, 32.306029 ], [ -80.737994, 32.310396 ], [ -80.738812, 32.313766 ], [ -80.733637, 32.319469 ], [ -80.7283248, 32.3219039 ], [ -80.722216, 32.324704 ], [ -80.714601, 32.325656 ], [ -80.7086826, 32.3238941 ], [ -80.708145, 32.323734 ], [ -80.699653, 32.315233 ], [ -80.698471, 32.310658 ], [ -80.688527, 32.302849 ], [ -80.682182, 32.3003411 ], [ -80.679376, 32.299232 ], [ -80.673791, 32.29642 ], [ -80.668251, 32.297836 ], [ -80.654304, 32.294067 ], [ -80.644794, 32.291497 ], [ -80.645261, 32.288082 ], [ -80.6439002, 32.2788455 ], [ -80.643011, 32.27281 ], [ -80.644035, 32.268674 ], [ -80.646458, 32.265072 ], [ -80.645388, 32.260852 ], [ -80.639921, 32.258641 ], [ -80.63297, 32.256925 ], [ -80.62369, 32.258059 ], [ -80.619837, 32.262259 ], [ -80.613658, 32.265273 ], [ -80.609023, 32.267886 ], [ -80.606408, 32.272508 ], [ -80.598684, 32.276929 ], [ -80.595, 32.279743 ], [ -80.588464, 32.282656 ], [ -80.58171, 32.2782 ], [ -80.581472, 32.276492 ], [ -80.576243, 32.275285 ], [ -80.566429, 32.278374 ], [ -80.563258, 32.280723 ], [ -80.548636, 32.285601 ], [ -80.544471, 32.290321 ], [ -80.538773, 32.290281 ], [ -80.521371, 32.299608 ], [ -80.503885, 32.307491 ], [ -80.5038394, 32.3074774 ], [ -80.499378, 32.306143 ], [ -80.478569, 32.314633 ], [ -80.459687, 32.320743 ], [ -80.456691, 32.3212915 ], [ -80.453296, 32.321913 ], [ -80.4532121, 32.3221214 ], [ -80.452856, 32.323006 ], [ -80.455059, 32.326789 ], [ -80.462718, 32.333416 ], [ -80.464389, 32.336161 ], [ -80.463700500000016, 32.3397988 ], [ -80.463642, 32.340108 ], [ -80.458933, 32.341157 ], [ -80.455719, 32.33924 ], [ -80.454005, 32.339267 ], [ -80.444214, 32.354935 ], [ -80.440141, 32.367855 ], [ -80.435992, 32.375042 ], [ -80.4302788, 32.3875112 ], [ -80.429291, 32.389667 ], [ -80.4291236, 32.3913011 ], [ -80.428302, 32.399321 ], [ -80.4283635, 32.3997393 ], [ -80.429218, 32.405548 ], [ -80.43296, 32.410659 ], [ -80.435565, 32.412459 ], [ -80.440746, 32.413374 ], [ -80.443004, 32.411267 ], [ -80.4449101, 32.4111351 ], [ -80.457502, 32.410264 ], [ -80.461534, 32.412893 ], [ -80.467588, 32.425259 ], [ -80.469638, 32.43376 ], [ -80.475439, 32.442227 ], [ -80.479409, 32.445754 ], [ -80.4801038, 32.4477847 ], [ -80.4819272, 32.4531142 ], [ -80.484617, 32.460976 ], [ -80.48234, 32.461818 ], [ -80.479884, 32.463991 ], [ -80.476882, 32.467913 ], [ -80.477837, 32.472004 ], [ -80.481297, 32.475588 ], [ -80.4770408, 32.485446 ], [ -80.480672, 32.486846 ], [ -80.486441, 32.487895 ], [ -80.489334, 32.489569 ], [ -80.493265, 32.491215 ], [ -80.502944, 32.495652 ], [ -80.504616, 32.496947 ], [ -80.506153, 32.500185 ], [ -80.506002, 32.502431 ], [ -80.507975, 32.505207 ], [ -80.51408, 32.513897 ], [ -80.51776, 32.519136 ], [ -80.529719, 32.522751 ], [ -80.536483, 32.529224 ], [ -80.540527, 32.5431 ], [ -80.54109, 32.545482 ], [ -80.547669, 32.556702 ], [ -80.551504, 32.565769 ], [ -80.554106, 32.566577 ], [ -80.5574, 32.566197 ], [ -80.558936, 32.561265 ], [ -80.558939, 32.555209 ], [ -80.560521, 32.552665 ], [ -80.562437, 32.550957 ], [ -80.566016, 32.550943 ], [ -80.568443, 32.552964 ], [ -80.568433, 32.556564 ], [ -80.564596, 32.563848 ], [ -80.565224, 32.565488 ], [ -80.567312, 32.566438 ], [ -80.576555, 32.56507 ], [ -80.582823, 32.566199 ], [ -80.584206, 32.567728 ], [ -80.583589, 32.570731 ], [ -80.576166, 32.577761 ], [ -80.575952, 32.581062 ], [ -80.579835, 32.584273 ], [ -80.582526, 32.585583 ], [ -80.586358, 32.586172 ], [ -80.59115, 32.584964 ], [ -80.595794, 32.582379 ], [ -80.599788, 32.581047 ], [ -80.603224, 32.581775 ], [ -80.60723, 32.589156 ], [ -80.609914, 32.590029 ], [ -80.611662, 32.589871 ], [ -80.618673, 32.582239 ], [ -80.620881, 32.5812 ], [ -80.625361, 32.582341 ], [ -80.627375, 32.584087 ], [ -80.629624, 32.590703 ], [ -80.630837, 32.591725 ], [ -80.63377, 32.592648 ], [ -80.644263, 32.594422 ], [ -80.647828, 32.596371 ], [ -80.65136, 32.600838 ], [ -80.659751, 32.612683 ], [ -80.660655, 32.615141 ], [ -80.659449, 32.61801 ], [ -80.655149, 32.62217 ], [ -80.653833, 32.625183 ], [ -80.654396, 32.626877 ], [ -80.657272, 32.628521 ], [ -80.659747, 32.628123 ], [ -80.661896, 32.627176 ], [ -80.66464, 32.625182 ], [ -80.668463, 32.622831 ], [ -80.669961, 32.622465 ], [ -80.672987, 32.622997 ], [ -80.675147, 32.625182 ], [ -80.675868, 32.629124 ], [ -80.675313, 32.631454 ], [ -80.673961, 32.632908 ], [ -80.671534, 32.633957 ], [ -80.660667, 32.633864 ], [ -80.658638, 32.635115 ], [ -80.658123, 32.637614 ], [ -80.658483, 32.639404 ], [ -80.660693, 32.64328 ], [ -80.664047, 32.64566 ], [ -80.666448, 32.645704 ], [ -80.676277, 32.642494 ], [ -80.67823, 32.642666 ], [ -80.680061, 32.643913 ], [ -80.681618, 32.647083 ], [ -80.683135, 32.652383 ], [ -80.684494, 32.654613 ], [ -80.684853, 32.656097 ], [ -80.684341, 32.659 ], [ -80.682907, 32.661434 ], [ -80.680527, 32.662846 ], [ -80.675346, 32.661846 ], [ -80.671059, 32.661636 ], [ -80.668854, 32.663574 ], [ -80.66774, 32.665535 ], [ -80.668144, 32.667492 ], [ -80.669456, 32.670025 ], [ -80.67115, 32.671642 ], [ -80.674385, 32.672409 ], [ -80.680092, 32.672783 ], [ -80.685875, 32.672806 ], [ -80.688054, 32.670513 ], [ -80.690041, 32.667269 ], [ -80.69251, 32.666524 ], [ -80.699516, 32.665474 ], [ -80.703327, 32.664586 ], [ -80.705117, 32.665339 ], [ -80.705732, 32.667861 ], [ -80.705216, 32.669651 ], [ -80.706497, 32.673244 ], [ -80.708496, 32.673592 ], [ -80.712627, 32.672851 ], [ -80.715575, 32.673152 ], [ -80.716811, 32.674163 ], [ -80.716935, 32.67727 ], [ -80.718353, 32.679501 ], [ -80.721619, 32.680244 ], [ -80.724821, 32.678307 ], [ -80.725815, 32.676888 ], [ -80.72617, 32.674929 ], [ -80.728534, 32.673663 ], [ -80.73059, 32.674788 ], [ -80.731995, 32.679581 ], [ -80.733406, 32.680801 ], [ -80.736176, 32.682102 ], [ -80.739243, 32.682304 ], [ -80.740593, 32.678253 ], [ -80.743027, 32.676418 ], [ -80.744888, 32.674229 ], [ -80.747116, 32.674637 ], [ -80.750229, 32.674133 ], [ -80.753173, 32.674377 ], [ -80.754944, 32.675555 ], [ -80.758286, 32.679398 ], [ -80.759727, 32.679558 ], [ -80.760872, 32.678562 ], [ -80.761683, 32.676573 ], [ -80.763252, 32.675369 ], [ -80.765622, 32.675267 ], [ -80.767784, 32.676556 ], [ -80.767799, 32.677731 ], [ -80.76595, 32.679425 ], [ -80.767197, 32.681145 ], [ -80.768631, 32.681477 ], [ -80.769615, 32.680683 ], [ -80.771232, 32.676927 ], [ -80.772659, 32.676239 ], [ -80.774254, 32.678635 ], [ -80.777817, 32.680733 ], [ -80.778191, 32.681805 ], [ -80.776489, 32.683201 ], [ -80.776184, 32.684582 ], [ -80.776894, 32.686047 ], [ -80.778305, 32.68692 ], [ -80.780121, 32.686787 ], [ -80.780861, 32.685635 ], [ -80.780441, 32.682674 ], [ -80.781258, 32.681786 ], [ -80.7826, 32.681751 ], [ -80.783821, 32.684025 ], [ -80.784904, 32.684097 ], [ -80.787256, 32.682484 ], [ -80.788841, 32.683594 ], [ -80.78684, 32.684633 ], [ -80.786377, 32.687466 ], [ -80.787483, 32.688221 ], [ -80.788811, 32.687775 ], [ -80.789215, 32.685757 ], [ -80.790247, 32.684914 ], [ -80.792206, 32.685619 ], [ -80.790688, 32.686884 ], [ -80.79245, 32.687969 ], [ -80.794695, 32.68617 ], [ -80.796562, 32.68837 ], [ -80.797447, 32.6884 ], [ -80.799065, 32.68668 ], [ -80.800026, 32.686855 ], [ -80.802505, 32.690907 ], [ -80.804214, 32.691345 ], [ -80.805908, 32.689304 ], [ -80.807877, 32.689438 ], [ -80.809153, 32.691308 ], [ -80.809235, 32.69268 ], [ -80.80735, 32.693954 ], [ -80.807724, 32.694637 ], [ -80.809998, 32.694332 ], [ -80.810638, 32.696838 ], [ -80.811356, 32.697426 ], [ -80.8128, 32.69713 ], [ -80.813009, 32.695033 ], [ -80.816666, 32.696251 ], [ -80.818192, 32.698483 ], [ -80.820755, 32.697403 ], [ -80.820938, 32.696236 ], [ -80.822731, 32.696896 ], [ -80.821564, 32.698929 ], [ -80.824425, 32.699276 ], [ -80.825294, 32.700027 ], [ -80.824188, 32.700703 ], [ -80.824501, 32.702766 ], [ -80.826309, 32.704321 ], [ -80.830153, 32.70364 ], [ -80.833756, 32.702171 ], [ -80.837213, 32.699821 ], [ -80.857214, 32.675955 ], [ -80.858785, 32.674024 ], [ -80.869705, 32.660935 ], [ -80.866265, 32.654653 ], [ -80.863396, 32.64621 ], [ -80.86232, 32.644634 ], [ -80.860838, 32.64366 ], [ -80.858942, 32.641341 ], [ -80.857956, 32.640038 ], [ -80.857673, 32.639514 ], [ -80.8573, 32.637634 ], [ -80.855904, 32.637829 ], [ -80.855888, 32.636211 ], [ -80.854651, 32.636095 ], [ -80.8547, 32.635641 ], [ -80.855064, 32.635391 ], [ -80.855736, 32.635273 ], [ -80.856087, 32.634968 ], [ -80.856079, 32.634762 ], [ -80.854904, 32.63335 ], [ -80.854492, 32.633709 ], [ -80.853889, 32.635231 ], [ -80.853081, 32.634809 ], [ -80.852348, 32.632225 ], [ -80.850014, 32.631687 ], [ -80.848305, 32.632553 ], [ -80.84949, 32.630583 ], [ -80.849431, 32.630202 ], [ -80.847961, 32.629745 ], [ -80.847397, 32.626152 ], [ -80.84584, 32.62513 ], [ -80.846039, 32.623486 ], [ -80.847771, 32.620777 ], [ -80.85006, 32.618214 ], [ -80.849937, 32.616524 ], [ -80.848442, 32.614857 ], [ -80.842735, 32.612553 ], [ -80.836548, 32.608845 ], [ -80.835487, 32.606205 ], [ -80.835365, 32.602936 ], [ -80.835983, 32.600552 ], [ -80.835594, 32.599277 ], [ -80.832249, 32.596363 ], [ -80.831543, 32.593388 ], [ -80.832504, 32.590282 ], [ -80.834763, 32.585072 ], [ -80.835999, 32.578766 ], [ -80.834602, 32.572262 ], [ -80.835083, 32.56419 ], [ -80.839207, 32.557509 ], [ -80.836051, 32.547002 ], [ -80.835978, 32.544044 ], [ -80.837851, 32.539278 ], [ -80.847733, 32.530057 ], [ -80.836013, 32.518161 ], [ -80.828283, 32.502719 ], [ -80.825228, 32.499788 ], [ -80.823328, 32.497188 ], [ -80.820228, 32.490788 ], [ -80.819179, 32.485942 ], [ -80.818229, 32.481288 ], [ -80.817429, 32.472589 ], [ -80.817729, 32.46569 ], [ -80.81869, 32.463935 ], [ -80.823429, 32.462989 ], [ -80.827904, 32.46273 ], [ -80.830165, 32.462093 ], [ -80.830853, 32.460585 ], [ -80.833929, 32.45689 ], [ -80.834659, 32.455325 ], [ -80.834831, 32.454984 ], [ -80.839829, 32.444591 ], [ -80.841246, 32.442375 ], [ -80.846528, 32.431504 ], [ -80.847729, 32.428991 ], [ -80.849729, 32.422891 ], [ -80.850197, 32.416307 ], [ -80.847973, 32.411642 ], [ -80.845136, 32.411174 ], [ -80.842929, 32.412092 ], [ -80.840229, 32.414192 ], [ -80.837648, 32.415042 ], [ -80.834852, 32.414914 ], [ -80.832084, 32.413719 ], [ -80.82924, 32.41147 ], [ -80.83243, 32.408077 ], [ -80.834411, 32.404992 ], [ -80.835229, 32.402793 ], [ -80.842329, 32.394692 ], [ -80.842896, 32.393391 ], [ -80.84167, 32.390852 ], [ -80.840971, 32.387439 ], [ -80.841936, 32.3849 ], [ -80.844392, 32.384904 ], [ -80.847853, 32.383943 ], [ -80.849393, 32.380434 ], [ -80.85056, 32.379365 ], [ -80.854651, 32.378573 ], [ -80.858805, 32.3797 ], [ -80.859406, 32.377274 ], [ -80.861343, 32.376434 ], [ -80.862106, 32.37442 ], [ -80.86151, 32.373512 ], [ -80.873715, 32.369059 ], [ -80.86964, 32.364982 ], [ -80.868487, 32.363726 ], [ -80.874341, 32.359225 ], [ -80.875932, 32.355435 ], [ -80.877594, 32.345901 ], [ -80.881105, 32.346178 ], [ -80.890877, 32.347542 ], [ -80.890801, 32.351477 ], [ -80.892054, 32.353731 ], [ -80.899455, 32.353948 ], [ -80.909557, 32.354345 ], [ -80.91058, 32.354245 ], [ -80.921883, 32.351834 ], [ -80.923198, 32.351284 ], [ -80.924459, 32.350289 ], [ -80.926137, 32.347451 ], [ -80.927306, 32.345057 ], [ -80.927913, 32.343101 ], [ -80.928394, 32.340395 ], [ -80.928478, 32.339006 ], [ -80.928363, 32.333214 ], [ -80.928495, 32.332323 ], [ -80.928775, 32.331302 ], [ -80.929017, 32.330692 ], [ -80.934125, 32.321151 ], [ -80.934486, 32.317848 ], [ -80.93459, 32.316056 ], [ -80.934697, 32.31388 ], [ -80.935143, 32.305812 ], [ -80.935171, 32.305394 ], [ -80.935187, 32.304453 ], [ -80.93494, 32.300108 ], [ -80.936101, 32.300251 ], [ -80.942031, 32.300897 ], [ -80.945851, 32.301455 ], [ -80.955718, 32.302672 ], [ -80.963784, 32.303666 ], [ -80.976733, 32.305261 ], [ -80.981674, 32.30587 ], [ -80.98505, 32.306001 ], [ -80.993441, 32.306222 ], [ -80.998004, 32.306342 ], [ -81.002314, 32.306454 ], [ -81.006369, 32.306521 ], [ -81.00544, 32.302692 ], [ -81.004429, 32.300798 ], [ -81.003028, 32.299902 ], [ -80.998657, 32.298038 ], [ -80.997459, 32.296383 ], [ -80.996696, 32.29393 ], [ -80.994209, 32.290558 ], [ -80.99482, 32.288601 ], [ -80.996796, 32.284794 ], [ -80.997543, 32.28133 ], [ -80.996681, 32.277184 ], [ -80.994728, 32.274704 ], [ -80.992462, 32.272724 ], [ -80.991531, 32.270458 ], [ -80.991677, 32.267546 ], [ -80.994129, 32.267522 ], [ -80.995793, 32.263783 ], [ -80.995653, 32.261998 ], [ -81.000474, 32.255351 ], [ -81.001763, 32.254162 ], [ -81.004925, 32.250695 ], [ -81.010391, 32.249845 ], [ -81.014379, 32.246586 ], [ -81.016112, 32.244294 ], [ -81.016027, 32.241156 ] ] ] ] } },
{ "type": "Feature", "properties": { "STATEFP": "45", "COUNTYFP": "007", "COUNTYNS": "01247981", "GEOIDFQ": "0500000US45007", "GEOID": "45007", "NAME": "Anderson", "NAMELSAD": "Anderson County", "STUSPS": "SC", "STATE_NAME": "South Carolina", "LSAD": "06", "ALAND": 1848876935.0, "AWATER": 108544449.0, "STATE_NAME_HYPHEN": "South-Carolina" }, "geometry": { "type": "MultiPolygon", "coordinates": [ [ [ [ -82.992217, 34.4792078 ], [ -82.979746, 34.482938 ], [ -82.977402, 34.481754 ], [ -82.974917, 34.47935 ], [ -82.966448, 34.482351 ], [ -82.964241, 34.484571 ], [ -82.963242, 34.484363 ], [ -82.958548, 34.479554 ], [ -82.955706, 34.478901 ], [ -82.948228, 34.480492 ], [ -82.947806, 34.482074 ], [ -82.943987, 34.485515 ], [ -82.937155, 34.486382 ], [ -82.930823, 34.485649 ], [ -82.926156, 34.481651 ], [ -82.920736, 34.482339 ], [ -82.917736, 34.484168 ], [ -82.9074963, 34.4858104 ], [ -82.901551, 34.486764 ], [ -82.892593, 34.48119 ], [ -82.887398, 34.480959 ], [ -82.880793, 34.471886 ], [ -82.8809534, 34.4708727 ], [ -82.881174, 34.469479 ], [ -82.873869, 34.464467 ], [ -82.871846, 34.461189 ], [ -82.865345, 34.460319 ], [ -82.858837, 34.45522 ], [ -82.860124, 34.45284 ], [ -82.856827, 34.443422 ], [ -82.8555468, 34.4417446 ], [ -82.855483, 34.441661 ], [ -82.854011, 34.428818 ], [ -82.849626, 34.425678 ], [ -82.8485667, 34.4232248 ], [ -82.846906, 34.419379 ], [ -82.848028, 34.418329 ], [ -82.847446, 34.412049 ], [ -82.846574, 34.4101471 ], [ -82.8415263, 34.3991385 ], [ -82.84145, 34.398972 ], [ -82.841997, 34.392503 ], [ -82.841357, 34.390135 ], [ -82.836673, 34.383142 ], [ -82.835975, 34.380909 ], [ -82.835206, 34.371718 ], [ -82.8348826, 34.3673387 ], [ -82.834806, 34.366302 ], [ -82.833317, 34.363952 ], [ -82.826728, 34.360525 ], [ -82.824905, 34.360413 ], [ -82.815641, 34.353908 ], [ -82.81377, 34.353935 ], [ -82.81285, 34.351831 ], [ -82.79875, 34.341904 ], [ -82.794701, 34.34058 ], [ -82.793539, 34.338295 ], [ -82.791235, 34.331048 ], [ -82.792064, 34.326759 ], [ -82.7912765, 34.3248307 ], [ -82.790167, 34.322114 ], [ -82.787239, 34.310778 ], [ -82.781768, 34.302413 ], [ -82.781812, 34.297917 ], [ -82.7737717, 34.2887156 ], [ -82.771688, 34.286331 ], [ -82.766075, 34.282066 ], [ -82.762329, 34.281952 ], [ -82.761108, 34.280399 ], [ -82.753914, 34.275452 ], [ -82.750641, 34.27113 ], [ -82.746656, 34.266407 ], [ -82.748535, 34.2641 ], [ -82.747712, 34.260701 ], [ -82.745825, 34.258356 ], [ -82.745627900000017, 34.2550784 ], [ -82.745627399999989, 34.255070599999989 ], [ -82.745567, 34.254066 ], [ -82.743004, 34.251381 ], [ -82.743088, 34.247982 ], [ -82.74472, 34.246311 ], [ -82.74443, 34.242004 ], [ -82.743492, 34.239895 ], [ -82.742081, 34.228962 ], [ -82.744354, 34.225925 ], [ -82.744003, 34.224407 ], [ -82.740505, 34.220012 ], [ -82.740356, 34.218632 ], [ -82.74238, 34.213766 ], [ -82.7420185, 34.2117487 ], [ -82.683782, 34.248006 ], [ -82.662309, 34.261112 ], [ -82.620871, 34.286416 ], [ -82.620049, 34.286918 ], [ -82.603353, 34.297411 ], [ -82.578511, 34.313315 ], [ -82.568748, 34.319516 ], [ -82.509062, 34.357739 ], [ -82.466296, 34.385412 ], [ -82.45646, 34.391786 ], [ -82.431059, 34.408247 ], [ -82.399899, 34.428444 ], [ -82.391855, 34.433658 ], [ -82.387485, 34.436491 ], [ -82.379037, 34.441967 ], [ -82.376845, 34.443387 ], [ -82.313871, 34.484335 ], [ -82.314357, 34.485361 ], [ -82.316515, 34.486292 ], [ -82.318698, 34.485639 ], [ -82.31973, 34.487794 ], [ -82.319433, 34.490113 ], [ -82.321714, 34.490902 ], [ -82.325877, 34.490723 ], [ -82.326378, 34.491426 ], [ -82.325886, 34.493787 ], [ -82.3273, 34.495741 ], [ -82.331645, 34.497454 ], [ -82.333204, 34.499671 ], [ -82.337064, 34.501769 ], [ -82.338928, 34.501834 ], [ -82.341943, 34.500607 ], [ -82.342383, 34.499356 ], [ -82.34378, 34.499996 ], [ -82.344104, 34.502363 ], [ -82.343806, 34.504547 ], [ -82.345205, 34.506909 ], [ -82.345219, 34.507956 ], [ -82.343499, 34.510637 ], [ -82.344029, 34.512231 ], [ -82.347335, 34.512255 ], [ -82.348275, 34.511589 ], [ -82.349398, 34.509359 ], [ -82.351118, 34.510193 ], [ -82.352659, 34.511075 ], [ -82.354733, 34.513244 ], [ -82.357439, 34.51311 ], [ -82.364221, 34.515438 ], [ -82.364923, 34.51665 ], [ -82.365347, 34.519874 ], [ -82.370547, 34.521831 ], [ -82.371705, 34.522892 ], [ -82.372204, 34.52531 ], [ -82.375833, 34.526507 ], [ -82.3763, 34.527135 ], [ -82.376691, 34.529276 ], [ -82.380281, 34.53143 ], [ -82.383946, 34.534921 ], [ -82.385182, 34.538086 ], [ -82.386344, 34.539333 ], [ -82.39058, 34.541561 ], [ -82.392291, 34.543735 ], [ -82.394278, 34.544254 ], [ -82.397164, 34.544016 ], [ -82.402726, 34.544944 ], [ -82.405637, 34.54504 ], [ -82.409997, 34.546632 ], [ -82.412604, 34.548455 ], [ -82.417293, 34.55345 ], [ -82.418829, 34.555879 ], [ -82.419637, 34.557133 ], [ -82.420243, 34.559096 ], [ -82.420236, 34.560933 ], [ -82.418293, 34.563323 ], [ -82.419485, 34.568664 ], [ -82.42288, 34.572369 ], [ -82.425348, 34.573094 ], [ -82.425886, 34.573956 ], [ -82.424658, 34.575702 ], [ -82.421615, 34.577117 ], [ -82.421557, 34.578331 ], [ -82.423254, 34.581083 ], [ -82.424002, 34.584587 ], [ -82.423362, 34.587215 ], [ -82.425024, 34.588136 ], [ -82.42722, 34.588364 ], [ -82.427728, 34.589638 ], [ -82.427385, 34.591315 ], [ -82.428033, 34.592354 ], [ -82.429551, 34.592387 ], [ -82.429981, 34.595126 ], [ -82.428386, 34.597192 ], [ -82.428348, 34.59887 ], [ -82.43439, 34.603545 ], [ -82.435927, 34.605105 ], [ -82.438942, 34.606464 ], [ -82.440701, 34.605821 ], [ -82.442388, 34.606202 ], [ -82.443825, 34.607277 ], [ -82.444276, 34.608372 ], [ -82.442651, 34.609085 ], [ -82.439044, 34.609884 ], [ -82.438225, 34.610704 ], [ -82.438525, 34.611875 ], [ -82.441681, 34.612076 ], [ -82.443598, 34.613791 ], [ -82.44393, 34.615186 ], [ -82.447679, 34.61635 ], [ -82.449407, 34.617733 ], [ -82.449762, 34.619316 ], [ -82.446717, 34.623372 ], [ -82.448583, 34.624479 ], [ -82.450975, 34.623454 ], [ -82.452935, 34.62377 ], [ -82.453849, 34.626723 ], [ -82.452149, 34.630771 ], [ -82.453451, 34.636373 ], [ -82.449649, 34.636769 ], [ -82.449636, 34.639973 ], [ -82.454324, 34.643306 ], [ -82.455201, 34.645051 ], [ -82.454841, 34.64851 ], [ -82.457294, 34.650729 ], [ -82.456221, 34.653682 ], [ -82.455894, 34.657279 ], [ -82.457465, 34.657487 ], [ -82.461877, 34.655463 ], [ -82.463132, 34.655773 ], [ -82.465048, 34.658293 ], [ -82.463036, 34.660367 ], [ -82.464039, 34.664414 ], [ -82.466503, 34.665184 ], [ -82.467709, 34.66705 ], [ -82.467042, 34.667963 ], [ -82.46499, 34.667791 ], [ -82.463213, 34.669671 ], [ -82.465018, 34.671753 ], [ -82.464645, 34.67237 ], [ -82.461709, 34.671232 ], [ -82.458808, 34.672651 ], [ -82.457643, 34.677501 ], [ -82.4578, 34.678383 ], [ -82.456701, 34.680259 ], [ -82.457425, 34.682343 ], [ -82.459445, 34.683816 ], [ -82.463864, 34.685628 ], [ -82.459039, 34.68865 ], [ -82.458703, 34.690854 ], [ -82.46172, 34.691398 ], [ -82.4631, 34.693437 ], [ -82.462911, 34.694842 ], [ -82.461937, 34.696071 ], [ -82.458472, 34.697235 ], [ -82.456878, 34.699522 ], [ -82.462952, 34.701607 ], [ -82.462974, 34.704039 ], [ -82.465334, 34.705364 ], [ -82.465403, 34.706023 ], [ -82.465166, 34.708799 ], [ -82.464491, 34.710327 ], [ -82.462688, 34.710977 ], [ -82.459749, 34.708726 ], [ -82.458708, 34.709038 ], [ -82.456998, 34.710823 ], [ -82.45741, 34.71424 ], [ -82.459299, 34.715651 ], [ -82.463789, 34.716402 ], [ -82.46495, 34.717102 ], [ -82.464667, 34.719063 ], [ -82.465538, 34.72124 ], [ -82.464443, 34.72484 ], [ -82.464211, 34.731003 ], [ -82.463424, 34.734087 ], [ -82.463495, 34.73676 ], [ -82.462664, 34.737829 ], [ -82.459746, 34.738865 ], [ -82.459417, 34.739928 ], [ -82.460443, 34.741748 ], [ -82.46325, 34.743728 ], [ -82.463426, 34.744885 ], [ -82.460069, 34.745926 ], [ -82.458639, 34.748033 ], [ -82.455269, 34.750221 ], [ -82.455144, 34.750683 ], [ -82.458096, 34.753776 ], [ -82.45836, 34.755609 ], [ -82.455517, 34.757717 ], [ -82.455458, 34.758795 ], [ -82.457095, 34.761618 ], [ -82.45454, 34.76461 ], [ -82.451453, 34.768789 ], [ -82.452081, 34.776427 ], [ -82.455037, 34.777218 ], [ -82.458249, 34.779078 ], [ -82.458397, 34.779177 ], [ -82.459732, 34.78161 ], [ -82.458688, 34.784626 ], [ -82.459508, 34.78669 ], [ -82.458892, 34.788317 ], [ -82.462248, 34.792964 ], [ -82.462147, 34.794603 ], [ -82.460734, 34.795964 ], [ -82.460939, 34.796664 ], [ -82.464135, 34.796632 ], [ -82.466126, 34.797457 ], [ -82.467991, 34.79717 ], [ -82.469349, 34.798126 ], [ -82.469655, 34.799188 ], [ -82.469309, 34.800575 ], [ -82.468113, 34.801862 ], [ -82.470367, 34.803597 ], [ -82.472082, 34.804136 ], [ -82.474241, 34.803265 ], [ -82.475256, 34.80196 ], [ -82.476579, 34.802182 ], [ -82.476679, 34.803285 ], [ -82.473824, 34.807119 ], [ -82.47538, 34.808374 ], [ -82.475129, 34.810428 ], [ -82.475763, 34.811241 ], [ -82.477708, 34.811678 ], [ -82.479922, 34.813548 ], [ -82.482097, 34.815967 ], [ -82.484719, 34.817772 ], [ -82.485093, 34.819357 ], [ -82.486412, 34.817898 ], [ -82.487034, 34.819004 ], [ -82.490183, 34.817438 ], [ -82.512549, 34.80658 ], [ -82.528411, 34.798872 ], [ -82.53001, 34.798095 ], [ -82.534071, 34.796122 ], [ -82.53826, 34.794085 ], [ -82.54377, 34.791405 ], [ -82.544013, 34.79129 ], [ -82.544255, 34.791172 ], [ -82.545341, 34.790645 ], [ -82.546567, 34.790048 ], [ -82.554825, 34.786035 ], [ -82.576155, 34.775669 ], [ -82.630591, 34.749214 ], [ -82.635427, 34.746864 ], [ -82.673761, 34.728235 ], [ -82.675643, 34.72732 ], [ -82.723061, 34.704243 ], [ -82.744237, 34.693917 ], [ -82.781628, 34.675655 ], [ -82.781677, 34.675631 ], [ -82.787568, 34.672734 ], [ -82.789888, 34.670579 ], [ -82.795134, 34.665631 ], [ -82.795298, 34.665477 ], [ -82.796444, 34.664397 ], [ -82.797815, 34.663096 ], [ -82.800277, 34.660788 ], [ -82.800442, 34.660633 ], [ -82.801574, 34.659567 ], [ -82.805456, 34.655907 ], [ -82.809283, 34.652297 ], [ -82.832767, 34.63015 ], [ -82.840009, 34.623311 ], [ -82.841971, 34.621463 ], [ -82.84395, 34.619544 ], [ -82.844503, 34.619016 ], [ -82.845093, 34.618518 ], [ -82.854415, 34.609718 ], [ -82.85546, 34.609075 ], [ -82.855296, 34.60889 ], [ -82.862354, 34.602223 ], [ -82.865266, 34.599471 ], [ -82.873309, 34.591875 ], [ -82.902463, 34.564311 ], [ -82.903082, 34.563726 ], [ -82.916484, 34.551059 ], [ -82.927375, 34.540759 ], [ -82.947679, 34.521535 ], [ -82.981271, 34.489724 ], [ -82.985262, 34.48592 ], [ -82.986568, 34.484685 ], [ -82.992217, 34.4792078 ] ] ] ] } },
{ "type": "Feature", "properties": { "STATEFP": "45", "COUNTYFP": "069", "COUNTYNS": "01248011", "GEOIDFQ": "0500000US45069", "GEOID": "45069", "NAME": "Marlboro", "NAMELSAD": "Marlboro County", "STUSPS": "SC", "STATE_NAME": "South Carolina", "LSAD": "06", "ALAND": 1242867263.0, "AWATER": 14489019.0, "STATE_NAME_HYPHEN": "South-Carolina" }, "geometry": { "type": "MultiPolygon", "coordinates": [ [ [ [ -79.934621, 34.797577 ], [ -79.933125, 34.79061 ], [ -79.932779, 34.786874 ], [ -79.931986, 34.782926 ], [ -79.930438, 34.779346 ], [ -79.929123, 34.773105 ], [ -79.92809, 34.769875 ], [ -79.926208, 34.766534 ], [ -79.92524, 34.765296 ], [ -79.922284, 34.763297 ], [ -79.916734, 34.760584 ], [ -79.913254, 34.758042 ], [ -79.909735, 34.7546 ], [ -79.904068, 34.751721 ], [ -79.894608, 34.743587 ], [ -79.893039, 34.741964 ], [ -79.891796, 34.739896 ], [ -79.887471, 34.730999 ], [ -79.885927, 34.726774 ], [ -79.881826, 34.721056 ], [ -79.880438, 34.719553 ], [ -79.879738, 34.718889 ], [ -79.878719, 34.716828 ], [ -79.876997, 34.711083 ], [ -79.875685, 34.708235 ], [ -79.8753, 34.707205 ], [ -79.874275, 34.704995 ], [ -79.873789, 34.699416 ], [ -79.873716, 34.698155 ], [ -79.872941, 34.69563 ], [ -79.871959, 34.693841 ], [ -79.861215, 34.680286 ], [ -79.859388, 34.677789 ], [ -79.855712, 34.67394 ], [ -79.851378, 34.670999 ], [ -79.84793, 34.670192 ], [ -79.84255, 34.669829 ], [ -79.840801, 34.669489 ], [ -79.838216, 34.667375 ], [ -79.832498, 34.659484 ], [ -79.830454, 34.657212 ], [ -79.829312, 34.65673 ], [ -79.826076, 34.656565 ], [ -79.820762, 34.658587 ], [ -79.816868, 34.658677 ], [ -79.814934, 34.65767 ], [ -79.812152, 34.655348 ], [ -79.809845, 34.651965 ], [ -79.808357, 34.650777 ], [ -79.803902, 34.649251 ], [ -79.798631, 34.648659 ], [ -79.79561, 34.647596 ], [ -79.795461, 34.646283 ], [ -79.797984, 34.644085 ], [ -79.800783, 34.642287 ], [ -79.801779, 34.640763 ], [ -79.800592, 34.637668 ], [ -79.796545, 34.635994 ], [ -79.792609, 34.633697 ], [ -79.790202, 34.631831 ], [ -79.789261, 34.62996 ], [ -79.790732, 34.626456 ], [ -79.790369, 34.623564 ], [ -79.785596, 34.618924 ], [ -79.783746, 34.617672 ], [ -79.778249, 34.614868 ], [ -79.777815, 34.614293 ], [ -79.777627, 34.612209 ], [ -79.778463, 34.61114 ], [ -79.781862, 34.608445 ], [ -79.784081, 34.607254 ], [ -79.789493, 34.606102 ], [ -79.793785, 34.606147 ], [ -79.795114, 34.606727 ], [ -79.798907, 34.609788 ], [ -79.803132, 34.609663 ], [ -79.80618, 34.605755 ], [ -79.808323, 34.601681 ], [ -79.809121, 34.599013 ], [ -79.80907, 34.595518 ], [ -79.808348, 34.589332 ], [ -79.80881, 34.584727 ], [ -79.810377, 34.580835 ], [ -79.811709, 34.57842 ], [ -79.815547, 34.57533 ], [ -79.817664, 34.573177 ], [ -79.81889, 34.57056 ], [ -79.81963, 34.565212 ], [ -79.820558, 34.560745 ], [ -79.823122, 34.553436 ], [ -79.823468, 34.549991 ], [ -79.824034, 34.548468 ], [ -79.826673, 34.545429 ], [ -79.828515, 34.542185 ], [ -79.828789, 34.540653 ], [ -79.828471, 34.537544 ], [ -79.828602, 34.534308 ], [ -79.829981, 34.531925 ], [ -79.832718, 34.528084 ], [ -79.833014, 34.526439 ], [ -79.832566, 34.524861 ], [ -79.829246, 34.520277 ], [ -79.829756, 34.51717 ], [ -79.832673, 34.514569 ], [ -79.833489, 34.513434 ], [ -79.833379, 34.510258 ], [ -79.832212, 34.508633 ], [ -79.826788, 34.503023 ], [ -79.822993, 34.500737 ], [ -79.821208, 34.500156 ], [ -79.816804, 34.498359 ], [ -79.814885, 34.497192 ], [ -79.812801, 34.494357 ], [ -79.811919, 34.492033 ], [ -79.811083, 34.488421 ], [ -79.809472, 34.486079 ], [ -79.806146, 34.484584 ], [ -79.803511, 34.484759 ], [ -79.801406, 34.48757 ], [ -79.799881, 34.490843 ], [ -79.796426, 34.491619 ], [ -79.794877, 34.490445 ], [ -79.790503, 34.485296 ], [ -79.788039, 34.484303 ], [ -79.787237, 34.485194 ], [ -79.788019, 34.48966 ], [ -79.787818, 34.490731 ], [ -79.782927, 34.497769 ], [ -79.781942, 34.498272 ], [ -79.778374, 34.498113 ], [ -79.770102, 34.496266 ], [ -79.76909, 34.496528 ], [ -79.767841, 34.498931 ], [ -79.769745, 34.500747 ], [ -79.770555, 34.50645 ], [ -79.770471, 34.508475 ], [ -79.769193, 34.51022 ], [ -79.765297, 34.512251 ], [ -79.76388, 34.514423 ], [ -79.764004, 34.518314 ], [ -79.763278, 34.519069 ], [ -79.761609, 34.518697 ], [ -79.759029, 34.516658 ], [ -79.753698, 34.514572 ], [ -79.752115, 34.51353 ], [ -79.75125, 34.511912 ], [ -79.75139, 34.509104 ], [ -79.754578, 34.505569 ], [ -79.754415, 34.50414 ], [ -79.749784, 34.50234 ], [ -79.746937, 34.499757 ], [ -79.742717, 34.498233 ], [ -79.738359, 34.49869 ], [ -79.733681, 34.498775 ], [ -79.730355, 34.498186 ], [ -79.727827, 34.496824 ], [ -79.72658, 34.495523 ], [ -79.725154, 34.492899 ], [ -79.721901, 34.48802 ], [ -79.721794, 34.485416 ], [ -79.723402, 34.483799 ], [ -79.72732, 34.481479 ], [ -79.730881, 34.478836 ], [ -79.732381, 34.477138 ], [ -79.732785, 34.475301 ], [ -79.731721, 34.471888 ], [ -79.730411, 34.469175 ], [ -79.730522, 34.467942 ], [ -79.731692, 34.46638 ], [ -79.734312, 34.465992 ], [ -79.73615, 34.467384 ], [ -79.738971, 34.468091 ], [ -79.742718, 34.467334 ], [ -79.749274, 34.467963 ], [ -79.751804, 34.466495 ], [ -79.752446, 34.464653 ], [ -79.752791, 34.457485 ], [ -79.749784, 34.45085 ], [ -79.748984, 34.44749 ], [ -79.74909, 34.444959 ], [ -79.750782, 34.439673 ], [ -79.750566, 34.436797 ], [ -79.748743, 34.435419 ], [ -79.745984, 34.434058 ], [ -79.742148, 34.430219 ], [ -79.738764, 34.427477 ], [ -79.735572, 34.425365 ], [ -79.734027, 34.423659 ], [ -79.731181, 34.419596 ], [ -79.727555, 34.416967 ], [ -79.725012, 34.417243 ], [ -79.72303, 34.418616 ], [ -79.721283, 34.419152 ], [ -79.719899, 34.418696 ], [ -79.718441, 34.417088 ], [ -79.719448, 34.414744 ], [ -79.721748, 34.411501 ], [ -79.721952, 34.408679 ], [ -79.720737, 34.40712 ], [ -79.718541, 34.405703 ], [ -79.717038, 34.403442 ], [ -79.7165, 34.399643 ], [ -79.71824, 34.398196 ], [ -79.72115, 34.397421 ], [ -79.722106, 34.395827 ], [ -79.721314, 34.392463 ], [ -79.720143, 34.392049 ], [ -79.718445, 34.392576 ], [ -79.715279, 34.394374 ], [ -79.713974, 34.395967 ], [ -79.713142, 34.398215 ], [ -79.713132, 34.400867 ], [ -79.712613, 34.402099 ], [ -79.71043, 34.402706 ], [ -79.709355, 34.402445 ], [ -79.706428, 34.399825 ], [ -79.704842, 34.399071 ], [ -79.703474, 34.399333 ], [ -79.702518, 34.401048 ], [ -79.701493, 34.405343 ], [ -79.699655, 34.406636 ], [ -79.697545, 34.405767 ], [ -79.696452, 34.402748 ], [ -79.694827, 34.401913 ], [ -79.690486, 34.401507 ], [ -79.684559, 34.40049 ], [ -79.683401, 34.399148 ], [ -79.684287, 34.395837 ], [ -79.684082, 34.394014 ], [ -79.684807, 34.392104 ], [ -79.686759, 34.391118 ], [ -79.689394, 34.3914 ], [ -79.690922, 34.389743 ], [ -79.690386, 34.388048 ], [ -79.68833, 34.385946 ], [ -79.688452, 34.384689 ], [ -79.689631, 34.383087 ], [ -79.689442, 34.381765 ], [ -79.687017, 34.380161 ], [ -79.682175, 34.379478 ], [ -79.678148, 34.378329 ], [ -79.675114, 34.376288 ], [ -79.6737, 34.374394 ], [ -79.673676, 34.371099 ], [ -79.675494, 34.367295 ], [ -79.680532, 34.36297 ], [ -79.681721, 34.360452 ], [ -79.682688, 34.35971 ], [ -79.684572, 34.359129 ], [ -79.686228, 34.359687 ], [ -79.688019, 34.361802 ], [ -79.691584, 34.361328 ], [ -79.693244, 34.359494 ], [ -79.692733, 34.35652 ], [ -79.690958, 34.355508 ], [ -79.687733, 34.354831 ], [ -79.686596, 34.354136 ], [ -79.683214, 34.348081 ], [ -79.679421, 34.344216 ], [ -79.678254, 34.341576 ], [ -79.676394, 34.336283 ], [ -79.675366, 34.334354 ], [ -79.673073, 34.331278 ], [ -79.668826, 34.327401 ], [ -79.661572, 34.323731 ], [ -79.660364, 34.32228 ], [ -79.659497, 34.319744 ], [ -79.65942, 34.317662 ], [ -79.661751, 34.31466 ], [ -79.662644, 34.311944 ], [ -79.661869, 34.310645 ], [ -79.656797, 34.309072 ], [ -79.657764, 34.30519 ], [ -79.653408, 34.304124 ], [ -79.650664, 34.303057 ], [ -79.644463, 34.30119 ], [ -79.641751, 34.299762 ], [ -79.637946, 34.30023 ], [ -79.635373, 34.301299 ], [ -79.63442, 34.30033 ], [ -79.633748, 34.298372 ], [ -79.633413, 34.297994 ], [ -79.584502, 34.384506 ], [ -79.545556, 34.453244 ], [ -79.525742, 34.488194 ], [ -79.5173, 34.503493 ], [ -79.506104, 34.523031 ], [ -79.477355, 34.573239 ], [ -79.472098, 34.582441 ], [ -79.460615, 34.602615 ], [ -79.450034, 34.621036 ], [ -79.459766, 34.629027 ], [ -79.461318, 34.630126 ], [ -79.4615629, 34.630298 ], [ -79.468717, 34.635323 ], [ -79.471599, 34.6372 ], [ -79.4792781, 34.644614 ], [ -79.479305, 34.64464 ], [ -79.490201, 34.653819 ], [ -79.5045279, 34.6654933 ], [ -79.5049195, 34.6658124 ], [ -79.519043, 34.677321 ], [ -79.520269, 34.678327 ], [ -79.532492, 34.6883514 ], [ -79.554454, 34.706363 ], [ -79.5547304, 34.7065782 ], [ -79.561691, 34.711996 ], [ -79.5734412, 34.7215526 ], [ -79.6098109, 34.7511324 ], [ -79.6213079, 34.760483 ], [ -79.631577, 34.768835 ], [ -79.634216, 34.771012 ], [ -79.644119, 34.7791431 ], [ -79.675299, 34.804744 ], [ -79.688088, 34.804897 ], [ -79.690201, 34.804937 ], [ -79.692946400000011, 34.8049734 ], [ -79.7123202, 34.8052299 ], [ -79.744116, 34.805651 ], [ -79.744925, 34.805686 ], [ -79.7631086, 34.8058606 ], [ -79.772829, 34.805954 ], [ -79.773607, 34.805931 ], [ -79.7737455, 34.8059302 ], [ -79.870693, 34.805378 ], [ -79.8893623, 34.805764 ], [ -79.891443, 34.805807 ], [ -79.9274158, 34.8065508 ], [ -79.927618, 34.806555 ], [ -79.9280095, 34.8065635 ], [ -79.93073170000001, 34.8066227 ], [ -79.932953, 34.804151 ], [ -79.934322, 34.80127 ], [ -79.934621, 34.797577 ] ] ] ] } },
{ "type": "Feature", "properties": { "STATEFP": "45", "COUNTYFP": "043", "COUNTYNS": "01248002", "GEOIDFQ": "0500000US45043", "GEOID": "45043", "NAME": "Georgetown", "NAMELSAD": "Georgetown County", "STUSPS": "SC", "STATE_NAME": "South Carolina", "LSAD": "06", "ALAND": 2107215789.0, "AWATER": 551060938.0, "STATE_NAME_HYPHEN": "South-Carolina" }, "geometry": { "type": "MultiPolygon", "coordinates": [ [ [ [ -79.680491, 33.317633 ], [ -79.679516, 33.316452 ], [ -79.674334, 33.312336 ], [ -79.67275, 33.310657 ], [ -79.672812, 33.30978 ], [ -79.677014, 33.304944 ], [ -79.674975, 33.304256 ], [ -79.668763, 33.301455 ], [ -79.664251, 33.298322 ], [ -79.659642, 33.297223 ], [ -79.654896, 33.29669 ], [ -79.647604, 33.296159 ], [ -79.639268, 33.29479 ], [ -79.630992, 33.292928 ], [ -79.619598, 33.288864 ], [ -79.612575, 33.285145 ], [ -79.606574, 33.27932 ], [ -79.60201, 33.278882 ], [ -79.597178, 33.279495 ], [ -79.595548, 33.27929 ], [ -79.577848, 33.274794 ], [ -79.56225, 33.272523 ], [ -79.559163, 33.270568 ], [ -79.557671, 33.268588 ], [ -79.557772, 33.266231 ], [ -79.561018, 33.262315 ], [ -79.561087, 33.261475 ], [ -79.559813, 33.260484 ], [ -79.555559, 33.261357 ], [ -79.551696, 33.264874 ], [ -79.549763, 33.264979 ], [ -79.547228, 33.259462 ], [ -79.546563, 33.25599 ], [ -79.545832, 33.254808 ], [ -79.544305, 33.254271 ], [ -79.538887, 33.253643 ], [ -79.537041, 33.252907 ], [ -79.535419, 33.249611 ], [ -79.53018, 33.247475 ], [ -79.523277, 33.24588 ], [ -79.516484, 33.245593 ], [ -79.510136, 33.243457 ], [ -79.499786, 33.238347 ], [ -79.493993, 33.23603 ], [ -79.491548, 33.236029 ], [ -79.489036, 33.23684 ], [ -79.486819, 33.238377 ], [ -79.48525, 33.240509 ], [ -79.482644, 33.245917 ], [ -79.479283, 33.246068 ], [ -79.478359, 33.245286 ], [ -79.478076, 33.243274 ], [ -79.481109, 33.239388 ], [ -79.483404, 33.236926 ], [ -79.482882, 33.235444 ], [ -79.480697, 33.234582 ], [ -79.478702, 33.23508 ], [ -79.47635, 33.236898 ], [ -79.472479, 33.239093 ], [ -79.470655, 33.239414 ], [ -79.468663, 33.238036 ], [ -79.469047, 33.236523 ], [ -79.47445, 33.232147 ], [ -79.474557, 33.230956 ], [ -79.473933, 33.229771 ], [ -79.471666, 33.229859 ], [ -79.470165, 33.230929 ], [ -79.465783, 33.231538 ], [ -79.461997, 33.233979 ], [ -79.458734, 33.235219 ], [ -79.457587, 33.232652 ], [ -79.458548, 33.231275 ], [ -79.461246, 33.230275 ], [ -79.462027, 33.229387 ], [ -79.460196, 33.228129 ], [ -79.458636, 33.229521 ], [ -79.455661, 33.229204 ], [ -79.453725, 33.227842 ], [ -79.451725, 33.225409 ], [ -79.452065, 33.222665 ], [ -79.455413, 33.219553 ], [ -79.455093, 33.217733 ], [ -79.452872, 33.216082 ], [ -79.447008, 33.21338 ], [ -79.446699, 33.213458 ], [ -79.439481, 33.215343 ], [ -79.437749, 33.215242 ], [ -79.435637, 33.213926 ], [ -79.43205, 33.211094 ], [ -79.427477, 33.209784 ], [ -79.426804, 33.208986 ], [ -79.426136, 33.205683 ], [ -79.422977, 33.20277 ], [ -79.419762, 33.201136 ], [ -79.415845, 33.199895 ], [ -79.41434, 33.199011 ], [ -79.411703, 33.195878 ], [ -79.410319, 33.193076 ], [ -79.408254, 33.188297 ], [ -79.405063, 33.184693 ], [ -79.404032, 33.183777 ], [ -79.394397, 33.178041 ], [ -79.386015, 33.176089 ], [ -79.383449, 33.175161 ], [ -79.380302, 33.172843 ], [ -79.377312, 33.169358 ], [ -79.373714, 33.166487 ], [ -79.366916, 33.162274 ], [ -79.360447, 33.160523 ], [ -79.357889, 33.15933 ], [ -79.356111, 33.157858 ], [ -79.354138, 33.155298 ], [ -79.351291, 33.153523 ], [ -79.349575, 33.153282 ], [ -79.341563, 33.154032 ], [ -79.33207, 33.152688 ], [ -79.325538, 33.150439 ], [ -79.318021, 33.146692 ], [ -79.315087, 33.145719 ], [ -79.310557, 33.145435 ], [ -79.297797, 33.145581 ], [ -79.295465, 33.146475 ], [ -79.29125, 33.146563 ], [ -79.283932, 33.144252 ], [ -79.279896, 33.143273 ], [ -79.275083, 33.141163 ], [ -79.272412, 33.139653 ], [ -79.269742, 33.137362 ], [ -79.268762, 33.136043 ], [ -79.267946, 33.132707 ], [ -79.268411, 33.130308 ], [ -79.271846, 33.123386 ], [ -79.27529, 33.118924 ], [ -79.276717, 33.117914 ], [ -79.275576, 33.1167699 ], [ -79.26924, 33.119538 ], [ -79.2480042, 33.1255587 ], [ -79.246423, 33.126007 ], [ -79.236625, 33.137584 ], [ -79.2356661, 33.1384913 ], [ -79.223725, 33.14979 ], [ -79.215453, 33.155569 ], [ -79.19449, 33.169787 ], [ -79.191519, 33.173269 ], [ -79.188191, 33.181723 ], [ -79.1832, 33.190774 ], [ -79.1832, 33.19694 ], [ -79.1825014, 33.1982576 ], [ -79.175713, 33.21106 ], [ -79.180563, 33.237955 ], [ -79.180898, 33.246748 ], [ -79.180318, 33.254141 ], [ -79.176414, 33.277259 ], [ -79.171637, 33.295217 ], [ -79.166332, 33.308524 ], [ -79.163761, 33.312049 ], [ -79.165546, 33.318548 ], [ -79.169358, 33.32119 ], [ -79.172129, 33.325169 ], [ -79.172108, 33.329123 ], [ -79.168092, 33.331306 ], [ -79.162672, 33.331177 ], [ -79.158516, 33.336743 ], [ -79.153015, 33.352035 ], [ -79.1523713, 33.3550917 ], [ -79.147496, 33.378243 ], [ -79.147396, 33.3784932 ], [ -79.143205, 33.388983 ], [ -79.1417974, 33.3911777 ], [ -79.140349, 33.393436 ], [ -79.1380222, 33.3983812 ], [ -79.1377388, 33.3989835 ], [ -79.1373077, 33.3998996 ], [ -79.135441, 33.403867 ], [ -79.119344, 33.432038 ], [ -79.115361, 33.43914 ], [ -79.108949, 33.447318 ], [ -79.1087515, 33.4476745 ], [ -79.1071914, 33.4504905 ], [ -79.10136, 33.461016 ], [ -79.0940925, 33.4708318 ], [ -79.0850549, 33.4830384 ], [ -79.084588, 33.483669 ], [ -79.0827271, 33.4853483 ], [ -79.0710191, 33.4959134 ], [ -79.06494, 33.501399 ], [ -79.0621332, 33.5037832 ], [ -79.0488906, 33.5150318 ], [ -79.04396, 33.51922 ], [ -79.038554, 33.528869 ], [ -79.0388, 33.531499 ], [ -79.036452, 33.533288 ], [ -79.033614, 33.533142 ], [ -79.0324882, 33.5320135 ], [ -79.032378, 33.531903 ], [ -79.030503, 33.53198 ], [ -79.028634, 33.533407 ], [ -79.024132, 33.53956 ], [ -79.019113, 33.550155 ], [ -79.011889, 33.560729 ], [ -79.007356, 33.566565 ], [ -79.0017805, 33.5726759 ], [ -79.011381, 33.572695 ], [ -79.013472, 33.571932 ], [ -79.01568, 33.569108 ], [ -79.016898, 33.569643 ], [ -79.016688, 33.572282 ], [ -79.026213, 33.571934 ], [ -79.029619, 33.572066 ], [ -79.030241, 33.572038 ], [ -79.030539, 33.572024 ], [ -79.032199, 33.571953 ], [ -79.036427, 33.571763 ], [ -79.04147, 33.571492 ], [ -79.04797, 33.571791 ], [ -79.086525, 33.571267 ], [ -79.087185, 33.571519 ], [ -79.087389, 33.571514 ], [ -79.087397, 33.572907 ], [ -79.101074, 33.572969 ], [ -79.101591, 33.574959 ], [ -79.101489, 33.576942 ], [ -79.102181, 33.581675 ], [ -79.101275, 33.584369 ], [ -79.098288, 33.587856 ], [ -79.097832, 33.59009 ], [ -79.09895, 33.592622 ], [ -79.098718, 33.596517 ], [ -79.096787, 33.600349 ], [ -79.098765, 33.605201 ], [ -79.09982, 33.608997 ], [ -79.1016, 33.611075 ], [ -79.103012, 33.611469 ], [ -79.10451, 33.611144 ], [ -79.105983, 33.608973 ], [ -79.107288, 33.604029 ], [ -79.107551, 33.601206 ], [ -79.109085, 33.600326 ], [ -79.111063, 33.60046 ], [ -79.118222, 33.603263 ], [ -79.121278, 33.604775 ], [ -79.122173, 33.605709 ], [ -79.120344, 33.607511 ], [ -79.120098, 33.609076 ], [ -79.121147, 33.61013 ], [ -79.123155, 33.610773 ], [ -79.123552, 33.612401 ], [ -79.122157, 33.614951 ], [ -79.12299, 33.61828 ], [ -79.122651, 33.621014 ], [ -79.123252, 33.623239 ], [ -79.127705, 33.624909 ], [ -79.128963, 33.625932 ], [ -79.127932, 33.629063 ], [ -79.128575, 33.630556 ], [ -79.130421, 33.63104 ], [ -79.130949, 33.632008 ], [ -79.129581, 33.633791 ], [ -79.130292, 33.63522 ], [ -79.133714, 33.635664 ], [ -79.134212, 33.63802 ], [ -79.132923, 33.63919 ], [ -79.129875, 33.639375 ], [ -79.129672, 33.640642 ], [ -79.132095, 33.641021 ], [ -79.13367, 33.642482 ], [ -79.133736, 33.644797 ], [ -79.135109, 33.646702 ], [ -79.134916, 33.648509 ], [ -79.133281, 33.649299 ], [ -79.129822, 33.645951 ], [ -79.128497, 33.643594 ], [ -79.127267, 33.643627 ], [ -79.125755, 33.646241 ], [ -79.12347, 33.648782 ], [ -79.12389, 33.652188 ], [ -79.124763, 33.652857 ], [ -79.126182, 33.653155 ], [ -79.128319, 33.650162 ], [ -79.12953, 33.650146 ], [ -79.131182, 33.652406 ], [ -79.132295, 33.655746 ], [ -79.134409, 33.657667 ], [ -79.135167, 33.659272 ], [ -79.136356, 33.663807 ], [ -79.137683, 33.66413 ], [ -79.14031, 33.660774 ], [ -79.141484, 33.658587 ], [ -79.14603, 33.65798 ], [ -79.149819, 33.657949 ], [ -79.151935, 33.658191 ], [ -79.1533, 33.659385 ], [ -79.154032, 33.660743 ], [ -79.154309, 33.662565 ], [ -79.153305, 33.669923 ], [ -79.151898, 33.672594 ], [ -79.151858, 33.676201 ], [ -79.152184, 33.677371 ], [ -79.155626, 33.681082 ], [ -79.157345, 33.684777 ], [ -79.159028, 33.685665 ], [ -79.162356, 33.684962 ], [ -79.163385, 33.685107 ], [ -79.165221, 33.686592 ], [ -79.167345, 33.689932 ], [ -79.169076, 33.690843 ], [ -79.17354, 33.691504 ], [ -79.175492, 33.692246 ], [ -79.180264, 33.695432 ], [ -79.180656, 33.696835 ], [ -79.17675, 33.699314 ], [ -79.176711, 33.700855 ], [ -79.178288, 33.702194 ], [ -79.18455, 33.70299 ], [ -79.190264, 33.705787 ], [ -79.192419, 33.705699 ], [ -79.194372, 33.706634 ], [ -79.196565, 33.709134 ], [ -79.199432, 33.710101 ], [ -79.201193, 33.709318 ], [ -79.200875, 33.708172 ], [ -79.197527, 33.706447 ], [ -79.195161, 33.703438 ], [ -79.19519, 33.702155 ], [ -79.196229, 33.70134 ], [ -79.199134, 33.701145 ], [ -79.203184, 33.703064 ], [ -79.206858, 33.703401 ], [ -79.208955, 33.703126 ], [ -79.211361, 33.701737 ], [ -79.212842, 33.700058 ], [ -79.213833, 33.702542 ], [ -79.215709, 33.704712 ], [ -79.21798, 33.705784 ], [ -79.219375, 33.70475 ], [ -79.216565, 33.703154 ], [ -79.216527, 33.701653 ], [ -79.217575, 33.701048 ], [ -79.222067, 33.700496 ], [ -79.225183, 33.699131 ], [ -79.22652, 33.696564 ], [ -79.228281, 33.696821 ], [ -79.228685, 33.69841 ], [ -79.23059, 33.698764 ], [ -79.230609, 33.696626 ], [ -79.231724, 33.695512 ], [ -79.234715, 33.694235 ], [ -79.23888, 33.694417 ], [ -79.246384, 33.695347 ], [ -79.249309, 33.696975 ], [ -79.249581, 33.699302 ], [ -79.247339, 33.700817 ], [ -79.242086, 33.701515 ], [ -79.240644, 33.702598 ], [ -79.240279, 33.703728 ], [ -79.240655, 33.704707 ], [ -79.242415, 33.705905 ], [ -79.244897, 33.705717 ], [ -79.24977, 33.703424 ], [ -79.258107, 33.702742 ], [ -79.261467, 33.703617 ], [ -79.267586, 33.703399 ], [ -79.267863, 33.704375 ], [ -79.265102, 33.706001 ], [ -79.26473, 33.709358 ], [ -79.265011, 33.710275 ], [ -79.266927, 33.710979 ], [ -79.26925, 33.710893 ], [ -79.271676, 33.708557 ], [ -79.274403, 33.708399 ], [ -79.275057, 33.708852 ], [ -79.274694, 33.711077 ], [ -79.274935, 33.714319 ], [ -79.271326, 33.71571 ], [ -79.269916, 33.716813 ], [ -79.269407, 33.719151 ], [ -79.271058, 33.721645 ], [ -79.272098, 33.721831 ], [ -79.275651, 33.719626 ], [ -79.278604, 33.718226 ], [ -79.280518, 33.716324 ], [ -79.282995, 33.715972 ], [ -79.284392, 33.716337 ], [ -79.286441, 33.717597 ], [ -79.28717, 33.718807 ], [ -79.288312, 33.723526 ], [ -79.289376, 33.725737 ], [ -79.291574, 33.728981 ], [ -79.29139, 33.732392 ], [ -79.289351, 33.734349 ], [ -79.286157, 33.735701 ], [ -79.286248, 33.737386 ], [ -79.287518, 33.738234 ], [ -79.290436, 33.739116 ], [ -79.293978, 33.741144 ], [ -79.294366, 33.743757 ], [ -79.29291, 33.747135 ], [ -79.292578, 33.750167 ], [ -79.293312, 33.75228 ], [ -79.294779, 33.754324 ], [ -79.298706, 33.757025 ], [ -79.300613, 33.75883 ], [ -79.30468, 33.763449 ], [ -79.306679, 33.76623 ], [ -79.30883, 33.771973 ], [ -79.313573, 33.775846 ], [ -79.316294, 33.778554 ], [ -79.317041, 33.779878 ], [ -79.31896, 33.779596 ], [ -79.323169, 33.777441 ], [ -79.325584, 33.777337 ], [ -79.332437, 33.777054 ], [ -79.337764, 33.774605 ], [ -79.338757, 33.77358 ], [ -79.340968, 33.769792 ], [ -79.345606, 33.757362 ], [ -79.346554, 33.755334 ], [ -79.359599, 33.740107 ], [ -79.372474, 33.726931 ], [ -79.374678, 33.724769 ], [ -79.37747, 33.722668 ], [ -79.39162, 33.712779 ], [ -79.392345, 33.712177 ], [ -79.409997, 33.687916 ], [ -79.411088, 33.685825 ], [ -79.418088, 33.668521 ], [ -79.418503, 33.667289 ], [ -79.418978, 33.659296 ], [ -79.419552, 33.649447 ], [ -79.419842, 33.648468 ], [ -79.425493, 33.635794 ], [ -79.429085, 33.631176 ], [ -79.430284, 33.629025 ], [ -79.433288, 33.621552 ], [ -79.435636, 33.615585 ], [ -79.442474, 33.59596 ], [ -79.441221, 33.592838 ], [ -79.435541, 33.578853 ], [ -79.433639, 33.576709 ], [ -79.435889, 33.572509 ], [ -79.455547, 33.558721 ], [ -79.457209, 33.5581 ], [ -79.483331, 33.536771 ], [ -79.484842, 33.534736 ], [ -79.493051, 33.520755 ], [ -79.496313, 33.517469 ], [ -79.504379, 33.51314 ], [ -79.53808, 33.496896 ], [ -79.539673, 33.495956 ], [ -79.545288, 33.490903 ], [ -79.544986, 33.487217 ], [ -79.552015, 33.480758 ], [ -79.553301, 33.478851 ], [ -79.557966, 33.47504 ], [ -79.559839, 33.472595 ], [ -79.561553, 33.471587 ], [ -79.574228, 33.459234 ], [ -79.580551, 33.452998 ], [ -79.583817, 33.44977 ], [ -79.59011, 33.44354 ], [ -79.5911, 33.441867 ], [ -79.595994, 33.421548 ], [ -79.600971, 33.41943 ], [ -79.602593, 33.418275 ], [ -79.60579, 33.413612 ], [ -79.610809, 33.406219 ], [ -79.625592, 33.389718 ], [ -79.626205, 33.388593 ], [ -79.632513, 33.374435 ], [ -79.633804, 33.372633 ], [ -79.634419, 33.372146 ], [ -79.650832, 33.362268 ], [ -79.653474, 33.360652 ], [ -79.655594, 33.358598 ], [ -79.658665, 33.353845 ], [ -79.669439, 33.343097 ], [ -79.66975, 33.34257 ], [ -79.674694, 33.339388 ], [ -79.677246, 33.336762 ], [ -79.680883, 33.319604 ], [ -79.680491, 33.317633 ] ] ] ] } },
{ "type": "Feature", "properties": { "STATEFP": "45", "COUNTYFP": "015", "COUNTYNS": "01247985", "GEOIDFQ": "0500000US45015", "GEOID": "45015", "NAME": "Berkeley", "NAMELSAD": "Berkeley County", "STUSPS": "SC", "STATE_NAME": "South Carolina", "LSAD": "06", "ALAND": 2858661511.0, "AWATER": 337919154.0, "STATE_NAME_HYPHEN": "South-Carolina" }, "geometry": { "type": "MultiPolygon", "coordinates": [ [ [ [ -80.361851, 33.257443 ], [ -80.358254, 33.255522 ], [ -80.354942, 33.252817 ], [ -80.351892, 33.24957 ], [ -80.348407, 33.248922 ], [ -80.347213, 33.245247 ], [ -80.348684, 33.241925 ], [ -80.346855, 33.236085 ], [ -80.343392, 33.233451 ], [ -80.343337, 33.231595 ], [ -80.342328, 33.231687 ], [ -80.340856, 33.230336 ], [ -80.337503, 33.228343 ], [ -80.335403, 33.224494 ], [ -80.334884, 33.222982 ], [ -80.335102, 33.219729 ], [ -80.336463, 33.215376 ], [ -80.334473, 33.210244 ], [ -80.332918, 33.203601 ], [ -80.330818, 33.198424 ], [ -80.328557, 33.197874 ], [ -80.324687, 33.198515 ], [ -80.323107, 33.197875 ], [ -80.315967, 33.193156 ], [ -80.313515, 33.19272 ], [ -80.311308, 33.19162 ], [ -80.310572, 33.19052 ], [ -80.308801, 33.190429 ], [ -80.308529, 33.18784 ], [ -80.305341, 33.186717 ], [ -80.304061, 33.185434 ], [ -80.302699, 33.185366 ], [ -80.301228, 33.183717 ], [ -80.297577, 33.181838 ], [ -80.297359, 33.179684 ], [ -80.296352, 33.179454 ], [ -80.297006, 33.178012 ], [ -80.301801, 33.174232 ], [ -80.303381, 33.171872 ], [ -80.303109, 33.169719 ], [ -80.305806, 33.166235 ], [ -80.307386, 33.165343 ], [ -80.307931, 33.162799 ], [ -80.309184, 33.161929 ], [ -80.310956, 33.158355 ], [ -80.313026, 33.159249 ], [ -80.314605, 33.157415 ], [ -80.317629, 33.157049 ], [ -80.318146, 33.154896 ], [ -80.318909, 33.155606 ], [ -80.32109, 33.153416 ], [ -80.324547, 33.1517 ], [ -80.334717, 33.146095 ], [ -80.33594, 33.145463 ], [ -80.251354, 33.089698 ], [ -80.23571, 33.079388 ], [ -80.221628, 33.070103 ], [ -80.186886, 33.047194 ], [ -80.185911, 33.046552 ], [ -80.1832, 33.044765 ], [ -80.164252, 33.032294 ], [ -80.156067, 33.026113 ], [ -80.149246, 33.021601 ], [ -80.14772, 33.020729 ], [ -80.132135, 33.010484 ], [ -80.128551, 33.008105 ], [ -80.122541, 33.004092 ], [ -80.113364, 32.998061 ], [ -80.112471, 33.000597 ], [ -80.111029, 32.999813 ], [ -80.109121, 33.001559 ], [ -80.110426, 33.002156 ], [ -80.10815, 33.001604 ], [ -80.10803, 32.999757 ], [ -80.102707, 33.001325 ], [ -80.102246, 32.999809 ], [ -80.104919, 32.996007 ], [ -80.102415, 32.995535 ], [ -80.10507, 32.992491 ], [ -80.100814, 32.989705 ], [ -80.100068, 32.989246 ], [ -80.098222, 32.988106 ], [ -80.097604, 32.988332 ], [ -80.095733, 32.989036 ], [ -80.094556, 32.989471 ], [ -80.090561, 32.990934 ], [ -80.087762, 32.992003 ], [ -80.086981, 32.992219 ], [ -80.086691, 32.9923 ], [ -80.083981, 32.993298 ], [ -80.083327, 32.991967 ], [ -80.081124, 32.993897 ], [ -80.067155, 32.9965 ], [ -80.060407, 32.997809 ], [ -80.056018, 32.999355 ], [ -80.053083, 32.994564 ], [ -80.050626, 32.990505 ], [ -80.048887, 32.990002 ], [ -80.045833, 32.985025 ], [ -80.043592, 32.984837 ], [ -80.040065, 32.982747 ], [ -80.040992, 32.974893 ], [ -80.041113, 32.973925 ], [ -80.042181, 32.965024 ], [ -80.042621, 32.960336 ], [ -80.042227, 32.957229 ], [ -80.041492, 32.955011 ], [ -80.036747, 32.945944 ], [ -80.035247, 32.943171 ], [ -80.026372, 32.926764 ], [ -80.023472, 32.921316 ], [ -80.023105, 32.920639 ], [ -80.021962, 32.918537 ], [ -80.014168, 32.904356 ], [ -80.011774, 32.899881 ], [ -80.011559, 32.899913 ], [ -80.010895, 32.900012 ], [ -80.001607, 32.901516 ], [ -80.00017, 32.901746 ], [ -79.999218, 32.901905 ], [ -79.994216, 32.902761 ], [ -79.990769, 32.903336 ], [ -79.951098, 32.910207 ], [ -79.950986, 32.910129 ], [ -79.948348, 32.908296 ], [ -79.947426, 32.907655 ], [ -79.952606, 32.903445 ], [ -79.959398, 32.89698 ], [ -79.961124, 32.894461 ], [ -79.96264, 32.891141 ], [ -79.962677, 32.891031 ], [ -79.964764, 32.882817 ], [ -79.96475, 32.877928 ], [ -79.964002, 32.874354 ], [ -79.959453, 32.863633 ], [ -79.956437, 32.860173 ], [ -79.953959, 32.857939 ], [ -79.951832, 32.857131 ], [ -79.943374, 32.855808 ], [ -79.939249, 32.854529 ], [ -79.93423, 32.852243 ], [ -79.931418, 32.849816 ], [ -79.930229, 32.847716 ], [ -79.929779, 32.845872 ], [ -79.931633, 32.833911 ], [ -79.931374, 32.829839 ], [ -79.930433, 32.82635 ], [ -79.928305, 32.823983 ], [ -79.919202, 32.818991 ], [ -79.914307, 32.818892 ], [ -79.911304, 32.819324 ], [ -79.90834, 32.822475 ], [ -79.901863, 32.825249 ], [ -79.89901, 32.827534 ], [ -79.89671, 32.830472 ], [ -79.896255, 32.831151 ], [ -79.89528, 32.837317 ], [ -79.895223, 32.838656 ], [ -79.895151, 32.843119 ], [ -79.897103, 32.849055 ], [ -79.898479, 32.855151 ], [ -79.897951, 32.857502 ], [ -79.896295, 32.859897 ], [ -79.896191, 32.860018 ], [ -79.892619, 32.862377 ], [ -79.885387, 32.865774 ], [ -79.882677, 32.86647 ], [ -79.875926, 32.867175 ], [ -79.873797, 32.867505 ], [ -79.86345, 32.869605 ], [ -79.859082, 32.870962 ], [ -79.854829, 32.874255 ], [ -79.852965, 32.876102 ], [ -79.852458, 32.87682 ], [ -79.849099, 32.8823 ], [ -79.846172, 32.887739 ], [ -79.841894, 32.896763 ], [ -79.839556, 32.904624 ], [ -79.841183, 32.909377 ], [ -79.840574, 32.912732 ], [ -79.838844, 32.916374 ], [ -79.837073, 32.918213 ], [ -79.836372, 32.91836 ], [ -79.829257, 32.918726 ], [ -79.829256, 32.918447 ], [ -79.825765, 32.918279 ], [ -79.821551, 32.92038 ], [ -79.818521, 32.922455 ], [ -79.814854, 32.926961 ], [ -79.812389, 32.928003 ], [ -79.803866, 32.928748 ], [ -79.802402, 32.929774 ], [ -79.798536, 32.933671 ], [ -79.797776, 32.934273 ], [ -79.791594, 32.93767 ], [ -79.784699, 32.942426 ], [ -79.781389, 32.943782 ], [ -79.778904, 32.943745 ], [ -79.774688, 32.941645 ], [ -79.771626, 32.941845 ], [ -79.771721, 32.94386 ], [ -79.770466, 32.946184 ], [ -79.768859, 32.951785 ], [ -79.767232, 32.952943 ], [ -79.767667, 32.95486 ], [ -79.766396, 32.954491 ], [ -79.765587, 32.956246 ], [ -79.763445, 32.956336 ], [ -79.76358, 32.958174 ], [ -79.764532, 32.960107 ], [ -79.765925, 32.964148 ], [ -79.769324, 32.968545 ], [ -79.7693, 32.971566 ], [ -79.767757, 32.973724 ], [ -79.768527, 32.975529 ], [ -79.766835, 32.97948 ], [ -79.762115, 32.989093 ], [ -79.758649, 32.992036 ], [ -79.756636, 32.994589 ], [ -79.753357, 32.997533 ], [ -79.74889, 33.000009 ], [ -79.743045, 33.00538 ], [ -79.730301, 33.012638 ], [ -79.729024, 33.014089 ], [ -79.726494, 33.019982 ], [ -79.721601, 33.030979 ], [ -79.716404, 33.038555 ], [ -79.715022, 33.040081 ], [ -79.712335, 33.042171 ], [ -79.706582, 33.044263 ], [ -79.703032, 33.045934 ], [ -79.70085, 33.048621 ], [ -79.699878, 33.052559 ], [ -79.698673, 33.054992 ], [ -79.69742, 33.056144 ], [ -79.694146, 33.058158 ], [ -79.69183, 33.060149 ], [ -79.687879, 33.064459 ], [ -79.686476, 33.06694 ], [ -79.684141, 33.06906 ], [ -79.679761, 33.07386 ], [ -79.674655, 33.080462 ], [ -79.666984, 33.086392 ], [ -79.66182, 33.089566 ], [ -79.660501, 33.090832 ], [ -79.655464, 33.10082 ], [ -79.65039, 33.108198 ], [ -79.647725, 33.111609 ], [ -79.647185, 33.11352 ], [ -79.647328, 33.116253 ], [ -79.646864, 33.117889 ], [ -79.645208, 33.120478 ], [ -79.642327, 33.124386 ], [ -79.635715, 33.128438 ], [ -79.634314, 33.129033 ], [ -79.629717, 33.128438 ], [ -79.628044, 33.128881 ], [ -79.622747, 33.132841 ], [ -79.620907, 33.135976 ], [ -79.616239, 33.136918 ], [ -79.612512, 33.138317 ], [ -79.610579, 33.136123 ], [ -79.609086, 33.133123 ], [ -79.59987, 33.134005 ], [ -79.597584, 33.1396 ], [ -79.597081, 33.141804 ], [ -79.595515, 33.143368 ], [ -79.591411, 33.14408 ], [ -79.589634, 33.144756 ], [ -79.586347, 33.146923 ], [ -79.583511, 33.146759 ], [ -79.58008, 33.148364 ], [ -79.571388, 33.149861 ], [ -79.56867, 33.151856 ], [ -79.565663, 33.153291 ], [ -79.564088, 33.155364 ], [ -79.560461, 33.156403 ], [ -79.554929, 33.155533 ], [ -79.549959, 33.15562 ], [ -79.545349, 33.152588 ], [ -79.544145, 33.149988 ], [ -79.540201, 33.147408 ], [ -79.533952, 33.144035 ], [ -79.5326, 33.144228 ], [ -79.530797, 33.145721 ], [ -79.527995, 33.145634 ], [ -79.527446, 33.146189 ], [ -79.525002, 33.145875 ], [ -79.521962, 33.146698 ], [ -79.519517, 33.147978 ], [ -79.51821, 33.149079 ], [ -79.515464, 33.153922 ], [ -79.513628, 33.155582 ], [ -79.513403, 33.15764 ], [ -79.512049, 33.158076 ], [ -79.513489, 33.160461 ], [ -79.512911, 33.161635 ], [ -79.513743, 33.163554 ], [ -79.512996, 33.166157 ], [ -79.51116, 33.167925 ], [ -79.508351, 33.16788 ], [ -79.506467, 33.170646 ], [ -79.503908, 33.172954 ], [ -79.503456, 33.174214 ], [ -79.50446, 33.177054 ], [ -79.502275, 33.177682 ], [ -79.49908, 33.177813 ], [ -79.497537, 33.176985 ], [ -79.496215, 33.179836 ], [ -79.496557, 33.185147 ], [ -79.495649, 33.185326 ], [ -79.494533, 33.187658 ], [ -79.492859, 33.187921 ], [ -79.493226, 33.189175 ], [ -79.492818, 33.191821 ], [ -79.490884, 33.193717 ], [ -79.49027, 33.192707 ], [ -79.486369, 33.192368 ], [ -79.486106, 33.19504 ], [ -79.484026, 33.195951 ], [ -79.484228, 33.196843 ], [ -79.482567, 33.198353 ], [ -79.484285, 33.201389 ], [ -79.483668, 33.203811 ], [ -79.481666, 33.20332 ], [ -79.480602, 33.203794 ], [ -79.477959, 33.203023 ], [ -79.47725, 33.20573 ], [ -79.478375, 33.206231 ], [ -79.478228, 33.207511 ], [ -79.476841, 33.207814 ], [ -79.477294, 33.208871 ], [ -79.473583, 33.209291 ], [ -79.474019, 33.210341 ], [ -79.470968, 33.210397 ], [ -79.46859, 33.207022 ], [ -79.467785, 33.206544 ], [ -79.467099, 33.206631 ], [ -79.466612, 33.209183 ], [ -79.462444, 33.2075 ], [ -79.460552, 33.208154 ], [ -79.460212, 33.209035 ], [ -79.458227, 33.209218 ], [ -79.458851, 33.210346 ], [ -79.456968, 33.209366 ], [ -79.45485, 33.21009 ], [ -79.45379, 33.20844 ], [ -79.450294, 33.207334 ], [ -79.449294, 33.207767 ], [ -79.449414, 33.209999 ], [ -79.446648, 33.211819 ], [ -79.446699, 33.213458 ], [ -79.447008, 33.21338 ], [ -79.452872, 33.216082 ], [ -79.455093, 33.217733 ], [ -79.455413, 33.219553 ], [ -79.452065, 33.222665 ], [ -79.451725, 33.225409 ], [ -79.453725, 33.227842 ], [ -79.455661, 33.229204 ], [ -79.458636, 33.229521 ], [ -79.460196, 33.228129 ], [ -79.462027, 33.229387 ], [ -79.461246, 33.230275 ], [ -79.458548, 33.231275 ], [ -79.457587, 33.232652 ], [ -79.458734, 33.235219 ], [ -79.461997, 33.233979 ], [ -79.465783, 33.231538 ], [ -79.470165, 33.230929 ], [ -79.471666, 33.229859 ], [ -79.473933, 33.229771 ], [ -79.474557, 33.230956 ], [ -79.47445, 33.232147 ], [ -79.469047, 33.236523 ], [ -79.468663, 33.238036 ], [ -79.470655, 33.239414 ], [ -79.472479, 33.239093 ], [ -79.47635, 33.236898 ], [ -79.478702, 33.23508 ], [ -79.480697, 33.234582 ], [ -79.482882, 33.235444 ], [ -79.483404, 33.236926 ], [ -79.481109, 33.239388 ], [ -79.478076, 33.243274 ], [ -79.478359, 33.245286 ], [ -79.479283, 33.246068 ], [ -79.482644, 33.245917 ], [ -79.48525, 33.240509 ], [ -79.486819, 33.238377 ], [ -79.489036, 33.23684 ], [ -79.491548, 33.236029 ], [ -79.493993, 33.23603 ], [ -79.499786, 33.238347 ], [ -79.510136, 33.243457 ], [ -79.516484, 33.245593 ], [ -79.523277, 33.24588 ], [ -79.53018, 33.247475 ], [ -79.535419, 33.249611 ], [ -79.537041, 33.252907 ], [ -79.538887, 33.253643 ], [ -79.544305, 33.254271 ], [ -79.545832, 33.254808 ], [ -79.546563, 33.25599 ], [ -79.547228, 33.259462 ], [ -79.549763, 33.264979 ], [ -79.551696, 33.264874 ], [ -79.555559, 33.261357 ], [ -79.559813, 33.260484 ], [ -79.561087, 33.261475 ], [ -79.561018, 33.262315 ], [ -79.557772, 33.266231 ], [ -79.557671, 33.268588 ], [ -79.559163, 33.270568 ], [ -79.56225, 33.272523 ], [ -79.577848, 33.274794 ], [ -79.595548, 33.27929 ], [ -79.597178, 33.279495 ], [ -79.60201, 33.278882 ], [ -79.606574, 33.27932 ], [ -79.612575, 33.285145 ], [ -79.619598, 33.288864 ], [ -79.630992, 33.292928 ], [ -79.639268, 33.29479 ], [ -79.647604, 33.296159 ], [ -79.654896, 33.29669 ], [ -79.659642, 33.297223 ], [ -79.664251, 33.298322 ], [ -79.668763, 33.301455 ], [ -79.674975, 33.304256 ], [ -79.677014, 33.304944 ], [ -79.677716, 33.305182 ], [ -79.681515, 33.306465 ], [ -79.689393, 33.310763 ], [ -79.692092, 33.312714 ], [ -79.695413, 33.314044 ], [ -79.699301, 33.317626 ], [ -79.700369, 33.31805 ], [ -79.701703, 33.318246 ], [ -79.704539, 33.317675 ], [ -79.706281, 33.318327 ], [ -79.708593, 33.320756 ], [ -79.709576, 33.321246 ], [ -79.7128, 33.320913 ], [ -79.714462, 33.319935 ], [ -79.719203, 33.318633 ], [ -79.721903, 33.319274 ], [ -79.724531, 33.3217 ], [ -79.726835, 33.322119 ], [ -79.73211, 33.319988 ], [ -79.734814, 33.320169 ], [ -79.739957, 33.321606 ], [ -79.741153, 33.322308 ], [ -79.744204, 33.327444 ], [ -79.749795, 33.330358 ], [ -79.752119, 33.330501 ], [ -79.75542, 33.329451 ], [ -79.756382, 33.330186 ], [ -79.754449, 33.33447 ], [ -79.755267, 33.335257 ], [ -79.757508, 33.334414 ], [ -79.760669, 33.334815 ], [ -79.761527, 33.335569 ], [ -79.761229, 33.34033 ], [ -79.761392, 33.342248 ], [ -79.763228, 33.343791 ], [ -79.766868, 33.343994 ], [ -79.767918, 33.344612 ], [ -79.767863, 33.349748 ], [ -79.770806, 33.353258 ], [ -79.771768, 33.356162 ], [ -79.773958, 33.357645 ], [ -79.776498, 33.35783 ], [ -79.778549, 33.359147 ], [ -79.777635, 33.360898 ], [ -79.778304, 33.361933 ], [ -79.78047, 33.362452 ], [ -79.781669, 33.363956 ], [ -79.781159, 33.366667 ], [ -79.781638, 33.36822 ], [ -79.783883, 33.369402 ], [ -79.786449, 33.372023 ], [ -79.786219, 33.373269 ], [ -79.783761, 33.375151 ], [ -79.784163, 33.376126 ], [ -79.78612, 33.376029 ], [ -79.790398, 33.373158 ], [ -79.791646, 33.373497 ], [ -79.792707, 33.376039 ], [ -79.794013, 33.377679 ], [ -79.794969, 33.377948 ], [ -79.796391, 33.377639 ], [ -79.798003, 33.3744 ], [ -79.8008, 33.372634 ], [ -79.802457, 33.372206 ], [ -79.807011, 33.372588 ], [ -79.808275, 33.373284 ], [ -79.809591, 33.375088 ], [ -79.812035, 33.380024 ], [ -79.813862, 33.382321 ], [ -79.819073, 33.38507 ], [ -79.824736, 33.386626 ], [ -79.828276, 33.387924 ], [ -79.831658, 33.389599 ], [ -79.835825, 33.390552 ], [ -79.838108, 33.392316 ], [ -79.838992, 33.396484 ], [ -79.840222, 33.398011 ], [ -79.84544, 33.400618 ], [ -79.848509, 33.401423 ], [ -79.851313, 33.401346 ], [ -79.85477, 33.402924 ], [ -79.854764, 33.403904 ], [ -79.854987, 33.406346 ], [ -79.860795, 33.408508 ], [ -79.860991, 33.410498 ], [ -79.860164, 33.41511 ], [ -79.861303, 33.417789 ], [ -79.863491, 33.419211 ], [ -79.867776, 33.419927 ], [ -79.869817, 33.423047 ], [ -79.871569, 33.423918 ], [ -79.876133, 33.424085 ], [ -79.877516, 33.42444 ], [ -79.878674, 33.427056 ], [ -79.877632, 33.428471 ], [ -79.875909, 33.428525 ], [ -79.871623, 33.427896 ], [ -79.868539, 33.429266 ], [ -79.867282, 33.430557 ], [ -79.86704, 33.432307 ], [ -79.868225, 33.434482 ], [ -79.870218, 33.435286 ], [ -79.872797, 33.434673 ], [ -79.876316, 33.435311 ], [ -79.878505, 33.437879 ], [ -79.879456, 33.441616 ], [ -79.880153, 33.442822 ], [ -79.884577, 33.446393 ], [ -79.888225, 33.447613 ], [ -79.890044, 33.448561 ], [ -79.894146, 33.45365 ], [ -79.897011, 33.454856 ], [ -79.89957, 33.454521 ], [ -79.899888, 33.452146 ], [ -79.901412, 33.450144 ], [ -79.903119, 33.450426 ], [ -79.903553, 33.45142 ], [ -79.90279, 33.452618 ], [ -79.902145, 33.455348 ], [ -79.904187, 33.456236 ], [ -79.90785, 33.454868 ], [ -79.910226, 33.455713 ], [ -79.913144, 33.46113 ], [ -79.915391, 33.464184 ], [ -79.920395, 33.465577 ], [ -79.924132, 33.46868 ], [ -79.927901, 33.470404 ], [ -79.930271, 33.472194 ], [ -79.932628, 33.475584 ], [ -79.934769, 33.47773 ], [ -79.936126, 33.477784 ], [ -79.938371, 33.47591 ], [ -79.940109, 33.475726 ], [ -79.9411, 33.47667 ], [ -79.941151, 33.480834 ], [ -79.943807, 33.483022 ], [ -79.946217, 33.48434 ], [ -79.950231, 33.485911 ], [ -79.951571, 33.486906 ], [ -79.952932, 33.491368 ], [ -79.954641, 33.492386 ], [ -79.959038, 33.493365 ], [ -79.960892, 33.494446 ], [ -79.964557, 33.498642 ], [ -79.971963, 33.500937 ], [ -79.973882, 33.500166 ], [ -79.975479, 33.497617 ], [ -79.977471, 33.497898 ], [ -79.979527, 33.499179 ], [ -79.982241, 33.499673 ], [ -79.983977, 33.499259 ], [ -79.986256, 33.497921 ], [ -79.989787, 33.498297 ], [ -79.991271, 33.500166 ], [ -79.990804, 33.502089 ], [ -79.991861, 33.504596 ], [ -79.996226, 33.506841 ], [ -79.998831, 33.506686 ], [ -80.000355, 33.505589 ], [ -80.000344, 33.504306 ], [ -79.998989, 33.503257 ], [ -79.997067, 33.500543 ], [ -79.9969, 33.499224 ], [ -79.997867, 33.497042 ], [ -80.000141, 33.494827 ], [ -80.001893, 33.49472 ], [ -80.004447, 33.495734 ], [ -80.004637, 33.497167 ], [ -80.00364, 33.500167 ], [ -80.005361, 33.502539 ], [ -80.009618, 33.503743 ], [ -80.012136, 33.505172 ], [ -80.013963, 33.5051 ], [ -80.015368, 33.503987 ], [ -80.01661, 33.500167 ], [ -80.018569, 33.498305 ], [ -80.020477, 33.498423 ], [ -80.021281, 33.499207 ], [ -80.020557, 33.502179 ], [ -80.021472, 33.503692 ], [ -80.023949, 33.506291 ], [ -80.02526, 33.506441 ], [ -80.027484, 33.504713 ], [ -80.028059, 33.503106 ], [ -80.029363, 33.501507 ], [ -80.031722, 33.500907 ], [ -80.032882, 33.501668 ], [ -80.033263, 33.505709 ], [ -80.034715, 33.506822 ], [ -80.036558, 33.50683 ], [ -80.037958, 33.50541 ], [ -80.039966, 33.501728 ], [ -80.042478, 33.500949 ], [ -80.048651, 33.506373 ], [ -80.053441, 33.505694 ], [ -80.057498, 33.50558 ], [ -80.064581, 33.505728 ], [ -80.070749, 33.506594 ], [ -80.073486, 33.507172 ], [ -80.075507, 33.506625 ], [ -80.079889, 33.506874 ], [ -80.082171, 33.505728 ], [ -80.083931, 33.501044 ], [ -80.084656, 33.499984 ], [ -80.087118, 33.500167 ], [ -80.091534, 33.50318 ], [ -80.093832, 33.502965 ], [ -80.094117, 33.501567 ], [ -80.093061, 33.498886 ], [ -80.093834, 33.496537 ], [ -80.095867, 33.495446 ], [ -80.096712, 33.495776 ], [ -80.09559, 33.497831 ], [ -80.09594, 33.499611 ], [ -80.098025, 33.499512 ], [ -80.099987, 33.497382 ], [ -80.101697, 33.496891 ], [ -80.104422, 33.497051 ], [ -80.105728, 33.499311 ], [ -80.10668, 33.499869 ], [ -80.108924, 33.499924 ], [ -80.113118, 33.498784 ], [ -80.116511, 33.499829 ], [ -80.119163, 33.500287 ], [ -80.122733, 33.50233 ], [ -80.125549, 33.502435 ], [ -80.126942, 33.501547 ], [ -80.12764, 33.500165 ], [ -80.126142, 33.496376 ], [ -80.126, 33.495087 ], [ -80.127285, 33.493274 ], [ -80.130012, 33.492429 ], [ -80.133648, 33.492862 ], [ -80.134795, 33.492227 ], [ -80.136525, 33.488178 ], [ -80.137537, 33.487438 ], [ -80.141567, 33.486433 ], [ -80.142412, 33.485227 ], [ -80.144104, 33.484388 ], [ -80.145313, 33.484559 ], [ -80.147596, 33.486418 ], [ -80.149247, 33.486844 ], [ -80.151056, 33.486432 ], [ -80.152085, 33.485418 ], [ -80.150834, 33.483038 ], [ -80.150893, 33.481489 ], [ -80.151788, 33.480476 ], [ -80.152045, 33.478572 ], [ -80.148222, 33.47402 ], [ -80.144437, 33.472661 ], [ -80.142255, 33.470052 ], [ -80.134961, 33.466711 ], [ -80.13176, 33.463405 ], [ -80.13304, 33.460996 ], [ -80.13512, 33.461081 ], [ -80.136439, 33.462123 ], [ -80.138747, 33.465062 ], [ -80.141193, 33.46542 ], [ -80.144243, 33.464106 ], [ -80.144561, 33.46283 ], [ -80.143419, 33.460981 ], [ -80.139726, 33.460356 ], [ -80.138403, 33.45871 ], [ -80.137943, 33.455454 ], [ -80.139199, 33.45398 ], [ -80.140387, 33.453845 ], [ -80.141954, 33.454675 ], [ -80.142734, 33.456937 ], [ -80.14416, 33.458349 ], [ -80.147512, 33.459565 ], [ -80.150669, 33.460265 ], [ -80.152163, 33.459374 ], [ -80.151866, 33.456912 ], [ -80.148611, 33.45518 ], [ -80.147881, 33.452426 ], [ -80.148306, 33.449867 ], [ -80.15072, 33.448177 ], [ -80.154005, 33.447926 ], [ -80.158456, 33.448716 ], [ -80.161461, 33.448947 ], [ -80.16158, 33.450393 ], [ -80.158706, 33.455134 ], [ -80.158536, 33.45703 ], [ -80.1593, 33.458276 ], [ -80.162727, 33.4607 ], [ -80.163637, 33.460313 ], [ -80.164815, 33.458955 ], [ -80.165148, 33.45555 ], [ -80.16582, 33.454039 ], [ -80.167703, 33.451827 ], [ -80.170565, 33.449739 ], [ -80.173394, 33.448691 ], [ -80.175684, 33.448614 ], [ -80.176574, 33.449947 ], [ -80.177188, 33.453129 ], [ -80.178297, 33.454236 ], [ -80.181021, 33.454631 ], [ -80.182578, 33.453824 ], [ -80.183144, 33.452531 ], [ -80.181192, 33.449921 ], [ -80.181662, 33.448491 ], [ -80.183527, 33.447924 ], [ -80.185785, 33.450371 ], [ -80.186792, 33.450518 ], [ -80.190002, 33.449113 ], [ -80.191574, 33.447507 ], [ -80.19533, 33.444655 ], [ -80.197517, 33.443643 ], [ -80.199847, 33.443912 ], [ -80.200138, 33.445829 ], [ -80.197686, 33.448916 ], [ -80.197227, 33.450523 ], [ -80.198097, 33.451575 ], [ -80.200539, 33.452932 ], [ -80.20735, 33.45257 ], [ -80.208162, 33.452291 ], [ -80.208664, 33.451296 ], [ -80.207444, 33.449489 ], [ -80.20691, 33.446935 ], [ -80.203718, 33.44397 ], [ -80.204021, 33.441872 ], [ -80.20656, 33.44197 ], [ -80.208955, 33.442662 ], [ -80.214145, 33.444305 ], [ -80.216575, 33.446621 ], [ -80.218959, 33.44772 ], [ -80.222362, 33.447756 ], [ -80.222267, 33.443716 ], [ -80.222162, 33.439564 ], [ -80.221485, 33.434584 ], [ -80.221867, 33.432897 ], [ -80.224728, 33.425476 ], [ -80.224642, 33.422824 ], [ -80.223834, 33.418127 ], [ -80.223842, 33.415046 ], [ -80.225201, 33.409337 ], [ -80.221893, 33.404542 ], [ -80.221967, 33.403087 ], [ -80.222568, 33.391288 ], [ -80.229876, 33.391575 ], [ -80.230245, 33.384105 ], [ -80.2324, 33.384125 ], [ -80.238463, 33.391153 ], [ -80.23996, 33.386776 ], [ -80.241557, 33.383084 ], [ -80.24179, 33.376054 ], [ -80.240327, 33.372559 ], [ -80.240525, 33.366468 ], [ -80.239074, 33.362841 ], [ -80.238958, 33.36022 ], [ -80.239804, 33.355161 ], [ -80.239619, 33.352201 ], [ -80.24031, 33.350626 ], [ -80.242027, 33.348632 ], [ -80.243783, 33.345824 ], [ -80.244624, 33.343484 ], [ -80.247454, 33.339755 ], [ -80.2479, 33.338163 ], [ -80.247288, 33.328687 ], [ -80.248067, 33.326668 ], [ -80.252094, 33.321289 ], [ -80.252501, 33.319575 ], [ -80.252009, 33.310314 ], [ -80.252188, 33.308311 ], [ -80.253836, 33.29926 ], [ -80.255642, 33.300002 ], [ -80.259678, 33.296864 ], [ -80.260517, 33.295385 ], [ -80.262019, 33.294499 ], [ -80.263512, 33.292325 ], [ -80.265722, 33.292028 ], [ -80.270196, 33.290426 ], [ -80.271807, 33.287837 ], [ -80.272599, 33.28573 ], [ -80.275409, 33.2847 ], [ -80.278546, 33.282593 ], [ -80.284122, 33.280825 ], [ -80.287009, 33.279341 ], [ -80.289268, 33.279113 ], [ -80.291687, 33.276325 ], [ -80.294481, 33.271256 ], [ -80.296004, 33.269964 ], [ -80.301943, 33.267459 ], [ -80.311594, 33.264571 ], [ -80.31474, 33.264107 ], [ -80.317203, 33.264118 ], [ -80.319963, 33.264772 ], [ -80.322264, 33.266052 ], [ -80.325598, 33.269054 ], [ -80.330125, 33.272229 ], [ -80.337659, 33.275872 ], [ -80.344645, 33.277848 ], [ -80.348927, 33.278023 ], [ -80.352167, 33.277503 ], [ -80.35442, 33.27676 ], [ -80.357354, 33.274775 ], [ -80.3591, 33.271995 ], [ -80.361301, 33.263077 ], [ -80.361851, 33.257443 ] ] ] ] } },
{ "type": "Feature", "properties": { "STATEFP": "45", "COUNTYFP": "075", "COUNTYNS": "01248014", "GEOIDFQ": "0500000US45075", "GEOID": "45075", "NAME": "Orangeburg", "NAMELSAD": "Orangeburg County", "STUSPS": "SC", "STATE_NAME": "South Carolina", "LSAD": "06", "ALAND": 2865509345.0, "AWATER": 55697625.0, "STATE_NAME_HYPHEN": "South-Carolina" }, "geometry": { "type": "MultiPolygon", "coordinates": [ [ [ [ -81.372931, 33.490417 ], [ -81.36947, 33.489129 ], [ -81.368076, 33.489749 ], [ -81.366216, 33.487962 ], [ -81.363838, 33.488537 ], [ -81.362115, 33.488171 ], [ -81.361267, 33.48698 ], [ -81.361375, 33.485148 ], [ -81.358504, 33.484828 ], [ -81.356591, 33.485356 ], [ -81.35618, 33.484164 ], [ -81.354896, 33.485265 ], [ -81.353911, 33.484234 ], [ -81.350958, 33.484166 ], [ -81.349017, 33.484969 ], [ -81.345517, 33.482931 ], [ -81.345735, 33.481945 ], [ -81.344231, 33.480891 ], [ -81.340869, 33.482152 ], [ -81.33972, 33.480274 ], [ -81.337889, 33.481214 ], [ -81.336604, 33.48048 ], [ -81.33428, 33.480321 ], [ -81.33428, 33.481375 ], [ -81.332448, 33.480161 ], [ -81.330234, 33.48023 ], [ -81.326762, 33.481972 ], [ -81.325833, 33.481537 ], [ -81.322525, 33.482957 ], [ -81.32165, 33.482339 ], [ -81.319189, 33.480966 ], [ -81.315088, 33.480462 ], [ -81.313228, 33.478347 ], [ -81.311175, 33.478215 ], [ -81.310493, 33.479247 ], [ -81.308771, 33.478948 ], [ -81.306202, 33.479705 ], [ -81.30571, 33.480966 ], [ -81.305082, 33.47966 ], [ -81.30284, 33.480003 ], [ -81.301445, 33.481218 ], [ -81.302047, 33.480003 ], [ -81.298466, 33.479407 ], [ -81.29688, 33.479864 ], [ -81.296416, 33.478147 ], [ -81.294557, 33.476909 ], [ -81.294421, 33.47542 ], [ -81.291468, 33.474663 ], [ -81.291195, 33.472831 ], [ -81.286166, 33.469577 ], [ -81.286714, 33.46779 ], [ -81.283898, 33.468728 ], [ -81.281909, 33.467532 ], [ -81.2807, 33.468316 ], [ -81.278541, 33.466575 ], [ -81.278104, 33.465017 ], [ -81.276875, 33.464191 ], [ -81.276001, 33.462105 ], [ -81.273241, 33.460111 ], [ -81.275072, 33.460043 ], [ -81.273515, 33.458829 ], [ -81.271191, 33.459791 ], [ -81.270919, 33.458623 ], [ -81.269197, 33.458874 ], [ -81.268268, 33.457819 ], [ -81.268979, 33.456467 ], [ -81.267886, 33.455551 ], [ -81.265482, 33.454863 ], [ -81.264717, 33.452801 ], [ -81.263269, 33.453395 ], [ -81.26327, 33.451563 ], [ -81.259935, 33.452089 ], [ -81.26092, 33.450898 ], [ -81.259444, 33.450073 ], [ -81.258542, 33.451172 ], [ -81.257805, 33.449956 ], [ -81.255974, 33.449773 ], [ -81.256494, 33.448949 ], [ -81.254308, 33.447893 ], [ -81.253735, 33.446198 ], [ -81.252069, 33.445487 ], [ -81.248868, 33.445211 ], [ -81.247774, 33.443815 ], [ -81.246271, 33.443885 ], [ -81.246325, 33.442831 ], [ -81.243646, 33.442328 ], [ -81.242908, 33.441136 ], [ -81.242608, 33.44203 ], [ -81.239847, 33.441573 ], [ -81.238181, 33.442467 ], [ -81.236814, 33.441048 ], [ -81.235585, 33.442285 ], [ -81.232552, 33.442676 ], [ -81.231265, 33.440477 ], [ -81.228533, 33.440134 ], [ -81.226866, 33.440776 ], [ -81.222219, 33.440664 ], [ -81.222673, 33.44 ], [ -81.221341, 33.439012 ], [ -81.22011, 33.439493 ], [ -81.218982, 33.438311 ], [ -81.215104, 33.438373 ], [ -81.215135, 33.438981 ], [ -81.212047, 33.439052 ], [ -81.210549, 33.438087 ], [ -81.209849, 33.438421 ], [ -81.206058, 33.437338 ], [ -81.203235, 33.433734 ], [ -81.202958, 33.432384 ], [ -81.201162, 33.431983 ], [ -81.199793, 33.430067 ], [ -81.199485, 33.427225 ], [ -81.198503, 33.426873 ], [ -81.198031, 33.423598 ], [ -81.19832, 33.421226 ], [ -81.195565, 33.418955 ], [ -81.19378, 33.41837 ], [ -81.192433, 33.418725 ], [ -81.191042, 33.415623 ], [ -81.191149, 33.414028 ], [ -81.189531, 33.411683 ], [ -81.185488, 33.410652 ], [ -81.184294, 33.409877 ], [ -81.182347, 33.410566 ], [ -81.180602, 33.409958 ], [ -81.17985, 33.410462 ], [ -81.176972, 33.410146 ], [ -81.175791, 33.40919 ], [ -81.175312, 33.409826 ], [ -81.173826, 33.408419 ], [ -81.171825, 33.408184 ], [ -81.171074, 33.408898 ], [ -81.167846, 33.408458 ], [ -81.167049, 33.409285 ], [ -81.165367, 33.408419 ], [ -81.163996, 33.409252 ], [ -81.163219, 33.407897 ], [ -81.161302, 33.407027 ], [ -81.161756, 33.405997 ], [ -81.159653, 33.405732 ], [ -81.157004, 33.406177 ], [ -81.156879, 33.404741 ], [ -81.155602, 33.404973 ], [ -81.154717, 33.403801 ], [ -81.153588, 33.404039 ], [ -81.151828, 33.402505 ], [ -81.150939, 33.403557 ], [ -81.150054, 33.40327 ], [ -81.149908, 33.401336 ], [ -81.149023, 33.400354 ], [ -81.14737, 33.400943 ], [ -81.147387, 33.399494 ], [ -81.144082, 33.399323 ], [ -81.142092, 33.397511 ], [ -81.140112, 33.397351 ], [ -81.138044, 33.395354 ], [ -81.135327, 33.393824 ], [ -81.133282, 33.393722 ], [ -81.130722, 33.39086 ], [ -81.131381, 33.390083 ], [ -81.130421, 33.388965 ], [ -81.127505, 33.388318 ], [ -81.126191, 33.388851 ], [ -81.123442, 33.388149 ], [ -81.122928, 33.386877 ], [ -81.120003, 33.386127 ], [ -81.118985, 33.386461 ], [ -81.119207, 33.384701 ], [ -81.117716, 33.383455 ], [ -81.114899, 33.383626 ], [ -81.115521, 33.382818 ], [ -81.114018, 33.38182 ], [ -81.112149, 33.381722 ], [ -81.111318, 33.38086 ], [ -81.109119, 33.381039 ], [ -81.106743, 33.379621 ], [ -81.105159, 33.380158 ], [ -81.104938, 33.379121 ], [ -81.103256, 33.379362 ], [ -81.102154, 33.378536 ], [ -81.099279, 33.378336 ], [ -81.097461, 33.37926 ], [ -81.096309, 33.378727 ], [ -81.091507, 33.378534 ], [ -81.090362, 33.377438 ], [ -81.089339, 33.378155 ], [ -81.089802, 33.379042 ], [ -81.088564, 33.379572 ], [ -81.088745, 33.377447 ], [ -81.08547, 33.375294 ], [ -81.08241, 33.375464 ], [ -81.078603, 33.375162 ], [ -81.077547, 33.373653 ], [ -81.07548, 33.373442 ], [ -81.073904, 33.368447 ], [ -81.071948, 33.367733 ], [ -81.071792, 33.36589 ], [ -81.070541, 33.36654 ], [ -81.067097, 33.36533 ], [ -81.067127, 33.364625 ], [ -81.063828, 33.361132 ], [ -81.062691, 33.359465 ], [ -81.061181, 33.359835 ], [ -81.059543, 33.358868 ], [ -81.056797, 33.35767 ], [ -81.057768, 33.356309 ], [ -81.056128, 33.356414 ], [ -81.055414, 33.35396 ], [ -81.054577, 33.354346 ], [ -81.052989, 33.3536 ], [ -81.050777, 33.351003 ], [ -81.048787, 33.351292 ], [ -81.047817, 33.349166 ], [ -81.046416, 33.349923 ], [ -81.046647, 33.348783 ], [ -81.044779, 33.347986 ], [ -81.041777, 33.348225 ], [ -81.04077, 33.347088 ], [ -81.039707, 33.349302 ], [ -81.036202, 33.349275 ], [ -81.036056, 33.348252 ], [ -81.032589, 33.346579 ], [ -81.031028, 33.348858 ], [ -81.030505, 33.347641 ], [ -81.02818, 33.346191 ], [ -81.028257, 33.344661 ], [ -81.027447, 33.34532 ], [ -81.027144, 33.342787 ], [ -81.025978, 33.343174 ], [ -81.024671, 33.338908 ], [ -81.022613, 33.338255 ], [ -81.022296, 33.338953 ], [ -81.018311, 33.336972 ], [ -81.016422, 33.337569 ], [ -81.015506, 33.336926 ], [ -81.013725, 33.338669 ], [ -81.012847, 33.337704 ], [ -81.011164, 33.337653 ], [ -81.010683, 33.335762 ], [ -81.00898, 33.336061 ], [ -81.007572, 33.33399 ], [ -81.006223, 33.334825 ], [ -81.006825, 33.336472 ], [ -81.005134, 33.336515 ], [ -81.003946, 33.334562 ], [ -81.003037, 33.334541 ], [ -81.00269, 33.332146 ], [ -81.001799, 33.332225 ], [ -81.000832, 33.330728 ], [ -80.999207, 33.331475 ], [ -80.998699, 33.330138 ], [ -81.000113, 33.329388 ], [ -80.998075, 33.32969 ], [ -80.996043, 33.328765 ], [ -80.994822, 33.328798 ], [ -80.994907, 33.327492 ], [ -80.993596, 33.327232 ], [ -80.993706, 33.328238 ], [ -80.991852, 33.327538 ], [ -80.992465, 33.329287 ], [ -80.991332, 33.329751 ], [ -80.989044, 33.328062 ], [ -80.985338, 33.327018 ], [ -80.98518, 33.324713 ], [ -80.983569, 33.324788 ], [ -80.983028, 33.323857 ], [ -80.980142, 33.322714 ], [ -80.981884, 33.321303 ], [ -80.979491, 33.319555 ], [ -80.979731, 33.318081 ], [ -80.978582, 33.319125 ], [ -80.976252, 33.317733 ], [ -80.973677, 33.317525 ], [ -80.971346, 33.318881 ], [ -80.969021, 33.317967 ], [ -80.968332, 33.318753 ], [ -80.967984, 33.316889 ], [ -80.967014, 33.316541 ], [ -80.964917, 33.313987 ], [ -80.963611, 33.313324 ], [ -80.964287, 33.312647 ], [ -80.963907, 33.31098 ], [ -80.962718, 33.311809 ], [ -80.962124, 33.310278 ], [ -80.962692, 33.309288 ], [ -80.961885, 33.308062 ], [ -80.959314, 33.309987 ], [ -80.95774, 33.310134 ], [ -80.956697, 33.30917 ], [ -80.954908, 33.309591 ], [ -80.951954, 33.3082 ], [ -80.952311, 33.307597 ], [ -80.949573, 33.308174 ], [ -80.948708, 33.309259 ], [ -80.948756, 33.308047 ], [ -80.949947, 33.306668 ], [ -80.950726, 33.306733 ], [ -80.950861, 33.305224 ], [ -80.948775, 33.30604 ], [ -80.947812, 33.304669 ], [ -80.947412, 33.305848 ], [ -80.946094, 33.30607 ], [ -80.946396, 33.304775 ], [ -80.944104, 33.305142 ], [ -80.941196, 33.303431 ], [ -80.940103, 33.30356 ], [ -80.938053, 33.299665 ], [ -80.937177, 33.300367 ], [ -80.933401, 33.29769 ], [ -80.935142, 33.296849 ], [ -80.934562, 33.296032 ], [ -80.933459, 33.296791 ], [ -80.930606, 33.295171 ], [ -80.929244, 33.295571 ], [ -80.930363, 33.294389 ], [ -80.932182, 33.294235 ], [ -80.932087, 33.293197 ], [ -80.930171, 33.292758 ], [ -80.928562, 33.290956 ], [ -80.927519, 33.292167 ], [ -80.926025, 33.290611 ], [ -80.924218, 33.290189 ], [ -80.922903, 33.288525 ], [ -80.926574, 33.287822 ], [ -80.926003, 33.286793 ], [ -80.924385, 33.287168 ], [ -80.921827, 33.286578 ], [ -80.919674, 33.285121 ], [ -80.918425, 33.283372 ], [ -80.917145, 33.284081 ], [ -80.916823, 33.283221 ], [ -80.915461, 33.283187 ], [ -80.915717, 33.281441 ], [ -80.914118, 33.281762 ], [ -80.91172, 33.280248 ], [ -80.91225, 33.279245 ], [ -80.909464, 33.279276 ], [ -80.909278, 33.277869 ], [ -80.908084, 33.27703 ], [ -80.906488, 33.277471 ], [ -80.906573, 33.276185 ], [ -80.905515, 33.276182 ], [ -80.903173, 33.27497 ], [ -80.903491, 33.272844 ], [ -80.901971, 33.271693 ], [ -80.901867, 33.270683 ], [ -80.89999, 33.271301 ], [ -80.899856, 33.269748 ], [ -80.896841, 33.270328 ], [ -80.89513, 33.268 ], [ -80.893444, 33.269068 ], [ -80.892257, 33.268391 ], [ -80.891622, 33.265773 ], [ -80.889545, 33.261285 ], [ -80.886944, 33.263153 ], [ -80.887109, 33.264183 ], [ -80.885206, 33.262908 ], [ -80.887879, 33.260539 ], [ -80.888358, 33.259404 ], [ -80.887579, 33.25793 ], [ -80.885396, 33.25983 ], [ -80.883978, 33.259944 ], [ -80.883078, 33.2596 ], [ -80.883025, 33.257561 ], [ -80.881225, 33.257927 ], [ -80.881308, 33.256736 ], [ -80.879536, 33.255979 ], [ -80.879455, 33.254558 ], [ -80.877955, 33.255016 ], [ -80.877793, 33.253114 ], [ -80.875583, 33.25474 ], [ -80.873126, 33.254144 ], [ -80.872961, 33.25293 ], [ -80.870235, 33.253046 ], [ -80.869089, 33.251672 ], [ -80.870533, 33.251121 ], [ -80.869114, 33.249065 ], [ -80.863824, 33.248243 ], [ -80.864944, 33.250941 ], [ -80.862953, 33.251056 ], [ -80.862052, 33.249183 ], [ -80.863169, 33.248037 ], [ -80.862977, 33.245815 ], [ -80.85995, 33.244853 ], [ -80.857878, 33.24474 ], [ -80.856515, 33.245748 ], [ -80.855724, 33.245176 ], [ -80.856486, 33.243068 ], [ -80.854986, 33.242083 ], [ -80.857357, 33.238577 ], [ -80.855802, 33.237707 ], [ -80.854141, 33.241052 ], [ -80.853077, 33.240251 ], [ -80.853158, 33.238532 ], [ -80.850486, 33.239152 ], [ -80.849368, 33.238304 ], [ -80.846151, 33.238328 ], [ -80.848058, 33.234799 ], [ -80.846231, 33.233677 ], [ -80.847949, 33.232875 ], [ -80.845987, 33.232692 ], [ -80.845495, 33.230813 ], [ -80.844051, 33.231432 ], [ -80.843914, 33.230356 ], [ -80.845549, 33.22937 ], [ -80.84653, 33.227194 ], [ -80.846502, 33.225682 ], [ -80.845411, 33.224766 ], [ -80.845847, 33.223139 ], [ -80.844156, 33.221833 ], [ -80.845001, 33.221192 ], [ -80.846364, 33.222085 ], [ -80.846827, 33.221076 ], [ -80.843855, 33.219221 ], [ -80.841757, 33.220093 ], [ -80.838895, 33.219177 ], [ -80.838513, 33.21739 ], [ -80.841973, 33.215602 ], [ -80.84061, 33.213494 ], [ -80.843445, 33.213356 ], [ -80.843907, 33.212096 ], [ -80.839819, 33.211845 ], [ -80.839628, 33.210172 ], [ -80.83742, 33.210883 ], [ -80.837556, 33.208661 ], [ -80.840581, 33.207904 ], [ -80.837092, 33.204949 ], [ -80.8375, 33.203712 ], [ -80.834639, 33.203529 ], [ -80.830959, 33.202613 ], [ -80.829788, 33.203369 ], [ -80.824746, 33.201606 ], [ -80.825154, 33.200483 ], [ -80.822838, 33.200117 ], [ -80.823192, 33.199063 ], [ -80.825999, 33.198077 ], [ -80.825781, 33.196794 ], [ -80.8242, 33.195809 ], [ -80.821775, 33.197917 ], [ -80.818914, 33.196749 ], [ -80.817224, 33.195351 ], [ -80.816761, 33.193656 ], [ -80.818041, 33.192785 ], [ -80.818586, 33.190769 ], [ -80.817006, 33.187493 ], [ -80.814581, 33.186096 ], [ -80.811556, 33.184996 ], [ -80.810112, 33.183576 ], [ -80.808368, 33.183049 ], [ -80.807415, 33.181147 ], [ -80.804445, 33.179039 ], [ -80.803601, 33.177756 ], [ -80.797912, 33.176944 ], [ -80.795864, 33.17693 ], [ -80.790822, 33.181168 ], [ -80.790296, 33.18084 ], [ -80.712892, 33.222291 ], [ -80.701038, 33.228668 ], [ -80.666187, 33.247407 ], [ -80.660746, 33.250132 ], [ -80.612904, 33.275852 ], [ -80.50279, 33.334496 ], [ -80.498468, 33.330567 ], [ -80.49574, 33.326172 ], [ -80.494669, 33.323807 ], [ -80.494129, 33.321167 ], [ -80.493882, 33.315793 ], [ -80.495344, 33.304971 ], [ -80.495176, 33.302546 ], [ -80.493962, 33.297539 ], [ -80.491738, 33.29329 ], [ -80.489229, 33.289558 ], [ -80.486121, 33.28219 ], [ -80.484578, 33.280034 ], [ -80.479263, 33.277659 ], [ -80.475608, 33.274851 ], [ -80.473335, 33.273671 ], [ -80.466619, 33.271471 ], [ -80.462284, 33.270666 ], [ -80.45349, 33.270995 ], [ -80.451683, 33.270656 ], [ -80.449498, 33.269539 ], [ -80.443599, 33.264936 ], [ -80.441158, 33.262403 ], [ -80.439695, 33.261698 ], [ -80.439529, 33.261618 ], [ -80.436172, 33.260022 ], [ -80.427092, 33.257762 ], [ -80.424457, 33.257709 ], [ -80.419996, 33.258253 ], [ -80.413293, 33.25981 ], [ -80.410246, 33.260198 ], [ -80.401436, 33.262365 ], [ -80.396309, 33.264232 ], [ -80.39421, 33.264663 ], [ -80.391872, 33.264564 ], [ -80.389827, 33.264291 ], [ -80.384448, 33.261738 ], [ -80.381974, 33.261012 ], [ -80.377665, 33.260502 ], [ -80.374816, 33.260675 ], [ -80.368265, 33.25949 ], [ -80.364302, 33.258555 ], [ -80.361851, 33.257443 ], [ -80.361301, 33.263077 ], [ -80.3591, 33.271995 ], [ -80.357354, 33.274775 ], [ -80.35442, 33.27676 ], [ -80.352167, 33.277503 ], [ -80.348927, 33.278023 ], [ -80.344645, 33.277848 ], [ -80.337659, 33.275872 ], [ -80.330125, 33.272229 ], [ -80.325598, 33.269054 ], [ -80.322264, 33.266052 ], [ -80.319963, 33.264772 ], [ -80.317203, 33.264118 ], [ -80.31474, 33.264107 ], [ -80.311594, 33.264571 ], [ -80.301943, 33.267459 ], [ -80.296004, 33.269964 ], [ -80.294481, 33.271256 ], [ -80.291687, 33.276325 ], [ -80.289268, 33.279113 ], [ -80.287009, 33.279341 ], [ -80.284122, 33.280825 ], [ -80.278546, 33.282593 ], [ -80.275409, 33.2847 ], [ -80.272599, 33.28573 ], [ -80.271807, 33.287837 ], [ -80.270196, 33.290426 ], [ -80.265722, 33.292028 ], [ -80.263512, 33.292325 ], [ -80.262019, 33.294499 ], [ -80.260517, 33.295385 ], [ -80.259678, 33.296864 ], [ -80.255642, 33.300002 ], [ -80.253836, 33.29926 ], [ -80.252188, 33.308311 ], [ -80.252009, 33.310314 ], [ -80.252501, 33.319575 ], [ -80.252094, 33.321289 ], [ -80.248067, 33.326668 ], [ -80.247288, 33.328687 ], [ -80.2479, 33.338163 ], [ -80.247454, 33.339755 ], [ -80.244624, 33.343484 ], [ -80.243783, 33.345824 ], [ -80.242027, 33.348632 ], [ -80.24031, 33.350626 ], [ -80.239619, 33.352201 ], [ -80.239804, 33.355161 ], [ -80.238958, 33.36022 ], [ -80.239074, 33.362841 ], [ -80.240525, 33.366468 ], [ -80.240327, 33.372559 ], [ -80.24179, 33.376054 ], [ -80.241557, 33.383084 ], [ -80.23996, 33.386776 ], [ -80.238463, 33.391153 ], [ -80.2324, 33.384125 ], [ -80.230245, 33.384105 ], [ -80.229876, 33.391575 ], [ -80.222568, 33.391288 ], [ -80.221967, 33.403087 ], [ -80.221893, 33.404542 ], [ -80.225201, 33.409337 ], [ -80.223842, 33.415046 ], [ -80.223834, 33.418127 ], [ -80.224642, 33.422824 ], [ -80.224728, 33.425476 ], [ -80.221867, 33.432897 ], [ -80.221485, 33.434584 ], [ -80.222162, 33.439564 ], [ -80.222267, 33.443716 ], [ -80.225273, 33.444836 ], [ -80.229334, 33.444553 ], [ -80.233677, 33.440794 ], [ -80.23591, 33.439635 ], [ -80.239123, 33.440019 ], [ -80.239949, 33.441699 ], [ -80.237963, 33.444001 ], [ -80.237595, 33.446238 ], [ -80.238403, 33.448023 ], [ -80.238978, 33.450761 ], [ -80.238403, 33.453442 ], [ -80.239907, 33.454675 ], [ -80.241339, 33.453916 ], [ -80.241325, 33.452037 ], [ -80.242419, 33.449595 ], [ -80.243489, 33.449129 ], [ -80.246101, 33.449968 ], [ -80.248796, 33.450266 ], [ -80.253912, 33.449329 ], [ -80.255818, 33.447999 ], [ -80.256505, 33.445611 ], [ -80.257941, 33.443361 ], [ -80.260011, 33.441709 ], [ -80.26405, 33.44035 ], [ -80.267879, 33.437852 ], [ -80.271022, 33.437694 ], [ -80.272655, 33.438181 ], [ -80.273766, 33.440256 ], [ -80.274547, 33.443769 ], [ -80.276675, 33.446927 ], [ -80.280085, 33.448425 ], [ -80.281988, 33.448354 ], [ -80.284373, 33.447509 ], [ -80.286463, 33.444598 ], [ -80.288485, 33.442582 ], [ -80.291438, 33.440777 ], [ -80.295533, 33.440371 ], [ -80.300193, 33.440738 ], [ -80.303413, 33.440152 ], [ -80.308711, 33.437961 ], [ -80.312951, 33.436536 ], [ -80.317317, 33.43424 ], [ -80.31927, 33.43295 ], [ -80.323568, 33.431162 ], [ -80.330784, 33.431482 ], [ -80.339519, 33.430859 ], [ -80.345819, 33.4308 ], [ -80.348879, 33.430219 ], [ -80.354539, 33.430408 ], [ -80.36012, 33.432179 ], [ -80.363935, 33.432738 ], [ -80.366845, 33.434144 ], [ -80.369621, 33.436574 ], [ -80.372781, 33.438876 ], [ -80.375926, 33.439993 ], [ -80.383092, 33.441513 ], [ -80.385764, 33.442335 ], [ -80.390245, 33.444032 ], [ -80.393824, 33.445849 ], [ -80.394811, 33.447191 ], [ -80.397697, 33.450658 ], [ -80.4005, 33.452537 ], [ -80.406709, 33.456078 ], [ -80.410714, 33.459492 ], [ -80.412837, 33.460917 ], [ -80.41978, 33.466282 ], [ -80.42422, 33.46906 ], [ -80.429941, 33.473219 ], [ -80.433515, 33.475037 ], [ -80.436974, 33.477962 ], [ -80.437416, 33.480262 ], [ -80.436486, 33.482761 ], [ -80.434442, 33.485345 ], [ -80.43394, 33.488345 ], [ -80.436526, 33.491251 ], [ -80.439682, 33.492561 ], [ -80.441318, 33.493677 ], [ -80.441571, 33.495461 ], [ -80.440711, 33.496999 ], [ -80.438545, 33.498785 ], [ -80.437848, 33.500163 ], [ -80.439085, 33.502025 ], [ -80.442341, 33.502837 ], [ -80.447966, 33.502753 ], [ -80.452726, 33.501669 ], [ -80.457265, 33.501875 ], [ -80.460048, 33.502895 ], [ -80.461055, 33.504336 ], [ -80.460904, 33.506084 ], [ -80.45971, 33.507603 ], [ -80.456946, 33.509597 ], [ -80.456102, 33.510821 ], [ -80.456396, 33.512151 ], [ -80.457216, 33.513408 ], [ -80.459292, 33.514374 ], [ -80.464798, 33.514573 ], [ -80.466382, 33.514947 ], [ -80.467741, 33.516157 ], [ -80.468141, 33.518576 ], [ -80.467869, 33.521086 ], [ -80.46836, 33.523237 ], [ -80.467997, 33.525028 ], [ -80.467224, 33.526429 ], [ -80.464136, 33.527514 ], [ -80.462192, 33.526377 ], [ -80.461538, 33.523193 ], [ -80.460473, 33.522804 ], [ -80.458547, 33.523267 ], [ -80.457199, 33.524239 ], [ -80.452938, 33.523246 ], [ -80.450344, 33.523403 ], [ -80.447324, 33.524527 ], [ -80.447353, 33.526701 ], [ -80.449167, 33.528074 ], [ -80.449815, 33.529908 ], [ -80.449717, 33.531453 ], [ -80.446856, 33.535574 ], [ -80.446783, 33.538485 ], [ -80.447463, 33.540472 ], [ -80.451861, 33.545916 ], [ -80.455375, 33.547056 ], [ -80.457578, 33.545991 ], [ -80.459366, 33.542637 ], [ -80.461151, 33.540778 ], [ -80.463668, 33.540008 ], [ -80.468421, 33.541058 ], [ -80.470825, 33.543651 ], [ -80.471653, 33.546849 ], [ -80.474659, 33.552884 ], [ -80.476047, 33.554069 ], [ -80.479102, 33.554294 ], [ -80.480643, 33.555444 ], [ -80.481263, 33.556704 ], [ -80.485019, 33.560047 ], [ -80.487988, 33.56028 ], [ -80.489395, 33.55883 ], [ -80.491937, 33.557275 ], [ -80.4948, 33.557041 ], [ -80.496273, 33.558481 ], [ -80.497141, 33.553593 ], [ -80.498004, 33.552671 ], [ -80.500414, 33.552309 ], [ -80.50292, 33.553056 ], [ -80.505589, 33.552592 ], [ -80.505991, 33.550623 ], [ -80.504362, 33.546375 ], [ -80.50474, 33.542329 ], [ -80.506005, 33.541562 ], [ -80.506004, 33.539674 ], [ -80.50335, 33.535827 ], [ -80.505764, 33.53586 ], [ -80.511206, 33.538429 ], [ -80.538348, 33.559691 ], [ -80.540143, 33.5618 ], [ -80.542114, 33.560658 ], [ -80.548158, 33.558546 ], [ -80.551357, 33.558738 ], [ -80.55227, 33.563593 ], [ -80.552272, 33.565414 ], [ -80.564643, 33.561803 ], [ -80.574056, 33.560437 ], [ -80.579953, 33.561084 ], [ -80.601547, 33.556195 ], [ -80.603615, 33.5554 ], [ -80.610346, 33.550732 ], [ -80.588231, 33.538597 ], [ -80.623454, 33.50016 ], [ -80.624702, 33.498899 ], [ -80.621726, 33.496699 ], [ -80.619673, 33.494501 ], [ -80.619669, 33.493223 ], [ -80.624951, 33.488763 ], [ -80.619591, 33.483648 ], [ -80.619338, 33.482235 ], [ -80.611327, 33.470416 ], [ -80.616575, 33.466006 ], [ -80.627291, 33.473821 ], [ -80.634486, 33.469467 ], [ -80.639282, 33.474913 ], [ -80.645802, 33.472844 ], [ -80.652503, 33.472861 ], [ -80.65902, 33.470982 ], [ -80.660386, 33.473044 ], [ -80.663092, 33.474052 ], [ -80.663638, 33.474854 ], [ -80.666126, 33.475153 ], [ -80.666105, 33.477945 ], [ -80.668124, 33.480448 ], [ -80.672451, 33.482422 ], [ -80.673914, 33.484755 ], [ -80.677982, 33.486677 ], [ -80.678251, 33.487943 ], [ -80.680188, 33.490786 ], [ -80.680123, 33.492504 ], [ -80.682525, 33.494074 ], [ -80.681623, 33.495865 ], [ -80.682744, 33.496711 ], [ -80.683728, 33.499438 ], [ -80.686326, 33.50048 ], [ -80.687831, 33.501707 ], [ -80.69103, 33.503288 ], [ -80.694011, 33.505991 ], [ -80.695652, 33.508809 ], [ -80.69609, 33.510458 ], [ -80.695954, 33.514582 ], [ -80.693802, 33.520428 ], [ -80.694072, 33.521911 ], [ -80.731565, 33.549502 ], [ -80.775976, 33.581322 ], [ -80.807631, 33.604081 ], [ -80.807922, 33.604143 ], [ -80.823622, 33.607524 ], [ -80.881393, 33.619702 ], [ -80.885414, 33.618208 ], [ -80.919677, 33.605505 ], [ -80.939785, 33.608813 ], [ -80.938701, 33.612002 ], [ -80.938833, 33.615505 ], [ -80.939496, 33.617759 ], [ -80.939023, 33.62051 ], [ -80.938359, 33.621284 ], [ -80.938189, 33.624495 ], [ -80.939976, 33.626082 ], [ -80.939851, 33.627875 ], [ -80.940726, 33.62975 ], [ -80.939582, 33.63223 ], [ -80.93976, 33.637019 ], [ -80.940496, 33.639202 ], [ -80.942061, 33.641879 ], [ -80.943954, 33.643604 ], [ -80.965511, 33.625305 ], [ -80.981259, 33.64172 ], [ -80.98421, 33.644797 ], [ -80.999802, 33.660802 ], [ -81.015196, 33.677947 ], [ -81.022916, 33.685572 ], [ -81.042854, 33.707131 ], [ -81.05669, 33.703432 ], [ -81.084665, 33.696025 ], [ -81.086803, 33.695315 ], [ -81.108727, 33.685593 ], [ -81.116052, 33.682549 ], [ -81.122994, 33.679655 ], [ -81.186912, 33.652919 ], [ -81.187271, 33.652937 ], [ -81.25249, 33.595195 ], [ -81.285921, 33.56558 ], [ -81.323405, 33.532582 ], [ -81.34126, 33.517071 ], [ -81.34131, 33.517029 ], [ -81.373494, 33.49051 ], [ -81.372931, 33.490417 ] ] ] ] } },
{ "type": "Feature", "properties": { "STATEFP": "45", "COUNTYFP": "079", "COUNTYNS": "01249299", "GEOIDFQ": "0500000US45079", "GEOID": "45079", "NAME": "Richland", "NAMELSAD": "Richland County", "STUSPS": "SC", "STATE_NAME": "South Carolina", "LSAD": "06", "ALAND": 1961418141.0, "AWATER": 37932713.0, "STATE_NAME_HYPHEN": "South-Carolina" }, "geometry": { "type": "MultiPolygon", "coordinates": [ [ [ [ -81.343423, 34.202703 ], [ -81.341546, 34.201435 ], [ -81.338961, 34.197587 ], [ -81.337233, 34.195279 ], [ -81.333469, 34.19498 ], [ -81.333088, 34.19367 ], [ -81.33174, 34.192965 ], [ -81.329679, 34.193252 ], [ -81.329033, 34.191749 ], [ -81.329405, 34.190416 ], [ -81.326769, 34.189317 ], [ -81.324149, 34.189653 ], [ -81.321251, 34.188697 ], [ -81.320893, 34.1873 ], [ -81.319033, 34.185646 ], [ -81.316302, 34.18713 ], [ -81.314456, 34.186905 ], [ -81.307171, 34.172212 ], [ -81.302266, 34.162395 ], [ -81.311638, 34.154465 ], [ -81.315037, 34.146141 ], [ -81.311734, 34.143396 ], [ -81.311904, 34.14118 ], [ -81.308613, 34.137329 ], [ -81.298011, 34.124917 ], [ -81.291016, 34.117156 ], [ -81.289929, 34.117554 ], [ -81.288312, 34.117529 ], [ -81.28738, 34.11592 ], [ -81.282015, 34.107027 ], [ -81.279044, 34.102705 ], [ -81.275845, 34.097381 ], [ -81.27095, 34.099044 ], [ -81.268995, 34.099652 ], [ -81.258063, 34.101929 ], [ -81.248214, 34.102156 ], [ -81.243733, 34.102198 ], [ -81.233433, 34.101768 ], [ -81.228033, 34.101293 ], [ -81.227955, 34.101286 ], [ -81.227742, 34.101226 ], [ -81.227626, 34.101215 ], [ -81.223284, 34.100777 ], [ -81.221842, 34.100557 ], [ -81.221121, 34.100447 ], [ -81.21549, 34.09959 ], [ -81.206031, 34.098071 ], [ -81.198055, 34.096255 ], [ -81.19428, 34.09523 ], [ -81.193028, 34.094841 ], [ -81.186513, 34.092771 ], [ -81.186237, 34.092728 ], [ -81.186064, 34.092678 ], [ -81.180574, 34.090542 ], [ -81.1729, 34.090454 ], [ -81.172889, 34.090145 ], [ -81.17285, 34.087551 ], [ -81.170254, 34.086443 ], [ -81.166569, 34.084807 ], [ -81.165605, 34.085088 ], [ -81.164254, 34.083712 ], [ -81.161299, 34.082249 ], [ -81.160802, 34.081994 ], [ -81.152894, 34.077604 ], [ -81.149163, 34.075321 ], [ -81.148403, 34.07494 ], [ -81.148339, 34.074881 ], [ -81.147562, 34.074255 ], [ -81.146237, 34.073375 ], [ -81.144806, 34.072387 ], [ -81.139479, 34.06849 ], [ -81.139282, 34.068341 ], [ -81.132037, 34.062321 ], [ -81.125257, 34.05574 ], [ -81.12149, 34.051593 ], [ -81.116307, 34.045211 ], [ -81.11056, 34.0369 ], [ -81.110473, 34.036755 ], [ -81.108164, 34.032829 ], [ -81.107407, 34.031164 ], [ -81.106277, 34.029033 ], [ -81.105264, 34.026889 ], [ -81.104799, 34.025878 ], [ -81.103823, 34.023316 ], [ -81.103689, 34.023349 ], [ -81.102683, 34.024031 ], [ -81.101114, 34.024124 ], [ -81.099391, 34.023074 ], [ -81.097576, 34.018007 ], [ -81.096162, 34.016478 ], [ -81.092991, 34.01464 ], [ -81.089612, 34.013412 ], [ -81.086135, 34.013895 ], [ -81.082618, 34.011931 ], [ -81.080015, 34.011853 ], [ -81.076771, 34.00877 ], [ -81.073633, 34.006615 ], [ -81.072131, 34.006571 ], [ -81.066892, 34.009046 ], [ -81.064917, 34.008614 ], [ -81.060719, 34.004725 ], [ -81.059715, 34.005253 ], [ -81.05877, 34.003692 ], [ -81.054684, 34.000789 ], [ -81.052586, 33.998003 ], [ -81.05211, 33.997616 ], [ -81.050859, 33.995775 ], [ -81.047704, 33.990505 ], [ -81.04645, 33.988028 ], [ -81.04673, 33.98635 ], [ -81.045932, 33.977339 ], [ -81.045826, 33.976644 ], [ -81.043092, 33.973186 ], [ -81.039956, 33.969972 ], [ -81.039234, 33.969025 ], [ -81.038507, 33.968074 ], [ -81.035791, 33.96259 ], [ -81.030989, 33.954127 ], [ -81.024878, 33.943638 ], [ -81.023628, 33.941616 ], [ -81.020852, 33.938222 ], [ -81.018956, 33.935278 ], [ -81.018424, 33.934187 ], [ -81.017654, 33.93237 ], [ -81.017549, 33.932121 ], [ -81.017014, 33.930855 ], [ -81.017214, 33.925855 ], [ -81.019414, 33.921155 ], [ -81.023114, 33.918954 ], [ -81.029214, 33.916454 ], [ -81.029714, 33.915454 ], [ -81.030135, 33.913647 ], [ -81.028961, 33.912036 ], [ -81.026035, 33.910358 ], [ -81.022704, 33.909235 ], [ -81.014267, 33.908148 ], [ -81.011814, 33.907065 ], [ -81.008754, 33.904102 ], [ -81.009412, 33.900101 ], [ -81.010999, 33.898132 ], [ -81.017395, 33.896545 ], [ -81.018646, 33.895605 ], [ -81.020111, 33.8933 ], [ -81.020432, 33.890477 ], [ -81.021424, 33.888074 ], [ -81.020707, 33.884656 ], [ -81.018327, 33.882161 ], [ -81.015565, 33.880797 ], [ -81.01233, 33.88008 ], [ -81.000168, 33.878439 ], [ -80.998169, 33.876791 ], [ -80.996574, 33.873808 ], [ -80.996722, 33.870774 ], [ -80.998301, 33.866956 ], [ -81.000848, 33.864958 ], [ -81.002081, 33.863056 ], [ -81.00113, 33.861442 ], [ -80.999784, 33.860602 ], [ -80.993176, 33.858644 ], [ -80.986217, 33.857464 ], [ -80.985926, 33.855644 ], [ -80.987428, 33.854047 ], [ -80.989595, 33.852693 ], [ -80.989965, 33.85168 ], [ -80.988276, 33.8498 ], [ -80.985706, 33.84873 ], [ -80.97776, 33.848521 ], [ -80.972993, 33.846993 ], [ -80.968847, 33.847005 ], [ -80.965945, 33.847848 ], [ -80.959437, 33.844584 ], [ -80.953744, 33.8427 ], [ -80.950825, 33.840895 ], [ -80.947048, 33.837386 ], [ -80.944048, 33.833854 ], [ -80.943223, 33.83135 ], [ -80.940584, 33.828482 ], [ -80.936192, 33.826387 ], [ -80.933554, 33.826423 ], [ -80.931203, 33.826984 ], [ -80.929178, 33.826369 ], [ -80.926355, 33.826572 ], [ -80.924263, 33.827409 ], [ -80.923026, 33.828879 ], [ -80.923134, 33.833001 ], [ -80.920493, 33.834851 ], [ -80.915319, 33.833921 ], [ -80.913103, 33.832934 ], [ -80.911839, 33.83129 ], [ -80.911733, 33.829878 ], [ -80.91274, 33.828036 ], [ -80.91598, 33.824915 ], [ -80.916962, 33.820984 ], [ -80.91731, 33.813735 ], [ -80.915558, 33.811419 ], [ -80.905919, 33.809708 ], [ -80.898535, 33.808767 ], [ -80.893223, 33.809925 ], [ -80.890831, 33.810775 ], [ -80.885026, 33.813398 ], [ -80.882194, 33.815076 ], [ -80.879813, 33.81562 ], [ -80.874812, 33.815488 ], [ -80.872575, 33.814451 ], [ -80.869712, 33.812391 ], [ -80.867659, 33.810056 ], [ -80.866547, 33.807366 ], [ -80.86649, 33.804648 ], [ -80.865759, 33.802719 ], [ -80.86346, 33.801638 ], [ -80.859568, 33.801814 ], [ -80.857829, 33.801574 ], [ -80.852462, 33.799595 ], [ -80.845202, 33.79599 ], [ -80.837472, 33.793906 ], [ -80.835962, 33.792743 ], [ -80.834959, 33.790551 ], [ -80.834817, 33.787388 ], [ -80.833464, 33.785508 ], [ -80.829581, 33.784909 ], [ -80.827948, 33.785256 ], [ -80.82474, 33.786861 ], [ -80.822545, 33.787003 ], [ -80.822054, 33.786315 ], [ -80.82257, 33.784567 ], [ -80.824451, 33.78179 ], [ -80.826125, 33.780193 ], [ -80.828549, 33.779128 ], [ -80.829259, 33.778193 ], [ -80.827989, 33.776206 ], [ -80.82504, 33.77471 ], [ -80.821903, 33.774386 ], [ -80.819163, 33.776276 ], [ -80.817504, 33.779761 ], [ -80.81569, 33.781069 ], [ -80.811249, 33.77975 ], [ -80.809536, 33.778476 ], [ -80.808237, 33.774963 ], [ -80.807591, 33.774211 ], [ -80.804002, 33.773891 ], [ -80.80137, 33.773126 ], [ -80.797889, 33.7707 ], [ -80.793354, 33.769525 ], [ -80.78609, 33.769692 ], [ -80.782968, 33.768899 ], [ -80.78206, 33.767246 ], [ -80.783006, 33.765164 ], [ -80.786144, 33.762722 ], [ -80.78486, 33.761008 ], [ -80.782206, 33.760711 ], [ -80.779348, 33.761714 ], [ -80.777642, 33.764682 ], [ -80.772828, 33.771011 ], [ -80.77177, 33.7719 ], [ -80.76913, 33.771925 ], [ -80.767947, 33.771364 ], [ -80.768192, 33.768732 ], [ -80.767835, 33.767146 ], [ -80.766337, 33.766821 ], [ -80.763009, 33.771023 ], [ -80.759731, 33.773997 ], [ -80.758218, 33.773931 ], [ -80.757513, 33.773082 ], [ -80.756265, 33.768109 ], [ -80.756185, 33.764819 ], [ -80.754517, 33.763996 ], [ -80.749811, 33.764604 ], [ -80.747337, 33.761742 ], [ -80.744999, 33.76291 ], [ -80.74486, 33.764014 ], [ -80.747786, 33.766026 ], [ -80.748568, 33.768958 ], [ -80.751574, 33.770564 ], [ -80.751197, 33.772012 ], [ -80.747975, 33.775808 ], [ -80.745034, 33.776426 ], [ -80.743282, 33.77561 ], [ -80.741587, 33.773858 ], [ -80.740684, 33.768842 ], [ -80.739224, 33.767925 ], [ -80.736335, 33.767422 ], [ -80.735901, 33.765495 ], [ -80.738375, 33.762667 ], [ -80.740457, 33.759091 ], [ -80.739555, 33.756883 ], [ -80.738464, 33.756391 ], [ -80.737377, 33.756617 ], [ -80.733859, 33.759978 ], [ -80.730005, 33.760389 ], [ -80.728004, 33.761819 ], [ -80.727315, 33.764779 ], [ -80.727658, 33.767406 ], [ -80.726847, 33.768282 ], [ -80.725017, 33.76848 ], [ -80.722537, 33.767346 ], [ -80.721407, 33.764037 ], [ -80.717559, 33.760832 ], [ -80.715368, 33.760485 ], [ -80.714402, 33.76164 ], [ -80.713307, 33.766022 ], [ -80.713156, 33.76865 ], [ -80.713722, 33.770256 ], [ -80.712336, 33.771233 ], [ -80.710653, 33.770952 ], [ -80.708839, 33.769432 ], [ -80.705334, 33.767379 ], [ -80.704386, 33.766486 ], [ -80.70394, 33.76468 ], [ -80.705959, 33.761507 ], [ -80.705386, 33.759795 ], [ -80.703274, 33.759094 ], [ -80.699713, 33.756983 ], [ -80.696572, 33.756514 ], [ -80.691687, 33.756837 ], [ -80.689968, 33.757238 ], [ -80.688368, 33.760483 ], [ -80.687399, 33.761092 ], [ -80.685983, 33.760642 ], [ -80.686102, 33.758738 ], [ -80.687616, 33.756833 ], [ -80.686592, 33.755993 ], [ -80.680372, 33.760973 ], [ -80.679218, 33.762513 ], [ -80.677537, 33.76298 ], [ -80.675103, 33.761983 ], [ -80.673204, 33.763213 ], [ -80.672936, 33.764879 ], [ -80.671791, 33.766475 ], [ -80.666292, 33.768352 ], [ -80.66237, 33.771463 ], [ -80.659051, 33.772986 ], [ -80.65468, 33.773508 ], [ -80.652864, 33.772552 ], [ -80.65174, 33.769976 ], [ -80.652771, 33.768305 ], [ -80.656258, 33.765721 ], [ -80.656806, 33.763599 ], [ -80.656399, 33.761398 ], [ -80.649538, 33.757748 ], [ -80.647265, 33.754203 ], [ -80.645798, 33.753196 ], [ -80.641731, 33.752269 ], [ -80.640568, 33.751549 ], [ -80.640011, 33.74994 ], [ -80.640412, 33.747548 ], [ -80.637912, 33.746086 ], [ -80.632785, 33.743667 ], [ -80.630617, 33.743567 ], [ -80.622752, 33.745647 ], [ -80.620889, 33.744978 ], [ -80.620107, 33.743237 ], [ -80.618658, 33.743585 ], [ -80.618919, 33.745715 ], [ -80.620127, 33.747884 ], [ -80.619434, 33.748558 ], [ -80.614649, 33.747577 ], [ -80.614315, 33.748883 ], [ -80.616155, 33.75097 ], [ -80.612958, 33.750868 ], [ -80.611099, 33.751504 ], [ -80.609, 33.754099 ], [ -80.611273, 33.754503 ], [ -80.611806, 33.755447 ], [ -80.608845, 33.757093 ], [ -80.605638, 33.757476 ], [ -80.604971, 33.758484 ], [ -80.607308, 33.759058 ], [ -80.608837, 33.761938 ], [ -80.606724, 33.761771 ], [ -80.603699, 33.762713 ], [ -80.603468, 33.763679 ], [ -80.605298, 33.763988 ], [ -80.606275, 33.76741 ], [ -80.605124, 33.767967 ], [ -80.604277, 33.7668 ], [ -80.602012, 33.767414 ], [ -80.601552, 33.768724 ], [ -80.605679, 33.771766 ], [ -80.603753, 33.772809 ], [ -80.602167, 33.774805 ], [ -80.59879, 33.775936 ], [ -80.597715, 33.777512 ], [ -80.598188, 33.779005 ], [ -80.600664, 33.782892 ], [ -80.602976, 33.785323 ], [ -80.602449, 33.786567 ], [ -80.601406, 33.78648 ], [ -80.59976, 33.784607 ], [ -80.59749, 33.785003 ], [ -80.596205, 33.786431 ], [ -80.597519, 33.788459 ], [ -80.601262, 33.788399 ], [ -80.600454, 33.790156 ], [ -80.600529, 33.791789 ], [ -80.603762, 33.793062 ], [ -80.60366, 33.793836 ], [ -80.601731, 33.794568 ], [ -80.601755, 33.79733 ], [ -80.600345, 33.799183 ], [ -80.600941, 33.799862 ], [ -80.604189, 33.800441 ], [ -80.605381, 33.804746 ], [ -80.604284, 33.804981 ], [ -80.598783, 33.803385 ], [ -80.598288, 33.804476 ], [ -80.602083, 33.807235 ], [ -80.603094, 33.810932 ], [ -80.60464, 33.810986 ], [ -80.606416, 33.808686 ], [ -80.607491, 33.811116 ], [ -80.609141, 33.809823 ], [ -80.61163, 33.812636 ], [ -80.613071, 33.813548 ], [ -80.615676, 33.814514 ], [ -80.615076, 33.81601 ], [ -80.61682, 33.818597 ], [ -80.617449, 33.821086 ], [ -80.616133, 33.822778 ], [ -80.616808, 33.826889 ], [ -80.619203, 33.828102 ], [ -80.620288, 33.831032 ], [ -80.616985, 33.832222 ], [ -80.616381, 33.834942 ], [ -80.619001, 33.836505 ], [ -80.619074, 33.839308 ], [ -80.622077, 33.83952 ], [ -80.623067, 33.841367 ], [ -80.626655, 33.841631 ], [ -80.627967, 33.84266 ], [ -80.627487, 33.844734 ], [ -80.628233, 33.845839 ], [ -80.630971, 33.847355 ], [ -80.632803, 33.850313 ], [ -80.633545, 33.85268 ], [ -80.631577, 33.852407 ], [ -80.63035, 33.854139 ], [ -80.630767, 33.857196 ], [ -80.627596, 33.86114 ], [ -80.626053, 33.860882 ], [ -80.624808, 33.859451 ], [ -80.62296, 33.860408 ], [ -80.622964, 33.861232 ], [ -80.625332, 33.866811 ], [ -80.625322, 33.869625 ], [ -80.623618, 33.870924 ], [ -80.622901, 33.872488 ], [ -80.624062, 33.875155 ], [ -80.623547, 33.877223 ], [ -80.620972, 33.877234 ], [ -80.619589, 33.87873 ], [ -80.620829, 33.879724 ], [ -80.623933, 33.879438 ], [ -80.625003, 33.880802 ], [ -80.623934, 33.881149 ], [ -80.621639, 33.880508 ], [ -80.620793, 33.882486 ], [ -80.623624, 33.884241 ], [ -80.625861, 33.888789 ], [ -80.626135, 33.890406 ], [ -80.625563, 33.893511 ], [ -80.623927, 33.892577 ], [ -80.623328, 33.890064 ], [ -80.620408, 33.888651 ], [ -80.61915, 33.88867 ], [ -80.615534, 33.890741 ], [ -80.615045, 33.891887 ], [ -80.615404, 33.893264 ], [ -80.61703, 33.895519 ], [ -80.617846, 33.895731 ], [ -80.621454, 33.895117 ], [ -80.623848, 33.896356 ], [ -80.625744, 33.898545 ], [ -80.625935, 33.899645 ], [ -80.624256, 33.902087 ], [ -80.623998, 33.90357 ], [ -80.624507, 33.905497 ], [ -80.626894, 33.907617 ], [ -80.629221, 33.912071 ], [ -80.630552, 33.913743 ], [ -80.632225, 33.914818 ], [ -80.634093, 33.917333 ], [ -80.633763, 33.918429 ], [ -80.631491, 33.919634 ], [ -80.630784, 33.921657 ], [ -80.632513, 33.923607 ], [ -80.632363, 33.925109 ], [ -80.630724, 33.925736 ], [ -80.627383, 33.928429 ], [ -80.6262, 33.929899 ], [ -80.626989, 33.931076 ], [ -80.630077, 33.932397 ], [ -80.630567, 33.9337 ], [ -80.629819, 33.934083 ], [ -80.627612, 33.933568 ], [ -80.624808, 33.93485 ], [ -80.621527, 33.933758 ], [ -80.618296, 33.935065 ], [ -80.616716, 33.936427 ], [ -80.616619, 33.937387 ], [ -80.618241, 33.938684 ], [ -80.620707, 33.935926 ], [ -80.62229, 33.936067 ], [ -80.622778, 33.936647 ], [ -80.622506, 33.939105 ], [ -80.619444, 33.941279 ], [ -80.620157, 33.942386 ], [ -80.62481, 33.942606 ], [ -80.627982, 33.94093 ], [ -80.629055, 33.941776 ], [ -80.627797, 33.945624 ], [ -80.62801, 33.94697 ], [ -80.628261, 33.948781 ], [ -80.627512, 33.950354 ], [ -80.624809, 33.952202 ], [ -80.621042, 33.952456 ], [ -80.620103, 33.953818 ], [ -80.623623, 33.95604 ], [ -80.622966, 33.957489 ], [ -80.61774, 33.957247 ], [ -80.618046, 33.958254 ], [ -80.619857, 33.958459 ], [ -80.621103, 33.960617 ], [ -80.619575, 33.9632 ], [ -80.617655, 33.961848 ], [ -80.615288, 33.962422 ], [ -80.61576, 33.965472 ], [ -80.6175, 33.966444 ], [ -80.623293, 33.968274 ], [ -80.62551, 33.967418 ], [ -80.627365, 33.965348 ], [ -80.628942, 33.96471 ], [ -80.633148, 33.966549 ], [ -80.632801, 33.96816 ], [ -80.631346, 33.969636 ], [ -80.630805, 33.971586 ], [ -80.630442, 33.975766 ], [ -80.631833, 33.977793 ], [ -80.635949, 33.979299 ], [ -80.641126, 33.983319 ], [ -80.641609, 33.986359 ], [ -80.643984, 33.987523 ], [ -80.643969, 33.989121 ], [ -80.64114, 33.989709 ], [ -80.639382, 33.990675 ], [ -80.639257, 33.993412 ], [ -80.641152, 33.996357 ], [ -80.644926, 33.995969 ], [ -80.646261, 33.996834 ], [ -80.646598, 33.999009 ], [ -80.644717, 33.999926 ], [ -80.640986, 33.999433 ], [ -80.638857, 34.000614 ], [ -80.635393, 34.001448 ], [ -80.6355, 34.003813 ], [ -80.637182, 34.004929 ], [ -80.637267, 34.007608 ], [ -80.634936, 34.007968 ], [ -80.627187, 34.003009 ], [ -80.625285, 34.003704 ], [ -80.627752, 34.009555 ], [ -80.628049, 34.011887 ], [ -80.626124, 34.013813 ], [ -80.624807, 34.013416 ], [ -80.62224, 34.013793 ], [ -80.618663, 34.016678 ], [ -80.615917, 34.020827 ], [ -80.61547, 34.024456 ], [ -80.614585, 34.025068 ], [ -80.608654, 34.024622 ], [ -80.604502, 34.023621 ], [ -80.602087, 34.025355 ], [ -80.60222, 34.02636 ], [ -80.603776, 34.027452 ], [ -80.606691, 34.02682 ], [ -80.607998, 34.027546 ], [ -80.608019, 34.02929 ], [ -80.605256, 34.032435 ], [ -80.604305, 34.034322 ], [ -80.601036, 34.03593 ], [ -80.600952, 34.039386 ], [ -80.606963, 34.042647 ], [ -80.607456, 34.043262 ], [ -80.607858, 34.046194 ], [ -80.61024, 34.048452 ], [ -80.612117, 34.049239 ], [ -80.612569, 34.051773 ], [ -80.610228, 34.054154 ], [ -80.606723, 34.056368 ], [ -80.606416, 34.057982 ], [ -80.607477, 34.058373 ], [ -80.610946, 34.056528 ], [ -80.612739, 34.056163 ], [ -80.613869, 34.057324 ], [ -80.614511, 34.059178 ], [ -80.612332, 34.061304 ], [ -80.612718, 34.063108 ], [ -80.61424, 34.063574 ], [ -80.617438, 34.062805 ], [ -80.619677, 34.063287 ], [ -80.624806, 34.066089 ], [ -80.629446, 34.066653 ], [ -80.631167, 34.068238 ], [ -80.62984, 34.069688 ], [ -80.62742, 34.070823 ], [ -80.624806, 34.073078 ], [ -80.624199, 34.074412 ], [ -80.621439, 34.076907 ], [ -80.619309, 34.079792 ], [ -80.619502, 34.082306 ], [ -80.6213, 34.08316 ], [ -80.622516, 34.083014 ], [ -80.624208, 34.081858 ], [ -80.624805, 34.079139 ], [ -80.626604, 34.077438 ], [ -80.629224, 34.077419 ], [ -80.633655, 34.078346 ], [ -80.63616, 34.080206 ], [ -80.636526, 34.082982 ], [ -80.635712, 34.084886 ], [ -80.632427, 34.089368 ], [ -80.629929, 34.089945 ], [ -80.624421, 34.089268 ], [ -80.620896, 34.09004 ], [ -80.618564, 34.091974 ], [ -80.615698, 34.096764 ], [ -80.616186, 34.099605 ], [ -80.635594, 34.097666 ], [ -80.636476, 34.096741 ], [ -80.639534, 34.095633 ], [ -80.646696, 34.09399 ], [ -80.655288, 34.089853 ], [ -80.658325, 34.088774 ], [ -80.658845, 34.085872 ], [ -80.663824, 34.085652 ], [ -80.666614, 34.084453 ], [ -80.667279, 34.085037 ], [ -80.669058, 34.083906 ], [ -80.67297, 34.083732 ], [ -80.676421, 34.08461 ], [ -80.677912, 34.083406 ], [ -80.682159, 34.082893 ], [ -80.683662, 34.081603 ], [ -80.687027, 34.081475 ], [ -80.688275, 34.081972 ], [ -80.689273, 34.081098 ], [ -80.692486, 34.080706 ], [ -80.692965, 34.08128 ], [ -80.69887, 34.081044 ], [ -80.702178, 34.080352 ], [ -80.70359, 34.080985 ], [ -80.706532, 34.079669 ], [ -80.706911, 34.078699 ], [ -80.710028, 34.077069 ], [ -80.710883, 34.074741 ], [ -80.71429, 34.073167 ], [ -80.717174, 34.072652 ], [ -80.719318, 34.068972 ], [ -80.775516, 34.11369 ], [ -80.78716, 34.122956 ], [ -80.8018, 34.134477 ], [ -80.80261, 34.135259 ], [ -80.820096, 34.149169 ], [ -80.848083, 34.171452 ], [ -80.851379, 34.174071 ], [ -80.855304, 34.17582 ], [ -80.865001, 34.180141 ], [ -80.868509, 34.181705 ], [ -80.86913, 34.182866 ], [ -80.868027, 34.184762 ], [ -80.857238, 34.206892 ], [ -80.847919, 34.225698 ], [ -80.840951, 34.238921 ], [ -80.825921, 34.26876 ], [ -80.873899, 34.263012 ], [ -80.874806, 34.262725 ], [ -80.909065, 34.258575 ], [ -80.914911, 34.257848 ], [ -80.958851, 34.252386 ], [ -80.961896, 34.252021 ], [ -80.982038, 34.246811 ], [ -80.995726, 34.243455 ], [ -80.999319, 34.242545 ], [ -81.004633, 34.241322 ], [ -81.007663, 34.240596 ], [ -81.009976, 34.240039 ], [ -81.012181, 34.239501 ], [ -81.016923, 34.238259 ], [ -81.039224, 34.232537 ], [ -81.040621, 34.233114 ], [ -81.042262, 34.234682 ], [ -81.042685, 34.236661 ], [ -81.044744, 34.236672 ], [ -81.046591, 34.23521 ], [ -81.047736, 34.235326 ], [ -81.050986, 34.234292 ], [ -81.054223, 34.234298 ], [ -81.055653, 34.232863 ], [ -81.057546, 34.233655 ], [ -81.058063, 34.231879 ], [ -81.059446, 34.231198 ], [ -81.059764, 34.229757 ], [ -81.061227, 34.228003 ], [ -81.063371, 34.22901 ], [ -81.065085, 34.230637 ], [ -81.069867, 34.232246 ], [ -81.07116, 34.230478 ], [ -81.071393, 34.226827 ], [ -81.070837, 34.225062 ], [ -81.07228, 34.224743 ], [ -81.075099, 34.222692 ], [ -81.076753, 34.220905 ], [ -81.077362, 34.221537 ], [ -81.077753, 34.224907 ], [ -81.0833, 34.224753 ], [ -81.088381, 34.21932 ], [ -81.093232, 34.217603 ], [ -81.095863, 34.213872 ], [ -81.114996, 34.215585 ], [ -81.120507, 34.216051 ], [ -81.124813, 34.215709 ], [ -81.181196, 34.220285 ], [ -81.182101, 34.218126 ], [ -81.180523, 34.215734 ], [ -81.177711, 34.214171 ], [ -81.177413, 34.212864 ], [ -81.175804, 34.213021 ], [ -81.175588, 34.211422 ], [ -81.173515, 34.210703 ], [ -81.173651, 34.208785 ], [ -81.172674, 34.206934 ], [ -81.173426, 34.205576 ], [ -81.17308, 34.204333 ], [ -81.171183, 34.203923 ], [ -81.170988, 34.202898 ], [ -81.169874, 34.203248 ], [ -81.17025, 34.200855 ], [ -81.168431, 34.197653 ], [ -81.168563, 34.195972 ], [ -81.168877, 34.194375 ], [ -81.171934, 34.19254 ], [ -81.173092, 34.189843 ], [ -81.173919, 34.189136 ], [ -81.176834, 34.188389 ], [ -81.179508, 34.186644 ], [ -81.179231, 34.184215 ], [ -81.179258, 34.180107 ], [ -81.178293, 34.174552 ], [ -81.184927, 34.177993 ], [ -81.192131, 34.183438 ], [ -81.198675, 34.187247 ], [ -81.201652, 34.188787 ], [ -81.2052, 34.192332 ], [ -81.208411, 34.194325 ], [ -81.213718, 34.195121 ], [ -81.218735, 34.196796 ], [ -81.220697, 34.199449 ], [ -81.221852, 34.20302 ], [ -81.222991, 34.203965 ], [ -81.226412, 34.205687 ], [ -81.230465, 34.205814 ], [ -81.23599, 34.204639 ], [ -81.24592, 34.203938 ], [ -81.247867, 34.202882 ], [ -81.251273, 34.202946 ], [ -81.254176, 34.204639 ], [ -81.258265, 34.207834 ], [ -81.259293, 34.208939 ], [ -81.262229, 34.213842 ], [ -81.264573, 34.215859 ], [ -81.266315, 34.218893 ], [ -81.269509, 34.221842 ], [ -81.273134, 34.222807 ], [ -81.275716, 34.225332 ], [ -81.277322, 34.22842 ], [ -81.279568, 34.230619 ], [ -81.284113, 34.233033 ], [ -81.292668, 34.235757 ], [ -81.296605, 34.237391 ], [ -81.302471, 34.238132 ], [ -81.30739, 34.237557 ], [ -81.310325, 34.236956 ], [ -81.314184, 34.237715 ], [ -81.316911, 34.239458 ], [ -81.328793, 34.227335 ], [ -81.345328, 34.20503 ], [ -81.343423, 34.202703 ] ] ] ] } },
{ "type": "Feature", "properties": { "STATEFP": "45", "COUNTYFP": "027", "COUNTYNS": "01247990", "GEOIDFQ": "0500000US45027", "GEOID": "45027", "NAME": "Clarendon", "NAMELSAD": "Clarendon County", "STUSPS": "SC", "STATE_NAME": "South Carolina", "LSAD": "06", "ALAND": 1572659561.0, "AWATER": 229094635.0, "STATE_NAME_HYPHEN": "South-Carolina" }, "geometry": { "type": "MultiPolygon", "coordinates": [ [ [ [ -80.54036, 33.628022 ], [ -80.535148, 33.624466 ], [ -80.534063, 33.622781 ], [ -80.532293, 33.621552 ], [ -80.525327, 33.618423 ], [ -80.521569, 33.61653 ], [ -80.519989, 33.614233 ], [ -80.519294, 33.611564 ], [ -80.519417, 33.610072 ], [ -80.519671, 33.60756 ], [ -80.521559, 33.603358 ], [ -80.521807, 33.601597 ], [ -80.521183, 33.599265 ], [ -80.52039, 33.598178 ], [ -80.519799, 33.597368 ], [ -80.51421, 33.594056 ], [ -80.509503, 33.59266 ], [ -80.503335, 33.591624 ], [ -80.502204, 33.590419 ], [ -80.501423, 33.58814 ], [ -80.502186, 33.586203 ], [ -80.506087, 33.583527 ], [ -80.511314, 33.582727 ], [ -80.51495, 33.581246 ], [ -80.516108, 33.579073 ], [ -80.516236, 33.576892 ], [ -80.515234, 33.574705 ], [ -80.50974, 33.571981 ], [ -80.505774, 33.571618 ], [ -80.504036, 33.56999 ], [ -80.504446, 33.56735 ], [ -80.50572, 33.565975 ], [ -80.505994, 33.564215 ], [ -80.504531, 33.562716 ], [ -80.499808, 33.562493 ], [ -80.497837, 33.561493 ], [ -80.496273, 33.558481 ], [ -80.4948, 33.557041 ], [ -80.491937, 33.557275 ], [ -80.489395, 33.55883 ], [ -80.487988, 33.56028 ], [ -80.485019, 33.560047 ], [ -80.481263, 33.556704 ], [ -80.480643, 33.555444 ], [ -80.479102, 33.554294 ], [ -80.476047, 33.554069 ], [ -80.474659, 33.552884 ], [ -80.471653, 33.546849 ], [ -80.470825, 33.543651 ], [ -80.468421, 33.541058 ], [ -80.463668, 33.540008 ], [ -80.461151, 33.540778 ], [ -80.459366, 33.542637 ], [ -80.457578, 33.545991 ], [ -80.455375, 33.547056 ], [ -80.451861, 33.545916 ], [ -80.447463, 33.540472 ], [ -80.446783, 33.538485 ], [ -80.446856, 33.535574 ], [ -80.449717, 33.531453 ], [ -80.449815, 33.529908 ], [ -80.449167, 33.528074 ], [ -80.447353, 33.526701 ], [ -80.447324, 33.524527 ], [ -80.450344, 33.523403 ], [ -80.452938, 33.523246 ], [ -80.457199, 33.524239 ], [ -80.458547, 33.523267 ], [ -80.460473, 33.522804 ], [ -80.461538, 33.523193 ], [ -80.462192, 33.526377 ], [ -80.464136, 33.527514 ], [ -80.467224, 33.526429 ], [ -80.467997, 33.525028 ], [ -80.46836, 33.523237 ], [ -80.467869, 33.521086 ], [ -80.468141, 33.518576 ], [ -80.467741, 33.516157 ], [ -80.466382, 33.514947 ], [ -80.464798, 33.514573 ], [ -80.459292, 33.514374 ], [ -80.457216, 33.513408 ], [ -80.456396, 33.512151 ], [ -80.456102, 33.510821 ], [ -80.456946, 33.509597 ], [ -80.45971, 33.507603 ], [ -80.460904, 33.506084 ], [ -80.461055, 33.504336 ], [ -80.460048, 33.502895 ], [ -80.457265, 33.501875 ], [ -80.452726, 33.501669 ], [ -80.447966, 33.502753 ], [ -80.442341, 33.502837 ], [ -80.439085, 33.502025 ], [ -80.437848, 33.500163 ], [ -80.438545, 33.498785 ], [ -80.440711, 33.496999 ], [ -80.441571, 33.495461 ], [ -80.441318, 33.493677 ], [ -80.439682, 33.492561 ], [ -80.436526, 33.491251 ], [ -80.43394, 33.488345 ], [ -80.434442, 33.485345 ], [ -80.436486, 33.482761 ], [ -80.437416, 33.480262 ], [ -80.436974, 33.477962 ], [ -80.433515, 33.475037 ], [ -80.429941, 33.473219 ], [ -80.42422, 33.46906 ], [ -80.41978, 33.466282 ], [ -80.412837, 33.460917 ], [ -80.410714, 33.459492 ], [ -80.406709, 33.456078 ], [ -80.4005, 33.452537 ], [ -80.397697, 33.450658 ], [ -80.394811, 33.447191 ], [ -80.393824, 33.445849 ], [ -80.390245, 33.444032 ], [ -80.385764, 33.442335 ], [ -80.383092, 33.441513 ], [ -80.375926, 33.439993 ], [ -80.372781, 33.438876 ], [ -80.369621, 33.436574 ], [ -80.366845, 33.434144 ], [ -80.363935, 33.432738 ], [ -80.36012, 33.432179 ], [ -80.354539, 33.430408 ], [ -80.348879, 33.430219 ], [ -80.345819, 33.4308 ], [ -80.339519, 33.430859 ], [ -80.330784, 33.431482 ], [ -80.323568, 33.431162 ], [ -80.31927, 33.43295 ], [ -80.317317, 33.43424 ], [ -80.312951, 33.436536 ], [ -80.308711, 33.437961 ], [ -80.303413, 33.440152 ], [ -80.300193, 33.440738 ], [ -80.295533, 33.440371 ], [ -80.291438, 33.440777 ], [ -80.288485, 33.442582 ], [ -80.286463, 33.444598 ], [ -80.284373, 33.447509 ], [ -80.281988, 33.448354 ], [ -80.280085, 33.448425 ], [ -80.276675, 33.446927 ], [ -80.274547, 33.443769 ], [ -80.273766, 33.440256 ], [ -80.272655, 33.438181 ], [ -80.271022, 33.437694 ], [ -80.267879, 33.437852 ], [ -80.26405, 33.44035 ], [ -80.260011, 33.441709 ], [ -80.257941, 33.443361 ], [ -80.256505, 33.445611 ], [ -80.255818, 33.447999 ], [ -80.253912, 33.449329 ], [ -80.248796, 33.450266 ], [ -80.246101, 33.449968 ], [ -80.243489, 33.449129 ], [ -80.242419, 33.449595 ], [ -80.241325, 33.452037 ], [ -80.241339, 33.453916 ], [ -80.239907, 33.454675 ], [ -80.238403, 33.453442 ], [ -80.238978, 33.450761 ], [ -80.238403, 33.448023 ], [ -80.237595, 33.446238 ], [ -80.237963, 33.444001 ], [ -80.239949, 33.441699 ], [ -80.239123, 33.440019 ], [ -80.23591, 33.439635 ], [ -80.233677, 33.440794 ], [ -80.229334, 33.444553 ], [ -80.225273, 33.444836 ], [ -80.222267, 33.443716 ], [ -80.222362, 33.447756 ], [ -80.218959, 33.44772 ], [ -80.216575, 33.446621 ], [ -80.214145, 33.444305 ], [ -80.208955, 33.442662 ], [ -80.20656, 33.44197 ], [ -80.204021, 33.441872 ], [ -80.203718, 33.44397 ], [ -80.20691, 33.446935 ], [ -80.207444, 33.449489 ], [ -80.208664, 33.451296 ], [ -80.208162, 33.452291 ], [ -80.20735, 33.45257 ], [ -80.200539, 33.452932 ], [ -80.198097, 33.451575 ], [ -80.197227, 33.450523 ], [ -80.197686, 33.448916 ], [ -80.200138, 33.445829 ], [ -80.199847, 33.443912 ], [ -80.197517, 33.443643 ], [ -80.19533, 33.444655 ], [ -80.191574, 33.447507 ], [ -80.190002, 33.449113 ], [ -80.186792, 33.450518 ], [ -80.185785, 33.450371 ], [ -80.183527, 33.447924 ], [ -80.181662, 33.448491 ], [ -80.181192, 33.449921 ], [ -80.183144, 33.452531 ], [ -80.182578, 33.453824 ], [ -80.181021, 33.454631 ], [ -80.178297, 33.454236 ], [ -80.177188, 33.453129 ], [ -80.176574, 33.449947 ], [ -80.175684, 33.448614 ], [ -80.173394, 33.448691 ], [ -80.170565, 33.449739 ], [ -80.167703, 33.451827 ], [ -80.16582, 33.454039 ], [ -80.165148, 33.45555 ], [ -80.164815, 33.458955 ], [ -80.163637, 33.460313 ], [ -80.162727, 33.4607 ], [ -80.1593, 33.458276 ], [ -80.158536, 33.45703 ], [ -80.158706, 33.455134 ], [ -80.16158, 33.450393 ], [ -80.161461, 33.448947 ], [ -80.158456, 33.448716 ], [ -80.154005, 33.447926 ], [ -80.15072, 33.448177 ], [ -80.148306, 33.449867 ], [ -80.147881, 33.452426 ], [ -80.148611, 33.45518 ], [ -80.151866, 33.456912 ], [ -80.152163, 33.459374 ], [ -80.150669, 33.460265 ], [ -80.147512, 33.459565 ], [ -80.14416, 33.458349 ], [ -80.142734, 33.456937 ], [ -80.141954, 33.454675 ], [ -80.140387, 33.453845 ], [ -80.139199, 33.45398 ], [ -80.137943, 33.455454 ], [ -80.138403, 33.45871 ], [ -80.139726, 33.460356 ], [ -80.143419, 33.460981 ], [ -80.144561, 33.46283 ], [ -80.144243, 33.464106 ], [ -80.141193, 33.46542 ], [ -80.138747, 33.465062 ], [ -80.136439, 33.462123 ], [ -80.13512, 33.461081 ], [ -80.13304, 33.460996 ], [ -80.13176, 33.463405 ], [ -80.134961, 33.466711 ], [ -80.142255, 33.470052 ], [ -80.144437, 33.472661 ], [ -80.148222, 33.47402 ], [ -80.152045, 33.478572 ], [ -80.151788, 33.480476 ], [ -80.150893, 33.481489 ], [ -80.150834, 33.483038 ], [ -80.152085, 33.485418 ], [ -80.151056, 33.486432 ], [ -80.149247, 33.486844 ], [ -80.147596, 33.486418 ], [ -80.145313, 33.484559 ], [ -80.144104, 33.484388 ], [ -80.142412, 33.485227 ], [ -80.141567, 33.486433 ], [ -80.137537, 33.487438 ], [ -80.136525, 33.488178 ], [ -80.134795, 33.492227 ], [ -80.133648, 33.492862 ], [ -80.130012, 33.492429 ], [ -80.127285, 33.493274 ], [ -80.126, 33.495087 ], [ -80.126142, 33.496376 ], [ -80.12764, 33.500165 ], [ -80.126942, 33.501547 ], [ -80.125549, 33.502435 ], [ -80.122733, 33.50233 ], [ -80.119163, 33.500287 ], [ -80.116511, 33.499829 ], [ -80.113118, 33.498784 ], [ -80.108924, 33.499924 ], [ -80.10668, 33.499869 ], [ -80.105728, 33.499311 ], [ -80.104422, 33.497051 ], [ -80.101697, 33.496891 ], [ -80.09357, 33.511816 ], [ -80.073068, 33.549179 ], [ -80.054283, 33.582588 ], [ -80.038376, 33.613693 ], [ -80.031414, 33.626693 ], [ -80.026832, 33.636031 ], [ -80.020879, 33.645804 ], [ -80.019349, 33.648936 ], [ -80.000234, 33.687932 ], [ -79.999797, 33.68926 ], [ -79.993233, 33.704458 ], [ -79.988794, 33.705628 ], [ -79.986027, 33.707325 ], [ -79.985014, 33.710074 ], [ -79.98274, 33.712159 ], [ -79.979288, 33.716421 ], [ -79.978385, 33.71949 ], [ -79.975754, 33.721621 ], [ -79.974382, 33.72159 ], [ -79.995638, 33.767906 ], [ -79.98716, 33.774139 ], [ -79.968322, 33.790058 ], [ -79.95233, 33.803537 ], [ -79.944505, 33.810214 ], [ -79.934967, 33.810413 ], [ -79.933105, 33.810741 ], [ -79.926224, 33.813648 ], [ -79.915305, 33.818648 ], [ -79.911244, 33.825324 ], [ -79.897267, 33.848404 ], [ -79.896743, 33.849655 ], [ -79.87562, 33.885245 ], [ -79.89724, 33.888803 ], [ -79.899971, 33.889087 ], [ -79.902425, 33.889063 ], [ -79.922727, 33.887441 ], [ -79.932419, 33.886357 ], [ -79.936835, 33.886202 ], [ -79.942377, 33.884979 ], [ -79.944002, 33.885067 ], [ -79.945948, 33.885997 ], [ -79.950456, 33.890702 ], [ -79.952317, 33.89425 ], [ -79.962331, 33.917621 ], [ -79.974601, 33.946527 ], [ -79.975791, 33.945919 ], [ -80.000354, 33.935271 ], [ -80.056328, 33.906848 ], [ -80.10096, 33.881714 ], [ -80.101398, 33.881411 ], [ -80.104475, 33.879869 ], [ -80.121612, 33.869555 ], [ -80.133695, 33.868971 ], [ -80.13548, 33.868765 ], [ -80.140787, 33.86595 ], [ -80.143907, 33.864615 ], [ -80.149955, 33.861738 ], [ -80.150367, 33.861395 ], [ -80.154761, 33.859357 ], [ -80.158532, 33.857216 ], [ -80.17272, 33.850519 ], [ -80.191971, 33.840713 ], [ -80.195371, 33.838982 ], [ -80.255904, 33.803708 ], [ -80.270785, 33.78676 ], [ -80.271233, 33.786252 ], [ -80.274059, 33.785868 ], [ -80.374803, 33.771194 ], [ -80.37773, 33.770603 ], [ -80.397131, 33.767821 ], [ -80.396993, 33.746864 ], [ -80.393593, 33.731441 ], [ -80.393164, 33.728607 ], [ -80.392153, 33.722605 ], [ -80.392003, 33.71555 ], [ -80.434426, 33.71189 ], [ -80.432912, 33.721178 ], [ -80.425935, 33.72409 ], [ -80.427901, 33.729301 ], [ -80.430925, 33.738306 ], [ -80.449293, 33.737528 ], [ -80.454441, 33.713523 ], [ -80.478444, 33.714256 ], [ -80.478709, 33.714265 ], [ -80.481553, 33.709458 ], [ -80.482439, 33.708494 ], [ -80.491103, 33.693803 ], [ -80.491976, 33.691886 ], [ -80.493893, 33.685293 ], [ -80.497595, 33.67432 ], [ -80.501563, 33.67003 ], [ -80.508113, 33.664454 ], [ -80.512525, 33.660322 ], [ -80.534085, 33.643911 ], [ -80.531368, 33.642373 ], [ -80.530008, 33.641126 ], [ -80.528775, 33.639141 ], [ -80.528309, 33.636722 ], [ -80.529248, 33.634709 ], [ -80.532596, 33.633543 ], [ -80.538961, 33.632451 ], [ -80.53981, 33.631916 ], [ -80.540514, 33.629032 ], [ -80.54036, 33.628022 ] ] ] ] } },
{ "type": "Feature", "properties": { "STATEFP": "45", "COUNTYFP": "067", "COUNTYNS": "01248010", "GEOIDFQ": "0500000US45067", "GEOID": "45067", "NAME": "Marion", "NAMELSAD": "Marion County", "STUSPS": "SC", "STATE_NAME": "South Carolina", "LSAD": "06", "ALAND": 1267466476.0, "AWATER": 12418901.0, "STATE_NAME_HYPHEN": "South-Carolina" }, "geometry": { "type": "MultiPolygon", "coordinates": [ [ [ [ -79.571834, 34.183689 ], [ -79.569917, 34.176725 ], [ -79.568984, 34.175087 ], [ -79.566115, 34.173227 ], [ -79.561912, 34.170067 ], [ -79.558876, 34.166095 ], [ -79.55551, 34.159509 ], [ -79.554417, 34.158073 ], [ -79.552479, 34.156911 ], [ -79.547999, 34.155128 ], [ -79.5457, 34.153768 ], [ -79.543957, 34.151698 ], [ -79.543622, 34.147172 ], [ -79.544499, 34.143779 ], [ -79.543931, 34.142374 ], [ -79.541624, 34.139168 ], [ -79.540211, 34.138304 ], [ -79.5342, 34.136798 ], [ -79.532586, 34.135701 ], [ -79.532418, 34.133723 ], [ -79.533779, 34.130159 ], [ -79.532479, 34.126311 ], [ -79.531025, 34.12516 ], [ -79.527104, 34.124794 ], [ -79.524537, 34.12516 ], [ -79.522765, 34.125866 ], [ -79.520464, 34.127917 ], [ -79.518984, 34.128269 ], [ -79.517206, 34.12677 ], [ -79.51821, 34.12516 ], [ -79.520156, 34.123844 ], [ -79.521553, 34.120872 ], [ -79.523775, 34.118368 ], [ -79.524575, 34.115581 ], [ -79.523883, 34.113762 ], [ -79.522442, 34.112309 ], [ -79.518615, 34.111412 ], [ -79.518291, 34.109809 ], [ -79.520862, 34.108307 ], [ -79.520191, 34.10733 ], [ -79.514513, 34.105475 ], [ -79.514141, 34.104534 ], [ -79.515474, 34.103047 ], [ -79.517573, 34.103713 ], [ -79.519417, 34.103505 ], [ -79.5198, 34.102435 ], [ -79.518556, 34.100568 ], [ -79.515685, 34.098442 ], [ -79.515308, 34.097207 ], [ -79.516356, 34.096278 ], [ -79.517366, 34.096225 ], [ -79.521345, 34.099023 ], [ -79.526412, 34.099414 ], [ -79.527703, 34.100371 ], [ -79.529062, 34.100249 ], [ -79.5294, 34.098227 ], [ -79.530864, 34.09449 ], [ -79.53072, 34.087306 ], [ -79.529718, 34.081309 ], [ -79.530282, 34.079264 ], [ -79.532149, 34.078063 ], [ -79.53488, 34.077188 ], [ -79.535909, 34.076085 ], [ -79.535512, 34.073545 ], [ -79.532203, 34.071948 ], [ -79.528251, 34.070969 ], [ -79.526604, 34.069267 ], [ -79.526261, 34.067254 ], [ -79.52783, 34.065029 ], [ -79.526905, 34.062877 ], [ -79.524637, 34.061666 ], [ -79.522312, 34.06138 ], [ -79.521207, 34.060301 ], [ -79.521724, 34.057164 ], [ -79.52149, 34.055528 ], [ -79.519014, 34.05268 ], [ -79.51804, 34.049394 ], [ -79.516934, 34.047825 ], [ -79.513816, 34.047262 ], [ -79.513049, 34.046746 ], [ -79.513432, 34.042921 ], [ -79.511447, 34.040925 ], [ -79.511237, 34.037944 ], [ -79.513455, 34.032852 ], [ -79.513525, 34.031318 ], [ -79.512743, 34.02618 ], [ -79.511198, 34.021934 ], [ -79.510777, 34.019775 ], [ -79.511259, 34.017394 ], [ -79.512825, 34.013761 ], [ -79.512258, 34.010553 ], [ -79.510046, 34.00827 ], [ -79.508976, 34.006372 ], [ -79.508899, 34.003747 ], [ -79.511272, 34.000162 ], [ -79.515002, 33.997777 ], [ -79.517133, 33.99543 ], [ -79.51694, 33.99398 ], [ -79.509468, 33.987715 ], [ -79.507291, 33.984691 ], [ -79.505731, 33.979181 ], [ -79.503029, 33.975381 ], [ -79.499779, 33.971266 ], [ -79.498391, 33.970297 ], [ -79.496095, 33.969257 ], [ -79.486274, 33.968643 ], [ -79.484702, 33.968254 ], [ -79.483409, 33.967493 ], [ -79.482032, 33.966096 ], [ -79.481494, 33.964689 ], [ -79.481911, 33.961695 ], [ -79.483263, 33.959835 ], [ -79.489855, 33.954702 ], [ -79.492008, 33.952599 ], [ -79.492787, 33.948478 ], [ -79.491714, 33.946522 ], [ -79.486131, 33.942543 ], [ -79.485142, 33.939797 ], [ -79.482632, 33.937589 ], [ -79.478885, 33.936932 ], [ -79.476124, 33.938283 ], [ -79.475396, 33.938006 ], [ -79.474653, 33.935728 ], [ -79.474896, 33.934863 ], [ -79.476804, 33.93343 ], [ -79.476798, 33.932618 ], [ -79.47368, 33.930026 ], [ -79.469766, 33.928315 ], [ -79.468116, 33.928128 ], [ -79.465051, 33.929625 ], [ -79.464204, 33.93149 ], [ -79.46292, 33.93177 ], [ -79.460017, 33.925884 ], [ -79.459613, 33.920782 ], [ -79.457636, 33.92006 ], [ -79.45692, 33.92094 ], [ -79.457058, 33.923055 ], [ -79.45534, 33.924415 ], [ -79.453175, 33.925106 ], [ -79.452006, 33.924646 ], [ -79.450938, 33.921935 ], [ -79.449718, 33.920233 ], [ -79.451742, 33.916956 ], [ -79.452206, 33.914835 ], [ -79.44972, 33.912573 ], [ -79.4486, 33.911307 ], [ -79.439582, 33.90877 ], [ -79.437273, 33.907243 ], [ -79.436239, 33.903795 ], [ -79.433788, 33.902998 ], [ -79.432058, 33.903969 ], [ -79.430413, 33.903307 ], [ -79.430051, 33.902172 ], [ -79.430497, 33.899579 ], [ -79.428997, 33.897811 ], [ -79.425172, 33.896835 ], [ -79.414822, 33.892864 ], [ -79.412573, 33.892345 ], [ -79.406762, 33.89296 ], [ -79.401346, 33.892806 ], [ -79.400421, 33.892238 ], [ -79.39917, 33.890224 ], [ -79.401118, 33.888445 ], [ -79.404279, 33.887448 ], [ -79.407082, 33.88699 ], [ -79.409838, 33.885294 ], [ -79.407051, 33.882365 ], [ -79.402312, 33.881095 ], [ -79.399495, 33.880988 ], [ -79.398121, 33.879608 ], [ -79.39862, 33.877213 ], [ -79.396796, 33.875165 ], [ -79.393401, 33.87406 ], [ -79.391168, 33.873863 ], [ -79.389519, 33.873197 ], [ -79.388208, 33.870729 ], [ -79.389517, 33.868749 ], [ -79.389787, 33.867075 ], [ -79.388827, 33.864892 ], [ -79.385553, 33.86184 ], [ -79.381799, 33.859951 ], [ -79.378866, 33.855373 ], [ -79.374745, 33.852699 ], [ -79.373851, 33.851765 ], [ -79.372145, 33.848508 ], [ -79.371424, 33.846204 ], [ -79.368341, 33.842931 ], [ -79.366239, 33.842021 ], [ -79.36383, 33.841819 ], [ -79.36058, 33.842448 ], [ -79.358085, 33.842365 ], [ -79.355374, 33.840903 ], [ -79.353486, 33.841153 ], [ -79.353388, 33.839537 ], [ -79.354626, 33.838754 ], [ -79.355653, 33.83713 ], [ -79.355058, 33.834341 ], [ -79.353769, 33.834081 ], [ -79.352289, 33.834832 ], [ -79.351108, 33.837097 ], [ -79.351181, 33.839992 ], [ -79.349153, 33.842059 ], [ -79.34743, 33.842578 ], [ -79.344857, 33.842596 ], [ -79.339777, 33.841487 ], [ -79.338319, 33.840521 ], [ -79.33728, 33.837464 ], [ -79.336548, 33.836729 ], [ -79.332042, 33.836626 ], [ -79.332389, 33.835243 ], [ -79.336522, 33.834372 ], [ -79.336864, 33.832552 ], [ -79.332014, 33.830431 ], [ -79.330674, 33.829228 ], [ -79.32902, 33.828701 ], [ -79.325924, 33.828756 ], [ -79.321482, 33.830639 ], [ -79.320711, 33.830005 ], [ -79.321077, 33.826669 ], [ -79.32054, 33.825393 ], [ -79.319134, 33.825504 ], [ -79.315978, 33.82731 ], [ -79.315168, 33.826811 ], [ -79.315272, 33.825295 ], [ -79.318952, 33.823485 ], [ -79.319544, 33.822538 ], [ -79.319393, 33.819711 ], [ -79.318007, 33.817969 ], [ -79.314593, 33.818262 ], [ -79.314094, 33.816717 ], [ -79.316446, 33.814883 ], [ -79.316798, 33.814005 ], [ -79.315625, 33.812506 ], [ -79.315088, 33.812063 ], [ -79.314287, 33.808566 ], [ -79.314591, 33.806982 ], [ -79.316987, 33.805517 ], [ -79.319, 33.805707 ], [ -79.319111, 33.80483 ], [ -79.316971, 33.800332 ], [ -79.317282, 33.79932 ], [ -79.319166, 33.798801 ], [ -79.319778, 33.799539 ], [ -79.321022, 33.8031 ], [ -79.322357, 33.803932 ], [ -79.324283, 33.80365 ], [ -79.325316, 33.802 ], [ -79.324317, 33.799123 ], [ -79.324858, 33.797383 ], [ -79.323988, 33.794965 ], [ -79.321353, 33.792896 ], [ -79.320129, 33.791254 ], [ -79.320443, 33.790511 ], [ -79.323277, 33.788741 ], [ -79.322257, 33.787335 ], [ -79.319664, 33.785434 ], [ -79.317041, 33.779878 ], [ -79.316294, 33.778554 ], [ -79.313573, 33.775846 ], [ -79.30883, 33.771973 ], [ -79.306679, 33.76623 ], [ -79.30468, 33.763449 ], [ -79.300613, 33.75883 ], [ -79.298706, 33.757025 ], [ -79.294779, 33.754324 ], [ -79.293312, 33.75228 ], [ -79.292578, 33.750167 ], [ -79.29291, 33.747135 ], [ -79.294366, 33.743757 ], [ -79.293978, 33.741144 ], [ -79.290436, 33.739116 ], [ -79.287518, 33.738234 ], [ -79.286248, 33.737386 ], [ -79.286157, 33.735701 ], [ -79.289351, 33.734349 ], [ -79.29139, 33.732392 ], [ -79.291574, 33.728981 ], [ -79.289376, 33.725737 ], [ -79.288312, 33.723526 ], [ -79.28717, 33.718807 ], [ -79.286441, 33.717597 ], [ -79.284392, 33.716337 ], [ -79.282995, 33.715972 ], [ -79.280518, 33.716324 ], [ -79.278604, 33.718226 ], [ -79.275651, 33.719626 ], [ -79.272098, 33.721831 ], [ -79.271058, 33.721645 ], [ -79.269407, 33.719151 ], [ -79.269916, 33.716813 ], [ -79.271326, 33.71571 ], [ -79.274935, 33.714319 ], [ -79.274694, 33.711077 ], [ -79.275057, 33.708852 ], [ -79.274403, 33.708399 ], [ -79.271676, 33.708557 ], [ -79.26925, 33.710893 ], [ -79.266927, 33.710979 ], [ -79.265011, 33.710275 ], [ -79.26473, 33.709358 ], [ -79.265102, 33.706001 ], [ -79.267863, 33.704375 ], [ -79.267586, 33.703399 ], [ -79.261467, 33.703617 ], [ -79.258107, 33.702742 ], [ -79.24977, 33.703424 ], [ -79.244897, 33.705717 ], [ -79.242415, 33.705905 ], [ -79.240655, 33.704707 ], [ -79.240279, 33.703728 ], [ -79.240644, 33.702598 ], [ -79.242086, 33.701515 ], [ -79.247339, 33.700817 ], [ -79.249581, 33.699302 ], [ -79.249309, 33.696975 ], [ -79.246384, 33.695347 ], [ -79.23888, 33.694417 ], [ -79.234715, 33.694235 ], [ -79.231724, 33.695512 ], [ -79.230609, 33.696626 ], [ -79.23059, 33.698764 ], [ -79.228685, 33.69841 ], [ -79.228281, 33.696821 ], [ -79.22652, 33.696564 ], [ -79.225183, 33.699131 ], [ -79.222067, 33.700496 ], [ -79.217575, 33.701048 ], [ -79.216527, 33.701653 ], [ -79.216565, 33.703154 ], [ -79.219375, 33.70475 ], [ -79.21798, 33.705784 ], [ -79.215709, 33.704712 ], [ -79.213833, 33.702542 ], [ -79.212842, 33.700058 ], [ -79.211361, 33.701737 ], [ -79.208955, 33.703126 ], [ -79.206858, 33.703401 ], [ -79.203184, 33.703064 ], [ -79.199134, 33.701145 ], [ -79.196229, 33.70134 ], [ -79.19519, 33.702155 ], [ -79.195161, 33.703438 ], [ -79.197527, 33.706447 ], [ -79.200875, 33.708172 ], [ -79.201193, 33.709318 ], [ -79.199432, 33.710101 ], [ -79.196565, 33.709134 ], [ -79.194372, 33.706634 ], [ -79.192419, 33.705699 ], [ -79.190264, 33.705787 ], [ -79.191351, 33.706506 ], [ -79.192852, 33.709289 ], [ -79.195113, 33.711192 ], [ -79.195391, 33.712177 ], [ -79.194516, 33.714469 ], [ -79.195038, 33.71664 ], [ -79.192715, 33.719468 ], [ -79.192369, 33.721174 ], [ -79.1959, 33.727886 ], [ -79.199836, 33.731378 ], [ -79.200422, 33.733186 ], [ -79.20176, 33.734484 ], [ -79.203916, 33.734225 ], [ -79.2056, 33.735167 ], [ -79.204724, 33.736692 ], [ -79.205683, 33.737307 ], [ -79.209488, 33.741169 ], [ -79.209827, 33.741858 ], [ -79.212582, 33.741723 ], [ -79.212722, 33.743236 ], [ -79.214021, 33.744007 ], [ -79.216901, 33.748088 ], [ -79.21907, 33.747562 ], [ -79.220367, 33.748288 ], [ -79.219226, 33.749117 ], [ -79.219582, 33.750743 ], [ -79.219067, 33.752439 ], [ -79.216881, 33.752364 ], [ -79.218334, 33.753468 ], [ -79.218226, 33.7551 ], [ -79.220452, 33.756982 ], [ -79.224108, 33.755982 ], [ -79.227147, 33.757517 ], [ -79.228243, 33.757219 ], [ -79.228857, 33.758047 ], [ -79.229104, 33.760675 ], [ -79.229676, 33.762064 ], [ -79.230918, 33.761467 ], [ -79.231759, 33.762051 ], [ -79.233415, 33.761801 ], [ -79.235472, 33.764396 ], [ -79.234385, 33.768008 ], [ -79.235772, 33.769912 ], [ -79.235668, 33.771518 ], [ -79.236774, 33.771983 ], [ -79.236616, 33.773914 ], [ -79.237862, 33.775436 ], [ -79.239863, 33.775414 ], [ -79.23995, 33.777703 ], [ -79.24247, 33.777641 ], [ -79.244015, 33.779198 ], [ -79.245431, 33.782498 ], [ -79.248094, 33.784415 ], [ -79.248481, 33.788286 ], [ -79.250338, 33.790811 ], [ -79.251594, 33.794479 ], [ -79.251067, 33.795296 ], [ -79.25288, 33.798236 ], [ -79.252792, 33.799978 ], [ -79.251602, 33.800673 ], [ -79.25101, 33.802536 ], [ -79.253692, 33.802665 ], [ -79.255275, 33.803492 ], [ -79.254697, 33.806351 ], [ -79.253322, 33.805393 ], [ -79.252442, 33.805832 ], [ -79.25274, 33.808236 ], [ -79.254998, 33.808929 ], [ -79.255891, 33.809799 ], [ -79.256078, 33.812457 ], [ -79.257583, 33.813109 ], [ -79.258266, 33.814331 ], [ -79.260283, 33.814854 ], [ -79.260887, 33.818852 ], [ -79.260104, 33.819292 ], [ -79.260201, 33.821237 ], [ -79.257975, 33.822329 ], [ -79.257711, 33.823754 ], [ -79.258546, 33.825205 ], [ -79.257774, 33.82572 ], [ -79.255274, 33.825196 ], [ -79.252942, 33.825768 ], [ -79.250815, 33.827399 ], [ -79.248926, 33.829758 ], [ -79.248814, 33.83116 ], [ -79.249509, 33.83172 ], [ -79.252373, 33.831582 ], [ -79.253035, 33.833274 ], [ -79.251897, 33.833966 ], [ -79.250843, 33.83478 ], [ -79.25271, 33.836262 ], [ -79.254586, 33.83526 ], [ -79.254456, 33.836357 ], [ -79.257642, 33.837446 ], [ -79.259159, 33.838481 ], [ -79.260953, 33.838503 ], [ -79.263243, 33.841045 ], [ -79.264073, 33.842526 ], [ -79.261552, 33.844305 ], [ -79.261375, 33.847537 ], [ -79.260336, 33.849281 ], [ -79.259259, 33.849921 ], [ -79.259981, 33.853867 ], [ -79.259813, 33.855793 ], [ -79.26069, 33.85694 ], [ -79.26061, 33.860415 ], [ -79.258718, 33.860248 ], [ -79.257319, 33.863922 ], [ -79.256009, 33.865356 ], [ -79.257754, 33.866493 ], [ -79.256931, 33.868981 ], [ -79.258041, 33.871031 ], [ -79.256228, 33.871652 ], [ -79.256557, 33.873551 ], [ -79.25846, 33.874327 ], [ -79.258983, 33.876421 ], [ -79.257139, 33.877727 ], [ -79.257482, 33.879668 ], [ -79.260467, 33.879312 ], [ -79.260902, 33.881775 ], [ -79.263039, 33.88445 ], [ -79.263852, 33.886323 ], [ -79.262379, 33.88831 ], [ -79.262523, 33.89042 ], [ -79.263598, 33.892466 ], [ -79.269589, 33.894122 ], [ -79.27094, 33.895854 ], [ -79.272281, 33.896649 ], [ -79.277913, 33.898249 ], [ -79.28307, 33.900724 ], [ -79.284669, 33.899272 ], [ -79.283867, 33.896061 ], [ -79.284952, 33.895197 ], [ -79.286374, 33.895243 ], [ -79.287526, 33.896204 ], [ -79.2886, 33.898561 ], [ -79.291063, 33.900397 ], [ -79.294252, 33.90024 ], [ -79.295994, 33.900696 ], [ -79.295888, 33.902104 ], [ -79.293994, 33.903564 ], [ -79.295015, 33.904352 ], [ -79.298365, 33.903292 ], [ -79.299865, 33.903817 ], [ -79.300002, 33.905223 ], [ -79.299093, 33.907072 ], [ -79.300683, 33.908334 ], [ -79.301108, 33.910307 ], [ -79.302859, 33.911567 ], [ -79.303573, 33.913974 ], [ -79.30463, 33.914636 ], [ -79.308031, 33.915181 ], [ -79.312347, 33.91823 ], [ -79.311625, 33.918738 ], [ -79.310966, 33.921223 ], [ -79.311273, 33.923398 ], [ -79.309782, 33.923744 ], [ -79.30727, 33.923126 ], [ -79.306712, 33.923901 ], [ -79.307657, 33.925301 ], [ -79.310541, 33.926553 ], [ -79.310113, 33.92803 ], [ -79.311063, 33.929933 ], [ -79.309095, 33.931053 ], [ -79.308236, 33.933773 ], [ -79.306874, 33.934788 ], [ -79.309673, 33.935806 ], [ -79.312135, 33.935486 ], [ -79.314665, 33.934027 ], [ -79.316969, 33.934143 ], [ -79.316956, 33.936589 ], [ -79.313986, 33.938354 ], [ -79.314731, 33.94015 ], [ -79.31445, 33.941304 ], [ -79.311435, 33.942386 ], [ -79.311614, 33.944191 ], [ -79.312372, 33.945001 ], [ -79.314701, 33.946036 ], [ -79.316134, 33.945696 ], [ -79.319219, 33.947028 ], [ -79.320672, 33.948688 ], [ -79.320349, 33.947395 ], [ -79.321803, 33.946981 ], [ -79.323021, 33.948964 ], [ -79.324457, 33.949523 ], [ -79.325056, 33.951178 ], [ -79.326585, 33.951656 ], [ -79.326743, 33.952487 ], [ -79.325599, 33.953792 ], [ -79.329763, 33.95482 ], [ -79.330449, 33.954169 ], [ -79.329161, 33.952886 ], [ -79.332273, 33.952457 ], [ -79.33344, 33.952717 ], [ -79.333884, 33.954433 ], [ -79.332097, 33.957325 ], [ -79.330863, 33.958528 ], [ -79.329918, 33.960575 ], [ -79.330115, 33.961631 ], [ -79.333062, 33.96106 ], [ -79.334225, 33.962136 ], [ -79.335063, 33.964134 ], [ -79.335614, 33.967537 ], [ -79.338618, 33.96862 ], [ -79.338842, 33.970494 ], [ -79.336836, 33.971883 ], [ -79.336241, 33.974514 ], [ -79.33436, 33.974582 ], [ -79.332816, 33.977409 ], [ -79.331298, 33.978995 ], [ -79.33234, 33.981801 ], [ -79.331542, 33.982712 ], [ -79.331437, 33.987738 ], [ -79.329807, 33.986611 ], [ -79.328434, 33.986756 ], [ -79.329837, 33.989258 ], [ -79.328661, 33.992517 ], [ -79.329419, 33.991573 ], [ -79.33164, 33.991321 ], [ -79.332283, 33.992344 ], [ -79.332458, 33.994997 ], [ -79.330072, 33.995655 ], [ -79.330496, 33.997394 ], [ -79.32731, 33.998189 ], [ -79.328466, 34.000163 ], [ -79.327258, 34.000912 ], [ -79.321895, 34.002288 ], [ -79.321483, 34.001349 ], [ -79.323271, 34.000164 ], [ -79.322349, 33.999399 ], [ -79.317701, 33.999568 ], [ -79.318158, 33.997086 ], [ -79.316936, 33.996224 ], [ -79.315079, 33.996506 ], [ -79.314443, 34.000617 ], [ -79.311941, 34.002174 ], [ -79.309137, 34.005128 ], [ -79.307157, 34.005929 ], [ -79.309054, 34.008174 ], [ -79.307349, 34.010281 ], [ -79.305066, 34.016555 ], [ -79.306221, 34.019166 ], [ -79.30424, 34.02283 ], [ -79.304543, 34.02386 ], [ -79.307733, 34.02599 ], [ -79.307568, 34.027685 ], [ -79.305257, 34.027204 ], [ -79.303827, 34.027937 ], [ -79.304102, 34.029609 ], [ -79.302107, 34.029185 ], [ -79.302341, 34.032219 ], [ -79.299313, 34.033983 ], [ -79.298021, 34.033067 ], [ -79.296453, 34.033365 ], [ -79.29395, 34.035722 ], [ -79.29197, 34.033409 ], [ -79.290952, 34.034485 ], [ -79.287954, 34.033064 ], [ -79.287899, 34.034897 ], [ -79.284268, 34.035331 ], [ -79.284075, 34.036339 ], [ -79.281434, 34.036384 ], [ -79.281076, 34.037139 ], [ -79.283029, 34.038216 ], [ -79.282588, 34.03975 ], [ -79.280498, 34.038719 ], [ -79.278048, 34.039566 ], [ -79.2767, 34.041673 ], [ -79.27414, 34.044054 ], [ -79.2712, 34.044121 ], [ -79.269161, 34.044075 ], [ -79.268032, 34.046044 ], [ -79.266106, 34.045722 ], [ -79.266327, 34.044715 ], [ -79.265089, 34.043982 ], [ -79.263024, 34.046981 ], [ -79.261015, 34.048629 ], [ -79.258346, 34.049498 ], [ -79.257519, 34.050711 ], [ -79.258372, 34.052475 ], [ -79.25815, 34.054055 ], [ -79.256195, 34.055062 ], [ -79.252894, 34.054785 ], [ -79.249767, 34.055759 ], [ -79.247758, 34.057081 ], [ -79.247167, 34.061177 ], [ -79.247719, 34.064566 ], [ -79.247087, 34.065506 ], [ -79.248271, 34.066444 ], [ -79.245465, 34.067957 ], [ -79.242961, 34.067958 ], [ -79.242577, 34.069126 ], [ -79.243348, 34.070546 ], [ -79.242441, 34.072493 ], [ -79.239387, 34.073364 ], [ -79.241067, 34.074715 ], [ -79.241287, 34.075814 ], [ -79.239582, 34.076753 ], [ -79.239913, 34.078494 ], [ -79.242638, 34.07879 ], [ -79.245334, 34.078011 ], [ -79.248087, 34.079452 ], [ -79.246575, 34.081102 ], [ -79.248502, 34.082589 ], [ -79.249381, 34.085062 ], [ -79.249, 34.08591 ], [ -79.247238, 34.085842 ], [ -79.246909, 34.087102 ], [ -79.250157, 34.088638 ], [ -79.250133, 34.090371 ], [ -79.247022, 34.091292 ], [ -79.24394, 34.093217 ], [ -79.241875, 34.092737 ], [ -79.241023, 34.094318 ], [ -79.242675, 34.095233 ], [ -79.243117, 34.097523 ], [ -79.241933, 34.097913 ], [ -79.23921, 34.100479 ], [ -79.234557, 34.100778 ], [ -79.234888, 34.102358 ], [ -79.232988, 34.102542 ], [ -79.230101, 34.108818 ], [ -79.228394, 34.107834 ], [ -79.226301, 34.107972 ], [ -79.223439, 34.108866 ], [ -79.222172, 34.107652 ], [ -79.220905, 34.107744 ], [ -79.220218, 34.110034 ], [ -79.218787, 34.111065 ], [ -79.219035, 34.112416 ], [ -79.221402, 34.112004 ], [ -79.222807, 34.113102 ], [ -79.221321, 34.115233 ], [ -79.222368, 34.11679 ], [ -79.2219, 34.118942 ], [ -79.220579, 34.119698 ], [ -79.220662, 34.122034 ], [ -79.21846, 34.1235 ], [ -79.217638, 34.12549 ], [ -79.219346, 34.126188 ], [ -79.216317, 34.128227 ], [ -79.214473, 34.130586 ], [ -79.213678, 34.128574 ], [ -79.212031, 34.127248 ], [ -79.210299, 34.12726 ], [ -79.20896, 34.128112 ], [ -79.205771, 34.132973 ], [ -79.205185, 34.13593 ], [ -79.206557, 34.138158 ], [ -79.206268, 34.141648 ], [ -79.207807, 34.145285 ], [ -79.208144, 34.147946 ], [ -79.209383, 34.149503 ], [ -79.208309, 34.150602 ], [ -79.205472, 34.150854 ], [ -79.205831, 34.152457 ], [ -79.207787, 34.153877 ], [ -79.207539, 34.154839 ], [ -79.205969, 34.154404 ], [ -79.204647, 34.152893 ], [ -79.202994, 34.153168 ], [ -79.202333, 34.154267 ], [ -79.202196, 34.156763 ], [ -79.198421, 34.157702 ], [ -79.197319, 34.158687 ], [ -79.195942, 34.161092 ], [ -79.197761, 34.162489 ], [ -79.19586, 34.165374 ], [ -79.197072, 34.168534 ], [ -79.196742, 34.16929 ], [ -79.1944, 34.169428 ], [ -79.192417, 34.17126 ], [ -79.193106, 34.173824 ], [ -79.19272, 34.17545 ], [ -79.191673, 34.176412 ], [ -79.186989, 34.177809 ], [ -79.183792, 34.181015 ], [ -79.180237, 34.181358 ], [ -79.179025, 34.182206 ], [ -79.176931, 34.184793 ], [ -79.175443, 34.184953 ], [ -79.174561, 34.18406 ], [ -79.176291, 34.181733 ], [ -79.176435, 34.180299 ], [ -79.174891, 34.179352 ], [ -79.173583, 34.179534 ], [ -79.171441, 34.181737 ], [ -79.169503, 34.187229 ], [ -79.16676, 34.192832 ], [ -79.166234, 34.195064 ], [ -79.164306, 34.197501 ], [ -79.160916, 34.198484 ], [ -79.158049, 34.200453 ], [ -79.15758, 34.201987 ], [ -79.156229, 34.202605 ], [ -79.156118, 34.204002 ], [ -79.155043, 34.204689 ], [ -79.153939, 34.207207 ], [ -79.152561, 34.206703 ], [ -79.150768, 34.20897 ], [ -79.149805, 34.206863 ], [ -79.148592, 34.206908 ], [ -79.147213, 34.20835 ], [ -79.145918, 34.20867 ], [ -79.14556, 34.206587 ], [ -79.144265, 34.20622 ], [ -79.142086, 34.209197 ], [ -79.141533, 34.212242 ], [ -79.142221, 34.213914 ], [ -79.140126, 34.213867 ], [ -79.139381, 34.215699 ], [ -79.137809, 34.215584 ], [ -79.137011, 34.214095 ], [ -79.133729, 34.215673 ], [ -79.135079, 34.217781 ], [ -79.134663, 34.220849 ], [ -79.132568, 34.220688 ], [ -79.130859, 34.221557 ], [ -79.131757, 34.222671 ], [ -79.13478, 34.222434 ], [ -79.135464, 34.22336 ], [ -79.134709, 34.22592 ], [ -79.135661, 34.229126 ], [ -79.133853, 34.232599 ], [ -79.132943, 34.233177 ], [ -79.131832, 34.231599 ], [ -79.128264, 34.230743 ], [ -79.128909, 34.232896 ], [ -79.128529, 34.234734 ], [ -79.127011, 34.234786 ], [ -79.126657, 34.236142 ], [ -79.128477, 34.235548 ], [ -79.130984, 34.238526 ], [ -79.133163, 34.237953 ], [ -79.13261, 34.24006 ], [ -79.133271, 34.241114 ], [ -79.134787, 34.241023 ], [ -79.133849, 34.242763 ], [ -79.131808, 34.24251 ], [ -79.129601, 34.24402 ], [ -79.129103, 34.246859 ], [ -79.126758, 34.248279 ], [ -79.126594, 34.251706 ], [ -79.128165, 34.253652 ], [ -79.131004, 34.255485 ], [ -79.173475, 34.287534 ], [ -79.174726, 34.286538 ], [ -79.185981, 34.277688 ], [ -79.21214, 34.257103 ], [ -79.21347, 34.256148 ], [ -79.21432, 34.255539 ], [ -79.219394, 34.258789 ], [ -79.22083, 34.258972 ], [ -79.228083, 34.258076 ], [ -79.230511, 34.256723 ], [ -79.23379, 34.25677 ], [ -79.235031, 34.255831 ], [ -79.236494, 34.255876 ], [ -79.239444, 34.25434 ], [ -79.244741, 34.255438 ], [ -79.247828, 34.257083 ], [ -79.251014, 34.257308 ], [ -79.255647, 34.260105 ], [ -79.259536, 34.259031 ], [ -79.264469, 34.263087 ], [ -79.266125, 34.265425 ], [ -79.268559, 34.26728 ], [ -79.270566, 34.268313 ], [ -79.271857, 34.269754 ], [ -79.274698, 34.270259 ], [ -79.276795, 34.269504 ], [ -79.278947, 34.270053 ], [ -79.279553, 34.271084 ], [ -79.282367, 34.27271 ], [ -79.285401, 34.273146 ], [ -79.287801, 34.274269 ], [ -79.29067, 34.274475 ], [ -79.294397, 34.276994 ], [ -79.305384, 34.269307 ], [ -79.330702, 34.280814 ], [ -79.333343, 34.281741 ], [ -79.345784, 34.287332 ], [ -79.364655, 34.29584 ], [ -79.380264, 34.300572 ], [ -79.392274, 34.300456 ], [ -79.404643, 34.30051 ], [ -79.409172, 34.299904 ], [ -79.41104, 34.300172 ], [ -79.416027, 34.29866 ], [ -79.428105, 34.294565 ], [ -79.44015, 34.292831 ], [ -79.466839, 34.288995 ], [ -79.468489, 34.28978 ], [ -79.470203, 34.290574 ], [ -79.473672, 34.288517 ], [ -79.480712, 34.288081 ], [ -79.4791, 34.278595 ], [ -79.487031, 34.277287 ], [ -79.489169, 34.277474 ], [ -79.492263, 34.275788 ], [ -79.496288, 34.274819 ], [ -79.498133, 34.271987 ], [ -79.501076, 34.268945 ], [ -79.501329, 34.267713 ], [ -79.503153, 34.265243 ], [ -79.509062, 34.259403 ], [ -79.512375, 34.257451 ], [ -79.514335, 34.256995 ], [ -79.518705, 34.257194 ], [ -79.520141, 34.258257 ], [ -79.522102, 34.257911 ], [ -79.524424, 34.251585 ], [ -79.531272, 34.250158 ], [ -79.541465, 34.24843 ], [ -79.541989, 34.247905 ], [ -79.547641, 34.248801 ], [ -79.550468, 34.247845 ], [ -79.55428, 34.247604 ], [ -79.554711, 34.247016 ], [ -79.553334, 34.245185 ], [ -79.552785, 34.243124 ], [ -79.551138, 34.240106 ], [ -79.546685, 34.23406 ], [ -79.5466, 34.231146 ], [ -79.54793, 34.230913 ], [ -79.544578, 34.226257 ], [ -79.54404, 34.225186 ], [ -79.544163, 34.221101 ], [ -79.544036, 34.219676 ], [ -79.54573, 34.210809 ], [ -79.547439, 34.20652 ], [ -79.548316, 34.204432 ], [ -79.548523, 34.204095 ], [ -79.550673, 34.201361 ], [ -79.556353, 34.199079 ], [ -79.559538, 34.198456 ], [ -79.563, 34.19612 ], [ -79.568992, 34.190448 ], [ -79.571241, 34.187315 ], [ -79.57188, 34.185366 ], [ -79.571834, 34.183689 ] ] ] ] } },
{ "type": "Feature", "properties": { "STATEFP": "45", "COUNTYFP": "031", "COUNTYNS": "01247992", "GEOIDFQ": "0500000US45031", "GEOID": "45031", "NAME": "Darlington", "NAMELSAD": "Darlington County", "STUSPS": "SC", "STATE_NAME": "South Carolina", "LSAD": "06", "ALAND": 1451987311.0, "AWATER": 14598203.0, "STATE_NAME_HYPHEN": "South-Carolina" }, "geometry": { "type": "MultiPolygon", "coordinates": [ [ [ [ -80.287434, 34.362854 ], [ -80.287544, 34.361709 ], [ -80.285832, 34.360678 ], [ -80.283346, 34.361021 ], [ -80.284286, 34.359005 ], [ -80.28379, 34.35676 ], [ -80.281498, 34.356416 ], [ -80.280283, 34.354721 ], [ -80.280449, 34.3533 ], [ -80.279235, 34.351743 ], [ -80.276583, 34.352177 ], [ -80.277275, 34.350505 ], [ -80.275534, 34.351467 ], [ -80.274347, 34.351237 ], [ -80.275563, 34.349245 ], [ -80.274127, 34.34913 ], [ -80.273049, 34.350412 ], [ -80.27211, 34.350183 ], [ -80.271504, 34.348396 ], [ -80.269156, 34.349678 ], [ -80.267803, 34.349379 ], [ -80.268219, 34.346287 ], [ -80.265982, 34.345805 ], [ -80.265403, 34.344637 ], [ -80.260239, 34.345207 ], [ -80.259798, 34.343283 ], [ -80.2585, 34.343076 ], [ -80.25864, 34.341244 ], [ -80.256209, 34.342113 ], [ -80.254277, 34.341196 ], [ -80.254968, 34.340028 ], [ -80.252869, 34.340714 ], [ -80.250662, 34.33801 ], [ -80.249342, 34.337211 ], [ -80.249438, 34.336042 ], [ -80.250968, 34.334346 ], [ -80.249451, 34.3335 ], [ -80.2493, 34.332036 ], [ -80.247347, 34.332107 ], [ -80.245361, 34.331195 ], [ -80.245499, 34.327421 ], [ -80.243558, 34.323884 ], [ -80.243226, 34.324455 ], [ -80.206302, 34.339055 ], [ -80.1913, 34.366691 ], [ -80.191004, 34.366655 ], [ -80.189292, 34.36674 ], [ -80.186788, 34.367835 ], [ -80.18512, 34.367936 ], [ -80.177225, 34.366203 ], [ -80.175969, 34.344559 ], [ -80.175036, 34.326271 ], [ -80.172196, 34.324321 ], [ -80.170927, 34.317871 ], [ -80.170223, 34.315998 ], [ -80.168909, 34.314629 ], [ -80.164412, 34.312028 ], [ -80.163994, 34.310767 ], [ -80.164741, 34.306277 ], [ -80.160823, 34.30213 ], [ -80.156627, 34.300251 ], [ -80.153978, 34.298097 ], [ -80.152848, 34.295119 ], [ -80.150558, 34.293767 ], [ -80.147165, 34.290237 ], [ -80.142006, 34.288059 ], [ -80.140868, 34.287077 ], [ -80.135413, 34.284552 ], [ -80.133897, 34.282444 ], [ -80.133015, 34.280817 ], [ -80.132269, 34.278571 ], [ -80.132472, 34.277448 ], [ -80.134801, 34.273769 ], [ -80.135803, 34.272437 ], [ -80.134541, 34.270307 ], [ -80.123159, 34.25346 ], [ -80.127282, 34.25443 ], [ -80.124789, 34.251092 ], [ -80.117721, 34.238319 ], [ -80.117244, 34.237763 ], [ -80.111733, 34.228613 ], [ -80.112727, 34.197018 ], [ -80.113872, 34.196286 ], [ -80.14171, 34.174926 ], [ -80.144406, 34.172602 ], [ -80.158582, 34.161623 ], [ -80.157259, 34.161416 ], [ -80.157039, 34.160202 ], [ -80.155634, 34.160202 ], [ -80.153789, 34.158369 ], [ -80.152633, 34.155597 ], [ -80.152606, 34.153123 ], [ -80.150981, 34.151679 ], [ -80.149962, 34.15216 ], [ -80.148915, 34.150717 ], [ -80.149082, 34.146891 ], [ -80.147072, 34.145333 ], [ -80.147321, 34.14389 ], [ -80.146219, 34.143661 ], [ -80.14418, 34.144622 ], [ -80.143767, 34.143247 ], [ -80.145062, 34.142904 ], [ -80.144071, 34.141942 ], [ -80.142115, 34.142262 ], [ -80.139361, 34.139833 ], [ -80.13917, 34.137382 ], [ -80.137407, 34.1369 ], [ -80.136252, 34.134471 ], [ -80.137767, 34.133831 ], [ -80.136198, 34.132066 ], [ -80.134463, 34.131791 ], [ -80.133831, 34.129637 ], [ -80.13452, 34.128492 ], [ -80.132252, 34.129521 ], [ -80.131441, 34.128666 ], [ -80.130439, 34.125925 ], [ -80.129297, 34.126002 ], [ -80.128158, 34.124774 ], [ -80.126672, 34.12564 ], [ -80.124416, 34.12564 ], [ -80.125818, 34.123358 ], [ -80.123241, 34.122924 ], [ -80.121973, 34.1221 ], [ -80.121944, 34.119786 ], [ -80.118969, 34.118368 ], [ -80.115691, 34.11798 ], [ -80.114479, 34.116537 ], [ -80.114974, 34.115049 ], [ -80.112825, 34.114294 ], [ -80.111449, 34.115188 ], [ -80.109024, 34.114341 ], [ -80.107179, 34.115166 ], [ -80.107977, 34.113723 ], [ -80.106297, 34.113334 ], [ -80.106076, 34.111341 ], [ -80.103239, 34.110953 ], [ -80.103624, 34.109074 ], [ -80.101449, 34.109144 ], [ -80.100319, 34.106899 ], [ -80.098859, 34.106602 ], [ -80.097675, 34.107473 ], [ -80.09795, 34.105182 ], [ -80.095995, 34.105389 ], [ -80.0947, 34.102938 ], [ -80.095746, 34.101563 ], [ -80.094947, 34.099937 ], [ -80.093101, 34.098128 ], [ -80.092027, 34.098059 ], [ -80.090183, 34.099938 ], [ -80.088806, 34.099572 ], [ -80.087154, 34.096869 ], [ -80.088144, 34.095678 ], [ -80.086245, 34.09522 ], [ -80.086382, 34.093204 ], [ -80.08517, 34.093021 ], [ -80.084151, 34.09112 ], [ -80.081095, 34.089907 ], [ -80.079746, 34.091052 ], [ -80.079003, 34.089334 ], [ -80.076525, 34.087456 ], [ -80.076745, 34.086105 ], [ -80.072808, 34.086013 ], [ -80.072202, 34.085303 ], [ -80.069878, 34.086191 ], [ -80.033546, 34.109276 ], [ -79.974125, 34.147027 ], [ -79.946914, 34.164314 ], [ -79.91398, 34.185216 ], [ -79.89542, 34.196968 ], [ -79.890178, 34.200287 ], [ -79.88482, 34.203679 ], [ -79.868673, 34.213903 ], [ -79.837478, 34.233653 ], [ -79.819058, 34.245347 ], [ -79.812196, 34.248677 ], [ -79.809021, 34.252438 ], [ -79.806031, 34.253041 ], [ -79.801083, 34.254952 ], [ -79.797942, 34.254711 ], [ -79.790294, 34.250557 ], [ -79.785183, 34.249354 ], [ -79.780683, 34.248853 ], [ -79.776783, 34.249053 ], [ -79.772683, 34.248153 ], [ -79.771283, 34.248953 ], [ -79.766109, 34.247485 ], [ -79.759583, 34.246053 ], [ -79.758383, 34.246753 ], [ -79.753794, 34.245642 ], [ -79.749383, 34.245053 ], [ -79.749483, 34.246353 ], [ -79.752483, 34.247253 ], [ -79.752562, 34.250616 ], [ -79.750778, 34.253521 ], [ -79.749783, 34.25568 ], [ -79.729566, 34.29519 ], [ -79.727569, 34.295443 ], [ -79.726883, 34.295908 ], [ -79.724782, 34.296988 ], [ -79.721914, 34.293999 ], [ -79.71656, 34.292078 ], [ -79.711206, 34.291231 ], [ -79.708309, 34.291255 ], [ -79.705688, 34.290614 ], [ -79.703011, 34.289217 ], [ -79.69785, 34.289263 ], [ -79.692304, 34.286103 ], [ -79.689406, 34.284798 ], [ -79.685599, 34.284431 ], [ -79.682867, 34.285462 ], [ -79.681846, 34.286836 ], [ -79.679225, 34.287798 ], [ -79.67848, 34.288828 ], [ -79.678866, 34.290844 ], [ -79.678314, 34.292584 ], [ -79.675195, 34.295699 ], [ -79.675747, 34.297096 ], [ -79.672241, 34.301219 ], [ -79.672131, 34.302731 ], [ -79.670668, 34.304013 ], [ -79.667989, 34.304448 ], [ -79.66534, 34.30628 ], [ -79.662386, 34.307585 ], [ -79.661007, 34.305867 ], [ -79.657764, 34.30519 ], [ -79.656797, 34.309072 ], [ -79.661869, 34.310645 ], [ -79.662644, 34.311944 ], [ -79.661751, 34.31466 ], [ -79.65942, 34.317662 ], [ -79.659497, 34.319744 ], [ -79.660364, 34.32228 ], [ -79.661572, 34.323731 ], [ -79.668826, 34.327401 ], [ -79.673073, 34.331278 ], [ -79.675366, 34.334354 ], [ -79.676394, 34.336283 ], [ -79.678254, 34.341576 ], [ -79.679421, 34.344216 ], [ -79.683214, 34.348081 ], [ -79.686596, 34.354136 ], [ -79.687733, 34.354831 ], [ -79.690958, 34.355508 ], [ -79.692733, 34.35652 ], [ -79.693244, 34.359494 ], [ -79.691584, 34.361328 ], [ -79.688019, 34.361802 ], [ -79.686228, 34.359687 ], [ -79.684572, 34.359129 ], [ -79.682688, 34.35971 ], [ -79.681721, 34.360452 ], [ -79.680532, 34.36297 ], [ -79.675494, 34.367295 ], [ -79.673676, 34.371099 ], [ -79.6737, 34.374394 ], [ -79.675114, 34.376288 ], [ -79.678148, 34.378329 ], [ -79.682175, 34.379478 ], [ -79.687017, 34.380161 ], [ -79.689442, 34.381765 ], [ -79.689631, 34.383087 ], [ -79.688452, 34.384689 ], [ -79.68833, 34.385946 ], [ -79.690386, 34.388048 ], [ -79.690922, 34.389743 ], [ -79.689394, 34.3914 ], [ -79.686759, 34.391118 ], [ -79.684807, 34.392104 ], [ -79.684082, 34.394014 ], [ -79.684287, 34.395837 ], [ -79.683401, 34.399148 ], [ -79.684559, 34.40049 ], [ -79.690486, 34.401507 ], [ -79.694827, 34.401913 ], [ -79.696452, 34.402748 ], [ -79.697545, 34.405767 ], [ -79.699655, 34.406636 ], [ -79.701493, 34.405343 ], [ -79.702518, 34.401048 ], [ -79.703474, 34.399333 ], [ -79.704842, 34.399071 ], [ -79.706428, 34.399825 ], [ -79.709355, 34.402445 ], [ -79.71043, 34.402706 ], [ -79.712613, 34.402099 ], [ -79.713132, 34.400867 ], [ -79.713142, 34.398215 ], [ -79.713974, 34.395967 ], [ -79.715279, 34.394374 ], [ -79.718445, 34.392576 ], [ -79.720143, 34.392049 ], [ -79.721314, 34.392463 ], [ -79.722106, 34.395827 ], [ -79.72115, 34.397421 ], [ -79.71824, 34.398196 ], [ -79.7165, 34.399643 ], [ -79.717038, 34.403442 ], [ -79.718541, 34.405703 ], [ -79.720737, 34.40712 ], [ -79.721952, 34.408679 ], [ -79.721748, 34.411501 ], [ -79.719448, 34.414744 ], [ -79.718441, 34.417088 ], [ -79.719899, 34.418696 ], [ -79.721283, 34.419152 ], [ -79.72303, 34.418616 ], [ -79.725012, 34.417243 ], [ -79.727555, 34.416967 ], [ -79.731181, 34.419596 ], [ -79.734027, 34.423659 ], [ -79.735572, 34.425365 ], [ -79.738764, 34.427477 ], [ -79.742148, 34.430219 ], [ -79.745984, 34.434058 ], [ -79.748743, 34.435419 ], [ -79.750566, 34.436797 ], [ -79.750782, 34.439673 ], [ -79.74909, 34.444959 ], [ -79.748984, 34.44749 ], [ -79.749784, 34.45085 ], [ -79.752791, 34.457485 ], [ -79.752446, 34.464653 ], [ -79.751804, 34.466495 ], [ -79.749274, 34.467963 ], [ -79.742718, 34.467334 ], [ -79.738971, 34.468091 ], [ -79.73615, 34.467384 ], [ -79.734312, 34.465992 ], [ -79.731692, 34.46638 ], [ -79.730522, 34.467942 ], [ -79.730411, 34.469175 ], [ -79.731721, 34.471888 ], [ -79.732785, 34.475301 ], [ -79.732381, 34.477138 ], [ -79.730881, 34.478836 ], [ -79.72732, 34.481479 ], [ -79.723402, 34.483799 ], [ -79.721794, 34.485416 ], [ -79.721901, 34.48802 ], [ -79.725154, 34.492899 ], [ -79.72658, 34.495523 ], [ -79.727827, 34.496824 ], [ -79.730355, 34.498186 ], [ -79.733681, 34.498775 ], [ -79.738359, 34.49869 ], [ -79.742717, 34.498233 ], [ -79.746937, 34.499757 ], [ -79.749784, 34.50234 ], [ -79.754415, 34.50414 ], [ -79.754578, 34.505569 ], [ -79.75139, 34.509104 ], [ -79.75125, 34.511912 ], [ -79.752115, 34.51353 ], [ -79.753698, 34.514572 ], [ -79.759029, 34.516658 ], [ -79.761609, 34.518697 ], [ -79.763278, 34.519069 ], [ -79.764004, 34.518314 ], [ -79.76388, 34.514423 ], [ -79.765297, 34.512251 ], [ -79.769193, 34.51022 ], [ -79.770471, 34.508475 ], [ -79.770555, 34.50645 ], [ -79.769745, 34.500747 ], [ -79.767841, 34.498931 ], [ -79.76909, 34.496528 ], [ -79.770102, 34.496266 ], [ -79.778374, 34.498113 ], [ -79.781942, 34.498272 ], [ -79.782927, 34.497769 ], [ -79.787818, 34.490731 ], [ -79.788019, 34.48966 ], [ -79.787237, 34.485194 ], [ -79.788039, 34.484303 ], [ -79.790503, 34.485296 ], [ -79.794877, 34.490445 ], [ -79.796426, 34.491619 ], [ -79.799881, 34.490843 ], [ -79.801406, 34.48757 ], [ -79.803511, 34.484759 ], [ -79.806146, 34.484584 ], [ -79.809472, 34.486079 ], [ -79.811083, 34.488421 ], [ -79.811919, 34.492033 ], [ -79.812801, 34.494357 ], [ -79.814885, 34.497192 ], [ -79.816804, 34.498359 ], [ -79.821208, 34.500156 ], [ -79.822993, 34.500737 ], [ -79.826788, 34.503023 ], [ -79.832212, 34.508633 ], [ -79.833379, 34.510258 ], [ -79.833489, 34.513434 ], [ -79.832673, 34.514569 ], [ -79.829756, 34.51717 ], [ -79.829246, 34.520277 ], [ -79.832566, 34.524861 ], [ -79.833014, 34.526439 ], [ -79.832718, 34.528084 ], [ -79.829981, 34.531925 ], [ -79.832242, 34.53451 ], [ -79.834519, 34.533332 ], [ -79.836106, 34.53514 ], [ -79.839193, 34.534611 ], [ -79.84087, 34.53314 ], [ -79.843676, 34.533085 ], [ -79.84436, 34.531848 ], [ -79.846883, 34.53082 ], [ -79.847368, 34.527667 ], [ -79.847685, 34.525499 ], [ -79.848807, 34.524443 ], [ -79.852433, 34.524678 ], [ -79.854235, 34.522807 ], [ -79.856357, 34.522192 ], [ -79.856695, 34.521373 ], [ -79.859371, 34.520355 ], [ -79.862028, 34.521041 ], [ -79.862351, 34.517578 ], [ -79.863127, 34.516066 ], [ -79.862728, 34.514829 ], [ -79.864732, 34.513185 ], [ -79.864878, 34.511954 ], [ -79.863641, 34.508733 ], [ -79.866709, 34.507257 ], [ -79.868208, 34.507131 ], [ -79.871328, 34.50531 ], [ -79.875678, 34.501086 ], [ -79.8756, 34.499948 ], [ -79.874233, 34.498434 ], [ -79.874787, 34.496333 ], [ -79.879648, 34.493469 ], [ -79.883771, 34.492196 ], [ -79.884967, 34.491113 ], [ -79.89227, 34.490633 ], [ -79.894227, 34.489147 ], [ -79.89948, 34.489739 ], [ -79.902076, 34.489234 ], [ -79.906356, 34.492616 ], [ -79.908467, 34.492732 ], [ -79.909091, 34.493689 ], [ -79.911985, 34.494685 ], [ -79.917529, 34.494493 ], [ -79.919846, 34.495764 ], [ -79.924533, 34.494417 ], [ -79.927242, 34.492983 ], [ -79.929991, 34.492626 ], [ -79.935979, 34.490895 ], [ -79.940832, 34.48802 ], [ -79.94516, 34.487816 ], [ -79.949204, 34.489883 ], [ -79.950631, 34.488344 ], [ -79.954375, 34.48847 ], [ -79.956871, 34.4877 ], [ -79.956698, 34.486699 ], [ -79.957361, 34.487077 ], [ -79.962474, 34.487006 ], [ -79.965448, 34.487687 ], [ -79.967261, 34.490117 ], [ -79.969054, 34.490704 ], [ -79.969121, 34.492727 ], [ -79.970482, 34.493271 ], [ -79.972056, 34.49503 ], [ -79.971466, 34.497273 ], [ -79.97304, 34.498004 ], [ -79.975304, 34.498052 ], [ -79.978624, 34.499618 ], [ -79.981509, 34.501604 ], [ -79.983435, 34.501708 ], [ -79.986495, 34.500316 ], [ -79.989184, 34.500315 ], [ -79.9927, 34.499074 ], [ -79.994598, 34.497919 ], [ -79.996489, 34.496148 ], [ -80.002031, 34.496657 ], [ -80.005405, 34.495081 ], [ -80.007241, 34.49488 ], [ -80.00822, 34.494785 ], [ -80.009375, 34.49428 ], [ -80.012564, 34.490851 ], [ -80.014125, 34.489951 ], [ -80.016163, 34.489946 ], [ -80.024191, 34.487329 ], [ -80.026547, 34.486541 ], [ -80.028831, 34.486388 ], [ -80.031705, 34.487109 ], [ -80.034194, 34.489187 ], [ -80.039942, 34.492404 ], [ -80.043541, 34.491954 ], [ -80.045493, 34.492603 ], [ -80.048471, 34.490898 ], [ -80.052726, 34.489139 ], [ -80.055063, 34.486914 ], [ -80.058771, 34.486008 ], [ -80.060583, 34.484859 ], [ -80.076511, 34.476339 ], [ -80.08249, 34.473308 ], [ -80.097261, 34.464831 ], [ -80.119968, 34.453445 ], [ -80.132764, 34.447114 ], [ -80.154244, 34.436051 ], [ -80.182388, 34.421538 ], [ -80.202169, 34.411342 ], [ -80.249033, 34.387161 ], [ -80.250961, 34.385995 ], [ -80.288596, 34.366207 ], [ -80.286936, 34.364572 ], [ -80.288692, 34.364139 ], [ -80.287434, 34.362854 ] ] ] ] } },
{ "type": "Feature", "properties": { "STATEFP": "45", "COUNTYFP": "087", "COUNTYNS": "01248017", "GEOIDFQ": "0500000US45087", "GEOID": "45087", "NAME": "Union", "NAMELSAD": "Union County", "STUSPS": "SC", "STATE_NAME": "South Carolina", "LSAD": "06", "ALAND": 1330177794.0, "AWATER": 4792745.0, "STATE_NAME_HYPHEN": "South-Carolina" }, "geometry": { "type": "MultiPolygon", "coordinates": [ [ [ [ -81.849337, 34.594639 ], [ -81.846452, 34.595901 ], [ -81.845675, 34.596757 ], [ -81.845926, 34.598266 ], [ -81.842846, 34.600635 ], [ -81.842145, 34.599488 ], [ -81.839226, 34.597641 ], [ -81.839913, 34.594969 ], [ -81.839339, 34.593235 ], [ -81.83607, 34.593447 ], [ -81.831666, 34.591489 ], [ -81.830102, 34.59181 ], [ -81.830307, 34.593601 ], [ -81.829476, 34.594071 ], [ -81.827804, 34.592713 ], [ -81.825865, 34.588058 ], [ -81.823083, 34.588863 ], [ -81.819391, 34.588613 ], [ -81.81817, 34.588202 ], [ -81.815596, 34.583543 ], [ -81.815025, 34.581806 ], [ -81.81357, 34.580158 ], [ -81.810395, 34.578077 ], [ -81.808738, 34.580989 ], [ -81.80486, 34.579986 ], [ -81.802319, 34.580808 ], [ -81.801198, 34.579333 ], [ -81.801686, 34.577766 ], [ -81.800262, 34.574811 ], [ -81.797935, 34.57386 ], [ -81.794765, 34.574751 ], [ -81.788749, 34.574171 ], [ -81.78676, 34.574132 ], [ -81.784238, 34.573228 ], [ -81.781995, 34.571277 ], [ -81.779871, 34.569978 ], [ -81.775387, 34.570875 ], [ -81.771193, 34.570248 ], [ -81.768732, 34.570889 ], [ -81.767957, 34.570364 ], [ -81.768644, 34.568349 ], [ -81.767506, 34.56653 ], [ -81.76568, 34.56717 ], [ -81.765746, 34.568175 ], [ -81.762439, 34.568347 ], [ -81.761783, 34.567063 ], [ -81.759864, 34.565983 ], [ -81.758465, 34.565937 ], [ -81.756136, 34.566742 ], [ -81.754409, 34.566387 ], [ -81.753763, 34.564293 ], [ -81.752516, 34.563598 ], [ -81.749606, 34.568344 ], [ -81.747335, 34.568272 ], [ -81.747018, 34.566847 ], [ -81.744705, 34.566522 ], [ -81.743253, 34.565067 ], [ -81.743042, 34.562664 ], [ -81.741724, 34.561389 ], [ -81.740341, 34.561098 ], [ -81.739238, 34.559781 ], [ -81.73789, 34.559347 ], [ -81.736523, 34.560638 ], [ -81.735038, 34.560108 ], [ -81.733621, 34.560909 ], [ -81.730433, 34.558251 ], [ -81.72739, 34.556617 ], [ -81.725663, 34.556871 ], [ -81.724618, 34.556133 ], [ -81.722948, 34.556135 ], [ -81.72089, 34.55484 ], [ -81.72026, 34.553384 ], [ -81.717328, 34.55147 ], [ -81.716182, 34.551449 ], [ -81.714358, 34.554045 ], [ -81.713547, 34.555602 ], [ -81.711633, 34.55494 ], [ -81.709416, 34.555501 ], [ -81.707006, 34.557077 ], [ -81.704152, 34.557852 ], [ -81.701054, 34.559363 ], [ -81.700144, 34.559086 ], [ -81.700768, 34.557797 ], [ -81.700428, 34.555695 ], [ -81.696483, 34.556892 ], [ -81.692847, 34.555665 ], [ -81.691545, 34.553181 ], [ -81.690758, 34.552705 ], [ -81.686732, 34.554371 ], [ -81.68264, 34.557255 ], [ -81.680024, 34.557964 ], [ -81.677321, 34.557972 ], [ -81.676349, 34.55682 ], [ -81.679228, 34.553439 ], [ -81.679107, 34.551977 ], [ -81.677616, 34.550804 ], [ -81.67477, 34.552515 ], [ -81.672395, 34.551208 ], [ -81.669397, 34.55123 ], [ -81.668465, 34.548791 ], [ -81.667548, 34.548327 ], [ -81.660889, 34.548707 ], [ -81.658451, 34.54784 ], [ -81.659721, 34.545856 ], [ -81.659379, 34.542957 ], [ -81.658611, 34.541157 ], [ -81.657982, 34.540573 ], [ -81.65536, 34.541133 ], [ -81.64829, 34.532789 ], [ -81.647135, 34.532721 ], [ -81.64453, 34.533864 ], [ -81.643552, 34.533652 ], [ -81.641706, 34.53114 ], [ -81.64079, 34.528146 ], [ -81.640184, 34.527501 ], [ -81.63594, 34.527112 ], [ -81.634198, 34.527443 ], [ -81.631211, 34.52733 ], [ -81.62856, 34.525331 ], [ -81.627861, 34.524176 ], [ -81.628558, 34.522503 ], [ -81.62719, 34.521685 ], [ -81.625108, 34.522793 ], [ -81.623322, 34.524718 ], [ -81.617791, 34.525249 ], [ -81.617302, 34.524369 ], [ -81.617737, 34.52213 ], [ -81.616966, 34.51793 ], [ -81.614059, 34.516139 ], [ -81.613374, 34.51375 ], [ -81.609862, 34.513767 ], [ -81.607721, 34.512576 ], [ -81.605022, 34.513275 ], [ -81.602717, 34.51285 ], [ -81.600284, 34.510011 ], [ -81.598511, 34.509027 ], [ -81.593425, 34.504269 ], [ -81.591812, 34.502072 ], [ -81.589859, 34.49831 ], [ -81.588426, 34.496805 ], [ -81.58503, 34.496283 ], [ -81.581389, 34.494585 ], [ -81.578581, 34.494327 ], [ -81.575014, 34.490861 ], [ -81.573293, 34.490165 ], [ -81.570647, 34.488081 ], [ -81.567603, 34.486477 ], [ -81.564585, 34.484389 ], [ -81.563346, 34.482536 ], [ -81.559258, 34.480222 ], [ -81.55727, 34.478665 ], [ -81.55288, 34.476781 ], [ -81.552468, 34.474939 ], [ -81.553543, 34.473845 ], [ -81.552349, 34.472107 ], [ -81.551779, 34.470294 ], [ -81.553122, 34.467602 ], [ -81.554603, 34.466561 ], [ -81.557021, 34.463921 ], [ -81.556878, 34.463081 ], [ -81.554822, 34.462277 ], [ -81.552161, 34.462687 ], [ -81.548669, 34.462748 ], [ -81.546343, 34.461925 ], [ -81.546116, 34.46048 ], [ -81.547605, 34.45994 ], [ -81.54832, 34.460816 ], [ -81.549411, 34.458521 ], [ -81.550688, 34.458764 ], [ -81.552308, 34.457199 ], [ -81.551515, 34.456015 ], [ -81.551098, 34.452205 ], [ -81.549276, 34.451279 ], [ -81.547961, 34.449737 ], [ -81.545901, 34.448539 ], [ -81.541656, 34.448615 ], [ -81.541316, 34.447681 ], [ -81.542398, 34.446236 ], [ -81.541005, 34.445034 ], [ -81.54043, 34.445027 ], [ -81.507782, 34.472301 ], [ -81.499824, 34.478036 ], [ -81.484647, 34.490003 ], [ -81.483597, 34.489083 ], [ -81.479735, 34.49001 ], [ -81.474535, 34.490262 ], [ -81.468409, 34.494234 ], [ -81.465596, 34.491492 ], [ -81.462142, 34.490262 ], [ -81.458723, 34.486973 ], [ -81.457287, 34.487046 ], [ -81.452196, 34.490243 ], [ -81.448979, 34.490345 ], [ -81.446717, 34.488215 ], [ -81.444938, 34.487991 ], [ -81.443717, 34.49069 ], [ -81.443702, 34.494748 ], [ -81.442874, 34.495839 ], [ -81.439692, 34.496922 ], [ -81.436835, 34.496997 ], [ -81.435554, 34.496257 ], [ -81.43344, 34.492407 ], [ -81.429856, 34.492571 ], [ -81.428939, 34.494592 ], [ -81.42772, 34.495633 ], [ -81.425329, 34.495813 ], [ -81.423241, 34.494379 ], [ -81.423041, 34.496452 ], [ -81.421136, 34.501479 ], [ -81.421139, 34.503224 ], [ -81.422144, 34.508426 ], [ -81.423501, 34.512868 ], [ -81.423846, 34.518017 ], [ -81.424907, 34.524073 ], [ -81.426868, 34.527438 ], [ -81.427545, 34.529482 ], [ -81.426891, 34.533999 ], [ -81.426179, 34.53677 ], [ -81.427012, 34.53898 ], [ -81.425936, 34.541085 ], [ -81.424575, 34.545644 ], [ -81.425117, 34.552324 ], [ -81.424958, 34.55418 ], [ -81.424304, 34.55599 ], [ -81.422378, 34.557905 ], [ -81.421035, 34.559946 ], [ -81.420126, 34.562613 ], [ -81.419829, 34.566588 ], [ -81.422706, 34.572029 ], [ -81.426836, 34.5785 ], [ -81.426583, 34.580735 ], [ -81.424022, 34.584541 ], [ -81.421987, 34.589698 ], [ -81.419654, 34.598889 ], [ -81.417862, 34.604109 ], [ -81.418409, 34.612546 ], [ -81.417739, 34.623409 ], [ -81.417896, 34.629232 ], [ -81.415894, 34.633589 ], [ -81.416387, 34.635252 ], [ -81.420982, 34.640308 ], [ -81.424679, 34.643385 ], [ -81.427632, 34.646844 ], [ -81.429566, 34.648604 ], [ -81.432943, 34.650243 ], [ -81.437626, 34.651889 ], [ -81.441917, 34.653727 ], [ -81.443808, 34.656237 ], [ -81.444727, 34.658866 ], [ -81.447221, 34.664573 ], [ -81.447924, 34.666922 ], [ -81.450837, 34.672121 ], [ -81.454196, 34.675187 ], [ -81.45438, 34.677783 ], [ -81.453577, 34.692343 ], [ -81.455367, 34.696682 ], [ -81.454762, 34.699289 ], [ -81.455451, 34.711286 ], [ -81.45414, 34.720918 ], [ -81.456419, 34.723817 ], [ -81.45963, 34.726036 ], [ -81.461926, 34.726532 ], [ -81.464636, 34.725443 ], [ -81.47605, 34.723239 ], [ -81.478364, 34.723688 ], [ -81.479293, 34.723867 ], [ -81.48642, 34.730643 ], [ -81.488275, 34.733038 ], [ -81.488219, 34.735472 ], [ -81.487234, 34.738175 ], [ -81.484917, 34.741494 ], [ -81.482351, 34.744398 ], [ -81.474965, 34.748864 ], [ -81.469046, 34.753449 ], [ -81.464988, 34.755342 ], [ -81.461591, 34.757576 ], [ -81.45891, 34.758376 ], [ -81.456309, 34.758644 ], [ -81.454534, 34.759422 ], [ -81.453097, 34.760903 ], [ -81.452797, 34.762813 ], [ -81.453356, 34.764395 ], [ -81.45352, 34.767218 ], [ -81.454814, 34.770278 ], [ -81.455209, 34.773714 ], [ -81.454734, 34.775672 ], [ -81.454458, 34.779916 ], [ -81.453539, 34.782242 ], [ -81.455038, 34.784866 ], [ -81.456026, 34.787489 ], [ -81.456304, 34.792521 ], [ -81.458001, 34.794574 ], [ -81.459156, 34.797532 ], [ -81.462163, 34.79943 ], [ -81.464998, 34.800575 ], [ -81.467941, 34.801629 ], [ -81.469233, 34.802777 ], [ -81.469431, 34.804423 ], [ -81.468757, 34.8078 ], [ -81.469018, 34.811002 ], [ -81.470945, 34.811386 ], [ -81.475248, 34.809637 ], [ -81.479862, 34.808382 ], [ -81.481167, 34.80861 ], [ -81.487328, 34.813398 ], [ -81.487897, 34.815141 ], [ -81.487074, 34.816608 ], [ -81.484672, 34.818217 ], [ -81.478454, 34.821509 ], [ -81.472719, 34.825181 ], [ -81.470165, 34.827547 ], [ -81.466132, 34.828448 ], [ -81.463623, 34.829587 ], [ -81.461755, 34.831018 ], [ -81.459897, 34.834046 ], [ -81.458281, 34.835994 ], [ -81.457257, 34.83928 ], [ -81.465833, 34.846681 ], [ -81.46966, 34.848107 ], [ -81.470713, 34.848819 ], [ -81.47143, 34.850718 ], [ -81.473287, 34.851544 ], [ -81.476117, 34.851755 ], [ -81.478, 34.852675 ], [ -81.47897, 34.854094 ], [ -81.479298, 34.856999 ], [ -81.479991, 34.857504 ], [ -81.482269, 34.855382 ], [ -81.483571, 34.856343 ], [ -81.483788, 34.859364 ], [ -81.484755, 34.861676 ], [ -81.482533, 34.863547 ], [ -81.481725, 34.865191 ], [ -81.481945, 34.866495 ], [ -81.485135, 34.866776 ], [ -81.490877, 34.868639 ], [ -81.493651, 34.869101 ], [ -81.49726, 34.867987 ], [ -81.499648, 34.867752 ], [ -81.501204, 34.868454 ], [ -81.502791, 34.870903 ], [ -81.504058, 34.871881 ], [ -81.509553, 34.873418 ], [ -81.513741, 34.875897 ], [ -81.514872, 34.87713 ], [ -81.518561, 34.87653 ], [ -81.521454, 34.877561 ], [ -81.522738, 34.877294 ], [ -81.523459, 34.873773 ], [ -81.52638, 34.872128 ], [ -81.527795, 34.870846 ], [ -81.528126, 34.867638 ], [ -81.529888, 34.867643 ], [ -81.531164, 34.869175 ], [ -81.531949, 34.875151 ], [ -81.533268, 34.877189 ], [ -81.533567, 34.879187 ], [ -81.534576, 34.879613 ], [ -81.536192, 34.879376 ], [ -81.537165, 34.878414 ], [ -81.537057, 34.874237 ], [ -81.537474, 34.873321 ], [ -81.540809, 34.871718 ], [ -81.541421, 34.870207 ], [ -81.543533, 34.869886 ], [ -81.545311, 34.871421 ], [ -81.548062, 34.872338 ], [ -81.550619, 34.87275 ], [ -81.556038, 34.872911 ], [ -81.5599, 34.87557 ], [ -81.562286, 34.874723 ], [ -81.565023, 34.874651 ], [ -81.566426, 34.875839 ], [ -81.567432, 34.878053 ], [ -81.575382, 34.881328 ], [ -81.579536, 34.882673 ], [ -81.581771, 34.88417 ], [ -81.584865, 34.885652 ], [ -81.587199, 34.88745 ], [ -81.590974, 34.886336 ], [ -81.59472, 34.883987 ], [ -81.598392, 34.8848 ], [ -81.599836, 34.884063 ], [ -81.602079, 34.88165 ], [ -81.605269, 34.879509 ], [ -81.606985, 34.877555 ], [ -81.611602, 34.876146 ], [ -81.616829, 34.875512 ], [ -81.618225, 34.874773 ], [ -81.621508, 34.874823 ], [ -81.62482, 34.873936 ], [ -81.626737, 34.874338 ], [ -81.629076, 34.876726 ], [ -81.631019, 34.877248 ], [ -81.637833, 34.880145 ], [ -81.640557, 34.880084 ], [ -81.640692, 34.881344 ], [ -81.638299, 34.883555 ], [ -81.638603, 34.884727 ], [ -81.640621, 34.887664 ], [ -81.643348, 34.888373 ], [ -81.643425, 34.891341 ], [ -81.64451, 34.896202 ], [ -81.647184, 34.900473 ], [ -81.651947, 34.901986 ], [ -81.656456, 34.901414 ], [ -81.657724, 34.900982 ], [ -81.660502, 34.898851 ], [ -81.663631, 34.898679 ], [ -81.665826, 34.900462 ], [ -81.668665, 34.901539 ], [ -81.668984, 34.902984 ], [ -81.673298, 34.903935 ], [ -81.675981, 34.90158 ], [ -81.677585, 34.900892 ], [ -81.678702, 34.907021 ], [ -81.681138, 34.908452 ], [ -81.683221, 34.910363 ], [ -81.684342, 34.912803 ], [ -81.685272, 34.913013 ], [ -81.687006, 34.912148 ], [ -81.688981, 34.910161 ], [ -81.691149, 34.909057 ], [ -81.69245, 34.906619 ], [ -81.694296, 34.906076 ], [ -81.695932, 34.906495 ], [ -81.698388, 34.905888 ], [ -81.701957, 34.906157 ], [ -81.70346, 34.906719 ], [ -81.707071, 34.911746 ], [ -81.714094, 34.912865 ], [ -81.726831, 34.899333 ], [ -81.731115, 34.89464 ], [ -81.740332, 34.885294 ], [ -81.743062, 34.882074 ], [ -81.759018, 34.868563 ], [ -81.768576, 34.855835 ], [ -81.782791, 34.837211 ], [ -81.788988, 34.818188 ], [ -81.79356, 34.799069 ], [ -81.798402, 34.781365 ], [ -81.810293, 34.727511 ], [ -81.814302, 34.711927 ], [ -81.819589, 34.688991 ], [ -81.820355, 34.68654 ], [ -81.827077, 34.665573 ], [ -81.838228, 34.646158 ], [ -81.844013, 34.62379 ], [ -81.851865, 34.594775 ], [ -81.849337, 34.594639 ] ] ] ] } },
{ "type": "Feature", "properties": { "STATEFP": "45", "COUNTYFP": "061", "COUNTYNS": "01245652", "GEOIDFQ": "0500000US45061", "GEOID": "45061", "NAME": "Lee", "NAMELSAD": "Lee County", "STUSPS": "SC", "STATE_NAME": "South Carolina", "LSAD": "06", "ALAND": 1062372307.0, "AWATER": 2715077.0, "STATE_NAME_HYPHEN": "South-Carolina" }, "geometry": { "type": "MultiPolygon", "coordinates": [ [ [ [ -80.481318, 34.112622 ], [ -80.474113, 34.109874 ], [ -80.471958, 34.109057 ], [ -80.450363, 34.100253 ], [ -80.408724, 34.082299 ], [ -80.405526, 34.081369 ], [ -80.39564, 34.08949 ], [ -80.390112, 34.086813 ], [ -80.385276, 34.08442 ], [ -80.378741, 34.080701 ], [ -80.3748, 34.080705 ], [ -80.372185, 34.081091 ], [ -80.369412, 34.081121 ], [ -80.331014, 34.08049 ], [ -80.321721, 34.080356 ], [ -80.317016, 34.078314 ], [ -80.315607, 34.077384 ], [ -80.303245, 34.063222 ], [ -80.303387, 34.062494 ], [ -80.294931, 34.039437 ], [ -80.26906, 34.0351 ], [ -80.268278, 34.033594 ], [ -80.266985, 34.033113 ], [ -80.266601, 34.031624 ], [ -80.264786, 34.029813 ], [ -80.26366, 34.026583 ], [ -80.262147, 34.025437 ], [ -80.261268, 34.023787 ], [ -80.258766, 34.021816 ], [ -80.257722, 34.01854 ], [ -80.25932, 34.015265 ], [ -80.259267, 34.011966 ], [ -80.257123, 34.009927 ], [ -80.25542, 34.00594 ], [ -80.255835, 34.002779 ], [ -80.254379, 33.997905 ], [ -80.25471, 33.996943 ], [ -80.253308, 33.995065 ], [ -80.251329, 33.994193 ], [ -80.249799, 33.992166 ], [ -80.243067, 33.991608 ], [ -80.228344, 33.995178 ], [ -80.188288, 34.004924 ], [ -80.187875, 34.001213 ], [ -80.186636, 33.9995 ], [ -80.186692, 33.998164 ], [ -80.187379, 33.994437 ], [ -80.187984, 33.98894 ], [ -80.186252, 33.98642 ], [ -80.18485, 33.983556 ], [ -80.183613, 33.978883 ], [ -80.182898, 33.977898 ], [ -80.182513, 33.974966 ], [ -80.181386, 33.972836 ], [ -80.182679, 33.971072 ], [ -80.182266, 33.969172 ], [ -80.182487, 33.964957 ], [ -80.1807, 33.9601 ], [ -80.180371, 33.952002 ], [ -80.167249, 33.95616 ], [ -80.164684, 33.957305 ], [ -80.118102, 33.981589 ], [ -80.113301, 33.984394 ], [ -80.106648, 33.987535 ], [ -80.082791, 34.000158 ], [ -80.072673, 34.006584 ], [ -80.070364, 34.00792 ], [ -80.02676, 34.008543 ], [ -80.011574, 34.029924 ], [ -80.000594, 34.047877 ], [ -80.000791, 34.048936 ], [ -80.002992, 34.04935 ], [ -80.004201, 34.050725 ], [ -80.005962, 34.050932 ], [ -80.004943, 34.052695 ], [ -80.006126, 34.053841 ], [ -80.005051, 34.056268 ], [ -80.007856, 34.058514 ], [ -80.008738, 34.056866 ], [ -80.010306, 34.057897 ], [ -80.013058, 34.058219 ], [ -80.012258, 34.060257 ], [ -80.017047, 34.060969 ], [ -80.019605, 34.063009 ], [ -80.019686, 34.066765 ], [ -80.02051, 34.06814 ], [ -80.023318, 34.06892 ], [ -80.023564, 34.070982 ], [ -80.025298, 34.070936 ], [ -80.02593, 34.073226 ], [ -80.028462, 34.073593 ], [ -80.029563, 34.075037 ], [ -80.031628, 34.074213 ], [ -80.031929, 34.076801 ], [ -80.035398, 34.076985 ], [ -80.036306, 34.078268 ], [ -80.039939, 34.078544 ], [ -80.042968, 34.076666 ], [ -80.04512, 34.076749 ], [ -80.045033, 34.078064 ], [ -80.046904, 34.078476 ], [ -80.048171, 34.077079 ], [ -80.050345, 34.078019 ], [ -80.049244, 34.080515 ], [ -80.050758, 34.080836 ], [ -80.051226, 34.079279 ], [ -80.052409, 34.080126 ], [ -80.054034, 34.07992 ], [ -80.054529, 34.081249 ], [ -80.057447, 34.079096 ], [ -80.0583, 34.081203 ], [ -80.059511, 34.082394 ], [ -80.060668, 34.081455 ], [ -80.061548, 34.083861 ], [ -80.062374, 34.082417 ], [ -80.064054, 34.082326 ], [ -80.064549, 34.084135 ], [ -80.066421, 34.084112 ], [ -80.065815, 34.085075 ], [ -80.066641, 34.086403 ], [ -80.069878, 34.086191 ], [ -80.072202, 34.085303 ], [ -80.072808, 34.086013 ], [ -80.076745, 34.086105 ], [ -80.076525, 34.087456 ], [ -80.079003, 34.089334 ], [ -80.079746, 34.091052 ], [ -80.081095, 34.089907 ], [ -80.084151, 34.09112 ], [ -80.08517, 34.093021 ], [ -80.086382, 34.093204 ], [ -80.086245, 34.09522 ], [ -80.088144, 34.095678 ], [ -80.087154, 34.096869 ], [ -80.088806, 34.099572 ], [ -80.090183, 34.099938 ], [ -80.092027, 34.098059 ], [ -80.093101, 34.098128 ], [ -80.094947, 34.099937 ], [ -80.095746, 34.101563 ], [ -80.0947, 34.102938 ], [ -80.095995, 34.105389 ], [ -80.09795, 34.105182 ], [ -80.097675, 34.107473 ], [ -80.098859, 34.106602 ], [ -80.100319, 34.106899 ], [ -80.101449, 34.109144 ], [ -80.103624, 34.109074 ], [ -80.103239, 34.110953 ], [ -80.106076, 34.111341 ], [ -80.106297, 34.113334 ], [ -80.107977, 34.113723 ], [ -80.107179, 34.115166 ], [ -80.109024, 34.114341 ], [ -80.111449, 34.115188 ], [ -80.112825, 34.114294 ], [ -80.114974, 34.115049 ], [ -80.114479, 34.116537 ], [ -80.115691, 34.11798 ], [ -80.118969, 34.118368 ], [ -80.121944, 34.119786 ], [ -80.121973, 34.1221 ], [ -80.123241, 34.122924 ], [ -80.125818, 34.123358 ], [ -80.124416, 34.12564 ], [ -80.126672, 34.12564 ], [ -80.128158, 34.124774 ], [ -80.129297, 34.126002 ], [ -80.130439, 34.125925 ], [ -80.131441, 34.128666 ], [ -80.132252, 34.129521 ], [ -80.13452, 34.128492 ], [ -80.133831, 34.129637 ], [ -80.134463, 34.131791 ], [ -80.136198, 34.132066 ], [ -80.137767, 34.133831 ], [ -80.136252, 34.134471 ], [ -80.137407, 34.1369 ], [ -80.13917, 34.137382 ], [ -80.139361, 34.139833 ], [ -80.142115, 34.142262 ], [ -80.144071, 34.141942 ], [ -80.145062, 34.142904 ], [ -80.143767, 34.143247 ], [ -80.14418, 34.144622 ], [ -80.146219, 34.143661 ], [ -80.147321, 34.14389 ], [ -80.147072, 34.145333 ], [ -80.149082, 34.146891 ], [ -80.148915, 34.150717 ], [ -80.149962, 34.15216 ], [ -80.150981, 34.151679 ], [ -80.152606, 34.153123 ], [ -80.152633, 34.155597 ], [ -80.153789, 34.158369 ], [ -80.155634, 34.160202 ], [ -80.157039, 34.160202 ], [ -80.157259, 34.161416 ], [ -80.158582, 34.161623 ], [ -80.144406, 34.172602 ], [ -80.14171, 34.174926 ], [ -80.113872, 34.196286 ], [ -80.112727, 34.197018 ], [ -80.111733, 34.228613 ], [ -80.117244, 34.237763 ], [ -80.117721, 34.238319 ], [ -80.124789, 34.251092 ], [ -80.127282, 34.25443 ], [ -80.123159, 34.25346 ], [ -80.134541, 34.270307 ], [ -80.135803, 34.272437 ], [ -80.134801, 34.273769 ], [ -80.132472, 34.277448 ], [ -80.132269, 34.278571 ], [ -80.133015, 34.280817 ], [ -80.133897, 34.282444 ], [ -80.135413, 34.284552 ], [ -80.140868, 34.287077 ], [ -80.142006, 34.288059 ], [ -80.147165, 34.290237 ], [ -80.150558, 34.293767 ], [ -80.152848, 34.295119 ], [ -80.153978, 34.298097 ], [ -80.156627, 34.300251 ], [ -80.160823, 34.30213 ], [ -80.164741, 34.306277 ], [ -80.163994, 34.310767 ], [ -80.164412, 34.312028 ], [ -80.168909, 34.314629 ], [ -80.170223, 34.315998 ], [ -80.170927, 34.317871 ], [ -80.172196, 34.324321 ], [ -80.175036, 34.326271 ], [ -80.175969, 34.344559 ], [ -80.177225, 34.366203 ], [ -80.18512, 34.367936 ], [ -80.186788, 34.367835 ], [ -80.189292, 34.36674 ], [ -80.191004, 34.366655 ], [ -80.1913, 34.366691 ], [ -80.206302, 34.339055 ], [ -80.243226, 34.324455 ], [ -80.243558, 34.323884 ], [ -80.245499, 34.327421 ], [ -80.245361, 34.331195 ], [ -80.247347, 34.332107 ], [ -80.2493, 34.332036 ], [ -80.249451, 34.3335 ], [ -80.250968, 34.334346 ], [ -80.249438, 34.336042 ], [ -80.249342, 34.337211 ], [ -80.250662, 34.33801 ], [ -80.252869, 34.340714 ], [ -80.254968, 34.340028 ], [ -80.254277, 34.341196 ], [ -80.256209, 34.342113 ], [ -80.25864, 34.341244 ], [ -80.2585, 34.343076 ], [ -80.259798, 34.343283 ], [ -80.260239, 34.345207 ], [ -80.265403, 34.344637 ], [ -80.265982, 34.345805 ], [ -80.268219, 34.346287 ], [ -80.267803, 34.349379 ], [ -80.269156, 34.349678 ], [ -80.271504, 34.348396 ], [ -80.27211, 34.350183 ], [ -80.273049, 34.350412 ], [ -80.274127, 34.34913 ], [ -80.275563, 34.349245 ], [ -80.274347, 34.351237 ], [ -80.275534, 34.351467 ], [ -80.277275, 34.350505 ], [ -80.276583, 34.352177 ], [ -80.279235, 34.351743 ], [ -80.280449, 34.3533 ], [ -80.280283, 34.354721 ], [ -80.281498, 34.356416 ], [ -80.28379, 34.35676 ], [ -80.284286, 34.359005 ], [ -80.283346, 34.361021 ], [ -80.285832, 34.360678 ], [ -80.287544, 34.361709 ], [ -80.287434, 34.362854 ], [ -80.288692, 34.364139 ], [ -80.326129, 34.344234 ], [ -80.324609, 34.342103 ], [ -80.325107, 34.339291 ], [ -80.332138, 34.338312 ], [ -80.333985, 34.338344 ], [ -80.343712, 34.339532 ], [ -80.363759, 34.339547 ], [ -80.365772, 34.328153 ], [ -80.364514, 34.326663 ], [ -80.362083, 34.321507 ], [ -80.358806, 34.317118 ], [ -80.355843, 34.314842 ], [ -80.35417, 34.312115 ], [ -80.354223, 34.308008 ], [ -80.353031, 34.30333 ], [ -80.362917, 34.30432 ], [ -80.370019, 34.303829 ], [ -80.374099, 34.303755 ], [ -80.380067, 34.305042 ], [ -80.382004, 34.305188 ], [ -80.383245, 34.303957 ], [ -80.386293, 34.302568 ], [ -80.390131, 34.301847 ], [ -80.392251, 34.300992 ], [ -80.396269, 34.297905 ], [ -80.3975, 34.296479 ], [ -80.400922, 34.295196 ], [ -80.406137, 34.294431 ], [ -80.409063, 34.294317 ], [ -80.420484, 34.293074 ], [ -80.421654, 34.294301 ], [ -80.433464, 34.286932 ], [ -80.437359, 34.284502 ], [ -80.432886, 34.278934 ], [ -80.431036, 34.276632 ], [ -80.429288, 34.257195 ], [ -80.426366, 34.254832 ], [ -80.424057, 34.250703 ], [ -80.43299, 34.248856 ], [ -80.432555, 34.239016 ], [ -80.432048, 34.234692 ], [ -80.4308, 34.226997 ], [ -80.433442, 34.222958 ], [ -80.437497, 34.21674 ], [ -80.445164, 34.206046 ], [ -80.454545, 34.207963 ], [ -80.455697, 34.203981 ], [ -80.452523, 34.199991 ], [ -80.452367, 34.198991 ], [ -80.453955, 34.197153 ], [ -80.454408, 34.195683 ], [ -80.45837, 34.188734 ], [ -80.460865, 34.183315 ], [ -80.463506, 34.181242 ], [ -80.464621, 34.178616 ], [ -80.468837, 34.175631 ], [ -80.479857, 34.168696 ], [ -80.480356, 34.143386 ], [ -80.480293, 34.125504 ], [ -80.481318, 34.112622 ] ] ] ] } },
{ "type": "Feature", "properties": { "STATEFP": "45", "COUNTYFP": "017", "COUNTYNS": "01247986", "GEOIDFQ": "0500000US45017", "GEOID": "45017", "NAME": "Calhoun", "NAMELSAD": "Calhoun County", "STUSPS": "SC", "STATE_NAME": "South Carolina", "LSAD": "06", "ALAND": 987179024.0, "AWATER": 29351080.0, "STATE_NAME_HYPHEN": "South-Carolina" }, "geometry": { "type": "MultiPolygon", "coordinates": [ [ [ [ -81.060494, 33.762545 ], [ -81.058388, 33.750153 ], [ -81.058521, 33.747053 ], [ -81.036124, 33.745211 ], [ -81.035671, 33.750154 ], [ -81.032867, 33.764055 ], [ -81.023475, 33.763469 ], [ -81.022599, 33.773186 ], [ -81.014437, 33.775015 ], [ -81.014003, 33.781241 ], [ -80.999813, 33.780037 ], [ -80.966995, 33.777181 ], [ -80.96204, 33.77895 ], [ -80.959689, 33.778146 ], [ -80.957978, 33.776751 ], [ -80.954926, 33.776044 ], [ -80.953848, 33.774479 ], [ -80.950398, 33.772058 ], [ -80.946145, 33.770333 ], [ -80.939953, 33.76913 ], [ -80.938228, 33.76692 ], [ -80.933613, 33.764808 ], [ -80.932767, 33.762566 ], [ -80.930808, 33.760418 ], [ -80.926488, 33.756868 ], [ -80.924603, 33.756945 ], [ -80.926321, 33.755583 ], [ -80.931432, 33.754288 ], [ -80.934608, 33.753069 ], [ -80.93783, 33.752903 ], [ -80.940262, 33.752422 ], [ -80.942507, 33.750627 ], [ -80.945601, 33.749297 ], [ -80.950038, 33.744435 ], [ -80.95163, 33.741734 ], [ -80.955743, 33.737818 ], [ -80.958444, 33.737025 ], [ -80.959232, 33.736496 ], [ -80.964409, 33.736811 ], [ -80.967366, 33.736052 ], [ -80.97008, 33.734539 ], [ -80.974329, 33.733209 ], [ -80.977125, 33.731032 ], [ -80.978468, 33.730482 ], [ -80.982087, 33.730205 ], [ -80.986331, 33.731136 ], [ -80.988863, 33.731033 ], [ -80.991997, 33.732172 ], [ -80.999811, 33.726637 ], [ -81.019438, 33.719926 ], [ -81.042854, 33.707131 ], [ -81.022916, 33.685572 ], [ -81.015196, 33.677947 ], [ -80.999802, 33.660802 ], [ -80.98421, 33.644797 ], [ -80.981259, 33.64172 ], [ -80.965511, 33.625305 ], [ -80.943954, 33.643604 ], [ -80.942061, 33.641879 ], [ -80.940496, 33.639202 ], [ -80.93976, 33.637019 ], [ -80.939582, 33.63223 ], [ -80.940726, 33.62975 ], [ -80.939851, 33.627875 ], [ -80.939976, 33.626082 ], [ -80.938189, 33.624495 ], [ -80.938359, 33.621284 ], [ -80.939023, 33.62051 ], [ -80.939496, 33.617759 ], [ -80.938833, 33.615505 ], [ -80.938701, 33.612002 ], [ -80.939785, 33.608813 ], [ -80.919677, 33.605505 ], [ -80.885414, 33.618208 ], [ -80.881393, 33.619702 ], [ -80.823622, 33.607524 ], [ -80.807922, 33.604143 ], [ -80.807631, 33.604081 ], [ -80.775976, 33.581322 ], [ -80.731565, 33.549502 ], [ -80.694072, 33.521911 ], [ -80.693802, 33.520428 ], [ -80.695954, 33.514582 ], [ -80.69609, 33.510458 ], [ -80.695652, 33.508809 ], [ -80.694011, 33.505991 ], [ -80.69103, 33.503288 ], [ -80.687831, 33.501707 ], [ -80.686326, 33.50048 ], [ -80.683728, 33.499438 ], [ -80.682744, 33.496711 ], [ -80.681623, 33.495865 ], [ -80.682525, 33.494074 ], [ -80.680123, 33.492504 ], [ -80.680188, 33.490786 ], [ -80.678251, 33.487943 ], [ -80.677982, 33.486677 ], [ -80.673914, 33.484755 ], [ -80.672451, 33.482422 ], [ -80.668124, 33.480448 ], [ -80.666105, 33.477945 ], [ -80.666126, 33.475153 ], [ -80.663638, 33.474854 ], [ -80.663092, 33.474052 ], [ -80.660386, 33.473044 ], [ -80.65902, 33.470982 ], [ -80.652503, 33.472861 ], [ -80.645802, 33.472844 ], [ -80.639282, 33.474913 ], [ -80.634486, 33.469467 ], [ -80.627291, 33.473821 ], [ -80.616575, 33.466006 ], [ -80.611327, 33.470416 ], [ -80.619338, 33.482235 ], [ -80.619591, 33.483648 ], [ -80.624951, 33.488763 ], [ -80.619669, 33.493223 ], [ -80.619673, 33.494501 ], [ -80.621726, 33.496699 ], [ -80.624702, 33.498899 ], [ -80.623454, 33.50016 ], [ -80.588231, 33.538597 ], [ -80.610346, 33.550732 ], [ -80.603615, 33.5554 ], [ -80.601547, 33.556195 ], [ -80.579953, 33.561084 ], [ -80.574056, 33.560437 ], [ -80.564643, 33.561803 ], [ -80.552272, 33.565414 ], [ -80.55227, 33.563593 ], [ -80.551357, 33.558738 ], [ -80.548158, 33.558546 ], [ -80.542114, 33.560658 ], [ -80.540143, 33.5618 ], [ -80.538348, 33.559691 ], [ -80.511206, 33.538429 ], [ -80.505764, 33.53586 ], [ -80.50335, 33.535827 ], [ -80.506004, 33.539674 ], [ -80.506005, 33.541562 ], [ -80.50474, 33.542329 ], [ -80.504362, 33.546375 ], [ -80.505991, 33.550623 ], [ -80.505589, 33.552592 ], [ -80.50292, 33.553056 ], [ -80.500414, 33.552309 ], [ -80.498004, 33.552671 ], [ -80.497141, 33.553593 ], [ -80.496273, 33.558481 ], [ -80.497837, 33.561493 ], [ -80.499808, 33.562493 ], [ -80.504531, 33.562716 ], [ -80.505994, 33.564215 ], [ -80.50572, 33.565975 ], [ -80.504446, 33.56735 ], [ -80.504036, 33.56999 ], [ -80.505774, 33.571618 ], [ -80.50974, 33.571981 ], [ -80.515234, 33.574705 ], [ -80.516236, 33.576892 ], [ -80.516108, 33.579073 ], [ -80.51495, 33.581246 ], [ -80.511314, 33.582727 ], [ -80.506087, 33.583527 ], [ -80.502186, 33.586203 ], [ -80.501423, 33.58814 ], [ -80.502204, 33.590419 ], [ -80.503335, 33.591624 ], [ -80.509503, 33.59266 ], [ -80.51421, 33.594056 ], [ -80.519799, 33.597368 ], [ -80.52039, 33.598178 ], [ -80.521183, 33.599265 ], [ -80.521807, 33.601597 ], [ -80.521559, 33.603358 ], [ -80.519671, 33.60756 ], [ -80.519417, 33.610072 ], [ -80.519294, 33.611564 ], [ -80.519989, 33.614233 ], [ -80.521569, 33.61653 ], [ -80.525327, 33.618423 ], [ -80.532293, 33.621552 ], [ -80.534063, 33.622781 ], [ -80.535148, 33.624466 ], [ -80.54036, 33.628022 ], [ -80.540514, 33.629032 ], [ -80.53981, 33.631916 ], [ -80.538961, 33.632451 ], [ -80.532596, 33.633543 ], [ -80.529248, 33.634709 ], [ -80.528309, 33.636722 ], [ -80.528775, 33.639141 ], [ -80.530008, 33.641126 ], [ -80.531368, 33.642373 ], [ -80.534085, 33.643911 ], [ -80.538507, 33.64592 ], [ -80.545955, 33.648754 ], [ -80.548457, 33.650413 ], [ -80.551177, 33.652973 ], [ -80.553688, 33.65654 ], [ -80.553939, 33.661176 ], [ -80.555903, 33.662424 ], [ -80.562475, 33.662997 ], [ -80.565548, 33.664732 ], [ -80.565379, 33.666075 ], [ -80.560512, 33.671538 ], [ -80.560213, 33.67409 ], [ -80.56136, 33.677217 ], [ -80.562359, 33.678395 ], [ -80.565209, 33.679712 ], [ -80.568227, 33.679854 ], [ -80.574112, 33.678994 ], [ -80.578819, 33.679543 ], [ -80.585126, 33.681708 ], [ -80.59026, 33.684844 ], [ -80.592479, 33.690458 ], [ -80.593435, 33.692207 ], [ -80.595538, 33.693686 ], [ -80.596598, 33.695036 ], [ -80.595459, 33.69688 ], [ -80.592582, 33.698989 ], [ -80.592495, 33.70077 ], [ -80.593092, 33.701947 ], [ -80.594136, 33.70242 ], [ -80.59913, 33.70233 ], [ -80.601625, 33.702671 ], [ -80.604394, 33.704323 ], [ -80.605222, 33.707146 ], [ -80.607627, 33.709066 ], [ -80.613335, 33.710858 ], [ -80.615264, 33.711835 ], [ -80.616303, 33.712981 ], [ -80.616739, 33.71409 ], [ -80.616153, 33.71775 ], [ -80.616465, 33.719497 ], [ -80.618263, 33.721919 ], [ -80.62139, 33.724378 ], [ -80.624809, 33.728561 ], [ -80.627554, 33.730996 ], [ -80.624752, 33.732924 ], [ -80.624472, 33.734562 ], [ -80.625819, 33.73566 ], [ -80.628089, 33.736263 ], [ -80.629657, 33.737391 ], [ -80.629638, 33.73892 ], [ -80.628762, 33.740178 ], [ -80.621095, 33.742024 ], [ -80.620107, 33.743237 ], [ -80.620889, 33.744978 ], [ -80.622752, 33.745647 ], [ -80.630617, 33.743567 ], [ -80.632785, 33.743667 ], [ -80.637912, 33.746086 ], [ -80.640412, 33.747548 ], [ -80.640011, 33.74994 ], [ -80.640568, 33.751549 ], [ -80.641731, 33.752269 ], [ -80.645798, 33.753196 ], [ -80.647265, 33.754203 ], [ -80.649538, 33.757748 ], [ -80.656399, 33.761398 ], [ -80.656806, 33.763599 ], [ -80.656258, 33.765721 ], [ -80.652771, 33.768305 ], [ -80.65174, 33.769976 ], [ -80.652864, 33.772552 ], [ -80.65468, 33.773508 ], [ -80.659051, 33.772986 ], [ -80.66237, 33.771463 ], [ -80.666292, 33.768352 ], [ -80.671791, 33.766475 ], [ -80.672936, 33.764879 ], [ -80.673204, 33.763213 ], [ -80.675103, 33.761983 ], [ -80.677537, 33.76298 ], [ -80.679218, 33.762513 ], [ -80.680372, 33.760973 ], [ -80.686592, 33.755993 ], [ -80.687616, 33.756833 ], [ -80.686102, 33.758738 ], [ -80.685983, 33.760642 ], [ -80.687399, 33.761092 ], [ -80.688368, 33.760483 ], [ -80.689968, 33.757238 ], [ -80.691687, 33.756837 ], [ -80.696572, 33.756514 ], [ -80.699713, 33.756983 ], [ -80.703274, 33.759094 ], [ -80.705386, 33.759795 ], [ -80.705959, 33.761507 ], [ -80.70394, 33.76468 ], [ -80.704386, 33.766486 ], [ -80.705334, 33.767379 ], [ -80.708839, 33.769432 ], [ -80.710653, 33.770952 ], [ -80.712336, 33.771233 ], [ -80.713722, 33.770256 ], [ -80.713156, 33.76865 ], [ -80.713307, 33.766022 ], [ -80.714402, 33.76164 ], [ -80.715368, 33.760485 ], [ -80.717559, 33.760832 ], [ -80.721407, 33.764037 ], [ -80.722537, 33.767346 ], [ -80.725017, 33.76848 ], [ -80.726847, 33.768282 ], [ -80.727658, 33.767406 ], [ -80.727315, 33.764779 ], [ -80.728004, 33.761819 ], [ -80.730005, 33.760389 ], [ -80.733859, 33.759978 ], [ -80.737377, 33.756617 ], [ -80.738464, 33.756391 ], [ -80.739555, 33.756883 ], [ -80.740457, 33.759091 ], [ -80.738375, 33.762667 ], [ -80.735901, 33.765495 ], [ -80.736335, 33.767422 ], [ -80.739224, 33.767925 ], [ -80.740684, 33.768842 ], [ -80.741587, 33.773858 ], [ -80.743282, 33.77561 ], [ -80.745034, 33.776426 ], [ -80.747975, 33.775808 ], [ -80.751197, 33.772012 ], [ -80.751574, 33.770564 ], [ -80.748568, 33.768958 ], [ -80.747786, 33.766026 ], [ -80.74486, 33.764014 ], [ -80.744999, 33.76291 ], [ -80.747337, 33.761742 ], [ -80.749811, 33.764604 ], [ -80.754517, 33.763996 ], [ -80.756185, 33.764819 ], [ -80.756265, 33.768109 ], [ -80.757513, 33.773082 ], [ -80.758218, 33.773931 ], [ -80.759731, 33.773997 ], [ -80.763009, 33.771023 ], [ -80.766337, 33.766821 ], [ -80.767835, 33.767146 ], [ -80.768192, 33.768732 ], [ -80.767947, 33.771364 ], [ -80.76913, 33.771925 ], [ -80.77177, 33.7719 ], [ -80.772828, 33.771011 ], [ -80.777642, 33.764682 ], [ -80.779348, 33.761714 ], [ -80.782206, 33.760711 ], [ -80.78486, 33.761008 ], [ -80.786144, 33.762722 ], [ -80.783006, 33.765164 ], [ -80.78206, 33.767246 ], [ -80.782968, 33.768899 ], [ -80.78609, 33.769692 ], [ -80.793354, 33.769525 ], [ -80.797889, 33.7707 ], [ -80.80137, 33.773126 ], [ -80.804002, 33.773891 ], [ -80.807591, 33.774211 ], [ -80.808237, 33.774963 ], [ -80.809536, 33.778476 ], [ -80.811249, 33.77975 ], [ -80.81569, 33.781069 ], [ -80.817504, 33.779761 ], [ -80.819163, 33.776276 ], [ -80.821903, 33.774386 ], [ -80.82504, 33.77471 ], [ -80.827989, 33.776206 ], [ -80.829259, 33.778193 ], [ -80.828549, 33.779128 ], [ -80.826125, 33.780193 ], [ -80.824451, 33.78179 ], [ -80.82257, 33.784567 ], [ -80.822054, 33.786315 ], [ -80.822545, 33.787003 ], [ -80.82474, 33.786861 ], [ -80.827948, 33.785256 ], [ -80.829581, 33.784909 ], [ -80.833464, 33.785508 ], [ -80.834817, 33.787388 ], [ -80.834959, 33.790551 ], [ -80.835962, 33.792743 ], [ -80.837472, 33.793906 ], [ -80.845202, 33.79599 ], [ -80.852462, 33.799595 ], [ -80.857829, 33.801574 ], [ -80.859568, 33.801814 ], [ -80.86346, 33.801638 ], [ -80.865759, 33.802719 ], [ -80.86649, 33.804648 ], [ -80.866547, 33.807366 ], [ -80.867659, 33.810056 ], [ -80.869712, 33.812391 ], [ -80.872575, 33.814451 ], [ -80.874812, 33.815488 ], [ -80.879813, 33.81562 ], [ -80.882194, 33.815076 ], [ -80.885026, 33.813398 ], [ -80.890831, 33.810775 ], [ -80.893223, 33.809925 ], [ -80.898535, 33.808767 ], [ -80.905919, 33.809708 ], [ -80.915558, 33.811419 ], [ -80.91731, 33.813735 ], [ -80.916962, 33.820984 ], [ -80.91598, 33.824915 ], [ -80.91274, 33.828036 ], [ -80.911733, 33.829878 ], [ -80.911839, 33.83129 ], [ -80.913103, 33.832934 ], [ -80.915319, 33.833921 ], [ -80.920493, 33.834851 ], [ -80.923134, 33.833001 ], [ -80.923026, 33.828879 ], [ -80.924263, 33.827409 ], [ -80.926355, 33.826572 ], [ -80.929178, 33.826369 ], [ -80.931203, 33.826984 ], [ -80.933554, 33.826423 ], [ -80.936192, 33.826387 ], [ -80.940584, 33.828482 ], [ -80.943223, 33.83135 ], [ -80.944048, 33.833854 ], [ -80.947048, 33.837386 ], [ -80.950825, 33.840895 ], [ -80.953744, 33.8427 ], [ -80.959437, 33.844584 ], [ -80.965945, 33.847848 ], [ -80.968847, 33.847005 ], [ -80.972993, 33.846993 ], [ -80.97776, 33.848521 ], [ -80.985706, 33.84873 ], [ -80.988276, 33.8498 ], [ -80.989965, 33.85168 ], [ -80.989595, 33.852693 ], [ -80.987428, 33.854047 ], [ -80.985926, 33.855644 ], [ -80.986217, 33.857464 ], [ -80.993176, 33.858644 ], [ -80.999784, 33.860602 ], [ -81.00113, 33.861442 ], [ -81.002081, 33.863056 ], [ -81.000848, 33.864958 ], [ -80.998301, 33.866956 ], [ -80.996722, 33.870774 ], [ -80.996574, 33.873808 ], [ -80.998169, 33.876791 ], [ -81.000168, 33.878439 ], [ -81.01233, 33.88008 ], [ -81.034089, 33.872241 ], [ -81.034867, 33.871961 ], [ -81.037903, 33.870868 ], [ -81.039188, 33.866674 ], [ -81.039964, 33.862431 ], [ -81.041603, 33.858843 ], [ -81.038779, 33.848355 ], [ -81.038213, 33.846236 ], [ -81.038353, 33.844314 ], [ -81.046151, 33.804262 ], [ -81.046283, 33.798346 ], [ -81.046161, 33.797406 ], [ -81.047516, 33.789425 ], [ -81.054124, 33.778538 ], [ -81.059214, 33.770811 ], [ -81.059299, 33.76536 ], [ -81.060494, 33.762545 ] ] ] ] } },
{ "type": "Feature", "properties": { "STATEFP": "45", "COUNTYFP": "029", "COUNTYNS": "01247991", "GEOIDFQ": "0500000US45029", "GEOID": "45029", "NAME": "Colleton", "NAMELSAD": "Colleton County", "STUSPS": "SC", "STATE_NAME": "South Carolina", "LSAD": "06", "ALAND": 2736286772.0, "AWATER": 197740350.0, "STATE_NAME_HYPHEN": "South-Carolina" }, "geometry": { "type": "MultiPolygon", "coordinates": [ [ [ [ -81.07978, 33.024731 ], [ -81.080524, 33.023356 ], [ -81.07899, 33.022444 ], [ -81.078559, 33.021174 ], [ -81.075831, 33.019519 ], [ -81.074819, 33.019783 ], [ -81.072208, 33.017237 ], [ -81.070752, 33.017281 ], [ -81.06944, 33.014972 ], [ -81.066986, 33.01396 ], [ -81.064656, 33.013614 ], [ -81.064539, 33.011167 ], [ -81.063677, 33.010798 ], [ -81.063553, 33.006971 ], [ -81.061374, 33.004673 ], [ -81.058874, 33.003628 ], [ -81.057967, 33.002677 ], [ -81.055546, 33.001885 ], [ -81.054261, 32.999551 ], [ -81.055449, 32.998061 ], [ -81.05481, 32.995603 ], [ -81.055501, 32.994294 ], [ -81.054414, 32.992311 ], [ -81.053164, 32.992385 ], [ -81.053258, 32.989564 ], [ -81.048247, 32.987074 ], [ -81.047581, 32.98621 ], [ -81.044534, 32.985622 ], [ -81.041181, 32.983257 ], [ -81.04079, 32.981893 ], [ -81.039831, 32.982179 ], [ -81.03734, 32.979149 ], [ -81.03263, 32.976294 ], [ -81.031985, 32.975139 ], [ -81.02963, 32.973912 ], [ -81.029624, 32.97207 ], [ -81.028685, 32.971773 ], [ -81.028073, 32.968462 ], [ -81.027024, 32.966504 ], [ -81.025406, 32.966097 ], [ -81.023372, 32.964672 ], [ -81.020593, 32.963962 ], [ -81.020894, 32.96195 ], [ -81.019955, 32.961169 ], [ -81.019048, 32.958781 ], [ -81.015249, 32.956768 ], [ -81.015204, 32.955893 ], [ -81.013461, 32.954841 ], [ -81.014038, 32.951186 ], [ -81.012762, 32.947843 ], [ -81.009894, 32.944762 ], [ -81.009558, 32.940132 ], [ -81.006762, 32.937106 ], [ -81.004416, 32.935544 ], [ -81.004038, 32.934592 ], [ -81.001698, 32.93392 ], [ -81.001405, 32.932969 ], [ -80.999343, 32.931247 ], [ -81.00028, 32.928437 ], [ -80.997763, 32.927338 ], [ -80.99709, 32.92625 ], [ -80.99669, 32.922769 ], [ -80.994355, 32.920175 ], [ -80.995032, 32.919399 ], [ -80.994718, 32.917459 ], [ -80.990813, 32.914689 ], [ -80.989969, 32.913378 ], [ -80.990009, 32.911028 ], [ -80.989491, 32.9064 ], [ -80.988641, 32.903313 ], [ -80.987205, 32.90107 ], [ -80.982159, 32.899329 ], [ -80.981116, 32.898614 ], [ -80.976507, 32.897225 ], [ -80.973188, 32.893261 ], [ -80.970808, 32.890996 ], [ -80.968475, 32.890573 ], [ -80.966212, 32.8881 ], [ -80.965834, 32.886587 ], [ -80.961981, 32.883817 ], [ -80.961961, 32.882024 ], [ -80.960905, 32.879814 ], [ -80.959667, 32.878984 ], [ -80.958832, 32.87668 ], [ -80.957678, 32.876119 ], [ -80.949331, 32.875071 ], [ -80.946815, 32.876319 ], [ -80.945538, 32.876357 ], [ -80.942149, 32.872558 ], [ -80.939367, 32.87021 ], [ -80.938891, 32.867923 ], [ -80.937849, 32.86706 ], [ -80.933027, 32.866031 ], [ -80.931157, 32.864904 ], [ -80.930799, 32.863733 ], [ -80.928584, 32.862033 ], [ -80.928845, 32.860373 ], [ -80.928083, 32.858157 ], [ -80.925112, 32.85698 ], [ -80.923646, 32.857232 ], [ -80.919327, 32.853205 ], [ -80.917425, 32.852343 ], [ -80.91652, 32.850842 ], [ -80.916475, 32.848521 ], [ -80.914597, 32.844518 ], [ -80.91092, 32.844044 ], [ -80.909103, 32.842295 ], [ -80.908635, 32.83998 ], [ -80.904408, 32.837411 ], [ -80.902827, 32.834485 ], [ -80.900059, 32.832632 ], [ -80.899437, 32.825202 ], [ -80.897074, 32.823046 ], [ -80.897511, 32.821963 ], [ -80.896328, 32.818157 ], [ -80.896869, 32.816541 ], [ -80.895743, 32.81527 ], [ -80.895778, 32.810585 ], [ -80.893975, 32.808599 ], [ -80.89214, 32.805701 ], [ -80.889849, 32.803627 ], [ -80.88638, 32.801509 ], [ -80.886042, 32.8002 ], [ -80.883257, 32.798213 ], [ -80.883583, 32.797317 ], [ -80.882288, 32.795821 ], [ -80.882061, 32.794397 ], [ -80.879947, 32.792059 ], [ -80.879165, 32.790641 ], [ -80.877651, 32.790448 ], [ -80.876405, 32.788545 ], [ -80.87344, 32.787308 ], [ -80.873357, 32.784536 ], [ -80.871186, 32.783667 ], [ -80.871674, 32.782384 ], [ -80.870317, 32.782178 ], [ -80.869367, 32.78085 ], [ -80.869202, 32.777046 ], [ -80.867792, 32.777459 ], [ -80.866191, 32.775581 ], [ -80.867275, 32.774389 ], [ -80.865484, 32.773107 ], [ -80.865971, 32.76944 ], [ -80.862932, 32.765845 ], [ -80.862199, 32.764173 ], [ -80.863607, 32.761423 ], [ -80.860786, 32.759476 ], [ -80.860975, 32.75746 ], [ -80.859808, 32.755947 ], [ -80.859725, 32.752578 ], [ -80.858585, 32.751434 ], [ -80.856687, 32.751137 ], [ -80.856445, 32.748119 ], [ -80.854123, 32.748667 ], [ -80.85285, 32.744938 ], [ -80.851274, 32.742408 ], [ -80.852017, 32.740543 ], [ -80.851017, 32.736662 ], [ -80.849284, 32.735092 ], [ -80.84991, 32.732462 ], [ -80.848527, 32.730264 ], [ -80.847505, 32.72813 ], [ -80.848516, 32.726101 ], [ -80.847242, 32.725296 ], [ -80.847051, 32.72406 ], [ -80.844962, 32.723286 ], [ -80.84562, 32.720838 ], [ -80.845164, 32.72011 ], [ -80.842486, 32.7197 ], [ -80.840736, 32.718334 ], [ -80.840142, 32.716596 ], [ -80.83807, 32.715297 ], [ -80.83525, 32.714494 ], [ -80.835003, 32.711823 ], [ -80.832476, 32.711537 ], [ -80.828735, 32.708836 ], [ -80.827066, 32.706812 ], [ -80.826669, 32.706278 ], [ -80.826309, 32.704321 ], [ -80.824501, 32.702766 ], [ -80.824188, 32.700703 ], [ -80.825294, 32.700027 ], [ -80.824425, 32.699276 ], [ -80.821564, 32.698929 ], [ -80.822731, 32.696896 ], [ -80.820938, 32.696236 ], [ -80.820755, 32.697403 ], [ -80.818192, 32.698483 ], [ -80.816666, 32.696251 ], [ -80.813009, 32.695033 ], [ -80.8128, 32.69713 ], [ -80.811356, 32.697426 ], [ -80.810638, 32.696838 ], [ -80.809998, 32.694332 ], [ -80.807724, 32.694637 ], [ -80.80735, 32.693954 ], [ -80.809235, 32.69268 ], [ -80.809153, 32.691308 ], [ -80.807877, 32.689438 ], [ -80.805908, 32.689304 ], [ -80.804214, 32.691345 ], [ -80.802505, 32.690907 ], [ -80.800026, 32.686855 ], [ -80.799065, 32.68668 ], [ -80.797447, 32.6884 ], [ -80.796562, 32.68837 ], [ -80.794695, 32.68617 ], [ -80.79245, 32.687969 ], [ -80.790688, 32.686884 ], [ -80.792206, 32.685619 ], [ -80.790247, 32.684914 ], [ -80.789215, 32.685757 ], [ -80.788811, 32.687775 ], [ -80.787483, 32.688221 ], [ -80.786377, 32.687466 ], [ -80.78684, 32.684633 ], [ -80.788841, 32.683594 ], [ -80.787256, 32.682484 ], [ -80.784904, 32.684097 ], [ -80.783821, 32.684025 ], [ -80.7826, 32.681751 ], [ -80.781258, 32.681786 ], [ -80.780441, 32.682674 ], [ -80.780861, 32.685635 ], [ -80.780121, 32.686787 ], [ -80.778305, 32.68692 ], [ -80.776894, 32.686047 ], [ -80.776184, 32.684582 ], [ -80.776489, 32.683201 ], [ -80.778191, 32.681805 ], [ -80.777817, 32.680733 ], [ -80.774254, 32.678635 ], [ -80.772659, 32.676239 ], [ -80.771232, 32.676927 ], [ -80.769615, 32.680683 ], [ -80.768631, 32.681477 ], [ -80.767197, 32.681145 ], [ -80.76595, 32.679425 ], [ -80.767799, 32.677731 ], [ -80.767784, 32.676556 ], [ -80.765622, 32.675267 ], [ -80.763252, 32.675369 ], [ -80.761683, 32.676573 ], [ -80.760872, 32.678562 ], [ -80.759727, 32.679558 ], [ -80.758286, 32.679398 ], [ -80.754944, 32.675555 ], [ -80.753173, 32.674377 ], [ -80.750229, 32.674133 ], [ -80.747116, 32.674637 ], [ -80.744888, 32.674229 ], [ -80.743027, 32.676418 ], [ -80.740593, 32.678253 ], [ -80.739243, 32.682304 ], [ -80.736176, 32.682102 ], [ -80.733406, 32.680801 ], [ -80.731995, 32.679581 ], [ -80.73059, 32.674788 ], [ -80.728534, 32.673663 ], [ -80.72617, 32.674929 ], [ -80.725815, 32.676888 ], [ -80.724821, 32.678307 ], [ -80.721619, 32.680244 ], [ -80.718353, 32.679501 ], [ -80.716935, 32.67727 ], [ -80.716811, 32.674163 ], [ -80.715575, 32.673152 ], [ -80.712627, 32.672851 ], [ -80.708496, 32.673592 ], [ -80.706497, 32.673244 ], [ -80.705216, 32.669651 ], [ -80.705732, 32.667861 ], [ -80.705117, 32.665339 ], [ -80.703327, 32.664586 ], [ -80.699516, 32.665474 ], [ -80.69251, 32.666524 ], [ -80.690041, 32.667269 ], [ -80.688054, 32.670513 ], [ -80.685875, 32.672806 ], [ -80.680092, 32.672783 ], [ -80.674385, 32.672409 ], [ -80.67115, 32.671642 ], [ -80.669456, 32.670025 ], [ -80.668144, 32.667492 ], [ -80.66774, 32.665535 ], [ -80.668854, 32.663574 ], [ -80.671059, 32.661636 ], [ -80.675346, 32.661846 ], [ -80.680527, 32.662846 ], [ -80.682907, 32.661434 ], [ -80.684341, 32.659 ], [ -80.684853, 32.656097 ], [ -80.684494, 32.654613 ], [ -80.683135, 32.652383 ], [ -80.681618, 32.647083 ], [ -80.680061, 32.643913 ], [ -80.67823, 32.642666 ], [ -80.676277, 32.642494 ], [ -80.666448, 32.645704 ], [ -80.664047, 32.64566 ], [ -80.660693, 32.64328 ], [ -80.658483, 32.639404 ], [ -80.658123, 32.637614 ], [ -80.658638, 32.635115 ], [ -80.660667, 32.633864 ], [ -80.671534, 32.633957 ], [ -80.673961, 32.632908 ], [ -80.675313, 32.631454 ], [ -80.675868, 32.629124 ], [ -80.675147, 32.625182 ], [ -80.672987, 32.622997 ], [ -80.669961, 32.622465 ], [ -80.668463, 32.622831 ], [ -80.66464, 32.625182 ], [ -80.661896, 32.627176 ], [ -80.659747, 32.628123 ], [ -80.657272, 32.628521 ], [ -80.654396, 32.626877 ], [ -80.653833, 32.625183 ], [ -80.655149, 32.62217 ], [ -80.659449, 32.61801 ], [ -80.660655, 32.615141 ], [ -80.659751, 32.612683 ], [ -80.65136, 32.600838 ], [ -80.647828, 32.596371 ], [ -80.644263, 32.594422 ], [ -80.63377, 32.592648 ], [ -80.630837, 32.591725 ], [ -80.629624, 32.590703 ], [ -80.627375, 32.584087 ], [ -80.625361, 32.582341 ], [ -80.620881, 32.5812 ], [ -80.618673, 32.582239 ], [ -80.611662, 32.589871 ], [ -80.609914, 32.590029 ], [ -80.60723, 32.589156 ], [ -80.603224, 32.581775 ], [ -80.599788, 32.581047 ], [ -80.595794, 32.582379 ], [ -80.59115, 32.584964 ], [ -80.586358, 32.586172 ], [ -80.582526, 32.585583 ], [ -80.579835, 32.584273 ], [ -80.575952, 32.581062 ], [ -80.576166, 32.577761 ], [ -80.583589, 32.570731 ], [ -80.584206, 32.567728 ], [ -80.582823, 32.566199 ], [ -80.576555, 32.56507 ], [ -80.567312, 32.566438 ], [ -80.565224, 32.565488 ], [ -80.564596, 32.563848 ], [ -80.568433, 32.556564 ], [ -80.568443, 32.552964 ], [ -80.566016, 32.550943 ], [ -80.562437, 32.550957 ], [ -80.560521, 32.552665 ], [ -80.558939, 32.555209 ], [ -80.558936, 32.561265 ], [ -80.5574, 32.566197 ], [ -80.554106, 32.566577 ], [ -80.551504, 32.565769 ], [ -80.547669, 32.556702 ], [ -80.54109, 32.545482 ], [ -80.540527, 32.5431 ], [ -80.536483, 32.529224 ], [ -80.529719, 32.522751 ], [ -80.51776, 32.519136 ], [ -80.51408, 32.513897 ], [ -80.507975, 32.505207 ], [ -80.506002, 32.502431 ], [ -80.506153, 32.500185 ], [ -80.504616, 32.496947 ], [ -80.502944, 32.495652 ], [ -80.493265, 32.491215 ], [ -80.489334, 32.489569 ], [ -80.486441, 32.487895 ], [ -80.480672, 32.486846 ], [ -80.4770408, 32.485446 ], [ -80.472068, 32.496964 ], [ -80.463088, 32.497808 ], [ -80.457621, 32.499512 ], [ -80.45465, 32.503521 ], [ -80.447876, 32.503521 ], [ -80.444073, 32.504924 ], [ -80.439407, 32.503472 ], [ -80.430918, 32.500906 ], [ -80.425891, 32.496705 ], [ -80.421563, 32.494835 ], [ -80.4205045, 32.4929297 ], [ -80.418599, 32.4895 ], [ -80.418371, 32.482419 ], [ -80.419117, 32.478963 ], [ -80.417896, 32.476076 ], [ -80.415943, 32.472074 ], [ -80.413487, 32.470672 ], [ -80.392561, 32.475332 ], [ -80.389635, 32.477107 ], [ -80.389407, 32.479263 ], [ -80.387743, 32.482973 ], [ -80.380716, 32.486359 ], [ -80.375978, 32.487985 ], [ -80.373591, 32.487224 ], [ -80.37063, 32.487584 ], [ -80.369049, 32.491777 ], [ -80.362523, 32.495627 ], [ -80.36041, 32.499813 ], [ -80.3544746, 32.4975056 ], [ -80.3469396, 32.4945764 ], [ -80.346743, 32.4945 ], [ -80.3451679, 32.4917867 ], [ -80.344695, 32.490972 ], [ -80.341871, 32.483775 ], [ -80.338354, 32.47873 ], [ -80.332438, 32.478104 ], [ -80.3001973, 32.5004495 ], [ -80.2992293, 32.5011204 ], [ -80.2961194, 32.5032758 ], [ -80.295503, 32.503703 ], [ -80.277361, 32.518016 ], [ -80.261467, 32.528008 ], [ -80.254083799999989, 32.5322892 ], [ -80.256242, 32.531727 ], [ -80.256489, 32.533782 ], [ -80.255734, 32.536216 ], [ -80.256361, 32.536793 ], [ -80.260518, 32.536855 ], [ -80.260152, 32.533194 ], [ -80.261289, 32.532566 ], [ -80.263368, 32.533375 ], [ -80.264753, 32.53301 ], [ -80.265612, 32.531214 ], [ -80.264544, 32.529275 ], [ -80.265127, 32.528431 ], [ -80.268996, 32.526809 ], [ -80.271642, 32.528415 ], [ -80.271845, 32.526281 ], [ -80.27403, 32.5255 ], [ -80.274848, 32.524461 ], [ -80.277109, 32.524711 ], [ -80.27726, 32.523825 ], [ -80.279711, 32.524627 ], [ -80.28509, 32.529954 ], [ -80.287048, 32.528738 ], [ -80.291797, 32.526722 ], [ -80.299842, 32.521168 ], [ -80.311471, 32.51378 ], [ -80.319134, 32.511085 ], [ -80.320578, 32.513254 ], [ -80.319945, 32.516553 ], [ -80.319137, 32.516381 ], [ -80.319005, 32.518798 ], [ -80.31827, 32.520013 ], [ -80.320208, 32.51972 ], [ -80.321, 32.523059 ], [ -80.32338, 32.524097 ], [ -80.327164, 32.524389 ], [ -80.329589, 32.522961 ], [ -80.331115, 32.522836 ], [ -80.33349, 32.524382 ], [ -80.334473, 32.526369 ], [ -80.335411, 32.526585 ], [ -80.337287, 32.526133 ], [ -80.335944, 32.523962 ], [ -80.338136, 32.524099 ], [ -80.339022, 32.523062 ], [ -80.342273, 32.523833 ], [ -80.344164, 32.523333 ], [ -80.345827, 32.525627 ], [ -80.348547, 32.525255 ], [ -80.349074, 32.524098 ], [ -80.347934, 32.522772 ], [ -80.347995, 32.521351 ], [ -80.349582, 32.520041 ], [ -80.350027, 32.518778 ], [ -80.349139, 32.518158 ], [ -80.344144, 32.517745 ], [ -80.342263, 32.516856 ], [ -80.339894, 32.514682 ], [ -80.336185, 32.514205 ], [ -80.333024, 32.5125 ], [ -80.33179, 32.510759 ], [ -80.330303, 32.506578 ], [ -80.326196, 32.505011 ], [ -80.324231, 32.502869 ], [ -80.324015, 32.500167 ], [ -80.32645, 32.493788 ], [ -80.327086, 32.493336 ], [ -80.335401, 32.492846 ], [ -80.338459, 32.493894 ], [ -80.343921, 32.496878 ], [ -80.345004, 32.497013 ], [ -80.350599, 32.498696 ], [ -80.352823, 32.500187 ], [ -80.35385, 32.502807 ], [ -80.361074, 32.50968 ], [ -80.37137, 32.523447 ], [ -80.380049, 32.531762 ], [ -80.383992, 32.534153 ], [ -80.387804, 32.535734 ], [ -80.393258, 32.537033 ], [ -80.406392, 32.540818 ], [ -80.409289, 32.542379 ], [ -80.414877, 32.54648 ], [ -80.415332, 32.547935 ], [ -80.415282, 32.551966 ], [ -80.414308, 32.554374 ], [ -80.412299, 32.556861 ], [ -80.409638, 32.558697 ], [ -80.406274, 32.559877 ], [ -80.401396, 32.560132 ], [ -80.398452, 32.560623 ], [ -80.395711, 32.561695 ], [ -80.392805, 32.564163 ], [ -80.390748, 32.568643 ], [ -80.38969, 32.571887 ], [ -80.389493, 32.575227 ], [ -80.391147, 32.579488 ], [ -80.393745, 32.583473 ], [ -80.39584, 32.587224 ], [ -80.397109, 32.590419 ], [ -80.3972, 32.591862 ], [ -80.396876, 32.593915 ], [ -80.395461, 32.598171 ], [ -80.393375, 32.601482 ], [ -80.390613, 32.605314 ], [ -80.388108, 32.609409 ], [ -80.387052, 32.612812 ], [ -80.387191, 32.615129 ], [ -80.388005, 32.616838 ], [ -80.389951, 32.618684 ], [ -80.39157, 32.619355 ], [ -80.394423, 32.619607 ], [ -80.399136, 32.618255 ], [ -80.403233, 32.616805 ], [ -80.410761, 32.611203 ], [ -80.416246, 32.605711 ], [ -80.418428, 32.604296 ], [ -80.420408, 32.604205 ], [ -80.422671, 32.605366 ], [ -80.424667, 32.608131 ], [ -80.425992, 32.611492 ], [ -80.428045, 32.622455 ], [ -80.428035, 32.623863 ], [ -80.4271, 32.62558 ], [ -80.425338, 32.626667 ], [ -80.422654, 32.627359 ], [ -80.420066, 32.627425 ], [ -80.411349, 32.626585 ], [ -80.407545, 32.62708 ], [ -80.405507, 32.628893 ], [ -80.403904, 32.634741 ], [ -80.402359, 32.639521 ], [ -80.399209, 32.643326 ], [ -80.39583, 32.645965 ], [ -80.391453, 32.647175 ], [ -80.390494, 32.648214 ], [ -80.389009, 32.652283 ], [ -80.389269, 32.652957 ], [ -80.389669, 32.653993 ], [ -80.391341, 32.655234 ], [ -80.393301, 32.655244 ], [ -80.400998, 32.651963 ], [ -80.402848, 32.651688 ], [ -80.404915, 32.652409 ], [ -80.408334, 32.656394 ], [ -80.41507, 32.662673 ], [ -80.416645, 32.665681 ], [ -80.418312, 32.66768 ], [ -80.420913, 32.670059 ], [ -80.421423, 32.671677 ], [ -80.42096, 32.673951 ], [ -80.418314, 32.677556 ], [ -80.417927, 32.678508 ], [ -80.417874, 32.680688 ], [ -80.419686, 32.683935 ], [ -80.422502, 32.686385 ], [ -80.422657, 32.688471 ], [ -80.421979, 32.689179 ], [ -80.417874, 32.691388 ], [ -80.416124, 32.693323 ], [ -80.415891, 32.694745 ], [ -80.417635, 32.699801 ], [ -80.419247, 32.702726 ], [ -80.421715, 32.705836 ], [ -80.423448, 32.710216 ], [ -80.422538, 32.712554 ], [ -80.422777, 32.714593 ], [ -80.424396, 32.715644 ], [ -80.426088, 32.715886 ], [ -80.428055, 32.71516 ], [ -80.429414, 32.713081 ], [ -80.430821, 32.712163 ], [ -80.434295, 32.71225 ], [ -80.435411, 32.713132 ], [ -80.435593, 32.715195 ], [ -80.435139, 32.716142 ], [ -80.431909, 32.717264 ], [ -80.430326, 32.718379 ], [ -80.42964, 32.719756 ], [ -80.429557, 32.720391 ], [ -80.431281, 32.722582 ], [ -80.43491, 32.723699 ], [ -80.436984, 32.724692 ], [ -80.442466, 32.726614 ], [ -80.44574, 32.727435 ], [ -80.447149, 32.728384 ], [ -80.448581, 32.730825 ], [ -80.448789, 32.733481 ], [ -80.45324, 32.739063 ], [ -80.453553, 32.740501 ], [ -80.452082, 32.742932 ], [ -80.449114, 32.745681 ], [ -80.447937, 32.748439 ], [ -80.449477, 32.752879 ], [ -80.449581, 32.757247 ], [ -80.447492, 32.762709 ], [ -80.446145, 32.764867 ], [ -80.445218, 32.765345 ], [ -80.440722, 32.765047 ], [ -80.439306, 32.765882 ], [ -80.436575, 32.770222 ], [ -80.438502, 32.771279 ], [ -80.438478, 32.772741 ], [ -80.435855, 32.774353 ], [ -80.432929, 32.778479 ], [ -80.431909, 32.78169 ], [ -80.432232, 32.783259 ], [ -80.43374, 32.785396 ], [ -80.435959, 32.787737 ], [ -80.435813, 32.788194 ], [ -80.432711, 32.789973 ], [ -80.430989, 32.791613 ], [ -80.430553, 32.792817 ], [ -80.427012, 32.796046 ], [ -80.42616, 32.797934 ], [ -80.42108, 32.798383 ], [ -80.418294, 32.802475 ], [ -80.418277, 32.805144 ], [ -80.416837, 32.80512 ], [ -80.415756, 32.802395 ], [ -80.414752, 32.802562 ], [ -80.415117, 32.805298 ], [ -80.414091, 32.808837 ], [ -80.411711, 32.808881 ], [ -80.412508, 32.806824 ], [ -80.411054, 32.806011 ], [ -80.409921, 32.806538 ], [ -80.411183, 32.809001 ], [ -80.40775, 32.810838 ], [ -80.405409, 32.814966 ], [ -80.405125, 32.816583 ], [ -80.404016, 32.818637 ], [ -80.404404, 32.822604 ], [ -80.403336, 32.824941 ], [ -80.400278, 32.828327 ], [ -80.398898, 32.831825 ], [ -80.399298, 32.835468 ], [ -80.397367, 32.83674 ], [ -80.396407, 32.838052 ], [ -80.395724, 32.840254 ], [ -80.397169, 32.841987 ], [ -80.396698, 32.842822 ], [ -80.394137, 32.844502 ], [ -80.394332, 32.845495 ], [ -80.396211, 32.845948 ], [ -80.397713, 32.845306 ], [ -80.39943, 32.845742 ], [ -80.399487, 32.84764 ], [ -80.400746, 32.850946 ], [ -80.401358, 32.856664 ], [ -80.401322, 32.858532 ], [ -80.399303, 32.864449 ], [ -80.399896, 32.864823 ], [ -80.402631, 32.865873 ], [ -80.403262, 32.869644 ], [ -80.4028, 32.870759 ], [ -80.401875, 32.871682 ], [ -80.400209, 32.872475 ], [ -80.399231, 32.873212 ], [ -80.398865, 32.877785 ], [ -80.396173, 32.879424 ], [ -80.394433, 32.879682 ], [ -80.394253, 32.880591 ], [ -80.396245, 32.881976 ], [ -80.396204, 32.883049 ], [ -80.393382, 32.882669 ], [ -80.39379, 32.884143 ], [ -80.393291, 32.885281 ], [ -80.391841, 32.885317 ], [ -80.389436, 32.884556 ], [ -80.387277, 32.884578 ], [ -80.385344, 32.886119 ], [ -80.387176, 32.888373 ], [ -80.389489, 32.888534 ], [ -80.389526, 32.890431 ], [ -80.39116, 32.89211 ], [ -80.393081, 32.892332 ], [ -80.391482, 32.894605 ], [ -80.392894, 32.895957 ], [ -80.392922, 32.894146 ], [ -80.397457, 32.893852 ], [ -80.397593, 32.894332 ], [ -80.395256, 32.897126 ], [ -80.396749, 32.898891 ], [ -80.397264, 32.90077 ], [ -80.399002, 32.901091 ], [ -80.401229, 32.900336 ], [ -80.399898, 32.90226 ], [ -80.400006, 32.9032 ], [ -80.401798, 32.904483 ], [ -80.402095, 32.907736 ], [ -80.402902, 32.908741 ], [ -80.406447, 32.910229 ], [ -80.405645, 32.914535 ], [ -80.401708, 32.917375 ], [ -80.400267, 32.92072 ], [ -80.400026, 32.923242 ], [ -80.398356, 32.926899 ], [ -80.399294, 32.930678 ], [ -80.400633, 32.933296 ], [ -80.399408, 32.934505 ], [ -80.399405, 32.936039 ], [ -80.400619, 32.937783 ], [ -80.400454, 32.940306 ], [ -80.402787, 32.941397 ], [ -80.402233, 32.94335 ], [ -80.402896, 32.944538 ], [ -80.402192, 32.946334 ], [ -80.402608, 32.946987 ], [ -80.405198, 32.945289 ], [ -80.407329, 32.946046 ], [ -80.407324, 32.947684 ], [ -80.404704, 32.950415 ], [ -80.404408, 32.952315 ], [ -80.405219, 32.955134 ], [ -80.407083, 32.955879 ], [ -80.407715, 32.955291 ], [ -80.406207, 32.953766 ], [ -80.407639, 32.952712 ], [ -80.41012, 32.955669 ], [ -80.408842, 32.957524 ], [ -80.409195, 32.958143 ], [ -80.411423, 32.957684 ], [ -80.412646, 32.959724 ], [ -80.415336, 32.961512 ], [ -80.416205, 32.963825 ], [ -80.418813, 32.967264 ], [ -80.418405, 32.968524 ], [ -80.415578, 32.969233 ], [ -80.413675, 32.971501 ], [ -80.415197, 32.973197 ], [ -80.41623, 32.970975 ], [ -80.417915, 32.971296 ], [ -80.418648, 32.975351 ], [ -80.418403, 32.976039 ], [ -80.415631, 32.976886 ], [ -80.413673, 32.979062 ], [ -80.413781, 32.981971 ], [ -80.414949, 32.982934 ], [ -80.41427, 32.984171 ], [ -80.412476, 32.983528 ], [ -80.410028, 32.983826 ], [ -80.408696, 32.984605 ], [ -80.409456, 32.986185 ], [ -80.410924, 32.985498 ], [ -80.412311, 32.986026 ], [ -80.409755, 32.987561 ], [ -80.409265, 32.989966 ], [ -80.410786, 32.993518 ], [ -80.407855, 32.996181 ], [ -80.405846, 32.999839 ], [ -80.407088, 33.000169 ], [ -80.407847, 33.004578 ], [ -80.407567, 33.004918 ], [ -80.406732, 33.005929 ], [ -80.406378, 33.006754 ], [ -80.406269, 33.007235 ], [ -80.406081, 33.007551 ], [ -80.403795, 33.008403 ], [ -80.403604, 33.009617 ], [ -80.405589, 33.009434 ], [ -80.406921, 33.010351 ], [ -80.406566, 33.014015 ], [ -80.407, 33.017131 ], [ -80.406483, 33.019011 ], [ -80.404443, 33.020408 ], [ -80.399275, 33.022354 ], [ -80.395575, 33.024369 ], [ -80.393589, 33.026086 ], [ -80.392604, 33.02756 ], [ -80.391302, 33.02998 ], [ -80.387819, 33.032843 ], [ -80.387986, 33.034112 ], [ -80.389583, 33.038984 ], [ -80.38969, 33.042994 ], [ -80.391671, 33.044983 ], [ -80.398092, 33.050006 ], [ -80.400702, 33.05278 ], [ -80.402226, 33.053238 ], [ -80.403124, 33.053078 ], [ -80.40424, 33.05136 ], [ -80.404268, 33.049435 ], [ -80.406308, 33.049436 ], [ -80.409192, 33.048313 ], [ -80.412022, 33.046596 ], [ -80.413301, 33.046688 ], [ -80.414823, 33.049895 ], [ -80.41836, 33.05134 ], [ -80.421868, 33.054915 ], [ -80.42263, 33.054755 ], [ -80.424753, 33.051478 ], [ -80.425895, 33.052807 ], [ -80.427936, 33.051341 ], [ -80.431744, 33.051433 ], [ -80.433322, 33.052327 ], [ -80.436233, 33.052327 ], [ -80.437376, 33.05322 ], [ -80.43996, 33.049005 ], [ -80.43996, 33.050013 ], [ -80.4423, 33.05173 ], [ -80.440885, 33.052189 ], [ -80.440803, 33.053266 ], [ -80.444585, 33.055785 ], [ -80.447632, 33.054159 ], [ -80.448911, 33.054549 ], [ -80.447877, 33.0581 ], [ -80.450136, 33.059061 ], [ -80.450816, 33.061514 ], [ -80.452068, 33.062201 ], [ -80.452829, 33.061673 ], [ -80.451741, 33.060231 ], [ -80.455523, 33.058993 ], [ -80.455713, 33.061284 ], [ -80.458108, 33.060665 ], [ -80.459578, 33.063735 ], [ -80.461509, 33.062291 ], [ -80.463658, 33.062405 ], [ -80.464829, 33.063161 ], [ -80.468039, 33.062655 ], [ -80.469318, 33.063251 ], [ -80.474788, 33.064394 ], [ -80.475223, 33.062562 ], [ -80.474379, 33.060799 ], [ -80.475412, 33.05995 ], [ -80.476746, 33.061141 ], [ -80.480527, 33.059858 ], [ -80.480555, 33.061552 ], [ -80.484691, 33.061436 ], [ -80.486133, 33.062696 ], [ -80.488146, 33.061824 ], [ -80.489588, 33.061984 ], [ -80.48978, 33.063564 ], [ -80.491168, 33.063792 ], [ -80.49318, 33.062945 ], [ -80.496827, 33.063172 ], [ -80.497261, 33.062026 ], [ -80.496145, 33.061019 ], [ -80.495356, 33.061798 ], [ -80.493832, 33.060585 ], [ -80.494593, 33.059668 ], [ -80.499822, 33.058393 ], [ -80.502466, 33.058909 ], [ -80.503964, 33.057696 ], [ -80.506412, 33.058797 ], [ -80.509677, 33.057263 ], [ -80.514819, 33.058456 ], [ -80.516205, 33.060817 ], [ -80.517943, 33.060484 ], [ -80.520378, 33.062035 ], [ -80.524469, 33.061504 ], [ -80.526061, 33.06118 ], [ -80.528338, 33.063386 ], [ -80.527312, 33.066313 ], [ -80.529388, 33.066991 ], [ -80.532013, 33.069653 ], [ -80.53318, 33.06859 ], [ -80.535057, 33.069048 ], [ -80.536445, 33.068522 ], [ -80.538322, 33.069965 ], [ -80.539765, 33.068133 ], [ -80.537534, 33.066941 ], [ -80.537834, 33.066001 ], [ -80.540228, 33.064307 ], [ -80.542269, 33.066209 ], [ -80.54382, 33.066026 ], [ -80.544364, 33.063826 ], [ -80.546051, 33.066139 ], [ -80.547439, 33.065751 ], [ -80.546786, 33.063826 ], [ -80.547521, 33.06275 ], [ -80.544909, 33.062978 ], [ -80.544501, 33.062244 ], [ -80.546514, 33.060985 ], [ -80.547712, 33.059472 ], [ -80.549208, 33.060046 ], [ -80.550297, 33.058328 ], [ -80.553044, 33.059313 ], [ -80.553207, 33.061925 ], [ -80.557806, 33.061147 ], [ -80.558785, 33.059818 ], [ -80.561696, 33.060643 ], [ -80.563574, 33.060482 ], [ -80.564771, 33.059427 ], [ -80.566485, 33.060505 ], [ -80.568008, 33.060367 ], [ -80.567845, 33.059314 ], [ -80.571028, 33.059427 ], [ -80.570566, 33.057687 ], [ -80.571981, 33.059244 ], [ -80.575463, 33.058511 ], [ -80.575871, 33.059931 ], [ -80.577939, 33.060526 ], [ -80.578946, 33.060021 ], [ -80.577449, 33.058692 ], [ -80.577313, 33.057411 ], [ -80.578483, 33.057251 ], [ -80.582102, 33.058464 ], [ -80.587298, 33.057478 ], [ -80.589311, 33.058301 ], [ -80.591488, 33.05782 ], [ -80.595025, 33.059882 ], [ -80.596603, 33.059973 ], [ -80.600385, 33.061369 ], [ -80.600576, 33.062675 ], [ -80.602481, 33.062835 ], [ -80.604004, 33.061757 ], [ -80.608575, 33.062787 ], [ -80.610154, 33.064138 ], [ -80.611418, 33.063888 ], [ -80.615107, 33.065213 ], [ -80.6181, 33.064754 ], [ -80.619352, 33.066197 ], [ -80.622699, 33.066263 ], [ -80.623815, 33.066927 ], [ -80.623681, 33.069242 ], [ -80.626234, 33.0686 ], [ -80.62773, 33.069516 ], [ -80.629415, 33.072771 ], [ -80.626692, 33.07506 ], [ -80.627263, 33.07593 ], [ -80.630882, 33.075681 ], [ -80.632378, 33.076276 ], [ -80.632187, 33.077697 ], [ -80.635887, 33.079577 ], [ -80.635859, 33.080815 ], [ -80.638689, 33.081595 ], [ -80.640186, 33.08068 ], [ -80.641247, 33.082123 ], [ -80.640756, 33.082971 ], [ -80.643123, 33.084186 ], [ -80.643776, 33.085813 ], [ -80.645272, 33.086272 ], [ -80.646933, 33.085538 ], [ -80.648429, 33.087487 ], [ -80.649299, 33.089848 ], [ -80.65004, 33.090195 ], [ -80.651694, 33.090513 ], [ -80.653217, 33.09317 ], [ -80.657979, 33.092256 ], [ -80.658605, 33.093676 ], [ -80.661353, 33.094593 ], [ -80.661489, 33.095624 ], [ -80.65923, 33.096494 ], [ -80.65961, 33.097595 ], [ -80.662577, 33.098947 ], [ -80.665081, 33.099451 ], [ -80.665952, 33.101216 ], [ -80.670443, 33.103552 ], [ -80.671803, 33.105683 ], [ -80.671095, 33.107677 ], [ -80.673572, 33.108021 ], [ -80.674035, 33.109808 ], [ -80.673027, 33.110563 ], [ -80.673272, 33.112237 ], [ -80.672101, 33.113176 ], [ -80.674334, 33.113588 ], [ -80.675096, 33.114665 ], [ -80.678254, 33.115651 ], [ -80.678934, 33.117002 ], [ -80.677709, 33.118538 ], [ -80.679533, 33.119019 ], [ -80.679914, 33.12044 ], [ -80.678607, 33.121585 ], [ -80.681166, 33.124449 ], [ -80.683018, 33.123303 ], [ -80.685087, 33.123784 ], [ -80.685022, 33.124997 ], [ -80.689362, 33.127122 ], [ -80.689444, 33.128704 ], [ -80.691731, 33.128131 ], [ -80.693038, 33.128704 ], [ -80.692167, 33.129873 ], [ -80.68939, 33.130239 ], [ -80.68988, 33.131476 ], [ -80.692902, 33.131498 ], [ -80.693501, 33.13237 ], [ -80.691568, 33.134431 ], [ -80.69165, 33.137524 ], [ -80.693257, 33.137434 ], [ -80.692903, 33.138531 ], [ -80.69451, 33.140755 ], [ -80.699928, 33.142679 ], [ -80.699084, 33.144053 ], [ -80.703006, 33.144396 ], [ -80.705267, 33.147008 ], [ -80.706166, 33.149895 ], [ -80.705649, 33.150926 ], [ -80.703143, 33.151384 ], [ -80.703062, 33.152485 ], [ -80.705105, 33.153377 ], [ -80.706658, 33.154821 ], [ -80.708945, 33.154843 ], [ -80.709736, 33.15647 ], [ -80.711261, 33.15569 ], [ -80.710715, 33.153446 ], [ -80.712568, 33.153812 ], [ -80.713195, 33.156768 ], [ -80.715457, 33.160525 ], [ -80.716601, 33.161005 ], [ -80.717391, 33.159585 ], [ -80.720878, 33.161256 ], [ -80.723112, 33.16286 ], [ -80.725292, 33.163753 ], [ -80.727254, 33.165492 ], [ -80.730904, 33.166867 ], [ -80.732458, 33.169111 ], [ -80.734452, 33.17005 ], [ -80.737417, 33.17037 ], [ -80.738315, 33.169224 ], [ -80.740385, 33.168238 ], [ -80.743736, 33.16819 ], [ -80.747498, 33.172221 ], [ -80.745564, 33.173367 ], [ -80.74611, 33.174535 ], [ -80.750424, 33.172677 ], [ -80.753474, 33.174236 ], [ -80.756335, 33.173459 ], [ -80.758677, 33.174674 ], [ -80.758923, 33.173208 ], [ -80.757289, 33.171626 ], [ -80.758243, 33.170893 ], [ -80.760041, 33.172178 ], [ -80.762167, 33.170344 ], [ -80.76342, 33.170552 ], [ -80.763336, 33.173645 ], [ -80.764997, 33.174608 ], [ -80.767015, 33.172386 ], [ -80.768486, 33.172112 ], [ -80.769657, 33.172936 ], [ -80.772, 33.171563 ], [ -80.77377, 33.17351 ], [ -80.776495, 33.173054 ], [ -80.776712, 33.175207 ], [ -80.779081, 33.176766 ], [ -80.781888, 33.176125 ], [ -80.782542, 33.174636 ], [ -80.784258, 33.174591 ], [ -80.784585, 33.175668 ], [ -80.786765, 33.175096 ], [ -80.788208, 33.176859 ], [ -80.791968, 33.176174 ], [ -80.789924, 33.179426 ], [ -80.790296, 33.18084 ], [ -80.790822, 33.181168 ], [ -80.795864, 33.17693 ], [ -80.797912, 33.176944 ], [ -80.849057, 33.149377 ], [ -80.895426, 33.125348 ], [ -80.891671, 33.119777 ], [ -80.890521, 33.119339 ], [ -80.887851, 33.112269 ], [ -80.888748, 33.107111 ], [ -80.889025, 33.102211 ], [ -80.887834, 33.100633 ], [ -80.88588, 33.100486 ], [ -80.881291, 33.098508 ], [ -80.879138, 33.096387 ], [ -80.876896, 33.093181 ], [ -80.880165, 33.091419 ], [ -80.882234, 33.089701 ], [ -80.882561, 33.088393 ], [ -80.885586, 33.084771 ], [ -80.888117, 33.080485 ], [ -80.890558, 33.078083 ], [ -80.89188, 33.075491 ], [ -80.891958, 33.073287 ], [ -80.892641, 33.071037 ], [ -80.893787, 33.069459 ], [ -80.896074, 33.06141 ], [ -80.906025, 33.060228 ], [ -80.906883, 33.062034 ], [ -80.906339, 33.063303 ], [ -80.906824, 33.064778 ], [ -80.907451, 33.066003 ], [ -80.909389, 33.067039 ], [ -80.910351, 33.068755 ], [ -80.916103, 33.071891 ], [ -80.917285, 33.07431 ], [ -80.917005, 33.076092 ], [ -80.917976, 33.077581 ], [ -80.917072, 33.079131 ], [ -80.919317, 33.081266 ], [ -80.924461, 33.084238 ], [ -80.925406, 33.085408 ], [ -80.927055, 33.085755 ], [ -80.927505, 33.087123 ], [ -80.930091, 33.090851 ], [ -80.931034, 33.097136 ], [ -80.931633, 33.098258 ], [ -80.936369, 33.100733 ], [ -80.937157, 33.102584 ], [ -81.012804, 33.063056 ], [ -81.031189, 33.053468 ], [ -81.056276, 33.040261 ], [ -81.05683, 33.039834 ], [ -81.057624, 33.039549 ], [ -81.082291, 33.02663 ], [ -81.07978, 33.024731 ] ] ] ] } },
{ "type": "Feature", "properties": { "STATEFP": "45", "COUNTYFP": "073", "COUNTYNS": "01244832", "GEOIDFQ": "0500000US45073", "GEOID": "45073", "NAME": "Oconee", "NAMELSAD": "Oconee County", "STUSPS": "SC", "STATE_NAME": "South Carolina", "LSAD": "06", "ALAND": 1622796885.0, "AWATER": 121710335.0, "STATE_NAME_HYPHEN": "South-Carolina" }, "geometry": { "type": "MultiPolygon", "coordinates": [ [ [ [ -83.352943, 34.697056 ], [ -83.343147, 34.693947 ], [ -83.340134, 34.691483 ], [ -83.338631, 34.688949 ], [ -83.338234, 34.687187 ], [ -83.342617, 34.682991 ], [ -83.341373, 34.681358 ], [ -83.3389, 34.680039 ], [ -83.330284, 34.681342 ], [ -83.325336, 34.679517 ], [ -83.321463, 34.677543 ], [ -83.318524, 34.674773 ], [ -83.316863, 34.669872 ], [ -83.314394, 34.668944 ], [ -83.308917, 34.670273 ], [ -83.304641, 34.669561 ], [ -83.301477, 34.666582 ], [ -83.301214, 34.66326 ], [ -83.293183, 34.654296 ], [ -83.284682, 34.650196 ], [ -83.282082, 34.649696 ], [ -83.279429, 34.647871 ], [ -83.2794073, 34.6478115 ], [ -83.27852, 34.645384 ], [ -83.270882, 34.641596 ], [ -83.262282, 34.640296 ], [ -83.254481, 34.637096 ], [ -83.251781, 34.633796 ], [ -83.247681, 34.630896 ], [ -83.246481, 34.626897 ], [ -83.240669, 34.624507 ], [ -83.243481, 34.618197 ], [ -83.238297, 34.615784 ], [ -83.238209, 34.615743 ], [ -83.231339, 34.611187 ], [ -83.227244, 34.611136 ], [ -83.227049100000016, 34.6110571 ], [ -83.223335, 34.609554 ], [ -83.216403, 34.611011 ], [ -83.208831, 34.610705 ], [ -83.199079, 34.607998 ], [ -83.196979, 34.605998 ], [ -83.197379, 34.603198 ], [ -83.195179, 34.603398 ], [ -83.1887669, 34.6057562 ], [ -83.186478, 34.606598 ], [ -83.180778, 34.607498 ], [ -83.169678, 34.607398 ], [ -83.164278, 34.604398 ], [ -83.159954, 34.603464 ], [ -83.159077, 34.602198 ], [ -83.160689, 34.599474 ], [ -83.164277, 34.600898 ], [ -83.170078, 34.599598 ], [ -83.170278, 34.592398 ], [ -83.168278, 34.590998 ], [ -83.158877, 34.589598 ], [ -83.154577, 34.588198 ], [ -83.154545, 34.58694 ], [ -83.157777, 34.583799 ], [ -83.159177, 34.580999 ], [ -83.158677, 34.578999 ], [ -83.153677, 34.578699 ], [ -83.143176, 34.573399 ], [ -83.139876, 34.567999 ], [ -83.1400708, 34.5662875 ], [ -83.140515, 34.562386 ], [ -83.1380231, 34.5613783 ], [ -83.133376, 34.559499 ], [ -83.129676, 34.561699 ], [ -83.127176, 34.561999 ], [ -83.122901, 34.560129 ], [ -83.122052, 34.558028 ], [ -83.124256, 34.554997 ], [ -83.121894, 34.552338 ], [ -83.117212, 34.552539 ], [ -83.110248, 34.547056 ], [ -83.110507, 34.545109 ], [ -83.108618, 34.541545 ], [ -83.104969, 34.540942 ], [ -83.103451, 34.538623 ], [ -83.1032564, 34.5366582 ], [ -83.102852, 34.532574 ], [ -83.096858, 34.531524 ], [ -83.0928583, 34.5328467 ], [ -83.092564, 34.532944 ], [ -83.084855, 34.530967 ], [ -83.077934, 34.524765 ], [ -83.077782, 34.524063 ], [ -83.081779, 34.521736 ], [ -83.086861, 34.517798 ], [ -83.0871585, 34.516112 ], [ -83.087189, 34.515939 ], [ -83.079842, 34.514454 ], [ -83.0794726, 34.5140993 ], [ -83.078415, 34.513084 ], [ -83.07737, 34.509224 ], [ -83.074005, 34.505466 ], [ -83.069451, 34.502131 ], [ -83.065796, 34.501041 ], [ -83.057843, 34.503711 ], [ -83.054463, 34.50289 ], [ -83.053101, 34.501324 ], [ -83.053476, 34.497261 ], [ -83.05286, 34.495326 ], [ -83.0514254, 34.4939187 ], [ -83.051025, 34.493526 ], [ -83.048767, 34.493599 ], [ -83.045244, 34.491183 ], [ -83.04358, 34.489086 ], [ -83.03336, 34.48309 ], [ -83.029315, 34.484147 ], [ -83.0285767, 34.4838124 ], [ -83.01526, 34.477778 ], [ -82.999195, 34.472447 ], [ -82.9987004, 34.4724513 ], [ -82.99509, 34.472483 ], [ -82.995279, 34.475648 ], [ -82.992671, 34.479072 ], [ -82.992217, 34.4792078 ], [ -82.986568, 34.484685 ], [ -82.985262, 34.48592 ], [ -82.981271, 34.489724 ], [ -82.947679, 34.521535 ], [ -82.927375, 34.540759 ], [ -82.916484, 34.551059 ], [ -82.903082, 34.563726 ], [ -82.902463, 34.564311 ], [ -82.873309, 34.591875 ], [ -82.865266, 34.599471 ], [ -82.862354, 34.602223 ], [ -82.855296, 34.60889 ], [ -82.85546, 34.609075 ], [ -82.856974, 34.610612 ], [ -82.857782, 34.60883 ], [ -82.861949, 34.611215 ], [ -82.859793, 34.612143 ], [ -82.863106, 34.613894 ], [ -82.864766, 34.613038 ], [ -82.867034, 34.617247 ], [ -82.864934, 34.616961 ], [ -82.864737, 34.618519 ], [ -82.861688, 34.616698 ], [ -82.86029, 34.618725 ], [ -82.862187, 34.619522 ], [ -82.859107, 34.621527 ], [ -82.858574, 34.61988 ], [ -82.859856, 34.618443 ], [ -82.858302, 34.618003 ], [ -82.856821, 34.618953 ], [ -82.852891, 34.614782 ], [ -82.852815, 34.618722 ], [ -82.851292, 34.618745 ], [ -82.85086, 34.617799 ], [ -82.849405, 34.618323 ], [ -82.845093, 34.618518 ], [ -82.844503, 34.619016 ], [ -82.84395, 34.619544 ], [ -82.844222, 34.619777 ], [ -82.842954, 34.62101 ], [ -82.841971, 34.621463 ], [ -82.840009, 34.623311 ], [ -82.847118, 34.620248 ], [ -82.847676, 34.620901 ], [ -82.846593, 34.625893 ], [ -82.850234, 34.621555 ], [ -82.852152, 34.621266 ], [ -82.85328, 34.621953 ], [ -82.850143, 34.622898 ], [ -82.85137, 34.623991 ], [ -82.851049, 34.62646 ], [ -82.853241, 34.624603 ], [ -82.854715, 34.624159 ], [ -82.854029, 34.625486 ], [ -82.855306, 34.626193 ], [ -82.853864, 34.626996 ], [ -82.853568, 34.628551 ], [ -82.85265, 34.628156 ], [ -82.852088, 34.630399 ], [ -82.855122, 34.630168 ], [ -82.856898, 34.630733 ], [ -82.856654, 34.632293 ], [ -82.854894, 34.630383 ], [ -82.85309, 34.630685 ], [ -82.852689, 34.632408 ], [ -82.853897, 34.63336 ], [ -82.852167, 34.633881 ], [ -82.851627, 34.632344 ], [ -82.85013, 34.633315 ], [ -82.849491, 34.636199 ], [ -82.847954, 34.637065 ], [ -82.844079, 34.633777 ], [ -82.842618, 34.634912 ], [ -82.842503, 34.636283 ], [ -82.838171, 34.637252 ], [ -82.83669, 34.636567 ], [ -82.836621, 34.632666 ], [ -82.83476, 34.634376 ], [ -82.835539, 34.635639 ], [ -82.834862, 34.637453 ], [ -82.833488, 34.636717 ], [ -82.833407, 34.637813 ], [ -82.831783, 34.638605 ], [ -82.8325, 34.639418 ], [ -82.827446, 34.642351 ], [ -82.830757, 34.641491 ], [ -82.833216, 34.641357 ], [ -82.835194, 34.639645 ], [ -82.83731, 34.639301 ], [ -82.83758, 34.641185 ], [ -82.838634, 34.642264 ], [ -82.83644, 34.642243 ], [ -82.836325, 34.643265 ], [ -82.83884, 34.64344 ], [ -82.839614, 34.64508 ], [ -82.835837, 34.643999 ], [ -82.832496, 34.64375 ], [ -82.8376, 34.646761 ], [ -82.836003, 34.648469 ], [ -82.832623, 34.647056 ], [ -82.833158, 34.649321 ], [ -82.83181, 34.650297 ], [ -82.827787, 34.648844 ], [ -82.831029, 34.651285 ], [ -82.830339, 34.651881 ], [ -82.828711, 34.65113 ], [ -82.829395, 34.652635 ], [ -82.828227, 34.653461 ], [ -82.825018, 34.653878 ], [ -82.824274, 34.65288 ], [ -82.82288, 34.654503 ], [ -82.828521, 34.654223 ], [ -82.828145, 34.655279 ], [ -82.830412, 34.654331 ], [ -82.830042, 34.657146 ], [ -82.830845, 34.656814 ], [ -82.832539, 34.654019 ], [ -82.834562, 34.654347 ], [ -82.832867, 34.653094 ], [ -82.8337, 34.652238 ], [ -82.83677, 34.651196 ], [ -82.840097, 34.652512 ], [ -82.839386, 34.654711 ], [ -82.839989, 34.655723 ], [ -82.842419, 34.655462 ], [ -82.840855, 34.65681 ], [ -82.837726, 34.655089 ], [ -82.838945, 34.657201 ], [ -82.836925, 34.657926 ], [ -82.835566, 34.657423 ], [ -82.832366, 34.660008 ], [ -82.836073, 34.658829 ], [ -82.840026, 34.660293 ], [ -82.836107, 34.662422 ], [ -82.842159, 34.661837 ], [ -82.844081, 34.662376 ], [ -82.845104, 34.664067 ], [ -82.84399, 34.665315 ], [ -82.844496, 34.666869 ], [ -82.847946, 34.667029 ], [ -82.851237, 34.668525 ], [ -82.853605, 34.677781 ], [ -82.855531, 34.678401 ], [ -82.85347, 34.679689 ], [ -82.849125, 34.682347 ], [ -82.848551, 34.683144 ], [ -82.853277, 34.684532 ], [ -82.853777, 34.68994 ], [ -82.850781, 34.692769 ], [ -82.850735, 34.692848 ], [ -82.849434, 34.695916 ], [ -82.850244, 34.696445 ], [ -82.856713, 34.698026 ], [ -82.859923, 34.697993 ], [ -82.865584, 34.702191 ], [ -82.864967, 34.703838 ], [ -82.862459, 34.705428 ], [ -82.860042, 34.706089 ], [ -82.859283, 34.708094 ], [ -82.86003, 34.710569 ], [ -82.859736, 34.711357 ], [ -82.856993, 34.713196 ], [ -82.856376, 34.716032 ], [ -82.858996, 34.716974 ], [ -82.855661, 34.720843 ], [ -82.855588, 34.72527 ], [ -82.858106, 34.729267 ], [ -82.860295, 34.731444 ], [ -82.863324, 34.73218 ], [ -82.866378, 34.731139 ], [ -82.868479, 34.731066 ], [ -82.871123, 34.734023 ], [ -82.872956, 34.736605 ], [ -82.874082, 34.736932 ], [ -82.879308, 34.737651 ], [ -82.880981, 34.737531 ], [ -82.886614, 34.735788 ], [ -82.890659, 34.735757 ], [ -82.894626, 34.736132 ], [ -82.896378, 34.736643 ], [ -82.898186, 34.73931 ], [ -82.900212, 34.741074 ], [ -82.900284, 34.742388 ], [ -82.898124, 34.74435 ], [ -82.895807, 34.745405 ], [ -82.894602, 34.746762 ], [ -82.894027, 34.748387 ], [ -82.894896, 34.751239 ], [ -82.894101, 34.754492 ], [ -82.892079, 34.756209 ], [ -82.890893, 34.758485 ], [ -82.889024, 34.760767 ], [ -82.889968, 34.762992 ], [ -82.891741, 34.763353 ], [ -82.893265, 34.762947 ], [ -82.893232, 34.765408 ], [ -82.892352, 34.766504 ], [ -82.891034, 34.766628 ], [ -82.887078, 34.768694 ], [ -82.888243, 34.771279 ], [ -82.887055, 34.772784 ], [ -82.88727, 34.77531 ], [ -82.883053, 34.779334 ], [ -82.880964, 34.780694 ], [ -82.880342, 34.781676 ], [ -82.881945, 34.784558 ], [ -82.880929, 34.786933 ], [ -82.878947, 34.788578 ], [ -82.875436, 34.788004 ], [ -82.873015, 34.79 ], [ -82.87332, 34.790461 ], [ -82.874877, 34.7912 ], [ -82.879782, 34.790715 ], [ -82.880543, 34.790143 ], [ -82.882642, 34.790401 ], [ -82.883494, 34.791795 ], [ -82.885138, 34.79374 ], [ -82.887244, 34.795228 ], [ -82.888526, 34.79727 ], [ -82.888651, 34.799528 ], [ -82.88732, 34.801291 ], [ -82.88699, 34.803642 ], [ -82.887433, 34.806525 ], [ -82.888106, 34.807705 ], [ -82.88926, 34.807575 ], [ -82.891829, 34.80605 ], [ -82.892839, 34.804645 ], [ -82.895661, 34.802486 ], [ -82.896614, 34.802949 ], [ -82.897154, 34.805236 ], [ -82.896543, 34.810273 ], [ -82.895835, 34.814097 ], [ -82.89595, 34.815599 ], [ -82.898422, 34.818177 ], [ -82.900239, 34.82089 ], [ -82.90113, 34.823223 ], [ -82.900303, 34.824047 ], [ -82.897758, 34.824723 ], [ -82.897422, 34.826477 ], [ -82.898789, 34.828877 ], [ -82.899192, 34.831944 ], [ -82.898101, 34.83331 ], [ -82.897947, 34.834969 ], [ -82.896081, 34.836933 ], [ -82.897847, 34.839833 ], [ -82.899145, 34.841227 ], [ -82.900253, 34.843391 ], [ -82.901274, 34.846784 ], [ -82.901156, 34.84906 ], [ -82.901044, 34.849921 ], [ -82.89996, 34.853352 ], [ -82.900508, 34.855063 ], [ -82.901198, 34.857007 ], [ -82.904529, 34.85899 ], [ -82.904678, 34.859627 ], [ -82.902137, 34.864969 ], [ -82.903576, 34.866411 ], [ -82.904689, 34.868405 ], [ -82.904733, 34.873865 ], [ -82.905752, 34.878661 ], [ -82.906672, 34.886273 ], [ -82.90653, 34.888998 ], [ -82.907904, 34.890286 ], [ -82.909288, 34.894684 ], [ -82.9081, 34.895777 ], [ -82.906177, 34.895769 ], [ -82.903096, 34.895136 ], [ -82.900963, 34.895362 ], [ -82.900988, 34.896714 ], [ -82.902846, 34.897856 ], [ -82.902267, 34.899528 ], [ -82.900234, 34.901583 ], [ -82.900315, 34.902363 ], [ -82.903505, 34.904415 ], [ -82.905162, 34.905079 ], [ -82.906183, 34.906452 ], [ -82.905383, 34.910399 ], [ -82.901449, 34.914628 ], [ -82.902258, 34.915439 ], [ -82.904845, 34.916544 ], [ -82.908382, 34.918895 ], [ -82.908937, 34.921255 ], [ -82.906299, 34.922962 ], [ -82.903927, 34.926169 ], [ -82.904331, 34.927872 ], [ -82.906626, 34.93021 ], [ -82.906444, 34.932138 ], [ -82.903309, 34.935044 ], [ -82.903975, 34.936726 ], [ -82.905217, 34.937859 ], [ -82.909259, 34.94037 ], [ -82.91135, 34.942185 ], [ -82.913602, 34.945775 ], [ -82.915735, 34.947141 ], [ -82.915099, 34.948991 ], [ -82.911328, 34.950976 ], [ -82.909156, 34.952813 ], [ -82.908799, 34.954388 ], [ -82.910711, 34.955923 ], [ -82.916938, 34.958624 ], [ -82.919157, 34.95989 ], [ -82.919679, 34.962054 ], [ -82.918603, 34.964818 ], [ -82.918485, 34.9676 ], [ -82.916295, 34.970691 ], [ -82.91589, 34.972396 ], [ -82.918039, 34.973286 ], [ -82.924599, 34.974531 ], [ -82.929633, 34.976966 ], [ -82.934079, 34.976593 ], [ -82.93678, 34.978122 ], [ -82.938639, 34.980912 ], [ -82.938508, 34.982321 ], [ -82.937228, 34.985562 ], [ -82.937957, 34.985968 ], [ -82.941902, 34.985954 ], [ -82.943597, 34.987532 ], [ -82.943375, 34.98849 ], [ -82.940131, 34.98851 ], [ -82.939001, 34.989541 ], [ -82.939532, 34.990721 ], [ -82.941739, 34.991037 ], [ -82.942043, 34.991762 ], [ -82.93963, 34.992733 ], [ -82.937878, 34.995789 ], [ -82.935976, 34.996269 ], [ -82.934018, 34.997914 ], [ -82.934737, 35.000664 ], [ -82.933098, 35.002392 ], [ -82.931788, 35.005485 ], [ -82.928991, 35.006207 ], [ -82.928858, 35.007254 ], [ -82.930415, 35.008418 ], [ -82.93028, 35.009336 ], [ -82.928799, 35.009616 ], [ -82.926451, 35.009266 ], [ -82.921479, 35.007897 ], [ -82.918359, 35.006091 ], [ -82.915703, 35.0084 ], [ -82.912577, 35.008841 ], [ -82.912114, 35.009514 ], [ -82.913188, 35.012792 ], [ -82.916345, 35.01356 ], [ -82.920377, 35.015141 ], [ -82.920878, 35.015734 ], [ -82.920386, 35.016679 ], [ -82.917551, 35.017087 ], [ -82.917796, 35.017951 ], [ -82.921383, 35.020415 ], [ -82.918025, 35.021972 ], [ -82.916946, 35.023069 ], [ -82.917214, 35.024557 ], [ -82.916188, 35.026088 ], [ -82.918122, 35.029355 ], [ -82.917347, 35.029956 ], [ -82.913842, 35.029513 ], [ -82.918257, 35.036065 ], [ -82.914109, 35.037942 ], [ -82.912839, 35.039862 ], [ -82.909816, 35.041538 ], [ -82.907658, 35.040941 ], [ -82.904957, 35.042081 ], [ -82.90564, 35.043702 ], [ -82.904604, 35.044819 ], [ -82.90322, 35.045001 ], [ -82.903657, 35.046774 ], [ -82.905843, 35.047874 ], [ -82.905627, 35.048757 ], [ -82.903473, 35.049599 ], [ -82.901835, 35.048815 ], [ -82.899089, 35.049339 ], [ -82.898666, 35.051277 ], [ -82.897563, 35.052146 ], [ -82.898114, 35.053414 ], [ -82.897357, 35.054592 ], [ -82.8975591, 35.0560057 ], [ -82.999867, 35.02995 ], [ -83.0087003, 35.0276262 ], [ -83.0191925, 35.024866 ], [ -83.0233048, 35.0237842 ], [ -83.056418600000015, 35.015073 ], [ -83.108568, 35.001354 ], [ -83.109557, 35.001197 ], [ -83.108613, 35.000659 ], [ -83.102867, 34.997257 ], [ -83.102524, 34.995304 ], [ -83.103592, 34.993839 ], [ -83.098831, 34.991955 ], [ -83.098381, 34.991123 ], [ -83.098968, 34.990101 ], [ -83.101341, 34.989944 ], [ -83.102859, 34.988708 ], [ -83.101677, 34.98658 ], [ -83.103378, 34.986093 ], [ -83.107124, 34.983227 ], [ -83.105766, 34.981503 ], [ -83.108429, 34.979679 ], [ -83.110025, 34.980635 ], [ -83.111275, 34.981003 ], [ -83.112097, 34.979401 ], [ -83.110855, 34.976315 ], [ -83.111796, 34.975534 ], [ -83.115631, 34.975811 ], [ -83.116623, 34.975315 ], [ -83.115402, 34.973637 ], [ -83.120387, 34.968406 ], [ -83.12211, 34.964329 ], [ -83.12162, 34.962766 ], [ -83.115929, 34.960308 ], [ -83.115921, 34.959141 ], [ -83.120109, 34.959169 ], [ -83.120028, 34.957478 ], [ -83.114693, 34.952656 ], [ -83.114021, 34.950912 ], [ -83.114922, 34.950428 ], [ -83.11805, 34.952957 ], [ -83.120346, 34.953186 ], [ -83.124528, 34.955044 ], [ -83.126587, 34.954861 ], [ -83.127035, 34.953778 ], [ -83.124855, 34.951431 ], [ -83.127556, 34.949482 ], [ -83.123877, 34.946047 ], [ -83.121574, 34.942524 ], [ -83.116928, 34.942734 ], [ -83.111725, 34.935863 ], [ -83.112801, 34.934723 ], [ -83.118065, 34.935951 ], [ -83.119087, 34.933178 ], [ -83.120819, 34.933048 ], [ -83.126617, 34.938263 ], [ -83.12759, 34.938491 ], [ -83.131645, 34.935883 ], [ -83.13179, 34.935337 ], [ -83.129885, 34.932351 ], [ -83.130554, 34.930932 ], [ -83.140621, 34.924915 ], [ -83.143261, 34.924756 ], [ -83.156235, 34.930984 ], [ -83.159187, 34.928833 ], [ -83.157705, 34.923509 ], [ -83.158019, 34.920117 ], [ -83.156447, 34.917058 ], [ -83.157208, 34.914934 ], [ -83.160683, 34.915136 ], [ -83.165558, 34.919426 ], [ -83.169087, 34.918777 ], [ -83.171851, 34.913649 ], [ -83.175087, 34.910076 ], [ -83.180786, 34.909607 ], [ -83.180871, 34.904708 ], [ -83.189278, 34.897255 ], [ -83.19165, 34.896885 ], [ -83.194374, 34.899567 ], [ -83.197571, 34.895016 ], [ -83.197287, 34.892654 ], [ -83.196775, 34.890733 ], [ -83.198601, 34.890385 ], [ -83.199358, 34.892571 ], [ -83.203069, 34.893855 ], [ -83.204788, 34.890755 ], [ -83.201019, 34.884789 ], [ -83.206253, 34.879677 ], [ -83.209976, 34.880043 ], [ -83.21199, 34.882366 ], [ -83.214722, 34.883842 ], [ -83.212746, 34.887859 ], [ -83.214485, 34.88847 ], [ -83.217506, 34.885674 ], [ -83.217422, 34.882381 ], [ -83.218293, 34.881698 ], [ -83.219887, 34.881111 ], [ -83.219398, 34.878769 ], [ -83.21994, 34.878113 ], [ -83.2281034, 34.8795845 ], [ -83.228744, 34.8797 ], [ -83.232017, 34.877944 ], [ -83.235794, 34.877895 ], [ -83.239929, 34.878876 ], [ -83.243126, 34.877392 ], [ -83.240463, 34.872723 ], [ -83.234703, 34.870743 ], [ -83.237877, 34.868877 ], [ -83.238609, 34.865452 ], [ -83.243251, 34.866033 ], [ -83.246719, 34.867002 ], [ -83.248054, 34.863117 ], [ -83.246343, 34.860025 ], [ -83.248283, 34.858456 ], [ -83.246361, 34.856533 ], [ -83.246933, 34.855007 ], [ -83.253319, 34.855923 ], [ -83.252576, 34.85168 ], [ -83.253762, 34.848057 ], [ -83.248592, 34.846073 ], [ -83.250163, 34.844597 ], [ -83.2541527, 34.8442765 ], [ -83.25569, 34.844153 ], [ -83.260554, 34.845224 ], [ -83.26089, 34.84822 ], [ -83.266306, 34.849044 ], [ -83.268767, 34.844539 ], [ -83.272426, 34.834718 ], [ -83.26734, 34.832372 ], [ -83.267805, 34.826136 ], [ -83.269638, 34.82336 ], [ -83.268318, 34.821125 ], [ -83.271797, 34.818043 ], [ -83.27669, 34.816894 ], [ -83.282272, 34.820244 ], [ -83.284812, 34.823043 ], [ -83.28865, 34.824673 ], [ -83.291077, 34.823193 ], [ -83.289955, 34.818459 ], [ -83.294716, 34.815731 ], [ -83.294647, 34.813602 ], [ -83.296051, 34.813114 ], [ -83.300011, 34.815247 ], [ -83.298988, 34.817551 ], [ -83.300568, 34.818661 ], [ -83.303131, 34.818745 ], [ -83.306663, 34.81485 ], [ -83.304245, 34.811024 ], [ -83.299797, 34.810062 ], [ -83.299761, 34.807881 ], [ -83.301182, 34.804008 ], [ -83.303223, 34.802208 ], [ -83.313782, 34.799911 ], [ -83.313835, 34.796833 ], [ -83.320518, 34.793045 ], [ -83.320335, 34.79068 ], [ -83.323866, 34.789712 ], [ -83.3238929, 34.7895007 ], [ -83.32415, 34.787479 ], [ -83.321213, 34.779041 ], [ -83.322662, 34.777622 ], [ -83.318977, 34.771309 ], [ -83.322983, 34.766094 ], [ -83.319321, 34.76487 ], [ -83.323213, 34.760579 ], [ -83.318939, 34.758331 ], [ -83.31974, 34.757008 ], [ -83.325897, 34.756474 ], [ -83.327194, 34.754597 ], [ -83.326309, 34.750839 ], [ -83.33242, 34.748989 ], [ -83.332718, 34.746099 ], [ -83.338692, 34.742069 ], [ -83.338965, 34.738436 ], [ -83.345444, 34.738453 ], [ -83.349075, 34.736633 ], [ -83.350426, 34.732689 ], [ -83.3510415, 34.7318111 ], [ -83.353416, 34.728424 ], [ -83.352798, 34.717445 ], [ -83.352323, 34.7161716 ], [ -83.351006, 34.712641 ], [ -83.349788, 34.708274 ], [ -83.3480017, 34.705967 ], [ -83.346649, 34.70422 ], [ -83.3479, 34.70293 ], [ -83.351852, 34.701698 ], [ -83.35391, 34.699219 ], [ -83.352943, 34.697056 ] ] ] ] } },
{ "type": "Feature", "properties": { "STATEFP": "45", "COUNTYFP": "053", "COUNTYNS": "01248006", "GEOIDFQ": "0500000US45053", "GEOID": "45053", "NAME": "Jasper", "NAMELSAD": "Jasper County", "STUSPS": "SC", "STATE_NAME": "South Carolina", "LSAD": "06", "ALAND": 1696789992.0, "AWATER": 120164567.0, "STATE_NAME_HYPHEN": "South-Carolina" }, "geometry": { "type": "MultiPolygon", "coordinates": [ [ [ [ -81.279238, 32.55459 ], [ -81.27876, 32.55234 ], [ -81.281034, 32.549678 ], [ -81.280731, 32.547638 ], [ -81.27906, 32.546318 ], [ -81.275739, 32.545662 ], [ -81.274955, 32.544821 ], [ -81.274802, 32.541143 ], [ -81.276242, 32.538558 ], [ -81.2792235, 32.5377259 ], [ -81.280051, 32.537495 ], [ -81.279905, 32.536592 ], [ -81.274174, 32.533774 ], [ -81.272428, 32.530422 ], [ -81.2683815, 32.528455 ], [ -81.26603, 32.527312 ], [ -81.2626112, 32.5251364 ], [ -81.258682, 32.522636 ], [ -81.252882, 32.51833 ], [ -81.249559, 32.517857 ], [ -81.246861, 32.518558 ], [ -81.244799, 32.520536 ], [ -81.243119, 32.520232 ], [ -81.241912, 32.517175 ], [ -81.240197, 32.516365 ], [ -81.237371, 32.517131 ], [ -81.235457, 32.518546 ], [ -81.23342, 32.517963 ], [ -81.232148, 32.513337 ], [ -81.232954, 32.511691 ], [ -81.236707, 32.511402 ], [ -81.238411, 32.510192 ], [ -81.238684, 32.506984 ], [ -81.237658, 32.505118 ], [ -81.234254, 32.502747 ], [ -81.233585, 32.498488 ], [ -81.224995, 32.491886 ], [ -81.216815, 32.482804 ], [ -81.211914, 32.478994 ], [ -81.200029, 32.467985 ], [ -81.194829, 32.465086 ], [ -81.191537, 32.464816 ], [ -81.188649, 32.465311 ], [ -81.186952, 32.463566 ], [ -81.188602, 32.461226 ], [ -81.193727, 32.459677 ], [ -81.194558, 32.457774 ], [ -81.191615, 32.455188 ], [ -81.192243, 32.453639 ], [ -81.194298, 32.453522 ], [ -81.196363, 32.455129 ], [ -81.197968, 32.453878 ], [ -81.197485, 32.44914 ], [ -81.198783, 32.44852 ], [ -81.203286, 32.452993 ], [ -81.204496, 32.452779 ], [ -81.206666, 32.448093 ], [ -81.205561, 32.4465 ], [ -81.201055, 32.446223 ], [ -81.199435, 32.444193 ], [ -81.199644, 32.441592 ], [ -81.208443, 32.437002 ], [ -81.205048, 32.425479 ], [ -81.205507, 32.423612 ], [ -81.194931, 32.411489 ], [ -81.18991, 32.407066 ], [ -81.185358, 32.400063 ], [ -81.178713, 32.393645 ], [ -81.177316, 32.389783 ], [ -81.178494, 32.384469 ], [ -81.181495, 32.3798828 ], [ -81.181845, 32.379348 ], [ -81.1809835, 32.3789851 ], [ -81.178859, 32.37809 ], [ -81.175758, 32.375812 ], [ -81.17379, 32.373098 ], [ -81.169217, 32.370136 ], [ -81.167906, 32.368304 ], [ -81.168996, 32.365119 ], [ -81.173933, 32.363546 ], [ -81.1738529, 32.3629314 ], [ -81.173824, 32.36271 ], [ -81.167124, 32.361041 ], [ -81.167124, 32.358718 ], [ -81.163863, 32.35665 ], [ -81.160998, 32.355905 ], [ -81.160498, 32.353644 ], [ -81.161608, 32.35042 ], [ -81.160096, 32.348952 ], [ -81.155371, 32.350033 ], [ -81.15484, 32.349557 ], [ -81.155053, 32.344165 ], [ -81.156738, 32.342777 ], [ -81.159832, 32.342975 ], [ -81.160622, 32.341749 ], [ -81.159832, 32.339964 ], [ -81.157357, 32.34 ], [ -81.154839, 32.341551 ], [ -81.152194, 32.341443 ], [ -81.151835, 32.343023 ], [ -81.148673, 32.345322 ], [ -81.145982, 32.345018 ], [ -81.145232, 32.345844 ], [ -81.147248, 32.347493 ], [ -81.147318, 32.350127 ], [ -81.1438436, 32.3515093 ], [ -81.143794, 32.351529 ], [ -81.141512, 32.350324 ], [ -81.139353, 32.34508 ], [ -81.135297, 32.342989 ], [ -81.134013, 32.341209 ], [ -81.129435, 32.341552 ], [ -81.128616, 32.338623 ], [ -81.128956, 32.336452 ], [ -81.131382, 32.335875 ], [ -81.133916, 32.333314 ], [ -81.135751, 32.330281 ], [ -81.137926, 32.328662 ], [ -81.136294, 32.324999 ], [ -81.133752, 32.324291 ], [ -81.131758, 32.326369 ], [ -81.130648, 32.325408 ], [ -81.131652, 32.319505 ], [ -81.129752, 32.313969 ], [ -81.130848, 32.310982 ], [ -81.133052, 32.309011 ], [ -81.131523, 32.307277 ], [ -81.12778, 32.307216 ], [ -81.124978, 32.309159 ], [ -81.122933, 32.307295 ], [ -81.122333, 32.305395 ], [ -81.122656, 32.299509 ], [ -81.123917, 32.296411 ], [ -81.123362, 32.293844 ], [ -81.120019, 32.28994 ], [ -81.1199263, 32.2876605 ], [ -81.1198695, 32.2862654 ], [ -81.119867, 32.286203 ], [ -81.122239, 32.284242 ], [ -81.12572, 32.283656 ], [ -81.126965, 32.282698 ], [ -81.127161, 32.280786 ], [ -81.125918, 32.278756 ], [ -81.123276, 32.276975 ], [ -81.123425, 32.275051 ], [ -81.125248, 32.275035 ], [ -81.127954, 32.276466 ], [ -81.13, 32.275796 ], [ -81.132126, 32.272747 ], [ -81.132531, 32.270246 ], [ -81.13349, 32.269796 ], [ -81.135577, 32.272472 ], [ -81.141925, 32.271742 ], [ -81.141747, 32.270214 ], [ -81.139575, 32.269756 ], [ -81.137639, 32.268493 ], [ -81.13693, 32.266115 ], [ -81.13839, 32.264234 ], [ -81.140206, 32.263578 ], [ -81.145336, 32.263993 ], [ -81.146602, 32.262766 ], [ -81.146639, 32.261023 ], [ -81.144732, 32.258773 ], [ -81.145062, 32.25775 ], [ -81.147518, 32.256512 ], [ -81.148334, 32.255098 ], [ -81.14573, 32.251523 ], [ -81.147107, 32.249564 ], [ -81.152894, 32.247807 ], [ -81.155595, 32.246022 ], [ -81.156587, 32.24391 ], [ -81.155883, 32.240969 ], [ -81.152379, 32.2363 ], [ -81.1514336, 32.2357339 ], [ -81.145771, 32.232343 ], [ -81.1454814, 32.2319261 ], [ -81.143634, 32.229266 ], [ -81.1446886, 32.2263392 ], [ -81.144813, 32.225994 ], [ -81.14806, 32.223782 ], [ -81.152153, 32.222322 ], [ -81.150836, 32.221196 ], [ -81.143139, 32.221731 ], [ -81.138435, 32.219256 ], [ -81.136717, 32.216267 ], [ -81.136727, 32.213669 ], [ -81.134084, 32.21146 ], [ -81.128283, 32.208634 ], [ -81.12315, 32.201329 ], [ -81.122061, 32.195501 ], [ -81.119802, 32.195156 ], [ -81.11589, 32.196442 ], [ -81.114016, 32.195448 ], [ -81.114117, 32.193922 ], [ -81.11623, 32.192999 ], [ -81.121584, 32.192203 ], [ -81.121554, 32.190415 ], [ -81.118234, 32.189201 ], [ -81.117934, 32.185301 ], [ -81.119834, 32.181202 ], [ -81.120452, 32.178293 ], [ -81.116381, 32.176169 ], [ -81.11393, 32.177604 ], [ -81.111933, 32.178002 ], [ -81.110234, 32.1768 ], [ -81.111132, 32.172703 ], [ -81.11384, 32.171259 ], [ -81.117748, 32.171159 ], [ -81.11901, 32.174669 ], [ -81.121189, 32.174923 ], [ -81.128134, 32.169102 ], [ -81.129746, 32.165933 ], [ -81.129703800000016, 32.1658837 ], [ -81.1295335, 32.1656851 ], [ -81.128434, 32.164402 ], [ -81.123134, 32.162902 ], [ -81.122034, 32.161803 ], [ -81.122137, 32.157304 ], [ -81.121116, 32.154504 ], [ -81.117969, 32.152332 ], [ -81.114298, 32.152019 ], [ -81.112236, 32.150804 ], [ -81.112234, 32.149306 ], [ -81.116236, 32.147201 ], [ -81.118334, 32.144403 ], [ -81.119134, 32.142104 ], [ -81.119943, 32.133998 ], [ -81.1183288, 32.1317475 ], [ -81.116128, 32.128679 ], [ -81.115242, 32.125504 ], [ -81.117225, 32.119805 ], [ -81.117234, 32.117605 ], [ -81.115367, 32.114705 ], [ -81.111134, 32.112005 ], [ -81.10894, 32.111626 ], [ -81.106703, 32.109698 ], [ -81.103325, 32.111137 ], [ -81.094976, 32.111821 ], [ -81.091245, 32.110888 ], [ -81.089484, 32.106227 ], [ -81.0870626, 32.1040478 ], [ -81.086974, 32.103968 ], [ -81.08827, 32.099931 ], [ -81.074306, 32.097385 ], [ -81.059551, 32.088623 ], [ -81.043543, 32.086104 ], [ -81.039848, 32.0844877 ], [ -81.038125, 32.083734 ], [ -81.026262, 32.088129 ], [ -81.021623, 32.091683 ], [ -81.0200314, 32.0943314 ], [ -81.017355, 32.098785 ], [ -81.011015, 32.10205 ], [ -81.004305, 32.102367 ], [ -80.999556, 32.100434 ], [ -80.992138, 32.094915 ], [ -80.986845, 32.084116 ], [ -80.983509, 32.079549 ], [ -80.980541, 32.077836 ], [ -80.971915, 32.074633 ], [ -80.959569, 32.072854 ], [ -80.95388, 32.070142 ], [ -80.925085, 32.041939 ], [ -80.921027, 32.03999 ], [ -80.907657, 32.038151 ], [ -80.904021, 32.039954 ], [ -80.894953, 32.038307 ], [ -80.889512, 32.037593 ], [ -80.88867, 32.039899 ], [ -80.894456, 32.045089 ], [ -80.90169, 32.042699 ], [ -80.908037, 32.048299 ], [ -80.907519, 32.050935 ], [ -80.899824, 32.056015 ], [ -80.896626, 32.059962 ], [ -80.895719, 32.063099 ], [ -80.891881, 32.067532 ], [ -80.886633, 32.071928 ], [ -80.885682, 32.076056 ], [ -80.883187, 32.080084 ], [ -80.8793131, 32.0810313 ], [ -80.879995, 32.081809 ], [ -80.886804, 32.081694 ], [ -80.891132, 32.08141 ], [ -80.896432, 32.07961 ], [ -80.899262, 32.077712 ], [ -80.903801, 32.07689 ], [ -80.908111, 32.078172 ], [ -80.910545, 32.079923 ], [ -80.912046, 32.082817 ], [ -80.911701, 32.085396 ], [ -80.91024, 32.087915 ], [ -80.90568, 32.093251 ], [ -80.896604, 32.102545 ], [ -80.895419, 32.106346 ], [ -80.895659, 32.107702 ], [ -80.899642, 32.111123 ], [ -80.900573, 32.111617 ], [ -80.919432, 32.117008 ], [ -80.92693, 32.119453 ], [ -80.928313, 32.121411 ], [ -80.928281, 32.122225 ], [ -80.926766, 32.124035 ], [ -80.923182, 32.125207 ], [ -80.912619, 32.127595 ], [ -80.907254, 32.131014 ], [ -80.909456, 32.134736 ], [ -80.912523, 32.13572 ], [ -80.915062, 32.134838 ], [ -80.918619, 32.131287 ], [ -80.921158, 32.130052 ], [ -80.924111, 32.130584 ], [ -80.924964, 32.131075 ], [ -80.926047, 32.133295 ], [ -80.92616, 32.136141 ], [ -80.927358, 32.138125 ], [ -80.928535, 32.138577 ], [ -80.930427, 32.138127 ], [ -80.934052, 32.135066 ], [ -80.935621, 32.135165 ], [ -80.939243, 32.136934 ], [ -80.941319, 32.137328 ], [ -80.943685, 32.135168 ], [ -80.946908, 32.128849 ], [ -80.949446, 32.129027 ], [ -80.951429, 32.130579 ], [ -80.953436, 32.131561 ], [ -80.956136, 32.130659 ], [ -80.959714, 32.126223 ], [ -80.961468, 32.126224 ], [ -80.961859, 32.127323 ], [ -80.961351, 32.129365 ], [ -80.961903, 32.133252 ], [ -80.961672, 32.134018 ], [ -80.959456, 32.135706 ], [ -80.958002, 32.137727 ], [ -80.958924, 32.13867 ], [ -80.96227, 32.138278 ], [ -80.964209, 32.138436 ], [ -80.967254, 32.140734 ], [ -80.969307, 32.143188 ], [ -80.968959, 32.147665 ], [ -80.968266, 32.149314 ], [ -80.964942, 32.151767 ], [ -80.961019, 32.151883 ], [ -80.959427, 32.150234 ], [ -80.960121, 32.146739 ], [ -80.959544, 32.145973 ], [ -80.956684, 32.144225 ], [ -80.955162, 32.142085 ], [ -80.953016, 32.141554 ], [ -80.950822, 32.143948 ], [ -80.95096, 32.145421 ], [ -80.953705, 32.147365 ], [ -80.954351, 32.148916 ], [ -80.952134, 32.15135 ], [ -80.95174, 32.154864 ], [ -80.950331, 32.156493 ], [ -80.950513, 32.161264 ], [ -80.951159, 32.162246 ], [ -80.95312, 32.163091 ], [ -80.956813, 32.163897 ], [ -80.95762, 32.165036 ], [ -80.956604, 32.166233 ], [ -80.953557, 32.166939 ], [ -80.95021, 32.166761 ], [ -80.948423, 32.167386 ], [ -80.948593, 32.169077 ], [ -80.951237, 32.170806 ], [ -80.952077, 32.171493 ], [ -80.95293, 32.174105 ], [ -80.954107, 32.175362 ], [ -80.956, 32.175421 ], [ -80.958817, 32.1734 ], [ -80.960225, 32.17395 ], [ -80.960661, 32.178741 ], [ -80.961815, 32.179467 ], [ -80.963501, 32.17882 ], [ -80.965718, 32.176563 ], [ -80.968174, 32.17588 ], [ -80.969319, 32.176211 ], [ -80.969503, 32.178017 ], [ -80.968579, 32.180255 ], [ -80.966132, 32.181412 ], [ -80.962068, 32.182059 ], [ -80.961583, 32.184022 ], [ -80.96239, 32.184965 ], [ -80.964791, 32.185378 ], [ -80.967539, 32.183494 ], [ -80.968902, 32.183102 ], [ -80.971094, 32.185517 ], [ -80.973103, 32.185812 ], [ -80.976589, 32.185263 ], [ -80.978505, 32.18599 ], [ -80.979012, 32.189818 ], [ -80.980051, 32.190427 ], [ -80.982129, 32.190251 ], [ -80.984092, 32.188464 ], [ -80.985177, 32.188563 ], [ -80.985592, 32.19243 ], [ -80.986931, 32.193373 ], [ -80.988016, 32.192136 ], [ -80.988455, 32.189702 ], [ -80.992357, 32.187896 ], [ -80.993812, 32.187955 ], [ -80.993027, 32.18927 ], [ -80.990441, 32.190232 ], [ -80.995566, 32.193334 ], [ -80.99836, 32.194375 ], [ -81.000138, 32.196122 ], [ -80.998891, 32.197104 ], [ -80.996236, 32.197025 ], [ -80.99462, 32.196358 ], [ -80.994227, 32.197379 ], [ -80.995612, 32.198144 ], [ -80.997575, 32.198085 ], [ -80.996144, 32.200598 ], [ -80.998245, 32.204604 ], [ -81.000554, 32.20692 ], [ -81.002679, 32.206155 ], [ -81.003949, 32.206488 ], [ -81.005288, 32.208393 ], [ -81.005958, 32.211455 ], [ -81.008269, 32.211867 ], [ -81.009961, 32.213413 ], [ -81.00903, 32.214276 ], [ -81.006577, 32.213188 ], [ -81.006149, 32.21587 ], [ -81.007942, 32.21611 ], [ -81.009025, 32.21481 ], [ -81.009613, 32.216679 ], [ -81.00843, 32.218113 ], [ -81.006897, 32.217976 ], [ -81.007561, 32.219086 ], [ -81.010669, 32.217729 ], [ -81.012368, 32.218232 ], [ -81.012738, 32.220179 ], [ -81.012005, 32.221808 ], [ -81.013306, 32.225329 ], [ -81.014316, 32.23096 ], [ -81.014292, 32.232865 ], [ -81.013146, 32.233986 ], [ -81.012452, 32.236226 ], [ -81.013588, 32.236449 ], [ -81.016027, 32.241156 ], [ -81.016112, 32.244294 ], [ -81.014379, 32.246586 ], [ -81.010391, 32.249845 ], [ -81.004925, 32.250695 ], [ -81.001763, 32.254162 ], [ -81.000474, 32.255351 ], [ -80.995653, 32.261998 ], [ -80.995793, 32.263783 ], [ -80.994129, 32.267522 ], [ -80.991677, 32.267546 ], [ -80.991531, 32.270458 ], [ -80.992462, 32.272724 ], [ -80.994728, 32.274704 ], [ -80.996681, 32.277184 ], [ -80.997543, 32.28133 ], [ -80.996796, 32.284794 ], [ -80.99482, 32.288601 ], [ -80.994209, 32.290558 ], [ -80.996696, 32.29393 ], [ -80.997459, 32.296383 ], [ -80.998657, 32.298038 ], [ -81.003028, 32.299902 ], [ -81.004429, 32.300798 ], [ -81.00544, 32.302692 ], [ -81.006369, 32.306521 ], [ -81.002314, 32.306454 ], [ -80.998004, 32.306342 ], [ -80.993441, 32.306222 ], [ -80.98505, 32.306001 ], [ -80.981674, 32.30587 ], [ -80.976733, 32.305261 ], [ -80.963784, 32.303666 ], [ -80.955718, 32.302672 ], [ -80.945851, 32.301455 ], [ -80.942031, 32.300897 ], [ -80.936101, 32.300251 ], [ -80.93494, 32.300108 ], [ -80.935187, 32.304453 ], [ -80.935171, 32.305394 ], [ -80.935143, 32.305812 ], [ -80.934697, 32.31388 ], [ -80.93459, 32.316056 ], [ -80.934486, 32.317848 ], [ -80.934125, 32.321151 ], [ -80.929017, 32.330692 ], [ -80.928775, 32.331302 ], [ -80.928495, 32.332323 ], [ -80.928363, 32.333214 ], [ -80.928478, 32.339006 ], [ -80.928394, 32.340395 ], [ -80.927913, 32.343101 ], [ -80.927306, 32.345057 ], [ -80.926137, 32.347451 ], [ -80.924459, 32.350289 ], [ -80.923198, 32.351284 ], [ -80.921883, 32.351834 ], [ -80.91058, 32.354245 ], [ -80.909557, 32.354345 ], [ -80.899455, 32.353948 ], [ -80.892054, 32.353731 ], [ -80.890801, 32.351477 ], [ -80.890877, 32.347542 ], [ -80.881105, 32.346178 ], [ -80.877594, 32.345901 ], [ -80.875932, 32.355435 ], [ -80.874341, 32.359225 ], [ -80.868487, 32.363726 ], [ -80.86964, 32.364982 ], [ -80.873715, 32.369059 ], [ -80.86151, 32.373512 ], [ -80.862106, 32.37442 ], [ -80.861343, 32.376434 ], [ -80.859406, 32.377274 ], [ -80.858805, 32.3797 ], [ -80.854651, 32.378573 ], [ -80.85056, 32.379365 ], [ -80.849393, 32.380434 ], [ -80.847853, 32.383943 ], [ -80.844392, 32.384904 ], [ -80.841936, 32.3849 ], [ -80.840971, 32.387439 ], [ -80.84167, 32.390852 ], [ -80.842896, 32.393391 ], [ -80.842329, 32.394692 ], [ -80.835229, 32.402793 ], [ -80.834411, 32.404992 ], [ -80.83243, 32.408077 ], [ -80.82924, 32.41147 ], [ -80.832084, 32.413719 ], [ -80.834852, 32.414914 ], [ -80.837648, 32.415042 ], [ -80.840229, 32.414192 ], [ -80.842929, 32.412092 ], [ -80.845136, 32.411174 ], [ -80.847973, 32.411642 ], [ -80.850197, 32.416307 ], [ -80.849729, 32.422891 ], [ -80.847729, 32.428991 ], [ -80.846528, 32.431504 ], [ -80.841246, 32.442375 ], [ -80.839829, 32.444591 ], [ -80.834831, 32.454984 ], [ -80.834659, 32.455325 ], [ -80.833929, 32.45689 ], [ -80.830853, 32.460585 ], [ -80.830165, 32.462093 ], [ -80.827904, 32.46273 ], [ -80.823429, 32.462989 ], [ -80.81869, 32.463935 ], [ -80.817729, 32.46569 ], [ -80.817429, 32.472589 ], [ -80.818229, 32.481288 ], [ -80.819179, 32.485942 ], [ -80.820228, 32.490788 ], [ -80.823328, 32.497188 ], [ -80.825228, 32.499788 ], [ -80.828283, 32.502719 ], [ -80.836013, 32.518161 ], [ -80.847733, 32.530057 ], [ -80.837851, 32.539278 ], [ -80.835978, 32.544044 ], [ -80.836051, 32.547002 ], [ -80.839207, 32.557509 ], [ -80.835083, 32.56419 ], [ -80.834602, 32.572262 ], [ -80.835999, 32.578766 ], [ -80.834763, 32.585072 ], [ -80.832504, 32.590282 ], [ -80.831543, 32.593388 ], [ -80.832249, 32.596363 ], [ -80.835594, 32.599277 ], [ -80.835983, 32.600552 ], [ -80.835365, 32.602936 ], [ -80.835487, 32.606205 ], [ -80.836548, 32.608845 ], [ -80.842735, 32.612553 ], [ -80.848442, 32.614857 ], [ -80.849937, 32.616524 ], [ -80.85006, 32.618214 ], [ -80.847771, 32.620777 ], [ -80.846039, 32.623486 ], [ -80.84584, 32.62513 ], [ -80.847397, 32.626152 ], [ -80.847961, 32.629745 ], [ -80.849431, 32.630202 ], [ -80.84949, 32.630583 ], [ -80.848305, 32.632553 ], [ -80.850014, 32.631687 ], [ -80.852348, 32.632225 ], [ -80.853081, 32.634809 ], [ -80.853889, 32.635231 ], [ -80.854492, 32.633709 ], [ -80.854904, 32.63335 ], [ -80.856079, 32.634762 ], [ -80.856087, 32.634968 ], [ -80.855736, 32.635273 ], [ -80.855064, 32.635391 ], [ -80.8547, 32.635641 ], [ -80.854651, 32.636095 ], [ -80.855888, 32.636211 ], [ -80.855904, 32.637829 ], [ -80.8573, 32.637634 ], [ -80.857673, 32.639514 ], [ -80.857956, 32.640038 ], [ -80.858942, 32.641341 ], [ -80.860838, 32.64366 ], [ -80.86232, 32.644634 ], [ -80.863396, 32.64621 ], [ -80.866265, 32.654653 ], [ -80.869705, 32.660935 ], [ -80.902448, 32.621561 ], [ -80.902808, 32.622245 ], [ -80.903404, 32.623092 ], [ -80.90779, 32.6244 ], [ -80.909387, 32.625455 ], [ -80.911607, 32.625455 ], [ -80.914071, 32.626789 ], [ -80.918322, 32.626376 ], [ -80.921787, 32.630571 ], [ -80.923682, 32.631144 ], [ -80.926741, 32.633091 ], [ -80.928528, 32.634878 ], [ -80.929043, 32.636322 ], [ -80.9337, 32.637605 ], [ -80.934675, 32.638361 ], [ -80.936652, 32.637697 ], [ -80.939117, 32.637788 ], [ -80.941744, 32.638866 ], [ -80.94456, 32.63882 ], [ -80.948325, 32.640492 ], [ -80.950599, 32.640307 ], [ -80.952522, 32.641958 ], [ -80.956232, 32.641843 ], [ -80.95867, 32.642507 ], [ -80.958427, 32.644363 ], [ -80.959537, 32.645532 ], [ -80.961921, 32.646698 ], [ -80.962544, 32.648051 ], [ -80.962328, 32.650342 ], [ -80.962951, 32.652243 ], [ -80.962627, 32.653343 ], [ -80.961137, 32.653711 ], [ -80.957969, 32.656574 ], [ -80.956778, 32.658293 ], [ -80.951469, 32.660128 ], [ -80.950034, 32.661479 ], [ -80.949303, 32.664482 ], [ -80.947272, 32.670232 ], [ -80.946107, 32.672226 ], [ -80.945918, 32.674838 ], [ -80.947164, 32.677083 ], [ -80.946487, 32.679237 ], [ -80.946542, 32.681666 ], [ -80.94535, 32.684049 ], [ -80.945865, 32.687348 ], [ -80.946867, 32.688608 ], [ -80.950526, 32.690647 ], [ -80.952368, 32.689982 ], [ -80.954942, 32.690188 ], [ -80.95711, 32.692571 ], [ -80.957192, 32.693624 ], [ -80.958709, 32.69477 ], [ -80.964156, 32.694701 ], [ -80.964779, 32.695135 ], [ -80.966002, 32.698594 ], [ -80.96806, 32.700496 ], [ -80.968034, 32.70407 ], [ -80.973701, 32.712822 ], [ -80.975816, 32.714354 ], [ -80.976386, 32.717334 ], [ -80.976496, 32.720886 ], [ -80.978557, 32.721801 ], [ -80.981756, 32.724733 ], [ -80.987422, 32.726289 ], [ -80.992872, 32.728645 ], [ -80.99534, 32.730547 ], [ -80.998081, 32.734647 ], [ -81.000926, 32.736674 ], [ -81.002906, 32.739837 ], [ -81.01017, 32.744061 ], [ -81.012302, 32.746243 ], [ -81.013155, 32.748415 ], [ -81.013835, 32.752245 ], [ -81.014625, 32.753058 ], [ -81.029274, 32.741612 ], [ -81.098788, 32.688733 ], [ -81.138292, 32.660384 ], [ -81.141349, 32.658074 ], [ -81.157665, 32.64575 ], [ -81.170435, 32.637301 ], [ -81.187977, 32.624836 ], [ -81.189843, 32.6233 ], [ -81.207206, 32.610526 ], [ -81.22258, 32.603825 ], [ -81.2812976, 32.5564403 ], [ -81.279238, 32.55459 ] ] ] ] } },
{ "type": "Feature", "properties": { "STATEFP": "45", "COUNTYFP": "065", "COUNTYNS": "01248012", "GEOIDFQ": "0500000US45065", "GEOID": "45065", "NAME": "McCormick", "NAMELSAD": "McCormick County", "STUSPS": "SC", "STATE_NAME": "South Carolina", "LSAD": "06", "ALAND": 929521275.0, "AWATER": 89977042.0, "STATE_NAME_HYPHEN": "South-Carolina" }, "geometry": { "type": "MultiPolygon", "coordinates": [ [ [ [ -82.592674, 34.010368 ], [ -82.588552, 33.999768 ], [ -82.586234, 33.997151 ], [ -82.583394, 33.995286 ], [ -82.576248, 33.993009 ], [ -82.575249, 33.991433 ], [ -82.575882, 33.989953 ], [ -82.579613, 33.98726 ], [ -82.580571, 33.98514 ], [ -82.580459, 33.982133 ], [ -82.578851, 33.978631 ], [ -82.576669, 33.9759 ], [ -82.574159, 33.97355 ], [ -82.569077, 33.969887 ], [ -82.566201, 33.964771 ], [ -82.5657, 33.958682 ], [ -82.564582, 33.95581 ], [ -82.5645307, 33.9557408 ], [ -82.556835, 33.945353 ], [ -82.554497, 33.943819 ], [ -82.543128, 33.940949 ], [ -82.53977, 33.941551 ], [ -82.534111, 33.943651 ], [ -82.526741, 33.943765 ], [ -82.524515, 33.94336 ], [ -82.51295, 33.936969 ], [ -82.50764, 33.931456 ], [ -82.503584, 33.926048 ], [ -82.496109, 33.913459 ], [ -82.492929, 33.909754 ], [ -82.480111, 33.901897 ], [ -82.469913, 33.892838 ], [ -82.459391, 33.886386 ], [ -82.4592057, 33.8861813 ], [ -82.455105, 33.88165 ], [ -82.448109, 33.877543 ], [ -82.440503, 33.875123 ], [ -82.438644, 33.873919 ], [ -82.433503, 33.869007 ], [ -82.429164, 33.865844 ], [ -82.424888, 33.864133 ], [ -82.420618, 33.86375 ], [ -82.408353, 33.86632 ], [ -82.405585, 33.866024 ], [ -82.402197, 33.864656 ], [ -82.395735, 33.859088 ], [ -82.3905963, 33.857187599999989 ], [ -82.390527, 33.857162 ], [ -82.384973, 33.854428 ], [ -82.379771, 33.851096 ], [ -82.373301, 33.84475 ], [ -82.36878, 33.84231 ], [ -82.3581956, 33.838599 ], [ -82.3563272, 33.8379439 ], [ -82.351185, 33.836141 ], [ -82.346199, 33.833829 ], [ -82.337829, 33.827156 ], [ -82.32448, 33.820033 ], [ -82.321887, 33.816777 ], [ -82.3164621, 33.8126988 ], [ -82.31435, 33.811111 ], [ -82.312436, 33.807155 ], [ -82.303454, 33.803263 ], [ -82.300213, 33.800627 ], [ -82.29928, 33.798939 ], [ -82.298864, 33.793166 ], [ -82.299601, 33.786483 ], [ -82.299009, 33.784475 ], [ -82.297479, 33.782974 ], [ -82.294984, 33.781868 ], [ -82.292468, 33.782406 ], [ -82.288652, 33.781635 ], [ -82.284087, 33.778781 ], [ -82.2782063, 33.7725854 ], [ -82.277681, 33.772032 ], [ -82.270445, 33.767913 ], [ -82.267719, 33.767651 ], [ -82.265019, 33.765742 ], [ -82.264044, 33.762843 ], [ -82.260041, 33.760431 ], [ -82.255595, 33.759876 ], [ -82.247472, 33.752591 ], [ -82.245408, 33.742926 ], [ -82.243244, 33.740116 ], [ -82.2412657, 33.7357051 ], [ -82.239098, 33.730872 ], [ -82.239497, 33.72933 ], [ -82.238758, 33.725206 ], [ -82.237311, 33.721893 ], [ -82.235753, 33.71439 ], [ -82.237192, 33.70788 ], [ -82.2354, 33.70438 ], [ -82.234576, 33.700216 ], [ -82.225684, 33.691434 ], [ -82.2249766, 33.6909177 ], [ -82.218649, 33.686299 ], [ -82.217124, 33.684344 ], [ -82.213165, 33.677211 ], [ -82.210826, 33.670604 ], [ -82.209803, 33.669276 ], [ -82.199847, 33.661758 ], [ -82.1998364, 33.6613204 ], [ -82.199747, 33.657611 ], [ -82.201186, 33.646898 ], [ -82.196583, 33.630582 ], [ -82.189141, 33.623722 ], [ -82.179854, 33.615945 ], [ -82.176172, 33.613775 ], [ -82.1641776, 33.6110421 ], [ -82.158331, 33.60971 ], [ -82.156288, 33.60863 ], [ -82.153357, 33.606319 ], [ -82.15106, 33.600956 ], [ -82.148816, 33.598092 ], [ -82.1450508, 33.595676 ], [ -82.142872, 33.594278 ], [ -82.1349345, 33.5911001 ], [ -82.133523, 33.590535 ], [ -82.12908, 33.589925 ], [ -82.125864, 33.590741 ], [ -82.123221, 33.59274 ], [ -82.120385, 33.594885 ], [ -82.115809, 33.596597 ], [ -82.11532, 33.5965958 ], [ -82.095527, 33.633869 ], [ -82.098683, 33.636892 ], [ -82.099432, 33.638491 ], [ -82.099228, 33.639582 ], [ -82.100183, 33.641612 ], [ -82.102262, 33.643608 ], [ -82.108422, 33.647863 ], [ -82.109445, 33.653326 ], [ -82.110474, 33.655299 ], [ -82.11488, 33.655547 ], [ -82.122462, 33.655161 ], [ -82.125849, 33.657928 ], [ -82.129158, 33.658974 ], [ -82.130936, 33.658829 ], [ -82.131741, 33.65952 ], [ -82.129866, 33.661428 ], [ -82.129075, 33.663386 ], [ -82.132107, 33.665649 ], [ -82.133645, 33.667946 ], [ -82.134086, 33.669742 ], [ -82.133577, 33.671927 ], [ -82.134481, 33.673905 ], [ -82.138151, 33.674223 ], [ -82.142396, 33.673935 ], [ -82.144639, 33.674577 ], [ -82.148216, 33.676487 ], [ -82.148474, 33.67758 ], [ -82.146212, 33.68175 ], [ -82.143594, 33.682994 ], [ -82.143671, 33.683809 ], [ -82.145347, 33.686097 ], [ -82.146515, 33.686499 ], [ -82.151914, 33.689931 ], [ -82.153529, 33.69069 ], [ -82.156623, 33.690559 ], [ -82.164124, 33.689145 ], [ -82.165791, 33.690108 ], [ -82.167551, 33.693045 ], [ -82.170879, 33.699871 ], [ -82.173006, 33.703472 ], [ -82.175305, 33.709159 ], [ -82.178824, 33.716144 ], [ -82.180398, 33.719819 ], [ -82.181367, 33.720787 ], [ -82.182888, 33.723732 ], [ -82.182587, 33.726622 ], [ -82.182746, 33.729323 ], [ -82.181994, 33.730465 ], [ -82.177751, 33.731771 ], [ -82.175054, 33.73331 ], [ -82.170661, 33.734759 ], [ -82.168826, 33.736996 ], [ -82.169091, 33.739611 ], [ -82.167991, 33.740831 ], [ -82.165699, 33.740773 ], [ -82.164338, 33.741325 ], [ -82.164191, 33.743367 ], [ -82.165845, 33.746174 ], [ -82.168045, 33.749199 ], [ -82.167899, 33.75095 ], [ -82.165752, 33.75328 ], [ -82.165685, 33.754746 ], [ -82.167467, 33.756931 ], [ -82.170773, 33.75945 ], [ -82.172433, 33.761455 ], [ -82.172872, 33.764733 ], [ -82.172681, 33.765459 ], [ -82.170138, 33.766912 ], [ -82.169886, 33.768681 ], [ -82.16689, 33.770874 ], [ -82.16638, 33.771967 ], [ -82.163423, 33.772649 ], [ -82.162774, 33.774929 ], [ -82.160845, 33.776242 ], [ -82.160265, 33.777728 ], [ -82.161764, 33.779494 ], [ -82.159951, 33.78153 ], [ -82.158827, 33.781938 ], [ -82.155718, 33.781787 ], [ -82.153345, 33.782561 ], [ -82.153466, 33.783286 ], [ -82.155664, 33.784909 ], [ -82.156752, 33.787875 ], [ -82.159163, 33.79038 ], [ -82.159582, 33.791362 ], [ -82.158471, 33.792922 ], [ -82.156708, 33.792719 ], [ -82.155954, 33.791286 ], [ -82.153955, 33.791702 ], [ -82.151169, 33.789783 ], [ -82.148688, 33.789194 ], [ -82.147937, 33.789762 ], [ -82.150175, 33.793779 ], [ -82.149323, 33.794549 ], [ -82.143942, 33.794935 ], [ -82.1427, 33.79584 ], [ -82.141257, 33.798696 ], [ -82.138789, 33.801562 ], [ -82.139178, 33.802694 ], [ -82.141376, 33.805616 ], [ -82.138959, 33.807448 ], [ -82.134075, 33.810185 ], [ -82.134635, 33.811745 ], [ -82.137042, 33.81479 ], [ -82.139721, 33.817343 ], [ -82.138984, 33.818532 ], [ -82.138274, 33.819221 ], [ -82.134974, 33.819313 ], [ -82.133136, 33.81796 ], [ -82.130101, 33.818805 ], [ -82.129305, 33.820812 ], [ -82.127928, 33.822043 ], [ -82.12351, 33.827781 ], [ -82.121773, 33.828057 ], [ -82.116273, 33.827924 ], [ -82.114626, 33.828561 ], [ -82.113728, 33.82988 ], [ -82.1246, 33.84199 ], [ -82.152044, 33.878009 ], [ -82.154551, 33.881673 ], [ -82.156916, 33.891214 ], [ -82.159063, 33.898009 ], [ -82.148275, 33.902811 ], [ -82.155595, 33.928917 ], [ -82.046974, 33.95321 ], [ -82.047425, 33.956809 ], [ -82.045845, 33.970186 ], [ -82.04513, 33.983396 ], [ -82.06845, 33.980381 ], [ -82.073177, 33.979129 ], [ -82.076108, 33.978783 ], [ -82.104777, 33.98444 ], [ -82.108337, 33.98246 ], [ -82.108583, 33.981848 ], [ -82.112121, 33.982332 ], [ -82.151068, 33.986517 ], [ -82.152843, 33.984502 ], [ -82.161995, 33.977271 ], [ -82.167716, 33.973052 ], [ -82.17206, 33.972297 ], [ -82.174836, 33.972433 ], [ -82.184403, 33.974386 ], [ -82.188328, 33.975672 ], [ -82.195431, 33.977306 ], [ -82.200286, 33.978597 ], [ -82.201675, 33.97959 ], [ -82.207153, 33.982068 ], [ -82.210632, 33.984752 ], [ -82.211695, 33.985143 ], [ -82.21394, 33.986077 ], [ -82.220844, 33.991101 ], [ -82.224479, 33.995559 ], [ -82.229911, 33.999908 ], [ -82.231211, 34.004225 ], [ -82.235324, 34.010647 ], [ -82.237693, 34.013146 ], [ -82.243651, 34.017886 ], [ -82.253675, 34.010009 ], [ -82.263129, 34.003097 ], [ -82.291168, 33.980293 ], [ -82.292561, 33.979331 ], [ -82.305882, 33.971789 ], [ -82.306325, 33.97204 ], [ -82.308167, 33.979951 ], [ -82.326947, 34.06412 ], [ -82.373937, 34.057939 ], [ -82.376589, 34.057374 ], [ -82.399138, 34.058333 ], [ -82.452707, 34.060344 ], [ -82.453321, 34.0616 ], [ -82.456851, 34.064118 ], [ -82.459582, 34.064955 ], [ -82.461288, 34.065965 ], [ -82.46425, 34.069817 ], [ -82.466049, 34.071018 ], [ -82.472545, 34.074118 ], [ -82.474043, 34.075419 ], [ -82.475751, 34.075917 ], [ -82.481651, 34.080116 ], [ -82.483551, 34.081215 ], [ -82.484725, 34.080485 ], [ -82.48703, 34.077853 ], [ -82.489012, 34.077508 ], [ -82.491626, 34.076202 ], [ -82.493442, 34.076635 ], [ -82.495231, 34.076405 ], [ -82.49911, 34.074044 ], [ -82.49956, 34.072098 ], [ -82.500851, 34.071903 ], [ -82.508826, 34.071852 ], [ -82.517715, 34.070045 ], [ -82.528786, 34.07177 ], [ -82.530462, 34.071919 ], [ -82.590567, 34.017669 ], [ -82.5945006, 34.0139247 ], [ -82.592674, 34.010368 ] ] ] ] } },
{ "type": "Feature", "properties": { "STATEFP": "45", "COUNTYFP": "041", "COUNTYNS": "01248001", "GEOIDFQ": "0500000US45041", "GEOID": "45041", "NAME": "Florence", "NAMELSAD": "Florence County", "STUSPS": "SC", "STATE_NAME": "South Carolina", "LSAD": "06", "ALAND": 2073299579.0, "AWATER": 9766888.0, "STATE_NAME_HYPHEN": "South-Carolina" }, "geometry": { "type": "MultiPolygon", "coordinates": [ [ [ [ -80.066641, 34.086403 ], [ -80.065815, 34.085075 ], [ -80.066421, 34.084112 ], [ -80.064549, 34.084135 ], [ -80.064054, 34.082326 ], [ -80.062374, 34.082417 ], [ -80.061548, 34.083861 ], [ -80.060668, 34.081455 ], [ -80.059511, 34.082394 ], [ -80.0583, 34.081203 ], [ -80.057447, 34.079096 ], [ -80.054529, 34.081249 ], [ -80.054034, 34.07992 ], [ -80.052409, 34.080126 ], [ -80.051226, 34.079279 ], [ -80.050758, 34.080836 ], [ -80.049244, 34.080515 ], [ -80.050345, 34.078019 ], [ -80.048171, 34.077079 ], [ -80.046904, 34.078476 ], [ -80.045033, 34.078064 ], [ -80.04512, 34.076749 ], [ -80.042968, 34.076666 ], [ -80.039939, 34.078544 ], [ -80.036306, 34.078268 ], [ -80.035398, 34.076985 ], [ -80.031929, 34.076801 ], [ -80.031628, 34.074213 ], [ -80.029563, 34.075037 ], [ -80.028462, 34.073593 ], [ -80.02593, 34.073226 ], [ -80.025298, 34.070936 ], [ -80.023564, 34.070982 ], [ -80.023318, 34.06892 ], [ -80.02051, 34.06814 ], [ -80.019686, 34.066765 ], [ -80.019605, 34.063009 ], [ -80.017047, 34.060969 ], [ -80.012258, 34.060257 ], [ -80.013058, 34.058219 ], [ -80.010306, 34.057897 ], [ -80.008738, 34.056866 ], [ -80.007856, 34.058514 ], [ -80.005051, 34.056268 ], [ -80.006126, 34.053841 ], [ -80.004943, 34.052695 ], [ -80.005962, 34.050932 ], [ -80.004201, 34.050725 ], [ -80.002992, 34.04935 ], [ -80.000791, 34.048936 ], [ -80.000594, 34.047877 ], [ -79.999385, 34.047884 ], [ -80.000875, 34.046279 ], [ -79.996478, 34.045892 ], [ -79.996064, 34.044495 ], [ -79.994248, 34.044702 ], [ -79.994193, 34.043351 ], [ -79.992099, 34.039756 ], [ -79.989292, 34.039161 ], [ -79.986404, 34.039437 ], [ -79.986302, 34.037923 ], [ -79.98537, 34.037911 ], [ -79.982935, 34.036026 ], [ -79.98244, 34.037012 ], [ -79.980432, 34.036783 ], [ -79.981009, 34.034996 ], [ -79.978945, 34.034493 ], [ -79.977651, 34.031882 ], [ -79.976605, 34.031997 ], [ -79.974238, 34.028974 ], [ -79.972697, 34.028791 ], [ -79.971074, 34.027005 ], [ -79.969258, 34.027785 ], [ -79.967112, 34.025838 ], [ -79.966424, 34.026732 ], [ -79.964333, 34.025106 ], [ -79.964498, 34.024327 ], [ -79.962764, 34.022861 ], [ -79.961306, 34.022839 ], [ -79.959766, 34.021373 ], [ -79.955694, 34.020549 ], [ -79.952861, 34.021374 ], [ -79.950825, 34.020779 ], [ -79.950716, 34.021557 ], [ -79.948598, 34.021924 ], [ -79.946947, 34.022955 ], [ -79.946727, 34.021878 ], [ -79.948515, 34.019954 ], [ -79.947497, 34.018076 ], [ -79.944141, 34.018878 ], [ -79.943701, 34.017893 ], [ -79.939107, 34.017298 ], [ -79.937952, 34.018282 ], [ -79.936219, 34.017985 ], [ -79.936907, 34.016931 ], [ -79.931406, 34.01526 ], [ -79.928958, 34.013656 ], [ -79.93003, 34.012121 ], [ -79.928408, 34.011297 ], [ -79.925685, 34.011045 ], [ -79.9253, 34.01038 ], [ -79.927996, 34.009121 ], [ -79.925658, 34.009281 ], [ -79.92464, 34.007494 ], [ -79.922055, 34.008639 ], [ -79.920817, 34.008318 ], [ -79.921175, 34.006829 ], [ -79.919497, 34.007745 ], [ -79.91716, 34.007379 ], [ -79.915345, 34.005637 ], [ -79.913474, 34.007149 ], [ -79.910917, 34.006484 ], [ -79.910725, 34.004812 ], [ -79.90781, 34.004261 ], [ -79.907645, 34.002704 ], [ -79.905582, 34.00307 ], [ -79.905363, 34.00181 ], [ -79.903658, 34.002245 ], [ -79.903741, 34.000893 ], [ -79.905004, 33.999219 ], [ -79.903134, 33.998737 ], [ -79.904097, 33.997043 ], [ -79.901156, 33.994476 ], [ -79.902147, 33.992415 ], [ -79.898737, 33.992666 ], [ -79.8986, 33.991085 ], [ -79.897309, 33.989092 ], [ -79.894229, 33.989709 ], [ -79.893517, 33.988017 ], [ -79.939347, 33.964694 ], [ -79.941819, 33.963321 ], [ -79.973584, 33.947042 ], [ -79.974601, 33.946527 ], [ -79.962331, 33.917621 ], [ -79.952317, 33.89425 ], [ -79.950456, 33.890702 ], [ -79.945948, 33.885997 ], [ -79.944002, 33.885067 ], [ -79.942377, 33.884979 ], [ -79.936835, 33.886202 ], [ -79.932419, 33.886357 ], [ -79.922727, 33.887441 ], [ -79.902425, 33.889063 ], [ -79.899971, 33.889087 ], [ -79.89724, 33.888803 ], [ -79.87562, 33.885245 ], [ -79.866427, 33.884322 ], [ -79.854891, 33.891738 ], [ -79.849437, 33.88757 ], [ -79.847156, 33.884487 ], [ -79.834881, 33.882601 ], [ -79.829293, 33.875117 ], [ -79.827386, 33.873101 ], [ -79.802756, 33.841234 ], [ -79.79837, 33.835562 ], [ -79.768786, 33.835261 ], [ -79.76719, 33.835245 ], [ -79.743388, 33.835056 ], [ -79.742399, 33.832733 ], [ -79.740037, 33.829413 ], [ -79.73946, 33.827832 ], [ -79.73762, 33.825817 ], [ -79.734628, 33.823528 ], [ -79.731964, 33.820002 ], [ -79.728751, 33.816819 ], [ -79.726088, 33.815697 ], [ -79.724936, 33.814552 ], [ -79.721944, 33.814232 ], [ -79.718378, 33.815264 ], [ -79.716731, 33.815333 ], [ -79.710392, 33.813914 ], [ -79.705673, 33.813755 ], [ -79.699635, 33.814007 ], [ -79.697467, 33.811992 ], [ -79.696781, 33.810663 ], [ -79.693598, 33.808235 ], [ -79.691622, 33.80764 ], [ -79.690964, 33.805922 ], [ -79.687973, 33.804914 ], [ -79.686684, 33.805716 ], [ -79.68523, 33.808396 ], [ -79.682678, 33.810457 ], [ -79.679028, 33.811259 ], [ -79.678643, 33.814082 ], [ -79.677327, 33.814694 ], [ -79.672496, 33.815633 ], [ -79.669944, 33.815151 ], [ -79.668682, 33.814006 ], [ -79.666515, 33.813364 ], [ -79.66292, 33.813386 ], [ -79.6596, 33.814233 ], [ -79.655292, 33.81469 ], [ -79.651752, 33.814093 ], [ -79.648885, 33.815261 ], [ -79.6464, 33.815718 ], [ -79.644013, 33.814344 ], [ -79.642256, 33.816518 ], [ -79.639456, 33.817708 ], [ -79.635808, 33.818038 ], [ -79.636773, 33.813767 ], [ -79.635856, 33.810028 ], [ -79.63488, 33.808359 ], [ -79.62481, 33.805806 ], [ -79.620116, 33.804963 ], [ -79.60247, 33.800782 ], [ -79.496486, 33.775357 ], [ -79.496466, 33.775372 ], [ -79.494462, 33.777173 ], [ -79.473316, 33.783747 ], [ -79.471177, 33.78412 ], [ -79.468115, 33.781748 ], [ -79.467651, 33.781779 ], [ -79.463291, 33.782867 ], [ -79.458827, 33.781068 ], [ -79.450555, 33.783984 ], [ -79.450287, 33.784083 ], [ -79.448959, 33.78457 ], [ -79.444463, 33.784579 ], [ -79.441533, 33.784387 ], [ -79.437608, 33.788976 ], [ -79.434398, 33.790762 ], [ -79.433273, 33.792892 ], [ -79.428966, 33.794999 ], [ -79.424604, 33.79564 ], [ -79.418678, 33.799441 ], [ -79.414287, 33.800105 ], [ -79.409871, 33.801569 ], [ -79.404796, 33.801684 ], [ -79.399255, 33.800628 ], [ -79.397197, 33.801177 ], [ -79.397169, 33.802643 ], [ -79.394505, 33.805253 ], [ -79.388798, 33.807289 ], [ -79.386905, 33.807449 ], [ -79.386547, 33.809098 ], [ -79.384049, 33.81157 ], [ -79.384048, 33.812555 ], [ -79.385529, 33.814205 ], [ -79.386021, 33.816196 ], [ -79.385197, 33.817456 ], [ -79.382645, 33.818577 ], [ -79.379079, 33.817294 ], [ -79.376445, 33.817086 ], [ -79.370415, 33.818602 ], [ -79.367726, 33.818419 ], [ -79.365255, 33.816176 ], [ -79.363554, 33.815948 ], [ -79.361496, 33.81478 ], [ -79.356283, 33.815172 ], [ -79.354557, 33.814715 ], [ -79.352229, 33.815135 ], [ -79.350406, 33.813936 ], [ -79.349978, 33.811583 ], [ -79.345452, 33.809426 ], [ -79.344233, 33.80829 ], [ -79.344442, 33.805393 ], [ -79.341172, 33.804171 ], [ -79.340393, 33.802796 ], [ -79.33601, 33.802625 ], [ -79.331412, 33.804812 ], [ -79.332834, 33.802512 ], [ -79.330799, 33.800271 ], [ -79.329669, 33.799841 ], [ -79.32698, 33.800264 ], [ -79.326287, 33.799393 ], [ -79.324317, 33.799123 ], [ -79.325316, 33.802 ], [ -79.324283, 33.80365 ], [ -79.322357, 33.803932 ], [ -79.321022, 33.8031 ], [ -79.319778, 33.799539 ], [ -79.319166, 33.798801 ], [ -79.317282, 33.79932 ], [ -79.316971, 33.800332 ], [ -79.319111, 33.80483 ], [ -79.319, 33.805707 ], [ -79.316987, 33.805517 ], [ -79.314591, 33.806982 ], [ -79.314287, 33.808566 ], [ -79.315088, 33.812063 ], [ -79.315625, 33.812506 ], [ -79.316798, 33.814005 ], [ -79.316446, 33.814883 ], [ -79.314094, 33.816717 ], [ -79.314593, 33.818262 ], [ -79.318007, 33.817969 ], [ -79.319393, 33.819711 ], [ -79.319544, 33.822538 ], [ -79.318952, 33.823485 ], [ -79.315272, 33.825295 ], [ -79.315168, 33.826811 ], [ -79.315978, 33.82731 ], [ -79.319134, 33.825504 ], [ -79.32054, 33.825393 ], [ -79.321077, 33.826669 ], [ -79.320711, 33.830005 ], [ -79.321482, 33.830639 ], [ -79.325924, 33.828756 ], [ -79.32902, 33.828701 ], [ -79.330674, 33.829228 ], [ -79.332014, 33.830431 ], [ -79.336864, 33.832552 ], [ -79.336522, 33.834372 ], [ -79.332389, 33.835243 ], [ -79.332042, 33.836626 ], [ -79.336548, 33.836729 ], [ -79.33728, 33.837464 ], [ -79.338319, 33.840521 ], [ -79.339777, 33.841487 ], [ -79.344857, 33.842596 ], [ -79.34743, 33.842578 ], [ -79.349153, 33.842059 ], [ -79.351181, 33.839992 ], [ -79.351108, 33.837097 ], [ -79.352289, 33.834832 ], [ -79.353769, 33.834081 ], [ -79.355058, 33.834341 ], [ -79.355653, 33.83713 ], [ -79.354626, 33.838754 ], [ -79.353388, 33.839537 ], [ -79.353486, 33.841153 ], [ -79.355374, 33.840903 ], [ -79.358085, 33.842365 ], [ -79.36058, 33.842448 ], [ -79.36383, 33.841819 ], [ -79.366239, 33.842021 ], [ -79.368341, 33.842931 ], [ -79.371424, 33.846204 ], [ -79.372145, 33.848508 ], [ -79.373851, 33.851765 ], [ -79.374745, 33.852699 ], [ -79.378866, 33.855373 ], [ -79.381799, 33.859951 ], [ -79.385553, 33.86184 ], [ -79.388827, 33.864892 ], [ -79.389787, 33.867075 ], [ -79.389517, 33.868749 ], [ -79.388208, 33.870729 ], [ -79.389519, 33.873197 ], [ -79.391168, 33.873863 ], [ -79.393401, 33.87406 ], [ -79.396796, 33.875165 ], [ -79.39862, 33.877213 ], [ -79.398121, 33.879608 ], [ -79.399495, 33.880988 ], [ -79.402312, 33.881095 ], [ -79.407051, 33.882365 ], [ -79.409838, 33.885294 ], [ -79.407082, 33.88699 ], [ -79.404279, 33.887448 ], [ -79.401118, 33.888445 ], [ -79.39917, 33.890224 ], [ -79.400421, 33.892238 ], [ -79.401346, 33.892806 ], [ -79.406762, 33.89296 ], [ -79.412573, 33.892345 ], [ -79.414822, 33.892864 ], [ -79.425172, 33.896835 ], [ -79.428997, 33.897811 ], [ -79.430497, 33.899579 ], [ -79.430051, 33.902172 ], [ -79.430413, 33.903307 ], [ -79.432058, 33.903969 ], [ -79.433788, 33.902998 ], [ -79.436239, 33.903795 ], [ -79.437273, 33.907243 ], [ -79.439582, 33.90877 ], [ -79.4486, 33.911307 ], [ -79.44972, 33.912573 ], [ -79.452206, 33.914835 ], [ -79.451742, 33.916956 ], [ -79.449718, 33.920233 ], [ -79.450938, 33.921935 ], [ -79.452006, 33.924646 ], [ -79.453175, 33.925106 ], [ -79.45534, 33.924415 ], [ -79.457058, 33.923055 ], [ -79.45692, 33.92094 ], [ -79.457636, 33.92006 ], [ -79.459613, 33.920782 ], [ -79.460017, 33.925884 ], [ -79.46292, 33.93177 ], [ -79.464204, 33.93149 ], [ -79.465051, 33.929625 ], [ -79.468116, 33.928128 ], [ -79.469766, 33.928315 ], [ -79.47368, 33.930026 ], [ -79.476798, 33.932618 ], [ -79.476804, 33.93343 ], [ -79.474896, 33.934863 ], [ -79.474653, 33.935728 ], [ -79.475396, 33.938006 ], [ -79.476124, 33.938283 ], [ -79.478885, 33.936932 ], [ -79.482632, 33.937589 ], [ -79.485142, 33.939797 ], [ -79.486131, 33.942543 ], [ -79.491714, 33.946522 ], [ -79.492787, 33.948478 ], [ -79.492008, 33.952599 ], [ -79.489855, 33.954702 ], [ -79.483263, 33.959835 ], [ -79.481911, 33.961695 ], [ -79.481494, 33.964689 ], [ -79.482032, 33.966096 ], [ -79.483409, 33.967493 ], [ -79.484702, 33.968254 ], [ -79.486274, 33.968643 ], [ -79.496095, 33.969257 ], [ -79.498391, 33.970297 ], [ -79.499779, 33.971266 ], [ -79.503029, 33.975381 ], [ -79.505731, 33.979181 ], [ -79.507291, 33.984691 ], [ -79.509468, 33.987715 ], [ -79.51694, 33.99398 ], [ -79.517133, 33.99543 ], [ -79.515002, 33.997777 ], [ -79.511272, 34.000162 ], [ -79.508899, 34.003747 ], [ -79.508976, 34.006372 ], [ -79.510046, 34.00827 ], [ -79.512258, 34.010553 ], [ -79.512825, 34.013761 ], [ -79.511259, 34.017394 ], [ -79.510777, 34.019775 ], [ -79.511198, 34.021934 ], [ -79.512743, 34.02618 ], [ -79.513525, 34.031318 ], [ -79.513455, 34.032852 ], [ -79.511237, 34.037944 ], [ -79.511447, 34.040925 ], [ -79.513432, 34.042921 ], [ -79.513049, 34.046746 ], [ -79.513816, 34.047262 ], [ -79.516934, 34.047825 ], [ -79.51804, 34.049394 ], [ -79.519014, 34.05268 ], [ -79.52149, 34.055528 ], [ -79.521724, 34.057164 ], [ -79.521207, 34.060301 ], [ -79.522312, 34.06138 ], [ -79.524637, 34.061666 ], [ -79.526905, 34.062877 ], [ -79.52783, 34.065029 ], [ -79.526261, 34.067254 ], [ -79.526604, 34.069267 ], [ -79.528251, 34.070969 ], [ -79.532203, 34.071948 ], [ -79.535512, 34.073545 ], [ -79.535909, 34.076085 ], [ -79.53488, 34.077188 ], [ -79.532149, 34.078063 ], [ -79.530282, 34.079264 ], [ -79.529718, 34.081309 ], [ -79.53072, 34.087306 ], [ -79.530864, 34.09449 ], [ -79.5294, 34.098227 ], [ -79.529062, 34.100249 ], [ -79.527703, 34.100371 ], [ -79.526412, 34.099414 ], [ -79.521345, 34.099023 ], [ -79.517366, 34.096225 ], [ -79.516356, 34.096278 ], [ -79.515308, 34.097207 ], [ -79.515685, 34.098442 ], [ -79.518556, 34.100568 ], [ -79.5198, 34.102435 ], [ -79.519417, 34.103505 ], [ -79.517573, 34.103713 ], [ -79.515474, 34.103047 ], [ -79.514141, 34.104534 ], [ -79.514513, 34.105475 ], [ -79.520191, 34.10733 ], [ -79.520862, 34.108307 ], [ -79.518291, 34.109809 ], [ -79.518615, 34.111412 ], [ -79.522442, 34.112309 ], [ -79.523883, 34.113762 ], [ -79.524575, 34.115581 ], [ -79.523775, 34.118368 ], [ -79.521553, 34.120872 ], [ -79.520156, 34.123844 ], [ -79.51821, 34.12516 ], [ -79.517206, 34.12677 ], [ -79.518984, 34.128269 ], [ -79.520464, 34.127917 ], [ -79.522765, 34.125866 ], [ -79.524537, 34.12516 ], [ -79.527104, 34.124794 ], [ -79.531025, 34.12516 ], [ -79.532479, 34.126311 ], [ -79.533779, 34.130159 ], [ -79.532418, 34.133723 ], [ -79.532586, 34.135701 ], [ -79.5342, 34.136798 ], [ -79.540211, 34.138304 ], [ -79.541624, 34.139168 ], [ -79.543931, 34.142374 ], [ -79.544499, 34.143779 ], [ -79.543622, 34.147172 ], [ -79.543957, 34.151698 ], [ -79.5457, 34.153768 ], [ -79.547999, 34.155128 ], [ -79.552479, 34.156911 ], [ -79.554417, 34.158073 ], [ -79.55551, 34.159509 ], [ -79.558876, 34.166095 ], [ -79.561912, 34.170067 ], [ -79.566115, 34.173227 ], [ -79.568984, 34.175087 ], [ -79.569917, 34.176725 ], [ -79.571834, 34.183689 ], [ -79.57188, 34.185366 ], [ -79.571241, 34.187315 ], [ -79.568992, 34.190448 ], [ -79.563, 34.19612 ], [ -79.559538, 34.198456 ], [ -79.556353, 34.199079 ], [ -79.550673, 34.201361 ], [ -79.548523, 34.204095 ], [ -79.548316, 34.204432 ], [ -79.547439, 34.20652 ], [ -79.54573, 34.210809 ], [ -79.544036, 34.219676 ], [ -79.544163, 34.221101 ], [ -79.54404, 34.225186 ], [ -79.544578, 34.226257 ], [ -79.54793, 34.230913 ], [ -79.549312, 34.234172 ], [ -79.55145, 34.236608 ], [ -79.555487, 34.241784 ], [ -79.557306, 34.246501 ], [ -79.559828, 34.251284 ], [ -79.560686, 34.255943 ], [ -79.561567, 34.257944 ], [ -79.562077, 34.258517 ], [ -79.56761, 34.26 ], [ -79.56902, 34.260632 ], [ -79.571557, 34.26267 ], [ -79.57416, 34.269365 ], [ -79.576663, 34.272587 ], [ -79.580171, 34.274216 ], [ -79.583636, 34.276909 ], [ -79.587191, 34.281382 ], [ -79.589701, 34.28317 ], [ -79.595133, 34.286005 ], [ -79.598974, 34.289222 ], [ -79.601003, 34.290532 ], [ -79.607718, 34.292693 ], [ -79.611634, 34.294597 ], [ -79.616248, 34.296332 ], [ -79.617609, 34.297171 ], [ -79.62386, 34.300556 ], [ -79.626583, 34.300944 ], [ -79.627748, 34.300554 ], [ -79.629669, 34.297454 ], [ -79.631124, 34.296848 ], [ -79.633413, 34.297994 ], [ -79.633748, 34.298372 ], [ -79.63442, 34.30033 ], [ -79.635373, 34.301299 ], [ -79.637946, 34.30023 ], [ -79.641751, 34.299762 ], [ -79.644463, 34.30119 ], [ -79.650664, 34.303057 ], [ -79.653408, 34.304124 ], [ -79.657764, 34.30519 ], [ -79.661007, 34.305867 ], [ -79.662386, 34.307585 ], [ -79.66534, 34.30628 ], [ -79.667989, 34.304448 ], [ -79.670668, 34.304013 ], [ -79.672131, 34.302731 ], [ -79.672241, 34.301219 ], [ -79.675747, 34.297096 ], [ -79.675195, 34.295699 ], [ -79.678314, 34.292584 ], [ -79.678866, 34.290844 ], [ -79.67848, 34.288828 ], [ -79.679225, 34.287798 ], [ -79.681846, 34.286836 ], [ -79.682867, 34.285462 ], [ -79.685599, 34.284431 ], [ -79.689406, 34.284798 ], [ -79.692304, 34.286103 ], [ -79.69785, 34.289263 ], [ -79.703011, 34.289217 ], [ -79.705688, 34.290614 ], [ -79.708309, 34.291255 ], [ -79.711206, 34.291231 ], [ -79.71656, 34.292078 ], [ -79.721914, 34.293999 ], [ -79.724782, 34.296988 ], [ -79.726883, 34.295908 ], [ -79.727569, 34.295443 ], [ -79.729566, 34.29519 ], [ -79.749783, 34.25568 ], [ -79.750778, 34.253521 ], [ -79.752562, 34.250616 ], [ -79.752483, 34.247253 ], [ -79.749483, 34.246353 ], [ -79.749383, 34.245053 ], [ -79.753794, 34.245642 ], [ -79.758383, 34.246753 ], [ -79.759583, 34.246053 ], [ -79.766109, 34.247485 ], [ -79.771283, 34.248953 ], [ -79.772683, 34.248153 ], [ -79.776783, 34.249053 ], [ -79.780683, 34.248853 ], [ -79.785183, 34.249354 ], [ -79.790294, 34.250557 ], [ -79.797942, 34.254711 ], [ -79.801083, 34.254952 ], [ -79.806031, 34.253041 ], [ -79.809021, 34.252438 ], [ -79.812196, 34.248677 ], [ -79.819058, 34.245347 ], [ -79.837478, 34.233653 ], [ -79.868673, 34.213903 ], [ -79.88482, 34.203679 ], [ -79.890178, 34.200287 ], [ -79.89542, 34.196968 ], [ -79.91398, 34.185216 ], [ -79.946914, 34.164314 ], [ -79.974125, 34.147027 ], [ -80.033546, 34.109276 ], [ -80.069878, 34.086191 ], [ -80.066641, 34.086403 ] ] ] ] } },
{ "type": "Feature", "properties": { "STATEFP": "45", "COUNTYFP": "071", "COUNTYNS": "01248013", "GEOIDFQ": "0500000US45071", "GEOID": "45071", "NAME": "Newberry", "NAMELSAD": "Newberry County", "STUSPS": "SC", "STATE_NAME": "South Carolina", "LSAD": "06", "ALAND": 1632484450.0, "AWATER": 43979027.0, "STATE_NAME_HYPHEN": "South-Carolina" }, "geometry": { "type": "MultiPolygon", "coordinates": [ [ [ [ -81.945019, 34.203148 ], [ -81.943697, 34.202002 ], [ -81.940815, 34.198068 ], [ -81.93908, 34.195465 ], [ -81.936907, 34.194532 ], [ -81.932995, 34.195289 ], [ -81.931108, 34.196075 ], [ -81.926748, 34.195856 ], [ -81.924818, 34.194914 ], [ -81.920471, 34.192013 ], [ -81.91947, 34.190722 ], [ -81.920107, 34.189308 ], [ -81.921712, 34.188304 ], [ -81.922473, 34.186227 ], [ -81.919929, 34.18363 ], [ -81.91859, 34.17835 ], [ -81.916989, 34.176981 ], [ -81.912892, 34.177624 ], [ -81.908091, 34.179036 ], [ -81.905445, 34.178055 ], [ -81.904473, 34.176408 ], [ -81.904504, 34.172822 ], [ -81.906334, 34.170761 ], [ -81.907607, 34.167641 ], [ -81.907693, 34.161902 ], [ -81.905606, 34.160411 ], [ -81.902576, 34.158956 ], [ -81.898616, 34.156445 ], [ -81.897862, 34.155136 ], [ -81.899185, 34.151487 ], [ -81.898213, 34.147611 ], [ -81.897154, 34.146307 ], [ -81.894648, 34.14518 ], [ -81.89251, 34.144865 ], [ -81.888146, 34.14351 ], [ -81.88358, 34.142639 ], [ -81.881297, 34.141543 ], [ -81.878535, 34.137656 ], [ -81.877438, 34.136861 ], [ -81.870084, 34.135357 ], [ -81.867213, 34.136894 ], [ -81.866664, 34.138132 ], [ -81.866727, 34.140926 ], [ -81.868035, 34.142682 ], [ -81.872763, 34.145809 ], [ -81.872978, 34.147794 ], [ -81.87099, 34.149996 ], [ -81.871689, 34.151202 ], [ -81.875926, 34.155783 ], [ -81.878848, 34.156704 ], [ -81.879248, 34.157881 ], [ -81.878528, 34.159516 ], [ -81.876102, 34.161845 ], [ -81.875593, 34.163051 ], [ -81.875848, 34.164844 ], [ -81.87685, 34.16636 ], [ -81.876356, 34.167834 ], [ -81.870677, 34.170595 ], [ -81.8665, 34.172051 ], [ -81.862502, 34.176435 ], [ -81.860571, 34.179373 ], [ -81.853377, 34.180082 ], [ -81.848576, 34.177471 ], [ -81.845626, 34.174923 ], [ -81.842461, 34.173111 ], [ -81.838918, 34.172184 ], [ -81.835863, 34.175456 ], [ -81.834206, 34.177996 ], [ -81.83206, 34.179619 ], [ -81.827264, 34.182187 ], [ -81.825677, 34.180742 ], [ -81.827864, 34.177906 ], [ -81.829756, 34.176728 ], [ -81.828806, 34.173622 ], [ -81.827335, 34.172838 ], [ -81.823832, 34.172433 ], [ -81.818431, 34.173095 ], [ -81.815089, 34.174395 ], [ -81.810816, 34.175381 ], [ -81.808395, 34.175173 ], [ -81.805202, 34.173857 ], [ -81.799985, 34.17243 ], [ -81.796127, 34.170329 ], [ -81.793584, 34.169318 ], [ -81.790256, 34.169584 ], [ -81.788676, 34.172045 ], [ -81.786793, 34.171973 ], [ -81.784165, 34.172681 ], [ -81.782267, 34.172178 ], [ -81.781422, 34.171288 ], [ -81.78143, 34.169764 ], [ -81.783772, 34.167895 ], [ -81.785243, 34.168807 ], [ -81.785946, 34.166477 ], [ -81.785604, 34.165914 ], [ -81.780231, 34.166353 ], [ -81.780058, 34.165105 ], [ -81.778804, 34.164667 ], [ -81.773636, 34.166591 ], [ -81.77182, 34.16955 ], [ -81.771674, 34.171967 ], [ -81.771025, 34.173854 ], [ -81.768863, 34.174908 ], [ -81.766004, 34.174635 ], [ -81.763345, 34.173959 ], [ -81.760609, 34.175644 ], [ -81.758263, 34.175544 ], [ -81.75534, 34.177437 ], [ -81.753858, 34.177709 ], [ -81.749177, 34.177097 ], [ -81.746953, 34.178212 ], [ -81.743947, 34.179158 ], [ -81.741718, 34.182106 ], [ -81.737944, 34.185663 ], [ -81.73419, 34.187194 ], [ -81.731614, 34.187613 ], [ -81.729077, 34.18642 ], [ -81.726303, 34.184349 ], [ -81.724115, 34.18131 ], [ -81.720883, 34.178326 ], [ -81.718593, 34.176606 ], [ -81.715502, 34.175234 ], [ -81.709036, 34.173179 ], [ -81.704527, 34.172714 ], [ -81.700284, 34.172993 ], [ -81.696667, 34.174049 ], [ -81.693705, 34.173954 ], [ -81.691503, 34.172943 ], [ -81.684112, 34.166736 ], [ -81.682493, 34.165967 ], [ -81.679116, 34.164955 ], [ -81.676667, 34.163224 ], [ -81.674346, 34.157695 ], [ -81.672671, 34.156009 ], [ -81.6672, 34.154732 ], [ -81.66009, 34.1523 ], [ -81.657065, 34.149768 ], [ -81.654886, 34.148385 ], [ -81.647418, 34.14604 ], [ -81.645685, 34.145943 ], [ -81.642671, 34.146573 ], [ -81.639438, 34.146637 ], [ -81.636963, 34.146181 ], [ -81.63203, 34.142436 ], [ -81.631348, 34.141617 ], [ -81.62996, 34.137577 ], [ -81.624828, 34.128748 ], [ -81.622676, 34.126301 ], [ -81.619946, 34.124724 ], [ -81.616007, 34.123982 ], [ -81.608915, 34.123539 ], [ -81.607615, 34.123161 ], [ -81.606454, 34.121712 ], [ -81.604293, 34.120296 ], [ -81.60248, 34.114759 ], [ -81.600468, 34.112906 ], [ -81.599713, 34.112905 ], [ -81.599026, 34.113113 ], [ -81.59792, 34.116155 ], [ -81.596516, 34.117493 ], [ -81.595286, 34.118459 ], [ -81.593689, 34.118504 ], [ -81.589596, 34.117212 ], [ -81.588619, 34.116338 ], [ -81.585536, 34.111648 ], [ -81.58277, 34.109437 ], [ -81.57135, 34.099714 ], [ -81.568511, 34.099687 ], [ -81.566463, 34.100075 ], [ -81.563416, 34.09926 ], [ -81.558503, 34.096133 ], [ -81.554151, 34.094072 ], [ -81.548539, 34.093905 ], [ -81.54734, 34.093425 ], [ -81.545585, 34.091 ], [ -81.544283, 34.087287 ], [ -81.542359, 34.084216 ], [ -81.540507, 34.083304 ], [ -81.538899, 34.081744 ], [ -81.536868, 34.081626 ], [ -81.533607, 34.08207 ], [ -81.530171, 34.082893 ], [ -81.524801, 34.082701 ], [ -81.518834, 34.081393 ], [ -81.51385, 34.082253 ], [ -81.512835, 34.081709 ], [ -81.511147, 34.078709 ], [ -81.509632, 34.076952 ], [ -81.505562, 34.074825 ], [ -81.502477, 34.07388 ], [ -81.499825, 34.074817 ], [ -81.495772, 34.076844 ], [ -81.492501, 34.076777 ], [ -81.487989, 34.079106 ], [ -81.48699, 34.081332 ], [ -81.485078, 34.082299 ], [ -81.482147, 34.081901 ], [ -81.477342, 34.078032 ], [ -81.472674, 34.076494 ], [ -81.471972, 34.076552 ], [ -81.470665, 34.077122 ], [ -81.470024, 34.077872 ], [ -81.469364, 34.079186 ], [ -81.468404, 34.08439 ], [ -81.467665, 34.086036 ], [ -81.465666, 34.087551 ], [ -81.463628, 34.087275 ], [ -81.45991, 34.084317 ], [ -81.458512, 34.08367 ], [ -81.455911, 34.083328 ], [ -81.454164, 34.081858 ], [ -81.449302, 34.080101 ], [ -81.444674, 34.077884 ], [ -81.440976, 34.078397 ], [ -81.434811, 34.082013 ], [ -81.43022, 34.0835 ], [ -81.42624, 34.083503 ], [ -81.424727, 34.08317 ], [ -81.419992, 34.079903 ], [ -81.418508, 34.077916 ], [ -81.414734, 34.07419 ], [ -81.41129, 34.073128 ], [ -81.406709, 34.073016 ], [ -81.404439, 34.072464 ], [ -81.40282, 34.070839 ], [ -81.394083, 34.071545 ], [ -81.392792, 34.074004 ], [ -81.390139, 34.075255 ], [ -81.388235, 34.079347 ], [ -81.38967, 34.081375 ], [ -81.391862, 34.082629 ], [ -81.394383, 34.085119 ], [ -81.397013, 34.085979 ], [ -81.399301, 34.089358 ], [ -81.400502, 34.091851 ], [ -81.403675, 34.09422 ], [ -81.403254, 34.0979 ], [ -81.405594, 34.098395 ], [ -81.408283, 34.098335 ], [ -81.408991, 34.09882 ], [ -81.409446, 34.100879 ], [ -81.412124, 34.102875 ], [ -81.41321, 34.104248 ], [ -81.412976, 34.106362 ], [ -81.41548, 34.107488 ], [ -81.416509, 34.10707 ], [ -81.41708, 34.109814 ], [ -81.419721, 34.109334 ], [ -81.422158, 34.110007 ], [ -81.421992, 34.111266 ], [ -81.420233, 34.114039 ], [ -81.420912, 34.115493 ], [ -81.42695, 34.117365 ], [ -81.432203, 34.121254 ], [ -81.433661, 34.125125 ], [ -81.435493, 34.128899 ], [ -81.435842, 34.129365 ], [ -81.437172, 34.129963 ], [ -81.436563, 34.130805 ], [ -81.422754, 34.150567 ], [ -81.410226, 34.168672 ], [ -81.403672, 34.177876 ], [ -81.402981, 34.177891 ], [ -81.399492, 34.17763 ], [ -81.387139, 34.176752 ], [ -81.374766, 34.179009 ], [ -81.373274, 34.179599 ], [ -81.371677, 34.180622 ], [ -81.360152, 34.189065 ], [ -81.352349, 34.196689 ], [ -81.342881, 34.197462 ], [ -81.338961, 34.197587 ], [ -81.341546, 34.201435 ], [ -81.343423, 34.202703 ], [ -81.345328, 34.20503 ], [ -81.328793, 34.227335 ], [ -81.316911, 34.239458 ], [ -81.318557, 34.24157 ], [ -81.321072, 34.243731 ], [ -81.322967, 34.245987 ], [ -81.324444, 34.249286 ], [ -81.326843, 34.252814 ], [ -81.328381, 34.257022 ], [ -81.330144, 34.259084 ], [ -81.334963, 34.262355 ], [ -81.340552, 34.265257 ], [ -81.341804, 34.266311 ], [ -81.342297, 34.266928 ], [ -81.345335, 34.275917 ], [ -81.34534, 34.279166 ], [ -81.344285, 34.282736 ], [ -81.339674, 34.289981 ], [ -81.33961, 34.292197 ], [ -81.341154, 34.295407 ], [ -81.343494, 34.298183 ], [ -81.346747, 34.300074 ], [ -81.351539, 34.301518 ], [ -81.353991, 34.302884 ], [ -81.358978, 34.310519 ], [ -81.361278, 34.315938 ], [ -81.36167, 34.317812 ], [ -81.363726, 34.32126 ], [ -81.365177, 34.322745 ], [ -81.366471, 34.325822 ], [ -81.365836, 34.330424 ], [ -81.366611, 34.332149 ], [ -81.368853, 34.335093 ], [ -81.37042, 34.337666 ], [ -81.37153, 34.340693 ], [ -81.371354, 34.342714 ], [ -81.370388, 34.345813 ], [ -81.371459, 34.350403 ], [ -81.372941, 34.352854 ], [ -81.374466, 34.35458 ], [ -81.376719, 34.359748 ], [ -81.378161, 34.362089 ], [ -81.3817, 34.365477 ], [ -81.382693, 34.367183 ], [ -81.38365, 34.370313 ], [ -81.383772, 34.372257 ], [ -81.384674, 34.375141 ], [ -81.387271, 34.380256 ], [ -81.389714, 34.383034 ], [ -81.394845, 34.387098 ], [ -81.39653, 34.389809 ], [ -81.397322, 34.392593 ], [ -81.397948, 34.400933 ], [ -81.399779, 34.404378 ], [ -81.40506, 34.411813 ], [ -81.40624, 34.414488 ], [ -81.406121, 34.419044 ], [ -81.406591, 34.421693 ], [ -81.409956, 34.427391 ], [ -81.410345, 34.431808 ], [ -81.411211, 34.433252 ], [ -81.414395, 34.439131 ], [ -81.415101, 34.442854 ], [ -81.416053, 34.445167 ], [ -81.4196, 34.450825 ], [ -81.42124, 34.453824 ], [ -81.420643, 34.456459 ], [ -81.415757, 34.462078 ], [ -81.415218, 34.464328 ], [ -81.412853, 34.467946 ], [ -81.412494, 34.469879 ], [ -81.413008, 34.473009 ], [ -81.414962, 34.477769 ], [ -81.415977, 34.479515 ], [ -81.422449, 34.482217 ], [ -81.42344, 34.492284 ], [ -81.423241, 34.494379 ], [ -81.425329, 34.495813 ], [ -81.42772, 34.495633 ], [ -81.428939, 34.494592 ], [ -81.429856, 34.492571 ], [ -81.43344, 34.492407 ], [ -81.435554, 34.496257 ], [ -81.436835, 34.496997 ], [ -81.439692, 34.496922 ], [ -81.442874, 34.495839 ], [ -81.443702, 34.494748 ], [ -81.443717, 34.49069 ], [ -81.444938, 34.487991 ], [ -81.446717, 34.488215 ], [ -81.448979, 34.490345 ], [ -81.452196, 34.490243 ], [ -81.457287, 34.487046 ], [ -81.458723, 34.486973 ], [ -81.462142, 34.490262 ], [ -81.465596, 34.491492 ], [ -81.468409, 34.494234 ], [ -81.474535, 34.490262 ], [ -81.479735, 34.49001 ], [ -81.483597, 34.489083 ], [ -81.484647, 34.490003 ], [ -81.499824, 34.478036 ], [ -81.507782, 34.472301 ], [ -81.54043, 34.445027 ], [ -81.541005, 34.445034 ], [ -81.542398, 34.446236 ], [ -81.541316, 34.447681 ], [ -81.541656, 34.448615 ], [ -81.545901, 34.448539 ], [ -81.547961, 34.449737 ], [ -81.549276, 34.451279 ], [ -81.551098, 34.452205 ], [ -81.551515, 34.456015 ], [ -81.552308, 34.457199 ], [ -81.550688, 34.458764 ], [ -81.549411, 34.458521 ], [ -81.54832, 34.460816 ], [ -81.547605, 34.45994 ], [ -81.546116, 34.46048 ], [ -81.546343, 34.461925 ], [ -81.548669, 34.462748 ], [ -81.552161, 34.462687 ], [ -81.554822, 34.462277 ], [ -81.556878, 34.463081 ], [ -81.557021, 34.463921 ], [ -81.554603, 34.466561 ], [ -81.553122, 34.467602 ], [ -81.551779, 34.470294 ], [ -81.552349, 34.472107 ], [ -81.553543, 34.473845 ], [ -81.552468, 34.474939 ], [ -81.55288, 34.476781 ], [ -81.55727, 34.478665 ], [ -81.559258, 34.480222 ], [ -81.563346, 34.482536 ], [ -81.564585, 34.484389 ], [ -81.567603, 34.486477 ], [ -81.570647, 34.488081 ], [ -81.573293, 34.490165 ], [ -81.575014, 34.490861 ], [ -81.578581, 34.494327 ], [ -81.581389, 34.494585 ], [ -81.58503, 34.496283 ], [ -81.588426, 34.496805 ], [ -81.589859, 34.49831 ], [ -81.591812, 34.502072 ], [ -81.593425, 34.504269 ], [ -81.598511, 34.509027 ], [ -81.600284, 34.510011 ], [ -81.602717, 34.51285 ], [ -81.605022, 34.513275 ], [ -81.607721, 34.512576 ], [ -81.609862, 34.513767 ], [ -81.613374, 34.51375 ], [ -81.614059, 34.516139 ], [ -81.616966, 34.51793 ], [ -81.617737, 34.52213 ], [ -81.617302, 34.524369 ], [ -81.617791, 34.525249 ], [ -81.623322, 34.524718 ], [ -81.625108, 34.522793 ], [ -81.62719, 34.521685 ], [ -81.628558, 34.522503 ], [ -81.627861, 34.524176 ], [ -81.62856, 34.525331 ], [ -81.631211, 34.52733 ], [ -81.634198, 34.527443 ], [ -81.63594, 34.527112 ], [ -81.640184, 34.527501 ], [ -81.64079, 34.528146 ], [ -81.641706, 34.53114 ], [ -81.643552, 34.533652 ], [ -81.645129, 34.53146 ], [ -81.645825, 34.52734 ], [ -81.649582, 34.520423 ], [ -81.649702, 34.517709 ], [ -81.654035, 34.514415 ], [ -81.657691, 34.513324 ], [ -81.658615, 34.510796 ], [ -81.66125, 34.50738 ], [ -81.66475, 34.505335 ], [ -81.672824, 34.49477 ], [ -81.702221, 34.456012 ], [ -81.703468, 34.453413 ], [ -81.703198, 34.452631 ], [ -81.704235, 34.453361 ], [ -81.706748, 34.453213 ], [ -81.708994, 34.452503 ], [ -81.714482, 34.449342 ], [ -81.715683, 34.448961 ], [ -81.717476, 34.448934 ], [ -81.722491, 34.449661 ], [ -81.723524, 34.447128 ], [ -81.724734, 34.445353 ], [ -81.728203, 34.443409 ], [ -81.730071, 34.441278 ], [ -81.734455, 34.437736 ], [ -81.734104, 34.43528 ], [ -81.735857, 34.433224 ], [ -81.737103, 34.430544 ], [ -81.738183, 34.429083 ], [ -81.741762, 34.426199 ], [ -81.743175, 34.423402 ], [ -81.745941, 34.421672 ], [ -81.747462, 34.419591 ], [ -81.746653, 34.417887 ], [ -81.746212, 34.414166 ], [ -81.747064, 34.412908 ], [ -81.74983, 34.410729 ], [ -81.754377, 34.407925 ], [ -81.754859, 34.403458 ], [ -81.756099, 34.400851 ], [ -81.757867, 34.39856 ], [ -81.759188, 34.398052 ], [ -81.762189, 34.398052 ], [ -81.763756, 34.394277 ], [ -81.765911, 34.391405 ], [ -81.774607, 34.383946 ], [ -81.776075, 34.382217 ], [ -81.778407, 34.378887 ], [ -81.780906, 34.373198 ], [ -81.780456, 34.369184 ], [ -81.780592, 34.367721 ], [ -81.781755, 34.366031 ], [ -81.782627, 34.365089 ], [ -81.785754, 34.363272 ], [ -81.792296, 34.359586 ], [ -81.797337, 34.357229 ], [ -81.800864, 34.354518 ], [ -81.806538, 34.350588 ], [ -81.812999, 34.347558 ], [ -81.817959, 34.346788 ], [ -81.823456, 34.346863 ], [ -81.832168, 34.344899 ], [ -81.836861, 34.342805 ], [ -81.840254, 34.339731 ], [ -81.844694, 34.335135 ], [ -81.849816, 34.332984 ], [ -81.850582, 34.329104 ], [ -81.848467, 34.323528 ], [ -81.852284, 34.322482 ], [ -81.855198, 34.320723 ], [ -81.856168, 34.318689 ], [ -81.858375, 34.318333 ], [ -81.861302, 34.315545 ], [ -81.865085, 34.316734 ], [ -81.867573, 34.31639 ], [ -81.869135, 34.314462 ], [ -81.869722, 34.31411 ], [ -81.871309, 34.312415 ], [ -81.872621, 34.312031 ], [ -81.877354, 34.312247 ], [ -81.88027, 34.311768 ], [ -81.883076, 34.311964 ], [ -81.883652, 34.310735 ], [ -81.88815, 34.304846 ], [ -81.889655, 34.303821 ], [ -81.893003, 34.302924 ], [ -81.895331, 34.300497 ], [ -81.89577, 34.295849 ], [ -81.898091, 34.290239 ], [ -81.899742, 34.284892 ], [ -81.900501, 34.280948 ], [ -81.901711, 34.276471 ], [ -81.903461, 34.273469 ], [ -81.90296, 34.264535 ], [ -81.9032, 34.263286 ], [ -81.906646, 34.259066 ], [ -81.908041, 34.257896 ], [ -81.909228, 34.255592 ], [ -81.910121, 34.250614 ], [ -81.911351, 34.246345 ], [ -81.915619, 34.240537 ], [ -81.923777, 34.230895 ], [ -81.924472, 34.229594 ], [ -81.925742, 34.225812 ], [ -81.926727, 34.219721 ], [ -81.929241, 34.21769 ], [ -81.932843, 34.216457 ], [ -81.934721, 34.215388 ], [ -81.938624, 34.210819 ], [ -81.941961, 34.208593 ], [ -81.943718, 34.206054 ], [ -81.945019, 34.203148 ] ] ] ] } },
{ "type": "Feature", "properties": { "STATEFP": "45", "COUNTYFP": "009", "COUNTYNS": "01247982", "GEOIDFQ": "0500000US45009", "GEOID": "45009", "NAME": "Bamberg", "NAMELSAD": "Bamberg County", "STUSPS": "SC", "STATE_NAME": "South Carolina", "LSAD": "06", "ALAND": 1018815104.0, "AWATER": 5686290.0, "STATE_NAME_HYPHEN": "South-Carolina" }, "geometry": { "type": "MultiPolygon", "coordinates": [ [ [ [ -81.227804, 33.160697 ], [ -81.225815, 33.160353 ], [ -81.225787, 33.156528 ], [ -81.223308, 33.156506 ], [ -81.221619, 33.155727 ], [ -81.220692, 33.154466 ], [ -81.220419, 33.152016 ], [ -81.218185, 33.15055 ], [ -81.215924, 33.150115 ], [ -81.215924, 33.14748 ], [ -81.213309, 33.145854 ], [ -81.213499, 33.14464 ], [ -81.211456, 33.143541 ], [ -81.210393, 33.140403 ], [ -81.210801, 33.138821 ], [ -81.210202, 33.137034 ], [ -81.208921, 33.135866 ], [ -81.210092, 33.133712 ], [ -81.208458, 33.133071 ], [ -81.207994, 33.131467 ], [ -81.206524, 33.130688 ], [ -81.206442, 33.129635 ], [ -81.203882, 33.129223 ], [ -81.198327, 33.126588 ], [ -81.197755, 33.123548 ], [ -81.195931, 33.121257 ], [ -81.192881, 33.11954 ], [ -81.193099, 33.118668 ], [ -81.18975, 33.116492 ], [ -81.189233, 33.114476 ], [ -81.185993, 33.113399 ], [ -81.183434, 33.111223 ], [ -81.181148, 33.108725 ], [ -81.179623, 33.105539 ], [ -81.176928, 33.104487 ], [ -81.174151, 33.101967 ], [ -81.172137, 33.098988 ], [ -81.170777, 33.095688 ], [ -81.168681, 33.094955 ], [ -81.161878, 33.091425 ], [ -81.155783, 33.085558 ], [ -81.152382, 33.082853 ], [ -81.148709, 33.080905 ], [ -81.146506, 33.077995 ], [ -81.144903, 33.072792 ], [ -81.141475, 33.070386 ], [ -81.139517, 33.068576 ], [ -81.136144, 33.066603 ], [ -81.134295, 33.064679 ], [ -81.132935, 33.064129 ], [ -81.131548, 33.062157 ], [ -81.128639, 33.059544 ], [ -81.128096, 33.057091 ], [ -81.124449, 33.053218 ], [ -81.121825, 33.052028 ], [ -81.118097, 33.051549 ], [ -81.115675, 33.049809 ], [ -81.110642, 33.049719 ], [ -81.106942, 33.048758 ], [ -81.101174, 33.049104 ], [ -81.098508, 33.047207 ], [ -81.09701, 33.043743 ], [ -81.095487, 33.043882 ], [ -81.095676, 33.042507 ], [ -81.09486, 33.040973 ], [ -81.092221, 33.040217 ], [ -81.092085, 33.039278 ], [ -81.089908, 33.039187 ], [ -81.088303, 33.036414 ], [ -81.086562, 33.035201 ], [ -81.086319, 33.031717 ], [ -81.083058, 33.028042 ], [ -81.082291, 33.02663 ], [ -81.057624, 33.039549 ], [ -81.05683, 33.039834 ], [ -81.056276, 33.040261 ], [ -81.031189, 33.053468 ], [ -81.012804, 33.063056 ], [ -80.937157, 33.102584 ], [ -80.936369, 33.100733 ], [ -80.931633, 33.098258 ], [ -80.931034, 33.097136 ], [ -80.930091, 33.090851 ], [ -80.927505, 33.087123 ], [ -80.927055, 33.085755 ], [ -80.925406, 33.085408 ], [ -80.924461, 33.084238 ], [ -80.919317, 33.081266 ], [ -80.917072, 33.079131 ], [ -80.917976, 33.077581 ], [ -80.917005, 33.076092 ], [ -80.917285, 33.07431 ], [ -80.916103, 33.071891 ], [ -80.910351, 33.068755 ], [ -80.909389, 33.067039 ], [ -80.907451, 33.066003 ], [ -80.906824, 33.064778 ], [ -80.906339, 33.063303 ], [ -80.906883, 33.062034 ], [ -80.906025, 33.060228 ], [ -80.896074, 33.06141 ], [ -80.893787, 33.069459 ], [ -80.892641, 33.071037 ], [ -80.891958, 33.073287 ], [ -80.89188, 33.075491 ], [ -80.890558, 33.078083 ], [ -80.888117, 33.080485 ], [ -80.885586, 33.084771 ], [ -80.882561, 33.088393 ], [ -80.882234, 33.089701 ], [ -80.880165, 33.091419 ], [ -80.876896, 33.093181 ], [ -80.879138, 33.096387 ], [ -80.881291, 33.098508 ], [ -80.88588, 33.100486 ], [ -80.887834, 33.100633 ], [ -80.889025, 33.102211 ], [ -80.888748, 33.107111 ], [ -80.887851, 33.112269 ], [ -80.890521, 33.119339 ], [ -80.891671, 33.119777 ], [ -80.895426, 33.125348 ], [ -80.849057, 33.149377 ], [ -80.797912, 33.176944 ], [ -80.803601, 33.177756 ], [ -80.804445, 33.179039 ], [ -80.807415, 33.181147 ], [ -80.808368, 33.183049 ], [ -80.810112, 33.183576 ], [ -80.811556, 33.184996 ], [ -80.814581, 33.186096 ], [ -80.817006, 33.187493 ], [ -80.818586, 33.190769 ], [ -80.818041, 33.192785 ], [ -80.816761, 33.193656 ], [ -80.817224, 33.195351 ], [ -80.818914, 33.196749 ], [ -80.821775, 33.197917 ], [ -80.8242, 33.195809 ], [ -80.825781, 33.196794 ], [ -80.825999, 33.198077 ], [ -80.823192, 33.199063 ], [ -80.822838, 33.200117 ], [ -80.825154, 33.200483 ], [ -80.824746, 33.201606 ], [ -80.829788, 33.203369 ], [ -80.830959, 33.202613 ], [ -80.834639, 33.203529 ], [ -80.8375, 33.203712 ], [ -80.837092, 33.204949 ], [ -80.840581, 33.207904 ], [ -80.837556, 33.208661 ], [ -80.83742, 33.210883 ], [ -80.839628, 33.210172 ], [ -80.839819, 33.211845 ], [ -80.843907, 33.212096 ], [ -80.843445, 33.213356 ], [ -80.84061, 33.213494 ], [ -80.841973, 33.215602 ], [ -80.838513, 33.21739 ], [ -80.838895, 33.219177 ], [ -80.841757, 33.220093 ], [ -80.843855, 33.219221 ], [ -80.846827, 33.221076 ], [ -80.846364, 33.222085 ], [ -80.845001, 33.221192 ], [ -80.844156, 33.221833 ], [ -80.845847, 33.223139 ], [ -80.845411, 33.224766 ], [ -80.846502, 33.225682 ], [ -80.84653, 33.227194 ], [ -80.845549, 33.22937 ], [ -80.843914, 33.230356 ], [ -80.844051, 33.231432 ], [ -80.845495, 33.230813 ], [ -80.845987, 33.232692 ], [ -80.847949, 33.232875 ], [ -80.846231, 33.233677 ], [ -80.848058, 33.234799 ], [ -80.846151, 33.238328 ], [ -80.849368, 33.238304 ], [ -80.850486, 33.239152 ], [ -80.853158, 33.238532 ], [ -80.853077, 33.240251 ], [ -80.854141, 33.241052 ], [ -80.855802, 33.237707 ], [ -80.857357, 33.238577 ], [ -80.854986, 33.242083 ], [ -80.856486, 33.243068 ], [ -80.855724, 33.245176 ], [ -80.856515, 33.245748 ], [ -80.857878, 33.24474 ], [ -80.85995, 33.244853 ], [ -80.862977, 33.245815 ], [ -80.863169, 33.248037 ], [ -80.862052, 33.249183 ], [ -80.862953, 33.251056 ], [ -80.864944, 33.250941 ], [ -80.863824, 33.248243 ], [ -80.869114, 33.249065 ], [ -80.870533, 33.251121 ], [ -80.869089, 33.251672 ], [ -80.870235, 33.253046 ], [ -80.872961, 33.25293 ], [ -80.873126, 33.254144 ], [ -80.875583, 33.25474 ], [ -80.877793, 33.253114 ], [ -80.877955, 33.255016 ], [ -80.879455, 33.254558 ], [ -80.879536, 33.255979 ], [ -80.881308, 33.256736 ], [ -80.881225, 33.257927 ], [ -80.883025, 33.257561 ], [ -80.883078, 33.2596 ], [ -80.883978, 33.259944 ], [ -80.885396, 33.25983 ], [ -80.887579, 33.25793 ], [ -80.888358, 33.259404 ], [ -80.887879, 33.260539 ], [ -80.885206, 33.262908 ], [ -80.887109, 33.264183 ], [ -80.886944, 33.263153 ], [ -80.889545, 33.261285 ], [ -80.891622, 33.265773 ], [ -80.892257, 33.268391 ], [ -80.893444, 33.269068 ], [ -80.89513, 33.268 ], [ -80.896841, 33.270328 ], [ -80.899856, 33.269748 ], [ -80.89999, 33.271301 ], [ -80.901867, 33.270683 ], [ -80.901971, 33.271693 ], [ -80.903491, 33.272844 ], [ -80.903173, 33.27497 ], [ -80.905515, 33.276182 ], [ -80.906573, 33.276185 ], [ -80.906488, 33.277471 ], [ -80.908084, 33.27703 ], [ -80.909278, 33.277869 ], [ -80.909464, 33.279276 ], [ -80.91225, 33.279245 ], [ -80.91172, 33.280248 ], [ -80.914118, 33.281762 ], [ -80.915717, 33.281441 ], [ -80.915461, 33.283187 ], [ -80.916823, 33.283221 ], [ -80.917145, 33.284081 ], [ -80.918425, 33.283372 ], [ -80.919674, 33.285121 ], [ -80.921827, 33.286578 ], [ -80.924385, 33.287168 ], [ -80.926003, 33.286793 ], [ -80.926574, 33.287822 ], [ -80.922903, 33.288525 ], [ -80.924218, 33.290189 ], [ -80.926025, 33.290611 ], [ -80.927519, 33.292167 ], [ -80.928562, 33.290956 ], [ -80.930171, 33.292758 ], [ -80.932087, 33.293197 ], [ -80.932182, 33.294235 ], [ -80.930363, 33.294389 ], [ -80.929244, 33.295571 ], [ -80.930606, 33.295171 ], [ -80.933459, 33.296791 ], [ -80.934562, 33.296032 ], [ -80.935142, 33.296849 ], [ -80.933401, 33.29769 ], [ -80.937177, 33.300367 ], [ -80.938053, 33.299665 ], [ -80.940103, 33.30356 ], [ -80.941196, 33.303431 ], [ -80.944104, 33.305142 ], [ -80.946396, 33.304775 ], [ -80.946094, 33.30607 ], [ -80.947412, 33.305848 ], [ -80.947812, 33.304669 ], [ -80.948775, 33.30604 ], [ -80.950861, 33.305224 ], [ -80.950726, 33.306733 ], [ -80.949947, 33.306668 ], [ -80.948756, 33.308047 ], [ -80.948708, 33.309259 ], [ -80.949573, 33.308174 ], [ -80.952311, 33.307597 ], [ -80.951954, 33.3082 ], [ -80.954908, 33.309591 ], [ -80.956697, 33.30917 ], [ -80.95774, 33.310134 ], [ -80.959314, 33.309987 ], [ -80.961885, 33.308062 ], [ -80.962692, 33.309288 ], [ -80.962124, 33.310278 ], [ -80.962718, 33.311809 ], [ -80.963907, 33.31098 ], [ -80.964287, 33.312647 ], [ -80.963611, 33.313324 ], [ -80.964917, 33.313987 ], [ -80.967014, 33.316541 ], [ -80.967984, 33.316889 ], [ -80.968332, 33.318753 ], [ -80.969021, 33.317967 ], [ -80.971346, 33.318881 ], [ -80.973677, 33.317525 ], [ -80.976252, 33.317733 ], [ -80.978582, 33.319125 ], [ -80.979731, 33.318081 ], [ -80.979491, 33.319555 ], [ -80.981884, 33.321303 ], [ -80.980142, 33.322714 ], [ -80.983028, 33.323857 ], [ -80.983569, 33.324788 ], [ -80.98518, 33.324713 ], [ -80.985338, 33.327018 ], [ -80.989044, 33.328062 ], [ -80.991332, 33.329751 ], [ -80.992465, 33.329287 ], [ -80.991852, 33.327538 ], [ -80.993706, 33.328238 ], [ -80.993596, 33.327232 ], [ -80.994907, 33.327492 ], [ -80.994822, 33.328798 ], [ -80.996043, 33.328765 ], [ -80.998075, 33.32969 ], [ -81.000113, 33.329388 ], [ -80.998699, 33.330138 ], [ -80.999207, 33.331475 ], [ -81.000832, 33.330728 ], [ -81.001799, 33.332225 ], [ -81.00269, 33.332146 ], [ -81.003037, 33.334541 ], [ -81.003946, 33.334562 ], [ -81.005134, 33.336515 ], [ -81.006825, 33.336472 ], [ -81.006223, 33.334825 ], [ -81.007572, 33.33399 ], [ -81.00898, 33.336061 ], [ -81.010683, 33.335762 ], [ -81.011164, 33.337653 ], [ -81.012847, 33.337704 ], [ -81.013725, 33.338669 ], [ -81.015506, 33.336926 ], [ -81.016422, 33.337569 ], [ -81.018311, 33.336972 ], [ -81.022296, 33.338953 ], [ -81.022613, 33.338255 ], [ -81.024671, 33.338908 ], [ -81.025978, 33.343174 ], [ -81.027144, 33.342787 ], [ -81.027447, 33.34532 ], [ -81.028257, 33.344661 ], [ -81.02818, 33.346191 ], [ -81.030505, 33.347641 ], [ -81.031028, 33.348858 ], [ -81.032589, 33.346579 ], [ -81.036056, 33.348252 ], [ -81.036202, 33.349275 ], [ -81.039707, 33.349302 ], [ -81.04077, 33.347088 ], [ -81.041777, 33.348225 ], [ -81.044779, 33.347986 ], [ -81.046647, 33.348783 ], [ -81.046416, 33.349923 ], [ -81.047817, 33.349166 ], [ -81.048787, 33.351292 ], [ -81.050777, 33.351003 ], [ -81.052989, 33.3536 ], [ -81.054577, 33.354346 ], [ -81.055414, 33.35396 ], [ -81.056128, 33.356414 ], [ -81.057768, 33.356309 ], [ -81.056797, 33.35767 ], [ -81.059543, 33.358868 ], [ -81.061181, 33.359835 ], [ -81.062691, 33.359465 ], [ -81.063828, 33.361132 ], [ -81.067127, 33.364625 ], [ -81.067097, 33.36533 ], [ -81.070541, 33.36654 ], [ -81.071792, 33.36589 ], [ -81.071948, 33.367733 ], [ -81.073904, 33.368447 ], [ -81.07548, 33.373442 ], [ -81.077547, 33.373653 ], [ -81.078603, 33.375162 ], [ -81.08241, 33.375464 ], [ -81.08547, 33.375294 ], [ -81.088745, 33.377447 ], [ -81.088564, 33.379572 ], [ -81.089802, 33.379042 ], [ -81.089339, 33.378155 ], [ -81.090362, 33.377438 ], [ -81.091507, 33.378534 ], [ -81.096309, 33.378727 ], [ -81.097461, 33.37926 ], [ -81.099279, 33.378336 ], [ -81.102154, 33.378536 ], [ -81.103256, 33.379362 ], [ -81.104938, 33.379121 ], [ -81.105159, 33.380158 ], [ -81.106743, 33.379621 ], [ -81.109119, 33.381039 ], [ -81.111318, 33.38086 ], [ -81.112149, 33.381722 ], [ -81.114018, 33.38182 ], [ -81.115521, 33.382818 ], [ -81.114899, 33.383626 ], [ -81.117716, 33.383455 ], [ -81.119207, 33.384701 ], [ -81.118985, 33.386461 ], [ -81.120003, 33.386127 ], [ -81.122928, 33.386877 ], [ -81.123442, 33.388149 ], [ -81.126191, 33.388851 ], [ -81.127505, 33.388318 ], [ -81.130421, 33.388965 ], [ -81.131381, 33.390083 ], [ -81.130722, 33.39086 ], [ -81.133282, 33.393722 ], [ -81.135327, 33.393824 ], [ -81.138044, 33.395354 ], [ -81.140112, 33.397351 ], [ -81.142092, 33.397511 ], [ -81.144082, 33.399323 ], [ -81.147387, 33.399494 ], [ -81.14737, 33.400943 ], [ -81.149023, 33.400354 ], [ -81.149908, 33.401336 ], [ -81.150054, 33.40327 ], [ -81.150939, 33.403557 ], [ -81.151828, 33.402505 ], [ -81.153588, 33.404039 ], [ -81.154717, 33.403801 ], [ -81.155602, 33.404973 ], [ -81.156879, 33.404741 ], [ -81.157004, 33.406177 ], [ -81.159653, 33.405732 ], [ -81.161756, 33.405997 ], [ -81.161302, 33.407027 ], [ -81.163219, 33.407897 ], [ -81.163996, 33.409252 ], [ -81.165367, 33.408419 ], [ -81.167049, 33.409285 ], [ -81.167846, 33.408458 ], [ -81.171074, 33.408898 ], [ -81.171825, 33.408184 ], [ -81.173826, 33.408419 ], [ -81.175312, 33.409826 ], [ -81.175791, 33.40919 ], [ -81.176972, 33.410146 ], [ -81.17985, 33.410462 ], [ -81.180602, 33.409958 ], [ -81.182347, 33.410566 ], [ -81.184294, 33.409877 ], [ -81.185488, 33.410652 ], [ -81.189531, 33.411683 ], [ -81.191149, 33.414028 ], [ -81.191042, 33.415623 ], [ -81.192433, 33.418725 ], [ -81.19378, 33.41837 ], [ -81.195565, 33.418955 ], [ -81.19832, 33.421226 ], [ -81.198031, 33.423598 ], [ -81.198503, 33.426873 ], [ -81.199485, 33.427225 ], [ -81.199793, 33.430067 ], [ -81.201162, 33.431983 ], [ -81.202958, 33.432384 ], [ -81.203235, 33.433734 ], [ -81.206058, 33.437338 ], [ -81.209849, 33.438421 ], [ -81.210549, 33.438087 ], [ -81.212047, 33.439052 ], [ -81.215135, 33.438981 ], [ -81.215104, 33.438373 ], [ -81.218982, 33.438311 ], [ -81.22011, 33.439493 ], [ -81.221341, 33.439012 ], [ -81.222673, 33.44 ], [ -81.213182, 33.397866 ], [ -81.215167, 33.366255 ], [ -81.217727, 33.318573 ], [ -81.219081, 33.295402 ], [ -81.21972, 33.281976 ], [ -81.220824, 33.259149 ], [ -81.21994, 33.250154 ], [ -81.220665, 33.228516 ], [ -81.220419, 33.225195 ], [ -81.219382, 33.224462 ], [ -81.217719, 33.221804 ], [ -81.218835, 33.217955 ], [ -81.220416, 33.216717 ], [ -81.220361, 33.215663 ], [ -81.221724, 33.214311 ], [ -81.218397, 33.210189 ], [ -81.217933, 33.208379 ], [ -81.220603, 33.206018 ], [ -81.220711, 33.202467 ], [ -81.221224, 33.201206 ], [ -81.221523, 33.191396 ], [ -81.221848, 33.184275 ], [ -81.223263, 33.17873 ], [ -81.223778, 33.174422 ], [ -81.223913, 33.169634 ], [ -81.225982, 33.167296 ], [ -81.22579, 33.165349 ], [ -81.227778, 33.162622 ], [ -81.227804, 33.160697 ] ] ] ] } },
{ "type": "Feature", "properties": { "STATEFP": "45", "COUNTYFP": "005", "COUNTYNS": "01247980", "GEOIDFQ": "0500000US45005", "GEOID": "45005", "NAME": "Allendale", "NAMELSAD": "Allendale County", "STUSPS": "SC", "STATE_NAME": "South Carolina", "LSAD": "06", "ALAND": 1056960693.0, "AWATER": 11194313.0, "STATE_NAME_HYPHEN": "South-Carolina" }, "geometry": { "type": "MultiPolygon", "coordinates": [ [ [ [ -81.6140573, 33.0951883 ], [ -81.611657, 33.094259 ], [ -81.609965, 33.09301 ], [ -81.608286, 33.089022 ], [ -81.609533, 33.086877 ], [ -81.612943, 33.083981 ], [ -81.612903, 33.081024 ], [ -81.610696, 33.079946 ], [ -81.606836, 33.081717 ], [ -81.603587, 33.084578 ], [ -81.602534, 33.086807 ], [ -81.60132, 33.087049 ], [ -81.596501, 33.079893 ], [ -81.596835, 33.078559 ], [ -81.598991, 33.076682 ], [ -81.603298, 33.07509 ], [ -81.603243, 33.074419 ], [ -81.600948, 33.072815 ], [ -81.596025, 33.072693 ], [ -81.593586, 33.069496 ], [ -81.592645, 33.06991 ], [ -81.592517, 33.073062 ], [ -81.590856, 33.072736 ], [ -81.58741, 33.069943 ], [ -81.584361, 33.069902 ], [ -81.582975, 33.068575 ], [ -81.583804, 33.067021 ], [ -81.583103, 33.06496 ], [ -81.57875, 33.066195 ], [ -81.577187, 33.065939 ], [ -81.57716, 33.064335 ], [ -81.580994, 33.062697 ], [ -81.580252, 33.061762 ], [ -81.574911, 33.061799 ], [ -81.574505, 33.060049 ], [ -81.578332, 33.058936 ], [ -81.577044, 33.05725 ], [ -81.572829, 33.058636 ], [ -81.571309, 33.056873 ], [ -81.573243, 33.054903 ], [ -81.571905, 33.053987 ], [ -81.56989, 33.054501 ], [ -81.566311, 33.05343 ], [ -81.563016, 33.05581 ], [ -81.564566, 33.058039 ], [ -81.566949, 33.059597 ], [ -81.56699, 33.060401 ], [ -81.565687, 33.061049 ], [ -81.563992, 33.060844 ], [ -81.559399, 33.054904 ], [ -81.558938, 33.052921 ], [ -81.559173, 33.051765 ], [ -81.560344, 33.050036 ], [ -81.565043, 33.049694 ], [ -81.566108, 33.048792 ], [ -81.561948, 33.045844 ], [ -81.553146, 33.043196 ], [ -81.551786, 33.04339 ], [ -81.546522, 33.048838 ], [ -81.543758, 33.048559 ], [ -81.542135, 33.046919 ], [ -81.5417333, 33.0456858 ], [ -81.540081, 33.040613 ], [ -81.538789, 33.039185 ], [ -81.535498, 33.038489 ], [ -81.53072, 33.040864 ], [ -81.529142, 33.040812 ], [ -81.528438, 33.039882 ], [ -81.528786, 33.036872 ], [ -81.528451, 33.035646 ], [ -81.522653, 33.030789 ], [ -81.519632, 33.029181 ], [ -81.513231, 33.028546 ], [ -81.511245, 33.027786 ], [ -81.510586, 33.025805 ], [ -81.51169, 33.024506 ], [ -81.514024, 33.023663 ], [ -81.517594, 33.023991 ], [ -81.519075, 33.023196 ], [ -81.518385, 33.021586 ], [ -81.516073, 33.020833 ], [ -81.513715, 33.020574 ], [ -81.511334, 33.021465 ], [ -81.510282, 33.021233 ], [ -81.50822, 33.01751 ], [ -81.508919, 33.015665 ], [ -81.511569, 33.012283 ], [ -81.51069, 33.010315 ], [ -81.508218, 33.010527 ], [ -81.507405, 33.011538 ], [ -81.50568, 33.015974 ], [ -81.504053, 33.016253 ], [ -81.50203, 33.015113 ], [ -81.499768, 33.012254 ], [ -81.496637, 33.010224 ], [ -81.492253, 33.009342 ], [ -81.491419, 33.008078 ], [ -81.491899, 33.006694 ], [ -81.496125, 33.005482 ], [ -81.498753, 33.005065 ], [ -81.50023, 33.003455 ], [ -81.50063, 33.001955 ], [ -81.49983, 33.000655 ], [ -81.495707, 32.999465 ], [ -81.492737, 32.999108 ], [ -81.491197, 32.997824 ], [ -81.4912128, 32.9976794 ], [ -81.491457, 32.995437 ], [ -81.492252, 32.99351 ], [ -81.495034, 32.991723 ], [ -81.496138, 32.990913 ], [ -81.49642, 32.989615 ], [ -81.495996, 32.988295 ], [ -81.494329, 32.98626 ], [ -81.494345, 32.985084 ], [ -81.495504, 32.983534 ], [ -81.494736, 32.978997 ], [ -81.497837, 32.973011 ], [ -81.499471, 32.96478 ], [ -81.49983, 32.963816 ], [ -81.501369, 32.962914 ], [ -81.505026, 32.963561 ], [ -81.507568, 32.965591 ], [ -81.507847, 32.968854 ], [ -81.508839, 32.969368 ], [ -81.510802, 32.968525 ], [ -81.511347, 32.966721 ], [ -81.510046, 32.96097 ], [ -81.510009, 32.957326 ], [ -81.508609, 32.952551 ], [ -81.504016, 32.948091 ], [ -81.499446, 32.944988 ], [ -81.499566, 32.943722 ], [ -81.502716, 32.938688 ], [ -81.502427, 32.935353 ], [ -81.499829, 32.932614 ], [ -81.495092, 32.931596 ], [ -81.492067, 32.927824 ], [ -81.489604, 32.927039 ], [ -81.483198, 32.921802 ], [ -81.484439, 32.918825 ], [ -81.487258, 32.917851 ], [ -81.487049, 32.914772 ], [ -81.481298, 32.914585 ], [ -81.480008, 32.913444 ], [ -81.481444, 32.908895 ], [ -81.479184, 32.905638 ], [ -81.479374, 32.902333 ], [ -81.480865, 32.900218 ], [ -81.480812, 32.898614 ], [ -81.475535, 32.896724 ], [ -81.472142, 32.893814 ], [ -81.470649, 32.895043 ], [ -81.471616, 32.900005 ], [ -81.468978, 32.901083 ], [ -81.465924, 32.899889 ], [ -81.464069, 32.897814 ], [ -81.464655, 32.895999 ], [ -81.468277, 32.892276 ], [ -81.465933, 32.889452 ], [ -81.467104, 32.888999 ], [ -81.471703, 32.890439 ], [ -81.4771, 32.887469 ], [ -81.479445, 32.881082 ], [ -81.475918, 32.877641 ], [ -81.470376, 32.876267 ], [ -81.468042, 32.876675 ], [ -81.467138, 32.880602 ], [ -81.465051, 32.880896 ], [ -81.461878, 32.87755 ], [ -81.460556, 32.875161 ], [ -81.457213, 32.873796 ], [ -81.45339, 32.87388 ], [ -81.452722799999989, 32.8716653 ], [ -81.451367, 32.867165 ], [ -81.453361, 32.863847 ], [ -81.453017, 32.859636 ], [ -81.456917, 32.852604 ], [ -81.457061, 32.850389 ], [ -81.455559, 32.846508 ], [ -81.460211, 32.847402 ], [ -81.460722, 32.846038 ], [ -81.454029, 32.8442 ], [ -81.451742, 32.844765 ], [ -81.451199, 32.847924 ], [ -81.444866, 32.850967 ], [ -81.442671, 32.850107 ], [ -81.442279, 32.848587 ], [ -81.442882, 32.845847 ], [ -81.43995, 32.840362 ], [ -81.437506, 32.840163 ], [ -81.434807, 32.843538 ], [ -81.426475, 32.840773 ], [ -81.421614, 32.835178 ], [ -81.42062, 32.831223 ], [ -81.421828, 32.829265 ], [ -81.423674, 32.828307 ], [ -81.428101, 32.828684 ], [ -81.429943, 32.828246 ], [ -81.429525, 32.827146 ], [ -81.426684, 32.825729 ], [ -81.422488, 32.822892 ], [ -81.421952, 32.821466 ], [ -81.422409, 32.820245 ], [ -81.423041, 32.819747 ], [ -81.426937, 32.819705 ], [ -81.427953, 32.81938 ], [ -81.428235, 32.818584 ], [ -81.427094, 32.81687 ], [ -81.424354, 32.816179 ], [ -81.420585, 32.818651 ], [ -81.418584, 32.818679 ], [ -81.417984, 32.818196 ], [ -81.418497, 32.815664 ], [ -81.419752, 32.813731 ], [ -81.423772, 32.810514 ], [ -81.425981, 32.811076 ], [ -81.426326, 32.809928 ], [ -81.422242, 32.803127 ], [ -81.422739, 32.80199 ], [ -81.424874, 32.801882 ], [ -81.426895, 32.802239 ], [ -81.428292, 32.800832 ], [ -81.426347, 32.798879 ], [ -81.425234, 32.79419 ], [ -81.42298, 32.793998 ], [ -81.419879, 32.794857 ], [ -81.4197, 32.793227 ], [ -81.424999, 32.790334 ], [ -81.427425, 32.78832 ], [ -81.427584, 32.786944 ], [ -81.425132, 32.786185 ], [ -81.422363, 32.785747 ], [ -81.42224, 32.783986 ], [ -81.423929, 32.782727 ], [ -81.42629, 32.782661 ], [ -81.429977, 32.785235 ], [ -81.431235, 32.784141 ], [ -81.4308691, 32.7833915 ], [ -81.430078, 32.781771 ], [ -81.426855, 32.779456 ], [ -81.423331, 32.778512 ], [ -81.416168, 32.779792 ], [ -81.414722, 32.779204 ], [ -81.414456, 32.778149 ], [ -81.416323, 32.775515 ], [ -81.417353, 32.773336 ], [ -81.418601, 32.772734 ], [ -81.422585, 32.772998 ], [ -81.429854, 32.772129 ], [ -81.432082, 32.770549 ], [ -81.43194, 32.768911 ], [ -81.429113, 32.767905 ], [ -81.422019, 32.768367 ], [ -81.417096, 32.766088 ], [ -81.417356, 32.763334 ], [ -81.418901, 32.761132 ], [ -81.417766, 32.760222 ], [ -81.416627, 32.760537 ], [ -81.414013, 32.764522 ], [ -81.411821, 32.763122 ], [ -81.414038, 32.755423 ], [ -81.412262, 32.754691 ], [ -81.409563, 32.756031 ], [ -81.408, 32.756154 ], [ -81.408364, 32.754686 ], [ -81.411568, 32.753117 ], [ -81.413714, 32.752833 ], [ -81.416733, 32.753276 ], [ -81.418485, 32.752189 ], [ -81.419837, 32.749797 ], [ -81.418603, 32.747991 ], [ -81.410662, 32.749316 ], [ -81.405866, 32.749144 ], [ -81.405016, 32.748284 ], [ -81.404932, 32.745559 ], [ -81.4050923, 32.7449674 ], [ -81.39399, 32.744867 ], [ -81.367973, 32.760601 ], [ -81.338543, 32.768456 ], [ -81.337843, 32.771109 ], [ -81.330864, 32.785632 ], [ -81.329101, 32.7888 ], [ -81.326814, 32.790914 ], [ -81.272145, 32.831556 ], [ -81.261662, 32.839139 ], [ -81.276729, 32.892086 ], [ -81.272713, 32.892898 ], [ -81.269587, 32.894841 ], [ -81.263679, 32.899631 ], [ -81.260116, 32.902979 ], [ -81.254468, 32.90428 ], [ -81.25024, 32.90644 ], [ -81.244589, 32.907913 ], [ -81.242272, 32.90806 ], [ -81.237681, 32.906731 ], [ -81.236995, 32.938677 ], [ -81.236956, 32.940244 ], [ -81.23535, 32.939805 ], [ -81.221193, 32.947851 ], [ -81.223213, 32.949241 ], [ -81.22019, 32.951855 ], [ -81.219563, 32.95335 ], [ -81.207266, 32.960372 ], [ -81.170236, 32.979702 ], [ -81.082291, 33.02663 ], [ -81.083058, 33.028042 ], [ -81.086319, 33.031717 ], [ -81.086562, 33.035201 ], [ -81.088303, 33.036414 ], [ -81.089908, 33.039187 ], [ -81.092085, 33.039278 ], [ -81.092221, 33.040217 ], [ -81.09486, 33.040973 ], [ -81.095676, 33.042507 ], [ -81.095487, 33.043882 ], [ -81.09701, 33.043743 ], [ -81.098508, 33.047207 ], [ -81.101174, 33.049104 ], [ -81.106942, 33.048758 ], [ -81.110642, 33.049719 ], [ -81.115675, 33.049809 ], [ -81.118097, 33.051549 ], [ -81.121825, 33.052028 ], [ -81.124449, 33.053218 ], [ -81.128096, 33.057091 ], [ -81.128639, 33.059544 ], [ -81.131548, 33.062157 ], [ -81.132935, 33.064129 ], [ -81.134295, 33.064679 ], [ -81.136144, 33.066603 ], [ -81.139517, 33.068576 ], [ -81.141475, 33.070386 ], [ -81.144903, 33.072792 ], [ -81.146506, 33.077995 ], [ -81.148709, 33.080905 ], [ -81.152382, 33.082853 ], [ -81.155783, 33.085558 ], [ -81.161878, 33.091425 ], [ -81.168681, 33.094955 ], [ -81.170777, 33.095688 ], [ -81.172137, 33.098988 ], [ -81.174151, 33.101967 ], [ -81.176928, 33.104487 ], [ -81.179623, 33.105539 ], [ -81.181148, 33.108725 ], [ -81.183434, 33.111223 ], [ -81.185993, 33.113399 ], [ -81.189233, 33.114476 ], [ -81.18975, 33.116492 ], [ -81.193099, 33.118668 ], [ -81.195849, 33.117958 ], [ -81.20045, 33.118485 ], [ -81.207284, 33.120179 ], [ -81.20998, 33.120156 ], [ -81.211886, 33.120706 ], [ -81.215669, 33.118437 ], [ -81.217303, 33.118046 ], [ -81.218119, 33.116809 ], [ -81.219698, 33.116464 ], [ -81.225552, 33.116898 ], [ -81.226287, 33.117517 ], [ -81.232604, 33.116919 ], [ -81.234973, 33.117055 ], [ -81.236798, 33.118131 ], [ -81.240228, 33.118747 ], [ -81.245782, 33.117325 ], [ -81.248884, 33.115124 ], [ -81.258942, 33.112608 ], [ -81.260767, 33.111691 ], [ -81.264333, 33.110823 ], [ -81.268254, 33.110458 ], [ -81.273643, 33.112063 ], [ -81.277373, 33.112316 ], [ -81.280014, 33.110118 ], [ -81.283665, 33.108555 ], [ -81.337806, 33.108221 ], [ -81.364857, 33.108061 ], [ -81.37384, 33.110529 ], [ -81.374829, 33.110975 ], [ -81.421242, 33.125152 ], [ -81.44943, 33.133856 ], [ -81.452888, 33.134923 ], [ -81.454024, 33.135253 ], [ -81.460007, 33.13681 ], [ -81.523392, 33.153408 ], [ -81.541881, 33.158279 ], [ -81.566857, 33.13655 ], [ -81.613558, 33.095667 ], [ -81.6140573, 33.0951883 ] ] ] ] } },
{ "type": "Feature", "properties": { "STATEFP": "45", "COUNTYFP": "083", "COUNTYNS": "01248592", "GEOIDFQ": "0500000US45083", "GEOID": "45083", "NAME": "Spartanburg", "NAMELSAD": "Spartanburg County", "STUSPS": "SC", "STATE_NAME": "South Carolina", "LSAD": "06", "ALAND": 2093689770.0, "AWATER": 29514144.0, "STATE_NAME_HYPHEN": "South-Carolina" }, "geometry": { "type": "MultiPolygon", "coordinates": [ [ [ [ -82.226416, 34.850439 ], [ -82.225877, 34.850133 ], [ -82.223524, 34.85167 ], [ -82.222123, 34.853861 ], [ -82.219441, 34.853392 ], [ -82.217869, 34.850417 ], [ -82.21523, 34.847826 ], [ -82.21335, 34.847223 ], [ -82.21105, 34.845076 ], [ -82.210674, 34.842764 ], [ -82.209999, 34.842003 ], [ -82.209676, 34.841743 ], [ -82.209354, 34.841634 ], [ -82.208495, 34.841555 ], [ -82.208061, 34.841442 ], [ -82.207889, 34.841334 ], [ -82.20426, 34.839063 ], [ -82.20325, 34.83781 ], [ -82.202942, 34.837659 ], [ -82.202682, 34.837678 ], [ -82.202502, 34.83774 ], [ -82.202056, 34.838022 ], [ -82.201903, 34.838078 ], [ -82.201587, 34.838095 ], [ -82.201075, 34.838029 ], [ -82.20031, 34.837867 ], [ -82.199745, 34.837635 ], [ -82.197888, 34.83633 ], [ -82.197314, 34.835931 ], [ -82.196765, 34.83568 ], [ -82.19578, 34.835006 ], [ -82.193625, 34.832052 ], [ -82.190848, 34.829583 ], [ -82.190499, 34.829141 ], [ -82.190509, 34.828113 ], [ -82.188765, 34.82671 ], [ -82.18784, 34.825684 ], [ -82.184377, 34.821991 ], [ -82.18155, 34.819875 ], [ -82.177019, 34.814833 ], [ -82.174705, 34.811997 ], [ -82.173159, 34.809242 ], [ -82.173418, 34.805958 ], [ -82.171286, 34.80538 ], [ -82.165228, 34.806945 ], [ -82.164629, 34.805244 ], [ -82.162503, 34.802604 ], [ -82.162903, 34.80209 ], [ -82.165803, 34.8023 ], [ -82.166402, 34.802973 ], [ -82.170162, 34.802628 ], [ -82.16845, 34.799093 ], [ -82.168809, 34.797146 ], [ -82.166259, 34.797879 ], [ -82.165175, 34.796537 ], [ -82.161413, 34.793104 ], [ -82.159498, 34.790311 ], [ -82.15698, 34.792402 ], [ -82.156872, 34.790042 ], [ -82.152983, 34.787495 ], [ -82.154188, 34.784563 ], [ -82.153492, 34.782033 ], [ -82.151318, 34.781812 ], [ -82.147846, 34.786122 ], [ -82.145587, 34.785208 ], [ -82.143288, 34.784289 ], [ -82.14257, 34.782584 ], [ -82.140631, 34.781546 ], [ -82.139284, 34.783216 ], [ -82.138151, 34.77961 ], [ -82.13546, 34.778171 ], [ -82.133993, 34.779209 ], [ -82.131939, 34.778822 ], [ -82.133609, 34.775588 ], [ -82.135225, 34.774439 ], [ -82.13535, 34.773068 ], [ -82.133461, 34.77156 ], [ -82.132315, 34.773415 ], [ -82.131103, 34.773719 ], [ -82.130353, 34.772386 ], [ -82.130554, 34.769551 ], [ -82.128532, 34.768669 ], [ -82.127184, 34.765769 ], [ -82.12546, 34.764162 ], [ -82.124905, 34.762161 ], [ -82.123308, 34.759125 ], [ -82.12062, 34.757736 ], [ -82.119629, 34.755453 ], [ -82.117635, 34.752817 ], [ -82.116864, 34.750628 ], [ -82.115245, 34.748904 ], [ -82.112112, 34.749004 ], [ -82.110571, 34.750577 ], [ -82.111622, 34.75382 ], [ -82.110316, 34.756219 ], [ -82.109373, 34.756258 ], [ -82.108466, 34.755184 ], [ -82.108125, 34.753067 ], [ -82.105782, 34.751557 ], [ -82.103782, 34.749276 ], [ -82.104136, 34.746548 ], [ -82.103513, 34.745632 ], [ -82.101052, 34.744035 ], [ -82.096844, 34.745559 ], [ -82.092766, 34.744861 ], [ -82.090906, 34.745415 ], [ -82.087222, 34.745152 ], [ -82.085798, 34.745992 ], [ -82.083913, 34.74481 ], [ -82.085605, 34.743955 ], [ -82.085791, 34.739697 ], [ -82.086807, 34.738267 ], [ -82.085338, 34.737621 ], [ -82.084429, 34.73824 ], [ -82.084299, 34.735959 ], [ -82.082876, 34.735356 ], [ -82.082804, 34.733382 ], [ -82.080733, 34.73046 ], [ -82.083045, 34.728203 ], [ -82.08216, 34.727006 ], [ -82.08129, 34.727474 ], [ -82.077568, 34.727646 ], [ -82.076569, 34.725779 ], [ -82.078214, 34.72453 ], [ -82.077973, 34.722998 ], [ -82.078757, 34.719446 ], [ -82.076994, 34.719592 ], [ -82.075072, 34.719063 ], [ -82.072377, 34.719918 ], [ -82.069974, 34.719812 ], [ -82.069337, 34.719037 ], [ -82.066635, 34.715248 ], [ -82.066683, 34.712138 ], [ -82.067803, 34.707845 ], [ -82.068688, 34.706631 ], [ -82.071275, 34.704797 ], [ -82.071418, 34.703815 ], [ -82.069443, 34.702257 ], [ -82.066735, 34.701033 ], [ -82.061431, 34.7007 ], [ -82.060319, 34.701781 ], [ -82.058744, 34.70174 ], [ -82.05775, 34.700603 ], [ -82.058327, 34.69883 ], [ -82.056656, 34.696957 ], [ -82.057125, 34.695866 ], [ -82.057133, 34.695155 ], [ -82.052538, 34.693459 ], [ -82.04979, 34.693389 ], [ -82.048041, 34.692857 ], [ -82.046966, 34.689985 ], [ -82.041772, 34.688283 ], [ -82.040463, 34.686315 ], [ -82.040908, 34.684741 ], [ -82.04046, 34.683709 ], [ -82.035623, 34.680529 ], [ -82.034537, 34.680277 ], [ -82.030356, 34.681638 ], [ -82.029105, 34.681354 ], [ -82.028285, 34.67841 ], [ -82.023118, 34.67629 ], [ -82.022179, 34.674063 ], [ -82.021072, 34.673404 ], [ -82.01829, 34.67288 ], [ -82.016961, 34.669436 ], [ -82.01488, 34.668349 ], [ -82.012297, 34.668587 ], [ -82.008452, 34.66688 ], [ -82.007853, 34.664965 ], [ -82.004847, 34.663624 ], [ -82.004644, 34.662349 ], [ -82.002683, 34.662389 ], [ -82.001422, 34.661534 ], [ -81.998844, 34.661487 ], [ -81.996971, 34.662035 ], [ -81.99581, 34.663165 ], [ -81.994651, 34.662399 ], [ -81.990846, 34.661733 ], [ -81.988278, 34.659421 ], [ -81.985379, 34.658396 ], [ -81.98399, 34.658439 ], [ -81.982226, 34.657268 ], [ -81.981568, 34.658727 ], [ -81.978981, 34.66073 ], [ -81.977988, 34.660747 ], [ -81.976686, 34.658812 ], [ -81.971417, 34.658513 ], [ -81.969886, 34.656576 ], [ -81.970707, 34.650405 ], [ -81.96993, 34.649549 ], [ -81.966895, 34.649083 ], [ -81.965157, 34.65036 ], [ -81.960517, 34.650203 ], [ -81.957278, 34.648918 ], [ -81.956883, 34.650204 ], [ -81.95454, 34.650584 ], [ -81.951851, 34.649541 ], [ -81.950864, 34.648135 ], [ -81.949193, 34.647226 ], [ -81.948407, 34.64557 ], [ -81.943891, 34.643467 ], [ -81.942727, 34.640794 ], [ -81.942633, 34.63626 ], [ -81.941483, 34.633802 ], [ -81.937877, 34.635958 ], [ -81.935579, 34.634686 ], [ -81.936218, 34.633222 ], [ -81.934829, 34.631153 ], [ -81.930595, 34.626617 ], [ -81.927667, 34.624846 ], [ -81.926476, 34.618211 ], [ -81.925736, 34.616969 ], [ -81.923405, 34.614771 ], [ -81.919772, 34.612012 ], [ -81.914839, 34.610874 ], [ -81.911864, 34.608925 ], [ -81.910679, 34.607756 ], [ -81.910295, 34.60304 ], [ -81.908067, 34.602671 ], [ -81.90544, 34.600883 ], [ -81.901877, 34.600488 ], [ -81.89976, 34.598987 ], [ -81.895293, 34.601849 ], [ -81.893375, 34.601325 ], [ -81.894576, 34.599463 ], [ -81.894044, 34.597392 ], [ -81.891384, 34.596376 ], [ -81.890072, 34.595597 ], [ -81.890959, 34.592493 ], [ -81.89029, 34.590112 ], [ -81.889204, 34.589873 ], [ -81.888119, 34.59077 ], [ -81.88709, 34.593469 ], [ -81.88412, 34.594597 ], [ -81.882471, 34.594833 ], [ -81.880229, 34.596668 ], [ -81.878745, 34.595996 ], [ -81.878948, 34.595104 ], [ -81.87798, 34.593233 ], [ -81.874843, 34.592333 ], [ -81.872666, 34.593068 ], [ -81.871164, 34.59288 ], [ -81.869515, 34.587443 ], [ -81.864474, 34.580797 ], [ -81.863555, 34.580197 ], [ -81.861813, 34.581579 ], [ -81.862215, 34.58605 ], [ -81.860399, 34.590018 ], [ -81.858762, 34.592233 ], [ -81.855627, 34.592987 ], [ -81.854422, 34.594593 ], [ -81.851865, 34.594775 ], [ -81.844013, 34.62379 ], [ -81.838228, 34.646158 ], [ -81.827077, 34.665573 ], [ -81.820355, 34.68654 ], [ -81.819589, 34.688991 ], [ -81.814302, 34.711927 ], [ -81.810293, 34.727511 ], [ -81.798402, 34.781365 ], [ -81.79356, 34.799069 ], [ -81.788988, 34.818188 ], [ -81.782791, 34.837211 ], [ -81.768576, 34.855835 ], [ -81.759018, 34.868563 ], [ -81.743062, 34.882074 ], [ -81.740332, 34.885294 ], [ -81.731115, 34.89464 ], [ -81.726831, 34.899333 ], [ -81.714094, 34.912865 ], [ -81.717794, 34.912195 ], [ -81.718862, 34.913745 ], [ -81.719367, 34.916465 ], [ -81.723821, 34.917561 ], [ -81.725485, 34.920273 ], [ -81.726997, 34.921472 ], [ -81.728889, 34.922368 ], [ -81.729932, 34.92182 ], [ -81.729791, 34.923377 ], [ -81.732222, 34.927705 ], [ -81.732317, 34.929143 ], [ -81.733859, 34.93041 ], [ -81.734933, 34.933044 ], [ -81.749244, 34.929911 ], [ -81.752473, 34.931117 ], [ -81.753601, 34.930192 ], [ -81.755195, 34.930609 ], [ -81.775422, 34.989501 ], [ -81.775688, 34.990278 ], [ -81.785674, 35.019329 ], [ -81.786825, 35.021462 ], [ -81.790498, 35.028287 ], [ -81.794331, 35.035378 ], [ -81.807646, 35.035646 ], [ -81.80678, 35.048008 ], [ -81.806252, 35.055505 ], [ -81.806131, 35.057244 ], [ -81.821577, 35.085859 ], [ -81.826015, 35.094056 ], [ -81.833596, 35.108056 ], [ -81.844298, 35.127839 ], [ -81.847858, 35.134437 ], [ -81.85357, 35.145008 ], [ -81.85693, 35.151205 ], [ -81.857049, 35.151426 ], [ -81.85734, 35.151963 ], [ -81.857977, 35.153141 ], [ -81.860691, 35.158161 ], [ -81.863098, 35.162609 ], [ -81.872213, 35.179458 ], [ -81.8746867, 35.1841199 ], [ -81.9187432, 35.1853182 ], [ -81.925612, 35.185505 ], [ -81.9693458, 35.1872287 ], [ -82.001422, 35.188493 ], [ -82.0076715, 35.1886493 ], [ -82.0175679, 35.188896799999988 ], [ -82.039651, 35.189449 ], [ -82.0484145, 35.1896682 ], [ -82.089586, 35.190698 ], [ -82.1060847, 35.1915082 ], [ -82.138947, 35.193122 ], [ -82.167676, 35.193699 ], [ -82.1678475, 35.1937007 ], [ -82.1678722, 35.1937009 ], [ -82.176874, 35.19379 ], [ -82.185513, 35.194355 ], [ -82.195483, 35.194951 ], [ -82.1996667, 35.1951715 ], [ -82.21594, 35.1960294 ], [ -82.216081, 35.189257 ], [ -82.217061, 35.141505 ], [ -82.21759, 35.11602 ], [ -82.21818, 35.091846 ], [ -82.21861, 35.077104 ], [ -82.219073, 35.059869 ], [ -82.21961, 35.040496 ], [ -82.219686, 35.03772 ], [ -82.219688, 35.03764 ], [ -82.220369, 35.013239 ], [ -82.220746, 34.998933 ], [ -82.220944, 34.990876 ], [ -82.220966, 34.990139 ], [ -82.220728, 34.989755 ], [ -82.220567, 34.989161 ], [ -82.220293, 34.98865 ], [ -82.220093, 34.988411 ], [ -82.220535, 34.988079 ], [ -82.221108, 34.984106 ], [ -82.221379, 34.972869 ], [ -82.221487, 34.968631 ], [ -82.221517, 34.967321 ], [ -82.221586, 34.964308 ], [ -82.221715, 34.959184 ], [ -82.221783, 34.956397 ], [ -82.221842, 34.953901 ], [ -82.221913, 34.950975 ], [ -82.221987, 34.947998 ], [ -82.222417, 34.936434 ], [ -82.22248, 34.935523 ], [ -82.222485, 34.935386 ], [ -82.2227, 34.927976 ], [ -82.223035, 34.920925 ], [ -82.223277, 34.916077 ], [ -82.223302, 34.915563 ], [ -82.223418, 34.913228 ], [ -82.224461, 34.912256 ], [ -82.223508, 34.9114 ], [ -82.223595, 34.909664 ], [ -82.223704, 34.907502 ], [ -82.223764, 34.906253 ], [ -82.223919, 34.903137 ], [ -82.223961, 34.902253 ], [ -82.22415, 34.8985 ], [ -82.224852, 34.884329 ], [ -82.225434, 34.872628 ], [ -82.225483, 34.871629 ], [ -82.225816, 34.871476 ], [ -82.225506, 34.871147 ], [ -82.226089, 34.856614 ], [ -82.224704, 34.855525 ], [ -82.226325, 34.852488 ], [ -82.226416, 34.850439 ] ] ] ] } },
{ "type": "Feature", "properties": { "STATEFP": "45", "COUNTYFP": "019", "COUNTYNS": "01252740", "GEOIDFQ": "0500000US45019", "GEOID": "45019", "NAME": "Charleston", "NAMELSAD": "Charleston County", "STUSPS": "SC", "STATE_NAME": "South Carolina", "LSAD": "06", "ALAND": 2377703219.0, "AWATER": 1162130898.0, "STATE_NAME_HYPHEN": "South-Carolina" }, "geometry": { "type": "MultiPolygon", "coordinates": [ [ [ [ -79.508071, 33.019588 ], [ -79.5074, 33.019373 ], [ -79.506416, 33.01942 ], [ -79.50513, 33.019195 ], [ -79.504135, 33.018735 ], [ -79.503475, 33.018097 ], [ -79.503106, 33.017563 ], [ -79.501976, 33.017272 ], [ -79.501361, 33.017554 ], [ -79.50097, 33.018191 ], [ -79.50097, 33.018866 ], [ -79.501507, 33.01971 ], [ -79.502368, 33.020582 ], [ -79.503296, 33.020254 ], [ -79.504627, 33.02017 ], [ -79.505488, 33.020536 ], [ -79.506327, 33.020104 ], [ -79.507132, 33.019739 ], [ -79.507948, 33.020076 ], [ -79.508071, 33.019588 ] ] ], [ [ [ -79.55218, 32.988791 ], [ -79.550873, 32.989489 ], [ -79.549566, 32.98939 ], [ -79.54707, 32.98939 ], [ -79.545219, 32.990715 ], [ -79.546476, 32.99238 ], [ -79.548734, 32.992978 ], [ -79.551348, 32.991881 ], [ -79.553606, 32.990386 ], [ -79.55218, 32.988791 ] ] ], [ [ [ -80.185915, 32.550867 ], [ -80.182049, 32.547222 ], [ -80.178731, 32.547183 ], [ -80.177151, 32.548264 ], [ -80.177956, 32.549683 ], [ -80.184492, 32.55358 ], [ -80.186317, 32.55302 ], [ -80.185915, 32.550867 ] ] ], [ [ [ -80.45324, 32.739063 ], [ -80.448789, 32.733481 ], [ -80.448581, 32.730825 ], [ -80.447149, 32.728384 ], [ -80.44574, 32.727435 ], [ -80.442466, 32.726614 ], [ -80.436984, 32.724692 ], [ -80.43491, 32.723699 ], [ -80.431281, 32.722582 ], [ -80.429557, 32.720391 ], [ -80.42964, 32.719756 ], [ -80.430326, 32.718379 ], [ -80.431909, 32.717264 ], [ -80.435139, 32.716142 ], [ -80.435593, 32.715195 ], [ -80.435411, 32.713132 ], [ -80.434295, 32.71225 ], [ -80.430821, 32.712163 ], [ -80.429414, 32.713081 ], [ -80.428055, 32.71516 ], [ -80.426088, 32.715886 ], [ -80.424396, 32.715644 ], [ -80.422777, 32.714593 ], [ -80.422538, 32.712554 ], [ -80.423448, 32.710216 ], [ -80.421715, 32.705836 ], [ -80.419247, 32.702726 ], [ -80.417635, 32.699801 ], [ -80.415891, 32.694745 ], [ -80.416124, 32.693323 ], [ -80.417874, 32.691388 ], [ -80.421979, 32.689179 ], [ -80.422657, 32.688471 ], [ -80.422502, 32.686385 ], [ -80.419686, 32.683935 ], [ -80.417874, 32.680688 ], [ -80.417927, 32.678508 ], [ -80.418314, 32.677556 ], [ -80.42096, 32.673951 ], [ -80.421423, 32.671677 ], [ -80.420913, 32.670059 ], [ -80.418312, 32.66768 ], [ -80.416645, 32.665681 ], [ -80.41507, 32.662673 ], [ -80.408334, 32.656394 ], [ -80.404915, 32.652409 ], [ -80.402848, 32.651688 ], [ -80.400998, 32.651963 ], [ -80.393301, 32.655244 ], [ -80.391341, 32.655234 ], [ -80.389669, 32.653993 ], [ -80.389269, 32.652957 ], [ -80.389009, 32.652283 ], [ -80.390494, 32.648214 ], [ -80.391453, 32.647175 ], [ -80.39583, 32.645965 ], [ -80.399209, 32.643326 ], [ -80.402359, 32.639521 ], [ -80.403904, 32.634741 ], [ -80.405507, 32.628893 ], [ -80.407545, 32.62708 ], [ -80.411349, 32.626585 ], [ -80.420066, 32.627425 ], [ -80.422654, 32.627359 ], [ -80.425338, 32.626667 ], [ -80.4271, 32.62558 ], [ -80.428035, 32.623863 ], [ -80.428045, 32.622455 ], [ -80.425992, 32.611492 ], [ -80.424667, 32.608131 ], [ -80.422671, 32.605366 ], [ -80.420408, 32.604205 ], [ -80.418428, 32.604296 ], [ -80.416246, 32.605711 ], [ -80.410761, 32.611203 ], [ -80.403233, 32.616805 ], [ -80.399136, 32.618255 ], [ -80.394423, 32.619607 ], [ -80.39157, 32.619355 ], [ -80.389951, 32.618684 ], [ -80.388005, 32.616838 ], [ -80.387191, 32.615129 ], [ -80.387052, 32.612812 ], [ -80.388108, 32.609409 ], [ -80.390613, 32.605314 ], [ -80.393375, 32.601482 ], [ -80.395461, 32.598171 ], [ -80.396876, 32.593915 ], [ -80.3972, 32.591862 ], [ -80.397109, 32.590419 ], [ -80.39584, 32.587224 ], [ -80.393745, 32.583473 ], [ -80.391147, 32.579488 ], [ -80.389493, 32.575227 ], [ -80.38969, 32.571887 ], [ -80.390748, 32.568643 ], [ -80.392805, 32.564163 ], [ -80.395711, 32.561695 ], [ -80.398452, 32.560623 ], [ -80.401396, 32.560132 ], [ -80.406274, 32.559877 ], [ -80.409638, 32.558697 ], [ -80.412299, 32.556861 ], [ -80.414308, 32.554374 ], [ -80.415282, 32.551966 ], [ -80.415332, 32.547935 ], [ -80.414877, 32.54648 ], [ -80.409289, 32.542379 ], [ -80.406392, 32.540818 ], [ -80.393258, 32.537033 ], [ -80.387804, 32.535734 ], [ -80.383992, 32.534153 ], [ -80.380049, 32.531762 ], [ -80.37137, 32.523447 ], [ -80.361074, 32.50968 ], [ -80.35385, 32.502807 ], [ -80.352823, 32.500187 ], [ -80.350599, 32.498696 ], [ -80.345004, 32.497013 ], [ -80.343921, 32.496878 ], [ -80.338459, 32.493894 ], [ -80.335401, 32.492846 ], [ -80.327086, 32.493336 ], [ -80.32645, 32.493788 ], [ -80.324015, 32.500167 ], [ -80.324231, 32.502869 ], [ -80.326196, 32.505011 ], [ -80.330303, 32.506578 ], [ -80.33179, 32.510759 ], [ -80.333024, 32.5125 ], [ -80.336185, 32.514205 ], [ -80.339894, 32.514682 ], [ -80.342263, 32.516856 ], [ -80.344144, 32.517745 ], [ -80.349139, 32.518158 ], [ -80.350027, 32.518778 ], [ -80.349582, 32.520041 ], [ -80.347995, 32.521351 ], [ -80.347934, 32.522772 ], [ -80.349074, 32.524098 ], [ -80.348547, 32.525255 ], [ -80.345827, 32.525627 ], [ -80.344164, 32.523333 ], [ -80.342273, 32.523833 ], [ -80.339022, 32.523062 ], [ -80.338136, 32.524099 ], [ -80.335944, 32.523962 ], [ -80.337287, 32.526133 ], [ -80.335411, 32.526585 ], [ -80.334473, 32.526369 ], [ -80.33349, 32.524382 ], [ -80.331115, 32.522836 ], [ -80.329589, 32.522961 ], [ -80.327164, 32.524389 ], [ -80.32338, 32.524097 ], [ -80.321, 32.523059 ], [ -80.320208, 32.51972 ], [ -80.31827, 32.520013 ], [ -80.319005, 32.518798 ], [ -80.319137, 32.516381 ], [ -80.319945, 32.516553 ], [ -80.320578, 32.513254 ], [ -80.319134, 32.511085 ], [ -80.311471, 32.51378 ], [ -80.299842, 32.521168 ], [ -80.291797, 32.526722 ], [ -80.287048, 32.528738 ], [ -80.28509, 32.529954 ], [ -80.279711, 32.524627 ], [ -80.27726, 32.523825 ], [ -80.277109, 32.524711 ], [ -80.274848, 32.524461 ], [ -80.27403, 32.5255 ], [ -80.271845, 32.526281 ], [ -80.271642, 32.528415 ], [ -80.268996, 32.526809 ], [ -80.265127, 32.528431 ], [ -80.264544, 32.529275 ], [ -80.265612, 32.531214 ], [ -80.264753, 32.53301 ], [ -80.263368, 32.533375 ], [ -80.261289, 32.532566 ], [ -80.260152, 32.533194 ], [ -80.260518, 32.536855 ], [ -80.256361, 32.536793 ], [ -80.255734, 32.536216 ], [ -80.256489, 32.533782 ], [ -80.256242, 32.531727 ], [ -80.254083799999989, 32.5322892 ], [ -80.236778, 32.542324 ], [ -80.218025, 32.551087 ], [ -80.202168, 32.557403 ], [ -80.194985, 32.56003 ], [ -80.190648, 32.5600853 ], [ -80.1801164, 32.5602196 ], [ -80.179298, 32.56023 ], [ -80.17596, 32.559206 ], [ -80.166552, 32.560224 ], [ -80.163749, 32.561834 ], [ -80.1586584, 32.5682312 ], [ -80.155676, 32.571979 ], [ -80.1475881, 32.5768265 ], [ -80.14541, 32.578132 ], [ -80.139941, 32.580275 ], [ -80.121368, 32.590523 ], [ -80.098075, 32.598277 ], [ -80.077039, 32.603319 ], [ -80.0664395, 32.6051628 ], [ -80.037276, 32.610236 ], [ -80.016963, 32.610397 ], [ -80.0133079, 32.6095226 ], [ -80.010505, 32.608852 ], [ -80.006029, 32.605992 ], [ -80.000801, 32.605892 ], [ -79.992244, 32.610998 ], [ -79.990105, 32.616103 ], [ -79.9884419, 32.6214685 ], [ -79.988335, 32.6218133 ], [ -79.986917, 32.626388 ], [ -79.980004, 32.632417 ], [ -79.974299, 32.641024 ], [ -79.970021, 32.640524 ], [ -79.958025, 32.646163 ], [ -79.943757, 32.652331 ], [ -79.9400048, 32.6540129 ], [ -79.9375529, 32.6551119 ], [ -79.9181313, 32.6638172 ], [ -79.915682, 32.664915 ], [ -79.893510300000017, 32.678974499999988 ], [ -79.887085, 32.683049 ], [ -79.885582, 32.684868 ], [ -79.888022, 32.687645 ], [ -79.888024, 32.690209 ], [ -79.8880273, 32.6942522 ], [ -79.888027800000017, 32.694922 ], [ -79.888028, 32.695177 ], [ -79.887094, 32.701947 ], [ -79.883592, 32.709316 ], [ -79.880059, 32.716046 ], [ -79.875829, 32.7220028 ], [ -79.8709563, 32.7288648 ], [ -79.870148, 32.730003 ], [ -79.869364, 32.733642 ], [ -79.87093, 32.742434 ], [ -79.8729654, 32.7445244 ], [ -79.879109, 32.750834 ], [ -79.890436900000012, 32.7510266 ], [ -79.890874, 32.751034 ], [ -79.89634, 32.749535 ], [ -79.896387, 32.7496584 ], [ -79.897291, 32.752034 ], [ -79.8975756, 32.7522414 ], [ -79.89861, 32.752995 ], [ -79.899074, 32.753333 ], [ -79.901094, 32.751034 ], [ -79.9050695, 32.7513381 ], [ -79.907632300000017, 32.7515342 ], [ -79.9085605, 32.7516052 ], [ -79.908937, 32.751634 ], [ -79.915474, 32.753633 ], [ -79.9168696, 32.7540805 ], [ -79.917969, 32.754433 ], [ -79.9184026, 32.7543169 ], [ -79.923198, 32.753033 ], [ -79.9268218, 32.7538461 ], [ -79.928546, 32.754233 ], [ -79.9286867, 32.7630344 ], [ -79.928784, 32.769123 ], [ -79.9273692, 32.7724919 ], [ -79.927357, 32.772521 ], [ -79.924387, 32.775019 ], [ -79.923694, 32.7789787 ], [ -79.9236402, 32.779286 ], [ -79.923198, 32.781813 ], [ -79.9171598, 32.7828705 ], [ -79.906085, 32.78481 ], [ -79.900024, 32.78531 ], [ -79.89123, 32.786808 ], [ -79.88723370000001, 32.7876479 ], [ -79.886001, 32.787907 ], [ -79.878039, 32.785709 ], [ -79.870628, 32.778263 ], [ -79.865442, 32.774919 ], [ -79.863422, 32.771022 ], [ -79.8651482, 32.7681186 ], [ -79.8652953, 32.7678712 ], [ -79.866393, 32.766025 ], [ -79.862709, 32.761528 ], [ -79.854703, 32.754878 ], [ -79.848797, 32.75363 ], [ -79.84035, 32.756816 ], [ -79.8339895, 32.7591109 ], [ -79.823967, 32.762727 ], [ -79.8227529, 32.7634951 ], [ -79.818237, 32.766352 ], [ -79.814513, 32.770448 ], [ -79.813984, 32.774819 ], [ -79.8125101, 32.7748013 ], [ -79.811317, 32.774787 ], [ -79.805037, 32.775094 ], [ -79.7916152, 32.7822935 ], [ -79.791488, 32.7823617 ], [ -79.7896586, 32.783343 ], [ -79.787565, 32.784466 ], [ -79.75647, 32.796602 ], [ -79.736595, 32.801593 ], [ -79.726389, 32.805996 ], [ -79.720707, 32.811153 ], [ -79.718068, 32.816976 ], [ -79.7181918, 32.817579 ], [ -79.7182139, 32.8176865 ], [ -79.7188779, 32.8209202 ], [ -79.719879, 32.825796 ], [ -79.710118, 32.833353 ], [ -79.703789, 32.836024 ], [ -79.699296, 32.843903 ], [ -79.699185, 32.847631 ], [ -79.6987231, 32.8492256 ], [ -79.698115, 32.851325 ], [ -79.693375, 32.852821 ], [ -79.68124, 32.861708 ], [ -79.667217, 32.869793 ], [ -79.655927, 32.875881 ], [ -79.649724, 32.87644 ], [ -79.646656, 32.876055 ], [ -79.6418, 32.881205 ], [ -79.631149, 32.888606 ], [ -79.581058, 32.906417 ], [ -79.578087, 32.910408 ], [ -79.574613, 32.921117 ], [ -79.573408, 32.92788 ], [ -79.574086, 32.932509 ], [ -79.575772, 32.933802 ], [ -79.578161, 32.932873 ], [ -79.580088, 32.930882 ], [ -79.583154, 32.930883 ], [ -79.585715, 32.929561 ], [ -79.585897, 32.926461 ], [ -79.589811, 32.924534 ], [ -79.607532, 32.92623 ], [ -79.612928, 32.934815 ], [ -79.617715, 32.94487 ], [ -79.617611, 32.952726 ], [ -79.607996, 32.96335 ], [ -79.606223, 32.965588 ], [ -79.605506, 32.968364 ], [ -79.606615, 32.972248 ], [ -79.60102, 32.979282 ], [ -79.598662, 32.979648 ], [ -79.598415, 32.981066 ], [ -79.592761, 32.985218 ], [ -79.58659, 32.991334 ], [ -79.583717, 32.996155 ], [ -79.583344, 33.000351 ], [ -79.581314, 33.002709 ], [ -79.580725, 33.006447 ], [ -79.575969, 33.009231 ], [ -79.571108, 33.013811 ], [ -79.566188, 33.015285 ], [ -79.563176, 33.017676 ], [ -79.55756, 33.021269 ], [ -79.55482, 33.021596 ], [ -79.55142, 33.023959 ], [ -79.545317, 33.026537 ], [ -79.541323, 33.025987 ], [ -79.534966, 33.02847 ], [ -79.532149, 33.03146 ], [ -79.5321266, 33.0338482 ], [ -79.532114, 33.035193 ], [ -79.525221, 33.037286 ], [ -79.522449, 33.03535 ], [ -79.506923, 33.032813 ], [ -79.504068, 33.027422 ], [ -79.488727, 33.015832 ], [ -79.489332, 33.01397 ], [ -79.483271, 33.009785 ], [ -79.474681, 33.011389 ], [ -79.470555, 33.010084 ], [ -79.452848, 33.012675 ], [ -79.416356, 33.016124 ], [ -79.407286, 33.01445 ], [ -79.405203, 33.018016 ], [ -79.404422, 33.019617 ], [ -79.400647, 33.017506 ], [ -79.401081, 33.011175 ], [ -79.411626, 33.010338 ], [ -79.421477, 33.011175 ], [ -79.423138, 33.010183 ], [ -79.416515, 33.006815 ], [ -79.396755, 33.00819 ], [ -79.379999, 33.009386 ], [ -79.373582, 33.008688 ], [ -79.362292, 33.009087 ], [ -79.359796, 33.01965 ], [ -79.35124, 33.035193 ], [ -79.341495, 33.053822 ], [ -79.335909, 33.070255 ], [ -79.331869, 33.08101 ], [ -79.330205, 33.086586 ], [ -79.328159, 33.090406 ], [ -79.323385, 33.092583 ], [ -79.316063, 33.099231 ], [ -79.305941, 33.10316 ], [ -79.291591, 33.109773 ], [ -79.275576, 33.1167699 ], [ -79.276717, 33.117914 ], [ -79.27529, 33.118924 ], [ -79.271846, 33.123386 ], [ -79.268411, 33.130308 ], [ -79.267946, 33.132707 ], [ -79.268762, 33.136043 ], [ -79.269742, 33.137362 ], [ -79.272412, 33.139653 ], [ -79.275083, 33.141163 ], [ -79.279896, 33.143273 ], [ -79.283932, 33.144252 ], [ -79.29125, 33.146563 ], [ -79.295465, 33.146475 ], [ -79.297797, 33.145581 ], [ -79.310557, 33.145435 ], [ -79.315087, 33.145719 ], [ -79.318021, 33.146692 ], [ -79.325538, 33.150439 ], [ -79.33207, 33.152688 ], [ -79.341563, 33.154032 ], [ -79.349575, 33.153282 ], [ -79.351291, 33.153523 ], [ -79.354138, 33.155298 ], [ -79.356111, 33.157858 ], [ -79.357889, 33.15933 ], [ -79.360447, 33.160523 ], [ -79.366916, 33.162274 ], [ -79.373714, 33.166487 ], [ -79.377312, 33.169358 ], [ -79.380302, 33.172843 ], [ -79.383449, 33.175161 ], [ -79.386015, 33.176089 ], [ -79.394397, 33.178041 ], [ -79.404032, 33.183777 ], [ -79.405063, 33.184693 ], [ -79.408254, 33.188297 ], [ -79.410319, 33.193076 ], [ -79.411703, 33.195878 ], [ -79.41434, 33.199011 ], [ -79.415845, 33.199895 ], [ -79.419762, 33.201136 ], [ -79.422977, 33.20277 ], [ -79.426136, 33.205683 ], [ -79.426804, 33.208986 ], [ -79.427477, 33.209784 ], [ -79.43205, 33.211094 ], [ -79.435637, 33.213926 ], [ -79.437749, 33.215242 ], [ -79.439481, 33.215343 ], [ -79.446699, 33.213458 ], [ -79.446648, 33.211819 ], [ -79.449414, 33.209999 ], [ -79.449294, 33.207767 ], [ -79.450294, 33.207334 ], [ -79.45379, 33.20844 ], [ -79.45485, 33.21009 ], [ -79.456968, 33.209366 ], [ -79.458851, 33.210346 ], [ -79.458227, 33.209218 ], [ -79.460212, 33.209035 ], [ -79.460552, 33.208154 ], [ -79.462444, 33.2075 ], [ -79.466612, 33.209183 ], [ -79.467099, 33.206631 ], [ -79.467785, 33.206544 ], [ -79.46859, 33.207022 ], [ -79.470968, 33.210397 ], [ -79.474019, 33.210341 ], [ -79.473583, 33.209291 ], [ -79.477294, 33.208871 ], [ -79.476841, 33.207814 ], [ -79.478228, 33.207511 ], [ -79.478375, 33.206231 ], [ -79.47725, 33.20573 ], [ -79.477959, 33.203023 ], [ -79.480602, 33.203794 ], [ -79.481666, 33.20332 ], [ -79.483668, 33.203811 ], [ -79.484285, 33.201389 ], [ -79.482567, 33.198353 ], [ -79.484228, 33.196843 ], [ -79.484026, 33.195951 ], [ -79.486106, 33.19504 ], [ -79.486369, 33.192368 ], [ -79.49027, 33.192707 ], [ -79.490884, 33.193717 ], [ -79.492818, 33.191821 ], [ -79.493226, 33.189175 ], [ -79.492859, 33.187921 ], [ -79.494533, 33.187658 ], [ -79.495649, 33.185326 ], [ -79.496557, 33.185147 ], [ -79.496215, 33.179836 ], [ -79.497537, 33.176985 ], [ -79.49908, 33.177813 ], [ -79.502275, 33.177682 ], [ -79.50446, 33.177054 ], [ -79.503456, 33.174214 ], [ -79.503908, 33.172954 ], [ -79.506467, 33.170646 ], [ -79.508351, 33.16788 ], [ -79.51116, 33.167925 ], [ -79.512996, 33.166157 ], [ -79.513743, 33.163554 ], [ -79.512911, 33.161635 ], [ -79.513489, 33.160461 ], [ -79.512049, 33.158076 ], [ -79.513403, 33.15764 ], [ -79.513628, 33.155582 ], [ -79.515464, 33.153922 ], [ -79.51821, 33.149079 ], [ -79.519517, 33.147978 ], [ -79.521962, 33.146698 ], [ -79.525002, 33.145875 ], [ -79.527446, 33.146189 ], [ -79.527995, 33.145634 ], [ -79.530797, 33.145721 ], [ -79.5326, 33.144228 ], [ -79.533952, 33.144035 ], [ -79.540201, 33.147408 ], [ -79.544145, 33.149988 ], [ -79.545349, 33.152588 ], [ -79.549959, 33.15562 ], [ -79.554929, 33.155533 ], [ -79.560461, 33.156403 ], [ -79.564088, 33.155364 ], [ -79.565663, 33.153291 ], [ -79.56867, 33.151856 ], [ -79.571388, 33.149861 ], [ -79.58008, 33.148364 ], [ -79.583511, 33.146759 ], [ -79.586347, 33.146923 ], [ -79.589634, 33.144756 ], [ -79.591411, 33.14408 ], [ -79.595515, 33.143368 ], [ -79.597081, 33.141804 ], [ -79.597584, 33.1396 ], [ -79.59987, 33.134005 ], [ -79.609086, 33.133123 ], [ -79.610579, 33.136123 ], [ -79.612512, 33.138317 ], [ -79.616239, 33.136918 ], [ -79.620907, 33.135976 ], [ -79.622747, 33.132841 ], [ -79.628044, 33.128881 ], [ -79.629717, 33.128438 ], [ -79.634314, 33.129033 ], [ -79.635715, 33.128438 ], [ -79.642327, 33.124386 ], [ -79.645208, 33.120478 ], [ -79.646864, 33.117889 ], [ -79.647328, 33.116253 ], [ -79.647185, 33.11352 ], [ -79.647725, 33.111609 ], [ -79.65039, 33.108198 ], [ -79.655464, 33.10082 ], [ -79.660501, 33.090832 ], [ -79.66182, 33.089566 ], [ -79.666984, 33.086392 ], [ -79.674655, 33.080462 ], [ -79.679761, 33.07386 ], [ -79.684141, 33.06906 ], [ -79.686476, 33.06694 ], [ -79.687879, 33.064459 ], [ -79.69183, 33.060149 ], [ -79.694146, 33.058158 ], [ -79.69742, 33.056144 ], [ -79.698673, 33.054992 ], [ -79.699878, 33.052559 ], [ -79.70085, 33.048621 ], [ -79.703032, 33.045934 ], [ -79.706582, 33.044263 ], [ -79.712335, 33.042171 ], [ -79.715022, 33.040081 ], [ -79.716404, 33.038555 ], [ -79.721601, 33.030979 ], [ -79.726494, 33.019982 ], [ -79.729024, 33.014089 ], [ -79.730301, 33.012638 ], [ -79.743045, 33.00538 ], [ -79.74889, 33.000009 ], [ -79.753357, 32.997533 ], [ -79.756636, 32.994589 ], [ -79.758649, 32.992036 ], [ -79.762115, 32.989093 ], [ -79.766835, 32.97948 ], [ -79.768527, 32.975529 ], [ -79.767757, 32.973724 ], [ -79.7693, 32.971566 ], [ -79.769324, 32.968545 ], [ -79.765925, 32.964148 ], [ -79.764532, 32.960107 ], [ -79.76358, 32.958174 ], [ -79.763445, 32.956336 ], [ -79.765587, 32.956246 ], [ -79.766396, 32.954491 ], [ -79.767667, 32.95486 ], [ -79.767232, 32.952943 ], [ -79.768859, 32.951785 ], [ -79.770466, 32.946184 ], [ -79.771721, 32.94386 ], [ -79.771626, 32.941845 ], [ -79.774688, 32.941645 ], [ -79.778904, 32.943745 ], [ -79.781389, 32.943782 ], [ -79.784699, 32.942426 ], [ -79.791594, 32.93767 ], [ -79.797776, 32.934273 ], [ -79.798536, 32.933671 ], [ -79.802402, 32.929774 ], [ -79.803866, 32.928748 ], [ -79.812389, 32.928003 ], [ -79.814854, 32.926961 ], [ -79.818521, 32.922455 ], [ -79.821551, 32.92038 ], [ -79.825765, 32.918279 ], [ -79.829256, 32.918447 ], [ -79.829257, 32.918726 ], [ -79.836372, 32.91836 ], [ -79.837073, 32.918213 ], [ -79.838844, 32.916374 ], [ -79.840574, 32.912732 ], [ -79.841183, 32.909377 ], [ -79.839556, 32.904624 ], [ -79.841894, 32.896763 ], [ -79.846172, 32.887739 ], [ -79.849099, 32.8823 ], [ -79.852458, 32.87682 ], [ -79.852965, 32.876102 ], [ -79.854829, 32.874255 ], [ -79.859082, 32.870962 ], [ -79.86345, 32.869605 ], [ -79.873797, 32.867505 ], [ -79.875926, 32.867175 ], [ -79.882677, 32.86647 ], [ -79.885387, 32.865774 ], [ -79.892619, 32.862377 ], [ -79.896191, 32.860018 ], [ -79.896295, 32.859897 ], [ -79.897951, 32.857502 ], [ -79.898479, 32.855151 ], [ -79.897103, 32.849055 ], [ -79.895151, 32.843119 ], [ -79.895223, 32.838656 ], [ -79.89528, 32.837317 ], [ -79.896255, 32.831151 ], [ -79.89671, 32.830472 ], [ -79.89901, 32.827534 ], [ -79.901863, 32.825249 ], [ -79.90834, 32.822475 ], [ -79.911304, 32.819324 ], [ -79.914307, 32.818892 ], [ -79.919202, 32.818991 ], [ -79.928305, 32.823983 ], [ -79.930433, 32.82635 ], [ -79.931374, 32.829839 ], [ -79.931633, 32.833911 ], [ -79.929779, 32.845872 ], [ -79.930229, 32.847716 ], [ -79.931418, 32.849816 ], [ -79.93423, 32.852243 ], [ -79.939249, 32.854529 ], [ -79.943374, 32.855808 ], [ -79.951832, 32.857131 ], [ -79.953959, 32.857939 ], [ -79.956437, 32.860173 ], [ -79.959453, 32.863633 ], [ -79.964002, 32.874354 ], [ -79.96475, 32.877928 ], [ -79.964764, 32.882817 ], [ -79.962677, 32.891031 ], [ -79.96264, 32.891141 ], [ -79.961124, 32.894461 ], [ -79.959398, 32.89698 ], [ -79.952606, 32.903445 ], [ -79.947426, 32.907655 ], [ -79.948348, 32.908296 ], [ -79.950986, 32.910129 ], [ -79.951098, 32.910207 ], [ -79.990769, 32.903336 ], [ -79.994216, 32.902761 ], [ -79.999218, 32.901905 ], [ -80.00017, 32.901746 ], [ -80.001607, 32.901516 ], [ -80.010895, 32.900012 ], [ -80.011559, 32.899913 ], [ -80.011774, 32.899881 ], [ -80.014168, 32.904356 ], [ -80.021962, 32.918537 ], [ -80.023105, 32.920639 ], [ -80.023472, 32.921316 ], [ -80.026372, 32.926764 ], [ -80.035247, 32.943171 ], [ -80.036747, 32.945944 ], [ -80.041492, 32.955011 ], [ -80.042227, 32.957229 ], [ -80.042621, 32.960336 ], [ -80.042181, 32.965024 ], [ -80.041113, 32.973925 ], [ -80.040992, 32.974893 ], [ -80.040065, 32.982747 ], [ -80.043592, 32.984837 ], [ -80.045833, 32.985025 ], [ -80.048887, 32.990002 ], [ -80.050626, 32.990505 ], [ -80.053083, 32.994564 ], [ -80.056018, 32.999355 ], [ -80.060407, 32.997809 ], [ -80.067155, 32.9965 ], [ -80.081124, 32.993897 ], [ -80.083327, 32.991967 ], [ -80.083981, 32.993298 ], [ -80.086691, 32.9923 ], [ -80.086981, 32.992219 ], [ -80.087762, 32.992003 ], [ -80.090561, 32.990934 ], [ -80.094556, 32.989471 ], [ -80.095733, 32.989036 ], [ -80.097604, 32.988332 ], [ -80.098222, 32.988106 ], [ -80.100068, 32.989246 ], [ -80.100814, 32.989705 ], [ -80.10507, 32.992491 ], [ -80.102415, 32.995535 ], [ -80.104919, 32.996007 ], [ -80.102246, 32.999809 ], [ -80.102707, 33.001325 ], [ -80.10803, 32.999757 ], [ -80.10815, 33.001604 ], [ -80.110426, 33.002156 ], [ -80.109121, 33.001559 ], [ -80.111029, 32.999813 ], [ -80.112471, 33.000597 ], [ -80.113364, 32.998061 ], [ -80.122541, 33.004092 ], [ -80.128551, 33.008105 ], [ -80.132135, 33.010484 ], [ -80.14772, 33.020729 ], [ -80.149246, 33.021601 ], [ -80.151338, 33.0195 ], [ -80.152821, 33.018792 ], [ -80.153702, 33.018856 ], [ -80.153775, 33.0185 ], [ -80.153975, 33.018103 ], [ -80.154807, 33.018208 ], [ -80.155038, 33.018957 ], [ -80.156421, 33.019083 ], [ -80.156924, 33.019159 ], [ -80.158724, 33.019765 ], [ -80.160728, 33.020767 ], [ -80.163492, 33.019374 ], [ -80.160465, 33.017765 ], [ -80.160194, 33.017614 ], [ -80.162456, 33.01462 ], [ -80.163441, 33.014342 ], [ -80.163637, 33.013891 ], [ -80.164456, 33.012818 ], [ -80.169825, 33.015448 ], [ -80.172234, 33.013457 ], [ -80.176227, 33.010016 ], [ -80.172552, 33.006742 ], [ -80.169954, 33.004346 ], [ -80.167495, 33.007599 ], [ -80.169495, 33.008878 ], [ -80.166882, 33.012061 ], [ -80.166353, 33.012661 ], [ -80.163867, 33.011199 ], [ -80.162593, 33.010502 ], [ -80.163878, 33.008471 ], [ -80.167554, 33.002664 ], [ -80.163042, 32.998841 ], [ -80.161784, 32.997773 ], [ -80.159875, 32.996111 ], [ -80.159272, 32.995478 ], [ -80.152025, 32.989359 ], [ -80.149669, 32.987531 ], [ -80.147176, 32.985393 ], [ -80.145993, 32.984384 ], [ -80.145574, 32.984978 ], [ -80.145175, 32.985771 ], [ -80.143741, 32.98572 ], [ -80.141501, 32.989702 ], [ -80.138706, 32.994116 ], [ -80.13555, 32.998887 ], [ -80.130361, 32.996086 ], [ -80.130035, 32.995911 ], [ -80.128762, 32.995235 ], [ -80.124813, 32.993156 ], [ -80.110543, 32.985492 ], [ -80.125431, 32.982327 ], [ -80.127805, 32.981011 ], [ -80.128342, 32.980601 ], [ -80.129183, 32.980048 ], [ -80.130646, 32.979009 ], [ -80.131844, 32.98002 ], [ -80.136055, 32.981015 ], [ -80.139236, 32.981783 ], [ -80.141349, 32.979207 ], [ -80.141267, 32.979118 ], [ -80.14088, 32.979567 ], [ -80.138792, 32.978034 ], [ -80.137265, 32.976913 ], [ -80.137175, 32.976847 ], [ -80.136691, 32.976492 ], [ -80.135643, 32.975489 ], [ -80.128969, 32.969838 ], [ -80.125831, 32.967179 ], [ -80.124555, 32.966098 ], [ -80.109119, 32.953092 ], [ -80.096772, 32.942603 ], [ -80.092019, 32.938547 ], [ -80.08918, 32.936152 ], [ -80.085219, 32.932788 ], [ -80.083686, 32.931485 ], [ -80.079804, 32.928186 ], [ -80.08029, 32.927181 ], [ -80.080761, 32.926146 ], [ -80.08165, 32.925759 ], [ -80.08125, 32.925014 ], [ -80.081846, 32.923619 ], [ -80.085136, 32.915946 ], [ -80.085262, 32.915654 ], [ -80.086868, 32.911842 ], [ -80.08958, 32.905566 ], [ -80.094533, 32.894188 ], [ -80.097336, 32.88771 ], [ -80.097659, 32.886962 ], [ -80.099394, 32.891233 ], [ -80.102328, 32.893144 ], [ -80.103924, 32.893374 ], [ -80.105512, 32.893408 ], [ -80.108806, 32.892642 ], [ -80.112442, 32.891727 ], [ -80.113698, 32.891747 ], [ -80.115091, 32.892061 ], [ -80.119471, 32.893625 ], [ -80.119567, 32.895022 ], [ -80.117433, 32.897682 ], [ -80.117327, 32.898798 ], [ -80.118243, 32.901149 ], [ -80.119832, 32.901834 ], [ -80.122794, 32.901766 ], [ -80.123145, 32.897362 ], [ -80.125441, 32.889636 ], [ -80.127205, 32.890039 ], [ -80.127781, 32.890204 ], [ -80.127833, 32.889817 ], [ -80.12803, 32.888225 ], [ -80.137677, 32.883736 ], [ -80.13662, 32.88772 ], [ -80.144793, 32.887563 ], [ -80.149659, 32.878856 ], [ -80.162185, 32.874614 ], [ -80.154923, 32.865051 ], [ -80.161297, 32.855901 ], [ -80.163494, 32.854544 ], [ -80.171259, 32.862994 ], [ -80.174086, 32.865489 ], [ -80.176744, 32.867075 ], [ -80.182466, 32.863069 ], [ -80.185697, 32.860807 ], [ -80.186903, 32.852002 ], [ -80.18347, 32.84924 ], [ -80.183738, 32.847075 ], [ -80.175255, 32.845762 ], [ -80.161686, 32.841047 ], [ -80.1608, 32.840922 ], [ -80.160761, 32.838987 ], [ -80.157593, 32.83211 ], [ -80.158635, 32.830118 ], [ -80.157118, 32.828274 ], [ -80.156865, 32.826734 ], [ -80.155045, 32.825699 ], [ -80.153308, 32.825263 ], [ -80.150821, 32.821162 ], [ -80.148484, 32.819034 ], [ -80.149255, 32.818195 ], [ -80.157715, 32.818215 ], [ -80.1759, 32.822145 ], [ -80.276396, 32.843634 ], [ -80.28448, 32.846329 ], [ -80.292076, 32.84886 ], [ -80.299622, 32.851418 ], [ -80.301688, 32.851903 ], [ -80.302804, 32.852019 ], [ -80.31194, 32.851484 ], [ -80.401322, 32.858532 ], [ -80.401358, 32.856664 ], [ -80.400746, 32.850946 ], [ -80.399487, 32.84764 ], [ -80.39943, 32.845742 ], [ -80.397713, 32.845306 ], [ -80.396211, 32.845948 ], [ -80.394332, 32.845495 ], [ -80.394137, 32.844502 ], [ -80.396698, 32.842822 ], [ -80.397169, 32.841987 ], [ -80.395724, 32.840254 ], [ -80.396407, 32.838052 ], [ -80.397367, 32.83674 ], [ -80.399298, 32.835468 ], [ -80.398898, 32.831825 ], [ -80.400278, 32.828327 ], [ -80.403336, 32.824941 ], [ -80.404404, 32.822604 ], [ -80.404016, 32.818637 ], [ -80.405125, 32.816583 ], [ -80.405409, 32.814966 ], [ -80.40775, 32.810838 ], [ -80.411183, 32.809001 ], [ -80.409921, 32.806538 ], [ -80.411054, 32.806011 ], [ -80.412508, 32.806824 ], [ -80.411711, 32.808881 ], [ -80.414091, 32.808837 ], [ -80.415117, 32.805298 ], [ -80.414752, 32.802562 ], [ -80.415756, 32.802395 ], [ -80.416837, 32.80512 ], [ -80.418277, 32.805144 ], [ -80.418294, 32.802475 ], [ -80.42108, 32.798383 ], [ -80.42616, 32.797934 ], [ -80.427012, 32.796046 ], [ -80.430553, 32.792817 ], [ -80.430989, 32.791613 ], [ -80.432711, 32.789973 ], [ -80.435813, 32.788194 ], [ -80.435959, 32.787737 ], [ -80.43374, 32.785396 ], [ -80.432232, 32.783259 ], [ -80.431909, 32.78169 ], [ -80.432929, 32.778479 ], [ -80.435855, 32.774353 ], [ -80.438478, 32.772741 ], [ -80.438502, 32.771279 ], [ -80.436575, 32.770222 ], [ -80.439306, 32.765882 ], [ -80.440722, 32.765047 ], [ -80.445218, 32.765345 ], [ -80.446145, 32.764867 ], [ -80.447492, 32.762709 ], [ -80.449581, 32.757247 ], [ -80.449477, 32.752879 ], [ -80.447937, 32.748439 ], [ -80.449114, 32.745681 ], [ -80.452082, 32.742932 ], [ -80.453553, 32.740501 ], [ -80.45324, 32.739063 ] ] ] ] } },
{ "type": "Feature", "properties": { "STATEFP": "45", "COUNTYFP": "035", "COUNTYNS": "01247998", "GEOIDFQ": "0500000US45035", "GEOID": "45035", "NAME": "Dorchester", "NAMELSAD": "Dorchester County", "STUSPS": "SC", "STATE_NAME": "South Carolina", "LSAD": "06", "ALAND": 1472172215.0, "AWATER": 6781942.0, "STATE_NAME_HYPHEN": "South-Carolina" }, "geometry": { "type": "MultiPolygon", "coordinates": [ [ [ [ -80.791968, 33.176174 ], [ -80.788208, 33.176859 ], [ -80.786765, 33.175096 ], [ -80.784585, 33.175668 ], [ -80.784258, 33.174591 ], [ -80.782542, 33.174636 ], [ -80.781888, 33.176125 ], [ -80.779081, 33.176766 ], [ -80.776712, 33.175207 ], [ -80.776495, 33.173054 ], [ -80.77377, 33.17351 ], [ -80.772, 33.171563 ], [ -80.769657, 33.172936 ], [ -80.768486, 33.172112 ], [ -80.767015, 33.172386 ], [ -80.764997, 33.174608 ], [ -80.763336, 33.173645 ], [ -80.76342, 33.170552 ], [ -80.762167, 33.170344 ], [ -80.760041, 33.172178 ], [ -80.758243, 33.170893 ], [ -80.757289, 33.171626 ], [ -80.758923, 33.173208 ], [ -80.758677, 33.174674 ], [ -80.756335, 33.173459 ], [ -80.753474, 33.174236 ], [ -80.750424, 33.172677 ], [ -80.74611, 33.174535 ], [ -80.745564, 33.173367 ], [ -80.747498, 33.172221 ], [ -80.743736, 33.16819 ], [ -80.740385, 33.168238 ], [ -80.738315, 33.169224 ], [ -80.737417, 33.17037 ], [ -80.734452, 33.17005 ], [ -80.732458, 33.169111 ], [ -80.730904, 33.166867 ], [ -80.727254, 33.165492 ], [ -80.725292, 33.163753 ], [ -80.723112, 33.16286 ], [ -80.720878, 33.161256 ], [ -80.717391, 33.159585 ], [ -80.716601, 33.161005 ], [ -80.715457, 33.160525 ], [ -80.713195, 33.156768 ], [ -80.712568, 33.153812 ], [ -80.710715, 33.153446 ], [ -80.711261, 33.15569 ], [ -80.709736, 33.15647 ], [ -80.708945, 33.154843 ], [ -80.706658, 33.154821 ], [ -80.705105, 33.153377 ], [ -80.703062, 33.152485 ], [ -80.703143, 33.151384 ], [ -80.705649, 33.150926 ], [ -80.706166, 33.149895 ], [ -80.705267, 33.147008 ], [ -80.703006, 33.144396 ], [ -80.699084, 33.144053 ], [ -80.699928, 33.142679 ], [ -80.69451, 33.140755 ], [ -80.692903, 33.138531 ], [ -80.693257, 33.137434 ], [ -80.69165, 33.137524 ], [ -80.691568, 33.134431 ], [ -80.693501, 33.13237 ], [ -80.692902, 33.131498 ], [ -80.68988, 33.131476 ], [ -80.68939, 33.130239 ], [ -80.692167, 33.129873 ], [ -80.693038, 33.128704 ], [ -80.691731, 33.128131 ], [ -80.689444, 33.128704 ], [ -80.689362, 33.127122 ], [ -80.685022, 33.124997 ], [ -80.685087, 33.123784 ], [ -80.683018, 33.123303 ], [ -80.681166, 33.124449 ], [ -80.678607, 33.121585 ], [ -80.679914, 33.12044 ], [ -80.679533, 33.119019 ], [ -80.677709, 33.118538 ], [ -80.678934, 33.117002 ], [ -80.678254, 33.115651 ], [ -80.675096, 33.114665 ], [ -80.674334, 33.113588 ], [ -80.672101, 33.113176 ], [ -80.673272, 33.112237 ], [ -80.673027, 33.110563 ], [ -80.674035, 33.109808 ], [ -80.673572, 33.108021 ], [ -80.671095, 33.107677 ], [ -80.671803, 33.105683 ], [ -80.670443, 33.103552 ], [ -80.665952, 33.101216 ], [ -80.665081, 33.099451 ], [ -80.662577, 33.098947 ], [ -80.65961, 33.097595 ], [ -80.65923, 33.096494 ], [ -80.661489, 33.095624 ], [ -80.661353, 33.094593 ], [ -80.658605, 33.093676 ], [ -80.657979, 33.092256 ], [ -80.653217, 33.09317 ], [ -80.651694, 33.090513 ], [ -80.65004, 33.090195 ], [ -80.649299, 33.089848 ], [ -80.648429, 33.087487 ], [ -80.646933, 33.085538 ], [ -80.645272, 33.086272 ], [ -80.643776, 33.085813 ], [ -80.643123, 33.084186 ], [ -80.640756, 33.082971 ], [ -80.641247, 33.082123 ], [ -80.640186, 33.08068 ], [ -80.638689, 33.081595 ], [ -80.635859, 33.080815 ], [ -80.635887, 33.079577 ], [ -80.632187, 33.077697 ], [ -80.632378, 33.076276 ], [ -80.630882, 33.075681 ], [ -80.627263, 33.07593 ], [ -80.626692, 33.07506 ], [ -80.629415, 33.072771 ], [ -80.62773, 33.069516 ], [ -80.626234, 33.0686 ], [ -80.623681, 33.069242 ], [ -80.623815, 33.066927 ], [ -80.622699, 33.066263 ], [ -80.619352, 33.066197 ], [ -80.6181, 33.064754 ], [ -80.615107, 33.065213 ], [ -80.611418, 33.063888 ], [ -80.610154, 33.064138 ], [ -80.608575, 33.062787 ], [ -80.604004, 33.061757 ], [ -80.602481, 33.062835 ], [ -80.600576, 33.062675 ], [ -80.600385, 33.061369 ], [ -80.596603, 33.059973 ], [ -80.595025, 33.059882 ], [ -80.591488, 33.05782 ], [ -80.589311, 33.058301 ], [ -80.587298, 33.057478 ], [ -80.582102, 33.058464 ], [ -80.578483, 33.057251 ], [ -80.577313, 33.057411 ], [ -80.577449, 33.058692 ], [ -80.578946, 33.060021 ], [ -80.577939, 33.060526 ], [ -80.575871, 33.059931 ], [ -80.575463, 33.058511 ], [ -80.571981, 33.059244 ], [ -80.570566, 33.057687 ], [ -80.571028, 33.059427 ], [ -80.567845, 33.059314 ], [ -80.568008, 33.060367 ], [ -80.566485, 33.060505 ], [ -80.564771, 33.059427 ], [ -80.563574, 33.060482 ], [ -80.561696, 33.060643 ], [ -80.558785, 33.059818 ], [ -80.557806, 33.061147 ], [ -80.553207, 33.061925 ], [ -80.553044, 33.059313 ], [ -80.550297, 33.058328 ], [ -80.549208, 33.060046 ], [ -80.547712, 33.059472 ], [ -80.546514, 33.060985 ], [ -80.544501, 33.062244 ], [ -80.544909, 33.062978 ], [ -80.547521, 33.06275 ], [ -80.546786, 33.063826 ], [ -80.547439, 33.065751 ], [ -80.546051, 33.066139 ], [ -80.544364, 33.063826 ], [ -80.54382, 33.066026 ], [ -80.542269, 33.066209 ], [ -80.540228, 33.064307 ], [ -80.537834, 33.066001 ], [ -80.537534, 33.066941 ], [ -80.539765, 33.068133 ], [ -80.538322, 33.069965 ], [ -80.536445, 33.068522 ], [ -80.535057, 33.069048 ], [ -80.53318, 33.06859 ], [ -80.532013, 33.069653 ], [ -80.529388, 33.066991 ], [ -80.527312, 33.066313 ], [ -80.528338, 33.063386 ], [ -80.526061, 33.06118 ], [ -80.524469, 33.061504 ], [ -80.520378, 33.062035 ], [ -80.517943, 33.060484 ], [ -80.516205, 33.060817 ], [ -80.514819, 33.058456 ], [ -80.509677, 33.057263 ], [ -80.506412, 33.058797 ], [ -80.503964, 33.057696 ], [ -80.502466, 33.058909 ], [ -80.499822, 33.058393 ], [ -80.494593, 33.059668 ], [ -80.493832, 33.060585 ], [ -80.495356, 33.061798 ], [ -80.496145, 33.061019 ], [ -80.497261, 33.062026 ], [ -80.496827, 33.063172 ], [ -80.49318, 33.062945 ], [ -80.491168, 33.063792 ], [ -80.48978, 33.063564 ], [ -80.489588, 33.061984 ], [ -80.488146, 33.061824 ], [ -80.486133, 33.062696 ], [ -80.484691, 33.061436 ], [ -80.480555, 33.061552 ], [ -80.480527, 33.059858 ], [ -80.476746, 33.061141 ], [ -80.475412, 33.05995 ], [ -80.474379, 33.060799 ], [ -80.475223, 33.062562 ], [ -80.474788, 33.064394 ], [ -80.469318, 33.063251 ], [ -80.468039, 33.062655 ], [ -80.464829, 33.063161 ], [ -80.463658, 33.062405 ], [ -80.461509, 33.062291 ], [ -80.459578, 33.063735 ], [ -80.458108, 33.060665 ], [ -80.455713, 33.061284 ], [ -80.455523, 33.058993 ], [ -80.451741, 33.060231 ], [ -80.452829, 33.061673 ], [ -80.452068, 33.062201 ], [ -80.450816, 33.061514 ], [ -80.450136, 33.059061 ], [ -80.447877, 33.0581 ], [ -80.448911, 33.054549 ], [ -80.447632, 33.054159 ], [ -80.444585, 33.055785 ], [ -80.440803, 33.053266 ], [ -80.440885, 33.052189 ], [ -80.4423, 33.05173 ], [ -80.43996, 33.050013 ], [ -80.43996, 33.049005 ], [ -80.437376, 33.05322 ], [ -80.436233, 33.052327 ], [ -80.433322, 33.052327 ], [ -80.431744, 33.051433 ], [ -80.427936, 33.051341 ], [ -80.425895, 33.052807 ], [ -80.424753, 33.051478 ], [ -80.42263, 33.054755 ], [ -80.421868, 33.054915 ], [ -80.41836, 33.05134 ], [ -80.414823, 33.049895 ], [ -80.413301, 33.046688 ], [ -80.412022, 33.046596 ], [ -80.409192, 33.048313 ], [ -80.406308, 33.049436 ], [ -80.404268, 33.049435 ], [ -80.40424, 33.05136 ], [ -80.403124, 33.053078 ], [ -80.402226, 33.053238 ], [ -80.400702, 33.05278 ], [ -80.398092, 33.050006 ], [ -80.391671, 33.044983 ], [ -80.38969, 33.042994 ], [ -80.389583, 33.038984 ], [ -80.387986, 33.034112 ], [ -80.387819, 33.032843 ], [ -80.391302, 33.02998 ], [ -80.392604, 33.02756 ], [ -80.393589, 33.026086 ], [ -80.395575, 33.024369 ], [ -80.399275, 33.022354 ], [ -80.404443, 33.020408 ], [ -80.406483, 33.019011 ], [ -80.407, 33.017131 ], [ -80.406566, 33.014015 ], [ -80.406921, 33.010351 ], [ -80.405589, 33.009434 ], [ -80.403604, 33.009617 ], [ -80.403795, 33.008403 ], [ -80.406081, 33.007551 ], [ -80.406269, 33.007235 ], [ -80.406378, 33.006754 ], [ -80.406732, 33.005929 ], [ -80.407567, 33.004918 ], [ -80.407847, 33.004578 ], [ -80.407088, 33.000169 ], [ -80.405846, 32.999839 ], [ -80.407855, 32.996181 ], [ -80.410786, 32.993518 ], [ -80.409265, 32.989966 ], [ -80.409755, 32.987561 ], [ -80.412311, 32.986026 ], [ -80.410924, 32.985498 ], [ -80.409456, 32.986185 ], [ -80.408696, 32.984605 ], [ -80.410028, 32.983826 ], [ -80.412476, 32.983528 ], [ -80.41427, 32.984171 ], [ -80.414949, 32.982934 ], [ -80.413781, 32.981971 ], [ -80.413673, 32.979062 ], [ -80.415631, 32.976886 ], [ -80.418403, 32.976039 ], [ -80.418648, 32.975351 ], [ -80.417915, 32.971296 ], [ -80.41623, 32.970975 ], [ -80.415197, 32.973197 ], [ -80.413675, 32.971501 ], [ -80.415578, 32.969233 ], [ -80.418405, 32.968524 ], [ -80.418813, 32.967264 ], [ -80.416205, 32.963825 ], [ -80.415336, 32.961512 ], [ -80.412646, 32.959724 ], [ -80.411423, 32.957684 ], [ -80.409195, 32.958143 ], [ -80.408842, 32.957524 ], [ -80.41012, 32.955669 ], [ -80.407639, 32.952712 ], [ -80.406207, 32.953766 ], [ -80.407715, 32.955291 ], [ -80.407083, 32.955879 ], [ -80.405219, 32.955134 ], [ -80.404408, 32.952315 ], [ -80.404704, 32.950415 ], [ -80.407324, 32.947684 ], [ -80.407329, 32.946046 ], [ -80.405198, 32.945289 ], [ -80.402608, 32.946987 ], [ -80.402192, 32.946334 ], [ -80.402896, 32.944538 ], [ -80.402233, 32.94335 ], [ -80.402787, 32.941397 ], [ -80.400454, 32.940306 ], [ -80.400619, 32.937783 ], [ -80.399405, 32.936039 ], [ -80.399408, 32.934505 ], [ -80.400633, 32.933296 ], [ -80.399294, 32.930678 ], [ -80.398356, 32.926899 ], [ -80.400026, 32.923242 ], [ -80.400267, 32.92072 ], [ -80.401708, 32.917375 ], [ -80.405645, 32.914535 ], [ -80.406447, 32.910229 ], [ -80.402902, 32.908741 ], [ -80.402095, 32.907736 ], [ -80.401798, 32.904483 ], [ -80.400006, 32.9032 ], [ -80.399898, 32.90226 ], [ -80.401229, 32.900336 ], [ -80.399002, 32.901091 ], [ -80.397264, 32.90077 ], [ -80.396749, 32.898891 ], [ -80.395256, 32.897126 ], [ -80.397593, 32.894332 ], [ -80.397457, 32.893852 ], [ -80.392922, 32.894146 ], [ -80.392894, 32.895957 ], [ -80.391482, 32.894605 ], [ -80.393081, 32.892332 ], [ -80.39116, 32.89211 ], [ -80.389526, 32.890431 ], [ -80.389489, 32.888534 ], [ -80.387176, 32.888373 ], [ -80.385344, 32.886119 ], [ -80.387277, 32.884578 ], [ -80.389436, 32.884556 ], [ -80.391841, 32.885317 ], [ -80.393291, 32.885281 ], [ -80.39379, 32.884143 ], [ -80.393382, 32.882669 ], [ -80.396204, 32.883049 ], [ -80.396245, 32.881976 ], [ -80.394253, 32.880591 ], [ -80.394433, 32.879682 ], [ -80.396173, 32.879424 ], [ -80.398865, 32.877785 ], [ -80.399231, 32.873212 ], [ -80.400209, 32.872475 ], [ -80.401875, 32.871682 ], [ -80.4028, 32.870759 ], [ -80.403262, 32.869644 ], [ -80.402631, 32.865873 ], [ -80.399896, 32.864823 ], [ -80.399303, 32.864449 ], [ -80.401322, 32.858532 ], [ -80.31194, 32.851484 ], [ -80.302804, 32.852019 ], [ -80.301688, 32.851903 ], [ -80.299622, 32.851418 ], [ -80.292076, 32.84886 ], [ -80.28448, 32.846329 ], [ -80.276396, 32.843634 ], [ -80.1759, 32.822145 ], [ -80.157715, 32.818215 ], [ -80.149255, 32.818195 ], [ -80.148484, 32.819034 ], [ -80.150821, 32.821162 ], [ -80.153308, 32.825263 ], [ -80.155045, 32.825699 ], [ -80.156865, 32.826734 ], [ -80.157118, 32.828274 ], [ -80.158635, 32.830118 ], [ -80.157593, 32.83211 ], [ -80.160761, 32.838987 ], [ -80.1608, 32.840922 ], [ -80.161686, 32.841047 ], [ -80.175255, 32.845762 ], [ -80.183738, 32.847075 ], [ -80.18347, 32.84924 ], [ -80.186903, 32.852002 ], [ -80.185697, 32.860807 ], [ -80.182466, 32.863069 ], [ -80.176744, 32.867075 ], [ -80.174086, 32.865489 ], [ -80.171259, 32.862994 ], [ -80.163494, 32.854544 ], [ -80.161297, 32.855901 ], [ -80.154923, 32.865051 ], [ -80.162185, 32.874614 ], [ -80.149659, 32.878856 ], [ -80.144793, 32.887563 ], [ -80.13662, 32.88772 ], [ -80.137677, 32.883736 ], [ -80.12803, 32.888225 ], [ -80.127833, 32.889817 ], [ -80.127781, 32.890204 ], [ -80.127205, 32.890039 ], [ -80.125441, 32.889636 ], [ -80.123145, 32.897362 ], [ -80.122794, 32.901766 ], [ -80.119832, 32.901834 ], [ -80.118243, 32.901149 ], [ -80.117327, 32.898798 ], [ -80.117433, 32.897682 ], [ -80.119567, 32.895022 ], [ -80.119471, 32.893625 ], [ -80.115091, 32.892061 ], [ -80.113698, 32.891747 ], [ -80.112442, 32.891727 ], [ -80.108806, 32.892642 ], [ -80.105512, 32.893408 ], [ -80.103924, 32.893374 ], [ -80.102328, 32.893144 ], [ -80.099394, 32.891233 ], [ -80.097659, 32.886962 ], [ -80.097336, 32.88771 ], [ -80.094533, 32.894188 ], [ -80.08958, 32.905566 ], [ -80.086868, 32.911842 ], [ -80.085262, 32.915654 ], [ -80.085136, 32.915946 ], [ -80.081846, 32.923619 ], [ -80.08125, 32.925014 ], [ -80.08165, 32.925759 ], [ -80.080761, 32.926146 ], [ -80.08029, 32.927181 ], [ -80.079804, 32.928186 ], [ -80.083686, 32.931485 ], [ -80.085219, 32.932788 ], [ -80.08918, 32.936152 ], [ -80.092019, 32.938547 ], [ -80.096772, 32.942603 ], [ -80.109119, 32.953092 ], [ -80.124555, 32.966098 ], [ -80.125831, 32.967179 ], [ -80.128969, 32.969838 ], [ -80.135643, 32.975489 ], [ -80.136691, 32.976492 ], [ -80.137175, 32.976847 ], [ -80.137265, 32.976913 ], [ -80.138792, 32.978034 ], [ -80.14088, 32.979567 ], [ -80.141267, 32.979118 ], [ -80.141349, 32.979207 ], [ -80.139236, 32.981783 ], [ -80.136055, 32.981015 ], [ -80.131844, 32.98002 ], [ -80.130646, 32.979009 ], [ -80.129183, 32.980048 ], [ -80.128342, 32.980601 ], [ -80.127805, 32.981011 ], [ -80.125431, 32.982327 ], [ -80.110543, 32.985492 ], [ -80.124813, 32.993156 ], [ -80.128762, 32.995235 ], [ -80.130035, 32.995911 ], [ -80.130361, 32.996086 ], [ -80.13555, 32.998887 ], [ -80.138706, 32.994116 ], [ -80.141501, 32.989702 ], [ -80.143741, 32.98572 ], [ -80.145175, 32.985771 ], [ -80.145574, 32.984978 ], [ -80.145993, 32.984384 ], [ -80.147176, 32.985393 ], [ -80.149669, 32.987531 ], [ -80.152025, 32.989359 ], [ -80.159272, 32.995478 ], [ -80.159875, 32.996111 ], [ -80.161784, 32.997773 ], [ -80.163042, 32.998841 ], [ -80.167554, 33.002664 ], [ -80.163878, 33.008471 ], [ -80.162593, 33.010502 ], [ -80.163867, 33.011199 ], [ -80.166353, 33.012661 ], [ -80.166882, 33.012061 ], [ -80.169495, 33.008878 ], [ -80.167495, 33.007599 ], [ -80.169954, 33.004346 ], [ -80.172552, 33.006742 ], [ -80.176227, 33.010016 ], [ -80.172234, 33.013457 ], [ -80.169825, 33.015448 ], [ -80.164456, 33.012818 ], [ -80.163637, 33.013891 ], [ -80.163441, 33.014342 ], [ -80.162456, 33.01462 ], [ -80.160194, 33.017614 ], [ -80.160465, 33.017765 ], [ -80.163492, 33.019374 ], [ -80.160728, 33.020767 ], [ -80.158724, 33.019765 ], [ -80.156924, 33.019159 ], [ -80.156421, 33.019083 ], [ -80.155038, 33.018957 ], [ -80.154807, 33.018208 ], [ -80.153975, 33.018103 ], [ -80.153775, 33.0185 ], [ -80.153702, 33.018856 ], [ -80.152821, 33.018792 ], [ -80.151338, 33.0195 ], [ -80.149246, 33.021601 ], [ -80.156067, 33.026113 ], [ -80.164252, 33.032294 ], [ -80.1832, 33.044765 ], [ -80.185911, 33.046552 ], [ -80.186886, 33.047194 ], [ -80.221628, 33.070103 ], [ -80.23571, 33.079388 ], [ -80.251354, 33.089698 ], [ -80.33594, 33.145463 ], [ -80.334717, 33.146095 ], [ -80.324547, 33.1517 ], [ -80.32109, 33.153416 ], [ -80.318909, 33.155606 ], [ -80.318146, 33.154896 ], [ -80.317629, 33.157049 ], [ -80.314605, 33.157415 ], [ -80.313026, 33.159249 ], [ -80.310956, 33.158355 ], [ -80.309184, 33.161929 ], [ -80.307931, 33.162799 ], [ -80.307386, 33.165343 ], [ -80.305806, 33.166235 ], [ -80.303109, 33.169719 ], [ -80.303381, 33.171872 ], [ -80.301801, 33.174232 ], [ -80.297006, 33.178012 ], [ -80.296352, 33.179454 ], [ -80.297359, 33.179684 ], [ -80.297577, 33.181838 ], [ -80.301228, 33.183717 ], [ -80.302699, 33.185366 ], [ -80.304061, 33.185434 ], [ -80.305341, 33.186717 ], [ -80.308529, 33.18784 ], [ -80.308801, 33.190429 ], [ -80.310572, 33.19052 ], [ -80.311308, 33.19162 ], [ -80.313515, 33.19272 ], [ -80.315967, 33.193156 ], [ -80.323107, 33.197875 ], [ -80.324687, 33.198515 ], [ -80.328557, 33.197874 ], [ -80.330818, 33.198424 ], [ -80.332918, 33.203601 ], [ -80.334473, 33.210244 ], [ -80.336463, 33.215376 ], [ -80.335102, 33.219729 ], [ -80.334884, 33.222982 ], [ -80.335403, 33.224494 ], [ -80.337503, 33.228343 ], [ -80.340856, 33.230336 ], [ -80.342328, 33.231687 ], [ -80.343337, 33.231595 ], [ -80.343392, 33.233451 ], [ -80.346855, 33.236085 ], [ -80.348684, 33.241925 ], [ -80.347213, 33.245247 ], [ -80.348407, 33.248922 ], [ -80.351892, 33.24957 ], [ -80.354942, 33.252817 ], [ -80.358254, 33.255522 ], [ -80.361851, 33.257443 ], [ -80.364302, 33.258555 ], [ -80.368265, 33.25949 ], [ -80.374816, 33.260675 ], [ -80.377665, 33.260502 ], [ -80.381974, 33.261012 ], [ -80.384448, 33.261738 ], [ -80.389827, 33.264291 ], [ -80.391872, 33.264564 ], [ -80.39421, 33.264663 ], [ -80.396309, 33.264232 ], [ -80.401436, 33.262365 ], [ -80.410246, 33.260198 ], [ -80.413293, 33.25981 ], [ -80.419996, 33.258253 ], [ -80.424457, 33.257709 ], [ -80.427092, 33.257762 ], [ -80.436172, 33.260022 ], [ -80.439529, 33.261618 ], [ -80.439695, 33.261698 ], [ -80.441158, 33.262403 ], [ -80.443599, 33.264936 ], [ -80.449498, 33.269539 ], [ -80.451683, 33.270656 ], [ -80.45349, 33.270995 ], [ -80.462284, 33.270666 ], [ -80.466619, 33.271471 ], [ -80.473335, 33.273671 ], [ -80.475608, 33.274851 ], [ -80.479263, 33.277659 ], [ -80.484578, 33.280034 ], [ -80.486121, 33.28219 ], [ -80.489229, 33.289558 ], [ -80.491738, 33.29329 ], [ -80.493962, 33.297539 ], [ -80.495176, 33.302546 ], [ -80.495344, 33.304971 ], [ -80.493882, 33.315793 ], [ -80.494129, 33.321167 ], [ -80.494669, 33.323807 ], [ -80.49574, 33.326172 ], [ -80.498468, 33.330567 ], [ -80.50279, 33.334496 ], [ -80.612904, 33.275852 ], [ -80.660746, 33.250132 ], [ -80.666187, 33.247407 ], [ -80.701038, 33.228668 ], [ -80.712892, 33.222291 ], [ -80.790296, 33.18084 ], [ -80.789924, 33.179426 ], [ -80.791968, 33.176174 ] ] ] ] } },
{ "type": "Feature", "properties": { "STATEFP": "45", "COUNTYFP": "021", "COUNTYNS": "01247987", "GEOIDFQ": "0500000US45021", "GEOID": "45021", "NAME": "Cherokee", "NAMELSAD": "Cherokee County", "STUSPS": "SC", "STATE_NAME": "South Carolina", "LSAD": "06", "ALAND": 1017770810.0, "AWATER": 11691708.0, "STATE_NAME_HYPHEN": "South-Carolina" }, "geometry": { "type": "MultiPolygon", "coordinates": [ [ [ [ -81.8746867, 35.1841199 ], [ -81.872213, 35.179458 ], [ -81.863098, 35.162609 ], [ -81.860691, 35.158161 ], [ -81.857977, 35.153141 ], [ -81.85734, 35.151963 ], [ -81.857049, 35.151426 ], [ -81.85693, 35.151205 ], [ -81.85357, 35.145008 ], [ -81.847858, 35.134437 ], [ -81.844298, 35.127839 ], [ -81.833596, 35.108056 ], [ -81.826015, 35.094056 ], [ -81.821577, 35.085859 ], [ -81.806131, 35.057244 ], [ -81.806252, 35.055505 ], [ -81.80678, 35.048008 ], [ -81.807646, 35.035646 ], [ -81.794331, 35.035378 ], [ -81.790498, 35.028287 ], [ -81.786825, 35.021462 ], [ -81.785674, 35.019329 ], [ -81.775688, 34.990278 ], [ -81.775422, 34.989501 ], [ -81.755195, 34.930609 ], [ -81.753601, 34.930192 ], [ -81.752473, 34.931117 ], [ -81.749244, 34.929911 ], [ -81.734933, 34.933044 ], [ -81.733859, 34.93041 ], [ -81.732317, 34.929143 ], [ -81.732222, 34.927705 ], [ -81.729791, 34.923377 ], [ -81.729932, 34.92182 ], [ -81.728889, 34.922368 ], [ -81.726997, 34.921472 ], [ -81.725485, 34.920273 ], [ -81.723821, 34.917561 ], [ -81.719367, 34.916465 ], [ -81.718862, 34.913745 ], [ -81.717794, 34.912195 ], [ -81.714094, 34.912865 ], [ -81.707071, 34.911746 ], [ -81.70346, 34.906719 ], [ -81.701957, 34.906157 ], [ -81.698388, 34.905888 ], [ -81.695932, 34.906495 ], [ -81.694296, 34.906076 ], [ -81.69245, 34.906619 ], [ -81.691149, 34.909057 ], [ -81.688981, 34.910161 ], [ -81.687006, 34.912148 ], [ -81.685272, 34.913013 ], [ -81.684342, 34.912803 ], [ -81.683221, 34.910363 ], [ -81.681138, 34.908452 ], [ -81.678702, 34.907021 ], [ -81.677585, 34.900892 ], [ -81.675981, 34.90158 ], [ -81.673298, 34.903935 ], [ -81.668984, 34.902984 ], [ -81.668665, 34.901539 ], [ -81.665826, 34.900462 ], [ -81.663631, 34.898679 ], [ -81.660502, 34.898851 ], [ -81.657724, 34.900982 ], [ -81.656456, 34.901414 ], [ -81.651947, 34.901986 ], [ -81.647184, 34.900473 ], [ -81.64451, 34.896202 ], [ -81.643425, 34.891341 ], [ -81.643348, 34.888373 ], [ -81.640621, 34.887664 ], [ -81.638603, 34.884727 ], [ -81.638299, 34.883555 ], [ -81.640692, 34.881344 ], [ -81.640557, 34.880084 ], [ -81.637833, 34.880145 ], [ -81.631019, 34.877248 ], [ -81.629076, 34.876726 ], [ -81.626737, 34.874338 ], [ -81.62482, 34.873936 ], [ -81.621508, 34.874823 ], [ -81.618225, 34.874773 ], [ -81.616829, 34.875512 ], [ -81.611602, 34.876146 ], [ -81.606985, 34.877555 ], [ -81.605269, 34.879509 ], [ -81.602079, 34.88165 ], [ -81.599836, 34.884063 ], [ -81.598392, 34.8848 ], [ -81.59472, 34.883987 ], [ -81.590974, 34.886336 ], [ -81.587199, 34.88745 ], [ -81.584865, 34.885652 ], [ -81.581771, 34.88417 ], [ -81.579536, 34.882673 ], [ -81.575382, 34.881328 ], [ -81.567432, 34.878053 ], [ -81.566426, 34.875839 ], [ -81.565023, 34.874651 ], [ -81.562286, 34.874723 ], [ -81.5599, 34.87557 ], [ -81.556038, 34.872911 ], [ -81.550619, 34.87275 ], [ -81.548062, 34.872338 ], [ -81.545311, 34.871421 ], [ -81.543533, 34.869886 ], [ -81.541421, 34.870207 ], [ -81.540809, 34.871718 ], [ -81.537474, 34.873321 ], [ -81.537057, 34.874237 ], [ -81.537165, 34.878414 ], [ -81.536192, 34.879376 ], [ -81.534576, 34.879613 ], [ -81.533567, 34.879187 ], [ -81.533268, 34.877189 ], [ -81.531949, 34.875151 ], [ -81.531164, 34.869175 ], [ -81.529888, 34.867643 ], [ -81.528126, 34.867638 ], [ -81.527795, 34.870846 ], [ -81.52638, 34.872128 ], [ -81.523459, 34.873773 ], [ -81.522738, 34.877294 ], [ -81.521454, 34.877561 ], [ -81.518561, 34.87653 ], [ -81.514872, 34.87713 ], [ -81.513741, 34.875897 ], [ -81.509553, 34.873418 ], [ -81.504058, 34.871881 ], [ -81.502791, 34.870903 ], [ -81.501204, 34.868454 ], [ -81.499648, 34.867752 ], [ -81.49726, 34.867987 ], [ -81.493651, 34.869101 ], [ -81.490877, 34.868639 ], [ -81.485135, 34.866776 ], [ -81.481945, 34.866495 ], [ -81.481725, 34.865191 ], [ -81.482533, 34.863547 ], [ -81.484755, 34.861676 ], [ -81.483788, 34.859364 ], [ -81.483571, 34.856343 ], [ -81.482269, 34.855382 ], [ -81.479991, 34.857504 ], [ -81.479298, 34.856999 ], [ -81.47897, 34.854094 ], [ -81.478, 34.852675 ], [ -81.476117, 34.851755 ], [ -81.473287, 34.851544 ], [ -81.47143, 34.850718 ], [ -81.470713, 34.848819 ], [ -81.46966, 34.848107 ], [ -81.465833, 34.846681 ], [ -81.457257, 34.83928 ], [ -81.453309, 34.846358 ], [ -81.454363, 34.848586 ], [ -81.456774, 34.850285 ], [ -81.460396, 34.851535 ], [ -81.462737, 34.85359 ], [ -81.463063, 34.854969 ], [ -81.465003, 34.860273 ], [ -81.466146, 34.862477 ], [ -81.468796, 34.865653 ], [ -81.470215, 34.869486 ], [ -81.471413, 34.875134 ], [ -81.470919, 34.876914 ], [ -81.472018, 34.881341 ], [ -81.472152, 34.884748 ], [ -81.472696, 34.888137 ], [ -81.472497, 34.89023 ], [ -81.47293, 34.891915 ], [ -81.474035, 34.893298 ], [ -81.477693, 34.896047 ], [ -81.478796, 34.898383 ], [ -81.478146, 34.901434 ], [ -81.476847, 34.904191 ], [ -81.475624, 34.908001 ], [ -81.47367, 34.910758 ], [ -81.470974, 34.912316 ], [ -81.470311, 34.915105 ], [ -81.472043, 34.919013 ], [ -81.473629, 34.920659 ], [ -81.476608, 34.922758 ], [ -81.477287, 34.924507 ], [ -81.477253, 34.926478 ], [ -81.476059, 34.930062 ], [ -81.474016, 34.932787 ], [ -81.473642, 34.935002 ], [ -81.474172, 34.936468 ], [ -81.477094, 34.937534 ], [ -81.479812, 34.937863 ], [ -81.48434, 34.938632 ], [ -81.488225, 34.940209 ], [ -81.490363, 34.942175 ], [ -81.492121, 34.945581 ], [ -81.492385, 34.946774 ], [ -81.491397, 34.950462 ], [ -81.487926, 34.955651 ], [ -81.487088, 34.959766 ], [ -81.487033, 34.962714 ], [ -81.486152, 34.965109 ], [ -81.48365, 34.968071 ], [ -81.480948, 34.970323 ], [ -81.479993, 34.972024 ], [ -81.478199, 34.977849 ], [ -81.476448, 34.98058 ], [ -81.475875, 34.98232 ], [ -81.47624, 34.983973 ], [ -81.477734, 34.986081 ], [ -81.483999, 34.99383 ], [ -81.48479, 34.997258 ], [ -81.484733, 35.000131 ], [ -81.482744, 35.003013 ], [ -81.481138, 35.004487 ], [ -81.48057, 35.005906 ], [ -81.481459, 35.008737 ], [ -81.483465, 35.011214 ], [ -81.484599, 35.014706 ], [ -81.484529, 35.016795 ], [ -81.485703, 35.019939 ], [ -81.487561, 35.025964 ], [ -81.488286, 35.026868 ], [ -81.488434, 35.029516 ], [ -81.487125, 35.031028 ], [ -81.487016, 35.034853 ], [ -81.4822, 35.036916 ], [ -81.480586, 35.039047 ], [ -81.477607, 35.040675 ], [ -81.478722, 35.042118 ], [ -81.476123, 35.04317 ], [ -81.472651, 35.043654 ], [ -81.471983, 35.045098 ], [ -81.472346, 35.046655 ], [ -81.471316, 35.048098 ], [ -81.414878, 35.047187 ], [ -81.41354, 35.047163 ], [ -81.408816, 35.047077 ], [ -81.408684, 35.048751 ], [ -81.407148, 35.072473 ], [ -81.404656, 35.10632 ], [ -81.402521, 35.136886 ], [ -81.388172, 35.148075 ], [ -81.366599800000017, 35.1648895 ], [ -81.366691, 35.164893 ], [ -81.4384767, 35.1677404 ], [ -81.438941, 35.1677588 ], [ -81.4427427, 35.1679096 ], [ -81.445627, 35.168024 ], [ -81.4503312, 35.1682109 ], [ -81.452398, 35.168293 ], [ -81.461408, 35.168657 ], [ -81.4668669, 35.1688778 ], [ -81.470014800000015, 35.1690051 ], [ -81.493401, 35.169951 ], [ -81.494265, 35.169882 ], [ -81.5168705, 35.1707092 ], [ -81.54515, 35.171744 ], [ -81.5638854, 35.1724292 ], [ -81.5728048, 35.1727554 ], [ -81.581681, 35.17308 ], [ -81.6090052, 35.1742521 ], [ -81.6095491, 35.1742755 ], [ -81.614877, 35.174504 ], [ -81.6247836, 35.1749288 ], [ -81.646707, 35.175869 ], [ -81.6755099, 35.1771041 ], [ -81.680801, 35.177331 ], [ -81.716259, 35.178852 ], [ -81.738492, 35.179511 ], [ -81.7634132, 35.1802492 ], [ -81.7681086, 35.1803883 ], [ -81.772351, 35.180514 ], [ -81.7751534, 35.180597 ], [ -81.802081, 35.181395 ], [ -81.8440424, 35.1829713 ], [ -81.844045, 35.1829714 ], [ -81.8578387, 35.1834896 ], [ -81.874433, 35.184113 ], [ -81.8746867, 35.1841199 ] ] ] ] } },
{ "type": "Feature", "properties": { "STATEFP": "45", "COUNTYFP": "059", "COUNTYNS": "01248009", "GEOIDFQ": "0500000US45059", "GEOID": "45059", "NAME": "Laurens", "NAMELSAD": "Laurens County", "STUSPS": "SC", "STATE_NAME": "South Carolina", "LSAD": "06", "ALAND": 1846327161.0, "AWATER": 26061233.0, "STATE_NAME_HYPHEN": "South-Carolina" }, "geometry": { "type": "MultiPolygon", "coordinates": [ [ [ [ -82.314544, 34.469625 ], [ -82.311368, 34.46762 ], [ -82.308523, 34.464976 ], [ -82.305022, 34.461287 ], [ -82.300682, 34.459245 ], [ -82.295931, 34.456419 ], [ -82.29388, 34.455238 ], [ -82.290218, 34.45374 ], [ -82.287926, 34.453585 ], [ -82.28317, 34.448311 ], [ -82.28298, 34.447419 ], [ -82.284792, 34.445741 ], [ -82.281461, 34.444505 ], [ -82.279026, 34.441412 ], [ -82.278935, 34.439829 ], [ -82.277797, 34.436734 ], [ -82.276985, 34.435957 ], [ -82.273094, 34.433779 ], [ -82.2709, 34.433423 ], [ -82.26773, 34.433722 ], [ -82.266065, 34.433234 ], [ -82.265025, 34.430514 ], [ -82.263329, 34.429181 ], [ -82.260333, 34.425851 ], [ -82.26032, 34.424803 ], [ -82.261841, 34.423865 ], [ -82.262235, 34.422604 ], [ -82.261431, 34.420938 ], [ -82.259463, 34.419468 ], [ -82.257193, 34.419321 ], [ -82.254404, 34.420151 ], [ -82.253626, 34.418448 ], [ -82.252869, 34.41417 ], [ -82.25197, 34.413103 ], [ -82.24857, 34.412572 ], [ -82.246337, 34.409676 ], [ -82.245338, 34.408087 ], [ -82.244831, 34.404111 ], [ -82.2446, 34.403428 ], [ -82.234833, 34.403363 ], [ -82.232863, 34.403023 ], [ -82.230835, 34.403087 ], [ -82.228368, 34.402426 ], [ -82.227886, 34.402171 ], [ -82.227708, 34.401718 ], [ -82.228607, 34.400979 ], [ -82.228819, 34.400536 ], [ -82.228785, 34.399778 ], [ -82.229021, 34.399269 ], [ -82.231462, 34.393656 ], [ -82.231335, 34.392477 ], [ -82.228386, 34.391144 ], [ -82.223625, 34.391707 ], [ -82.221453, 34.391151 ], [ -82.220758, 34.390278 ], [ -82.221554, 34.387291 ], [ -82.220994, 34.38536 ], [ -82.21938, 34.383827 ], [ -82.218064, 34.382913 ], [ -82.215663, 34.381096 ], [ -82.214894, 34.380513 ], [ -82.212986, 34.378528 ], [ -82.209161, 34.375772 ], [ -82.207119, 34.375279 ], [ -82.203529, 34.376448 ], [ -82.20085, 34.376919 ], [ -82.196895, 34.374988 ], [ -82.196658, 34.373729 ], [ -82.198493, 34.3712 ], [ -82.196921, 34.369435 ], [ -82.193718, 34.370366 ], [ -82.191956, 34.37038 ], [ -82.184948, 34.364997 ], [ -82.182675, 34.361062 ], [ -82.18125, 34.359465 ], [ -82.177999, 34.358134 ], [ -82.176825, 34.356576 ], [ -82.174501, 34.351583 ], [ -82.173154, 34.350834 ], [ -82.171876, 34.345558 ], [ -82.170125, 34.340164 ], [ -82.170375, 34.337762 ], [ -82.169609, 34.336507 ], [ -82.169297, 34.330746 ], [ -82.168731, 34.330102 ], [ -82.166099, 34.329648 ], [ -82.162704, 34.330499 ], [ -82.155039, 34.331675 ], [ -82.153313, 34.330597 ], [ -82.150718, 34.330003 ], [ -82.14753, 34.328327 ], [ -82.143691, 34.325765 ], [ -82.137314, 34.325127 ], [ -82.134027, 34.323794 ], [ -82.131851, 34.320399 ], [ -82.129496, 34.318994 ], [ -82.127594, 34.318378 ], [ -82.125945, 34.316476 ], [ -82.126245, 34.314962 ], [ -82.126118, 34.310776 ], [ -82.125047, 34.309693 ], [ -82.122987, 34.304519 ], [ -82.121724, 34.303403 ], [ -82.120008, 34.303818 ], [ -82.117762, 34.305376 ], [ -82.115015, 34.306723 ], [ -82.113901, 34.306775 ], [ -82.110707, 34.308064 ], [ -82.109793, 34.307805 ], [ -82.104916, 34.305854 ], [ -82.101113, 34.304988 ], [ -82.096721, 34.302185 ], [ -82.094546, 34.30129 ], [ -82.089719, 34.301579 ], [ -82.08452, 34.299759 ], [ -82.08367, 34.29924 ], [ -82.080523, 34.295665 ], [ -82.075925, 34.293392 ], [ -82.072747, 34.28848 ], [ -82.070316, 34.286835 ], [ -82.065802, 34.285191 ], [ -82.065354, 34.283923 ], [ -82.062985, 34.281689 ], [ -82.058706, 34.279175 ], [ -82.055052, 34.27684 ], [ -82.053505, 34.276423 ], [ -82.052426, 34.275476 ], [ -82.051591, 34.274183 ], [ -82.051019, 34.269525 ], [ -82.050752, 34.268697 ], [ -82.048892, 34.267271 ], [ -82.047124, 34.266547 ], [ -82.04371, 34.266267 ], [ -82.042453, 34.264525 ], [ -82.039223, 34.26349 ], [ -82.03695, 34.264038 ], [ -82.031129, 34.262359 ], [ -82.02963, 34.260408 ], [ -82.025562, 34.258446 ], [ -82.023294, 34.25593 ], [ -82.021717, 34.252715 ], [ -82.020327, 34.251927 ], [ -82.018976, 34.249091 ], [ -82.016917, 34.247146 ], [ -82.014214, 34.245964 ], [ -82.009309, 34.242498 ], [ -82.007176, 34.24152 ], [ -81.999238, 34.242048 ], [ -81.996265, 34.243105 ], [ -81.994704, 34.242979 ], [ -81.990464, 34.241752 ], [ -81.985026, 34.238685 ], [ -81.982426, 34.238061 ], [ -81.978375, 34.238109 ], [ -81.977903, 34.235832 ], [ -81.978916, 34.234118 ], [ -81.97924, 34.232357 ], [ -81.977225, 34.229502 ], [ -81.9727, 34.226459 ], [ -81.971434, 34.224482 ], [ -81.971079, 34.222157 ], [ -81.968924, 34.220821 ], [ -81.963482, 34.219118 ], [ -81.96069, 34.218542 ], [ -81.957968, 34.215235 ], [ -81.954628, 34.213028 ], [ -81.952656, 34.210989 ], [ -81.952087, 34.20851 ], [ -81.950736, 34.206784 ], [ -81.947359, 34.205102 ], [ -81.945019, 34.203148 ], [ -81.943718, 34.206054 ], [ -81.941961, 34.208593 ], [ -81.938624, 34.210819 ], [ -81.934721, 34.215388 ], [ -81.932843, 34.216457 ], [ -81.929241, 34.21769 ], [ -81.926727, 34.219721 ], [ -81.925742, 34.225812 ], [ -81.924472, 34.229594 ], [ -81.923777, 34.230895 ], [ -81.915619, 34.240537 ], [ -81.911351, 34.246345 ], [ -81.910121, 34.250614 ], [ -81.909228, 34.255592 ], [ -81.908041, 34.257896 ], [ -81.906646, 34.259066 ], [ -81.9032, 34.263286 ], [ -81.90296, 34.264535 ], [ -81.903461, 34.273469 ], [ -81.901711, 34.276471 ], [ -81.900501, 34.280948 ], [ -81.899742, 34.284892 ], [ -81.898091, 34.290239 ], [ -81.89577, 34.295849 ], [ -81.895331, 34.300497 ], [ -81.893003, 34.302924 ], [ -81.889655, 34.303821 ], [ -81.88815, 34.304846 ], [ -81.883652, 34.310735 ], [ -81.883076, 34.311964 ], [ -81.88027, 34.311768 ], [ -81.877354, 34.312247 ], [ -81.872621, 34.312031 ], [ -81.871309, 34.312415 ], [ -81.869722, 34.31411 ], [ -81.869135, 34.314462 ], [ -81.867573, 34.31639 ], [ -81.865085, 34.316734 ], [ -81.861302, 34.315545 ], [ -81.858375, 34.318333 ], [ -81.856168, 34.318689 ], [ -81.855198, 34.320723 ], [ -81.852284, 34.322482 ], [ -81.848467, 34.323528 ], [ -81.850582, 34.329104 ], [ -81.849816, 34.332984 ], [ -81.844694, 34.335135 ], [ -81.840254, 34.339731 ], [ -81.836861, 34.342805 ], [ -81.832168, 34.344899 ], [ -81.823456, 34.346863 ], [ -81.817959, 34.346788 ], [ -81.812999, 34.347558 ], [ -81.806538, 34.350588 ], [ -81.800864, 34.354518 ], [ -81.797337, 34.357229 ], [ -81.792296, 34.359586 ], [ -81.785754, 34.363272 ], [ -81.782627, 34.365089 ], [ -81.781755, 34.366031 ], [ -81.780592, 34.367721 ], [ -81.780456, 34.369184 ], [ -81.780906, 34.373198 ], [ -81.778407, 34.378887 ], [ -81.776075, 34.382217 ], [ -81.774607, 34.383946 ], [ -81.765911, 34.391405 ], [ -81.763756, 34.394277 ], [ -81.762189, 34.398052 ], [ -81.759188, 34.398052 ], [ -81.757867, 34.39856 ], [ -81.756099, 34.400851 ], [ -81.754859, 34.403458 ], [ -81.754377, 34.407925 ], [ -81.74983, 34.410729 ], [ -81.747064, 34.412908 ], [ -81.746212, 34.414166 ], [ -81.746653, 34.417887 ], [ -81.747462, 34.419591 ], [ -81.745941, 34.421672 ], [ -81.743175, 34.423402 ], [ -81.741762, 34.426199 ], [ -81.738183, 34.429083 ], [ -81.737103, 34.430544 ], [ -81.735857, 34.433224 ], [ -81.734104, 34.43528 ], [ -81.734455, 34.437736 ], [ -81.730071, 34.441278 ], [ -81.728203, 34.443409 ], [ -81.724734, 34.445353 ], [ -81.723524, 34.447128 ], [ -81.722491, 34.449661 ], [ -81.717476, 34.448934 ], [ -81.715683, 34.448961 ], [ -81.714482, 34.449342 ], [ -81.708994, 34.452503 ], [ -81.706748, 34.453213 ], [ -81.704235, 34.453361 ], [ -81.703198, 34.452631 ], [ -81.703468, 34.453413 ], [ -81.702221, 34.456012 ], [ -81.672824, 34.49477 ], [ -81.66475, 34.505335 ], [ -81.66125, 34.50738 ], [ -81.658615, 34.510796 ], [ -81.657691, 34.513324 ], [ -81.654035, 34.514415 ], [ -81.649702, 34.517709 ], [ -81.649582, 34.520423 ], [ -81.645825, 34.52734 ], [ -81.645129, 34.53146 ], [ -81.643552, 34.533652 ], [ -81.64453, 34.533864 ], [ -81.647135, 34.532721 ], [ -81.64829, 34.532789 ], [ -81.65536, 34.541133 ], [ -81.657982, 34.540573 ], [ -81.658611, 34.541157 ], [ -81.659379, 34.542957 ], [ -81.659721, 34.545856 ], [ -81.658451, 34.54784 ], [ -81.660889, 34.548707 ], [ -81.667548, 34.548327 ], [ -81.668465, 34.548791 ], [ -81.669397, 34.55123 ], [ -81.672395, 34.551208 ], [ -81.67477, 34.552515 ], [ -81.677616, 34.550804 ], [ -81.679107, 34.551977 ], [ -81.679228, 34.553439 ], [ -81.676349, 34.55682 ], [ -81.677321, 34.557972 ], [ -81.680024, 34.557964 ], [ -81.68264, 34.557255 ], [ -81.686732, 34.554371 ], [ -81.690758, 34.552705 ], [ -81.691545, 34.553181 ], [ -81.692847, 34.555665 ], [ -81.696483, 34.556892 ], [ -81.700428, 34.555695 ], [ -81.700768, 34.557797 ], [ -81.700144, 34.559086 ], [ -81.701054, 34.559363 ], [ -81.704152, 34.557852 ], [ -81.707006, 34.557077 ], [ -81.709416, 34.555501 ], [ -81.711633, 34.55494 ], [ -81.713547, 34.555602 ], [ -81.714358, 34.554045 ], [ -81.716182, 34.551449 ], [ -81.717328, 34.55147 ], [ -81.72026, 34.553384 ], [ -81.72089, 34.55484 ], [ -81.722948, 34.556135 ], [ -81.724618, 34.556133 ], [ -81.725663, 34.556871 ], [ -81.72739, 34.556617 ], [ -81.730433, 34.558251 ], [ -81.733621, 34.560909 ], [ -81.735038, 34.560108 ], [ -81.736523, 34.560638 ], [ -81.73789, 34.559347 ], [ -81.739238, 34.559781 ], [ -81.740341, 34.561098 ], [ -81.741724, 34.561389 ], [ -81.743042, 34.562664 ], [ -81.743253, 34.565067 ], [ -81.744705, 34.566522 ], [ -81.747018, 34.566847 ], [ -81.747335, 34.568272 ], [ -81.749606, 34.568344 ], [ -81.752516, 34.563598 ], [ -81.753763, 34.564293 ], [ -81.754409, 34.566387 ], [ -81.756136, 34.566742 ], [ -81.758465, 34.565937 ], [ -81.759864, 34.565983 ], [ -81.761783, 34.567063 ], [ -81.762439, 34.568347 ], [ -81.765746, 34.568175 ], [ -81.76568, 34.56717 ], [ -81.767506, 34.56653 ], [ -81.768644, 34.568349 ], [ -81.767957, 34.570364 ], [ -81.768732, 34.570889 ], [ -81.771193, 34.570248 ], [ -81.775387, 34.570875 ], [ -81.779871, 34.569978 ], [ -81.781995, 34.571277 ], [ -81.784238, 34.573228 ], [ -81.78676, 34.574132 ], [ -81.788749, 34.574171 ], [ -81.794765, 34.574751 ], [ -81.797935, 34.57386 ], [ -81.800262, 34.574811 ], [ -81.801686, 34.577766 ], [ -81.801198, 34.579333 ], [ -81.802319, 34.580808 ], [ -81.80486, 34.579986 ], [ -81.808738, 34.580989 ], [ -81.810395, 34.578077 ], [ -81.81357, 34.580158 ], [ -81.815025, 34.581806 ], [ -81.815596, 34.583543 ], [ -81.81817, 34.588202 ], [ -81.819391, 34.588613 ], [ -81.823083, 34.588863 ], [ -81.825865, 34.588058 ], [ -81.827804, 34.592713 ], [ -81.829476, 34.594071 ], [ -81.830307, 34.593601 ], [ -81.830102, 34.59181 ], [ -81.831666, 34.591489 ], [ -81.83607, 34.593447 ], [ -81.839339, 34.593235 ], [ -81.839913, 34.594969 ], [ -81.839226, 34.597641 ], [ -81.842145, 34.599488 ], [ -81.842846, 34.600635 ], [ -81.845926, 34.598266 ], [ -81.845675, 34.596757 ], [ -81.846452, 34.595901 ], [ -81.849337, 34.594639 ], [ -81.851865, 34.594775 ], [ -81.854422, 34.594593 ], [ -81.855627, 34.592987 ], [ -81.858762, 34.592233 ], [ -81.860399, 34.590018 ], [ -81.862215, 34.58605 ], [ -81.861813, 34.581579 ], [ -81.863555, 34.580197 ], [ -81.864474, 34.580797 ], [ -81.869515, 34.587443 ], [ -81.871164, 34.59288 ], [ -81.872666, 34.593068 ], [ -81.874843, 34.592333 ], [ -81.87798, 34.593233 ], [ -81.878948, 34.595104 ], [ -81.878745, 34.595996 ], [ -81.880229, 34.596668 ], [ -81.882471, 34.594833 ], [ -81.88412, 34.594597 ], [ -81.88709, 34.593469 ], [ -81.888119, 34.59077 ], [ -81.889204, 34.589873 ], [ -81.89029, 34.590112 ], [ -81.890959, 34.592493 ], [ -81.890072, 34.595597 ], [ -81.891384, 34.596376 ], [ -81.894044, 34.597392 ], [ -81.894576, 34.599463 ], [ -81.893375, 34.601325 ], [ -81.895293, 34.601849 ], [ -81.89976, 34.598987 ], [ -81.901877, 34.600488 ], [ -81.90544, 34.600883 ], [ -81.908067, 34.602671 ], [ -81.910295, 34.60304 ], [ -81.910679, 34.607756 ], [ -81.911864, 34.608925 ], [ -81.914839, 34.610874 ], [ -81.919772, 34.612012 ], [ -81.923405, 34.614771 ], [ -81.925736, 34.616969 ], [ -81.926476, 34.618211 ], [ -81.927667, 34.624846 ], [ -81.930595, 34.626617 ], [ -81.934829, 34.631153 ], [ -81.936218, 34.633222 ], [ -81.935579, 34.634686 ], [ -81.937877, 34.635958 ], [ -81.941483, 34.633802 ], [ -81.942633, 34.63626 ], [ -81.942727, 34.640794 ], [ -81.943891, 34.643467 ], [ -81.948407, 34.64557 ], [ -81.949193, 34.647226 ], [ -81.950864, 34.648135 ], [ -81.951851, 34.649541 ], [ -81.95454, 34.650584 ], [ -81.956883, 34.650204 ], [ -81.957278, 34.648918 ], [ -81.960517, 34.650203 ], [ -81.965157, 34.65036 ], [ -81.966895, 34.649083 ], [ -81.96993, 34.649549 ], [ -81.970707, 34.650405 ], [ -81.969886, 34.656576 ], [ -81.971417, 34.658513 ], [ -81.976686, 34.658812 ], [ -81.977988, 34.660747 ], [ -81.978981, 34.66073 ], [ -81.981568, 34.658727 ], [ -81.982226, 34.657268 ], [ -81.98399, 34.658439 ], [ -81.985379, 34.658396 ], [ -81.988278, 34.659421 ], [ -81.990846, 34.661733 ], [ -81.994651, 34.662399 ], [ -81.99581, 34.663165 ], [ -81.996971, 34.662035 ], [ -81.998844, 34.661487 ], [ -82.001422, 34.661534 ], [ -82.002683, 34.662389 ], [ -82.004644, 34.662349 ], [ -82.004847, 34.663624 ], [ -82.007853, 34.664965 ], [ -82.008452, 34.66688 ], [ -82.012297, 34.668587 ], [ -82.01488, 34.668349 ], [ -82.016961, 34.669436 ], [ -82.01829, 34.67288 ], [ -82.021072, 34.673404 ], [ -82.022179, 34.674063 ], [ -82.023118, 34.67629 ], [ -82.028285, 34.67841 ], [ -82.029105, 34.681354 ], [ -82.030356, 34.681638 ], [ -82.034537, 34.680277 ], [ -82.035623, 34.680529 ], [ -82.04046, 34.683709 ], [ -82.040908, 34.684741 ], [ -82.040463, 34.686315 ], [ -82.041772, 34.688283 ], [ -82.046966, 34.689985 ], [ -82.048041, 34.692857 ], [ -82.04979, 34.693389 ], [ -82.052538, 34.693459 ], [ -82.057133, 34.695155 ], [ -82.057125, 34.695866 ], [ -82.056656, 34.696957 ], [ -82.058327, 34.69883 ], [ -82.05775, 34.700603 ], [ -82.058744, 34.70174 ], [ -82.060319, 34.701781 ], [ -82.061431, 34.7007 ], [ -82.066735, 34.701033 ], [ -82.069443, 34.702257 ], [ -82.071418, 34.703815 ], [ -82.071275, 34.704797 ], [ -82.068688, 34.706631 ], [ -82.067803, 34.707845 ], [ -82.066683, 34.712138 ], [ -82.066635, 34.715248 ], [ -82.069337, 34.719037 ], [ -82.069974, 34.719812 ], [ -82.072377, 34.719918 ], [ -82.075072, 34.719063 ], [ -82.076994, 34.719592 ], [ -82.078757, 34.719446 ], [ -82.077973, 34.722998 ], [ -82.078214, 34.72453 ], [ -82.076569, 34.725779 ], [ -82.077568, 34.727646 ], [ -82.08129, 34.727474 ], [ -82.08216, 34.727006 ], [ -82.083045, 34.728203 ], [ -82.080733, 34.73046 ], [ -82.082804, 34.733382 ], [ -82.082876, 34.735356 ], [ -82.084299, 34.735959 ], [ -82.084429, 34.73824 ], [ -82.085338, 34.737621 ], [ -82.086807, 34.738267 ], [ -82.085791, 34.739697 ], [ -82.085605, 34.743955 ], [ -82.083913, 34.74481 ], [ -82.085798, 34.745992 ], [ -82.087222, 34.745152 ], [ -82.090906, 34.745415 ], [ -82.092766, 34.744861 ], [ -82.096844, 34.745559 ], [ -82.101052, 34.744035 ], [ -82.103513, 34.745632 ], [ -82.104136, 34.746548 ], [ -82.103782, 34.749276 ], [ -82.105782, 34.751557 ], [ -82.108125, 34.753067 ], [ -82.108466, 34.755184 ], [ -82.109373, 34.756258 ], [ -82.110316, 34.756219 ], [ -82.111622, 34.75382 ], [ -82.110571, 34.750577 ], [ -82.112112, 34.749004 ], [ -82.115245, 34.748904 ], [ -82.116864, 34.750628 ], [ -82.117635, 34.752817 ], [ -82.119629, 34.755453 ], [ -82.12062, 34.757736 ], [ -82.123308, 34.759125 ], [ -82.124905, 34.762161 ], [ -82.12546, 34.764162 ], [ -82.127184, 34.765769 ], [ -82.128532, 34.768669 ], [ -82.130554, 34.769551 ], [ -82.130353, 34.772386 ], [ -82.131103, 34.773719 ], [ -82.132315, 34.773415 ], [ -82.133461, 34.77156 ], [ -82.13535, 34.773068 ], [ -82.135225, 34.774439 ], [ -82.133609, 34.775588 ], [ -82.131939, 34.778822 ], [ -82.133993, 34.779209 ], [ -82.13546, 34.778171 ], [ -82.138151, 34.77961 ], [ -82.139284, 34.783216 ], [ -82.140631, 34.781546 ], [ -82.14257, 34.782584 ], [ -82.143288, 34.784289 ], [ -82.145587, 34.785208 ], [ -82.163573, 34.748289 ], [ -82.173731, 34.727438 ], [ -82.17784, 34.718755 ], [ -82.178884, 34.716549 ], [ -82.18052, 34.713094 ], [ -82.181375, 34.711288 ], [ -82.184208, 34.705313 ], [ -82.185184, 34.703248 ], [ -82.187486, 34.698397 ], [ -82.193134, 34.68643 ], [ -82.197429, 34.676994 ], [ -82.197612, 34.676562 ], [ -82.19764, 34.676496 ], [ -82.197668, 34.676431 ], [ -82.205508, 34.657949 ], [ -82.210778, 34.645502 ], [ -82.216266, 34.632546 ], [ -82.225406, 34.61096 ], [ -82.229643, 34.600955 ], [ -82.234779, 34.588815 ], [ -82.235721, 34.54949 ], [ -82.236063, 34.535348 ], [ -82.265485, 34.515905 ], [ -82.288891, 34.5006 ], [ -82.289306, 34.500336 ], [ -82.313204, 34.48477 ], [ -82.313871, 34.484335 ], [ -82.312466, 34.476332 ], [ -82.314298, 34.473942 ], [ -82.314744, 34.47263 ], [ -82.314544, 34.469625 ] ] ] ] } },
{ "type": "Feature", "properties": { "STATEFP": "45", "COUNTYFP": "049", "COUNTYNS": "01248004", "GEOIDFQ": "0500000US45049", "GEOID": "45049", "NAME": "Hampton", "NAMELSAD": "Hampton County", "STUSPS": "SC", "STATE_NAME": "South Carolina", "LSAD": "06", "ALAND": 1450327687.0, "AWATER": 7072565.0, "STATE_NAME_HYPHEN": "South-Carolina" }, "geometry": { "type": "MultiPolygon", "coordinates": [ [ [ [ -81.426735, 32.700867 ], [ -81.422624, 32.700861 ], [ -81.420596, 32.699834 ], [ -81.418881, 32.696212 ], [ -81.41665, 32.695506 ], [ -81.413577, 32.695472 ], [ -81.412403, 32.692095 ], [ -81.410545, 32.692512 ], [ -81.410875, 32.69686 ], [ -81.409618, 32.697046 ], [ -81.407492, 32.692332 ], [ -81.405832, 32.690461 ], [ -81.406634, 32.684863 ], [ -81.404321, 32.683762 ], [ -81.401791, 32.681175 ], [ -81.4015105, 32.67982 ], [ -81.401029, 32.677494 ], [ -81.403914, 32.670642 ], [ -81.403913, 32.666877 ], [ -81.397544, 32.662591 ], [ -81.397514, 32.660213 ], [ -81.400342, 32.658488 ], [ -81.403254, 32.659464 ], [ -81.404505, 32.66264 ], [ -81.4064846, 32.6625244 ], [ -81.406646, 32.662515 ], [ -81.4073, 32.66156 ], [ -81.407193, 32.660519 ], [ -81.405273, 32.656517 ], [ -81.398314, 32.656307 ], [ -81.393818, 32.653491 ], [ -81.393033, 32.651543 ], [ -81.394589, 32.64957 ], [ -81.400027, 32.645764 ], [ -81.405109, 32.64269 ], [ -81.409858, 32.642016 ], [ -81.411816, 32.642156 ], [ -81.412553, 32.641523 ], [ -81.411827, 32.639383 ], [ -81.403634, 32.637925 ], [ -81.402735, 32.637031 ], [ -81.404213, 32.635243 ], [ -81.408197, 32.631307 ], [ -81.41026, 32.631392 ], [ -81.411523, 32.632907 ], [ -81.413411, 32.637368 ], [ -81.414761, 32.63744 ], [ -81.417014, 32.636147 ], [ -81.418431, 32.634704 ], [ -81.418116, 32.628349 ], [ -81.413087, 32.624803 ], [ -81.412515, 32.621567 ], [ -81.412966, 32.620401 ], [ -81.4113641, 32.6179476 ], [ -81.411222, 32.61773 ], [ -81.408441, 32.617187 ], [ -81.407517, 32.616583 ], [ -81.406464, 32.613042 ], [ -81.400427, 32.608263 ], [ -81.393865, 32.60234 ], [ -81.389338, 32.595436 ], [ -81.3892612, 32.595382799999989 ], [ -81.380999, 32.589652 ], [ -81.378173, 32.588818 ], [ -81.375694, 32.589474 ], [ -81.373962, 32.591808 ], [ -81.37157, 32.592018 ], [ -81.369757, 32.591231 ], [ -81.36888, 32.589751 ], [ -81.370284, 32.5867 ], [ -81.369819, 32.585048 ], [ -81.368386, 32.584221 ], [ -81.364501, 32.584034 ], [ -81.363593, 32.581791 ], [ -81.36711, 32.578609 ], [ -81.36695, 32.577019 ], [ -81.365203, 32.576572 ], [ -81.362937, 32.577305 ], [ -81.360168, 32.581778 ], [ -81.357749, 32.582119 ], [ -81.354118, 32.57991 ], [ -81.353698, 32.577911 ], [ -81.357803, 32.57519 ], [ -81.358321, 32.573631 ], [ -81.354797, 32.571072 ], [ -81.350761, 32.570168 ], [ -81.336242, 32.564239 ], [ -81.33319, 32.563499 ], [ -81.328605, 32.561092 ], [ -81.321807, 32.55954 ], [ -81.305236, 32.561515 ], [ -81.300593, 32.562843 ], [ -81.297955, 32.563026 ], [ -81.295588, 32.561817 ], [ -81.295481, 32.559074 ], [ -81.297958, 32.555828 ], [ -81.297866, 32.554091 ], [ -81.296691, 32.553393 ], [ -81.294829, 32.553581 ], [ -81.291762, 32.555328 ], [ -81.29116, 32.55722 ], [ -81.293113, 32.562393 ], [ -81.291289, 32.562739 ], [ -81.289573, 32.56174 ], [ -81.288467, 32.558456 ], [ -81.288344, 32.555912 ], [ -81.289962, 32.55218 ], [ -81.288879, 32.551163 ], [ -81.286468, 32.551475 ], [ -81.284721, 32.552943 ], [ -81.284243, 32.556027 ], [ -81.283271, 32.556782 ], [ -81.281324, 32.556464 ], [ -81.2812976, 32.5564403 ], [ -81.22258, 32.603825 ], [ -81.207206, 32.610526 ], [ -81.189843, 32.6233 ], [ -81.187977, 32.624836 ], [ -81.170435, 32.637301 ], [ -81.157665, 32.64575 ], [ -81.141349, 32.658074 ], [ -81.138292, 32.660384 ], [ -81.098788, 32.688733 ], [ -81.029274, 32.741612 ], [ -81.014625, 32.753058 ], [ -81.013835, 32.752245 ], [ -81.013155, 32.748415 ], [ -81.012302, 32.746243 ], [ -81.01017, 32.744061 ], [ -81.002906, 32.739837 ], [ -81.000926, 32.736674 ], [ -80.998081, 32.734647 ], [ -80.99534, 32.730547 ], [ -80.992872, 32.728645 ], [ -80.987422, 32.726289 ], [ -80.981756, 32.724733 ], [ -80.978557, 32.721801 ], [ -80.976496, 32.720886 ], [ -80.976386, 32.717334 ], [ -80.975816, 32.714354 ], [ -80.973701, 32.712822 ], [ -80.968034, 32.70407 ], [ -80.96806, 32.700496 ], [ -80.966002, 32.698594 ], [ -80.964779, 32.695135 ], [ -80.964156, 32.694701 ], [ -80.958709, 32.69477 ], [ -80.957192, 32.693624 ], [ -80.95711, 32.692571 ], [ -80.954942, 32.690188 ], [ -80.952368, 32.689982 ], [ -80.950526, 32.690647 ], [ -80.946867, 32.688608 ], [ -80.945865, 32.687348 ], [ -80.94535, 32.684049 ], [ -80.946542, 32.681666 ], [ -80.946487, 32.679237 ], [ -80.947164, 32.677083 ], [ -80.945918, 32.674838 ], [ -80.946107, 32.672226 ], [ -80.947272, 32.670232 ], [ -80.949303, 32.664482 ], [ -80.950034, 32.661479 ], [ -80.951469, 32.660128 ], [ -80.956778, 32.658293 ], [ -80.957969, 32.656574 ], [ -80.961137, 32.653711 ], [ -80.962627, 32.653343 ], [ -80.962951, 32.652243 ], [ -80.962328, 32.650342 ], [ -80.962544, 32.648051 ], [ -80.961921, 32.646698 ], [ -80.959537, 32.645532 ], [ -80.958427, 32.644363 ], [ -80.95867, 32.642507 ], [ -80.956232, 32.641843 ], [ -80.952522, 32.641958 ], [ -80.950599, 32.640307 ], [ -80.948325, 32.640492 ], [ -80.94456, 32.63882 ], [ -80.941744, 32.638866 ], [ -80.939117, 32.637788 ], [ -80.936652, 32.637697 ], [ -80.934675, 32.638361 ], [ -80.9337, 32.637605 ], [ -80.929043, 32.636322 ], [ -80.928528, 32.634878 ], [ -80.926741, 32.633091 ], [ -80.923682, 32.631144 ], [ -80.921787, 32.630571 ], [ -80.918322, 32.626376 ], [ -80.914071, 32.626789 ], [ -80.911607, 32.625455 ], [ -80.909387, 32.625455 ], [ -80.90779, 32.6244 ], [ -80.903404, 32.623092 ], [ -80.902808, 32.622245 ], [ -80.902448, 32.621561 ], [ -80.869705, 32.660935 ], [ -80.858785, 32.674024 ], [ -80.857214, 32.675955 ], [ -80.837213, 32.699821 ], [ -80.833756, 32.702171 ], [ -80.830153, 32.70364 ], [ -80.826309, 32.704321 ], [ -80.826669, 32.706278 ], [ -80.827066, 32.706812 ], [ -80.828735, 32.708836 ], [ -80.832476, 32.711537 ], [ -80.835003, 32.711823 ], [ -80.83525, 32.714494 ], [ -80.83807, 32.715297 ], [ -80.840142, 32.716596 ], [ -80.840736, 32.718334 ], [ -80.842486, 32.7197 ], [ -80.845164, 32.72011 ], [ -80.84562, 32.720838 ], [ -80.844962, 32.723286 ], [ -80.847051, 32.72406 ], [ -80.847242, 32.725296 ], [ -80.848516, 32.726101 ], [ -80.847505, 32.72813 ], [ -80.848527, 32.730264 ], [ -80.84991, 32.732462 ], [ -80.849284, 32.735092 ], [ -80.851017, 32.736662 ], [ -80.852017, 32.740543 ], [ -80.851274, 32.742408 ], [ -80.85285, 32.744938 ], [ -80.854123, 32.748667 ], [ -80.856445, 32.748119 ], [ -80.856687, 32.751137 ], [ -80.858585, 32.751434 ], [ -80.859725, 32.752578 ], [ -80.859808, 32.755947 ], [ -80.860975, 32.75746 ], [ -80.860786, 32.759476 ], [ -80.863607, 32.761423 ], [ -80.862199, 32.764173 ], [ -80.862932, 32.765845 ], [ -80.865971, 32.76944 ], [ -80.865484, 32.773107 ], [ -80.867275, 32.774389 ], [ -80.866191, 32.775581 ], [ -80.867792, 32.777459 ], [ -80.869202, 32.777046 ], [ -80.869367, 32.78085 ], [ -80.870317, 32.782178 ], [ -80.871674, 32.782384 ], [ -80.871186, 32.783667 ], [ -80.873357, 32.784536 ], [ -80.87344, 32.787308 ], [ -80.876405, 32.788545 ], [ -80.877651, 32.790448 ], [ -80.879165, 32.790641 ], [ -80.879947, 32.792059 ], [ -80.882061, 32.794397 ], [ -80.882288, 32.795821 ], [ -80.883583, 32.797317 ], [ -80.883257, 32.798213 ], [ -80.886042, 32.8002 ], [ -80.88638, 32.801509 ], [ -80.889849, 32.803627 ], [ -80.89214, 32.805701 ], [ -80.893975, 32.808599 ], [ -80.895778, 32.810585 ], [ -80.895743, 32.81527 ], [ -80.896869, 32.816541 ], [ -80.896328, 32.818157 ], [ -80.897511, 32.821963 ], [ -80.897074, 32.823046 ], [ -80.899437, 32.825202 ], [ -80.900059, 32.832632 ], [ -80.902827, 32.834485 ], [ -80.904408, 32.837411 ], [ -80.908635, 32.83998 ], [ -80.909103, 32.842295 ], [ -80.91092, 32.844044 ], [ -80.914597, 32.844518 ], [ -80.916475, 32.848521 ], [ -80.91652, 32.850842 ], [ -80.917425, 32.852343 ], [ -80.919327, 32.853205 ], [ -80.923646, 32.857232 ], [ -80.925112, 32.85698 ], [ -80.928083, 32.858157 ], [ -80.928845, 32.860373 ], [ -80.928584, 32.862033 ], [ -80.930799, 32.863733 ], [ -80.931157, 32.864904 ], [ -80.933027, 32.866031 ], [ -80.937849, 32.86706 ], [ -80.938891, 32.867923 ], [ -80.939367, 32.87021 ], [ -80.942149, 32.872558 ], [ -80.945538, 32.876357 ], [ -80.946815, 32.876319 ], [ -80.949331, 32.875071 ], [ -80.957678, 32.876119 ], [ -80.958832, 32.87668 ], [ -80.959667, 32.878984 ], [ -80.960905, 32.879814 ], [ -80.961961, 32.882024 ], [ -80.961981, 32.883817 ], [ -80.965834, 32.886587 ], [ -80.966212, 32.8881 ], [ -80.968475, 32.890573 ], [ -80.970808, 32.890996 ], [ -80.973188, 32.893261 ], [ -80.976507, 32.897225 ], [ -80.981116, 32.898614 ], [ -80.982159, 32.899329 ], [ -80.987205, 32.90107 ], [ -80.988641, 32.903313 ], [ -80.989491, 32.9064 ], [ -80.990009, 32.911028 ], [ -80.989969, 32.913378 ], [ -80.990813, 32.914689 ], [ -80.994718, 32.917459 ], [ -80.995032, 32.919399 ], [ -80.994355, 32.920175 ], [ -80.99669, 32.922769 ], [ -80.99709, 32.92625 ], [ -80.997763, 32.927338 ], [ -81.00028, 32.928437 ], [ -80.999343, 32.931247 ], [ -81.001405, 32.932969 ], [ -81.001698, 32.93392 ], [ -81.004038, 32.934592 ], [ -81.004416, 32.935544 ], [ -81.006762, 32.937106 ], [ -81.009558, 32.940132 ], [ -81.009894, 32.944762 ], [ -81.012762, 32.947843 ], [ -81.014038, 32.951186 ], [ -81.013461, 32.954841 ], [ -81.015204, 32.955893 ], [ -81.015249, 32.956768 ], [ -81.019048, 32.958781 ], [ -81.019955, 32.961169 ], [ -81.020894, 32.96195 ], [ -81.020593, 32.963962 ], [ -81.023372, 32.964672 ], [ -81.025406, 32.966097 ], [ -81.027024, 32.966504 ], [ -81.028073, 32.968462 ], [ -81.028685, 32.971773 ], [ -81.029624, 32.97207 ], [ -81.02963, 32.973912 ], [ -81.031985, 32.975139 ], [ -81.03263, 32.976294 ], [ -81.03734, 32.979149 ], [ -81.039831, 32.982179 ], [ -81.04079, 32.981893 ], [ -81.041181, 32.983257 ], [ -81.044534, 32.985622 ], [ -81.047581, 32.98621 ], [ -81.048247, 32.987074 ], [ -81.053258, 32.989564 ], [ -81.053164, 32.992385 ], [ -81.054414, 32.992311 ], [ -81.055501, 32.994294 ], [ -81.05481, 32.995603 ], [ -81.055449, 32.998061 ], [ -81.054261, 32.999551 ], [ -81.055546, 33.001885 ], [ -81.057967, 33.002677 ], [ -81.058874, 33.003628 ], [ -81.061374, 33.004673 ], [ -81.063553, 33.006971 ], [ -81.063677, 33.010798 ], [ -81.064539, 33.011167 ], [ -81.064656, 33.013614 ], [ -81.066986, 33.01396 ], [ -81.06944, 33.014972 ], [ -81.070752, 33.017281 ], [ -81.072208, 33.017237 ], [ -81.074819, 33.019783 ], [ -81.075831, 33.019519 ], [ -81.078559, 33.021174 ], [ -81.07899, 33.022444 ], [ -81.080524, 33.023356 ], [ -81.07978, 33.024731 ], [ -81.082291, 33.02663 ], [ -81.170236, 32.979702 ], [ -81.207266, 32.960372 ], [ -81.219563, 32.95335 ], [ -81.22019, 32.951855 ], [ -81.223213, 32.949241 ], [ -81.221193, 32.947851 ], [ -81.23535, 32.939805 ], [ -81.236956, 32.940244 ], [ -81.236995, 32.938677 ], [ -81.237681, 32.906731 ], [ -81.242272, 32.90806 ], [ -81.244589, 32.907913 ], [ -81.25024, 32.90644 ], [ -81.254468, 32.90428 ], [ -81.260116, 32.902979 ], [ -81.263679, 32.899631 ], [ -81.269587, 32.894841 ], [ -81.272713, 32.892898 ], [ -81.276729, 32.892086 ], [ -81.261662, 32.839139 ], [ -81.272145, 32.831556 ], [ -81.326814, 32.790914 ], [ -81.329101, 32.7888 ], [ -81.330864, 32.785632 ], [ -81.337843, 32.771109 ], [ -81.338543, 32.768456 ], [ -81.367973, 32.760601 ], [ -81.39399, 32.744867 ], [ -81.4050923, 32.7449674 ], [ -81.405749, 32.742544 ], [ -81.407602, 32.740334 ], [ -81.409859, 32.739517 ], [ -81.41267, 32.739083 ], [ -81.413872, 32.737477 ], [ -81.411595, 32.733852 ], [ -81.412517, 32.732432 ], [ -81.414672, 32.73208 ], [ -81.417035, 32.733085 ], [ -81.418542, 32.732586 ], [ -81.418278, 32.730922 ], [ -81.41706, 32.729675 ], [ -81.416752, 32.728762 ], [ -81.417815, 32.726582 ], [ -81.417769, 32.725074 ], [ -81.415591, 32.723531 ], [ -81.410074, 32.723096 ], [ -81.409988, 32.721863 ], [ -81.410916, 32.721207 ], [ -81.418769, 32.721851 ], [ -81.420338, 32.721051 ], [ -81.420452, 32.719847 ], [ -81.41576, 32.715882 ], [ -81.41512, 32.713669 ], [ -81.416671, 32.712283 ], [ -81.420039, 32.712423 ], [ -81.421194, 32.711978 ], [ -81.422152, 32.709742 ], [ -81.425927, 32.710037 ], [ -81.426458, 32.709017 ], [ -81.424099, 32.70756 ], [ -81.424562, 32.705329 ], [ -81.427505, 32.702242 ], [ -81.426735, 32.700867 ] ] ] ] } },
{ "type": "Feature", "properties": { "STATEFP": "45", "COUNTYFP": "047", "COUNTYNS": "01248003", "GEOIDFQ": "0500000US45047", "GEOID": "45047", "NAME": "Greenwood", "NAMELSAD": "Greenwood County", "STUSPS": "SC", "STATE_NAME": "South Carolina", "LSAD": "06", "ALAND": 1180009086.0, "AWATER": 21260069.0, "STATE_NAME_HYPHEN": "South-Carolina" }, "geometry": { "type": "MultiPolygon", "coordinates": [ [ [ [ -82.328984, 34.3375 ], [ -82.325715, 34.332935 ], [ -82.324843, 34.327978 ], [ -82.32382, 34.325269 ], [ -82.32077, 34.32342 ], [ -82.315978, 34.322631 ], [ -82.311081, 34.320441 ], [ -82.311412, 34.315697 ], [ -82.310726, 34.312939 ], [ -82.310129, 34.306239 ], [ -82.311026, 34.304546 ], [ -82.307622, 34.277537 ], [ -82.307074, 34.275882 ], [ -82.302401, 34.274702 ], [ -82.294345, 34.271217 ], [ -82.278314, 34.258798 ], [ -82.267939, 34.247401 ], [ -82.265336, 34.244525 ], [ -82.252175, 34.225576 ], [ -82.248241, 34.220551 ], [ -82.246375, 34.212369 ], [ -82.241965, 34.198796 ], [ -82.240122, 34.192167 ], [ -82.240186, 34.190316 ], [ -82.240567, 34.163445 ], [ -82.24453, 34.150588 ], [ -82.246667, 34.144053 ], [ -82.249315, 34.135983 ], [ -82.249795, 34.13452 ], [ -82.264975, 34.112138 ], [ -82.268843, 34.107127 ], [ -82.30198, 34.081069 ], [ -82.302543, 34.080606 ], [ -82.326947, 34.06412 ], [ -82.308167, 33.979951 ], [ -82.306325, 33.97204 ], [ -82.305882, 33.971789 ], [ -82.292561, 33.979331 ], [ -82.291168, 33.980293 ], [ -82.263129, 34.003097 ], [ -82.253675, 34.010009 ], [ -82.243651, 34.017886 ], [ -82.237693, 34.013146 ], [ -82.235324, 34.010647 ], [ -82.231211, 34.004225 ], [ -82.229911, 33.999908 ], [ -82.224479, 33.995559 ], [ -82.220844, 33.991101 ], [ -82.21394, 33.986077 ], [ -82.211695, 33.985143 ], [ -82.210632, 33.984752 ], [ -82.207153, 33.982068 ], [ -82.201675, 33.97959 ], [ -82.200286, 33.978597 ], [ -82.195431, 33.977306 ], [ -82.188328, 33.975672 ], [ -82.184403, 33.974386 ], [ -82.174836, 33.972433 ], [ -82.17206, 33.972297 ], [ -82.167716, 33.973052 ], [ -82.161995, 33.977271 ], [ -82.152843, 33.984502 ], [ -82.151068, 33.986517 ], [ -82.112121, 33.982332 ], [ -82.108583, 33.981848 ], [ -82.108337, 33.98246 ], [ -82.104777, 33.98444 ], [ -82.076108, 33.978783 ], [ -82.073177, 33.979129 ], [ -82.06845, 33.980381 ], [ -82.04513, 33.983396 ], [ -82.045845, 33.970186 ], [ -82.047425, 33.956809 ], [ -82.046974, 33.95321 ], [ -82.007778, 33.961279 ], [ -82.008298, 33.961646 ], [ -82.010272, 33.964023 ], [ -82.007843, 33.966368 ], [ -82.006057, 33.971247 ], [ -82.003734, 33.972855 ], [ -82.001184, 33.975006 ], [ -81.999564, 33.975218 ], [ -81.9994, 33.977141 ], [ -82.001087, 33.977991 ], [ -81.998646, 33.9808 ], [ -81.998621, 33.981741 ], [ -81.996978, 33.982798 ], [ -81.995646, 33.985189 ], [ -81.996268, 33.986415 ], [ -81.994961, 33.988366 ], [ -81.991325, 33.991905 ], [ -81.991454, 33.993425 ], [ -81.990197, 33.994947 ], [ -81.98991, 33.997101 ], [ -81.988827, 33.998403 ], [ -81.986508, 33.998774 ], [ -81.983945, 34.00013 ], [ -81.983107, 34.002024 ], [ -81.953499, 34.030163 ], [ -81.947346, 34.037138 ], [ -81.946118, 34.038942 ], [ -81.940508, 34.050217 ], [ -81.930665, 34.069833 ], [ -81.928495, 34.070816 ], [ -81.927202, 34.070554 ], [ -81.925215, 34.071489 ], [ -81.923294, 34.072999 ], [ -81.924804, 34.075265 ], [ -81.924413, 34.076317 ], [ -81.921575, 34.077174 ], [ -81.919597, 34.078671 ], [ -81.918287, 34.079087 ], [ -81.918339, 34.083543 ], [ -81.915781, 34.09098 ], [ -81.913583, 34.09234 ], [ -81.910611, 34.092671 ], [ -81.907145, 34.093933 ], [ -81.904809, 34.094586 ], [ -81.900274, 34.094978 ], [ -81.899003, 34.098048 ], [ -81.897784, 34.099134 ], [ -81.895677, 34.099714 ], [ -81.895973, 34.104974 ], [ -81.896997, 34.106883 ], [ -81.895222, 34.108655 ], [ -81.892432, 34.109107 ], [ -81.890656, 34.110084 ], [ -81.890053, 34.113056 ], [ -81.887548, 34.117921 ], [ -81.885124, 34.119673 ], [ -81.883004, 34.119503 ], [ -81.880922, 34.120263 ], [ -81.880557, 34.122826 ], [ -81.87837, 34.123802 ], [ -81.878238, 34.125606 ], [ -81.874395, 34.127345 ], [ -81.872605, 34.126745 ], [ -81.872898, 34.128788 ], [ -81.870458, 34.129939 ], [ -81.870958, 34.132591 ], [ -81.868535, 34.132441 ], [ -81.870084, 34.135357 ], [ -81.877438, 34.136861 ], [ -81.878535, 34.137656 ], [ -81.881297, 34.141543 ], [ -81.88358, 34.142639 ], [ -81.888146, 34.14351 ], [ -81.89251, 34.144865 ], [ -81.894648, 34.14518 ], [ -81.897154, 34.146307 ], [ -81.898213, 34.147611 ], [ -81.899185, 34.151487 ], [ -81.897862, 34.155136 ], [ -81.898616, 34.156445 ], [ -81.902576, 34.158956 ], [ -81.905606, 34.160411 ], [ -81.907693, 34.161902 ], [ -81.907607, 34.167641 ], [ -81.906334, 34.170761 ], [ -81.904504, 34.172822 ], [ -81.904473, 34.176408 ], [ -81.905445, 34.178055 ], [ -81.908091, 34.179036 ], [ -81.912892, 34.177624 ], [ -81.916989, 34.176981 ], [ -81.91859, 34.17835 ], [ -81.919929, 34.18363 ], [ -81.922473, 34.186227 ], [ -81.921712, 34.188304 ], [ -81.920107, 34.189308 ], [ -81.91947, 34.190722 ], [ -81.920471, 34.192013 ], [ -81.924818, 34.194914 ], [ -81.926748, 34.195856 ], [ -81.931108, 34.196075 ], [ -81.932995, 34.195289 ], [ -81.936907, 34.194532 ], [ -81.93908, 34.195465 ], [ -81.940815, 34.198068 ], [ -81.943697, 34.202002 ], [ -81.945019, 34.203148 ], [ -81.947359, 34.205102 ], [ -81.950736, 34.206784 ], [ -81.952087, 34.20851 ], [ -81.952656, 34.210989 ], [ -81.954628, 34.213028 ], [ -81.957968, 34.215235 ], [ -81.96069, 34.218542 ], [ -81.963482, 34.219118 ], [ -81.968924, 34.220821 ], [ -81.971079, 34.222157 ], [ -81.971434, 34.224482 ], [ -81.9727, 34.226459 ], [ -81.977225, 34.229502 ], [ -81.97924, 34.232357 ], [ -81.978916, 34.234118 ], [ -81.977903, 34.235832 ], [ -81.978375, 34.238109 ], [ -81.982426, 34.238061 ], [ -81.985026, 34.238685 ], [ -81.990464, 34.241752 ], [ -81.994704, 34.242979 ], [ -81.996265, 34.243105 ], [ -81.999238, 34.242048 ], [ -82.007176, 34.24152 ], [ -82.009309, 34.242498 ], [ -82.014214, 34.245964 ], [ -82.016917, 34.247146 ], [ -82.018976, 34.249091 ], [ -82.020327, 34.251927 ], [ -82.021717, 34.252715 ], [ -82.023294, 34.25593 ], [ -82.025562, 34.258446 ], [ -82.02963, 34.260408 ], [ -82.031129, 34.262359 ], [ -82.03695, 34.264038 ], [ -82.039223, 34.26349 ], [ -82.042453, 34.264525 ], [ -82.04371, 34.266267 ], [ -82.047124, 34.266547 ], [ -82.048892, 34.267271 ], [ -82.050752, 34.268697 ], [ -82.051019, 34.269525 ], [ -82.051591, 34.274183 ], [ -82.052426, 34.275476 ], [ -82.053505, 34.276423 ], [ -82.055052, 34.27684 ], [ -82.058706, 34.279175 ], [ -82.062985, 34.281689 ], [ -82.065354, 34.283923 ], [ -82.065802, 34.285191 ], [ -82.070316, 34.286835 ], [ -82.072747, 34.28848 ], [ -82.075925, 34.293392 ], [ -82.080523, 34.295665 ], [ -82.08367, 34.29924 ], [ -82.08452, 34.299759 ], [ -82.089719, 34.301579 ], [ -82.094546, 34.30129 ], [ -82.096721, 34.302185 ], [ -82.101113, 34.304988 ], [ -82.104916, 34.305854 ], [ -82.109793, 34.307805 ], [ -82.110707, 34.308064 ], [ -82.113901, 34.306775 ], [ -82.115015, 34.306723 ], [ -82.117762, 34.305376 ], [ -82.120008, 34.303818 ], [ -82.121724, 34.303403 ], [ -82.122987, 34.304519 ], [ -82.125047, 34.309693 ], [ -82.126118, 34.310776 ], [ -82.126245, 34.314962 ], [ -82.125945, 34.316476 ], [ -82.127594, 34.318378 ], [ -82.129496, 34.318994 ], [ -82.131851, 34.320399 ], [ -82.134027, 34.323794 ], [ -82.137314, 34.325127 ], [ -82.143691, 34.325765 ], [ -82.14753, 34.328327 ], [ -82.150718, 34.330003 ], [ -82.153313, 34.330597 ], [ -82.155039, 34.331675 ], [ -82.162704, 34.330499 ], [ -82.166099, 34.329648 ], [ -82.168731, 34.330102 ], [ -82.169297, 34.330746 ], [ -82.169609, 34.336507 ], [ -82.170375, 34.337762 ], [ -82.170125, 34.340164 ], [ -82.171876, 34.345558 ], [ -82.173154, 34.350834 ], [ -82.174501, 34.351583 ], [ -82.176825, 34.356576 ], [ -82.177999, 34.358134 ], [ -82.18125, 34.359465 ], [ -82.182675, 34.361062 ], [ -82.184948, 34.364997 ], [ -82.191956, 34.37038 ], [ -82.193718, 34.370366 ], [ -82.196921, 34.369435 ], [ -82.198493, 34.3712 ], [ -82.196658, 34.373729 ], [ -82.196895, 34.374988 ], [ -82.20085, 34.376919 ], [ -82.203529, 34.376448 ], [ -82.207119, 34.375279 ], [ -82.209161, 34.375772 ], [ -82.212986, 34.378528 ], [ -82.214894, 34.380513 ], [ -82.215663, 34.381096 ], [ -82.218064, 34.382913 ], [ -82.21938, 34.383827 ], [ -82.220994, 34.38536 ], [ -82.221554, 34.387291 ], [ -82.220758, 34.390278 ], [ -82.221453, 34.391151 ], [ -82.223625, 34.391707 ], [ -82.228386, 34.391144 ], [ -82.231335, 34.392477 ], [ -82.231462, 34.393656 ], [ -82.229021, 34.399269 ], [ -82.228785, 34.399778 ], [ -82.228819, 34.400536 ], [ -82.228607, 34.400979 ], [ -82.227708, 34.401718 ], [ -82.227886, 34.402171 ], [ -82.228368, 34.402426 ], [ -82.230835, 34.403087 ], [ -82.232863, 34.403023 ], [ -82.234833, 34.403363 ], [ -82.2446, 34.403428 ], [ -82.244831, 34.404111 ], [ -82.245338, 34.408087 ], [ -82.246337, 34.409676 ], [ -82.262225, 34.397573 ], [ -82.286684, 34.378894 ], [ -82.314028, 34.358157 ], [ -82.328608, 34.346776 ], [ -82.334234, 34.34263 ], [ -82.328984, 34.3375 ] ] ] ] } },
{ "type": "Feature", "properties": { "STATEFP": "45", "COUNTYFP": "057", "COUNTYNS": "01248008", "GEOIDFQ": "0500000US45057", "GEOID": "45057", "NAME": "Lancaster", "NAMELSAD": "Lancaster County", "STUSPS": "SC", "STATE_NAME": "South Carolina", "LSAD": "06", "ALAND": 1422274877.0, "AWATER": 15293348.0, "STATE_NAME_HYPHEN": "South-Carolina" }, "geometry": { "type": "MultiPolygon", "coordinates": [ [ [ [ -80.909535, 35.016871 ], [ -80.906885, 35.013018 ], [ -80.904091, 35.011066 ], [ -80.901514, 35.01278 ], [ -80.898971, 35.014441 ], [ -80.89695, 35.013335 ], [ -80.897812, 35.01258 ], [ -80.899312, 35.011526 ], [ -80.900389, 35.010028 ], [ -80.899525, 35.007731 ], [ -80.901307, 35.007495 ], [ -80.902296, 35.005742 ], [ -80.89524, 35.000476 ], [ -80.893281, 34.998156 ], [ -80.893126, 34.996771 ], [ -80.894081, 34.994949 ], [ -80.894151, 34.993563 ], [ -80.89188, 34.990555 ], [ -80.888875, 34.991805 ], [ -80.886878, 34.991902 ], [ -80.885658, 34.991254 ], [ -80.885836, 34.988448 ], [ -80.888011, 34.988105 ], [ -80.888624, 34.98734 ], [ -80.888774, 34.984643 ], [ -80.887553, 34.984311 ], [ -80.888001, 34.98345 ], [ -80.88654, 34.980952 ], [ -80.885942, 34.978852 ], [ -80.885896, 34.976702 ], [ -80.884421, 34.975716 ], [ -80.883889, 34.973113 ], [ -80.883174, 34.971935 ], [ -80.882413, 34.97084 ], [ -80.884237, 34.968285 ], [ -80.884291, 34.965772 ], [ -80.882453, 34.965107 ], [ -80.882011, 34.966733 ], [ -80.880612, 34.965588 ], [ -80.879842, 34.962515 ], [ -80.877577, 34.963518 ], [ -80.875678, 34.965018 ], [ -80.874218, 34.965325 ], [ -80.872632, 34.961749 ], [ -80.872693, 34.960327 ], [ -80.873883, 34.956698 ], [ -80.872837, 34.954597 ], [ -80.869269, 34.952002 ], [ -80.86859, 34.950711 ], [ -80.869642, 34.949447 ], [ -80.869804, 34.949024 ], [ -80.869933, 34.947035 ], [ -80.868214, 34.941227 ], [ -80.867667, 34.93967 ], [ -80.870109, 34.935832 ], [ -80.870317, 34.934499 ], [ -80.869141, 34.931886 ], [ -80.865355, 34.925707 ], [ -80.86515, 34.921997 ], [ -80.867302, 34.913391 ], [ -80.868731, 34.911007 ], [ -80.870933, 34.908365 ], [ -80.876508, 34.905026 ], [ -80.878262, 34.902951 ], [ -80.878858, 34.901044 ], [ -80.879041, 34.897962 ], [ -80.878049, 34.891766 ], [ -80.878247, 34.885236 ], [ -80.878812, 34.881207 ], [ -80.879788, 34.877652 ], [ -80.880086, 34.871524 ], [ -80.879625, 34.869884 ], [ -80.879623, 34.865326 ], [ -80.879225, 34.863397 ], [ -80.876714, 34.860199 ], [ -80.870444, 34.856805 ], [ -80.868502, 34.855338 ], [ -80.867558, 34.853912 ], [ -80.866571, 34.848766 ], [ -80.870139, 34.844251 ], [ -80.870798, 34.843155 ], [ -80.871922, 34.840641 ], [ -80.874504, 34.838044 ], [ -80.877702, 34.836581 ], [ -80.882758, 34.833382 ], [ -80.887962, 34.831349 ], [ -80.893917, 34.830149 ], [ -80.896802, 34.828411 ], [ -80.898596, 34.826144 ], [ -80.898942, 34.823734 ], [ -80.898215, 34.820746 ], [ -80.895865, 34.814121 ], [ -80.89271, 34.809774 ], [ -80.890406, 34.805906 ], [ -80.886769, 34.803491 ], [ -80.885275, 34.800216 ], [ -80.884378, 34.795744 ], [ -80.878019, 34.790714 ], [ -80.876121, 34.788047 ], [ -80.875797, 34.785246 ], [ -80.875159, 34.781847 ], [ -80.874911, 34.773482 ], [ -80.874281, 34.767734 ], [ -80.874162, 34.764505 ], [ -80.874301, 34.763422 ], [ -80.878278, 34.759078 ], [ -80.878563, 34.757953 ], [ -80.878761, 34.756633 ], [ -80.877645, 34.750144 ], [ -80.877594, 34.743889 ], [ -80.876095, 34.740272 ], [ -80.874794, 34.738285 ], [ -80.874471, 34.731543 ], [ -80.87336, 34.72943 ], [ -80.870299, 34.726163 ], [ -80.86872, 34.723178 ], [ -80.868242, 34.719604 ], [ -80.868837, 34.716596 ], [ -80.867088, 34.708685 ], [ -80.866324, 34.706626 ], [ -80.864054, 34.704455 ], [ -80.861198, 34.70276 ], [ -80.859756, 34.700234 ], [ -80.86035, 34.695736 ], [ -80.861053, 34.694734 ], [ -80.86385, 34.69251 ], [ -80.869734, 34.688948 ], [ -80.874119, 34.684925 ], [ -80.876879, 34.682908 ], [ -80.878106, 34.681066 ], [ -80.879144, 34.676048 ], [ -80.880537, 34.673973 ], [ -80.887391, 34.669566 ], [ -80.888469, 34.668603 ], [ -80.88857, 34.665659 ], [ -80.888225, 34.663046 ], [ -80.886856, 34.659213 ], [ -80.886493, 34.65705 ], [ -80.886869, 34.653904 ], [ -80.88741, 34.652599 ], [ -80.892842, 34.645957 ], [ -80.894896, 34.641698 ], [ -80.895577, 34.637512 ], [ -80.896374, 34.635224 ], [ -80.896406, 34.631781 ], [ -80.89472, 34.628055 ], [ -80.891915, 34.625144 ], [ -80.89119, 34.623839 ], [ -80.889206, 34.618193 ], [ -80.889412, 34.616632 ], [ -80.888993, 34.613175 ], [ -80.890204, 34.611134 ], [ -80.889942, 34.607823 ], [ -80.891711, 34.604286 ], [ -80.891186, 34.600475 ], [ -80.89209, 34.598053 ], [ -80.889093, 34.595062 ], [ -80.888299, 34.593456 ], [ -80.883075, 34.58841 ], [ -80.883517, 34.585392 ], [ -80.882346, 34.584744 ], [ -80.87933, 34.582419 ], [ -80.878171, 34.581118 ], [ -80.877688, 34.577081 ], [ -80.878611, 34.571109 ], [ -80.878419, 34.570282 ], [ -80.876433, 34.56849 ], [ -80.875413, 34.566608 ], [ -80.875817, 34.564199 ], [ -80.873809, 34.559299 ], [ -80.873102, 34.556858 ], [ -80.872863, 34.552965 ], [ -80.874801, 34.549508 ], [ -80.877282, 34.547738 ], [ -80.878345, 34.546302 ], [ -80.87855, 34.544531 ], [ -80.877491, 34.543146 ], [ -80.875476, 34.535906 ], [ -80.875377, 34.529735 ], [ -80.876174, 34.524995 ], [ -80.878644, 34.517472 ], [ -80.880393, 34.51073 ], [ -80.881254, 34.506319 ], [ -80.88172, 34.500117 ], [ -80.885268, 34.496602 ], [ -80.8875, 34.4954 ], [ -80.892041, 34.495364 ], [ -80.895652, 34.493571 ], [ -80.897195, 34.491675 ], [ -80.898722, 34.486694 ], [ -80.896079, 34.483847 ], [ -80.888246, 34.467874 ], [ -80.882931, 34.463371 ], [ -80.879227, 34.457776 ], [ -80.875443, 34.459833 ], [ -80.873421, 34.460405 ], [ -80.86782, 34.463809 ], [ -80.864745, 34.46592 ], [ -80.853284, 34.473039 ], [ -80.743345, 34.539916 ], [ -80.739937, 34.539965 ], [ -80.737674, 34.539497 ], [ -80.73869, 34.536029 ], [ -80.738802, 34.532248 ], [ -80.739252, 34.530381 ], [ -80.738881, 34.528675 ], [ -80.739558, 34.526507 ], [ -80.739745, 34.523883 ], [ -80.741397, 34.521865 ], [ -80.742449, 34.517547 ], [ -80.745617, 34.512591 ], [ -80.7448, 34.510131 ], [ -80.74178, 34.508003 ], [ -80.740106, 34.507377 ], [ -80.739548, 34.505573 ], [ -80.740167, 34.50011 ], [ -80.744199, 34.494153 ], [ -80.745597, 34.491174 ], [ -80.745247, 34.488658 ], [ -80.74372, 34.486405 ], [ -80.741701, 34.484951 ], [ -80.741314, 34.481339 ], [ -80.739966, 34.479957 ], [ -80.737772, 34.482587 ], [ -80.735036, 34.481324 ], [ -80.730689, 34.482331 ], [ -80.729427, 34.482244 ], [ -80.727197, 34.483427 ], [ -80.7249, 34.483449 ], [ -80.722039, 34.484687 ], [ -80.720605, 34.484809 ], [ -80.71884, 34.48636 ], [ -80.713641, 34.487263 ], [ -80.712998, 34.487906 ], [ -80.713217, 34.490193 ], [ -80.712023, 34.492018 ], [ -80.71132, 34.495383 ], [ -80.709834, 34.50036 ], [ -80.708985, 34.501905 ], [ -80.709503, 34.503021 ], [ -80.709185, 34.505115 ], [ -80.707558, 34.506913 ], [ -80.706277, 34.509783 ], [ -80.704099, 34.510361 ], [ -80.700586, 34.512846 ], [ -80.699856, 34.514045 ], [ -80.700049, 34.515342 ], [ -80.698162, 34.515967 ], [ -80.697525, 34.514576 ], [ -80.691142, 34.514802 ], [ -80.689079, 34.515324 ], [ -80.68765, 34.513534 ], [ -80.685449, 34.509097 ], [ -80.682801, 34.507009 ], [ -80.681918, 34.504312 ], [ -80.682201, 34.501048 ], [ -80.680888, 34.499437 ], [ -80.67806, 34.497583 ], [ -80.676062, 34.493116 ], [ -80.673778, 34.492176 ], [ -80.670963, 34.49102 ], [ -80.670152, 34.4895 ], [ -80.661873, 34.483266 ], [ -80.660777, 34.481793 ], [ -80.658417, 34.478612 ], [ -80.655866, 34.479831 ], [ -80.653473, 34.479319 ], [ -80.646825, 34.48247 ], [ -80.645245, 34.483746 ], [ -80.645589, 34.486664 ], [ -80.646834, 34.488919 ], [ -80.646691, 34.490718 ], [ -80.645601, 34.491548 ], [ -80.639077, 34.491421 ], [ -80.637656, 34.491711 ], [ -80.632213, 34.491433 ], [ -80.632249, 34.487895 ], [ -80.631557, 34.483465 ], [ -80.632105, 34.480609 ], [ -80.628104, 34.48242 ], [ -80.626885, 34.483788 ], [ -80.62617, 34.48681 ], [ -80.625319, 34.488395 ], [ -80.622671, 34.491527 ], [ -80.624796, 34.491174 ], [ -80.629647, 34.491194 ], [ -80.629595, 34.498704 ], [ -80.62561, 34.495236 ], [ -80.622612, 34.496222 ], [ -80.623138, 34.497981 ], [ -80.621039, 34.497112 ], [ -80.617968, 34.498886 ], [ -80.61363, 34.499939 ], [ -80.610214, 34.497747 ], [ -80.614359, 34.495238 ], [ -80.61393, 34.49204 ], [ -80.614278, 34.488808 ], [ -80.610359, 34.488794 ], [ -80.608711, 34.49101 ], [ -80.606587, 34.491003 ], [ -80.606698, 34.492685 ], [ -80.604109, 34.4952 ], [ -80.598025, 34.495187 ], [ -80.595766, 34.502134 ], [ -80.593901, 34.501431 ], [ -80.592052, 34.499743 ], [ -80.585977, 34.496788 ], [ -80.582492, 34.492939 ], [ -80.57937, 34.484569 ], [ -80.575765, 34.485409 ], [ -80.576146, 34.489415 ], [ -80.56715, 34.489519 ], [ -80.559502, 34.49363 ], [ -80.548906, 34.493264 ], [ -80.548559, 34.49357 ], [ -80.547314, 34.496946 ], [ -80.545168, 34.500153 ], [ -80.544984, 34.501847 ], [ -80.545608, 34.504184 ], [ -80.54405, 34.507491 ], [ -80.541848, 34.506617 ], [ -80.540963, 34.505586 ], [ -80.533659, 34.504028 ], [ -80.530284, 34.503706 ], [ -80.527821, 34.504003 ], [ -80.526852, 34.505629 ], [ -80.527322, 34.506546 ], [ -80.523945, 34.509752 ], [ -80.525218, 34.510004 ], [ -80.525217, 34.511447 ], [ -80.524226, 34.512328 ], [ -80.524414, 34.513073 ], [ -80.526931, 34.514746 ], [ -80.527537, 34.51834 ], [ -80.527565, 34.521114 ], [ -80.528616, 34.522833 ], [ -80.531798, 34.524414 ], [ -80.534758, 34.5273 ], [ -80.535973, 34.533943 ], [ -80.538352, 34.535341 ], [ -80.541508, 34.533921 ], [ -80.542421, 34.536624 ], [ -80.543528, 34.537449 ], [ -80.542641, 34.540243 ], [ -80.544606, 34.543084 ], [ -80.543471, 34.545764 ], [ -80.544577, 34.549316 ], [ -80.546606, 34.551358 ], [ -80.547622, 34.551926 ], [ -80.547178, 34.554034 ], [ -80.547483, 34.555408 ], [ -80.549697, 34.557287 ], [ -80.550666, 34.559967 ], [ -80.542847, 34.563311 ], [ -80.504345, 34.578218 ], [ -80.408373, 34.614765 ], [ -80.412242, 34.615797 ], [ -80.413613, 34.615615 ], [ -80.41578, 34.616725 ], [ -80.417451, 34.619011 ], [ -80.419186, 34.619985 ], [ -80.419117, 34.620857 ], [ -80.416032, 34.622915 ], [ -80.413466, 34.623084 ], [ -80.412509, 34.623615 ], [ -80.413898, 34.627796 ], [ -80.41691, 34.629767 ], [ -80.420374, 34.631381 ], [ -80.420947, 34.632554 ], [ -80.423892, 34.634703 ], [ -80.425957, 34.636841 ], [ -80.428322, 34.636703 ], [ -80.431237, 34.637267 ], [ -80.432817, 34.638798 ], [ -80.435036, 34.642075 ], [ -80.435422, 34.643702 ], [ -80.435055, 34.647324 ], [ -80.432775, 34.652122 ], [ -80.432643, 34.654137 ], [ -80.429872, 34.655828 ], [ -80.43132, 34.658124 ], [ -80.431768, 34.660021 ], [ -80.433425, 34.660442 ], [ -80.436803, 34.660598 ], [ -80.438571, 34.65972 ], [ -80.440236, 34.658033 ], [ -80.440469, 34.659006 ], [ -80.438527, 34.662258 ], [ -80.439381, 34.663761 ], [ -80.443061, 34.665229 ], [ -80.445459, 34.66567 ], [ -80.44612, 34.667782 ], [ -80.449112, 34.669415 ], [ -80.450899, 34.671042 ], [ -80.4534, 34.671715 ], [ -80.452702, 34.673401 ], [ -80.450373, 34.674559 ], [ -80.450294, 34.6758 ], [ -80.453112, 34.676695 ], [ -80.460782, 34.676984 ], [ -80.461638, 34.680711 ], [ -80.461199, 34.682612 ], [ -80.465034, 34.684506 ], [ -80.466577, 34.684269 ], [ -80.467566, 34.685456 ], [ -80.469, 34.685367 ], [ -80.470775, 34.687679 ], [ -80.468104, 34.689156 ], [ -80.471898, 34.690902 ], [ -80.473065, 34.692357 ], [ -80.475167, 34.696452 ], [ -80.474272, 34.697673 ], [ -80.475181, 34.699244 ], [ -80.482195, 34.704617 ], [ -80.486518, 34.705954 ], [ -80.487677, 34.70383 ], [ -80.488532, 34.704584 ], [ -80.488728, 34.705977 ], [ -80.487929, 34.707912 ], [ -80.487714, 34.710429 ], [ -80.486587, 34.712828 ], [ -80.487314, 34.714181 ], [ -80.488841, 34.714497 ], [ -80.489048, 34.715721 ], [ -80.488217, 34.716705 ], [ -80.486073, 34.716224 ], [ -80.485567, 34.717429 ], [ -80.486941, 34.719052 ], [ -80.48825, 34.71884 ], [ -80.48976, 34.720216 ], [ -80.489607, 34.721344 ], [ -80.487869, 34.72187 ], [ -80.488347, 34.723767 ], [ -80.489612, 34.723392 ], [ -80.493283, 34.725056 ], [ -80.498059, 34.730227 ], [ -80.498604, 34.731998 ], [ -80.501629, 34.736484 ], [ -80.501945, 34.73786 ], [ -80.500656, 34.738085 ], [ -80.500335, 34.73955 ], [ -80.502478, 34.741067 ], [ -80.503993, 34.743468 ], [ -80.505961, 34.745199 ], [ -80.507145, 34.745532 ], [ -80.508607, 34.75025 ], [ -80.508935, 34.750754 ], [ -80.509383, 34.752583 ], [ -80.510607, 34.754729 ], [ -80.513793, 34.756543 ], [ -80.516247, 34.758916 ], [ -80.517448, 34.76096 ], [ -80.517871, 34.762716 ], [ -80.517322, 34.763703 ], [ -80.514557, 34.76594 ], [ -80.514702, 34.766598 ], [ -80.516434, 34.767981 ], [ -80.522109, 34.768211 ], [ -80.523063, 34.768721 ], [ -80.523219, 34.770214 ], [ -80.525237, 34.770934 ], [ -80.529773, 34.771079 ], [ -80.529866, 34.772431 ], [ -80.528141, 34.772496 ], [ -80.527761, 34.773266 ], [ -80.529605, 34.775201 ], [ -80.532496, 34.776082 ], [ -80.534395, 34.776731 ], [ -80.534187, 34.779936 ], [ -80.533034, 34.7822 ], [ -80.53348, 34.782937 ], [ -80.535305, 34.78341 ], [ -80.538417, 34.78208 ], [ -80.544545, 34.784011 ], [ -80.546644, 34.786199 ], [ -80.546891, 34.787144 ], [ -80.545045, 34.789101 ], [ -80.54643, 34.790256 ], [ -80.551501, 34.790998 ], [ -80.552434, 34.791872 ], [ -80.551974, 34.792757 ], [ -80.553673, 34.794478 ], [ -80.554299, 34.796215 ], [ -80.554139, 34.79804 ], [ -80.555571, 34.799448 ], [ -80.557038, 34.799662 ], [ -80.558477, 34.801515 ], [ -80.559676, 34.804769 ], [ -80.560129, 34.807193 ], [ -80.561715, 34.809541 ], [ -80.562115, 34.811355 ], [ -80.562988, 34.812174 ], [ -80.564055, 34.814763 ], [ -80.5617094, 34.8174816 ], [ -80.59058060000001, 34.8178175 ], [ -80.621222, 34.818174 ], [ -80.625993, 34.818239 ], [ -80.626077, 34.818217 ], [ -80.62629, 34.818221 ], [ -80.644656, 34.818568 ], [ -80.646601, 34.818592 ], [ -80.6645669, 34.818743 ], [ -80.684074, 34.818907 ], [ -80.692655, 34.8189793 ], [ -80.6937197, 34.8189883 ], [ -80.726949, 34.8192682 ], [ -80.771792, 34.819646 ], [ -80.777712, 34.819697 ], [ -80.7974864, 34.8197857 ], [ -80.797543, 34.819786 ], [ -80.796997, 34.823874 ], [ -80.7963318, 34.828851 ], [ -80.7956145, 34.8342172 ], [ -80.79552, 34.8349245 ], [ -80.7954465, 34.8354743 ], [ -80.795109, 34.837999 ], [ -80.7934189, 34.8506461 ], [ -80.7932021, 34.8522685 ], [ -80.7930292, 34.8535629 ], [ -80.7912407, 34.8669463 ], [ -80.7909064, 34.8694481 ], [ -80.7905975, 34.8717593 ], [ -80.7865174, 34.902292 ], [ -80.7840958, 34.920413 ], [ -80.7840632, 34.9206573 ], [ -80.7822398, 34.9343017 ], [ -80.782042, 34.935782 ], [ -80.7882815, 34.9427096 ], [ -80.7882846, 34.9427131 ], [ -80.7953276, 34.9505328 ], [ -80.7981075, 34.9536193 ], [ -80.806461, 34.962894 ], [ -80.806784, 34.963249 ], [ -80.813554, 34.9707841 ], [ -80.8167799, 34.9743746 ], [ -80.8190016, 34.9768475 ], [ -80.821424, 34.9795436 ], [ -80.82156, 34.979695 ], [ -80.8315418, 34.99133 ], [ -80.8403665, 35.0016161 ], [ -80.8514128, 35.0144919 ], [ -80.8514395, 35.0145231 ], [ -80.8515067, 35.0146014 ], [ -80.8530249, 35.0163711 ], [ -80.8643778, 35.0296041 ], [ -80.8705477, 35.0367958 ], [ -80.8705493, 35.0367977 ], [ -80.8814192, 35.0494679 ], [ -80.8848629, 35.0534819 ], [ -80.884887, 35.05351 ], [ -80.8925023, 35.0616832 ], [ -80.8980651, 35.0676534 ], [ -80.9062325, 35.0764191 ], [ -80.906376, 35.076248 ], [ -80.906007, 35.072027 ], [ -80.90734, 35.069799 ], [ -80.906264, 35.068084 ], [ -80.907084, 35.066052 ], [ -80.905958, 35.063735 ], [ -80.903435, 35.064859 ], [ -80.903217, 35.062933 ], [ -80.90099, 35.062145 ], [ -80.899497, 35.060102 ], [ -80.900537, 35.057396 ], [ -80.901644, 35.05609 ], [ -80.903068, 35.05552 ], [ -80.904778, 35.053988 ], [ -80.902538, 35.052501 ], [ -80.903388, 35.050512 ], [ -80.90512, 35.048662 ], [ -80.905885, 35.046783 ], [ -80.903025, 35.045779 ], [ -80.900228, 35.041016 ], [ -80.898137, 35.039187 ], [ -80.898335, 35.036507 ], [ -80.897478, 35.035709 ], [ -80.897446, 35.033096 ], [ -80.898681, 35.03074 ], [ -80.89869, 35.029459 ], [ -80.900339, 35.027226 ], [ -80.900968, 35.02502 ], [ -80.903455, 35.021138 ], [ -80.902964, 35.019701 ], [ -80.90358, 35.018688 ], [ -80.904503, 35.019115 ], [ -80.906546, 35.018524 ], [ -80.907686, 35.019129 ], [ -80.909447, 35.017738 ], [ -80.909535, 35.016871 ] ] ] ] } },
{ "type": "Feature", "properties": { "STATEFP": "45", "COUNTYFP": "025", "COUNTYNS": "01247989", "GEOIDFQ": "0500000US45025", "GEOID": "45025", "NAME": "Chesterfield", "NAMELSAD": "Chesterfield County", "STUSPS": "SC", "STATE_NAME": "South Carolina", "LSAD": "06", "ALAND": 2069364015.0, "AWATER": 17265236.0, "STATE_NAME_HYPHEN": "South-Carolina" }, "geometry": { "type": "MultiPolygon", "coordinates": [ [ [ [ -80.562988, 34.812174 ], [ -80.562115, 34.811355 ], [ -80.561715, 34.809541 ], [ -80.560129, 34.807193 ], [ -80.559676, 34.804769 ], [ -80.558477, 34.801515 ], [ -80.557038, 34.799662 ], [ -80.555571, 34.799448 ], [ -80.554139, 34.79804 ], [ -80.554299, 34.796215 ], [ -80.553673, 34.794478 ], [ -80.551974, 34.792757 ], [ -80.552434, 34.791872 ], [ -80.551501, 34.790998 ], [ -80.54643, 34.790256 ], [ -80.545045, 34.789101 ], [ -80.546891, 34.787144 ], [ -80.546644, 34.786199 ], [ -80.544545, 34.784011 ], [ -80.538417, 34.78208 ], [ -80.535305, 34.78341 ], [ -80.53348, 34.782937 ], [ -80.533034, 34.7822 ], [ -80.534187, 34.779936 ], [ -80.534395, 34.776731 ], [ -80.532496, 34.776082 ], [ -80.529605, 34.775201 ], [ -80.527761, 34.773266 ], [ -80.528141, 34.772496 ], [ -80.529866, 34.772431 ], [ -80.529773, 34.771079 ], [ -80.525237, 34.770934 ], [ -80.523219, 34.770214 ], [ -80.523063, 34.768721 ], [ -80.522109, 34.768211 ], [ -80.516434, 34.767981 ], [ -80.514702, 34.766598 ], [ -80.514557, 34.76594 ], [ -80.517322, 34.763703 ], [ -80.517871, 34.762716 ], [ -80.517448, 34.76096 ], [ -80.516247, 34.758916 ], [ -80.513793, 34.756543 ], [ -80.510607, 34.754729 ], [ -80.509383, 34.752583 ], [ -80.508935, 34.750754 ], [ -80.508607, 34.75025 ], [ -80.507145, 34.745532 ], [ -80.505961, 34.745199 ], [ -80.503993, 34.743468 ], [ -80.502478, 34.741067 ], [ -80.500335, 34.73955 ], [ -80.500656, 34.738085 ], [ -80.501945, 34.73786 ], [ -80.501629, 34.736484 ], [ -80.498604, 34.731998 ], [ -80.498059, 34.730227 ], [ -80.493283, 34.725056 ], [ -80.489612, 34.723392 ], [ -80.488347, 34.723767 ], [ -80.487869, 34.72187 ], [ -80.489607, 34.721344 ], [ -80.48976, 34.720216 ], [ -80.48825, 34.71884 ], [ -80.486941, 34.719052 ], [ -80.485567, 34.717429 ], [ -80.486073, 34.716224 ], [ -80.488217, 34.716705 ], [ -80.489048, 34.715721 ], [ -80.488841, 34.714497 ], [ -80.487314, 34.714181 ], [ -80.486587, 34.712828 ], [ -80.487714, 34.710429 ], [ -80.487929, 34.707912 ], [ -80.488728, 34.705977 ], [ -80.488532, 34.704584 ], [ -80.487677, 34.70383 ], [ -80.486518, 34.705954 ], [ -80.482195, 34.704617 ], [ -80.475181, 34.699244 ], [ -80.474272, 34.697673 ], [ -80.475167, 34.696452 ], [ -80.473065, 34.692357 ], [ -80.471898, 34.690902 ], [ -80.468104, 34.689156 ], [ -80.470775, 34.687679 ], [ -80.469, 34.685367 ], [ -80.467566, 34.685456 ], [ -80.466577, 34.684269 ], [ -80.465034, 34.684506 ], [ -80.461199, 34.682612 ], [ -80.461638, 34.680711 ], [ -80.460782, 34.676984 ], [ -80.453112, 34.676695 ], [ -80.450294, 34.6758 ], [ -80.450373, 34.674559 ], [ -80.452702, 34.673401 ], [ -80.4534, 34.671715 ], [ -80.450899, 34.671042 ], [ -80.449112, 34.669415 ], [ -80.44612, 34.667782 ], [ -80.445459, 34.66567 ], [ -80.443061, 34.665229 ], [ -80.439381, 34.663761 ], [ -80.438527, 34.662258 ], [ -80.440469, 34.659006 ], [ -80.440236, 34.658033 ], [ -80.438571, 34.65972 ], [ -80.436803, 34.660598 ], [ -80.433425, 34.660442 ], [ -80.431768, 34.660021 ], [ -80.43132, 34.658124 ], [ -80.429872, 34.655828 ], [ -80.432643, 34.654137 ], [ -80.432775, 34.652122 ], [ -80.435055, 34.647324 ], [ -80.435422, 34.643702 ], [ -80.435036, 34.642075 ], [ -80.432817, 34.638798 ], [ -80.431237, 34.637267 ], [ -80.428322, 34.636703 ], [ -80.425957, 34.636841 ], [ -80.423892, 34.634703 ], [ -80.420947, 34.632554 ], [ -80.420374, 34.631381 ], [ -80.41691, 34.629767 ], [ -80.413898, 34.627796 ], [ -80.412509, 34.623615 ], [ -80.413466, 34.623084 ], [ -80.416032, 34.622915 ], [ -80.419117, 34.620857 ], [ -80.419186, 34.619985 ], [ -80.417451, 34.619011 ], [ -80.41578, 34.616725 ], [ -80.413613, 34.615615 ], [ -80.412242, 34.615797 ], [ -80.408373, 34.614765 ], [ -80.405657, 34.613004 ], [ -80.40557, 34.611197 ], [ -80.407516, 34.609376 ], [ -80.407298, 34.608582 ], [ -80.404598, 34.608481 ], [ -80.400402, 34.606704 ], [ -80.398486, 34.605601 ], [ -80.398025, 34.604674 ], [ -80.398116, 34.601749 ], [ -80.397311, 34.600245 ], [ -80.395882, 34.599115 ], [ -80.392708, 34.599861 ], [ -80.389888, 34.599448 ], [ -80.386223, 34.596618 ], [ -80.38528, 34.594693 ], [ -80.383375, 34.592193 ], [ -80.382274, 34.586418 ], [ -80.379534, 34.585321 ], [ -80.379339, 34.584536 ], [ -80.381844, 34.582663 ], [ -80.382247, 34.580167 ], [ -80.382738, 34.579179 ], [ -80.381383, 34.573759 ], [ -80.378908, 34.574101 ], [ -80.377028, 34.573458 ], [ -80.376217, 34.572097 ], [ -80.376076, 34.566912 ], [ -80.375787, 34.566118 ], [ -80.372682, 34.563339 ], [ -80.371519, 34.559574 ], [ -80.372627, 34.559477 ], [ -80.377153, 34.563224 ], [ -80.377939, 34.561092 ], [ -80.376789, 34.559208 ], [ -80.374991, 34.557587 ], [ -80.373973, 34.554724 ], [ -80.373577, 34.552006 ], [ -80.372391, 34.549814 ], [ -80.372336, 34.546769 ], [ -80.371062, 34.545323 ], [ -80.368457, 34.54458 ], [ -80.367128, 34.545566 ], [ -80.365721, 34.543208 ], [ -80.365385, 34.541101 ], [ -80.363674, 34.538818 ], [ -80.361995, 34.537528 ], [ -80.360292, 34.538719 ], [ -80.358873, 34.536364 ], [ -80.358673, 34.534521 ], [ -80.359521, 34.53255 ], [ -80.357837, 34.53205 ], [ -80.357935, 34.534484 ], [ -80.354772, 34.531125 ], [ -80.354872, 34.529184 ], [ -80.354385, 34.525763 ], [ -80.354581, 34.524286 ], [ -80.353244, 34.522353 ], [ -80.353634, 34.520901 ], [ -80.352278, 34.520433 ], [ -80.347953, 34.517665 ], [ -80.346417, 34.517222 ], [ -80.34733, 34.516167 ], [ -80.342813, 34.51279 ], [ -80.339954, 34.513096 ], [ -80.342251, 34.515459 ], [ -80.339384, 34.514163 ], [ -80.335814, 34.510567 ], [ -80.334581, 34.510154 ], [ -80.33473, 34.511898 ], [ -80.333505, 34.512081 ], [ -80.330279, 34.509512 ], [ -80.330629, 34.508036 ], [ -80.333107, 34.506334 ], [ -80.33372, 34.503826 ], [ -80.331972, 34.503831 ], [ -80.330071, 34.501141 ], [ -80.328553, 34.501349 ], [ -80.328258, 34.498901 ], [ -80.32759, 34.49776 ], [ -80.329024, 34.496856 ], [ -80.329689, 34.495204 ], [ -80.327741, 34.495046 ], [ -80.326876, 34.493965 ], [ -80.327821, 34.493555 ], [ -80.327643, 34.49064 ], [ -80.32825, 34.490224 ], [ -80.326345, 34.488469 ], [ -80.327722, 34.488097 ], [ -80.328082, 34.486456 ], [ -80.329458, 34.485296 ], [ -80.328233, 34.48309 ], [ -80.327616, 34.480853 ], [ -80.32668, 34.480611 ], [ -80.328857, 34.479295 ], [ -80.329749, 34.475257 ], [ -80.330502, 34.474208 ], [ -80.330084, 34.473011 ], [ -80.327405, 34.473167 ], [ -80.327897, 34.47173 ], [ -80.327198, 34.470764 ], [ -80.327788, 34.468293 ], [ -80.326091, 34.46744 ], [ -80.326204, 34.466276 ], [ -80.327724, 34.465191 ], [ -80.327975, 34.463505 ], [ -80.326791, 34.460365 ], [ -80.328966, 34.459061 ], [ -80.32662, 34.456928 ], [ -80.325394, 34.457013 ], [ -80.325308, 34.453901 ], [ -80.328498, 34.452423 ], [ -80.327052, 34.45 ], [ -80.324842, 34.45021 ], [ -80.324325, 34.44907 ], [ -80.323257, 34.449788 ], [ -80.322726, 34.448892 ], [ -80.323642, 34.446956 ], [ -80.326621, 34.44647 ], [ -80.325321, 34.445919 ], [ -80.32544, 34.444581 ], [ -80.324284, 34.444525 ], [ -80.326279, 34.442111 ], [ -80.326127, 34.441185 ], [ -80.325, 34.439907 ], [ -80.326284, 34.439205 ], [ -80.32516, 34.438103 ], [ -80.326254, 34.4374 ], [ -80.323373, 34.432991 ], [ -80.324174, 34.432299 ], [ -80.32316, 34.431658 ], [ -80.323169, 34.429861 ], [ -80.321399, 34.427586 ], [ -80.321125, 34.426244 ], [ -80.319643, 34.42824 ], [ -80.319666, 34.429442 ], [ -80.318649, 34.429128 ], [ -80.317811, 34.426552 ], [ -80.31576, 34.426135 ], [ -80.315355, 34.424146 ], [ -80.313611, 34.424712 ], [ -80.313728, 34.426027 ], [ -80.312629, 34.425357 ], [ -80.311441, 34.42429 ], [ -80.311584, 34.423254 ], [ -80.310776, 34.418666 ], [ -80.310931, 34.416893 ], [ -80.31037, 34.414924 ], [ -80.308138, 34.412479 ], [ -80.305184, 34.411248 ], [ -80.302957, 34.410885 ], [ -80.303382, 34.408994 ], [ -80.301432, 34.407983 ], [ -80.303008, 34.405812 ], [ -80.300687, 34.405451 ], [ -80.301446, 34.404635 ], [ -80.302282, 34.401259 ], [ -80.302215, 34.399821 ], [ -80.300032, 34.400937 ], [ -80.298678, 34.400105 ], [ -80.296991, 34.395969 ], [ -80.295812, 34.394923 ], [ -80.292495, 34.394999 ], [ -80.292554, 34.393986 ], [ -80.291404, 34.392732 ], [ -80.289543, 34.39371 ], [ -80.28966, 34.395875 ], [ -80.285538, 34.393678 ], [ -80.285967, 34.39229 ], [ -80.28487, 34.386133 ], [ -80.28664, 34.384661 ], [ -80.28483, 34.384246 ], [ -80.287841, 34.382814 ], [ -80.286421, 34.381989 ], [ -80.286411, 34.380894 ], [ -80.284745, 34.380332 ], [ -80.285142, 34.379307 ], [ -80.283965, 34.377723 ], [ -80.284281, 34.375844 ], [ -80.285379, 34.375702 ], [ -80.286624, 34.37302 ], [ -80.286098, 34.371466 ], [ -80.287902, 34.371697 ], [ -80.288192, 34.370923 ], [ -80.28678, 34.370129 ], [ -80.288976, 34.370357 ], [ -80.289007, 34.368685 ], [ -80.28973, 34.367504 ], [ -80.288596, 34.366207 ], [ -80.250961, 34.385995 ], [ -80.249033, 34.387161 ], [ -80.202169, 34.411342 ], [ -80.182388, 34.421538 ], [ -80.154244, 34.436051 ], [ -80.132764, 34.447114 ], [ -80.119968, 34.453445 ], [ -80.097261, 34.464831 ], [ -80.08249, 34.473308 ], [ -80.076511, 34.476339 ], [ -80.060583, 34.484859 ], [ -80.058771, 34.486008 ], [ -80.055063, 34.486914 ], [ -80.052726, 34.489139 ], [ -80.048471, 34.490898 ], [ -80.045493, 34.492603 ], [ -80.043541, 34.491954 ], [ -80.039942, 34.492404 ], [ -80.034194, 34.489187 ], [ -80.031705, 34.487109 ], [ -80.028831, 34.486388 ], [ -80.026547, 34.486541 ], [ -80.024191, 34.487329 ], [ -80.016163, 34.489946 ], [ -80.014125, 34.489951 ], [ -80.012564, 34.490851 ], [ -80.009375, 34.49428 ], [ -80.00822, 34.494785 ], [ -80.007241, 34.49488 ], [ -80.005405, 34.495081 ], [ -80.002031, 34.496657 ], [ -79.996489, 34.496148 ], [ -79.994598, 34.497919 ], [ -79.9927, 34.499074 ], [ -79.989184, 34.500315 ], [ -79.986495, 34.500316 ], [ -79.983435, 34.501708 ], [ -79.981509, 34.501604 ], [ -79.978624, 34.499618 ], [ -79.975304, 34.498052 ], [ -79.97304, 34.498004 ], [ -79.971466, 34.497273 ], [ -79.972056, 34.49503 ], [ -79.970482, 34.493271 ], [ -79.969121, 34.492727 ], [ -79.969054, 34.490704 ], [ -79.967261, 34.490117 ], [ -79.965448, 34.487687 ], [ -79.962474, 34.487006 ], [ -79.957361, 34.487077 ], [ -79.956698, 34.486699 ], [ -79.956871, 34.4877 ], [ -79.954375, 34.48847 ], [ -79.950631, 34.488344 ], [ -79.949204, 34.489883 ], [ -79.94516, 34.487816 ], [ -79.940832, 34.48802 ], [ -79.935979, 34.490895 ], [ -79.929991, 34.492626 ], [ -79.927242, 34.492983 ], [ -79.924533, 34.494417 ], [ -79.919846, 34.495764 ], [ -79.917529, 34.494493 ], [ -79.911985, 34.494685 ], [ -79.909091, 34.493689 ], [ -79.908467, 34.492732 ], [ -79.906356, 34.492616 ], [ -79.902076, 34.489234 ], [ -79.89948, 34.489739 ], [ -79.894227, 34.489147 ], [ -79.89227, 34.490633 ], [ -79.884967, 34.491113 ], [ -79.883771, 34.492196 ], [ -79.879648, 34.493469 ], [ -79.874787, 34.496333 ], [ -79.874233, 34.498434 ], [ -79.8756, 34.499948 ], [ -79.875678, 34.501086 ], [ -79.871328, 34.50531 ], [ -79.868208, 34.507131 ], [ -79.866709, 34.507257 ], [ -79.863641, 34.508733 ], [ -79.864878, 34.511954 ], [ -79.864732, 34.513185 ], [ -79.862728, 34.514829 ], [ -79.863127, 34.516066 ], [ -79.862351, 34.517578 ], [ -79.862028, 34.521041 ], [ -79.859371, 34.520355 ], [ -79.856695, 34.521373 ], [ -79.856357, 34.522192 ], [ -79.854235, 34.522807 ], [ -79.852433, 34.524678 ], [ -79.848807, 34.524443 ], [ -79.847685, 34.525499 ], [ -79.847368, 34.527667 ], [ -79.846883, 34.53082 ], [ -79.84436, 34.531848 ], [ -79.843676, 34.533085 ], [ -79.84087, 34.53314 ], [ -79.839193, 34.534611 ], [ -79.836106, 34.53514 ], [ -79.834519, 34.533332 ], [ -79.832242, 34.53451 ], [ -79.829981, 34.531925 ], [ -79.828602, 34.534308 ], [ -79.828471, 34.537544 ], [ -79.828789, 34.540653 ], [ -79.828515, 34.542185 ], [ -79.826673, 34.545429 ], [ -79.824034, 34.548468 ], [ -79.823468, 34.549991 ], [ -79.823122, 34.553436 ], [ -79.820558, 34.560745 ], [ -79.81963, 34.565212 ], [ -79.81889, 34.57056 ], [ -79.817664, 34.573177 ], [ -79.815547, 34.57533 ], [ -79.811709, 34.57842 ], [ -79.810377, 34.580835 ], [ -79.80881, 34.584727 ], [ -79.808348, 34.589332 ], [ -79.80907, 34.595518 ], [ -79.809121, 34.599013 ], [ -79.808323, 34.601681 ], [ -79.80618, 34.605755 ], [ -79.803132, 34.609663 ], [ -79.798907, 34.609788 ], [ -79.795114, 34.606727 ], [ -79.793785, 34.606147 ], [ -79.789493, 34.606102 ], [ -79.784081, 34.607254 ], [ -79.781862, 34.608445 ], [ -79.778463, 34.61114 ], [ -79.777627, 34.612209 ], [ -79.777815, 34.614293 ], [ -79.778249, 34.614868 ], [ -79.783746, 34.617672 ], [ -79.785596, 34.618924 ], [ -79.790369, 34.623564 ], [ -79.790732, 34.626456 ], [ -79.789261, 34.62996 ], [ -79.790202, 34.631831 ], [ -79.792609, 34.633697 ], [ -79.796545, 34.635994 ], [ -79.800592, 34.637668 ], [ -79.801779, 34.640763 ], [ -79.800783, 34.642287 ], [ -79.797984, 34.644085 ], [ -79.795461, 34.646283 ], [ -79.79561, 34.647596 ], [ -79.798631, 34.648659 ], [ -79.803902, 34.649251 ], [ -79.808357, 34.650777 ], [ -79.809845, 34.651965 ], [ -79.812152, 34.655348 ], [ -79.814934, 34.65767 ], [ -79.816868, 34.658677 ], [ -79.820762, 34.658587 ], [ -79.826076, 34.656565 ], [ -79.829312, 34.65673 ], [ -79.830454, 34.657212 ], [ -79.832498, 34.659484 ], [ -79.838216, 34.667375 ], [ -79.840801, 34.669489 ], [ -79.84255, 34.669829 ], [ -79.84793, 34.670192 ], [ -79.851378, 34.670999 ], [ -79.855712, 34.67394 ], [ -79.859388, 34.677789 ], [ -79.861215, 34.680286 ], [ -79.871959, 34.693841 ], [ -79.872941, 34.69563 ], [ -79.873716, 34.698155 ], [ -79.873789, 34.699416 ], [ -79.874275, 34.704995 ], [ -79.8753, 34.707205 ], [ -79.875685, 34.708235 ], [ -79.876997, 34.711083 ], [ -79.878719, 34.716828 ], [ -79.879738, 34.718889 ], [ -79.880438, 34.719553 ], [ -79.881826, 34.721056 ], [ -79.885927, 34.726774 ], [ -79.887471, 34.730999 ], [ -79.891796, 34.739896 ], [ -79.893039, 34.741964 ], [ -79.894608, 34.743587 ], [ -79.904068, 34.751721 ], [ -79.909735, 34.7546 ], [ -79.913254, 34.758042 ], [ -79.916734, 34.760584 ], [ -79.922284, 34.763297 ], [ -79.92524, 34.765296 ], [ -79.926208, 34.766534 ], [ -79.92809, 34.769875 ], [ -79.929123, 34.773105 ], [ -79.930438, 34.779346 ], [ -79.931986, 34.782926 ], [ -79.932779, 34.786874 ], [ -79.933125, 34.79061 ], [ -79.934621, 34.797577 ], [ -79.934322, 34.80127 ], [ -79.932953, 34.804151 ], [ -79.93073170000001, 34.8066227 ], [ -79.968916299999989, 34.8074532 ], [ -79.9850928, 34.807805 ], [ -79.9940256, 34.8079993 ], [ -80.000541, 34.808141 ], [ -80.0132737, 34.8084177 ], [ -80.027464, 34.808726 ], [ -80.042764, 34.809097 ], [ -80.0431385, 34.8091049 ], [ -80.0431711, 34.8091056 ], [ -80.072912, 34.809736 ], [ -80.077223, 34.809716 ], [ -80.098022, 34.810147 ], [ -80.0982035, 34.810147 ], [ -80.098994, 34.810147 ], [ -80.131169, 34.810811 ], [ -80.1486775, 34.811172 ], [ -80.159252, 34.81139 ], [ -80.1891927, 34.8120075 ], [ -80.229705, 34.812843 ], [ -80.23396, 34.812931 ], [ -80.283627, 34.813589 ], [ -80.2935937, 34.813721 ], [ -80.30469, 34.813868 ], [ -80.3208074, 34.8140815 ], [ -80.350068, 34.814469 ], [ -80.399871, 34.815128 ], [ -80.417014, 34.815508 ], [ -80.4171503, 34.8155189 ], [ -80.4171533, 34.8155192 ], [ -80.418433, 34.815622 ], [ -80.419586, 34.815581 ], [ -80.425902, 34.81581 ], [ -80.434843, 34.815968 ], [ -80.4457486, 34.8162531 ], [ -80.448766, 34.816332 ], [ -80.45166, 34.816396 ], [ -80.485234, 34.816732 ], [ -80.491814, 34.816798 ], [ -80.499788, 34.817261 ], [ -80.5266356, 34.8173565 ], [ -80.561657, 34.817481 ], [ -80.5617094, 34.8174816 ], [ -80.564055, 34.814763 ], [ -80.562988, 34.812174 ] ] ] ] } },
{ "type": "Feature", "properties": { "STATEFP": "45", "COUNTYFP": "081", "COUNTYNS": "01248016", "GEOIDFQ": "0500000US45081", "GEOID": "45081", "NAME": "Saluda", "NAMELSAD": "Saluda County", "STUSPS": "SC", "STATE_NAME": "South Carolina", "LSAD": "06", "ALAND": 1172510653.0, "AWATER": 23102147.0, "STATE_NAME_HYPHEN": "South-Carolina" }, "geometry": { "type": "MultiPolygon", "coordinates": [ [ [ [ -82.008298, 33.961646 ], [ -81.99984, 33.963527 ], [ -81.998666, 33.964171 ], [ -81.932044, 33.976914 ], [ -81.894595, 33.975415 ], [ -81.893512, 33.971552 ], [ -81.873112, 33.901754 ], [ -81.87036, 33.891985 ], [ -81.86695, 33.889859 ], [ -81.863659, 33.885121 ], [ -81.862133, 33.883595 ], [ -81.856587, 33.879736 ], [ -81.85349, 33.877955 ], [ -81.848599, 33.875866 ], [ -81.84676, 33.874741 ], [ -81.836803, 33.866501 ], [ -81.833798, 33.865067 ], [ -81.830105, 33.864949 ], [ -81.827743, 33.865673 ], [ -81.824605, 33.867288 ], [ -81.823435, 33.86738 ], [ -81.821271, 33.866014 ], [ -81.814059, 33.863414 ], [ -81.810301, 33.861253 ], [ -81.808039, 33.858715 ], [ -81.799824, 33.855426 ], [ -81.776625, 33.845993 ], [ -81.721146, 33.832028 ], [ -81.651759, 33.81451 ], [ -81.614121, 33.843972 ], [ -81.608306, 33.848526 ], [ -81.60289, 33.852767 ], [ -81.602455, 33.853109 ], [ -81.58686, 33.865303 ], [ -81.579129, 33.871346 ], [ -81.571487, 33.877318 ], [ -81.571899, 33.879506 ], [ -81.57018, 33.884115 ], [ -81.569713, 33.88693 ], [ -81.568308, 33.888214 ], [ -81.567949, 33.888735 ], [ -81.566836, 33.889858 ], [ -81.565705, 33.892263 ], [ -81.563242, 33.896937 ], [ -81.551122, 33.920162 ], [ -81.547669, 33.926867 ], [ -81.544216, 33.934034 ], [ -81.539321, 33.944094 ], [ -81.530205, 33.963264 ], [ -81.529131, 33.96556 ], [ -81.523172, 33.976504 ], [ -81.495941, 34.027509 ], [ -81.492397, 34.034257 ], [ -81.48065, 34.056862 ], [ -81.478349, 34.06206 ], [ -81.474112, 34.071705 ], [ -81.471972, 34.076552 ], [ -81.472674, 34.076494 ], [ -81.477342, 34.078032 ], [ -81.482147, 34.081901 ], [ -81.485078, 34.082299 ], [ -81.48699, 34.081332 ], [ -81.487989, 34.079106 ], [ -81.492501, 34.076777 ], [ -81.495772, 34.076844 ], [ -81.499825, 34.074817 ], [ -81.502477, 34.07388 ], [ -81.505562, 34.074825 ], [ -81.509632, 34.076952 ], [ -81.511147, 34.078709 ], [ -81.512835, 34.081709 ], [ -81.51385, 34.082253 ], [ -81.518834, 34.081393 ], [ -81.524801, 34.082701 ], [ -81.530171, 34.082893 ], [ -81.533607, 34.08207 ], [ -81.536868, 34.081626 ], [ -81.538899, 34.081744 ], [ -81.540507, 34.083304 ], [ -81.542359, 34.084216 ], [ -81.544283, 34.087287 ], [ -81.545585, 34.091 ], [ -81.54734, 34.093425 ], [ -81.548539, 34.093905 ], [ -81.554151, 34.094072 ], [ -81.558503, 34.096133 ], [ -81.563416, 34.09926 ], [ -81.566463, 34.100075 ], [ -81.568511, 34.099687 ], [ -81.57135, 34.099714 ], [ -81.58277, 34.109437 ], [ -81.585536, 34.111648 ], [ -81.588619, 34.116338 ], [ -81.589596, 34.117212 ], [ -81.593689, 34.118504 ], [ -81.595286, 34.118459 ], [ -81.596516, 34.117493 ], [ -81.59792, 34.116155 ], [ -81.599026, 34.113113 ], [ -81.599713, 34.112905 ], [ -81.600468, 34.112906 ], [ -81.60248, 34.114759 ], [ -81.604293, 34.120296 ], [ -81.606454, 34.121712 ], [ -81.607615, 34.123161 ], [ -81.608915, 34.123539 ], [ -81.616007, 34.123982 ], [ -81.619946, 34.124724 ], [ -81.622676, 34.126301 ], [ -81.624828, 34.128748 ], [ -81.62996, 34.137577 ], [ -81.631348, 34.141617 ], [ -81.63203, 34.142436 ], [ -81.636963, 34.146181 ], [ -81.639438, 34.146637 ], [ -81.642671, 34.146573 ], [ -81.645685, 34.145943 ], [ -81.647418, 34.14604 ], [ -81.654886, 34.148385 ], [ -81.657065, 34.149768 ], [ -81.66009, 34.1523 ], [ -81.6672, 34.154732 ], [ -81.672671, 34.156009 ], [ -81.674346, 34.157695 ], [ -81.676667, 34.163224 ], [ -81.679116, 34.164955 ], [ -81.682493, 34.165967 ], [ -81.684112, 34.166736 ], [ -81.691503, 34.172943 ], [ -81.693705, 34.173954 ], [ -81.696667, 34.174049 ], [ -81.700284, 34.172993 ], [ -81.704527, 34.172714 ], [ -81.709036, 34.173179 ], [ -81.715502, 34.175234 ], [ -81.718593, 34.176606 ], [ -81.720883, 34.178326 ], [ -81.724115, 34.18131 ], [ -81.726303, 34.184349 ], [ -81.729077, 34.18642 ], [ -81.731614, 34.187613 ], [ -81.73419, 34.187194 ], [ -81.737944, 34.185663 ], [ -81.741718, 34.182106 ], [ -81.743947, 34.179158 ], [ -81.746953, 34.178212 ], [ -81.749177, 34.177097 ], [ -81.753858, 34.177709 ], [ -81.75534, 34.177437 ], [ -81.758263, 34.175544 ], [ -81.760609, 34.175644 ], [ -81.763345, 34.173959 ], [ -81.766004, 34.174635 ], [ -81.768863, 34.174908 ], [ -81.771025, 34.173854 ], [ -81.771674, 34.171967 ], [ -81.77182, 34.16955 ], [ -81.773636, 34.166591 ], [ -81.778804, 34.164667 ], [ -81.780058, 34.165105 ], [ -81.780231, 34.166353 ], [ -81.785604, 34.165914 ], [ -81.785946, 34.166477 ], [ -81.785243, 34.168807 ], [ -81.783772, 34.167895 ], [ -81.78143, 34.169764 ], [ -81.781422, 34.171288 ], [ -81.782267, 34.172178 ], [ -81.784165, 34.172681 ], [ -81.786793, 34.171973 ], [ -81.788676, 34.172045 ], [ -81.790256, 34.169584 ], [ -81.793584, 34.169318 ], [ -81.796127, 34.170329 ], [ -81.799985, 34.17243 ], [ -81.805202, 34.173857 ], [ -81.808395, 34.175173 ], [ -81.810816, 34.175381 ], [ -81.815089, 34.174395 ], [ -81.818431, 34.173095 ], [ -81.823832, 34.172433 ], [ -81.827335, 34.172838 ], [ -81.828806, 34.173622 ], [ -81.829756, 34.176728 ], [ -81.827864, 34.177906 ], [ -81.825677, 34.180742 ], [ -81.827264, 34.182187 ], [ -81.83206, 34.179619 ], [ -81.834206, 34.177996 ], [ -81.835863, 34.175456 ], [ -81.838918, 34.172184 ], [ -81.842461, 34.173111 ], [ -81.845626, 34.174923 ], [ -81.848576, 34.177471 ], [ -81.853377, 34.180082 ], [ -81.860571, 34.179373 ], [ -81.862502, 34.176435 ], [ -81.8665, 34.172051 ], [ -81.870677, 34.170595 ], [ -81.876356, 34.167834 ], [ -81.87685, 34.16636 ], [ -81.875848, 34.164844 ], [ -81.875593, 34.163051 ], [ -81.876102, 34.161845 ], [ -81.878528, 34.159516 ], [ -81.879248, 34.157881 ], [ -81.878848, 34.156704 ], [ -81.875926, 34.155783 ], [ -81.871689, 34.151202 ], [ -81.87099, 34.149996 ], [ -81.872978, 34.147794 ], [ -81.872763, 34.145809 ], [ -81.868035, 34.142682 ], [ -81.866727, 34.140926 ], [ -81.866664, 34.138132 ], [ -81.867213, 34.136894 ], [ -81.870084, 34.135357 ], [ -81.868535, 34.132441 ], [ -81.870958, 34.132591 ], [ -81.870458, 34.129939 ], [ -81.872898, 34.128788 ], [ -81.872605, 34.126745 ], [ -81.874395, 34.127345 ], [ -81.878238, 34.125606 ], [ -81.87837, 34.123802 ], [ -81.880557, 34.122826 ], [ -81.880922, 34.120263 ], [ -81.883004, 34.119503 ], [ -81.885124, 34.119673 ], [ -81.887548, 34.117921 ], [ -81.890053, 34.113056 ], [ -81.890656, 34.110084 ], [ -81.892432, 34.109107 ], [ -81.895222, 34.108655 ], [ -81.896997, 34.106883 ], [ -81.895973, 34.104974 ], [ -81.895677, 34.099714 ], [ -81.897784, 34.099134 ], [ -81.899003, 34.098048 ], [ -81.900274, 34.094978 ], [ -81.904809, 34.094586 ], [ -81.907145, 34.093933 ], [ -81.910611, 34.092671 ], [ -81.913583, 34.09234 ], [ -81.915781, 34.09098 ], [ -81.918339, 34.083543 ], [ -81.918287, 34.079087 ], [ -81.919597, 34.078671 ], [ -81.921575, 34.077174 ], [ -81.924413, 34.076317 ], [ -81.924804, 34.075265 ], [ -81.923294, 34.072999 ], [ -81.925215, 34.071489 ], [ -81.927202, 34.070554 ], [ -81.928495, 34.070816 ], [ -81.930665, 34.069833 ], [ -81.940508, 34.050217 ], [ -81.946118, 34.038942 ], [ -81.947346, 34.037138 ], [ -81.953499, 34.030163 ], [ -81.983107, 34.002024 ], [ -81.983945, 34.00013 ], [ -81.986508, 33.998774 ], [ -81.988827, 33.998403 ], [ -81.98991, 33.997101 ], [ -81.990197, 33.994947 ], [ -81.991454, 33.993425 ], [ -81.991325, 33.991905 ], [ -81.994961, 33.988366 ], [ -81.996268, 33.986415 ], [ -81.995646, 33.985189 ], [ -81.996978, 33.982798 ], [ -81.998621, 33.981741 ], [ -81.998646, 33.9808 ], [ -82.001087, 33.977991 ], [ -81.9994, 33.977141 ], [ -81.999564, 33.975218 ], [ -82.001184, 33.975006 ], [ -82.003734, 33.972855 ], [ -82.006057, 33.971247 ], [ -82.007843, 33.966368 ], [ -82.010272, 33.964023 ], [ -82.008298, 33.961646 ] ] ] ] } },
{ "type": "Feature", "properties": { "STATEFP": "45", "COUNTYFP": "037", "COUNTYNS": "01247999", "GEOIDFQ": "0500000US45037", "GEOID": "45037", "NAME": "Edgefield", "NAMELSAD": "Edgefield County", "STUSPS": "SC", "STATE_NAME": "South Carolina", "LSAD": "06", "ALAND": 1296776326.0, "AWATER": 16307326.0, "STATE_NAME_HYPHEN": "South-Carolina" }, "geometry": { "type": "MultiPolygon", "coordinates": [ [ [ [ -82.182888, 33.723732 ], [ -82.181367, 33.720787 ], [ -82.180398, 33.719819 ], [ -82.178824, 33.716144 ], [ -82.175305, 33.709159 ], [ -82.173006, 33.703472 ], [ -82.170879, 33.699871 ], [ -82.167551, 33.693045 ], [ -82.165791, 33.690108 ], [ -82.164124, 33.689145 ], [ -82.156623, 33.690559 ], [ -82.153529, 33.69069 ], [ -82.151914, 33.689931 ], [ -82.146515, 33.686499 ], [ -82.145347, 33.686097 ], [ -82.143671, 33.683809 ], [ -82.143594, 33.682994 ], [ -82.146212, 33.68175 ], [ -82.148474, 33.67758 ], [ -82.148216, 33.676487 ], [ -82.144639, 33.674577 ], [ -82.142396, 33.673935 ], [ -82.138151, 33.674223 ], [ -82.134481, 33.673905 ], [ -82.133577, 33.671927 ], [ -82.134086, 33.669742 ], [ -82.133645, 33.667946 ], [ -82.132107, 33.665649 ], [ -82.129075, 33.663386 ], [ -82.129866, 33.661428 ], [ -82.131741, 33.65952 ], [ -82.130936, 33.658829 ], [ -82.129158, 33.658974 ], [ -82.125849, 33.657928 ], [ -82.122462, 33.655161 ], [ -82.11488, 33.655547 ], [ -82.110474, 33.655299 ], [ -82.109445, 33.653326 ], [ -82.108422, 33.647863 ], [ -82.102262, 33.643608 ], [ -82.100183, 33.641612 ], [ -82.099228, 33.639582 ], [ -82.099432, 33.638491 ], [ -82.098683, 33.636892 ], [ -82.095527, 33.633869 ], [ -82.11532, 33.5965958 ], [ -82.109376, 33.596581 ], [ -82.10624, 33.595637 ], [ -82.098816, 33.586358 ], [ -82.096352, 33.58407 ], [ -82.094128, 33.582742 ], [ -82.0930723, 33.5824037 ], [ -82.087488, 33.580614 ], [ -82.0760686, 33.5781497 ], [ -82.073104, 33.57751 ], [ -82.069039, 33.575382 ], [ -82.057727, 33.566774 ], [ -82.054943, 33.565382 ], [ -82.048959, 33.56487 ], [ -82.0483569, 33.5646314 ], [ -82.046335, 33.56383 ], [ -82.037375, 33.554662 ], [ -82.0364949, 33.5527088 ], [ -82.034895, 33.549158 ], [ -82.033023, 33.546454 ], [ -82.028238, 33.544934 ], [ -82.023438, 33.540734 ], [ -82.023438, 33.537935 ], [ -82.019838, 33.535035 ], [ -82.0124736, 33.532107 ], [ -82.010911, 33.533266 ], [ -82.002929, 33.539529 ], [ -81.997508, 33.543773 ], [ -81.996872, 33.544322 ], [ -81.988413, 33.550848 ], [ -81.981093, 33.556585 ], [ -81.974511, 33.561716 ], [ -81.972962, 33.562927 ], [ -81.958433, 33.574266 ], [ -81.955399, 33.57664 ], [ -81.948742, 33.58183 ], [ -81.943227, 33.58613 ], [ -81.940518, 33.588243 ], [ -81.933503, 33.593723 ], [ -81.923105, 33.601852 ], [ -81.891614, 33.626488 ], [ -81.877542, 33.637522 ], [ -81.818793, 33.683578 ], [ -81.794315, 33.702766 ], [ -81.778367, 33.715269 ], [ -81.715534, 33.764527 ], [ -81.703786, 33.773737 ], [ -81.676151, 33.7954 ], [ -81.651759, 33.81451 ], [ -81.721146, 33.832028 ], [ -81.776625, 33.845993 ], [ -81.799824, 33.855426 ], [ -81.808039, 33.858715 ], [ -81.810301, 33.861253 ], [ -81.814059, 33.863414 ], [ -81.821271, 33.866014 ], [ -81.823435, 33.86738 ], [ -81.824605, 33.867288 ], [ -81.827743, 33.865673 ], [ -81.830105, 33.864949 ], [ -81.833798, 33.865067 ], [ -81.836803, 33.866501 ], [ -81.84676, 33.874741 ], [ -81.848599, 33.875866 ], [ -81.85349, 33.877955 ], [ -81.856587, 33.879736 ], [ -81.862133, 33.883595 ], [ -81.863659, 33.885121 ], [ -81.86695, 33.889859 ], [ -81.87036, 33.891985 ], [ -81.873112, 33.901754 ], [ -81.893512, 33.971552 ], [ -81.894595, 33.975415 ], [ -81.932044, 33.976914 ], [ -81.998666, 33.964171 ], [ -81.99984, 33.963527 ], [ -82.008298, 33.961646 ], [ -82.007778, 33.961279 ], [ -82.046974, 33.95321 ], [ -82.155595, 33.928917 ], [ -82.148275, 33.902811 ], [ -82.159063, 33.898009 ], [ -82.156916, 33.891214 ], [ -82.154551, 33.881673 ], [ -82.152044, 33.878009 ], [ -82.1246, 33.84199 ], [ -82.113728, 33.82988 ], [ -82.114626, 33.828561 ], [ -82.116273, 33.827924 ], [ -82.121773, 33.828057 ], [ -82.12351, 33.827781 ], [ -82.127928, 33.822043 ], [ -82.129305, 33.820812 ], [ -82.130101, 33.818805 ], [ -82.133136, 33.81796 ], [ -82.134974, 33.819313 ], [ -82.138274, 33.819221 ], [ -82.138984, 33.818532 ], [ -82.139721, 33.817343 ], [ -82.137042, 33.81479 ], [ -82.134635, 33.811745 ], [ -82.134075, 33.810185 ], [ -82.138959, 33.807448 ], [ -82.141376, 33.805616 ], [ -82.139178, 33.802694 ], [ -82.138789, 33.801562 ], [ -82.141257, 33.798696 ], [ -82.1427, 33.79584 ], [ -82.143942, 33.794935 ], [ -82.149323, 33.794549 ], [ -82.150175, 33.793779 ], [ -82.147937, 33.789762 ], [ -82.148688, 33.789194 ], [ -82.151169, 33.789783 ], [ -82.153955, 33.791702 ], [ -82.155954, 33.791286 ], [ -82.156708, 33.792719 ], [ -82.158471, 33.792922 ], [ -82.159582, 33.791362 ], [ -82.159163, 33.79038 ], [ -82.156752, 33.787875 ], [ -82.155664, 33.784909 ], [ -82.153466, 33.783286 ], [ -82.153345, 33.782561 ], [ -82.155718, 33.781787 ], [ -82.158827, 33.781938 ], [ -82.159951, 33.78153 ], [ -82.161764, 33.779494 ], [ -82.160265, 33.777728 ], [ -82.160845, 33.776242 ], [ -82.162774, 33.774929 ], [ -82.163423, 33.772649 ], [ -82.16638, 33.771967 ], [ -82.16689, 33.770874 ], [ -82.169886, 33.768681 ], [ -82.170138, 33.766912 ], [ -82.172681, 33.765459 ], [ -82.172872, 33.764733 ], [ -82.172433, 33.761455 ], [ -82.170773, 33.75945 ], [ -82.167467, 33.756931 ], [ -82.165685, 33.754746 ], [ -82.165752, 33.75328 ], [ -82.167899, 33.75095 ], [ -82.168045, 33.749199 ], [ -82.165845, 33.746174 ], [ -82.164191, 33.743367 ], [ -82.164338, 33.741325 ], [ -82.165699, 33.740773 ], [ -82.167991, 33.740831 ], [ -82.169091, 33.739611 ], [ -82.168826, 33.736996 ], [ -82.170661, 33.734759 ], [ -82.175054, 33.73331 ], [ -82.177751, 33.731771 ], [ -82.181994, 33.730465 ], [ -82.182746, 33.729323 ], [ -82.182587, 33.726622 ], [ -82.182888, 33.723732 ] ] ] ] } },
{ "type": "Feature", "properties": { "STATEFP": "45", "COUNTYFP": "011", "COUNTYNS": "01247983", "GEOIDFQ": "0500000US45011", "GEOID": "45011", "NAME": "Barnwell", "NAMELSAD": "Barnwell County", "STUSPS": "SC", "STATE_NAME": "South Carolina", "LSAD": "06", "ALAND": 1420294945.0, "AWATER": 23008122.0, "STATE_NAME_HYPHEN": "South-Carolina" }, "geometry": { "type": "MultiPolygon", "coordinates": [ [ [ [ -81.772435, 33.180949 ], [ -81.766735, 33.171449 ], [ -81.768135, 33.168249 ], [ -81.767635, 33.167249 ], [ -81.764435, 33.165549 ], [ -81.763135, 33.159449 ], [ -81.754135, 33.15055 ], [ -81.750035, 33.14735 ], [ -81.746335, 33.14605 ], [ -81.744535, 33.14215 ], [ -81.736635, 33.13765 ], [ -81.729534, 33.13375 ], [ -81.724334, 33.129451 ], [ -81.721734, 33.126451 ], [ -81.7211084, 33.1261437 ], [ -81.716034, 33.123651 ], [ -81.711134, 33.121651 ], [ -81.704634, 33.11645 ], [ -81.696934, 33.116551 ], [ -81.677033, 33.11065 ], [ -81.671833, 33.107751 ], [ -81.658433, 33.103152 ], [ -81.646433, 33.094552 ], [ -81.642333, 33.093152 ], [ -81.637232, 33.092952 ], [ -81.632232, 33.093952 ], [ -81.614994, 33.095551 ], [ -81.6140573, 33.0951883 ], [ -81.613558, 33.095667 ], [ -81.566857, 33.13655 ], [ -81.541881, 33.158279 ], [ -81.523392, 33.153408 ], [ -81.460007, 33.13681 ], [ -81.454024, 33.135253 ], [ -81.452888, 33.134923 ], [ -81.44943, 33.133856 ], [ -81.421242, 33.125152 ], [ -81.374829, 33.110975 ], [ -81.37384, 33.110529 ], [ -81.364857, 33.108061 ], [ -81.337806, 33.108221 ], [ -81.283665, 33.108555 ], [ -81.280014, 33.110118 ], [ -81.277373, 33.112316 ], [ -81.273643, 33.112063 ], [ -81.268254, 33.110458 ], [ -81.264333, 33.110823 ], [ -81.260767, 33.111691 ], [ -81.258942, 33.112608 ], [ -81.248884, 33.115124 ], [ -81.245782, 33.117325 ], [ -81.240228, 33.118747 ], [ -81.236798, 33.118131 ], [ -81.234973, 33.117055 ], [ -81.232604, 33.116919 ], [ -81.226287, 33.117517 ], [ -81.225552, 33.116898 ], [ -81.219698, 33.116464 ], [ -81.218119, 33.116809 ], [ -81.217303, 33.118046 ], [ -81.215669, 33.118437 ], [ -81.211886, 33.120706 ], [ -81.20998, 33.120156 ], [ -81.207284, 33.120179 ], [ -81.20045, 33.118485 ], [ -81.195849, 33.117958 ], [ -81.193099, 33.118668 ], [ -81.192881, 33.11954 ], [ -81.195931, 33.121257 ], [ -81.197755, 33.123548 ], [ -81.198327, 33.126588 ], [ -81.203882, 33.129223 ], [ -81.206442, 33.129635 ], [ -81.206524, 33.130688 ], [ -81.207994, 33.131467 ], [ -81.208458, 33.133071 ], [ -81.210092, 33.133712 ], [ -81.208921, 33.135866 ], [ -81.210202, 33.137034 ], [ -81.210801, 33.138821 ], [ -81.210393, 33.140403 ], [ -81.211456, 33.143541 ], [ -81.213499, 33.14464 ], [ -81.213309, 33.145854 ], [ -81.215924, 33.14748 ], [ -81.215924, 33.150115 ], [ -81.218185, 33.15055 ], [ -81.220419, 33.152016 ], [ -81.220692, 33.154466 ], [ -81.221619, 33.155727 ], [ -81.223308, 33.156506 ], [ -81.225787, 33.156528 ], [ -81.225815, 33.160353 ], [ -81.227804, 33.160697 ], [ -81.227778, 33.162622 ], [ -81.22579, 33.165349 ], [ -81.225982, 33.167296 ], [ -81.223913, 33.169634 ], [ -81.223778, 33.174422 ], [ -81.223263, 33.17873 ], [ -81.221848, 33.184275 ], [ -81.221523, 33.191396 ], [ -81.221224, 33.201206 ], [ -81.220711, 33.202467 ], [ -81.220603, 33.206018 ], [ -81.217933, 33.208379 ], [ -81.218397, 33.210189 ], [ -81.221724, 33.214311 ], [ -81.220361, 33.215663 ], [ -81.220416, 33.216717 ], [ -81.218835, 33.217955 ], [ -81.217719, 33.221804 ], [ -81.219382, 33.224462 ], [ -81.220419, 33.225195 ], [ -81.220665, 33.228516 ], [ -81.21994, 33.250154 ], [ -81.220824, 33.259149 ], [ -81.21972, 33.281976 ], [ -81.219081, 33.295402 ], [ -81.217727, 33.318573 ], [ -81.215167, 33.366255 ], [ -81.213182, 33.397866 ], [ -81.222673, 33.44 ], [ -81.222219, 33.440664 ], [ -81.226866, 33.440776 ], [ -81.228533, 33.440134 ], [ -81.231265, 33.440477 ], [ -81.232552, 33.442676 ], [ -81.235585, 33.442285 ], [ -81.236814, 33.441048 ], [ -81.238181, 33.442467 ], [ -81.239847, 33.441573 ], [ -81.242608, 33.44203 ], [ -81.242908, 33.441136 ], [ -81.243646, 33.442328 ], [ -81.246325, 33.442831 ], [ -81.246271, 33.443885 ], [ -81.247774, 33.443815 ], [ -81.248868, 33.445211 ], [ -81.252069, 33.445487 ], [ -81.253735, 33.446198 ], [ -81.254308, 33.447893 ], [ -81.256494, 33.448949 ], [ -81.255974, 33.449773 ], [ -81.257805, 33.449956 ], [ -81.258542, 33.451172 ], [ -81.259444, 33.450073 ], [ -81.26092, 33.450898 ], [ -81.259935, 33.452089 ], [ -81.26327, 33.451563 ], [ -81.263269, 33.453395 ], [ -81.264717, 33.452801 ], [ -81.265482, 33.454863 ], [ -81.267886, 33.455551 ], [ -81.268979, 33.456467 ], [ -81.268268, 33.457819 ], [ -81.269197, 33.458874 ], [ -81.270919, 33.458623 ], [ -81.271191, 33.459791 ], [ -81.273515, 33.458829 ], [ -81.275072, 33.460043 ], [ -81.273241, 33.460111 ], [ -81.276001, 33.462105 ], [ -81.276875, 33.464191 ], [ -81.278104, 33.465017 ], [ -81.278541, 33.466575 ], [ -81.2807, 33.468316 ], [ -81.281909, 33.467532 ], [ -81.283898, 33.468728 ], [ -81.286714, 33.46779 ], [ -81.286166, 33.469577 ], [ -81.291195, 33.472831 ], [ -81.291468, 33.474663 ], [ -81.294421, 33.47542 ], [ -81.294557, 33.476909 ], [ -81.296416, 33.478147 ], [ -81.29688, 33.479864 ], [ -81.298466, 33.479407 ], [ -81.302047, 33.480003 ], [ -81.301445, 33.481218 ], [ -81.30284, 33.480003 ], [ -81.305082, 33.47966 ], [ -81.30571, 33.480966 ], [ -81.306202, 33.479705 ], [ -81.308771, 33.478948 ], [ -81.310493, 33.479247 ], [ -81.311175, 33.478215 ], [ -81.313228, 33.478347 ], [ -81.315088, 33.480462 ], [ -81.319189, 33.480966 ], [ -81.32165, 33.482339 ], [ -81.322525, 33.482957 ], [ -81.325833, 33.481537 ], [ -81.326762, 33.481972 ], [ -81.330234, 33.48023 ], [ -81.332448, 33.480161 ], [ -81.33428, 33.481375 ], [ -81.33428, 33.480321 ], [ -81.336604, 33.48048 ], [ -81.337889, 33.481214 ], [ -81.33972, 33.480274 ], [ -81.340869, 33.482152 ], [ -81.344231, 33.480891 ], [ -81.345735, 33.481945 ], [ -81.345517, 33.482931 ], [ -81.349017, 33.484969 ], [ -81.350958, 33.484166 ], [ -81.353911, 33.484234 ], [ -81.354896, 33.485265 ], [ -81.35618, 33.484164 ], [ -81.356591, 33.485356 ], [ -81.358504, 33.484828 ], [ -81.361375, 33.485148 ], [ -81.361267, 33.48698 ], [ -81.362115, 33.488171 ], [ -81.363838, 33.488537 ], [ -81.366216, 33.487962 ], [ -81.368076, 33.489749 ], [ -81.36947, 33.489129 ], [ -81.372931, 33.490417 ], [ -81.374827, 33.489652 ], [ -81.463042, 33.422083 ], [ -81.516319, 33.382311 ], [ -81.751869, 33.201583 ], [ -81.7570833, 33.1981218 ], [ -81.756935, 33.197848 ], [ -81.759535, 33.194747 ], [ -81.760635, 33.189248 ], [ -81.762835, 33.188248 ], [ -81.765935, 33.187848 ], [ -81.767735, 33.184648 ], [ -81.766935, 33.182049 ], [ -81.764935, 33.179549 ], [ -81.766135, 33.177849 ], [ -81.768635, 33.178449 ], [ -81.771735, 33.181548 ], [ -81.772435, 33.180949 ] ] ] ] } },
{ "type": "Feature", "properties": { "STATEFP": "45", "COUNTYFP": "023", "COUNTYNS": "01247988", "GEOIDFQ": "0500000US45023", "GEOID": "45023", "NAME": "Chester", "NAMELSAD": "Chester County", "STUSPS": "SC", "STATE_NAME": "South Carolina", "LSAD": "06", "ALAND": 1503905790.0, "AWATER": 14249301.0, "STATE_NAME_HYPHEN": "South-Carolina" }, "geometry": { "type": "MultiPolygon", "coordinates": [ [ [ [ -81.488275, 34.733038 ], [ -81.48642, 34.730643 ], [ -81.479293, 34.723867 ], [ -81.478364, 34.723688 ], [ -81.47605, 34.723239 ], [ -81.464636, 34.725443 ], [ -81.461926, 34.726532 ], [ -81.45963, 34.726036 ], [ -81.456419, 34.723817 ], [ -81.45414, 34.720918 ], [ -81.455451, 34.711286 ], [ -81.454762, 34.699289 ], [ -81.455367, 34.696682 ], [ -81.453577, 34.692343 ], [ -81.45438, 34.677783 ], [ -81.454196, 34.675187 ], [ -81.450837, 34.672121 ], [ -81.447924, 34.666922 ], [ -81.447221, 34.664573 ], [ -81.444727, 34.658866 ], [ -81.443808, 34.656237 ], [ -81.441917, 34.653727 ], [ -81.437626, 34.651889 ], [ -81.432943, 34.650243 ], [ -81.429566, 34.648604 ], [ -81.427632, 34.646844 ], [ -81.424679, 34.643385 ], [ -81.420982, 34.640308 ], [ -81.416387, 34.635252 ], [ -81.415894, 34.633589 ], [ -81.417896, 34.629232 ], [ -81.417739, 34.623409 ], [ -81.418409, 34.612546 ], [ -81.417862, 34.604109 ], [ -81.419654, 34.598889 ], [ -81.421987, 34.589698 ], [ -81.424022, 34.584541 ], [ -81.426583, 34.580735 ], [ -81.426836, 34.5785 ], [ -81.422706, 34.572029 ], [ -81.311555, 34.566775 ], [ -81.300714, 34.566181 ], [ -81.276048, 34.565188 ], [ -81.171142, 34.559372 ], [ -81.12481, 34.55664 ], [ -81.120168, 34.556521 ], [ -81.070913, 34.553599 ], [ -81.05999, 34.553244 ], [ -81.004918, 34.548037 ], [ -80.988496, 34.547314 ], [ -80.982843, 34.546867 ], [ -80.970936, 34.546391 ], [ -80.96401, 34.546435 ], [ -80.959079, 34.546144 ], [ -80.950896, 34.545386 ], [ -80.904554, 34.543987 ], [ -80.903336, 34.544078 ], [ -80.884779, 34.543443 ], [ -80.877491, 34.543146 ], [ -80.87855, 34.544531 ], [ -80.878345, 34.546302 ], [ -80.877282, 34.547738 ], [ -80.874801, 34.549508 ], [ -80.872863, 34.552965 ], [ -80.873102, 34.556858 ], [ -80.873809, 34.559299 ], [ -80.875817, 34.564199 ], [ -80.875413, 34.566608 ], [ -80.876433, 34.56849 ], [ -80.878419, 34.570282 ], [ -80.878611, 34.571109 ], [ -80.877688, 34.577081 ], [ -80.878171, 34.581118 ], [ -80.87933, 34.582419 ], [ -80.882346, 34.584744 ], [ -80.883517, 34.585392 ], [ -80.883075, 34.58841 ], [ -80.888299, 34.593456 ], [ -80.889093, 34.595062 ], [ -80.89209, 34.598053 ], [ -80.891186, 34.600475 ], [ -80.891711, 34.604286 ], [ -80.889942, 34.607823 ], [ -80.890204, 34.611134 ], [ -80.888993, 34.613175 ], [ -80.889412, 34.616632 ], [ -80.889206, 34.618193 ], [ -80.89119, 34.623839 ], [ -80.891915, 34.625144 ], [ -80.89472, 34.628055 ], [ -80.896406, 34.631781 ], [ -80.896374, 34.635224 ], [ -80.895577, 34.637512 ], [ -80.894896, 34.641698 ], [ -80.892842, 34.645957 ], [ -80.88741, 34.652599 ], [ -80.886869, 34.653904 ], [ -80.886493, 34.65705 ], [ -80.886856, 34.659213 ], [ -80.888225, 34.663046 ], [ -80.88857, 34.665659 ], [ -80.888469, 34.668603 ], [ -80.887391, 34.669566 ], [ -80.880537, 34.673973 ], [ -80.879144, 34.676048 ], [ -80.878106, 34.681066 ], [ -80.876879, 34.682908 ], [ -80.874119, 34.684925 ], [ -80.869734, 34.688948 ], [ -80.86385, 34.69251 ], [ -80.861053, 34.694734 ], [ -80.86035, 34.695736 ], [ -80.859756, 34.700234 ], [ -80.861198, 34.70276 ], [ -80.864054, 34.704455 ], [ -80.866324, 34.706626 ], [ -80.867088, 34.708685 ], [ -80.868837, 34.716596 ], [ -80.868242, 34.719604 ], [ -80.86872, 34.723178 ], [ -80.870299, 34.726163 ], [ -80.87336, 34.72943 ], [ -80.874471, 34.731543 ], [ -80.874794, 34.738285 ], [ -80.876095, 34.740272 ], [ -80.877594, 34.743889 ], [ -80.877645, 34.750144 ], [ -80.878761, 34.756633 ], [ -80.878563, 34.757953 ], [ -80.878278, 34.759078 ], [ -80.874301, 34.763422 ], [ -80.874162, 34.764505 ], [ -80.874281, 34.767734 ], [ -80.874911, 34.773482 ], [ -80.875159, 34.781847 ], [ -80.875797, 34.785246 ], [ -80.876121, 34.788047 ], [ -80.878019, 34.790714 ], [ -80.884378, 34.795744 ], [ -80.885275, 34.800216 ], [ -80.886769, 34.803491 ], [ -80.890406, 34.805906 ], [ -80.89271, 34.809774 ], [ -80.895865, 34.814121 ], [ -80.898215, 34.820746 ], [ -80.898858, 34.820718 ], [ -80.9369, 34.820872 ], [ -80.97441, 34.821096 ], [ -81.03294, 34.821022 ], [ -81.034557, 34.821012 ], [ -81.061786, 34.820864 ], [ -81.061877, 34.820864 ], [ -81.105375, 34.820505 ], [ -81.141099, 34.820573 ], [ -81.178326, 34.820906 ], [ -81.219504, 34.821295 ], [ -81.324517, 34.822293 ], [ -81.359701, 34.822185 ], [ -81.372888, 34.822203 ], [ -81.478454, 34.821509 ], [ -81.484672, 34.818217 ], [ -81.487074, 34.816608 ], [ -81.487897, 34.815141 ], [ -81.487328, 34.813398 ], [ -81.481167, 34.80861 ], [ -81.479862, 34.808382 ], [ -81.475248, 34.809637 ], [ -81.470945, 34.811386 ], [ -81.469018, 34.811002 ], [ -81.468757, 34.8078 ], [ -81.469431, 34.804423 ], [ -81.469233, 34.802777 ], [ -81.467941, 34.801629 ], [ -81.464998, 34.800575 ], [ -81.462163, 34.79943 ], [ -81.459156, 34.797532 ], [ -81.458001, 34.794574 ], [ -81.456304, 34.792521 ], [ -81.456026, 34.787489 ], [ -81.455038, 34.784866 ], [ -81.453539, 34.782242 ], [ -81.454458, 34.779916 ], [ -81.454734, 34.775672 ], [ -81.455209, 34.773714 ], [ -81.454814, 34.770278 ], [ -81.45352, 34.767218 ], [ -81.453356, 34.764395 ], [ -81.452797, 34.762813 ], [ -81.453097, 34.760903 ], [ -81.454534, 34.759422 ], [ -81.456309, 34.758644 ], [ -81.45891, 34.758376 ], [ -81.461591, 34.757576 ], [ -81.464988, 34.755342 ], [ -81.469046, 34.753449 ], [ -81.474965, 34.748864 ], [ -81.482351, 34.744398 ], [ -81.484917, 34.741494 ], [ -81.487234, 34.738175 ], [ -81.488219, 34.735472 ], [ -81.488275, 34.733038 ] ] ] ] } },
{ "type": "Feature", "properties": { "STATEFP": "45", "COUNTYFP": "045", "COUNTYNS": "01245489", "GEOIDFQ": "0500000US45045", "GEOID": "45045", "NAME": "Greenville", "NAMELSAD": "Greenville County", "STUSPS": "SC", "STATE_NAME": "South Carolina", "LSAD": "06", "ALAND": 2035563102.0, "AWATER": 24968466.0, "STATE_NAME_HYPHEN": "South-Carolina" }, "geometry": { "type": "MultiPolygon", "coordinates": [ [ [ [ -82.763008, 35.064931 ], [ -82.762922, 35.06328 ], [ -82.760699, 35.061213 ], [ -82.759938, 35.057743 ], [ -82.757997, 35.055731 ], [ -82.758158, 35.055013 ], [ -82.756201, 35.054081 ], [ -82.755819, 35.052959 ], [ -82.7543, 35.052494 ], [ -82.753445, 35.051241 ], [ -82.751264, 35.049974 ], [ -82.74971, 35.047603 ], [ -82.745929, 35.048337 ], [ -82.743174, 35.047305 ], [ -82.737907, 35.047153 ], [ -82.738428, 35.048677 ], [ -82.736265, 35.051629 ], [ -82.730618, 35.051244 ], [ -82.728502, 35.052786 ], [ -82.729364, 35.054919 ], [ -82.724514, 35.055265 ], [ -82.723127, 35.053001 ], [ -82.719106, 35.052752 ], [ -82.717023, 35.053815 ], [ -82.716019, 35.054528 ], [ -82.714951, 35.058957 ], [ -82.712556, 35.060516 ], [ -82.709526, 35.060414 ], [ -82.708208, 35.062131 ], [ -82.704106, 35.060896 ], [ -82.703054, 35.061697 ], [ -82.700567, 35.061282 ], [ -82.69557, 35.062459 ], [ -82.689199, 35.062934 ], [ -82.686232, 35.062721 ], [ -82.681978, 35.061821 ], [ -82.676662, 35.064745 ], [ -82.675065, 35.064935 ], [ -82.670968, 35.062426 ], [ -82.669236, 35.062425 ], [ -82.667009, 35.06356 ], [ -82.665557, 35.064972 ], [ -82.661733, 35.064622 ], [ -82.662658, 35.065756 ], [ -82.659486, 35.065912 ], [ -82.659598, 35.067058 ], [ -82.657149, 35.065974 ], [ -82.656333, 35.062319 ], [ -82.655574, 35.061752 ], [ -82.653772, 35.063616 ], [ -82.650075, 35.062929 ], [ -82.650593, 35.060829 ], [ -82.648747, 35.060253 ], [ -82.644877, 35.061043 ], [ -82.641422, 35.060148 ], [ -82.640266, 35.060812 ], [ -82.637212, 35.064257 ], [ -82.635349, 35.064486 ], [ -82.629171, 35.064166 ], [ -82.627869, 35.065501 ], [ -82.625615, 35.064715 ], [ -82.622118, 35.066607 ], [ -82.619359, 35.06739 ], [ -82.617577, 35.067024 ], [ -82.613234, 35.067409 ], [ -82.611857, 35.069304 ], [ -82.61138, 35.072269 ], [ -82.609437, 35.072336 ], [ -82.606638, 35.070364 ], [ -82.603878, 35.071331 ], [ -82.598748, 35.072406 ], [ -82.595116, 35.072786 ], [ -82.593615, 35.072361 ], [ -82.589717, 35.073782 ], [ -82.584797, 35.073638 ], [ -82.582468, 35.074011 ], [ -82.575751, 35.07379 ], [ -82.571589, 35.07463 ], [ -82.572946, 35.072262 ], [ -82.570355, 35.070338 ], [ -82.571948, 35.067494 ], [ -82.574264, 35.064595 ], [ -82.575206, 35.0642 ], [ -82.576538, 35.065355 ], [ -82.579378, 35.065276 ], [ -82.579309, 35.06396 ], [ -82.582805, 35.064632 ], [ -82.585104, 35.064372 ], [ -82.587761, 35.062929 ], [ -82.590483, 35.063689 ], [ -82.592384, 35.062805 ], [ -82.593014, 35.060743 ], [ -82.592454, 35.059976 ], [ -82.595155, 35.060007 ], [ -82.594116, 35.058545 ], [ -82.597721, 35.05429 ], [ -82.597069, 35.051449 ], [ -82.595753, 35.049253 ], [ -82.596103, 35.047267 ], [ -82.59806, 35.04615 ], [ -82.598881, 35.040724 ], [ -82.597854, 35.040017 ], [ -82.598215, 35.038505 ], [ -82.595836, 35.040874 ], [ -82.592724, 35.042002 ], [ -82.590272, 35.044186 ], [ -82.589512, 35.042354 ], [ -82.590594, 35.0414 ], [ -82.589681, 35.040565 ], [ -82.589938, 35.039188 ], [ -82.588151, 35.038813 ], [ -82.587102, 35.036208 ], [ -82.58881, 35.035362 ], [ -82.587843, 35.033957 ], [ -82.585721, 35.0324 ], [ -82.586591, 35.031428 ], [ -82.589292, 35.030569 ], [ -82.589716, 35.028347 ], [ -82.592265, 35.027688 ], [ -82.592403, 35.026766 ], [ -82.589849, 35.025282 ], [ -82.589697, 35.022945 ], [ -82.591472, 35.022182 ], [ -82.588344, 35.021026 ], [ -82.5908, 35.018982 ], [ -82.591303, 35.017506 ], [ -82.594428, 35.016039 ], [ -82.594331, 35.014755 ], [ -82.595903, 35.012822 ], [ -82.595552, 35.010136 ], [ -82.593937, 35.007887 ], [ -82.592592, 35.008326 ], [ -82.589651, 35.008037 ], [ -82.584518, 35.008662 ], [ -82.583894, 35.009073 ], [ -82.581477, 35.008402 ], [ -82.579644, 35.009431 ], [ -82.577518, 35.009449 ], [ -82.576641, 35.011213 ], [ -82.574097, 35.013325 ], [ -82.573422, 35.012516 ], [ -82.570627, 35.012316 ], [ -82.568848, 35.011692 ], [ -82.565721, 35.011906 ], [ -82.564241, 35.010937 ], [ -82.563132, 35.012196 ], [ -82.560985, 35.012925 ], [ -82.55971, 35.012784 ], [ -82.559886, 35.013838 ], [ -82.556352, 35.015034 ], [ -82.555472, 35.014489 ], [ -82.548634, 35.015042 ], [ -82.546459, 35.014509 ], [ -82.542151, 35.014824 ], [ -82.539453, 35.015922 ], [ -82.537858, 35.015471 ], [ -82.53785, 35.013206 ], [ -82.539352, 35.010005 ], [ -82.538341, 35.009318 ], [ -82.540302, 35.008394 ], [ -82.541964, 35.006573 ], [ -82.543159, 35.004564 ], [ -82.542333, 35.001129 ], [ -82.540618, 35.000271 ], [ -82.539629, 34.998647 ], [ -82.538353, 34.997893 ], [ -82.536851, 34.994139 ], [ -82.537308, 34.991433 ], [ -82.536024, 34.991109 ], [ -82.534693, 34.987738 ], [ -82.533961, 34.986945 ], [ -82.534138, 34.983761 ], [ -82.535763, 34.982708 ], [ -82.537263, 34.982889 ], [ -82.538495, 34.981885 ], [ -82.54012, 34.982251 ], [ -82.539658, 34.984296 ], [ -82.54054, 34.984759 ], [ -82.541215, 34.98235 ], [ -82.544861, 34.979692 ], [ -82.547415, 34.979566 ], [ -82.548056, 34.978723 ], [ -82.544451, 34.974636 ], [ -82.543702, 34.976917 ], [ -82.542746, 34.976905 ], [ -82.538633, 34.973629 ], [ -82.537573, 34.972095 ], [ -82.536279, 34.971825 ], [ -82.535773, 34.972811 ], [ -82.53424, 34.973416 ], [ -82.532377, 34.972246 ], [ -82.53314, 34.97065 ], [ -82.532859, 34.966383 ], [ -82.529529, 34.966785 ], [ -82.52744, 34.965935 ], [ -82.527673, 34.964673 ], [ -82.528827, 34.963497 ], [ -82.529963, 34.963916 ], [ -82.530313, 34.96248 ], [ -82.52695, 34.961089 ], [ -82.526747, 34.96022 ], [ -82.528089, 34.957288 ], [ -82.528534, 34.953921 ], [ -82.527136, 34.953901 ], [ -82.525761, 34.952346 ], [ -82.523674, 34.952084 ], [ -82.524609, 34.946751 ], [ -82.521618, 34.944514 ], [ -82.518988, 34.944012 ], [ -82.520604, 34.94262 ], [ -82.52593, 34.943315 ], [ -82.525434, 34.939513 ], [ -82.524922, 34.93917 ], [ -82.519709, 34.935444 ], [ -82.517595, 34.934951 ], [ -82.51755, 34.933958 ], [ -82.521097, 34.927356 ], [ -82.519344, 34.925308 ], [ -82.515853, 34.926008 ], [ -82.518192, 34.921018 ], [ -82.518156, 34.920411 ], [ -82.517403, 34.919206 ], [ -82.514214, 34.91914 ], [ -82.510913, 34.917981 ], [ -82.509898, 34.914182 ], [ -82.510497, 34.912668 ], [ -82.508964, 34.911478 ], [ -82.507545, 34.912772 ], [ -82.504619, 34.911054 ], [ -82.501028, 34.910381 ], [ -82.503011, 34.907629 ], [ -82.503214, 34.905602 ], [ -82.502794, 34.9037 ], [ -82.501089, 34.902536 ], [ -82.500349, 34.90093 ], [ -82.498553, 34.898809 ], [ -82.494847, 34.897204 ], [ -82.493822, 34.895736 ], [ -82.494254, 34.893141 ], [ -82.496265, 34.892419 ], [ -82.497388, 34.89134 ], [ -82.496295, 34.888992 ], [ -82.496476, 34.887616 ], [ -82.495148, 34.886335 ], [ -82.493369, 34.885957 ], [ -82.489069, 34.886351 ], [ -82.487738, 34.885797 ], [ -82.487659, 34.885057 ], [ -82.489183, 34.88299 ], [ -82.491539, 34.878384 ], [ -82.490529, 34.876964 ], [ -82.487944, 34.875807 ], [ -82.487438, 34.874756 ], [ -82.487094, 34.870856 ], [ -82.488386, 34.869548 ], [ -82.488189, 34.867384 ], [ -82.487059, 34.866384 ], [ -82.487315, 34.863808 ], [ -82.489028, 34.861408 ], [ -82.488013, 34.860354 ], [ -82.484808, 34.860052 ], [ -82.483685, 34.859267 ], [ -82.483001, 34.857942 ], [ -82.484951, 34.854294 ], [ -82.484631, 34.851678 ], [ -82.484985, 34.850992 ], [ -82.485604, 34.848121 ], [ -82.484659, 34.844364 ], [ -82.487985, 34.842636 ], [ -82.489146, 34.841123 ], [ -82.48693, 34.839857 ], [ -82.484079, 34.840297 ], [ -82.483349, 34.842581 ], [ -82.480773, 34.84253 ], [ -82.480313, 34.840546 ], [ -82.480567, 34.839644 ], [ -82.486734, 34.836804 ], [ -82.487544, 34.834941 ], [ -82.486329, 34.833286 ], [ -82.487079, 34.832139 ], [ -82.487193, 34.831983 ], [ -82.486993, 34.830569 ], [ -82.485611, 34.829607 ], [ -82.483016, 34.83042 ], [ -82.480549, 34.830268 ], [ -82.476366, 34.827934 ], [ -82.478581, 34.824545 ], [ -82.48053, 34.824014 ], [ -82.481425, 34.823658 ], [ -82.482808, 34.823685 ], [ -82.485408, 34.821586 ], [ -82.487034, 34.819004 ], [ -82.486412, 34.817898 ], [ -82.485093, 34.819357 ], [ -82.484719, 34.817772 ], [ -82.482097, 34.815967 ], [ -82.479922, 34.813548 ], [ -82.477708, 34.811678 ], [ -82.475763, 34.811241 ], [ -82.475129, 34.810428 ], [ -82.47538, 34.808374 ], [ -82.473824, 34.807119 ], [ -82.476679, 34.803285 ], [ -82.476579, 34.802182 ], [ -82.475256, 34.80196 ], [ -82.474241, 34.803265 ], [ -82.472082, 34.804136 ], [ -82.470367, 34.803597 ], [ -82.468113, 34.801862 ], [ -82.469309, 34.800575 ], [ -82.469655, 34.799188 ], [ -82.469349, 34.798126 ], [ -82.467991, 34.79717 ], [ -82.466126, 34.797457 ], [ -82.464135, 34.796632 ], [ -82.460939, 34.796664 ], [ -82.460734, 34.795964 ], [ -82.462147, 34.794603 ], [ -82.462248, 34.792964 ], [ -82.458892, 34.788317 ], [ -82.459508, 34.78669 ], [ -82.458688, 34.784626 ], [ -82.459732, 34.78161 ], [ -82.458397, 34.779177 ], [ -82.458249, 34.779078 ], [ -82.455037, 34.777218 ], [ -82.452081, 34.776427 ], [ -82.451453, 34.768789 ], [ -82.45454, 34.76461 ], [ -82.457095, 34.761618 ], [ -82.455458, 34.758795 ], [ -82.455517, 34.757717 ], [ -82.45836, 34.755609 ], [ -82.458096, 34.753776 ], [ -82.455144, 34.750683 ], [ -82.455269, 34.750221 ], [ -82.458639, 34.748033 ], [ -82.460069, 34.745926 ], [ -82.463426, 34.744885 ], [ -82.46325, 34.743728 ], [ -82.460443, 34.741748 ], [ -82.459417, 34.739928 ], [ -82.459746, 34.738865 ], [ -82.462664, 34.737829 ], [ -82.463495, 34.73676 ], [ -82.463424, 34.734087 ], [ -82.464211, 34.731003 ], [ -82.464443, 34.72484 ], [ -82.465538, 34.72124 ], [ -82.464667, 34.719063 ], [ -82.46495, 34.717102 ], [ -82.463789, 34.716402 ], [ -82.459299, 34.715651 ], [ -82.45741, 34.71424 ], [ -82.456998, 34.710823 ], [ -82.458708, 34.709038 ], [ -82.459749, 34.708726 ], [ -82.462688, 34.710977 ], [ -82.464491, 34.710327 ], [ -82.465166, 34.708799 ], [ -82.465403, 34.706023 ], [ -82.465334, 34.705364 ], [ -82.462974, 34.704039 ], [ -82.462952, 34.701607 ], [ -82.456878, 34.699522 ], [ -82.458472, 34.697235 ], [ -82.461937, 34.696071 ], [ -82.462911, 34.694842 ], [ -82.4631, 34.693437 ], [ -82.46172, 34.691398 ], [ -82.458703, 34.690854 ], [ -82.459039, 34.68865 ], [ -82.463864, 34.685628 ], [ -82.459445, 34.683816 ], [ -82.457425, 34.682343 ], [ -82.456701, 34.680259 ], [ -82.4578, 34.678383 ], [ -82.457643, 34.677501 ], [ -82.458808, 34.672651 ], [ -82.461709, 34.671232 ], [ -82.464645, 34.67237 ], [ -82.465018, 34.671753 ], [ -82.463213, 34.669671 ], [ -82.46499, 34.667791 ], [ -82.467042, 34.667963 ], [ -82.467709, 34.66705 ], [ -82.466503, 34.665184 ], [ -82.464039, 34.664414 ], [ -82.463036, 34.660367 ], [ -82.465048, 34.658293 ], [ -82.463132, 34.655773 ], [ -82.461877, 34.655463 ], [ -82.457465, 34.657487 ], [ -82.455894, 34.657279 ], [ -82.456221, 34.653682 ], [ -82.457294, 34.650729 ], [ -82.454841, 34.64851 ], [ -82.455201, 34.645051 ], [ -82.454324, 34.643306 ], [ -82.449636, 34.639973 ], [ -82.449649, 34.636769 ], [ -82.453451, 34.636373 ], [ -82.452149, 34.630771 ], [ -82.453849, 34.626723 ], [ -82.452935, 34.62377 ], [ -82.450975, 34.623454 ], [ -82.448583, 34.624479 ], [ -82.446717, 34.623372 ], [ -82.449762, 34.619316 ], [ -82.449407, 34.617733 ], [ -82.447679, 34.61635 ], [ -82.44393, 34.615186 ], [ -82.443598, 34.613791 ], [ -82.441681, 34.612076 ], [ -82.438525, 34.611875 ], [ -82.438225, 34.610704 ], [ -82.439044, 34.609884 ], [ -82.442651, 34.609085 ], [ -82.444276, 34.608372 ], [ -82.443825, 34.607277 ], [ -82.442388, 34.606202 ], [ -82.440701, 34.605821 ], [ -82.438942, 34.606464 ], [ -82.435927, 34.605105 ], [ -82.43439, 34.603545 ], [ -82.428348, 34.59887 ], [ -82.428386, 34.597192 ], [ -82.429981, 34.595126 ], [ -82.429551, 34.592387 ], [ -82.428033, 34.592354 ], [ -82.427385, 34.591315 ], [ -82.427728, 34.589638 ], [ -82.42722, 34.588364 ], [ -82.425024, 34.588136 ], [ -82.423362, 34.587215 ], [ -82.424002, 34.584587 ], [ -82.423254, 34.581083 ], [ -82.421557, 34.578331 ], [ -82.421615, 34.577117 ], [ -82.424658, 34.575702 ], [ -82.425886, 34.573956 ], [ -82.425348, 34.573094 ], [ -82.42288, 34.572369 ], [ -82.419485, 34.568664 ], [ -82.418293, 34.563323 ], [ -82.420236, 34.560933 ], [ -82.420243, 34.559096 ], [ -82.419637, 34.557133 ], [ -82.418829, 34.555879 ], [ -82.417293, 34.55345 ], [ -82.412604, 34.548455 ], [ -82.409997, 34.546632 ], [ -82.405637, 34.54504 ], [ -82.402726, 34.544944 ], [ -82.397164, 34.544016 ], [ -82.394278, 34.544254 ], [ -82.392291, 34.543735 ], [ -82.39058, 34.541561 ], [ -82.386344, 34.539333 ], [ -82.385182, 34.538086 ], [ -82.383946, 34.534921 ], [ -82.380281, 34.53143 ], [ -82.376691, 34.529276 ], [ -82.3763, 34.527135 ], [ -82.375833, 34.526507 ], [ -82.372204, 34.52531 ], [ -82.371705, 34.522892 ], [ -82.370547, 34.521831 ], [ -82.365347, 34.519874 ], [ -82.364923, 34.51665 ], [ -82.364221, 34.515438 ], [ -82.357439, 34.51311 ], [ -82.354733, 34.513244 ], [ -82.352659, 34.511075 ], [ -82.351118, 34.510193 ], [ -82.349398, 34.509359 ], [ -82.348275, 34.511589 ], [ -82.347335, 34.512255 ], [ -82.344029, 34.512231 ], [ -82.343499, 34.510637 ], [ -82.345219, 34.507956 ], [ -82.345205, 34.506909 ], [ -82.343806, 34.504547 ], [ -82.344104, 34.502363 ], [ -82.34378, 34.499996 ], [ -82.342383, 34.499356 ], [ -82.341943, 34.500607 ], [ -82.338928, 34.501834 ], [ -82.337064, 34.501769 ], [ -82.333204, 34.499671 ], [ -82.331645, 34.497454 ], [ -82.3273, 34.495741 ], [ -82.325886, 34.493787 ], [ -82.326378, 34.491426 ], [ -82.325877, 34.490723 ], [ -82.321714, 34.490902 ], [ -82.319433, 34.490113 ], [ -82.31973, 34.487794 ], [ -82.318698, 34.485639 ], [ -82.316515, 34.486292 ], [ -82.314357, 34.485361 ], [ -82.313871, 34.484335 ], [ -82.313204, 34.48477 ], [ -82.289306, 34.500336 ], [ -82.288891, 34.5006 ], [ -82.265485, 34.515905 ], [ -82.236063, 34.535348 ], [ -82.235721, 34.54949 ], [ -82.234779, 34.588815 ], [ -82.229643, 34.600955 ], [ -82.225406, 34.61096 ], [ -82.216266, 34.632546 ], [ -82.210778, 34.645502 ], [ -82.205508, 34.657949 ], [ -82.197668, 34.676431 ], [ -82.19764, 34.676496 ], [ -82.197612, 34.676562 ], [ -82.197429, 34.676994 ], [ -82.193134, 34.68643 ], [ -82.187486, 34.698397 ], [ -82.185184, 34.703248 ], [ -82.184208, 34.705313 ], [ -82.181375, 34.711288 ], [ -82.18052, 34.713094 ], [ -82.178884, 34.716549 ], [ -82.17784, 34.718755 ], [ -82.173731, 34.727438 ], [ -82.163573, 34.748289 ], [ -82.145587, 34.785208 ], [ -82.147846, 34.786122 ], [ -82.151318, 34.781812 ], [ -82.153492, 34.782033 ], [ -82.154188, 34.784563 ], [ -82.152983, 34.787495 ], [ -82.156872, 34.790042 ], [ -82.15698, 34.792402 ], [ -82.159498, 34.790311 ], [ -82.161413, 34.793104 ], [ -82.165175, 34.796537 ], [ -82.166259, 34.797879 ], [ -82.168809, 34.797146 ], [ -82.16845, 34.799093 ], [ -82.170162, 34.802628 ], [ -82.166402, 34.802973 ], [ -82.165803, 34.8023 ], [ -82.162903, 34.80209 ], [ -82.162503, 34.802604 ], [ -82.164629, 34.805244 ], [ -82.165228, 34.806945 ], [ -82.171286, 34.80538 ], [ -82.173418, 34.805958 ], [ -82.173159, 34.809242 ], [ -82.174705, 34.811997 ], [ -82.177019, 34.814833 ], [ -82.18155, 34.819875 ], [ -82.184377, 34.821991 ], [ -82.18784, 34.825684 ], [ -82.188765, 34.82671 ], [ -82.190509, 34.828113 ], [ -82.190499, 34.829141 ], [ -82.190848, 34.829583 ], [ -82.193625, 34.832052 ], [ -82.19578, 34.835006 ], [ -82.196765, 34.83568 ], [ -82.197314, 34.835931 ], [ -82.197888, 34.83633 ], [ -82.199745, 34.837635 ], [ -82.20031, 34.837867 ], [ -82.201075, 34.838029 ], [ -82.201587, 34.838095 ], [ -82.201903, 34.838078 ], [ -82.202056, 34.838022 ], [ -82.202502, 34.83774 ], [ -82.202682, 34.837678 ], [ -82.202942, 34.837659 ], [ -82.20325, 34.83781 ], [ -82.20426, 34.839063 ], [ -82.207889, 34.841334 ], [ -82.208061, 34.841442 ], [ -82.208495, 34.841555 ], [ -82.209354, 34.841634 ], [ -82.209676, 34.841743 ], [ -82.209999, 34.842003 ], [ -82.210674, 34.842764 ], [ -82.21105, 34.845076 ], [ -82.21335, 34.847223 ], [ -82.21523, 34.847826 ], [ -82.217869, 34.850417 ], [ -82.219441, 34.853392 ], [ -82.222123, 34.853861 ], [ -82.223524, 34.85167 ], [ -82.225877, 34.850133 ], [ -82.226416, 34.850439 ], [ -82.226325, 34.852488 ], [ -82.224704, 34.855525 ], [ -82.226089, 34.856614 ], [ -82.225506, 34.871147 ], [ -82.225816, 34.871476 ], [ -82.225483, 34.871629 ], [ -82.225434, 34.872628 ], [ -82.224852, 34.884329 ], [ -82.22415, 34.8985 ], [ -82.223961, 34.902253 ], [ -82.223919, 34.903137 ], [ -82.223764, 34.906253 ], [ -82.223704, 34.907502 ], [ -82.223595, 34.909664 ], [ -82.223508, 34.9114 ], [ -82.224461, 34.912256 ], [ -82.223418, 34.913228 ], [ -82.223302, 34.915563 ], [ -82.223277, 34.916077 ], [ -82.223035, 34.920925 ], [ -82.2227, 34.927976 ], [ -82.222485, 34.935386 ], [ -82.22248, 34.935523 ], [ -82.222417, 34.936434 ], [ -82.221987, 34.947998 ], [ -82.221913, 34.950975 ], [ -82.221842, 34.953901 ], [ -82.221783, 34.956397 ], [ -82.221715, 34.959184 ], [ -82.221586, 34.964308 ], [ -82.221517, 34.967321 ], [ -82.221487, 34.968631 ], [ -82.221379, 34.972869 ], [ -82.221108, 34.984106 ], [ -82.220535, 34.988079 ], [ -82.220093, 34.988411 ], [ -82.220293, 34.98865 ], [ -82.220567, 34.989161 ], [ -82.220728, 34.989755 ], [ -82.220966, 34.990139 ], [ -82.220944, 34.990876 ], [ -82.220746, 34.998933 ], [ -82.220369, 35.013239 ], [ -82.219688, 35.03764 ], [ -82.219686, 35.03772 ], [ -82.21961, 35.040496 ], [ -82.219073, 35.059869 ], [ -82.21861, 35.077104 ], [ -82.21818, 35.091846 ], [ -82.21759, 35.11602 ], [ -82.217061, 35.141505 ], [ -82.216081, 35.189257 ], [ -82.21594, 35.1960294 ], [ -82.216217, 35.196044 ], [ -82.2212321, 35.1962965 ], [ -82.2261374, 35.1965435 ], [ -82.230517, 35.196764 ], [ -82.230915, 35.196784 ], [ -82.2384544, 35.1973089 ], [ -82.2429529, 35.1976221 ], [ -82.257515, 35.198636 ], [ -82.27492, 35.200071 ], [ -82.2785617, 35.1999689 ], [ -82.282516, 35.199858 ], [ -82.288453, 35.198605 ], [ -82.2898041, 35.1978923 ], [ -82.2926824, 35.1963742 ], [ -82.295354, 35.194965 ], [ -82.307166, 35.193012 ], [ -82.3135258, 35.1914231 ], [ -82.314863, 35.191089 ], [ -82.315871, 35.190678 ], [ -82.317871, 35.187858 ], [ -82.32335, 35.184789 ], [ -82.326917, 35.185056 ], [ -82.330549, 35.186767 ], [ -82.330779, 35.189032 ], [ -82.332975, 35.190645 ], [ -82.333934, 35.190661 ], [ -82.338013, 35.18901 ], [ -82.339508, 35.18893 ], [ -82.340133, 35.189188 ], [ -82.341194, 35.19151 ], [ -82.344554, 35.193115 ], [ -82.350086, 35.192858 ], [ -82.3536543, 35.1922226 ], [ -82.361469, 35.190831 ], [ -82.363256, 35.189639 ], [ -82.363554, 35.188001 ], [ -82.363479, 35.186214 ], [ -82.364299, 35.184725 ], [ -82.36899, 35.181747 ], [ -82.371298, 35.181449 ], [ -82.373218, 35.182201 ], [ -82.376808, 35.184427 ], [ -82.379712, 35.186884 ], [ -82.382217, 35.189593 ], [ -82.382594, 35.192493 ], [ -82.381386, 35.193974 ], [ -82.379191, 35.195894 ], [ -82.378744, 35.198053 ], [ -82.380524, 35.202276 ], [ -82.383776, 35.207646 ], [ -82.384029, 35.210542 ], [ -82.39018, 35.2151989 ], [ -82.390439, 35.215395 ], [ -82.39293, 35.215402 ], [ -82.395697, 35.213214 ], [ -82.403348, 35.204473 ], [ -82.411301, 35.202483 ], [ -82.417597, 35.200131 ], [ -82.419744, 35.198613 ], [ -82.424461, 35.193092 ], [ -82.4277552, 35.1839067 ], [ -82.428, 35.183224 ], [ -82.425815, 35.18208 ], [ -82.425962, 35.18104 ], [ -82.426805, 35.178918 ], [ -82.428344, 35.178739 ], [ -82.430666, 35.178298 ], [ -82.431686, 35.176413 ], [ -82.431373, 35.173864 ], [ -82.431853, 35.172718 ], [ -82.433735, 35.171805 ], [ -82.435156, 35.169932 ], [ -82.434676, 35.168279 ], [ -82.4347519, 35.1682367 ], [ -82.435689, 35.167715 ], [ -82.437675, 35.167793 ], [ -82.439595, 35.165863 ], [ -82.439827400000013, 35.1658767 ], [ -82.443623, 35.166101 ], [ -82.448073, 35.165217 ], [ -82.450465, 35.166118 ], [ -82.457128, 35.16395 ], [ -82.457636, 35.166837 ], [ -82.454827, 35.170082 ], [ -82.451609, 35.172699 ], [ -82.4518708, 35.1730773 ], [ -82.4523439, 35.1737608 ], [ -82.4523676, 35.1737951 ], [ -82.452987, 35.17469 ], [ -82.454309, 35.177414 ], [ -82.455609, 35.177425 ], [ -82.460092, 35.178143 ], [ -82.467991, 35.174633 ], [ -82.472313, 35.174619 ], [ -82.476136, 35.175486 ], [ -82.483937, 35.173798 ], [ -82.487357, 35.172494 ], [ -82.490766, 35.169715 ], [ -82.495016, 35.164512 ], [ -82.498464, 35.162954 ], [ -82.50368, 35.165926 ], [ -82.504943, 35.165725 ], [ -82.506137, 35.163894 ], [ -82.507914, 35.162406 ], [ -82.511541, 35.163271 ], [ -82.513087, 35.163093 ], [ -82.516044, 35.163442 ], [ -82.51691, 35.163029 ], [ -82.517284, 35.162643 ], [ -82.518874, 35.162219 ], [ -82.51921, 35.161044 ], [ -82.519926, 35.159105 ], [ -82.521403, 35.158851 ], [ -82.52593, 35.156749 ], [ -82.529973, 35.155617 ], [ -82.532091, 35.156005 ], [ -82.535096, 35.154766 ], [ -82.536474, 35.154783 ], [ -82.537338, 35.1562 ], [ -82.535967, 35.158664 ], [ -82.536218, 35.159259 ], [ -82.536747, 35.160091 ], [ -82.540576, 35.161276 ], [ -82.541642, 35.162073 ], [ -82.545051, 35.162312 ], [ -82.546374, 35.163731 ], [ -82.547444, 35.162439 ], [ -82.549907, 35.161584 ], [ -82.55327, 35.161653 ], [ -82.555758, 35.159346 ], [ -82.556165, 35.15784 ], [ -82.554871, 35.154639 ], [ -82.55333, 35.153493 ], [ -82.556168, 35.151736 ], [ -82.558593, 35.150928 ], [ -82.560807, 35.151644 ], [ -82.563767, 35.151575 ], [ -82.566193, 35.150119 ], [ -82.567486, 35.147694 ], [ -82.569912, 35.145268 ], [ -82.5741676, 35.1436658 ], [ -82.5772668, 35.142499 ], [ -82.578316, 35.142104 ], [ -82.580687, 35.141742 ], [ -82.581836, 35.142352 ], [ -82.586035, 35.143142 ], [ -82.588158, 35.142928 ], [ -82.59243, 35.139002 ], [ -82.59814, 35.137729 ], [ -82.602358, 35.139036 ], [ -82.609706, 35.139039 ], [ -82.612444, 35.138234 ], [ -82.613866, 35.137529 ], [ -82.614402, 35.136701 ], [ -82.617993, 35.13527 ], [ -82.621185, 35.134635 ], [ -82.624847, 35.130432 ], [ -82.626436, 35.127903 ], [ -82.629031, 35.126155 ], [ -82.632574, 35.125833 ], [ -82.636236, 35.125495 ], [ -82.635834, 35.12761 ], [ -82.636749, 35.129319 ], [ -82.636477, 35.130357 ], [ -82.6390675, 35.1301354 ], [ -82.640159, 35.130042 ], [ -82.641042, 35.132319 ], [ -82.643306, 35.130435 ], [ -82.645295, 35.126807 ], [ -82.648694, 35.12677 ], [ -82.652191, 35.126047 ], [ -82.651753, 35.123363 ], [ -82.65351, 35.121968 ], [ -82.657858, 35.119392 ], [ -82.662381, 35.118123 ], [ -82.667972, 35.118788 ], [ -82.66905, 35.120616 ], [ -82.669967, 35.119854 ], [ -82.673272, 35.11748 ], [ -82.674457, 35.118474 ], [ -82.673318, 35.121002 ], [ -82.673282, 35.123389 ], [ -82.674615, 35.126435 ], [ -82.676555, 35.126795 ], [ -82.6789381, 35.1273425 ], [ -82.681443, 35.127918 ], [ -82.683625, 35.125833 ], [ -82.687084, 35.125116 ], [ -82.686496, 35.121822 ], [ -82.686738, 35.11979 ], [ -82.687641, 35.119287 ], [ -82.692445, 35.118669 ], [ -82.693552, 35.116879 ], [ -82.694626, 35.114735 ], [ -82.693257, 35.113048 ], [ -82.690711, 35.111501 ], [ -82.687282, 35.110667 ], [ -82.687164, 35.109309 ], [ -82.686484, 35.108164 ], [ -82.688456, 35.106347 ], [ -82.689122, 35.1050862 ], [ -82.689634, 35.104117 ], [ -82.694898, 35.098456 ], [ -82.697677, 35.095726 ], [ -82.69878, 35.09572 ], [ -82.699196, 35.096998 ], [ -82.700496, 35.100759 ], [ -82.702153, 35.099108 ], [ -82.705444, 35.098023 ], [ -82.707152, 35.096542 ], [ -82.715297, 35.092943 ], [ -82.720442, 35.093265 ], [ -82.723462, 35.094341 ], [ -82.72701, 35.094142 ], [ -82.728961, 35.091978 ], [ -82.729517, 35.09059 ], [ -82.730109, 35.088281 ], [ -82.732172, 35.086781 ], [ -82.734005, 35.085468 ], [ -82.735904, 35.082701 ], [ -82.738379, 35.079453 ], [ -82.743255, 35.078692 ], [ -82.748879, 35.081093 ], [ -82.751813, 35.079892 ], [ -82.752303, 35.076891 ], [ -82.751265, 35.073463 ], [ -82.754162, 35.069629 ], [ -82.757704, 35.068019 ], [ -82.7641, 35.0681685 ], [ -82.763008, 35.064931 ] ] ] ] } },
{ "type": "Feature", "properties": { "STATEFP": "45", "COUNTYFP": "033", "COUNTYNS": "01247993", "GEOIDFQ": "0500000US45033", "GEOID": "45033", "NAME": "Dillon", "NAMELSAD": "Dillon County", "STUSPS": "SC", "STATE_NAME": "South Carolina", "LSAD": "06", "ALAND": 1049143220.0, "AWATER": 4515866.0, "STATE_NAME_HYPHEN": "South-Carolina" }, "geometry": { "type": "MultiPolygon", "coordinates": [ [ [ [ -79.631124, 34.296848 ], [ -79.629669, 34.297454 ], [ -79.627748, 34.300554 ], [ -79.626583, 34.300944 ], [ -79.62386, 34.300556 ], [ -79.617609, 34.297171 ], [ -79.616248, 34.296332 ], [ -79.611634, 34.294597 ], [ -79.607718, 34.292693 ], [ -79.601003, 34.290532 ], [ -79.598974, 34.289222 ], [ -79.595133, 34.286005 ], [ -79.589701, 34.28317 ], [ -79.587191, 34.281382 ], [ -79.583636, 34.276909 ], [ -79.580171, 34.274216 ], [ -79.576663, 34.272587 ], [ -79.57416, 34.269365 ], [ -79.571557, 34.26267 ], [ -79.56902, 34.260632 ], [ -79.56761, 34.26 ], [ -79.562077, 34.258517 ], [ -79.561567, 34.257944 ], [ -79.560686, 34.255943 ], [ -79.559828, 34.251284 ], [ -79.557306, 34.246501 ], [ -79.555487, 34.241784 ], [ -79.55145, 34.236608 ], [ -79.549312, 34.234172 ], [ -79.54793, 34.230913 ], [ -79.5466, 34.231146 ], [ -79.546685, 34.23406 ], [ -79.551138, 34.240106 ], [ -79.552785, 34.243124 ], [ -79.553334, 34.245185 ], [ -79.554711, 34.247016 ], [ -79.55428, 34.247604 ], [ -79.550468, 34.247845 ], [ -79.547641, 34.248801 ], [ -79.541989, 34.247905 ], [ -79.541465, 34.24843 ], [ -79.531272, 34.250158 ], [ -79.524424, 34.251585 ], [ -79.522102, 34.257911 ], [ -79.520141, 34.258257 ], [ -79.518705, 34.257194 ], [ -79.514335, 34.256995 ], [ -79.512375, 34.257451 ], [ -79.509062, 34.259403 ], [ -79.503153, 34.265243 ], [ -79.501329, 34.267713 ], [ -79.501076, 34.268945 ], [ -79.498133, 34.271987 ], [ -79.496288, 34.274819 ], [ -79.492263, 34.275788 ], [ -79.489169, 34.277474 ], [ -79.487031, 34.277287 ], [ -79.4791, 34.278595 ], [ -79.480712, 34.288081 ], [ -79.473672, 34.288517 ], [ -79.470203, 34.290574 ], [ -79.468489, 34.28978 ], [ -79.466839, 34.288995 ], [ -79.44015, 34.292831 ], [ -79.428105, 34.294565 ], [ -79.416027, 34.29866 ], [ -79.41104, 34.300172 ], [ -79.409172, 34.299904 ], [ -79.404643, 34.30051 ], [ -79.392274, 34.300456 ], [ -79.380264, 34.300572 ], [ -79.364655, 34.29584 ], [ -79.345784, 34.287332 ], [ -79.333343, 34.281741 ], [ -79.330702, 34.280814 ], [ -79.305384, 34.269307 ], [ -79.294397, 34.276994 ], [ -79.29067, 34.274475 ], [ -79.287801, 34.274269 ], [ -79.285401, 34.273146 ], [ -79.282367, 34.27271 ], [ -79.279553, 34.271084 ], [ -79.278947, 34.270053 ], [ -79.276795, 34.269504 ], [ -79.274698, 34.270259 ], [ -79.271857, 34.269754 ], [ -79.270566, 34.268313 ], [ -79.268559, 34.26728 ], [ -79.266125, 34.265425 ], [ -79.264469, 34.263087 ], [ -79.259536, 34.259031 ], [ -79.255647, 34.260105 ], [ -79.251014, 34.257308 ], [ -79.247828, 34.257083 ], [ -79.244741, 34.255438 ], [ -79.239444, 34.25434 ], [ -79.236494, 34.255876 ], [ -79.235031, 34.255831 ], [ -79.23379, 34.25677 ], [ -79.230511, 34.256723 ], [ -79.228083, 34.258076 ], [ -79.22083, 34.258972 ], [ -79.219394, 34.258789 ], [ -79.21432, 34.255539 ], [ -79.21347, 34.256148 ], [ -79.21214, 34.257103 ], [ -79.185981, 34.277688 ], [ -79.174726, 34.286538 ], [ -79.173475, 34.287534 ], [ -79.131004, 34.255485 ], [ -79.128165, 34.253652 ], [ -79.126564, 34.254087 ], [ -79.125209, 34.253239 ], [ -79.124379, 34.254021 ], [ -79.125294, 34.255575 ], [ -79.126756, 34.256332 ], [ -79.126396, 34.25727 ], [ -79.124006, 34.257685 ], [ -79.121632, 34.25503 ], [ -79.12075, 34.255305 ], [ -79.121082, 34.257435 ], [ -79.120201, 34.259358 ], [ -79.117664, 34.25952 ], [ -79.117334, 34.260894 ], [ -79.11568, 34.261673 ], [ -79.117363, 34.262886 ], [ -79.115543, 34.26275 ], [ -79.115544, 34.264467 ], [ -79.113089, 34.264148 ], [ -79.111407, 34.265866 ], [ -79.110443, 34.269461 ], [ -79.111078, 34.270469 ], [ -79.109782, 34.271156 ], [ -79.109976, 34.272438 ], [ -79.108542, 34.273126 ], [ -79.105756, 34.272417 ], [ -79.105537, 34.275623 ], [ -79.102641, 34.276631 ], [ -79.10049, 34.278189 ], [ -79.100241, 34.275716 ], [ -79.096793, 34.278763 ], [ -79.095827, 34.276977 ], [ -79.093731, 34.277962 ], [ -79.09398, 34.280137 ], [ -79.092243, 34.281146 ], [ -79.092464, 34.282635 ], [ -79.091389, 34.285749 ], [ -79.089816, 34.284009 ], [ -79.088492, 34.283689 ], [ -79.086423, 34.28504 ], [ -79.08863, 34.285612 ], [ -79.08819, 34.28804 ], [ -79.08968, 34.288772 ], [ -79.089349, 34.289597 ], [ -79.086811, 34.289597 ], [ -79.088218, 34.290925 ], [ -79.088219, 34.292345 ], [ -79.086536, 34.29333 ], [ -79.085709, 34.295276 ], [ -79.08477, 34.294177 ], [ -79.083557, 34.294429 ], [ -79.082535, 34.292918 ], [ -79.081348, 34.293766 ], [ -79.078313, 34.292736 ], [ -79.076962, 34.295163 ], [ -79.0779, 34.297224 ], [ -79.076217, 34.297018 ], [ -79.073596, 34.297705 ], [ -79.074204, 34.2994 ], [ -79.0712551, 34.2993124 ], [ -79.1088098, 34.3308769 ], [ -79.1429645, 34.3595837 ], [ -79.143242, 34.359817 ], [ -79.151485, 34.366753 ], [ -79.190739, 34.399751 ], [ -79.192041, 34.40104 ], [ -79.1921545, 34.4011325 ], [ -79.198982, 34.406699 ], [ -79.2014392, 34.4087834 ], [ -79.215993, 34.421129 ], [ -79.2356041, 34.4377638 ], [ -79.244886, 34.445637 ], [ -79.249763, 34.449774 ], [ -79.2750739, 34.4723099 ], [ -79.286703, 34.482664 ], [ -79.2974028, 34.4921903 ], [ -79.306653, 34.500426 ], [ -79.3075041, 34.5011547 ], [ -79.3081301, 34.5016905 ], [ -79.3166113, 34.5089514 ], [ -79.323249, 34.514634 ], [ -79.324854, 34.516282 ], [ -79.331328, 34.521869 ], [ -79.3366369, 34.5264895 ], [ -79.358317, 34.545358 ], [ -79.3656239, 34.5513871 ], [ -79.3657842, 34.5515193 ], [ -79.4141489, 34.5914263 ], [ -79.4195834, 34.5959104 ], [ -79.450034, 34.621036 ], [ -79.460615, 34.602615 ], [ -79.472098, 34.582441 ], [ -79.477355, 34.573239 ], [ -79.506104, 34.523031 ], [ -79.5173, 34.503493 ], [ -79.525742, 34.488194 ], [ -79.545556, 34.453244 ], [ -79.584502, 34.384506 ], [ -79.633413, 34.297994 ], [ -79.631124, 34.296848 ] ] ] ] } },
{ "type": "Feature", "properties": { "STATEFP": "45", "COUNTYFP": "001", "COUNTYNS": "01245666", "GEOIDFQ": "0500000US45001", "GEOID": "45001", "NAME": "Abbeville", "NAMELSAD": "Abbeville County", "STUSPS": "SC", "STATE_NAME": "South Carolina", "LSAD": "06", "ALAND": 1272188737.0, "AWATER": 53216416.0, "STATE_NAME_HYPHEN": "South-Carolina" }, "geometry": { "type": "MultiPolygon", "coordinates": [ [ [ [ -82.741653, 34.209709 ], [ -82.732544, 34.194519 ], [ -82.731698, 34.190735 ], [ -82.732193, 34.181347 ], [ -82.731773, 34.17804 ], [ -82.730415, 34.175327 ], [ -82.725409, 34.169774 ], [ -82.723312, 34.165895 ], [ -82.7211327, 34.16018 ], [ -82.717459, 34.150546 ], [ -82.715333, 34.148203 ], [ -82.70414, 34.141007 ], [ -82.699758, 34.139318 ], [ -82.69553, 34.138815 ], [ -82.692152, 34.138986 ], [ -82.690386, 34.138293 ], [ -82.68629, 34.134454 ], [ -82.67873, 34.132393 ], [ -82.67522, 34.129779 ], [ -82.668277, 34.119784 ], [ -82.666879, 34.113591 ], [ -82.661851, 34.107754 ], [ -82.660322, 34.106897 ], [ -82.658849, 34.103962 ], [ -82.656033, 34.102531 ], [ -82.654233, 34.100634 ], [ -82.648831, 34.099129 ], [ -82.641641, 34.09209 ], [ -82.640259, 34.086541 ], [ -82.643179, 34.080951 ], [ -82.6442357, 34.0799647 ], [ -82.64522, 34.079046 ], [ -82.6455437, 34.0768438 ], [ -82.645661, 34.076046 ], [ -82.643759, 34.072306 ], [ -82.640518, 34.067883 ], [ -82.635437, 34.06509 ], [ -82.633995, 34.064964 ], [ -82.630972, 34.065528 ], [ -82.626963, 34.063457 ], [ -82.624641, 34.060261 ], [ -82.621406, 34.058018 ], [ -82.620384, 34.053917 ], [ -82.619155, 34.051316 ], [ -82.612932, 34.046785 ], [ -82.610611, 34.041458 ], [ -82.607414, 34.038071 ], [ -82.600184, 34.032985 ], [ -82.596008, 34.03093 ], [ -82.594192, 34.028866 ], [ -82.593789, 34.026736 ], [ -82.595534, 34.020479 ], [ -82.595497, 34.015865 ], [ -82.5945006, 34.0139247 ], [ -82.590567, 34.017669 ], [ -82.530462, 34.071919 ], [ -82.528786, 34.07177 ], [ -82.517715, 34.070045 ], [ -82.508826, 34.071852 ], [ -82.500851, 34.071903 ], [ -82.49956, 34.072098 ], [ -82.49911, 34.074044 ], [ -82.495231, 34.076405 ], [ -82.493442, 34.076635 ], [ -82.491626, 34.076202 ], [ -82.489012, 34.077508 ], [ -82.48703, 34.077853 ], [ -82.484725, 34.080485 ], [ -82.483551, 34.081215 ], [ -82.481651, 34.080116 ], [ -82.475751, 34.075917 ], [ -82.474043, 34.075419 ], [ -82.472545, 34.074118 ], [ -82.466049, 34.071018 ], [ -82.46425, 34.069817 ], [ -82.461288, 34.065965 ], [ -82.459582, 34.064955 ], [ -82.456851, 34.064118 ], [ -82.453321, 34.0616 ], [ -82.452707, 34.060344 ], [ -82.399138, 34.058333 ], [ -82.376589, 34.057374 ], [ -82.373937, 34.057939 ], [ -82.326947, 34.06412 ], [ -82.302543, 34.080606 ], [ -82.30198, 34.081069 ], [ -82.268843, 34.107127 ], [ -82.264975, 34.112138 ], [ -82.249795, 34.13452 ], [ -82.249315, 34.135983 ], [ -82.246667, 34.144053 ], [ -82.24453, 34.150588 ], [ -82.240567, 34.163445 ], [ -82.240186, 34.190316 ], [ -82.240122, 34.192167 ], [ -82.241965, 34.198796 ], [ -82.246375, 34.212369 ], [ -82.248241, 34.220551 ], [ -82.252175, 34.225576 ], [ -82.265336, 34.244525 ], [ -82.267939, 34.247401 ], [ -82.278314, 34.258798 ], [ -82.294345, 34.271217 ], [ -82.302401, 34.274702 ], [ -82.307074, 34.275882 ], [ -82.307622, 34.277537 ], [ -82.311026, 34.304546 ], [ -82.310129, 34.306239 ], [ -82.310726, 34.312939 ], [ -82.311412, 34.315697 ], [ -82.311081, 34.320441 ], [ -82.315978, 34.322631 ], [ -82.32077, 34.32342 ], [ -82.32382, 34.325269 ], [ -82.324843, 34.327978 ], [ -82.325715, 34.332935 ], [ -82.328984, 34.3375 ], [ -82.334234, 34.34263 ], [ -82.328608, 34.346776 ], [ -82.314028, 34.358157 ], [ -82.286684, 34.378894 ], [ -82.262225, 34.397573 ], [ -82.246337, 34.409676 ], [ -82.24857, 34.412572 ], [ -82.25197, 34.413103 ], [ -82.252869, 34.41417 ], [ -82.253626, 34.418448 ], [ -82.254404, 34.420151 ], [ -82.257193, 34.419321 ], [ -82.259463, 34.419468 ], [ -82.261431, 34.420938 ], [ -82.262235, 34.422604 ], [ -82.261841, 34.423865 ], [ -82.26032, 34.424803 ], [ -82.260333, 34.425851 ], [ -82.263329, 34.429181 ], [ -82.265025, 34.430514 ], [ -82.266065, 34.433234 ], [ -82.26773, 34.433722 ], [ -82.2709, 34.433423 ], [ -82.273094, 34.433779 ], [ -82.276985, 34.435957 ], [ -82.277797, 34.436734 ], [ -82.278935, 34.439829 ], [ -82.279026, 34.441412 ], [ -82.281461, 34.444505 ], [ -82.284792, 34.445741 ], [ -82.28298, 34.447419 ], [ -82.28317, 34.448311 ], [ -82.287926, 34.453585 ], [ -82.290218, 34.45374 ], [ -82.29388, 34.455238 ], [ -82.295931, 34.456419 ], [ -82.300682, 34.459245 ], [ -82.305022, 34.461287 ], [ -82.308523, 34.464976 ], [ -82.311368, 34.46762 ], [ -82.314544, 34.469625 ], [ -82.314744, 34.47263 ], [ -82.314298, 34.473942 ], [ -82.312466, 34.476332 ], [ -82.313871, 34.484335 ], [ -82.376845, 34.443387 ], [ -82.379037, 34.441967 ], [ -82.387485, 34.436491 ], [ -82.391855, 34.433658 ], [ -82.399899, 34.428444 ], [ -82.431059, 34.408247 ], [ -82.45646, 34.391786 ], [ -82.466296, 34.385412 ], [ -82.509062, 34.357739 ], [ -82.568748, 34.319516 ], [ -82.578511, 34.313315 ], [ -82.603353, 34.297411 ], [ -82.620049, 34.286918 ], [ -82.620871, 34.286416 ], [ -82.662309, 34.261112 ], [ -82.683782, 34.248006 ], [ -82.7420185, 34.2117487 ], [ -82.741653, 34.209709 ] ] ] ] } },
{ "type": "Feature", "properties": { "STATEFP": "45", "COUNTYFP": "039", "COUNTYNS": "01248000", "GEOIDFQ": "0500000US45039", "GEOID": "45039", "NAME": "Fairfield", "NAMELSAD": "Fairfield County", "STUSPS": "SC", "STATE_NAME": "South Carolina", "LSAD": "06", "ALAND": 1777521259.0, "AWATER": 61063162.0, "STATE_NAME_HYPHEN": "South-Carolina" }, "geometry": { "type": "MultiPolygon", "coordinates": [ [ [ [ -81.427545, 34.529482 ], [ -81.426868, 34.527438 ], [ -81.424907, 34.524073 ], [ -81.423846, 34.518017 ], [ -81.423501, 34.512868 ], [ -81.422144, 34.508426 ], [ -81.421139, 34.503224 ], [ -81.421136, 34.501479 ], [ -81.423041, 34.496452 ], [ -81.423241, 34.494379 ], [ -81.42344, 34.492284 ], [ -81.422449, 34.482217 ], [ -81.415977, 34.479515 ], [ -81.414962, 34.477769 ], [ -81.413008, 34.473009 ], [ -81.412494, 34.469879 ], [ -81.412853, 34.467946 ], [ -81.415218, 34.464328 ], [ -81.415757, 34.462078 ], [ -81.420643, 34.456459 ], [ -81.42124, 34.453824 ], [ -81.4196, 34.450825 ], [ -81.416053, 34.445167 ], [ -81.415101, 34.442854 ], [ -81.414395, 34.439131 ], [ -81.411211, 34.433252 ], [ -81.410345, 34.431808 ], [ -81.409956, 34.427391 ], [ -81.406591, 34.421693 ], [ -81.406121, 34.419044 ], [ -81.40624, 34.414488 ], [ -81.40506, 34.411813 ], [ -81.399779, 34.404378 ], [ -81.397948, 34.400933 ], [ -81.397322, 34.392593 ], [ -81.39653, 34.389809 ], [ -81.394845, 34.387098 ], [ -81.389714, 34.383034 ], [ -81.387271, 34.380256 ], [ -81.384674, 34.375141 ], [ -81.383772, 34.372257 ], [ -81.38365, 34.370313 ], [ -81.382693, 34.367183 ], [ -81.3817, 34.365477 ], [ -81.378161, 34.362089 ], [ -81.376719, 34.359748 ], [ -81.374466, 34.35458 ], [ -81.372941, 34.352854 ], [ -81.371459, 34.350403 ], [ -81.370388, 34.345813 ], [ -81.371354, 34.342714 ], [ -81.37153, 34.340693 ], [ -81.37042, 34.337666 ], [ -81.368853, 34.335093 ], [ -81.366611, 34.332149 ], [ -81.365836, 34.330424 ], [ -81.366471, 34.325822 ], [ -81.365177, 34.322745 ], [ -81.363726, 34.32126 ], [ -81.36167, 34.317812 ], [ -81.361278, 34.315938 ], [ -81.358978, 34.310519 ], [ -81.353991, 34.302884 ], [ -81.351539, 34.301518 ], [ -81.346747, 34.300074 ], [ -81.343494, 34.298183 ], [ -81.341154, 34.295407 ], [ -81.33961, 34.292197 ], [ -81.339674, 34.289981 ], [ -81.344285, 34.282736 ], [ -81.34534, 34.279166 ], [ -81.345335, 34.275917 ], [ -81.342297, 34.266928 ], [ -81.341804, 34.266311 ], [ -81.340552, 34.265257 ], [ -81.334963, 34.262355 ], [ -81.330144, 34.259084 ], [ -81.328381, 34.257022 ], [ -81.326843, 34.252814 ], [ -81.324444, 34.249286 ], [ -81.322967, 34.245987 ], [ -81.321072, 34.243731 ], [ -81.318557, 34.24157 ], [ -81.316911, 34.239458 ], [ -81.314184, 34.237715 ], [ -81.310325, 34.236956 ], [ -81.30739, 34.237557 ], [ -81.302471, 34.238132 ], [ -81.296605, 34.237391 ], [ -81.292668, 34.235757 ], [ -81.284113, 34.233033 ], [ -81.279568, 34.230619 ], [ -81.277322, 34.22842 ], [ -81.275716, 34.225332 ], [ -81.273134, 34.222807 ], [ -81.269509, 34.221842 ], [ -81.266315, 34.218893 ], [ -81.264573, 34.215859 ], [ -81.262229, 34.213842 ], [ -81.259293, 34.208939 ], [ -81.258265, 34.207834 ], [ -81.254176, 34.204639 ], [ -81.251273, 34.202946 ], [ -81.247867, 34.202882 ], [ -81.24592, 34.203938 ], [ -81.23599, 34.204639 ], [ -81.230465, 34.205814 ], [ -81.226412, 34.205687 ], [ -81.222991, 34.203965 ], [ -81.221852, 34.20302 ], [ -81.220697, 34.199449 ], [ -81.218735, 34.196796 ], [ -81.213718, 34.195121 ], [ -81.208411, 34.194325 ], [ -81.2052, 34.192332 ], [ -81.201652, 34.188787 ], [ -81.198675, 34.187247 ], [ -81.192131, 34.183438 ], [ -81.184927, 34.177993 ], [ -81.178293, 34.174552 ], [ -81.179258, 34.180107 ], [ -81.179231, 34.184215 ], [ -81.179508, 34.186644 ], [ -81.176834, 34.188389 ], [ -81.173919, 34.189136 ], [ -81.173092, 34.189843 ], [ -81.171934, 34.19254 ], [ -81.168877, 34.194375 ], [ -81.168563, 34.195972 ], [ -81.168431, 34.197653 ], [ -81.17025, 34.200855 ], [ -81.169874, 34.203248 ], [ -81.170988, 34.202898 ], [ -81.171183, 34.203923 ], [ -81.17308, 34.204333 ], [ -81.173426, 34.205576 ], [ -81.172674, 34.206934 ], [ -81.173651, 34.208785 ], [ -81.173515, 34.210703 ], [ -81.175588, 34.211422 ], [ -81.175804, 34.213021 ], [ -81.177413, 34.212864 ], [ -81.177711, 34.214171 ], [ -81.180523, 34.215734 ], [ -81.182101, 34.218126 ], [ -81.181196, 34.220285 ], [ -81.124813, 34.215709 ], [ -81.120507, 34.216051 ], [ -81.114996, 34.215585 ], [ -81.095863, 34.213872 ], [ -81.093232, 34.217603 ], [ -81.088381, 34.21932 ], [ -81.0833, 34.224753 ], [ -81.077753, 34.224907 ], [ -81.077362, 34.221537 ], [ -81.076753, 34.220905 ], [ -81.075099, 34.222692 ], [ -81.07228, 34.224743 ], [ -81.070837, 34.225062 ], [ -81.071393, 34.226827 ], [ -81.07116, 34.230478 ], [ -81.069867, 34.232246 ], [ -81.065085, 34.230637 ], [ -81.063371, 34.22901 ], [ -81.061227, 34.228003 ], [ -81.059764, 34.229757 ], [ -81.059446, 34.231198 ], [ -81.058063, 34.231879 ], [ -81.057546, 34.233655 ], [ -81.055653, 34.232863 ], [ -81.054223, 34.234298 ], [ -81.050986, 34.234292 ], [ -81.047736, 34.235326 ], [ -81.046591, 34.23521 ], [ -81.044744, 34.236672 ], [ -81.042685, 34.236661 ], [ -81.042262, 34.234682 ], [ -81.040621, 34.233114 ], [ -81.039224, 34.232537 ], [ -81.016923, 34.238259 ], [ -81.012181, 34.239501 ], [ -81.009976, 34.240039 ], [ -81.007663, 34.240596 ], [ -81.004633, 34.241322 ], [ -80.999319, 34.242545 ], [ -80.995726, 34.243455 ], [ -80.982038, 34.246811 ], [ -80.961896, 34.252021 ], [ -80.958851, 34.252386 ], [ -80.914911, 34.257848 ], [ -80.909065, 34.258575 ], [ -80.874806, 34.262725 ], [ -80.873899, 34.263012 ], [ -80.825921, 34.26876 ], [ -80.824286, 34.271935 ], [ -80.791063, 34.336209 ], [ -80.777281, 34.362571 ], [ -80.769926, 34.377111 ], [ -80.781444, 34.385855 ], [ -80.783614, 34.38883 ], [ -80.784377, 34.394671 ], [ -80.783612, 34.399535 ], [ -80.781884, 34.402548 ], [ -80.781882, 34.40387 ], [ -80.783207, 34.406485 ], [ -80.788729, 34.410446 ], [ -80.793478, 34.413298 ], [ -80.799058, 34.413962 ], [ -80.805631, 34.413792 ], [ -80.810669, 34.41461 ], [ -80.814901, 34.413844 ], [ -80.820989, 34.412151 ], [ -80.825651, 34.411865 ], [ -80.833215, 34.414825 ], [ -80.838576, 34.418987 ], [ -80.844199, 34.424445 ], [ -80.84899, 34.430116 ], [ -80.856231, 34.4353 ], [ -80.862335, 34.441198 ], [ -80.867267, 34.444587 ], [ -80.870183, 34.449604 ], [ -80.874627, 34.453799 ], [ -80.875642, 34.454047 ], [ -80.879227, 34.457776 ], [ -80.882931, 34.463371 ], [ -80.888246, 34.467874 ], [ -80.896079, 34.483847 ], [ -80.898722, 34.486694 ], [ -80.897195, 34.491675 ], [ -80.895652, 34.493571 ], [ -80.892041, 34.495364 ], [ -80.8875, 34.4954 ], [ -80.885268, 34.496602 ], [ -80.88172, 34.500117 ], [ -80.881254, 34.506319 ], [ -80.880393, 34.51073 ], [ -80.878644, 34.517472 ], [ -80.876174, 34.524995 ], [ -80.875377, 34.529735 ], [ -80.875476, 34.535906 ], [ -80.877491, 34.543146 ], [ -80.884779, 34.543443 ], [ -80.903336, 34.544078 ], [ -80.904554, 34.543987 ], [ -80.950896, 34.545386 ], [ -80.959079, 34.546144 ], [ -80.96401, 34.546435 ], [ -80.970936, 34.546391 ], [ -80.982843, 34.546867 ], [ -80.988496, 34.547314 ], [ -81.004918, 34.548037 ], [ -81.05999, 34.553244 ], [ -81.070913, 34.553599 ], [ -81.120168, 34.556521 ], [ -81.12481, 34.55664 ], [ -81.171142, 34.559372 ], [ -81.276048, 34.565188 ], [ -81.300714, 34.566181 ], [ -81.311555, 34.566775 ], [ -81.422706, 34.572029 ], [ -81.419829, 34.566588 ], [ -81.420126, 34.562613 ], [ -81.421035, 34.559946 ], [ -81.422378, 34.557905 ], [ -81.424304, 34.55599 ], [ -81.424958, 34.55418 ], [ -81.425117, 34.552324 ], [ -81.424575, 34.545644 ], [ -81.425936, 34.541085 ], [ -81.427012, 34.53898 ], [ -81.426179, 34.53677 ], [ -81.426891, 34.533999 ], [ -81.427545, 34.529482 ] ] ] ] } }
]
}
